fold,held_patient,patient_id,sample_id,true_label,cell_probability,cell_pred
1,P1,P1,Pre_P1,1,0.5661981898686981,1
1,P1,P1,Pre_P1,1,0.6448755724156434,1
1,P1,P1,Pre_P1,1,0.12324120642238481,0
1,P1,P1,Pre_P1,1,0.48338261549433253,0
1,P1,P1,Pre_P1,1,0.5402346797278403,1
1,P1,P1,Pre_P1,1,0.45695748843845146,0
1,P1,P1,Pre_P1,1,0.7528740002619847,1
1,P1,P1,Pre_P1,1,0.633161066891963,1
1,P1,P1,Pre_P1,1,0.5144680395521343,1
1,P1,P1,Pre_P1,1,0.608397093183615,1
1,P1,P1,Pre_P1,1,0.4964004647089183,0
1,P1,P1,Pre_P1,1,0.3329333318031721,0
1,P1,P1,Pre_P1,1,0.5580921001582727,1
1,P1,P1,Pre_P1,1,0.5653342566016337,1
1,P1,P1,Pre_P1,1,0.49481709069239727,0
1,P1,P1,Pre_P1,1,0.42622743951890546,0
1,P1,P1,Pre_P1,1,0.7308666553060745,1
1,P1,P1,Pre_P1,1,0.4398594633080516,0
1,P1,P1,Pre_P1,1,0.6570761664314058,1
1,P1,P1,Pre_P1,1,0.6041973759027052,1
1,P1,P1,Pre_P1,1,0.52714880633507,1
1,P1,P1,Pre_P1,1,0.6035990604214754,1
1,P1,P1,Pre_P1,1,0.5092513741473091,1
1,P1,P1,Pre_P1,1,0.4639531800176592,0
1,P1,P1,Pre_P1,1,0.371194978551612,0
1,P1,P1,Pre_P1,1,0.509351557383485,1
1,P1,P1,Pre_P1,1,0.28109994956756207,0
1,P1,P1,Pre_P1,1,0.30703682660262277,0
1,P1,P1,Pre_P1,1,0.34443515278028014,0
1,P1,P1,Pre_P1,1,0.5367252265277803,1
1,P1,P1,Pre_P1,1,0.13868838063679242,0
1,P1,P1,Pre_P1,1,0.727727465001714,1
1,P1,P1,Pre_P1,1,0.26076329557372274,0
1,P1,P1,Pre_P1,1,0.46331035033799484,0
1,P1,P1,Pre_P1,1,0.6245722864380819,1
1,P1,P1,Pre_P1,1,0.7678156582476597,1
1,P1,P1,Pre_P1,1,0.04501189105052085,0
1,P1,P1,Pre_P1,1,0.35882457510125176,0
1,P1,P1,Pre_P1,1,0.6126224636631228,1
1,P1,P1,Pre_P1,1,0.5557141803929553,1
1,P1,P1,Pre_P1,1,0.8704753659066601,1
1,P1,P1,Pre_P1,1,0.5006423968350519,1
1,P1,P1,Pre_P1,1,0.5067245026409481,1
1,P1,P1,Pre_P1,1,0.6227359931610335,1
1,P1,P1,Pre_P1,1,0.3671081805059124,0
1,P1,P1,Pre_P1,1,0.6844761057695212,1
1,P1,P1,Pre_P1,1,0.46646386335668255,0
1,P1,P1,Pre_P1,1,0.3881781237130487,0
1,P1,P1,Pre_P1,1,0.2784254078328529,0
1,P1,P1,Pre_P1,1,0.42434481910537153,0
1,P1,P1,Pre_P1,1,0.6202129173027651,1
1,P1,P1,Pre_P1,1,0.2808607285076439,0
1,P1,P1,Pre_P1,1,0.6375205081892992,1
1,P1,P1,Pre_P1,1,0.33355808789557795,0
1,P1,P1,Pre_P1,1,0.37460439918117366,0
1,P1,P1,Pre_P1,1,0.559464746736609,1
1,P1,P1,Pre_P1,1,0.6680804936694358,1
1,P1,P1,Pre_P1,1,0.10898777849327773,0
1,P1,P1,Pre_P1,1,0.6940999544278643,1
1,P1,P1,Pre_P1,1,0.37094929760821826,0
1,P1,P1,Pre_P1,1,0.29927233236444345,0
1,P1,P1,Pre_P1,1,0.6466711770862971,1
1,P1,P1,Pre_P1,1,0.5387721369811478,1
1,P1,P1,Pre_P1,1,0.7993976132546908,1
1,P1,P1,Pre_P1,1,0.6059235302685643,1
1,P1,P1,Pre_P1,1,0.2789825323182575,0
1,P1,P1,Pre_P1,1,0.7141571154400108,1
1,P1,P1,Pre_P1,1,0.6825025700494243,1
1,P1,P1,Pre_P1,1,0.4325332641538189,0
1,P1,P1,Pre_P1,1,0.8232106597269071,1
1,P1,P1,Pre_P1,1,0.3951147983964621,0
1,P1,P1,Pre_P1,1,0.7272343390553492,1
1,P1,P1,Pre_P1,1,0.2849560310748188,0
1,P1,P1,Pre_P1,1,0.7481742072436569,1
1,P1,P1,Pre_P1,1,0.5871188182767665,1
1,P1,P1,Pre_P1,1,0.20959402535517568,0
1,P1,P1,Pre_P1,1,0.4096422908325207,0
1,P1,P1,Pre_P1,1,0.7247867544434659,1
1,P1,P1,Pre_P1,1,0.26960877795360605,0
1,P1,P1,Pre_P1,1,0.656056453037915,1
1,P1,P1,Pre_P1,1,0.47901488387429897,0
1,P1,P1,Pre_P1,1,0.6403770661300089,1
1,P1,P1,Pre_P1,1,0.7081808046861549,1
1,P1,P1,Pre_P1,1,0.6248711239381036,1
1,P1,P1,Pre_P1,1,0.4917096245080975,0
1,P1,P1,Pre_P1,1,0.6616413068386925,1
1,P1,P1,Pre_P1,1,0.47416984447647725,0
1,P1,P1,Pre_P1,1,0.48938823500621115,0
1,P1,P1,Pre_P1,1,0.5090446184986483,1
1,P1,P1,Pre_P1,1,0.7475061953787699,1
1,P1,P1,Pre_P1,1,0.379857678434649,0
1,P1,P1,Pre_P1,1,0.7114817547455122,1
1,P1,P1,Pre_P1,1,0.6411963587113887,1
1,P1,P1,Pre_P1,1,0.4909827619974657,0
1,P1,P1,Pre_P1,1,0.5862943503063975,1
1,P1,P1,Pre_P1,1,0.41810045328668566,0
1,P1,P1,Pre_P1,1,0.5147839602683992,1
1,P1,P1,Pre_P1,1,0.5121860972996457,1
1,P1,P1,Pre_P1,1,0.3132042760665632,0
1,P1,P1,Pre_P1,1,0.6486394776919691,1
1,P1,P1,Pre_P1,1,0.6495784360416031,1
1,P1,P1,Pre_P1,1,0.5443747409277946,1
1,P1,P1,Pre_P1,1,0.2611978034310977,0
1,P1,P1,Pre_P1,1,0.5228437783925527,1
1,P1,P1,Pre_P1,1,0.1488243816255979,0
1,P1,P1,Pre_P1,1,0.5905931899913229,1
1,P1,P1,Pre_P1,1,0.5670704558303399,1
1,P1,P1,Pre_P1,1,0.4792305745371357,0
1,P1,P1,Pre_P1,1,0.7569888746773714,1
1,P1,P1,Pre_P1,1,0.23476212390557963,0
1,P1,P1,Pre_P1,1,0.5831625794502978,1
1,P1,P1,Pre_P1,1,0.6174611408010645,1
1,P1,P1,Pre_P1,1,0.6653297582894653,1
1,P1,P1,Pre_P1,1,0.5664138095952477,1
1,P1,P1,Pre_P1,1,0.5362412646076025,1
1,P1,P1,Pre_P1,1,0.3681757441813034,0
1,P1,P1,Pre_P1,1,0.5488271943420427,1
1,P1,P1,Pre_P1,1,0.5812197715866018,1
1,P1,P1,Pre_P1,1,0.7573104157595184,1
1,P1,P1,Pre_P1,1,0.43654049106422094,0
1,P1,P1,Pre_P1,1,0.6176721383192485,1
1,P1,P1,Pre_P1,1,0.48221355293100915,0
1,P1,P1,Pre_P1,1,0.5581699846179776,1
1,P1,P1,Pre_P1,1,0.7120221748936124,1
1,P1,P1,Pre_P1,1,0.4746905770491197,0
1,P1,P1,Pre_P1,1,0.32003106257922037,0
1,P1,P1,Pre_P1,1,0.6026516096946694,1
1,P1,P1,Pre_P1,1,0.6480818021417531,1
1,P1,P1,Pre_P1,1,0.5374434603489542,1
1,P1,P1,Pre_P1,1,0.4739194033813827,0
1,P1,P1,Pre_P1,1,0.5824338241249829,1
1,P1,P1,Pre_P1,1,0.8311879673179913,1
1,P1,P1,Pre_P1,1,0.30632680184815797,0
1,P1,P1,Pre_P1,1,0.6925638042835259,1
1,P1,P1,Pre_P1,1,0.5270999295076084,1
1,P1,P1,Pre_P1,1,0.6395232575870753,1
1,P1,P1,Pre_P1,1,0.557879611346862,1
1,P1,P1,Pre_P1,1,0.5268729719586334,1
1,P1,P1,Pre_P1,1,0.6061989581185355,1
1,P1,P1,Pre_P1,1,0.8326486686132508,1
1,P1,P1,Pre_P1,1,0.48597547267382635,0
1,P1,P1,Pre_P1,1,0.35836601719427447,0
1,P1,P1,Pre_P1,1,0.5138879377327786,1
1,P1,P1,Pre_P1,1,0.3520805009332194,0
1,P1,P1,Pre_P1,1,0.44036910228947246,0
1,P1,P1,Pre_P1,1,0.5056438658252642,1
1,P1,P1,Pre_P1,1,0.47653801923861205,0
1,P1,P1,Pre_P1,1,0.7482940206763725,1
1,P1,P1,Pre_P1,1,0.6058021373538911,1
1,P1,P1,Pre_P1,1,0.6648776943058318,1
1,P1,P1,Pre_P1,1,0.3334573655738929,0
1,P1,P1,Pre_P1,1,0.48148500690856344,0
1,P1,P1,Pre_P1,1,0.5937296426211521,1
1,P1,P1,Pre_P1,1,0.7016390568015417,1
1,P1,P1,Pre_P1,1,0.400554902719586,0
1,P1,P1,Pre_P1,1,0.4638423727454809,0
1,P1,P1,Pre_P1,1,0.6361674020753266,1
1,P1,P1,Pre_P1,1,0.6268726516058851,1
1,P1,P1,Pre_P1,1,0.5296536942825751,1
1,P1,P1,Pre_P1,1,0.70134495975822,1
1,P1,P1,Pre_P1,1,0.5675424657717615,1
1,P1,P1,Pre_P1,1,0.4051102181158992,0
1,P1,P1,Pre_P1,1,0.5442219412632092,1
1,P1,P1,Pre_P1,1,0.3840826351178114,0
1,P1,P1,Pre_P1,1,0.6130658244700302,1
1,P1,P1,Pre_P1,1,0.3745058911820829,0
1,P1,P1,Pre_P1,1,0.45884677463719065,0
1,P1,P1,Pre_P1,1,0.6141903263137353,1
1,P1,P1,Pre_P1,1,0.16323750284067218,0
1,P1,P1,Pre_P1,1,0.667488043061895,1
1,P1,P1,Pre_P1,1,0.4496215222504355,0
1,P1,P1,Pre_P1,1,0.6316219980801889,1
1,P1,P1,Pre_P1,1,0.3704232040969298,0
1,P1,P1,Pre_P1,1,0.26914897804025883,0
1,P1,P1,Pre_P1,1,0.2510650844561837,0
1,P1,P1,Pre_P1,1,0.4505462722842484,0
1,P1,P1,Pre_P1,1,0.522472667804998,1
1,P1,P1,Pre_P1,1,0.4686297416825848,0
1,P1,P1,Pre_P1,1,0.6628870831114435,1
1,P1,P1,Pre_P1,1,0.5327427295721533,1
1,P1,P1,Pre_P1,1,0.5901010802604619,1
1,P1,P1,Pre_P1,1,0.7464675550577757,1
1,P1,P1,Pre_P1,1,0.21432096614943583,0
1,P1,P1,Pre_P1,1,0.4228266552063611,0
1,P1,P1,Pre_P1,1,0.6289076291531847,1
1,P1,P1,Pre_P1,1,0.23334199920092283,0
1,P1,P1,Pre_P1,1,0.36792536472081616,0
1,P1,P1,Pre_P1,1,0.6099727622413215,1
1,P1,P1,Pre_P1,1,0.6680576112394871,1
1,P1,P1,Pre_P1,1,0.3810510634717101,0
1,P1,P1,Pre_P1,1,0.4339620604103174,0
1,P1,P1,Pre_P1,1,0.6042772210080588,1
1,P1,P1,Pre_P1,1,0.30726853931376286,0
1,P1,P1,Pre_P1,1,0.4515520930782584,0
1,P1,P1,Pre_P1,1,0.4161955472212861,0
1,P1,P1,Pre_P1,1,0.5650831282664031,1
1,P1,P1,Pre_P1,1,0.3757492984641506,0
1,P1,P1,Pre_P1,1,0.5366592791532488,1
1,P1,P1,Pre_P1,1,0.3851426875976972,0
1,P1,P1,Pre_P1,1,0.21031438487203988,0
1,P1,P1,Pre_P1,1,0.5997334607278663,1
1,P1,P1,Pre_P1,1,0.6222022714709355,1
1,P1,P1,Pre_P1,1,0.5194795465646389,1
1,P1,P1,Pre_P1,1,0.7376465980207542,1
1,P1,P1,Pre_P1,1,0.4724183329697088,0
1,P1,P1,Pre_P1,1,0.539090658667611,1
1,P1,P1,Pre_P1,1,0.4872531839377225,0
1,P1,P1,Pre_P1,1,0.5958355280491213,1
1,P1,P1,Pre_P1,1,0.18226037994381647,0
1,P1,P1,Pre_P1,1,0.4776196248804,0
1,P1,P1,Pre_P1,1,0.5143673844308185,1
1,P1,P1,Pre_P1,1,0.416996693794416,0
1,P1,P1,Pre_P1,1,0.5964758015628381,1
1,P1,P1,Pre_P1,1,0.7054709310325445,1
1,P1,P1,Pre_P1,1,0.5616702175500728,1
1,P1,P1,Pre_P1,1,0.5071535418912344,1
1,P1,P1,Pre_P1,1,0.27817100139947065,0
1,P1,P1,Pre_P1,1,0.37942582107792056,0
1,P1,P1,Pre_P1,1,0.10285448172882329,0
1,P1,P1,Pre_P1,1,0.6711268884128229,1
1,P1,P1,Pre_P1,1,0.4620482560471898,0
1,P1,P1,Pre_P1,1,0.3428555121758467,0
1,P1,P1,Pre_P1,1,0.4619158054686264,0
1,P1,P1,Pre_P1,1,0.6355683839054185,1
1,P1,P1,Pre_P1,1,0.5153170575599835,1
1,P1,P1,Pre_P1,1,0.4447477254288896,0
1,P1,P1,Pre_P1,1,0.5336863547119427,1
1,P1,P1,Pre_P1,1,0.554949329677951,1
1,P1,P1,Pre_P1,1,0.25306550257378324,0
1,P1,P1,Post_P1,1,0.34914424642426317,0
1,P1,P1,Post_P1,1,0.3586762994002855,0
1,P1,P1,Post_P1,1,0.4152976006525407,0
1,P1,P1,Post_P1,1,0.5947540487105851,1
1,P1,P1,Post_P1,1,0.3463572678850874,0
1,P1,P1,Post_P1,1,0.4862900185057103,0
1,P1,P1,Post_P1,1,0.6216607558584075,1
1,P1,P1,Post_P1,1,0.343002192120957,0
1,P1,P1,Post_P1,1,0.6607999731144604,1
1,P1,P1,Post_P1,1,0.7954737512485628,1
1,P1,P1,Post_P1,1,0.6791837520020902,1
1,P1,P1,Post_P1,1,0.6150518052905866,1
1,P1,P1,Post_P1,1,0.5272715256524304,1
1,P1,P1,Post_P1,1,0.532603721001914,1
1,P1,P1,Post_P1,1,0.6979467888556555,1
1,P1,P1,Post_P1,1,0.10379757409545312,0
1,P1,P1,Post_P1,1,0.5684844716184162,1
1,P1,P1,Post_P1,1,0.4879886905852414,0
1,P1,P1,Post_P1,1,0.5524912741329873,1
1,P1,P1,Post_P1,1,0.7147686321308491,1
1,P1,P1,Post_P1,1,0.35153263581094324,0
1,P1,P1,Post_P1,1,0.5618154781446246,1
1,P1,P1,Post_P1,1,0.6621506823182209,1
1,P1,P1,Post_P1,1,0.5343619550131579,1
1,P1,P1,Post_P1,1,0.1888939379419049,0
1,P1,P1,Post_P1,1,0.601066139394702,1
1,P1,P1,Post_P1,1,0.18260951176298806,0
1,P1,P1,Post_P1,1,0.4361736852041685,0
1,P1,P1,Post_P1,1,0.09865742670924807,0
1,P1,P1,Post_P1,1,0.5882067859580989,1
1,P1,P1,Post_P1,1,0.2980016580869268,0
1,P1,P1,Post_P1,1,0.6592023914418752,1
1,P1,P1,Post_P1,1,0.7008547932256476,1
1,P1,P1,Post_P1,1,0.20102306446064308,0
1,P1,P1,Post_P1,1,0.2812182055835833,0
1,P1,P1,Post_P1,1,0.49529097884627005,0
1,P1,P1,Post_P1,1,0.7161168452900547,1
1,P1,P1,Post_P1,1,0.35349288744578866,0
1,P1,P1,Post_P1,1,0.403805367425582,0
1,P1,P1,Post_P1,1,0.7471395856294137,1
1,P1,P1,Post_P1,1,0.5627146659154837,1
1,P1,P1,Post_P1,1,0.5391453160520385,1
1,P1,P1,Post_P1,1,0.7717899569028764,1
1,P1,P1,Post_P1,1,0.6208889572374626,1
1,P1,P1,Post_P1,1,0.6980468742390833,1
1,P1,P1,Post_P1,1,0.6409153420014851,1
1,P1,P1,Post_P1,1,0.44333198815542707,0
1,P1,P1,Post_P1,1,0.5315639012663268,1
1,P1,P1,Post_P1,1,0.5971826623433344,1
1,P1,P1,Post_P1,1,0.40332468384575854,0
1,P1,P1,Post_P1,1,0.2738162603797588,0
1,P1,P1,Post_P1,1,0.42408676956070873,0
1,P1,P1,Post_P1,1,0.7832581072568842,1
1,P1,P1,Post_P1,1,0.5655348391732505,1
1,P1,P1,Post_P1,1,0.7429765957518639,1
1,P1,P1,Post_P1,1,0.34176065571086206,0
1,P1,P1,Post_P1,1,0.4642171693422776,0
1,P1,P1,Post_P1,1,0.4746179125351101,0
1,P1,P1,Post_P1,1,0.5144277492905509,1
1,P1,P1,Post_P1,1,0.3496197763417929,0
1,P1,P1,Post_P1,1,0.34822049892630147,0
1,P1,P1,Post_P1,1,0.6013755221819079,1
1,P1,P1,Post_P1,1,0.7490365170474461,1
1,P1,P1,Post_P1,1,0.5308418468724595,1
1,P1,P1,Post_P1,1,0.32624011168728634,0
1,P1,P1,Post_P1,1,0.6523905589235125,1
1,P1,P1,Post_P1,1,0.42757768642615984,0
1,P1,P1,Post_P1,1,0.6982872463060488,1
1,P1,P1,Post_P1,1,0.7229025785074691,1
1,P1,P1,Post_P1,1,0.40803911740841026,0
1,P1,P1,Post_P1,1,0.5762903790503877,1
1,P1,P1,Post_P1,1,0.4885287317279129,0
1,P1,P1,Post_P1,1,0.4230276003145736,0
1,P1,P1,Post_P1,1,0.47138987776636776,0
1,P1,P1,Post_P1,1,0.6577078589970143,1
1,P1,P1,Post_P1,1,0.5655276017493567,1
1,P1,P1,Post_P1,1,0.5081934872723517,1
1,P1,P1,Post_P1,1,0.4781114118577057,0
1,P1,P1,Post_P1,1,0.6138139274127995,1
1,P1,P1,Post_P1,1,0.26853505141104883,0
1,P1,P1,Post_P1,1,0.462370013054087,0
1,P1,P1,Post_P1,1,0.49757983939578354,0
1,P1,P1,Post_P1,1,0.5356223697042093,1
1,P1,P1,Post_P1,1,0.7005217822649016,1
1,P1,P1,Post_P1,1,0.2993831226901782,0
1,P1,P1,Post_P1,1,0.6770014904914592,1
1,P1,P1,Post_P1,1,0.3742608710949899,0
1,P1,P1,Post_P1,1,0.39042774978781425,0
1,P1,P1,Post_P1,1,0.6662750279030644,1
1,P1,P1,Post_P1,1,0.4113140650122942,0
1,P1,P1,Post_P1,1,0.4412614623850015,0
1,P1,P1,Post_P1,1,0.37183097016843564,0
1,P1,P1,Post_P1,1,0.5436612765288992,1
1,P1,P1,Post_P1,1,0.5428154365687572,1
1,P1,P1,Post_P1,1,0.6930204561317375,1
1,P1,P1,Post_P1,1,0.5585069029980964,1
1,P1,P1,Post_P1,1,0.403222745879149,0
1,P1,P1,Post_P1,1,0.4086375349876479,0
1,P1,P1,Post_P1,1,0.25997540933416946,0
1,P1,P1,Post_P1,1,0.3782126076721485,0
1,P1,P1,Post_P1,1,0.518577227282053,1
1,P1,P1,Post_P1,1,0.592548208583009,1
1,P1,P1,Post_P1,1,0.5611224028265914,1
1,P1,P1,Post_P1,1,0.4706374017299759,0
1,P1,P1,Post_P1,1,0.6313239789245938,1
1,P1,P1,Post_P1,1,0.634742172325454,1
1,P1,P1,Post_P1,1,0.5508444534509606,1
1,P1,P1,Post_P1,1,0.10909581250432362,0
1,P1,P1,Post_P1,1,0.06899444829072003,0
1,P1,P1,Post_P1,1,0.4693129318645617,0
1,P1,P1,Post_P1,1,0.5469894257023842,1
1,P1,P1,Post_P1,1,0.7323006848586524,1
1,P1,P1,Post_P1,1,0.31232300708346605,0
1,P1,P1,Post_P1,1,0.28272419637779234,0
1,P1,P1,Post_P1,1,0.6381087250465661,1
1,P1,P1,Post_P1,1,0.7544967477025752,1
1,P1,P1,Post_P1,1,0.36780225708126846,0
1,P1,P1,Post_P1,1,0.38586168276052096,0
1,P1,P1,Post_P1,1,0.716275053844673,1
1,P1,P1,Post_P1,1,0.4307793406057358,0
1,P1,P1,Post_P1,1,0.43839501381862495,0
1,P1,P1,Post_P1,1,0.2856684564480768,0
1,P1,P1,Post_P1,1,0.3964431718984103,0
1,P1,P1,Post_P1,1,0.5071209393081918,1
1,P1,P1,Post_P1,1,0.6264688572920717,1
1,P1,P1,Post_P1,1,0.5243282541909995,1
1,P1,P1,Post_P1,1,0.5180469218193614,1
1,P1,P1,Post_P1,1,0.5919689286368701,1
1,P1,P1,Post_P1,1,0.25313556674559934,0
1,P1,P1,Post_P1,1,0.48990093649886784,0
1,P1,P1,Post_P1,1,0.18680072992927615,0
1,P1,P1,Post_P1,1,0.3065879847285763,0
1,P1,P1,Post_P1,1,0.5776552722433816,1
1,P1,P1,Post_P1,1,0.566410693078793,1
1,P1,P1,Post_P1,1,0.781486726993425,1
1,P1,P1,Post_P1,1,0.6133297146077303,1
1,P1,P1,Post_P1,1,0.36992648913316134,0
1,P1,P1,Post_P1,1,0.7052397100846501,1
1,P1,P1,Post_P1,1,0.3876630219122714,0
1,P1,P1,Post_P1,1,0.44715184130749575,0
1,P1,P1,Post_P1,1,0.44991915112411496,0
1,P1,P1,Post_P1,1,0.5049835775208243,1
1,P1,P1,Post_P1,1,0.5628798397793539,1
1,P1,P1,Post_P1,1,0.2872108769146883,0
1,P1,P1,Post_P1,1,0.2837164716670878,0
1,P1,P1,Post_P1,1,0.5452745972833424,1
1,P1,P1,Post_P1,1,0.576979201341764,1
1,P1,P1,Post_P1,1,0.5913085100992738,1
1,P1,P1,Post_P1,1,0.6875990816778299,1
1,P1,P1,Post_P1,1,0.3794496198847131,0
1,P1,P1,Post_P1,1,0.23759083170344802,0
1,P1,P1,Post_P1,1,0.6816315400256887,1
1,P1,P1,Post_P1,1,0.304255285865124,0
1,P1,P1,Post_P1,1,0.47396834984056013,0
1,P1,P1,Post_P1,1,0.6852378472299268,1
1,P1,P1,Post_P1,1,0.6895483513953815,1
1,P1,P1,Post_P1,1,0.40639722627866004,0
1,P1,P1,Post_P1,1,0.2997929533562957,0
1,P1,P1,Post_P1,1,0.8341722632083937,1
1,P1,P1,Post_P1,1,0.5274421049574566,1
1,P1,P1,Post_P1,1,0.5747962856423754,1
1,P1,P1,Post_P1,1,0.23915847766294707,0
1,P1,P1,Post_P1,1,0.6862848025804058,1
1,P1,P1,Post_P1,1,0.6687213219864827,1
1,P1,P1,Post_P1,1,0.22770994251798338,0
1,P1,P1,Post_P1,1,0.5611566356492032,1
1,P1,P1,Post_P1,1,0.6771463533531937,1
1,P1,P1,Post_P1,1,0.400766729658228,0
1,P1,P1,Post_P1,1,0.7130658667762025,1
1,P1,P1,Post_P1,1,0.5796186513243524,1
1,P1,P1,Post_P1,1,0.772195209416277,1
1,P1,P1,Post_P1,1,0.2693150654377052,0
1,P1,P1,Post_P1,1,0.5896817636392447,1
1,P1,P1,Post_P1,1,0.2788986532053246,0
1,P1,P1,Post_P1,1,0.6142816964398038,1
1,P1,P1,Post_P1,1,0.3365648104307594,0
1,P1,P1,Post_P1,1,0.5398065033815888,1
1,P1,P1,Post_P1,1,0.495915788566682,0
1,P1,P1,Post_P1,1,0.4752188263982425,0
1,P1,P1,Post_P1,1,0.3044666961263012,0
1,P1,P1,Post_P1,1,0.07520857236651217,0
1,P1,P1,Post_P1,1,0.6348296448696803,1
1,P1,P1,Post_P1,1,0.6643760965481841,1
1,P1,P1,Post_P1,1,0.7240410358473234,1
1,P1,P1,Post_P1,1,0.73183767195908,1
1,P1,P1,Post_P1,1,0.6635156154220887,1
1,P1,P1,Post_P1,1,0.4337850850042348,0
1,P1,P1,Post_P1,1,0.6226398472563307,1
1,P1,P1,Post_P1,1,0.2962311361986753,0
1,P1,P1,Post_P1,1,0.42605598315508664,0
1,P1,P1,Post_P1,1,0.49972133922660894,0
1,P1,P1,Post_P1,1,0.48384432333241256,0
1,P1,P1,Post_P1,1,0.655145268992804,1
1,P1,P1,Post_P1,1,0.6639969056083004,1
1,P1,P1,Post_P1,1,0.8218832403148791,1
1,P1,P1,Post_P1,1,0.510392501587296,1
1,P1,P1,Post_P1,1,0.5883548475674373,1
1,P1,P1,Post_P1,1,0.48857970225272285,0
1,P1,P1,Post_P1,1,0.3090661855126345,0
1,P1,P1,Post_P1,1,0.29526371735875606,0
1,P1,P1,Post_P1,1,0.5102550791255299,1
1,P1,P1,Post_P1,1,0.5060420351877051,1
1,P1,P1,Post_P1,1,0.5710340639240298,1
1,P1,P1,Post_P1,1,0.7827444936699711,1
1,P1,P1,Post_P1,1,0.18601001663980474,0
1,P1,P1,Post_P1,1,0.6686296763924248,1
1,P1,P1,Post_P1,1,0.27187793139021343,0
1,P1,P1,Post_P1,1,0.35969434683740953,0
1,P1,P1,Post_P1,1,0.6962773309553558,1
1,P1,P1,Post_P1,1,0.3744835960089842,0
1,P1,P1,Post_P1,1,0.8451955635522452,1
1,P1,P1,Post_P1,1,0.3124242979373952,0
1,P1,P1,Post_P1,1,0.5942802860519405,1
1,P1,P1,Post_P1,1,0.8035666209709788,1
1,P1,P1,Post_P1,1,0.37558979831641043,0
1,P1,P1,Post_P1,1,0.1942296321488925,0
1,P1,P1,Post_P1,1,0.6084587442959594,1
1,P1,P1,Post_P1,1,0.7050189445348508,1
1,P1,P1,Post_P1,1,0.6530998947302531,1
1,P1,P1,Post_P1,1,0.32060374744160486,0
1,P1,P1,Post_P1,1,0.4615101564185681,0
1,P1,P1,Post_P1,1,0.6273939069744341,1
1,P1,P1,Post_P1,1,0.46766433817469755,0
1,P1,P1,Post_P1,1,0.6726024812231125,1
1,P1,P1,Post_P1,1,0.6802977199191214,1
1,P1,P1,Post_P1,1,0.7151368958158167,1
1,P1,P1,Post_P1,1,0.6620433213027929,1
1,P1,P1,Post_P1,1,0.42341789147510456,0
1,P1,P1,Post_P1,1,0.16604725847506838,0
1,P1,P1,Post_P1,1,0.6685623163702031,1
1,P1,P1,Post_P1,1,0.3547453971642081,0
1,P1,P1,Post_P1,1,0.5093393696102771,1
1,P1,P1,Post_P1,1,0.48275946410010745,0
1,P1,P1,Post_P1,1,0.44894176309390693,0
1,P1,P1,Post_P1,1,0.32343025849108054,0
1,P1,P1,Post_P1,1,0.4111443065093419,0
1,P1,P1,Post_P1,1,0.5158999549689305,1
1,P1,P1,Post_P1,1,0.302498694419368,0
1,P1,P1,Post_P1,1,0.33879824087182014,0
1,P1,P1,Post_P1,1,0.1994859425589152,0
1,P1,P1,Post_P1,1,0.438608487267595,0
1,P1,P1,Post_P1,1,0.5995980363467223,1
1,P1,P1,Post_P1,1,0.4401665427873878,0
1,P1,P1,Post_P1,1,0.7189497070641769,1
1,P1,P1,Post_P1,1,0.36250277957149496,0
1,P1,P1,Post_P1,1,0.3655417530795976,0
1,P1,P1,Post_P1,1,0.5907079861559972,1
1,P1,P1,Post_P1,1,0.4737319334869852,0
1,P1,P1,Post_P1,1,0.4173416378427466,0
1,P1,P1,Post_P1,1,0.7237876978699075,1
1,P1,P1,Post_P1,1,0.16659692484186445,0
1,P1,P1,Post_P1,1,0.8009373985080701,1
1,P1,P1,Post_P1,1,0.4236342723296777,0
1,P1,P1,Post_P1,1,0.5618053293103336,1
1,P1,P1,Post_P1,1,0.5652549879885609,1
1,P1,P1,Post_P1,1,0.7434505243594316,1
1,P1,P1,Post_P1,1,0.4881849939894416,0
1,P1,P1,Post_P1,1,0.4809075158161223,0
1,P1,P1,Post_P1,1,0.5908488118516902,1
1,P1,P1,Post_P1,1,0.5255698192438985,1
1,P1,P1,Post_P1,1,0.6242769890170733,1
1,P1,P1,Post_P1,1,0.4329458062080666,0
1,P1,P1,Post_P1,1,0.5071792390594809,1
1,P1,P1,Post_P1,1,0.4015144922641492,0
1,P1,P1,Post_P1,1,0.38825605999326757,0
1,P1,P1,Post_P1,1,0.37184415810178517,0
1,P1,P1,Post_P1,1,0.6269494306202535,1
1,P1,P1,Post_P1,1,0.4937051149571855,0
1,P1,P1,Post_P1,1,0.5873062104037361,1
1,P1,P1,Post_P1,1,0.6849629144200743,1
1,P1,P1,Post_P1,1,0.23387555343436456,0
1,P1,P1,Post_P1,1,0.597976065302968,1
1,P1,P1,Post_P1,1,0.6914837552883312,1
1,P1,P1,Post_P1,1,0.6011053462034114,1
1,P1,P1,Post_P1,1,0.558206283030867,1
1,P1,P1,Post_P1,1,0.3944400440966813,0
1,P1,P1,Post_P1,1,0.5150809048748468,1
1,P1,P1,Post_P1,1,0.31251922276388905,0
1,P1,P1,Post_P1,1,0.46837188517367756,0
1,P1,P1,Post_P1,1,0.39567794768783926,0
1,P1,P1,Post_P1,1,0.45873344331831645,0
1,P1,P1,Post_P1,1,0.832635580918588,1
1,P1,P1,Post_P1,1,0.504968603041399,1
1,P1,P1,Post_P1,1,0.5604887374926939,1
1,P1,P1,Post_P1,1,0.4063810157483931,0
1,P1,P1,Post_P1,1,0.5128887450275592,1
1,P1,P1,Post_P1,1,0.6529519867670309,1
1,P1,P1,Post_P1,1,0.7491932563159653,1
1,P1,P1,Post_P1,1,0.3082126081595091,0
1,P1,P1,Post_P1,1,0.40353634112973247,0
1,P1,P1,Post_P1,1,0.5863510746416979,1
1,P1,P1,Post_P1_2,0,0.6782274842084915,1
1,P1,P1,Post_P1_2,0,0.5071083388541664,1
1,P1,P1,Post_P1_2,0,0.7951370783195139,1
1,P1,P1,Post_P1_2,0,0.5540476661022208,1
1,P1,P1,Post_P1_2,0,0.5189641322635172,1
1,P1,P1,Post_P1_2,0,0.22876308981684165,0
1,P1,P1,Post_P1_2,0,0.34128387503958907,0
1,P1,P1,Post_P1_2,0,0.6998320499316092,1
1,P1,P1,Post_P1_2,0,0.7116642038032065,1
1,P1,P1,Post_P1_2,0,0.48553356759343785,0
1,P1,P1,Post_P1_2,0,0.6537651967220638,1
1,P1,P1,Post_P1_2,0,0.4754009096049199,0
1,P1,P1,Post_P1_2,0,0.11722954995169568,0
1,P1,P1,Post_P1_2,0,0.620624833849347,1
1,P1,P1,Post_P1_2,0,0.7567728849072416,1
1,P1,P1,Post_P1_2,0,0.6435629033926721,1
1,P1,P1,Post_P1_2,0,0.7956338992487844,1
1,P1,P1,Post_P1_2,0,0.6715448429107258,1
1,P1,P1,Post_P1_2,0,0.2425016359879628,0
1,P1,P1,Post_P1_2,0,0.6463835211438316,1
1,P1,P1,Post_P1_2,0,0.7955184145952257,1
1,P1,P1,Post_P1_2,0,0.31728230575473715,0
1,P1,P1,Post_P1_2,0,0.556074393341594,1
1,P1,P1,Post_P1_2,0,0.5856377287801221,1
1,P1,P1,Post_P1_2,0,0.5709100265672591,1
1,P1,P1,Post_P1_2,0,0.7658400022647989,1
1,P1,P1,Post_P1_2,0,0.6125844254949261,1
1,P1,P1,Post_P1_2,0,0.47020979589265754,0
1,P1,P1,Post_P1_2,0,0.5550016343089589,1
1,P1,P1,Post_P1_2,0,0.5216600625428693,1
1,P1,P1,Post_P1_2,0,0.494820014365983,0
1,P1,P1,Post_P1_2,0,0.338971079925013,0
1,P1,P1,Post_P1_2,0,0.45851168922804925,0
1,P1,P1,Post_P1_2,0,0.4405925715189884,0
1,P1,P1,Post_P1_2,0,0.5694652161539124,1
1,P1,P1,Post_P1_2,0,0.4512859267366023,0
1,P1,P1,Post_P1_2,0,0.3418103320391818,0
1,P1,P1,Post_P1_2,0,0.4312156593532627,0
1,P1,P1,Post_P1_2,0,0.5899270974277389,1
1,P1,P1,Post_P1_2,0,0.519613074916095,1
1,P1,P1,Post_P1_2,0,0.8143168644748981,1
1,P1,P1,Post_P1_2,0,0.7386713765712547,1
1,P1,P1,Post_P1_2,0,0.5960943943751921,1
1,P1,P1,Post_P1_2,0,0.4988716690132163,0
1,P1,P1,Post_P1_2,0,0.4389636315819923,0
1,P1,P1,Post_P1_2,0,0.4295590529202214,0
1,P1,P1,Post_P1_2,0,0.46758441009936696,0
1,P1,P1,Post_P1_2,0,0.7213903651432654,1
1,P1,P1,Post_P1_2,0,0.17499918653099858,0
1,P1,P1,Post_P1_2,0,0.4971454988124292,0
1,P1,P1,Post_P1_2,0,0.3929139896656923,0
1,P1,P1,Post_P1_2,0,0.5014512974071995,1
1,P1,P1,Post_P1_2,0,0.7022359248790727,1
1,P1,P1,Post_P1_2,0,0.36034773910354534,0
1,P1,P1,Post_P1_2,0,0.33200215652872583,0
1,P1,P1,Post_P1_2,0,0.5911700614128138,1
1,P1,P1,Post_P1_2,0,0.3558169025309241,0
1,P1,P1,Post_P1_2,0,0.3506189762491746,0
1,P1,P1,Post_P1_2,0,0.6494875471958337,1
1,P1,P1,Post_P1_2,0,0.8006833726121652,1
1,P1,P1,Post_P1_2,0,0.40155772916697546,0
1,P1,P1,Post_P1_2,0,0.6110897716313429,1
1,P1,P1,Post_P1_2,0,0.7685415277947936,1
1,P1,P1,Post_P1_2,0,0.5642663586813809,1
1,P1,P1,Post_P1_2,0,0.47281604021857493,0
1,P1,P1,Post_P1_2,0,0.2777495568389896,0
1,P1,P1,Post_P1_2,0,0.5567402446581567,1
1,P1,P1,Post_P1_2,0,0.3139905927531625,0
1,P1,P1,Post_P1_2,0,0.5068068438839747,1
1,P1,P1,Post_P1_2,0,0.7822534523265137,1
1,P1,P1,Post_P1_2,0,0.5906406025317837,1
1,P1,P1,Post_P1_2,0,0.7646175941745593,1
1,P1,P1,Post_P1_2,0,0.5418028213034869,1
1,P1,P1,Post_P1_2,0,0.8219174285380172,1
1,P1,P1,Post_P1_2,0,0.467506613017242,0
1,P1,P1,Post_P1_2,0,0.46489217512095055,0
1,P1,P1,Post_P1_2,0,0.639528734403892,1
1,P1,P1,Post_P1_2,0,0.5934469913763142,1
1,P1,P1,Post_P1_2,0,0.7483377701953605,1
1,P1,P1,Post_P1_2,0,0.5499752343876234,1
1,P1,P1,Post_P1_2,0,0.5022615573624738,1
1,P1,P1,Post_P1_2,0,0.6690766229877882,1
1,P1,P1,Post_P1_2,0,0.6977993748639173,1
1,P1,P1,Post_P1_2,0,0.844568316171644,1
1,P1,P1,Post_P1_2,0,0.4907887511273338,0
1,P1,P1,Post_P1_2,0,0.4555622559837437,0
1,P1,P1,Post_P1_2,0,0.7297800077638951,1
1,P1,P1,Post_P1_2,0,0.30227567958461776,0
1,P1,P1,Post_P1_2,0,0.33876304074025576,0
1,P1,P1,Post_P1_2,0,0.8161993462855859,1
1,P1,P1,Post_P1_2,0,0.5830560431909548,1
1,P1,P1,Post_P1_2,0,0.47079189227646684,0
1,P1,P1,Post_P1_2,0,0.6814339730885466,1
1,P1,P1,Post_P1_2,0,0.4711667667637804,0
1,P1,P1,Post_P1_2,0,0.7852409365868568,1
1,P1,P1,Post_P1_2,0,0.648258384345003,1
1,P1,P1,Post_P1_2,0,0.7297179037516821,1
1,P1,P1,Post_P1_2,0,0.510045337091656,1
1,P1,P1,Post_P1_2,0,0.5769177267166191,1
1,P1,P1,Post_P1_2,0,0.3911146544052606,0
1,P1,P1,Post_P1_2,0,0.7020674644927277,1
1,P1,P1,Post_P1_2,0,0.4775959687346733,0
1,P1,P1,Post_P1_2,0,0.5233931163765324,1
1,P1,P1,Post_P1_2,0,0.48398573263358674,0
1,P1,P1,Post_P1_2,0,0.7617475862403544,1
1,P1,P1,Post_P1_2,0,0.6745593508772999,1
1,P1,P1,Post_P1_2,0,0.7479162230690466,1
1,P1,P1,Post_P1_2,0,0.662586688093479,1
1,P1,P1,Post_P1_2,0,0.4321086808737682,0
1,P1,P1,Post_P1_2,0,0.6583228518211928,1
1,P1,P1,Post_P1_2,0,0.25757493956281374,0
1,P1,P1,Post_P1_2,0,0.4710333965724363,0
1,P1,P1,Post_P1_2,0,0.32788408974685906,0
1,P1,P1,Post_P1_2,0,0.5693591616585391,1
1,P1,P1,Post_P1_2,0,0.49988504981783743,0
1,P1,P1,Post_P1_2,0,0.5872473290703774,1
1,P1,P1,Post_P1_2,0,0.37444141268222225,0
1,P1,P1,Post_P1_2,0,0.35140134785685345,0
1,P1,P1,Post_P1_2,0,0.49152097564522956,0
1,P1,P1,Post_P1_2,0,0.66825985938326,1
1,P1,P1,Post_P1_2,0,0.4156944169878209,0
1,P1,P1,Post_P1_2,0,0.5154856350568584,1
1,P1,P1,Post_P1_2,0,0.6491255413923792,1
1,P1,P1,Post_P1_2,0,0.5770381567152173,1
1,P1,P1,Post_P1_2,0,0.09155320762982445,0
1,P1,P1,Post_P1_2,0,0.5828765358541208,1
1,P1,P1,Post_P1_2,0,0.8255274115620628,1
1,P1,P1,Post_P1_2,0,0.3382724946382965,0
1,P1,P1,Post_P1_2,0,0.8188521506776884,1
1,P1,P1,Post_P1_2,0,0.48313784821047384,0
1,P1,P1,Post_P1_2,0,0.40790238032949583,0
1,P1,P1,Post_P1_2,0,0.39206275575257277,0
1,P1,P1,Post_P1_2,0,0.6462403526042808,1
1,P1,P1,Post_P1_2,0,0.25702053879959,0
1,P1,P1,Post_P1_2,0,0.4128944134090443,0
1,P1,P1,Post_P1_2,0,0.4936198833785366,0
1,P1,P1,Post_P1_2,0,0.4161445955482203,0
1,P1,P1,Post_P1_2,0,0.3195296908480113,0
1,P1,P1,Post_P1_2,0,0.10992036534226317,0
1,P1,P1,Post_P1_2,0,0.3628100668239528,0
1,P1,P1,Post_P1_2,0,0.4103795799365209,0
1,P1,P1,Post_P1_2,0,0.3579326921499163,0
1,P1,P1,Post_P1_2,0,0.1085304951330989,0
1,P1,P1,Post_P1_2,0,0.24574418657471808,0
1,P1,P1,Post_P1_2,0,0.5712936944341741,1
1,P1,P1,Post_P1_2,0,0.5779906064980754,1
1,P1,P1,Post_P1_2,0,0.36093271652911507,0
1,P1,P1,Post_P1_2,0,0.562297012100997,1
1,P1,P1,Post_P1_2,0,0.8471409019432802,1
1,P1,P1,Post_P1_2,0,0.593414790958999,1
1,P1,P1,Post_P1_2,0,0.30223740323941595,0
1,P1,P1,Post_P1_2,0,0.7880619082455431,1
1,P1,P1,Post_P1_2,0,0.7403160837655275,1
1,P1,P1,Post_P1_2,0,0.5910078440227702,1
1,P1,P1,Post_P1_2,0,0.6115182609551202,1
1,P1,P1,Post_P1_2,0,0.8764813651889901,1
1,P1,P1,Post_P1_2,0,0.46377318642291465,0
1,P1,P1,Post_P1_2,0,0.6861961014191041,1
1,P1,P1,Post_P1_2,0,0.29496349867686156,0
1,P1,P1,Post_P1_2,0,0.24959962462340965,0
1,P1,P1,Post_P1_2,0,0.7948958747749912,1
1,P1,P1,Post_P1_2,0,0.43618851086527244,0
1,P1,P1,Post_P1_2,0,0.30431674951754234,0
1,P1,P1,Post_P1_2,0,0.7252356006231537,1
1,P1,P1,Post_P1_2,0,0.6759629694537782,1
1,P1,P1,Post_P1_2,0,0.43745151534903676,0
1,P1,P1,Post_P1_2,0,0.27287172881964883,0
1,P1,P1,Post_P1_2,0,0.48764036734954935,0
1,P1,P1,Post_P1_2,0,0.8240615077217075,1
1,P1,P1,Post_P1_2,0,0.2608603931756883,0
1,P1,P1,Post_P1_2,0,0.7628834811058884,1
1,P1,P1,Post_P1_2,0,0.4945814548817999,0
1,P1,P1,Post_P1_2,0,0.6294572438990463,1
1,P1,P1,Post_P1_2,0,0.26122574004619936,0
1,P1,P1,Post_P1_2,0,0.6363244536480813,1
1,P1,P1,Post_P1_2,0,0.506776856385061,1
1,P1,P1,Post_P1_2,0,0.5762133546219123,1
1,P1,P1,Post_P1_2,0,0.3241728178224104,0
1,P1,P1,Post_P1_2,0,0.29926189323714614,0
1,P1,P1,Post_P1_2,0,0.45810635658812066,0
1,P1,P1,Post_P1_2,0,0.2225398964021009,0
1,P1,P1,Post_P1_2,0,0.6804578497725853,1
1,P1,P1,Post_P1_2,0,0.924338742003831,1
1,P1,P1,Post_P1_2,0,0.39633444110229155,0
1,P1,P1,Post_P1_2,0,0.5626434724053181,1
1,P1,P1,Post_P1_2,0,0.503403633631435,1
1,P1,P1,Post_P1_2,0,0.3729016131790658,0
1,P1,P1,Post_P1_2,0,0.629390055078533,1
1,P1,P1,Post_P1_2,0,0.667670927367251,1
1,P1,P1,Post_P1_2,0,0.8709030095492277,1
1,P1,P1,Post_P1_2,0,0.3756596619545304,0
1,P1,P1,Post_P1_2,0,0.629794715111415,1
1,P1,P1,Post_P1_2,0,0.861927693343766,1
1,P1,P1,Post_P1_2,0,0.3896891740018608,0
1,P1,P1,Post_P1_2,0,0.42389223187057273,0
1,P1,P1,Post_P1_2,0,0.6754376945410712,1
1,P1,P1,Post_P1_2,0,0.6602637139271909,1
1,P1,P1,Post_P1_2,0,0.4743167818571927,0
1,P1,P1,Post_P1_2,0,0.7714525765188179,1
1,P1,P1,Post_P1_2,0,0.8149161928442697,1
1,P1,P1,Post_P1_2,0,0.5940660174095116,1
1,P1,P1,Post_P1_2,0,0.11910627822049316,0
1,P1,P1,Post_P1_2,0,0.4883202847580259,0
1,P1,P1,Post_P1_2,0,0.3610396016310092,0
1,P1,P1,Post_P1_2,0,0.3406980177986777,0
1,P1,P1,Post_P1_2,0,0.34719482172414706,0
1,P1,P1,Post_P1_2,0,0.38934597786526337,0
1,P1,P1,Post_P1_2,0,0.6652802043680046,1
1,P1,P1,Post_P1_2,0,0.5084933724828642,1
1,P1,P1,Post_P1_2,0,0.5805719390611258,1
1,P1,P1,Post_P1_2,0,0.6760334173657685,1
1,P1,P1,Post_P1_2,0,0.3259028949023843,0
1,P1,P1,Post_P1_2,0,0.32775134892873803,0
1,P1,P1,Post_P1_2,0,0.4456283767743745,0
1,P1,P1,Post_P1_2,0,0.34400622059320984,0
1,P1,P1,Post_P1_2,0,0.4267448308137717,0
1,P1,P1,Post_P1_2,0,0.6467253594329988,1
1,P1,P1,Post_P1_2,0,0.4265481486172682,0
1,P1,P1,Post_P1_2,0,0.15699936233495865,0
1,P1,P1,Post_P1_2,0,0.33414414469064646,0
1,P1,P1,Post_P1_2,0,0.5010931765559774,1
1,P1,P1,Post_P1_2,0,0.44242864065030335,0
1,P1,P1,Post_P1_2,0,0.6806540113283849,1
1,P1,P1,Post_P1_2,0,0.43103640065736337,0
1,P1,P1,Post_P1_2,0,0.3414738438219049,0
1,P1,P1,Post_P1_2,0,0.07795883809911795,0
1,P1,P1,Post_P1_2,0,0.7477194302958021,1
1,P1,P1,Post_P1_2,0,0.28095609409598343,0
1,P1,P1,Post_P1_2,0,0.7155956109698703,1
1,P1,P1,Post_P1_2,0,0.6774243804229062,1
1,P1,P1,Post_P1_2,0,0.7588497719141353,1
1,P1,P1,Post_P1_2,0,0.72798429389831,1
1,P1,P1,Post_P1_2,0,0.4227981515399768,0
1,P1,P1,Post_P1_2,0,0.5230612026584383,1
1,P1,P1,Post_P1_2,0,0.7192414306267235,1
1,P1,P1,Post_P1_2,0,0.6830351259820345,1
1,P1,P1,Post_P1_2,0,0.6619975967358712,1
1,P1,P1,Post_P1_2,0,0.41237280713491653,0
1,P1,P1,Post_P1_2,0,0.3312117301900696,0
1,P1,P1,Post_P1_2,0,0.5665489444866317,1
1,P1,P1,Post_P1_2,0,0.6668631023648837,1
1,P1,P1,Post_P1_2,0,0.5235561092931681,1
1,P1,P1,Post_P1_2,0,0.3039752757687696,0
1,P1,P1,Post_P1_2,0,0.49155476908784795,0
1,P1,P1,Post_P1_2,0,0.7077509544494607,1
1,P1,P1,Post_P1_2,0,0.7740178487448921,1
1,P1,P1,Post_P1_2,0,0.48062224962408234,0
1,P1,P1,Post_P1_2,0,0.6139648714976436,1
1,P1,P1,Post_P1_2,0,0.564207741770238,1
1,P1,P1,Post_P1_2,0,0.6931436329817744,1
1,P1,P1,Post_P1_2,0,0.13622359469451237,0
1,P1,P1,Post_P1_2,0,0.4575425578720744,0
1,P1,P1,Post_P1_2,0,0.36442798622729944,0
1,P1,P1,Post_P1_2,0,0.5273949444188337,1
1,P1,P1,Post_P1_2,0,0.702991144776325,1
1,P1,P1,Post_P1_2,0,0.5157370735782049,1
1,P1,P1,Post_P1_2,0,0.3803517797834841,0
1,P1,P1,Post_P1_2,0,0.5152181962072298,1
1,P1,P1,Post_P1_2,0,0.5839021551768128,1
1,P1,P1,Post_P1_2,0,0.6654258674576972,1
1,P1,P1,Post_P1_2,0,0.5590156576039773,1
1,P1,P1,Post_P1_2,0,0.31392325661197756,0
1,P1,P1,Post_P1_2,0,0.5662137407429476,1
1,P1,P1,Post_P1_2,0,0.4376720575748066,0
1,P1,P1,Post_P1_2,0,0.39872890485742746,0
1,P1,P1,Post_P1_2,0,0.4609639203542528,0
1,P1,P1,Post_P1_2,0,0.6138258574324865,1
1,P1,P1,Post_P1_2,0,0.18054186780602433,0
1,P1,P1,Post_P1_2,0,0.5871123417513427,1
1,P1,P1,Post_P1_2,0,0.34106466765303256,0
1,P1,P1,Post_P1_2,0,0.38706544648414354,0
1,P1,P1,Post_P1_2,0,0.26858492800170236,0
1,P1,P1,Post_P1_2,0,0.4728433207293283,0
1,P1,P1,Post_P1_2,0,0.7389948983168572,1
1,P1,P1,Post_P1_2,0,0.4210327430033449,0
1,P1,P1,Post_P1_2,0,0.6221950253173287,1
1,P1,P1,Post_P1_2,0,0.6559569240180637,1
1,P1,P1,Post_P1_2,0,0.5628921702161148,1
1,P1,P1,Post_P1_2,0,0.08795512703978518,0
1,P1,P1,Post_P1_2,0,0.41331758512257744,0
1,P1,P1,Post_P1_2,0,0.40840725060360333,0
1,P1,P1,Post_P1_2,0,0.698525313867006,1
1,P1,P1,Post_P1_2,0,0.3605155173411253,0
1,P1,P1,Post_P1_2,0,0.4140144947599379,0
1,P1,P1,Post_P1_2,0,0.736856943037427,1
1,P1,P1,Post_P1_2,0,0.7124705669699534,1
1,P1,P1,Post_P1_2,0,0.4755889178145184,0
1,P1,P1,Post_P1_2,0,0.25688696174648634,0
1,P1,P1,Post_P1_2,0,0.6615753949920306,1
1,P1,P1,Post_P1_2,0,0.6261437144332109,1
1,P1,P1,Post_P1_2,0,0.4097213447981221,0
1,P1,P1,Post_P1_2,0,0.5986854534081725,1
1,P1,P1,Post_P1_2,0,0.4566345134393935,0
1,P1,P1,Post_P1_2,0,0.399703199435702,0
1,P1,P1,Post_P1_2,0,0.7355712605862506,1
1,P1,P1,Post_P1_2,0,0.7289110212098128,1
1,P1,P1,Post_P1_2,0,0.4594604238784911,0
1,P1,P1,Post_P1_2,0,0.5956903054459335,1
1,P1,P1,Post_P1_2,0,0.5432981367579311,1
1,P1,P1,Post_P1_2,0,0.4481479115216103,0
1,P1,P1,Post_P1_2,0,0.3151932583209991,0
1,P1,P1,Post_P1_2,0,0.7051344715700133,1
1,P1,P1,Post_P1_2,0,0.44238091172383154,0
1,P1,P1,Post_P1_2,0,0.6666039697754679,1
1,P1,P1,Post_P1_2,0,0.675736394279192,1
1,P1,P1,Post_P1_2,0,0.3864300889250159,0
1,P1,P1,Post_P1_2,0,0.5032817871513837,1
1,P1,P1,Post_P1_2,0,0.8088837330007689,1
1,P1,P1,Post_P1_2,0,0.5441519254786351,1
1,P1,P1,Post_P1_2,0,0.030987792769517984,0
1,P1,P1,Post_P1_2,0,0.4263282172883637,0
1,P1,P1,Post_P1_2,0,0.5117543264115022,1
1,P1,P1,Post_P1_2,0,0.3092575250650275,0
1,P1,P1,Post_P1_2,0,0.4914715730530487,0
1,P1,P1,Post_P1_2,0,0.7806252690852469,1
1,P1,P1,Post_P1_2,0,0.6654878857776806,1
1,P1,P1,Post_P1_2,0,0.691093342142142,1
1,P1,P1,Post_P1_2,0,0.547851386486423,1
1,P1,P1,Post_P1_2,0,0.6466516931743954,1
1,P1,P1,Post_P1_2,0,0.3550823711096831,0
1,P1,P1,Post_P1_2,0,0.5301711515244534,1
1,P1,P1,Post_P1_2,0,0.8041117662015685,1
1,P1,P1,Post_P1_2,0,0.10510730703829187,0
1,P1,P1,Post_P1_2,0,0.40159117432097957,0
1,P1,P1,Post_P1_2,0,0.8136185936960654,1
1,P1,P1,Post_P1_2,0,0.6403794178942651,1
1,P1,P1,Post_P1_2,0,0.7723788946366753,1
1,P1,P1,Post_P1_2,0,0.44369329663590223,0
1,P1,P1,Post_P1_2,0,0.8206948735994196,1
1,P1,P1,Post_P1_2,0,0.561905453589591,1
1,P1,P1,Post_P1_2,0,0.6339162685715638,1
1,P1,P1,Post_P1_2,0,0.50275844404849,1
1,P1,P1,Post_P1_2,0,0.6700308415945684,1
1,P1,P1,Post_P1_2,0,0.02701258075646974,0
1,P1,P1,Post_P1_2,0,0.4906149850428995,0
1,P1,P1,Post_P1_2,0,0.6031579264775769,1
1,P1,P1,Post_P1_2,0,0.6014392605632123,1
1,P1,P1,Post_P1_2,0,0.6553331588634342,1
1,P1,P1,Post_P1_2,0,0.29796906593894273,0
1,P1,P1,Post_P1_2,0,0.4008318198446346,0
1,P1,P1,Post_P1_2,0,0.5996691840914858,1
1,P1,P1,Post_P1_2,0,0.6028293622258607,1
1,P1,P1,Post_P1_2,0,0.41486888606315936,0
1,P1,P1,Post_P1_2,0,0.3740438662880536,0
1,P1,P1,Post_P1_2,0,0.6344892813806765,1
1,P1,P1,Post_P1_2,0,0.4682755121114409,0
1,P1,P1,Post_P1_2,0,0.610963847671305,1
1,P1,P1,Post_P1_2,0,0.27134069929271115,0
1,P1,P1,Post_P1_2,0,0.48674518034587566,0
1,P1,P1,Post_P1_2,0,0.702415268841206,1
1,P1,P1,Post_P1_2,0,0.74212450971591,1
1,P1,P1,Post_P1_2,0,0.524620335961172,1
1,P1,P1,Post_P1_2,0,0.34422508162727583,0
2,P10,P10,Post_P10,0,0.20765280705581793,0
2,P10,P10,Post_P10,0,0.6558894627179581,1
2,P10,P10,Post_P10,0,0.27735635143640947,0
2,P10,P10,Post_P10,0,0.4047059434603561,0
2,P10,P10,Post_P10,0,0.18278105549364998,0
2,P10,P10,Post_P10,0,0.22329852449042736,0
2,P10,P10,Post_P10,0,0.2182243310035793,0
2,P10,P10,Post_P10,0,0.10099131294475483,0
2,P10,P10,Post_P10,0,0.20009906574814343,0
2,P10,P10,Post_P10,0,0.36861000429895663,0
2,P10,P10,Post_P10,0,0.061434965525315854,0
2,P10,P10,Post_P10,0,0.17615635488093298,0
2,P10,P10,Post_P10,0,0.1102067814933325,0
2,P10,P10,Post_P10,0,0.2254673865131808,0
2,P10,P10,Post_P10,0,0.28379786849003197,0
2,P10,P10,Post_P10,0,0.08119871374034028,0
2,P10,P10,Post_P10,0,0.5313195011177246,1
2,P10,P10,Post_P10,0,0.38810316481461227,0
2,P10,P10,Post_P10,0,0.5083442442820244,1
2,P10,P10,Post_P10,0,0.6534102141056982,1
2,P10,P10,Post_P10,0,0.615342024101527,1
2,P10,P10,Post_P10,0,0.5827800788379365,1
2,P10,P10,Post_P10,0,0.7166825597212689,1
2,P10,P10,Post_P10,0,0.16665264382005054,0
2,P10,P10,Post_P10,0,0.06360445937178508,0
2,P10,P10,Post_P10,0,0.18455995785951412,0
2,P10,P10,Post_P10,0,0.4972015613498051,0
2,P10,P10,Post_P10,0,0.20777470486581806,0
2,P10,P10,Post_P10,0,0.6942842171745303,1
2,P10,P10,Post_P10,0,0.43683208902525955,0
2,P10,P10,Post_P10,0,0.09967452373139042,0
2,P10,P10,Post_P10,0,0.3472161954203795,0
2,P10,P10,Post_P10,0,0.38795248504779145,0
2,P10,P10,Post_P10,0,0.3472476421027844,0
2,P10,P10,Post_P10,0,0.3482192524600682,0
2,P10,P10,Post_P10,0,0.3099634010481193,0
2,P10,P10,Post_P10,0,0.3520581055245361,0
2,P10,P10,Post_P10,0,0.6311746718330998,1
2,P10,P10,Post_P10,0,0.6237283638317921,1
2,P10,P10,Post_P10,0,0.43910577248765437,0
2,P10,P10,Post_P10,0,0.0636947872534153,0
2,P10,P10,Post_P10,0,0.27066252233668014,0
2,P10,P10,Post_P10,0,0.11461545809832456,0
2,P10,P10,Post_P10,0,0.1327727261910455,0
2,P10,P10,Post_P10,0,0.33747842839103714,0
2,P10,P10,Post_P10,0,0.42929183349620603,0
2,P10,P10,Post_P10,0,0.5818474857113322,1
2,P10,P10,Post_P10,0,0.17472564333789822,0
2,P10,P10,Post_P10,0,0.13753048471567203,0
2,P10,P10,Post_P10,0,0.1442132047560337,0
2,P10,P10,Post_P10,0,0.18901517713827326,0
2,P10,P10,Post_P10,0,0.5246016729680875,1
2,P10,P10,Post_P10,0,0.1043442177895453,0
2,P10,P10,Post_P10,0,0.1461022745539776,0
2,P10,P10,Post_P10,0,0.10677575372468032,0
2,P10,P10,Post_P10,0,0.40762820711663106,0
2,P10,P10,Post_P10,0,0.43686424470272234,0
2,P10,P10,Post_P10,0,0.10964641194026459,0
2,P10,P10,Post_P10,0,0.10119500970448017,0
2,P10,P10,Post_P10,0,0.2307251073332484,0
2,P10,P10,Post_P10,0,0.14943222115244326,0
2,P10,P10,Post_P10,0,0.3547670602627973,0
2,P10,P10,Post_P10,0,0.04367700241857424,0
2,P10,P10,Post_P10,0,0.4081453177340163,0
2,P10,P10,Post_P10,0,0.24214894794645989,0
2,P10,P10,Post_P10,0,0.5766232174752163,1
2,P10,P10,Post_P10,0,0.09426342507369967,0
2,P10,P10,Post_P10,0,0.32448061881629975,0
2,P10,P10,Post_P10,0,0.41215002462632144,0
2,P10,P10,Post_P10,0,0.13553490008238708,0
2,P10,P10,Post_P10,0,0.4659195028724078,0
2,P10,P10,Post_P10,0,0.4695985832732469,0
2,P10,P10,Post_P10,0,0.36718873553635384,0
2,P10,P10,Post_P10,0,0.3191524577240075,0
2,P10,P10,Post_P10,0,0.29393665101330807,0
2,P10,P10,Post_P10,0,0.18208402780853436,0
2,P10,P10,Post_P10,0,0.3197384814903459,0
2,P10,P10,Post_P10,0,0.5456530159258294,1
2,P10,P10,Post_P10,0,0.05184392168808672,0
2,P10,P10,Post_P10,0,0.1491779025432896,0
2,P10,P10,Post_P10,0,0.29502497800772237,0
2,P10,P10,Post_P10,0,0.17984418087626997,0
2,P10,P10,Post_P10,0,0.12603447978594476,0
2,P10,P10,Post_P10,0,0.34807404372153816,0
2,P10,P10,Post_P10,0,0.09047751460910523,0
2,P10,P10,Post_P10,0,0.08433979134188795,0
2,P10,P10,Post_P10,0,0.17937496273776887,0
2,P10,P10,Post_P10,0,0.31264779055357644,0
2,P10,P10,Post_P10,0,0.3499165209044112,0
2,P10,P10,Post_P10,0,0.10823896392642254,0
2,P10,P10,Post_P10,0,0.1020846676339385,0
2,P10,P10,Post_P10,0,0.17707608975207928,0
2,P10,P10,Post_P10,0,0.45598821757796304,0
2,P10,P10,Post_P10,0,0.6506465097061919,1
2,P10,P10,Post_P10,0,0.22656021785712893,0
2,P10,P10,Post_P10,0,0.046011710096953554,0
2,P10,P10,Post_P10,0,0.3466869051719302,0
2,P10,P10,Post_P10,0,0.120467537598308,0
2,P10,P10,Post_P10,0,0.26767074311662437,0
2,P10,P10,Post_P10,0,0.3633179506731416,0
2,P10,P10,Post_P10,0,0.1808154816123518,0
2,P10,P10,Post_P10,0,0.3507011382747237,0
2,P10,P10,Post_P10,0,0.08334808085901227,0
2,P10,P10,Post_P10,0,0.710439132020471,1
2,P10,P10,Post_P10,0,0.340048272650845,0
2,P10,P10,Post_P10,0,0.844969799691534,1
2,P10,P10,Post_P10,0,0.1253385012411275,0
2,P10,P10,Post_P10,0,0.4968708849463745,0
2,P10,P10,Post_P10,0,0.4257363346068711,0
2,P10,P10,Post_P10,0,0.18906993672172845,0
2,P10,P10,Post_P10,0,0.6415269546549431,1
2,P10,P10,Post_P10,0,0.22143614162195663,0
2,P10,P10,Post_P10,0,0.140700171620939,0
2,P10,P10,Post_P10,0,0.7412070931539174,1
2,P10,P10,Post_P10,0,0.43124918662576517,0
2,P10,P10,Post_P10,0,0.6190593724568162,1
2,P10,P10,Post_P10,0,0.22734119704981037,0
2,P10,P10,Post_P10,0,0.10054876266761682,0
2,P10,P10,Post_P10,0,0.19462870763725731,0
2,P10,P10,Post_P10,0,0.36168704118374373,0
2,P10,P10,Post_P10,0,0.08218721145963491,0
2,P10,P10,Post_P10,0,0.4969283110412059,0
2,P10,P10,Post_P10,0,0.5665037905189902,1
2,P10,P10,Post_P10,0,0.40305136295491983,0
2,P10,P10,Post_P10,0,0.6065810007779805,1
2,P10,P10,Post_P10,0,0.19285638607921943,0
2,P10,P10,Post_P10,0,0.7691716765744604,1
2,P10,P10,Post_P10,0,0.6100213499817081,1
2,P10,P10,Post_P10,0,0.36562588688816466,0
2,P10,P10,Post_P10,0,0.35682056691590913,0
2,P10,P10,Post_P10,0,0.02802384308814192,0
2,P10,P10,Post_P10,0,0.21437547432703033,0
2,P10,P10,Post_P10,0,0.6286179188705112,1
2,P10,P10,Post_P10,0,0.09920038010639,0
2,P10,P10,Post_P10,0,0.8263803338283573,1
2,P10,P10,Post_P10,0,0.251847460979501,0
2,P10,P10,Post_P10,0,0.6310924647382713,1
2,P10,P10,Post_P10,0,0.15650913551301215,0
2,P10,P10,Post_P10,0,0.8610837039848928,1
2,P10,P10,Post_P10,0,0.11661544192557047,0
2,P10,P10,Post_P10,0,0.17836661897243097,0
2,P10,P10,Post_P10,0,0.40774391474207583,0
2,P10,P10,Post_P10,0,0.5552227097922195,1
2,P10,P10,Post_P10,0,0.2534149298298189,0
2,P10,P10,Post_P10,0,0.45799373291881434,0
2,P10,P10,Post_P10,0,0.09370941641751594,0
2,P10,P10,Post_P10,0,0.6507254313949357,1
2,P10,P10,Post_P10,0,0.0512893185673657,0
2,P10,P10,Post_P10,0,0.08552252525852408,0
2,P10,P10,Post_P10,0,0.4355396546567086,0
2,P10,P10,Post_P10,0,0.4391658284106234,0
2,P10,P10,Post_P10,0,0.21023020547638172,0
2,P10,P10,Post_P10,0,0.4317738669713632,0
2,P10,P10,Post_P10,0,0.3335120973599531,0
2,P10,P10,Post_P10,0,0.19235173049906948,0
2,P10,P10,Post_P10,0,0.17249988654523432,0
2,P10,P10,Post_P10,0,0.19024713296296386,0
2,P10,P10,Post_P10,0,0.12378457613820933,0
2,P10,P10,Post_P10,0,0.7479784641510702,1
2,P10,P10,Post_P10,0,0.5616052716659857,1
2,P10,P10,Post_P10,0,0.3920409966753022,0
2,P10,P10,Post_P10,0,0.30847546038440976,0
2,P10,P10,Post_P10,0,0.2825173834456905,0
2,P10,P10,Post_P10,0,0.3892792424434484,0
2,P10,P10,Post_P10,0,0.09097262026846609,0
2,P10,P10,Post_P10,0,0.39840532402617396,0
2,P10,P10,Post_P10,0,0.5883411962290823,1
2,P10,P10,Post_P10,0,0.2001607277681621,0
2,P10,P10,Post_P10,0,0.2106608621357978,0
2,P10,P10,Post_P10,0,0.6532714550663535,1
2,P10,P10,Post_P10,0,0.4035279674564622,0
2,P10,P10,Post_P10,0,0.09691707715249666,0
2,P10,P10,Post_P10,0,0.2980029230338048,0
2,P10,P10,Post_P10,0,0.1847964230975658,0
2,P10,P10,Post_P10,0,0.09250755211459628,0
2,P10,P10,Post_P10,0,0.517354657894991,1
2,P10,P10,Post_P10,0,0.3882036965022789,0
2,P10,P10,Post_P10,0,0.06283873174583397,0
2,P10,P10,Post_P10,0,0.10444980351472713,0
2,P10,P10,Post_P10,0,0.32511057972861046,0
2,P10,P10,Post_P10,0,0.19435467290360706,0
2,P10,P10,Post_P10,0,0.7491257205784672,1
2,P10,P10,Post_P10,0,0.6481238338312872,1
2,P10,P10,Post_P10,0,0.5013478276219504,1
2,P10,P10,Post_P10,0,0.2216481709988951,0
2,P10,P10,Post_P10,0,0.8238302590901269,1
2,P10,P10,Post_P10,0,0.2650624593006281,0
2,P10,P10,Post_P10,0,0.7898310101041316,1
2,P10,P10,Post_P10,0,0.5419687169642708,1
2,P10,P10,Post_P10,0,0.2030858396506287,0
2,P10,P10,Post_P10,0,0.22954330319894709,0
2,P10,P10,Post_P10,0,0.15357238526333183,0
2,P10,P10,Post_P10,0,0.7505015065263653,1
2,P10,P10,Post_P10,0,0.62204390814099,1
2,P10,P10,Post_P10,0,0.23429425467832343,0
2,P10,P10,Post_P10,0,0.20160871029320795,0
2,P10,P10,Post_P10,0,0.5604929815134428,1
2,P10,P10,Post_P10,0,0.2840727751902846,0
2,P10,P10,Post_P10,0,0.5480007499838939,1
2,P10,P10,Post_P10,0,0.28035014217008014,0
2,P10,P10,Post_P10,0,0.16542917227392742,0
2,P10,P10,Post_P10,0,0.4401535818383518,0
2,P10,P10,Post_P10,0,0.4014369529790487,0
2,P10,P10,Post_P10,0,0.08311847100728285,0
2,P10,P10,Post_P10,0,0.04046085728914987,0
2,P10,P10,Post_P10,0,0.6902489017295834,1
2,P10,P10,Post_P10,0,0.042894122690346544,0
2,P10,P10,Post_P10,0,0.28402109266712633,0
2,P10,P10,Post_P10,0,0.7812910207763091,1
2,P10,P10,Post_P10,0,0.032843552900749376,0
2,P10,P10,Post_P10,0,0.557943699740967,1
2,P10,P10,Post_P10,0,0.2770361314710299,0
2,P10,P10,Post_P10,0,0.2527076581743548,0
2,P10,P10,Post_P10,0,0.3441388935492803,0
2,P10,P10,Post_P10,0,0.3877905960629567,0
2,P10,P10,Post_P10,0,0.0688924996764215,0
2,P10,P10,Post_P10,0,0.14727434862536587,0
2,P10,P10,Post_P10,0,0.8271571593720105,1
2,P10,P10,Post_P10,0,0.4902094266393131,0
2,P10,P10,Post_P10,0,0.10803822247198325,0
2,P10,P10,Post_P10,0,0.5304203952106202,1
2,P10,P10,Post_P10,0,0.31071078821321235,0
2,P10,P10,Post_P10,0,0.7911148962078498,1
2,P10,P10,Post_P10,0,0.1979394265514318,0
2,P10,P10,Post_P10,0,0.16805519719446477,0
2,P10,P10,Post_P10,0,0.07269414707707791,0
2,P10,P10,Post_P10,0,0.042344556286891794,0
2,P10,P10,Post_P10,0,0.4258913014406934,0
2,P10,P10,Post_P10,0,0.38695703333430304,0
2,P10,P10,Post_P10,0,0.24155665906159587,0
2,P10,P10,Post_P10,0,0.5625471970280876,1
2,P10,P10,Post_P10,0,0.05081290794750632,0
2,P10,P10,Post_P10,0,0.06959117282984555,0
2,P10,P10,Post_P10,0,0.10930317642455087,0
2,P10,P10,Post_P10,0,0.30996056132587146,0
2,P10,P10,Post_P10,0,0.20491734587199942,0
2,P10,P10,Post_P10,0,0.09881056438733882,0
2,P10,P10,Post_P10,0,0.06975363437286987,0
2,P10,P10,Post_P10,0,0.2676491048187483,0
2,P10,P10,Post_P10,0,0.0922079605437541,0
2,P10,P10,Post_P10,0,0.5174517252196605,1
2,P10,P10,Post_P10,0,0.3398228144341735,0
2,P10,P10,Post_P10,0,0.6848802626423421,1
2,P10,P10,Post_P10,0,0.2294864091643186,0
2,P10,P10,Post_P10,0,0.22604235489324076,0
2,P10,P10,Post_P10,0,0.36237066586193994,0
2,P10,P10,Post_P10,0,0.09766730214933839,0
2,P10,P10,Post_P10,0,0.27213021459179887,0
2,P10,P10,Post_P10,0,0.056347849986105536,0
2,P10,P10,Post_P10,0,0.35742115573988287,0
2,P10,P10,Post_P10,0,0.2017520183823565,0
2,P10,P10,Post_P10,0,0.4798659452027001,0
2,P10,P10,Post_P10,0,0.1501173611620305,0
2,P10,P10,Post_P10,0,0.29183386279390605,0
2,P10,P10,Post_P10,0,0.15859737333359084,0
2,P10,P10,Post_P10,0,0.6417677615455765,1
2,P10,P10,Post_P10,0,0.8333539836972608,1
2,P10,P10,Post_P10,0,0.47699805016635083,0
2,P10,P10,Post_P10,0,0.5036200394855267,1
2,P10,P10,Post_P10,0,0.2560171738408242,0
2,P10,P10,Post_P10,0,0.589823105194086,1
2,P10,P10,Post_P10,0,0.7589420279516734,1
2,P10,P10,Post_P10,0,0.33987478965034856,0
2,P10,P10,Post_P10,0,0.7349691248811001,1
2,P10,P10,Post_P10,0,0.028223696004147033,0
2,P10,P10,Post_P10,0,0.09180707181141802,0
2,P10,P10,Post_P10,0,0.1838731962945434,0
2,P10,P10,Post_P10,0,0.4106509027321519,0
2,P10,P10,Post_P10,0,0.6304251785669985,1
2,P10,P10,Post_P10,0,0.40768612052520703,0
2,P10,P10,Post_P10,0,0.5759311339947663,1
2,P10,P10,Post_P10,0,0.0534474180650936,0
2,P10,P10,Post_P10,0,0.7863395169698202,1
2,P10,P10,Post_P10,0,0.03510305407104087,0
2,P10,P10,Post_P10,0,0.639858940358657,1
2,P10,P10,Post_P10,0,0.2420911877271037,0
2,P10,P10,Post_P10,0,0.3805553849208639,0
2,P10,P10,Post_P10,0,0.600450994715905,1
2,P10,P10,Post_P10,0,0.2732395708570591,0
2,P10,P10,Post_P10,0,0.2683645853598423,0
2,P10,P10,Post_P10,0,0.1300359776182992,0
2,P10,P10,Post_P10,0,0.2525480208724254,0
2,P10,P10,Post_P10,0,0.15943635369601902,0
2,P10,P10,Post_P10,0,0.33953229194494383,0
2,P10,P10,Post_P10,0,0.09937602715541186,0
2,P10,P10,Post_P10,0,0.29448571776784904,0
2,P10,P10,Post_P10,0,0.0447176707562524,0
2,P10,P10,Post_P10,0,0.0526200571439189,0
2,P10,P10,Post_P10,0,0.10260890429193223,0
2,P10,P10,Post_P10,0,0.7635209460915283,1
2,P10,P10,Post_P10,0,0.4097941498102846,0
2,P10,P10,Post_P10,0,0.19531154454651822,0
2,P10,P10,Post_P10,0,0.6016058958288097,1
2,P10,P10,Post_P10,0,0.2836121605294804,0
2,P10,P10,Post_P10,0,0.5337409871102093,1
2,P10,P10,Post_P10,0,0.05197557665274229,0
2,P10,P10,Post_P10,0,0.2966703144547603,0
2,P10,P10,Post_P10,0,0.6883452237711264,1
2,P10,P10,Post_P10,0,0.0690990119696056,0
2,P10,P10,Post_P10,0,0.12741954502506259,0
2,P10,P10,Post_P10,0,0.10260210786756924,0
2,P10,P10,Post_P10,0,0.31192487136220626,0
2,P10,P10,Post_P10,0,0.10879437369467873,0
2,P10,P10,Post_P10,0,0.11523749700745413,0
2,P10,P10,Post_P10,0,0.12735264415290729,0
2,P10,P10,Post_P10,0,0.2702116295429972,0
2,P10,P10,Post_P10,0,0.46891050545086455,0
2,P10,P10,Post_P10,0,0.23169837370652327,0
2,P10,P10,Post_P10,0,0.7933020645450395,1
2,P10,P10,Post_P10,0,0.4817132842730813,0
2,P10,P10,Post_P10,0,0.3760604594044682,0
2,P10,P10,Post_P10,0,0.637066165135569,1
2,P10,P10,Post_P10,0,0.6672040373819487,1
2,P10,P10,Post_P10,0,0.24242439401674382,0
2,P10,P10,Post_P10,0,0.26185855175350126,0
2,P10,P10,Post_P10,0,0.49981449621008633,0
2,P10,P10,Post_P10,0,0.023994184808534526,0
2,P10,P10,Post_P10,0,0.5597755338468445,1
2,P10,P10,Post_P10,0,0.7236247258071123,1
2,P10,P10,Post_P10,0,0.7657830683515713,1
2,P10,P10,Post_P10,0,0.12926399937669128,0
2,P10,P10,Post_P10,0,0.5549978448743763,1
2,P10,P10,Post_P10,0,0.6355833017112836,1
2,P10,P10,Post_P10,0,0.4036964586629557,0
2,P10,P10,Post_P10,0,0.22968536964732922,0
2,P10,P10,Post_P10,0,0.4078929987914637,0
2,P10,P10,Post_P10,0,0.5487557497302903,1
2,P10,P10,Post_P10,0,0.4154904710228326,0
2,P10,P10,Post_P10,0,0.09114730575013487,0
2,P10,P10,Post_P10,0,0.5684175855096483,1
2,P10,P10,Post_P10,0,0.6321784491917029,1
2,P10,P10,Post_P10,0,0.0621154261389183,0
2,P10,P10,Post_P10,0,0.24356326468119852,0
2,P10,P10,Post_P10,0,0.4101801233873353,0
2,P10,P10,Post_P10,0,0.2574528850259501,0
2,P10,P10,Post_P10,0,0.17399683769140808,0
2,P10,P10,Post_P10,0,0.18999767104017626,0
2,P10,P10,Post_P10,0,0.36006658140176306,0
2,P10,P10,Post_P10,0,0.2507239027366046,0
2,P10,P10,Post_P10,0,0.39653547855756366,0
2,P10,P10,Post_P10,0,0.1260040233823355,0
2,P10,P10,Post_P10,0,0.2867129366091546,0
2,P10,P10,Post_P10,0,0.3281321574934714,0
2,P10,P10,Post_P10,0,0.4245354954014215,0
2,P10,P10,Post_P10,0,0.359465493355957,0
2,P10,P10,Post_P10,0,0.4781668943479778,0
2,P10,P10,Post_P10,0,0.349069412376921,0
2,P10,P10,Post_P10,0,0.12214008070335725,0
2,P10,P10,Post_P10,0,0.2318847352150567,0
2,P10,P10,Post_P10,0,0.2758326982982316,0
2,P10,P10,Post_P10,0,0.6751828997567568,1
2,P10,P10,Post_P10,0,0.5206090653415651,1
2,P10,P10,Post_P10,0,0.2988593255398614,0
2,P10,P10,Post_P10,0,0.4127279572073788,0
2,P10,P10,Post_P10,0,0.2685494265035343,0
2,P10,P10,Post_P10,0,0.4520487441646916,0
2,P10,P10,Post_P10,0,0.18794819366074492,0
2,P10,P10,Post_P10,0,0.22172610772702328,0
2,P10,P10,Post_P10,0,0.2792771518309784,0
2,P10,P10,Post_P10,0,0.7051730978737696,1
2,P10,P10,Post_P10,0,0.21343904474015396,0
2,P10,P10,Post_P10,0,0.3005429500171297,0
2,P10,P10,Post_P10,0,0.5503092824421104,1
2,P10,P10,Post_P10,0,0.17534949221255894,0
2,P10,P10,Post_P10,0,0.2944876438210252,0
2,P10,P10,Post_P10,0,0.3381235719538366,0
2,P10,P10,Post_P10,0,0.46396224540748504,0
2,P10,P10,Post_P10,0,0.3319299648561836,0
2,P10,P10,Post_P10,0,0.09157109393065821,0
2,P10,P10,Post_P10,0,0.17473967340215948,0
2,P10,P10,Post_P10,0,0.2861094901582641,0
2,P10,P10,Post_P10,0,0.5342647859184582,1
2,P10,P10,Post_P10,0,0.1415210619237117,0
2,P10,P10,Post_P10,0,0.6895891083410631,1
2,P10,P10,Post_P10,0,0.37503120936104717,0
2,P10,P10,Post_P10,0,0.3795781167633793,0
2,P10,P10,Post_P10,0,0.10322395419998856,0
2,P10,P10,Post_P10,0,0.2169389620776259,0
2,P10,P10,Post_P10,0,0.2882160746024267,0
2,P10,P10,Post_P10,0,0.3743237041372988,0
2,P10,P10,Post_P10,0,0.37754306855581615,0
2,P10,P10,Post_P10,0,0.37605902269779257,0
2,P10,P10,Post_P10,0,0.3985932926036989,0
2,P10,P10,Post_P10,0,0.3867976793801404,0
2,P10,P10,Post_P10,0,0.6593206133506385,1
2,P10,P10,Post_P10,0,0.38843039765150184,0
2,P10,P10,Post_P10,0,0.20536305994167225,0
2,P10,P10,Post_P10,0,0.5920377202927811,1
2,P10,P10,Post_P10,0,0.1290713576208757,0
2,P10,P10,Post_P10,0,0.1714497043015107,0
2,P10,P10,Post_P10,0,0.6569733022149449,1
2,P10,P10,Post_P10,0,0.6736633134116746,1
2,P10,P10,Post_P10,0,0.6400162057927862,1
2,P10,P10,Post_P10,0,0.694499761475025,1
2,P10,P10,Post_P10,0,0.33374662320263915,0
2,P10,P10,Post_P10,0,0.3044848334108259,0
3,P11,P11,Post_P11,0,0.3740463060577302,0
3,P11,P11,Post_P11,0,0.3179016204171972,0
3,P11,P11,Post_P11,0,0.43981562407393043,0
3,P11,P11,Post_P11,0,0.17695243622076048,0
3,P11,P11,Post_P11,0,0.5077477042370337,1
3,P11,P11,Post_P11,0,0.30514554727358917,0
3,P11,P11,Post_P11,0,0.264589856820125,0
3,P11,P11,Post_P11,0,0.05295421856421869,0
3,P11,P11,Post_P11,0,0.5365786798831073,1
3,P11,P11,Post_P11,0,0.43882779885625545,0
3,P11,P11,Post_P11,0,0.05639479816309702,0
3,P11,P11,Post_P11,0,0.5197800582232521,1
3,P11,P11,Post_P11,0,0.4102804407446842,0
3,P11,P11,Post_P11,0,0.5797502965306316,1
3,P11,P11,Post_P11,0,0.478057570913202,0
3,P11,P11,Post_P11,0,0.6321471237332906,1
3,P11,P11,Post_P11,0,0.373910185861434,0
3,P11,P11,Post_P11,0,0.36626868204727614,0
3,P11,P11,Post_P11,0,0.4600354424394654,0
3,P11,P11,Post_P11,0,0.4662597771210265,0
3,P11,P11,Post_P11,0,0.399172948068187,0
3,P11,P11,Post_P11,0,0.5508494203847383,1
3,P11,P11,Post_P11,0,0.5823231342316828,1
3,P11,P11,Post_P11,0,0.6783900343387628,1
3,P11,P11,Post_P11,0,0.40383175807195293,0
3,P11,P11,Post_P11,0,0.3734693598195993,0
3,P11,P11,Post_P11,0,0.2821329346407485,0
3,P11,P11,Post_P11,0,0.386586506438717,0
3,P11,P11,Post_P11,0,0.4791204926665824,0
3,P11,P11,Post_P11,0,0.2581053627704792,0
3,P11,P11,Post_P11,0,0.29160114567486484,0
3,P11,P11,Post_P11,0,0.5324702043640314,1
3,P11,P11,Post_P11,0,0.581745470572399,1
3,P11,P11,Post_P11,0,0.6200455353728063,1
3,P11,P11,Post_P11,0,0.42265024966244397,0
3,P11,P11,Post_P11,0,0.17024476372618244,0
3,P11,P11,Post_P11,0,0.7030955239669818,1
3,P11,P11,Post_P11,0,0.22213369084973633,0
3,P11,P11,Post_P11,0,0.3876129910267148,0
3,P11,P11,Post_P11,0,0.565534233076286,1
3,P11,P11,Post_P11,0,0.6359323725680107,1
3,P11,P11,Post_P11,0,0.6489501080012573,1
3,P11,P11,Post_P11,0,0.639948329654511,1
3,P11,P11,Post_P11,0,0.3416880682541829,0
3,P11,P11,Post_P11,0,0.6222510240343457,1
3,P11,P11,Post_P11,0,0.6171867623266509,1
3,P11,P11,Post_P11,0,0.5493885453745302,1
3,P11,P11,Post_P11,0,0.23948047891495883,0
3,P11,P11,Post_P11,0,0.4657090252581533,0
3,P11,P11,Post_P11,0,0.8065910174093401,1
3,P11,P11,Post_P11,0,0.30310618237709186,0
3,P11,P11,Post_P11,0,0.4919360496985885,0
3,P11,P11,Post_P11,0,0.6965702654007202,1
3,P11,P11,Post_P11,0,0.45842432960542007,0
3,P11,P11,Post_P11,0,0.0584921100920102,0
3,P11,P11,Post_P11,0,0.5027352150022278,1
3,P11,P11,Post_P11,0,0.6584076209865074,1
3,P11,P11,Post_P11,0,0.40198307072673245,0
3,P11,P11,Post_P11,0,0.5237633120745641,1
3,P11,P11,Post_P11,0,0.2751657137648855,0
3,P11,P11,Post_P11,0,0.4745881265759712,0
3,P11,P11,Post_P11,0,0.4171346861788673,0
3,P11,P11,Post_P11,0,0.348913784458781,0
3,P11,P11,Post_P11,0,0.5490973076026001,1
3,P11,P11,Post_P11,0,0.5689137561233989,1
3,P11,P11,Post_P11,0,0.2410099270343451,0
3,P11,P11,Post_P11,0,0.1161432111091063,0
3,P11,P11,Post_P11,0,0.6031799178394489,1
3,P11,P11,Post_P11,0,0.3903576970148714,0
3,P11,P11,Post_P11,0,0.25211176548318437,0
3,P11,P11,Post_P11,0,0.41489965637949144,0
3,P11,P11,Post_P11,0,0.4818122980833995,0
3,P11,P11,Post_P11,0,0.3425635774359605,0
3,P11,P11,Post_P11,0,0.4009876636935845,0
3,P11,P11,Post_P11,0,0.3074730084980667,0
3,P11,P11,Post_P11,0,0.36230223069858597,0
3,P11,P11,Post_P11,0,0.4837364889678242,0
3,P11,P11,Post_P11,0,0.5187824155619853,1
3,P11,P11,Post_P11,0,0.45510087532851323,0
3,P11,P11,Post_P11,0,0.730870645222736,1
3,P11,P11,Post_P11,0,0.4084632296096578,0
3,P11,P11,Post_P11,0,0.5876452958867269,1
3,P11,P11,Post_P11,0,0.4536127681327073,0
3,P11,P11,Post_P11,0,0.5875862671609787,1
3,P11,P11,Post_P11,0,0.7381649451726134,1
3,P11,P11,Post_P11,0,0.492520466314148,0
3,P11,P11,Post_P11,0,0.40007738863572295,0
3,P11,P11,Post_P11,0,0.3201980828881056,0
3,P11,P11,Post_P11,0,0.6043838919446215,1
3,P11,P11,Post_P11,0,0.32757182985584404,0
3,P11,P11,Post_P11,0,0.5593921784334284,1
3,P11,P11,Post_P11,0,0.2949130457995716,0
3,P11,P11,Post_P11,0,0.2598065897526829,0
3,P11,P11,Post_P11,0,0.5579846268829531,1
3,P11,P11,Post_P11,0,0.5692739594684489,1
3,P11,P11,Post_P11,0,0.34072222733049334,0
3,P11,P11,Post_P11,0,0.3717733587607779,0
3,P11,P11,Post_P11,0,0.5739626398894241,1
3,P11,P11,Post_P11,0,0.5528851146963071,1
3,P11,P11,Post_P11,0,0.378730325156377,0
3,P11,P11,Post_P11,0,0.4399636344438354,0
3,P11,P11,Post_P11,0,0.556694082033936,1
3,P11,P11,Post_P11,0,0.4294868903461144,0
3,P11,P11,Post_P11,0,0.492628185467896,0
3,P11,P11,Post_P11,0,0.4162849758451334,0
3,P11,P11,Post_P11,0,0.4222548792640019,0
3,P11,P11,Post_P11,0,0.5992439730112982,1
3,P11,P11,Post_P11,0,0.6646124753553802,1
3,P11,P11,Post_P11,0,0.5686416937553661,1
3,P11,P11,Post_P11,0,0.2727991770085279,0
3,P11,P11,Post_P11,0,0.5179266908537804,1
3,P11,P11,Post_P11,0,0.6213445605915833,1
3,P11,P11,Post_P11,0,0.44557560229280113,0
3,P11,P11,Post_P11,0,0.4155247480638712,0
3,P11,P11,Post_P11,0,0.2400505518133478,0
3,P11,P11,Post_P11,0,0.3758719946516248,0
3,P11,P11,Post_P11,0,0.37875826461130296,0
3,P11,P11,Post_P11,0,0.4639033875909874,0
3,P11,P11,Post_P11,0,0.5351842730012407,1
3,P11,P11,Post_P11,0,0.24492931841709173,0
3,P11,P11,Post_P11,0,0.4133740016535084,0
3,P11,P11,Post_P11,0,0.4164929434075649,0
3,P11,P11,Post_P11,0,0.20037981679601996,0
3,P11,P11,Post_P11,0,0.5031144585910986,1
3,P11,P11,Post_P11,0,0.18014800134736453,0
3,P11,P11,Post_P11,0,0.6328687750134034,1
3,P11,P11,Post_P11,0,0.23682246546952201,0
3,P11,P11,Post_P11,0,0.30150550211487287,0
3,P11,P11,Post_P11,0,0.40895111429949954,0
3,P11,P11,Post_P11,0,0.6138417875478611,1
3,P11,P11,Post_P11,0,0.5074826128484785,1
3,P11,P11,Post_P11,0,0.25789896648528243,0
3,P11,P11,Post_P11,0,0.5850620585781845,1
3,P11,P11,Post_P11,0,0.4861582046798202,0
3,P11,P11,Post_P11,0,0.3883859697291581,0
3,P11,P11,Post_P11,0,0.333697234751117,0
3,P11,P11,Post_P11,0,0.33854836337993255,0
3,P11,P11,Post_P11,0,0.666935417372724,1
3,P11,P11,Post_P11,0,0.2672433902263524,0
3,P11,P11,Post_P11,0,0.47298749705415577,0
3,P11,P11,Post_P11,0,0.338460505536939,0
3,P11,P11,Post_P11,0,0.5589068416812204,1
3,P11,P11,Post_P11,0,0.3817594837799711,0
3,P11,P11,Post_P11,0,0.2362798303573831,0
3,P11,P11,Post_P11,0,0.26892014764683864,0
3,P11,P11,Post_P11,0,0.6442700404799908,1
3,P11,P11,Post_P11,0,0.15787819952149615,0
3,P11,P11,Post_P11,0,0.48863878387912224,0
3,P11,P11,Post_P11,0,0.2749805536408503,0
3,P11,P11,Post_P11,0,0.5618302709089826,1
3,P11,P11,Post_P11,0,0.40301601706984774,0
3,P11,P11,Post_P11,0,0.3514609687319745,0
3,P11,P11,Post_P11,0,0.46753367259344975,0
3,P11,P11,Post_P11,0,0.6217385647042509,1
3,P11,P11,Post_P11,0,0.34254127004227347,0
3,P11,P11,Post_P11,0,0.3504959746124504,0
3,P11,P11,Post_P11,0,0.5744539207478437,1
3,P11,P11,Post_P11,0,0.49519587091995804,0
3,P11,P11,Post_P11,0,0.7784111459417942,1
3,P11,P11,Post_P11,0,0.6864091198077531,1
3,P11,P11,Post_P11,0,0.342567662718886,0
3,P11,P11,Post_P11,0,0.5582942310191882,1
3,P11,P11,Post_P11,0,0.5372181764958405,1
3,P11,P11,Post_P11,0,0.42500725374179793,0
3,P11,P11,Post_P11,0,0.5709144083209554,1
3,P11,P11,Post_P11,0,0.477452390520975,0
3,P11,P11,Post_P11,0,0.503382791281561,1
3,P11,P11,Post_P11,0,0.3414710795658007,0
3,P11,P11,Post_P11,0,0.6100605065871183,1
3,P11,P11,Post_P11,0,0.41118954129318386,0
3,P11,P11,Post_P11,0,0.6540580120892345,1
3,P11,P11,Post_P11,0,0.22029540186228655,0
3,P11,P11,Post_P11,0,0.4280886119233436,0
3,P11,P11,Post_P11,0,0.6127429552337488,1
3,P11,P11,Post_P11,0,0.29208861176412776,0
3,P11,P11,Post_P11,0,0.44981978495606023,0
3,P11,P11,Post_P11,0,0.43866356444486476,0
3,P11,P11,Post_P11,0,0.3902871977766183,0
3,P11,P11,Post_P11,0,0.25335097740198875,0
3,P11,P11,Post_P11,0,0.4917492842775561,0
3,P11,P11,Post_P11,0,0.4171738604800153,0
3,P11,P11,Post_P11,0,0.31345574363334283,0
3,P11,P11,Post_P11,0,0.5404165624398237,1
3,P11,P11,Post_P11,0,0.4750512611800033,0
3,P11,P11,Post_P11,0,0.37663099003654715,0
3,P11,P11,Post_P11,0,0.5125961284236231,1
3,P11,P11,Post_P11,0,0.2793663272678266,0
3,P11,P11,Post_P11,0,0.4196612008440911,0
3,P11,P11,Post_P11,0,0.6929745256030312,1
3,P11,P11,Post_P11,0,0.5491200818464367,1
3,P11,P11,Post_P11,0,0.3257197553105527,0
3,P11,P11,Post_P11,0,0.08877527978925848,0
3,P11,P11,Post_P11,0,0.6771672606229203,1
3,P11,P11,Post_P11,0,0.636216254297355,1
3,P11,P11,Post_P11,0,0.5501461675446723,1
3,P11,P11,Post_P11,0,0.4083756933085138,0
3,P11,P11,Post_P11,0,0.6782430451414904,1
3,P11,P11,Post_P11,0,0.6588139243168747,1
3,P11,P11,Post_P11,0,0.32021573298188505,0
3,P11,P11,Post_P11,0,0.30647639707908175,0
3,P11,P11,Post_P11,0,0.055082494563013985,0
3,P11,P11,Post_P11,0,0.5847415345674754,1
3,P11,P11,Post_P11,0,0.6744153312857109,1
3,P11,P11,Post_P11,0,0.48982554552408675,0
3,P11,P11,Post_P11,0,0.36481246121265015,0
3,P11,P11,Post_P11,0,0.6882438929454071,1
3,P11,P11,Post_P11,0,0.47961811938809695,0
3,P11,P11,Post_P11,0,0.2703118691962208,0
3,P11,P11,Post_P11,0,0.30162231339662826,0
3,P11,P11,Post_P11,0,0.5537182487471828,1
3,P11,P11,Post_P11,0,0.07939457137002137,0
3,P11,P11,Post_P11,0,0.3801770897349695,0
3,P11,P11,Post_P11,0,0.4629586794491907,0
3,P11,P11,Post_P11,0,0.7006985448367655,1
3,P11,P11,Post_P11,0,0.5459713078987073,1
3,P11,P11,Post_P11,0,0.547314543284853,1
3,P11,P11,Post_P11,0,0.40099396650822833,0
3,P11,P11,Post_P11,0,0.35703127196464723,0
3,P11,P11,Post_P11,0,0.17095651091605762,0
3,P11,P11,Post_P11,0,0.49254610484501504,0
3,P11,P11,Post_P11,0,0.4456468606226808,0
3,P11,P11,Post_P11,0,0.3358922822317118,0
3,P11,P11,Post_P11,0,0.628815101559408,1
3,P11,P11,Post_P11,0,0.4902179247245329,0
3,P11,P11,Post_P11,0,0.41371051791324875,0
3,P11,P11,Post_P11,0,0.6345567361102575,1
3,P11,P11,Post_P11,0,0.273877928869694,0
3,P11,P11,Post_P11,0,0.540677952905635,1
3,P11,P11,Post_P11,0,0.25193463355352763,0
3,P11,P11,Post_P11,0,0.6106496551848043,1
3,P11,P11,Post_P11,0,0.3277390478431815,0
3,P11,P11,Post_P11,0,0.5172243455615573,1
3,P11,P11,Post_P11,0,0.5489794927767638,1
3,P11,P11,Post_P11,0,0.5875514023554976,1
3,P11,P11,Post_P11,0,0.4393268311311484,0
3,P11,P11,Post_P11,0,0.659670796747756,1
3,P11,P11,Post_P11,0,0.2895039946473364,0
3,P11,P11,Post_P11,0,0.4708975063058829,0
3,P11,P11,Post_P11,0,0.6653140858663016,1
3,P11,P11,Post_P11,0,0.397173709041186,0
3,P11,P11,Post_P11,0,0.5897497682542766,1
3,P11,P11,Post_P11,0,0.18543823719744995,0
3,P11,P11,Post_P11,0,0.30743795908909755,0
3,P11,P11,Post_P11,0,0.4407570364095423,0
3,P11,P11,Post_P11,0,0.5726471961632698,1
3,P11,P11,Post_P11,0,0.47911602644253387,0
3,P11,P11,Post_P11,0,0.36179269366683026,0
3,P11,P11,Post_P11,0,0.4408617780691646,0
3,P11,P11,Post_P11,0,0.4970212414126846,0
3,P11,P11,Post_P11,0,0.42367940672069715,0
3,P11,P11,Post_P11,0,0.5333420571563829,1
3,P11,P11,Post_P11,0,0.4902413292701306,0
3,P11,P11,Post_P11,0,0.3091687365362183,0
3,P11,P11,Post_P11,0,0.5547784119850848,1
3,P11,P11,Post_P11,0,0.2768571720973614,0
3,P11,P11,Post_P11,0,0.71421290865854,1
3,P11,P11,Post_P11,0,0.5144322596063622,1
3,P11,P11,Post_P11,0,0.4528015452968823,0
3,P11,P11,Post_P11,0,0.614271242973284,1
3,P11,P11,Post_P11,0,0.4444765203647136,0
3,P11,P11,Post_P11,0,0.40740742296400606,0
3,P11,P11,Post_P11,0,0.6177779950438597,1
3,P11,P11,Post_P11,0,0.7741367008078562,1
3,P11,P11,Post_P11,0,0.28291790765037755,0
3,P11,P11,Post_P11,0,0.49153200666554037,0
3,P11,P11,Post_P11,0,0.3751780869234256,0
3,P11,P11,Post_P11,0,0.5917043113496981,1
3,P11,P11,Post_P11,0,0.5167595747426874,1
3,P11,P11,Post_P11,0,0.15091607351105418,0
3,P11,P11,Post_P11,0,0.5076241018879692,1
3,P11,P11,Post_P11,0,0.3949316961074913,0
3,P11,P11,Post_P11,0,0.37081098012721403,0
3,P11,P11,Post_P11,0,0.637956304518923,1
3,P11,P11,Post_P11,0,0.4538994080699925,0
3,P11,P11,Post_P11,0,0.12131753655174443,0
3,P11,P11,Post_P11,0,0.6532993226874612,1
3,P11,P11,Post_P11,0,0.6024140614855371,1
3,P11,P11,Post_P11,0,0.552096151974616,1
3,P11,P11,Post_P11,0,0.569709572260929,1
3,P11,P11,Post_P11,0,0.19941712130675807,0
3,P11,P11,Post_P11,0,0.4037233179584806,0
3,P11,P11,Post_P11,0,0.3126190153327946,0
3,P11,P11,Post_P11,0,0.2082811176120763,0
3,P11,P11,Post_P11,0,0.48704344154435714,0
3,P11,P11,Post_P11,0,0.5058295278786347,1
3,P11,P11,Post_P11,0,0.7024322666771451,1
3,P11,P11,Post_P11,0,0.31883196878044096,0
3,P11,P11,Post_P11,0,0.19713563615302782,0
3,P11,P11,Post_P11,0,0.5479576275064089,1
3,P11,P11,Post_P11,0,0.6430432296828826,1
3,P11,P11,Post_P11,0,0.4898707699000678,0
3,P11,P11,Post_P11,0,0.37617291844496764,0
3,P11,P11,Post_P11,0,0.2338783918271729,0
3,P11,P11,Post_P11,0,0.525690311783267,1
3,P11,P11,Post_P11,0,0.6240538555351824,1
3,P11,P11,Post_P11,0,0.3170921982908344,0
3,P11,P11,Post_P11,0,0.649227569965042,1
3,P11,P11,Post_P11,0,0.35911624076275184,0
3,P11,P11,Post_P11,0,0.36889509327175063,0
3,P11,P11,Post_P11,0,0.4285773167638748,0
3,P11,P11,Post_P11,0,0.20119057145807928,0
3,P11,P11,Post_P11,0,0.5794883127291379,1
3,P11,P11,Post_P11,0,0.36323070344706454,0
3,P11,P11,Post_P11,0,0.44172224740376076,0
3,P11,P11,Post_P11,0,0.8269209804648061,1
3,P11,P11,Post_P11,0,0.7949894385286794,1
3,P11,P11,Post_P11,0,0.43312478164784696,0
3,P11,P11,Post_P11,0,0.5028603627546805,1
3,P11,P11,Post_P11,0,0.26295775429007173,0
3,P11,P11,Post_P11,0,0.47493680415104067,0
3,P11,P11,Post_P11,0,0.29919731698146373,0
3,P11,P11,Post_P11,0,0.2953951016872222,0
3,P11,P11,Post_P11,0,0.4752907311909874,0
4,P12,P12,Pre_P12,0,0.31773764847793795,0
4,P12,P12,Pre_P12,0,0.2589289891166979,0
4,P12,P12,Pre_P12,0,0.5820770871075945,1
4,P12,P12,Pre_P12,0,0.4841195821039559,0
4,P12,P12,Pre_P12,0,0.3141557669556127,0
4,P12,P12,Pre_P12,0,0.5514246434751412,1
4,P12,P12,Pre_P12,0,0.21877849691121054,0
4,P12,P12,Pre_P12,0,0.3721366381501657,0
4,P12,P12,Pre_P12,0,0.2880724882400745,0
4,P12,P12,Pre_P12,0,0.32975294578040054,0
4,P12,P12,Pre_P12,0,0.4407438437562761,0
4,P12,P12,Pre_P12,0,0.4844220577656502,0
4,P12,P12,Pre_P12,0,0.49759492613789424,0
4,P12,P12,Pre_P12,0,0.1871609974544019,0
4,P12,P12,Pre_P12,0,0.5388956450886663,1
4,P12,P12,Pre_P12,0,0.4949532284918245,0
4,P12,P12,Pre_P12,0,0.2186842625346977,0
4,P12,P12,Pre_P12,0,0.3089030960403419,0
4,P12,P12,Pre_P12,0,0.2680796927781912,0
4,P12,P12,Pre_P12,0,0.3856686396981456,0
4,P12,P12,Pre_P12,0,0.27081140356721983,0
4,P12,P12,Pre_P12,0,0.4442644877302891,0
4,P12,P12,Pre_P12,0,0.5297691668370794,1
4,P12,P12,Pre_P12,0,0.4572400170921023,0
4,P12,P12,Pre_P12,0,0.4586026710363418,0
4,P12,P12,Pre_P12,0,0.5900831893741206,1
4,P12,P12,Pre_P12,0,0.3609904135201585,0
4,P12,P12,Pre_P12,0,0.20302303318950568,0
4,P12,P12,Pre_P12,0,0.22923455866770726,0
4,P12,P12,Pre_P12,0,0.27305965197196125,0
4,P12,P12,Pre_P12,0,0.12171798258620993,0
4,P12,P12,Pre_P12,0,0.4265564168314458,0
4,P12,P12,Pre_P12,0,0.301340583510326,0
4,P12,P12,Pre_P12,0,0.21362572450431813,0
4,P12,P12,Pre_P12,0,0.541542423339032,1
4,P12,P12,Pre_P12,0,0.5736045404388641,1
4,P12,P12,Pre_P12,0,0.13427667006367303,0
4,P12,P12,Pre_P12,0,0.2076603530274334,0
4,P12,P12,Pre_P12,0,0.29240157964478136,0
4,P12,P12,Pre_P12,0,0.45161469015148104,0
4,P12,P12,Pre_P12,0,0.5111853379145455,1
4,P12,P12,Pre_P12,0,0.5911905238321727,1
4,P12,P12,Pre_P12,0,0.7097991450424088,1
4,P12,P12,Pre_P12,0,0.5779817312535849,1
4,P12,P12,Pre_P12,0,0.5387890746394335,1
4,P12,P12,Pre_P12,0,0.21142285976147523,0
4,P12,P12,Pre_P12,0,0.48742980028481564,0
4,P12,P12,Pre_P12,0,0.539038797239806,1
4,P12,P12,Pre_P12,0,0.40749852057439717,0
4,P12,P12,Pre_P12,0,0.46796414273055575,0
4,P12,P12,Pre_P12,0,0.15663103768882639,0
4,P12,P12,Pre_P12,0,0.5152775007330347,1
4,P12,P12,Pre_P12,0,0.19664560323769048,0
4,P12,P12,Pre_P12,0,0.1165052967977818,0
4,P12,P12,Pre_P12,0,0.26521695826438524,0
4,P12,P12,Pre_P12,0,0.24254784770051988,0
4,P12,P12,Pre_P12,0,0.37205941676636584,0
4,P12,P12,Pre_P12,0,0.29586789073697173,0
4,P12,P12,Pre_P12,0,0.25986619040731035,0
4,P12,P12,Pre_P12,0,0.46641447563725824,0
4,P12,P12,Pre_P12,0,0.42358837551298445,0
4,P12,P12,Pre_P12,0,0.6107340524257616,1
4,P12,P12,Pre_P12,0,0.36461286791258435,0
4,P12,P12,Pre_P12,0,0.25548852394502625,0
4,P12,P12,Pre_P12,0,0.30416920766615224,0
4,P12,P12,Pre_P12,0,0.5790497586946016,1
4,P12,P12,Pre_P12,0,0.33794665181628586,0
4,P12,P12,Pre_P12,0,0.6241032835140481,1
4,P12,P12,Pre_P12,0,0.29804564251992316,0
4,P12,P12,Pre_P12,0,0.36348642492753436,0
4,P12,P12,Pre_P12,0,0.4697888486160132,0
4,P12,P12,Pre_P12,0,0.5267672577350038,1
4,P12,P12,Pre_P12,0,0.29204614974857374,0
4,P12,P12,Pre_P12,0,0.47489394851779493,0
4,P12,P12,Pre_P12,0,0.47867580909748625,0
4,P12,P12,Pre_P12,0,0.5632305585249673,1
4,P12,P12,Pre_P12,0,0.4172538542466706,0
4,P12,P12,Pre_P12,0,0.5912375471024939,1
4,P12,P12,Pre_P12,0,0.32128335982748957,0
4,P12,P12,Pre_P12,0,0.3552918778130437,0
4,P12,P12,Pre_P12,0,0.3712571611234862,0
4,P12,P12,Pre_P12,0,0.4252526735877385,0
4,P12,P12,Pre_P12,0,0.5614828388787537,1
4,P12,P12,Pre_P12,0,0.2526093477790356,0
4,P12,P12,Pre_P12,0,0.5009393277703389,1
4,P12,P12,Pre_P12,0,0.4844920079476702,0
4,P12,P12,Pre_P12,0,0.3043919783363091,0
4,P12,P12,Pre_P12,0,0.4217810696479569,0
4,P12,P12,Pre_P12,0,0.3688050765455341,0
4,P12,P12,Pre_P12,0,0.6115700843172142,1
4,P12,P12,Pre_P12,0,0.29195694406763445,0
4,P12,P12,Pre_P12,0,0.43346483718255474,0
4,P12,P12,Pre_P12,0,0.45936102283232483,0
4,P12,P12,Pre_P12,0,0.279200887073143,0
4,P12,P12,Pre_P12,0,0.150184342154922,0
4,P12,P12,Pre_P12,0,0.3527411944183749,0
4,P12,P12,Pre_P12,0,0.2938451440826456,0
4,P12,P12,Pre_P12,0,0.30231597917385133,0
4,P12,P12,Pre_P12,0,0.5260905267020586,1
4,P12,P12,Pre_P12,0,0.336658045330419,0
4,P12,P12,Pre_P12,0,0.34127589130835057,0
4,P12,P12,Pre_P12,0,0.3971590691145224,0
4,P12,P12,Pre_P12,0,0.17781783081984712,0
4,P12,P12,Pre_P12,0,0.267774005596915,0
4,P12,P12,Pre_P12,0,0.7358019436727223,1
4,P12,P12,Pre_P12,0,0.5639510903011825,1
4,P12,P12,Pre_P12,0,0.3448200460394506,0
4,P12,P12,Pre_P12,0,0.438687895845084,0
4,P12,P12,Pre_P12,0,0.2167744108401318,0
4,P12,P12,Pre_P12,0,0.36024249091329213,0
4,P12,P12,Pre_P12,0,0.17616491828155578,0
4,P12,P12,Pre_P12,0,0.41495333924628175,0
4,P12,P12,Pre_P12,0,0.3239882999678466,0
4,P12,P12,Pre_P12,0,0.2415433701142961,0
4,P12,P12,Pre_P12,0,0.5421073214126887,1
4,P12,P12,Pre_P12,0,0.21914455438730787,0
4,P12,P12,Pre_P12,0,0.5515562293401531,1
4,P12,P12,Pre_P12,0,0.5825129465666059,1
4,P12,P12,Pre_P12,0,0.41999407629186863,0
4,P12,P12,Pre_P12,0,0.5681138075033982,1
4,P12,P12,Pre_P12,0,0.5216549117634642,1
4,P12,P12,Pre_P12,0,0.4155045588068705,0
4,P12,P12,Pre_P12,0,0.4366814370655813,0
4,P12,P12,Pre_P12,0,0.22345806317936792,0
4,P12,P12,Pre_P12,0,0.5082607789870853,1
4,P12,P12,Pre_P12,0,0.6949200183490851,1
4,P12,P12,Pre_P12,0,0.33302124951974515,0
4,P12,P12,Pre_P12,0,0.2693010879948277,0
4,P12,P12,Pre_P12,0,0.5671105040596885,1
4,P12,P12,Pre_P12,0,0.3772771699515405,0
4,P12,P12,Pre_P12,0,0.3264879667841307,0
4,P12,P12,Pre_P12,0,0.47848174813545635,0
4,P12,P12,Pre_P12,0,0.5308016266274999,1
4,P12,P12,Pre_P12,0,0.3888284033090968,0
4,P12,P12,Pre_P12,0,0.5840048059339042,1
4,P12,P12,Pre_P12,0,0.11733015657064387,0
4,P12,P12,Pre_P12,0,0.4071728388671697,0
4,P12,P12,Pre_P12,0,0.3491093360169018,0
4,P12,P12,Pre_P12,0,0.28392245828233786,0
4,P12,P12,Pre_P12,0,0.30590580274409773,0
4,P12,P12,Pre_P12,0,0.1297078413964966,0
4,P12,P12,Pre_P12,0,0.38821564738866465,0
4,P12,P12,Pre_P12,0,0.3612677558084844,0
4,P12,P12,Pre_P12,0,0.44822112038348255,0
4,P12,P12,Pre_P12,0,0.36658990948953657,0
4,P12,P12,Pre_P12,0,0.2566510063077747,0
4,P12,P12,Pre_P12,0,0.44452430467481074,0
4,P12,P12,Pre_P12,0,0.1992145996199346,0
4,P12,P12,Pre_P12,0,0.5361763894347531,1
4,P12,P12,Pre_P12,0,0.4343651235656095,0
4,P12,P12,Pre_P12,0,0.4039201966609234,0
4,P12,P12,Pre_P12,0,0.4350040616132135,0
4,P12,P12,Pre_P12,0,0.5140402609415072,1
4,P12,P12,Pre_P12,0,0.3967983147134451,0
4,P12,P12,Pre_P12,0,0.4791118285499253,0
4,P12,P12,Pre_P12,0,0.3028433169095215,0
4,P12,P12,Pre_P12,0,0.3173493927711178,0
4,P12,P12,Pre_P12,0,0.37741249234624247,0
4,P12,P12,Pre_P12,0,0.2828484824554695,0
4,P12,P12,Pre_P12,0,0.05745181693040317,0
4,P12,P12,Pre_P12,0,0.3310282995284694,0
4,P12,P12,Pre_P12,0,0.3408478832685403,0
4,P12,P12,Pre_P12,0,0.48671570214320065,0
4,P12,P12,Pre_P12,0,0.5208711655356228,1
4,P12,P12,Pre_P12,0,0.3889549892861162,0
4,P12,P12,Pre_P12,0,0.3025273569599023,0
4,P12,P12,Pre_P12,0,0.2514876890901823,0
4,P12,P12,Pre_P12,0,0.4340096139429112,0
4,P12,P12,Pre_P12,0,0.23080004753729585,0
4,P12,P12,Pre_P12,0,0.3125244780610951,0
4,P12,P12,Pre_P12,0,0.2845123571024385,0
4,P12,P12,Pre_P12,0,0.44503008255340665,0
4,P12,P12,Pre_P12,0,0.28029949354163974,0
4,P12,P12,Pre_P12,0,0.2585014140826265,0
4,P12,P12,Pre_P12,0,0.399736165355963,0
4,P12,P12,Pre_P12,0,0.39027136099773174,0
4,P12,P12,Pre_P12,0,0.5376903595432709,1
4,P12,P12,Pre_P12,0,0.44324672820707506,0
4,P12,P12,Pre_P12,0,0.23905288630073332,0
4,P12,P12,Pre_P12,0,0.6004698644806808,1
4,P12,P12,Pre_P12,0,0.20675138919602956,0
4,P12,P12,Pre_P12,0,0.1583445684310895,0
4,P12,P12,Pre_P12,0,0.4524016015129705,0
4,P12,P12,Pre_P12,0,0.40567358291892114,0
4,P12,P12,Pre_P12,0,0.7023031088329025,1
4,P12,P12,Pre_P12,0,0.3172948392346006,0
4,P12,P12,Pre_P12,0,0.36384674057944943,0
4,P12,P12,Pre_P12,0,0.3256226937885249,0
4,P12,P12,Pre_P12,0,0.4328538212008503,0
4,P12,P12,Pre_P12,0,0.5648923737303644,1
4,P12,P12,Pre_P12,0,0.30524667936509203,0
4,P12,P12,Pre_P12,0,0.3942247456110202,0
4,P12,P12,Pre_P12,0,0.4479781091583226,0
4,P12,P12,Pre_P12,0,0.2691031513730983,0
4,P12,P12,Pre_P12,0,0.5304146520208466,1
4,P12,P12,Pre_P12,0,0.4754875186083641,0
4,P12,P12,Pre_P12,0,0.39532405026592543,0
4,P12,P12,Pre_P12,0,0.6243738338950297,1
4,P12,P12,Pre_P12,0,0.3176407438915441,0
4,P12,P12,Pre_P12,0,0.6170054757066337,1
4,P12,P12,Pre_P12,0,0.43616008969934633,0
4,P12,P12,Pre_P12,0,0.28997507381807286,0
4,P12,P12,Pre_P12,0,0.3348160579531252,0
4,P12,P12,Pre_P12,0,0.3027963160931921,0
4,P12,P12,Pre_P12,0,0.24475905050816357,0
4,P12,P12,Pre_P12,0,0.24521221483872122,0
4,P12,P12,Pre_P12,0,0.5180437397781544,1
4,P12,P12,Pre_P12,0,0.4829891288801909,0
4,P12,P12,Pre_P12,0,0.313380136362538,0
4,P12,P12,Pre_P12,0,0.5121686982981963,1
4,P12,P12,Pre_P12,0,0.4904746893313269,0
4,P12,P12,Pre_P12,0,0.6267801993052546,1
4,P12,P12,Pre_P12,0,0.26949630838815536,0
4,P12,P12,Pre_P12,0,0.46726179943188834,0
4,P12,P12,Pre_P12,0,0.3706434275317354,0
4,P12,P12,Pre_P12,0,0.4653913582980266,0
4,P12,P12,Pre_P12,0,0.3784693861064427,0
4,P12,P12,Pre_P12,0,0.6415856318299433,1
4,P12,P12,Pre_P12,0,0.22816874538116202,0
4,P12,P12,Pre_P12,0,0.09696205704255575,0
4,P12,P12,Pre_P12,0,0.5199087135445584,1
4,P12,P12,Pre_P12,0,0.3334735096415949,0
4,P12,P12,Pre_P12,0,0.3252354770007531,0
4,P12,P12,Pre_P12,0,0.35238602714668577,0
4,P12,P12,Pre_P12,0,0.3318279143987934,0
4,P12,P12,Pre_P12,0,0.32863611146670585,0
4,P12,P12,Pre_P12,0,0.5721613423706883,1
4,P12,P12,Pre_P12,0,0.21270032710923187,0
4,P12,P12,Pre_P12,0,0.29143329559254066,0
4,P12,P12,Pre_P12,0,0.29365990241166323,0
4,P12,P12,Pre_P12,0,0.2823225066218009,0
4,P12,P12,Pre_P12,0,0.42669095653956945,0
4,P12,P12,Pre_P12,0,0.430232527666056,0
4,P12,P12,Pre_P12,0,0.2607001110167795,0
4,P12,P12,Pre_P12,0,0.5540608584278301,1
4,P12,P12,Pre_P12,0,0.6284776819598492,1
4,P12,P12,Pre_P12,0,0.2501145281930937,0
4,P12,P12,Pre_P12,0,0.5800812906949536,1
4,P12,P12,Pre_P12,0,0.1606799318919662,0
4,P12,P12,Pre_P12,0,0.3936893918084868,0
4,P12,P12,Pre_P12,0,0.4822075630127728,0
4,P12,P12,Pre_P12,0,0.14938256848852735,0
4,P12,P12,Pre_P12,0,0.15478783421671619,0
4,P12,P12,Pre_P12,0,0.16319587610080158,0
4,P12,P12,Pre_P12,0,0.07632831925560857,0
4,P12,P12,Pre_P12,0,0.28824512832656546,0
4,P12,P12,Pre_P12,0,0.5259133110233374,1
4,P12,P12,Pre_P12,0,0.2608295290511791,0
4,P12,P12,Pre_P12,0,0.2851660243997221,0
4,P12,P12,Pre_P12,0,0.2883746154353207,0
4,P12,P12,Pre_P12,0,0.6374534676350424,1
4,P12,P12,Pre_P12,0,0.38618263603077874,0
4,P12,P12,Pre_P12,0,0.4765294393983751,0
4,P12,P12,Pre_P12,0,0.1165766361745281,0
4,P12,P12,Pre_P12,0,0.19964866620324026,0
4,P12,P12,Pre_P12,0,0.31978116468715045,0
4,P12,P12,Pre_P12,0,0.32317020865492707,0
4,P12,P12,Pre_P12,0,0.22781188887633444,0
4,P12,P12,Pre_P12,0,0.3353731833855719,0
4,P12,P12,Pre_P12,0,0.2617175371677336,0
4,P12,P12,Pre_P12,0,0.2228730158479206,0
4,P12,P12,Pre_P12,0,0.38392852408405864,0
4,P12,P12,Pre_P12,0,0.13356729066008075,0
4,P12,P12,Pre_P12,0,0.5558820381884254,1
4,P12,P12,Pre_P12,0,0.15841377889155467,0
4,P12,P12,Pre_P12,0,0.46343178467100915,0
4,P12,P12,Pre_P12,0,0.4160930510640602,0
4,P12,P12,Pre_P12,0,0.3068535588134895,0
4,P12,P12,Pre_P12,0,0.4441451702146611,0
4,P12,P12,Pre_P12,0,0.28513314692153663,0
4,P12,P12,Pre_P12,0,0.5769763908298183,1
4,P12,P12,Pre_P12,0,0.5031573856472881,1
4,P12,P12,Pre_P12,0,0.42019109777970953,0
4,P12,P12,Pre_P12,0,0.23474493033397761,0
4,P12,P12,Pre_P12,0,0.40555964822832835,0
4,P12,P12,Pre_P12,0,0.43827141430657096,0
4,P12,P12,Pre_P12,0,0.27407885679607524,0
4,P12,P12,Pre_P12,0,0.39087751332583964,0
4,P12,P12,Pre_P12,0,0.25709791923681774,0
4,P12,P12,Pre_P12,0,0.39936714485790836,0
4,P12,P12,Pre_P12,0,0.2738140273970742,0
4,P12,P12,Pre_P12,0,0.47252797749186365,0
4,P12,P12,Pre_P12,0,0.20850785702265415,0
4,P12,P12,Pre_P12,0,0.36337878938725593,0
4,P12,P12,Pre_P12,0,0.677507200137375,1
4,P12,P12,Pre_P12,0,0.41400068215000846,0
4,P12,P12,Pre_P12,0,0.5157983978737946,1
4,P12,P12,Pre_P12,0,0.3695096496638841,0
4,P12,P12,Pre_P12,0,0.4168839011301499,0
4,P12,P12,Pre_P12,0,0.47503886561143555,0
4,P12,P12,Pre_P12,0,0.4545347299834685,0
4,P12,P12,Pre_P12,0,0.31766751075213345,0
4,P12,P12,Pre_P12,0,0.38387300421290366,0
4,P12,P12,Pre_P12,0,0.5207561052390917,1
4,P12,P12,Pre_P12,0,0.152105859685601,0
4,P12,P12,Pre_P12,0,0.3152260203248711,0
4,P12,P12,Pre_P12,0,0.3502031059470546,0
4,P12,P12,Pre_P12,0,0.31325237060477734,0
4,P12,P12,Pre_P12,0,0.5401873555866118,1
4,P12,P12,Pre_P12,0,0.3311059913921899,0
4,P12,P12,Pre_P12,0,0.4740719359723857,0
4,P12,P12,Pre_P12,0,0.45107308688133835,0
4,P12,P12,Pre_P12,0,0.46478968726336134,0
4,P12,P12,Pre_P12,0,0.2254559159252925,0
4,P12,P12,Pre_P12,0,0.48241879374497004,0
4,P12,P12,Pre_P12,0,0.16712410396670493,0
4,P12,P12,Pre_P12,0,0.529716538283127,1
4,P12,P12,Pre_P12,0,0.21566862010894086,0
4,P12,P12,Pre_P12,0,0.41874310926917463,0
4,P12,P12,Pre_P12,0,0.7273687891312125,1
4,P12,P12,Pre_P12,0,0.24449144142927476,0
4,P12,P12,Pre_P12,0,0.3033221050512834,0
4,P12,P12,Pre_P12,0,0.26296179515887375,0
4,P12,P12,Pre_P12,0,0.2861104299894708,0
4,P12,P12,Pre_P12,0,0.41291717830215713,0
4,P12,P12,Pre_P12,0,0.39524022609787474,0
4,P12,P12,Pre_P12,0,0.20153555224455202,0
4,P12,P12,Pre_P12,0,0.26705019746666775,0
4,P12,P12,Pre_P12,0,0.26185707265798036,0
4,P12,P12,Pre_P12,0,0.17681906846409148,0
4,P12,P12,Pre_P12,0,0.5128104358163386,1
4,P12,P12,Pre_P12,0,0.49978526429328085,0
4,P12,P12,Pre_P12,0,0.3407743261995471,0
4,P12,P12,Pre_P12,0,0.5456859593168653,1
4,P12,P12,Pre_P12,0,0.37727434983504826,0
4,P12,P12,Pre_P12,0,0.43800750846069186,0
4,P12,P12,Pre_P12,0,0.3933643658961695,0
4,P12,P12,Pre_P12,0,0.4143358920307233,0
4,P12,P12,Pre_P12,0,0.3358289394346307,0
4,P12,P12,Pre_P12,0,0.3742664787849331,0
4,P12,P12,Post_P12,0,0.08836813436567384,0
4,P12,P12,Post_P12,0,0.4535401990875993,0
4,P12,P12,Post_P12,0,0.5213585694918418,1
4,P12,P12,Post_P12,0,0.4150773504436848,0
4,P12,P12,Post_P12,0,0.4008210055711996,0
4,P12,P12,Post_P12,0,0.3543481889378165,0
4,P12,P12,Post_P12,0,0.46650981317438167,0
4,P12,P12,Post_P12,0,0.2698950760544205,0
4,P12,P12,Post_P12,0,0.3551824505191656,0
4,P12,P12,Post_P12,0,0.28391045540734516,0
4,P12,P12,Post_P12,0,0.24486104864192354,0
4,P12,P12,Post_P12,0,0.17679328887368842,0
4,P12,P12,Post_P12,0,0.2812913003401618,0
4,P12,P12,Post_P12,0,0.2509856650421663,0
4,P12,P12,Post_P12,0,0.4221823982427832,0
4,P12,P12,Post_P12,0,0.46125248336382985,0
4,P12,P12,Post_P12,0,0.26366399744288266,0
4,P12,P12,Post_P12,0,0.5387030806522678,1
4,P12,P12,Post_P12,0,0.19849936751479985,0
4,P12,P12,Post_P12,0,0.14134845726354534,0
4,P12,P12,Post_P12,0,0.3608063398148321,0
4,P12,P12,Post_P12,0,0.38295841357785676,0
4,P12,P12,Post_P12,0,0.5021235798200948,1
4,P12,P12,Post_P12,0,0.3653790040476171,0
4,P12,P12,Post_P12,0,0.32796993552366754,0
4,P12,P12,Post_P12,0,0.4870234455054249,0
4,P12,P12,Post_P12,0,0.31290026036825425,0
4,P12,P12,Post_P12,0,0.28079258443040017,0
4,P12,P12,Post_P12,0,0.337673179674692,0
4,P12,P12,Post_P12,0,0.32978218415372373,0
4,P12,P12,Post_P12,0,0.3473327331014705,0
4,P12,P12,Post_P12,0,0.31335586661351017,0
4,P12,P12,Post_P12,0,0.41323672483712964,0
4,P12,P12,Post_P12,0,0.31448666128112307,0
4,P12,P12,Post_P12,0,0.42245981086912165,0
4,P12,P12,Post_P12,0,0.5523100289736241,1
4,P12,P12,Post_P12,0,0.4472096416124532,0
4,P12,P12,Post_P12,0,0.29884458847671574,0
4,P12,P12,Post_P12,0,0.15678937759849892,0
4,P12,P12,Post_P12,0,0.45866421005302105,0
4,P12,P12,Post_P12,0,0.3386585440908653,0
4,P12,P12,Post_P12,0,0.40495716655429403,0
4,P12,P12,Post_P12,0,0.17142306762608794,0
4,P12,P12,Post_P12,0,0.27876421924452954,0
4,P12,P12,Post_P12,0,0.406337250494586,0
4,P12,P12,Post_P12,0,0.2713611117036695,0
4,P12,P12,Post_P12,0,0.43270270190088633,0
4,P12,P12,Post_P12,0,0.41166461641339963,0
4,P12,P12,Post_P12,0,0.3464413836805492,0
4,P12,P12,Post_P12,0,0.07891162289562538,0
4,P12,P12,Post_P12,0,0.5865661434072166,1
4,P12,P12,Post_P12,0,0.4598605718315714,0
4,P12,P12,Post_P12,0,0.4386371204464558,0
4,P12,P12,Post_P12,0,0.5090734894209262,1
4,P12,P12,Post_P12,0,0.5258712397749138,1
4,P12,P12,Post_P12,0,0.4760428665544883,0
4,P12,P12,Post_P12,0,0.40154113987775897,0
4,P12,P12,Post_P12,0,0.2360680364679353,0
4,P12,P12,Post_P12,0,0.4992702221717093,0
4,P12,P12,Post_P12,0,0.25745595497702345,0
4,P12,P12,Post_P12,0,0.49206015749435533,0
4,P12,P12,Post_P12,0,0.36506737354937296,0
4,P12,P12,Post_P12,0,0.17777402227153585,0
4,P12,P12,Post_P12,0,0.6797624204463777,1
4,P12,P12,Post_P12,0,0.38199761813812877,0
4,P12,P12,Post_P12,0,0.7171141218664714,1
4,P12,P12,Post_P12,0,0.3881377085625571,0
4,P12,P12,Post_P12,0,0.4521572601143547,0
4,P12,P12,Post_P12,0,0.17852160108216883,0
4,P12,P12,Post_P12,0,0.22798257966928748,0
4,P12,P12,Post_P12,0,0.3778292392673298,0
4,P12,P12,Post_P12,0,0.31706833559910785,0
4,P12,P12,Post_P12,0,0.39455270659077185,0
4,P12,P12,Post_P12,0,0.4527876764472655,0
4,P12,P12,Post_P12,0,0.3585860153888208,0
4,P12,P12,Post_P12,0,0.5051819672219783,1
4,P12,P12,Post_P12,0,0.20237338691011655,0
4,P12,P12,Post_P12,0,0.4083479282307201,0
4,P12,P12,Post_P12,0,0.4691884139100498,0
4,P12,P12,Post_P12,0,0.30907499356386964,0
4,P12,P12,Post_P12,0,0.5678587210935233,1
4,P12,P12,Post_P12,0,0.3102315487367649,0
4,P12,P12,Post_P12,0,0.22043114599393707,0
4,P12,P12,Post_P12,0,0.3222228376625096,0
4,P12,P12,Post_P12,0,0.3673259406871636,0
4,P12,P12,Post_P12,0,0.22158204053451033,0
4,P12,P12,Post_P12,0,0.5626390403455944,1
4,P12,P12,Post_P12,0,0.4606601828672587,0
4,P12,P12,Post_P12,0,0.4737290846272513,0
4,P12,P12,Post_P12,0,0.6012811094291448,1
4,P12,P12,Post_P12,0,0.473173979015713,0
4,P12,P12,Post_P12,0,0.5526278235226635,1
4,P12,P12,Post_P12,0,0.30879026135950216,0
4,P12,P12,Post_P12,0,0.5216521927220594,1
4,P12,P12,Post_P12,0,0.39753922534533237,0
4,P12,P12,Post_P12,0,0.3782518209698168,0
4,P12,P12,Post_P12,0,0.42037811365335653,0
4,P12,P12,Post_P12,0,0.3301446169652007,0
4,P12,P12,Post_P12,0,0.35701412988945197,0
4,P12,P12,Post_P12,0,0.14285006541898562,0
4,P12,P12,Post_P12,0,0.23595065472699933,0
4,P12,P12,Post_P12,0,0.26786952641988077,0
4,P12,P12,Post_P12,0,0.3242435699016743,0
4,P12,P12,Post_P12,0,0.3770062992275285,0
4,P12,P12,Post_P12,0,0.2999499143050759,0
4,P12,P12,Post_P12,0,0.6109433862390656,1
4,P12,P12,Post_P12,0,0.41697977058663205,0
4,P12,P12,Post_P12,0,0.5581647093762994,1
4,P12,P12,Post_P12,0,0.5186718442483244,1
4,P12,P12,Post_P12,0,0.29555180502058565,0
4,P12,P12,Post_P12,0,0.47566276518166445,0
4,P12,P12,Post_P12,0,0.40589206264492544,0
4,P12,P12,Post_P12,0,0.4689441821794847,0
4,P12,P12,Post_P12,0,0.3185278716201792,0
4,P12,P12,Post_P12,0,0.5515962416102105,1
4,P12,P12,Post_P12,0,0.26882268726484126,0
4,P12,P12,Post_P12,0,0.24828271918036945,0
4,P12,P12,Post_P12,0,0.44399618981327094,0
4,P12,P12,Post_P12,0,0.42943473360162987,0
4,P12,P12,Post_P12,0,0.36786239434488516,0
4,P12,P12,Post_P12,0,0.4368945776777035,0
4,P12,P12,Post_P12,0,0.33930192456126407,0
4,P12,P12,Post_P12,0,0.5053942442049193,1
4,P12,P12,Post_P12,0,0.25795962086870244,0
4,P12,P12,Post_P12,0,0.37766731343137383,0
4,P12,P12,Post_P12,0,0.24142664556638796,0
4,P12,P12,Post_P12,0,0.2766879505885434,0
4,P12,P12,Post_P12,0,0.31348946779407993,0
4,P12,P12,Post_P12,0,0.3356743263339588,0
4,P12,P12,Post_P12,0,0.3805344759490366,0
4,P12,P12,Post_P12,0,0.2809366640098124,0
4,P12,P12,Post_P12,0,0.3321115807864802,0
4,P12,P12,Post_P12,0,0.4719775007759098,0
4,P12,P12,Post_P12,0,0.6603260307460197,1
4,P12,P12,Post_P12,0,0.3941950787404416,0
4,P12,P12,Post_P12,0,0.5207940996304705,1
4,P12,P12,Post_P12,0,0.34610293992782015,0
4,P12,P12,Post_P12,0,0.33390689080081615,0
4,P12,P12,Post_P12,0,0.35606046069319847,0
4,P12,P12,Post_P12,0,0.4693165733078605,0
4,P12,P12,Post_P12,0,0.3239244691560003,0
4,P12,P12,Post_P12,0,0.42352394291108547,0
4,P12,P12,Post_P12,0,0.2950729003880422,0
4,P12,P12,Post_P12,0,0.39723595863232036,0
4,P12,P12,Post_P12,0,0.3881020228361195,0
4,P12,P12,Post_P12,0,0.4201493750644458,0
4,P12,P12,Post_P12,0,0.40054001889327523,0
4,P12,P12,Post_P12,0,0.40813377780809074,0
4,P12,P12,Post_P12,0,0.18740559809957635,0
4,P12,P12,Post_P12,0,0.48354750098417787,0
4,P12,P12,Post_P12,0,0.45122651279128373,0
4,P12,P12,Post_P12,0,0.3708183036097388,0
4,P12,P12,Post_P12,0,0.2535218907834197,0
4,P12,P12,Post_P12,0,0.4348397627850437,0
4,P12,P12,Post_P12,0,0.33682789936874036,0
4,P12,P12,Post_P12,0,0.296921459562298,0
4,P12,P12,Post_P12,0,0.33173845242944394,0
4,P12,P12,Post_P12,0,0.2859591132610866,0
4,P12,P12,Post_P12,0,0.393369729371502,0
4,P12,P12,Post_P12,0,0.3912015756705383,0
4,P12,P12,Post_P12,0,0.3740013541847921,0
4,P12,P12,Post_P12,0,0.17336078369072105,0
4,P12,P12,Post_P12,0,0.15517194268891266,0
4,P12,P12,Post_P12,0,0.5234042183176433,1
4,P12,P12,Post_P12,0,0.41078322955315627,0
4,P12,P12,Post_P12,0,0.2893895472494762,0
4,P12,P12,Post_P12,0,0.38341239583971404,0
4,P12,P12,Post_P12,0,0.4480204365410325,0
4,P12,P12,Post_P12,0,0.5678251265444033,1
4,P12,P12,Post_P12,0,0.34566761547172425,0
4,P12,P12,Post_P12,0,0.3178145785068326,0
4,P12,P12,Post_P12,0,0.21955828975818972,0
4,P12,P12,Post_P12,0,0.5231655204888243,1
4,P12,P12,Post_P12,0,0.2650283345207182,0
4,P12,P12,Post_P12,0,0.37052235252900745,0
4,P12,P12,Post_P12,0,0.4683118367827033,0
4,P12,P12,Post_P12,0,0.3011871357453804,0
4,P12,P12,Post_P12,0,0.3913897949573955,0
4,P12,P12,Post_P12,0,0.5035113578351468,1
4,P12,P12,Post_P12,0,0.6126656317202549,1
4,P12,P12,Post_P12,0,0.11715652825589079,0
4,P12,P12,Post_P12,0,0.16829051894732824,0
4,P12,P12,Post_P12,0,0.2869332373755969,0
4,P12,P12,Post_P12,0,0.3140011744724513,0
4,P12,P12,Post_P12,0,0.49223806076855975,0
4,P12,P12,Post_P12,0,0.46070904313047367,0
4,P12,P12,Post_P12,0,0.3044799563464897,0
4,P12,P12,Post_P12,0,0.38669908927108604,0
4,P12,P12,Post_P12,0,0.2555963799721323,0
4,P12,P12,Post_P12,0,0.3055677515882583,0
4,P12,P12,Post_P12,0,0.320496888516434,0
4,P12,P12,Post_P12,0,0.10675427260291094,0
4,P12,P12,Post_P12,0,0.4528103649081042,0
4,P12,P12,Post_P12,0,0.3414703652245062,0
4,P12,P12,Post_P12,0,0.43243896117209224,0
4,P12,P12,Post_P12,0,0.30325173847648446,0
4,P12,P12,Post_P12,0,0.34437413953465273,0
4,P12,P12,Post_P12,0,0.12191972575263935,0
4,P12,P12,Post_P12,0,0.42294680064402956,0
4,P12,P12,Post_P12,0,0.359867754047346,0
4,P12,P12,Post_P12,0,0.4270053774126371,0
4,P12,P12,Post_P12,0,0.41562260868820594,0
4,P12,P12,Post_P12,0,0.48829604099383955,0
4,P12,P12,Post_P12,0,0.46987089132589094,0
4,P12,P12,Post_P12,0,0.21359190266325276,0
4,P12,P12,Post_P12,0,0.3755229146627291,0
4,P12,P12,Post_P12,0,0.3638721779142229,0
4,P12,P12,Post_P12,0,0.4798038626784008,0
4,P12,P12,Post_P12,0,0.5053335374463779,1
4,P12,P12,Post_P12,0,0.45142742799435004,0
4,P12,P12,Post_P12,0,0.35359124712471457,0
4,P12,P12,Post_P12,0,0.46076935106884903,0
4,P12,P12,Post_P12,0,0.29136633200267903,0
4,P12,P12,Post_P12,0,0.2993397831591007,0
4,P12,P12,Post_P12,0,0.3890909861812303,0
4,P12,P12,Post_P12,0,0.3471783633817988,0
4,P12,P12,Post_P12,0,0.2907209162159738,0
4,P12,P12,Post_P12,0,0.6018234863853162,1
4,P12,P12,Post_P12,0,0.2860781513138053,0
4,P12,P12,Post_P12,0,0.4205057162551554,0
4,P12,P12,Post_P12,0,0.3820625944121422,0
4,P12,P12,Post_P12,0,0.5084963433645127,1
4,P12,P12,Post_P12,0,0.3059290064529441,0
4,P12,P12,Post_P12,0,0.5887945211061886,1
4,P12,P12,Post_P12,0,0.2675376040991349,0
4,P12,P12,Post_P12,0,0.2898739828194958,0
4,P12,P12,Post_P12,0,0.5592242507960449,1
4,P12,P12,Post_P12,0,0.6511779817454019,1
4,P12,P12,Post_P12,0,0.15382624851164814,0
4,P12,P12,Post_P12,0,0.4405889624899522,0
4,P12,P12,Post_P12,0,0.2995696327932006,0
4,P12,P12,Post_P12,0,0.3429157158509876,0
4,P12,P12,Post_P12,0,0.3661507341883745,0
4,P12,P12,Post_P12,0,0.37449858392467866,0
4,P12,P12,Post_P12,0,0.35867334150646873,0
4,P12,P12,Post_P12,0,0.4049896623502126,0
4,P12,P12,Post_P12,0,0.4693050464693339,0
4,P12,P12,Post_P12,0,0.34378363265778616,0
4,P12,P12,Post_P12,0,0.35839083134248606,0
4,P12,P12,Post_P12,0,0.24400295904815078,0
4,P12,P12,Post_P12,0,0.602261890945012,1
4,P12,P12,Post_P12,0,0.5304584590537219,1
4,P12,P12,Post_P12,0,0.3297239658730036,0
4,P12,P12,Post_P12,0,0.27099321153053113,0
4,P12,P12,Post_P12,0,0.5298876178646246,1
4,P12,P12,Post_P12,0,0.32784992883944264,0
4,P12,P12,Post_P12,0,0.4129977504658875,0
4,P12,P12,Post_P12,0,0.34741169492281304,0
4,P12,P12,Post_P12,0,0.4089012127825087,0
4,P12,P12,Post_P12,0,0.5071874267088335,1
4,P12,P12,Post_P12,0,0.3968812809472317,0
4,P12,P12,Post_P12,0,0.25574475394807483,0
4,P12,P12,Post_P12,0,0.40889163001211376,0
4,P12,P12,Post_P12,0,0.33553244966491846,0
4,P12,P12,Post_P12,0,0.4100131122440416,0
4,P12,P12,Post_P12,0,0.4294357443982202,0
4,P12,P12,Post_P12,0,0.5733358014619814,1
4,P12,P12,Post_P12,0,0.5303445379324704,1
4,P12,P12,Post_P12,0,0.41979049860369627,0
4,P12,P12,Post_P12,0,0.5469772827416404,1
4,P12,P12,Post_P12,0,0.21702268757436052,0
4,P12,P12,Post_P12,0,0.5329222121601005,1
4,P12,P12,Post_P12,0,0.44560378267660394,0
4,P12,P12,Post_P12,0,0.4109079283565763,0
4,P12,P12,Post_P12,0,0.44951861109282915,0
4,P12,P12,Post_P12,0,0.48861955933621637,0
4,P12,P12,Post_P12,0,0.49052258089603223,0
4,P12,P12,Post_P12,0,0.29226125006332965,0
4,P12,P12,Post_P12,0,0.1888207782455681,0
4,P12,P12,Post_P12,0,0.28122482082237693,0
4,P12,P12,Post_P12,0,0.3138344936383053,0
4,P12,P12,Post_P12,0,0.4499904093044834,0
4,P12,P12,Post_P12,0,0.4437641125385891,0
4,P12,P12,Post_P12,0,0.536855046647244,1
4,P12,P12,Post_P12,0,0.1992145963978508,0
4,P12,P12,Post_P12,0,0.278374467125903,0
4,P12,P12,Post_P12,0,0.21880816376663167,0
4,P12,P12,Post_P12,0,0.4452136905322124,0
4,P12,P12,Post_P12,0,0.5991359637070539,1
4,P12,P12,Post_P12,0,0.36416606634170856,0
4,P12,P12,Post_P12,0,0.4025597533525261,0
4,P12,P12,Post_P12,0,0.45162851688588956,0
4,P12,P12,Post_P12,0,0.4176500525984922,0
4,P12,P12,Post_P12,0,0.369704636689976,0
4,P12,P12,Post_P12,0,0.45008184753684505,0
4,P12,P12,Post_P12,0,0.2550834911699489,0
4,P12,P12,Post_P12,0,0.3147322438285312,0
4,P12,P12,Post_P12,0,0.5457463661755441,1
4,P12,P12,Post_P12,0,0.4340778802332198,0
4,P12,P12,Post_P12,0,0.3688340068162925,0
4,P12,P12,Post_P12,0,0.7318076552576599,1
4,P12,P12,Post_P12,0,0.4388891049704505,0
4,P12,P12,Post_P12,0,0.3355423175948759,0
4,P12,P12,Post_P12,0,0.193808331176678,0
4,P12,P12,Post_P12,0,0.6025892067169558,1
4,P12,P12,Post_P12,0,0.3376496019672854,0
4,P12,P12,Post_P12,0,0.30738818446687816,0
4,P12,P12,Post_P12,0,0.47381767176429385,0
4,P12,P12,Post_P12,0,0.3682432576745437,0
4,P12,P12,Post_P12,0,0.328871055475997,0
4,P12,P12,Post_P12,0,0.17411616320854106,0
4,P12,P12,Post_P12,0,0.43633800754198887,0
4,P12,P12,Post_P12,0,0.5561156975914748,1
4,P12,P12,Post_P12,0,0.32032107462000103,0
4,P12,P12,Post_P12,0,0.519144201222063,1
4,P12,P12,Post_P12,0,0.45300068774995494,0
4,P12,P12,Post_P12,0,0.3925103263333142,0
4,P12,P12,Post_P12,0,0.4820125057209886,0
4,P12,P12,Post_P12,0,0.5403251845071814,1
4,P12,P12,Post_P12,0,0.5911687674016859,1
4,P12,P12,Post_P12,0,0.22159770324959618,0
4,P12,P12,Post_P12,0,0.543361679094095,1
4,P12,P12,Post_P12,0,0.36910618566037356,0
4,P12,P12,Post_P12,0,0.45190922604416217,0
4,P12,P12,Post_P12,0,0.22712015008797093,0
4,P12,P12,Post_P12,0,0.1818054115282147,0
4,P12,P12,Post_P12,0,0.2938564267658136,0
4,P12,P12,Post_P12,0,0.5621785739097787,1
4,P12,P12,Post_P12,0,0.2913824539777429,0
4,P12,P12,Post_P12,0,0.30574924685674193,0
4,P12,P12,Post_P12,0,0.5281995058444118,1
4,P12,P12,Post_P12,0,0.6285851550965451,1
4,P12,P12,Post_P12,0,0.39535276223218846,0
5,P13,P13,Post_P13,0,0.5135733935126218,1
5,P13,P13,Post_P13,0,0.6602441195110168,1
5,P13,P13,Post_P13,0,0.4298501225681142,0
5,P13,P13,Post_P13,0,0.5873674661989235,1
5,P13,P13,Post_P13,0,0.35476350416377433,0
5,P13,P13,Post_P13,0,0.558463633759827,1
5,P13,P13,Post_P13,0,0.3535086751931,0
5,P13,P13,Post_P13,0,0.3004781641091752,0
5,P13,P13,Post_P13,0,0.40519657975211837,0
5,P13,P13,Post_P13,0,0.3693947087666008,0
5,P13,P13,Post_P13,0,0.475538620954559,0
5,P13,P13,Post_P13,0,0.5849433786949809,1
5,P13,P13,Post_P13,0,0.5321997748997005,1
5,P13,P13,Post_P13,0,0.30319949166658955,0
5,P13,P13,Post_P13,0,0.5101796390465014,1
5,P13,P13,Post_P13,0,0.4973115213346416,0
5,P13,P13,Post_P13,0,0.6342558056556294,1
5,P13,P13,Post_P13,0,0.493885829483065,0
5,P13,P13,Post_P13,0,0.47701235566700534,0
5,P13,P13,Post_P13,0,0.5100574675480349,1
5,P13,P13,Post_P13,0,0.6856822556663278,1
5,P13,P13,Post_P13,0,0.6398575204733203,1
5,P13,P13,Post_P13,0,0.7143155553279346,1
5,P13,P13,Post_P13,0,0.45375827116899853,0
5,P13,P13,Post_P13,0,0.3853273955131751,0
5,P13,P13,Post_P13,0,0.7208536935251257,1
5,P13,P13,Post_P13,0,0.5529680735773931,1
5,P13,P13,Post_P13,0,0.39860756871764486,0
5,P13,P13,Post_P13,0,0.37700938814064533,0
5,P13,P13,Post_P13,0,0.32850078748484973,0
5,P13,P13,Post_P13,0,0.6152606521221377,1
5,P13,P13,Post_P13,0,0.4705139457303449,0
5,P13,P13,Post_P13,0,0.5346760706960799,1
5,P13,P13,Post_P13,0,0.13732598775577307,0
5,P13,P13,Post_P13,0,0.5898715104046824,1
5,P13,P13,Post_P13,0,0.6176095106549535,1
5,P13,P13,Post_P13,0,0.4346070624837194,0
5,P13,P13,Post_P13,0,0.5271037724466261,1
5,P13,P13,Post_P13,0,0.6519428298333089,1
5,P13,P13,Post_P13,0,0.6472478529553798,1
5,P13,P13,Post_P13,0,0.3517730701901141,0
5,P13,P13,Post_P13,0,0.503371784522099,1
5,P13,P13,Post_P13,0,0.39618479478277685,0
5,P13,P13,Post_P13,0,0.4473539784873312,0
5,P13,P13,Post_P13,0,0.3378690300260646,0
5,P13,P13,Post_P13,0,0.510945793596997,1
5,P13,P13,Post_P13,0,0.588120249564973,1
5,P13,P13,Post_P13,0,0.4186914481867732,0
5,P13,P13,Post_P13,0,0.5064443055641477,1
5,P13,P13,Post_P13,0,0.43896837461137617,0
5,P13,P13,Post_P13,0,0.5971340107561471,1
5,P13,P13,Post_P13,0,0.4282196069685166,0
5,P13,P13,Post_P13,0,0.43143455908709016,0
5,P13,P13,Post_P13,0,0.4610554169374036,0
5,P13,P13,Post_P13,0,0.5015682315257681,1
5,P13,P13,Post_P13,0,0.152177663088967,0
5,P13,P13,Post_P13,0,0.5376986684829362,1
5,P13,P13,Post_P13,0,0.4974806012888018,0
5,P13,P13,Post_P13,0,0.4682257467076686,0
5,P13,P13,Post_P13,0,0.6720477745044305,1
5,P13,P13,Post_P13,0,0.3517330074748739,0
5,P13,P13,Post_P13,0,0.4913371415684426,0
5,P13,P13,Post_P13,0,0.640912015180005,1
5,P13,P13,Post_P13,0,0.47067302705903885,0
5,P13,P13,Post_P13,0,0.35496982328905674,0
5,P13,P13,Post_P13,0,0.5399108545287629,1
5,P13,P13,Post_P13,0,0.6764313249776018,1
5,P13,P13,Post_P13,0,0.612019857432845,1
5,P13,P13,Post_P13,0,0.5059533739412121,1
5,P13,P13,Post_P13,0,0.5523474656686158,1
5,P13,P13,Post_P13,0,0.4436995631609427,0
5,P13,P13,Post_P13,0,0.6051554875901046,1
5,P13,P13,Post_P13,0,0.5227489716079138,1
5,P13,P13,Post_P13,0,0.5994427221416149,1
5,P13,P13,Post_P13,0,0.579931481370606,1
5,P13,P13,Post_P13,0,0.678916921257877,1
5,P13,P13,Post_P13,0,0.6943234387162951,1
5,P13,P13,Post_P13,0,0.3835433667074776,0
5,P13,P13,Post_P13,0,0.26262952908897563,0
5,P13,P13,Post_P13,0,0.3154681876700055,0
5,P13,P13,Post_P13,0,0.4098211819131134,0
5,P13,P13,Post_P13,0,0.43808218120007153,0
5,P13,P13,Post_P13,0,0.09274743404831867,0
5,P13,P13,Post_P13,0,0.1969015886417635,0
5,P13,P13,Post_P13,0,0.6539512354600159,1
5,P13,P13,Post_P13,0,0.6316207130940891,1
5,P13,P13,Post_P13,0,0.6137297564315064,1
5,P13,P13,Post_P13,0,0.5954128700650693,1
5,P13,P13,Post_P13,0,0.4133890647810756,0
5,P13,P13,Post_P13,0,0.7154390179266112,1
5,P13,P13,Post_P13,0,0.7310259071472804,1
5,P13,P13,Post_P13,0,0.3910603115224242,0
5,P13,P13,Post_P13,0,0.3938258045812182,0
5,P13,P13,Post_P13,0,0.42849319209223385,0
5,P13,P13,Post_P13,0,0.4692639312721864,0
5,P13,P13,Post_P13,0,0.5010296254871482,1
5,P13,P13,Post_P13,0,0.5966242721288354,1
5,P13,P13,Post_P13,0,0.6609094250230835,1
5,P13,P13,Post_P13,0,0.28756236555130843,0
5,P13,P13,Post_P13,0,0.4488521500209189,0
5,P13,P13,Post_P13,0,0.49297978415347926,0
5,P13,P13,Post_P13,0,0.41688969460127323,0
5,P13,P13,Post_P13,0,0.502473349737973,1
5,P13,P13,Post_P13,0,0.5396233852250588,1
5,P13,P13,Post_P13,0,0.5680317895945539,1
5,P13,P13,Post_P13,0,0.43858797090755425,0
5,P13,P13,Post_P13,0,0.39842994177003627,0
5,P13,P13,Post_P13,0,0.687186258639022,1
5,P13,P13,Post_P13,0,0.47364128024249724,0
5,P13,P13,Post_P13,0,0.39472647604452865,0
5,P13,P13,Post_P13,0,0.5807910011934447,1
5,P13,P13,Post_P13,0,0.4006819291780709,0
5,P13,P13,Post_P13,0,0.4958993867791479,0
5,P13,P13,Post_P13,0,0.6526081783542697,1
5,P13,P13,Post_P13,0,0.6443635390127912,1
5,P13,P13,Post_P13,0,0.49392172273546847,0
5,P13,P13,Post_P13,0,0.4030999098483974,0
5,P13,P13,Post_P13,0,0.4307150236521037,0
5,P13,P13,Post_P13,0,0.1236926808979464,0
5,P13,P13,Post_P13,0,0.558945798093822,1
5,P13,P13,Post_P13,0,0.5936117705174166,1
5,P13,P13,Post_P13,0,0.5139835744115673,1
5,P13,P13,Post_P13,0,0.21127170637258105,0
5,P13,P13,Post_P13,0,0.36276630480911964,0
5,P13,P13,Post_P13,0,0.367340541545172,0
5,P13,P13,Post_P13,0,0.2787987204149364,0
5,P13,P13,Post_P13,0,0.5650565295758295,1
5,P13,P13,Post_P13,0,0.2842691027573304,0
5,P13,P13,Post_P13,0,0.5933144273301685,1
5,P13,P13,Post_P13,0,0.4371272519035479,0
5,P13,P13,Post_P13,0,0.6058610166678213,1
5,P13,P13,Post_P13,0,0.5787459581751618,1
5,P13,P13,Post_P13,0,0.42480564947802285,0
5,P13,P13,Post_P13,0,0.49216425026131116,0
5,P13,P13,Post_P13,0,0.40775687748735456,0
5,P13,P13,Post_P13,0,0.45953159145044203,0
5,P13,P13,Post_P13,0,0.6583469045128783,1
5,P13,P13,Post_P13,0,0.4980460685239948,0
5,P13,P13,Post_P13,0,0.37785177650864343,0
5,P13,P13,Post_P13,0,0.3305029945996785,0
5,P13,P13,Post_P13,0,0.4871404320721349,0
5,P13,P13,Post_P13,0,0.537562559916814,1
5,P13,P13,Post_P13,0,0.6832549200660205,1
5,P13,P13,Post_P13,0,0.3288927875670248,0
5,P13,P13,Post_P13,0,0.6378656133329277,1
5,P13,P13,Post_P13,0,0.5906051515091397,1
5,P13,P13,Post_P13,0,0.5578835638678974,1
5,P13,P13,Post_P13,0,0.45165368983957505,0
5,P13,P13,Post_P13,0,0.4580607888636597,0
5,P13,P13,Post_P13,0,0.5356584182396406,1
5,P13,P13,Post_P13,0,0.3276403669828919,0
5,P13,P13,Post_P13,0,0.33375293688901503,0
5,P13,P13,Post_P13,0,0.12690996260749557,0
5,P13,P13,Post_P13,0,0.23625690787126338,0
5,P13,P13,Post_P13,0,0.5124106815115465,1
5,P13,P13,Post_P13,0,0.3753885007712137,0
5,P13,P13,Post_P13,0,0.31428229751622144,0
5,P13,P13,Post_P13,0,0.7601275769256503,1
5,P13,P13,Post_P13,0,0.48709855185287304,0
5,P13,P13,Post_P13,0,0.4477062375875105,0
5,P13,P13,Post_P13,0,0.6418448109657234,1
5,P13,P13,Post_P13,0,0.34657870882920144,0
5,P13,P13,Post_P13,0,0.3811742861475345,0
5,P13,P13,Post_P13,0,0.5255655189473482,1
5,P13,P13,Post_P13,0,0.6096008599686984,1
5,P13,P13,Post_P13,0,0.7109927017903998,1
5,P13,P13,Post_P13,0,0.47228486018463345,0
5,P13,P13,Post_P13,0,0.523984365688095,1
5,P13,P13,Post_P13,0,0.377436367059164,0
5,P13,P13,Post_P13,0,0.5386626903468695,1
5,P13,P13,Post_P13,0,0.5798935795897286,1
5,P13,P13,Post_P13,0,0.4713292446644283,0
5,P13,P13,Post_P13,0,0.44670150488356014,0
5,P13,P13,Post_P13,0,0.5950742069439229,1
5,P13,P13,Post_P13,0,0.5405710166076478,1
5,P13,P13,Post_P13,0,0.5285277698385046,1
5,P13,P13,Post_P13,0,0.38700755668099845,0
5,P13,P13,Post_P13,0,0.5113993244038993,1
5,P13,P13,Post_P13,0,0.4669660985715254,0
5,P13,P13,Post_P13,0,0.2695919261821218,0
5,P13,P13,Post_P13,0,0.4547234110208582,0
5,P13,P13,Post_P13,0,0.681352446685411,1
5,P13,P13,Post_P13,0,0.5142062926546551,1
5,P13,P13,Post_P13,0,0.3186355127896863,0
5,P13,P13,Post_P13,0,0.2894594366113628,0
5,P13,P13,Post_P13,0,0.5499030307631803,1
5,P13,P13,Post_P13,0,0.6792985232490729,1
5,P13,P13,Post_P13,0,0.5245275956487053,1
5,P13,P13,Post_P13,0,0.7609925929265277,1
5,P13,P13,Post_P13,0,0.5159116922616788,1
5,P13,P13,Post_P13,0,0.60205525723986,1
5,P13,P13,Post_P13,0,0.3390124334302988,0
5,P13,P13,Post_P13,0,0.2022506837438375,0
5,P13,P13,Post_P13,0,0.6768110070992109,1
5,P13,P13,Post_P13,0,0.47846007434318993,0
5,P13,P13,Post_P13,0,0.4124661576642,0
5,P13,P13,Post_P13,0,0.5132619219401857,1
5,P13,P13,Post_P13,0,0.4512648083445325,0
5,P13,P13,Post_P13,0,0.18816023156552114,0
5,P13,P13,Post_P13,0,0.42131568750334925,0
5,P13,P13,Post_P13,0,0.6888888535760707,1
5,P13,P13,Post_P13,0,0.49806770674048684,0
5,P13,P13,Post_P13,0,0.6478142396790549,1
5,P13,P13,Post_P13,0,0.7262791375230627,1
5,P13,P13,Post_P13,0,0.5345034972009189,1
5,P13,P13,Post_P13,0,0.5104045477591692,1
5,P13,P13,Post_P13,0,0.5747114499187349,1
5,P13,P13,Post_P13,0,0.5032322409291393,1
5,P13,P13,Post_P13,0,0.5707217236358954,1
5,P13,P13,Post_P13,0,0.39120178152750257,0
5,P13,P13,Post_P13,0,0.6398736362771683,1
5,P13,P13,Post_P13,0,0.6336004815513775,1
5,P13,P13,Post_P13,0,0.296349729715266,0
5,P13,P13,Post_P13,0,0.39876263736608686,0
5,P13,P13,Post_P13,0,0.3592619424182809,0
5,P13,P13,Post_P13,0,0.5614379867538637,1
5,P13,P13,Post_P13,0,0.6659406158812632,1
5,P13,P13,Post_P13,0,0.7342546274405324,1
5,P13,P13,Post_P13,0,0.5811108778942028,1
5,P13,P13,Post_P13,0,0.3285827358908223,0
5,P13,P13,Post_P13,0,0.5616108753221073,1
5,P13,P13,Post_P13,0,0.5744997209429508,1
5,P13,P13,Post_P13,0,0.48073365298384824,0
5,P13,P13,Post_P13,0,0.38217782970749303,0
5,P13,P13,Post_P13,0,0.5817514560003587,1
5,P13,P13,Post_P13,0,0.4632310616061405,0
5,P13,P13,Post_P13,0,0.475727104798824,0
5,P13,P13,Post_P13,0,0.3969980237514129,0
5,P13,P13,Post_P13,0,0.34622342093163067,0
5,P13,P13,Post_P13,0,0.4480427253241716,0
5,P13,P13,Post_P13,0,0.45835422636132134,0
5,P13,P13,Post_P13,0,0.41296303940884305,0
5,P13,P13,Post_P13,0,0.3044864655214667,0
5,P13,P13,Post_P13,0,0.6065402201900993,1
5,P13,P13,Post_P13,0,0.4203987101134402,0
5,P13,P13,Post_P13,0,0.40708168952197915,0
5,P13,P13,Post_P13,0,0.5765009128800457,1
5,P13,P13,Post_P13,0,0.6343898831791146,1
5,P13,P13,Post_P13,0,0.5830984209963845,1
5,P13,P13,Post_P13,0,0.6089254533858253,1
5,P13,P13,Post_P13,0,0.4298303146567089,0
5,P13,P13,Post_P13,0,0.5291910783170214,1
5,P13,P13,Post_P13,0,0.651030418975315,1
5,P13,P13,Post_P13,0,0.35883044745291115,0
5,P13,P13,Post_P13,0,0.5560511245507304,1
5,P13,P13,Post_P13,0,0.5557137343819434,1
5,P13,P13,Post_P13,0,0.624645533305764,1
5,P13,P13,Post_P13,0,0.36778478195817127,0
5,P13,P13,Post_P13,0,0.4230780790149856,0
5,P13,P13,Post_P13,0,0.5265631884673019,1
5,P13,P13,Post_P13,0,0.7609190851979358,1
5,P13,P13,Post_P13,0,0.40299469441718394,0
5,P13,P13,Post_P13,0,0.4135815561049916,0
5,P13,P13,Post_P13,0,0.6403804109051927,1
5,P13,P13,Post_P13,0,0.5249962807431299,1
5,P13,P13,Post_P13,0,0.612207408563989,1
5,P13,P13,Post_P13,0,0.5053977269074758,1
5,P13,P13,Post_P13,0,0.5919440172315086,1
5,P13,P13,Post_P13,0,0.32220493393166627,0
5,P13,P13,Post_P13,0,0.4620701248085584,0
5,P13,P13,Post_P13,0,0.604705326462738,1
5,P13,P13,Post_P13,0,0.6122032136002628,1
5,P13,P13,Post_P13,0,0.4682456826249823,0
5,P13,P13,Post_P13,0,0.3789520493928221,0
5,P13,P13,Post_P13,0,0.37292801595000435,0
5,P13,P13,Post_P13,0,0.4669365024491319,0
5,P13,P13,Post_P13,0,0.6043099893400812,1
5,P13,P13,Post_P13,0,0.4096956638506675,0
5,P13,P13,Post_P13,0,0.3226804420802598,0
5,P13,P13,Post_P13,0,0.40161998531759796,0
5,P13,P13,Post_P13,0,0.4411402566260387,0
5,P13,P13,Post_P13,0,0.15424651218838645,0
5,P13,P13,Post_P13,0,0.17071297061917207,0
5,P13,P13,Post_P13,0,0.46282623267032885,0
5,P13,P13,Post_P13,0,0.336611742751968,0
5,P13,P13,Post_P13,0,0.5938967668102755,1
5,P13,P13,Post_P13,0,0.3104470820638993,0
5,P13,P13,Post_P13,0,0.277401685352388,0
5,P13,P13,Post_P13,0,0.3002901778033914,0
5,P13,P13,Post_P13,0,0.6018197982002298,1
5,P13,P13,Post_P13,0,0.18716965637688152,0
5,P13,P13,Post_P13,0,0.818674490950607,1
5,P13,P13,Post_P13,0,0.490524639699842,0
5,P13,P13,Post_P13,0,0.5455621069896645,1
5,P13,P13,Post_P13,0,0.26483236772675417,0
5,P13,P13,Post_P13,0,0.5222687758986048,1
5,P13,P13,Post_P13,0,0.6600899569164503,1
5,P13,P13,Post_P13,0,0.5100885484703872,1
5,P13,P13,Post_P13,0,0.2629322185489645,0
5,P13,P13,Post_P13,0,0.8119396818471344,1
5,P13,P13,Post_P13,0,0.6424876116132697,1
5,P13,P13,Post_P13,0,0.2968509778605617,0
5,P13,P13,Post_P13,0,0.3861451103556928,0
5,P13,P13,Post_P13,0,0.6248890543695529,1
5,P13,P13,Post_P13,0,0.3133428949134527,0
5,P13,P13,Post_P13,0,0.46099148759351666,0
5,P13,P13,Post_P13,0,0.4012439106521273,0
5,P13,P13,Post_P13,0,0.4477936559389112,0
5,P13,P13,Post_P13,0,0.21635107568850717,0
5,P13,P13,Post_P13,0,0.3526232566945994,0
5,P13,P13,Post_P13,0,0.30860394280838027,0
5,P13,P13,Post_P13,0,0.276912602580294,0
5,P13,P13,Post_P13,0,0.2369962784516616,0
5,P13,P13,Post_P13,0,0.34257926365292213,0
5,P13,P13,Post_P13,0,0.5285274890233864,1
5,P13,P13,Post_P13,0,0.4145159993292619,0
5,P13,P13,Post_P13,0,0.283582221230848,0
5,P13,P13,Post_P13,0,0.5718042629727796,1
5,P13,P13,Post_P13,0,0.34098848866032505,0
5,P13,P13,Post_P13,0,0.5178201816879265,1
5,P13,P13,Post_P13,0,0.6114019214141211,1
5,P13,P13,Post_P13,0,0.44735469117213705,0
5,P13,P13,Post_P13,0,0.40488291915826824,0
5,P13,P13,Post_P13,0,0.4409662620898004,0
5,P13,P13,Post_P13,0,0.1485117822810985,0
5,P13,P13,Post_P13,0,0.26282207641606387,0
5,P13,P13,Post_P13,0,0.3669411418614032,0
5,P13,P13,Post_P13,0,0.312580076949659,0
5,P13,P13,Post_P13,0,0.27980360203405485,0
5,P13,P13,Post_P13,0,0.1727599242407097,0
5,P13,P13,Post_P13,0,0.43578656322731446,0
5,P13,P13,Post_P13,0,0.5263038938118197,1
5,P13,P13,Post_P13,0,0.11155419894749244,0
5,P13,P13,Post_P13,0,0.1603138728408726,0
5,P13,P13,Post_P13,0,0.18510442772901714,0
5,P13,P13,Post_P13,0,0.604881600986985,1
5,P13,P13,Post_P13,0,0.2568223187598352,0
5,P13,P13,Post_P13,0,0.4561924025455623,0
5,P13,P13,Post_P13,0,0.20581913721885614,0
5,P13,P13,Post_P13,0,0.24024762100001942,0
5,P13,P13,Post_P13,0,0.4398905666779379,0
5,P13,P13,Post_P13,0,0.41618400504442693,0
5,P13,P13,Post_P13,0,0.616621547359392,1
5,P13,P13,Post_P13,0,0.4534972317104186,0
5,P13,P13,Post_P13,0,0.20043911065649678,0
5,P13,P13,Post_P13,0,0.2414380563567853,0
5,P13,P13,Post_P13,0,0.3758970367026426,0
5,P13,P13,Post_P13,0,0.4254083244919096,0
5,P13,P13,Post_P13,0,0.4738475821899768,0
5,P13,P13,Post_P13,0,0.4248860318321026,0
5,P13,P13,Post_P13,0,0.41807685636145836,0
5,P13,P13,Post_P13,0,0.42853269111253023,0
5,P13,P13,Post_P13,0,0.5545012629103389,1
5,P13,P13,Post_P13,0,0.4919014192741021,0
5,P13,P13,Post_P13,0,0.31440480054903364,0
5,P13,P13,Post_P13,0,0.49036576127531717,0
5,P13,P13,Post_P13,0,0.2426197060671871,0
5,P13,P13,Post_P13,0,0.37882926250308,0
5,P13,P13,Post_P13,0,0.24541018998274727,0
5,P13,P13,Post_P13,0,0.15981428281213922,0
5,P13,P13,Post_P13,0,0.4862767476322294,0
5,P13,P13,Post_P13,0,0.43768269696806544,0
5,P13,P13,Post_P13,0,0.48608960750506397,0
5,P13,P13,Post_P13,0,0.23273283335365294,0
5,P13,P13,Post_P13,0,0.4065171484306958,0
5,P13,P13,Post_P13,0,0.48731103872410186,0
5,P13,P13,Post_P13,0,0.48861663366204106,0
5,P13,P13,Post_P13,0,0.08855962262717064,0
5,P13,P13,Post_P13,0,0.3538627992494763,0
5,P13,P13,Post_P13,0,0.30292710967781705,0
5,P13,P13,Post_P13,0,0.46314287563227924,0
5,P13,P13,Post_P13,0,0.36201116566837993,0
5,P13,P13,Post_P13,0,0.24886323244821962,0
5,P13,P13,Post_P13,0,0.381866943484891,0
5,P13,P13,Post_P13,0,0.5985571030110478,1
5,P13,P13,Post_P13,0,0.670024026765572,1
5,P13,P13,Post_P13,0,0.48338168662611697,0
5,P13,P13,Post_P13,0,0.26794409229750815,0
5,P13,P13,Post_P13,0,0.3507637893825938,0
5,P13,P13,Post_P13,0,0.39420044859510506,0
5,P13,P13,Post_P13,0,0.29243141427472363,0
5,P13,P13,Post_P13,0,0.50768377465683,1
5,P13,P13,Post_P13,0,0.3679792212145267,0
5,P13,P13,Post_P13,0,0.5913464446673832,1
5,P13,P13,Post_P13,0,0.35382225138323753,0
5,P13,P13,Post_P13,0,0.40211196092828033,0
5,P13,P13,Post_P13,0,0.4612205194546734,0
5,P13,P13,Post_P13,0,0.5081566304674549,1
5,P13,P13,Post_P13,0,0.26126781080717737,0
5,P13,P13,Post_P13,0,0.5321952840152203,1
5,P13,P13,Post_P13,0,0.45539044054909306,0
5,P13,P13,Post_P13,0,0.6336303692542155,1
5,P13,P13,Post_P13,0,0.27029867297174626,0
5,P13,P13,Post_P13,0,0.4594222864251964,0
5,P13,P13,Post_P13,0,0.4439296431002726,0
5,P13,P13,Post_P13,0,0.3094279783234165,0
5,P13,P13,Post_P13,0,0.3579996576198388,0
5,P13,P13,Post_P13,0,0.25571818190113005,0
5,P13,P13,Post_P13,0,0.28298338381700233,0
5,P13,P13,Post_P13,0,0.6101538613280295,1
5,P13,P13,Post_P13,0,0.30348192993159967,0
5,P13,P13,Post_P13,0,0.395066076997833,0
5,P13,P13,Post_P13,0,0.6992824445066945,1
5,P13,P13,Post_P13,0,0.36314248524329884,0
5,P13,P13,Post_P13,0,0.4960596262450784,0
5,P13,P13,Post_P13,0,0.28789315959019773,0
5,P13,P13,Post_P13,0,0.2521207448209024,0
5,P13,P13,Post_P13,0,0.4552632200724346,0
5,P13,P13,Post_P13,0,0.35787036748835466,0
5,P13,P13,Post_P13,0,0.5838396747425043,1
5,P13,P13,Post_P13,0,0.3884839786579173,0
5,P13,P13,Post_P13,0,0.19855506840528375,0
5,P13,P13,Post_P13,0,0.3598188180017376,0
5,P13,P13,Post_P13,0,0.4342332012217445,0
5,P13,P13,Post_P13,0,0.41512067989946333,0
5,P13,P13,Post_P13,0,0.47955434547139963,0
5,P13,P13,Post_P13,0,0.34928856512902573,0
5,P13,P13,Post_P13,0,0.5403433591588713,1
5,P13,P13,Post_P13,0,0.3287146700068398,0
5,P13,P13,Post_P13,0,0.4360661590932173,0
5,P13,P13,Post_P13,0,0.4353622693846717,0
5,P13,P13,Post_P13,0,0.4734028830352022,0
5,P13,P13,Post_P13,0,0.5255602059978434,1
5,P13,P13,Post_P13,0,0.42308023411791784,0
5,P13,P13,Post_P13,0,0.24774239991571176,0
5,P13,P13,Post_P13,0,0.1545351956628639,0
5,P13,P13,Post_P13,0,0.35017080971069015,0
5,P13,P13,Post_P13,0,0.5783335307835423,1
5,P13,P13,Post_P13,0,0.7216423193911142,1
5,P13,P13,Post_P13,0,0.36717103766669207,0
5,P13,P13,Post_P13,0,0.4564138202700596,0
5,P13,P13,Post_P13,0,0.34484092233415536,0
5,P13,P13,Post_P13,0,0.3981049531222036,0
5,P13,P13,Post_P13,0,0.352092418043989,0
5,P13,P13,Post_P13,0,0.4461157324182112,0
5,P13,P13,Post_P13,0,0.5674389425307215,1
5,P13,P13,Post_P13,0,0.248426306255277,0
5,P13,P13,Post_P13,0,0.4508932012870436,0
5,P13,P13,Post_P13,0,0.3818506210165196,0
5,P13,P13,Post_P13,0,0.29954718332238894,0
5,P13,P13,Post_P13,0,0.35561758329818594,0
5,P13,P13,Post_P13,0,0.2882364343452063,0
5,P13,P13,Post_P13,0,0.30356979749339635,0
5,P13,P13,Post_P13,0,0.053971465526276345,0
5,P13,P13,Post_P13,0,0.4629309361768152,0
5,P13,P13,Post_P13,0,0.37972794040685054,0
5,P13,P13,Post_P13,0,0.35407152592006313,0
5,P13,P13,Post_P13,0,0.3743935449630874,0
5,P13,P13,Post_P13,0,0.5589331400626532,1
5,P13,P13,Post_P13,0,0.4289231775513026,0
5,P13,P13,Post_P13,0,0.09537626346382286,0
5,P13,P13,Post_P13,0,0.2055947701944479,0
5,P13,P13,Post_P13,0,0.4051791974601249,0
5,P13,P13,Post_P13,0,0.36897920832777154,0
5,P13,P13,Post_P13,0,0.5942263210590951,1
5,P13,P13,Post_P13,0,0.3429554197670022,0
5,P13,P13,Post_P13,0,0.29709134334027676,0
5,P13,P13,Post_P13,0,0.49879479196753007,0
5,P13,P13,Post_P13,0,0.4140958468241398,0
6,P14,P14,Post_P14,0,0.4505352553771126,0
6,P14,P14,Post_P14,0,0.23969500904429256,0
6,P14,P14,Post_P14,0,0.4611723365860892,0
6,P14,P14,Post_P14,0,0.3121956841169911,0
6,P14,P14,Post_P14,0,0.4191417247946815,0
6,P14,P14,Post_P14,0,0.13643606513855505,0
6,P14,P14,Post_P14,0,0.16874504991310862,0
6,P14,P14,Post_P14,0,0.4026733567212907,0
6,P14,P14,Post_P14,0,0.5836483110257397,1
6,P14,P14,Post_P14,0,0.5412630277800841,1
6,P14,P14,Post_P14,0,0.10465124880963869,0
6,P14,P14,Post_P14,0,0.3429534614886567,0
6,P14,P14,Post_P14,0,0.7283578061276155,1
6,P14,P14,Post_P14,0,0.5736847838075788,1
6,P14,P14,Post_P14,0,0.33382076373367714,0
6,P14,P14,Post_P14,0,0.2769182584059088,0
6,P14,P14,Post_P14,0,0.5318347274041173,1
6,P14,P14,Post_P14,0,0.7290345836717096,1
6,P14,P14,Post_P14,0,0.0813737475775409,0
6,P14,P14,Post_P14,0,0.36529650149646703,0
6,P14,P14,Post_P14,0,0.5339204988456759,1
6,P14,P14,Post_P14,0,0.2719772453446229,0
6,P14,P14,Post_P14,0,0.5415408998480592,1
6,P14,P14,Post_P14,0,0.4109195572058818,0
6,P14,P14,Post_P14,0,0.0696391163211151,0
6,P14,P14,Post_P14,0,0.6415750509646525,1
6,P14,P14,Post_P14,0,0.43359539013214815,0
6,P14,P14,Post_P14,0,0.5866115642183243,1
6,P14,P14,Post_P14,0,0.5658983560282655,1
6,P14,P14,Post_P14,0,0.3511885915732365,0
6,P14,P14,Post_P14,0,0.6368112284950352,1
6,P14,P14,Post_P14,0,0.36842987832136453,0
6,P14,P14,Post_P14,0,0.542249654480517,1
6,P14,P14,Post_P14,0,0.5634704918288462,1
6,P14,P14,Post_P14,0,0.05647192678285597,0
6,P14,P14,Post_P14,0,0.484414866474067,0
6,P14,P14,Post_P14,0,0.3335204505184244,0
6,P14,P14,Post_P14,0,0.5036563182517741,1
6,P14,P14,Post_P14,0,0.13659066167670636,0
6,P14,P14,Post_P14,0,0.6509772794627445,1
6,P14,P14,Post_P14,0,0.10760246971161656,0
6,P14,P14,Post_P14,0,0.12770430813244885,0
6,P14,P14,Post_P14,0,0.5204588323060942,1
6,P14,P14,Post_P14,0,0.6023221963645115,1
6,P14,P14,Post_P14,0,0.5418416988830018,1
6,P14,P14,Post_P14,0,0.37874899156770186,0
6,P14,P14,Post_P14,0,0.03323604520726274,0
6,P14,P14,Post_P14,0,0.4279350331113425,0
6,P14,P14,Post_P14,0,0.5982785609529683,1
6,P14,P14,Post_P14,0,0.7741815826891261,1
6,P14,P14,Post_P14,0,0.527273726105704,1
6,P14,P14,Post_P14,0,0.6161053071464966,1
6,P14,P14,Post_P14,0,0.3121957180706636,0
6,P14,P14,Post_P14,0,0.24359406335011138,0
6,P14,P14,Post_P14,0,0.5586498579489684,1
6,P14,P14,Post_P14,0,0.4143856670413806,0
6,P14,P14,Post_P14,0,0.7058683999329898,1
6,P14,P14,Post_P14,0,0.23569988314492477,0
6,P14,P14,Post_P14,0,0.6125859541811273,1
6,P14,P14,Post_P14,0,0.4362772434814888,0
6,P14,P14,Post_P14,0,0.560739275567322,1
6,P14,P14,Post_P14,0,0.4630233340910747,0
6,P14,P14,Post_P14,0,0.4523635001822184,0
6,P14,P14,Post_P14,0,0.44857276077300956,0
6,P14,P14,Post_P14,0,0.7188718897473977,1
6,P14,P14,Post_P14,0,0.5508010085516812,1
6,P14,P14,Post_P14,0,0.31602698319669936,0
6,P14,P14,Post_P14,0,0.39758904534747347,0
6,P14,P14,Post_P14,0,0.535947486579684,1
6,P14,P14,Post_P14,0,0.29358329152103313,0
6,P14,P14,Post_P14,0,0.24226010052564878,0
6,P14,P14,Post_P14,0,0.5404659581018608,1
6,P14,P14,Post_P14,0,0.22409204928858983,0
6,P14,P14,Post_P14,0,0.06545840919560802,0
6,P14,P14,Post_P14,0,0.5131499402370615,1
6,P14,P14,Post_P14,0,0.8605128934858004,1
6,P14,P14,Post_P14,0,0.5188918061015889,1
6,P14,P14,Post_P14,0,0.3048849927761981,0
6,P14,P14,Post_P14,0,0.04071202067649689,0
6,P14,P14,Post_P14,0,0.5501676418312227,1
6,P14,P14,Post_P14,0,0.5270420549866836,1
6,P14,P14,Post_P14,0,0.5405130059099503,1
6,P14,P14,Post_P14,0,0.41859023148289937,0
6,P14,P14,Post_P14,0,0.47853839917855745,0
6,P14,P14,Post_P14,0,0.5239488436959384,1
6,P14,P14,Post_P14,0,0.5257122263230788,1
6,P14,P14,Post_P14,0,0.8768827208093938,1
6,P14,P14,Post_P14,0,0.433003649393573,0
6,P14,P14,Post_P14,0,0.2693761315720943,0
6,P14,P14,Post_P14,0,0.15964321102274764,0
6,P14,P14,Post_P14,0,0.25161009898398307,0
6,P14,P14,Post_P14,0,0.25352666187487843,0
6,P14,P14,Post_P14,0,0.47872110672569396,0
6,P14,P14,Post_P14,0,0.7458024284695088,1
6,P14,P14,Post_P14,0,0.4651299054788077,0
6,P14,P14,Post_P14,0,0.3433644238671638,0
6,P14,P14,Post_P14,0,0.13635710060621026,0
6,P14,P14,Post_P14,0,0.29993068733727063,0
6,P14,P14,Post_P14,0,0.3478288681115756,0
6,P14,P14,Post_P14,0,0.7151935141666437,1
6,P14,P14,Post_P14,0,0.7807145736240357,1
6,P14,P14,Post_P14,0,0.4061474518682129,0
6,P14,P14,Post_P14,0,0.7070593170803985,1
6,P14,P14,Post_P14,0,0.4261737839528791,0
6,P14,P14,Post_P14,0,0.5031559918921865,1
6,P14,P14,Post_P14,0,0.5260770348291012,1
6,P14,P14,Post_P14,0,0.24425907485771084,0
6,P14,P14,Post_P14,0,0.3030519673358277,0
6,P14,P14,Post_P14,0,0.6400743130167872,1
6,P14,P14,Post_P14,0,0.7188182980578791,1
6,P14,P14,Post_P14,0,0.5531017290775593,1
6,P14,P14,Post_P14,0,0.18883771412811076,0
6,P14,P14,Post_P14,0,0.5960952616050786,1
6,P14,P14,Post_P14,0,0.45074847905607784,0
6,P14,P14,Post_P14,0,0.722841769084061,1
6,P14,P14,Post_P14,0,0.46670568202005425,0
6,P14,P14,Post_P14,0,0.6166530881476041,1
6,P14,P14,Post_P14,0,0.7370121732877539,1
6,P14,P14,Post_P14,0,0.23070299002864417,0
6,P14,P14,Post_P14,0,0.5250798690036116,1
6,P14,P14,Post_P14,0,0.2944110708046759,0
6,P14,P14,Post_P14,0,0.436318466241196,0
6,P14,P14,Post_P14,0,0.48715565989242043,0
6,P14,P14,Post_P14,0,0.36108571329800926,0
6,P14,P14,Post_P14,0,0.3594010444587443,0
6,P14,P14,Post_P14,0,0.2985723437585259,0
6,P14,P14,Post_P14,0,0.5483614744845037,1
6,P14,P14,Post_P14,0,0.6502666516848116,1
6,P14,P14,Post_P14,0,0.26840142981346315,0
6,P14,P14,Post_P14,0,0.4763648847908168,0
6,P14,P14,Post_P14,0,0.628435641556362,1
6,P14,P14,Post_P14,0,0.22269843471562392,0
6,P14,P14,Post_P14,0,0.2981134538688997,0
6,P14,P14,Post_P14,0,0.18842579908088633,0
6,P14,P14,Post_P14,0,0.8211704604999807,1
6,P14,P14,Post_P14,0,0.4438110906188067,0
6,P14,P14,Post_P14,0,0.350439536459685,0
6,P14,P14,Post_P14,0,0.33562867842680844,0
6,P14,P14,Post_P14,0,0.20367415969188415,0
6,P14,P14,Post_P14,0,0.2992885542996372,0
6,P14,P14,Post_P14,0,0.35536873707453964,0
6,P14,P14,Post_P14,0,0.6191059449556064,1
6,P14,P14,Post_P14,0,0.49186265490407377,0
6,P14,P14,Post_P14,0,0.5937764408380994,1
6,P14,P14,Post_P14,0,0.6311940096071895,1
6,P14,P14,Post_P14,0,0.6409714224744935,1
6,P14,P14,Post_P14,0,0.4481099510298876,0
6,P14,P14,Post_P14,0,0.5578427890780123,1
6,P14,P14,Post_P14,0,0.31736567720302283,0
6,P14,P14,Post_P14,0,0.5480665768407704,1
6,P14,P14,Post_P14,0,0.3291042715737948,0
6,P14,P14,Post_P14,0,0.2943818874034298,0
6,P14,P14,Post_P14,0,0.12627210380400095,0
6,P14,P14,Post_P14,0,0.2368839914431061,0
6,P14,P14,Post_P14,0,0.38071739795521303,0
6,P14,P14,Post_P14,0,0.5935014949551736,1
6,P14,P14,Post_P14,0,0.2874211860059177,0
6,P14,P14,Post_P14,0,0.293418728851918,0
6,P14,P14,Post_P14,0,0.43426270590672417,0
6,P14,P14,Post_P14,0,0.3659534925515974,0
6,P14,P14,Post_P14,0,0.5747595183530952,1
6,P14,P14,Post_P14,0,0.21470101331073158,0
6,P14,P14,Post_P14,0,0.39442774568073397,0
6,P14,P14,Post_P14,0,0.6873339158579478,1
6,P14,P14,Post_P14,0,0.3281893377964299,0
6,P14,P14,Post_P14,0,0.21948613674135414,0
6,P14,P14,Post_P14,0,0.2244931150305173,0
6,P14,P14,Post_P14,0,0.36551945728498103,0
6,P14,P14,Post_P14,0,0.6258097349887011,1
6,P14,P14,Post_P14,0,0.8124372103097204,1
6,P14,P14,Post_P14,0,0.6344605571242145,1
6,P14,P14,Post_P14,0,0.34497247952376886,0
6,P14,P14,Post_P14,0,0.2801620949467509,0
6,P14,P14,Post_P14,0,0.34589738913320783,0
6,P14,P14,Post_P14,0,0.3891214316460245,0
6,P14,P14,Post_P14,0,0.49117344139488867,0
6,P14,P14,Post_P14,0,0.34710003833026143,0
6,P14,P14,Post_P14,0,0.5695813979908206,1
6,P14,P14,Post_P14,0,0.18124344144980165,0
6,P14,P14,Post_P14,0,0.12706995889200734,0
6,P14,P14,Post_P14,0,0.5151017710126002,1
6,P14,P14,Post_P14,0,0.4347240108134358,0
6,P14,P14,Post_P14,0,0.5968837618454229,1
6,P14,P14,Post_P14,0,0.6160003517253537,1
6,P14,P14,Post_P14,0,0.3250483282617371,0
6,P14,P14,Post_P14,0,0.44900153897341966,0
6,P14,P14,Post_P14,0,0.6459436241236702,1
6,P14,P14,Post_P14,0,0.41769730354292683,0
6,P14,P14,Post_P14,0,0.6306633128284291,1
6,P14,P14,Post_P14,0,0.6713052350311134,1
6,P14,P14,Post_P14,0,0.46329662558348206,0
6,P14,P14,Post_P14,0,0.24275168585523968,0
6,P14,P14,Post_P14,0,0.4985658546648406,0
6,P14,P14,Post_P14,0,0.4152489707148651,0
6,P14,P14,Post_P14,0,0.4357723760584265,0
6,P14,P14,Post_P14,0,0.44275190940696935,0
6,P14,P14,Post_P14,0,0.4255834431018787,0
6,P14,P14,Post_P14,0,0.6529467720195326,1
6,P14,P14,Post_P14,0,0.3563980904767813,0
6,P14,P14,Post_P14,0,0.445894081579201,0
6,P14,P14,Post_P14,0,0.46343849448049607,0
6,P14,P14,Post_P14,0,0.4664531848444831,0
6,P14,P14,Post_P14,0,0.30204292477811273,0
6,P14,P14,Post_P14,0,0.48061990230521584,0
6,P14,P14,Post_P14,0,0.4223186728627924,0
6,P14,P14,Post_P14,0,0.552784647088243,1
6,P14,P14,Post_P14,0,0.6233227298247624,1
6,P14,P14,Post_P14,0,0.4563557772755648,0
6,P14,P14,Post_P14,0,0.2388983940936623,0
6,P14,P14,Post_P14,0,0.10309500670586208,0
6,P14,P14,Post_P14,0,0.26090359537548835,0
6,P14,P14,Post_P14,0,0.3817619868250306,0
6,P14,P14,Post_P14,0,0.27704508369426656,0
6,P14,P14,Post_P14,0,0.3121040509459665,0
6,P14,P14,Post_P14,0,0.688989034613136,1
6,P14,P14,Post_P14,0,0.6447449535565206,1
6,P14,P14,Post_P14,0,0.12103253169643206,0
6,P14,P14,Post_P14,0,0.30795402747064454,0
6,P14,P14,Post_P14,0,0.5632039475471086,1
6,P14,P14,Post_P14,0,0.5496968693773591,1
6,P14,P14,Post_P14,0,0.5451913640852264,1
6,P14,P14,Post_P14,0,0.622891580360068,1
6,P14,P14,Post_P14,0,0.19173169269376364,0
6,P14,P14,Post_P14,0,0.493864146582441,0
6,P14,P14,Post_P14,0,0.11050395936821868,0
6,P14,P14,Post_P14,0,0.46058016613781466,0
6,P14,P14,Post_P14,0,0.31261130928309855,0
6,P14,P14,Post_P14,0,0.07932570436105814,0
6,P14,P14,Post_P14,0,0.4842533801623031,0
6,P14,P14,Post_P14,0,0.5393380854800677,1
6,P14,P14,Post_P14,0,0.6768351278839785,1
6,P14,P14,Post_P14,0,0.026250705368969545,0
6,P14,P14,Post_P14,0,0.15664039539686164,0
6,P14,P14,Post_P14,0,0.336432512594254,0
6,P14,P14,Post_P14,0,0.5885226104978869,1
6,P14,P14,Post_P14,0,0.6691744608144505,1
6,P14,P14,Post_P14,0,0.5158700907295489,1
6,P14,P14,Post_P14,0,0.12097530286680258,0
6,P14,P14,Post_P14,0,0.40857785762377213,0
6,P14,P14,Post_P14,0,0.616835172053891,1
6,P14,P14,Post_P14,0,0.3963885261297551,0
6,P14,P14,Post_P14,0,0.6036525721769272,1
6,P14,P14,Post_P14,0,0.2961611943424012,0
6,P14,P14,Post_P14,0,0.46927113185834757,0
6,P14,P14,Post_P14,0,0.6852929358555879,1
6,P14,P14,Post_P14,0,0.38924070443336767,0
6,P14,P14,Post_P14,0,0.4123308335576103,0
6,P14,P14,Post_P14,0,0.39623730691777853,0
6,P14,P14,Post_P14,0,0.5893021653996158,1
6,P14,P14,Post_P14,0,0.3560701914302661,0
6,P14,P14,Post_P14,0,0.544528542064445,1
6,P14,P14,Post_P14,0,0.3703248839916532,0
6,P14,P14,Post_P14,0,0.32153888727664315,0
6,P14,P14,Post_P14,0,0.6301702645278202,1
6,P14,P14,Post_P14,0,0.5124049933883306,1
6,P14,P14,Post_P14,0,0.31073315423711956,0
6,P14,P14,Post_P14,0,0.4414265019145273,0
6,P14,P14,Post_P14,0,0.6318191309830369,1
6,P14,P14,Post_P14,0,0.398326354224393,0
6,P14,P14,Post_P14,0,0.5199878664116904,1
6,P14,P14,Post_P14,0,0.6964680248104991,1
6,P14,P14,Post_P14,0,0.17641162059181034,0
6,P14,P14,Post_P14,0,0.39870059434387173,0
6,P14,P14,Post_P14,0,0.4037918290223021,0
6,P14,P14,Post_P14,0,0.4744637122570771,0
6,P14,P14,Post_P14,0,0.25813352670519274,0
6,P14,P14,Post_P14,0,0.40438628701760543,0
6,P14,P14,Post_P14,0,0.39136166156105007,0
6,P14,P14,Post_P14,0,0.4892518397598866,0
6,P14,P14,Post_P14,0,0.5449809135420085,1
6,P14,P14,Post_P14,0,0.2874267057376201,0
6,P14,P14,Post_P14,0,0.265142204365902,0
6,P14,P14,Post_P14,0,0.5430165536861506,1
6,P14,P14,Post_P14,0,0.32806288796539157,0
6,P14,P14,Post_P14,0,0.34562528608214343,0
6,P14,P14,Post_P14,0,0.38337930793623054,0
6,P14,P14,Post_P14,0,0.09430557131028801,0
6,P14,P14,Post_P14,0,0.46994645014885716,0
6,P14,P14,Post_P14,0,0.5527140122659129,1
6,P14,P14,Post_P14,0,0.40154330795014764,0
6,P14,P14,Post_P14,0,0.4403362629908539,0
6,P14,P14,Post_P14,0,0.48664575258533666,0
6,P14,P14,Post_P14,0,0.19707629981327798,0
6,P14,P14,Post_P14,0,0.47064323986815193,0
6,P14,P14,Post_P14,0,0.7808860453194735,1
6,P14,P14,Post_P14,0,0.22176143456257552,0
6,P14,P14,Post_P14,0,0.4480381580481352,0
6,P14,P14,Post_P14,0,0.675972819651926,1
6,P14,P14,Post_P14,0,0.7667168742610898,1
6,P14,P14,Post_P14,0,0.24298701251459542,0
6,P14,P14,Post_P14,0,0.5926859062797948,1
6,P14,P14,Post_P14,0,0.7906491430709256,1
6,P14,P14,Post_P14,0,0.6414134523179998,1
6,P14,P14,Post_P14,0,0.23650034999588032,0
6,P14,P14,Post_P14,0,0.6029604452961087,1
6,P14,P14,Post_P14,0,0.4437168038851603,0
6,P14,P14,Post_P14,0,0.42616698340906267,0
6,P14,P14,Post_P14,0,0.29133125848449126,0
6,P14,P14,Post_P14,0,0.5522541092649547,1
6,P14,P14,Post_P14,0,0.4800717833790632,0
6,P14,P14,Post_P14,0,0.2546169475164286,0
6,P14,P14,Post_P14,0,0.26305869411150634,0
6,P14,P14,Post_P14,0,0.7511438023756695,1
6,P14,P14,Post_P14,0,0.5165597418755259,1
6,P14,P14,Post_P14,0,0.46190711585990313,0
6,P14,P14,Post_P14,0,0.3990452972154846,0
6,P14,P14,Post_P14,0,0.4434651253552727,0
6,P14,P14,Post_P14,0,0.2911347100062894,0
6,P14,P14,Post_P14,0,0.05045425911348938,0
6,P14,P14,Post_P14,0,0.49133948932999105,0
6,P14,P14,Post_P14,0,0.6480955889625069,1
6,P14,P14,Post_P14,0,0.3204481750982774,0
6,P14,P14,Post_P14,0,0.5730372639644339,1
6,P14,P14,Post_P14,0,0.2290468885722878,0
6,P14,P14,Post_P14,0,0.2965169761111434,0
6,P14,P14,Post_P14,0,0.37998676904900003,0
6,P14,P14,Post_P14,0,0.5464393972769611,1
6,P14,P14,Post_P14,0,0.6411533800481066,1
6,P14,P14,Post_P14,0,0.5927758187522166,1
6,P14,P14,Post_P14,0,0.7741731843553642,1
6,P14,P14,Post_P14,0,0.1755375698931899,0
6,P14,P14,Post_P14,0,0.5459221520202462,1
6,P14,P14,Post_P14,0,0.44208677210427366,0
6,P14,P14,Post_P14,0,0.19630757763180276,0
6,P14,P14,Post_P14,0,0.6625333780723397,1
6,P14,P14,Post_P14,0,0.20662490524830132,0
6,P14,P14,Post_P14,0,0.5595428023584205,1
6,P14,P14,Post_P14,0,0.8094990244219812,1
6,P14,P14,Post_P14,0,0.21695825790991727,0
7,P15,P15,Pre_P15,0,0.475920567039995,0
7,P15,P15,Pre_P15,0,0.19147778679420158,0
7,P15,P15,Pre_P15,0,0.5301828351765698,1
7,P15,P15,Pre_P15,0,0.4647404087902059,0
7,P15,P15,Pre_P15,0,0.5548790674479812,1
7,P15,P15,Pre_P15,0,0.3890191266579755,0
7,P15,P15,Pre_P15,0,0.5537329112229407,1
7,P15,P15,Pre_P15,0,0.46306027579447306,0
7,P15,P15,Pre_P15,0,0.4989527837144071,0
7,P15,P15,Pre_P15,0,0.4621949950542296,0
7,P15,P15,Pre_P15,0,0.243630060677503,0
7,P15,P15,Pre_P15,0,0.6006103978443152,1
7,P15,P15,Pre_P15,0,0.5533831823028788,1
7,P15,P15,Pre_P15,0,0.48640140373719487,0
7,P15,P15,Pre_P15,0,0.47550646644319877,0
7,P15,P15,Pre_P15,0,0.5238226280529623,1
7,P15,P15,Pre_P15,0,0.5202900584535176,1
7,P15,P15,Pre_P15,0,0.11480084049233914,0
7,P15,P15,Pre_P15,0,0.4772611528884466,0
7,P15,P15,Pre_P15,0,0.4525092569960264,0
7,P15,P15,Pre_P15,0,0.5790751967029838,1
7,P15,P15,Pre_P15,0,0.37950374258434627,0
7,P15,P15,Pre_P15,0,0.563250339792145,1
7,P15,P15,Pre_P15,0,0.35670633538931795,0
7,P15,P15,Pre_P15,0,0.5717755495247492,1
7,P15,P15,Pre_P15,0,0.5584101776418505,1
7,P15,P15,Pre_P15,0,0.46641645459653736,0
7,P15,P15,Pre_P15,0,0.6287154421794854,1
7,P15,P15,Pre_P15,0,0.5806365787564393,1
7,P15,P15,Pre_P15,0,0.44682773066696196,0
7,P15,P15,Pre_P15,0,0.5032123488682313,1
7,P15,P15,Pre_P15,0,0.37104729420750815,0
7,P15,P15,Pre_P15,0,0.7080913338148378,1
7,P15,P15,Pre_P15,0,0.49083809493978525,0
7,P15,P15,Pre_P15,0,0.6146340468727673,1
7,P15,P15,Pre_P15,0,0.5734649194602974,1
7,P15,P15,Pre_P15,0,0.4549875590421179,0
7,P15,P15,Pre_P15,0,0.436611794373983,0
7,P15,P15,Pre_P15,0,0.4914684227875958,0
7,P15,P15,Pre_P15,0,0.4381029289040225,0
7,P15,P15,Pre_P15,0,0.5713065770325774,1
7,P15,P15,Pre_P15,0,0.4561686550971539,0
7,P15,P15,Pre_P15,0,0.5337686496355409,1
7,P15,P15,Pre_P15,0,0.4691038988890632,0
7,P15,P15,Pre_P15,0,0.6110793373232123,1
7,P15,P15,Pre_P15,0,0.43603750288191956,0
7,P15,P15,Pre_P15,0,0.27681493814841174,0
7,P15,P15,Pre_P15,0,0.4740850776195851,0
7,P15,P15,Pre_P15,0,0.40046262099790475,0
7,P15,P15,Pre_P15,0,0.5577013133929567,1
7,P15,P15,Pre_P15,0,0.6036012494568896,1
7,P15,P15,Pre_P15,0,0.521514980833282,1
7,P15,P15,Pre_P15,0,0.35107942478121473,0
7,P15,P15,Pre_P15,0,0.6357957822321149,1
7,P15,P15,Pre_P15,0,0.44936946777687675,0
7,P15,P15,Pre_P15,0,0.5107211077338984,1
7,P15,P15,Pre_P15,0,0.3837026362392567,0
7,P15,P15,Pre_P15,0,0.7866058281749806,1
7,P15,P15,Pre_P15,0,0.5743732293631229,1
7,P15,P15,Pre_P15,0,0.3216863497623938,0
7,P15,P15,Pre_P15,0,0.28043004729025256,0
7,P15,P15,Pre_P15,0,0.44119808583994985,0
7,P15,P15,Pre_P15,0,0.4534364585434491,0
7,P15,P15,Pre_P15,0,0.6336996280351511,1
7,P15,P15,Pre_P15,0,0.7189280211497345,1
7,P15,P15,Pre_P15,0,0.20999421424336198,0
7,P15,P15,Pre_P15,0,0.20930430801324199,0
7,P15,P15,Pre_P15,0,0.46137714530515384,0
7,P15,P15,Pre_P15,0,0.36382310597148526,0
7,P15,P15,Pre_P15,0,0.4139117947985157,0
7,P15,P15,Pre_P15,0,0.3501214987772694,0
7,P15,P15,Pre_P15,0,0.38322293831563814,0
7,P15,P15,Pre_P15,0,0.6226834614605647,1
7,P15,P15,Pre_P15,0,0.5784816316814447,1
7,P15,P15,Pre_P15,0,0.6442005665020598,1
7,P15,P15,Pre_P15,0,0.41915201011578224,0
7,P15,P15,Pre_P15,0,0.5183026821430298,1
7,P15,P15,Pre_P15,0,0.6493348248940588,1
7,P15,P15,Pre_P15,0,0.7015074969059953,1
7,P15,P15,Pre_P15,0,0.5585711471999177,1
7,P15,P15,Pre_P15,0,0.6568965515856408,1
7,P15,P15,Pre_P15,0,0.25696490883142303,0
7,P15,P15,Pre_P15,0,0.4114911088948162,0
7,P15,P15,Pre_P15,0,0.5816165220002585,1
7,P15,P15,Pre_P15,0,0.42124762741282934,0
7,P15,P15,Pre_P15,0,0.6620352924493138,1
7,P15,P15,Pre_P15,0,0.5244931677938771,1
7,P15,P15,Pre_P15,0,0.44374377653280805,0
7,P15,P15,Pre_P15,0,0.3468911394729951,0
7,P15,P15,Pre_P15,0,0.4096436107636553,0
7,P15,P15,Pre_P15,0,0.27001174750860485,0
7,P15,P15,Pre_P15,0,0.6689526049615817,1
7,P15,P15,Pre_P15,0,0.19631825810510006,0
7,P15,P15,Pre_P15,0,0.6246131790974674,1
7,P15,P15,Pre_P15,0,0.30063421951504893,0
7,P15,P15,Pre_P15,0,0.2030937599752711,0
7,P15,P15,Pre_P15,0,0.5573426553583232,1
7,P15,P15,Pre_P15,0,0.30756908824627205,0
7,P15,P15,Pre_P15,0,0.44614668491999776,0
7,P15,P15,Pre_P15,0,0.6614184670669175,1
7,P15,P15,Pre_P15,0,0.43267129257693543,0
7,P15,P15,Pre_P15,0,0.3067470909155092,0
7,P15,P15,Pre_P15,0,0.5361790085272218,1
7,P15,P15,Pre_P15,0,0.26391519656706774,0
7,P15,P15,Pre_P15,0,0.405019182169056,0
7,P15,P15,Pre_P15,0,0.5924431951041532,1
7,P15,P15,Pre_P15,0,0.502664271900638,1
7,P15,P15,Pre_P15,0,0.5775569931579877,1
7,P15,P15,Pre_P15,0,0.42742820896291683,0
7,P15,P15,Pre_P15,0,0.40711884113992663,0
7,P15,P15,Pre_P15,0,0.6481063705252842,1
7,P15,P15,Pre_P15,0,0.3646943787172408,0
7,P15,P15,Pre_P15,0,0.7321007290359408,1
7,P15,P15,Pre_P15,0,0.5406769506274629,1
7,P15,P15,Pre_P15,0,0.1783747711505644,0
7,P15,P15,Pre_P15,0,0.30918739301764664,0
7,P15,P15,Pre_P15,0,0.3790274189307204,0
7,P15,P15,Pre_P15,0,0.5161931031580792,1
7,P15,P15,Pre_P15,0,0.2526694720230861,0
7,P15,P15,Pre_P15,0,0.5837833079820123,1
7,P15,P15,Pre_P15,0,0.4701675543926812,0
7,P15,P15,Pre_P15,0,0.4220145764421136,0
7,P15,P15,Pre_P15,0,0.6731828014886272,1
7,P15,P15,Pre_P15,0,0.4541012291673601,0
7,P15,P15,Pre_P15,0,0.5272184303526515,1
7,P15,P15,Pre_P15,0,0.4006419240692184,0
7,P15,P15,Pre_P15,0,0.5229183286865584,1
7,P15,P15,Pre_P15,0,0.4889176089905362,0
7,P15,P15,Pre_P15,0,0.4344883301467786,0
7,P15,P15,Pre_P15,0,0.6395482512672738,1
7,P15,P15,Pre_P15,0,0.17949571808672726,0
7,P15,P15,Pre_P15,0,0.5378582327907868,1
7,P15,P15,Pre_P15,0,0.41313654964517904,0
7,P15,P15,Pre_P15,0,0.5792227663048175,1
7,P15,P15,Pre_P15,0,0.5251327940049707,1
7,P15,P15,Pre_P15,0,0.2513110082468189,0
7,P15,P15,Pre_P15,0,0.4369652806558337,0
7,P15,P15,Pre_P15,0,0.21037777615118894,0
7,P15,P15,Pre_P15,0,0.5125777649252795,1
7,P15,P15,Pre_P15,0,0.24814568733960404,0
7,P15,P15,Pre_P15,0,0.3893572384082751,0
7,P15,P15,Pre_P15,0,0.35731454987213224,0
7,P15,P15,Pre_P15,0,0.39412263443642215,0
7,P15,P15,Pre_P15,0,0.32603046384226186,0
7,P15,P15,Pre_P15,0,0.43557820709388084,0
7,P15,P15,Pre_P15,0,0.33899984770002833,0
7,P15,P15,Pre_P15,0,0.3154996984657838,0
7,P15,P15,Pre_P15,0,0.40533167057952596,0
7,P15,P15,Pre_P15,0,0.7125822123539168,1
7,P15,P15,Pre_P15,0,0.23762111744162237,0
7,P15,P15,Pre_P15,0,0.5437784478841763,1
7,P15,P15,Pre_P15,0,0.10639005016791869,0
7,P15,P15,Pre_P15,0,0.646036794704032,1
7,P15,P15,Pre_P15,0,0.4373123318641528,0
7,P15,P15,Pre_P15,0,0.6360155020626261,1
7,P15,P15,Pre_P15,0,0.5940910424376814,1
7,P15,P15,Pre_P15,0,0.5071499451611623,1
7,P15,P15,Pre_P15,0,0.7389366264725977,1
7,P15,P15,Pre_P15,0,0.4685503332151635,0
7,P15,P15,Pre_P15,0,0.24224863592789408,0
7,P15,P15,Pre_P15,0,0.3028755374147809,0
7,P15,P15,Pre_P15,0,0.6324109222317105,1
7,P15,P15,Pre_P15,0,0.6372147073472394,1
7,P15,P15,Pre_P15,0,0.6022895121696691,1
7,P15,P15,Pre_P15,0,0.7291582670649637,1
7,P15,P15,Pre_P15,0,0.38457695692422617,0
7,P15,P15,Pre_P15,0,0.4524966884471755,0
7,P15,P15,Pre_P15,0,0.6275251988420947,1
7,P15,P15,Pre_P15,0,0.6970583835590234,1
7,P15,P15,Pre_P15,0,0.42572698992446384,0
7,P15,P15,Pre_P15,0,0.3578752602918785,0
7,P15,P15,Pre_P15,0,0.19891746593076837,0
7,P15,P15,Pre_P15,0,0.4801678353470951,0
7,P15,P15,Pre_P15,0,0.6161398631736996,1
7,P15,P15,Pre_P15,0,0.60456824906635,1
7,P15,P15,Pre_P15,0,0.4835764774667258,0
7,P15,P15,Pre_P15,0,0.2946063966943416,0
7,P15,P15,Pre_P15,0,0.48610616866480777,0
7,P15,P15,Pre_P15,0,0.595430645691218,1
7,P15,P15,Pre_P15,0,0.36441206477398236,0
7,P15,P15,Pre_P15,0,0.515857361813065,1
7,P15,P15,Pre_P15,0,0.513404409219976,1
7,P15,P15,Pre_P15,0,0.3815625906767538,0
7,P15,P15,Pre_P15,0,0.501244558831288,1
7,P15,P15,Pre_P15,0,0.2798489120154186,0
7,P15,P15,Pre_P15,0,0.4248952344508838,0
7,P15,P15,Pre_P15,0,0.40998636634295765,0
7,P15,P15,Pre_P15,0,0.585201020254247,1
7,P15,P15,Pre_P15,0,0.5358750503524567,1
7,P15,P15,Pre_P15,0,0.43728673865272755,0
7,P15,P15,Pre_P15,0,0.6413845948891759,1
7,P15,P15,Pre_P15,0,0.4726036436802841,0
7,P15,P15,Pre_P15,0,0.4827021754282743,0
7,P15,P15,Pre_P15,0,0.35338834644789163,0
7,P15,P15,Pre_P15,0,0.33151185541866357,0
7,P15,P15,Pre_P15,0,0.38119790409838794,0
7,P15,P15,Pre_P15,0,0.4900014145591865,0
7,P15,P15,Pre_P15,0,0.4962292445484756,0
7,P15,P15,Pre_P15,0,0.5582213829665086,1
7,P15,P15,Pre_P15,0,0.548450478341063,1
7,P15,P15,Pre_P15,0,0.4921546092644757,0
7,P15,P15,Pre_P15,0,0.27138117016577723,0
7,P15,P15,Pre_P15,0,0.6944991078261695,1
7,P15,P15,Pre_P15,0,0.3037900191753247,0
7,P15,P15,Pre_P15,0,0.5853104802913952,1
7,P15,P15,Pre_P15,0,0.5304716926775146,1
7,P15,P15,Pre_P15,0,0.6858348374758635,1
7,P15,P15,Pre_P15,0,0.560770328297385,1
7,P15,P15,Pre_P15,0,0.311820096132687,0
7,P15,P15,Pre_P15,0,0.6648942710090475,1
7,P15,P15,Pre_P15,0,0.3308566825199599,0
7,P15,P15,Pre_P15,0,0.6104559883491829,1
7,P15,P15,Pre_P15,0,0.657906497601437,1
7,P15,P15,Pre_P15,0,0.521788383012109,1
7,P15,P15,Pre_P15,0,0.3058387670603958,0
7,P15,P15,Pre_P15,0,0.5593845906670278,1
7,P15,P15,Pre_P15,0,0.5952083074207557,1
7,P15,P15,Pre_P15,0,0.5551585958437092,1
7,P15,P15,Pre_P15,0,0.627593406294803,1
7,P15,P15,Pre_P15,0,0.30035997869009823,0
7,P15,P15,Pre_P15,0,0.3651776599186467,0
7,P15,P15,Pre_P15,0,0.603027715555197,1
7,P15,P15,Pre_P15,0,0.5358774892265147,1
7,P15,P15,Pre_P15,0,0.5400109002687478,1
7,P15,P15,Pre_P15,0,0.5365475949700057,1
7,P15,P15,Pre_P15,0,0.37133736070315976,0
7,P15,P15,Pre_P15,0,0.2941049050954593,0
7,P15,P15,Pre_P15,0,0.5714504076787926,1
7,P15,P15,Pre_P15,0,0.6095999695819706,1
7,P15,P15,Pre_P15,0,0.6460570608776062,1
7,P15,P15,Pre_P15,0,0.5417047612320303,1
7,P15,P15,Pre_P15,0,0.47652369464092403,0
7,P15,P15,Pre_P15,0,0.6330618360697208,1
7,P15,P15,Pre_P15,0,0.42636984235736963,0
7,P15,P15,Pre_P15,0,0.4524594817444262,0
7,P15,P15,Pre_P15,0,0.6799934973437392,1
7,P15,P15,Pre_P15,0,0.47282914189447384,0
7,P15,P15,Pre_P15,0,0.5192621596671055,1
7,P15,P15,Pre_P15,0,0.6797911123208747,1
7,P15,P15,Pre_P15,0,0.22353393896005247,0
7,P15,P15,Pre_P15,0,0.4023237725758272,0
7,P15,P15,Pre_P15,0,0.4517107671589323,0
7,P15,P15,Pre_P15,0,0.29950077915567896,0
7,P15,P15,Pre_P15,0,0.6335124156807955,1
7,P15,P15,Pre_P15,0,0.39845188273657145,0
7,P15,P15,Pre_P15,0,0.42340293678597357,0
7,P15,P15,Pre_P15,0,0.47398374852172687,0
7,P15,P15,Pre_P15,0,0.45046279010810036,0
7,P15,P15,Pre_P15,0,0.38503876628252565,0
7,P15,P15,Pre_P15,0,0.5049157301069881,1
7,P15,P15,Pre_P15,0,0.3491945724467318,0
7,P15,P15,Pre_P15,0,0.639972638118174,1
7,P15,P15,Pre_P15,0,0.6923597027692434,1
7,P15,P15,Pre_P15,0,0.4579844624130548,0
7,P15,P15,Pre_P15,0,0.34025886189307036,0
7,P15,P15,Pre_P15,0,0.40876776267893855,0
7,P15,P15,Pre_P15,0,0.48773321887182164,0
7,P15,P15,Pre_P15,0,0.5796708587669926,1
7,P15,P15,Pre_P15,0,0.4879805749090611,0
7,P15,P15,Pre_P15,0,0.28044780929784824,0
7,P15,P15,Pre_P15,0,0.6502165610770226,1
7,P15,P15,Pre_P15,0,0.5500302765205142,1
7,P15,P15,Pre_P15,0,0.6653298932008558,1
7,P15,P15,Pre_P15,0,0.41174667357730416,0
7,P15,P15,Pre_P15,0,0.40756600372559354,0
7,P15,P15,Pre_P15,0,0.4292906589274979,0
7,P15,P15,Pre_P15,0,0.30495215593500746,0
7,P15,P15,Pre_P15,0,0.5762848530920475,1
7,P15,P15,Pre_P15,0,0.41704073856445006,0
7,P15,P15,Pre_P15,0,0.4386691537643122,0
7,P15,P15,Pre_P15,0,0.42926892636305936,0
7,P15,P15,Pre_P15,0,0.573958346398194,1
7,P15,P15,Pre_P15,0,0.42830493049695856,0
7,P15,P15,Pre_P15,0,0.15774734831031298,0
7,P15,P15,Pre_P15,0,0.1544084413902626,0
7,P15,P15,Pre_P15,0,0.4445777676806733,0
7,P15,P15,Pre_P15,0,0.4400229733202546,0
7,P15,P15,Pre_P15,0,0.4468994907625642,0
7,P15,P15,Pre_P15,0,0.5376702798546118,1
7,P15,P15,Pre_P15,0,0.43125939228927157,0
7,P15,P15,Pre_P15,0,0.6031065914152544,1
7,P15,P15,Pre_P15,0,0.31122935985755895,0
7,P15,P15,Pre_P15,0,0.5052122807063738,1
7,P15,P15,Pre_P15,0,0.4224264410052769,0
7,P15,P15,Pre_P15,0,0.5540473074342142,1
7,P15,P15,Pre_P15,0,0.6653285294675877,1
7,P15,P15,Pre_P15,0,0.5958702880618947,1
7,P15,P15,Pre_P15,0,0.44403053746423654,0
7,P15,P15,Pre_P15,0,0.47219239117878625,0
7,P15,P15,Pre_P15,0,0.2270547201115765,0
7,P15,P15,Pre_P15,0,0.5344555269969481,1
7,P15,P15,Pre_P15,0,0.5391847288830252,1
7,P15,P15,Pre_P15,0,0.45819931911939915,0
7,P15,P15,Pre_P15,0,0.5527962264710692,1
7,P15,P15,Pre_P15,0,0.5323471823878394,1
7,P15,P15,Pre_P15,0,0.5657444447647874,1
7,P15,P15,Pre_P15,0,0.5048876314370885,1
7,P15,P15,Pre_P15,0,0.4394602643639638,0
7,P15,P15,Pre_P15,0,0.7134826407137735,1
7,P15,P15,Pre_P15,0,0.6022995490571014,1
7,P15,P15,Pre_P15,0,0.45707765778152115,0
7,P15,P15,Pre_P15,0,0.4610193147189374,0
7,P15,P15,Pre_P15,0,0.5462948643073241,1
7,P15,P15,Pre_P15,0,0.26160325279380875,0
7,P15,P15,Post_P15,0,0.6782014777426107,1
7,P15,P15,Post_P15,0,0.14016326391657843,0
7,P15,P15,Post_P15,0,0.48572066160752525,0
7,P15,P15,Post_P15,0,0.5907048970681625,1
7,P15,P15,Post_P15,0,0.36662272508222,0
7,P15,P15,Post_P15,0,0.3292884206362404,0
7,P15,P15,Post_P15,0,0.4366739309454738,0
7,P15,P15,Post_P15,0,0.38290830891791205,0
7,P15,P15,Post_P15,0,0.7267132607890089,1
7,P15,P15,Post_P15,0,0.5834074152127869,1
7,P15,P15,Post_P15,0,0.42452160908962777,0
7,P15,P15,Post_P15,0,0.4532443219287825,0
7,P15,P15,Post_P15,0,0.47140661713669996,0
7,P15,P15,Post_P15,0,0.2822103505792041,0
7,P15,P15,Post_P15,0,0.575432355400813,1
7,P15,P15,Post_P15,0,0.5884044796916709,1
7,P15,P15,Post_P15,0,0.5214425118950615,1
7,P15,P15,Post_P15,0,0.48987587575630376,0
7,P15,P15,Post_P15,0,0.3050951218841948,0
7,P15,P15,Post_P15,0,0.6292171434678342,1
7,P15,P15,Post_P15,0,0.5526352972800912,1
7,P15,P15,Post_P15,0,0.49895210185222505,0
7,P15,P15,Post_P15,0,0.5717568443112458,1
7,P15,P15,Post_P15,0,0.6668529934000589,1
7,P15,P15,Post_P15,0,0.5482907589773381,1
7,P15,P15,Post_P15,0,0.7296004444262704,1
7,P15,P15,Post_P15,0,0.20996207589547822,0
7,P15,P15,Post_P15,0,0.7180031377156982,1
7,P15,P15,Post_P15,0,0.38427515664492873,0
7,P15,P15,Post_P15,0,0.6655082406846741,1
7,P15,P15,Post_P15,0,0.5676558787437437,1
7,P15,P15,Post_P15,0,0.475193465861133,0
7,P15,P15,Post_P15,0,0.2123925056915185,0
7,P15,P15,Post_P15,0,0.37200046991501995,0
7,P15,P15,Post_P15,0,0.4290125631288696,0
7,P15,P15,Post_P15,0,0.7060297032482503,1
7,P15,P15,Post_P15,0,0.28369275879113165,0
7,P15,P15,Post_P15,0,0.29318869887067583,0
7,P15,P15,Post_P15,0,0.5510358349444655,1
7,P15,P15,Post_P15,0,0.41831007063987136,0
7,P15,P15,Post_P15,0,0.4307678663091521,0
7,P15,P15,Post_P15,0,0.46699275888592756,0
7,P15,P15,Post_P15,0,0.4248813210455124,0
7,P15,P15,Post_P15,0,0.39491765813034674,0
7,P15,P15,Post_P15,0,0.373502428915022,0
7,P15,P15,Post_P15,0,0.6188790881781592,1
7,P15,P15,Post_P15,0,0.5037229528549281,1
7,P15,P15,Post_P15,0,0.4059110347997031,0
7,P15,P15,Post_P15,0,0.3888054295295482,0
7,P15,P15,Post_P15,0,0.5850008545760882,1
7,P15,P15,Post_P15,0,0.40170718870755556,0
7,P15,P15,Post_P15,0,0.538694111589721,1
7,P15,P15,Post_P15,0,0.515498328620226,1
7,P15,P15,Post_P15,0,0.7698909593065735,1
7,P15,P15,Post_P15,0,0.12327555218733241,0
7,P15,P15,Post_P15,0,0.42033776412777357,0
7,P15,P15,Post_P15,0,0.381216945363449,0
7,P15,P15,Post_P15,0,0.5634142646721723,1
7,P15,P15,Post_P15,0,0.56694430228509,1
7,P15,P15,Post_P15,0,0.5334293394919049,1
7,P15,P15,Post_P15,0,0.39876449314703394,0
7,P15,P15,Post_P15,0,0.5129102604900506,1
7,P15,P15,Post_P15,0,0.371052759606999,0
7,P15,P15,Post_P15,0,0.5238158606674126,1
7,P15,P15,Post_P15,0,0.632327924644406,1
7,P15,P15,Post_P15,0,0.5661983860693677,1
7,P15,P15,Post_P15,0,0.2530693427064283,0
7,P15,P15,Post_P15,0,0.4386251995106953,0
7,P15,P15,Post_P15,0,0.47584541969948924,0
7,P15,P15,Post_P15,0,0.5804865583021427,1
7,P15,P15,Post_P15,0,0.3539417485698769,0
7,P15,P15,Post_P15,0,0.468224926983823,0
7,P15,P15,Post_P15,0,0.5371261152284208,1
7,P15,P15,Post_P15,0,0.6057533535520284,1
7,P15,P15,Post_P15,0,0.5761820196576862,1
7,P15,P15,Post_P15,0,0.5807366959181955,1
7,P15,P15,Post_P15,0,0.6656870417919226,1
7,P15,P15,Post_P15,0,0.2854280736405132,0
7,P15,P15,Post_P15,0,0.48280831341622904,0
7,P15,P15,Post_P15,0,0.6901150404047958,1
7,P15,P15,Post_P15,0,0.5463347163626276,1
7,P15,P15,Post_P15,0,0.44344550917859044,0
7,P15,P15,Post_P15,0,0.54713893399065,1
7,P15,P15,Post_P15,0,0.40174765449877325,0
7,P15,P15,Post_P15,0,0.45843599165935855,0
7,P15,P15,Post_P15,0,0.43135019765061794,0
7,P15,P15,Post_P15,0,0.538632681618689,1
7,P15,P15,Post_P15,0,0.34450040654208863,0
7,P15,P15,Post_P15,0,0.27117785431988134,0
7,P15,P15,Post_P15,0,0.6239081367303488,1
7,P15,P15,Post_P15,0,0.6892084850806098,1
7,P15,P15,Post_P15,0,0.46181470706642946,0
7,P15,P15,Post_P15,0,0.5014925067055358,1
7,P15,P15,Post_P15,0,0.1855121446209822,0
7,P15,P15,Post_P15,0,0.6260091017783699,1
7,P15,P15,Post_P15,0,0.7615541851545505,1
7,P15,P15,Post_P15,0,0.4205846528337567,0
7,P15,P15,Post_P15,0,0.46171911389621106,0
7,P15,P15,Post_P15,0,0.3424842173007482,0
7,P15,P15,Post_P15,0,0.5500313894846055,1
7,P15,P15,Post_P15,0,0.45548987404229063,0
7,P15,P15,Post_P15,0,0.3720447496874399,0
7,P15,P15,Post_P15,0,0.45321744663384506,0
7,P15,P15,Post_P15,0,0.6909722487056047,1
7,P15,P15,Post_P15,0,0.5398328488336464,1
7,P15,P15,Post_P15,0,0.28372379934165826,0
7,P15,P15,Post_P15,0,0.6734609493397338,1
7,P15,P15,Post_P15,0,0.4031522477867102,0
7,P15,P15,Post_P15,0,0.5516753450168488,1
7,P15,P15,Post_P15,0,0.25326435431895644,0
7,P15,P15,Post_P15,0,0.46150908621882636,0
7,P15,P15,Post_P15,0,0.4804583103125414,0
7,P15,P15,Post_P15,0,0.42017037646523575,0
7,P15,P15,Post_P15,0,0.5256653391900108,1
7,P15,P15,Post_P15,0,0.3363424113561043,0
7,P15,P15,Post_P15,0,0.567458162838037,1
7,P15,P15,Post_P15,0,0.4074191562039787,0
7,P15,P15,Post_P15,0,0.513795675751373,1
7,P15,P15,Post_P15,0,0.6046985844275995,1
7,P15,P15,Post_P15,0,0.3219466210022647,0
7,P15,P15,Post_P15,0,0.22118117535684428,0
7,P15,P15,Post_P15,0,0.577255571307274,1
7,P15,P15,Post_P15,0,0.318517506498566,0
7,P15,P15,Post_P15,0,0.4512005384373443,0
7,P15,P15,Post_P15,0,0.2970226020481269,0
7,P15,P15,Post_P15,0,0.468209775320827,0
7,P15,P15,Post_P15,0,0.7284301888501286,1
7,P15,P15,Post_P15,0,0.6769776620526694,1
7,P15,P15,Post_P15,0,0.6022913613545331,1
7,P15,P15,Post_P15,0,0.4285099953842439,0
7,P15,P15,Post_P15,0,0.32764168934554383,0
7,P15,P15,Post_P15,0,0.5459160440412907,1
7,P15,P15,Post_P15,0,0.3716650111004504,0
7,P15,P15,Post_P15,0,0.5809299174920367,1
7,P15,P15,Post_P15,0,0.5115996189664095,1
7,P15,P15,Post_P15,0,0.41348785952089023,0
7,P15,P15,Post_P15,0,0.6886177405593544,1
7,P15,P15,Post_P15,0,0.6381524259459971,1
7,P15,P15,Post_P15,0,0.5165081359874024,1
7,P15,P15,Post_P15,0,0.3432302448077345,0
7,P15,P15,Post_P15,0,0.32653582781744944,0
7,P15,P15,Post_P15,0,0.47126165529040864,0
7,P15,P15,Post_P15,0,0.6741216607121229,1
7,P15,P15,Post_P15,0,0.439834740475756,0
7,P15,P15,Post_P15,0,0.24509801100930562,0
7,P15,P15,Post_P15,0,0.4144952893975147,0
7,P15,P15,Post_P15,0,0.19655346795964565,0
7,P15,P15,Post_P15,0,0.4645347072455889,0
7,P15,P15,Post_P15,0,0.6855268915586031,1
7,P15,P15,Post_P15,0,0.46860591327175316,0
7,P15,P15,Post_P15,0,0.47287770648346844,0
7,P15,P15,Post_P15,0,0.38424793338163077,0
7,P15,P15,Post_P15,0,0.3308344563361862,0
7,P15,P15,Post_P15,0,0.3927604988633245,0
7,P15,P15,Post_P15,0,0.5453542737265745,1
7,P15,P15,Post_P15,0,0.50428175672974,1
7,P15,P15,Post_P15,0,0.4813211910248559,0
7,P15,P15,Post_P15,0,0.4405461798438807,0
7,P15,P15,Post_P15,0,0.447278138155674,0
7,P15,P15,Post_P15,0,0.35936344974433393,0
7,P15,P15,Post_P15,0,0.43937863263605487,0
7,P15,P15,Post_P15,0,0.5955232203412315,1
7,P15,P15,Post_P15,0,0.7396059500531837,1
7,P15,P15,Post_P15,0,0.5347106382821537,1
7,P15,P15,Post_P15,0,0.5024347088222917,1
7,P15,P15,Post_P15,0,0.4901295758885196,0
7,P15,P15,Post_P15,0,0.5300217863090441,1
7,P15,P15,Post_P15,0,0.6787783614134218,1
7,P15,P15,Post_P15,0,0.44767370503840453,0
7,P15,P15,Post_P15,0,0.6583698097386572,1
7,P15,P15,Post_P15,0,0.4585948977448531,0
7,P15,P15,Post_P15,0,0.5730993746129691,1
7,P15,P15,Post_P15,0,0.6598172893028182,1
7,P15,P15,Post_P15,0,0.5869066121168185,1
7,P15,P15,Post_P15,0,0.5439907225630669,1
7,P15,P15,Post_P15,0,0.4541966197668722,0
7,P15,P15,Post_P15,0,0.4940363409502065,0
7,P15,P15,Post_P15,0,0.42096606412750887,0
7,P15,P15,Post_P15,0,0.3802198809482054,0
7,P15,P15,Post_P15,0,0.30647447655277194,0
7,P15,P15,Post_P15,0,0.43096238906905054,0
7,P15,P15,Post_P15,0,0.32168035086088753,0
7,P15,P15,Post_P15,0,0.540268346647932,1
7,P15,P15,Post_P15,0,0.3674451784275885,0
7,P15,P15,Post_P15,0,0.42394922845404226,0
7,P15,P15,Post_P15,0,0.5965263064276706,1
7,P15,P15,Post_P15,0,0.16752069244542708,0
7,P15,P15,Post_P15,0,0.5574633935566753,1
7,P15,P15,Post_P15,0,0.5781309511544317,1
7,P15,P15,Post_P15,0,0.5453749581585391,1
7,P15,P15,Post_P15,0,0.478373578165365,0
7,P15,P15,Post_P15,0,0.5330607960608352,1
7,P15,P15,Post_P15,0,0.6254119618368947,1
7,P15,P15,Post_P15,0,0.5221115142320153,1
7,P15,P15,Post_P15,0,0.4787405020188666,0
7,P15,P15,Post_P15,0,0.35169847710481933,0
7,P15,P15,Post_P15,0,0.3757147716614152,0
7,P15,P15,Post_P15,0,0.32973507922179623,0
7,P15,P15,Post_P15,0,0.31453918349118787,0
7,P15,P15,Post_P15,0,0.22015963210831282,0
7,P15,P15,Post_P15,0,0.5744633677891421,1
7,P15,P15,Post_P15,0,0.5259187154883702,1
7,P15,P15,Post_P15,0,0.41432202086294034,0
7,P15,P15,Post_P15,0,0.4276243749243371,0
7,P15,P15,Post_P15,0,0.4911222066208128,0
7,P15,P15,Post_P15,0,0.5581666897740285,1
7,P15,P15,Post_P15,0,0.3518421831445132,0
7,P15,P15,Post_P15,0,0.3843948611510441,0
7,P15,P15,Post_P15,0,0.4846862512633838,0
7,P15,P15,Post_P15,0,0.5314201054843103,1
7,P15,P15,Post_P15,0,0.41829612011306605,0
7,P15,P15,Post_P15,0,0.5188911460098882,1
7,P15,P15,Post_P15,0,0.6207655105098654,1
7,P15,P15,Post_P15,0,0.562378194858243,1
7,P15,P15,Post_P15,0,0.5343563731790131,1
7,P15,P15,Post_P15,0,0.27895689060976797,0
7,P15,P15,Post_P15,0,0.6415926333142042,1
7,P15,P15,Post_P15,0,0.663860138481712,1
7,P15,P15,Post_P15,0,0.4862742815612245,0
7,P15,P15,Post_P15,0,0.6261089383171551,1
7,P15,P15,Post_P15,0,0.4569148368808807,0
7,P15,P15,Post_P15,0,0.2548534779306683,0
7,P15,P15,Post_P15,0,0.504205136848092,1
7,P15,P15,Post_P15,0,0.46363401479751937,0
7,P15,P15,Post_P15,0,0.40205847622279167,0
7,P15,P15,Post_P15,0,0.6554803184418183,1
7,P15,P15,Post_P15,0,0.6030199853757578,1
7,P15,P15,Post_P15,0,0.5966628947283532,1
7,P15,P15,Post_P15,0,0.5070596818565101,1
7,P15,P15,Post_P15,0,0.5549435618486294,1
7,P15,P15,Post_P15,0,0.40948426872079546,0
7,P15,P15,Post_P15,0,0.6217978465876262,1
7,P15,P15,Post_P15,0,0.537616996253445,1
7,P15,P15,Post_P15,0,0.23624167859555473,0
7,P15,P15,Post_P15,0,0.3385862583349237,0
7,P15,P15,Post_P15,0,0.44347478133698215,0
7,P15,P15,Post_P15,0,0.4769347139545346,0
7,P15,P15,Post_P15,0,0.5080491567441321,1
7,P15,P15,Post_P15,0,0.5094607087577564,1
7,P15,P15,Post_P15,0,0.16837737914305262,0
7,P15,P15,Post_P15,0,0.3000822439238806,0
7,P15,P15,Post_P15,0,0.5466312855632327,1
7,P15,P15,Post_P15,0,0.47690893067862566,0
7,P15,P15,Post_P15,0,0.6550454591513624,1
7,P15,P15,Post_P15,0,0.32254972804141036,0
7,P15,P15,Post_P15,0,0.3896868414310313,0
7,P15,P15,Post_P15,0,0.5646809601010869,1
7,P15,P15,Post_P15,0,0.2048339776818576,0
7,P15,P15,Post_P15,0,0.41345254928489855,0
7,P15,P15,Post_P15,0,0.43688479728443513,0
7,P15,P15,Post_P15,0,0.3418407816483441,0
7,P15,P15,Post_P15,0,0.7830015834464744,1
7,P15,P15,Post_P15,0,0.268766803282078,0
7,P15,P15,Post_P15,0,0.43478758380799126,0
7,P15,P15,Post_P15,0,0.6434620369789275,1
7,P15,P15,Post_P15,0,0.7220779773731486,1
7,P15,P15,Post_P15,0,0.3578698349963874,0
7,P15,P15,Post_P15,0,0.5803201187815858,1
7,P15,P15,Post_P15,0,0.36186410221575166,0
7,P15,P15,Post_P15,0,0.5175658752123037,1
7,P15,P15,Post_P15,0,0.5237741391142243,1
7,P15,P15,Post_P15,0,0.5206053216501805,1
7,P15,P15,Post_P15,0,0.5128534769172436,1
7,P15,P15,Post_P15,0,0.27155147585017103,0
7,P15,P15,Post_P15,0,0.6147065962620291,1
7,P15,P15,Post_P15,0,0.4971236201610735,0
7,P15,P15,Post_P15,0,0.3806398214349679,0
7,P15,P15,Post_P15,0,0.5117262266026367,1
7,P15,P15,Post_P15,0,0.5868505770591469,1
7,P15,P15,Post_P15,0,0.14143063029574662,0
7,P15,P15,Post_P15,0,0.4104243780379085,0
7,P15,P15,Post_P15,0,0.4494981536611958,0
7,P15,P15,Post_P15,0,0.17588162283645647,0
7,P15,P15,Post_P15,0,0.4572456245036458,0
7,P15,P15,Post_P15,0,0.5591489818450146,1
7,P15,P15,Post_P15,0,0.4920224630611586,0
7,P15,P15,Post_P15,0,0.6081793200557748,1
7,P15,P15,Post_P15,0,0.45573986992715376,0
7,P15,P15,Post_P15,0,0.27688284937969626,0
7,P15,P15,Post_P15,0,0.5475990116206919,1
7,P15,P15,Post_P15,0,0.42921574587311984,0
7,P15,P15,Post_P15,0,0.4487413263561815,0
7,P15,P15,Post_P15,0,0.6294141240729308,1
7,P15,P15,Post_P15,0,0.6415425360199414,1
7,P15,P15,Post_P15,0,0.4205440345253191,0
7,P15,P15,Post_P15,0,0.49647983369703413,0
7,P15,P15,Post_P15,0,0.6455553384245055,1
7,P15,P15,Post_P15,0,0.5635077733533775,1
7,P15,P15,Post_P15,0,0.5067642810073835,1
7,P15,P15,Post_P15,0,0.5474591348781288,1
7,P15,P15,Post_P15,0,0.5218038507498916,1
7,P15,P15,Post_P15,0,0.49498069153602553,0
7,P15,P15,Post_P15,0,0.5099356352078308,1
7,P15,P15,Post_P15,0,0.46868378851239134,0
7,P15,P15,Post_P15,0,0.48506423213687844,0
7,P15,P15,Post_P15,0,0.55796469712763,1
7,P15,P15,Post_P15,0,0.5863307315603333,1
7,P15,P15,Post_P15,0,0.5565233149773083,1
7,P15,P15,Post_P15,0,0.3570742386854113,0
7,P15,P15,Post_P15,0,0.25754041223623025,0
7,P15,P15,Post_P15,0,0.406060422412182,0
7,P15,P15,Post_P15,0,0.5372921015888662,1
7,P15,P15,Post_P15,0,0.48577964938753954,0
7,P15,P15,Post_P15,0,0.4344610659131021,0
8,P16,P16,Post_P16,0,0.49756588363684157,0
8,P16,P16,Post_P16,0,0.1015494909914267,0
8,P16,P16,Post_P16,0,0.44324322434542346,0
8,P16,P16,Post_P16,0,0.4978829368936286,0
8,P16,P16,Post_P16,0,0.6019785212623731,1
8,P16,P16,Post_P16,0,0.7005536214482857,1
8,P16,P16,Post_P16,0,0.2272200722934586,0
8,P16,P16,Post_P16,0,0.35942753020351736,0
8,P16,P16,Post_P16,0,0.5942463102794325,1
8,P16,P16,Post_P16,0,0.3347469191332262,0
8,P16,P16,Post_P16,0,0.5302469259208163,1
8,P16,P16,Post_P16,0,0.51885458317653,1
8,P16,P16,Post_P16,0,0.5228697872622255,1
8,P16,P16,Post_P16,0,0.47406272502886265,0
8,P16,P16,Post_P16,0,0.32882071885636466,0
8,P16,P16,Post_P16,0,0.47511779044935043,0
8,P16,P16,Post_P16,0,0.3149866626706975,0
8,P16,P16,Post_P16,0,0.558772933592207,1
8,P16,P16,Post_P16,0,0.23315382278870728,0
8,P16,P16,Post_P16,0,0.6865323236859995,1
8,P16,P16,Post_P16,0,0.39415993459914117,0
8,P16,P16,Post_P16,0,0.7725894792403996,1
8,P16,P16,Post_P16,0,0.12795576885387433,0
8,P16,P16,Post_P16,0,0.19054076584525617,0
8,P16,P16,Post_P16,0,0.7652101188190332,1
8,P16,P16,Post_P16,0,0.30029807525913593,0
8,P16,P16,Post_P16,0,0.20553095018160616,0
8,P16,P16,Post_P16,0,0.3076427294490001,0
8,P16,P16,Post_P16,0,0.32361548040213606,0
8,P16,P16,Post_P16,0,0.6820369587606466,1
8,P16,P16,Post_P16,0,0.3328813893808423,0
8,P16,P16,Post_P16,0,0.3122044103424932,0
8,P16,P16,Post_P16,0,0.4131145180746728,0
8,P16,P16,Post_P16,0,0.510506210935488,1
8,P16,P16,Post_P16,0,0.46401859546135255,0
8,P16,P16,Post_P16,0,0.5499702298902335,1
8,P16,P16,Post_P16,0,0.46323371162133525,0
8,P16,P16,Post_P16,0,0.28494622850232354,0
8,P16,P16,Post_P16,0,0.29805397088838986,0
8,P16,P16,Post_P16,0,0.45803260085908126,0
8,P16,P16,Post_P16,0,0.34776083035193234,0
8,P16,P16,Post_P16,0,0.5019647175889749,1
8,P16,P16,Post_P16,0,0.21532223865398487,0
8,P16,P16,Post_P16,0,0.49070377548608096,0
8,P16,P16,Post_P16,0,0.47069387706450366,0
8,P16,P16,Post_P16,0,0.676986753304759,1
8,P16,P16,Post_P16,0,0.5712635330913667,1
8,P16,P16,Post_P16,0,0.6538168333678309,1
8,P16,P16,Post_P16,0,0.3468208426693954,0
8,P16,P16,Post_P16,0,0.05585398916569755,0
8,P16,P16,Post_P16,0,0.8128241464845672,1
8,P16,P16,Post_P16,0,0.3930094180849555,0
8,P16,P16,Post_P16,0,0.43304081115057624,0
8,P16,P16,Post_P16,0,0.5174675051385131,1
8,P16,P16,Post_P16,0,0.2907101049737749,0
8,P16,P16,Post_P16,0,0.5329910160854259,1
8,P16,P16,Post_P16,0,0.4810992953038879,0
8,P16,P16,Post_P16,0,0.5323915326370501,1
8,P16,P16,Post_P16,0,0.5404354947678602,1
8,P16,P16,Post_P16,0,0.3041472987258306,0
8,P16,P16,Post_P16,0,0.3142402435689535,0
8,P16,P16,Post_P16,0,0.6490560646169947,1
8,P16,P16,Post_P16,0,0.4168692658806941,0
8,P16,P16,Post_P16,0,0.09782780560450276,0
8,P16,P16,Post_P16,0,0.5886469853467583,1
8,P16,P16,Post_P16,0,0.5117661179177883,1
8,P16,P16,Post_P16,0,0.19988330567473353,0
8,P16,P16,Post_P16,0,0.3019704621564517,0
8,P16,P16,Post_P16,0,0.5973294211892609,1
8,P16,P16,Post_P16,0,0.4302590593573466,0
8,P16,P16,Post_P16,0,0.16267707998104966,0
8,P16,P16,Post_P16,0,0.20149529444631056,0
8,P16,P16,Post_P16,0,0.3448984712587923,0
8,P16,P16,Post_P16,0,0.39932415056962783,0
8,P16,P16,Post_P16,0,0.26603279005488795,0
8,P16,P16,Post_P16,0,0.4309422129247793,0
8,P16,P16,Post_P16,0,0.6055416007251991,1
8,P16,P16,Post_P16,0,0.5805191619153792,1
8,P16,P16,Post_P16,0,0.5914081151938289,1
8,P16,P16,Post_P16,0,0.6124898180068791,1
8,P16,P16,Post_P16,0,0.48375745557471705,0
8,P16,P16,Post_P16,0,0.3572665441929768,0
8,P16,P16,Post_P16,0,0.6319063159186329,1
8,P16,P16,Post_P16,0,0.6411179018925554,1
8,P16,P16,Post_P16,0,0.1462922438258022,0
8,P16,P16,Post_P16,0,0.7083857848440152,1
8,P16,P16,Post_P16,0,0.11837687168888855,0
8,P16,P16,Post_P16,0,0.7496274359815888,1
8,P16,P16,Post_P16,0,0.6110819764942849,1
8,P16,P16,Post_P16,0,0.3672474766988008,0
8,P16,P16,Post_P16,0,0.3166726745024471,0
8,P16,P16,Post_P16,0,0.3488773450741481,0
8,P16,P16,Post_P16,0,0.2575092842891957,0
8,P16,P16,Post_P16,0,0.2564381811803545,0
8,P16,P16,Post_P16,0,0.7029131189472498,1
8,P16,P16,Post_P16,0,0.5364299974792951,1
8,P16,P16,Post_P16,0,0.09094669736543574,0
8,P16,P16,Post_P16,0,0.5479077655082595,1
8,P16,P16,Post_P16,0,0.48569761725769306,0
8,P16,P16,Post_P16,0,0.3761037674371797,0
8,P16,P16,Post_P16,0,0.6011271888253995,1
8,P16,P16,Post_P16,0,0.3106456170890249,0
8,P16,P16,Post_P16,0,0.6645607221820725,1
8,P16,P16,Post_P16,0,0.6451203334913277,1
8,P16,P16,Post_P16,0,0.4296081357791757,0
8,P16,P16,Post_P16,0,0.42820492976462093,0
8,P16,P16,Post_P16,0,0.6880157282147242,1
8,P16,P16,Post_P16,0,0.38134278365912244,0
8,P16,P16,Post_P16,0,0.28520849523411274,0
8,P16,P16,Post_P16,0,0.31798005977383254,0
8,P16,P16,Post_P16,0,0.35016666558110304,0
8,P16,P16,Post_P16,0,0.5222678327741157,1
8,P16,P16,Post_P16,0,0.6507004631142069,1
8,P16,P16,Post_P16,0,0.616544628175238,1
8,P16,P16,Post_P16,0,0.4686351566842334,0
8,P16,P16,Post_P16,0,0.35367284880855865,0
8,P16,P16,Post_P16,0,0.47373115646807373,0
8,P16,P16,Post_P16,0,0.31982353321220214,0
8,P16,P16,Post_P16,0,0.24555136818155143,0
8,P16,P16,Post_P16,0,0.39961371400596274,0
8,P16,P16,Post_P16,0,0.783425486437062,1
8,P16,P16,Post_P16,0,0.5218009740378278,1
8,P16,P16,Post_P16,0,0.3925126823173354,0
8,P16,P16,Post_P16,0,0.22891876105741796,0
8,P16,P16,Post_P16,0,0.04276169131009374,0
8,P16,P16,Post_P16,0,0.3645851345036848,0
8,P16,P16,Post_P16,0,0.3374550045567618,0
8,P16,P16,Post_P16,0,0.5661211049967739,1
8,P16,P16,Post_P16,0,0.2830842861085622,0
8,P16,P16,Post_P16,0,0.3167031167719423,0
8,P16,P16,Post_P16,0,0.39165974679489696,0
8,P16,P16,Post_P16,0,0.5834712905788482,1
8,P16,P16,Post_P16,0,0.47475415856137326,0
8,P16,P16,Post_P16,0,0.5849979845661263,1
8,P16,P16,Post_P16,0,0.6958564030733515,1
8,P16,P16,Post_P16,0,0.19352770092793914,0
8,P16,P16,Post_P16,0,0.28545798850524634,0
8,P16,P16,Post_P16,0,0.4437842596123431,0
8,P16,P16,Post_P16,0,0.5362543158410286,1
8,P16,P16,Post_P16,0,0.5582063344953984,1
8,P16,P16,Post_P16,0,0.5768591526784458,1
8,P16,P16,Post_P16,0,0.22503815951444897,0
8,P16,P16,Post_P16,0,0.6123612347236942,1
8,P16,P16,Post_P16,0,0.5845603806002566,1
8,P16,P16,Post_P16,0,0.4009248892185754,0
8,P16,P16,Post_P16,0,0.2719494372180243,0
8,P16,P16,Post_P16,0,0.33126095858439064,0
8,P16,P16,Post_P16,0,0.17734449832094407,0
8,P16,P16,Post_P16,0,0.21292841322205885,0
8,P16,P16,Post_P16,0,0.4790592260439408,0
8,P16,P16,Post_P16,0,0.3763360799907285,0
8,P16,P16,Post_P16,0,0.7312278825078745,1
8,P16,P16,Post_P16,0,0.45429490261243266,0
8,P16,P16,Post_P16,0,0.29599593736069346,0
8,P16,P16,Post_P16,0,0.4052268807275984,0
8,P16,P16,Post_P16,0,0.4423554690500183,0
8,P16,P16,Post_P16,0,0.5590540189148486,1
8,P16,P16,Post_P16,0,0.5153312168882437,1
8,P16,P16,Post_P16,0,0.2210722303230848,0
8,P16,P16,Post_P16,0,0.5644684656798485,1
8,P16,P16,Post_P16,0,0.4254314164675375,0
8,P16,P16,Post_P16,0,0.4965370014281657,0
8,P16,P16,Post_P16,0,0.11487280126494327,0
8,P16,P16,Post_P16,0,0.4911002805672602,0
8,P16,P16,Post_P16,0,0.30805744215023095,0
8,P16,P16,Post_P16,0,0.5124091852988392,1
8,P16,P16,Post_P16,0,0.48286631626737936,0
8,P16,P16,Post_P16,0,0.8430613998875799,1
8,P16,P16,Post_P16,0,0.5355231066377607,1
8,P16,P16,Post_P16,0,0.07114384884308943,0
8,P16,P16,Post_P16,0,0.26042796227766174,0
8,P16,P16,Post_P16,0,0.2770707280370606,0
8,P16,P16,Post_P16,0,0.5505379895670248,1
8,P16,P16,Post_P16,0,0.41219530181202413,0
8,P16,P16,Post_P16,0,0.3233247071159143,0
8,P16,P16,Post_P16,0,0.5003092911497952,1
8,P16,P16,Post_P16,0,0.6940309104149669,1
8,P16,P16,Post_P16,0,0.6252615154156549,1
8,P16,P16,Post_P16,0,0.5936449538464719,1
8,P16,P16,Post_P16,0,0.18519899343948634,0
8,P16,P16,Post_P16,0,0.28569946489301684,0
8,P16,P16,Post_P16,0,0.7985326353542024,1
8,P16,P16,Post_P16,0,0.6669865080471253,1
8,P16,P16,Post_P16,0,0.3407270796926034,0
8,P16,P16,Post_P16,0,0.31503036841197196,0
8,P16,P16,Post_P16,0,0.4647626333943526,0
8,P16,P16,Post_P16,0,0.7618344406793253,1
8,P16,P16,Post_P16,0,0.40609130165400686,0
8,P16,P16,Post_P16,0,0.2377766599804087,0
8,P16,P16,Post_P16,0,0.471020000513762,0
8,P16,P16,Post_P16,0,0.7469149442218248,1
8,P16,P16,Post_P16,0,0.31240764224308176,0
8,P16,P16,Post_P16,0,0.575215278667863,1
8,P16,P16,Post_P16,0,0.2797982297181811,0
8,P16,P16,Post_P16,0,0.4530293379515147,0
8,P16,P16,Post_P16,0,0.2704678577423547,0
8,P16,P16,Post_P16,0,0.4477871251299161,0
8,P16,P16,Post_P16,0,0.16933006300822642,0
8,P16,P16,Post_P16,0,0.7181156493606947,1
8,P16,P16,Post_P16,0,0.22892514238496148,0
8,P16,P16,Post_P16,0,0.3164601902926174,0
8,P16,P16,Post_P16,0,0.2534763668290045,0
8,P16,P16,Post_P16,0,0.25038010185509135,0
8,P16,P16,Post_P16,0,0.2296830956861548,0
8,P16,P16,Post_P16,0,0.18216967463553116,0
8,P16,P16,Post_P16,0,0.5388351859914109,1
8,P16,P16,Post_P16,0,0.41429018777725546,0
8,P16,P16,Post_P16,0,0.6451477636607155,1
8,P16,P16,Post_P16,0,0.53697142216797,1
8,P16,P16,Post_P16,0,0.22749240641816784,0
8,P16,P16,Post_P16,0,0.8108960202677206,1
8,P16,P16,Post_P16,0,0.6325460261015261,1
8,P16,P16,Post_P16,0,0.686768092013088,1
8,P16,P16,Post_P16,0,0.2071336899998834,0
8,P16,P16,Post_P16,0,0.45401126157346644,0
8,P16,P16,Post_P16,0,0.6176852702803313,1
8,P16,P16,Post_P16,0,0.7710478552623936,1
8,P16,P16,Post_P16,0,0.2807925137355681,0
8,P16,P16,Post_P16,0,0.6608142944291503,1
8,P16,P16,Post_P16,0,0.3706641611815547,0
8,P16,P16,Post_P16,0,0.5960123403855845,1
8,P16,P16,Post_P16,0,0.18589903425068105,0
8,P16,P16,Post_P16,0,0.4468363743986735,0
8,P16,P16,Post_P16,0,0.485371275582014,0
8,P16,P16,Post_P16,0,0.18989453339911835,0
8,P16,P16,Post_P16,0,0.44232331467657604,0
8,P16,P16,Post_P16,0,0.46558475574762165,0
8,P16,P16,Post_P16,0,0.3039543317781345,0
8,P16,P16,Post_P16,0,0.5194810025741456,1
8,P16,P16,Post_P16,0,0.5492234807179035,1
8,P16,P16,Post_P16,0,0.3537134131411171,0
8,P16,P16,Post_P16,0,0.8054163423106994,1
8,P16,P16,Post_P16,0,0.6247329942813257,1
8,P16,P16,Post_P16,0,0.4340474956017597,0
8,P16,P16,Post_P16,0,0.23513348723777927,0
8,P16,P16,Post_P16,0,0.337424038464402,0
8,P16,P16,Post_P16,0,0.6607912813911899,1
8,P16,P16,Post_P16,0,0.11730621169362201,0
8,P16,P16,Post_P16,0,0.24303622298676478,0
8,P16,P16,Post_P16,0,0.36474273665744267,0
8,P16,P16,Post_P16,0,0.16343975327293978,0
8,P16,P16,Post_P16,0,0.41331151901822577,0
8,P16,P16,Post_P16,0,0.3321154862990227,0
8,P16,P16,Post_P16,0,0.639243455901873,1
8,P16,P16,Post_P16,0,0.47750828295144804,0
8,P16,P16,Post_P16,0,0.14574610560367918,0
8,P16,P16,Post_P16,0,0.44846332231618097,0
8,P16,P16,Post_P16,0,0.46866120733243544,0
8,P16,P16,Post_P16,0,0.49392173822245533,0
8,P16,P16,Post_P16,0,0.36245114424811453,0
8,P16,P16,Post_P16,0,0.3525175680265415,0
8,P16,P16,Post_P16,0,0.5251947437257203,1
8,P16,P16,Post_P16,0,0.43635202097768966,0
8,P16,P16,Post_P16,0,0.23151525408260007,0
8,P16,P16,Post_P16,0,0.2284415517953604,0
8,P16,P16,Post_P16,0,0.6144148244660919,1
8,P16,P16,Post_P16,0,0.40818456677868836,0
8,P16,P16,Post_P16,0,0.6736219675365944,1
8,P16,P16,Post_P16,0,0.5917911600515997,1
8,P16,P16,Post_P16,0,0.6587075961630507,1
8,P16,P16,Post_P16,0,0.43734568445301847,0
8,P16,P16,Post_P16,0,0.19816981064908823,0
8,P16,P16,Post_P16,0,0.351739427753037,0
8,P16,P16,Post_P16,0,0.17010340686347825,0
8,P16,P16,Post_P16,0,0.43467150986815595,0
8,P16,P16,Post_P16,0,0.6363282493500044,1
8,P16,P16,Post_P16,0,0.43742736066054494,0
8,P16,P16,Post_P16,0,0.5079664297924898,1
8,P16,P16,Post_P16,0,0.5878354229742325,1
8,P16,P16,Post_P16,0,0.4814956144685651,0
8,P16,P16,Post_P16,0,0.3225251853830932,0
8,P16,P16,Post_P16,0,0.4788329920064701,0
8,P16,P16,Post_P16,0,0.2735068284938791,0
8,P16,P16,Post_P16,0,0.7008837442240209,1
8,P16,P16,Post_P16,0,0.4364410616890448,0
8,P16,P16,Post_P16,0,0.3953143658603673,0
8,P16,P16,Post_P16,0,0.370653166385133,0
8,P16,P16,Post_P16,0,0.3503534898632805,0
8,P16,P16,Post_P16,0,0.4578841648062692,0
8,P16,P16,Post_P16,0,0.5455745869028449,1
8,P16,P16,Post_P16,0,0.17551279173164408,0
8,P16,P16,Post_P16,0,0.5142141924350505,1
8,P16,P16,Post_P16,0,0.5184813563093297,1
8,P16,P16,Post_P16,0,0.41177162925448163,0
8,P16,P16,Post_P16,0,0.47020682178899714,0
8,P16,P16,Post_P16,0,0.3052406810944875,0
8,P16,P16,Post_P16,0,0.2644669882085652,0
8,P16,P16,Post_P16,0,0.3358706842004976,0
8,P16,P16,Post_P16,0,0.31497984072066926,0
8,P16,P16,Post_P16,0,0.49695014055527587,0
8,P16,P16,Post_P16,0,0.7006323356351605,1
8,P16,P16,Post_P16,0,0.366518700752176,0
8,P16,P16,Post_P16,0,0.2585228824708339,0
8,P16,P16,Post_P16,0,0.28928045831493177,0
8,P16,P16,Post_P16,0,0.3116335077642769,0
8,P16,P16,Post_P16,0,0.2290726955856328,0
8,P16,P16,Post_P16,0,0.23816653591558345,0
8,P16,P16,Post_P16,0,0.6119646540399485,1
8,P16,P16,Post_P16,0,0.2503512424692609,0
8,P16,P16,Post_P16,0,0.34780241584285776,0
8,P16,P16,Post_P16,0,0.13356244806961076,0
8,P16,P16,Post_P16,0,0.40641296905625124,0
8,P16,P16,Post_P16,0,0.4565330524954802,0
8,P16,P16,Post_P16,0,0.5814068327946388,1
8,P16,P16,Post_P16,0,0.17732719524059723,0
8,P16,P16,Post_P16,0,0.2908696598005206,0
8,P16,P16,Post_P16,0,0.6298576269406622,1
8,P16,P16,Post_P16,0,0.41533344702949426,0
8,P16,P16,Post_P16,0,0.42711733538101915,0
8,P16,P16,Post_P16,0,0.324020483270974,0
8,P16,P16,Post_P16,0,0.2625641459060784,0
8,P16,P16,Post_P16,0,0.4243214228561904,0
8,P16,P16,Post_P16,0,0.2245606726198376,0
8,P16,P16,Post_P16,0,0.39126885276064527,0
8,P16,P16,Post_P16,0,0.373012041491817,0
8,P16,P16,Post_P16,0,0.4692335895758883,0
8,P16,P16,Post_P16,0,0.31488548580050485,0
8,P16,P16,Post_P16,0,0.3641137810941968,0
8,P16,P16,Post_P16,0,0.3653562889246869,0
8,P16,P16,Post_P16,0,0.27545989752260314,0
8,P16,P16,Post_P16,0,0.7338403547615286,1
8,P16,P16,Post_P16,0,0.2265789900652547,0
8,P16,P16,Post_P16,0,0.2797334117631284,0
8,P16,P16,Post_P16,0,0.44534123975203904,0
8,P16,P16,Post_P16,0,0.3756444695281624,0
8,P16,P16,Post_P16,0,0.16141220130365425,0
8,P16,P16,Post_P16,0,0.32393477447260977,0
8,P16,P16,Post_P16,0,0.4510448806787511,0
8,P16,P16,Post_P16,0,0.4505091769669195,0
8,P16,P16,Post_P16,0,0.1632584768546291,0
8,P16,P16,Post_P16,0,0.6494223457156519,1
8,P16,P16,Post_P16,0,0.3944418763402423,0
8,P16,P16,Post_P16,0,0.36910015814670577,0
8,P16,P16,Post_P16,0,0.1742730743444428,0
8,P16,P16,Post_P16,0,0.20905864248841988,0
8,P16,P16,Post_P16,0,0.5726996548421261,1
8,P16,P16,Post_P16,0,0.673391792414554,1
8,P16,P16,Post_P16,0,0.45769569148550654,0
8,P16,P16,Post_P16,0,0.4128517948134418,0
8,P16,P16,Post_P16,0,0.4325734699610644,0
8,P16,P16,Post_P16,0,0.23734706919284954,0
8,P16,P16,Post_P16,0,0.5266648649783119,1
8,P16,P16,Post_P16,0,0.6138493360430164,1
8,P16,P16,Post_P16,0,0.2854706511804073,0
8,P16,P16,Post_P16,0,0.5354567323233421,1
8,P16,P16,Post_P16,0,0.38963999503133157,0
8,P16,P16,Post_P16,0,0.3128210024726486,0
8,P16,P16,Post_P16,0,0.39232345962961546,0
8,P16,P16,Post_P16,0,0.7357530726274184,1
8,P16,P16,Post_P16,0,0.17416901869836462,0
8,P16,P16,Post_P16,0,0.20973660509845202,0
8,P16,P16,Post_P16,0,0.24420496801693867,0
8,P16,P16,Post_P16,0,0.5092298367053377,1
8,P16,P16,Post_P16,0,0.47403012767703795,0
8,P16,P16,Post_P16,0,0.2897003381224588,0
8,P16,P16,Post_P16,0,0.3806929455728108,0
8,P16,P16,Post_P16,0,0.46580500985572354,0
8,P16,P16,Post_P16,0,0.4673170111574191,0
8,P16,P16,Post_P16,0,0.1486031149056696,0
8,P16,P16,Post_P16,0,0.6212053895485306,1
8,P16,P16,Post_P16,0,0.7204887395711566,1
8,P16,P16,Post_P16,0,0.2662417029708774,0
8,P16,P16,Post_P16,0,0.49538985435893496,0
8,P16,P16,Post_P16,0,0.38811001703236714,0
8,P16,P16,Post_P16,0,0.5377173474332837,1
8,P16,P16,Post_P16,0,0.669891909333954,1
8,P16,P16,Post_P16,0,0.3005436371387689,0
8,P16,P16,Post_P16,0,0.2957845250709192,0
8,P16,P16,Post_P16,0,0.22513997209293815,0
8,P16,P16,Post_P16,0,0.6160205041615343,1
8,P16,P16,Post_P16,0,0.45902210986096953,0
8,P16,P16,Post_P16,0,0.3978423521537433,0
8,P16,P16,Post_P16,0,0.44729735159527295,0
8,P16,P16,Post_P16,0,0.5510379133318778,1
8,P16,P16,Post_P16,0,0.3778737263401063,0
8,P16,P16,Post_P16,0,0.14373228799345195,0
8,P16,P16,Post_P16,0,0.6543664895567674,1
8,P16,P16,Post_P16,0,0.25872169322500077,0
8,P16,P16,Post_P16,0,0.49617116703865016,0
8,P16,P16,Post_P16,0,0.28859443914572974,0
8,P16,P16,Post_P16,0,0.6875609534892896,1
8,P16,P16,Post_P16,0,0.5138179798936602,1
8,P16,P16,Post_P16,0,0.20551535235806778,0
8,P16,P16,Post_P16,0,0.4317557520532866,0
8,P16,P16,Post_P16,0,0.22819496322918606,0
8,P16,P16,Post_P16,0,0.6773641559442697,1
8,P16,P16,Post_P16,0,0.4570680637313305,0
8,P16,P16,Post_P16,0,0.4069807601858223,0
8,P16,P16,Post_P16,0,0.5683888616580111,1
8,P16,P16,Post_P16,0,0.4372946114890967,0
8,P16,P16,Post_P16,0,0.2910686229486729,0
8,P16,P16,Post_P16,0,0.31650909775264396,0
8,P16,P16,Post_P16,0,0.5038724848441964,1
8,P16,P16,Post_P16,0,0.5499960302970386,1
8,P16,P16,Post_P16,0,0.25753405587191436,0
8,P16,P16,Post_P16,0,0.4876191230114358,0
8,P16,P16,Post_P16,0,0.5711054371115484,1
8,P16,P16,Post_P16,0,0.19704533446557704,0
8,P16,P16,Post_P16,0,0.46078110818761997,0
8,P16,P16,Post_P16,0,0.3369757717333419,0
8,P16,P16,Post_P16,0,0.3491859678583864,0
8,P16,P16,Post_P16,0,0.562449730585228,1
8,P16,P16,Post_P16,0,0.26739414139244927,0
8,P16,P16,Post_P16,0,0.4668706159331703,0
8,P16,P16,Post_P16,0,0.29085671242499306,0
8,P16,P16,Post_P16,0,0.5070166185132122,1
8,P16,P16,Post_P16,0,0.6859092929077221,1
8,P16,P16,Post_P16,0,0.649609857818069,1
8,P16,P16,Post_P16,0,0.18033954302240285,0
8,P16,P16,Post_P16,0,0.6248585833278065,1
8,P16,P16,Post_P16,0,0.3221946242310832,0
8,P16,P16,Post_P16,0,0.42281141342470513,0
8,P16,P16,Post_P16,0,0.34027805417037715,0
8,P16,P16,Post_P16,0,0.5450143242649563,1
8,P16,P16,Post_P16,0,0.3128963742258392,0
8,P16,P16,Post_P16,0,0.775999804465341,1
8,P16,P16,Post_P16,0,0.15896643946337022,0
8,P16,P16,Post_P16,0,0.24263364659563263,0
8,P16,P16,Post_P16,0,0.27520999640366767,0
8,P16,P16,Post_P16,0,0.3009938935113534,0
8,P16,P16,Post_P16,0,0.8666418607572121,1
8,P16,P16,Post_P16,0,0.48463878925881704,0
8,P16,P16,Post_P16,0,0.48182777202316335,0
8,P16,P16,Post_P16,0,0.22803303812371908,0
8,P16,P16,Post_P16,0,0.3254961233943885,0
8,P16,P16,Post_P16,0,0.3293860765568125,0
8,P16,P16,Post_P16,0,0.35115532029573115,0
8,P16,P16,Post_P16,0,0.556011176560085,1
8,P16,P16,Post_P16,0,0.16724677653143805,0
8,P16,P16,Post_P16,0,0.13106531723413345,0
8,P16,P16,Post_P16,0,0.6178041062396257,1
8,P16,P16,Post_P16,0,0.6816832966009955,1
8,P16,P16,Post_P16,0,0.4692571396423824,0
8,P16,P16,Post_P16,0,0.37668402141165425,0
8,P16,P16,Post_P16,0,0.5385371318479992,1
8,P16,P16,Post_P16,0,0.41580907502164793,0
8,P16,P16,Post_P16,0,0.1945568196434542,0
8,P16,P16,Post_P16,0,0.21883085645829525,0
8,P16,P16,Post_P16,0,0.3332392823045315,0
8,P16,P16,Post_P16,0,0.38646319088027176,0
8,P16,P16,Post_P16,0,0.5451099365760529,1
8,P16,P16,Post_P16,0,0.6130382265510368,1
8,P16,P16,Post_P16,0,0.7647107934376027,1
8,P16,P16,Post_P16,0,0.5658098104670283,1
8,P16,P16,Post_P16,0,0.34156622642667356,0
8,P16,P16,Post_P16,0,0.6899179577287101,1
8,P16,P16,Post_P16,0,0.3273794006340439,0
8,P16,P16,Post_P16,0,0.392110937788528,0
8,P16,P16,Post_P16,0,0.33871852672087305,0
8,P16,P16,Post_P16,0,0.45540090350410334,0
8,P16,P16,Post_P16,0,0.617130684465589,1
8,P16,P16,Post_P16,0,0.5654769794103185,1
8,P16,P16,Post_P16,0,0.4623520413186922,0
8,P16,P16,Post_P16,0,0.5544465615223123,1
8,P16,P16,Post_P16,0,0.22566308299542323,0
8,P16,P16,Post_P16,0,0.19562479911278594,0
8,P16,P16,Post_P16,0,0.13379965044807038,0
8,P16,P16,Post_P16,0,0.4128825761339326,0
8,P16,P16,Post_P16,0,0.6017957742066621,1
8,P16,P16,Post_P16,0,0.3917128948030649,0
8,P16,P16,Post_P16,0,0.8304976881715469,1
8,P16,P16,Post_P16,0,0.1740245501751662,0
8,P16,P16,Post_P16,0,0.4428377187743482,0
9,P17,P17,Post_P17,1,0.39021125447418215,0
9,P17,P17,Post_P17,1,0.6865089662980879,1
9,P17,P17,Post_P17,1,0.5562135820435108,1
9,P17,P17,Post_P17,1,0.6292524939414326,1
9,P17,P17,Post_P17,1,0.6014712144824738,1
9,P17,P17,Post_P17,1,0.6291166922998572,1
9,P17,P17,Post_P17,1,0.5620672722954351,1
9,P17,P17,Post_P17,1,0.6752551236601309,1
9,P17,P17,Post_P17,1,0.5871712495812853,1
9,P17,P17,Post_P17,1,0.6866810196493771,1
9,P17,P17,Post_P17,1,0.8297479370534291,1
9,P17,P17,Post_P17,1,0.6574310098060971,1
9,P17,P17,Post_P17,1,0.41753917053996137,0
9,P17,P17,Post_P17,1,0.5821650350971884,1
9,P17,P17,Post_P17,1,0.48151615499550243,0
9,P17,P17,Post_P17,1,0.7441591686746828,1
9,P17,P17,Post_P17,1,0.518547768540687,1
9,P17,P17,Post_P17,1,0.6632118052142961,1
9,P17,P17,Post_P17,1,0.5842607454293677,1
9,P17,P17,Post_P17,1,0.43703305481560084,0
9,P17,P17,Post_P17,1,0.6914588168391661,1
9,P17,P17,Post_P17,1,0.5684722538057878,1
9,P17,P17,Post_P17,1,0.5500542312867204,1
9,P17,P17,Post_P17,1,0.46656639776774766,0
9,P17,P17,Post_P17,1,0.6037605335220411,1
9,P17,P17,Post_P17,1,0.781954529431095,1
9,P17,P17,Post_P17,1,0.36330257234582214,0
9,P17,P17,Post_P17,1,0.8115842055809824,1
9,P17,P17,Post_P17,1,0.332198963593727,0
9,P17,P17,Post_P17,1,0.6728561990348192,1
9,P17,P17,Post_P17,1,0.581021775570416,1
9,P17,P17,Post_P17,1,0.4501521227607531,0
9,P17,P17,Post_P17,1,0.6748970109189794,1
9,P17,P17,Post_P17,1,0.6896192233521083,1
9,P17,P17,Post_P17,1,0.74107460187634,1
9,P17,P17,Post_P17,1,0.6064869332771092,1
9,P17,P17,Post_P17,1,0.6221549245519631,1
9,P17,P17,Post_P17,1,0.7600851137068405,1
9,P17,P17,Post_P17,1,0.541287821209185,1
9,P17,P17,Post_P17,1,0.5389438596480853,1
9,P17,P17,Post_P17,1,0.6586451751349349,1
9,P17,P17,Post_P17,1,0.57523610393267,1
9,P17,P17,Post_P17,1,0.747095334199934,1
9,P17,P17,Post_P17,1,0.5456652348806441,1
9,P17,P17,Post_P17,1,0.5656500552649601,1
9,P17,P17,Post_P17,1,0.5957249052840219,1
9,P17,P17,Post_P17,1,0.8143485939849476,1
9,P17,P17,Post_P17,1,0.7019679282118418,1
9,P17,P17,Post_P17,1,0.6187948723996635,1
9,P17,P17,Post_P17,1,0.5701596047829902,1
9,P17,P17,Post_P17,1,0.7196368359914697,1
9,P17,P17,Post_P17,1,0.6008476510616308,1
9,P17,P17,Post_P17,1,0.5801181088265778,1
9,P17,P17,Post_P17,1,0.6811957695901981,1
9,P17,P17,Post_P17,1,0.4936497150281899,0
9,P17,P17,Post_P17,1,0.5143807964855912,1
9,P17,P17,Post_P17,1,0.7858433990193798,1
9,P17,P17,Post_P17,1,0.6748676415420207,1
9,P17,P17,Post_P17,1,0.7152892988190941,1
9,P17,P17,Post_P17,1,0.7495887589573144,1
9,P17,P17,Post_P17,1,0.7295128389328357,1
9,P17,P17,Post_P17,1,0.6643209953799415,1
9,P17,P17,Post_P17,1,0.7054463222662247,1
9,P17,P17,Post_P17,1,0.6053469459232916,1
9,P17,P17,Post_P17,1,0.6019899868003598,1
9,P17,P17,Post_P17,1,0.5085905047805035,1
9,P17,P17,Post_P17,1,0.7963027598462714,1
9,P17,P17,Post_P17,1,0.5173878586555313,1
9,P17,P17,Post_P17,1,0.6769451599770553,1
9,P17,P17,Post_P17,1,0.6159842700436702,1
9,P17,P17,Post_P17,1,0.5328363100493242,1
9,P17,P17,Post_P17,1,0.7894005900910959,1
9,P17,P17,Post_P17,1,0.6085734830832396,1
9,P17,P17,Post_P17,1,0.8323133189688574,1
9,P17,P17,Post_P17,1,0.6571628259189736,1
9,P17,P17,Post_P17,1,0.7311844476862756,1
9,P17,P17,Post_P17,1,0.547222625991428,1
9,P17,P17,Post_P17,1,0.8181157055034853,1
9,P17,P17,Post_P17,1,0.8657205311886211,1
9,P17,P17,Post_P17,1,0.5038583456672818,1
9,P17,P17,Post_P17,1,0.7916070334348946,1
9,P17,P17,Post_P17,1,0.7463487561347405,1
9,P17,P17,Post_P17,1,0.5827816226616417,1
9,P17,P17,Post_P17,1,0.7116420105366975,1
9,P17,P17,Post_P17,1,0.6501425696303188,1
9,P17,P17,Post_P17,1,0.669452793590286,1
9,P17,P17,Post_P17,1,0.7345354413408847,1
9,P17,P17,Post_P17,1,0.6580207717208296,1
9,P17,P17,Post_P17,1,0.7359130501441322,1
9,P17,P17,Post_P17,1,0.5030594908253115,1
9,P17,P17,Post_P17,1,0.4155099885789429,0
9,P17,P17,Post_P17,1,0.5137740728613399,1
9,P17,P17,Post_P17,1,0.4834583277463978,0
9,P17,P17,Post_P17,1,0.7114976085425289,1
9,P17,P17,Post_P17,1,0.46796383437774114,0
9,P17,P17,Post_P17,1,0.4395462636757542,0
9,P17,P17,Post_P17,1,0.8526151766270085,1
9,P17,P17,Post_P17,1,0.6645473476388583,1
9,P17,P17,Post_P17,1,0.6248959942889466,1
9,P17,P17,Post_P17,1,0.6141815933921024,1
9,P17,P17,Post_P17,1,0.8017532031989328,1
9,P17,P17,Post_P17,1,0.6343581810432992,1
9,P17,P17,Post_P17,1,0.7929141755543148,1
9,P17,P17,Post_P17,1,0.5058978613855131,1
9,P17,P17,Post_P17,1,0.48199222709726575,0
9,P17,P17,Post_P17,1,0.8429617979776439,1
9,P17,P17,Post_P17,1,0.838644693870599,1
9,P17,P17,Post_P17,1,0.7049852485517936,1
9,P17,P17,Post_P17,1,0.6315401205280085,1
9,P17,P17,Post_P17,1,0.7701007277860171,1
9,P17,P17,Post_P17,1,0.7489933948029595,1
9,P17,P17,Post_P17,1,0.6713435440533564,1
9,P17,P17,Post_P17,1,0.750082862156274,1
9,P17,P17,Post_P17,1,0.5668071726697722,1
9,P17,P17,Post_P17,1,0.7618742292348177,1
9,P17,P17,Post_P17,1,0.5868736575146504,1
9,P17,P17,Post_P17,1,0.6153135195896605,1
9,P17,P17,Post_P17,1,0.7138479781872734,1
9,P17,P17,Post_P17,1,0.7068136014504897,1
9,P17,P17,Post_P17,1,0.5324581958079013,1
9,P17,P17,Post_P17,1,0.7913276702483005,1
9,P17,P17,Post_P17,1,0.6507170710161104,1
9,P17,P17,Post_P17,1,0.7029966026706566,1
9,P17,P17,Post_P17,1,0.5100690344859823,1
9,P17,P17,Post_P17,1,0.6763802905669497,1
9,P17,P17,Post_P17,1,0.5237049997966198,1
9,P17,P17,Post_P17,1,0.6471109200064882,1
9,P17,P17,Post_P17,1,0.505884171854552,1
9,P17,P17,Post_P17,1,0.581617923818072,1
9,P17,P17,Post_P17,1,0.639845974452492,1
9,P17,P17,Post_P17,1,0.4669715753405583,0
9,P17,P17,Post_P17,1,0.7020452174096279,1
9,P17,P17,Post_P17,1,0.6141985244066364,1
9,P17,P17,Post_P17,1,0.6610996267573798,1
9,P17,P17,Post_P17,1,0.8328741783882698,1
9,P17,P17,Post_P17,1,0.7101434530387837,1
9,P17,P17,Post_P17,1,0.6768533230232724,1
9,P17,P17,Post_P17,1,0.8707523516523699,1
9,P17,P17,Post_P17,1,0.4659333822466617,0
9,P17,P17,Post_P17,1,0.7166713113531751,1
9,P17,P17,Post_P17,1,0.6454730455700849,1
9,P17,P17,Post_P17,1,0.6350394579025115,1
9,P17,P17,Post_P17,1,0.6654202837501149,1
9,P17,P17,Post_P17,1,0.47940608584639893,0
9,P17,P17,Post_P17,1,0.7168727837907874,1
9,P17,P17,Post_P17,1,0.4426588656800231,0
9,P17,P17,Post_P17,1,0.7181395411008383,1
9,P17,P17,Post_P17,1,0.6998405372085111,1
9,P17,P17,Post_P17,1,0.6288048095616086,1
9,P17,P17,Post_P17,1,0.8798759438966549,1
9,P17,P17,Post_P17,1,0.7603910148385208,1
9,P17,P17,Post_P17,1,0.4251364667922649,0
9,P17,P17,Post_P17,1,0.8639641199522168,1
9,P17,P17,Post_P17,1,0.538430716410094,1
9,P17,P17,Post_P17,1,0.6389290643990441,1
9,P17,P17,Post_P17,1,0.73153630194382,1
9,P17,P17,Post_P17,1,0.6560315174257954,1
9,P17,P17,Post_P17,1,0.4599833790349215,0
9,P17,P17,Post_P17,1,0.5990461258930664,1
9,P17,P17,Post_P17,1,0.6383401846802966,1
9,P17,P17,Post_P17,1,0.44111810869569473,0
9,P17,P17,Post_P17,1,0.6789869335658548,1
9,P17,P17,Post_P17,1,0.7210707344094662,1
9,P17,P17,Post_P17,1,0.7541408271162896,1
9,P17,P17,Post_P17,1,0.5447566714404762,1
9,P17,P17,Post_P17,1,0.5482494450009351,1
9,P17,P17,Post_P17,1,0.7900763742101055,1
9,P17,P17,Post_P17,1,0.5689486818220448,1
9,P17,P17,Post_P17,1,0.5110218859464272,1
9,P17,P17,Post_P17,1,0.7035276538605988,1
9,P17,P17,Post_P17,1,0.5815360057791383,1
9,P17,P17,Post_P17,1,0.6184998400009917,1
9,P17,P17,Post_P17,1,0.6226916885619331,1
9,P17,P17,Post_P17,1,0.626486498600824,1
9,P17,P17,Post_P17,1,0.6473176857048091,1
9,P17,P17,Post_P17,1,0.6874110716819591,1
9,P17,P17,Post_P17,1,0.6932651558092778,1
9,P17,P17,Post_P17,1,0.36484425065601317,0
9,P17,P17,Post_P17,1,0.724781303137239,1
9,P17,P17,Post_P17,1,0.3120071082979596,0
9,P17,P17,Post_P17,1,0.8616619773636806,1
9,P17,P17,Post_P17,1,0.8416483562331676,1
9,P17,P17,Post_P17,1,0.7952622311254567,1
9,P17,P17,Post_P17,1,0.6604592274797073,1
9,P17,P17,Post_P17,1,0.7602161666348006,1
9,P17,P17,Post_P17,1,0.6960175676735634,1
9,P17,P17,Post_P17,1,0.5417917727875083,1
9,P17,P17,Post_P17,1,0.6634763671536402,1
9,P17,P17,Post_P17,1,0.5783525916914998,1
9,P17,P17,Post_P17,1,0.8679660113923257,1
9,P17,P17,Post_P17,1,0.6995846907685511,1
9,P17,P17,Post_P17,1,0.49508562122419225,0
9,P17,P17,Post_P17,1,0.7331975056036096,1
9,P17,P17,Post_P17,1,0.6666331003942577,1
9,P17,P17,Post_P17,1,0.8146309640027171,1
9,P17,P17,Post_P17,1,0.5867852463159133,1
9,P17,P17,Post_P17,1,0.6105409278386361,1
9,P17,P17,Post_P17,1,0.591340185209647,1
9,P17,P17,Post_P17,1,0.8069430598295978,1
9,P17,P17,Post_P17,1,0.7277968879999626,1
9,P17,P17,Post_P17,1,0.6166512021292334,1
9,P17,P17,Post_P17,1,0.5023423967248827,1
9,P17,P17,Post_P17,1,0.5845623040342288,1
9,P17,P17,Post_P17,1,0.6092439555560006,1
9,P17,P17,Post_P17,1,0.34620057146699684,0
9,P17,P17,Post_P17,1,0.6973354473272477,1
9,P17,P17,Post_P17,1,0.6517451420128946,1
9,P17,P17,Post_P17,1,0.6160298826615588,1
9,P17,P17,Post_P17,1,0.7112479062062443,1
9,P17,P17,Post_P17,1,0.7380990594152621,1
9,P17,P17,Post_P17,1,0.703881288512923,1
9,P17,P17,Post_P17,1,0.6850988409641834,1
9,P17,P17,Post_P17,1,0.6065515058722328,1
9,P17,P17,Post_P17,1,0.6468647682639849,1
9,P17,P17,Post_P17,1,0.8067480261406724,1
9,P17,P17,Post_P17,1,0.7730698225059769,1
9,P17,P17,Post_P17,1,0.6435732314410999,1
9,P17,P17,Post_P17,1,0.6949098769797651,1
9,P17,P17,Post_P17,1,0.7090120592019397,1
9,P17,P17,Post_P17,1,0.8526190135987655,1
9,P17,P17,Post_P17,1,0.7094678952219329,1
9,P17,P17,Post_P17,1,0.4694214515402975,0
9,P17,P17,Post_P17,1,0.6575528672873232,1
9,P17,P17,Post_P17,1,0.7312067599597315,1
9,P17,P17,Post_P17,1,0.5871124719310872,1
9,P17,P17,Post_P17,1,0.7100786468752405,1
9,P17,P17,Post_P17,1,0.7879419559990415,1
9,P17,P17,Post_P17,1,0.4339126040415275,0
9,P17,P17,Post_P17,1,0.6055719507128001,1
9,P17,P17,Post_P17,1,0.6804308124027784,1
9,P17,P17,Post_P17,1,0.5275413242455491,1
9,P17,P17,Post_P17,1,0.6440884628755361,1
9,P17,P17,Post_P17,1,0.6664156524585275,1
9,P17,P17,Post_P17,1,0.7846488803517412,1
9,P17,P17,Post_P17,1,0.73343108439559,1
9,P17,P17,Post_P17,1,0.6169824653607577,1
9,P17,P17,Post_P17,1,0.7345156894383928,1
9,P17,P17,Post_P17,1,0.5514422609388486,1
9,P17,P17,Post_P17,1,0.6244737666414664,1
9,P17,P17,Post_P17,1,0.6394494419405167,1
9,P17,P17,Post_P17,1,0.7130444819071714,1
9,P17,P17,Post_P17,1,0.7783931922974568,1
9,P17,P17,Post_P17,1,0.678944330169347,1
9,P17,P17,Post_P17,1,0.7981548722603863,1
9,P17,P17,Post_P17,1,0.3950102390392004,0
9,P17,P17,Post_P17,1,0.8112935784197852,1
9,P17,P17,Post_P17,1,0.5950680083562961,1
9,P17,P17,Post_P17,1,0.6481396696929675,1
9,P17,P17,Post_P17,1,0.8396192661209161,1
9,P17,P17,Post_P17,1,0.3725497682206637,0
9,P17,P17,Post_P17,1,0.8462950595106826,1
9,P17,P17,Post_P17,1,0.8442513263682319,1
9,P17,P17,Post_P17,1,0.6456803614343711,1
9,P17,P17,Post_P17,1,0.7663580256376923,1
9,P17,P17,Post_P17,1,0.63547091640352,1
9,P17,P17,Post_P17,1,0.6878163496332304,1
9,P17,P17,Post_P17,1,0.38822363029568746,0
9,P17,P17,Post_P17,1,0.7409980972445586,1
9,P17,P17,Post_P17,1,0.6453205442658619,1
9,P17,P17,Post_P17,1,0.23746965938834708,0
9,P17,P17,Post_P17,1,0.7833888894658336,1
9,P17,P17,Post_P17,1,0.6560534197335908,1
9,P17,P17,Post_P17,1,0.5880905691003514,1
9,P17,P17,Post_P17,1,0.7252637837153386,1
9,P17,P17,Post_P17,1,0.6622232598324047,1
9,P17,P17,Post_P17,1,0.752282649344895,1
9,P17,P17,Post_P17,1,0.66392337431391,1
9,P17,P17,Post_P17,1,0.6909786605858478,1
9,P17,P17,Post_P17,1,0.7106024125655431,1
9,P17,P17,Post_P17,1,0.8826942378002022,1
9,P17,P17,Post_P17,1,0.565443531513812,1
9,P17,P17,Post_P17,1,0.5463863989938952,1
9,P17,P17,Post_P17,1,0.5632427689345983,1
9,P17,P17,Post_P17,1,0.501224095253936,1
9,P17,P17,Post_P17,1,0.44979295760584914,0
9,P17,P17,Post_P17,1,0.7105121287395225,1
9,P17,P17,Post_P17,1,0.6711681009499801,1
9,P17,P17,Post_P17,1,0.49926641162654395,0
9,P17,P17,Post_P17,1,0.784118908087619,1
9,P17,P17,Post_P17,1,0.7136589279485624,1
9,P17,P17,Post_P17,1,0.6824680253884532,1
10,P18,P18,Post_P18,0,0.7183010792906334,1
10,P18,P18,Post_P18,0,0.5772425311142748,1
10,P18,P18,Post_P18,0,0.5487759894066198,1
10,P18,P18,Post_P18,0,0.5594541880144367,1
10,P18,P18,Post_P18,0,0.45983065905075754,0
10,P18,P18,Post_P18,0,0.4858465624873997,0
10,P18,P18,Post_P18,0,0.6977466516718032,1
10,P18,P18,Post_P18,0,0.33692335784427946,0
10,P18,P18,Post_P18,0,0.5584538833521531,1
10,P18,P18,Post_P18,0,0.6747036478149242,1
10,P18,P18,Post_P18,0,0.541255014512798,1
10,P18,P18,Post_P18,0,0.43254533175291054,0
10,P18,P18,Post_P18,0,0.5918659038522598,1
10,P18,P18,Post_P18,0,0.7727427060094055,1
10,P18,P18,Post_P18,0,0.7247157925115933,1
10,P18,P18,Post_P18,0,0.4458505309689714,0
10,P18,P18,Post_P18,0,0.6100782150575108,1
10,P18,P18,Post_P18,0,0.6661707335169775,1
10,P18,P18,Post_P18,0,0.26919350462715186,0
10,P18,P18,Post_P18,0,0.5588080490099143,1
10,P18,P18,Post_P18,0,0.6906826408902086,1
10,P18,P18,Post_P18,0,0.29436037277636995,0
10,P18,P18,Post_P18,0,0.6661914409758402,1
10,P18,P18,Post_P18,0,0.4277680327292293,0
10,P18,P18,Post_P18,0,0.5866565270043099,1
10,P18,P18,Post_P18,0,0.48134424943654647,0
10,P18,P18,Post_P18,0,0.6599768920488565,1
10,P18,P18,Post_P18,0,0.562383488900712,1
10,P18,P18,Post_P18,0,0.6233995189797543,1
10,P18,P18,Post_P18,0,0.5969757699492975,1
10,P18,P18,Post_P18,0,0.48187454320812184,0
10,P18,P18,Post_P18,0,0.61332956302096,1
10,P18,P18,Post_P18,0,0.42645147248932364,0
10,P18,P18,Post_P18,0,0.6956008340165424,1
10,P18,P18,Post_P18,0,0.5608013989686712,1
10,P18,P18,Post_P18,0,0.6304972986545576,1
10,P18,P18,Post_P18,0,0.5219084113960079,1
10,P18,P18,Post_P18,0,0.5045248942597944,1
10,P18,P18,Post_P18,0,0.573547692216391,1
10,P18,P18,Post_P18,0,0.7169720623782806,1
10,P18,P18,Post_P18,0,0.716224118712711,1
10,P18,P18,Post_P18,0,0.6831270320659428,1
10,P18,P18,Post_P18,0,0.7261090521088706,1
10,P18,P18,Post_P18,0,0.5587480516017315,1
10,P18,P18,Post_P18,0,0.7041073233161504,1
10,P18,P18,Post_P18,0,0.6268351730658811,1
10,P18,P18,Post_P18,0,0.5932532370451769,1
10,P18,P18,Post_P18,0,0.6715655957552976,1
10,P18,P18,Post_P18,0,0.546079216133253,1
10,P18,P18,Post_P18,0,0.7321862286038398,1
10,P18,P18,Post_P18,0,0.491926308422343,0
10,P18,P18,Post_P18,0,0.7301038432023543,1
10,P18,P18,Post_P18,0,0.406080368447428,0
10,P18,P18,Post_P18,0,0.3905496452673453,0
10,P18,P18,Post_P18,0,0.5917844520629159,1
10,P18,P18,Post_P18,0,0.4280537718161386,0
10,P18,P18,Post_P18,0,0.4877376216875045,0
10,P18,P18,Post_P18,0,0.4291214730684579,0
10,P18,P18,Post_P18,0,0.8663779629108704,1
10,P18,P18,Post_P18,0,0.5217349767428467,1
10,P18,P18,Post_P18,0,0.8106591345344363,1
10,P18,P18,Post_P18,0,0.365926383548835,0
10,P18,P18,Post_P18,0,0.6038409274404021,1
10,P18,P18,Post_P18,0,0.5946725200844076,1
10,P18,P18,Post_P18,0,0.7161287288216281,1
10,P18,P18,Post_P18,0,0.764017366066954,1
10,P18,P18,Post_P18,0,0.5235611646706038,1
10,P18,P18,Post_P18,0,0.547134284776334,1
10,P18,P18,Post_P18,0,0.6726255854816721,1
10,P18,P18,Post_P18,0,0.5524119125042332,1
10,P18,P18,Post_P18,0,0.5028472934221767,1
10,P18,P18,Post_P18,0,0.5798820277779194,1
10,P18,P18,Post_P18,0,0.6231241462537587,1
10,P18,P18,Post_P18,0,0.2716944379348811,0
10,P18,P18,Post_P18,0,0.3094925988932975,0
10,P18,P18,Post_P18,0,0.5468825523079521,1
10,P18,P18,Post_P18,0,0.5477003901448022,1
10,P18,P18,Post_P18,0,0.5337556151850693,1
10,P18,P18,Post_P18,0,0.7756681124723085,1
10,P18,P18,Post_P18,0,0.6472153970830303,1
10,P18,P18,Post_P18,0,0.6014668603908129,1
10,P18,P18,Post_P18,0,0.6848917474433073,1
10,P18,P18,Post_P18,0,0.35192150466278616,0
10,P18,P18,Post_P18,0,0.6488833667858034,1
10,P18,P18,Post_P18,0,0.5970591893514304,1
10,P18,P18,Post_P18,0,0.6490860310387571,1
10,P18,P18,Post_P18,0,0.49184257117939195,0
10,P18,P18,Post_P18,0,0.7453008034827854,1
10,P18,P18,Post_P18,0,0.5712029959998428,1
10,P18,P18,Post_P18,0,0.5806095379081384,1
10,P18,P18,Post_P18,0,0.7029696777709115,1
10,P18,P18,Post_P18,0,0.6214882022353351,1
10,P18,P18,Post_P18,0,0.7380871906250898,1
10,P18,P18,Post_P18,0,0.3227054921061571,0
10,P18,P18,Post_P18,0,0.5086471510831623,1
10,P18,P18,Post_P18,0,0.7983320693835602,1
10,P18,P18,Post_P18,0,0.5044756416812729,1
10,P18,P18,Post_P18,0,0.6366721286020289,1
10,P18,P18,Post_P18,0,0.509799542758847,1
10,P18,P18,Post_P18,0,0.8097279805751595,1
10,P18,P18,Post_P18,0,0.7477874462330086,1
10,P18,P18,Post_P18,0,0.5368959106294534,1
10,P18,P18,Post_P18,0,0.6436984163487395,1
10,P18,P18,Post_P18,0,0.47012715009877193,0
10,P18,P18,Post_P18,0,0.4783483875401307,0
10,P18,P18,Post_P18,0,0.5465771011903523,1
10,P18,P18,Post_P18,0,0.7656074234955446,1
10,P18,P18,Post_P18,0,0.7587088464292268,1
10,P18,P18,Post_P18,0,0.28235030839533626,0
10,P18,P18,Post_P18,0,0.5547094525292742,1
10,P18,P18,Post_P18,0,0.661357297847259,1
10,P18,P18,Post_P18,0,0.5740350648853801,1
10,P18,P18,Post_P18,0,0.7287647284055795,1
10,P18,P18,Post_P18,0,0.7604267611952424,1
10,P18,P18,Post_P18,0,0.6989263971982965,1
10,P18,P18,Post_P18,0,0.4491510076066156,0
10,P18,P18,Post_P18,0,0.37529482287840354,0
10,P18,P18,Post_P18,0,0.624370478751657,1
10,P18,P18,Post_P18,0,0.5120644465700522,1
10,P18,P18,Post_P18,0,0.5337360372537537,1
10,P18,P18,Post_P18,0,0.6248527324543894,1
10,P18,P18,Post_P18,0,0.5554688394310163,1
10,P18,P18,Post_P18,0,0.6307351973845656,1
10,P18,P18,Post_P18,0,0.572260680852509,1
10,P18,P18,Post_P18,0,0.5039976895078325,1
10,P18,P18,Post_P18,0,0.5422122111819426,1
10,P18,P18,Post_P18,0,0.7228025484659419,1
10,P18,P18,Post_P18,0,0.4651268547325144,0
10,P18,P18,Post_P18,0,0.8457275892589072,1
10,P18,P18,Post_P18,0,0.6234639874983162,1
10,P18,P18,Post_P18,0,0.3804833447339958,0
10,P18,P18,Post_P18,0,0.4751333342759523,0
10,P18,P18,Post_P18,0,0.5702833101856327,1
10,P18,P18,Post_P18,0,0.4653571204847142,0
10,P18,P18,Post_P18,0,0.2926105894494331,0
10,P18,P18,Post_P18,0,0.28329344020272595,0
10,P18,P18,Post_P18,0,0.4892107458200518,0
10,P18,P18,Post_P18,0,0.47769731113749087,0
10,P18,P18,Post_P18,0,0.6253610208462429,1
10,P18,P18,Post_P18,0,0.7272140635554826,1
10,P18,P18,Post_P18,0,0.5893131462249218,1
10,P18,P18,Post_P18,0,0.6667328446365479,1
10,P18,P18,Post_P18,0,0.7265316669474284,1
10,P18,P18,Post_P18,0,0.5137619510385197,1
10,P18,P18,Post_P18,0,0.6130814543235239,1
10,P18,P18,Post_P18,0,0.5620859673568425,1
10,P18,P18,Post_P18,0,0.635674249053038,1
10,P18,P18,Post_P18,0,0.5476080597964694,1
10,P18,P18,Post_P18,0,0.5268978401009827,1
10,P18,P18,Post_P18,0,0.5160605292895745,1
10,P18,P18,Post_P18,0,0.44414730591253127,0
10,P18,P18,Post_P18,0,0.6348852573636873,1
10,P18,P18,Post_P18,0,0.6155070334198219,1
10,P18,P18,Post_P18,0,0.7023934963249729,1
10,P18,P18,Post_P18,0,0.5673560747370864,1
10,P18,P18,Post_P18,0,0.44798246135335723,0
10,P18,P18,Post_P18,0,0.6921919683645994,1
10,P18,P18,Post_P18,0,0.5462529870086886,1
10,P18,P18,Post_P18,0,0.7888034346248644,1
10,P18,P18,Post_P18,0,0.7696780918162381,1
10,P18,P18,Post_P18,0,0.71585616253833,1
10,P18,P18,Post_P18,0,0.6580717486260279,1
10,P18,P18,Post_P18,0,0.7075972913572969,1
10,P18,P18,Post_P18,0,0.6238811819786351,1
10,P18,P18,Post_P18,0,0.7026773241663016,1
10,P18,P18,Post_P18,0,0.6941599850493518,1
10,P18,P18,Post_P18,0,0.7717071646430952,1
10,P18,P18,Post_P18,0,0.6994429883148566,1
10,P18,P18,Post_P18,0,0.5991561084612498,1
10,P18,P18,Post_P18,0,0.5545534796847605,1
10,P18,P18,Post_P18,0,0.5847792616023169,1
10,P18,P18,Post_P18,0,0.355077795856646,0
10,P18,P18,Post_P18,0,0.48619295773259724,0
10,P18,P18,Post_P18,0,0.6120712241061722,1
10,P18,P18,Post_P18,0,0.6552337568957929,1
10,P18,P18,Post_P18,0,0.5919593077923174,1
10,P18,P18,Post_P18,0,0.5393533438143201,1
10,P18,P18,Post_P18,0,0.41420332340996285,0
10,P18,P18,Post_P18,0,0.6267685115609057,1
10,P18,P18,Post_P18,0,0.6399231922921109,1
10,P18,P18,Post_P18,0,0.7733138858054907,1
10,P18,P18,Post_P18,0,0.4011650798536134,0
10,P18,P18,Post_P18,0,0.3847359872989723,0
10,P18,P18,Post_P18,0,0.5377167067807497,1
10,P18,P18,Post_P18,0,0.6915851196609312,1
10,P18,P18,Post_P18,0,0.4226079093062589,0
10,P18,P18,Post_P18,0,0.5750805789320944,1
10,P18,P18,Post_P18,0,0.7109124653847323,1
10,P18,P18,Post_P18,0,0.5742795513655853,1
10,P18,P18,Post_P18,0,0.6527532529382634,1
10,P18,P18,Post_P18,0,0.7119592399851908,1
10,P18,P18,Post_P18,0,0.43178224340662863,0
10,P18,P18,Post_P18,0,0.6644111929794971,1
10,P18,P18,Post_P18,0,0.6815344362676695,1
10,P18,P18,Post_P18,0,0.3727449384027871,0
10,P18,P18,Post_P18,0,0.5584683574169832,1
10,P18,P18,Post_P18,0,0.587685348216554,1
10,P18,P18,Post_P18,0,0.3377588672537423,0
10,P18,P18,Post_P18,0,0.7768431991759062,1
10,P18,P18,Post_P18,0,0.6423811959149929,1
10,P18,P18,Post_P18,0,0.7344006437324087,1
10,P18,P18,Post_P18,0,0.7308888958359353,1
10,P18,P18,Post_P18,0,0.7394813865093299,1
10,P18,P18,Post_P18,0,0.651758926443738,1
10,P18,P18,Post_P18,0,0.4197561216849753,0
10,P18,P18,Post_P18,0,0.5763316479192665,1
10,P18,P18,Post_P18,0,0.5164180766927353,1
10,P18,P18,Post_P18,0,0.6633596585220467,1
10,P18,P18,Post_P18,0,0.47841968247271033,0
10,P18,P18,Post_P18,0,0.6397197482756185,1
10,P18,P18,Post_P18,0,0.6096020294494757,1
10,P18,P18,Post_P18,0,0.7528251162275296,1
10,P18,P18,Post_P18,0,0.771510302540935,1
10,P18,P18,Post_P18,0,0.7543098897977305,1
10,P18,P18,Post_P18,0,0.6875645591282978,1
10,P18,P18,Post_P18,0,0.6973727611217313,1
10,P18,P18,Post_P18,0,0.6162627902936119,1
10,P18,P18,Post_P18,0,0.5179455501600043,1
10,P18,P18,Post_P18,0,0.5924321910293758,1
10,P18,P18,Post_P18,0,0.6099254959776133,1
10,P18,P18,Post_P18,0,0.5547494233860929,1
10,P18,P18,Post_P18,0,0.3799787420957898,0
10,P18,P18,Post_P18,0,0.6998537944488205,1
10,P18,P18,Post_P18,0,0.8065465601340446,1
10,P18,P18,Post_P18,0,0.4285004902946634,0
10,P18,P18,Post_P18,0,0.464694231404889,0
10,P18,P18,Post_P18,0,0.7786512362626529,1
10,P18,P18,Post_P18,0,0.4574627333617235,0
10,P18,P18,Post_P18,0,0.418833624560068,0
10,P18,P18,Post_P18,0,0.6364244780021452,1
10,P18,P18,Post_P18,0,0.5614918094684874,1
10,P18,P18,Post_P18,0,0.37785924165624446,0
10,P18,P18,Post_P18,0,0.5952273561198009,1
10,P18,P18,Post_P18,0,0.48401370807254457,0
10,P18,P18,Post_P18,0,0.6242628087872399,1
10,P18,P18,Post_P18,0,0.30919283528996155,0
10,P18,P18,Post_P18,0,0.7025699520889654,1
10,P18,P18,Post_P18,0,0.515404806156959,1
10,P18,P18,Post_P18,0,0.5423041291750966,1
10,P18,P18,Post_P18,0,0.6750976739039505,1
10,P18,P18,Post_P18,0,0.4822987551017201,0
10,P18,P18,Post_P18,0,0.5953537640991903,1
10,P18,P18,Post_P18,0,0.6334895067734468,1
10,P18,P18,Post_P18,0,0.5550753225962799,1
10,P18,P18,Post_P18,0,0.4900351077799465,0
10,P18,P18,Post_P18,0,0.5840324957803188,1
10,P18,P18,Post_P18,0,0.5451992913338821,1
10,P18,P18,Post_P18,0,0.6023773315456398,1
10,P18,P18,Post_P18,0,0.7179142476280855,1
10,P18,P18,Post_P18,0,0.7687250524816863,1
10,P18,P18,Post_P18,0,0.37696547252545176,0
10,P18,P18,Post_P18,0,0.42184609259295625,0
10,P18,P18,Post_P18,0,0.6613859244482171,1
10,P18,P18,Post_P18,0,0.6300987638889415,1
10,P18,P18,Post_P18,0,0.5398029790659781,1
10,P18,P18,Post_P18,0,0.8130419867798037,1
10,P18,P18,Post_P18,0,0.5376903276429169,1
10,P18,P18,Post_P18,0,0.5919146881878696,1
10,P18,P18,Post_P18,0,0.6662263564924422,1
10,P18,P18,Post_P18,0,0.5042317631001293,1
10,P18,P18,Post_P18,0,0.5466792849969211,1
10,P18,P18,Post_P18,0,0.7343368679946837,1
10,P18,P18,Post_P18,0,0.7655860095193313,1
10,P18,P18,Post_P18,0,0.5602329362292118,1
10,P18,P18,Post_P18,0,0.6110961082391211,1
10,P18,P18,Post_P18,0,0.6952015394148369,1
10,P18,P18,Post_P18,0,0.5498538079101006,1
10,P18,P18,Post_P18,0,0.3608064812710423,0
10,P18,P18,Post_P18,0,0.6146198427396782,1
10,P18,P18,Post_P18,0,0.4380404391245924,0
10,P18,P18,Post_P18,0,0.6460454716573517,1
10,P18,P18,Post_P18,0,0.7563128468794614,1
10,P18,P18,Post_P18,0,0.5378615402734821,1
10,P18,P18,Post_P18,0,0.49300526797875716,0
10,P18,P18,Post_P18,0,0.8004321533840327,1
10,P18,P18,Post_P18,0,0.43981735656489157,0
10,P18,P18,Post_P18,0,0.4608867623774848,0
10,P18,P18,Post_P18,0,0.7446160624888356,1
10,P18,P18,Post_P18,0,0.48252524327428054,0
10,P18,P18,Post_P18,0,0.3770189569115836,0
10,P18,P18,Post_P18,0,0.7124443364811915,1
10,P18,P18,Post_P18,0,0.5003817023719961,1
10,P18,P18,Post_P18,0,0.5947299736481991,1
10,P18,P18,Post_P18,0,0.4809680626401628,0
10,P18,P18,Post_P18,0,0.40878948459607506,0
10,P18,P18,Post_P18,0,0.5020925423394758,1
10,P18,P18,Post_P18,0,0.5833928663307341,1
10,P18,P18,Post_P18,0,0.5132088824978696,1
10,P18,P18,Post_P18,0,0.5661879754040474,1
10,P18,P18,Post_P18,0,0.6313315384206293,1
10,P18,P18,Post_P18,0,0.7621231095961651,1
10,P18,P18,Post_P18,0,0.5441277643294812,1
10,P18,P18,Post_P18,0,0.32865306962559265,0
10,P18,P18,Post_P18,0,0.7798268995584334,1
10,P18,P18,Post_P18,0,0.4384026008922177,0
10,P18,P18,Post_P18,0,0.7505593544138286,1
10,P18,P18,Post_P18,0,0.6315558111492677,1
10,P18,P18,Post_P18,0,0.6493628080277776,1
10,P18,P18,Post_P18,0,0.6429425208204429,1
10,P18,P18,Post_P18,0,0.603589449734999,1
10,P18,P18,Post_P18,0,0.5063550844589628,1
10,P18,P18,Post_P18,0,0.430669110487741,0
10,P18,P18,Post_P18,0,0.8445353370232226,1
10,P18,P18,Post_P18,0,0.5133353447720347,1
10,P18,P18,Post_P18,0,0.7868990791561832,1
10,P18,P18,Post_P18,0,0.242385211874247,0
10,P18,P18,Post_P18,0,0.6150233281422419,1
10,P18,P18,Post_P18,0,0.6503907469985754,1
10,P18,P18,Post_P18,0,0.514233747738491,1
10,P18,P18,Post_P18,0,0.4804155426995643,0
10,P18,P18,Post_P18,0,0.7267111363900406,1
10,P18,P18,Post_P18,0,0.7009331481590929,1
10,P18,P18,Post_P18,0,0.5861824531015476,1
10,P18,P18,Post_P18,0,0.47376957048188617,0
10,P18,P18,Post_P18,0,0.35342054075169227,0
10,P18,P18,Post_P18,0,0.36884563145563626,0
10,P18,P18,Post_P18,0,0.4706806095548504,0
10,P18,P18,Post_P18,0,0.5373777826085402,1
10,P18,P18,Post_P18,0,0.6279717342532389,1
10,P18,P18,Post_P18,0,0.6857480063460595,1
10,P18,P18,Post_P18,0,0.4803322392293141,0
10,P18,P18,Post_P18,0,0.6296562616664746,1
10,P18,P18,Post_P18,0,0.6702396940631875,1
10,P18,P18,Post_P18,0,0.8313087110405504,1
10,P18,P18,Post_P18,0,0.6615881096356419,1
10,P18,P18,Post_P18,0,0.7331097828541175,1
10,P18,P18,Post_P18,0,0.5662727380779248,1
10,P18,P18,Post_P18,0,0.5431242328827753,1
10,P18,P18,Post_P18,0,0.7976260736654903,1
10,P18,P18,Post_P18,0,0.46647435128844333,0
10,P18,P18,Post_P18,0,0.32863746710998604,0
10,P18,P18,Post_P18,0,0.569020068027075,1
10,P18,P18,Post_P18,0,0.5189644423106281,1
10,P18,P18,Post_P18,0,0.5348784729656265,1
10,P18,P18,Post_P18,0,0.2867902812956672,0
10,P18,P18,Post_P18,0,0.6621745309944146,1
10,P18,P18,Post_P18,0,0.7291299438165325,1
10,P18,P18,Post_P18,0,0.3137427729933407,0
10,P18,P18,Post_P18,0,0.6127270253279149,1
10,P18,P18,Post_P18,0,0.751409443896299,1
10,P18,P18,Post_P18,0,0.5757423146278938,1
10,P18,P18,Post_P18,0,0.50336965820132,1
10,P18,P18,Post_P18,0,0.4730572651567336,0
10,P18,P18,Post_P18,0,0.42835536393193135,0
10,P18,P18,Post_P18,0,0.6883557623523617,1
10,P18,P18,Post_P18,0,0.5125372048384061,1
10,P18,P18,Post_P18,0,0.652103281455741,1
10,P18,P18,Post_P18,0,0.3721013139307908,0
10,P18,P18,Post_P18,0,0.6119546812694715,1
10,P18,P18,Post_P18,0,0.5370221062465192,1
10,P18,P18,Post_P18,0,0.5290512581597588,1
10,P18,P18,Post_P18,0,0.6577100467915957,1
10,P18,P18,Post_P18,0,0.45585468846600513,0
10,P18,P18,Post_P18,0,0.6263231948164372,1
10,P18,P18,Post_P18,0,0.45328148398881524,0
10,P18,P18,Post_P18,0,0.4713719583295294,0
10,P18,P18,Post_P18,0,0.6293859965319937,1
11,P19,P19,Post_P19,1,0.3512144545840697,0
11,P19,P19,Post_P19,1,0.6064654694499116,1
11,P19,P19,Post_P19,1,0.5529739383005677,1
11,P19,P19,Post_P19,1,0.7709289834068949,1
11,P19,P19,Post_P19,1,0.7291028170693942,1
11,P19,P19,Post_P19,1,0.6313468618457657,1
11,P19,P19,Post_P19,1,0.8493910292104273,1
11,P19,P19,Post_P19,1,0.8079667403589649,1
11,P19,P19,Post_P19,1,0.4672810546674858,0
11,P19,P19,Post_P19,1,0.6574484270324361,1
11,P19,P19,Post_P19,1,0.5036051439366299,1
11,P19,P19,Post_P19,1,0.47866709907857835,0
11,P19,P19,Post_P19,1,0.893793352981037,1
11,P19,P19,Post_P19,1,0.6241272839820663,1
11,P19,P19,Post_P19,1,0.7335611060360397,1
11,P19,P19,Post_P19,1,0.48403787233380746,0
11,P19,P19,Post_P19,1,0.622251089893501,1
11,P19,P19,Post_P19,1,0.7282655992458306,1
11,P19,P19,Post_P19,1,0.653136583152113,1
11,P19,P19,Post_P19,1,0.6444128994446737,1
11,P19,P19,Post_P19,1,0.73275703852023,1
11,P19,P19,Post_P19,1,0.7053034895426521,1
11,P19,P19,Post_P19,1,0.4436938910628857,0
11,P19,P19,Post_P19,1,0.5700043709671877,1
11,P19,P19,Post_P19,1,0.38101477366935854,0
11,P19,P19,Post_P19,1,0.7541085653014702,1
11,P19,P19,Post_P19,1,0.3272101818891468,0
11,P19,P19,Post_P19,1,0.7721619375136279,1
11,P19,P19,Post_P19,1,0.5838830318150269,1
11,P19,P19,Post_P19,1,0.4013815757962993,0
11,P19,P19,Post_P19,1,0.659357355945242,1
11,P19,P19,Post_P19,1,0.5303355232983857,1
11,P19,P19,Post_P19,1,0.6085461186223313,1
11,P19,P19,Post_P19,1,0.6108715705920352,1
11,P19,P19,Post_P19,1,0.6926365938374931,1
11,P19,P19,Post_P19,1,0.5352336985554785,1
11,P19,P19,Post_P19,1,0.6827433797817696,1
11,P19,P19,Post_P19,1,0.6545089623993245,1
11,P19,P19,Post_P19,1,0.6937439578747221,1
11,P19,P19,Post_P19,1,0.6946188279949891,1
11,P19,P19,Post_P19,1,0.4465311732141559,0
11,P19,P19,Post_P19,1,0.6947581259611308,1
11,P19,P19,Post_P19,1,0.6356123726254808,1
11,P19,P19,Post_P19,1,0.5056241227616163,1
11,P19,P19,Post_P19,1,0.6414023426970931,1
11,P19,P19,Post_P19,1,0.7424028624420643,1
11,P19,P19,Post_P19,1,0.7403540953547727,1
11,P19,P19,Post_P19,1,0.746722175390461,1
11,P19,P19,Post_P19,1,0.3827123219771295,0
11,P19,P19,Post_P19,1,0.6844451466174344,1
11,P19,P19,Post_P19,1,0.8389479430570781,1
11,P19,P19,Post_P19,1,0.5094670618157578,1
11,P19,P19,Post_P19,1,0.42043749251571677,0
11,P19,P19,Post_P19,1,0.7428075261302438,1
11,P19,P19,Post_P19,1,0.4577300622961909,0
11,P19,P19,Post_P19,1,0.7741683649292582,1
11,P19,P19,Post_P19,1,0.4318572590552681,0
11,P19,P19,Post_P19,1,0.5080265173617046,1
11,P19,P19,Post_P19,1,0.6109052304773773,1
11,P19,P19,Post_P19,1,0.6464398838802222,1
11,P19,P19,Post_P19,1,0.49062242124963157,0
11,P19,P19,Post_P19,1,0.37018063405470364,0
11,P19,P19,Post_P19,1,0.5003097157123919,1
11,P19,P19,Post_P19,1,0.7883481593999906,1
11,P19,P19,Post_P19,1,0.6740085474414166,1
11,P19,P19,Post_P19,1,0.7083200608946331,1
11,P19,P19,Post_P19,1,0.5580614334531548,1
11,P19,P19,Post_P19,1,0.5269183174593565,1
11,P19,P19,Post_P19,1,0.7653234569300462,1
11,P19,P19,Post_P19,1,0.564898373999286,1
11,P19,P19,Post_P19,1,0.5562824098591379,1
11,P19,P19,Post_P19,1,0.8671527097033374,1
11,P19,P19,Post_P19,1,0.6429142596995654,1
11,P19,P19,Post_P19,1,0.8017171394079675,1
11,P19,P19,Post_P19,1,0.770580395846804,1
11,P19,P19,Post_P19,1,0.44970912394981843,0
11,P19,P19,Post_P19,1,0.43693767705901904,0
11,P19,P19,Post_P19,1,0.6600945795359939,1
11,P19,P19,Post_P19,1,0.7922282863308783,1
11,P19,P19,Post_P19,1,0.6564360315111821,1
11,P19,P19,Post_P19,1,0.6329072510655958,1
11,P19,P19,Post_P19,1,0.3616860859167664,0
11,P19,P19,Post_P19,1,0.539745814884102,1
11,P19,P19,Post_P19,1,0.5594643225003637,1
11,P19,P19,Post_P19,1,0.5977684864075716,1
11,P19,P19,Post_P19,1,0.6277983811030741,1
11,P19,P19,Post_P19,1,0.8373969714284756,1
11,P19,P19,Post_P19,1,0.40351776792391403,0
11,P19,P19,Post_P19,1,0.44903871819255925,0
11,P19,P19,Post_P19,1,0.7180794732156456,1
11,P19,P19,Post_P19,1,0.4102803239314643,0
11,P19,P19,Post_P19,1,0.3944266541170286,0
11,P19,P19,Post_P19,1,0.32633148195238365,0
11,P19,P19,Post_P19,1,0.5359777536592288,1
11,P19,P19,Post_P19,1,0.4420055203928135,0
11,P19,P19,Post_P19,1,0.7995417749952587,1
11,P19,P19,Post_P19,1,0.4935601536755529,0
11,P19,P19,Post_P19,1,0.4209181538614596,0
11,P19,P19,Post_P19,1,0.516908181147972,1
11,P19,P19,Post_P19,1,0.5037157361221566,1
11,P19,P19,Post_P19,1,0.5122048159250154,1
11,P19,P19,Post_P19,1,0.7169389108214116,1
11,P19,P19,Post_P19,1,0.6499507822294471,1
11,P19,P19,Post_P19,1,0.6793634280970384,1
11,P19,P19,Post_P19,1,0.8663633138237852,1
11,P19,P19,Post_P19,1,0.45872364831801204,0
11,P19,P19,Post_P19,1,0.7187360132026493,1
11,P19,P19,Post_P19,1,0.6153668965655746,1
11,P19,P19,Post_P19,1,0.4445031734879699,0
11,P19,P19,Post_P19,1,0.733848648192807,1
11,P19,P19,Post_P19,1,0.7183401294474067,1
11,P19,P19,Post_P19,1,0.6377037945958368,1
11,P19,P19,Post_P19,1,0.5747663522729363,1
11,P19,P19,Post_P19,1,0.6526866069689513,1
11,P19,P19,Post_P19,1,0.4830180447746234,0
11,P19,P19,Post_P19,1,0.7258535487052616,1
11,P19,P19,Post_P19,1,0.5604654633618074,1
11,P19,P19,Post_P19,1,0.6575277298318347,1
11,P19,P19,Post_P19,1,0.7561998560523359,1
11,P19,P19,Post_P19,1,0.6027565953318292,1
11,P19,P19,Post_P19,1,0.8990623887404282,1
11,P19,P19,Post_P19,1,0.5613847602764922,1
11,P19,P19,Post_P19,1,0.7565668214572786,1
11,P19,P19,Post_P19,1,0.6738472774280172,1
11,P19,P19,Post_P19,1,0.6494876019598121,1
11,P19,P19,Post_P19,1,0.5433923914264007,1
11,P19,P19,Post_P19,1,0.662187809875946,1
11,P19,P19,Post_P19,1,0.5648907431842597,1
11,P19,P19,Post_P19,1,0.35706386823887615,0
11,P19,P19,Post_P19,1,0.6539491970983735,1
11,P19,P19,Post_P19,1,0.5966670152862293,1
11,P19,P19,Post_P19,1,0.3237061446357943,0
11,P19,P19,Post_P19,1,0.36363408119282026,0
11,P19,P19,Post_P19,1,0.6152855557901374,1
11,P19,P19,Post_P19,1,0.5495005040374796,1
11,P19,P19,Post_P19,1,0.47712000174292757,0
11,P19,P19,Post_P19,1,0.7331049556950489,1
11,P19,P19,Post_P19,1,0.41337443122639317,0
11,P19,P19,Post_P19,1,0.4032780934258842,0
11,P19,P19,Post_P19,1,0.58059657822419,1
11,P19,P19,Post_P19,1,0.5960172932074806,1
11,P19,P19,Post_P19,1,0.5552436128575908,1
11,P19,P19,Post_P19,1,0.595569306597926,1
11,P19,P19,Post_P19,1,0.4380829117281339,0
11,P19,P19,Post_P19,1,0.8671102787024627,1
11,P19,P19,Post_P19,1,0.6697938065963427,1
11,P19,P19,Post_P19,1,0.6237361684968488,1
11,P19,P19,Post_P19,1,0.5103794120971412,1
11,P19,P19,Post_P19,1,0.5767699490008821,1
11,P19,P19,Post_P19,1,0.34296026987542005,0
11,P19,P19,Post_P19,1,0.5857051739192984,1
11,P19,P19,Post_P19,1,0.40620208198608543,0
11,P19,P19,Post_P19,1,0.3961694126774094,0
11,P19,P19,Post_P19,1,0.4532240682858736,0
11,P19,P19,Post_P19,1,0.49908486702084204,0
11,P19,P19,Post_P19,1,0.3167213017474789,0
11,P19,P19,Post_P19,1,0.7708885931497298,1
11,P19,P19,Post_P19,1,0.401418320106365,0
11,P19,P19,Post_P19,1,0.665533216811399,1
11,P19,P19,Post_P19,1,0.6345387528395653,1
11,P19,P19,Post_P19,1,0.6658618151665054,1
11,P19,P19,Post_P19,1,0.6451974886217194,1
11,P19,P19,Post_P19,1,0.5280951409304249,1
11,P19,P19,Post_P19,1,0.6662861431086481,1
11,P19,P19,Post_P19,1,0.8148589726128765,1
11,P19,P19,Post_P19,1,0.5872647419193193,1
11,P19,P19,Post_P19,1,0.49728266126601256,0
11,P19,P19,Post_P19,1,0.6320278505405221,1
11,P19,P19,Post_P19,1,0.8061175657571371,1
11,P19,P19,Post_P19,1,0.47239388865561166,0
11,P19,P19,Post_P19,1,0.6388125109374984,1
11,P19,P19,Post_P19,1,0.6014024687296352,1
11,P19,P19,Post_P19,1,0.4480891968985319,0
11,P19,P19,Post_P19,1,0.2288516638036232,0
11,P19,P19,Post_P19,1,0.7437036490493315,1
11,P19,P19,Post_P19,1,0.37547253931953245,0
11,P19,P19,Post_P19,1,0.7146201751652694,1
11,P19,P19,Post_P19,1,0.7314820033325857,1
11,P19,P19,Post_P19,1,0.7096858579776011,1
11,P19,P19,Post_P19,1,0.6833111895001137,1
11,P19,P19,Post_P19,1,0.48167400848194425,0
11,P19,P19,Post_P19,1,0.5183721359206476,1
11,P19,P19,Post_P19,1,0.5917881584338301,1
11,P19,P19,Post_P19,1,0.584677756312774,1
11,P19,P19,Post_P19,1,0.38508676881786613,0
11,P19,P19,Post_P19,1,0.44429567913594403,0
11,P19,P19,Post_P19,1,0.4670816252409695,0
11,P19,P19,Post_P19,1,0.5336925089232101,1
11,P19,P19,Post_P19,1,0.43515456849822354,0
11,P19,P19,Post_P19,1,0.43880220470358244,0
11,P19,P19,Post_P19,1,0.7042448379119828,1
11,P19,P19,Post_P19,1,0.6830797630342887,1
11,P19,P19,Post_P19,1,0.5048624606643124,1
11,P19,P19,Post_P19,1,0.6185348693669954,1
11,P19,P19,Post_P19,1,0.545682435315834,1
11,P19,P19,Post_P19,1,0.7311761381367368,1
11,P19,P19,Post_P19,1,0.5055656198804583,1
11,P19,P19,Post_P19,1,0.4225479913829708,0
11,P19,P19,Post_P19,1,0.6300668824400625,1
11,P19,P19,Post_P19,1,0.6554450844881858,1
11,P19,P19,Post_P19,1,0.7998021505663183,1
11,P19,P19,Post_P19,1,0.7240933316613262,1
11,P19,P19,Post_P19,1,0.5971669597783364,1
11,P19,P19,Post_P19,1,0.42433844596500087,0
11,P19,P19,Post_P19,1,0.5130799704250942,1
11,P19,P19,Post_P19,1,0.5512770171641695,1
11,P19,P19,Post_P19,1,0.7522112090942268,1
11,P19,P19,Post_P19,1,0.8051674639880152,1
11,P19,P19,Post_P19,1,0.33516238474906157,0
11,P19,P19,Post_P19,1,0.6641474385423989,1
11,P19,P19,Post_P19,1,0.7118201709588469,1
11,P19,P19,Post_P19,1,0.13244508412438638,0
11,P19,P19,Post_P19,1,0.6635424481390813,1
11,P19,P19,Post_P19,1,0.43537488053679063,0
11,P19,P19,Post_P19,1,0.33742848935263414,0
11,P19,P19,Post_P19,1,0.3822365315975352,0
11,P19,P19,Post_P19,1,0.6856667262751927,1
11,P19,P19,Post_P19,1,0.42302332788513913,0
11,P19,P19,Post_P19,1,0.8580999349918977,1
11,P19,P19,Post_P19,1,0.6934786588949231,1
11,P19,P19,Post_P19,1,0.6079615738375338,1
11,P19,P19,Post_P19,1,0.630528628277344,1
11,P19,P19,Post_P19,1,0.17884469827905022,0
11,P19,P19,Post_P19,1,0.5205267275226305,1
11,P19,P19,Post_P19,1,0.4903761189127595,0
11,P19,P19,Post_P19,1,0.5551575169700156,1
11,P19,P19,Post_P19,1,0.5277728947819793,1
11,P19,P19,Post_P19,1,0.6812577671244678,1
11,P19,P19,Post_P19,1,0.5950907711115151,1
11,P19,P19,Post_P19,1,0.7402113597047085,1
11,P19,P19,Post_P19,1,0.5159289767667662,1
11,P19,P19,Post_P19,1,0.3347602807166901,0
11,P19,P19,Post_P19,1,0.3893351504180559,0
11,P19,P19,Post_P19,1,0.7240986562812893,1
11,P19,P19,Post_P19,1,0.6425831753260381,1
11,P19,P19,Post_P19,1,0.8060398109982208,1
11,P19,P19,Post_P19,1,0.6095639985720199,1
11,P19,P19,Post_P19,1,0.6970946181192766,1
11,P19,P19,Post_P19,1,0.8150721231392786,1
11,P19,P19,Post_P19,1,0.5232341390606958,1
11,P19,P19,Post_P19,1,0.5604802626117533,1
11,P19,P19,Post_P19,1,0.30628536039349075,0
11,P19,P19,Post_P19,1,0.551586701483878,1
11,P19,P19,Post_P19,1,0.6727473511083892,1
11,P19,P19,Post_P19,1,0.6651098559660842,1
11,P19,P19,Post_P19,1,0.4719558363331663,0
11,P19,P19,Post_P19,1,0.6270641066369791,1
11,P19,P19,Post_P19,1,0.49405829447206273,0
11,P19,P19,Post_P19,1,0.476101040306708,0
11,P19,P19,Post_P19,1,0.34463819367818344,0
11,P19,P19,Post_P19,1,0.5113177918521333,1
11,P19,P19,Post_P19,1,0.4471651356487598,0
11,P19,P19,Post_P19,1,0.5164270119181362,1
11,P19,P19,Post_P19,1,0.6806539460337931,1
11,P19,P19,Post_P19,1,0.5321683969637105,1
11,P19,P19,Post_P19,1,0.6004743071348851,1
11,P19,P19,Post_P19,1,0.527435140590675,1
11,P19,P19,Post_P19,1,0.4799592939608483,0
11,P19,P19,Post_P19,1,0.654601815427043,1
11,P19,P19,Post_P19,1,0.472012430459059,0
11,P19,P19,Post_P19,1,0.8578705154512203,1
11,P19,P19,Post_P19,1,0.6547377109073114,1
11,P19,P19,Post_P19,1,0.4672082906447475,0
11,P19,P19,Post_P19,1,0.8385356649913951,1
11,P19,P19,Post_P19,1,0.8383848149427349,1
11,P19,P19,Post_P19,1,0.4917068303326529,0
11,P19,P19,Post_P19,1,0.6551035399694879,1
11,P19,P19,Post_P19,1,0.4944802984881971,0
11,P19,P19,Post_P19,1,0.5759129534051579,1
11,P19,P19,Post_P19,1,0.5384407133462121,1
11,P19,P19,Post_P19,1,0.7084175364588818,1
11,P19,P19,Post_P19,1,0.6244468075276397,1
11,P19,P19,Post_P19,1,0.5549206175714336,1
11,P19,P19,Post_P19,1,0.5154173471986099,1
11,P19,P19,Post_P19,1,0.8562339265151131,1
11,P19,P19,Post_P19,1,0.5504915609585675,1
11,P19,P19,Post_P19,1,0.3141578555399608,0
11,P19,P19,Post_P19,1,0.4358527116551644,0
11,P19,P19,Post_P19,1,0.5515481727394128,1
11,P19,P19,Post_P19,1,0.519159412847467,1
11,P19,P19,Post_P19,1,0.7523930631956264,1
11,P19,P19,Post_P19,1,0.7057199080127587,1
11,P19,P19,Post_P19,1,0.5414054658090258,1
11,P19,P19,Post_P19,1,0.713385073639674,1
11,P19,P19,Post_P19,1,0.7159558709543322,1
11,P19,P19,Post_P19,1,0.4195108026514192,0
11,P19,P19,Post_P19,1,0.39546620150019757,0
11,P19,P19,Post_P19,1,0.7553081234313895,1
11,P19,P19,Post_P19,1,0.5687910098270622,1
11,P19,P19,Post_P19,1,0.631481992264732,1
11,P19,P19,Post_P19,1,0.5210341682051145,1
11,P19,P19,Post_P19,1,0.6373169612066398,1
11,P19,P19,Post_P19,1,0.5920863835378728,1
11,P19,P19,Post_P19,1,0.5351115265100503,1
11,P19,P19,Post_P19,1,0.7188550356007225,1
11,P19,P19,Post_P19,1,0.7416114975720043,1
11,P19,P19,Post_P19,1,0.6956238591100538,1
11,P19,P19,Post_P19,1,0.5355103201562432,1
11,P19,P19,Post_P19,1,0.6700422227095142,1
11,P19,P19,Post_P19,1,0.31754854959194256,0
11,P19,P19,Post_P19,1,0.2593672951410438,0
11,P19,P19,Post_P19,1,0.6927023835057021,1
11,P19,P19,Post_P19,1,0.6468637023089707,1
11,P19,P19,Post_P19,1,0.7892248588938273,1
11,P19,P19,Post_P19,1,0.5684149126183715,1
11,P19,P19,Post_P19,1,0.5586692469881138,1
11,P19,P19,Post_P19,1,0.5474708874764481,1
11,P19,P19,Post_P19,1,0.4765891126963725,0
11,P19,P19,Post_P19,1,0.5085443123176461,1
11,P19,P19,Post_P19,1,0.5080241651228115,1
11,P19,P19,Post_P19,1,0.8384899537747434,1
11,P19,P19,Post_P19,1,0.4284332193274892,0
11,P19,P19,Post_P19,1,0.5803054633866612,1
11,P19,P19,Post_P19,1,0.34075493080288544,0
11,P19,P19,Post_P19,1,0.6837372533334686,1
11,P19,P19,Post_P19,1,0.4281055355066847,0
11,P19,P19,Post_P19,1,0.29266535241945124,0
11,P19,P19,Post_P19,1,0.7083927244658156,1
11,P19,P19,Post_P19,1,0.48177325557398903,0
11,P19,P19,Post_P19,1,0.6548937938842184,1
11,P19,P19,Post_P19,1,0.6052482578606447,1
11,P19,P19,Post_P19,1,0.43357625886806256,0
11,P19,P19,Post_P19,1,0.6855617968249618,1
11,P19,P19,Post_P19,1,0.5841413000940807,1
11,P19,P19,Post_P19,1,0.3458210554274239,0
11,P19,P19,Post_P19,1,0.6409998505379877,1
11,P19,P19,Post_P19,1,0.3361384355370492,0
11,P19,P19,Post_P19,1,0.4111687144601135,0
11,P19,P19,Post_P19,1,0.5448083712298105,1
11,P19,P19,Post_P19,1,0.767846350880478,1
11,P19,P19,Post_P19,1,0.5682937800772925,1
11,P19,P19,Post_P19,1,0.4727081812184006,0
11,P19,P19,Post_P19,1,0.30778840897639714,0
11,P19,P19,Post_P19,1,0.36883356441829457,0
11,P19,P19,Post_P19,1,0.5788183795877045,1
11,P19,P19,Post_P19,1,0.5832940918151984,1
11,P19,P19,Post_P19,1,0.543002603988657,1
11,P19,P19,Post_P19,1,0.4727271112427497,0
11,P19,P19,Post_P19,1,0.5551808964438386,1
11,P19,P19,Post_P19,1,0.5409939636438659,1
11,P19,P19,Post_P19,1,0.5048715703061307,1
11,P19,P19,Post_P19,1,0.7163773571939807,1
11,P19,P19,Post_P19,1,0.7426656699842569,1
11,P19,P19,Post_P19,1,0.6053392479181801,1
11,P19,P19,Post_P19,1,0.4341783121738545,0
11,P19,P19,Post_P19,1,0.6954272049921751,1
11,P19,P19,Post_P19,1,0.45475086260632513,0
11,P19,P19,Post_P19,1,0.8250470754089018,1
11,P19,P19,Post_P19,1,0.4532315868018999,0
11,P19,P19,Post_P19,1,0.4009831057747022,0
11,P19,P19,Post_P19,1,0.6069443156465771,1
11,P19,P19,Post_P19,1,0.6926614419923615,1
11,P19,P19,Post_P19,1,0.6326972543915055,1
11,P19,P19,Post_P19,1,0.7590411658455163,1
11,P19,P19,Post_P19,1,0.6121620656617528,1
11,P19,P19,Post_P19,1,0.7376391652997515,1
11,P19,P19,Post_P19,1,0.43824021723244194,0
11,P19,P19,Post_P19,1,0.7869020113523783,1
11,P19,P19,Post_P19,1,0.33922904146980454,0
11,P19,P19,Post_P19,1,0.2622330955817928,0
11,P19,P19,Post_P19,1,0.5697486420624736,1
11,P19,P19,Post_P19,1,0.6833800852483068,1
11,P19,P19,Post_P19,1,0.6915843321557921,1
11,P19,P19,Post_P19,1,0.6258386417205665,1
11,P19,P19,Post_P19,1,0.5458005668089274,1
11,P19,P19,Post_P19,1,0.8193671930569077,1
11,P19,P19,Post_P19,1,0.8718727812395157,1
11,P19,P19,Post_P19,1,0.7660346515119663,1
11,P19,P19,Post_P19,1,0.7128228888982767,1
11,P19,P19,Post_P19,1,0.7602687475246993,1
11,P19,P19,Post_P19,1,0.44913209983073893,0
11,P19,P19,Post_P19,1,0.7875058826098912,1
11,P19,P19,Post_P19,1,0.6128907706504753,1
11,P19,P19,Post_P19,1,0.7812130396051138,1
11,P19,P19,Post_P19,1,0.7488654538647889,1
11,P19,P19,Post_P19,1,0.8288073210160427,1
11,P19,P19,Post_P19,1,0.5471824128471148,1
11,P19,P19,Post_P19,1,0.5343338617597607,1
11,P19,P19,Post_P19,1,0.6161476266546064,1
11,P19,P19,Post_P19,1,0.17312116750600037,0
11,P19,P19,Post_P19,1,0.7207837584942437,1
11,P19,P19,Post_P19,1,0.47582424009479457,0
11,P19,P19,Post_P19,1,0.34531562414843225,0
11,P19,P19,Post_P19,1,0.7269789394230105,1
11,P19,P19,Post_P19,1,0.8811325642612049,1
11,P19,P19,Post_P19,1,0.8564093566810886,1
11,P19,P19,Post_P19,1,0.7089385749077465,1
11,P19,P19,Post_P19,1,0.35838483610336885,0
11,P19,P19,Post_P19,1,0.2807804828469143,0
11,P19,P19,Post_P19,1,0.2132192588753868,0
11,P19,P19,Post_P19,1,0.6649803553270094,1
11,P19,P19,Post_P19,1,0.6268523176604441,1
11,P19,P19,Post_P19,1,0.7727784031559725,1
11,P19,P19,Post_P19,1,0.5568457275997519,1
11,P19,P19,Post_P19,1,0.6521033002940658,1
11,P19,P19,Post_P19,1,0.516899345410532,1
11,P19,P19,Post_P19,1,0.7706444968193232,1
11,P19,P19,Post_P19,1,0.5080715012696065,1
11,P19,P19,Post_P19,1,0.5147404897461737,1
11,P19,P19,Post_P19,1,0.7587653191945213,1
11,P19,P19,Post_P19,1,0.48063975853886703,0
11,P19,P19,Post_P19,1,0.828668132951063,1
11,P19,P19,Post_P19,1,0.7936295773371215,1
12,P2,P2,Pre_P2,0,0.6880614774789565,1
12,P2,P2,Pre_P2,0,0.3398814537774396,0
12,P2,P2,Pre_P2,0,0.411755837310322,0
12,P2,P2,Pre_P2,0,0.2608769583470081,0
12,P2,P2,Pre_P2,0,0.21732797977676194,0
12,P2,P2,Pre_P2,0,0.1563284426991692,0
12,P2,P2,Pre_P2,0,0.4176232423128618,0
12,P2,P2,Pre_P2,0,0.4318399196674663,0
12,P2,P2,Pre_P2,0,0.04403807165668102,0
12,P2,P2,Pre_P2,0,0.40451487758662213,0
12,P2,P2,Pre_P2,0,0.2199747268278634,0
12,P2,P2,Pre_P2,0,0.41320857973064673,0
12,P2,P2,Pre_P2,0,0.5011710455248343,1
12,P2,P2,Pre_P2,0,0.15013208989951568,0
12,P2,P2,Pre_P2,0,0.6057003429064478,1
12,P2,P2,Pre_P2,0,0.4705781997380197,0
12,P2,P2,Pre_P2,0,0.6371823449193212,1
12,P2,P2,Pre_P2,0,0.39370345211641217,0
12,P2,P2,Pre_P2,0,0.6205191759083115,1
12,P2,P2,Pre_P2,0,0.3914722635963292,0
12,P2,P2,Pre_P2,0,0.4195832505567317,0
12,P2,P2,Pre_P2,0,0.538997421241667,1
12,P2,P2,Pre_P2,0,0.3652462787474696,0
12,P2,P2,Pre_P2,0,0.1539506700129135,0
12,P2,P2,Pre_P2,0,0.6570343947081364,1
12,P2,P2,Pre_P2,0,0.8101190122033952,1
12,P2,P2,Pre_P2,0,0.4973576659524366,0
12,P2,P2,Pre_P2,0,0.24173219151209016,0
12,P2,P2,Pre_P2,0,0.41820796757728235,0
12,P2,P2,Pre_P2,0,0.3251197422986852,0
12,P2,P2,Pre_P2,0,0.6938951508103566,1
12,P2,P2,Pre_P2,0,0.1797989768086906,0
12,P2,P2,Pre_P2,0,0.09775765117950876,0
12,P2,P2,Pre_P2,0,0.3788689569437701,0
12,P2,P2,Pre_P2,0,0.49123006010855186,0
12,P2,P2,Pre_P2,0,0.39850840939359655,0
12,P2,P2,Pre_P2,0,0.2312984678967123,0
12,P2,P2,Pre_P2,0,0.5432169793746728,1
12,P2,P2,Pre_P2,0,0.2843781894179104,0
12,P2,P2,Pre_P2,0,0.33571842558393633,0
12,P2,P2,Pre_P2,0,0.44032063096476737,0
12,P2,P2,Pre_P2,0,0.31148704915480463,0
12,P2,P2,Pre_P2,0,0.4223112737786395,0
12,P2,P2,Pre_P2,0,0.45816488047551107,0
12,P2,P2,Pre_P2,0,0.3420119944572386,0
12,P2,P2,Pre_P2,0,0.38840353197704736,0
12,P2,P2,Pre_P2,0,0.5548671701045272,1
12,P2,P2,Pre_P2,0,0.2442801083891715,0
12,P2,P2,Pre_P2,0,0.4831280379590082,0
12,P2,P2,Pre_P2,0,0.6316977476406633,1
12,P2,P2,Pre_P2,0,0.7418180942688535,1
12,P2,P2,Pre_P2,0,0.5739226230357206,1
12,P2,P2,Pre_P2,0,0.4190179569632843,0
12,P2,P2,Pre_P2,0,0.4105153611791308,0
12,P2,P2,Pre_P2,0,0.519231719787289,1
12,P2,P2,Pre_P2,0,0.44685516810040654,0
12,P2,P2,Pre_P2,0,0.36021392148074727,0
12,P2,P2,Pre_P2,0,0.52838276745068,1
12,P2,P2,Pre_P2,0,0.4468471203673028,0
12,P2,P2,Pre_P2,0,0.3621784528459944,0
12,P2,P2,Pre_P2,0,0.4277495811110531,0
12,P2,P2,Pre_P2,0,0.45935900985920164,0
12,P2,P2,Pre_P2,0,0.5078245524781745,1
12,P2,P2,Pre_P2,0,0.4974486188217522,0
12,P2,P2,Pre_P2,0,0.49933406271684017,0
12,P2,P2,Pre_P2,0,0.35928055467591,0
12,P2,P2,Pre_P2,0,0.38270477607567155,0
12,P2,P2,Pre_P2,0,0.0222073267250398,0
12,P2,P2,Pre_P2,0,0.4451556489749341,0
12,P2,P2,Pre_P2,0,0.35718363073343434,0
12,P2,P2,Pre_P2,0,0.25168911547790224,0
12,P2,P2,Pre_P2,0,0.7267956023484833,1
12,P2,P2,Pre_P2,0,0.6120184279938693,1
12,P2,P2,Pre_P2,0,0.48322369536204746,0
12,P2,P2,Pre_P2,0,0.34371308947172247,0
12,P2,P2,Pre_P2,0,0.4753048488095133,0
12,P2,P2,Pre_P2,0,0.4463213626114548,0
12,P2,P2,Pre_P2,0,0.22969556389940812,0
12,P2,P2,Pre_P2,0,0.21360568834291738,0
12,P2,P2,Pre_P2,0,0.4601878145268512,0
12,P2,P2,Pre_P2,0,0.40318009430294854,0
12,P2,P2,Pre_P2,0,0.43849466675358734,0
12,P2,P2,Pre_P2,0,0.8159042225983519,1
12,P2,P2,Pre_P2,0,0.07580928493718916,0
12,P2,P2,Pre_P2,0,0.30687657957438375,0
12,P2,P2,Pre_P2,0,0.5845805834804019,1
12,P2,P2,Pre_P2,0,0.11862748956298236,0
12,P2,P2,Pre_P2,0,0.3639466580359875,0
12,P2,P2,Pre_P2,0,0.33588184009359673,0
12,P2,P2,Pre_P2,0,0.46497289146104664,0
12,P2,P2,Pre_P2,0,0.21906503466634394,0
12,P2,P2,Pre_P2,0,0.1764089906438286,0
12,P2,P2,Pre_P2,0,0.5047339829686939,1
12,P2,P2,Pre_P2,0,0.39280897786657154,0
12,P2,P2,Pre_P2,0,0.44476216761705173,0
12,P2,P2,Pre_P2,0,0.39986875690600027,0
12,P2,P2,Pre_P2,0,0.2863873256736068,0
12,P2,P2,Pre_P2,0,0.14541225070706734,0
12,P2,P2,Pre_P2,0,0.47202590980135756,0
12,P2,P2,Pre_P2,0,0.2119783762260328,0
12,P2,P2,Pre_P2,0,0.6619865894849464,1
12,P2,P2,Pre_P2,0,0.6819068333236716,1
12,P2,P2,Pre_P2,0,0.4901729615934754,0
12,P2,P2,Pre_P2,0,0.2595901163890319,0
12,P2,P2,Pre_P2,0,0.4271601275809508,0
12,P2,P2,Pre_P2,0,0.1651311207764574,0
12,P2,P2,Pre_P2,0,0.38818753425873037,0
12,P2,P2,Pre_P2,0,0.2146237331605535,0
12,P2,P2,Pre_P2,0,0.4893799224027571,0
12,P2,P2,Pre_P2,0,0.43066003822902554,0
12,P2,P2,Pre_P2,0,0.27010275245506826,0
12,P2,P2,Pre_P2,0,0.3927543425778428,0
12,P2,P2,Pre_P2,0,0.3712162944127815,0
12,P2,P2,Pre_P2,0,0.27121627244835983,0
12,P2,P2,Pre_P2,0,0.46978901753944013,0
12,P2,P2,Pre_P2,0,0.6154344577651132,1
12,P2,P2,Pre_P2,0,0.6507544450403198,1
12,P2,P2,Pre_P2,0,0.1471082467897661,0
12,P2,P2,Pre_P2,0,0.3360729874158279,0
12,P2,P2,Pre_P2,0,0.1996083164407361,0
12,P2,P2,Pre_P2,0,0.58609958246827,1
12,P2,P2,Pre_P2,0,0.3890660379536158,0
12,P2,P2,Pre_P2,0,0.36568157112436916,0
12,P2,P2,Pre_P2,0,0.45510548429933756,0
12,P2,P2,Pre_P2,0,0.2986781676902352,0
12,P2,P2,Pre_P2,0,0.2980870214902565,0
12,P2,P2,Pre_P2,0,0.48390570088022,0
12,P2,P2,Pre_P2,0,0.25325239132191224,0
12,P2,P2,Pre_P2,0,0.531366722059625,1
12,P2,P2,Pre_P2,0,0.47368158769891866,0
12,P2,P2,Pre_P2,0,0.4941142682133143,0
12,P2,P2,Pre_P2,0,0.5106536143497332,1
12,P2,P2,Pre_P2,0,0.549204379130738,1
12,P2,P2,Pre_P2,0,0.27582385467652426,0
12,P2,P2,Pre_P2,0,0.5564439727262187,1
12,P2,P2,Pre_P2,0,0.532076084670058,1
12,P2,P2,Pre_P2,0,0.2818255469562171,0
12,P2,P2,Pre_P2,0,0.5803489982766451,1
12,P2,P2,Pre_P2,0,0.3488781040360257,0
12,P2,P2,Pre_P2,0,0.4105928143243199,0
12,P2,P2,Pre_P2,0,0.4829162346665128,0
12,P2,P2,Pre_P2,0,0.6469658936511831,1
12,P2,P2,Pre_P2,0,0.5573426566030345,1
12,P2,P2,Pre_P2,0,0.35433275096032973,0
12,P2,P2,Pre_P2,0,0.47774581480489414,0
12,P2,P2,Pre_P2,0,0.25937992517651526,0
12,P2,P2,Pre_P2,0,0.6155254920831448,1
12,P2,P2,Pre_P2,0,0.709936264676067,1
12,P2,P2,Pre_P2,0,0.13846477006339702,0
12,P2,P2,Pre_P2,0,0.3463402908181234,0
12,P2,P2,Pre_P2,0,0.3994174071687395,0
12,P2,P2,Pre_P2,0,0.2616695595182029,0
12,P2,P2,Pre_P2,0,0.1820612644903301,0
12,P2,P2,Pre_P2,0,0.02432990045105965,0
12,P2,P2,Pre_P2,0,0.40463055157381567,0
12,P2,P2,Pre_P2,0,0.5967985309260317,1
12,P2,P2,Pre_P2,0,0.39808576694568376,0
12,P2,P2,Pre_P2,0,0.47234716884618244,0
12,P2,P2,Pre_P2,0,0.13774138540056222,0
12,P2,P2,Pre_P2,0,0.5189536765003948,1
12,P2,P2,Pre_P2,0,0.3781504472044195,0
12,P2,P2,Pre_P2,0,0.25912223349578756,0
12,P2,P2,Pre_P2,0,0.13016152825969596,0
12,P2,P2,Pre_P2,0,0.44603551985933376,0
12,P2,P2,Pre_P2,0,0.16253160093464947,0
12,P2,P2,Pre_P2,0,0.2303345191497628,0
12,P2,P2,Pre_P2,0,0.6613912941856677,1
12,P2,P2,Pre_P2,0,0.4304409758842801,0
12,P2,P2,Pre_P2,0,0.40896393500880474,0
12,P2,P2,Pre_P2,0,0.06356582602661584,0
12,P2,P2,Pre_P2,0,0.32145131695158613,0
12,P2,P2,Pre_P2,0,0.680257505648885,1
12,P2,P2,Pre_P2,0,0.30119655011403734,0
12,P2,P2,Pre_P2,0,0.24301729068708525,0
12,P2,P2,Pre_P2,0,0.2945396681910057,0
12,P2,P2,Pre_P2,0,0.23845811754095822,0
12,P2,P2,Pre_P2,0,0.5140756215098325,1
12,P2,P2,Pre_P2,0,0.478043772851326,0
12,P2,P2,Pre_P2,0,0.29890109121331565,0
12,P2,P2,Pre_P2,0,0.3720934738574137,0
12,P2,P2,Pre_P2,0,0.16194857280264685,0
12,P2,P2,Pre_P2,0,0.25185960582411987,0
12,P2,P2,Pre_P2,0,0.2719015696739327,0
12,P2,P2,Pre_P2,0,0.4115947501974607,0
12,P2,P2,Pre_P2,0,0.5606663108959565,1
12,P2,P2,Pre_P2,0,0.4735825295171446,0
12,P2,P2,Pre_P2,0,0.45769979791077026,0
12,P2,P2,Pre_P2,0,0.29570705423438054,0
12,P2,P2,Pre_P2,0,0.7903413898402697,1
12,P2,P2,Pre_P2,0,0.3786243209800317,0
12,P2,P2,Pre_P2,0,0.10996130998161559,0
12,P2,P2,Pre_P2,0,0.36568178315564837,0
12,P2,P2,Pre_P2,0,0.24278243982518777,0
12,P2,P2,Pre_P2,0,0.2786800353819158,0
12,P2,P2,Pre_P2,0,0.8782127058548591,1
12,P2,P2,Pre_P2,0,0.16634208875095918,0
12,P2,P2,Pre_P2,0,0.44659406741752267,0
12,P2,P2,Pre_P2,0,0.5771373290090998,1
12,P2,P2,Pre_P2,0,0.24173423591777574,0
12,P2,P2,Pre_P2,0,0.747865338921022,1
12,P2,P2,Pre_P2,0,0.5922723289667821,1
12,P2,P2,Pre_P2,0,0.3913208852803056,0
12,P2,P2,Pre_P2,0,0.5892113224869298,1
12,P2,P2,Pre_P2,0,0.20065178781830129,0
12,P2,P2,Pre_P2,0,0.2601942996225071,0
12,P2,P2,Pre_P2,0,0.43029264147782204,0
12,P2,P2,Pre_P2,0,0.39611997419061,0
12,P2,P2,Pre_P2,0,0.5287754654120901,1
12,P2,P2,Pre_P2,0,0.5208162848894213,1
12,P2,P2,Pre_P2,0,0.3219135597881745,0
12,P2,P2,Pre_P2,0,0.1584846473605891,0
12,P2,P2,Pre_P2,0,0.2512349395129909,0
12,P2,P2,Pre_P2,0,0.7923924547471786,1
12,P2,P2,Pre_P2,0,0.09904429155579013,0
12,P2,P2,Pre_P2,0,0.4097056744401038,0
12,P2,P2,Pre_P2,0,0.3574570811507909,0
12,P2,P2,Pre_P2,0,0.2742856385596261,0
12,P2,P2,Pre_P2,0,0.3442771559017646,0
12,P2,P2,Pre_P2,0,0.34233860507880703,0
12,P2,P2,Pre_P2,0,0.4272020755835227,0
12,P2,P2,Pre_P2,0,0.26119235385455086,0
12,P2,P2,Pre_P2,0,0.15447073225317012,0
12,P2,P2,Pre_P2,0,0.23786062103730207,0
12,P2,P2,Pre_P2,0,0.22545350084239885,0
12,P2,P2,Pre_P2,0,0.5391425075376266,1
12,P2,P2,Pre_P2,0,0.4212410794916169,0
12,P2,P2,Pre_P2,0,0.40219437387638435,0
12,P2,P2,Pre_P2,0,0.419374896758432,0
12,P2,P2,Pre_P2,0,0.4990410286588735,0
12,P2,P2,Pre_P2,0,0.2280083494367739,0
12,P2,P2,Pre_P2,0,0.21106348184922386,0
12,P2,P2,Pre_P2,0,0.4691382953986405,0
12,P2,P2,Pre_P2,0,0.30583132013728226,0
12,P2,P2,Pre_P2,0,0.5150970085045642,1
12,P2,P2,Pre_P2,0,0.5252157791137266,1
12,P2,P2,Pre_P2,0,0.6338649785947762,1
12,P2,P2,Pre_P2,0,0.681896664354639,1
12,P2,P2,Pre_P2,0,0.3329061811144862,0
12,P2,P2,Pre_P2,0,0.45736231724349147,0
12,P2,P2,Pre_P2,0,0.36118096266224686,0
12,P2,P2,Pre_P2,0,0.35884001436349255,0
12,P2,P2,Pre_P2,0,0.3657439171625056,0
12,P2,P2,Pre_P2,0,0.5908843072493654,1
12,P2,P2,Pre_P2,0,0.3760167509772274,0
12,P2,P2,Pre_P2,0,0.4017550723336201,0
12,P2,P2,Pre_P2,0,0.38423149727552075,0
12,P2,P2,Pre_P2,0,0.5017241759710416,1
12,P2,P2,Pre_P2,0,0.45637582507394425,0
12,P2,P2,Pre_P2,0,0.5039279026462604,1
12,P2,P2,Pre_P2,0,0.49902284515109735,0
12,P2,P2,Pre_P2,0,0.38530720008911945,0
12,P2,P2,Pre_P2,0,0.3074804002996358,0
12,P2,P2,Pre_P2,0,0.5903521768463587,1
12,P2,P2,Pre_P2,0,0.43861118545465866,0
12,P2,P2,Pre_P2,0,0.5451731107737954,1
12,P2,P2,Pre_P2,0,0.18265630517942152,0
12,P2,P2,Pre_P2,0,0.5383114650247308,1
12,P2,P2,Pre_P2,0,0.6615737141552123,1
12,P2,P2,Pre_P2,0,0.25422920468740706,0
12,P2,P2,Pre_P2,0,0.5464664346746471,1
12,P2,P2,Pre_P2,0,0.29964354063498044,0
12,P2,P2,Pre_P2,0,0.4312916938582198,0
12,P2,P2,Pre_P2,0,0.22879121288050827,0
12,P2,P2,Pre_P2,0,0.16837214372944206,0
12,P2,P2,Pre_P2,0,0.14159229606000628,0
12,P2,P2,Pre_P2,0,0.5199849740394754,1
12,P2,P2,Pre_P2,0,0.43957058796339077,0
12,P2,P2,Pre_P2,0,0.5613614761677777,1
12,P2,P2,Pre_P2,0,0.5133546907534946,1
12,P2,P2,Pre_P2,0,0.31294695245860826,0
12,P2,P2,Pre_P2,0,0.450833146296541,0
12,P2,P2,Pre_P2,0,0.21895861212983236,0
12,P2,P2,Pre_P2,0,0.2419267072399698,0
12,P2,P2,Pre_P2,0,0.5187459064510005,1
12,P2,P2,Pre_P2,0,0.6903867666761464,1
12,P2,P2,Pre_P2,0,0.4763830942644058,0
12,P2,P2,Pre_P2,0,0.10859469341946723,0
12,P2,P2,Pre_P2,0,0.052789975940858436,0
12,P2,P2,Pre_P2,0,0.6393901390897379,1
12,P2,P2,Pre_P2,0,0.3702353770832926,0
12,P2,P2,Pre_P2,0,0.44771893006020236,0
12,P2,P2,Pre_P2,0,0.5921634692373761,1
12,P2,P2,Pre_P2,0,0.21096963889889353,0
12,P2,P2,Pre_P2,0,0.10634628758520717,0
12,P2,P2,Pre_P2,0,0.3738531969701308,0
12,P2,P2,Pre_P2,0,0.19758751470917907,0
12,P2,P2,Pre_P2,0,0.10078098741229459,0
12,P2,P2,Pre_P2,0,0.3788777009827431,0
12,P2,P2,Pre_P2,0,0.5085557381230599,1
12,P2,P2,Pre_P2,0,0.23489351330778438,0
12,P2,P2,Pre_P2,0,0.44116170487783396,0
12,P2,P2,Pre_P2,0,0.09114335988928764,0
12,P2,P2,Pre_P2,0,0.32631533346686525,0
12,P2,P2,Pre_P2,0,0.3957222108568928,0
12,P2,P2,Pre_P2,0,0.42770653638894,0
12,P2,P2,Pre_P2,0,0.6391221880660787,1
12,P2,P2,Pre_P2,0,0.10643505185850145,0
12,P2,P2,Pre_P2,0,0.7381442770041932,1
12,P2,P2,Pre_P2,0,0.5231888939162789,1
12,P2,P2,Pre_P2,0,0.28319926963955666,0
12,P2,P2,Pre_P2,0,0.38718693539349686,0
12,P2,P2,Pre_P2,0,0.5489900197843223,1
12,P2,P2,Pre_P2,0,0.09595336203947248,0
12,P2,P2,Pre_P2,0,0.37381274485521476,0
12,P2,P2,Pre_P2,0,0.2596045318780468,0
12,P2,P2,Pre_P2,0,0.5020611990164584,1
12,P2,P2,Pre_P2,0,0.1557765815779087,0
12,P2,P2,Pre_P2,0,0.3891146124231765,0
12,P2,P2,Pre_P2,0,0.31831156705790187,0
12,P2,P2,Pre_P2,0,0.4243291647707359,0
12,P2,P2,Pre_P2,0,0.24852017116964267,0
12,P2,P2,Pre_P2,0,0.16350029647173606,0
12,P2,P2,Pre_P2,0,0.4641450042318691,0
12,P2,P2,Pre_P2,0,0.28810224583971733,0
12,P2,P2,Pre_P2,0,0.24310518852077914,0
12,P2,P2,Pre_P2,0,0.3177751007038425,0
12,P2,P2,Pre_P2,0,0.5075466335044104,1
12,P2,P2,Pre_P2,0,0.4302270207721512,0
12,P2,P2,Pre_P2,0,0.38588463400501616,0
12,P2,P2,Pre_P2,0,0.3291082367144091,0
12,P2,P2,Pre_P2,0,0.494652999072676,0
12,P2,P2,Pre_P2,0,0.27042607828166393,0
12,P2,P2,Pre_P2,0,0.2567838925523188,0
12,P2,P2,Pre_P2,0,0.11332443683750325,0
12,P2,P2,Pre_P2,0,0.4639396120610483,0
12,P2,P2,Pre_P2,0,0.6215916380972502,1
12,P2,P2,Pre_P2,0,0.7029292415857268,1
12,P2,P2,Pre_P2,0,0.29393063774559314,0
12,P2,P2,Pre_P2,0,0.5248890537053057,1
12,P2,P2,Pre_P2,0,0.6951076051138804,1
12,P2,P2,Pre_P2,0,0.43975046532634754,0
12,P2,P2,Pre_P2,0,0.3147108115655816,0
12,P2,P2,Pre_P2,0,0.22319226641412862,0
12,P2,P2,Pre_P2,0,0.26556270288656025,0
12,P2,P2,Pre_P2,0,0.23849473459639625,0
12,P2,P2,Pre_P2,0,0.6232081308927718,1
12,P2,P2,Pre_P2,0,0.3363549380426107,0
12,P2,P2,Post_P2,0,0.4945342612044105,0
12,P2,P2,Post_P2,0,0.4064553080514425,0
12,P2,P2,Post_P2,0,0.18813131065196909,0
12,P2,P2,Post_P2,0,0.2068918543508701,0
12,P2,P2,Post_P2,0,0.23156757009037945,0
12,P2,P2,Post_P2,0,0.5759744237457055,1
12,P2,P2,Post_P2,0,0.37738326879699885,0
12,P2,P2,Post_P2,0,0.35682326185421803,0
12,P2,P2,Post_P2,0,0.3984843565350064,0
12,P2,P2,Post_P2,0,0.37773387288407145,0
12,P2,P2,Post_P2,0,0.6098364489926035,1
12,P2,P2,Post_P2,0,0.45694784616310014,0
12,P2,P2,Post_P2,0,0.4740165375236933,0
12,P2,P2,Post_P2,0,0.315826016098285,0
12,P2,P2,Post_P2,0,0.5420538135967384,1
12,P2,P2,Post_P2,0,0.6484522183476833,1
12,P2,P2,Post_P2,0,0.48670949615190456,0
12,P2,P2,Post_P2,0,0.25779800949044224,0
12,P2,P2,Post_P2,0,0.5598863374985285,1
12,P2,P2,Post_P2,0,0.21533609651647237,0
12,P2,P2,Post_P2,0,0.6194437158716445,1
12,P2,P2,Post_P2,0,0.5803961610588041,1
12,P2,P2,Post_P2,0,0.7717216940218758,1
12,P2,P2,Post_P2,0,0.32895912226464435,0
12,P2,P2,Post_P2,0,0.5105549292161427,1
12,P2,P2,Post_P2,0,0.38738076564869767,0
12,P2,P2,Post_P2,0,0.5641445193058011,1
12,P2,P2,Post_P2,0,0.5492382754308647,1
12,P2,P2,Post_P2,0,0.35998159797147306,0
12,P2,P2,Post_P2,0,0.3433755065265273,0
12,P2,P2,Post_P2,0,0.6340255955974469,1
12,P2,P2,Post_P2,0,0.07318934158868266,0
12,P2,P2,Post_P2,0,0.5761851210058688,1
12,P2,P2,Post_P2,0,0.18649913284644146,0
12,P2,P2,Post_P2,0,0.25329594134574557,0
12,P2,P2,Post_P2,0,0.26291883885333717,0
12,P2,P2,Post_P2,0,0.48821389763970435,0
12,P2,P2,Post_P2,0,0.6639152680747401,1
12,P2,P2,Post_P2,0,0.4636352473118127,0
12,P2,P2,Post_P2,0,0.5375499221041403,1
12,P2,P2,Post_P2,0,0.5812728927764274,1
12,P2,P2,Post_P2,0,0.23207522683620674,0
12,P2,P2,Post_P2,0,0.26996963862733353,0
12,P2,P2,Post_P2,0,0.44005829987860157,0
12,P2,P2,Post_P2,0,0.31179271376883944,0
12,P2,P2,Post_P2,0,0.4122841197423328,0
12,P2,P2,Post_P2,0,0.29887222505001904,0
12,P2,P2,Post_P2,0,0.4687351407824093,0
12,P2,P2,Post_P2,0,0.3567929057797219,0
12,P2,P2,Post_P2,0,0.3625007670361849,0
12,P2,P2,Post_P2,0,0.7811395422096922,1
12,P2,P2,Post_P2,0,0.42954560865672414,0
12,P2,P2,Post_P2,0,0.49783466679193616,0
12,P2,P2,Post_P2,0,0.35827785110925314,0
12,P2,P2,Post_P2,0,0.426268667110918,0
12,P2,P2,Post_P2,0,0.3660108513676238,0
12,P2,P2,Post_P2,0,0.592388798284747,1
12,P2,P2,Post_P2,0,0.3720553155785213,0
12,P2,P2,Post_P2,0,0.37963665075030384,0
12,P2,P2,Post_P2,0,0.4217071144057634,0
12,P2,P2,Post_P2,0,0.4823062352131061,0
12,P2,P2,Post_P2,0,0.335406404739093,0
12,P2,P2,Post_P2,0,0.6080287563908594,1
12,P2,P2,Post_P2,0,0.3065839992611122,0
12,P2,P2,Post_P2,0,0.31494188940634016,0
12,P2,P2,Post_P2,0,0.7030304045074992,1
12,P2,P2,Post_P2,0,0.24000271453389097,0
12,P2,P2,Post_P2,0,0.18998309102261798,0
12,P2,P2,Post_P2,0,0.12531081677758332,0
12,P2,P2,Post_P2,0,0.2117474814232992,0
12,P2,P2,Post_P2,0,0.3407407932726296,0
12,P2,P2,Post_P2,0,0.4145103882815821,0
12,P2,P2,Post_P2,0,0.5323604279024705,1
12,P2,P2,Post_P2,0,0.4931079462318821,0
12,P2,P2,Post_P2,0,0.5470800911428663,1
12,P2,P2,Post_P2,0,0.5113418782410725,1
12,P2,P2,Post_P2,0,0.044814903964509156,0
12,P2,P2,Post_P2,0,0.41832109657716854,0
12,P2,P2,Post_P2,0,0.4780062181205769,0
12,P2,P2,Post_P2,0,0.633881209153257,1
12,P2,P2,Post_P2,0,0.44655371061863486,0
12,P2,P2,Post_P2,0,0.5333669052220886,1
12,P2,P2,Post_P2,0,0.6706225633840185,1
12,P2,P2,Post_P2,0,0.4435005716975255,0
12,P2,P2,Post_P2,0,0.6877204825619954,1
12,P2,P2,Post_P2,0,0.44998337172230185,0
12,P2,P2,Post_P2,0,0.5009921805867508,1
12,P2,P2,Post_P2,0,0.5771385684571048,1
12,P2,P2,Post_P2,0,0.37003273733736125,0
12,P2,P2,Post_P2,0,0.11385355535538084,0
12,P2,P2,Post_P2,0,0.26301757134618614,0
12,P2,P2,Post_P2,0,0.049330108832267745,0
12,P2,P2,Post_P2,0,0.4318855890366177,0
12,P2,P2,Post_P2,0,0.4227250319063344,0
12,P2,P2,Post_P2,0,0.07115681555763727,0
12,P2,P2,Post_P2,0,0.6664456481746642,1
12,P2,P2,Post_P2,0,0.35403264388209377,0
12,P2,P2,Post_P2,0,0.2042473339480442,0
12,P2,P2,Post_P2,0,0.5511888937510798,1
12,P2,P2,Post_P2,0,0.45832300777001556,0
12,P2,P2,Post_P2,0,0.23623310250098775,0
12,P2,P2,Post_P2,0,0.5785542301774314,1
12,P2,P2,Post_P2,0,0.25137450095774627,0
12,P2,P2,Post_P2,0,0.32300528178768645,0
12,P2,P2,Post_P2,0,0.2871181521324333,0
12,P2,P2,Post_P2,0,0.47874854171412545,0
12,P2,P2,Post_P2,0,0.5395411935584417,1
12,P2,P2,Post_P2,0,0.2935205449719685,0
12,P2,P2,Post_P2,0,0.5503436383289934,1
12,P2,P2,Post_P2,0,0.36711015618558057,0
12,P2,P2,Post_P2,0,0.49519811042562384,0
12,P2,P2,Post_P2,0,0.5861161382606406,1
12,P2,P2,Post_P2,0,0.09278239212804958,0
12,P2,P2,Post_P2,0,0.3081545538414417,0
12,P2,P2,Post_P2,0,0.6481367776050794,1
12,P2,P2,Post_P2,0,0.3836923748545371,0
12,P2,P2,Post_P2,0,0.4284844824320157,0
12,P2,P2,Post_P2,0,0.19922164846203408,0
12,P2,P2,Post_P2,0,0.25471148613150085,0
12,P2,P2,Post_P2,0,0.5404599350599539,1
12,P2,P2,Post_P2,0,0.3100344583788113,0
12,P2,P2,Post_P2,0,0.2756229648283488,0
12,P2,P2,Post_P2,0,0.8688430883720003,1
12,P2,P2,Post_P2,0,0.39110553363085415,0
12,P2,P2,Post_P2,0,0.3682119828376041,0
12,P2,P2,Post_P2,0,0.39494927870018437,0
12,P2,P2,Post_P2,0,0.34437070655539676,0
12,P2,P2,Post_P2,0,0.11352148193833198,0
12,P2,P2,Post_P2,0,0.5012993317187777,1
12,P2,P2,Post_P2,0,0.3149810348364342,0
12,P2,P2,Post_P2,0,0.3513344445935327,0
12,P2,P2,Post_P2,0,0.504961293906225,1
12,P2,P2,Post_P2,0,0.30738255103043943,0
12,P2,P2,Post_P2,0,0.5755452139242294,1
12,P2,P2,Post_P2,0,0.43012543561299144,0
12,P2,P2,Post_P2,0,0.38668273180945506,0
12,P2,P2,Post_P2,0,0.2584217733948059,0
12,P2,P2,Post_P2,0,0.5690961766113721,1
12,P2,P2,Post_P2,0,0.23986388722803836,0
12,P2,P2,Post_P2,0,0.7640379038888923,1
12,P2,P2,Post_P2,0,0.5171897712601836,1
12,P2,P2,Post_P2,0,0.5050972686711358,1
12,P2,P2,Post_P2,0,0.4768977767683962,0
12,P2,P2,Post_P2,0,0.7072602668683924,1
12,P2,P2,Post_P2,0,0.3440900251045164,0
12,P2,P2,Post_P2,0,0.6096885681162661,1
12,P2,P2,Post_P2,0,0.5141658222770233,1
12,P2,P2,Post_P2,0,0.4544832821964704,0
12,P2,P2,Post_P2,0,0.18688987486788605,0
12,P2,P2,Post_P2,0,0.5885048663065167,1
12,P2,P2,Post_P2,0,0.5013913443226005,1
12,P2,P2,Post_P2,0,0.44494018975129385,0
12,P2,P2,Post_P2,0,0.4826075098148694,0
12,P2,P2,Post_P2,0,0.4496788150503665,0
12,P2,P2,Post_P2,0,0.9577181522539726,1
12,P2,P2,Post_P2,0,0.7832879116990327,1
12,P2,P2,Post_P2,0,0.3292132502114369,0
12,P2,P2,Post_P2,0,0.6847877593968301,1
12,P2,P2,Post_P2,0,0.34172200078592513,0
12,P2,P2,Post_P2,0,0.21415906351557498,0
12,P2,P2,Post_P2,0,0.29224538391097654,0
12,P2,P2,Post_P2,0,0.397102532091924,0
12,P2,P2,Post_P2,0,0.38498587303901827,0
12,P2,P2,Post_P2,0,0.20797646027005318,0
12,P2,P2,Post_P2,0,0.36595799613141533,0
12,P2,P2,Post_P2,0,0.6601686843233746,1
12,P2,P2,Post_P2,0,0.451017552936287,0
12,P2,P2,Post_P2,0,0.46724319112799184,0
12,P2,P2,Post_P2,0,0.6140514416938958,1
12,P2,P2,Post_P2,0,0.49947286673323504,0
12,P2,P2,Post_P2,0,0.49262310570711704,0
12,P2,P2,Post_P2,0,0.19772769266855,0
12,P2,P2,Post_P2,0,0.3803022676668543,0
12,P2,P2,Post_P2,0,0.8053609019197943,1
12,P2,P2,Post_P2,0,0.36641643148042613,0
12,P2,P2,Post_P2,0,0.11802829000498496,0
12,P2,P2,Post_P2,0,0.7343726666636253,1
12,P2,P2,Post_P2,0,0.2739312772660541,0
12,P2,P2,Post_P2,0,0.5685126386162562,1
12,P2,P2,Post_P2,0,0.21073183012289431,0
12,P2,P2,Post_P2,0,0.1471385735445998,0
12,P2,P2,Post_P2,0,0.21780580198597535,0
12,P2,P2,Post_P2,0,0.4447969981899221,0
12,P2,P2,Post_P2,0,0.2242110265902209,0
12,P2,P2,Post_P2,0,0.285330382605733,0
12,P2,P2,Post_P2,0,0.4448650849797245,0
12,P2,P2,Post_P2,0,0.21990046056583726,0
12,P2,P2,Post_P2,0,0.39384704825173517,0
12,P2,P2,Post_P2,0,0.6680653904564383,1
12,P2,P2,Post_P2,0,0.5462136059807352,1
12,P2,P2,Post_P2,0,0.6128284834354224,1
12,P2,P2,Post_P2,0,0.3284704224633134,0
12,P2,P2,Post_P2,0,0.45320671311490224,0
12,P2,P2,Post_P2,0,0.24119988041691218,0
12,P2,P2,Post_P2,0,0.36621877604189146,0
12,P2,P2,Post_P2,0,0.3608187427934087,0
12,P2,P2,Post_P2,0,0.2705357418580735,0
12,P2,P2,Post_P2,0,0.13740391272842473,0
12,P2,P2,Post_P2,0,0.3273702027526244,0
12,P2,P2,Post_P2,0,0.44742889709321787,0
12,P2,P2,Post_P2,0,0.37258046102446524,0
12,P2,P2,Post_P2,0,0.22961733541178742,0
12,P2,P2,Post_P2,0,0.2622898713495533,0
12,P2,P2,Post_P2,0,0.8564438383964939,1
12,P2,P2,Post_P2,0,0.5647294193948484,1
12,P2,P2,Post_P2,0,0.418351762040095,0
12,P2,P2,Post_P2,0,0.42142947895788346,0
12,P2,P2,Post_P2,0,0.2553437999540559,0
12,P2,P2,Post_P2,0,0.7224785628842487,1
12,P2,P2,Post_P2,0,0.37710055104801826,0
12,P2,P2,Post_P2,0,0.1311522668194922,0
12,P2,P2,Post_P2,0,0.5100830456260949,1
12,P2,P2,Post_P2,0,0.5624801405580304,1
12,P2,P2,Post_P2,0,0.46260030136917707,0
12,P2,P2,Post_P2,0,0.3214568457978122,0
12,P2,P2,Post_P2,0,0.12341583746425117,0
12,P2,P2,Post_P2,0,0.27419893761256603,0
12,P2,P2,Post_P2,0,0.591104047985216,1
12,P2,P2,Post_P2,0,0.2724365304795555,0
12,P2,P2,Post_P2,0,0.44801484289232996,0
12,P2,P2,Post_P2,0,0.4705402047921712,0
12,P2,P2,Post_P2,0,0.3033550640499643,0
12,P2,P2,Post_P2,0,0.28370586427480915,0
12,P2,P2,Post_P2,0,0.27589133989565756,0
12,P2,P2,Post_P2,0,0.48671908229020694,0
12,P2,P2,Post_P2,0,0.4538760834164906,0
12,P2,P2,Post_P2,0,0.16861085439660387,0
12,P2,P2,Post_P2,0,0.35952063453920735,0
12,P2,P2,Post_P2,0,0.267442378723435,0
12,P2,P2,Post_P2,0,0.6204025297521187,1
12,P2,P2,Post_P2,0,0.7611416937017533,1
12,P2,P2,Post_P2,0,0.38989674814339975,0
12,P2,P2,Post_P2,0,0.4982655319229642,0
12,P2,P2,Post_P2,0,0.5912237523307025,1
12,P2,P2,Post_P2,0,0.37031582452692036,0
12,P2,P2,Post_P2,0,0.27641192456902564,0
12,P2,P2,Post_P2,0,0.29615465739476987,0
12,P2,P2,Post_P2,0,0.36500774026449767,0
12,P2,P2,Post_P2,0,0.5923241767893628,1
12,P2,P2,Post_P2,0,0.4007526038141185,0
12,P2,P2,Post_P2,0,0.43498113270418864,0
12,P2,P2,Post_P2,0,0.6703620345910664,1
12,P2,P2,Post_P2,0,0.33805064909456317,0
12,P2,P2,Post_P2,0,0.3006112665069036,0
12,P2,P2,Post_P2,0,0.4216101030617866,0
12,P2,P2,Post_P2,0,0.6233315035899374,1
12,P2,P2,Post_P2,0,0.3332031977057082,0
12,P2,P2,Post_P2,0,0.5278011140961214,1
12,P2,P2,Post_P2,0,0.25542933452955663,0
12,P2,P2,Post_P2,0,0.5062685839152242,1
12,P2,P2,Post_P2,0,0.583857996060962,1
12,P2,P2,Post_P2,0,0.3101620334307743,0
12,P2,P2,Post_P2,0,0.2663572266957337,0
12,P2,P2,Post_P2,0,0.5736911544864228,1
12,P2,P2,Post_P2,0,0.4715277168725861,0
12,P2,P2,Post_P2,0,0.3952183443684418,0
12,P2,P2,Post_P2,0,0.4313590822494791,0
12,P2,P2,Post_P2,0,0.4339333511788852,0
12,P2,P2,Post_P2,0,0.5957151448435695,1
12,P2,P2,Post_P2,0,0.26177537722063643,0
12,P2,P2,Post_P2,0,0.289914585384199,0
12,P2,P2,Post_P2,0,0.4622113285095195,0
12,P2,P2,Post_P2,0,0.18449870930859866,0
12,P2,P2,Post_P2,0,0.2605594495592276,0
12,P2,P2,Post_P2,0,0.22229831202032493,0
12,P2,P2,Post_P2,0,0.6777558765823657,1
12,P2,P2,Post_P2,0,0.3812245001911146,0
12,P2,P2,Post_P2,0,0.45769331541708863,0
12,P2,P2,Post_P2,0,0.4972446450169981,0
12,P2,P2,Post_P2,0,0.2994197329476771,0
12,P2,P2,Post_P2,0,0.34771136229343197,0
12,P2,P2,Post_P2,0,0.5667650538444048,1
12,P2,P2,Post_P2,0,0.5880308201752086,1
12,P2,P2,Post_P2,0,0.5922659002856003,1
12,P2,P2,Post_P2,0,0.27415718313186305,0
12,P2,P2,Post_P2,0,0.42023350372615803,0
12,P2,P2,Post_P2,0,0.5891499416061313,1
12,P2,P2,Post_P2,0,0.11002166736449676,0
12,P2,P2,Post_P2,0,0.5731465938561181,1
12,P2,P2,Post_P2,0,0.2817651843494124,0
12,P2,P2,Post_P2,0,0.4696647902033997,0
12,P2,P2,Post_P2,0,0.2776693085973064,0
12,P2,P2,Post_P2,0,0.3322331141460134,0
12,P2,P2,Post_P2,0,0.5510380129795693,1
12,P2,P2,Post_P2,0,0.39606531731884836,0
12,P2,P2,Post_P2,0,0.32581611439126545,0
12,P2,P2,Post_P2,0,0.334705377231382,0
12,P2,P2,Post_P2,0,0.2913981431682455,0
12,P2,P2,Post_P2,0,0.5182162172595621,1
12,P2,P2,Post_P2,0,0.34861241630224654,0
12,P2,P2,Post_P2,0,0.4334861262621226,0
12,P2,P2,Post_P2,0,0.40408744284245707,0
12,P2,P2,Post_P2,0,0.5977131074500206,1
12,P2,P2,Post_P2,0,0.4611132606155775,0
12,P2,P2,Post_P2,0,0.2508858175443348,0
12,P2,P2,Post_P2,0,0.583305944046513,1
12,P2,P2,Post_P2,0,0.28809203243981374,0
12,P2,P2,Post_P2,0,0.6245426574350478,1
12,P2,P2,Post_P2,0,0.4887465334861695,0
12,P2,P2,Post_P2,0,0.3377989585450871,0
12,P2,P2,Post_P2,0,0.34549882128510534,0
12,P2,P2,Post_P2,0,0.5521249583555669,1
12,P2,P2,Post_P2,0,0.46965183228790786,0
12,P2,P2,Post_P2,0,0.5397032458933039,1
12,P2,P2,Post_P2,0,0.7966353362128931,1
12,P2,P2,Post_P2,0,0.19792376816141802,0
12,P2,P2,Post_P2,0,0.5839874973008818,1
12,P2,P2,Post_P2,0,0.37202684608838676,0
12,P2,P2,Post_P2,0,0.33620430648204924,0
12,P2,P2,Post_P2,0,0.7145482987879737,1
12,P2,P2,Post_P2,0,0.47277071365795326,0
12,P2,P2,Post_P2,0,0.7849409830525071,1
12,P2,P2,Post_P2,0,0.7645306744680476,1
12,P2,P2,Post_P2,0,0.6648374205337901,1
12,P2,P2,Post_P2,0,0.5098488195993665,1
12,P2,P2,Post_P2,0,0.49997974418209146,0
12,P2,P2,Post_P2,0,0.5984913298384785,1
12,P2,P2,Post_P2,0,0.34666406639438413,0
12,P2,P2,Post_P2,0,0.4657579451370474,0
12,P2,P2,Post_P2,0,0.6048276061457535,1
12,P2,P2,Post_P2,0,0.5817446979676077,1
12,P2,P2,Post_P2,0,0.3507986734873028,0
12,P2,P2,Post_P2,0,0.542904731500243,1
12,P2,P2,Post_P2,0,0.5834215432818602,1
12,P2,P2,Post_P2,0,0.4683934803343272,0
12,P2,P2,Post_P2,0,0.661843064115691,1
12,P2,P2,Post_P2,0,0.8353563495730959,1
12,P2,P2,Post_P2,0,0.34330987147652164,0
12,P2,P2,Post_P2,0,0.7454893734950829,1
12,P2,P2,Post_P2,0,0.4449658877428594,0
12,P2,P2,Post_P2,0,0.5563064338138107,1
12,P2,P2,Post_P2,0,0.7263046441799035,1
12,P2,P2,Post_P2,0,0.5110577758009477,1
12,P2,P2,Post_P2,0,0.6282975056912884,1
12,P2,P2,Post_P2,0,0.47135289951999465,0
12,P2,P2,Post_P2,0,0.6222755785565263,1
12,P2,P2,Post_P2,0,0.49617916224077546,0
12,P2,P2,Post_P2,0,0.5969450410697086,1
12,P2,P2,Post_P2,0,0.30436295636974336,0
12,P2,P2,Post_P2,0,0.656553707977354,1
12,P2,P2,Post_P2,0,0.7463463362368498,1
12,P2,P2,Post_P2,0,0.6176135541504516,1
12,P2,P2,Post_P2,0,0.6934287720174722,1
12,P2,P2,Post_P2,0,0.7452877555435947,1
12,P2,P2,Post_P2,0,0.6110127061716925,1
12,P2,P2,Post_P2,0,0.11875329346303506,0
12,P2,P2,Post_P2,0,0.6894236321581767,1
12,P2,P2,Post_P2,0,0.45323598963157974,0
12,P2,P2,Post_P2,0,0.7469460072405099,1
12,P2,P2,Post_P2,0,0.20574034043719572,0
12,P2,P2,Post_P2,0,0.7526345546304619,1
12,P2,P2,Post_P2,0,0.834324431946587,1
12,P2,P2,Post_P2,0,0.7115479977281793,1
12,P2,P2,Post_P2,0,0.7139570322234955,1
12,P2,P2,Post_P2,0,0.6320803423049244,1
12,P2,P2,Post_P2,0,0.7972040065448432,1
12,P2,P2,Post_P2,0,0.6762246203914154,1
12,P2,P2,Post_P2,0,0.8614789926142014,1
12,P2,P2,Post_P2,0,0.6583369856336074,1
12,P2,P2,Post_P2,0,0.5398717433405849,1
12,P2,P2,Post_P2,0,0.33686237644532857,0
12,P2,P2,Post_P2,0,0.8996100520455532,1
12,P2,P2,Post_P2,0,0.7382928808516193,1
12,P2,P2,Post_P2,0,0.9277963966766083,1
12,P2,P2,Post_P2,0,0.6375525163592369,1
12,P2,P2,Post_P2,0,0.7814925321380999,1
12,P2,P2,Post_P2,0,0.6724931669976953,1
12,P2,P2,Post_P2,0,0.666519141895153,1
12,P2,P2,Post_P2,0,0.4062956803559395,0
12,P2,P2,Post_P2,0,0.6944124858740865,1
12,P2,P2,Post_P2,0,0.4272076877208202,0
12,P2,P2,Post_P2,0,0.37646251907376005,0
12,P2,P2,Post_P2,0,0.25155034899071493,0
12,P2,P2,Post_P2,0,0.5400510257624885,1
12,P2,P2,Post_P2,0,0.5873344757486729,1
12,P2,P2,Post_P2,0,0.7494931866622212,1
12,P2,P2,Post_P2,0,0.6558611484317011,1
12,P2,P2,Post_P2,0,0.709902241683522,1
12,P2,P2,Post_P2,0,0.5115068537733751,1
12,P2,P2,Post_P2,0,0.7263861001668791,1
13,P20,P20,Pre_P20,0,0.18059740347390107,0
13,P20,P20,Pre_P20,0,0.4194862611983636,0
13,P20,P20,Pre_P20,0,0.5960001986826698,1
13,P20,P20,Pre_P20,0,0.2344136877160657,0
13,P20,P20,Pre_P20,0,0.3261663848729556,0
13,P20,P20,Pre_P20,0,0.21081760665076443,0
13,P20,P20,Pre_P20,0,0.3525329038946442,0
13,P20,P20,Pre_P20,0,0.6531482960879498,1
13,P20,P20,Pre_P20,0,0.6061054308515387,1
13,P20,P20,Pre_P20,0,0.7116401965451492,1
13,P20,P20,Pre_P20,0,0.17739311767763627,0
13,P20,P20,Pre_P20,0,0.517188485201705,1
13,P20,P20,Pre_P20,0,0.4152151621145063,0
13,P20,P20,Pre_P20,0,0.4346030192816812,0
13,P20,P20,Pre_P20,0,0.4855182266799978,0
13,P20,P20,Pre_P20,0,0.24315655111599882,0
13,P20,P20,Pre_P20,0,0.40952909704769247,0
13,P20,P20,Pre_P20,0,0.2737136516623927,0
13,P20,P20,Pre_P20,0,0.3904476644899164,0
13,P20,P20,Pre_P20,0,0.4436315018795369,0
13,P20,P20,Pre_P20,0,0.34143690785506725,0
13,P20,P20,Pre_P20,0,0.42516438473314666,0
13,P20,P20,Pre_P20,0,0.3302042709634493,0
13,P20,P20,Pre_P20,0,0.18585855405777882,0
13,P20,P20,Pre_P20,0,0.06643442654822435,0
13,P20,P20,Pre_P20,0,0.2797267568692122,0
13,P20,P20,Pre_P20,0,0.49993848792674317,0
13,P20,P20,Pre_P20,0,0.08994919813322509,0
13,P20,P20,Pre_P20,0,0.40486580146375806,0
13,P20,P20,Pre_P20,0,0.12150929285450801,0
13,P20,P20,Pre_P20,0,0.5145320582349113,1
13,P20,P20,Pre_P20,0,0.40113225549687437,0
13,P20,P20,Pre_P20,0,0.7409547736121685,1
13,P20,P20,Pre_P20,0,0.8058846557148204,1
13,P20,P20,Pre_P20,0,0.22410193577640292,0
13,P20,P20,Pre_P20,0,0.7890390080976832,1
13,P20,P20,Pre_P20,0,0.4450756301578102,0
13,P20,P20,Pre_P20,0,0.39915760041074017,0
13,P20,P20,Pre_P20,0,0.6007530069418402,1
13,P20,P20,Pre_P20,0,0.6149756983700307,1
13,P20,P20,Pre_P20,0,0.3044322565992477,0
13,P20,P20,Pre_P20,0,0.345523290300208,0
13,P20,P20,Pre_P20,0,0.3112632308090768,0
13,P20,P20,Pre_P20,0,0.45454828802790864,0
13,P20,P20,Pre_P20,0,0.22984866323373485,0
13,P20,P20,Pre_P20,0,0.09352994896334697,0
13,P20,P20,Pre_P20,0,0.38239740305549663,0
13,P20,P20,Pre_P20,0,0.4876929020774568,0
13,P20,P20,Pre_P20,0,0.5632522413324946,1
13,P20,P20,Pre_P20,0,0.09312139554825542,0
13,P20,P20,Pre_P20,0,0.302590289168918,0
13,P20,P20,Pre_P20,0,0.5187451970580753,1
13,P20,P20,Pre_P20,0,0.13611193776213457,0
13,P20,P20,Pre_P20,0,0.6964543937980335,1
13,P20,P20,Pre_P20,0,0.1252482262737594,0
13,P20,P20,Pre_P20,0,0.593702083257742,1
13,P20,P20,Pre_P20,0,0.5034541788490627,1
13,P20,P20,Pre_P20,0,0.23554265159087734,0
13,P20,P20,Pre_P20,0,0.2548606478973463,0
13,P20,P20,Pre_P20,0,0.26118603114452993,0
13,P20,P20,Pre_P20,0,0.5179084389776967,1
13,P20,P20,Pre_P20,0,0.45360333706764194,0
13,P20,P20,Pre_P20,0,0.5718499732191051,1
13,P20,P20,Pre_P20,0,0.03691410782636841,0
13,P20,P20,Pre_P20,0,0.32027181160591817,0
13,P20,P20,Pre_P20,0,0.5253161538529427,1
13,P20,P20,Pre_P20,0,0.19336193691664752,0
13,P20,P20,Pre_P20,0,0.37954329119438734,0
13,P20,P20,Pre_P20,0,0.49389342227024835,0
13,P20,P20,Pre_P20,0,0.44714127398892484,0
13,P20,P20,Pre_P20,0,0.2499869520289491,0
13,P20,P20,Pre_P20,0,0.320602933451534,0
13,P20,P20,Pre_P20,0,0.44517978204040476,0
13,P20,P20,Pre_P20,0,0.3481920248033946,0
13,P20,P20,Pre_P20,0,0.057434852305888434,0
13,P20,P20,Pre_P20,0,0.44300205920173547,0
13,P20,P20,Pre_P20,0,0.5284192967140245,1
13,P20,P20,Pre_P20,0,0.5090647105536734,1
13,P20,P20,Pre_P20,0,0.3924171911973411,0
13,P20,P20,Pre_P20,0,0.0552947065394147,0
13,P20,P20,Pre_P20,0,0.31822522842044165,0
13,P20,P20,Pre_P20,0,0.3566595344303459,0
13,P20,P20,Pre_P20,0,0.23723785891287733,0
13,P20,P20,Pre_P20,0,0.7267976872486329,1
13,P20,P20,Pre_P20,0,0.3070261772289445,0
13,P20,P20,Pre_P20,0,0.3571368010261376,0
13,P20,P20,Pre_P20,0,0.20888127575201493,0
13,P20,P20,Pre_P20,0,0.4461942552541147,0
13,P20,P20,Pre_P20,0,0.16234030849731176,0
13,P20,P20,Pre_P20,0,0.4905518432488408,0
13,P20,P20,Pre_P20,0,0.40712521779077504,0
13,P20,P20,Pre_P20,0,0.046779757992394234,0
13,P20,P20,Pre_P20,0,0.2626528342902858,0
13,P20,P20,Pre_P20,0,0.5204332334095236,1
13,P20,P20,Pre_P20,0,0.5401318230368575,1
13,P20,P20,Pre_P20,0,0.5343521556230008,1
13,P20,P20,Pre_P20,0,0.8211098512793401,1
13,P20,P20,Pre_P20,0,0.055602358650395756,0
13,P20,P20,Pre_P20,0,0.29880916540275587,0
13,P20,P20,Pre_P20,0,0.4789489441925708,0
13,P20,P20,Pre_P20,0,0.23499834354249097,0
13,P20,P20,Pre_P20,0,0.3554173265708657,0
13,P20,P20,Pre_P20,0,0.4405024498279689,0
13,P20,P20,Pre_P20,0,0.5280839378297786,1
13,P20,P20,Pre_P20,0,0.062352336417008214,0
13,P20,P20,Pre_P20,0,0.3535559799788719,0
13,P20,P20,Pre_P20,0,0.5004099708361004,1
13,P20,P20,Pre_P20,0,0.4330721571037209,0
13,P20,P20,Pre_P20,0,0.22679431120131427,0
13,P20,P20,Pre_P20,0,0.44511817850478835,0
13,P20,P20,Pre_P20,0,0.6994500598186825,1
13,P20,P20,Pre_P20,0,0.21460032449091196,0
13,P20,P20,Pre_P20,0,0.4746254278518454,0
13,P20,P20,Pre_P20,0,0.03342292981532331,0
13,P20,P20,Pre_P20,0,0.548085363761418,1
13,P20,P20,Pre_P20,0,0.452942720421883,0
13,P20,P20,Pre_P20,0,0.4098915649253751,0
13,P20,P20,Pre_P20,0,0.4610490650142854,0
13,P20,P20,Pre_P20,0,0.29518823345354517,0
13,P20,P20,Pre_P20,0,0.6535960432713189,1
13,P20,P20,Pre_P20,0,0.2559564331150307,0
13,P20,P20,Pre_P20,0,0.37233907778772984,0
13,P20,P20,Pre_P20,0,0.25530563969284104,0
13,P20,P20,Pre_P20,0,0.5817108897285946,1
13,P20,P20,Pre_P20,0,0.22200654563436373,0
13,P20,P20,Pre_P20,0,0.5472579784044006,1
13,P20,P20,Pre_P20,0,0.3679672075607346,0
13,P20,P20,Pre_P20,0,0.10289794892509212,0
13,P20,P20,Pre_P20,0,0.34799040417771504,0
13,P20,P20,Pre_P20,0,0.2809785750682871,0
13,P20,P20,Pre_P20,0,0.32460823182454396,0
13,P20,P20,Pre_P20,0,0.30603429286104106,0
13,P20,P20,Pre_P20,0,0.6205854631283688,1
13,P20,P20,Pre_P20,0,0.3206970409722398,0
13,P20,P20,Pre_P20,0,0.37656319128812826,0
13,P20,P20,Pre_P20,0,0.088624472600049,0
13,P20,P20,Pre_P20,0,0.26849465068338707,0
13,P20,P20,Pre_P20,0,0.48513076599710414,0
13,P20,P20,Pre_P20,0,0.6722748137863225,1
13,P20,P20,Pre_P20,0,0.4805667676085383,0
13,P20,P20,Pre_P20,0,0.4680378067264125,0
13,P20,P20,Pre_P20,0,0.2771067180137835,0
13,P20,P20,Pre_P20,0,0.3374972798823517,0
13,P20,P20,Pre_P20,0,0.346575786204397,0
13,P20,P20,Pre_P20,0,0.07692958270316093,0
13,P20,P20,Pre_P20,0,0.1880896746933087,0
13,P20,P20,Pre_P20,0,0.6039887518159032,1
13,P20,P20,Pre_P20,0,0.3089422240560705,0
13,P20,P20,Pre_P20,0,0.03644712865725124,0
13,P20,P20,Pre_P20,0,0.48841564947029903,0
13,P20,P20,Pre_P20,0,0.35209197468747166,0
13,P20,P20,Pre_P20,0,0.453520930045737,0
13,P20,P20,Pre_P20,0,0.6187510332705131,1
13,P20,P20,Pre_P20,0,0.3385624023197343,0
13,P20,P20,Pre_P20,0,0.24101041789729163,0
13,P20,P20,Pre_P20,0,0.28743286070397733,0
13,P20,P20,Pre_P20,0,0.5338399406423899,1
13,P20,P20,Pre_P20,0,0.2658930018543651,0
13,P20,P20,Pre_P20,0,0.6342484214005542,1
13,P20,P20,Pre_P20,0,0.35087109811240474,0
13,P20,P20,Pre_P20,0,0.485266488649584,0
13,P20,P20,Pre_P20,0,0.2648192872968808,0
13,P20,P20,Pre_P20,0,0.6155728219384436,1
13,P20,P20,Pre_P20,0,0.5410035720105962,1
13,P20,P20,Pre_P20,0,0.39843957808195524,0
13,P20,P20,Pre_P20,0,0.5264210160449966,1
13,P20,P20,Pre_P20,0,0.5870620300445564,1
13,P20,P20,Pre_P20,0,0.2069773712717528,0
13,P20,P20,Pre_P20,0,0.4613481513972525,0
13,P20,P20,Pre_P20,0,0.1556921794722648,0
13,P20,P20,Pre_P20,0,0.042341120077303784,0
13,P20,P20,Pre_P20,0,0.2640552163855787,0
13,P20,P20,Pre_P20,0,0.2616162351560044,0
13,P20,P20,Pre_P20,0,0.14101491207524974,0
13,P20,P20,Pre_P20,0,0.22048327275135737,0
13,P20,P20,Pre_P20,0,0.22723920870337974,0
13,P20,P20,Pre_P20,0,0.4842092103462373,0
13,P20,P20,Pre_P20,0,0.5354093377352063,1
13,P20,P20,Pre_P20,0,0.18463617991328723,0
13,P20,P20,Pre_P20,0,0.4691965022344522,0
13,P20,P20,Pre_P20,0,0.2772603556611504,0
13,P20,P20,Pre_P20,0,0.4270203202503969,0
13,P20,P20,Pre_P20,0,0.3822365474202478,0
13,P20,P20,Pre_P20,0,0.5462176517748542,1
13,P20,P20,Pre_P20,0,0.7499201505935946,1
13,P20,P20,Pre_P20,0,0.1925259547192272,0
13,P20,P20,Pre_P20,0,0.26753508652435026,0
13,P20,P20,Pre_P20,0,0.0936651416997979,0
13,P20,P20,Pre_P20,0,0.12529711872598465,0
13,P20,P20,Pre_P20,0,0.40176308049848974,0
13,P20,P20,Pre_P20,0,0.1905760729323171,0
13,P20,P20,Pre_P20,0,0.6458580514902079,1
13,P20,P20,Pre_P20,0,0.3042686064456498,0
13,P20,P20,Pre_P20,0,0.39386689920641577,0
13,P20,P20,Pre_P20,0,0.1299434862842761,0
13,P20,P20,Pre_P20,0,0.34003264162798585,0
13,P20,P20,Pre_P20,0,0.40909587684813675,0
13,P20,P20,Pre_P20,0,0.4074414639696992,0
13,P20,P20,Pre_P20,0,0.49485153377437424,0
13,P20,P20,Pre_P20,0,0.4932328276708925,0
13,P20,P20,Pre_P20,0,0.3371640175047081,0
13,P20,P20,Pre_P20,0,0.43461022283678497,0
13,P20,P20,Pre_P20,0,0.40346841696050745,0
13,P20,P20,Pre_P20,0,0.1442354565022109,0
13,P20,P20,Pre_P20,0,0.5008156967020982,1
13,P20,P20,Pre_P20,0,0.32209176252492083,0
13,P20,P20,Pre_P20,0,0.12316586195984111,0
13,P20,P20,Pre_P20,0,0.17156734555761094,0
13,P20,P20,Pre_P20,0,0.37419425094531616,0
13,P20,P20,Pre_P20,0,0.19349713640100782,0
13,P20,P20,Pre_P20,0,0.09379992299157855,0
13,P20,P20,Pre_P20,0,0.46395635310221356,0
13,P20,P20,Pre_P20,0,0.29698436596007277,0
13,P20,P20,Pre_P20,0,0.5359153810967113,1
13,P20,P20,Pre_P20,0,0.2892517044199486,0
13,P20,P20,Pre_P20,0,0.2305724019902891,0
13,P20,P20,Pre_P20,0,0.2553210728749645,0
13,P20,P20,Pre_P20,0,0.19222527841253434,0
13,P20,P20,Pre_P20,0,0.13065770809906563,0
13,P20,P20,Pre_P20,0,0.6508182666375304,1
13,P20,P20,Pre_P20,0,0.656571252494153,1
13,P20,P20,Pre_P20,0,0.288277011036706,0
13,P20,P20,Pre_P20,0,0.27962234290117377,0
13,P20,P20,Pre_P20,0,0.4493111380384095,0
13,P20,P20,Pre_P20,0,0.06394948347587733,0
13,P20,P20,Pre_P20,0,0.39363906896926315,0
13,P20,P20,Pre_P20,0,0.30964680212432066,0
13,P20,P20,Pre_P20,0,0.18160363073158908,0
13,P20,P20,Pre_P20,0,0.43685812677551145,0
13,P20,P20,Pre_P20,0,0.6508057446923514,1
13,P20,P20,Pre_P20,0,0.3173530192458653,0
13,P20,P20,Pre_P20,0,0.2865044004563234,0
13,P20,P20,Pre_P20,0,0.4089541436722978,0
13,P20,P20,Pre_P20,0,0.25635024406185714,0
13,P20,P20,Pre_P20,0,0.7148791424113378,1
13,P20,P20,Pre_P20,0,0.35108549127068933,0
13,P20,P20,Pre_P20,0,0.6473581550835004,1
13,P20,P20,Pre_P20,0,0.7420439893638796,1
13,P20,P20,Pre_P20,0,0.16341226591984828,0
13,P20,P20,Pre_P20,0,0.28498474232431065,0
13,P20,P20,Pre_P20,0,0.21514210050185428,0
13,P20,P20,Pre_P20,0,0.3354381698972677,0
13,P20,P20,Pre_P20,0,0.51491098413136,1
13,P20,P20,Pre_P20,0,0.3152275612015906,0
13,P20,P20,Pre_P20,0,0.19157434457919417,0
13,P20,P20,Pre_P20,0,0.0755120926585031,0
13,P20,P20,Pre_P20,0,0.5542170934858814,1
13,P20,P20,Pre_P20,0,0.5704756975729132,1
13,P20,P20,Pre_P20,0,0.41431466671220796,0
13,P20,P20,Pre_P20,0,0.44283125899338754,0
13,P20,P20,Pre_P20,0,0.14401943866997072,0
13,P20,P20,Pre_P20,0,0.11621916037171764,0
13,P20,P20,Pre_P20,0,0.11764308686099942,0
13,P20,P20,Pre_P20,0,0.5793400116364247,1
13,P20,P20,Pre_P20,0,0.5926274863340173,1
13,P20,P20,Pre_P20,0,0.3527277512163116,0
13,P20,P20,Pre_P20,0,0.21757964778597272,0
13,P20,P20,Pre_P20,0,0.12588244391468162,0
13,P20,P20,Pre_P20,0,0.5809443168420038,1
13,P20,P20,Pre_P20,0,0.2871065940848973,0
13,P20,P20,Pre_P20,0,0.37587561959219595,0
13,P20,P20,Pre_P20,0,0.24176350810985198,0
13,P20,P20,Pre_P20,0,0.23962166258802206,0
13,P20,P20,Pre_P20,0,0.2954397316245921,0
13,P20,P20,Pre_P20,0,0.29185225277539345,0
13,P20,P20,Pre_P20,0,0.6056937659118088,1
13,P20,P20,Pre_P20,0,0.15414794103959467,0
13,P20,P20,Pre_P20,0,0.47274586321308915,0
13,P20,P20,Pre_P20,0,0.4395597277921743,0
13,P20,P20,Pre_P20,0,0.2993568380042867,0
13,P20,P20,Pre_P20,0,0.44165391011592575,0
13,P20,P20,Pre_P20,0,0.280297101016061,0
13,P20,P20,Pre_P20,0,0.3205028583726212,0
13,P20,P20,Pre_P20,0,0.6161764497454001,1
13,P20,P20,Pre_P20,0,0.49200876067174637,0
13,P20,P20,Pre_P20,0,0.6705024086865861,1
13,P20,P20,Pre_P20,0,0.44440518437771964,0
13,P20,P20,Pre_P20,0,0.5994357522705116,1
13,P20,P20,Pre_P20,0,0.5253740194822538,1
13,P20,P20,Pre_P20,0,0.4693735389273799,0
13,P20,P20,Pre_P20,0,0.16293883616895838,0
13,P20,P20,Pre_P20,0,0.3980742164724522,0
13,P20,P20,Pre_P20,0,0.21643290709524077,0
13,P20,P20,Pre_P20,0,0.06911124490941996,0
13,P20,P20,Pre_P20,0,0.6098176006863347,1
13,P20,P20,Pre_P20,0,0.27854384992915504,0
13,P20,P20,Pre_P20,0,0.7625524184878514,1
13,P20,P20,Pre_P20,0,0.34571039892220745,0
13,P20,P20,Pre_P20,0,0.5279400656441666,1
13,P20,P20,Pre_P20,0,0.25614616670837687,0
13,P20,P20,Pre_P20,0,0.6530536382603149,1
13,P20,P20,Pre_P20,0,0.3534682177554603,0
13,P20,P20,Pre_P20,0,0.5476921963807773,1
13,P20,P20,Pre_P20,0,0.24336185561204013,0
13,P20,P20,Pre_P20,0,0.06894613389320306,0
13,P20,P20,Pre_P20,0,0.24691997288398912,0
13,P20,P20,Pre_P20,0,0.6274826727316012,1
13,P20,P20,Pre_P20,0,0.24352848890328552,0
13,P20,P20,Pre_P20,0,0.554181078491777,1
13,P20,P20,Pre_P20,0,0.6010087113472377,1
13,P20,P20,Pre_P20,0,0.4118811215698448,0
13,P20,P20,Pre_P20,0,0.5514199460054553,1
13,P20,P20,Pre_P20,0,0.37396653540231145,0
13,P20,P20,Pre_P20,0,0.11656051415193797,0
13,P20,P20,Pre_P20,0,0.12675390354167113,0
13,P20,P20,Pre_P20,0,0.7320516126849314,1
13,P20,P20,Pre_P20,0,0.46408136061214256,0
13,P20,P20,Pre_P20,0,0.13467378043451478,0
13,P20,P20,Pre_P20,0,0.6829598120988319,1
13,P20,P20,Pre_P20,0,0.4569384509414204,0
13,P20,P20,Pre_P20,0,0.5355036971136689,1
13,P20,P20,Pre_P20,0,0.5902986222384065,1
13,P20,P20,Pre_P20,0,0.3021665167290505,0
13,P20,P20,Pre_P20,0,0.11465506808711683,0
13,P20,P20,Pre_P20,0,0.4072709394705132,0
13,P20,P20,Pre_P20,0,0.6359259661679734,1
13,P20,P20,Pre_P20,0,0.06341527304312831,0
13,P20,P20,Pre_P20,0,0.43526712774675547,0
13,P20,P20,Pre_P20,0,0.4857850036494527,0
13,P20,P20,Pre_P20,0,0.6105744551358172,1
13,P20,P20,Pre_P20,0,0.47025957412015895,0
13,P20,P20,Pre_P20,0,0.4544196113784475,0
13,P20,P20,Pre_P20,0,0.36456541448129626,0
13,P20,P20,Post_P20,0,0.7086874155913182,1
13,P20,P20,Post_P20,0,0.5999031131702524,1
13,P20,P20,Post_P20,0,0.36366663007044137,0
13,P20,P20,Post_P20,0,0.5176696338390037,1
13,P20,P20,Post_P20,0,0.38877326883198926,0
13,P20,P20,Post_P20,0,0.6962075354596762,1
13,P20,P20,Post_P20,0,0.4293046051364357,0
13,P20,P20,Post_P20,0,0.15048668897510187,0
13,P20,P20,Post_P20,0,0.01942903459722171,0
13,P20,P20,Post_P20,0,0.2420618945741481,0
13,P20,P20,Post_P20,0,0.2779874128435539,0
13,P20,P20,Post_P20,0,0.28816646391842576,0
13,P20,P20,Post_P20,0,0.5075579101591853,1
13,P20,P20,Post_P20,0,0.41647699536295724,0
13,P20,P20,Post_P20,0,0.13009639297156325,0
13,P20,P20,Post_P20,0,0.2663180789830578,0
13,P20,P20,Post_P20,0,0.5317202424473924,1
13,P20,P20,Post_P20,0,0.3647703398332454,0
13,P20,P20,Post_P20,0,0.408614186366556,0
13,P20,P20,Post_P20,0,0.11765600559760314,0
13,P20,P20,Post_P20,0,0.2658630379310123,0
13,P20,P20,Post_P20,0,0.35337676454903055,0
13,P20,P20,Post_P20,0,0.1269035063338582,0
13,P20,P20,Post_P20,0,0.6325351824974941,1
13,P20,P20,Post_P20,0,0.40645931178906186,0
13,P20,P20,Post_P20,0,0.4749069225708393,0
13,P20,P20,Post_P20,0,0.3912595014520481,0
13,P20,P20,Post_P20,0,0.2069951586335216,0
13,P20,P20,Post_P20,0,0.34636506858064997,0
13,P20,P20,Post_P20,0,0.13496702166440938,0
13,P20,P20,Post_P20,0,0.28855254012388326,0
13,P20,P20,Post_P20,0,0.30166251193662474,0
13,P20,P20,Post_P20,0,0.4195596362483393,0
13,P20,P20,Post_P20,0,0.30873321713298796,0
13,P20,P20,Post_P20,0,0.5202731718205461,1
13,P20,P20,Post_P20,0,0.46606519963452014,0
13,P20,P20,Post_P20,0,0.46327311194683823,0
13,P20,P20,Post_P20,0,0.19783667615775813,0
13,P20,P20,Post_P20,0,0.33967835679540465,0
13,P20,P20,Post_P20,0,0.6123280391340796,1
13,P20,P20,Post_P20,0,0.3156115983984235,0
13,P20,P20,Post_P20,0,0.2683902553120864,0
13,P20,P20,Post_P20,0,0.3476858435150264,0
13,P20,P20,Post_P20,0,0.5378718514608235,1
13,P20,P20,Post_P20,0,0.5014127929929479,1
13,P20,P20,Post_P20,0,0.19958824248831275,0
13,P20,P20,Post_P20,0,0.3467200123037204,0
13,P20,P20,Post_P20,0,0.5433978058870645,1
13,P20,P20,Post_P20,0,0.7029960004342393,1
13,P20,P20,Post_P20,0,0.5741783727767235,1
13,P20,P20,Post_P20,0,0.5106187685894663,1
13,P20,P20,Post_P20,0,0.3071953661740894,0
13,P20,P20,Post_P20,0,0.4922318226756577,0
13,P20,P20,Post_P20,0,0.28012723850980265,0
13,P20,P20,Post_P20,0,0.6144204067729983,1
13,P20,P20,Post_P20,0,0.2625922487196303,0
13,P20,P20,Post_P20,0,0.5774556189147729,1
13,P20,P20,Post_P20,0,0.2733029845069897,0
13,P20,P20,Post_P20,0,0.3425050825434583,0
13,P20,P20,Post_P20,0,0.4723109990465998,0
13,P20,P20,Post_P20,0,0.5286017453468856,1
13,P20,P20,Post_P20,0,0.20318684892615238,0
13,P20,P20,Post_P20,0,0.3492206929463997,0
13,P20,P20,Post_P20,0,0.5556724518780177,1
13,P20,P20,Post_P20,0,0.5076353199703457,1
13,P20,P20,Post_P20,0,0.3765219620435425,0
13,P20,P20,Post_P20,0,0.1176800576500742,0
13,P20,P20,Post_P20,0,0.53660521100856,1
13,P20,P20,Post_P20,0,0.29254103076622173,0
13,P20,P20,Post_P20,0,0.15976157579948044,0
13,P20,P20,Post_P20,0,0.3705059307720754,0
13,P20,P20,Post_P20,0,0.2672947393750063,0
13,P20,P20,Post_P20,0,0.16873252550552714,0
13,P20,P20,Post_P20,0,0.5025674737121515,1
13,P20,P20,Post_P20,0,0.21020172545922025,0
13,P20,P20,Post_P20,0,0.4800701182102769,0
13,P20,P20,Post_P20,0,0.33480996609004504,0
13,P20,P20,Post_P20,0,0.3935246121120798,0
13,P20,P20,Post_P20,0,0.1483625142806265,0
13,P20,P20,Post_P20,0,0.14264836435293496,0
13,P20,P20,Post_P20,0,0.8331232181178599,1
13,P20,P20,Post_P20,0,0.26676439818966285,0
13,P20,P20,Post_P20,0,0.2802326452526001,0
13,P20,P20,Post_P20,0,0.2845871847392175,0
13,P20,P20,Post_P20,0,0.3494216908353741,0
13,P20,P20,Post_P20,0,0.6451809198759356,1
13,P20,P20,Post_P20,0,0.34173769481861455,0
13,P20,P20,Post_P20,0,0.40786467061940196,0
13,P20,P20,Post_P20,0,0.026143737677293603,0
13,P20,P20,Post_P20,0,0.7127398858458994,1
13,P20,P20,Post_P20,0,0.47474803999290854,0
13,P20,P20,Post_P20,0,0.4110283432641203,0
13,P20,P20,Post_P20,0,0.24613464829201884,0
13,P20,P20,Post_P20,0,0.4008618576807346,0
13,P20,P20,Post_P20,0,0.35331476040984316,0
13,P20,P20,Post_P20,0,0.4640167175485893,0
13,P20,P20,Post_P20,0,0.419766493023205,0
13,P20,P20,Post_P20,0,0.3632990053610958,0
13,P20,P20,Post_P20,0,0.2755996722629069,0
13,P20,P20,Post_P20,0,0.6463226899161995,1
13,P20,P20,Post_P20,0,0.4086428154936071,0
13,P20,P20,Post_P20,0,0.4369130509227535,0
13,P20,P20,Post_P20,0,0.47515126253891893,0
13,P20,P20,Post_P20,0,0.32905994341587297,0
13,P20,P20,Post_P20,0,0.44041812366308747,0
13,P20,P20,Post_P20,0,0.388234945926397,0
13,P20,P20,Post_P20,0,0.29698348009386333,0
13,P20,P20,Post_P20,0,0.5137374484184353,1
13,P20,P20,Post_P20,0,0.30105322040019367,0
13,P20,P20,Post_P20,0,0.41592535209511183,0
13,P20,P20,Post_P20,0,0.5374102876436436,1
13,P20,P20,Post_P20,0,0.22921694182461833,0
13,P20,P20,Post_P20,0,0.5618854219431995,1
13,P20,P20,Post_P20,0,0.529235243948767,1
13,P20,P20,Post_P20,0,0.4427443705517538,0
13,P20,P20,Post_P20,0,0.26335129947148705,0
13,P20,P20,Post_P20,0,0.28899322378140496,0
13,P20,P20,Post_P20,0,0.20992527576468975,0
13,P20,P20,Post_P20,0,0.4291818750696951,0
13,P20,P20,Post_P20,0,0.3415891711895526,0
13,P20,P20,Post_P20,0,0.5597375849454863,1
13,P20,P20,Post_P20,0,0.19450185658640776,0
13,P20,P20,Post_P20,0,0.20949018943742273,0
13,P20,P20,Post_P20,0,0.5654642716067578,1
13,P20,P20,Post_P20,0,0.8044100384156041,1
13,P20,P20,Post_P20,0,0.42442536782825085,0
13,P20,P20,Post_P20,0,0.5785663638599458,1
13,P20,P20,Post_P20,0,0.442936318037339,0
13,P20,P20,Post_P20,0,0.3268881212973158,0
13,P20,P20,Post_P20,0,0.3456910738246793,0
13,P20,P20,Post_P20,0,0.438099189390493,0
13,P20,P20,Post_P20,0,0.2815452563130425,0
13,P20,P20,Post_P20,0,0.38887437937186436,0
13,P20,P20,Post_P20,0,0.4115991578936915,0
13,P20,P20,Post_P20,0,0.297962311856937,0
13,P20,P20,Post_P20,0,0.4044787874771006,0
13,P20,P20,Post_P20,0,0.597303471201762,1
13,P20,P20,Post_P20,0,0.5198579186082807,1
13,P20,P20,Post_P20,0,0.484461081179671,0
13,P20,P20,Post_P20,0,0.6713402923904108,1
13,P20,P20,Post_P20,0,0.41908027010911236,0
13,P20,P20,Post_P20,0,0.4470814301633512,0
13,P20,P20,Post_P20,0,0.18042861985450526,0
13,P20,P20,Post_P20,0,0.29719240854096435,0
13,P20,P20,Post_P20,0,0.23694673762409427,0
13,P20,P20,Post_P20,0,0.31801785506137015,0
13,P20,P20,Post_P20,0,0.6877181887608871,1
13,P20,P20,Post_P20,0,0.4712760356122377,0
13,P20,P20,Post_P20,0,0.3243817768733458,0
13,P20,P20,Post_P20,0,0.3585623781052722,0
13,P20,P20,Post_P20,0,0.45968169084470195,0
13,P20,P20,Post_P20,0,0.3353883088980791,0
13,P20,P20,Post_P20,0,0.3810341141320882,0
13,P20,P20,Post_P20,0,0.4345862122517097,0
13,P20,P20,Post_P20,0,0.5008178337011963,1
13,P20,P20,Post_P20,0,0.579428896436602,1
13,P20,P20,Post_P20,0,0.5083700949380454,1
13,P20,P20,Post_P20,0,0.19730813139537137,0
13,P20,P20,Post_P20,0,0.40712655500828276,0
13,P20,P20,Post_P20,0,0.3731641826855671,0
13,P20,P20,Post_P20,0,0.44853788022788627,0
13,P20,P20,Post_P20,0,0.17626507733953597,0
13,P20,P20,Post_P20,0,0.5684153282872192,1
13,P20,P20,Post_P20,0,0.5037866407104163,1
13,P20,P20,Post_P20,0,0.7038769089840752,1
13,P20,P20,Post_P20,0,0.3503877411527234,0
13,P20,P20,Post_P20,0,0.6371977099326284,1
13,P20,P20,Post_P20,0,0.4102739628678957,0
13,P20,P20,Post_P20,0,0.1407601671238727,0
13,P20,P20,Post_P20,0,0.4657488640748844,0
13,P20,P20,Post_P20,0,0.4775881412619527,0
13,P20,P20,Post_P20,0,0.24517049638192226,0
13,P20,P20,Post_P20,0,0.19670597217687213,0
13,P20,P20,Post_P20,0,0.49773628659574215,0
13,P20,P20,Post_P20,0,0.3887834227617164,0
13,P20,P20,Post_P20,0,0.3471431212756325,0
13,P20,P20,Post_P20,0,0.5664004209484208,1
13,P20,P20,Post_P20,0,0.24450220360020922,0
13,P20,P20,Post_P20,0,0.5485860977236648,1
13,P20,P20,Post_P20,0,0.162310139535624,0
13,P20,P20,Post_P20,0,0.10208493721182177,0
13,P20,P20,Post_P20,0,0.27862861453689064,0
13,P20,P20,Post_P20,0,0.26251670490592194,0
13,P20,P20,Post_P20,0,0.32047981520977603,0
13,P20,P20,Post_P20,0,0.6798287878750062,1
13,P20,P20,Post_P20,0,0.2944426487042519,0
13,P20,P20,Post_P20,0,0.4100678006258631,0
13,P20,P20,Post_P20,0,0.42473753658887237,0
13,P20,P20,Post_P20,0,0.5580738695388353,1
13,P20,P20,Post_P20,0,0.314669327074411,0
13,P20,P20,Post_P20,0,0.552558598399608,1
13,P20,P20,Post_P20,0,0.3996826706711249,0
13,P20,P20,Post_P20,0,0.2635317945165878,0
13,P20,P20,Post_P20,0,0.3296078091665871,0
13,P20,P20,Post_P20,0,0.3482980680072271,0
13,P20,P20,Post_P20,0,0.20910787506680506,0
13,P20,P20,Post_P20,0,0.3025029400099923,0
13,P20,P20,Post_P20,0,0.46653607327986274,0
13,P20,P20,Post_P20,0,0.3516919974794771,0
13,P20,P20,Post_P20,0,0.3573514565588598,0
13,P20,P20,Post_P20,0,0.37163491955514866,0
13,P20,P20,Post_P20,0,0.2910827224530258,0
13,P20,P20,Post_P20,0,0.18173464458653882,0
13,P20,P20,Post_P20,0,0.357801957461236,0
13,P20,P20,Post_P20,0,0.7187763711820877,1
13,P20,P20,Post_P20,0,0.4927809141464344,0
13,P20,P20,Post_P20,0,0.44757802660539686,0
13,P20,P20,Post_P20,0,0.5632183278422621,1
13,P20,P20,Post_P20,0,0.4704671312909069,0
13,P20,P20,Post_P20,0,0.5940348429076329,1
13,P20,P20,Post_P20,0,0.34324522130956864,0
13,P20,P20,Post_P20,0,0.5358942968246324,1
13,P20,P20,Post_P20,0,0.34514194855111857,0
13,P20,P20,Post_P20,0,0.3078797402409814,0
13,P20,P20,Post_P20,0,0.6644538128391141,1
13,P20,P20,Post_P20,0,0.7076135137611591,1
13,P20,P20,Post_P20,0,0.36901558994792133,0
13,P20,P20,Post_P20,0,0.272009480016653,0
13,P20,P20,Post_P20,0,0.485960933910016,0
13,P20,P20,Post_P20,0,0.4329440876009579,0
13,P20,P20,Post_P20,0,0.5756987232699868,1
13,P20,P20,Post_P20,0,0.5273768034869288,1
13,P20,P20,Post_P20,0,0.42051911705352923,0
13,P20,P20,Post_P20,0,0.3156300361960736,0
13,P20,P20,Post_P20,0,0.5336109880832256,1
13,P20,P20,Post_P20,0,0.7576944195618345,1
13,P20,P20,Post_P20,0,0.4004862644883556,0
13,P20,P20,Post_P20,0,0.6009445583075309,1
13,P20,P20,Post_P20,0,0.2888413152807709,0
13,P20,P20,Post_P20,0,0.32657043410794684,0
13,P20,P20,Post_P20,0,0.5060868775178424,1
13,P20,P20,Post_P20,0,0.693874191795163,1
13,P20,P20,Post_P20,0,0.06476250877766547,0
13,P20,P20,Post_P20,0,0.6025770926828729,1
13,P20,P20,Post_P20,0,0.39053799081449336,0
13,P20,P20,Post_P20,0,0.3474377451599844,0
13,P20,P20,Post_P20,0,0.2163440318321392,0
13,P20,P20,Post_P20,0,0.6583454655397862,1
13,P20,P20,Post_P20,0,0.5666491991768907,1
13,P20,P20,Post_P20,0,0.3366032475634153,0
13,P20,P20,Post_P20,0,0.435669507592315,0
13,P20,P20,Post_P20,0,0.37179116859525946,0
13,P20,P20,Post_P20,0,0.5841482090512079,1
13,P20,P20,Post_P20,0,0.32986151659750473,0
13,P20,P20,Post_P20,0,0.5117757702454401,1
13,P20,P20,Post_P20,0,0.46311604731749106,0
13,P20,P20,Post_P20,0,0.24458602596507562,0
13,P20,P20,Post_P20,0,0.6213261965011716,1
13,P20,P20,Post_P20,0,0.23154472976064355,0
13,P20,P20,Post_P20,0,0.3843375755175204,0
13,P20,P20,Post_P20,0,0.5026160533412244,1
13,P20,P20,Post_P20,0,0.052816009692773724,0
13,P20,P20,Post_P20,0,0.5489773969725554,1
13,P20,P20,Post_P20,0,0.4955090864968296,0
13,P20,P20,Post_P20,0,0.7733706418794289,1
13,P20,P20,Post_P20,0,0.3972980709370413,0
13,P20,P20,Post_P20,0,0.5668996190840242,1
13,P20,P20,Post_P20,0,0.4901905623332812,0
13,P20,P20,Post_P20,0,0.5584710584059219,1
13,P20,P20,Post_P20,0,0.22019178374383555,0
13,P20,P20,Post_P20,0,0.40216344266361104,0
13,P20,P20,Post_P20,0,0.6729645290309406,1
13,P20,P20,Post_P20,0,0.06983196795039073,0
13,P20,P20,Post_P20,0,0.279304552405504,0
13,P20,P20,Post_P20,0,0.24669002381872487,0
13,P20,P20,Post_P20,0,0.39917147999865615,0
13,P20,P20,Post_P20,0,0.45301936214642224,0
13,P20,P20,Post_P20,0,0.34893035714784515,0
13,P20,P20,Post_P20,0,0.4288994140810558,0
13,P20,P20,Post_P20,0,0.6647123357971035,1
13,P20,P20,Post_P20,0,0.5179314729406322,1
13,P20,P20,Post_P20,0,0.6674214240981347,1
13,P20,P20,Post_P20,0,0.397287577611774,0
13,P20,P20,Post_P20,0,0.31059792458464014,0
13,P20,P20,Post_P20,0,0.3591515590307232,0
13,P20,P20,Post_P20,0,0.1652950958549202,0
13,P20,P20,Post_P20,0,0.10538033174312898,0
13,P20,P20,Post_P20,0,0.2986725978979708,0
13,P20,P20,Post_P20,0,0.6146714851565558,1
13,P20,P20,Post_P20,0,0.5872156380309742,1
13,P20,P20,Post_P20,0,0.45714663705553166,0
13,P20,P20,Post_P20,0,0.2760339038080076,0
13,P20,P20,Post_P20,0,0.35961723229038633,0
13,P20,P20,Post_P20,0,0.5423123677747378,1
13,P20,P20,Post_P20,0,0.24660637798179028,0
13,P20,P20,Post_P20,0,0.09965882644325758,0
13,P20,P20,Post_P20,0,0.5356431829147662,1
13,P20,P20,Post_P20,0,0.37344809611323554,0
13,P20,P20,Post_P20,0,0.24806894256047063,0
13,P20,P20,Post_P20,0,0.5487731892394946,1
13,P20,P20,Post_P20,0,0.6311954120266962,1
13,P20,P20,Post_P20,0,0.5029045077469189,1
13,P20,P20,Post_P20,0,0.593488648706557,1
13,P20,P20,Post_P20,0,0.34715073133980956,0
13,P20,P20,Post_P20,0,0.47436396893931276,0
13,P20,P20,Post_P20,0,0.2686105800377593,0
13,P20,P20,Post_P20,0,0.7637990767679663,1
13,P20,P20,Post_P20,0,0.24984433284579174,0
13,P20,P20,Post_P20,0,0.1766781518795756,0
13,P20,P20,Post_P20,0,0.44011957266588564,0
13,P20,P20,Post_P20,0,0.29298048574374774,0
13,P20,P20,Post_P20,0,0.22740494220401844,0
13,P20,P20,Post_P20,0,0.49431666560057735,0
13,P20,P20,Post_P20,0,0.5282356586014373,1
13,P20,P20,Post_P20,0,0.17367740724785424,0
13,P20,P20,Post_P20,0,0.33375655644649344,0
13,P20,P20,Post_P20,0,0.24683596287576823,0
13,P20,P20,Post_P20,0,0.3718110054961288,0
13,P20,P20,Post_P20,0,0.518307280808668,1
13,P20,P20,Post_P20,0,0.40578452228088463,0
13,P20,P20,Post_P20,0,0.4629743270489006,0
13,P20,P20,Post_P20,0,0.5341768287405791,1
13,P20,P20,Post_P20,0,0.3210459284681765,0
13,P20,P20,Post_P20,0,0.4008583113106985,0
13,P20,P20,Post_P20,0,0.10730778802119462,0
13,P20,P20,Post_P20,0,0.36776481897889074,0
13,P20,P20,Post_P20,0,0.24669417175104275,0
13,P20,P20,Post_P20,0,0.6084970173753457,1
13,P20,P20,Post_P20,0,0.45027768833690723,0
13,P20,P20,Post_P20,0,0.3925274148613423,0
13,P20,P20,Post_P20,0,0.5070366689343585,1
13,P20,P20,Post_P20,0,0.415415644794736,0
13,P20,P20,Post_P20,0,0.3796884948167336,0
13,P20,P20,Post_P20,0,0.37941678979287574,0
13,P20,P20,Post_P20,0,0.6083982893164267,1
13,P20,P20,Post_P20,0,0.324969115906517,0
13,P20,P20,Post_P20,0,0.3604097219929208,0
13,P20,P20,Post_P20,0,0.21011155410912397,0
13,P20,P20,Post_P20,0,0.460539810049775,0
13,P20,P20,Post_P20,0,0.5293213118686971,1
13,P20,P20,Post_P20,0,0.41939897915173013,0
13,P20,P20,Post_P20,0,0.24836785965350897,0
13,P20,P20,Post_P20,0,0.37529868911509306,0
13,P20,P20,Post_P20,0,0.28167998720481324,0
13,P20,P20,Post_P20,0,0.567616897816553,1
13,P20,P20,Post_P20,0,0.20426214026302192,0
13,P20,P20,Post_P20,0,0.5481885156573322,1
13,P20,P20,Post_P20,0,0.90068590483745,1
13,P20,P20,Post_P20,0,0.4466248514939164,0
13,P20,P20,Post_P20,0,0.36518867366729624,0
13,P20,P20,Post_P20,0,0.5176913171709662,1
13,P20,P20,Post_P20,0,0.4250221604512548,0
13,P20,P20,Post_P20,0,0.3949289731683572,0
13,P20,P20,Post_P20,0,0.20312093527673863,0
13,P20,P20,Post_P20,0,0.608354431087554,1
13,P20,P20,Post_P20,0,0.6373184924216623,1
13,P20,P20,Post_P20,0,0.18374015024662768,0
13,P20,P20,Post_P20,0,0.4062951736986538,0
13,P20,P20,Post_P20,0,0.4852512303474633,0
13,P20,P20,Post_P20,0,0.39225739431286993,0
13,P20,P20,Post_P20,0,0.4161168104421728,0
13,P20,P20,Post_P20,0,0.6670718506454073,1
13,P20,P20,Post_P20,0,0.42289731490783117,0
13,P20,P20,Post_P20,0,0.3744908620295678,0
13,P20,P20,Post_P20,0,0.12266736977726898,0
13,P20,P20,Post_P20,0,0.5217027143153858,1
13,P20,P20,Post_P20,0,0.2914958875867892,0
13,P20,P20,Post_P20,0,0.30928244726449805,0
14,P21,P21,Post_P21,1,0.8931259501774627,1
14,P21,P21,Post_P21,1,0.7770147554035121,1
14,P21,P21,Post_P21,1,0.4007657234089981,0
14,P21,P21,Post_P21,1,0.8537013259311705,1
14,P21,P21,Post_P21,1,0.7847563852164736,1
14,P21,P21,Post_P21,1,0.8086975607230796,1
14,P21,P21,Post_P21,1,0.6539271299880522,1
14,P21,P21,Post_P21,1,0.6981682372174459,1
14,P21,P21,Post_P21,1,0.7357366418129269,1
14,P21,P21,Post_P21,1,0.6538048083729908,1
14,P21,P21,Post_P21,1,0.6318219186755671,1
14,P21,P21,Post_P21,1,0.6110155740801182,1
14,P21,P21,Post_P21,1,0.6509938301352666,1
14,P21,P21,Post_P21,1,0.7920761293668166,1
14,P21,P21,Post_P21,1,0.5273892077390486,1
14,P21,P21,Post_P21,1,0.6263447528512237,1
14,P21,P21,Post_P21,1,0.8865405737140797,1
14,P21,P21,Post_P21,1,0.8363616144537805,1
14,P21,P21,Post_P21,1,0.6603898924648479,1
14,P21,P21,Post_P21,1,0.7372204058195495,1
14,P21,P21,Post_P21,1,0.4621813769567842,0
14,P21,P21,Post_P21,1,0.7099153221115677,1
14,P21,P21,Post_P21,1,0.43180565748053534,0
14,P21,P21,Post_P21,1,0.5361801635856773,1
14,P21,P21,Post_P21,1,0.5420504143515846,1
14,P21,P21,Post_P21,1,0.65224366593984,1
14,P21,P21,Post_P21,1,0.6076569642307285,1
14,P21,P21,Post_P21,1,0.8161966137482217,1
14,P21,P21,Post_P21,1,0.3919138547044312,0
14,P21,P21,Post_P21,1,0.6726805392866108,1
14,P21,P21,Post_P21,1,0.542568471217678,1
14,P21,P21,Post_P21,1,0.8764050674682209,1
14,P21,P21,Post_P21,1,0.634854556007397,1
14,P21,P21,Post_P21,1,0.551174839805531,1
14,P21,P21,Post_P21,1,0.7751821299816214,1
14,P21,P21,Post_P21,1,0.7666076931949494,1
14,P21,P21,Post_P21,1,0.6078917772192068,1
14,P21,P21,Post_P21,1,0.7312922575359456,1
14,P21,P21,Post_P21,1,0.6552092206835861,1
14,P21,P21,Post_P21,1,0.5149452868647496,1
14,P21,P21,Post_P21,1,0.6151581298790871,1
14,P21,P21,Post_P21,1,0.6576409314901643,1
14,P21,P21,Post_P21,1,0.7800007667615481,1
14,P21,P21,Post_P21,1,0.4612490955067081,0
14,P21,P21,Post_P21,1,0.7001918354344477,1
14,P21,P21,Post_P21,1,0.6111406999621298,1
14,P21,P21,Post_P21,1,0.6272388242201803,1
14,P21,P21,Post_P21,1,0.8381758604145266,1
14,P21,P21,Post_P21,1,0.7269851522763286,1
14,P21,P21,Post_P21,1,0.5031711075657341,1
14,P21,P21,Post_P21,1,0.6234221839180925,1
14,P21,P21,Post_P21,1,0.43044247767329663,0
14,P21,P21,Post_P21,1,0.516356877561993,1
14,P21,P21,Post_P21,1,0.7319941399986589,1
14,P21,P21,Post_P21,1,0.5461336956572694,1
14,P21,P21,Post_P21,1,0.6806937388594048,1
14,P21,P21,Post_P21,1,0.7568374409927876,1
14,P21,P21,Post_P21,1,0.5868701898096702,1
14,P21,P21,Post_P21,1,0.7454066018728586,1
14,P21,P21,Post_P21,1,0.8304383529989351,1
14,P21,P21,Post_P21,1,0.7970058158944581,1
14,P21,P21,Post_P21,1,0.5374183783402893,1
14,P21,P21,Post_P21,1,0.41417553474295093,0
14,P21,P21,Post_P21,1,0.5554670659376885,1
14,P21,P21,Post_P21,1,0.5630879954546221,1
14,P21,P21,Post_P21,1,0.6673699893343136,1
14,P21,P21,Post_P21,1,0.4827735910608737,0
14,P21,P21,Post_P21,1,0.7095040859900646,1
14,P21,P21,Post_P21,1,0.7046365725308935,1
14,P21,P21,Post_P21,1,0.6501230498949717,1
14,P21,P21,Post_P21,1,0.5596626293038252,1
14,P21,P21,Post_P21,1,0.6995114646353809,1
14,P21,P21,Post_P21,1,0.514814750459671,1
14,P21,P21,Post_P21,1,0.4628767829451229,0
14,P21,P21,Post_P21,1,0.7859550849521664,1
14,P21,P21,Post_P21,1,0.5942763357812011,1
14,P21,P21,Post_P21,1,0.6304514960963815,1
14,P21,P21,Post_P21,1,0.48673524728181067,0
14,P21,P21,Post_P21,1,0.6576520568026353,1
14,P21,P21,Post_P21,1,0.3820276734812907,0
14,P21,P21,Post_P21,1,0.8671581553887335,1
14,P21,P21,Post_P21,1,0.7236805593158684,1
14,P21,P21,Post_P21,1,0.7654234853880824,1
14,P21,P21,Post_P21,1,0.7550618129485813,1
14,P21,P21,Post_P21,1,0.6172607344421119,1
14,P21,P21,Post_P21,1,0.5758262794623019,1
14,P21,P21,Post_P21,1,0.7497247228013099,1
14,P21,P21,Post_P21,1,0.5329003454335195,1
14,P21,P21,Post_P21,1,0.8587673145017372,1
14,P21,P21,Post_P21,1,0.6834613116839726,1
14,P21,P21,Post_P21,1,0.8437746924547734,1
14,P21,P21,Post_P21,1,0.5939789733605827,1
14,P21,P21,Post_P21,1,0.3549650196301099,0
14,P21,P21,Post_P21,1,0.34121992839148896,0
14,P21,P21,Post_P21,1,0.5821917086496139,1
14,P21,P21,Post_P21,1,0.8203105947557651,1
14,P21,P21,Post_P21,1,0.6419713275086789,1
14,P21,P21,Post_P21,1,0.47862154664996037,0
14,P21,P21,Post_P21,1,0.527980315930169,1
14,P21,P21,Post_P21,1,0.7667973577413397,1
14,P21,P21,Post_P21,1,0.4373576892090113,0
14,P21,P21,Post_P21,1,0.7879608071934358,1
14,P21,P21,Post_P21,1,0.8413640965279815,1
14,P21,P21,Post_P21,1,0.6562745815195113,1
14,P21,P21,Post_P21,1,0.48964821265288566,0
14,P21,P21,Post_P21,1,0.790544489705903,1
14,P21,P21,Post_P21,1,0.7239062843233539,1
14,P21,P21,Post_P21,1,0.7290619263604828,1
14,P21,P21,Post_P21,1,0.6872633398387838,1
14,P21,P21,Post_P21,1,0.5863474625937535,1
14,P21,P21,Post_P21,1,0.4973356194707848,0
14,P21,P21,Post_P21,1,0.69983174780272,1
14,P21,P21,Post_P21,1,0.5117949403952917,1
14,P21,P21,Post_P21,1,0.5609648419382235,1
14,P21,P21,Post_P21,1,0.757384563875744,1
14,P21,P21,Post_P21,1,0.5939163041070502,1
14,P21,P21,Post_P21,1,0.6227177586995503,1
14,P21,P21,Post_P21,1,0.6574177236066177,1
14,P21,P21,Post_P21,1,0.6870095841251279,1
14,P21,P21,Post_P21,1,0.6083318914779988,1
14,P21,P21,Post_P21,1,0.4914414800585089,0
14,P21,P21,Post_P21,1,0.5499900533569868,1
14,P21,P21,Post_P21,1,0.6809169348474625,1
14,P21,P21,Post_P21,1,0.7332329945421927,1
14,P21,P21,Post_P21,1,0.5624063896126064,1
14,P21,P21,Post_P21,1,0.6520259119163546,1
14,P21,P21,Post_P21,1,0.25368030452529194,0
14,P21,P21,Post_P21,1,0.755941118352614,1
14,P21,P21,Post_P21,1,0.321725049160011,0
14,P21,P21,Post_P21,1,0.6820876198839447,1
14,P21,P21,Post_P21,1,0.6305398445953341,1
14,P21,P21,Post_P21,1,0.7318610253615491,1
14,P21,P21,Post_P21,1,0.6679371926432481,1
14,P21,P21,Post_P21,1,0.46527319841330145,0
14,P21,P21,Post_P21,1,0.6909464481282518,1
14,P21,P21,Post_P21,1,0.619799807451979,1
14,P21,P21,Post_P21,1,0.6607963477726215,1
14,P21,P21,Post_P21,1,0.5755062802664803,1
14,P21,P21,Post_P21,1,0.5076519718105327,1
14,P21,P21,Post_P21,1,0.551425819481126,1
14,P21,P21,Post_P21,1,0.7995529556888574,1
14,P21,P21,Post_P21,1,0.4759746734030408,0
14,P21,P21,Post_P21,1,0.7978143829645226,1
14,P21,P21,Post_P21,1,0.6415779917854219,1
14,P21,P21,Post_P21,1,0.640395547360329,1
14,P21,P21,Post_P21,1,0.7532579592153436,1
14,P21,P21,Post_P21,1,0.7670296569705183,1
14,P21,P21,Post_P21,1,0.8066321266338892,1
14,P21,P21,Post_P21,1,0.5476570937314589,1
14,P21,P21,Post_P21,1,0.3981440336737434,0
14,P21,P21,Post_P21,1,0.3991289480079228,0
14,P21,P21,Post_P21,1,0.7652119232012804,1
14,P21,P21,Post_P21,1,0.7879066944701644,1
14,P21,P21,Post_P21,1,0.6207479882349997,1
14,P21,P21,Post_P21,1,0.4559855660970757,0
14,P21,P21,Post_P21,1,0.7491813304166709,1
14,P21,P21,Post_P21,1,0.7594625337091815,1
14,P21,P21,Post_P21,1,0.6512420905044791,1
14,P21,P21,Post_P21,1,0.5662441684383882,1
14,P21,P21,Post_P21,1,0.7592497124946943,1
14,P21,P21,Post_P21,1,0.47137094669134677,0
14,P21,P21,Post_P21,1,0.6106227589992338,1
14,P21,P21,Post_P21,1,0.3103974918475358,0
14,P21,P21,Post_P21,1,0.530895354608872,1
14,P21,P21,Post_P21,1,0.6120280599719202,1
14,P21,P21,Post_P21,1,0.6679729842218041,1
14,P21,P21,Post_P21,1,0.6074072439508493,1
14,P21,P21,Post_P21,1,0.39891149004964127,0
14,P21,P21,Post_P21,1,0.5390856192452937,1
14,P21,P21,Post_P21,1,0.652682654799977,1
14,P21,P21,Post_P21,1,0.7645011951479501,1
14,P21,P21,Post_P21,1,0.7749569058651988,1
14,P21,P21,Post_P21,1,0.8669262798829495,1
14,P21,P21,Post_P21,1,0.7105022296669146,1
14,P21,P21,Post_P21,1,0.46745184000439854,0
14,P21,P21,Post_P21,1,0.6512225596505982,1
14,P21,P21,Post_P21,1,0.7675466665971328,1
14,P21,P21,Post_P21,1,0.8466182714311283,1
14,P21,P21,Post_P21,1,0.7586874216363321,1
14,P21,P21,Post_P21,1,0.7934087195557599,1
14,P21,P21,Post_P21,1,0.7866145611274931,1
14,P21,P21,Post_P21,1,0.520368179248873,1
14,P21,P21,Post_P21,1,0.4372162963853383,0
14,P21,P21,Post_P21,1,0.6165375055385156,1
14,P21,P21,Post_P21,1,0.5765767693368208,1
14,P21,P21,Post_P21,1,0.7930719365017603,1
14,P21,P21,Post_P21,1,0.8064772764195576,1
14,P21,P21,Post_P21,1,0.47160429664739134,0
14,P21,P21,Post_P21,1,0.4961485503643085,0
14,P21,P21,Post_P21,1,0.46015253842174725,0
14,P21,P21,Post_P21,1,0.6334771360375636,1
14,P21,P21,Post_P21,1,0.743627221497635,1
14,P21,P21,Post_P21,1,0.5907913345616517,1
14,P21,P21,Post_P21,1,0.40402677327786013,0
14,P21,P21,Post_P21,1,0.3949633655612121,0
14,P21,P21,Post_P21,1,0.48916862347977114,0
14,P21,P21,Post_P21,1,0.3923385626982134,0
14,P21,P21,Post_P21,1,0.6390564114057788,1
14,P21,P21,Post_P21,1,0.8229505043427563,1
14,P21,P21,Post_P21,1,0.5829357871965287,1
14,P21,P21,Post_P21,1,0.6519088681033791,1
14,P21,P21,Post_P21,1,0.44426243393250076,0
14,P21,P21,Post_P21,1,0.5806559000753495,1
14,P21,P21,Post_P21,1,0.5796358071887383,1
14,P21,P21,Post_P21,1,0.6354157462649774,1
14,P21,P21,Post_P21,1,0.5943510333432739,1
14,P21,P21,Post_P21,1,0.8282470402726699,1
14,P21,P21,Post_P21,1,0.7490402028482517,1
14,P21,P21,Post_P21,1,0.46428854323547997,0
14,P21,P21,Post_P21,1,0.8881346127910883,1
14,P21,P21,Post_P21,1,0.7634967895750914,1
14,P21,P21,Post_P21,1,0.7259706884088912,1
14,P21,P21,Post_P21,1,0.6644388406353847,1
15,P22,P22,Post_P22,0,0.2356958051334252,0
15,P22,P22,Post_P22,0,0.21975940767938218,0
15,P22,P22,Post_P22,0,0.4364432656275076,0
15,P22,P22,Post_P22,0,0.4957219899015607,0
15,P22,P22,Post_P22,0,0.47918387375024923,0
15,P22,P22,Post_P22,0,0.33738188516406,0
15,P22,P22,Post_P22,0,0.30277258228770665,0
15,P22,P22,Post_P22,0,0.3945438550641901,0
15,P22,P22,Post_P22,0,0.4529050404526095,0
15,P22,P22,Post_P22,0,0.5950843489048813,1
15,P22,P22,Post_P22,0,0.48271948566615464,0
15,P22,P22,Post_P22,0,0.5949825331290183,1
15,P22,P22,Post_P22,0,0.5620416584036982,1
15,P22,P22,Post_P22,0,0.2720277893615652,0
15,P22,P22,Post_P22,0,0.5285306346369506,1
15,P22,P22,Post_P22,0,0.5945787927254659,1
15,P22,P22,Post_P22,0,0.5240880498708324,1
15,P22,P22,Post_P22,0,0.3311124021021816,0
15,P22,P22,Post_P22,0,0.5968240112374232,1
15,P22,P22,Post_P22,0,0.4539461014847294,0
15,P22,P22,Post_P22,0,0.39066098267036947,0
15,P22,P22,Post_P22,0,0.40392057483173965,0
15,P22,P22,Post_P22,0,0.25630685527508734,0
15,P22,P22,Post_P22,0,0.4760416671258396,0
15,P22,P22,Post_P22,0,0.5393447819209338,1
15,P22,P22,Post_P22,0,0.16046343541413927,0
15,P22,P22,Post_P22,0,0.31243560027660855,0
15,P22,P22,Post_P22,0,0.5481331751860723,1
15,P22,P22,Post_P22,0,0.7755047010911695,1
15,P22,P22,Post_P22,0,0.5071164213834767,1
15,P22,P22,Post_P22,0,0.27384901444539256,0
15,P22,P22,Post_P22,0,0.25708419520196274,0
15,P22,P22,Post_P22,0,0.455915912898043,0
15,P22,P22,Post_P22,0,0.507614721271978,1
15,P22,P22,Post_P22,0,0.30758010903221716,0
15,P22,P22,Post_P22,0,0.5996268981087983,1
15,P22,P22,Post_P22,0,0.5103568243129465,1
15,P22,P22,Post_P22,0,0.5052516277443473,1
15,P22,P22,Post_P22,0,0.3200175786734252,0
15,P22,P22,Post_P22,0,0.29159385191579146,0
15,P22,P22,Post_P22,0,0.5088916548400825,1
15,P22,P22,Post_P22,0,0.6197580891987419,1
15,P22,P22,Post_P22,0,0.20104966763195944,0
15,P22,P22,Post_P22,0,0.49237760599643626,0
15,P22,P22,Post_P22,0,0.70572383705036,1
15,P22,P22,Post_P22,0,0.3931939133746057,0
15,P22,P22,Post_P22,0,0.555780883039842,1
15,P22,P22,Post_P22,0,0.36042122792238657,0
15,P22,P22,Post_P22,0,0.3772450300167729,0
15,P22,P22,Post_P22,0,0.5688701258242885,1
15,P22,P22,Post_P22,0,0.572357169177904,1
15,P22,P22,Post_P22,0,0.2758888368420415,0
15,P22,P22,Post_P22,0,0.6740192869155521,1
15,P22,P22,Post_P22,0,0.6965711727062217,1
15,P22,P22,Post_P22,0,0.3560971168734616,0
15,P22,P22,Post_P22,0,0.40593716761686405,0
15,P22,P22,Post_P22,0,0.12326005697596079,0
15,P22,P22,Post_P22,0,0.4453998019314517,0
15,P22,P22,Post_P22,0,0.5429714192244446,1
15,P22,P22,Post_P22,0,0.48166615276058045,0
15,P22,P22,Post_P22,0,0.4629344914022919,0
15,P22,P22,Post_P22,0,0.5863748087610666,1
15,P22,P22,Post_P22,0,0.6477392505498384,1
15,P22,P22,Post_P22,0,0.5526381871419398,1
15,P22,P22,Post_P22,0,0.5186132547618366,1
15,P22,P22,Post_P22,0,0.6531126368170626,1
15,P22,P22,Post_P22,0,0.2913247711190921,0
15,P22,P22,Post_P22,0,0.22712988778105062,0
15,P22,P22,Post_P22,0,0.4768050953385067,0
15,P22,P22,Post_P22,0,0.6337626587299897,1
15,P22,P22,Post_P22,0,0.4987160400245725,0
15,P22,P22,Post_P22,0,0.3655517860060364,0
15,P22,P22,Post_P22,0,0.584242592428848,1
15,P22,P22,Post_P22,0,0.5018955380587526,1
15,P22,P22,Post_P22,0,0.25396117924405,0
15,P22,P22,Post_P22,0,0.261779411325958,0
15,P22,P22,Post_P22,0,0.6452532603976373,1
15,P22,P22,Post_P22,0,0.34192398219450443,0
15,P22,P22,Post_P22,0,0.429088671877032,0
15,P22,P22,Post_P22,0,0.6817623833899298,1
15,P22,P22,Post_P22,0,0.5396905411294745,1
15,P22,P22,Post_P22,0,0.724776047872602,1
15,P22,P22,Post_P22,0,0.6615149862435923,1
15,P22,P22,Post_P22,0,0.7284013266167508,1
15,P22,P22,Post_P22,0,0.28568092822125957,0
15,P22,P22,Post_P22,0,0.519061914436974,1
15,P22,P22,Post_P22,0,0.31741856926764056,0
15,P22,P22,Post_P22,0,0.4657865187647117,0
15,P22,P22,Post_P22,0,0.544957351022897,1
15,P22,P22,Post_P22,0,0.3765672750700658,0
15,P22,P22,Post_P22,0,0.4316440734901033,0
15,P22,P22,Post_P22,0,0.5157723393460505,1
15,P22,P22,Post_P22,0,0.34253012601339256,0
15,P22,P22,Post_P22,0,0.2887560387640817,0
15,P22,P22,Post_P22,0,0.27904629461433444,0
15,P22,P22,Post_P22,0,0.26121526175867615,0
15,P22,P22,Post_P22,0,0.4655020536693015,0
15,P22,P22,Post_P22,0,0.3130685970630209,0
15,P22,P22,Post_P22,0,0.4733085494581838,0
15,P22,P22,Post_P22,0,0.7401631087400252,1
15,P22,P22,Post_P22,0,0.4747934462199241,0
15,P22,P22,Post_P22,0,0.6430213092620757,1
15,P22,P22,Post_P22,0,0.5902658654509761,1
15,P22,P22,Post_P22,0,0.4407980075221794,0
15,P22,P22,Post_P22,0,0.556704532768686,1
15,P22,P22,Post_P22,0,0.524373553292106,1
15,P22,P22,Post_P22,0,0.5977342615883715,1
15,P22,P22,Post_P22,0,0.30156832553847485,0
15,P22,P22,Post_P22,0,0.6509922291680202,1
15,P22,P22,Post_P22,0,0.23024797095682353,0
15,P22,P22,Post_P22,0,0.8691211080579302,1
15,P22,P22,Post_P22,0,0.2700501957110852,0
15,P22,P22,Post_P22,0,0.42028526089096174,0
15,P22,P22,Post_P22,0,0.41769523009321935,0
15,P22,P22,Post_P22,0,0.4074776445414943,0
15,P22,P22,Post_P22,0,0.5920551622619639,1
15,P22,P22,Post_P22,0,0.15150979147947963,0
15,P22,P22,Post_P22,0,0.6430556143705627,1
15,P22,P22,Post_P22,0,0.5816433475886845,1
15,P22,P22,Post_P22,0,0.4064778190023133,0
15,P22,P22,Post_P22,0,0.5268243075673898,1
15,P22,P22,Post_P22,0,0.4148530701987874,0
15,P22,P22,Post_P22,0,0.4908230225170721,0
15,P22,P22,Post_P22,0,0.27847146623594465,0
15,P22,P22,Post_P22,0,0.6680062694255037,1
15,P22,P22,Post_P22,0,0.3121110241762415,0
15,P22,P22,Post_P22,0,0.1992705180591788,0
15,P22,P22,Post_P22,0,0.46434930450881606,0
15,P22,P22,Post_P22,0,0.25183148053671256,0
15,P22,P22,Post_P22,0,0.6530668001280304,1
15,P22,P22,Post_P22,0,0.3982056156308624,0
15,P22,P22,Post_P22,0,0.3756818968979822,0
15,P22,P22,Post_P22,0,0.3472126708680256,0
15,P22,P22,Post_P22,0,0.46100938187987617,0
15,P22,P22,Post_P22,0,0.586968469817335,1
15,P22,P22,Post_P22,0,0.6424008565902459,1
15,P22,P22,Post_P22,0,0.5190984618512333,1
15,P22,P22,Post_P22,0,0.5454887754028198,1
15,P22,P22,Post_P22,0,0.477320988707377,0
15,P22,P22,Post_P22,0,0.8029329991281908,1
15,P22,P22,Post_P22,0,0.3643242589667073,0
15,P22,P22,Post_P22,0,0.4976347550172879,0
15,P22,P22,Post_P22,0,0.6231774065827995,1
15,P22,P22,Post_P22,0,0.7327599469257045,1
15,P22,P22,Post_P22,0,0.5975922175156936,1
15,P22,P22,Post_P22,0,0.4384816336492866,0
15,P22,P22,Post_P22,0,0.3103740739443023,0
15,P22,P22,Post_P22,0,0.24649407421651157,0
15,P22,P22,Post_P22,0,0.3447478481895776,0
15,P22,P22,Post_P22,0,0.26197966524697797,0
15,P22,P22,Post_P22,0,0.3352757496622488,0
15,P22,P22,Post_P22,0,0.3560726080882958,0
15,P22,P22,Post_P22,0,0.48285860959081545,0
15,P22,P22,Post_P22,0,0.33689606208833733,0
15,P22,P22,Post_P22,0,0.31871803048876707,0
15,P22,P22,Post_P22,0,0.4406021694074234,0
15,P22,P22,Post_P22,0,0.5442062515873909,1
15,P22,P22,Post_P22,0,0.394926812073853,0
15,P22,P22,Post_P22,0,0.4097578700197144,0
15,P22,P22,Post_P22,0,0.4649578452967793,0
15,P22,P22,Post_P22,0,0.5697187836762656,1
15,P22,P22,Post_P22,0,0.420821157172866,0
15,P22,P22,Post_P22,0,0.5225023288653077,1
15,P22,P22,Post_P22,0,0.3855436999468185,0
15,P22,P22,Post_P22,0,0.48539086989852587,0
15,P22,P22,Post_P22,0,0.5762169979674829,1
15,P22,P22,Post_P22,0,0.40969970254145893,0
15,P22,P22,Post_P22,0,0.6763798594726345,1
15,P22,P22,Post_P22,0,0.4265114405533367,0
15,P22,P22,Post_P22,0,0.49795440233586974,0
15,P22,P22,Post_P22,0,0.42032970690415317,0
15,P22,P22,Post_P22,0,0.7161183114980904,1
15,P22,P22,Post_P22,0,0.27790135498986224,0
15,P22,P22,Post_P22,0,0.38393922668581354,0
15,P22,P22,Post_P22,0,0.49593624274524833,0
15,P22,P22,Post_P22,0,0.26195652300199906,0
15,P22,P22,Post_P22,0,0.6223005181936242,1
15,P22,P22,Post_P22,0,0.5162251359823271,1
15,P22,P22,Post_P22,0,0.4956492785307725,0
15,P22,P22,Post_P22,0,0.2668378207683534,0
15,P22,P22,Post_P22,0,0.42189207585218913,0
15,P22,P22,Post_P22,0,0.6667301937556749,1
15,P22,P22,Post_P22,0,0.4058885251995239,0
15,P22,P22,Post_P22,0,0.6597888912031729,1
15,P22,P22,Post_P22,0,0.3897424629450543,0
15,P22,P22,Post_P22,0,0.4229838452423653,0
15,P22,P22,Post_P22,0,0.758968683295443,1
15,P22,P22,Post_P22,0,0.49857822285204645,0
15,P22,P22,Post_P22,0,0.37013776716912855,0
15,P22,P22,Post_P22,0,0.5784865190539452,1
15,P22,P22,Post_P22,0,0.39614990578618425,0
15,P22,P22,Post_P22,0,0.27679242538049953,0
15,P22,P22,Post_P22,0,0.7036445810147751,1
15,P22,P22,Post_P22,0,0.5877865203630064,1
15,P22,P22,Post_P22,0,0.6024870005757839,1
15,P22,P22,Post_P22,0,0.5835847504308458,1
15,P22,P22,Post_P22,0,0.6077161459559913,1
15,P22,P22,Post_P22,0,0.4364613858579554,0
15,P22,P22,Post_P22,0,0.3630510944119699,0
15,P22,P22,Post_P22,0,0.4137235871590493,0
15,P22,P22,Post_P22,0,0.3775108746422913,0
15,P22,P22,Post_P22,0,0.453590217086095,0
15,P22,P22,Post_P22,0,0.6551607219896634,1
15,P22,P22,Post_P22,0,0.48681421923965856,0
15,P22,P22,Post_P22,0,0.3390347622184403,0
15,P22,P22,Post_P22,0,0.7069913152761559,1
15,P22,P22,Post_P22,0,0.628642315250119,1
15,P22,P22,Post_P22,0,0.5344948894264836,1
15,P22,P22,Post_P22,0,0.7774997933177641,1
15,P22,P22,Post_P22,0,0.21880823150619882,0
15,P22,P22,Post_P22,0,0.3785759130760906,0
15,P22,P22,Post_P22,0,0.42751141643422175,0
15,P22,P22,Post_P22,0,0.30053635382464033,0
15,P22,P22,Post_P22,0,0.48117692354675323,0
15,P22,P22,Post_P22,0,0.4396505527647754,0
15,P22,P22,Post_P22,0,0.27222498384401494,0
15,P22,P22,Post_P22,0,0.42302832096503584,0
15,P22,P22,Post_P22,0,0.03348476664828116,0
15,P22,P22,Post_P22,0,0.5211356704138654,1
15,P22,P22,Post_P22,0,0.6055097192285496,1
15,P22,P22,Post_P22,0,0.5328240940251823,1
15,P22,P22,Post_P22,0,0.3271214358203423,0
15,P22,P22,Post_P22,0,0.3599430266507186,0
15,P22,P22,Post_P22,0,0.6487732929996894,1
15,P22,P22,Post_P22,0,0.5394152582032038,1
15,P22,P22,Post_P22,0,0.3947430610521013,0
15,P22,P22,Post_P22,0,0.1179616875516108,0
15,P22,P22,Post_P22,0,0.2520996193215637,0
15,P22,P22,Post_P22,0,0.3000154168703452,0
15,P22,P22,Post_P22,0,0.11183388892832367,0
15,P22,P22,Post_P22,0,0.15878461167083371,0
15,P22,P22,Post_P22,0,0.5797921842209999,1
15,P22,P22,Post_P22,0,0.3211373714128826,0
15,P22,P22,Post_P22,0,0.6161203749055186,1
15,P22,P22,Post_P22,0,0.5119941452539926,1
15,P22,P22,Post_P22,0,0.4220717054520419,0
15,P22,P22,Post_P22,0,0.2396174760197347,0
15,P22,P22,Post_P22,0,0.5319055250807065,1
15,P22,P22,Post_P22,0,0.35833953481579983,0
15,P22,P22,Post_P22,0,0.400142922313213,0
15,P22,P22,Post_P22,0,0.34748804742530676,0
15,P22,P22,Post_P22,0,0.34445052787668373,0
15,P22,P22,Post_P22,0,0.60129634729136,1
15,P22,P22,Post_P22,0,0.40518514050740306,0
15,P22,P22,Post_P22,0,0.4175069721237493,0
15,P22,P22,Post_P22,0,0.5548527876538636,1
15,P22,P22,Post_P22,0,0.5844870741687564,1
15,P22,P22,Post_P22,0,0.4186715600315366,0
15,P22,P22,Post_P22,0,0.5250632204875871,1
15,P22,P22,Post_P22,0,0.41242966223351507,0
15,P22,P22,Post_P22,0,0.49921286214513133,0
15,P22,P22,Post_P22,0,0.5435268163191529,1
15,P22,P22,Post_P22,0,0.6705042170426474,1
15,P22,P22,Post_P22,0,0.2458522067267236,0
15,P22,P22,Post_P22,0,0.6550589196446267,1
15,P22,P22,Post_P22,0,0.5424888776547431,1
15,P22,P22,Post_P22,0,0.5049146445219289,1
15,P22,P22,Post_P22,0,0.5046696873678287,1
15,P22,P22,Post_P22,0,0.5081203461301679,1
15,P22,P22,Post_P22,0,0.7608323518595914,1
16,P23,P23,Post_P23,0,0.11436087722780605,0
16,P23,P23,Post_P23,0,0.20690181478355976,0
16,P23,P23,Post_P23,0,0.06303197726717884,0
16,P23,P23,Post_P23,0,0.4929452625127776,0
16,P23,P23,Post_P23,0,0.3608409217823253,0
16,P23,P23,Post_P23,0,0.015997559226164075,0
16,P23,P23,Post_P23,0,0.22562945350287722,0
16,P23,P23,Post_P23,0,0.34975617072461745,0
16,P23,P23,Post_P23,0,0.42954577317601594,0
16,P23,P23,Post_P23,0,0.48335163214331756,0
16,P23,P23,Post_P23,0,0.1824830630504171,0
16,P23,P23,Post_P23,0,0.6776408801113033,1
16,P23,P23,Post_P23,0,0.41431750162244374,0
16,P23,P23,Post_P23,0,0.36551070763652554,0
16,P23,P23,Post_P23,0,0.33446414107746864,0
16,P23,P23,Post_P23,0,0.4750902672015147,0
16,P23,P23,Post_P23,0,0.2496367387417212,0
16,P23,P23,Post_P23,0,0.33460984645400044,0
16,P23,P23,Post_P23,0,0.22721457093040037,0
16,P23,P23,Post_P23,0,0.6549331449583523,1
16,P23,P23,Post_P23,0,0.11922025438076261,0
16,P23,P23,Post_P23,0,0.21635542627679244,0
16,P23,P23,Post_P23,0,0.5457637385578561,1
16,P23,P23,Post_P23,0,0.5547080608976886,1
16,P23,P23,Post_P23,0,0.32610221889873836,0
16,P23,P23,Post_P23,0,0.3104463101001592,0
16,P23,P23,Post_P23,0,0.30772182553646005,0
16,P23,P23,Post_P23,0,0.178657714663213,0
16,P23,P23,Post_P23,0,0.5219150624024207,1
16,P23,P23,Post_P23,0,0.13229532630237634,0
16,P23,P23,Post_P23,0,0.35799980469855613,0
16,P23,P23,Post_P23,0,0.4545187498745397,0
16,P23,P23,Post_P23,0,0.48395325197611777,0
16,P23,P23,Post_P23,0,0.2492425967686392,0
16,P23,P23,Post_P23,0,0.1366336195461555,0
16,P23,P23,Post_P23,0,0.392780454503356,0
16,P23,P23,Post_P23,0,0.7958884879602719,1
16,P23,P23,Post_P23,0,0.40863953527822494,0
16,P23,P23,Post_P23,0,0.46282231985371536,0
16,P23,P23,Post_P23,0,0.26358762941380054,0
16,P23,P23,Post_P23,0,0.3658774584823827,0
16,P23,P23,Post_P23,0,0.5605959458457167,1
16,P23,P23,Post_P23,0,0.35738151614161007,0
16,P23,P23,Post_P23,0,0.1660676106615309,0
16,P23,P23,Post_P23,0,0.05903012247499126,0
16,P23,P23,Post_P23,0,0.5647718046428669,1
16,P23,P23,Post_P23,0,0.34591544515411066,0
16,P23,P23,Post_P23,0,0.18560267071198933,0
16,P23,P23,Post_P23,0,0.2525012938314893,0
16,P23,P23,Post_P23,0,0.523660054304649,1
16,P23,P23,Post_P23,0,0.41306069951330565,0
16,P23,P23,Post_P23,0,0.6687361641784356,1
16,P23,P23,Post_P23,0,0.3943303522836864,0
16,P23,P23,Post_P23,0,0.10989214248714317,0
16,P23,P23,Post_P23,0,0.0833322363222786,0
16,P23,P23,Post_P23,0,0.3942496468308897,0
16,P23,P23,Post_P23,0,0.6802028922471256,1
16,P23,P23,Post_P23,0,0.5375898309818384,1
16,P23,P23,Post_P23,0,0.23351830554760983,0
16,P23,P23,Post_P23,0,0.23457676151790877,0
16,P23,P23,Post_P23,0,0.3554603279373715,0
16,P23,P23,Post_P23,0,0.4492027647688929,0
16,P23,P23,Post_P23,0,0.36275033287485703,0
16,P23,P23,Post_P23,0,0.42395872363640386,0
16,P23,P23,Post_P23,0,0.13926568663752575,0
16,P23,P23,Post_P23,0,0.3417080756961101,0
16,P23,P23,Post_P23,0,0.41576224566685976,0
16,P23,P23,Post_P23,0,0.22587101278099248,0
16,P23,P23,Post_P23,0,0.5377092322138523,1
16,P23,P23,Post_P23,0,0.15050442830925237,0
16,P23,P23,Post_P23,0,0.20840710523418965,0
16,P23,P23,Post_P23,0,0.4374385964350626,0
16,P23,P23,Post_P23,0,0.41140194119759127,0
16,P23,P23,Post_P23,0,0.37375921383777255,0
16,P23,P23,Post_P23,0,0.2831607567363399,0
16,P23,P23,Post_P23,0,0.41193969830039395,0
16,P23,P23,Post_P23,0,0.17478945445503488,0
16,P23,P23,Post_P23,0,0.08192514057098867,0
16,P23,P23,Post_P23,0,0.29105376883702777,0
16,P23,P23,Post_P23,0,0.522654247546064,1
16,P23,P23,Post_P23,0,0.3908119651895261,0
16,P23,P23,Post_P23,0,0.1703590702201428,0
16,P23,P23,Post_P23,0,0.25075821441438645,0
16,P23,P23,Post_P23,0,0.4013359569285044,0
16,P23,P23,Post_P23,0,0.31358939962589666,0
16,P23,P23,Post_P23,0,0.598314908884767,1
16,P23,P23,Post_P23,0,0.31797135720894026,0
16,P23,P23,Post_P23,0,0.27554693385936774,0
16,P23,P23,Post_P23,0,0.45025962657813434,0
16,P23,P23,Post_P23,0,0.17092709335762554,0
16,P23,P23,Post_P23,0,0.3517987702113132,0
16,P23,P23,Post_P23,0,0.390985106623261,0
16,P23,P23,Post_P23,0,0.2175112692025887,0
16,P23,P23,Post_P23,0,0.06789786246690252,0
16,P23,P23,Post_P23,0,0.40950390740551884,0
16,P23,P23,Post_P23,0,0.17315021316622967,0
16,P23,P23,Post_P23,0,0.27865513625988175,0
16,P23,P23,Post_P23,0,0.16012220761463136,0
16,P23,P23,Post_P23,0,0.29742054537731194,0
16,P23,P23,Post_P23,0,0.14700035669733055,0
16,P23,P23,Post_P23,0,0.020819707796510125,0
16,P23,P23,Post_P23,0,0.07229505384256203,0
16,P23,P23,Post_P23,0,0.19169615619159783,0
16,P23,P23,Post_P23,0,0.2830781052999018,0
16,P23,P23,Post_P23,0,0.14049504028078627,0
16,P23,P23,Post_P23,0,0.1920966963067292,0
16,P23,P23,Post_P23,0,0.212547212116324,0
16,P23,P23,Post_P23,0,0.5821417657437915,1
16,P23,P23,Post_P23,0,0.18626586044569007,0
16,P23,P23,Post_P23,0,0.3726876758788557,0
16,P23,P23,Post_P23,0,0.3886939797980649,0
16,P23,P23,Post_P23,0,0.6899270917597004,1
16,P23,P23,Post_P23,0,0.3885645792011645,0
16,P23,P23,Post_P23,0,0.15100693688913336,0
16,P23,P23,Post_P23,0,0.6204865801816027,1
16,P23,P23,Post_P23,0,0.4586325310512353,0
16,P23,P23,Post_P23,0,0.44422424575442676,0
16,P23,P23,Post_P23,0,0.20783693033182357,0
16,P23,P23,Post_P23,0,0.20455860832114842,0
16,P23,P23,Post_P23,0,0.535981240928171,1
16,P23,P23,Post_P23,0,0.3392809001406018,0
16,P23,P23,Post_P23,0,0.23881486526850706,0
16,P23,P23,Post_P23,0,0.34143295693355746,0
16,P23,P23,Post_P23,0,0.5242176809516922,1
16,P23,P23,Post_P23,0,0.3400849792362853,0
16,P23,P23,Post_P23,0,0.26146620370392926,0
16,P23,P23,Post_P23,0,0.3244926901535856,0
16,P23,P23,Post_P23,0,0.4251943084678627,0
16,P23,P23,Post_P23,0,0.5045315650625913,1
16,P23,P23,Post_P23,0,0.5395600835909956,1
16,P23,P23,Post_P23,0,0.3235364556088769,0
16,P23,P23,Post_P23,0,0.2954351548806481,0
16,P23,P23,Post_P23,0,0.49425485110697853,0
16,P23,P23,Post_P23,0,0.26769930777909745,0
16,P23,P23,Post_P23,0,0.4023780291722913,0
16,P23,P23,Post_P23,0,0.37212198418216624,0
16,P23,P23,Post_P23,0,0.42038259871845535,0
16,P23,P23,Post_P23,0,0.39867181168146576,0
16,P23,P23,Post_P23,0,0.11078933228481573,0
16,P23,P23,Post_P23,0,0.41129019253738447,0
16,P23,P23,Post_P23,0,0.5967464859063248,1
16,P23,P23,Post_P23,0,0.3058447039379911,0
16,P23,P23,Post_P23,0,0.4778950259988921,0
16,P23,P23,Post_P23,0,0.18497639700626656,0
16,P23,P23,Post_P23,0,0.23260238191465896,0
16,P23,P23,Post_P23,0,0.10510574516797322,0
16,P23,P23,Post_P23,0,0.3334363743987891,0
16,P23,P23,Post_P23,0,0.36396535117363005,0
16,P23,P23,Post_P23,0,0.4116331313030206,0
16,P23,P23,Post_P23,0,0.19632892156591797,0
16,P23,P23,Post_P23,0,0.3019308194373886,0
16,P23,P23,Post_P23,0,0.4099649233125285,0
16,P23,P23,Post_P23,0,0.39870008309907196,0
16,P23,P23,Post_P23,0,0.3005572816052947,0
16,P23,P23,Post_P23,0,0.2842908967865548,0
16,P23,P23,Post_P23,0,0.2024804728086401,0
16,P23,P23,Post_P23,0,0.4304072542816892,0
16,P23,P23,Post_P23,0,0.13646433020393214,0
16,P23,P23,Post_P23,0,0.28178175070414185,0
16,P23,P23,Post_P23,0,0.3938004334145843,0
16,P23,P23,Post_P23,0,0.3595252376313268,0
16,P23,P23,Post_P23,0,0.3573679235895653,0
16,P23,P23,Post_P23,0,0.4101226816509553,0
16,P23,P23,Post_P23,0,0.7538529499851194,1
16,P23,P23,Post_P23,0,0.42085029923925954,0
16,P23,P23,Post_P23,0,0.17185811946380633,0
16,P23,P23,Post_P23,0,0.6571266586350186,1
16,P23,P23,Post_P23,0,0.3089762123078911,0
16,P23,P23,Post_P23,0,0.22799923485870283,0
16,P23,P23,Post_P23,0,0.2801287164357998,0
16,P23,P23,Post_P23,0,0.40589838665649625,0
16,P23,P23,Post_P23,0,0.6164309452224156,1
16,P23,P23,Post_P23,0,0.4016885677016646,0
16,P23,P23,Post_P23,0,0.32557186325804954,0
16,P23,P23,Post_P23,0,0.32830717182396957,0
16,P23,P23,Post_P23,0,0.5502791727385181,1
16,P23,P23,Post_P23,0,0.33441084592396497,0
16,P23,P23,Post_P23,0,0.528491758370607,1
16,P23,P23,Post_P23,0,0.5161121163963418,1
16,P23,P23,Post_P23,0,0.4160056486255609,0
16,P23,P23,Post_P23,0,0.591459699313739,1
16,P23,P23,Post_P23,0,0.2160158341565821,0
16,P23,P23,Post_P23,0,0.04368259382155052,0
16,P23,P23,Post_P23,0,0.33486101035956567,0
16,P23,P23,Post_P23,0,0.48578890836154853,0
16,P23,P23,Post_P23,0,0.2940378284968011,0
16,P23,P23,Post_P23,0,0.42074490610359183,0
16,P23,P23,Post_P23,0,0.4267515683584398,0
16,P23,P23,Post_P23,0,0.331057396651893,0
16,P23,P23,Post_P23,0,0.38242899988865037,0
16,P23,P23,Post_P23,0,0.29906237161451044,0
16,P23,P23,Post_P23,0,0.07577705345963964,0
16,P23,P23,Post_P23,0,0.5074979300888256,1
16,P23,P23,Post_P23,0,0.2895067724227713,0
16,P23,P23,Post_P23,0,0.4421386814980988,0
16,P23,P23,Post_P23,0,0.08416011776274457,0
16,P23,P23,Post_P23,0,0.44906638747761146,0
16,P23,P23,Post_P23,0,0.37899690047261714,0
16,P23,P23,Post_P23,0,0.17072355358741353,0
16,P23,P23,Post_P23,0,0.6316283715914104,1
16,P23,P23,Post_P23,0,0.23679437729540287,0
16,P23,P23,Post_P23,0,0.1923057876688213,0
16,P23,P23,Post_P23,0,0.47252634645118907,0
16,P23,P23,Post_P23,0,0.17809014581645416,0
16,P23,P23,Post_P23,0,0.37259380967006833,0
16,P23,P23,Post_P23,0,0.5751862457378244,1
16,P23,P23,Post_P23,0,0.23588644245509133,0
16,P23,P23,Post_P23,0,0.2717084844858881,0
16,P23,P23,Post_P23,0,0.41397652991563066,0
16,P23,P23,Post_P23,0,0.15240285553386113,0
16,P23,P23,Post_P23,0,0.40191188315752857,0
16,P23,P23,Post_P23,0,0.2535241894865427,0
16,P23,P23,Post_P23,0,0.3995286664045588,0
16,P23,P23,Post_P23,0,0.5223555682706374,1
16,P23,P23,Post_P23,0,0.39181161732457676,0
16,P23,P23,Post_P23,0,0.4912220608559787,0
16,P23,P23,Post_P23,0,0.48402287811178446,0
16,P23,P23,Post_P23,0,0.16448301826516,0
16,P23,P23,Post_P23,0,0.4577248153011568,0
16,P23,P23,Post_P23,0,0.46524401186267345,0
16,P23,P23,Post_P23,0,0.28456472817904827,0
16,P23,P23,Post_P23,0,0.2861964762397497,0
16,P23,P23,Post_P23,0,0.07492529454447075,0
16,P23,P23,Post_P23,0,0.27941409618979857,0
16,P23,P23,Post_P23,0,0.42893501191599576,0
16,P23,P23,Post_P23,0,0.17156093104755613,0
16,P23,P23,Post_P23,0,0.09676807179086214,0
16,P23,P23,Post_P23,0,0.2934095096455768,0
16,P23,P23,Post_P23,0,0.3569428050930543,0
16,P23,P23,Post_P23,0,0.2675222226022107,0
16,P23,P23,Post_P23,0,0.22560056265580986,0
16,P23,P23,Post_P23,0,0.2070585901429599,0
16,P23,P23,Post_P23,0,0.5277909548008815,1
16,P23,P23,Post_P23,0,0.42403586408270816,0
16,P23,P23,Post_P23,0,0.26309362419166976,0
16,P23,P23,Post_P23,0,0.6019195242793022,1
16,P23,P23,Post_P23,0,0.6103486679074113,1
16,P23,P23,Post_P23,0,0.3457553334470593,0
16,P23,P23,Post_P23,0,0.6525644533686125,1
16,P23,P23,Post_P23,0,0.4002820562676058,0
16,P23,P23,Post_P23,0,0.21426648076460922,0
16,P23,P23,Post_P23,0,0.419915727443342,0
16,P23,P23,Post_P23,0,0.23225394017085677,0
16,P23,P23,Post_P23,0,0.2633700632285477,0
16,P23,P23,Post_P23,0,0.30755101298402093,0
16,P23,P23,Post_P23,0,0.47464951463127364,0
16,P23,P23,Post_P23,0,0.29364387546114695,0
16,P23,P23,Post_P23,0,0.3025975361349891,0
16,P23,P23,Post_P23,0,0.383644462333302,0
16,P23,P23,Post_P23,0,0.2899402432013972,0
16,P23,P23,Post_P23,0,0.5149653609542251,1
16,P23,P23,Post_P23,0,0.626934242050702,1
16,P23,P23,Post_P23,0,0.16639339344730011,0
16,P23,P23,Post_P23,0,0.3695298563268415,0
16,P23,P23,Post_P23,0,0.3726297491481872,0
16,P23,P23,Post_P23,0,0.3454183853078357,0
16,P23,P23,Post_P23,0,0.24615849680670296,0
16,P23,P23,Post_P23,0,0.33742652566663706,0
16,P23,P23,Post_P23,0,0.27045900479139606,0
16,P23,P23,Post_P23,0,0.509367097383974,1
16,P23,P23,Post_P23,0,0.6015665793333497,1
16,P23,P23,Post_P23,0,0.296701092561329,0
16,P23,P23,Post_P23,0,0.5330012287160301,1
16,P23,P23,Post_P23,0,0.27418066860167317,0
16,P23,P23,Post_P23,0,0.5216389666474336,1
16,P23,P23,Post_P23,0,0.4088040167960565,0
16,P23,P23,Post_P23,0,0.3076582928705056,0
16,P23,P23,Post_P23,0,0.027975816831980298,0
16,P23,P23,Post_P23,0,0.2870303613829051,0
16,P23,P23,Post_P23,0,0.1138750685486402,0
16,P23,P23,Post_P23,0,0.3251897420719748,0
16,P23,P23,Post_P23,0,0.504677266482438,1
16,P23,P23,Post_P23,0,0.3208574579515095,0
16,P23,P23,Post_P23,0,0.11011724979712659,0
16,P23,P23,Post_P23,0,0.048266845550396925,0
16,P23,P23,Post_P23,0,0.19139528488370575,0
16,P23,P23,Post_P23,0,0.0963997886780682,0
16,P23,P23,Post_P23,0,0.5304193215249954,1
16,P23,P23,Post_P23,0,0.20357600948381735,0
16,P23,P23,Post_P23,0,0.2103900559900041,0
16,P23,P23,Post_P23,0,0.4457659662427274,0
16,P23,P23,Post_P23,0,0.4406426568890645,0
16,P23,P23,Post_P23,0,0.4945387926885643,0
16,P23,P23,Post_P23,0,0.5163827894003566,1
16,P23,P23,Post_P23,0,0.18752534609666793,0
16,P23,P23,Post_P23,0,0.4290029116545706,0
16,P23,P23,Post_P23,0,0.3886202642795659,0
16,P23,P23,Post_P23,0,0.48091766460393337,0
16,P23,P23,Post_P23,0,0.46075071630883624,0
16,P23,P23,Post_P23,0,0.5371572913869236,1
16,P23,P23,Post_P23,0,0.24535312590310346,0
16,P23,P23,Post_P23,0,0.3672424361742216,0
16,P23,P23,Post_P23,0,0.5003920422343604,1
16,P23,P23,Post_P23,0,0.2139151430295794,0
16,P23,P23,Post_P23,0,0.48889459414002984,0
16,P23,P23,Post_P23,0,0.5981140253211362,1
16,P23,P23,Post_P23,0,0.2924868910687015,0
16,P23,P23,Post_P23,0,0.40989647908464916,0
16,P23,P23,Post_P23,0,0.30153645430053694,0
16,P23,P23,Post_P23,0,0.1353517092610836,0
16,P23,P23,Post_P23,0,0.09747748667428532,0
16,P23,P23,Post_P23,0,0.013627566094385651,0
16,P23,P23,Post_P23,0,0.5745354021724409,1
16,P23,P23,Post_P23,0,0.27749509981541465,0
16,P23,P23,Post_P23,0,0.6022380707587256,1
16,P23,P23,Post_P23,0,0.3515499022731632,0
16,P23,P23,Post_P23,0,0.03238186127773596,0
16,P23,P23,Post_P23,0,0.5027555353751577,1
16,P23,P23,Post_P23,0,0.13153486144550944,0
16,P23,P23,Post_P23,0,0.3950887656661489,0
16,P23,P23,Post_P23,0,0.3874563912347756,0
16,P23,P23,Post_P23,0,0.3096691214812225,0
16,P23,P23,Post_P23,0,0.2537893176949903,0
16,P23,P23,Post_P23,0,0.3327908066661539,0
16,P23,P23,Post_P23,0,0.2877192721885875,0
16,P23,P23,Post_P23,0,0.21192418081611858,0
16,P23,P23,Post_P23,0,0.2750576285294471,0
16,P23,P23,Post_P23,0,0.3652291695068276,0
16,P23,P23,Post_P23,0,0.21278250888064548,0
16,P23,P23,Post_P23,0,0.1953132540723011,0
16,P23,P23,Post_P23,0,0.1669829797253948,0
16,P23,P23,Post_P23,0,0.3471028026612457,0
16,P23,P23,Post_P23,0,0.5325241827312297,1
16,P23,P23,Post_P23,0,0.22698338698682427,0
16,P23,P23,Post_P23,0,0.20653981031720386,0
16,P23,P23,Post_P23,0,0.3649679189822197,0
16,P23,P23,Post_P23,0,0.4740343585212558,0
16,P23,P23,Post_P23,0,0.4018815668203742,0
16,P23,P23,Post_P23,0,0.525545281806949,1
16,P23,P23,Post_P23,0,0.3993446226156709,0
16,P23,P23,Post_P23,0,0.4701724279770864,0
16,P23,P23,Post_P23,0,0.5506854955038578,1
16,P23,P23,Post_P23,0,0.4487435093807723,0
16,P23,P23,Post_P23,0,0.17639128964327894,0
16,P23,P23,Post_P23,0,0.6920021422500667,1
16,P23,P23,Post_P23,0,0.5886352419828748,1
16,P23,P23,Post_P23,0,0.06478376145614873,0
16,P23,P23,Post_P23,0,0.2602902988142262,0
16,P23,P23,Post_P23,0,0.4552103255878369,0
16,P23,P23,Post_P23,0,0.0915823321643036,0
16,P23,P23,Post_P23,0,0.05443659166013657,0
16,P23,P23,Post_P23,0,0.41408405821251204,0
16,P23,P23,Post_P23,0,0.4590043023242212,0
16,P23,P23,Post_P23,0,0.2830681725341165,0
16,P23,P23,Post_P23,0,0.18786473418677557,0
16,P23,P23,Post_P23,0,0.13839593643791126,0
16,P23,P23,Post_P23,0,0.48674997526008956,0
16,P23,P23,Post_P23,0,0.39364077554099214,0
16,P23,P23,Post_P23,0,0.11657477876001374,0
16,P23,P23,Post_P23,0,0.21578651856559858,0
16,P23,P23,Post_P23,0,0.47994538562036887,0
16,P23,P23,Post_P23,0,0.47984538773959307,0
16,P23,P23,Post_P23,0,0.4601583013423771,0
16,P23,P23,Post_P23,0,0.12889659024036693,0
16,P23,P23,Post_P23,0,0.23247464084712705,0
16,P23,P23,Post_P23,0,0.3402023026406187,0
16,P23,P23,Post_P23,0,0.3087935421135374,0
16,P23,P23,Post_P23,0,0.5391860138880494,1
16,P23,P23,Post_P23_2,0,0.6627346462731136,1
16,P23,P23,Post_P23_2,0,0.4155542244782806,0
16,P23,P23,Post_P23_2,0,0.417055021913775,0
16,P23,P23,Post_P23_2,0,0.3666570074023648,0
16,P23,P23,Post_P23_2,0,0.37069607146959443,0
16,P23,P23,Post_P23_2,0,0.4624541284108661,0
16,P23,P23,Post_P23_2,0,0.6212470353107384,1
16,P23,P23,Post_P23_2,0,0.37080712593835746,0
16,P23,P23,Post_P23_2,0,0.3329445604066008,0
16,P23,P23,Post_P23_2,0,0.5035468254157397,1
16,P23,P23,Post_P23_2,0,0.24797894738317652,0
16,P23,P23,Post_P23_2,0,0.11939318680573949,0
16,P23,P23,Post_P23_2,0,0.6376608585664243,1
16,P23,P23,Post_P23_2,0,0.37651437346418226,0
16,P23,P23,Post_P23_2,0,0.3184266091744581,0
16,P23,P23,Post_P23_2,0,0.4476684317412838,0
16,P23,P23,Post_P23_2,0,0.2839743137579526,0
16,P23,P23,Post_P23_2,0,0.33777129246385496,0
16,P23,P23,Post_P23_2,0,0.6972490392498919,1
16,P23,P23,Post_P23_2,0,0.3820190166473656,0
16,P23,P23,Post_P23_2,0,0.42158269495936107,0
16,P23,P23,Post_P23_2,0,0.49242413027583715,0
16,P23,P23,Post_P23_2,0,0.39125162781779477,0
16,P23,P23,Post_P23_2,0,0.46754887178498244,0
16,P23,P23,Post_P23_2,0,0.3020067729643451,0
16,P23,P23,Post_P23_2,0,0.37299282549315455,0
16,P23,P23,Post_P23_2,0,0.16823223245045518,0
16,P23,P23,Post_P23_2,0,0.17510957262934643,0
16,P23,P23,Post_P23_2,0,0.41638863464653164,0
16,P23,P23,Post_P23_2,0,0.4661615630421085,0
16,P23,P23,Post_P23_2,0,0.45258140061291957,0
16,P23,P23,Post_P23_2,0,0.1817292946352197,0
16,P23,P23,Post_P23_2,0,0.4941720048550791,0
16,P23,P23,Post_P23_2,0,0.47306569839032797,0
16,P23,P23,Post_P23_2,0,0.2916361553334517,0
16,P23,P23,Post_P23_2,0,0.321599710224793,0
16,P23,P23,Post_P23_2,0,0.450791628515963,0
16,P23,P23,Post_P23_2,0,0.14223619763527595,0
16,P23,P23,Post_P23_2,0,0.4252971304867119,0
16,P23,P23,Post_P23_2,0,0.33121638075908333,0
16,P23,P23,Post_P23_2,0,0.6807903611373852,1
16,P23,P23,Post_P23_2,0,0.25386685506084694,0
16,P23,P23,Post_P23_2,0,0.647903062197243,1
16,P23,P23,Post_P23_2,0,0.2802474261445594,0
16,P23,P23,Post_P23_2,0,0.29445701034845334,0
16,P23,P23,Post_P23_2,0,0.3077246166888995,0
16,P23,P23,Post_P23_2,0,0.6215550773273081,1
16,P23,P23,Post_P23_2,0,0.31626165915452353,0
16,P23,P23,Post_P23_2,0,0.2593308159036272,0
16,P23,P23,Post_P23_2,0,0.43924443056015444,0
16,P23,P23,Post_P23_2,0,0.42372553260768997,0
16,P23,P23,Post_P23_2,0,0.3684054504913061,0
16,P23,P23,Post_P23_2,0,0.3343646320826604,0
16,P23,P23,Post_P23_2,0,0.2977820214685371,0
16,P23,P23,Post_P23_2,0,0.6127287242811505,1
16,P23,P23,Post_P23_2,0,0.3858712499478582,0
16,P23,P23,Post_P23_2,0,0.4498520249372184,0
16,P23,P23,Post_P23_2,0,0.37592428576371395,0
16,P23,P23,Post_P23_2,0,0.304300481050848,0
16,P23,P23,Post_P23_2,0,0.5044271781105139,1
16,P23,P23,Post_P23_2,0,0.4194262286456006,0
16,P23,P23,Post_P23_2,0,0.4008545208872132,0
16,P23,P23,Post_P23_2,0,0.2838918454838346,0
16,P23,P23,Post_P23_2,0,0.3994362189051166,0
16,P23,P23,Post_P23_2,0,0.3931571858410344,0
16,P23,P23,Post_P23_2,0,0.3188572005350745,0
16,P23,P23,Post_P23_2,0,0.19866211449182847,0
16,P23,P23,Post_P23_2,0,0.5190978981435568,1
16,P23,P23,Post_P23_2,0,0.24779129994011315,0
16,P23,P23,Post_P23_2,0,0.4786459035470233,0
16,P23,P23,Post_P23_2,0,0.8379614924182126,1
16,P23,P23,Post_P23_2,0,0.5495934035367662,1
16,P23,P23,Post_P23_2,0,0.22414135388454928,0
16,P23,P23,Post_P23_2,0,0.37265486022377636,0
16,P23,P23,Post_P23_2,0,0.2616706416895635,0
16,P23,P23,Post_P23_2,0,0.5053714383488825,1
16,P23,P23,Post_P23_2,0,0.41422098462706425,0
16,P23,P23,Post_P23_2,0,0.41272018511821945,0
16,P23,P23,Post_P23_2,0,0.17836010157176593,0
16,P23,P23,Post_P23_2,0,0.2567049994225134,0
16,P23,P23,Post_P23_2,0,0.3115058707661965,0
16,P23,P23,Post_P23_2,0,0.5081828232680986,1
16,P23,P23,Post_P23_2,0,0.1625568407490004,0
16,P23,P23,Post_P23_2,0,0.2759894262444831,0
16,P23,P23,Post_P23_2,0,0.44897902476326895,0
16,P23,P23,Post_P23_2,0,0.2951769460673716,0
16,P23,P23,Post_P23_2,0,0.2835920860070117,0
16,P23,P23,Post_P23_2,0,0.42024821270708446,0
16,P23,P23,Post_P23_2,0,0.2515413252156093,0
16,P23,P23,Post_P23_2,0,0.5207466593711135,1
16,P23,P23,Post_P23_2,0,0.3896733423313895,0
16,P23,P23,Post_P23_2,0,0.5136611311654521,1
16,P23,P23,Post_P23_2,0,0.2664284226596397,0
16,P23,P23,Post_P23_2,0,0.44352643893811006,0
16,P23,P23,Post_P23_2,0,0.4557023214998699,0
16,P23,P23,Post_P23_2,0,0.3061740178430019,0
16,P23,P23,Post_P23_2,0,0.47636836000899235,0
16,P23,P23,Post_P23_2,0,0.6283532402418188,1
16,P23,P23,Post_P23_2,0,0.2644700726693936,0
16,P23,P23,Post_P23_2,0,0.23698753435330353,0
16,P23,P23,Post_P23_2,0,0.4677632113921772,0
16,P23,P23,Post_P23_2,0,0.5263098601817319,1
16,P23,P23,Post_P23_2,0,0.3139984929854444,0
16,P23,P23,Post_P23_2,0,0.3461651273210713,0
16,P23,P23,Post_P23_2,0,0.3917924733090274,0
16,P23,P23,Post_P23_2,0,0.4090341966739942,0
16,P23,P23,Post_P23_2,0,0.3191887625413692,0
16,P23,P23,Post_P23_2,0,0.6729747547700571,1
16,P23,P23,Post_P23_2,0,0.4594142759366429,0
16,P23,P23,Post_P23_2,0,0.33257498957774584,0
16,P23,P23,Post_P23_2,0,0.19259120788701078,0
16,P23,P23,Post_P23_2,0,0.35979269511110773,0
16,P23,P23,Post_P23_2,0,0.28274496548762246,0
16,P23,P23,Post_P23_2,0,0.6678771386703377,1
16,P23,P23,Post_P23_2,0,0.43901408402764097,0
16,P23,P23,Post_P23_2,0,0.4854157870059954,0
16,P23,P23,Post_P23_2,0,0.57955416252426,1
16,P23,P23,Post_P23_2,0,0.49799921564021177,0
16,P23,P23,Post_P23_2,0,0.19630831818524888,0
16,P23,P23,Post_P23_2,0,0.3464628877762099,0
16,P23,P23,Post_P23_2,0,0.5604836173388069,1
16,P23,P23,Post_P23_2,0,0.30889688743714794,0
16,P23,P23,Post_P23_2,0,0.6665238616218677,1
16,P23,P23,Post_P23_2,0,0.40552034356931016,0
16,P23,P23,Post_P23_2,0,0.34616684860161195,0
16,P23,P23,Post_P23_2,0,0.6555564843159868,1
16,P23,P23,Post_P23_2,0,0.31843749129283544,0
16,P23,P23,Post_P23_2,0,0.3585315322726915,0
16,P23,P23,Post_P23_2,0,0.3306091976492196,0
16,P23,P23,Post_P23_2,0,0.41381756416414767,0
16,P23,P23,Post_P23_2,0,0.2761381941531307,0
16,P23,P23,Post_P23_2,0,0.6850964330502481,1
16,P23,P23,Post_P23_2,0,0.20914945534533888,0
16,P23,P23,Post_P23_2,0,0.35787464856206785,0
16,P23,P23,Post_P23_2,0,0.38097436815340746,0
16,P23,P23,Post_P23_2,0,0.3085098801177573,0
16,P23,P23,Post_P23_2,0,0.4877771137405777,0
16,P23,P23,Post_P23_2,0,0.367758813522045,0
16,P23,P23,Post_P23_2,0,0.4285595290386048,0
16,P23,P23,Post_P23_2,0,0.39327296866113554,0
16,P23,P23,Post_P23_2,0,0.2158166787359027,0
16,P23,P23,Post_P23_2,0,0.2574895982951517,0
16,P23,P23,Post_P23_2,0,0.47908266025326907,0
16,P23,P23,Post_P23_2,0,0.3527732020735813,0
16,P23,P23,Post_P23_2,0,0.5470836653551342,1
16,P23,P23,Post_P23_2,0,0.31283236027862016,0
16,P23,P23,Post_P23_2,0,0.3871937386933872,0
16,P23,P23,Post_P23_2,0,0.4572776922840211,0
16,P23,P23,Post_P23_2,0,0.35431153342946914,0
16,P23,P23,Post_P23_2,0,0.6776980671948957,1
16,P23,P23,Post_P23_2,0,0.4489452776567213,0
16,P23,P23,Post_P23_2,0,0.5591359333391355,1
16,P23,P23,Post_P23_2,0,0.7639233896577015,1
16,P23,P23,Post_P23_2,0,0.4482563385198357,0
16,P23,P23,Post_P23_2,0,0.5709729180079154,1
16,P23,P23,Post_P23_2,0,0.4984077953932187,0
16,P23,P23,Post_P23_2,0,0.2566800025692484,0
16,P23,P23,Post_P23_2,0,0.29261033018370575,0
16,P23,P23,Post_P23_2,0,0.36186925883116755,0
16,P23,P23,Post_P23_2,0,0.3740499875073693,0
16,P23,P23,Post_P23_2,0,0.31839706618359315,0
16,P23,P23,Post_P23_2,0,0.4133218561099756,0
16,P23,P23,Post_P23_2,0,0.21577257488199328,0
16,P23,P23,Post_P23_2,0,0.5447730549658937,1
16,P23,P23,Post_P23_2,0,0.4503137569768069,0
16,P23,P23,Post_P23_2,0,0.16242777662958746,0
16,P23,P23,Post_P23_2,0,0.7082901932247787,1
16,P23,P23,Post_P23_2,0,0.3975340768713756,0
16,P23,P23,Post_P23_2,0,0.45201112716660946,0
16,P23,P23,Post_P23_2,0,0.19438829477639788,0
16,P23,P23,Post_P23_2,0,0.47885326024998176,0
16,P23,P23,Post_P23_2,0,0.5082894874319297,1
16,P23,P23,Post_P23_2,0,0.3219054512095547,0
16,P23,P23,Post_P23_2,0,0.4599200586690016,0
16,P23,P23,Post_P23_2,0,0.1698451329850086,0
16,P23,P23,Post_P23_2,0,0.35178599565798807,0
16,P23,P23,Post_P23_2,0,0.4517589071498393,0
16,P23,P23,Post_P23_2,0,0.5142004365020985,1
16,P23,P23,Post_P23_2,0,0.40506899039992483,0
16,P23,P23,Post_P23_2,0,0.5537734979668859,1
16,P23,P23,Post_P23_2,0,0.23327715581206865,0
16,P23,P23,Post_P23_2,0,0.19643250363546147,0
16,P23,P23,Post_P23_2,0,0.6229378530671418,1
16,P23,P23,Post_P23_2,0,0.4940754255822249,0
16,P23,P23,Post_P23_2,0,0.5545634270485197,1
16,P23,P23,Post_P23_2,0,0.4464804406175074,0
16,P23,P23,Post_P23_2,0,0.4174024325851189,0
16,P23,P23,Post_P23_2,0,0.23472555323764005,0
16,P23,P23,Post_P23_2,0,0.1872760239881064,0
16,P23,P23,Post_P23_2,0,0.5347704197202314,1
16,P23,P23,Post_P23_2,0,0.28006352708410764,0
16,P23,P23,Post_P23_2,0,0.6578973355202948,1
16,P23,P23,Post_P23_2,0,0.568179387613174,1
16,P23,P23,Post_P23_2,0,0.27115782060599813,0
16,P23,P23,Post_P23_2,0,0.5724111482534621,1
16,P23,P23,Post_P23_2,0,0.4810446564595916,0
16,P23,P23,Post_P23_2,0,0.3386473695827161,0
16,P23,P23,Post_P23_2,0,0.2323176872874534,0
16,P23,P23,Post_P23_2,0,0.3527692639101963,0
16,P23,P23,Post_P23_2,0,0.40562539412637016,0
16,P23,P23,Post_P23_2,0,0.4007112342089186,0
16,P23,P23,Post_P23_2,0,0.3257793213366717,0
16,P23,P23,Post_P23_2,0,0.24721600916806488,0
16,P23,P23,Post_P23_2,0,0.3110767818077961,0
16,P23,P23,Post_P23_2,0,0.3367883319039,0
16,P23,P23,Post_P23_2,0,0.4317853173675925,0
16,P23,P23,Post_P23_2,0,0.5156781327265468,1
16,P23,P23,Post_P23_2,0,0.732566571315336,1
16,P23,P23,Post_P23_2,0,0.5511410430652852,1
16,P23,P23,Post_P23_2,0,0.2601839028823483,0
16,P23,P23,Post_P23_2,0,0.4196307223050955,0
16,P23,P23,Post_P23_2,0,0.20141967196202537,0
16,P23,P23,Post_P23_2,0,0.24755618010854769,0
16,P23,P23,Post_P23_2,0,0.3852771645115658,0
16,P23,P23,Post_P23_2,0,0.2397825503486011,0
16,P23,P23,Post_P23_2,0,0.4036967809761572,0
16,P23,P23,Post_P23_2,0,0.2126838636607062,0
16,P23,P23,Post_P23_2,0,0.30285233342837314,0
16,P23,P23,Post_P23_2,0,0.5599833243465506,1
16,P23,P23,Post_P23_2,0,0.3266384213341784,0
16,P23,P23,Post_P23_2,0,0.18126042951149718,0
16,P23,P23,Post_P23_2,0,0.4844177372412618,0
16,P23,P23,Post_P23_2,0,0.4845051314642393,0
16,P23,P23,Post_P23_2,0,0.298257044757958,0
16,P23,P23,Post_P23_2,0,0.3148998434717351,0
16,P23,P23,Post_P23_2,0,0.466235333276849,0
16,P23,P23,Post_P23_2,0,0.2864248764136876,0
16,P23,P23,Post_P23_2,0,0.41812644676530886,0
16,P23,P23,Post_P23_2,0,0.2032937727985509,0
16,P23,P23,Post_P23_2,0,0.46405664436792227,0
16,P23,P23,Post_P23_2,0,0.3797784572637869,0
16,P23,P23,Post_P23_2,0,0.7624313583855522,1
16,P23,P23,Post_P23_2,0,0.3224365088152241,0
16,P23,P23,Post_P23_2,0,0.2492942752805243,0
16,P23,P23,Post_P23_2,0,0.2628800033668739,0
16,P23,P23,Post_P23_2,0,0.3382428668601638,0
16,P23,P23,Post_P23_2,0,0.14711351054026622,0
16,P23,P23,Post_P23_2,0,0.5218024437450914,1
16,P23,P23,Post_P23_2,0,0.6747982339593178,1
16,P23,P23,Post_P23_2,0,0.30846918142218893,0
16,P23,P23,Post_P23_2,0,0.1630208342277378,0
16,P23,P23,Post_P23_2,0,0.21879667056427843,0
16,P23,P23,Post_P23_2,0,0.36917430607268975,0
16,P23,P23,Post_P23_2,0,0.2717986907663962,0
16,P23,P23,Post_P23_2,0,0.47618954703391425,0
16,P23,P23,Post_P23_2,0,0.5808096115270698,1
16,P23,P23,Post_P23_2,0,0.32314995385617346,0
16,P23,P23,Post_P23_2,0,0.36873323931857166,0
16,P23,P23,Post_P23_2,0,0.47589845164171185,0
16,P23,P23,Post_P23_2,0,0.36817200710565273,0
16,P23,P23,Post_P23_2,0,0.6812792092613454,1
16,P23,P23,Post_P23_2,0,0.43684897562649694,0
16,P23,P23,Post_P23_2,0,0.4681814420598269,0
16,P23,P23,Post_P23_2,0,0.3996873694087421,0
16,P23,P23,Post_P23_2,0,0.310865204848297,0
16,P23,P23,Post_P23_2,0,0.3557360729011853,0
16,P23,P23,Post_P23_2,0,0.5410714154120845,1
16,P23,P23,Post_P23_2,0,0.12819271489932793,0
16,P23,P23,Post_P23_2,0,0.35743722854795656,0
16,P23,P23,Post_P23_2,0,0.4429875168726304,0
16,P23,P23,Post_P23_2,0,0.2769095199024132,0
16,P23,P23,Post_P23_2,0,0.6874483262294632,1
16,P23,P23,Post_P23_2,0,0.5542696084247948,1
16,P23,P23,Post_P23_2,0,0.5054154641504491,1
16,P23,P23,Post_P23_2,0,0.5872688357042266,1
16,P23,P23,Post_P23_2,0,0.2535112422925145,0
16,P23,P23,Post_P23_2,0,0.21978423618408333,0
16,P23,P23,Post_P23_2,0,0.44433009885358377,0
16,P23,P23,Post_P23_2,0,0.25488307205229005,0
16,P23,P23,Post_P23_2,0,0.480680423990109,0
16,P23,P23,Post_P23_2,0,0.21539546381414973,0
16,P23,P23,Post_P23_2,0,0.3784722293024016,0
16,P23,P23,Post_P23_2,0,0.3435152976367909,0
16,P23,P23,Post_P23_2,0,0.3661439196440871,0
16,P23,P23,Post_P23_2,0,0.5503695523332566,1
16,P23,P23,Post_P23_2,0,0.47866422440199036,0
16,P23,P23,Post_P23_2,0,0.3223346960951652,0
16,P23,P23,Post_P23_2,0,0.28313187361472775,0
16,P23,P23,Post_P23_2,0,0.46381442320531485,0
16,P23,P23,Post_P23_2,0,0.2441601868058733,0
16,P23,P23,Post_P23_2,0,0.3896791585682403,0
16,P23,P23,Post_P23_2,0,0.40759651357009735,0
16,P23,P23,Post_P23_2,0,0.49576609206313527,0
16,P23,P23,Post_P23_2,0,0.4074222529155008,0
16,P23,P23,Post_P23_2,0,0.295924045943339,0
16,P23,P23,Post_P23_2,0,0.44129346006416564,0
16,P23,P23,Post_P23_2,0,0.5351698712036569,1
16,P23,P23,Post_P23_2,0,0.13347750590758345,0
16,P23,P23,Post_P23_2,0,0.474673487596837,0
16,P23,P23,Post_P23_2,0,0.48699147241107765,0
16,P23,P23,Post_P23_2,0,0.3698821756349072,0
16,P23,P23,Post_P23_2,0,0.20816431637232344,0
16,P23,P23,Post_P23_2,0,0.4725238212356315,0
16,P23,P23,Post_P23_2,0,0.24564192450075595,0
16,P23,P23,Post_P23_2,0,0.43198988035211483,0
16,P23,P23,Post_P23_2,0,0.4115733103014628,0
16,P23,P23,Post_P23_2,0,0.31016320507370515,0
16,P23,P23,Post_P23_2,0,0.30407325366141075,0
16,P23,P23,Post_P23_2,0,0.46779414513833917,0
16,P23,P23,Post_P23_2,0,0.3368633426913708,0
16,P23,P23,Post_P23_2,0,0.20543811561386693,0
16,P23,P23,Post_P23_2,0,0.15552436115340507,0
16,P23,P23,Post_P23_2,0,0.1923128138312972,0
16,P23,P23,Post_P23_2,0,0.6010260210586376,1
16,P23,P23,Post_P23_2,0,0.6223243811581562,1
16,P23,P23,Post_P23_2,0,0.17695682417312267,0
16,P23,P23,Post_P23_2,0,0.2191710728882634,0
16,P23,P23,Post_P23_2,0,0.38096963347548723,0
16,P23,P23,Post_P23_2,0,0.5445812060043229,1
16,P23,P23,Post_P23_2,0,0.29662133860550877,0
16,P23,P23,Post_P23_2,0,0.5929243899686345,1
16,P23,P23,Post_P23_2,0,0.25274642917903034,0
16,P23,P23,Post_P23_2,0,0.41088576527702003,0
16,P23,P23,Post_P23_2,0,0.31805899380905367,0
16,P23,P23,Post_P23_2,0,0.342786167498343,0
16,P23,P23,Post_P23_2,0,0.2131267825837039,0
16,P23,P23,Post_P23_2,0,0.12135766128349772,0
16,P23,P23,Post_P23_2,0,0.43182636446232614,0
16,P23,P23,Post_P23_2,0,0.36054370880988806,0
16,P23,P23,Post_P23_2,0,0.3706523370046046,0
16,P23,P23,Post_P23_2,0,0.18782707786587102,0
16,P23,P23,Post_P23_2,0,0.7347081081731321,1
16,P23,P23,Post_P23_2,0,0.5072149294513302,1
16,P23,P23,Post_P23_2,0,0.455414325079755,0
16,P23,P23,Post_P23_2,0,0.323754745873868,0
16,P23,P23,Post_P23_2,0,0.41776433268342,0
16,P23,P23,Post_P23_2,0,0.45009454719775643,0
16,P23,P23,Post_P23_2,0,0.5155177363481007,1
16,P23,P23,Post_P23_2,0,0.5610818333468668,1
16,P23,P23,Post_P23_2,0,0.2549826192172936,0
16,P23,P23,Post_P23_2,0,0.4694995150968693,0
16,P23,P23,Post_P23_2,0,0.6231507116901799,1
16,P23,P23,Post_P23_2,0,0.22460375337423516,0
16,P23,P23,Post_P23_2,0,0.2064542863676291,0
16,P23,P23,Post_P23_2,0,0.3073885633327895,0
16,P23,P23,Post_P23_2,0,0.3425639074903553,0
16,P23,P23,Post_P23_2,0,0.3401210627578269,0
16,P23,P23,Post_P23_2,0,0.3485169698977244,0
16,P23,P23,Post_P23_2,0,0.24165509238136368,0
16,P23,P23,Post_P23_2,0,0.6410343816463515,1
16,P23,P23,Post_P23_2,0,0.4618821251639889,0
16,P23,P23,Post_P23_2,0,0.5862871558301012,1
16,P23,P23,Post_P23_2,0,0.4164635938498918,0
16,P23,P23,Post_P23_2,0,0.3027000492120593,0
16,P23,P23,Post_P23_2,0,0.30223268046625795,0
16,P23,P23,Post_P23_2,0,0.6638962424614946,1
16,P23,P23,Post_P23_2,0,0.3499001097137523,0
16,P23,P23,Post_P23_2,0,0.29532648791140237,0
16,P23,P23,Post_P23_2,0,0.32180969360701,0
16,P23,P23,Post_P23_2,0,0.6352503738312008,1
16,P23,P23,Post_P23_2,0,0.41820539374132415,0
16,P23,P23,Post_P23_2,0,0.5269299882411842,1
16,P23,P23,Post_P23_2,0,0.4000562634325809,0
16,P23,P23,Post_P23_2,0,0.17619852185550802,0
16,P23,P23,Post_P23_2,0,0.3429094119094189,0
16,P23,P23,Post_P23_2,0,0.24652465666185863,0
16,P23,P23,Post_P23_2,0,0.36495130589910024,0
16,P23,P23,Post_P23_2,0,0.47302118959286815,0
16,P23,P23,Post_P23_2,0,0.7439265697469503,1
16,P23,P23,Post_P23_2,0,0.26347803117619445,0
16,P23,P23,Post_P23_2,0,0.3358982033581647,0
16,P23,P23,Post_P23_2,0,0.26906454890517745,0
17,P24,P24,Pre_P24,1,0.4326374930126342,0
17,P24,P24,Pre_P24,1,0.8029916079705139,1
17,P24,P24,Pre_P24,1,0.4735759984919674,0
17,P24,P24,Pre_P24,1,0.7198694461919455,1
17,P24,P24,Pre_P24,1,0.7599170634702537,1
17,P24,P24,Pre_P24,1,0.2680605363212935,0
17,P24,P24,Pre_P24,1,0.7408031986741139,1
17,P24,P24,Pre_P24,1,0.6973349335595986,1
17,P24,P24,Pre_P24,1,0.34542263628844494,0
17,P24,P24,Pre_P24,1,0.6116342264428829,1
17,P24,P24,Pre_P24,1,0.42526126963382876,0
17,P24,P24,Pre_P24,1,0.5963744458156771,1
17,P24,P24,Pre_P24,1,0.3301531231290567,0
17,P24,P24,Pre_P24,1,0.5330452110242916,1
17,P24,P24,Pre_P24,1,0.7647809033789877,1
17,P24,P24,Pre_P24,1,0.5705491972970547,1
17,P24,P24,Pre_P24,1,0.7332990255774083,1
17,P24,P24,Pre_P24,1,0.7777767969034332,1
17,P24,P24,Pre_P24,1,0.7948211512205869,1
17,P24,P24,Pre_P24,1,0.7042985283949764,1
17,P24,P24,Pre_P24,1,0.18025906999251654,0
17,P24,P24,Pre_P24,1,0.8343175888696241,1
17,P24,P24,Pre_P24,1,0.3194470062532395,0
17,P24,P24,Pre_P24,1,0.6704036711315299,1
17,P24,P24,Pre_P24,1,0.689853124537272,1
17,P24,P24,Pre_P24,1,0.4792535230923298,0
17,P24,P24,Pre_P24,1,0.76599968265173,1
17,P24,P24,Pre_P24,1,0.5563887438955301,1
17,P24,P24,Pre_P24,1,0.6350730905149405,1
17,P24,P24,Pre_P24,1,0.6744285172246334,1
17,P24,P24,Pre_P24,1,0.5057175258002944,1
17,P24,P24,Pre_P24,1,0.5477037609411414,1
17,P24,P24,Pre_P24,1,0.7393169943906406,1
17,P24,P24,Pre_P24,1,0.6747120396062272,1
17,P24,P24,Pre_P24,1,0.45082414177144703,0
17,P24,P24,Pre_P24,1,0.5866734395124102,1
17,P24,P24,Pre_P24,1,0.5912564683257354,1
17,P24,P24,Pre_P24,1,0.3499332196274786,0
17,P24,P24,Pre_P24,1,0.18501226080407204,0
17,P24,P24,Pre_P24,1,0.5281816648513085,1
17,P24,P24,Pre_P24,1,0.4173643216263035,0
17,P24,P24,Pre_P24,1,0.618174320824473,1
17,P24,P24,Pre_P24,1,0.5226749809325796,1
17,P24,P24,Pre_P24,1,0.5449751082314813,1
17,P24,P24,Pre_P24,1,0.47226135437762384,0
17,P24,P24,Pre_P24,1,0.3512231467513417,0
17,P24,P24,Pre_P24,1,0.6472615590274302,1
17,P24,P24,Pre_P24,1,0.525708687794601,1
17,P24,P24,Pre_P24,1,0.5388510396531974,1
17,P24,P24,Pre_P24,1,0.25690756284974836,0
17,P24,P24,Pre_P24,1,0.4830928240157925,0
17,P24,P24,Pre_P24,1,0.6694181693600516,1
17,P24,P24,Pre_P24,1,0.6308274800515261,1
17,P24,P24,Pre_P24,1,0.6350738147045035,1
17,P24,P24,Pre_P24,1,0.747681782978848,1
17,P24,P24,Pre_P24,1,0.8109375090519595,1
17,P24,P24,Pre_P24,1,0.8282031642672061,1
17,P24,P24,Pre_P24,1,0.6408935274591754,1
17,P24,P24,Pre_P24,1,0.7129334717334324,1
17,P24,P24,Pre_P24,1,0.6144597272811391,1
17,P24,P24,Pre_P24,1,0.663642747304852,1
17,P24,P24,Pre_P24,1,0.7408906339142893,1
17,P24,P24,Pre_P24,1,0.7431483380651489,1
17,P24,P24,Pre_P24,1,0.7033018911147356,1
17,P24,P24,Pre_P24,1,0.46717547540331283,0
17,P24,P24,Pre_P24,1,0.5982197354440352,1
17,P24,P24,Pre_P24,1,0.5571553815290722,1
17,P24,P24,Pre_P24,1,0.7168418854752642,1
17,P24,P24,Pre_P24,1,0.7584847827295728,1
17,P24,P24,Pre_P24,1,0.5812948691057078,1
17,P24,P24,Pre_P24,1,0.820393496626128,1
17,P24,P24,Pre_P24,1,0.417155908315167,0
17,P24,P24,Pre_P24,1,0.6711570473507193,1
17,P24,P24,Pre_P24,1,0.6642693800475824,1
17,P24,P24,Pre_P24,1,0.7550595158682193,1
17,P24,P24,Pre_P24,1,0.5914998800820305,1
17,P24,P24,Pre_P24,1,0.5640478846483314,1
17,P24,P24,Pre_P24,1,0.8148768756593419,1
17,P24,P24,Pre_P24,1,0.7723260758517977,1
17,P24,P24,Pre_P24,1,0.2805814780282447,0
17,P24,P24,Pre_P24,1,0.3609708391782415,0
17,P24,P24,Pre_P24,1,0.7715705061560002,1
17,P24,P24,Pre_P24,1,0.709345922798317,1
17,P24,P24,Pre_P24,1,0.7489391562418138,1
17,P24,P24,Pre_P24,1,0.802304801604086,1
17,P24,P24,Pre_P24,1,0.5977161169004246,1
17,P24,P24,Pre_P24,1,0.6809590349136628,1
17,P24,P24,Pre_P24,1,0.5224226333822903,1
17,P24,P24,Pre_P24,1,0.32763605811436497,0
17,P24,P24,Pre_P24,1,0.6889352532570413,1
17,P24,P24,Pre_P24,1,0.4298515248723815,0
17,P24,P24,Pre_P24,1,0.8019007227600035,1
17,P24,P24,Pre_P24,1,0.5817177991190277,1
17,P24,P24,Pre_P24,1,0.6882080451366179,1
17,P24,P24,Pre_P24,1,0.8293062230067114,1
17,P24,P24,Pre_P24,1,0.64461924588183,1
17,P24,P24,Pre_P24,1,0.3155368745611341,0
17,P24,P24,Pre_P24,1,0.5713587704123707,1
17,P24,P24,Pre_P24,1,0.6614531612327404,1
17,P24,P24,Pre_P24,1,0.7072988652629978,1
17,P24,P24,Pre_P24,1,0.7648852121620474,1
17,P24,P24,Pre_P24,1,0.6536100916714316,1
17,P24,P24,Pre_P24,1,0.6611533454082398,1
17,P24,P24,Pre_P24,1,0.4341009777226103,0
17,P24,P24,Pre_P24,1,0.28835702572725974,0
17,P24,P24,Pre_P24,1,0.6948351363201525,1
17,P24,P24,Pre_P24,1,0.36784610728781636,0
17,P24,P24,Pre_P24,1,0.7337301318636984,1
17,P24,P24,Pre_P24,1,0.6502770653649276,1
17,P24,P24,Pre_P24,1,0.5914968103766265,1
17,P24,P24,Pre_P24,1,0.7772112893225884,1
17,P24,P24,Pre_P24,1,0.6370580392526581,1
17,P24,P24,Pre_P24,1,0.6438540823922886,1
17,P24,P24,Pre_P24,1,0.7672074917089424,1
17,P24,P24,Pre_P24,1,0.702168531626038,1
17,P24,P24,Pre_P24,1,0.686375454456628,1
17,P24,P24,Pre_P24,1,0.4909122367794497,0
17,P24,P24,Pre_P24,1,0.4412132224070686,0
17,P24,P24,Pre_P24,1,0.6641080336648726,1
17,P24,P24,Pre_P24,1,0.6252712568374411,1
17,P24,P24,Pre_P24,1,0.7991089523078022,1
17,P24,P24,Pre_P24,1,0.7447333823045618,1
17,P24,P24,Pre_P24,1,0.6770806703312021,1
17,P24,P24,Pre_P24,1,0.7185249885547432,1
17,P24,P24,Pre_P24,1,0.6929427590595874,1
17,P24,P24,Pre_P24,1,0.41621467215454716,0
17,P24,P24,Pre_P24,1,0.7677889795524787,1
17,P24,P24,Pre_P24,1,0.5251848111751473,1
17,P24,P24,Pre_P24,1,0.7473047206936538,1
17,P24,P24,Pre_P24,1,0.5117191265478584,1
17,P24,P24,Pre_P24,1,0.4570063363641256,0
17,P24,P24,Pre_P24,1,0.8607567026981009,1
17,P24,P24,Pre_P24,1,0.45475256133068853,0
17,P24,P24,Pre_P24,1,0.5365486031816271,1
17,P24,P24,Pre_P24,1,0.679778180979,1
17,P24,P24,Pre_P24,1,0.604684517975715,1
17,P24,P24,Pre_P24,1,0.3856463988954339,0
17,P24,P24,Pre_P24,1,0.6783800762103276,1
17,P24,P24,Pre_P24,1,0.8154356516216712,1
17,P24,P24,Pre_P24,1,0.2038806043833194,0
17,P24,P24,Pre_P24,1,0.6514402077328509,1
17,P24,P24,Pre_P24,1,0.511256746056942,1
17,P24,P24,Pre_P24,1,0.39048864712934167,0
17,P24,P24,Pre_P24,1,0.5896721574434503,1
17,P24,P24,Pre_P24,1,0.7685480793409638,1
17,P24,P24,Pre_P24,1,0.6530068506524862,1
17,P24,P24,Pre_P24,1,0.5157513621508026,1
17,P24,P24,Pre_P24,1,0.4932378432895414,0
17,P24,P24,Pre_P24,1,0.5913762407662432,1
17,P24,P24,Pre_P24,1,0.8603103179288251,1
17,P24,P24,Pre_P24,1,0.36320825596074247,0
17,P24,P24,Pre_P24,1,0.6538221469808505,1
17,P24,P24,Pre_P24,1,0.7117401789654934,1
17,P24,P24,Pre_P24,1,0.45486009755867624,0
17,P24,P24,Pre_P24,1,0.4602933531110255,0
17,P24,P24,Pre_P24,1,0.6418840171483945,1
17,P24,P24,Pre_P24,1,0.7390582232121521,1
17,P24,P24,Pre_P24,1,0.54491211052353,1
17,P24,P24,Pre_P24,1,0.6765800856838614,1
17,P24,P24,Pre_P24,1,0.7991030628501942,1
17,P24,P24,Pre_P24,1,0.759330257249229,1
17,P24,P24,Pre_P24,1,0.701077678169482,1
17,P24,P24,Pre_P24,1,0.7692544461362545,1
17,P24,P24,Pre_P24,1,0.7521788339706722,1
17,P24,P24,Pre_P24,1,0.6104720657032688,1
17,P24,P24,Pre_P24,1,0.7266961467525054,1
17,P24,P24,Pre_P24,1,0.7349728049598203,1
17,P24,P24,Pre_P24,1,0.33605253522361067,0
17,P24,P24,Pre_P24,1,0.6127919149688347,1
17,P24,P24,Pre_P24,1,0.7261737156126495,1
17,P24,P24,Pre_P24,1,0.6740315754887204,1
17,P24,P24,Pre_P24,1,0.6375048625279967,1
17,P24,P24,Pre_P24,1,0.7388997233825221,1
17,P24,P24,Pre_P24,1,0.7519033188704805,1
17,P24,P24,Pre_P24,1,0.6441153606124718,1
17,P24,P24,Pre_P24,1,0.5917842298220463,1
17,P24,P24,Pre_P24,1,0.4816718380920836,0
17,P24,P24,Pre_P24,1,0.6102199902391339,1
17,P24,P24,Pre_P24,1,0.4410952472853074,0
17,P24,P24,Pre_P24,1,0.45123788864264397,0
17,P24,P24,Pre_P24,1,0.4295707525019729,0
17,P24,P24,Pre_P24,1,0.4309056654518619,0
17,P24,P24,Pre_P24,1,0.3803100291215478,0
17,P24,P24,Pre_P24,1,0.5521424614536572,1
17,P24,P24,Pre_P24,1,0.535394664830045,1
17,P24,P24,Pre_P24,1,0.6606882845031475,1
17,P24,P24,Pre_P24,1,0.7586420534348454,1
17,P24,P24,Pre_P24,1,0.6528186619665538,1
17,P24,P24,Pre_P24,1,0.32606852491878807,0
17,P24,P24,Pre_P24,1,0.6601716043798371,1
17,P24,P24,Pre_P24,1,0.5863073388853574,1
17,P24,P24,Pre_P24,1,0.5184371328745793,1
17,P24,P24,Pre_P24,1,0.6422519042000733,1
17,P24,P24,Pre_P24,1,0.5271582991175338,1
17,P24,P24,Pre_P24,1,0.3883203898509257,0
17,P24,P24,Pre_P24,1,0.6337102935527843,1
17,P24,P24,Pre_P24,1,0.5098135125759005,1
17,P24,P24,Pre_P24,1,0.7069470963103774,1
17,P24,P24,Pre_P24,1,0.7361882845406733,1
17,P24,P24,Pre_P24,1,0.45856948694353417,0
17,P24,P24,Pre_P24,1,0.7809070694261446,1
17,P24,P24,Pre_P24,1,0.4964697904798445,0
17,P24,P24,Pre_P24,1,0.5210768353857036,1
17,P24,P24,Pre_P24,1,0.7523147729133783,1
17,P24,P24,Pre_P24,1,0.4588084645403661,0
17,P24,P24,Pre_P24,1,0.9198929967138267,1
17,P24,P24,Pre_P24,1,0.4996320813973613,0
17,P24,P24,Pre_P24,1,0.23114617930750034,0
17,P24,P24,Pre_P24,1,0.4182075628024536,0
17,P24,P24,Pre_P24,1,0.6088050174259885,1
17,P24,P24,Pre_P24,1,0.5657195933784793,1
17,P24,P24,Pre_P24,1,0.7757741333253433,1
17,P24,P24,Pre_P24,1,0.5458609209616283,1
17,P24,P24,Pre_P24,1,0.07316658703754936,0
17,P24,P24,Pre_P24,1,0.23471608001170283,0
17,P24,P24,Pre_P24,1,0.7318358194150044,1
17,P24,P24,Pre_P24,1,0.543899731563138,1
17,P24,P24,Pre_P24,1,0.6681993895060658,1
17,P24,P24,Pre_P24,1,0.4939357344446488,0
17,P24,P24,Pre_P24,1,0.2394786914838089,0
17,P24,P24,Pre_P24,1,0.7476961965687494,1
17,P24,P24,Pre_P24,1,0.7862441367121056,1
17,P24,P24,Pre_P24,1,0.028645456300784557,0
17,P24,P24,Pre_P24,1,0.7731171776972617,1
17,P24,P24,Pre_P24,1,0.7222694860678575,1
17,P24,P24,Pre_P24,1,0.5682387511920826,1
17,P24,P24,Pre_P24,1,0.8480487380061059,1
17,P24,P24,Pre_P24,1,0.5960084655744208,1
17,P24,P24,Pre_P24,1,0.4301642815633893,0
17,P24,P24,Pre_P24,1,0.42910319618352855,0
17,P24,P24,Pre_P24,1,0.28884724151616525,0
17,P24,P24,Pre_P24,1,0.46429526143690364,0
17,P24,P24,Pre_P24,1,0.3701217174687154,0
17,P24,P24,Pre_P24,1,0.708896021893142,1
17,P24,P24,Pre_P24,1,0.413746410238708,0
17,P24,P24,Pre_P24,1,0.6164303170353538,1
17,P24,P24,Pre_P24,1,0.7269633720677693,1
17,P24,P24,Pre_P24,1,0.5732098600247088,1
17,P24,P24,Pre_P24,1,0.4709027931982852,0
17,P24,P24,Pre_P24,1,0.3587139737485691,0
17,P24,P24,Pre_P24,1,0.41532269419813905,0
17,P24,P24,Pre_P24,1,0.7127595230711501,1
17,P24,P24,Pre_P24,1,0.7203922270767492,1
17,P24,P24,Pre_P24,1,0.6815498877616669,1
17,P24,P24,Pre_P24,1,0.6902712064657561,1
17,P24,P24,Pre_P24,1,0.7506717886349334,1
17,P24,P24,Pre_P24,1,0.7276987864596333,1
17,P24,P24,Pre_P24,1,0.6634809820893154,1
17,P24,P24,Pre_P24,1,0.7304321701723283,1
17,P24,P24,Pre_P24,1,0.5786011138713563,1
17,P24,P24,Pre_P24,1,0.8981946439471075,1
17,P24,P24,Pre_P24,1,0.535489161965526,1
17,P24,P24,Pre_P24,1,0.5519054386822917,1
17,P24,P24,Pre_P24,1,0.6634399308112591,1
17,P24,P24,Pre_P24,1,0.6829847786577132,1
17,P24,P24,Pre_P24,1,0.7660864237241046,1
17,P24,P24,Pre_P24,1,0.3915254554485901,0
17,P24,P24,Pre_P24,1,0.25048846303450634,0
17,P24,P24,Pre_P24,1,0.761862181589502,1
17,P24,P24,Pre_P24,1,0.6198321646013699,1
17,P24,P24,Pre_P24,1,0.6945017006163822,1
17,P24,P24,Pre_P24,1,0.3108033824581005,0
17,P24,P24,Pre_P24,1,0.4752018144508082,0
17,P24,P24,Pre_P24,1,0.6255884615457028,1
17,P24,P24,Pre_P24,1,0.48514672699608397,0
17,P24,P24,Pre_P24,1,0.31168569378894295,0
17,P24,P24,Pre_P24,1,0.5782283767896835,1
17,P24,P24,Pre_P24,1,0.7230414516595526,1
17,P24,P24,Pre_P24,1,0.591718321613884,1
17,P24,P24,Pre_P24,1,0.3799201012194611,0
17,P24,P24,Pre_P24,1,0.5158719494640871,1
17,P24,P24,Pre_P24,1,0.519159490308076,1
17,P24,P24,Pre_P24,1,0.7124307469648882,1
17,P24,P24,Pre_P24,1,0.46330654262501303,0
17,P24,P24,Pre_P24,1,0.8323808065273554,1
17,P24,P24,Pre_P24,1,0.3892411000195167,0
17,P24,P24,Pre_P24,1,0.6859463155123076,1
17,P24,P24,Pre_P24,1,0.5332075384647429,1
17,P24,P24,Pre_P24,1,0.5983527285646217,1
17,P24,P24,Pre_P24,1,0.552396903329968,1
17,P24,P24,Pre_P24,1,0.6033196995982554,1
17,P24,P24,Pre_P24,1,0.6192543062425704,1
17,P24,P24,Pre_P24,1,0.6329594078703524,1
17,P24,P24,Pre_P24,1,0.6475550093696759,1
17,P24,P24,Pre_P24,1,0.5542463321550151,1
17,P24,P24,Pre_P24,1,0.4248141088018653,0
17,P24,P24,Pre_P24,1,0.6159091523617316,1
17,P24,P24,Pre_P24,1,0.5330985500360655,1
17,P24,P24,Pre_P24,1,0.507132782753246,1
17,P24,P24,Pre_P24,1,0.5592879798879582,1
17,P24,P24,Pre_P24,1,0.5815928853172928,1
17,P24,P24,Pre_P24,1,0.7880897630481281,1
17,P24,P24,Pre_P24,1,0.6882341189931266,1
17,P24,P24,Pre_P24,1,0.6075903204396536,1
17,P24,P24,Pre_P24,1,0.47556741028361676,0
17,P24,P24,Pre_P24,1,0.6780321474020579,1
17,P24,P24,Pre_P24,1,0.6663509960685667,1
17,P24,P24,Pre_P24,1,0.7679403092075073,1
17,P24,P24,Pre_P24,1,0.6765714779576604,1
17,P24,P24,Pre_P24,1,0.3056267604638119,0
17,P24,P24,Pre_P24,1,0.4148147967471907,0
17,P24,P24,Pre_P24,1,0.2539270317787337,0
17,P24,P24,Pre_P24,1,0.5381022310312797,1
17,P24,P24,Pre_P24,1,0.7116838918484414,1
17,P24,P24,Pre_P24,1,0.49690505530805706,0
17,P24,P24,Pre_P24,1,0.531070536369455,1
17,P24,P24,Pre_P24,1,0.5363882797693859,1
17,P24,P24,Pre_P24,1,0.5379036338768777,1
17,P24,P24,Pre_P24,1,0.8350398358986951,1
17,P24,P24,Pre_P24,1,0.6748895809313485,1
17,P24,P24,Pre_P24,1,0.6215487326275732,1
17,P24,P24,Pre_P24,1,0.6657593085348762,1
17,P24,P24,Pre_P24,1,0.6262165222085171,1
17,P24,P24,Pre_P24,1,0.6992950158180374,1
17,P24,P24,Pre_P24,1,0.5421045809603375,1
17,P24,P24,Pre_P24,1,0.49818024770352387,0
17,P24,P24,Pre_P24,1,0.7505881908055893,1
17,P24,P24,Pre_P24,1,0.6343447040954678,1
17,P24,P24,Pre_P24,1,0.754024859303631,1
17,P24,P24,Pre_P24,1,0.4071445491446035,0
17,P24,P24,Pre_P24,1,0.8323163641047032,1
17,P24,P24,Pre_P24,1,0.6998528683539549,1
17,P24,P24,Pre_P24,1,0.4355882803208102,0
17,P24,P24,Pre_P24,1,0.20819219646576273,0
17,P24,P24,Pre_P24,1,0.5283469357516054,1
17,P24,P24,Pre_P24,1,0.6621429013720075,1
17,P24,P24,Pre_P24,1,0.6450507160479716,1
17,P24,P24,Pre_P24,1,0.6758100456028412,1
17,P24,P24,Pre_P24,1,0.7073914896194964,1
17,P24,P24,Pre_P24,1,0.6388940297298008,1
17,P24,P24,Pre_P24,1,0.46579374201337115,0
17,P24,P24,Pre_P24,1,0.3651093043385805,0
17,P24,P24,Pre_P24,1,0.6115059366730923,1
17,P24,P24,Pre_P24,1,0.46418723833765557,0
17,P24,P24,Pre_P24,1,0.5806280946009141,1
17,P24,P24,Pre_P24,1,0.4074280589470354,0
17,P24,P24,Pre_P24,1,0.44272026293536576,0
17,P24,P24,Pre_P24,1,0.5274974456300964,1
18,P25,P25,Pre_P25,0,0.2465984058075362,0
18,P25,P25,Pre_P25,0,0.2942719403532261,0
18,P25,P25,Pre_P25,0,0.3752652383276889,0
18,P25,P25,Pre_P25,0,0.3896523596148977,0
18,P25,P25,Pre_P25,0,0.8103423710792382,1
18,P25,P25,Pre_P25,0,0.5522952421237595,1
18,P25,P25,Pre_P25,0,0.6352461518769117,1
18,P25,P25,Pre_P25,0,0.4372900585365595,0
18,P25,P25,Pre_P25,0,0.3256208877182105,0
18,P25,P25,Pre_P25,0,0.30524082241101486,0
18,P25,P25,Pre_P25,0,0.5028687201598789,1
18,P25,P25,Pre_P25,0,0.45620320215402066,0
18,P25,P25,Pre_P25,0,0.4583999606124876,0
18,P25,P25,Pre_P25,0,0.709550070895593,1
18,P25,P25,Pre_P25,0,0.6646602191728535,1
18,P25,P25,Pre_P25,0,0.29612376044696853,0
18,P25,P25,Pre_P25,0,0.513807602383875,1
18,P25,P25,Pre_P25,0,0.5639611961229677,1
18,P25,P25,Pre_P25,0,0.3741832303268869,0
18,P25,P25,Pre_P25,0,0.421353759959422,0
18,P25,P25,Pre_P25,0,0.7126581287219848,1
18,P25,P25,Pre_P25,0,0.2898874231198111,0
18,P25,P25,Pre_P25,0,0.2404079462453648,0
18,P25,P25,Pre_P25,0,0.52434422458714,1
18,P25,P25,Pre_P25,0,0.5095610118039665,1
18,P25,P25,Pre_P25,0,0.6971810804197509,1
18,P25,P25,Pre_P25,0,0.7850249017525446,1
18,P25,P25,Pre_P25,0,0.7777358280834983,1
18,P25,P25,Pre_P25,0,0.5755921217096049,1
18,P25,P25,Pre_P25,0,0.11097072134253567,0
18,P25,P25,Pre_P25,0,0.6278738289659797,1
18,P25,P25,Pre_P25,0,0.5870967093345056,1
18,P25,P25,Pre_P25,0,0.40359983202034744,0
18,P25,P25,Pre_P25,0,0.45437859067131836,0
18,P25,P25,Pre_P25,0,0.4647594530888007,0
18,P25,P25,Pre_P25,0,0.4192064487596468,0
18,P25,P25,Pre_P25,0,0.26847886727916126,0
18,P25,P25,Pre_P25,0,0.49953652806374793,0
18,P25,P25,Pre_P25,0,0.6498956715810514,1
18,P25,P25,Pre_P25,0,0.3414782903882071,0
18,P25,P25,Pre_P25,0,0.46592010323661304,0
18,P25,P25,Pre_P25,0,0.4615470862022656,0
18,P25,P25,Pre_P25,0,0.4453443491732636,0
18,P25,P25,Pre_P25,0,0.5433434336831721,1
18,P25,P25,Pre_P25,0,0.40521185005193067,0
18,P25,P25,Pre_P25,0,0.52665442023884,1
18,P25,P25,Pre_P25,0,0.24363951453989327,0
18,P25,P25,Pre_P25,0,0.442517274499654,0
18,P25,P25,Pre_P25,0,0.4292174313216757,0
18,P25,P25,Pre_P25,0,0.4690341215327912,0
18,P25,P25,Pre_P25,0,0.45282931139140153,0
18,P25,P25,Pre_P25,0,0.12124652037281382,0
18,P25,P25,Pre_P25,0,0.8196359345549681,1
18,P25,P25,Pre_P25,0,0.4393566497494505,0
18,P25,P25,Pre_P25,0,0.5209837819479745,1
18,P25,P25,Pre_P25,0,0.4264909381807795,0
18,P25,P25,Pre_P25,0,0.7021936222664301,1
18,P25,P25,Pre_P25,0,0.5015282927777159,1
18,P25,P25,Pre_P25,0,0.4445649976182716,0
18,P25,P25,Pre_P25,0,0.7046110142706262,1
18,P25,P25,Pre_P25,0,0.34376069935001224,0
18,P25,P25,Pre_P25,0,0.31218263985920686,0
18,P25,P25,Pre_P25,0,0.44004236101189703,0
18,P25,P25,Pre_P25,0,0.4272598659347797,0
18,P25,P25,Pre_P25,0,0.4363324497849748,0
18,P25,P25,Pre_P25,0,0.26456010353715187,0
18,P25,P25,Pre_P25,0,0.5919080960643391,1
18,P25,P25,Pre_P25,0,0.3911751170398802,0
18,P25,P25,Pre_P25,0,0.36309891526999244,0
18,P25,P25,Pre_P25,0,0.44528595958326317,0
18,P25,P25,Pre_P25,0,0.7230195525871185,1
18,P25,P25,Pre_P25,0,0.5312100888177046,1
18,P25,P25,Pre_P25,0,0.5809025992204663,1
18,P25,P25,Pre_P25,0,0.43687018954594664,0
18,P25,P25,Pre_P25,0,0.42862538965260133,0
18,P25,P25,Pre_P25,0,0.5781981757356937,1
18,P25,P25,Pre_P25,0,0.43516371865828657,0
18,P25,P25,Pre_P25,0,0.6457864287778626,1
18,P25,P25,Pre_P25,0,0.6782708747247592,1
18,P25,P25,Pre_P25,0,0.39594288224686686,0
18,P25,P25,Pre_P25,0,0.5939588611241984,1
18,P25,P25,Pre_P25,0,0.7488541587696612,1
18,P25,P25,Pre_P25,0,0.437536164103819,0
18,P25,P25,Pre_P25,0,0.5264496687272142,1
18,P25,P25,Pre_P25,0,0.6927443002248964,1
18,P25,P25,Pre_P25,0,0.6492272348860381,1
18,P25,P25,Pre_P25,0,0.7431575936892735,1
18,P25,P25,Pre_P25,0,0.4683255311487184,0
18,P25,P25,Pre_P25,0,0.4259260955847626,0
18,P25,P25,Pre_P25,0,0.4298787214974286,0
18,P25,P25,Pre_P25,0,0.590439070986655,1
18,P25,P25,Pre_P25,0,0.5521393705054322,1
18,P25,P25,Pre_P25,0,0.5621706911565252,1
18,P25,P25,Pre_P25,0,0.6150643556077605,1
18,P25,P25,Pre_P25,0,0.46440580231982165,0
18,P25,P25,Pre_P25,0,0.6551601865880656,1
18,P25,P25,Pre_P25,0,0.3920225245601323,0
18,P25,P25,Pre_P25,0,0.49875578402392395,0
18,P25,P25,Pre_P25,0,0.712754600903182,1
18,P25,P25,Pre_P25,0,0.6112257993725418,1
18,P25,P25,Pre_P25,0,0.5044154642208374,1
18,P25,P25,Pre_P25,0,0.34854761206168394,0
18,P25,P25,Pre_P25,0,0.5024036699142078,1
18,P25,P25,Pre_P25,0,0.4755864441432593,0
18,P25,P25,Pre_P25,0,0.6202615935464009,1
18,P25,P25,Pre_P25,0,0.5356978622779845,1
18,P25,P25,Pre_P25,0,0.3874339844751741,0
18,P25,P25,Pre_P25,0,0.485735694912875,0
18,P25,P25,Pre_P25,0,0.1434843597616232,0
18,P25,P25,Pre_P25,0,0.2829294000404826,0
18,P25,P25,Pre_P25,0,0.42302468418285394,0
18,P25,P25,Pre_P25,0,0.3750012830351544,0
18,P25,P25,Pre_P25,0,0.12766963963010408,0
18,P25,P25,Pre_P25,0,0.5393860388474924,1
18,P25,P25,Pre_P25,0,0.6365389281412185,1
18,P25,P25,Pre_P25,0,0.5230679476598747,1
18,P25,P25,Pre_P25,0,0.28247828930469154,0
18,P25,P25,Pre_P25,0,0.7917033058664669,1
18,P25,P25,Pre_P25,0,0.26247110598974216,0
18,P25,P25,Pre_P25,0,0.3368644950706583,0
18,P25,P25,Pre_P25,0,0.37692241379066016,0
18,P25,P25,Pre_P25,0,0.7976468230327318,1
18,P25,P25,Pre_P25,0,0.5440509218721312,1
18,P25,P25,Pre_P25,0,0.7630481197536276,1
18,P25,P25,Pre_P25,0,0.3783573414297183,0
18,P25,P25,Pre_P25,0,0.6533233819268335,1
18,P25,P25,Pre_P25,0,0.4833315918972868,0
18,P25,P25,Pre_P25,0,0.49694368419222607,0
18,P25,P25,Pre_P25,0,0.20981756311428573,0
18,P25,P25,Pre_P25,0,0.33128410333213965,0
18,P25,P25,Pre_P25,0,0.73005971074388,1
18,P25,P25,Pre_P25,0,0.47754280371333524,0
18,P25,P25,Pre_P25,0,0.382523583125153,0
18,P25,P25,Pre_P25,0,0.5490186495974502,1
18,P25,P25,Pre_P25,0,0.25804261703154113,0
18,P25,P25,Pre_P25,0,0.5694378345972415,1
18,P25,P25,Pre_P25,0,0.25169988596312887,0
18,P25,P25,Pre_P25,0,0.7289092171092043,1
18,P25,P25,Pre_P25,0,0.3847479781495654,0
18,P25,P25,Pre_P25,0,0.8489443219996886,1
18,P25,P25,Pre_P25,0,0.5267349084768934,1
18,P25,P25,Pre_P25,0,0.6244394700643572,1
18,P25,P25,Pre_P25,0,0.5916747595569202,1
18,P25,P25,Pre_P25,0,0.5665736838398271,1
18,P25,P25,Pre_P25,0,0.33012736463413395,0
18,P25,P25,Pre_P25,0,0.18417489259940628,0
18,P25,P25,Pre_P25,0,0.30088026204594104,0
18,P25,P25,Pre_P25,0,0.5191217159792205,1
18,P25,P25,Pre_P25,0,0.5779058299844956,1
18,P25,P25,Pre_P25,0,0.41002142088228133,0
18,P25,P25,Pre_P25,0,0.45520909029839346,0
18,P25,P25,Pre_P25,0,0.5772503517464812,1
18,P25,P25,Pre_P25,0,0.14279005188805247,0
18,P25,P25,Pre_P25,0,0.7156422349229975,1
18,P25,P25,Pre_P25,0,0.3586950019312669,0
18,P25,P25,Pre_P25,0,0.3929029095902298,0
18,P25,P25,Pre_P25,0,0.48713143607330817,0
18,P25,P25,Pre_P25,0,0.24316087984060608,0
18,P25,P25,Pre_P25,0,0.20681115659289223,0
18,P25,P25,Pre_P25,0,0.5236355378327097,1
18,P25,P25,Pre_P25,0,0.6403112843268529,1
18,P25,P25,Pre_P25,0,0.6359011855606777,1
18,P25,P25,Pre_P25,0,0.27493959256421624,0
18,P25,P25,Pre_P25,0,0.6973148663622761,1
18,P25,P25,Pre_P25,0,0.3930184842177968,0
18,P25,P25,Pre_P25,0,0.5945686819569257,1
18,P25,P25,Pre_P25,0,0.2015864844036496,0
18,P25,P25,Pre_P25,0,0.420131776889733,0
18,P25,P25,Pre_P25,0,0.50044595282165,1
18,P25,P25,Pre_P25,0,0.2560917060009375,0
18,P25,P25,Pre_P25,0,0.6493630893674831,1
18,P25,P25,Pre_P25,0,0.5116272509829568,1
18,P25,P25,Pre_P25,0,0.6546363993293735,1
18,P25,P25,Pre_P25,0,0.5870295585148455,1
18,P25,P25,Pre_P25,0,0.6029602522943416,1
18,P25,P25,Pre_P25,0,0.7003812803762458,1
18,P25,P25,Pre_P25,0,0.521420214032263,1
18,P25,P25,Pre_P25,0,0.6140024060329746,1
18,P25,P25,Pre_P25,0,0.29573836751943283,0
18,P25,P25,Pre_P25,0,0.5494368775169325,1
18,P25,P25,Pre_P25,0,0.6813095118548224,1
18,P25,P25,Pre_P25,0,0.6186416874224364,1
18,P25,P25,Pre_P25,0,0.17075410508747935,0
18,P25,P25,Pre_P25,0,0.34116466806880824,0
18,P25,P25,Pre_P25,0,0.7470796644211135,1
18,P25,P25,Pre_P25,0,0.6758075373007746,1
18,P25,P25,Pre_P25,0,0.5708840026735882,1
18,P25,P25,Pre_P25,0,0.29733364356635655,0
18,P25,P25,Pre_P25,0,0.36510497931529834,0
18,P25,P25,Pre_P25,0,0.6337328022739294,1
18,P25,P25,Pre_P25,0,0.38635911733260103,0
18,P25,P25,Pre_P25,0,0.49237842872361176,0
18,P25,P25,Pre_P25,0,0.6396049242792009,1
18,P25,P25,Pre_P25,0,0.5559437293270884,1
18,P25,P25,Pre_P25,0,0.22311563152740763,0
18,P25,P25,Pre_P25,0,0.46386242931215116,0
18,P25,P25,Pre_P25,0,0.3611577741273226,0
18,P25,P25,Pre_P25,0,0.22293827124018586,0
18,P25,P25,Pre_P25,0,0.5839918599009636,1
18,P25,P25,Pre_P25,0,0.7274565479002963,1
18,P25,P25,Pre_P25,0,0.6194962862217898,1
18,P25,P25,Pre_P25,0,0.1787711886475816,0
18,P25,P25,Pre_P25,0,0.3344027269685444,0
18,P25,P25,Pre_P25,0,0.49889217970149413,0
18,P25,P25,Pre_P25,0,0.5812584432262596,1
18,P25,P25,Pre_P25,0,0.491736701803274,0
18,P25,P25,Pre_P25,0,0.4983249122834145,0
18,P25,P25,Pre_P25,0,0.7219388134472415,1
18,P25,P25,Pre_P25,0,0.6162137375012169,1
18,P25,P25,Pre_P25,0,0.519100405822511,1
18,P25,P25,Pre_P25,0,0.2874055513594486,0
18,P25,P25,Pre_P25,0,0.6383492425464958,1
18,P25,P25,Pre_P25,0,0.5379257336500095,1
18,P25,P25,Pre_P25,0,0.3824226012307191,0
18,P25,P25,Pre_P25,0,0.56894930282612,1
18,P25,P25,Pre_P25,0,0.7997003965992749,1
18,P25,P25,Pre_P25,0,0.5522858223410997,1
18,P25,P25,Pre_P25,0,0.46875190487557983,0
18,P25,P25,Pre_P25,0,0.5269366864325239,1
18,P25,P25,Pre_P25,0,0.45297741031978817,0
18,P25,P25,Pre_P25,0,0.3947409322040908,0
18,P25,P25,Pre_P25,0,0.4007170691210339,0
18,P25,P25,Pre_P25,0,0.46817410119370567,0
18,P25,P25,Pre_P25,0,0.43944033594628656,0
18,P25,P25,Pre_P25,0,0.3839065141030711,0
18,P25,P25,Pre_P25,0,0.4811674711249878,0
18,P25,P25,Pre_P25,0,0.11336291936409179,0
18,P25,P25,Pre_P25,0,0.6753663439051464,1
18,P25,P25,Pre_P25,0,0.4644845695829346,0
18,P25,P25,Pre_P25,0,0.6121904974675854,1
18,P25,P25,Pre_P25,0,0.463631709347993,0
18,P25,P25,Pre_P25,0,0.38801392622903425,0
18,P25,P25,Pre_P25,0,0.3783062647862355,0
18,P25,P25,Pre_P25,0,0.8828130062782855,1
18,P25,P25,Pre_P25,0,0.49748103149534745,0
18,P25,P25,Pre_P25,0,0.3892296899133918,0
18,P25,P25,Pre_P25,0,0.3405670678178021,0
18,P25,P25,Pre_P25,0,0.3475515512617869,0
18,P25,P25,Pre_P25,0,0.3353713496297641,0
18,P25,P25,Pre_P25,0,0.320677644726621,0
18,P25,P25,Pre_P25,0,0.19073410176611783,0
18,P25,P25,Pre_P25,0,0.7124047273660793,1
18,P25,P25,Pre_P25,0,0.45216509701136154,0
18,P25,P25,Pre_P25,0,0.6042418183523451,1
18,P25,P25,Pre_P25,0,0.6545636396586213,1
18,P25,P25,Pre_P25,0,0.8294571439886115,1
18,P25,P25,Pre_P25,0,0.30196619702926647,0
18,P25,P25,Pre_P25,0,0.5896537461600464,1
18,P25,P25,Pre_P25,0,0.4450029750791975,0
18,P25,P25,Pre_P25,0,0.45868910084797926,0
18,P25,P25,Pre_P25,0,0.5959590681072203,1
18,P25,P25,Pre_P25,0,0.29203523920879104,0
18,P25,P25,Pre_P25,0,0.5849614091895594,1
18,P25,P25,Pre_P25,0,0.6645375379953447,1
18,P25,P25,Pre_P25,0,0.34389689799336703,0
18,P25,P25,Pre_P25,0,0.6627005843001195,1
18,P25,P25,Pre_P25,0,0.5958698689012011,1
18,P25,P25,Pre_P25,0,0.25401202553831664,0
18,P25,P25,Pre_P25,0,0.4879664265128402,0
18,P25,P25,Pre_P25,0,0.5568997462364546,1
18,P25,P25,Pre_P25,0,0.5700112087829703,1
18,P25,P25,Pre_P25,0,0.5332935288004064,1
18,P25,P25,Pre_P25,0,0.6034664795691642,1
18,P25,P25,Pre_P25,0,0.44763032950249837,0
18,P25,P25,Pre_P25,0,0.6019324046512101,1
18,P25,P25,Pre_P25,0,0.4774694258159294,0
18,P25,P25,Pre_P25,0,0.79700091840289,1
18,P25,P25,Pre_P25,0,0.3112115067950901,0
18,P25,P25,Pre_P25,0,0.573410215598781,1
18,P25,P25,Pre_P25,0,0.6117027681268761,1
18,P25,P25,Pre_P25,0,0.6693299238634378,1
18,P25,P25,Pre_P25,0,0.44440700493641766,0
18,P25,P25,Pre_P25,0,0.5295425964591031,1
18,P25,P25,Pre_P25,0,0.5526673112854718,1
18,P25,P25,Pre_P25,0,0.3126487509700847,0
18,P25,P25,Pre_P25,0,0.2617913401173051,0
18,P25,P25,Pre_P25,0,0.4144585902581112,0
18,P25,P25,Pre_P25,0,0.37547824962624227,0
18,P25,P25,Pre_P25,0,0.5542674642032193,1
18,P25,P25,Pre_P25,0,0.7590636325823301,1
18,P25,P25,Pre_P25,0,0.754232203078629,1
18,P25,P25,Pre_P25,0,0.5687572448798259,1
18,P25,P25,Pre_P25,0,0.3736433213867209,0
18,P25,P25,Pre_P25,0,0.5023447744940026,1
18,P25,P25,Pre_P25,0,0.3959534005695337,0
18,P25,P25,Pre_P25,0,0.44545880633109486,0
18,P25,P25,Pre_P25,0,0.35522144954615936,0
18,P25,P25,Pre_P25,0,0.2883137708316654,0
18,P25,P25,Pre_P25,0,0.6625084603763014,1
18,P25,P25,Pre_P25,0,0.43800802609907274,0
18,P25,P25,Pre_P25,0,0.7216599508198781,1
18,P25,P25,Pre_P25,0,0.40341175937729595,0
18,P25,P25,Pre_P25,0,0.6822684249036473,1
18,P25,P25,Pre_P25,0,0.5725773336599678,1
18,P25,P25,Pre_P25,0,0.8306774827950004,1
18,P25,P25,Pre_P25,0,0.25149540300991313,0
18,P25,P25,Pre_P25,0,0.7531407876283077,1
18,P25,P25,Pre_P25,0,0.5089279987452224,1
18,P25,P25,Pre_P25,0,0.8098291747332642,1
18,P25,P25,Pre_P25,0,0.45159164882994923,0
18,P25,P25,Pre_P25,0,0.7402706730301206,1
18,P25,P25,Pre_P25,0,0.6860012379173231,1
18,P25,P25,Pre_P25,0,0.28995823130565196,0
18,P25,P25,Pre_P25,0,0.34420456339346905,0
18,P25,P25,Pre_P25,0,0.7502233971318967,1
18,P25,P25,Pre_P25,0,0.6195875884327471,1
18,P25,P25,Pre_P25,0,0.41621196696468044,0
18,P25,P25,Pre_P25,0,0.5216197271516507,1
18,P25,P25,Pre_P25,0,0.4827059288167489,0
18,P25,P25,Pre_P25,0,0.5906511155482834,1
18,P25,P25,Pre_P25,0,0.3993420611575762,0
18,P25,P25,Pre_P25,0,0.40534024035195065,0
18,P25,P25,Pre_P25,0,0.40473474394574016,0
18,P25,P25,Pre_P25,0,0.4913711989600189,0
18,P25,P25,Pre_P25,0,0.3186990706904813,0
18,P25,P25,Pre_P25,0,0.4993521470250278,0
18,P25,P25,Pre_P25,0,0.6987450098294238,1
18,P25,P25,Pre_P25,0,0.783013960295277,1
18,P25,P25,Pre_P25,0,0.1717786360676963,0
18,P25,P25,Pre_P25,0,0.38694827720439634,0
18,P25,P25,Pre_P25,0,0.31339572955469425,0
18,P25,P25,Pre_P25,0,0.3960016484976049,0
18,P25,P25,Pre_P25,0,0.27040714502969687,0
18,P25,P25,Pre_P25,0,0.3815835607928968,0
18,P25,P25,Pre_P25,0,0.4502072830326179,0
18,P25,P25,Pre_P25,0,0.5771466949255543,1
18,P25,P25,Pre_P25,0,0.5205108036180076,1
18,P25,P25,Pre_P25,0,0.36138109541433217,0
18,P25,P25,Pre_P25,0,0.7070219330543558,1
18,P25,P25,Pre_P25,0,0.5250785711658594,1
18,P25,P25,Pre_P25,0,0.5357769369530693,1
18,P25,P25,Pre_P25,0,0.26894819983922913,0
18,P25,P25,Pre_P25,0,0.543815290360772,1
18,P25,P25,Pre_P25,0,0.29536011391101585,0
18,P25,P25,Pre_P25,0,0.7062602628361934,1
18,P25,P25,Pre_P25,0,0.5380368299014797,1
18,P25,P25,Pre_P25,0,0.6288890198780351,1
18,P25,P25,Pre_P25,0,0.31059207561560775,0
18,P25,P25,Pre_P25,0,0.533749302149766,1
18,P25,P25,Pre_P25,0,0.5984618492058005,1
18,P25,P25,Pre_P25,0,0.25545276644596765,0
18,P25,P25,Pre_P25,0,0.282685264827196,0
18,P25,P25,Pre_P25,0,0.4718454741229565,0
18,P25,P25,Pre_P25,0,0.40624544460278234,0
18,P25,P25,Pre_P25,0,0.11901985869789573,0
18,P25,P25,Pre_P25,0,0.5897564509599438,1
18,P25,P25,Pre_P25,0,0.6300604970866835,1
18,P25,P25,Pre_P25,0,0.6890490005794752,1
18,P25,P25,Pre_P25,0,0.4916524807516362,0
18,P25,P25,Pre_P25,0,0.2813359949082052,0
18,P25,P25,Pre_P25,0,0.26638848518471564,0
18,P25,P25,Pre_P25,0,0.7529714597304581,1
18,P25,P25,Pre_P25,0,0.46805961646141214,0
18,P25,P25,Pre_P25,0,0.2923076173740409,0
18,P25,P25,Pre_P25,0,0.6149790788595563,1
18,P25,P25,Pre_P25,0,0.5342491391898422,1
18,P25,P25,Pre_P25,0,0.681514245945997,1
18,P25,P25,Pre_P25,0,0.2742098508675293,0
18,P25,P25,Pre_P25,0,0.6351211325206614,1
18,P25,P25,Pre_P25,0,0.4496403496077052,0
18,P25,P25,Pre_P25,0,0.5970390836521308,1
18,P25,P25,Pre_P25,0,0.6863126080685445,1
18,P25,P25,Pre_P25,0,0.57608608381029,1
18,P25,P25,Pre_P25,0,0.662031220722852,1
18,P25,P25,Pre_P25,0,0.12401152081739313,0
18,P25,P25,Pre_P25,0,0.4059128806521876,0
18,P25,P25,Pre_P25,0,0.30254650642841485,0
18,P25,P25,Pre_P25,0,0.3492962831025436,0
18,P25,P25,Pre_P25,0,0.2623122212538974,0
18,P25,P25,Pre_P25,0,0.7426300739672761,1
18,P25,P25,Pre_P25,0,0.31965586769436855,0
19,P26,P26,Pre_P26,1,0.6705279098462561,1
19,P26,P26,Pre_P26,1,0.7765381532452318,1
19,P26,P26,Pre_P26,1,0.5211536061900985,1
19,P26,P26,Pre_P26,1,0.6398895903862326,1
19,P26,P26,Pre_P26,1,0.2915644390308228,0
19,P26,P26,Pre_P26,1,0.7028979329601791,1
19,P26,P26,Pre_P26,1,0.25931028384612764,0
19,P26,P26,Pre_P26,1,0.6981299763407102,1
19,P26,P26,Pre_P26,1,0.8657171032694391,1
19,P26,P26,Pre_P26,1,0.7113681273209332,1
19,P26,P26,Pre_P26,1,0.5070543154662045,1
19,P26,P26,Pre_P26,1,0.7653059218575269,1
19,P26,P26,Pre_P26,1,0.4607476287885513,0
19,P26,P26,Pre_P26,1,0.7267523327283018,1
19,P26,P26,Pre_P26,1,0.6582463473471434,1
19,P26,P26,Pre_P26,1,0.601958719141289,1
19,P26,P26,Pre_P26,1,0.8604406503591794,1
19,P26,P26,Pre_P26,1,0.12501935994693839,0
19,P26,P26,Pre_P26,1,0.2044246908781602,0
19,P26,P26,Pre_P26,1,0.6807060332538915,1
19,P26,P26,Pre_P26,1,0.2540695402735167,0
19,P26,P26,Pre_P26,1,0.651631605594912,1
19,P26,P26,Pre_P26,1,0.5797301077772566,1
19,P26,P26,Pre_P26,1,0.25490605421231866,0
19,P26,P26,Pre_P26,1,0.5817401657529926,1
19,P26,P26,Pre_P26,1,0.6019017966559698,1
19,P26,P26,Pre_P26,1,0.5690075351520668,1
19,P26,P26,Pre_P26,1,0.6722162936028824,1
19,P26,P26,Pre_P26,1,0.6485483589918983,1
19,P26,P26,Pre_P26,1,0.12649551018448507,0
19,P26,P26,Pre_P26,1,0.8666260168807445,1
19,P26,P26,Pre_P26,1,0.6669528349298081,1
19,P26,P26,Pre_P26,1,0.48246271012537295,0
19,P26,P26,Pre_P26,1,0.4927700285011679,0
19,P26,P26,Pre_P26,1,0.8014615462796316,1
19,P26,P26,Pre_P26,1,0.7118876427143394,1
19,P26,P26,Pre_P26,1,0.7307408332841571,1
19,P26,P26,Pre_P26,1,0.6430876558498886,1
19,P26,P26,Pre_P26,1,0.7108208348924588,1
19,P26,P26,Pre_P26,1,0.6213729730342447,1
19,P26,P26,Pre_P26,1,0.6149134035591367,1
19,P26,P26,Pre_P26,1,0.7786325834358583,1
19,P26,P26,Pre_P26,1,0.7944976990576194,1
19,P26,P26,Pre_P26,1,0.7417255967126419,1
19,P26,P26,Pre_P26,1,0.6779854382830022,1
19,P26,P26,Pre_P26,1,0.7941913275563027,1
19,P26,P26,Pre_P26,1,0.72781077185732,1
19,P26,P26,Pre_P26,1,0.37162951257229165,0
19,P26,P26,Pre_P26,1,0.714692252163859,1
19,P26,P26,Pre_P26,1,0.5129548243847143,1
19,P26,P26,Pre_P26,1,0.6269679969541483,1
19,P26,P26,Pre_P26,1,0.6058188276521379,1
19,P26,P26,Pre_P26,1,0.5628762114635163,1
19,P26,P26,Pre_P26,1,0.44573176727496183,0
19,P26,P26,Pre_P26,1,0.6597138214815206,1
19,P26,P26,Pre_P26,1,0.6627152402395882,1
19,P26,P26,Pre_P26,1,0.9023300477136681,1
19,P26,P26,Pre_P26,1,0.6336191249920181,1
19,P26,P26,Pre_P26,1,0.7286624152334569,1
19,P26,P26,Pre_P26,1,0.4924444709872173,0
19,P26,P26,Pre_P26,1,0.14155147145843575,0
19,P26,P26,Pre_P26,1,0.7966739392145522,1
19,P26,P26,Pre_P26,1,0.3923812343830139,0
19,P26,P26,Pre_P26,1,0.7163791132744661,1
19,P26,P26,Pre_P26,1,0.8434693629489894,1
19,P26,P26,Pre_P26,1,0.7689211371069944,1
19,P26,P26,Pre_P26,1,0.7945648602901829,1
19,P26,P26,Pre_P26,1,0.655972830682654,1
19,P26,P26,Pre_P26,1,0.7481603369737854,1
19,P26,P26,Pre_P26,1,0.7393776850383328,1
19,P26,P26,Pre_P26,1,0.568964489595802,1
19,P26,P26,Pre_P26,1,0.7668209856725167,1
19,P26,P26,Pre_P26,1,0.6071612811266626,1
19,P26,P26,Pre_P26,1,0.6752470611472937,1
19,P26,P26,Pre_P26,1,0.46763893052199823,0
19,P26,P26,Pre_P26,1,0.4172616731486603,0
19,P26,P26,Pre_P26,1,0.8066854578707663,1
19,P26,P26,Pre_P26,1,0.7615147480159715,1
19,P26,P26,Pre_P26,1,0.6998178697630305,1
19,P26,P26,Pre_P26,1,0.9031950851595346,1
19,P26,P26,Pre_P26,1,0.7551278143144561,1
19,P26,P26,Pre_P26,1,0.47277281455210823,0
19,P26,P26,Pre_P26,1,0.6284308157238576,1
19,P26,P26,Pre_P26,1,0.6777097489986005,1
19,P26,P26,Pre_P26,1,0.5509067962724227,1
19,P26,P26,Pre_P26,1,0.8777913037026956,1
19,P26,P26,Pre_P26,1,0.5638002704933622,1
19,P26,P26,Pre_P26,1,0.07335585961361729,0
19,P26,P26,Pre_P26,1,0.8061207285218359,1
19,P26,P26,Pre_P26,1,0.82465937511007,1
19,P26,P26,Pre_P26,1,0.4657065951867179,0
19,P26,P26,Pre_P26,1,0.8404614567992224,1
19,P26,P26,Pre_P26,1,0.6490865005785832,1
19,P26,P26,Pre_P26,1,0.8602280164997987,1
19,P26,P26,Pre_P26,1,0.048075365278131166,0
19,P26,P26,Pre_P26,1,0.4391450378232361,0
19,P26,P26,Pre_P26,1,0.674793182470969,1
19,P26,P26,Pre_P26,1,0.8072487047125851,1
19,P26,P26,Pre_P26,1,0.7926029410261741,1
19,P26,P26,Pre_P26,1,0.6558045044569745,1
19,P26,P26,Pre_P26,1,0.7456300472184122,1
19,P26,P26,Pre_P26,1,0.7368667245185252,1
19,P26,P26,Pre_P26,1,0.8055333186926436,1
19,P26,P26,Pre_P26,1,0.732411900102561,1
19,P26,P26,Pre_P26,1,0.6673851564984647,1
19,P26,P26,Pre_P26,1,0.7503029771677728,1
19,P26,P26,Pre_P26,1,0.532482982093041,1
19,P26,P26,Pre_P26,1,0.7900957705393522,1
19,P26,P26,Pre_P26,1,0.7381055327454357,1
19,P26,P26,Pre_P26,1,0.1925388275165783,0
19,P26,P26,Pre_P26,1,0.6459510945220792,1
19,P26,P26,Pre_P26,1,0.7261405958916598,1
19,P26,P26,Pre_P26,1,0.5682345252675682,1
19,P26,P26,Pre_P26,1,0.4792200805466848,0
19,P26,P26,Pre_P26,1,0.3855208719138595,0
19,P26,P26,Pre_P26,1,0.8856162104570051,1
19,P26,P26,Pre_P26,1,0.5396537155773157,1
19,P26,P26,Pre_P26,1,0.6524657780412653,1
19,P26,P26,Pre_P26,1,0.8976278882007558,1
19,P26,P26,Pre_P26,1,0.9027342248961863,1
19,P26,P26,Pre_P26,1,0.6008318346247373,1
19,P26,P26,Pre_P26,1,0.8163114673473431,1
19,P26,P26,Pre_P26,1,0.6600532468427437,1
19,P26,P26,Pre_P26,1,0.8069636329947677,1
19,P26,P26,Pre_P26,1,0.7421658958803248,1
19,P26,P26,Pre_P26,1,0.9580310015399675,1
19,P26,P26,Pre_P26,1,0.4723721410335977,0
19,P26,P26,Pre_P26,1,0.4818925110634967,0
19,P26,P26,Pre_P26,1,0.841372404933034,1
19,P26,P26,Pre_P26,1,0.7428297022475006,1
19,P26,P26,Pre_P26,1,0.5034199514033092,1
19,P26,P26,Pre_P26,1,0.8547537707327999,1
19,P26,P26,Pre_P26,1,0.6932763122842056,1
19,P26,P26,Pre_P26,1,0.6458752663691488,1
19,P26,P26,Pre_P26,1,0.40685027906921883,0
19,P26,P26,Pre_P26,1,0.10859963486745824,0
19,P26,P26,Pre_P26,1,0.8399688756579127,1
19,P26,P26,Pre_P26,1,0.7925037553345264,1
19,P26,P26,Pre_P26,1,0.5984072279637134,1
19,P26,P26,Pre_P26,1,0.7177773139060557,1
19,P26,P26,Pre_P26,1,0.6717046856163692,1
19,P26,P26,Pre_P26,1,0.6795152695206089,1
19,P26,P26,Pre_P26,1,0.46892359152016694,0
19,P26,P26,Pre_P26,1,0.6334196730954976,1
19,P26,P26,Pre_P26,1,0.5871786179216654,1
19,P26,P26,Pre_P26,1,0.5023729649534947,1
19,P26,P26,Pre_P26,1,0.7476870516404814,1
19,P26,P26,Pre_P26,1,0.5648828660343346,1
19,P26,P26,Pre_P26,1,0.6324045391827297,1
19,P26,P26,Pre_P26,1,0.371726489038492,0
19,P26,P26,Pre_P26,1,0.5783700062348407,1
19,P26,P26,Pre_P26,1,0.6409272441233855,1
19,P26,P26,Pre_P26,1,0.8907323471649551,1
19,P26,P26,Pre_P26,1,0.6432322224108108,1
19,P26,P26,Pre_P26,1,0.39706605974679116,0
19,P26,P26,Pre_P26,1,0.572013820125422,1
19,P26,P26,Pre_P26,1,0.5419654322747838,1
19,P26,P26,Pre_P26,1,0.7092851572325455,1
19,P26,P26,Pre_P26,1,0.8998361621539682,1
19,P26,P26,Pre_P26,1,0.6647522654287671,1
19,P26,P26,Pre_P26,1,0.7208594638924659,1
19,P26,P26,Pre_P26,1,0.6775701506248013,1
19,P26,P26,Pre_P26,1,0.6216884465884361,1
19,P26,P26,Pre_P26,1,0.6275507366529176,1
19,P26,P26,Pre_P26,1,0.8570063542694948,1
19,P26,P26,Pre_P26,1,0.4844990687395818,0
19,P26,P26,Pre_P26,1,0.6460302354823454,1
19,P26,P26,Pre_P26,1,0.6989601021647981,1
19,P26,P26,Pre_P26,1,0.11376700930385722,0
19,P26,P26,Pre_P26,1,0.3552488875400513,0
19,P26,P26,Pre_P26,1,0.8111317936648466,1
19,P26,P26,Pre_P26,1,0.6190318649009402,1
19,P26,P26,Pre_P26,1,0.5913200038580734,1
19,P26,P26,Pre_P26,1,0.6908116042855327,1
19,P26,P26,Pre_P26,1,0.6803488298481644,1
19,P26,P26,Pre_P26,1,0.3985642504971768,0
19,P26,P26,Pre_P26,1,0.9145218262006938,1
19,P26,P26,Pre_P26,1,0.8586826777154677,1
19,P26,P26,Pre_P26,1,0.5882247058842534,1
19,P26,P26,Pre_P26,1,0.6288360817878996,1
19,P26,P26,Pre_P26,1,0.7181588910980722,1
19,P26,P26,Pre_P26,1,0.7699377961181845,1
19,P26,P26,Pre_P26,1,0.5673440303336167,1
19,P26,P26,Pre_P26,1,0.6070318158336758,1
19,P26,P26,Pre_P26,1,0.2642368870019854,0
19,P26,P26,Pre_P26,1,0.7691571015889397,1
19,P26,P26,Pre_P26,1,0.7625924970669897,1
19,P26,P26,Pre_P26,1,0.5617282154385206,1
19,P26,P26,Pre_P26,1,0.27234429758199735,0
19,P26,P26,Pre_P26,1,0.5726997475134833,1
19,P26,P26,Pre_P26,1,0.8321343909235778,1
19,P26,P26,Pre_P26,1,0.7236847389524294,1
19,P26,P26,Pre_P26,1,0.7882534497124478,1
19,P26,P26,Pre_P26,1,0.6915986969218549,1
19,P26,P26,Pre_P26,1,0.695336484321559,1
19,P26,P26,Pre_P26,1,0.7306436786136945,1
19,P26,P26,Pre_P26,1,0.7564918873319688,1
19,P26,P26,Pre_P26,1,0.6210485791963362,1
19,P26,P26,Pre_P26,1,0.749597798171981,1
19,P26,P26,Pre_P26,1,0.8184562713221795,1
19,P26,P26,Pre_P26,1,0.20988349765389905,0
19,P26,P26,Pre_P26,1,0.7214358892950895,1
19,P26,P26,Pre_P26,1,0.8727171722108926,1
19,P26,P26,Pre_P26,1,0.739262002909438,1
19,P26,P26,Pre_P26,1,0.6485515372621565,1
19,P26,P26,Pre_P26,1,0.7486414582456792,1
19,P26,P26,Pre_P26,1,0.844100561224533,1
19,P26,P26,Pre_P26,1,0.840788434393947,1
19,P26,P26,Pre_P26,1,0.8495543650280689,1
19,P26,P26,Pre_P26,1,0.7503047995119431,1
19,P26,P26,Pre_P26,1,0.7442566217423027,1
19,P26,P26,Pre_P26,1,0.3559928512087015,0
19,P26,P26,Pre_P26,1,0.7895947363525583,1
19,P26,P26,Pre_P26,1,0.7072771727210426,1
19,P26,P26,Pre_P26,1,0.5766510025885296,1
19,P26,P26,Pre_P26,1,0.8058993852988559,1
19,P26,P26,Pre_P26,1,0.7401520080366659,1
19,P26,P26,Pre_P26,1,0.8497151568526982,1
19,P26,P26,Pre_P26,1,0.14159343614689607,0
19,P26,P26,Pre_P26,1,0.5067699382051774,1
19,P26,P26,Pre_P26,1,0.5408571682203906,1
19,P26,P26,Pre_P26,1,0.6690109844800922,1
19,P26,P26,Pre_P26,1,0.6718415720588832,1
19,P26,P26,Pre_P26,1,0.48326262905559825,0
19,P26,P26,Pre_P26,1,0.7625999283726298,1
19,P26,P26,Pre_P26,1,0.5972194242854058,1
19,P26,P26,Pre_P26,1,0.6007332738463158,1
19,P26,P26,Pre_P26,1,0.860587569969877,1
19,P26,P26,Pre_P26,1,0.5041488018348602,1
19,P26,P26,Pre_P26,1,0.7126628308474507,1
19,P26,P26,Pre_P26,1,0.5870153091174651,1
19,P26,P26,Pre_P26,1,0.3154925009140388,0
19,P26,P26,Pre_P26,1,0.7924322343413155,1
19,P26,P26,Pre_P26,1,0.7204056794853447,1
19,P26,P26,Pre_P26,1,0.3018075075249688,0
19,P26,P26,Pre_P26,1,0.569934943931919,1
19,P26,P26,Pre_P26,1,0.5547841925378612,1
19,P26,P26,Pre_P26,1,0.5412238310228271,1
19,P26,P26,Pre_P26,1,0.5063244083794379,1
19,P26,P26,Pre_P26,1,0.793307750931213,1
19,P26,P26,Pre_P26,1,0.5532728580385645,1
19,P26,P26,Pre_P26,1,0.769549713500956,1
19,P26,P26,Pre_P26,1,0.6589935131100552,1
19,P26,P26,Pre_P26,1,0.8588134289905767,1
19,P26,P26,Pre_P26,1,0.6466550188569302,1
19,P26,P26,Pre_P26,1,0.6783344875534418,1
19,P26,P26,Pre_P26,1,0.5022640150552121,1
19,P26,P26,Pre_P26,1,0.2983330577606857,0
19,P26,P26,Pre_P26,1,0.8495673588433672,1
19,P26,P26,Pre_P26,1,0.6728377669755365,1
19,P26,P26,Pre_P26,1,0.596440392686691,1
19,P26,P26,Pre_P26,1,0.6881861057896588,1
19,P26,P26,Pre_P26,1,0.7923661031932746,1
19,P26,P26,Pre_P26,1,0.8869652409924715,1
19,P26,P26,Pre_P26,1,0.5944745054198965,1
19,P26,P26,Pre_P26,1,0.8917670863740912,1
19,P26,P26,Pre_P26,1,0.597679827251313,1
19,P26,P26,Pre_P26,1,0.7400177255710054,1
19,P26,P26,Pre_P26,1,0.7541724712933876,1
19,P26,P26,Pre_P26,1,0.3680422350536423,0
19,P26,P26,Pre_P26,1,0.7951827067304694,1
19,P26,P26,Pre_P26,1,0.6914631289303922,1
19,P26,P26,Pre_P26,1,0.4854289633467389,0
19,P26,P26,Pre_P26,1,0.7397074353013091,1
19,P26,P26,Pre_P26,1,0.49171128981053736,0
19,P26,P26,Pre_P26,1,0.7004212761576013,1
19,P26,P26,Pre_P26,1,0.8656970407933408,1
19,P26,P26,Pre_P26,1,0.7627603043923799,1
19,P26,P26,Pre_P26,1,0.5643767474518224,1
19,P26,P26,Pre_P26,1,0.3274813175905212,0
19,P26,P26,Pre_P26,1,0.45882637006696164,0
19,P26,P26,Pre_P26,1,0.8035288707145445,1
19,P26,P26,Pre_P26,1,0.5448067696470222,1
19,P26,P26,Pre_P26,1,0.721871355204317,1
19,P26,P26,Pre_P26,1,0.6408702646563483,1
19,P26,P26,Pre_P26,1,0.8437635631903615,1
19,P26,P26,Pre_P26,1,0.5493069768895471,1
19,P26,P26,Pre_P26,1,0.7772212377544279,1
19,P26,P26,Pre_P26,1,0.5918140243046689,1
19,P26,P26,Pre_P26,1,0.8540573971923745,1
19,P26,P26,Pre_P26,1,0.3914839953209149,0
19,P26,P26,Pre_P26,1,0.7475233573927746,1
19,P26,P26,Pre_P26,1,0.785474267993167,1
19,P26,P26,Pre_P26,1,0.699917471301653,1
19,P26,P26,Pre_P26,1,0.7135267669572006,1
19,P26,P26,Pre_P26,1,0.5788974100394323,1
19,P26,P26,Pre_P26,1,0.48412166357899666,0
19,P26,P26,Pre_P26,1,0.7150659464848101,1
19,P26,P26,Pre_P26,1,0.4801328337872162,0
19,P26,P26,Pre_P26,1,0.6884687113283032,1
19,P26,P26,Pre_P26,1,0.8982799693979728,1
19,P26,P26,Pre_P26,1,0.5175672434142715,1
19,P26,P26,Pre_P26,1,0.7059658646627812,1
19,P26,P26,Pre_P26,1,0.5160078704617913,1
19,P26,P26,Pre_P26,1,0.5602801620199012,1
19,P26,P26,Pre_P26,1,0.49595423519878634,0
19,P26,P26,Pre_P26,1,0.7905207772097677,1
19,P26,P26,Pre_P26,1,0.5772231552382575,1
19,P26,P26,Pre_P26,1,0.2276804207979404,0
19,P26,P26,Pre_P26,1,0.5969665951997527,1
19,P26,P26,Pre_P26,1,0.6822473465939648,1
19,P26,P26,Pre_P26,1,0.5405921052490461,1
19,P26,P26,Pre_P26,1,0.5959647964183881,1
19,P26,P26,Pre_P26,1,0.3198957324351296,0
19,P26,P26,Pre_P26,1,0.8266207840306159,1
19,P26,P26,Pre_P26,1,0.5061462314534586,1
19,P26,P26,Pre_P26,1,0.7252667732126253,1
19,P26,P26,Pre_P26,1,0.3158040901804741,0
19,P26,P26,Pre_P26,1,0.6426974702899397,1
19,P26,P26,Pre_P26,1,0.6707150930009514,1
19,P26,P26,Pre_P26,1,0.49701412331640965,0
19,P26,P26,Pre_P26,1,0.739951376716869,1
19,P26,P26,Pre_P26,1,0.5214122429473954,1
19,P26,P26,Pre_P26,1,0.6997862470438706,1
19,P26,P26,Pre_P26,1,0.577366855752948,1
19,P26,P26,Pre_P26,1,0.8284815243821665,1
19,P26,P26,Pre_P26,1,0.8392110545987617,1
19,P26,P26,Pre_P26,1,0.7942888017059494,1
19,P26,P26,Pre_P26,1,0.7732284543513773,1
19,P26,P26,Pre_P26,1,0.853011746811151,1
19,P26,P26,Pre_P26,1,0.7363529459953874,1
19,P26,P26,Pre_P26,1,0.6681195654760078,1
19,P26,P26,Pre_P26,1,0.7138849931918573,1
19,P26,P26,Pre_P26,1,0.6596446057871184,1
19,P26,P26,Pre_P26,1,0.6463700539699558,1
19,P26,P26,Pre_P26,1,0.8524501788073596,1
19,P26,P26,Pre_P26,1,0.6567890921683833,1
19,P26,P26,Pre_P26,1,0.54104029425619,1
19,P26,P26,Pre_P26,1,0.5922861967148136,1
19,P26,P26,Pre_P26,1,0.11858982410457121,0
19,P26,P26,Pre_P26,1,0.5579535828852669,1
19,P26,P26,Pre_P26,1,0.788735860731257,1
19,P26,P26,Pre_P26,1,0.34853955594318903,0
20,P27,P27,Pre_P27,0,0.3821881614899503,0
20,P27,P27,Pre_P27,0,0.5408085761152018,1
20,P27,P27,Pre_P27,0,0.3883751659787669,0
20,P27,P27,Pre_P27,0,0.08807446948908768,0
20,P27,P27,Pre_P27,0,0.5481549794298619,1
20,P27,P27,Pre_P27,0,0.42180197488049537,0
20,P27,P27,Pre_P27,0,0.2889217590836447,0
20,P27,P27,Pre_P27,0,0.5192668975080271,1
20,P27,P27,Pre_P27,0,0.4753470825131596,0
20,P27,P27,Pre_P27,0,0.4306976713290418,0
20,P27,P27,Pre_P27,0,0.14055006250282767,0
20,P27,P27,Pre_P27,0,0.5375911227976543,1
20,P27,P27,Pre_P27,0,0.25433868773589235,0
20,P27,P27,Pre_P27,0,0.41892831277807757,0
20,P27,P27,Pre_P27,0,0.5771722337268782,1
20,P27,P27,Pre_P27,0,0.5771761135543422,1
20,P27,P27,Pre_P27,0,0.4596594131615586,0
20,P27,P27,Pre_P27,0,0.4727659453117991,0
20,P27,P27,Pre_P27,0,0.28253718153821317,0
20,P27,P27,Pre_P27,0,0.15871023783864516,0
20,P27,P27,Pre_P27,0,0.5189476630313582,1
20,P27,P27,Pre_P27,0,0.5017004708887762,1
20,P27,P27,Pre_P27,0,0.301389789319507,0
20,P27,P27,Pre_P27,0,0.3033027136403904,0
20,P27,P27,Pre_P27,0,0.3695103381276814,0
20,P27,P27,Pre_P27,0,0.5242166205038824,1
20,P27,P27,Pre_P27,0,0.4262146130346027,0
20,P27,P27,Pre_P27,0,0.24963284514069126,0
20,P27,P27,Pre_P27,0,0.306264661123838,0
20,P27,P27,Pre_P27,0,0.4730477328800277,0
20,P27,P27,Pre_P27,0,0.3715834917865028,0
20,P27,P27,Pre_P27,0,0.5402314516992895,1
20,P27,P27,Pre_P27,0,0.3924621079443889,0
20,P27,P27,Pre_P27,0,0.44258192978882976,0
20,P27,P27,Pre_P27,0,0.13495386991670147,0
20,P27,P27,Pre_P27,0,0.27740901593860673,0
20,P27,P27,Pre_P27,0,0.35936318555104935,0
20,P27,P27,Pre_P27,0,0.3422402752774863,0
20,P27,P27,Pre_P27,0,0.44673766560504097,0
20,P27,P27,Pre_P27,0,0.3411726413441039,0
20,P27,P27,Pre_P27,0,0.3227988479777568,0
20,P27,P27,Pre_P27,0,0.724712857822768,1
20,P27,P27,Pre_P27,0,0.3046361325091582,0
20,P27,P27,Pre_P27,0,0.5715697087684303,1
20,P27,P27,Pre_P27,0,0.32142282937293265,0
20,P27,P27,Pre_P27,0,0.3319083309841919,0
20,P27,P27,Pre_P27,0,0.4166136287276318,0
20,P27,P27,Pre_P27,0,0.3373992709391772,0
20,P27,P27,Pre_P27,0,0.3983608854433328,0
20,P27,P27,Pre_P27,0,0.31170824715861645,0
20,P27,P27,Pre_P27,0,0.43118315437763,0
20,P27,P27,Pre_P27,0,0.5030567646771552,1
20,P27,P27,Pre_P27,0,0.4508026089651807,0
20,P27,P27,Pre_P27,0,0.2904463215199924,0
20,P27,P27,Pre_P27,0,0.13351117448387648,0
20,P27,P27,Pre_P27,0,0.4195873819818688,0
20,P27,P27,Pre_P27,0,0.4633206566927957,0
20,P27,P27,Pre_P27,0,0.2097572338104357,0
20,P27,P27,Pre_P27,0,0.3891530762336304,0
20,P27,P27,Pre_P27,0,0.5482025872063812,1
20,P27,P27,Pre_P27,0,0.5400848130732404,1
20,P27,P27,Pre_P27,0,0.27983803170181726,0
20,P27,P27,Pre_P27,0,0.1437399119334973,0
20,P27,P27,Pre_P27,0,0.13032619018701191,0
20,P27,P27,Pre_P27,0,0.08665526876448054,0
20,P27,P27,Pre_P27,0,0.3710987066660289,0
20,P27,P27,Pre_P27,0,0.5154249778491207,1
20,P27,P27,Pre_P27,0,0.410448766716669,0
20,P27,P27,Pre_P27,0,0.36067835155466893,0
20,P27,P27,Pre_P27,0,0.4394134486453053,0
20,P27,P27,Pre_P27,0,0.36477476928535285,0
20,P27,P27,Pre_P27,0,0.18540358212335264,0
20,P27,P27,Pre_P27,0,0.36080122647721696,0
20,P27,P27,Pre_P27,0,0.3713225342888401,0
20,P27,P27,Pre_P27,0,0.2768315898784277,0
20,P27,P27,Pre_P27,0,0.29540851242028177,0
20,P27,P27,Pre_P27,0,0.41259858356941903,0
20,P27,P27,Pre_P27,0,0.036012941384122525,0
20,P27,P27,Pre_P27,0,0.4921112234108382,0
20,P27,P27,Pre_P27,0,0.41457299482492205,0
20,P27,P27,Pre_P27,0,0.4880059872872925,0
20,P27,P27,Pre_P27,0,0.4281051517313142,0
20,P27,P27,Pre_P27,0,0.33991755522977274,0
20,P27,P27,Pre_P27,0,0.21260672654848625,0
20,P27,P27,Pre_P27,0,0.2420409607285284,0
20,P27,P27,Pre_P27,0,0.20350663800763594,0
20,P27,P27,Pre_P27,0,0.3911189833538323,0
20,P27,P27,Pre_P27,0,0.33319856676115345,0
20,P27,P27,Pre_P27,0,0.23977828994087053,0
20,P27,P27,Pre_P27,0,0.4143427365193411,0
20,P27,P27,Pre_P27,0,0.17541347256285864,0
20,P27,P27,Pre_P27,0,0.5202660580215369,1
20,P27,P27,Pre_P27,0,0.4881733906971286,0
20,P27,P27,Pre_P27,0,0.24892705712848903,0
20,P27,P27,Pre_P27,0,0.5637901822577656,1
20,P27,P27,Pre_P27,0,0.4581428394115272,0
20,P27,P27,Pre_P27,0,0.3224011624347477,0
20,P27,P27,Pre_P27,0,0.27929422513748325,0
20,P27,P27,Pre_P27,0,0.4480434323881271,0
20,P27,P27,Pre_P27,0,0.5490544033881949,1
20,P27,P27,Pre_P27,0,0.12518725514640291,0
20,P27,P27,Pre_P27,0,0.6236524289753829,1
20,P27,P27,Pre_P27,0,0.5144438373463204,1
20,P27,P27,Pre_P27,0,0.49988077521500013,0
20,P27,P27,Pre_P27,0,0.5244490343196755,1
20,P27,P27,Pre_P27,0,0.5026316047881371,1
20,P27,P27,Pre_P27,0,0.21422550270751572,0
20,P27,P27,Pre_P27,0,0.3516681316666365,0
20,P27,P27,Pre_P27,0,0.352351206210613,0
20,P27,P27,Pre_P27,0,0.47562074230343654,0
20,P27,P27,Pre_P27,0,0.3101000220515371,0
20,P27,P27,Pre_P27,0,0.4080171329206551,0
20,P27,P27,Pre_P27,0,0.5639530061654288,1
20,P27,P27,Pre_P27,0,0.3656522036024717,0
20,P27,P27,Pre_P27,0,0.675801264408108,1
20,P27,P27,Pre_P27,0,0.3322434808010805,0
20,P27,P27,Pre_P27,0,0.5748307808271232,1
20,P27,P27,Pre_P27,0,0.27692516276415957,0
20,P27,P27,Pre_P27,0,0.46711786181994086,0
20,P27,P27,Pre_P27,0,0.20017933121248294,0
20,P27,P27,Pre_P27,0,0.3608055543353989,0
20,P27,P27,Pre_P27,0,0.3893533523311623,0
20,P27,P27,Pre_P27,0,0.4560120771165226,0
20,P27,P27,Pre_P27,0,0.3767352300481223,0
20,P27,P27,Pre_P27,0,0.3617947934235592,0
20,P27,P27,Pre_P27,0,0.4861396139563746,0
20,P27,P27,Pre_P27,0,0.5209368081895706,1
20,P27,P27,Pre_P27,0,0.368677163001905,0
20,P27,P27,Pre_P27,0,0.3006332777732175,0
20,P27,P27,Pre_P27,0,0.37552438647135955,0
20,P27,P27,Pre_P27,0,0.2764206306258238,0
20,P27,P27,Pre_P27,0,0.49931291334883354,0
20,P27,P27,Pre_P27,0,0.3949955081612646,0
20,P27,P27,Pre_P27,0,0.4646105541541835,0
20,P27,P27,Pre_P27,0,0.19872011838672296,0
20,P27,P27,Pre_P27,0,0.3652485670197146,0
20,P27,P27,Pre_P27,0,0.19376203568834444,0
20,P27,P27,Pre_P27,0,0.24056003916811777,0
20,P27,P27,Pre_P27,0,0.22093801886873785,0
20,P27,P27,Pre_P27,0,0.3903574433313215,0
20,P27,P27,Pre_P27,0,0.4325916261739803,0
20,P27,P27,Pre_P27,0,0.41945723371999316,0
20,P27,P27,Pre_P27,0,0.6869803309747039,1
20,P27,P27,Pre_P27,0,0.4102038792934475,0
20,P27,P27,Pre_P27,0,0.610926427932645,1
20,P27,P27,Pre_P27,0,0.3048576809200693,0
20,P27,P27,Pre_P27,0,0.12163809028197561,0
20,P27,P27,Pre_P27,0,0.47698638366771917,0
20,P27,P27,Pre_P27,0,0.5265191554904364,1
20,P27,P27,Pre_P27,0,0.49452446036979664,0
20,P27,P27,Pre_P27,0,0.28601029176291104,0
20,P27,P27,Pre_P27,0,0.4665208412675325,0
20,P27,P27,Pre_P27,0,0.5652396933105812,1
20,P27,P27,Pre_P27,0,0.3331057786092706,0
20,P27,P27,Pre_P27,0,0.5375015757184021,1
20,P27,P27,Pre_P27,0,0.2914867676182021,0
20,P27,P27,Pre_P27,0,0.28505219996084263,0
20,P27,P27,Pre_P27,0,0.2506279068801034,0
20,P27,P27,Pre_P27,0,0.1921088879374759,0
20,P27,P27,Pre_P27,0,0.4393400115883262,0
20,P27,P27,Pre_P27,0,0.21469861540012614,0
20,P27,P27,Pre_P27,0,0.3278259149006923,0
20,P27,P27,Pre_P27,0,0.22965662199225761,0
20,P27,P27,Pre_P27,0,0.6507016937909745,1
20,P27,P27,Pre_P27,0,0.2823884493906773,0
20,P27,P27,Pre_P27,0,0.3584107222775311,0
20,P27,P27,Pre_P27,0,0.3099865514282226,0
20,P27,P27,Pre_P27,0,0.3294044724559639,0
20,P27,P27,Pre_P27,0,0.12538924302826723,0
20,P27,P27,Pre_P27,0,0.34526915704965816,0
20,P27,P27,Pre_P27,0,0.472316390256156,0
20,P27,P27,Pre_P27,0,0.08035802451543225,0
20,P27,P27,Pre_P27,0,0.18653221270265316,0
20,P27,P27,Pre_P27,0,0.3309681716215193,0
20,P27,P27,Pre_P27,0,0.3343781930025624,0
20,P27,P27,Pre_P27,0,0.09505355970222812,0
20,P27,P27,Pre_P27,0,0.38136426358309167,0
20,P27,P27,Pre_P27,0,0.5641136173547987,1
20,P27,P27,Pre_P27,0,0.42890886098740544,0
20,P27,P27,Pre_P27,0,0.47847307397719785,0
20,P27,P27,Pre_P27,0,0.49207237450047075,0
20,P27,P27,Pre_P27,0,0.46842121789391755,0
20,P27,P27,Pre_P27,0,0.29792760815817115,0
20,P27,P27,Pre_P27,0,0.5399318148780087,1
20,P27,P27,Pre_P27,0,0.2030617576727721,0
20,P27,P27,Pre_P27,0,0.3360662688770391,0
20,P27,P27,Pre_P27,0,0.29749081578630293,0
20,P27,P27,Pre_P27,0,0.4726732857712712,0
20,P27,P27,Pre_P27,0,0.2195475497459636,0
20,P27,P27,Pre_P27,0,0.2737846171543623,0
20,P27,P27,Pre_P27,0,0.5673844432285141,1
20,P27,P27,Pre_P27,0,0.37048715354629025,0
20,P27,P27,Pre_P27,0,0.47967419229920616,0
20,P27,P27,Pre_P27,0,0.23557274314239554,0
20,P27,P27,Pre_P27,0,0.18548427512033372,0
20,P27,P27,Pre_P27,0,0.2968646504521747,0
20,P27,P27,Pre_P27,0,0.5484473930097706,1
20,P27,P27,Pre_P27,0,0.24180282906197834,0
20,P27,P27,Pre_P27,0,0.5970321820479296,1
20,P27,P27,Pre_P27,0,0.28337386068056825,0
20,P27,P27,Pre_P27,0,0.2651988878253025,0
20,P27,P27,Pre_P27,0,0.3473713431785654,0
20,P27,P27,Pre_P27,0,0.3917406916867655,0
20,P27,P27,Pre_P27,0,0.2764331125095008,0
20,P27,P27,Pre_P27,0,0.47502723118717144,0
20,P27,P27,Pre_P27,0,0.2842328015400524,0
20,P27,P27,Pre_P27,0,0.49488470576955934,0
20,P27,P27,Pre_P27,0,0.1955487357649924,0
20,P27,P27,Pre_P27,0,0.3953051188923986,0
20,P27,P27,Pre_P27,0,0.35808183611460653,0
20,P27,P27,Pre_P27,0,0.49538632951600553,0
20,P27,P27,Pre_P27,0,0.3407582162234268,0
20,P27,P27,Pre_P27,0,0.35378181977941314,0
20,P27,P27,Pre_P27,0,0.3346762851341378,0
20,P27,P27,Pre_P27,0,0.3989498911611522,0
20,P27,P27,Pre_P27,0,0.35928041887612827,0
20,P27,P27,Pre_P27,0,0.11933685870962786,0
20,P27,P27,Pre_P27,0,0.21051046832170073,0
20,P27,P27,Pre_P27,0,0.3710801218393684,0
20,P27,P27,Pre_P27,0,0.30420049932018445,0
20,P27,P27,Pre_P27,0,0.5649034939394143,1
20,P27,P27,Pre_P27,0,0.48282811402587816,0
20,P27,P27,Pre_P27,0,0.29241948623886554,0
20,P27,P27,Pre_P27,0,0.28007738857012066,0
20,P27,P27,Pre_P27,0,0.4480160962930038,0
20,P27,P27,Pre_P27,0,0.22463047734869623,0
20,P27,P27,Pre_P27,0,0.4387919053810173,0
20,P27,P27,Pre_P27,0,0.43065677791847246,0
20,P27,P27,Pre_P27,0,0.3230141923072049,0
20,P27,P27,Pre_P27,0,0.29765962827821685,0
20,P27,P27,Pre_P27,0,0.43688836552804056,0
20,P27,P27,Pre_P27,0,0.47932372200650697,0
20,P27,P27,Pre_P27,0,0.2710075161480161,0
20,P27,P27,Pre_P27,0,0.3652094115870003,0
20,P27,P27,Pre_P27,0,0.5338204904996624,1
20,P27,P27,Pre_P27,0,0.4480227245099608,0
20,P27,P27,Pre_P27,0,0.5287254144960477,1
20,P27,P27,Pre_P27,0,0.40887347961153137,0
20,P27,P27,Pre_P27,0,0.5684727968413595,1
20,P27,P27,Pre_P27,0,0.42237404226034586,0
20,P27,P27,Pre_P27,0,0.34462772302176914,0
20,P27,P27,Pre_P27,0,0.659792936494766,1
20,P27,P27,Pre_P27,0,0.4351286084134274,0
20,P27,P27,Pre_P27,0,0.08457370444931948,0
20,P27,P27,Pre_P27,0,0.21507906940382135,0
20,P27,P27,Pre_P27,0,0.3477791089744668,0
20,P27,P27,Pre_P27,0,0.5024570831667515,1
20,P27,P27,Pre_P27,0,0.3189556828719606,0
20,P27,P27,Pre_P27,0,0.25462996121665643,0
20,P27,P27,Pre_P27,0,0.5462518145467335,1
20,P27,P27,Pre_P27,0,0.41771169930494123,0
20,P27,P27,Pre_P27,0,0.3365643144734616,0
20,P27,P27,Pre_P27,0,0.12390273475979607,0
20,P27,P27,Pre_P27,0,0.35972698746600873,0
20,P27,P27,Pre_P27,0,0.4497858404652409,0
20,P27,P27,Pre_P27,0,0.16145044665630043,0
20,P27,P27,Pre_P27,0,0.42872004007057785,0
20,P27,P27,Pre_P27,0,0.28438214085997293,0
20,P27,P27,Pre_P27,0,0.5044941470027651,1
20,P27,P27,Pre_P27,0,0.36760701136122953,0
20,P27,P27,Pre_P27,0,0.4276036763174672,0
20,P27,P27,Pre_P27,0,0.31388217131375257,0
20,P27,P27,Pre_P27,0,0.08802134737435659,0
20,P27,P27,Pre_P27,0,0.30299938766659873,0
20,P27,P27,Pre_P27,0,0.37318900952934786,0
20,P27,P27,Pre_P27,0,0.22918753101805625,0
20,P27,P27,Pre_P27,0,0.3084315891550952,0
20,P27,P27,Pre_P27,0,0.47688113013752437,0
20,P27,P27,Pre_P27,0,0.3779673166439175,0
20,P27,P27,Pre_P27,0,0.480379790102181,0
20,P27,P27,Pre_P27,0,0.3835713901563829,0
20,P27,P27,Pre_P27,0,0.5430154305831957,1
20,P27,P27,Pre_P27,0,0.037459705462660475,0
20,P27,P27,Pre_P27,0,0.1229621047615012,0
20,P27,P27,Pre_P27,0,0.3478758866954821,0
20,P27,P27,Pre_P27,0,0.3782389029813836,0
20,P27,P27,Pre_P27,0,0.17776337423815744,0
20,P27,P27,Pre_P27,0,0.44653016563587433,0
20,P27,P27,Pre_P27,0,0.5213649164360796,1
20,P27,P27,Pre_P27,0,0.3955805804508039,0
20,P27,P27,Pre_P27,0,0.4541293359114351,0
20,P27,P27,Pre_P27,0,0.6057131878215456,1
20,P27,P27,Pre_P27,0,0.3527471770926552,0
20,P27,P27,Pre_P27,0,0.2450348963460098,0
20,P27,P27,Pre_P27,0,0.45978642686811166,0
20,P27,P27,Pre_P27,0,0.45939109566375724,0
20,P27,P27,Pre_P27,0,0.5264268804882324,1
20,P27,P27,Pre_P27,0,0.3252729961831829,0
20,P27,P27,Pre_P27,0,0.2141400427798874,0
20,P27,P27,Pre_P27,0,0.3620549511016474,0
20,P27,P27,Pre_P27,0,0.3850451916146109,0
20,P27,P27,Pre_P27,0,0.5055224523373013,1
20,P27,P27,Pre_P27,0,0.28738750492369125,0
20,P27,P27,Pre_P27,0,0.394617200452251,0
20,P27,P27,Pre_P27,0,0.21023252917634072,0
20,P27,P27,Pre_P27,0,0.47642380605177337,0
20,P27,P27,Pre_P27,0,0.39016760084312735,0
20,P27,P27,Pre_P27,0,0.3644690992336215,0
20,P27,P27,Pre_P27,0,0.1736228356095793,0
20,P27,P27,Pre_P27,0,0.39868312190645605,0
20,P27,P27,Pre_P27,0,0.30509346765302375,0
20,P27,P27,Pre_P27,0,0.39146049900270224,0
20,P27,P27,Pre_P27,0,0.24477888078318671,0
20,P27,P27,Pre_P27,0,0.3255455934369952,0
20,P27,P27,Pre_P27,0,0.16282675691989318,0
20,P27,P27,Pre_P27,0,0.3940564625497463,0
20,P27,P27,Pre_P27,0,0.1885794490907643,0
20,P27,P27,Pre_P27,0,0.44469584135802204,0
20,P27,P27,Pre_P27,0,0.2674532533647312,0
20,P27,P27,Pre_P27,0,0.33299456344144357,0
20,P27,P27,Pre_P27,0,0.3596701918944702,0
20,P27,P27,Pre_P27,0,0.34532417886210487,0
20,P27,P27,Pre_P27,0,0.5055793563306727,1
20,P27,P27,Pre_P27,0,0.5449723812096381,1
20,P27,P27,Pre_P27,0,0.2581842980808288,0
20,P27,P27,Pre_P27,0,0.13719781919520777,0
20,P27,P27,Pre_P27,0,0.7077025616859931,1
20,P27,P27,Pre_P27,0,0.5457735328384813,1
20,P27,P27,Pre_P27,0,0.43632683513354587,0
20,P27,P27,Pre_P27,0,0.36296353361140865,0
20,P27,P27,Pre_P27,0,0.414802686436163,0
20,P27,P27,Pre_P27,0,0.4025439333405796,0
20,P27,P27,Pre_P27,0,0.5010970404393865,1
20,P27,P27,Pre_P27,0,0.3643680531008819,0
20,P27,P27,Pre_P27,0,0.489273558466989,0
20,P27,P27,Pre_P27,0,0.1795533401508085,0
20,P27,P27,Pre_P27,0,0.41510217799209415,0
20,P27,P27,Pre_P27,0,0.33069445335358033,0
20,P27,P27,Pre_P27,0,0.41201242775167124,0
20,P27,P27,Pre_P27,0,0.34464471665574553,0
20,P27,P27,Pre_P27,0,0.23637658330396302,0
20,P27,P27,Pre_P27,0,0.45902968116589826,0
20,P27,P27,Pre_P27,0,0.44146705202800496,0
20,P27,P27,Pre_P27,0,0.30818194335926524,0
20,P27,P27,Pre_P27,0,0.2965683175967684,0
20,P27,P27,Pre_P27,0,0.2897102388176528,0
20,P27,P27,Pre_P27,0,0.49218381362710734,0
20,P27,P27,Pre_P27,0,0.3708036663314422,0
20,P27,P27,Pre_P27,0,0.7185642861016319,1
20,P27,P27,Pre_P27,0,0.12780312257934484,0
20,P27,P27,Pre_P27,0,0.5060010769736442,1
20,P27,P27,Pre_P27,0,0.4949127274988905,0
20,P27,P27,Pre_P27,0,0.3028296025653492,0
21,P28,P28,Pre_P28,1,0.8807501196984783,1
21,P28,P28,Pre_P28,1,0.46449221983701383,0
21,P28,P28,Pre_P28,1,0.4955693230690722,0
21,P28,P28,Pre_P28,1,0.3366759888401851,0
21,P28,P28,Pre_P28,1,0.6373023553062604,1
21,P28,P28,Pre_P28,1,0.47395777873484224,0
21,P28,P28,Pre_P28,1,0.5280284766599893,1
21,P28,P28,Pre_P28,1,0.6659521337815968,1
21,P28,P28,Pre_P28,1,0.523241630333134,1
21,P28,P28,Pre_P28,1,0.5185241866172161,1
21,P28,P28,Pre_P28,1,0.5099078724473218,1
21,P28,P28,Pre_P28,1,0.4124935012319729,0
21,P28,P28,Pre_P28,1,0.507376169288065,1
21,P28,P28,Pre_P28,1,0.4928842083783053,0
21,P28,P28,Pre_P28,1,0.3833579402720364,0
21,P28,P28,Pre_P28,1,0.41397642167142107,0
21,P28,P28,Pre_P28,1,0.6338371327333229,1
21,P28,P28,Pre_P28,1,0.2687421367589563,0
21,P28,P28,Pre_P28,1,0.4876714522309055,0
21,P28,P28,Pre_P28,1,0.2760866594738486,0
21,P28,P28,Pre_P28,1,0.6950856604939742,1
21,P28,P28,Pre_P28,1,0.3261417980831391,0
21,P28,P28,Pre_P28,1,0.3829160461977326,0
21,P28,P28,Pre_P28,1,0.336216951094855,0
21,P28,P28,Pre_P28,1,0.6762804112453843,1
21,P28,P28,Pre_P28,1,0.5991282784777949,1
21,P28,P28,Pre_P28,1,0.4763813320505143,0
21,P28,P28,Pre_P28,1,0.7206177635260363,1
21,P28,P28,Pre_P28,1,0.47001380654906144,0
21,P28,P28,Pre_P28,1,0.6154407764373206,1
21,P28,P28,Pre_P28,1,0.19704691328024976,0
21,P28,P28,Pre_P28,1,0.43046020962115034,0
21,P28,P28,Pre_P28,1,0.6663537242101558,1
21,P28,P28,Pre_P28,1,0.7784535175064298,1
21,P28,P28,Pre_P28,1,0.6382115684786321,1
21,P28,P28,Pre_P28,1,0.2659644461886589,0
21,P28,P28,Pre_P28,1,0.617865051934023,1
21,P28,P28,Pre_P28,1,0.2398364234764153,0
21,P28,P28,Pre_P28,1,0.037982239716295656,0
21,P28,P28,Pre_P28,1,0.3708728689204247,0
21,P28,P28,Pre_P28,1,0.4810283045951837,0
21,P28,P28,Pre_P28,1,0.44579671032752216,0
21,P28,P28,Pre_P28,1,0.713386110608983,1
21,P28,P28,Pre_P28,1,0.41776477687444047,0
21,P28,P28,Pre_P28,1,0.5178535746290825,1
21,P28,P28,Pre_P28,1,0.4606643562311495,0
21,P28,P28,Pre_P28,1,0.4105833813685514,0
21,P28,P28,Pre_P28,1,0.4284255019933347,0
21,P28,P28,Pre_P28,1,0.7420326765636157,1
21,P28,P28,Pre_P28,1,0.3999637242027946,0
21,P28,P28,Pre_P28,1,0.274561148577553,0
21,P28,P28,Pre_P28,1,0.414840564839484,0
21,P28,P28,Pre_P28,1,0.5613934166641863,1
21,P28,P28,Pre_P28,1,0.6399992993414687,1
21,P28,P28,Pre_P28,1,0.3728724422252668,0
21,P28,P28,Pre_P28,1,0.6457701757351927,1
21,P28,P28,Pre_P28,1,0.7121031874660856,1
21,P28,P28,Pre_P28,1,0.5140728892988244,1
21,P28,P28,Pre_P28,1,0.43254074398487985,0
21,P28,P28,Pre_P28,1,0.6712447014139583,1
21,P28,P28,Pre_P28,1,0.47917930753246285,0
21,P28,P28,Pre_P28,1,0.488277360939957,0
21,P28,P28,Pre_P28,1,0.5654452243220119,1
21,P28,P28,Pre_P28,1,0.456738086764537,0
21,P28,P28,Pre_P28,1,0.17297096376949958,0
21,P28,P28,Pre_P28,1,0.2354639447649508,0
21,P28,P28,Pre_P28,1,0.6245795217105221,1
21,P28,P28,Pre_P28,1,0.5265744056140202,1
21,P28,P28,Pre_P28,1,0.6112738002244236,1
21,P28,P28,Pre_P28,1,0.6743064667691572,1
21,P28,P28,Pre_P28,1,0.3871978370853194,0
21,P28,P28,Pre_P28,1,0.38191964423105307,0
21,P28,P28,Pre_P28,1,0.7688117587309811,1
21,P28,P28,Pre_P28,1,0.25052517615602654,0
21,P28,P28,Pre_P28,1,0.36699309845785844,0
21,P28,P28,Pre_P28,1,0.4651551032549423,0
21,P28,P28,Pre_P28,1,0.6111285358373579,1
21,P28,P28,Pre_P28,1,0.44495208630699845,0
21,P28,P28,Pre_P28,1,0.6129109423105039,1
21,P28,P28,Pre_P28,1,0.18554086894377367,0
21,P28,P28,Pre_P28,1,0.5589973404073756,1
21,P28,P28,Pre_P28,1,0.3926561031711718,0
21,P28,P28,Pre_P28,1,0.41727059541702305,0
21,P28,P28,Pre_P28,1,0.32541191283079274,0
21,P28,P28,Pre_P28,1,0.3852279856694473,0
21,P28,P28,Pre_P28,1,0.1634411561018783,0
21,P28,P28,Pre_P28,1,0.695897643377231,1
21,P28,P28,Pre_P28,1,0.6458929113840459,1
21,P28,P28,Pre_P28,1,0.7226618231305155,1
21,P28,P28,Pre_P28,1,0.6359988328320254,1
21,P28,P28,Pre_P28,1,0.2470447039035499,0
21,P28,P28,Pre_P28,1,0.48111148609317267,0
21,P28,P28,Pre_P28,1,0.5539266398792452,1
21,P28,P28,Pre_P28,1,0.4564577785669758,0
21,P28,P28,Pre_P28,1,0.5678182204576091,1
21,P28,P28,Pre_P28,1,0.3473145700357484,0
21,P28,P28,Pre_P28,1,0.4441477872395088,0
21,P28,P28,Pre_P28,1,0.7149482182545418,1
21,P28,P28,Pre_P28,1,0.5502987076784993,1
21,P28,P28,Pre_P28,1,0.6519053711292498,1
21,P28,P28,Pre_P28,1,0.4215289397806686,0
21,P28,P28,Pre_P28,1,0.2913171275338645,0
21,P28,P28,Pre_P28,1,0.6669387007678269,1
21,P28,P28,Pre_P28,1,0.2719699783457065,0
21,P28,P28,Pre_P28,1,0.5887196986949416,1
21,P28,P28,Pre_P28,1,0.8084666358967918,1
21,P28,P28,Pre_P28,1,0.5307782639252477,1
21,P28,P28,Pre_P28,1,0.4717939553031631,0
21,P28,P28,Pre_P28,1,0.27863451960233737,0
21,P28,P28,Pre_P28,1,0.7674489902324891,1
21,P28,P28,Pre_P28,1,0.5572891702029754,1
21,P28,P28,Pre_P28,1,0.596379257964755,1
21,P28,P28,Pre_P28,1,0.40448477987174797,0
21,P28,P28,Pre_P28,1,0.4536005787408073,0
21,P28,P28,Pre_P28,1,0.37020336585431973,0
21,P28,P28,Pre_P28,1,0.7341407754804081,1
21,P28,P28,Pre_P28,1,0.6197852878538757,1
21,P28,P28,Pre_P28,1,0.3260647173716144,0
21,P28,P28,Pre_P28,1,0.5797207352352227,1
21,P28,P28,Pre_P28,1,0.3547800132973625,0
21,P28,P28,Pre_P28,1,0.5119365926046457,1
21,P28,P28,Pre_P28,1,0.7949744761686809,1
21,P28,P28,Pre_P28,1,0.5325363274441686,1
21,P28,P28,Pre_P28,1,0.5992462975595727,1
21,P28,P28,Pre_P28,1,0.5885090690675151,1
21,P28,P28,Pre_P28,1,0.4737514879324842,0
21,P28,P28,Pre_P28,1,0.6750913757559833,1
21,P28,P28,Pre_P28,1,0.39289334553802946,0
21,P28,P28,Pre_P28,1,0.4553249789462112,0
21,P28,P28,Pre_P28,1,0.38320611875543387,0
21,P28,P28,Pre_P28,1,0.7409935642967242,1
21,P28,P28,Pre_P28,1,0.5619837287393799,1
21,P28,P28,Pre_P28,1,0.4500470329292154,0
21,P28,P28,Pre_P28,1,0.4744190402736017,0
21,P28,P28,Pre_P28,1,0.36721710030306315,0
21,P28,P28,Pre_P28,1,0.6382075351796502,1
21,P28,P28,Pre_P28,1,0.5102717984431698,1
21,P28,P28,Pre_P28,1,0.6834446076148731,1
21,P28,P28,Pre_P28,1,0.43573357320105643,0
21,P28,P28,Pre_P28,1,0.6872289489477686,1
21,P28,P28,Pre_P28,1,0.3996568783102268,0
21,P28,P28,Pre_P28,1,0.5926435761238588,1
21,P28,P28,Pre_P28,1,0.3657928898655969,0
21,P28,P28,Pre_P28,1,0.3293700347922453,0
21,P28,P28,Pre_P28,1,0.7354236916183524,1
21,P28,P28,Pre_P28,1,0.6348749448932183,1
21,P28,P28,Pre_P28,1,0.5291083596834939,1
21,P28,P28,Pre_P28,1,0.4326922225068164,0
21,P28,P28,Pre_P28,1,0.5999474816003815,1
21,P28,P28,Pre_P28,1,0.4407913192842824,0
21,P28,P28,Pre_P28,1,0.3068954548004956,0
21,P28,P28,Pre_P28,1,0.47043491784346714,0
21,P28,P28,Pre_P28,1,0.36997855709630706,0
21,P28,P28,Pre_P28,1,0.41049989524832786,0
21,P28,P28,Pre_P28,1,0.49270512668856487,0
21,P28,P28,Pre_P28,1,0.33472702807728705,0
21,P28,P28,Pre_P28,1,0.5607529549062346,1
21,P28,P28,Pre_P28,1,0.651556014219183,1
21,P28,P28,Pre_P28,1,0.5778743530341535,1
21,P28,P28,Pre_P28,1,0.5131734490303238,1
21,P28,P28,Pre_P28,1,0.7514934390977576,1
21,P28,P28,Pre_P28,1,0.39271528620515544,0
21,P28,P28,Pre_P28,1,0.3774100885924827,0
21,P28,P28,Pre_P28,1,0.4529758059783564,0
21,P28,P28,Pre_P28,1,0.4594635290063738,0
21,P28,P28,Pre_P28,1,0.7075079374197144,1
21,P28,P28,Pre_P28,1,0.4129393128451236,0
21,P28,P28,Pre_P28,1,0.4663212056982072,0
21,P28,P28,Pre_P28,1,0.35456638805693025,0
21,P28,P28,Pre_P28,1,0.3203964887241457,0
21,P28,P28,Pre_P28,1,0.35293014622900404,0
21,P28,P28,Pre_P28,1,0.5050857487791429,1
21,P28,P28,Pre_P28,1,0.6014690489423739,1
21,P28,P28,Pre_P28,1,0.5157128999816463,1
21,P28,P28,Pre_P28,1,0.5798561317210783,1
21,P28,P28,Pre_P28,1,0.19549743484601986,0
21,P28,P28,Pre_P28,1,0.25733901964209255,0
21,P28,P28,Pre_P28,1,0.34239177933349746,0
21,P28,P28,Pre_P28,1,0.4208584313212801,0
21,P28,P28,Pre_P28,1,0.5063372463072923,1
21,P28,P28,Pre_P28,1,0.5392495969815885,1
21,P28,P28,Pre_P28,1,0.502742429664108,1
21,P28,P28,Pre_P28,1,0.5132390474077068,1
21,P28,P28,Pre_P28,1,0.3480170272244405,0
21,P28,P28,Pre_P28,1,0.45667712141816097,0
21,P28,P28,Pre_P28,1,0.40444363074529405,0
21,P28,P28,Pre_P28,1,0.6233083047513721,1
21,P28,P28,Pre_P28,1,0.15254239599560077,0
21,P28,P28,Pre_P28,1,0.423383827804003,0
21,P28,P28,Pre_P28,1,0.5450089833968094,1
21,P28,P28,Pre_P28,1,0.5302906563605154,1
21,P28,P28,Pre_P28,1,0.5295973044677421,1
21,P28,P28,Pre_P28,1,0.5928480100036483,1
21,P28,P28,Pre_P28,1,0.5854722437513112,1
21,P28,P28,Pre_P28,1,0.4134171468156487,0
21,P28,P28,Pre_P28,1,0.5990978223772908,1
21,P28,P28,Pre_P28,1,0.7864265437118451,1
21,P28,P28,Pre_P28,1,0.5645564686404357,1
21,P28,P28,Pre_P28,1,0.347435082138666,0
21,P28,P28,Pre_P28,1,0.4735012954455731,0
21,P28,P28,Pre_P28,1,0.45769306214983313,0
21,P28,P28,Pre_P28,1,0.6287383432001683,1
21,P28,P28,Pre_P28,1,0.4665909562960427,0
21,P28,P28,Pre_P28,1,0.3292035422761078,0
21,P28,P28,Pre_P28,1,0.6998523524906665,1
21,P28,P28,Pre_P28,1,0.5376432996911643,1
21,P28,P28,Pre_P28,1,0.509787733763192,1
21,P28,P28,Pre_P28,1,0.39535795656139133,0
21,P28,P28,Pre_P28,1,0.34545708540622144,0
21,P28,P28,Pre_P28,1,0.35567842633495206,0
21,P28,P28,Pre_P28,1,0.434075969275284,0
21,P28,P28,Pre_P28,1,0.5716552271171959,1
21,P28,P28,Pre_P28,1,0.4273868706239846,0
21,P28,P28,Pre_P28,1,0.3545032931482153,0
21,P28,P28,Pre_P28,1,0.6819349804281308,1
21,P28,P28,Pre_P28,1,0.5529615364897033,1
21,P28,P28,Pre_P28,1,0.4600766320852651,0
21,P28,P28,Pre_P28,1,0.47278299208922975,0
21,P28,P28,Pre_P28,1,0.5041425912173944,1
21,P28,P28,Pre_P28,1,0.5783021413127422,1
21,P28,P28,Pre_P28,1,0.40968023887891275,0
21,P28,P28,Pre_P28,1,0.3214351888904194,0
21,P28,P28,Pre_P28,1,0.34182784174728365,0
21,P28,P28,Pre_P28,1,0.5918106493547517,1
21,P28,P28,Pre_P28,1,0.6568080837578406,1
21,P28,P28,Pre_P28,1,0.2762705990856529,0
21,P28,P28,Pre_P28,1,0.2807433881925306,0
21,P28,P28,Pre_P28,1,0.6351288973434128,1
21,P28,P28,Pre_P28,1,0.5408454252238125,1
21,P28,P28,Pre_P28,1,0.36217692449619693,0
21,P28,P28,Pre_P28,1,0.4009076342280563,0
21,P28,P28,Pre_P28,1,0.4540848803099068,0
21,P28,P28,Pre_P28,1,0.33410297663236205,0
21,P28,P28,Pre_P28,1,0.25693961339520754,0
21,P28,P28,Pre_P28,1,0.49410974920326106,0
21,P28,P28,Pre_P28,1,0.28351604183024065,0
21,P28,P28,Pre_P28,1,0.6295495427277348,1
21,P28,P28,Pre_P28,1,0.6403353173967979,1
21,P28,P28,Pre_P28,1,0.40474268291020915,0
21,P28,P28,Pre_P28,1,0.42473607158352583,0
21,P28,P28,Pre_P28,1,0.5070882074423331,1
21,P28,P28,Pre_P28,1,0.7119855786130932,1
21,P28,P28,Pre_P28,1,0.7699618319353707,1
21,P28,P28,Pre_P28,1,0.39892313720646305,0
21,P28,P28,Pre_P28,1,0.6196137007703828,1
21,P28,P28,Pre_P28,1,0.7676624852577532,1
21,P28,P28,Pre_P28,1,0.4064892626217868,0
21,P28,P28,Pre_P28,1,0.49919761126192913,0
21,P28,P28,Pre_P28,1,0.4330987242833601,0
21,P28,P28,Pre_P28,1,0.46166375086147593,0
21,P28,P28,Pre_P28,1,0.5335770338559865,1
21,P28,P28,Pre_P28,1,0.6494277856172597,1
21,P28,P28,Pre_P28,1,0.40009340334793236,0
21,P28,P28,Pre_P28,1,0.4990961167682845,0
21,P28,P28,Pre_P28,1,0.44714096506807655,0
21,P28,P28,Pre_P28,1,0.4571292728628935,0
21,P28,P28,Pre_P28,1,0.738115684169468,1
21,P28,P28,Pre_P28,1,0.42671721291870174,0
21,P28,P28,Pre_P28,1,0.5820433535227477,1
21,P28,P28,Pre_P28,1,0.5650222659007818,1
21,P28,P28,Pre_P28,1,0.21034584799775957,0
21,P28,P28,Pre_P28,1,0.4635116158387885,0
21,P28,P28,Pre_P28,1,0.7454400301797606,1
21,P28,P28,Pre_P28,1,0.626491757393419,1
21,P28,P28,Pre_P28,1,0.5022651937355543,1
21,P28,P28,Pre_P28,1,0.5508591601597688,1
21,P28,P28,Pre_P28,1,0.509379974077642,1
21,P28,P28,Pre_P28,1,0.4073534386893442,0
21,P28,P28,Pre_P28,1,0.5322635368168125,1
21,P28,P28,Pre_P28,1,0.5637583457181747,1
21,P28,P28,Pre_P28,1,0.3832281621979139,0
21,P28,P28,Pre_P28,1,0.3338583715337295,0
21,P28,P28,Pre_P28,1,0.5346115802669811,1
21,P28,P28,Pre_P28,1,0.2660684791475845,0
21,P28,P28,Pre_P28,1,0.4891931617208881,0
21,P28,P28,Pre_P28,1,0.31197688578662097,0
21,P28,P28,Pre_P28,1,0.5212443753056527,1
21,P28,P28,Pre_P28,1,0.37360970399552784,0
21,P28,P28,Pre_P28,1,0.487257927992311,0
21,P28,P28,Pre_P28,1,0.6285269114084273,1
21,P28,P28,Pre_P28,1,0.602477112828081,1
21,P28,P28,Pre_P28,1,0.43248273112471264,0
21,P28,P28,Pre_P28,1,0.06144914700394289,0
21,P28,P28,Pre_P28,1,0.46286368640863307,0
21,P28,P28,Pre_P28,1,0.3888327571626168,0
21,P28,P28,Pre_P28,1,0.872335838547729,1
21,P28,P28,Pre_P28,1,0.5979256500998709,1
21,P28,P28,Pre_P28,1,0.35757140230100665,0
21,P28,P28,Pre_P28,1,0.7311072034971354,1
21,P28,P28,Pre_P28,1,0.44905303852522216,0
21,P28,P28,Pre_P28,1,0.2567010952065526,0
21,P28,P28,Pre_P28,1,0.2307489928411848,0
21,P28,P28,Pre_P28,1,0.3276141026619443,0
21,P28,P28,Pre_P28,1,0.28522437049106547,0
21,P28,P28,Pre_P28,1,0.3543234937181179,0
21,P28,P28,Pre_P28,1,0.4959937641003117,0
21,P28,P28,Pre_P28,1,0.2996523183668068,0
21,P28,P28,Pre_P28,1,0.6009523631746645,1
21,P28,P28,Pre_P28,1,0.32099501509725653,0
21,P28,P28,Pre_P28,1,0.4451852822462209,0
21,P28,P28,Pre_P28,1,0.43767022590020216,0
21,P28,P28,Pre_P28,1,0.5478541295841972,1
21,P28,P28,Pre_P28,1,0.6797836031649015,1
21,P28,P28,Pre_P28,1,0.6845946281186563,1
21,P28,P28,Pre_P28,1,0.7303588539105722,1
21,P28,P28,Pre_P28,1,0.24180026564483895,0
21,P28,P28,Pre_P28,1,0.5803728899214523,1
21,P28,P28,Pre_P28,1,0.7502466835251641,1
21,P28,P28,Pre_P28,1,0.606731508645245,1
21,P28,P28,Pre_P28,1,0.3799617040704419,0
21,P28,P28,Pre_P28,1,0.5264242116696713,1
21,P28,P28,Pre_P28,1,0.24362407525318514,0
21,P28,P28,Pre_P28,1,0.554562765508714,1
21,P28,P28,Pre_P28,1,0.48705299526128226,0
21,P28,P28,Pre_P28,1,0.6479978761994756,1
21,P28,P28,Pre_P28,1,0.12524197000998302,0
21,P28,P28,Pre_P28,1,0.645130867225977,1
21,P28,P28,Pre_P28,1,0.46926025239752356,0
21,P28,P28,Pre_P28,1,0.5463691504618555,1
21,P28,P28,Pre_P28,1,0.5872405463029223,1
21,P28,P28,Pre_P28,1,0.45302832101196117,0
21,P28,P28,Pre_P28,1,0.6995854535476046,1
21,P28,P28,Pre_P28,1,0.606797513759499,1
21,P28,P28,Pre_P28,1,0.662988166642404,1
21,P28,P28,Pre_P28,1,0.5649336267530748,1
21,P28,P28,Pre_P28,1,0.4615557984352202,0
21,P28,P28,Pre_P28,1,0.5829560609354608,1
21,P28,P28,Pre_P28,1,0.21438742375193903,0
21,P28,P28,Pre_P28,1,0.24606948112483643,0
21,P28,P28,Pre_P28,1,0.3133206657400361,0
21,P28,P28,Pre_P28,1,0.5445923454479893,1
21,P28,P28,Pre_P28,1,0.418915088271169,0
21,P28,P28,Pre_P28,1,0.715600735339142,1
21,P28,P28,Pre_P28,1,0.6416186223282689,1
21,P28,P28,Pre_P28,1,0.5257447842227835,1
21,P28,P28,Pre_P28,1,0.5395472592891938,1
21,P28,P28,Pre_P28,1,0.5750838640737885,1
21,P28,P28,Post_P28,0,0.0888311153053068,0
21,P28,P28,Post_P28,0,0.37737336624073115,0
21,P28,P28,Post_P28,0,0.6150152861726647,1
21,P28,P28,Post_P28,0,0.31334725476659175,0
21,P28,P28,Post_P28,0,0.34384371552761306,0
21,P28,P28,Post_P28,0,0.4279353956007098,0
21,P28,P28,Post_P28,0,0.4032153212756367,0
21,P28,P28,Post_P28,0,0.1800939596176023,0
21,P28,P28,Post_P28,0,0.3361758693367416,0
21,P28,P28,Post_P28,0,0.4847490624699282,0
21,P28,P28,Post_P28,0,0.1753314974531574,0
21,P28,P28,Post_P28,0,0.5081899973172366,1
21,P28,P28,Post_P28,0,0.16770620325370225,0
21,P28,P28,Post_P28,0,0.21935733506656407,0
21,P28,P28,Post_P28,0,0.3540832277308616,0
21,P28,P28,Post_P28,0,0.13971678822020597,0
21,P28,P28,Post_P28,0,0.3610975009055626,0
21,P28,P28,Post_P28,0,0.16764305623779824,0
21,P28,P28,Post_P28,0,0.25296492221375205,0
21,P28,P28,Post_P28,0,0.25971734647884304,0
21,P28,P28,Post_P28,0,0.5557898972179991,1
21,P28,P28,Post_P28,0,0.5732269963738598,1
21,P28,P28,Post_P28,0,0.4534421028421191,0
21,P28,P28,Post_P28,0,0.36167849780657185,0
21,P28,P28,Post_P28,0,0.2716432054404175,0
21,P28,P28,Post_P28,0,0.3519397510980645,0
21,P28,P28,Post_P28,0,0.34964366464856866,0
21,P28,P28,Post_P28,0,0.6768605514955353,1
21,P28,P28,Post_P28,0,0.07072256003067515,0
21,P28,P28,Post_P28,0,0.3290298434768878,0
21,P28,P28,Post_P28,0,0.6377939199069099,1
21,P28,P28,Post_P28,0,0.3498108381623859,0
21,P28,P28,Post_P28,0,0.46084394842228654,0
21,P28,P28,Post_P28,0,0.29744447006067776,0
21,P28,P28,Post_P28,0,0.5343369968996134,1
21,P28,P28,Post_P28,0,0.18207618481166088,0
21,P28,P28,Post_P28,0,0.2914048162978056,0
21,P28,P28,Post_P28,0,0.3516005484295516,0
21,P28,P28,Post_P28,0,0.13429607792219886,0
21,P28,P28,Post_P28,0,0.2304329242188944,0
21,P28,P28,Post_P28,0,0.4188582459031245,0
21,P28,P28,Post_P28,0,0.44736186328992134,0
21,P28,P28,Post_P28,0,0.2579980527169567,0
21,P28,P28,Post_P28,0,0.36105375632503406,0
21,P28,P28,Post_P28,0,0.3593859746491245,0
21,P28,P28,Post_P28,0,0.3926102031491011,0
21,P28,P28,Post_P28,0,0.5658140969932668,1
21,P28,P28,Post_P28,0,0.39936203556494054,0
21,P28,P28,Post_P28,0,0.65447501011367,1
21,P28,P28,Post_P28,0,0.47628786017731256,0
21,P28,P28,Post_P28,0,0.42977664656425524,0
21,P28,P28,Post_P28,0,0.08450106470324734,0
21,P28,P28,Post_P28,0,0.20491567411633646,0
21,P28,P28,Post_P28,0,0.3875017193986669,0
21,P28,P28,Post_P28,0,0.28661627312980065,0
21,P28,P28,Post_P28,0,0.2394396224008009,0
21,P28,P28,Post_P28,0,0.17163052465142162,0
21,P28,P28,Post_P28,0,0.23347231747600408,0
21,P28,P28,Post_P28,0,0.6202505380032395,1
21,P28,P28,Post_P28,0,0.37841668185007626,0
21,P28,P28,Post_P28,0,0.44832215896476696,0
21,P28,P28,Post_P28,0,0.3162878447552356,0
21,P28,P28,Post_P28,0,0.13760495235999542,0
21,P28,P28,Post_P28,0,0.0999394839207983,0
21,P28,P28,Post_P28,0,0.36811816973318984,0
21,P28,P28,Post_P28,0,0.4706385508365776,0
21,P28,P28,Post_P28,0,0.42374064102434705,0
21,P28,P28,Post_P28,0,0.20406179736161792,0
21,P28,P28,Post_P28,0,0.32233752245585184,0
21,P28,P28,Post_P28,0,0.3567639656075141,0
21,P28,P28,Post_P28,0,0.48012851350807034,0
21,P28,P28,Post_P28,0,0.17645942979811344,0
21,P28,P28,Post_P28,0,0.29421130328307527,0
21,P28,P28,Post_P28,0,0.3253245096060393,0
21,P28,P28,Post_P28,0,0.3875714892863797,0
21,P28,P28,Post_P28,0,0.5618305310530451,1
21,P28,P28,Post_P28,0,0.36066658070581165,0
21,P28,P28,Post_P28,0,0.41896007677387276,0
21,P28,P28,Post_P28,0,0.34029643781470825,0
21,P28,P28,Post_P28,0,0.4691328431003939,0
21,P28,P28,Post_P28,0,0.3234097039211983,0
21,P28,P28,Post_P28,0,0.23103572935452965,0
21,P28,P28,Post_P28,0,0.47254258117154174,0
21,P28,P28,Post_P28,0,0.4580787913993326,0
21,P28,P28,Post_P28,0,0.24636374443355613,0
21,P28,P28,Post_P28,0,0.4610540343419737,0
21,P28,P28,Post_P28,0,0.4798897306861891,0
21,P28,P28,Post_P28,0,0.3615535035038382,0
21,P28,P28,Post_P28,0,0.4104529245975627,0
21,P28,P28,Post_P28,0,0.26924690303391163,0
21,P28,P28,Post_P28,0,0.4671578044631024,0
21,P28,P28,Post_P28,0,0.3243278934083941,0
21,P28,P28,Post_P28,0,0.29605903468797623,0
21,P28,P28,Post_P28,0,0.14550833680087688,0
21,P28,P28,Post_P28,0,0.27985621540348415,0
21,P28,P28,Post_P28,0,0.5505472896675406,1
21,P28,P28,Post_P28,0,0.06000116569548454,0
21,P28,P28,Post_P28,0,0.4244380733738363,0
21,P28,P28,Post_P28,0,0.5553060518646931,1
21,P28,P28,Post_P28,0,0.3598524404634081,0
21,P28,P28,Post_P28,0,0.4740586993873214,0
21,P28,P28,Post_P28,0,0.4692836183754245,0
21,P28,P28,Post_P28,0,0.477789979620384,0
21,P28,P28,Post_P28,0,0.38801755492821016,0
21,P28,P28,Post_P28,0,0.42830804991562066,0
21,P28,P28,Post_P28,0,0.3672954023794694,0
21,P28,P28,Post_P28,0,0.38252893188417886,0
21,P28,P28,Post_P28,0,0.6351256316084256,1
21,P28,P28,Post_P28,0,0.3484987184349641,0
21,P28,P28,Post_P28,0,0.22968502760038806,0
21,P28,P28,Post_P28,0,0.2449428144258878,0
21,P28,P28,Post_P28,0,0.4420617569121382,0
21,P28,P28,Post_P28,0,0.17597006040559068,0
21,P28,P28,Post_P28,0,0.37769476708183697,0
21,P28,P28,Post_P28,0,0.3226889483253089,0
21,P28,P28,Post_P28,0,0.47785776580140876,0
21,P28,P28,Post_P28,0,0.4562242388925142,0
21,P28,P28,Post_P28,0,0.12436321027893178,0
21,P28,P28,Post_P28,0,0.3551790272732951,0
21,P28,P28,Post_P28,0,0.4078493875823329,0
21,P28,P28,Post_P28,0,0.21402720315314666,0
21,P28,P28,Post_P28,0,0.4995497018183901,0
21,P28,P28,Post_P28,0,0.4617988267494751,0
21,P28,P28,Post_P28,0,0.3499979509605481,0
21,P28,P28,Post_P28,0,0.5544184682193135,1
21,P28,P28,Post_P28,0,0.4922303154806623,0
21,P28,P28,Post_P28,0,0.3523569843115405,0
21,P28,P28,Post_P28,0,0.35253695449097333,0
21,P28,P28,Post_P28,0,0.2867665705342651,0
21,P28,P28,Post_P28,0,0.323798947910516,0
21,P28,P28,Post_P28,0,0.30465823515011314,0
21,P28,P28,Post_P28,0,0.22482493512519244,0
21,P28,P28,Post_P28,0,0.19900013321243937,0
21,P28,P28,Post_P28,0,0.3084898536318509,0
21,P28,P28,Post_P28,0,0.5420857262350544,1
21,P28,P28,Post_P28,0,0.5620644373712478,1
21,P28,P28,Post_P28,0,0.2969722925360457,0
21,P28,P28,Post_P28,0,0.26369176611570366,0
21,P28,P28,Post_P28,0,0.48512680048746853,0
21,P28,P28,Post_P28,0,0.561646302838025,1
21,P28,P28,Post_P28,0,0.31985758698773537,0
21,P28,P28,Post_P28,0,0.4105161667010882,0
21,P28,P28,Post_P28,0,0.41019239983824657,0
21,P28,P28,Post_P28,0,0.4802883330850219,0
21,P28,P28,Post_P28,0,0.30578681738424274,0
21,P28,P28,Post_P28,0,0.1763013789252819,0
21,P28,P28,Post_P28,0,0.3909483597183775,0
21,P28,P28,Post_P28,0,0.4652184396094794,0
21,P28,P28,Post_P28,0,0.20793118417393996,0
21,P28,P28,Post_P28,0,0.1485608796331965,0
21,P28,P28,Post_P28,0,0.17270886373371186,0
21,P28,P28,Post_P28,0,0.20988886816121263,0
21,P28,P28,Post_P28,0,0.16257463796379407,0
21,P28,P28,Post_P28,0,0.2221236660861154,0
21,P28,P28,Post_P28,0,0.29098272508842254,0
21,P28,P28,Post_P28,0,0.335749859380409,0
21,P28,P28,Post_P28,0,0.3127535205844106,0
21,P28,P28,Post_P28,0,0.33721669459506476,0
21,P28,P28,Post_P28,0,0.3541721278766677,0
21,P28,P28,Post_P28,0,0.15460496791955422,0
21,P28,P28,Post_P28,0,0.38064528878252024,0
21,P28,P28,Post_P28,0,0.2827696290473336,0
21,P28,P28,Post_P28,0,0.3515508885432769,0
21,P28,P28,Post_P28,0,0.11457498094488965,0
21,P28,P28,Post_P28,0,0.39985698260067487,0
21,P28,P28,Post_P28,0,0.2607447504464341,0
21,P28,P28,Post_P28,0,0.19422751440838942,0
21,P28,P28,Post_P28,0,0.3774958000948318,0
21,P28,P28,Post_P28,0,0.2209883775569859,0
21,P28,P28,Post_P28,0,0.2683944433855208,0
21,P28,P28,Post_P28,0,0.3930165687174541,0
21,P28,P28,Post_P28,0,0.5949236416370343,1
21,P28,P28,Post_P28,0,0.21630239387662506,0
21,P28,P28,Post_P28,0,0.45778008038995704,0
21,P28,P28,Post_P28,0,0.2746945611113787,0
21,P28,P28,Post_P28,0,0.29302323211965414,0
21,P28,P28,Post_P28,0,0.4583195428566523,0
21,P28,P28,Post_P28,0,0.48661589357178137,0
21,P28,P28,Post_P28,0,0.2545081696599674,0
21,P28,P28,Post_P28,0,0.44256587575332335,0
21,P28,P28,Post_P28,0,0.3381509670316572,0
21,P28,P28,Post_P28,0,0.2884677097846506,0
21,P28,P28,Post_P28,0,0.36391367001429326,0
21,P28,P28,Post_P28,0,0.5397103641710852,1
21,P28,P28,Post_P28,0,0.4066565059734561,0
21,P28,P28,Post_P28,0,0.42689459001183033,0
21,P28,P28,Post_P28,0,0.3829386643642124,0
21,P28,P28,Post_P28,0,0.44161274367272535,0
21,P28,P28,Post_P28,0,0.388577769950937,0
21,P28,P28,Post_P28,0,0.39073092380083596,0
21,P28,P28,Post_P28,0,0.353214269800358,0
21,P28,P28,Post_P28,0,0.5052805078368278,1
21,P28,P28,Post_P28,0,0.5886776267771121,1
21,P28,P28,Post_P28,0,0.30012621457189054,0
21,P28,P28,Post_P28,0,0.3311470537991088,0
21,P28,P28,Post_P28,0,0.34023787662137706,0
21,P28,P28,Post_P28,0,0.33611738365355665,0
21,P28,P28,Post_P28,0,0.3060512695630056,0
21,P28,P28,Post_P28,0,0.38302462710644475,0
21,P28,P28,Post_P28,0,0.26553852904890324,0
21,P28,P28,Post_P28,0,0.4973325352896665,0
21,P28,P28,Post_P28,0,0.4332254529245977,0
21,P28,P28,Post_P28,0,0.5945167934015735,1
21,P28,P28,Post_P28,0,0.6561188536686279,1
21,P28,P28,Post_P28,0,0.21269463070865383,0
21,P28,P28,Post_P28,0,0.22389014903061288,0
21,P28,P28,Post_P28,0,0.3959227155642478,0
21,P28,P28,Post_P28,0,0.2988508604054608,0
21,P28,P28,Post_P28,0,0.33408864981921094,0
21,P28,P28,Post_P28,0,0.32497641901067037,0
21,P28,P28,Post_P28,0,0.5057479246835437,1
21,P28,P28,Post_P28,0,0.3217248516200381,0
21,P28,P28,Post_P28,0,0.36564199651086793,0
21,P28,P28,Post_P28,0,0.2115252063035977,0
21,P28,P28,Post_P28,0,0.3002763473288539,0
21,P28,P28,Post_P28,0,0.47266557215206534,0
21,P28,P28,Post_P28,0,0.14836891704367344,0
21,P28,P28,Post_P28,0,0.31825647432747023,0
21,P28,P28,Post_P28,0,0.5161332612510375,1
21,P28,P28,Post_P28,0,0.4212697752153029,0
21,P28,P28,Post_P28,0,0.20038217417416251,0
21,P28,P28,Post_P28,0,0.2021914806122981,0
21,P28,P28,Post_P28,0,0.3391361707256621,0
21,P28,P28,Post_P28,0,0.34389485908587364,0
21,P28,P28,Post_P28,0,0.23901778798151274,0
21,P28,P28,Post_P28,0,0.3379482394929998,0
21,P28,P28,Post_P28,0,0.2104268730454614,0
21,P28,P28,Post_P28,0,0.16766780593241673,0
21,P28,P28,Post_P28,0,0.35681034896333474,0
21,P28,P28,Post_P28,0,0.2621244281330449,0
21,P28,P28,Post_P28,0,0.26509515843087156,0
21,P28,P28,Post_P28,0,0.6124867404469425,1
21,P28,P28,Post_P28,0,0.18481153637395475,0
21,P28,P28,Post_P28,0,0.3796251645965694,0
21,P28,P28,Post_P28,0,0.1421271040568341,0
21,P28,P28,Post_P28,0,0.3929857095575346,0
21,P28,P28,Post_P28,0,0.2669010899361106,0
21,P28,P28,Post_P28,0,0.42324356114739586,0
21,P28,P28,Post_P28,0,0.26003730858752255,0
21,P28,P28,Post_P28,0,0.2576538492850348,0
21,P28,P28,Post_P28,0,0.17671525158336496,0
21,P28,P28,Post_P28,0,0.5354048694775466,1
21,P28,P28,Post_P28,0,0.2327644086104458,0
21,P28,P28,Post_P28,0,0.31967158930631234,0
21,P28,P28,Post_P28,0,0.32029973447348464,0
21,P28,P28,Post_P28,0,0.5250862001436595,1
21,P28,P28,Post_P28,0,0.24531521497145148,0
21,P28,P28,Post_P28,0,0.34788351368231135,0
21,P28,P28,Post_P28,0,0.4141203668564822,0
21,P28,P28,Post_P28,0,0.48185938825230135,0
21,P28,P28,Post_P28,0,0.24053239696798268,0
21,P28,P28,Post_P28,0,0.47738433321103857,0
21,P28,P28,Post_P28,0,0.4761771486496534,0
21,P28,P28,Post_P28,0,0.33151816854617605,0
21,P28,P28,Post_P28,0,0.36692799655645364,0
21,P28,P28,Post_P28,0,0.3259289609296863,0
21,P28,P28,Post_P28,0,0.4076557743657596,0
21,P28,P28,Post_P28,0,0.5197810485086525,1
21,P28,P28,Post_P28,0,0.11493427298009273,0
21,P28,P28,Post_P28,0,0.14006169704871127,0
21,P28,P28,Post_P28,0,0.5077081727793604,1
21,P28,P28,Post_P28,0,0.4909269371237719,0
21,P28,P28,Post_P28,0,0.860142027916307,1
21,P28,P28,Post_P28,0,0.21809641501440294,0
21,P28,P28,Post_P28,0,0.44915526796531113,0
21,P28,P28,Post_P28,0,0.27943669678973193,0
21,P28,P28,Post_P28,0,0.5364795851771819,1
21,P28,P28,Post_P28,0,0.33625102199336016,0
21,P28,P28,Post_P28,0,0.30932763443227435,0
21,P28,P28,Post_P28,0,0.251378952654362,0
21,P28,P28,Post_P28,0,0.1732163497577236,0
21,P28,P28,Post_P28,0,0.41117644099510153,0
21,P28,P28,Post_P28,0,0.4663431392233068,0
21,P28,P28,Post_P28,0,0.3287436214426008,0
21,P28,P28,Post_P28,0,0.18857165565978648,0
21,P28,P28,Post_P28,0,0.18586560247426845,0
21,P28,P28,Post_P28,0,0.3459857565118033,0
21,P28,P28,Post_P28,0,0.28272489822594205,0
21,P28,P28,Post_P28,0,0.40216061111861584,0
21,P28,P28,Post_P28,0,0.36538826059547913,0
21,P28,P28,Post_P28,0,0.07557467256538561,0
21,P28,P28,Post_P28,0,0.08905630754073397,0
21,P28,P28,Post_P28,0,0.37248868411313785,0
21,P28,P28,Post_P28,0,0.2662665722587218,0
21,P28,P28,Post_P28,0,0.09041574792254131,0
21,P28,P28,Post_P28,0,0.7489280833566662,1
21,P28,P28,Post_P28,0,0.2997006557228645,0
21,P28,P28,Post_P28,0,0.5288375960446481,1
21,P28,P28,Post_P28,0,0.3218471593051307,0
21,P28,P28,Post_P28,0,0.24154623131598654,0
21,P28,P28,Post_P28,0,0.4456330167955475,0
21,P28,P28,Post_P28,0,0.20043246146480864,0
21,P28,P28,Post_P28,0,0.2971558142100801,0
21,P28,P28,Post_P28,0,0.4563538078604191,0
21,P28,P28,Post_P28,0,0.33105142504981727,0
21,P28,P28,Post_P28,0,0.41041885437012987,0
21,P28,P28,Post_P28,0,0.2945787380837653,0
21,P28,P28,Post_P28,0,0.2334724082762359,0
21,P28,P28,Post_P28,0,0.12539167081395478,0
21,P28,P28,Post_P28,0,0.2972783367356435,0
21,P28,P28,Post_P28,0,0.4129548870818503,0
21,P28,P28,Post_P28,0,0.41064017574582723,0
21,P28,P28,Post_P28,0,0.2663878914006177,0
21,P28,P28,Post_P28,0,0.18310011401208345,0
21,P28,P28,Post_P28,0,0.3471920934475869,0
21,P28,P28,Post_P28,0,0.2474967314991009,0
21,P28,P28,Post_P28,0,0.3346322796734463,0
21,P28,P28,Post_P28,0,0.3923909474373356,0
21,P28,P28,Post_P28,0,0.6154792990562937,1
21,P28,P28,Post_P28,0,0.4223454674672324,0
21,P28,P28,Post_P28,0,0.37757264610296604,0
21,P28,P28,Post_P28,0,0.18052533127347128,0
21,P28,P28,Post_P28,0,0.33262237934680894,0
21,P28,P28,Post_P28,0,0.4259132715802655,0
21,P28,P28,Post_P28,0,0.031917303619149025,0
21,P28,P28,Post_P28,0,0.2620423095686735,0
21,P28,P28,Post_P28,0,0.20293498652431605,0
21,P28,P28,Post_P28,0,0.3616495543634716,0
21,P28,P28,Post_P28,0,0.36323616033212835,0
21,P28,P28,Post_P28,0,0.21566715399660033,0
21,P28,P28,Post_P28,0,0.29256611771098473,0
21,P28,P28,Post_P28,0,0.3049549738178338,0
21,P28,P28,Post_P28,0,0.38799358180030924,0
21,P28,P28,Post_P28,0,0.3472795787746982,0
21,P28,P28,Post_P28,0,0.44471765782551675,0
21,P28,P28,Post_P28,0,0.4581830356441452,0
21,P28,P28,Post_P28,0,0.25503055854260276,0
21,P28,P28,Post_P28,0,0.25002763563664415,0
21,P28,P28,Post_P28,0,0.27104106413057394,0
21,P28,P28,Post_P28,0,0.16532040782995325,0
21,P28,P28,Post_P28,0,0.28940388731649697,0
21,P28,P28,Post_P28,0,0.47759720210868944,0
21,P28,P28,Post_P28,0,0.3974183496067152,0
21,P28,P28,Post_P28,0,0.2612677172879721,0
21,P28,P28,Post_P28,0,0.15722038767976726,0
21,P28,P28,Post_P28,0,0.3571062364624883,0
21,P28,P28,Post_P28,0,0.28851959034114527,0
21,P28,P28,Post_P28,0,0.3579035895603836,0
21,P28,P28,Post_P28,0,0.3678291254662896,0
21,P28,P28,Post_P28,0,0.4851276877985227,0
21,P28,P28,Post_P28,0,0.39370852413879426,0
21,P28,P28,Post_P28,0,0.448373302127045,0
21,P28,P28,Post_P28,0,0.40935606945506126,0
21,P28,P28,Post_P28,0,0.5242254377716193,1
21,P28,P28,Post_P28,0,0.24958432762294372,0
21,P28,P28,Post_P28,0,0.29733374563147313,0
21,P28,P28,Post_P28,0,0.3681658040942344,0
21,P28,P28,Post_P28,0,0.2312492964714781,0
21,P28,P28,Post_P28,0,0.3364770604358635,0
21,P28,P28,Post_P28,0,0.22960688450304215,0
21,P28,P28,Post_P28,0,0.47043764813517686,0
21,P28,P28,Post_P28,0,0.3187618717901474,0
21,P28,P28,Post_P28,0,0.4005010847055726,0
21,P28,P28,Post_P28,0,0.2622173203428243,0
21,P28,P28,Post_P28,0,0.28816545618611084,0
21,P28,P28,Post_P28,0,0.45739314957751503,0
21,P28,P28,Post_P28,0,0.32549698772468094,0
21,P28,P28,Post_P28,0,0.2934364309289676,0
21,P28,P28,Post_P28,0,0.09507343594363497,0
21,P28,P28,Post_P28,0,0.2905166935209154,0
21,P28,P28,Post_P28,0,0.39983218009047333,0
21,P28,P28,Post_P28,0,0.48951096639845226,0
21,P28,P28,Post_P28,0,0.36090526180837584,0
21,P28,P28,Post_P28,0,0.2802741226016029,0
21,P28,P28,Post_P28,0,0.4287749817333785,0
21,P28,P28,Post_P28,0,0.42761258157060117,0
21,P28,P28,Post_P28,0,0.2102787520870814,0
21,P28,P28,Post_P28,0,0.22603270675325854,0
21,P28,P28,Post_P28,0,0.46152216712849775,0
21,P28,P28,Post_P28_2,0,0.1600690521016439,0
21,P28,P28,Post_P28_2,0,0.4258221433845873,0
21,P28,P28,Post_P28_2,0,0.3236934822737285,0
21,P28,P28,Post_P28_2,0,0.31405954714466394,0
21,P28,P28,Post_P28_2,0,0.29604997932939486,0
21,P28,P28,Post_P28_2,0,0.13188221636291134,0
21,P28,P28,Post_P28_2,0,0.2838106507519086,0
21,P28,P28,Post_P28_2,0,0.5275757235446321,1
21,P28,P28,Post_P28_2,0,0.5367063376668963,1
21,P28,P28,Post_P28_2,0,0.17351814869598367,0
21,P28,P28,Post_P28_2,0,0.30037388179088126,0
21,P28,P28,Post_P28_2,0,0.5567953287450703,1
21,P28,P28,Post_P28_2,0,0.5190311327570448,1
21,P28,P28,Post_P28_2,0,0.4403859814663459,0
21,P28,P28,Post_P28_2,0,0.5991092233631262,1
21,P28,P28,Post_P28_2,0,0.040236225530170755,0
21,P28,P28,Post_P28_2,0,0.3719007382585882,0
21,P28,P28,Post_P28_2,0,0.48973075339133715,0
21,P28,P28,Post_P28_2,0,0.2876607061455915,0
21,P28,P28,Post_P28_2,0,0.1314063542871675,0
21,P28,P28,Post_P28_2,0,0.19778903073359386,0
21,P28,P28,Post_P28_2,0,0.37034010322452005,0
21,P28,P28,Post_P28_2,0,0.46944839804218097,0
21,P28,P28,Post_P28_2,0,0.4468217376495789,0
21,P28,P28,Post_P28_2,0,0.5342619562886702,1
21,P28,P28,Post_P28_2,0,0.3775520058830175,0
21,P28,P28,Post_P28_2,0,0.2956302634766215,0
21,P28,P28,Post_P28_2,0,0.18002386577874246,0
21,P28,P28,Post_P28_2,0,0.49768611697874876,0
21,P28,P28,Post_P28_2,0,0.34258462210580504,0
21,P28,P28,Post_P28_2,0,0.20918673278484484,0
21,P28,P28,Post_P28_2,0,0.5099343737866227,1
21,P28,P28,Post_P28_2,0,0.46767046506334,0
21,P28,P28,Post_P28_2,0,0.2591299952361676,0
21,P28,P28,Post_P28_2,0,0.5319163715094318,1
21,P28,P28,Post_P28_2,0,0.3079969580433084,0
21,P28,P28,Post_P28_2,0,0.4826730347565425,0
21,P28,P28,Post_P28_2,0,0.2570297173701381,0
21,P28,P28,Post_P28_2,0,0.6789829123199133,1
21,P28,P28,Post_P28_2,0,0.5253401647850908,1
21,P28,P28,Post_P28_2,0,0.30184119308730917,0
21,P28,P28,Post_P28_2,0,0.7932444449851297,1
21,P28,P28,Post_P28_2,0,0.3175299847041302,0
21,P28,P28,Post_P28_2,0,0.16699633412281695,0
21,P28,P28,Post_P28_2,0,0.2883636018747362,0
21,P28,P28,Post_P28_2,0,0.3279926928345007,0
21,P28,P28,Post_P28_2,0,0.32233426212024296,0
21,P28,P28,Post_P28_2,0,0.31656146469999585,0
21,P28,P28,Post_P28_2,0,0.222617973729247,0
21,P28,P28,Post_P28_2,0,0.6483865680783113,1
21,P28,P28,Post_P28_2,0,0.32643449314667283,0
21,P28,P28,Post_P28_2,0,0.259190234340281,0
21,P28,P28,Post_P28_2,0,0.2071153299210275,0
21,P28,P28,Post_P28_2,0,0.1872907395392703,0
21,P28,P28,Post_P28_2,0,0.17978682585271488,0
21,P28,P28,Post_P28_2,0,0.46778040066248,0
21,P28,P28,Post_P28_2,0,0.3234236974350192,0
21,P28,P28,Post_P28_2,0,0.22174248093221058,0
21,P28,P28,Post_P28_2,0,0.2642820645278504,0
21,P28,P28,Post_P28_2,0,0.2566914934995908,0
21,P28,P28,Post_P28_2,0,0.3474093448335422,0
21,P28,P28,Post_P28_2,0,0.3536401763411226,0
21,P28,P28,Post_P28_2,0,0.3672318050447689,0
21,P28,P28,Post_P28_2,0,0.30835563064243565,0
21,P28,P28,Post_P28_2,0,0.202872504405077,0
21,P28,P28,Post_P28_2,0,0.3465554625020802,0
21,P28,P28,Post_P28_2,0,0.1815714482191754,0
21,P28,P28,Post_P28_2,0,0.46179774880693447,0
21,P28,P28,Post_P28_2,0,0.4630850700435013,0
21,P28,P28,Post_P28_2,0,0.2544698038869978,0
21,P28,P28,Post_P28_2,0,0.7660007955783193,1
21,P28,P28,Post_P28_2,0,0.340680260706516,0
21,P28,P28,Post_P28_2,0,0.41834602422917894,0
21,P28,P28,Post_P28_2,0,0.30537723232256186,0
21,P28,P28,Post_P28_2,0,0.3766124956608047,0
21,P28,P28,Post_P28_2,0,0.3649364192566977,0
21,P28,P28,Post_P28_2,0,0.37705133403290897,0
21,P28,P28,Post_P28_2,0,0.5644478203706407,1
21,P28,P28,Post_P28_2,0,0.27922674894041066,0
21,P28,P28,Post_P28_2,0,0.5391571086638506,1
21,P28,P28,Post_P28_2,0,0.5063418610544073,1
21,P28,P28,Post_P28_2,0,0.357456163292506,0
21,P28,P28,Post_P28_2,0,0.17494699690931031,0
21,P28,P28,Post_P28_2,0,0.22615311592818005,0
21,P28,P28,Post_P28_2,0,0.4155299673236718,0
21,P28,P28,Post_P28_2,0,0.3263805853224519,0
21,P28,P28,Post_P28_2,0,0.22719886843963805,0
21,P28,P28,Post_P28_2,0,0.46214123663960915,0
21,P28,P28,Post_P28_2,0,0.23955871103764836,0
21,P28,P28,Post_P28_2,0,0.3181895616774841,0
21,P28,P28,Post_P28_2,0,0.39504604278775957,0
21,P28,P28,Post_P28_2,0,0.39497968336360323,0
21,P28,P28,Post_P28_2,0,0.2926599133597648,0
21,P28,P28,Post_P28_2,0,0.25708362368964227,0
21,P28,P28,Post_P28_2,0,0.2067447571574014,0
21,P28,P28,Post_P28_2,0,0.2961650672802293,0
21,P28,P28,Post_P28_2,0,0.27834017893189916,0
21,P28,P28,Post_P28_2,0,0.23313649770229192,0
21,P28,P28,Post_P28_2,0,0.27836131770307004,0
21,P28,P28,Post_P28_2,0,0.520797393013446,1
21,P28,P28,Post_P28_2,0,0.27590720816072084,0
21,P28,P28,Post_P28_2,0,0.32514830479242496,0
21,P28,P28,Post_P28_2,0,0.18382219823777987,0
21,P28,P28,Post_P28_2,0,0.2791842461276715,0
21,P28,P28,Post_P28_2,0,0.4984970037733254,0
21,P28,P28,Post_P28_2,0,0.40846561232474715,0
21,P28,P28,Post_P28_2,0,0.4764709194136436,0
21,P28,P28,Post_P28_2,0,0.34238621205023934,0
21,P28,P28,Post_P28_2,0,0.16938696162818656,0
21,P28,P28,Post_P28_2,0,0.4784423803654331,0
21,P28,P28,Post_P28_2,0,0.35130436700328876,0
21,P28,P28,Post_P28_2,0,0.15173561583080827,0
21,P28,P28,Post_P28_2,0,0.28509270619369403,0
21,P28,P28,Post_P28_2,0,0.2909734884298729,0
21,P28,P28,Post_P28_2,0,0.311748676920651,0
21,P28,P28,Post_P28_2,0,0.4621398339587691,0
21,P28,P28,Post_P28_2,0,0.366640572138526,0
21,P28,P28,Post_P28_2,0,0.22084719528664942,0
21,P28,P28,Post_P28_2,0,0.2933945187920909,0
21,P28,P28,Post_P28_2,0,0.42930037783437247,0
21,P28,P28,Post_P28_2,0,0.26770557127879624,0
21,P28,P28,Post_P28_2,0,0.25145102315206924,0
21,P28,P28,Post_P28_2,0,0.2520495625560342,0
21,P28,P28,Post_P28_2,0,0.2956905689757296,0
21,P28,P28,Post_P28_2,0,0.579055845893617,1
21,P28,P28,Post_P28_2,0,0.38462579141264175,0
21,P28,P28,Post_P28_2,0,0.5247924256811888,1
21,P28,P28,Post_P28_2,0,0.4432758988843268,0
21,P28,P28,Post_P28_2,0,0.0837075996355805,0
21,P28,P28,Post_P28_2,0,0.5062491243846169,1
21,P28,P28,Post_P28_2,0,0.3584243385525423,0
21,P28,P28,Post_P28_2,0,0.5147193705933186,1
21,P28,P28,Post_P28_2,0,0.3874063205077293,0
21,P28,P28,Post_P28_2,0,0.3423792264334225,0
21,P28,P28,Post_P28_2,0,0.31272686417850143,0
21,P28,P28,Post_P28_2,0,0.3130719714017796,0
21,P28,P28,Post_P28_2,0,0.16248421587686768,0
21,P28,P28,Post_P28_2,0,0.43212357685175573,0
21,P28,P28,Post_P28_2,0,0.1578333329745334,0
21,P28,P28,Post_P28_2,0,0.48238577063660315,0
21,P28,P28,Post_P28_2,0,0.2725435658604686,0
21,P28,P28,Post_P28_2,0,0.18466233759445297,0
21,P28,P28,Post_P28_2,0,0.2523510696489703,0
21,P28,P28,Post_P28_2,0,0.45068677834941906,0
21,P28,P28,Post_P28_2,0,0.4485979254874341,0
21,P28,P28,Post_P28_2,0,0.3584118318267201,0
21,P28,P28,Post_P28_2,0,0.24851623979239226,0
21,P28,P28,Post_P28_2,0,0.5535163284094065,1
21,P28,P28,Post_P28_2,0,0.5761731917583768,1
21,P28,P28,Post_P28_2,0,0.3720549810578161,0
21,P28,P28,Post_P28_2,0,0.30892335354403033,0
21,P28,P28,Post_P28_2,0,0.25125337580643003,0
21,P28,P28,Post_P28_2,0,0.1743569165911502,0
21,P28,P28,Post_P28_2,0,0.5434076657213177,1
21,P28,P28,Post_P28_2,0,0.5251760305951778,1
21,P28,P28,Post_P28_2,0,0.22950343781611615,0
21,P28,P28,Post_P28_2,0,0.39797561170330137,0
21,P28,P28,Post_P28_2,0,0.4392105984521967,0
21,P28,P28,Post_P28_2,0,0.3060385298566309,0
21,P28,P28,Post_P28_2,0,0.35864359332024676,0
21,P28,P28,Post_P28_2,0,0.6357432605614431,1
21,P28,P28,Post_P28_2,0,0.21095530447122865,0
21,P28,P28,Post_P28_2,0,0.3344940901019994,0
21,P28,P28,Post_P28_2,0,0.24302007742727152,0
21,P28,P28,Post_P28_2,0,0.41315502047363556,0
21,P28,P28,Post_P28_2,0,0.23735010507481924,0
21,P28,P28,Post_P28_2,0,0.46731152695512745,0
21,P28,P28,Post_P28_2,0,0.29556837522076745,0
21,P28,P28,Post_P28_2,0,0.5211746265806635,1
21,P28,P28,Post_P28_2,0,0.26715717761903385,0
21,P28,P28,Post_P28_2,0,0.5314310665853242,1
21,P28,P28,Post_P28_2,0,0.3181000173919903,0
21,P28,P28,Post_P28_2,0,0.4390465088653726,0
21,P28,P28,Post_P28_2,0,0.39843224994177723,0
21,P28,P28,Post_P28_2,0,0.2868175154456207,0
21,P28,P28,Post_P28_2,0,0.6544482632519597,1
21,P28,P28,Post_P28_2,0,0.3924707191225914,0
21,P28,P28,Post_P28_2,0,0.43494308901039164,0
21,P28,P28,Post_P28_2,0,0.538866314384533,1
21,P28,P28,Post_P28_2,0,0.19222900590774536,0
21,P28,P28,Post_P28_2,0,0.5831090568475891,1
21,P28,P28,Post_P28_2,0,0.4964906465367959,0
21,P28,P28,Post_P28_2,0,0.39982984110667535,0
21,P28,P28,Post_P28_2,0,0.29461085238294277,0
21,P28,P28,Post_P28_2,0,0.28701445051078905,0
21,P28,P28,Post_P28_2,0,0.38530620782373487,0
21,P28,P28,Post_P28_2,0,0.40081239462809015,0
21,P28,P28,Post_P28_2,0,0.11876774621482157,0
21,P28,P28,Post_P28_2,0,0.2822160976398579,0
21,P28,P28,Post_P28_2,0,0.2477972495338668,0
21,P28,P28,Post_P28_2,0,0.4908335186770282,0
21,P28,P28,Post_P28_2,0,0.4435704296266189,0
21,P28,P28,Post_P28_2,0,0.2656886274719756,0
21,P28,P28,Post_P28_2,0,0.43941444991576767,0
21,P28,P28,Post_P28_2,0,0.28915510303173575,0
21,P28,P28,Post_P28_2,0,0.17558850438437448,0
21,P28,P28,Post_P28_2,0,0.3046493338516508,0
21,P28,P28,Post_P28_2,0,0.21311481534853324,0
21,P28,P28,Post_P28_2,0,0.32553447753544756,0
21,P28,P28,Post_P28_2,0,0.26584991736431973,0
21,P28,P28,Post_P28_2,0,0.1980282006591932,0
21,P28,P28,Post_P28_2,0,0.09681695937319401,0
21,P28,P28,Post_P28_2,0,0.43638140880934356,0
21,P28,P28,Post_P28_2,0,0.38322297157845653,0
21,P28,P28,Post_P28_2,0,0.030697425154595944,0
21,P28,P28,Post_P28_2,0,0.5125362626424664,1
21,P28,P28,Post_P28_2,0,0.33584074142450454,0
21,P28,P28,Post_P28_2,0,0.3012963684443692,0
21,P28,P28,Post_P28_2,0,0.5222212204244477,1
21,P28,P28,Post_P28_2,0,0.3683306578809039,0
21,P28,P28,Post_P28_2,0,0.4951015789339247,0
21,P28,P28,Post_P28_2,0,0.34757906177914155,0
21,P28,P28,Post_P28_2,0,0.40150678299772463,0
21,P28,P28,Post_P28_2,0,0.2346297512205023,0
21,P28,P28,Post_P28_2,0,0.1776938993982029,0
21,P28,P28,Post_P28_2,0,0.37695036230847545,0
21,P28,P28,Post_P28_2,0,0.17318594284221653,0
21,P28,P28,Post_P28_2,0,0.2357018746433209,0
21,P28,P28,Post_P28_2,0,0.4522251140600577,0
21,P28,P28,Post_P28_2,0,0.3905420307595077,0
21,P28,P28,Post_P28_2,0,0.241644948418661,0
21,P28,P28,Post_P28_2,0,0.2025626528350665,0
21,P28,P28,Post_P28_2,0,0.36266255164020245,0
21,P28,P28,Post_P28_2,0,0.39399816197390997,0
21,P28,P28,Post_P28_2,0,0.5763556752713889,1
21,P28,P28,Post_P28_2,0,0.6280827617364909,1
21,P28,P28,Post_P28_2,0,0.3603553687003162,0
21,P28,P28,Post_P28_2,0,0.6126568171320838,1
21,P28,P28,Post_P28_2,0,0.5842448486698274,1
21,P28,P28,Post_P28_2,0,0.20608265453424418,0
21,P28,P28,Post_P28_2,0,0.3270809554298198,0
21,P28,P28,Post_P28_2,0,0.2819719623542706,0
21,P28,P28,Post_P28_2,0,0.5864275274346973,1
21,P28,P28,Post_P28_2,0,0.09865323859214903,0
21,P28,P28,Post_P28_2,0,0.12976617133252066,0
21,P28,P28,Post_P28_2,0,0.48576312741485766,0
21,P28,P28,Post_P28_2,0,0.4486244767789161,0
21,P28,P28,Post_P28_2,0,0.528976548021877,1
21,P28,P28,Post_P28_2,0,0.5490543878035897,1
21,P28,P28,Post_P28_2,0,0.24520053158015723,0
21,P28,P28,Post_P28_2,0,0.2727774337184417,0
21,P28,P28,Post_P28_2,0,0.23527822664571324,0
21,P28,P28,Post_P28_2,0,0.3147121378185391,0
21,P28,P28,Post_P28_2,0,0.15654762807912098,0
21,P28,P28,Post_P28_2,0,0.3422886771466263,0
21,P28,P28,Post_P28_2,0,0.27034645239571115,0
21,P28,P28,Post_P28_2,0,0.3613910194373255,0
21,P28,P28,Post_P28_2,0,0.46941411576860465,0
21,P28,P28,Post_P28_2,0,0.2753055207080597,0
21,P28,P28,Post_P28_2,0,0.49237484196957987,0
21,P28,P28,Post_P28_2,0,0.3617024392551886,0
21,P28,P28,Post_P28_2,0,0.31652061356689415,0
21,P28,P28,Post_P28_2,0,0.2465750844642817,0
21,P28,P28,Post_P28_2,0,0.4038701494580256,0
21,P28,P28,Post_P28_2,0,0.44611989229613874,0
21,P28,P28,Post_P28_2,0,0.4360417052023373,0
21,P28,P28,Post_P28_2,0,0.29961777509295845,0
21,P28,P28,Post_P28_2,0,0.23307020107960322,0
21,P28,P28,Post_P28_2,0,0.6303394235823976,1
21,P28,P28,Post_P28_2,0,0.41779133853751854,0
21,P28,P28,Post_P28_2,0,0.4550248812788161,0
21,P28,P28,Post_P28_2,0,0.46338785745307887,0
21,P28,P28,Post_P28_2,0,0.2246357368417718,0
21,P28,P28,Post_P28_2,0,0.4688009228692057,0
21,P28,P28,Post_P28_2,0,0.5646625298467546,1
21,P28,P28,Post_P28_2,0,0.4405408738523612,0
21,P28,P28,Post_P28_2,0,0.5416043642578429,1
21,P28,P28,Post_P28_2,0,0.24006072177871965,0
21,P28,P28,Post_P28_2,0,0.46136332152628223,0
21,P28,P28,Post_P28_2,0,0.24104046220388048,0
21,P28,P28,Post_P28_2,0,0.3067310026428585,0
21,P28,P28,Post_P28_2,0,0.5104363916083468,1
21,P28,P28,Post_P28_2,0,0.18480702829464704,0
21,P28,P28,Post_P28_2,0,0.16833559652530344,0
21,P28,P28,Post_P28_2,0,0.38029712750121714,0
21,P28,P28,Post_P28_2,0,0.3422487294160708,0
21,P28,P28,Post_P28_2,0,0.4307377328867473,0
21,P28,P28,Post_P28_2,0,0.4898268469755718,0
21,P28,P28,Post_P28_2,0,0.5971058758882227,1
21,P28,P28,Post_P28_2,0,0.29955111057479306,0
21,P28,P28,Post_P28_2,0,0.23237479147130935,0
21,P28,P28,Post_P28_2,0,0.3001778574373285,0
21,P28,P28,Post_P28_2,0,0.6542603848996319,1
21,P28,P28,Post_P28_2,0,0.4818291166416059,0
21,P28,P28,Post_P28_2,0,0.608582456804093,1
21,P28,P28,Post_P28_2,0,0.2396602621861044,0
21,P28,P28,Post_P28_2,0,0.20655282074380077,0
21,P28,P28,Post_P28_2,0,0.5466413701998561,1
21,P28,P28,Post_P28_2,0,0.34382436594525506,0
21,P28,P28,Post_P28_2,0,0.27834088923337535,0
21,P28,P28,Post_P28_2,0,0.37208142518973625,0
21,P28,P28,Post_P28_2,0,0.26576284513778703,0
21,P28,P28,Post_P28_2,0,0.24909938154584726,0
21,P28,P28,Post_P28_2,0,0.5153211841445682,1
21,P28,P28,Post_P28_2,0,0.2085070533116178,0
21,P28,P28,Post_P28_2,0,0.2510757185168929,0
21,P28,P28,Post_P28_2,0,0.3691489443352995,0
21,P28,P28,Post_P28_2,0,0.525225069396584,1
21,P28,P28,Post_P28_2,0,0.07343576659495776,0
21,P28,P28,Post_P28_2,0,0.20666112000042022,0
21,P28,P28,Post_P28_2,0,0.37401603529690003,0
21,P28,P28,Post_P28_2,0,0.3176872937545287,0
21,P28,P28,Post_P28_2,0,0.4224567347047855,0
21,P28,P28,Post_P28_2,0,0.2751704933026451,0
21,P28,P28,Post_P28_2,0,0.22423223983392507,0
21,P28,P28,Post_P28_2,0,0.27251070501743474,0
21,P28,P28,Post_P28_2,0,0.3805994633607117,0
21,P28,P28,Post_P28_2,0,0.7043477724552094,1
21,P28,P28,Post_P28_2,0,0.28334128914585166,0
21,P28,P28,Post_P28_2,0,0.4400001500554882,0
21,P28,P28,Post_P28_2,0,0.0611232116842101,0
21,P28,P28,Post_P28_2,0,0.3259576306104887,0
21,P28,P28,Post_P28_2,0,0.4681892648835028,0
21,P28,P28,Post_P28_2,0,0.14675660742461039,0
21,P28,P28,Post_P28_2,0,0.576658455612722,1
21,P28,P28,Post_P28_2,0,0.45155512429802075,0
21,P28,P28,Post_P28_2,0,0.17339437383512288,0
21,P28,P28,Post_P28_2,0,0.2747753968282019,0
21,P28,P28,Post_P28_2,0,0.6289126132877486,1
21,P28,P28,Post_P28_2,0,0.24452172736649372,0
21,P28,P28,Post_P28_2,0,0.7422389918511609,1
21,P28,P28,Post_P28_2,0,0.3186747385469585,0
21,P28,P28,Post_P28_2,0,0.46426062823041636,0
21,P28,P28,Post_P28_2,0,0.3040724584527705,0
21,P28,P28,Post_P28_2,0,0.5367276913750493,1
21,P28,P28,Post_P28_2,0,0.20572572270971443,0
21,P28,P28,Post_P28_2,0,0.4526205722059804,0
21,P28,P28,Post_P28_2,0,0.29612664648259857,0
21,P28,P28,Post_P28_2,0,0.2635941499324647,0
21,P28,P28,Post_P28_2,0,0.3501608818254505,0
21,P28,P28,Post_P28_2,0,0.35660073072643367,0
21,P28,P28,Post_P28_2,0,0.4685207176504094,0
21,P28,P28,Post_P28_2,0,0.1596918183117401,0
21,P28,P28,Post_P28_2,0,0.2142467081332564,0
21,P28,P28,Post_P28_2,0,0.2827349927329893,0
21,P28,P28,Post_P28_2,0,0.6227919364733612,1
21,P28,P28,Post_P28_2,0,0.3030405757036016,0
21,P28,P28,Post_P28_2,0,0.2571049737776457,0
21,P28,P28,Post_P28_2,0,0.25691103628389134,0
21,P28,P28,Post_P28_2,0,0.22584523642515264,0
21,P28,P28,Post_P28_2,0,0.351600195468586,0
21,P28,P28,Post_P28_2,0,0.4629115419956421,0
21,P28,P28,Post_P28_2,0,0.4408058584849895,0
21,P28,P28,Post_P28_2,0,0.22218358949193082,0
21,P28,P28,Post_P28_2,0,0.2966251609646911,0
21,P28,P28,Post_P28_2,0,0.16133012758111448,0
21,P28,P28,Post_P28_2,0,0.4959381368208989,0
21,P28,P28,Post_P28_2,0,0.2975082146669268,0
21,P28,P28,Post_P28_2,0,0.30428118098499446,0
21,P28,P28,Post_P28_2,0,0.23427151310332195,0
21,P28,P28,Post_P28_2,0,0.239319286882864,0
21,P28,P28,Post_P28_2,0,0.4124537479149507,0
21,P28,P28,Post_P28_2,0,0.34331236730886305,0
21,P28,P28,Post_P28_2,0,0.4068525884837853,0
21,P28,P28,Post_P28_2,0,0.577180715979833,1
21,P28,P28,Post_P28_2,0,0.398288419838626,0
21,P28,P28,Post_P28_2,0,0.3396605190189048,0
21,P28,P28,Post_P28_2,0,0.2006916228527414,0
21,P28,P28,Post_P28_2,0,0.3279475097084153,0
21,P28,P28,Post_P28_2,0,0.19893511424959176,0
21,P28,P28,Post_P28_2,0,0.3380087850854463,0
21,P28,P28,Post_P28_2,0,0.2200752301958691,0
21,P28,P28,Post_P28_2,0,0.33880136989737014,0
21,P28,P28,Post_P28_2,0,0.39683385165150825,0
21,P28,P28,Post_P28_2,0,0.3459247686664396,0
21,P28,P28,Post_P28_2,0,0.3966312510254972,0
21,P28,P28,Post_P28_2,0,0.47208874140393176,0
21,P28,P28,Post_P28_2,0,0.3404552011730312,0
21,P28,P28,Post_P28_2,0,0.6382617497510029,1
21,P28,P28,Post_P28_2,0,0.22202502126042473,0
21,P28,P28,Post_P28_2,0,0.2380913936821827,0
21,P28,P28,Post_P28_2,0,0.37943569240974706,0
22,P29,P29,Pre_P29,1,0.17133251189225795,0
22,P29,P29,Pre_P29,1,0.2132826123449565,0
22,P29,P29,Pre_P29,1,0.012255618728951496,0
22,P29,P29,Pre_P29,1,0.37697561326817236,0
22,P29,P29,Pre_P29,1,0.6729379227749362,1
22,P29,P29,Pre_P29,1,0.2059350104626017,0
22,P29,P29,Pre_P29,1,0.7257780437745873,1
22,P29,P29,Pre_P29,1,0.7564555854750223,1
22,P29,P29,Pre_P29,1,0.12193949087965346,0
22,P29,P29,Pre_P29,1,0.2920829310195058,0
22,P29,P29,Pre_P29,1,0.1844899485787447,0
22,P29,P29,Pre_P29,1,0.2916761895575034,0
22,P29,P29,Pre_P29,1,0.8681096574103319,1
22,P29,P29,Pre_P29,1,0.551146077404291,1
22,P29,P29,Pre_P29,1,0.60209719564376,1
22,P29,P29,Pre_P29,1,0.5028171124612163,1
22,P29,P29,Pre_P29,1,0.3134024771712802,0
22,P29,P29,Pre_P29,1,0.1967961926503872,0
22,P29,P29,Pre_P29,1,0.433780997961474,0
22,P29,P29,Pre_P29,1,0.7539614846412521,1
22,P29,P29,Pre_P29,1,0.6326042243480018,1
22,P29,P29,Pre_P29,1,0.8023850422709631,1
22,P29,P29,Pre_P29,1,0.526764467667404,1
22,P29,P29,Pre_P29,1,0.47933038379793547,0
22,P29,P29,Pre_P29,1,0.2691752391380738,0
22,P29,P29,Pre_P29,1,0.6384805034864474,1
22,P29,P29,Pre_P29,1,0.6732954880621213,1
22,P29,P29,Pre_P29,1,0.39598006493216875,0
22,P29,P29,Pre_P29,1,0.3836452515704816,0
22,P29,P29,Pre_P29,1,0.6031652745533305,1
22,P29,P29,Pre_P29,1,0.6488178565306424,1
22,P29,P29,Pre_P29,1,0.3415000539925747,0
22,P29,P29,Pre_P29,1,0.47513651435883547,0
22,P29,P29,Pre_P29,1,0.4544663206496161,0
22,P29,P29,Pre_P29,1,0.3234644987349232,0
22,P29,P29,Pre_P29,1,0.6135916183173297,1
22,P29,P29,Pre_P29,1,0.6144312037656066,1
22,P29,P29,Pre_P29,1,0.3100939314364891,0
22,P29,P29,Pre_P29,1,0.7619849355567123,1
22,P29,P29,Pre_P29,1,0.2108902081918571,0
22,P29,P29,Pre_P29,1,0.5616614335105999,1
22,P29,P29,Pre_P29,1,0.017927512450102254,0
22,P29,P29,Pre_P29,1,0.5808013303314556,1
22,P29,P29,Pre_P29,1,0.08477857895582741,0
22,P29,P29,Pre_P29,1,0.02000478168709314,0
22,P29,P29,Pre_P29,1,0.3194628384710346,0
22,P29,P29,Pre_P29,1,0.22795554454889796,0
22,P29,P29,Pre_P29,1,0.7296375921044994,1
22,P29,P29,Pre_P29,1,0.3871580161666922,0
22,P29,P29,Pre_P29,1,0.5872853283371112,1
22,P29,P29,Pre_P29,1,0.47554431820581095,0
22,P29,P29,Pre_P29,1,0.7630401082762481,1
22,P29,P29,Pre_P29,1,0.8329110384976863,1
22,P29,P29,Pre_P29,1,0.1417681788437835,0
22,P29,P29,Pre_P29,1,0.6483096529077089,1
22,P29,P29,Pre_P29,1,0.524403628190176,1
22,P29,P29,Pre_P29,1,0.35563649018071525,0
22,P29,P29,Pre_P29,1,0.04280213237866308,0
22,P29,P29,Pre_P29,1,0.19691905404318966,0
22,P29,P29,Pre_P29,1,0.2020134479208797,0
22,P29,P29,Pre_P29,1,0.6228953232756521,1
22,P29,P29,Pre_P29,1,0.7242520739805626,1
22,P29,P29,Pre_P29,1,0.3930576186106027,0
22,P29,P29,Pre_P29,1,0.4603883411501108,0
22,P29,P29,Pre_P29,1,0.13245002068475067,0
22,P29,P29,Pre_P29,1,0.5083993708795478,1
22,P29,P29,Pre_P29,1,0.4245121239699734,0
22,P29,P29,Pre_P29,1,0.40648813668376055,0
22,P29,P29,Pre_P29,1,0.5529013659002908,1
22,P29,P29,Pre_P29,1,0.49523242756048547,0
22,P29,P29,Pre_P29,1,0.019282759869354283,0
22,P29,P29,Pre_P29,1,0.4921809627547363,0
22,P29,P29,Pre_P29,1,0.29887425026139564,0
22,P29,P29,Pre_P29,1,0.015231153533312364,0
22,P29,P29,Pre_P29,1,0.3528419826562005,0
22,P29,P29,Pre_P29,1,0.41353508173628994,0
22,P29,P29,Pre_P29,1,0.39535677128793645,0
22,P29,P29,Pre_P29,1,0.3295098071272116,0
22,P29,P29,Pre_P29,1,0.3640865575253745,0
22,P29,P29,Pre_P29,1,0.7316560760719849,1
22,P29,P29,Pre_P29,1,0.4939632735897402,0
22,P29,P29,Pre_P29,1,0.568157378775689,1
22,P29,P29,Pre_P29,1,0.08296801388861184,0
22,P29,P29,Pre_P29,1,0.5569674204569988,1
22,P29,P29,Pre_P29,1,0.25183745379188055,0
22,P29,P29,Pre_P29,1,0.24840315596121054,0
22,P29,P29,Pre_P29,1,0.3495584367888914,0
22,P29,P29,Pre_P29,1,0.5896948346391229,1
22,P29,P29,Pre_P29,1,0.5359256207586546,1
22,P29,P29,Pre_P29,1,0.472199494150509,0
22,P29,P29,Pre_P29,1,0.18204295162597237,0
22,P29,P29,Pre_P29,1,0.29726944092372737,0
22,P29,P29,Pre_P29,1,0.4644235996139012,0
22,P29,P29,Pre_P29,1,0.13478435246777662,0
22,P29,P29,Pre_P29,1,0.6992330612715382,1
22,P29,P29,Pre_P29,1,0.5921885469463458,1
22,P29,P29,Pre_P29,1,0.6797259717793159,1
22,P29,P29,Pre_P29,1,0.37149951063567005,0
22,P29,P29,Pre_P29,1,0.5557366903351971,1
22,P29,P29,Pre_P29,1,0.3160554014069243,0
22,P29,P29,Pre_P29,1,0.7071395813525151,1
22,P29,P29,Pre_P29,1,0.5586635389021849,1
22,P29,P29,Pre_P29,1,0.04653272745289412,0
22,P29,P29,Pre_P29,1,0.6209452748260792,1
22,P29,P29,Pre_P29,1,0.21596558861575005,0
22,P29,P29,Pre_P29,1,0.14046078940167614,0
22,P29,P29,Pre_P29,1,0.45637034709198415,0
22,P29,P29,Pre_P29,1,0.3483865416653318,0
22,P29,P29,Pre_P29,1,0.4044935505109656,0
22,P29,P29,Pre_P29,1,0.4013002954099763,0
22,P29,P29,Pre_P29,1,0.6759454946147475,1
22,P29,P29,Pre_P29,1,0.7474559498373783,1
22,P29,P29,Pre_P29,1,0.4851268691551065,0
22,P29,P29,Pre_P29,1,0.11815718450433695,0
22,P29,P29,Pre_P29,1,0.5505724386419228,1
22,P29,P29,Pre_P29,1,0.16546061695969347,0
22,P29,P29,Pre_P29,1,0.8521545272844196,1
22,P29,P29,Pre_P29,1,0.06876083930582577,0
22,P29,P29,Pre_P29,1,0.33389285751953024,0
22,P29,P29,Pre_P29,1,0.6777790143212884,1
22,P29,P29,Pre_P29,1,0.5308934534975353,1
22,P29,P29,Pre_P29,1,0.040989255033905284,0
22,P29,P29,Pre_P29,1,0.4814651973779728,0
22,P29,P29,Pre_P29,1,0.5265811855829098,1
22,P29,P29,Pre_P29,1,0.40896497245914054,0
22,P29,P29,Pre_P29,1,0.3111723358308142,0
22,P29,P29,Pre_P29,1,0.2655932816197895,0
22,P29,P29,Pre_P29,1,0.35219695099493226,0
22,P29,P29,Pre_P29,1,0.11922138632770657,0
22,P29,P29,Pre_P29,1,0.5995260224491497,1
22,P29,P29,Pre_P29,1,0.33454312125731767,0
22,P29,P29,Pre_P29,1,0.11686826920265828,0
22,P29,P29,Pre_P29,1,0.007130895908626344,0
22,P29,P29,Pre_P29,1,0.5264911192966946,1
22,P29,P29,Pre_P29,1,0.3301469503943791,0
22,P29,P29,Pre_P29,1,0.11985178295579314,0
22,P29,P29,Pre_P29,1,0.5243903804639907,1
22,P29,P29,Pre_P29,1,0.3292171735477755,0
22,P29,P29,Pre_P29,1,0.4482667863785191,0
22,P29,P29,Pre_P29,1,0.535237280316049,1
22,P29,P29,Pre_P29,1,0.22869297993313797,0
22,P29,P29,Pre_P29,1,0.23834096633414034,0
22,P29,P29,Pre_P29,1,0.04704053871783979,0
22,P29,P29,Pre_P29,1,0.6145340124088916,1
22,P29,P29,Pre_P29,1,0.044207462545729014,0
22,P29,P29,Pre_P29,1,0.12165674549577883,0
22,P29,P29,Pre_P29,1,0.040084340544344246,0
22,P29,P29,Pre_P29,1,0.2335616477325191,0
22,P29,P29,Pre_P29,1,0.609578240736758,1
22,P29,P29,Pre_P29,1,0.7323618837822364,1
22,P29,P29,Pre_P29,1,0.7420375803096277,1
22,P29,P29,Pre_P29,1,0.2817996539259577,0
22,P29,P29,Pre_P29,1,0.23746549486049562,0
22,P29,P29,Pre_P29,1,0.12067668950332798,0
22,P29,P29,Pre_P29,1,0.1592152423630542,0
22,P29,P29,Pre_P29,1,0.21524872833615732,0
22,P29,P29,Pre_P29,1,0.5882123052717596,1
22,P29,P29,Pre_P29,1,0.1282735213556781,0
22,P29,P29,Pre_P29,1,0.1771659521476977,0
22,P29,P29,Pre_P29,1,0.3680446061037674,0
22,P29,P29,Pre_P29,1,0.8015405359625511,1
22,P29,P29,Pre_P29,1,0.517624566432643,1
22,P29,P29,Pre_P29,1,0.7835553744061284,1
23,P3,P3,Pre_P3,0,0.6178109541712531,1
23,P3,P3,Pre_P3,0,0.6481858069835783,1
23,P3,P3,Pre_P3,0,0.7225928254525542,1
23,P3,P3,Pre_P3,0,0.6339452470978905,1
23,P3,P3,Pre_P3,0,0.6399157822293724,1
23,P3,P3,Pre_P3,0,0.5094784302957213,1
23,P3,P3,Pre_P3,0,0.6151407642411918,1
23,P3,P3,Pre_P3,0,0.46963242773427666,0
23,P3,P3,Pre_P3,0,0.5093470368934998,1
23,P3,P3,Pre_P3,0,0.5514483576015599,1
23,P3,P3,Pre_P3,0,0.599431544779676,1
23,P3,P3,Pre_P3,0,0.5350828401741446,1
23,P3,P3,Pre_P3,0,0.36564487934169065,0
23,P3,P3,Pre_P3,0,0.5518055805336177,1
23,P3,P3,Pre_P3,0,0.517497747850177,1
23,P3,P3,Pre_P3,0,0.5524631159551289,1
23,P3,P3,Pre_P3,0,0.5436761502721913,1
23,P3,P3,Pre_P3,0,0.6238296534228744,1
23,P3,P3,Pre_P3,0,0.622636940534347,1
23,P3,P3,Pre_P3,0,0.4564565522245341,0
23,P3,P3,Pre_P3,0,0.45489942044752396,0
23,P3,P3,Pre_P3,0,0.5811852998483766,1
23,P3,P3,Pre_P3,0,0.5533722116055108,1
23,P3,P3,Pre_P3,0,0.5464246503167253,1
23,P3,P3,Pre_P3,0,0.6197810096963645,1
23,P3,P3,Pre_P3,0,0.6685607126354424,1
23,P3,P3,Pre_P3,0,0.44216126403276057,0
23,P3,P3,Pre_P3,0,0.4568403782048103,0
23,P3,P3,Pre_P3,0,0.6119677546508042,1
23,P3,P3,Pre_P3,0,0.4973610935706487,0
23,P3,P3,Pre_P3,0,0.44497433547512555,0
23,P3,P3,Pre_P3,0,0.7008649838300979,1
23,P3,P3,Pre_P3,0,0.7573835342089643,1
23,P3,P3,Pre_P3,0,0.5376657538905004,1
23,P3,P3,Pre_P3,0,0.45805850107735224,0
23,P3,P3,Pre_P3,0,0.5608361422826973,1
23,P3,P3,Pre_P3,0,0.46877942479852763,0
23,P3,P3,Pre_P3,0,0.4812499518425326,0
23,P3,P3,Pre_P3,0,0.5641402006157623,1
23,P3,P3,Pre_P3,0,0.3944152053019627,0
23,P3,P3,Pre_P3,0,0.654182332785716,1
23,P3,P3,Pre_P3,0,0.5356345401324889,1
23,P3,P3,Pre_P3,0,0.6458370119211126,1
23,P3,P3,Pre_P3,0,0.5355715529949426,1
23,P3,P3,Pre_P3,0,0.5367167741482595,1
23,P3,P3,Pre_P3,0,0.5751574335368578,1
23,P3,P3,Pre_P3,0,0.5702947631305685,1
23,P3,P3,Pre_P3,0,0.6508657806819781,1
23,P3,P3,Pre_P3,0,0.5970057592438047,1
23,P3,P3,Pre_P3,0,0.5978449782261481,1
23,P3,P3,Pre_P3,0,0.6531746442562512,1
23,P3,P3,Pre_P3,0,0.42521042023557465,0
23,P3,P3,Pre_P3,0,0.6622811905330445,1
23,P3,P3,Pre_P3,0,0.5888795845531515,1
23,P3,P3,Pre_P3,0,0.6691426757277822,1
23,P3,P3,Pre_P3,0,0.5761894111255139,1
23,P3,P3,Pre_P3,0,0.5624567302588873,1
23,P3,P3,Pre_P3,0,0.5799301373071091,1
23,P3,P3,Pre_P3,0,0.5469463312748737,1
23,P3,P3,Pre_P3,0,0.5579263864200704,1
23,P3,P3,Pre_P3,0,0.6957796771897812,1
23,P3,P3,Pre_P3,0,0.51552062018457,1
23,P3,P3,Pre_P3,0,0.6473193962009286,1
23,P3,P3,Pre_P3,0,0.5432797728504727,1
23,P3,P3,Pre_P3,0,0.6432864986922129,1
23,P3,P3,Pre_P3,0,0.5393784518380937,1
23,P3,P3,Pre_P3,0,0.5447974373670155,1
23,P3,P3,Pre_P3,0,0.5116788957060635,1
23,P3,P3,Pre_P3,0,0.5158685137885236,1
23,P3,P3,Pre_P3,0,0.6120897546486447,1
23,P3,P3,Pre_P3,0,0.5917554843962525,1
23,P3,P3,Pre_P3,0,0.5734877139372863,1
23,P3,P3,Pre_P3,0,0.5717143325187581,1
23,P3,P3,Pre_P3,0,0.6994219827146592,1
23,P3,P3,Pre_P3,0,0.634428884528251,1
23,P3,P3,Pre_P3,0,0.708739613875025,1
23,P3,P3,Pre_P3,0,0.52348178052419,1
23,P3,P3,Pre_P3,0,0.6192997112144318,1
23,P3,P3,Pre_P3,0,0.6860934151403686,1
23,P3,P3,Pre_P3,0,0.5275577038739034,1
23,P3,P3,Pre_P3,0,0.5807297239676354,1
23,P3,P3,Pre_P3,0,0.5739216923762978,1
23,P3,P3,Pre_P3,0,0.519271132541049,1
23,P3,P3,Pre_P3,0,0.4956497844565701,0
23,P3,P3,Pre_P3,0,0.6439002205313923,1
23,P3,P3,Pre_P3,0,0.5303928545607332,1
23,P3,P3,Pre_P3,0,0.47843268660485966,0
23,P3,P3,Pre_P3,0,0.454495888796387,0
23,P3,P3,Pre_P3,0,0.5388837280529561,1
23,P3,P3,Pre_P3,0,0.5286338560957639,1
23,P3,P3,Pre_P3,0,0.6308485656243488,1
23,P3,P3,Pre_P3,0,0.5471461621001348,1
23,P3,P3,Pre_P3,0,0.574634156555545,1
23,P3,P3,Pre_P3,0,0.5991629800664862,1
23,P3,P3,Pre_P3,0,0.5262621208564731,1
23,P3,P3,Pre_P3,0,0.4985398877112197,0
23,P3,P3,Pre_P3,0,0.5173808305518675,1
23,P3,P3,Pre_P3,0,0.802685238850443,1
23,P3,P3,Pre_P3,0,0.5062259525532606,1
23,P3,P3,Pre_P3,0,0.5287579210143458,1
23,P3,P3,Pre_P3,0,0.6357470394042674,1
23,P3,P3,Pre_P3,0,0.4969090981155615,0
23,P3,P3,Pre_P3,0,0.5990150545929975,1
23,P3,P3,Pre_P3,0,0.5150213943572199,1
23,P3,P3,Pre_P3,0,0.5051183651425494,1
23,P3,P3,Pre_P3,0,0.4748231143231751,0
23,P3,P3,Pre_P3,0,0.5193675814210647,1
23,P3,P3,Pre_P3,0,0.6947943517254271,1
23,P3,P3,Pre_P3,0,0.5271691880409946,1
23,P3,P3,Pre_P3,0,0.6410018194909498,1
23,P3,P3,Pre_P3,0,0.555639642438744,1
23,P3,P3,Pre_P3,0,0.5481868632254591,1
23,P3,P3,Pre_P3,0,0.513761641423491,1
23,P3,P3,Pre_P3,0,0.5722128744472201,1
23,P3,P3,Pre_P3,0,0.5953885639140988,1
23,P3,P3,Pre_P3,0,0.558039662438686,1
23,P3,P3,Pre_P3,0,0.5015337112502204,1
23,P3,P3,Pre_P3,0,0.4237582802643384,0
23,P3,P3,Pre_P3,0,0.648574841297253,1
23,P3,P3,Pre_P3,0,0.5098017239304761,1
23,P3,P3,Pre_P3,0,0.5077982735776928,1
23,P3,P3,Pre_P3,0,0.6172049146192697,1
23,P3,P3,Pre_P3,0,0.384282616850749,0
23,P3,P3,Pre_P3,0,0.5217684329221774,1
23,P3,P3,Pre_P3,0,0.5584524847149496,1
23,P3,P3,Pre_P3,0,0.5479914778442853,1
23,P3,P3,Pre_P3,0,0.3973591373996563,0
23,P3,P3,Pre_P3,0,0.3473289091056694,0
23,P3,P3,Pre_P3,0,0.4697635414241205,0
23,P3,P3,Pre_P3,0,0.6920676084526503,1
23,P3,P3,Pre_P3,0,0.5486370492337624,1
23,P3,P3,Pre_P3,0,0.5170778862674815,1
23,P3,P3,Pre_P3,0,0.44893862681615326,0
23,P3,P3,Pre_P3,0,0.5006333178209984,1
23,P3,P3,Pre_P3,0,0.7485063531160276,1
23,P3,P3,Pre_P3,0,0.399869588332246,0
23,P3,P3,Pre_P3,0,0.5059108812190038,1
23,P3,P3,Pre_P3,0,0.5759660044307764,1
23,P3,P3,Pre_P3,0,0.4700126454530887,0
23,P3,P3,Pre_P3,0,0.5354463990172487,1
23,P3,P3,Pre_P3,0,0.6114189585084353,1
23,P3,P3,Pre_P3,0,0.5192157781687732,1
23,P3,P3,Pre_P3,0,0.624728130848764,1
23,P3,P3,Pre_P3,0,0.5107627043373839,1
23,P3,P3,Pre_P3,0,0.4968259699079461,0
23,P3,P3,Pre_P3,0,0.479109708254237,0
23,P3,P3,Pre_P3,0,0.6689429034876698,1
23,P3,P3,Pre_P3,0,0.47791021767312236,0
23,P3,P3,Pre_P3,0,0.4181064991874157,0
23,P3,P3,Pre_P3,0,0.5926433944495426,1
23,P3,P3,Pre_P3,0,0.5577540270909733,1
23,P3,P3,Pre_P3,0,0.5317648388846021,1
23,P3,P3,Pre_P3,0,0.6803547837908459,1
23,P3,P3,Pre_P3,0,0.6617420759059569,1
23,P3,P3,Pre_P3,0,0.2679434886607674,0
23,P3,P3,Pre_P3,0,0.6385956166230535,1
23,P3,P3,Pre_P3,0,0.5992854149822722,1
23,P3,P3,Pre_P3,0,0.5006635142844253,1
23,P3,P3,Pre_P3,0,0.5638481085068708,1
23,P3,P3,Pre_P3,0,0.5163274000464312,1
23,P3,P3,Pre_P3,0,0.45125274098786744,0
23,P3,P3,Pre_P3,0,0.529156955021911,1
23,P3,P3,Pre_P3,0,0.5253790389732289,1
23,P3,P3,Pre_P3,0,0.53271824572062,1
23,P3,P3,Pre_P3,0,0.5808561581145265,1
23,P3,P3,Pre_P3,0,0.45531923203952224,0
23,P3,P3,Pre_P3,0,0.6212702787984861,1
23,P3,P3,Pre_P3,0,0.5122224232155326,1
23,P3,P3,Pre_P3,0,0.6081427327865321,1
23,P3,P3,Pre_P3,0,0.44679004533904476,0
23,P3,P3,Pre_P3,0,0.5781395127624012,1
23,P3,P3,Pre_P3,0,0.5257147501187628,1
23,P3,P3,Pre_P3,0,0.5031757210608423,1
23,P3,P3,Pre_P3,0,0.5426711949159072,1
23,P3,P3,Pre_P3,0,0.5486213504227873,1
23,P3,P3,Pre_P3,0,0.7168228929313915,1
23,P3,P3,Pre_P3,0,0.5582334905045291,1
23,P3,P3,Pre_P3,0,0.7049516780109258,1
23,P3,P3,Pre_P3,0,0.5951740123766199,1
23,P3,P3,Pre_P3,0,0.6672504300550445,1
23,P3,P3,Pre_P3,0,0.5479000714404648,1
23,P3,P3,Pre_P3,0,0.6305896335509458,1
23,P3,P3,Pre_P3,0,0.592473109718435,1
23,P3,P3,Pre_P3,0,0.6058000787123842,1
23,P3,P3,Pre_P3,0,0.5826018928823483,1
23,P3,P3,Pre_P3,0,0.6188615171798175,1
23,P3,P3,Pre_P3,0,0.5963716823355937,1
23,P3,P3,Pre_P3,0,0.5259154976092392,1
23,P3,P3,Pre_P3,0,0.5447988435836696,1
23,P3,P3,Pre_P3,0,0.6160895808982698,1
23,P3,P3,Pre_P3,0,0.5649377816106742,1
23,P3,P3,Pre_P3,0,0.5421424417641559,1
23,P3,P3,Pre_P3,0,0.5065972540001804,1
23,P3,P3,Pre_P3,0,0.6370073150485543,1
23,P3,P3,Pre_P3,0,0.6167430559614492,1
23,P3,P3,Pre_P3,0,0.48605289375123417,0
23,P3,P3,Pre_P3,0,0.5610826052221775,1
23,P3,P3,Pre_P3,0,0.5373397275700311,1
23,P3,P3,Pre_P3,0,0.6501498161862529,1
23,P3,P3,Pre_P3,0,0.568577385716893,1
23,P3,P3,Pre_P3,0,0.46914119420456785,0
23,P3,P3,Pre_P3,0,0.5252291320528267,1
23,P3,P3,Pre_P3,0,0.5667573987838068,1
23,P3,P3,Pre_P3,0,0.4456227558234473,0
23,P3,P3,Pre_P3,0,0.5134231826482446,1
23,P3,P3,Pre_P3,0,0.5420872189604808,1
23,P3,P3,Pre_P3,0,0.6047680692367747,1
23,P3,P3,Pre_P3,0,0.5090849847894434,1
23,P3,P3,Pre_P3,0,0.4780469391224169,0
23,P3,P3,Pre_P3,0,0.5367438857832177,1
23,P3,P3,Pre_P3,0,0.6515693023857821,1
23,P3,P3,Pre_P3,0,0.5642089220605417,1
23,P3,P3,Pre_P3,0,0.4893013579334954,0
23,P3,P3,Pre_P3,0,0.6759890966815608,1
23,P3,P3,Pre_P3,0,0.4702093156068143,0
23,P3,P3,Pre_P3,0,0.5155415321281805,1
23,P3,P3,Pre_P3,0,0.6023572615797752,1
23,P3,P3,Pre_P3,0,0.5871692025087194,1
23,P3,P3,Pre_P3,0,0.4346698501970322,0
23,P3,P3,Pre_P3,0,0.47356915654757126,0
23,P3,P3,Pre_P3,0,0.5557827285254077,1
23,P3,P3,Pre_P3,0,0.5395732379681735,1
23,P3,P3,Pre_P3,0,0.5633773634608451,1
23,P3,P3,Pre_P3,0,0.618773517504309,1
23,P3,P3,Pre_P3,0,0.46833005570585806,0
23,P3,P3,Pre_P3,0,0.5044370453412457,1
23,P3,P3,Pre_P3,0,0.2533842183109413,0
23,P3,P3,Pre_P3,0,0.5021771881135818,1
23,P3,P3,Pre_P3,0,0.6445862547049088,1
23,P3,P3,Pre_P3,0,0.5381710795086843,1
23,P3,P3,Pre_P3,0,0.5902043618576701,1
23,P3,P3,Pre_P3,0,0.6284520564765195,1
23,P3,P3,Pre_P3,0,0.468631759683053,0
23,P3,P3,Pre_P3,0,0.5809672894628928,1
23,P3,P3,Pre_P3,0,0.5581041687783967,1
23,P3,P3,Pre_P3,0,0.6404584068890541,1
23,P3,P3,Pre_P3,0,0.41673701726653056,0
23,P3,P3,Pre_P3,0,0.5286404415440803,1
23,P3,P3,Pre_P3,0,0.6270878163287781,1
23,P3,P3,Pre_P3,0,0.4173209812541769,0
23,P3,P3,Pre_P3,0,0.48165089163031644,0
23,P3,P3,Pre_P3,0,0.53768439078275,1
23,P3,P3,Pre_P3,0,0.5435508544786426,1
23,P3,P3,Pre_P3,0,0.49534066410868716,0
23,P3,P3,Pre_P3,0,0.3877094861198231,0
23,P3,P3,Post_P3,0,0.549335935783103,1
23,P3,P3,Post_P3,0,0.48411046939900076,0
23,P3,P3,Post_P3,0,0.35871317461452085,0
23,P3,P3,Post_P3,0,0.5058589673907156,1
23,P3,P3,Post_P3,0,0.48508916451948314,0
23,P3,P3,Post_P3,0,0.5040732811714489,1
23,P3,P3,Post_P3,0,0.4391304508725183,0
23,P3,P3,Post_P3,0,0.6744663118471165,1
23,P3,P3,Post_P3,0,0.6015114867336883,1
23,P3,P3,Post_P3,0,0.5722762526736129,1
23,P3,P3,Post_P3,0,0.5019532655212552,1
23,P3,P3,Post_P3,0,0.5301244614477914,1
23,P3,P3,Post_P3,0,0.3320577476318995,0
23,P3,P3,Post_P3,0,0.4936277857185327,0
23,P3,P3,Post_P3,0,0.6038568232672852,1
23,P3,P3,Post_P3,0,0.5512464878737903,1
23,P3,P3,Post_P3,0,0.30975103698169926,0
23,P3,P3,Post_P3,0,0.40835336407981004,0
23,P3,P3,Post_P3,0,0.5530467352251299,1
23,P3,P3,Post_P3,0,0.5849595334944016,1
23,P3,P3,Post_P3,0,0.48778415426750826,0
23,P3,P3,Post_P3,0,0.6109325258279944,1
23,P3,P3,Post_P3,0,0.4261089887856197,0
23,P3,P3,Post_P3,0,0.5871391526464695,1
23,P3,P3,Post_P3,0,0.574622329582062,1
23,P3,P3,Post_P3,0,0.5264551346568319,1
23,P3,P3,Post_P3,0,0.5969892699430076,1
23,P3,P3,Post_P3,0,0.492693184165243,0
23,P3,P3,Post_P3,0,0.5319712580461035,1
23,P3,P3,Post_P3,0,0.5059266368129072,1
23,P3,P3,Post_P3,0,0.5366869726674904,1
23,P3,P3,Post_P3,0,0.6843919039011984,1
23,P3,P3,Post_P3,0,0.48779807894075466,0
23,P3,P3,Post_P3,0,0.5794611428872272,1
23,P3,P3,Post_P3,0,0.6368364845558014,1
23,P3,P3,Post_P3,0,0.42765678479415736,0
23,P3,P3,Post_P3,0,0.5718409349476972,1
23,P3,P3,Post_P3,0,0.4465490614763083,0
23,P3,P3,Post_P3,0,0.5952913183827062,1
23,P3,P3,Post_P3,0,0.4857830334165881,0
23,P3,P3,Post_P3,0,0.5769738445858633,1
23,P3,P3,Post_P3,0,0.6265948037500955,1
23,P3,P3,Post_P3,0,0.6393191827224518,1
23,P3,P3,Post_P3,0,0.5597605592453498,1
23,P3,P3,Post_P3,0,0.5389772509231319,1
23,P3,P3,Post_P3,0,0.524445432863567,1
23,P3,P3,Post_P3,0,0.6522418746105108,1
23,P3,P3,Post_P3,0,0.48508918625651715,0
23,P3,P3,Post_P3,0,0.43467148702790653,0
23,P3,P3,Post_P3,0,0.4842781299995301,0
23,P3,P3,Post_P3,0,0.4784913057156666,0
23,P3,P3,Post_P3,0,0.5237970744483411,1
23,P3,P3,Post_P3,0,0.403222519243642,0
23,P3,P3,Post_P3,0,0.5146177166303914,1
23,P3,P3,Post_P3,0,0.5244583063855727,1
23,P3,P3,Post_P3,0,0.6337673535856992,1
23,P3,P3,Post_P3,0,0.6610172983639765,1
23,P3,P3,Post_P3,0,0.27342417554803394,0
23,P3,P3,Post_P3,0,0.435877422317823,0
23,P3,P3,Post_P3,0,0.5243737157037721,1
23,P3,P3,Post_P3,0,0.4316952675362512,0
23,P3,P3,Post_P3,0,0.5403721861122068,1
23,P3,P3,Post_P3,0,0.3482862589325098,0
23,P3,P3,Post_P3,0,0.448670444115891,0
23,P3,P3,Post_P3,0,0.5215014663320497,1
23,P3,P3,Post_P3,0,0.42077422208276355,0
23,P3,P3,Post_P3,0,0.5104808653050985,1
23,P3,P3,Post_P3,0,0.483271652631738,0
23,P3,P3,Post_P3,0,0.5202776620376927,1
23,P3,P3,Post_P3,0,0.4338151209565985,0
23,P3,P3,Post_P3,0,0.5638478111371447,1
23,P3,P3,Post_P3,0,0.4527145298123819,0
23,P3,P3,Post_P3,0,0.4059563102101574,0
23,P3,P3,Post_P3,0,0.5155272489531134,1
23,P3,P3,Post_P3,0,0.4635803202954281,0
23,P3,P3,Post_P3,0,0.5188896136373088,1
23,P3,P3,Post_P3,0,0.5867592241941321,1
23,P3,P3,Post_P3,0,0.571960316022294,1
23,P3,P3,Post_P3,0,0.5534129249585427,1
23,P3,P3,Post_P3,0,0.4832759824918448,0
23,P3,P3,Post_P3,0,0.5336493037983547,1
23,P3,P3,Post_P3,0,0.47500524973247854,0
23,P3,P3,Post_P3,0,0.4872156577488029,0
23,P3,P3,Post_P3,0,0.6968844218278808,1
23,P3,P3,Post_P3,0,0.44324255564014264,0
23,P3,P3,Post_P3,0,0.5247051798526379,1
23,P3,P3,Post_P3,0,0.38009212565254574,0
23,P3,P3,Post_P3,0,0.5294490176405439,1
23,P3,P3,Post_P3,0,0.5158573094079592,1
23,P3,P3,Post_P3,0,0.39385129247601053,0
23,P3,P3,Post_P3,0,0.5159034417884433,1
23,P3,P3,Post_P3,0,0.5461153350834963,1
23,P3,P3,Post_P3,0,0.4603804658890273,0
23,P3,P3,Post_P3,0,0.48904684817516214,0
23,P3,P3,Post_P3,0,0.5430099257353914,1
23,P3,P3,Post_P3,0,0.5744238530725767,1
23,P3,P3,Post_P3,0,0.3951520618168497,0
23,P3,P3,Post_P3,0,0.4608969595812115,0
23,P3,P3,Post_P3,0,0.7583351156002585,1
23,P3,P3,Post_P3,0,0.4390199392924878,0
23,P3,P3,Post_P3,0,0.5078926660920868,1
23,P3,P3,Post_P3,0,0.5923357693447532,1
23,P3,P3,Post_P3,0,0.43189356988598315,0
23,P3,P3,Post_P3,0,0.5303827228181359,1
23,P3,P3,Post_P3,0,0.49083419046957455,0
23,P3,P3,Post_P3,0,0.5089860021632276,1
23,P3,P3,Post_P3,0,0.4716812722753615,0
23,P3,P3,Post_P3,0,0.3521618607425123,0
23,P3,P3,Post_P3,0,0.24531618123884077,0
23,P3,P3,Post_P3,0,0.43883195370926886,0
23,P3,P3,Post_P3,0,0.4357908384236809,0
23,P3,P3,Post_P3,0,0.6259553192876665,1
23,P3,P3,Post_P3,0,0.4550116175599247,0
23,P3,P3,Post_P3,0,0.2734205389157021,0
23,P3,P3,Post_P3,0,0.48598588983026497,0
23,P3,P3,Post_P3,0,0.46226406227996236,0
23,P3,P3,Post_P3,0,0.41823680888130244,0
23,P3,P3,Post_P3,0,0.5556936183802487,1
23,P3,P3,Post_P3,0,0.4461329540653677,0
23,P3,P3,Post_P3,0,0.5262971654590779,1
23,P3,P3,Post_P3,0,0.2765198481824371,0
23,P3,P3,Post_P3,0,0.6004056100226823,1
23,P3,P3,Post_P3,0,0.4983312252684249,0
23,P3,P3,Post_P3,0,0.5485426904198594,1
23,P3,P3,Post_P3,0,0.4919058591388473,0
23,P3,P3,Post_P3,0,0.503045737216918,1
23,P3,P3,Post_P3,0,0.6553355792758822,1
23,P3,P3,Post_P3,0,0.4714474215236753,0
23,P3,P3,Post_P3,0,0.6223777043056961,1
23,P3,P3,Post_P3,0,0.5146391570831891,1
23,P3,P3,Post_P3,0,0.44517231609050106,0
23,P3,P3,Post_P3,0,0.5511090496935522,1
23,P3,P3,Post_P3,0,0.3866809514839422,0
23,P3,P3,Post_P3,0,0.4364895614447442,0
23,P3,P3,Post_P3,0,0.5794985607924314,1
23,P3,P3,Post_P3,0,0.37800428958312116,0
23,P3,P3,Post_P3,0,0.5143326909800243,1
23,P3,P3,Post_P3,0,0.5090323671061293,1
23,P3,P3,Post_P3,0,0.39229301144163414,0
23,P3,P3,Post_P3,0,0.5866998853914517,1
23,P3,P3,Post_P3,0,0.3706532097356774,0
23,P3,P3,Post_P3,0,0.4774614190530195,0
23,P3,P3,Post_P3,0,0.5343645015894615,1
23,P3,P3,Post_P3,0,0.49444200878369826,0
23,P3,P3,Post_P3,0,0.6057521063349203,1
23,P3,P3,Post_P3,0,0.4978640924087033,0
23,P3,P3,Post_P3,0,0.6444284297099169,1
23,P3,P3,Post_P3,0,0.5483860790733414,1
23,P3,P3,Post_P3,0,0.42341655781448506,0
23,P3,P3,Post_P3,0,0.4839421724067306,0
23,P3,P3,Post_P3,0,0.526315967048064,1
23,P3,P3,Post_P3,0,0.4710872404452873,0
23,P3,P3,Post_P3,0,0.5731400357558945,1
23,P3,P3,Post_P3,0,0.5678076922699292,1
23,P3,P3,Post_P3,0,0.44435145561514755,0
23,P3,P3,Post_P3,0,0.504206831990635,1
23,P3,P3,Post_P3,0,0.46759256841114905,0
23,P3,P3,Post_P3,0,0.4796430947959291,0
23,P3,P3,Post_P3,0,0.7170986225942398,1
23,P3,P3,Post_P3,0,0.4113399734708721,0
23,P3,P3,Post_P3,0,0.690992549975735,1
23,P3,P3,Post_P3,0,0.4369720563744867,0
23,P3,P3,Post_P3,0,0.4192354472708676,0
23,P3,P3,Post_P3,0,0.5491321152768615,1
23,P3,P3,Post_P3,0,0.6470044981020953,1
23,P3,P3,Post_P3,0,0.4748887814347186,0
23,P3,P3,Post_P3,0,0.4502307437669796,0
23,P3,P3,Post_P3,0,0.46785867571664747,0
23,P3,P3,Post_P3,0,0.5235233767525932,1
23,P3,P3,Post_P3,0,0.5645178157208354,1
23,P3,P3,Post_P3,0,0.3304500520466575,0
23,P3,P3,Post_P3,0,0.4690041976709568,0
23,P3,P3,Post_P3,0,0.4337144381119219,0
23,P3,P3,Post_P3,0,0.5262756355282154,1
23,P3,P3,Post_P3,0,0.7261433459999698,1
23,P3,P3,Post_P3,0,0.5504194799084039,1
23,P3,P3,Post_P3,0,0.40258454158289714,0
23,P3,P3,Post_P3,0,0.49705719732754705,0
23,P3,P3,Post_P3,0,0.618407500123798,1
23,P3,P3,Post_P3,0,0.49668981230724224,0
23,P3,P3,Post_P3,0,0.39821038467086595,0
23,P3,P3,Post_P3,0,0.49117292910969934,0
23,P3,P3,Post_P3,0,0.5286777118951779,1
23,P3,P3,Post_P3,0,0.46487064421587904,0
23,P3,P3,Post_P3,0,0.3777815379047887,0
23,P3,P3,Post_P3,0,0.4857634164512499,0
23,P3,P3,Post_P3,0,0.44113568665981595,0
23,P3,P3,Post_P3,0,0.6580370656952531,1
23,P3,P3,Post_P3,0,0.5096713271192297,1
23,P3,P3,Post_P3,0,0.5551589217080444,1
23,P3,P3,Post_P3,0,0.6233264166040996,1
23,P3,P3,Post_P3,0,0.5372370225260913,1
23,P3,P3,Post_P3,0,0.4655121276890524,0
23,P3,P3,Post_P3,0,0.5580410309925328,1
23,P3,P3,Post_P3,0,0.5812536036245778,1
23,P3,P3,Post_P3,0,0.5233776066625248,1
23,P3,P3,Post_P3,0,0.4113988699507855,0
23,P3,P3,Post_P3,0,0.4385154057443278,0
23,P3,P3,Post_P3,0,0.5359290607771117,1
23,P3,P3,Post_P3,0,0.3705792426962863,0
23,P3,P3,Post_P3,0,0.3129044539003175,0
23,P3,P3,Post_P3,0,0.46629307741648146,0
23,P3,P3,Post_P3,0,0.6740106203779551,1
23,P3,P3,Post_P3,0,0.49055965967137455,0
23,P3,P3,Post_P3,0,0.5404673593436363,1
23,P3,P3,Post_P3,0,0.5267001848990135,1
23,P3,P3,Post_P3,0,0.4521321640264524,0
23,P3,P3,Post_P3,0,0.505660129066982,1
23,P3,P3,Post_P3,0,0.6828778526501555,1
23,P3,P3,Post_P3,0,0.37156589241023236,0
23,P3,P3,Post_P3,0,0.5299740350996053,1
23,P3,P3,Post_P3,0,0.6451242028199452,1
23,P3,P3,Post_P3,0,0.63460256196143,1
23,P3,P3,Post_P3,0,0.44171377983487675,0
23,P3,P3,Post_P3,0,0.5272447211118485,1
23,P3,P3,Post_P3,0,0.5182360608722083,1
23,P3,P3,Post_P3,0,0.5312452372048692,1
23,P3,P3,Post_P3,0,0.42068919163588275,0
23,P3,P3,Post_P3,0,0.6368571416988713,1
23,P3,P3,Post_P3,0,0.5428953002738003,1
23,P3,P3,Post_P3,0,0.5722827257787862,1
23,P3,P3,Post_P3,0,0.3847409967061481,0
23,P3,P3,Post_P3,0,0.5032172647332411,1
23,P3,P3,Post_P3,0,0.6293373659030835,1
23,P3,P3,Post_P3,0,0.5242513316903162,1
23,P3,P3,Post_P3,0,0.49088751395431335,0
23,P3,P3,Post_P3,0,0.4692812264345969,0
23,P3,P3,Post_P3,0,0.4866833075756368,0
23,P3,P3,Post_P3,0,0.5433782410067314,1
23,P3,P3,Post_P3,0,0.5815493866713402,1
23,P3,P3,Post_P3,0,0.4910960664033235,0
23,P3,P3,Post_P3,0,0.5742231489232799,1
23,P3,P3,Post_P3,0,0.5945752267910055,1
23,P3,P3,Post_P3,0,0.474776962917492,0
23,P3,P3,Post_P3,0,0.5106838867251073,1
23,P3,P3,Post_P3,0,0.6210853780211897,1
23,P3,P3,Post_P3,0,0.4452524913356681,0
23,P3,P3,Post_P3,0,0.5061383664308194,1
23,P3,P3,Post_P3,0,0.44663781342230585,0
23,P3,P3,Post_P3,0,0.503381631363293,1
23,P3,P3,Post_P3,0,0.42356963070819764,0
23,P3,P3,Post_P3,0,0.5349887181973536,1
23,P3,P3,Post_P3,0,0.5988956358470714,1
23,P3,P3,Post_P3,0,0.6827414608116472,1
23,P3,P3,Post_P3,0,0.5624108434816807,1
23,P3,P3,Post_P3,0,0.5003334151736496,1
23,P3,P3,Post_P3,0,0.4825265553987547,0
23,P3,P3,Post_P3,0,0.47792378217317183,0
23,P3,P3,Post_P3,0,0.5508925554769584,1
23,P3,P3,Post_P3,0,0.5623123336895709,1
23,P3,P3,Post_P3,0,0.31833008566296506,0
23,P3,P3,Post_P3,0,0.3383196381923831,0
23,P3,P3,Post_P3,0,0.4609113701983443,0
23,P3,P3,Post_P3,0,0.44930796342531304,0
23,P3,P3,Post_P3,0,0.43564807612074097,0
23,P3,P3,Post_P3,0,0.4946835811552141,0
23,P3,P3,Post_P3,0,0.4782995682163541,0
23,P3,P3,Post_P3,0,0.5886067908323368,1
23,P3,P3,Post_P3,0,0.5385592592887294,1
23,P3,P3,Post_P3,0,0.4161096393080719,0
23,P3,P3,Post_P3,0,0.3492831994050594,0
23,P3,P3,Post_P3,0,0.5072814512685593,1
23,P3,P3,Post_P3,0,0.5563292604322677,1
23,P3,P3,Post_P3,0,0.48179613730363685,0
23,P3,P3,Post_P3,0,0.46398803601940225,0
23,P3,P3,Post_P3,0,0.4486510741302501,0
23,P3,P3,Post_P3,0,0.5294768926907971,1
23,P3,P3,Post_P3,0,0.29933095998822495,0
23,P3,P3,Post_P3,0,0.480908620253277,0
23,P3,P3,Post_P3,0,0.5344352575154863,1
23,P3,P3,Post_P3,0,0.5305407644972903,1
23,P3,P3,Post_P3,0,0.46622403094508724,0
23,P3,P3,Post_P3,0,0.37582648136300867,0
23,P3,P3,Post_P3,0,0.5205834172346775,1
23,P3,P3,Post_P3,0,0.41004931136373024,0
23,P3,P3,Post_P3,0,0.4862654156380089,0
23,P3,P3,Post_P3,0,0.5186667248590281,1
23,P3,P3,Post_P3,0,0.5668056822104348,1
23,P3,P3,Post_P3,0,0.46077356395801383,0
23,P3,P3,Post_P3,0,0.4547798876753868,0
23,P3,P3,Post_P3,0,0.4807200986998023,0
23,P3,P3,Post_P3,0,0.40833992787372064,0
23,P3,P3,Post_P3,0,0.3457740383544624,0
23,P3,P3,Post_P3,0,0.4414263643742186,0
23,P3,P3,Post_P3,0,0.43672970424180624,0
23,P3,P3,Post_P3,0,0.5124799891900764,1
23,P3,P3,Post_P3,0,0.5289196674659691,1
23,P3,P3,Post_P3,0,0.46518074703831613,0
23,P3,P3,Post_P3,0,0.43127697189313535,0
23,P3,P3,Post_P3,0,0.4389141048233171,0
23,P3,P3,Post_P3,0,0.4936985511301697,0
23,P3,P3,Post_P3,0,0.5817338095802709,1
23,P3,P3,Post_P3,0,0.43008739479814695,0
23,P3,P3,Post_P3,0,0.5494998205600065,1
23,P3,P3,Post_P3,0,0.5931232622171254,1
23,P3,P3,Post_P3,0,0.4583211314436318,0
23,P3,P3,Post_P3,0,0.4352562392404321,0
23,P3,P3,Post_P3,0,0.5164198769480142,1
23,P3,P3,Post_P3,0,0.31921103733018175,0
23,P3,P3,Post_P3,0,0.4953060786572407,0
23,P3,P3,Post_P3,0,0.4890759481195594,0
23,P3,P3,Post_P3,0,0.5322692914360397,1
23,P3,P3,Post_P3,0,0.4644557752668867,0
23,P3,P3,Post_P3,0,0.6083475614075146,1
23,P3,P3,Post_P3,0,0.4609919087687976,0
23,P3,P3,Post_P3,0,0.6286768909148409,1
23,P3,P3,Post_P3,0,0.5113052321837486,1
23,P3,P3,Post_P3,0,0.48582997914190945,0
23,P3,P3,Post_P3,0,0.4214713376437833,0
23,P3,P3,Post_P3,0,0.3680869816107446,0
23,P3,P3,Post_P3,0,0.5402136014098669,1
23,P3,P3,Post_P3,0,0.3433485906880675,0
23,P3,P3,Post_P3,0,0.5651274232839567,1
23,P3,P3,Post_P3,0,0.39591509576578104,0
23,P3,P3,Post_P3,0,0.42849996210575614,0
23,P3,P3,Post_P3,0,0.3982141957883129,0
23,P3,P3,Post_P3,0,0.5393520063792056,1
23,P3,P3,Post_P3,0,0.5668143753882845,1
23,P3,P3,Post_P3,0,0.5133129818465432,1
23,P3,P3,Post_P3,0,0.44178009987323247,0
23,P3,P3,Post_P3,0,0.42568168346713,0
23,P3,P3,Post_P3,0,0.5617024518476509,1
23,P3,P3,Post_P3,0,0.5335555967018003,1
23,P3,P3,Post_P3,0,0.5363409820192491,1
23,P3,P3,Post_P3,0,0.40545362442125815,0
23,P3,P3,Post_P3,0,0.5223697730437868,1
23,P3,P3,Post_P3,0,0.4803149030274409,0
23,P3,P3,Post_P3,0,0.4763589028586706,0
23,P3,P3,Post_P3,0,0.42076734123016635,0
23,P3,P3,Post_P3,0,0.39821977480602416,0
23,P3,P3,Post_P3,0,0.4214148497760966,0
23,P3,P3,Post_P3,0,0.6056325982879464,1
23,P3,P3,Post_P3,0,0.4117938602496408,0
23,P3,P3,Post_P3,0,0.4777793642761109,0
23,P3,P3,Post_P3,0,0.4156658522937106,0
23,P3,P3,Post_P3,0,0.5528190414904297,1
23,P3,P3,Post_P3,0,0.44887363851490353,0
23,P3,P3,Post_P3,0,0.4101838679406178,0
23,P3,P3,Post_P3,0,0.43578611006125545,0
23,P3,P3,Post_P3,0,0.47136870577285594,0
23,P3,P3,Post_P3,0,0.4466031047668162,0
23,P3,P3,Post_P3,0,0.5012227827952542,1
23,P3,P3,Post_P3,0,0.4255493851956067,0
23,P3,P3,Post_P3,0,0.42138268135992074,0
23,P3,P3,Post_P3,0,0.41601289833906,0
23,P3,P3,Post_P3,0,0.5070951994495801,1
23,P3,P3,Post_P3,0,0.5111075005674736,1
23,P3,P3,Post_P3,0,0.5386374969590061,1
23,P3,P3,Post_P3,0,0.4155923462246674,0
23,P3,P3,Post_P3,0,0.6474412339338217,1
23,P3,P3,Post_P3,0,0.5180894309473476,1
23,P3,P3,Post_P3,0,0.4773492855800248,0
23,P3,P3,Post_P3,0,0.6228430560953219,1
23,P3,P3,Post_P3,0,0.5315365292356647,1
23,P3,P3,Post_P3,0,0.5416934891129928,1
23,P3,P3,Post_P3,0,0.61820968743762,1
23,P3,P3,Post_P3,0,0.5903502353465493,1
23,P3,P3,Post_P3,0,0.39623305662020303,0
23,P3,P3,Post_P3,0,0.4365411955609996,0
23,P3,P3,Post_P3_2,0,0.6523502434566699,1
23,P3,P3,Post_P3_2,0,0.5952391026235706,1
23,P3,P3,Post_P3_2,0,0.5270301921961019,1
23,P3,P3,Post_P3_2,0,0.5289218245640172,1
23,P3,P3,Post_P3_2,0,0.6494196689794522,1
23,P3,P3,Post_P3_2,0,0.322781099266363,0
23,P3,P3,Post_P3_2,0,0.6848000685683977,1
23,P3,P3,Post_P3_2,0,0.6806892311846041,1
23,P3,P3,Post_P3_2,0,0.5941201460851796,1
23,P3,P3,Post_P3_2,0,0.5862689847165359,1
23,P3,P3,Post_P3_2,0,0.5841750683528654,1
23,P3,P3,Post_P3_2,0,0.5869185443351607,1
23,P3,P3,Post_P3_2,0,0.5903999956314528,1
23,P3,P3,Post_P3_2,0,0.5998017400937787,1
23,P3,P3,Post_P3_2,0,0.587774051043454,1
23,P3,P3,Post_P3_2,0,0.5219394164052223,1
23,P3,P3,Post_P3_2,0,0.5275451351397098,1
23,P3,P3,Post_P3_2,0,0.5966857239059393,1
23,P3,P3,Post_P3_2,0,0.43592494960254485,0
23,P3,P3,Post_P3_2,0,0.519021539113121,1
23,P3,P3,Post_P3_2,0,0.5154708115244846,1
23,P3,P3,Post_P3_2,0,0.4937699150900487,0
23,P3,P3,Post_P3_2,0,0.3676985678212004,0
23,P3,P3,Post_P3_2,0,0.44901471130370246,0
23,P3,P3,Post_P3_2,0,0.43205290764975224,0
23,P3,P3,Post_P3_2,0,0.38054839412980757,0
23,P3,P3,Post_P3_2,0,0.48563744012448506,0
23,P3,P3,Post_P3_2,0,0.5330227456667657,1
23,P3,P3,Post_P3_2,0,0.5305095486347721,1
23,P3,P3,Post_P3_2,0,0.4958059085355589,0
23,P3,P3,Post_P3_2,0,0.4008295040553332,0
23,P3,P3,Post_P3_2,0,0.5397675968032607,1
23,P3,P3,Post_P3_2,0,0.5433619686715437,1
23,P3,P3,Post_P3_2,0,0.5960751953041534,1
23,P3,P3,Post_P3_2,0,0.4885673908078608,0
23,P3,P3,Post_P3_2,0,0.4993521793344692,0
23,P3,P3,Post_P3_2,0,0.48016879813360247,0
23,P3,P3,Post_P3_2,0,0.4677845433148751,0
23,P3,P3,Post_P3_2,0,0.6050152477935686,1
23,P3,P3,Post_P3_2,0,0.5472280968178743,1
23,P3,P3,Post_P3_2,0,0.5501538839020824,1
23,P3,P3,Post_P3_2,0,0.430195233548878,0
23,P3,P3,Post_P3_2,0,0.47248449438637696,0
23,P3,P3,Post_P3_2,0,0.5696739555389803,1
23,P3,P3,Post_P3_2,0,0.4635459005496031,0
23,P3,P3,Post_P3_2,0,0.4892306054034195,0
23,P3,P3,Post_P3_2,0,0.5361634353114398,1
23,P3,P3,Post_P3_2,0,0.5538862730988899,1
23,P3,P3,Post_P3_2,0,0.5609044974230847,1
23,P3,P3,Post_P3_2,0,0.43458876530179436,0
23,P3,P3,Post_P3_2,0,0.527636187647975,1
23,P3,P3,Post_P3_2,0,0.5233744283898094,1
23,P3,P3,Post_P3_2,0,0.3918960043173016,0
23,P3,P3,Post_P3_2,0,0.42359226522124355,0
23,P3,P3,Post_P3_2,0,0.4784413543881947,0
23,P3,P3,Post_P3_2,0,0.32123979490793036,0
23,P3,P3,Post_P3_2,0,0.4570084120768656,0
23,P3,P3,Post_P3_2,0,0.4945542937394524,0
23,P3,P3,Post_P3_2,0,0.4870414349848533,0
23,P3,P3,Post_P3_2,0,0.6049589002806067,1
23,P3,P3,Post_P3_2,0,0.5181153829627441,1
23,P3,P3,Post_P3_2,0,0.5121253983489303,1
23,P3,P3,Post_P3_2,0,0.5095801789120872,1
23,P3,P3,Post_P3_2,0,0.38895683105081513,0
23,P3,P3,Post_P3_2,0,0.49939728764731883,0
23,P3,P3,Post_P3_2,0,0.5308631180359535,1
23,P3,P3,Post_P3_2,0,0.5085129535611602,1
23,P3,P3,Post_P3_2,0,0.43408487388541034,0
23,P3,P3,Post_P3_2,0,0.4566774159226521,0
23,P3,P3,Post_P3_2,0,0.6468442654560773,1
23,P3,P3,Post_P3_2,0,0.5659897458411527,1
23,P3,P3,Post_P3_2,0,0.5958517532115049,1
23,P3,P3,Post_P3_2,0,0.6311536358508688,1
23,P3,P3,Post_P3_2,0,0.5737810704966038,1
23,P3,P3,Post_P3_2,0,0.4466876116073814,0
23,P3,P3,Post_P3_2,0,0.4926527741001554,0
23,P3,P3,Post_P3_2,0,0.5099540969469473,1
23,P3,P3,Post_P3_2,0,0.6133360067259968,1
23,P3,P3,Post_P3_2,0,0.42906241747449153,0
23,P3,P3,Post_P3_2,0,0.5574969416113346,1
23,P3,P3,Post_P3_2,0,0.5146814067317378,1
23,P3,P3,Post_P3_2,0,0.4639861127591691,0
23,P3,P3,Post_P3_2,0,0.49170313402545124,0
23,P3,P3,Post_P3_2,0,0.35401551621231053,0
23,P3,P3,Post_P3_2,0,0.6116425261137414,1
23,P3,P3,Post_P3_2,0,0.5673167352281558,1
23,P3,P3,Post_P3_2,0,0.6024396900848189,1
23,P3,P3,Post_P3_2,0,0.4522216734197759,0
23,P3,P3,Post_P3_2,0,0.34869589365589826,0
23,P3,P3,Post_P3_2,0,0.42757069280702564,0
23,P3,P3,Post_P3_2,0,0.5055636093766586,1
23,P3,P3,Post_P3_2,0,0.4807358016162325,0
23,P3,P3,Post_P3_2,0,0.6090053255181367,1
23,P3,P3,Post_P3_2,0,0.4434606708547551,0
23,P3,P3,Post_P3_2,0,0.6064675130851068,1
23,P3,P3,Post_P3_2,0,0.5377483800112232,1
23,P3,P3,Post_P3_2,0,0.5335201602484211,1
23,P3,P3,Post_P3_2,0,0.4797563170374164,0
23,P3,P3,Post_P3_2,0,0.6039652466986009,1
23,P3,P3,Post_P3_2,0,0.677056005693481,1
23,P3,P3,Post_P3_2,0,0.46323231773927137,0
23,P3,P3,Post_P3_2,0,0.5024421327647688,1
23,P3,P3,Post_P3_2,0,0.5622851684971198,1
23,P3,P3,Post_P3_2,0,0.410842939087521,0
23,P3,P3,Post_P3_2,0,0.48977629134476663,0
23,P3,P3,Post_P3_2,0,0.5190387566712221,1
23,P3,P3,Post_P3_2,0,0.47724855128568977,0
23,P3,P3,Post_P3_2,0,0.36817395750052145,0
23,P3,P3,Post_P3_2,0,0.4865289588320045,0
23,P3,P3,Post_P3_2,0,0.5514890935509186,1
23,P3,P3,Post_P3_2,0,0.4139289715897716,0
23,P3,P3,Post_P3_2,0,0.49111917608999667,0
23,P3,P3,Post_P3_2,0,0.5875229449398797,1
23,P3,P3,Post_P3_2,0,0.5120987769842819,1
23,P3,P3,Post_P3_2,0,0.5717863413560447,1
23,P3,P3,Post_P3_2,0,0.6315841572022025,1
23,P3,P3,Post_P3_2,0,0.5190510229108826,1
23,P3,P3,Post_P3_2,0,0.5916101620438828,1
23,P3,P3,Post_P3_2,0,0.42959360407884695,0
23,P3,P3,Post_P3_2,0,0.5139566099742061,1
23,P3,P3,Post_P3_2,0,0.5537728548613112,1
23,P3,P3,Post_P3_2,0,0.43097007371755297,0
23,P3,P3,Post_P3_2,0,0.4462766193407462,0
23,P3,P3,Post_P3_2,0,0.6472743428221671,1
23,P3,P3,Post_P3_2,0,0.5927662335403405,1
23,P3,P3,Post_P3_2,0,0.476596935102196,0
23,P3,P3,Post_P3_2,0,0.6357413408378924,1
23,P3,P3,Post_P3_2,0,0.6088746330607728,1
23,P3,P3,Post_P3_2,0,0.46153773468819076,0
23,P3,P3,Post_P3_2,0,0.4501120626437498,0
23,P3,P3,Post_P3_2,0,0.5250990929908992,1
23,P3,P3,Post_P3_2,0,0.466536668065786,0
23,P3,P3,Post_P3_2,0,0.3509281534576892,0
23,P3,P3,Post_P3_2,0,0.35921724323994225,0
23,P3,P3,Post_P3_2,0,0.57881447184858,1
23,P3,P3,Post_P3_2,0,0.5360990222729688,1
23,P3,P3,Post_P3_2,0,0.528215106477107,1
23,P3,P3,Post_P3_2,0,0.5405615124572415,1
23,P3,P3,Post_P3_2,0,0.45642540819746324,0
23,P3,P3,Post_P3_2,0,0.4881423186266566,0
23,P3,P3,Post_P3_2,0,0.46200492281356065,0
23,P3,P3,Post_P3_2,0,0.46174211029667384,0
23,P3,P3,Post_P3_2,0,0.5271781326814333,1
23,P3,P3,Post_P3_2,0,0.5997074880820117,1
23,P3,P3,Post_P3_2,0,0.6376757411069083,1
23,P3,P3,Post_P3_2,0,0.6468205081975453,1
23,P3,P3,Post_P3_2,0,0.4406512264766322,0
23,P3,P3,Post_P3_2,0,0.4032077413368901,0
23,P3,P3,Post_P3_2,0,0.6035558632236607,1
23,P3,P3,Post_P3_2,0,0.6069051215505634,1
23,P3,P3,Post_P3_2,0,0.6288817806716368,1
23,P3,P3,Post_P3_2,0,0.5904165118638864,1
23,P3,P3,Post_P3_2,0,0.5316884646886734,1
23,P3,P3,Post_P3_2,0,0.5357779840074777,1
23,P3,P3,Post_P3_2,0,0.6285655208245203,1
23,P3,P3,Post_P3_2,0,0.4791057096617712,0
23,P3,P3,Post_P3_2,0,0.2735999979570191,0
23,P3,P3,Post_P3_2,0,0.26636050758736435,0
23,P3,P3,Post_P3_2,0,0.5309806570909679,1
23,P3,P3,Post_P3_2,0,0.47721341591539373,0
23,P3,P3,Post_P3_2,0,0.48479330917660374,0
23,P3,P3,Post_P3_2,0,0.48596825225584944,0
23,P3,P3,Post_P3_2,0,0.5969824526487288,1
23,P3,P3,Post_P3_2,0,0.4602305841876293,0
23,P3,P3,Post_P3_2,0,0.46887766397352554,0
23,P3,P3,Post_P3_2,0,0.45143265155821305,0
23,P3,P3,Post_P3_2,0,0.5370046644153931,1
23,P3,P3,Post_P3_2,0,0.485129611016822,0
23,P3,P3,Post_P3_2,0,0.49951884257139223,0
23,P3,P3,Post_P3_2,0,0.4625005664442532,0
23,P3,P3,Post_P3_2,0,0.5573777230473044,1
23,P3,P3,Post_P3_2,0,0.49990475577940413,0
23,P3,P3,Post_P3_2,0,0.5028115338500369,1
23,P3,P3,Post_P3_2,0,0.5789981084520242,1
23,P3,P3,Post_P3_2,0,0.5874539417540615,1
23,P3,P3,Post_P3_2,0,0.45783996009189093,0
23,P3,P3,Post_P3_2,0,0.4633099186409378,0
23,P3,P3,Post_P3_2,0,0.4946160210713002,0
23,P3,P3,Post_P3_2,0,0.6742730103376356,1
23,P3,P3,Post_P3_2,0,0.45915532220896793,0
23,P3,P3,Post_P3_2,0,0.5944380002100587,1
23,P3,P3,Post_P3_2,0,0.5653064602199495,1
23,P3,P3,Post_P3_2,0,0.48864728384457207,0
23,P3,P3,Post_P3_2,0,0.46372727550804715,0
23,P3,P3,Post_P3_2,0,0.43609897842777556,0
23,P3,P3,Post_P3_2,0,0.5482843711632692,1
23,P3,P3,Post_P3_2,0,0.645769005986866,1
23,P3,P3,Post_P3_2,0,0.5486481871664651,1
23,P3,P3,Post_P3_2,0,0.45366363720421343,0
23,P3,P3,Post_P3_2,0,0.5240577516564788,1
23,P3,P3,Post_P3_2,0,0.49798104940992244,0
23,P3,P3,Post_P3_2,0,0.5320534128641449,1
23,P3,P3,Post_P3_2,0,0.5666533647168868,1
23,P3,P3,Post_P3_2,0,0.4639439528061414,0
23,P3,P3,Post_P3_2,0,0.5026477037449304,1
23,P3,P3,Post_P3_2,0,0.6136735174245742,1
23,P3,P3,Post_P3_2,0,0.5684306350914566,1
23,P3,P3,Post_P3_2,0,0.48033708623765226,0
23,P3,P3,Post_P3_2,0,0.5500907389336915,1
23,P3,P3,Post_P3_2,0,0.6085071660270752,1
23,P3,P3,Post_P3_2,0,0.5312211896594515,1
23,P3,P3,Post_P3_2,0,0.5273270756540295,1
23,P3,P3,Post_P3_2,0,0.4747015898161905,0
23,P3,P3,Post_P3_2,0,0.4182620445513071,0
23,P3,P3,Post_P3_2,0,0.5326763347507693,1
23,P3,P3,Post_P3_2,0,0.45618590976274276,0
23,P3,P3,Post_P3_2,0,0.49100535615269,0
23,P3,P3,Post_P3_2,0,0.6519817187032375,1
23,P3,P3,Post_P3_2,0,0.47489182169587046,0
23,P3,P3,Post_P3_2,0,0.5796344980012641,1
23,P3,P3,Post_P3_2,0,0.5522724085277321,1
23,P3,P3,Post_P3_2,0,0.6637119371001899,1
23,P3,P3,Post_P3_2,0,0.4581925601918928,0
23,P3,P3,Post_P3_2,0,0.600962499170707,1
23,P3,P3,Post_P3_2,0,0.5326535373861709,1
23,P3,P3,Post_P3_2,0,0.49358406444411745,0
23,P3,P3,Post_P3_2,0,0.46798211213341606,0
23,P3,P3,Post_P3_2,0,0.462963629427089,0
23,P3,P3,Post_P3_2,0,0.5058995786884783,1
23,P3,P3,Post_P3_2,0,0.5564029599816191,1
23,P3,P3,Post_P3_2,0,0.5238783278337708,1
23,P3,P3,Post_P3_2,0,0.5803774320634464,1
23,P3,P3,Post_P3_2,0,0.4350878859388392,0
23,P3,P3,Post_P3_2,0,0.5116348810705443,1
23,P3,P3,Post_P3_2,0,0.4691827610997916,0
23,P3,P3,Post_P3_2,0,0.4311599384456071,0
23,P3,P3,Post_P3_2,0,0.529558825402802,1
23,P3,P3,Post_P3_2,0,0.4780400358116643,0
23,P3,P3,Post_P3_2,0,0.6189568746681908,1
23,P3,P3,Post_P3_2,0,0.49114098824106905,0
23,P3,P3,Post_P3_2,0,0.5352754128628809,1
23,P3,P3,Post_P3_2,0,0.5057290756514629,1
23,P3,P3,Post_P3_2,0,0.6243770321010198,1
23,P3,P3,Post_P3_2,0,0.45485169201499337,0
23,P3,P3,Post_P3_2,0,0.47674198803109663,0
23,P3,P3,Post_P3_2,0,0.5581457099657935,1
23,P3,P3,Post_P3_2,0,0.526270821242363,1
23,P3,P3,Post_P3_2,0,0.49024265862962524,0
23,P3,P3,Post_P3_2,0,0.4771443825405577,0
23,P3,P3,Post_P3_2,0,0.5751576771547782,1
23,P3,P3,Post_P3_2,0,0.5809926029126044,1
23,P3,P3,Post_P3_2,0,0.4750608192139921,0
23,P3,P3,Post_P3_2,0,0.4207018734081929,0
23,P3,P3,Post_P3_2,0,0.5820291161062731,1
23,P3,P3,Post_P3_2,0,0.5484724089894966,1
23,P3,P3,Post_P3_2,0,0.597512871060271,1
23,P3,P3,Post_P3_2,0,0.616229323880518,1
23,P3,P3,Post_P3_2,0,0.5373159162870156,1
23,P3,P3,Post_P3_2,0,0.4450220753252616,0
23,P3,P3,Post_P3_2,0,0.702928323066942,1
23,P3,P3,Post_P3_2,0,0.5519514920077757,1
23,P3,P3,Post_P3_2,0,0.5157762848936789,1
23,P3,P3,Post_P3_2,0,0.5997102200060535,1
23,P3,P3,Post_P3_2,0,0.4779512372362787,0
23,P3,P3,Post_P3_2,0,0.5612117746667205,1
23,P3,P3,Post_P3_2,0,0.6447170891046267,1
23,P3,P3,Post_P3_2,0,0.4325193059535101,0
23,P3,P3,Post_P3_2,0,0.6255738156915203,1
23,P3,P3,Post_P3_2,0,0.6233037704389207,1
23,P3,P3,Post_P3_2,0,0.6582269498362462,1
23,P3,P3,Post_P3_2,0,0.6598006506386497,1
23,P3,P3,Post_P3_2,0,0.5969907742783557,1
23,P3,P3,Post_P3_2,0,0.5796237902008181,1
23,P3,P3,Post_P3_2,0,0.48415702287042434,0
23,P3,P3,Post_P3_2,0,0.45266977112428447,0
23,P3,P3,Post_P3_2,0,0.5583400314692091,1
23,P3,P3,Post_P3_2,0,0.4183741528814521,0
23,P3,P3,Post_P3_2,0,0.5824293259250597,1
23,P3,P3,Post_P3_2,0,0.4652142886342147,0
23,P3,P3,Post_P3_2,0,0.5065273081859294,1
23,P3,P3,Post_P3_2,0,0.5216408679781478,1
23,P3,P3,Post_P3_2,0,0.4376873200803098,0
23,P3,P3,Post_P3_2,0,0.4804493366373049,0
23,P3,P3,Post_P3_2,0,0.5799108960650126,1
23,P3,P3,Post_P3_2,0,0.6890851737062782,1
23,P3,P3,Post_P3_2,0,0.4541005680032729,0
23,P3,P3,Post_P3_2,0,0.5295034471987706,1
23,P3,P3,Post_P3_2,0,0.5500748753294852,1
23,P3,P3,Post_P3_2,0,0.6375044485334616,1
23,P3,P3,Post_P3_2,0,0.5705880457188373,1
23,P3,P3,Post_P3_2,0,0.6019077355495549,1
23,P3,P3,Post_P3_2,0,0.5124518334840238,1
23,P3,P3,Post_P3_2,0,0.501914675338358,1
23,P3,P3,Post_P3_2,0,0.5731178224572661,1
23,P3,P3,Post_P3_2,0,0.576690134915877,1
23,P3,P3,Post_P3_2,0,0.38909671804408885,0
23,P3,P3,Post_P3_2,0,0.5316482162730959,1
23,P3,P3,Post_P3_2,0,0.534709705729293,1
23,P3,P3,Post_P3_2,0,0.4744943812764112,0
23,P3,P3,Post_P3_2,0,0.5307748449160309,1
23,P3,P3,Post_P3_2,0,0.3719207103130465,0
23,P3,P3,Post_P3_2,0,0.43325911196190986,0
23,P3,P3,Post_P3_2,0,0.4204264425603422,0
23,P3,P3,Post_P3_2,0,0.46745169671358583,0
23,P3,P3,Post_P3_2,0,0.49322854718686526,0
23,P3,P3,Post_P3_2,0,0.5706363953654225,1
23,P3,P3,Post_P3_2,0,0.6805845625579655,1
23,P3,P3,Post_P3_2,0,0.44595572361458885,0
23,P3,P3,Post_P3_2,0,0.5817028598965744,1
23,P3,P3,Post_P3_2,0,0.5912677303945626,1
23,P3,P3,Post_P3_2,0,0.5986658561589818,1
23,P3,P3,Post_P3_2,0,0.5764436547657482,1
23,P3,P3,Post_P3_2,0,0.4532252409202812,0
23,P3,P3,Post_P3_2,0,0.4197181147260165,0
23,P3,P3,Post_P3_2,0,0.4629202108876113,0
23,P3,P3,Post_P3_2,0,0.5983139458678379,1
23,P3,P3,Post_P3_2,0,0.4761907701753402,0
23,P3,P3,Post_P3_2,0,0.4726497287658203,0
23,P3,P3,Post_P3_2,0,0.559650246449688,1
23,P3,P3,Post_P3_2,0,0.6809186277218952,1
23,P3,P3,Post_P3_2,0,0.5378530174493649,1
23,P3,P3,Post_P3_2,0,0.4575783620480863,0
23,P3,P3,Post_P3_2,0,0.3929514074026445,0
23,P3,P3,Post_P3_2,0,0.4689591784956679,0
23,P3,P3,Post_P3_2,0,0.553783911213569,1
23,P3,P3,Post_P3_2,0,0.505968795515844,1
23,P3,P3,Post_P3_2,0,0.48322744387394356,0
23,P3,P3,Post_P3_2,0,0.47510935133215493,0
23,P3,P3,Post_P3_2,0,0.4552718238133671,0
23,P3,P3,Post_P3_2,0,0.61081063132065,1
23,P3,P3,Post_P3_2,0,0.5786598684933744,1
23,P3,P3,Post_P3_2,0,0.49960895547648587,0
23,P3,P3,Post_P3_2,0,0.49254289413389224,0
23,P3,P3,Post_P3_2,0,0.5282901671040484,1
23,P3,P3,Post_P3_2,0,0.5694268317662392,1
23,P3,P3,Post_P3_2,0,0.429020972226548,0
23,P3,P3,Post_P3_2,0,0.494054178879129,0
23,P3,P3,Post_P3_2,0,0.45292967720496274,0
23,P3,P3,Post_P3_2,0,0.5770475277924072,1
23,P3,P3,Post_P3_2,0,0.5651256559552545,1
23,P3,P3,Post_P3_2,0,0.5201610386934765,1
23,P3,P3,Post_P3_2,0,0.5198915342491329,1
23,P3,P3,Post_P3_2,0,0.5776178389934072,1
23,P3,P3,Post_P3_2,0,0.46924872951348773,0
23,P3,P3,Post_P3_2,0,0.5569759139951893,1
23,P3,P3,Post_P3_2,0,0.45750484686962,0
23,P3,P3,Post_P3_2,0,0.6112017392463106,1
23,P3,P3,Post_P3_2,0,0.5229302513506869,1
23,P3,P3,Post_P3_2,0,0.5868390849166413,1
23,P3,P3,Post_P3_2,0,0.6881121515142226,1
23,P3,P3,Post_P3_2,0,0.5641223819535424,1
23,P3,P3,Post_P3_2,0,0.5153311494094324,1
23,P3,P3,Post_P3_2,0,0.47806467632071675,0
23,P3,P3,Post_P3_2,0,0.5409361237873239,1
23,P3,P3,Post_P3_2,0,0.47867246933343427,0
23,P3,P3,Post_P3_2,0,0.4790159716838187,0
23,P3,P3,Post_P3_2,0,0.6333150626652971,1
23,P3,P3,Post_P3_2,0,0.516998895395063,1
23,P3,P3,Post_P3_2,0,0.5539890974594357,1
23,P3,P3,Post_P3_2,0,0.7425780388529875,1
23,P3,P3,Post_P3_2,0,0.5998055340854441,1
23,P3,P3,Post_P3_2,0,0.5203072051433235,1
23,P3,P3,Post_P3_2,0,0.6225593821995533,1
23,P3,P3,Post_P3_2,0,0.6457340436907683,1
23,P3,P3,Post_P3_2,0,0.4518144264414765,0
23,P3,P3,Post_P3_2,0,0.6330981346697612,1
23,P3,P3,Post_P3_2,0,0.5084005856090344,1
23,P3,P3,Post_P3_2,0,0.6200673076105377,1
24,P30,P30,Post_P30,0,0.6926160116114288,1
24,P30,P30,Post_P30,0,0.15287319885967593,0
24,P30,P30,Post_P30,0,0.6225456424333569,1
24,P30,P30,Post_P30,0,0.6417171266044178,1
24,P30,P30,Post_P30,0,0.4062418039082322,0
24,P30,P30,Post_P30,0,0.4624356794288839,0
24,P30,P30,Post_P30,0,0.28084920938470576,0
24,P30,P30,Post_P30,0,0.5829383621202247,1
24,P30,P30,Post_P30,0,0.414750772405145,0
24,P30,P30,Post_P30,0,0.6273874621452818,1
24,P30,P30,Post_P30,0,0.5111482871375959,1
24,P30,P30,Post_P30,0,0.45307995938329065,0
24,P30,P30,Post_P30,0,0.24693344099023137,0
24,P30,P30,Post_P30,0,0.5359552857778881,1
24,P30,P30,Post_P30,0,0.27045466073609614,0
24,P30,P30,Post_P30,0,0.40577499522307925,0
24,P30,P30,Post_P30,0,0.7451656715393501,1
24,P30,P30,Post_P30,0,0.57937369817583,1
24,P30,P30,Post_P30,0,0.376517788537953,0
24,P30,P30,Post_P30,0,0.28854835027035614,0
24,P30,P30,Post_P30,0,0.5218119258133423,1
24,P30,P30,Post_P30,0,0.2146913643195887,0
24,P30,P30,Post_P30,0,0.3871971539131124,0
24,P30,P30,Post_P30,0,0.27798362865203835,0
24,P30,P30,Post_P30,0,0.4373911086006081,0
24,P30,P30,Post_P30,0,0.45170473198072775,0
24,P30,P30,Post_P30,0,0.44433534529415886,0
24,P30,P30,Post_P30,0,0.5432360362142725,1
24,P30,P30,Post_P30,0,0.15740362302065142,0
24,P30,P30,Post_P30,0,0.6336948302823369,1
24,P30,P30,Post_P30,0,0.46852769614129863,0
24,P30,P30,Post_P30,0,0.47334840969009007,0
24,P30,P30,Post_P30,0,0.44977391679450657,0
24,P30,P30,Post_P30,0,0.3985542630484916,0
24,P30,P30,Post_P30,0,0.22381191151068844,0
24,P30,P30,Post_P30,0,0.43057417060391723,0
24,P30,P30,Post_P30,0,0.2929960967077548,0
24,P30,P30,Post_P30,0,0.31022463573237097,0
24,P30,P30,Post_P30,0,0.7698429112712272,1
24,P30,P30,Post_P30,0,0.4777560354017007,0
24,P30,P30,Post_P30,0,0.46603924441963956,0
24,P30,P30,Post_P30,0,0.6654191402438013,1
24,P30,P30,Post_P30,0,0.35567716870006577,0
24,P30,P30,Post_P30,0,0.1954810861198509,0
24,P30,P30,Post_P30,0,0.5916954921886469,1
24,P30,P30,Post_P30,0,0.3683918540273485,0
24,P30,P30,Post_P30,0,0.29829389828425784,0
24,P30,P30,Post_P30,0,0.6559452230173566,1
24,P30,P30,Post_P30,0,0.34645266840734495,0
24,P30,P30,Post_P30,0,0.5182090258233475,1
24,P30,P30,Post_P30,0,0.38945051236096334,0
24,P30,P30,Post_P30,0,0.41035286524332065,0
24,P30,P30,Post_P30,0,0.17513102289480764,0
24,P30,P30,Post_P30,0,0.5324514724949497,1
24,P30,P30,Post_P30,0,0.6357737730427504,1
24,P30,P30,Post_P30,0,0.6563890281418895,1
24,P30,P30,Post_P30,0,0.4621102943663993,0
24,P30,P30,Post_P30,0,0.5640938789169572,1
24,P30,P30,Post_P30,0,0.5226792526648415,1
24,P30,P30,Post_P30,0,0.09455360055676304,0
24,P30,P30,Post_P30,0,0.21061079220721374,0
24,P30,P30,Post_P30,0,0.5028657782783764,1
24,P30,P30,Post_P30,0,0.4868123623357433,0
24,P30,P30,Post_P30,0,0.491535620387487,0
24,P30,P30,Post_P30,0,0.7679508358380043,1
24,P30,P30,Post_P30,0,0.3826775068986315,0
24,P30,P30,Post_P30,0,0.23888416505557863,0
24,P30,P30,Post_P30,0,0.31755692074456554,0
24,P30,P30,Post_P30,0,0.5230134408003249,1
24,P30,P30,Post_P30,0,0.6561721548066297,1
24,P30,P30,Post_P30,0,0.4581233891804347,0
24,P30,P30,Post_P30,0,0.5691293295663455,1
24,P30,P30,Post_P30,0,0.48413563669998694,0
24,P30,P30,Post_P30,0,0.2777908289992863,0
24,P30,P30,Post_P30,0,0.44444093472452834,0
24,P30,P30,Post_P30,0,0.7396965714768053,1
24,P30,P30,Post_P30,0,0.4891997676536839,0
24,P30,P30,Post_P30,0,0.37677791578299213,0
24,P30,P30,Post_P30,0,0.494048984218187,0
24,P30,P30,Post_P30,0,0.3169004545769785,0
24,P30,P30,Post_P30,0,0.4445568224987647,0
24,P30,P30,Post_P30,0,0.5647410133726812,1
24,P30,P30,Post_P30,0,0.2687265862002003,0
24,P30,P30,Post_P30,0,0.5632361945471569,1
24,P30,P30,Post_P30,0,0.36467161726300695,0
24,P30,P30,Post_P30,0,0.2837694831964874,0
24,P30,P30,Post_P30,0,0.6875601332550252,1
24,P30,P30,Post_P30,0,0.32887204891832494,0
24,P30,P30,Post_P30,0,0.6161139092608627,1
24,P30,P30,Post_P30,0,0.5087392875725292,1
24,P30,P30,Post_P30,0,0.5713126206586103,1
24,P30,P30,Post_P30,0,0.5470996561435462,1
24,P30,P30,Post_P30,0,0.16613489636833473,0
24,P30,P30,Post_P30,0,0.25346492385011865,0
24,P30,P30,Post_P30,0,0.5810654955269627,1
24,P30,P30,Post_P30,0,0.47653165984761997,0
24,P30,P30,Post_P30,0,0.6756425532070975,1
24,P30,P30,Post_P30,0,0.621918513288304,1
24,P30,P30,Post_P30,0,0.35536475174885834,0
24,P30,P30,Post_P30,0,0.5294227900445158,1
24,P30,P30,Post_P30,0,0.7352416021516104,1
24,P30,P30,Post_P30,0,0.3859961793707024,0
24,P30,P30,Post_P30,0,0.6758664649964888,1
24,P30,P30,Post_P30,0,0.4494535503404234,0
24,P30,P30,Post_P30,0,0.4807821067962196,0
24,P30,P30,Post_P30,0,0.5050246498972027,1
24,P30,P30,Post_P30,0,0.2376329457655882,0
24,P30,P30,Post_P30,0,0.31400364389588703,0
24,P30,P30,Post_P30,0,0.5858950279268644,1
24,P30,P30,Post_P30,0,0.40035690099156485,0
24,P30,P30,Post_P30,0,0.47391105683109247,0
24,P30,P30,Post_P30,0,0.4275366723402097,0
24,P30,P30,Post_P30,0,0.6231467689178527,1
24,P30,P30,Post_P30,0,0.47959330654974014,0
24,P30,P30,Post_P30,0,0.5836405780205772,1
24,P30,P30,Post_P30,0,0.3358030756341954,0
24,P30,P30,Post_P30,0,0.541913733201162,1
24,P30,P30,Post_P30,0,0.4416078809394208,0
24,P30,P30,Post_P30,0,0.3702651019245782,0
24,P30,P30,Post_P30,0,0.30691407208014165,0
24,P30,P30,Post_P30,0,0.4033924300542226,0
24,P30,P30,Post_P30,0,0.8142352436228516,1
24,P30,P30,Post_P30,0,0.4839723164303482,0
24,P30,P30,Post_P30,0,0.6631003000335917,1
24,P30,P30,Post_P30,0,0.6311646074835959,1
24,P30,P30,Post_P30,0,0.46870314223090676,0
24,P30,P30,Post_P30,0,0.5891171511736796,1
24,P30,P30,Post_P30,0,0.37677175931034995,0
24,P30,P30,Post_P30,0,0.4969519552347555,0
24,P30,P30,Post_P30,0,0.6058188792456035,1
24,P30,P30,Post_P30,0,0.7135326545543199,1
24,P30,P30,Post_P30,0,0.4399500390882624,0
24,P30,P30,Post_P30,0,0.42689607181250633,0
24,P30,P30,Post_P30,0,0.42129917819556095,0
24,P30,P30,Post_P30,0,0.6500880677497739,1
24,P30,P30,Post_P30,0,0.29839083193606336,0
24,P30,P30,Post_P30,0,0.6139821671438863,1
24,P30,P30,Post_P30,0,0.2041547088636802,0
24,P30,P30,Post_P30,0,0.5611364982105221,1
24,P30,P30,Post_P30,0,0.43133889942565823,0
24,P30,P30,Post_P30,0,0.31507281194717535,0
24,P30,P30,Post_P30,0,0.41668654429302815,0
24,P30,P30,Post_P30,0,0.5264233191625467,1
24,P30,P30,Post_P30,0,0.13770258258152027,0
24,P30,P30,Post_P30,0,0.6162023999304345,1
24,P30,P30,Post_P30,0,0.4926989853434435,0
24,P30,P30,Post_P30,0,0.5990247658164878,1
24,P30,P30,Post_P30,0,0.35459481097120943,0
24,P30,P30,Post_P30,0,0.6745820548356877,1
24,P30,P30,Post_P30,0,0.7129220131902346,1
24,P30,P30,Post_P30,0,0.12149498385819654,0
24,P30,P30,Post_P30,0,0.2072604951592174,0
24,P30,P30,Post_P30,0,0.3597046096066065,0
24,P30,P30,Post_P30,0,0.4450736391555164,0
24,P30,P30,Post_P30,0,0.5964611789154786,1
24,P30,P30,Post_P30,0,0.5589663423173736,1
24,P30,P30,Post_P30,0,0.3321578268748293,0
24,P30,P30,Post_P30,0,0.7262937296916271,1
24,P30,P30,Post_P30,0,0.569378414037486,1
24,P30,P30,Post_P30,0,0.5501298224230237,1
24,P30,P30,Post_P30,0,0.21786610816366161,0
24,P30,P30,Post_P30,0,0.6218678587333105,1
24,P30,P30,Post_P30,0,0.8497090458627744,1
24,P30,P30,Post_P30,0,0.4747981150379381,0
24,P30,P30,Post_P30,0,0.3225516119829361,0
24,P30,P30,Post_P30,0,0.5429805353624906,1
24,P30,P30,Post_P30,0,0.38353397444163995,0
24,P30,P30,Post_P30,0,0.2834414785173618,0
24,P30,P30,Post_P30,0,0.14382629920180282,0
24,P30,P30,Post_P30,0,0.501582030471063,1
24,P30,P30,Post_P30,0,0.39679103718736314,0
24,P30,P30,Post_P30,0,0.5442998139942579,1
24,P30,P30,Post_P30,0,0.62179217276475,1
24,P30,P30,Post_P30,0,0.6806512492186108,1
24,P30,P30,Post_P30,0,0.6315230963053512,1
24,P30,P30,Post_P30,0,0.5441528369818738,1
24,P30,P30,Post_P30,0,0.3601042993432481,0
24,P30,P30,Post_P30,0,0.25396160072355906,0
24,P30,P30,Post_P30,0,0.5765311528922651,1
24,P30,P30,Post_P30,0,0.3359261876663425,0
24,P30,P30,Post_P30,0,0.073047065356685,0
24,P30,P30,Post_P30,0,0.3937481431068142,0
24,P30,P30,Post_P30,0,0.4517074260274626,0
24,P30,P30,Post_P30,0,0.46694149699766874,0
24,P30,P30,Post_P30,0,0.31935215155371505,0
24,P30,P30,Post_P30,0,0.3589551419307497,0
24,P30,P30,Post_P30,0,0.3705335940965512,0
24,P30,P30,Post_P30,0,0.5126410395465759,1
24,P30,P30,Post_P30,0,0.07523656748189483,0
24,P30,P30,Post_P30,0,0.5606005759895725,1
24,P30,P30,Post_P30,0,0.4606463678744344,0
24,P30,P30,Post_P30,0,0.2849273248179752,0
24,P30,P30,Post_P30,0,0.24306855386098566,0
24,P30,P30,Post_P30,0,0.5332909330786885,1
24,P30,P30,Post_P30,0,0.262975964247034,0
24,P30,P30,Post_P30,0,0.18949931426395084,0
24,P30,P30,Post_P30,0,0.32396747644486784,0
24,P30,P30,Post_P30,0,0.44915928320205645,0
24,P30,P30,Post_P30,0,0.5047513387673188,1
24,P30,P30,Post_P30,0,0.8530050090128162,1
24,P30,P30,Post_P30,0,0.4228588998769492,0
24,P30,P30,Post_P30,0,0.41404916596203084,0
24,P30,P30,Post_P30,0,0.39266511475948934,0
24,P30,P30,Post_P30,0,0.5384595715329629,1
24,P30,P30,Post_P30,0,0.3720631114770799,0
24,P30,P30,Post_P30,0,0.22628816621098474,0
24,P30,P30,Post_P30,0,0.4870254293877943,0
24,P30,P30,Post_P30,0,0.39366311695027706,0
24,P30,P30,Post_P30,0,0.4515808864273734,0
24,P30,P30,Post_P30,0,0.511323074427155,1
24,P30,P30,Post_P30,0,0.3263099214148795,0
24,P30,P30,Post_P30,0,0.342195810635931,0
24,P30,P30,Post_P30,0,0.5785392240375998,1
24,P30,P30,Post_P30,0,0.379489718450337,0
24,P30,P30,Post_P30,0,0.20278002926066174,0
24,P30,P30,Post_P30,0,0.3866254753644539,0
24,P30,P30,Post_P30,0,0.47670901880827216,0
24,P30,P30,Post_P30,0,0.47478731929735213,0
24,P30,P30,Post_P30,0,0.47702096390129,0
24,P30,P30,Post_P30,0,0.5091845557902143,1
24,P30,P30,Post_P30,0,0.43628651302890176,0
24,P30,P30,Post_P30,0,0.23455822550658084,0
24,P30,P30,Post_P30,0,0.713488858926307,1
24,P30,P30,Post_P30,0,0.39743234934103844,0
24,P30,P30,Post_P30,0,0.3579683127802266,0
24,P30,P30,Post_P30,0,0.3242003912057915,0
24,P30,P30,Post_P30,0,0.08917781053202958,0
24,P30,P30,Post_P30,0,0.16078627608649262,0
24,P30,P30,Post_P30,0,0.6116963791075064,1
24,P30,P30,Post_P30,0,0.09840561241154654,0
24,P30,P30,Post_P30,0,0.4260519132393429,0
24,P30,P30,Post_P30,0,0.4204069982933355,0
24,P30,P30,Post_P30,0,0.4444616750610998,0
24,P30,P30,Post_P30,0,0.435494377678229,0
24,P30,P30,Post_P30,0,0.5310691733513636,1
24,P30,P30,Post_P30,0,0.38752932596138073,0
24,P30,P30,Post_P30,0,0.708059918447996,1
24,P30,P30,Post_P30,0,0.24762689855640677,0
24,P30,P30,Post_P30,0,0.37697009131647746,0
24,P30,P30,Post_P30,0,0.1263469545763504,0
24,P30,P30,Post_P30,0,0.39071186331511054,0
24,P30,P30,Post_P30,0,0.6494437589913666,1
24,P30,P30,Post_P30,0,0.3310354515326222,0
24,P30,P30,Post_P30,0,0.5197559455300937,1
24,P30,P30,Post_P30,0,0.7094001377200538,1
24,P30,P30,Post_P30,0,0.5171318694938882,1
24,P30,P30,Post_P30,0,0.6078702988692687,1
24,P30,P30,Post_P30,0,0.7786121926293288,1
24,P30,P30,Post_P30,0,0.7823290257424578,1
24,P30,P30,Post_P30,0,0.45676241837347786,0
24,P30,P30,Post_P30,0,0.5937248896556693,1
24,P30,P30,Post_P30,0,0.7428104017455895,1
24,P30,P30,Post_P30,0,0.41183888670468644,0
24,P30,P30,Post_P30,0,0.31248237197766604,0
24,P30,P30,Post_P30,0,0.4885149982167869,0
24,P30,P30,Post_P30,0,0.39572612726803474,0
24,P30,P30,Post_P30,0,0.43766874125563354,0
24,P30,P30,Post_P30,0,0.5598452335207176,1
24,P30,P30,Post_P30,0,0.295025325905998,0
24,P30,P30,Post_P30,0,0.494336206151072,0
24,P30,P30,Post_P30,0,0.462544397278152,0
24,P30,P30,Post_P30,0,0.3521254382274486,0
24,P30,P30,Post_P30,0,0.5619615766341388,1
24,P30,P30,Post_P30,0,0.5523305223670635,1
24,P30,P30,Post_P30,0,0.3691143886232932,0
24,P30,P30,Post_P30,0,0.5465282610055666,1
24,P30,P30,Post_P30,0,0.3438077994227513,0
24,P30,P30,Post_P30,0,0.5784859671030695,1
24,P30,P30,Post_P30,0,0.3724572787010983,0
24,P30,P30,Post_P30,0,0.2348665865131507,0
24,P30,P30,Post_P30,0,0.5368342114914287,1
24,P30,P30,Post_P30,0,0.42526889583587507,0
24,P30,P30,Post_P30,0,0.5116372612461777,1
24,P30,P30,Post_P30,0,0.23430326609197213,0
24,P30,P30,Post_P30,0,0.07727102556672603,0
24,P30,P30,Post_P30,0,0.5997888354429387,1
24,P30,P30,Post_P30,0,0.3669372481784047,0
24,P30,P30,Post_P30,0,0.200067543533629,0
24,P30,P30,Post_P30,0,0.6613633462035243,1
24,P30,P30,Post_P30,0,0.561008887405929,1
24,P30,P30,Post_P30,0,0.17926087049715003,0
24,P30,P30,Post_P30,0,0.537608804607264,1
24,P30,P30,Post_P30,0,0.24538311461666587,0
24,P30,P30,Post_P30,0,0.41603854705976384,0
24,P30,P30,Post_P30,0,0.15891171340783808,0
24,P30,P30,Post_P30,0,0.22183305666005673,0
24,P30,P30,Post_P30,0,0.38611461764503247,0
24,P30,P30,Post_P30,0,0.5752354132009073,1
24,P30,P30,Post_P30,0,0.6174230541269865,1
24,P30,P30,Post_P30,0,0.4491000360173351,0
24,P30,P30,Post_P30,0,0.2640575624255547,0
24,P30,P30,Post_P30,0,0.6504901285153805,1
24,P30,P30,Post_P30,0,0.44436520937670376,0
24,P30,P30,Post_P30,0,0.39728255590513745,0
24,P30,P30,Post_P30,0,0.38728648546117417,0
24,P30,P30,Post_P30,0,0.449738537800826,0
24,P30,P30,Post_P30,0,0.24890728172073173,0
24,P30,P30,Post_P30,0,0.06886473753051342,0
24,P30,P30,Post_P30,0,0.23971644366033862,0
24,P30,P30,Post_P30,0,0.47870481830184336,0
24,P30,P30,Post_P30,0,0.35792949594040024,0
24,P30,P30,Post_P30,0,0.6532181758302738,1
24,P30,P30,Post_P30,0,0.424577542429213,0
24,P30,P30,Post_P30,0,0.3217319242834723,0
24,P30,P30,Post_P30,0,0.576022959458852,1
24,P30,P30,Post_P30,0,0.6993392558670868,1
24,P30,P30,Post_P30,0,0.5725909820173454,1
24,P30,P30,Post_P30,0,0.4187117155895103,0
24,P30,P30,Post_P30,0,0.32977613062999567,0
24,P30,P30,Post_P30,0,0.5498883248919803,1
24,P30,P30,Post_P30,0,0.6457644798113304,1
24,P30,P30,Post_P30,0,0.6497732137298236,1
24,P30,P30,Post_P30,0,0.38266717622421104,0
24,P30,P30,Post_P30,0,0.18718167605687197,0
24,P30,P30,Post_P30,0,0.2754103976095864,0
24,P30,P30,Post_P30,0,0.4014581582866608,0
24,P30,P30,Post_P30,0,0.5849603481904978,1
24,P30,P30,Post_P30,0,0.5766810813246631,1
24,P30,P30,Post_P30,0,0.5323373048459025,1
24,P30,P30,Post_P30,0,0.44732906030938474,0
24,P30,P30,Post_P30,0,0.35387481964204165,0
24,P30,P30,Post_P30,0,0.5709059704264036,1
24,P30,P30,Post_P30,0,0.2974269537972998,0
24,P30,P30,Post_P30,0,0.2914225778111029,0
24,P30,P30,Post_P30,0,0.2671903313063537,0
24,P30,P30,Post_P30,0,0.5720821947980542,1
24,P30,P30,Post_P30,0,0.7576177889105394,1
24,P30,P30,Post_P30,0,0.23692791046903489,0
24,P30,P30,Post_P30,0,0.7189230097677697,1
24,P30,P30,Post_P30,0,0.6517434198768416,1
24,P30,P30,Post_P30,0,0.6430599450044547,1
24,P30,P30,Post_P30,0,0.5564224611450452,1
24,P30,P30,Post_P30,0,0.49707056310511233,0
24,P30,P30,Post_P30,0,0.23449289288289263,0
24,P30,P30,Post_P30,0,0.288254364691316,0
24,P30,P30,Post_P30,0,0.6294328193475216,1
24,P30,P30,Post_P30,0,0.2420119511657729,0
24,P30,P30,Post_P30,0,0.6558238962508304,1
24,P30,P30,Post_P30,0,0.4352261583650693,0
24,P30,P30,Post_P30,0,0.216096693775668,0
24,P30,P30,Post_P30,0,0.5982677730543955,1
24,P30,P30,Post_P30,0,0.46018529432429134,0
24,P30,P30,Post_P30,0,0.45590453647009327,0
24,P30,P30,Post_P30,0,0.652137043264024,1
24,P30,P30,Post_P30,0,0.36955636367782047,0
24,P30,P30,Post_P30,0,0.4304613137451886,0
24,P30,P30,Post_P30,0,0.6039255454715734,1
24,P30,P30,Post_P30,0,0.7869171433374132,1
24,P30,P30,Post_P30,0,0.5577552099505471,1
24,P30,P30,Post_P30,0,0.5429021554790051,1
24,P30,P30,Post_P30,0,0.6168913272826478,1
24,P30,P30,Post_P30,0,0.3828396678991528,0
24,P30,P30,Post_P30,0,0.691658971411834,1
24,P30,P30,Post_P30,0,0.5860571314705643,1
24,P30,P30,Post_P30,0,0.7937570134872088,1
24,P30,P30,Post_P30,0,0.20666967912360223,0
24,P30,P30,Post_P30,0,0.4371308482094246,0
24,P30,P30,Post_P30,0,0.49264647263681555,0
24,P30,P30,Post_P30,0,0.49686518724475465,0
24,P30,P30,Post_P30,0,0.3840692944650286,0
24,P30,P30,Post_P30,0,0.36695765627184773,0
24,P30,P30,Post_P30,0,0.5264352517888203,1
24,P30,P30,Post_P30,0,0.6016676691452202,1
24,P30,P30,Post_P30,0,0.5175548409030355,1
24,P30,P30,Post_P30,0,0.513536004374662,1
24,P30,P30,Post_P30,0,0.5953064508753902,1
24,P30,P30,Post_P30,0,0.6232409862727529,1
24,P30,P30,Post_P30,0,0.38556854132463947,0
24,P30,P30,Post_P30,0,0.3781295648988218,0
25,P31,P31,Pre_P31,0,0.1910977844151556,0
25,P31,P31,Pre_P31,0,0.22605200843149886,0
25,P31,P31,Pre_P31,0,0.33859489062729065,0
25,P31,P31,Pre_P31,0,0.3153410027452853,0
25,P31,P31,Pre_P31,0,0.4622531963108237,0
25,P31,P31,Pre_P31,0,0.6921272942893408,1
25,P31,P31,Pre_P31,0,0.5714027111129021,1
25,P31,P31,Pre_P31,0,0.2961070679111389,0
25,P31,P31,Pre_P31,0,0.47526252115937084,0
25,P31,P31,Pre_P31,0,0.4550448036732262,0
25,P31,P31,Pre_P31,0,0.526407959640429,1
25,P31,P31,Pre_P31,0,0.8957738362247651,1
25,P31,P31,Pre_P31,0,0.3983264303867668,0
25,P31,P31,Pre_P31,0,0.6316209226943139,1
25,P31,P31,Pre_P31,0,0.6099840198400884,1
25,P31,P31,Pre_P31,0,0.6637109937961367,1
25,P31,P31,Pre_P31,0,0.38323061445694107,0
25,P31,P31,Pre_P31,0,0.3531462301705792,0
25,P31,P31,Pre_P31,0,0.8028669437091762,1
25,P31,P31,Pre_P31,0,0.6070856116011837,1
25,P31,P31,Pre_P31,0,0.4763991653579057,0
25,P31,P31,Pre_P31,0,0.38524514221936923,0
25,P31,P31,Pre_P31,0,0.2331673346529217,0
25,P31,P31,Pre_P31,0,0.41600743611486507,0
25,P31,P31,Pre_P31,0,0.20658008400433608,0
25,P31,P31,Pre_P31,0,0.2949743179830822,0
25,P31,P31,Pre_P31,0,0.3914345738674806,0
25,P31,P31,Pre_P31,0,0.3247897899440136,0
25,P31,P31,Pre_P31,0,0.6916920342653176,1
25,P31,P31,Pre_P31,0,0.5534706930567886,1
25,P31,P31,Pre_P31,0,0.47381518973975173,0
25,P31,P31,Pre_P31,0,0.2510310997458597,0
25,P31,P31,Pre_P31,0,0.34614501494727,0
25,P31,P31,Pre_P31,0,0.34920761691517,0
25,P31,P31,Pre_P31,0,0.46577803092114956,0
25,P31,P31,Pre_P31,0,0.2902674535521832,0
25,P31,P31,Pre_P31,0,0.28961810407075694,0
25,P31,P31,Pre_P31,0,0.5221182557972546,1
25,P31,P31,Pre_P31,0,0.817977797333713,1
25,P31,P31,Pre_P31,0,0.3191144213654548,0
25,P31,P31,Pre_P31,0,0.24836274867357416,0
25,P31,P31,Pre_P31,0,0.21740115465663418,0
25,P31,P31,Pre_P31,0,0.42920729150916825,0
25,P31,P31,Pre_P31,0,0.3088765978706417,0
25,P31,P31,Pre_P31,0,0.45480396621997154,0
25,P31,P31,Pre_P31,0,0.4506940373460361,0
25,P31,P31,Pre_P31,0,0.367952218238016,0
25,P31,P31,Pre_P31,0,0.308037590152601,0
25,P31,P31,Pre_P31,0,0.5085815674292663,1
25,P31,P31,Pre_P31,0,0.42748715056794834,0
25,P31,P31,Pre_P31,0,0.254062505252463,0
25,P31,P31,Pre_P31,0,0.565302418362585,1
25,P31,P31,Pre_P31,0,0.13988842238799276,0
25,P31,P31,Pre_P31,0,0.6491879070083443,1
25,P31,P31,Pre_P31,0,0.6825866406423949,1
25,P31,P31,Pre_P31,0,0.4677017722904989,0
25,P31,P31,Pre_P31,0,0.23340094933452968,0
25,P31,P31,Pre_P31,0,0.4526083788370229,0
25,P31,P31,Pre_P31,0,0.4187044731140973,0
25,P31,P31,Pre_P31,0,0.49118990455290074,0
25,P31,P31,Pre_P31,0,0.3836077230529028,0
25,P31,P31,Pre_P31,0,0.44541840491148316,0
25,P31,P31,Pre_P31,0,0.514110766147069,1
25,P31,P31,Pre_P31,0,0.4754342653869854,0
25,P31,P31,Pre_P31,0,0.5883307510065612,1
25,P31,P31,Pre_P31,0,0.8650381239301103,1
25,P31,P31,Pre_P31,0,0.5433397205527155,1
25,P31,P31,Pre_P31,0,0.3908600127907031,0
25,P31,P31,Pre_P31,0,0.5597289705329681,1
25,P31,P31,Pre_P31,0,0.35090408710858023,0
25,P31,P31,Pre_P31,0,0.2996525470483142,0
25,P31,P31,Pre_P31,0,0.41549200545110354,0
25,P31,P31,Pre_P31,0,0.38292951527476937,0
25,P31,P31,Pre_P31,0,0.7202594181752718,1
25,P31,P31,Pre_P31,0,0.863669840142542,1
25,P31,P31,Pre_P31,0,0.4877873229675322,0
25,P31,P31,Pre_P31,0,0.3598326282034865,0
25,P31,P31,Pre_P31,0,0.27262481556868035,0
25,P31,P31,Pre_P31,0,0.3941273791442187,0
25,P31,P31,Pre_P31,0,0.6320502304955734,1
25,P31,P31,Pre_P31,0,0.7005657379933379,1
25,P31,P31,Pre_P31,0,0.5364706728434475,1
25,P31,P31,Pre_P31,0,0.6111414909182148,1
25,P31,P31,Pre_P31,0,0.5642500603721339,1
25,P31,P31,Pre_P31,0,0.38521573162753364,0
25,P31,P31,Pre_P31,0,0.7671569030121387,1
25,P31,P31,Pre_P31,0,0.6175882898316407,1
25,P31,P31,Pre_P31,0,0.5854107978277686,1
25,P31,P31,Pre_P31,0,0.49235184738195464,0
25,P31,P31,Pre_P31,0,0.4279709602345068,0
25,P31,P31,Pre_P31,0,0.5378377299361679,1
25,P31,P31,Pre_P31,0,0.14386304651221626,0
25,P31,P31,Pre_P31,0,0.5458435808956884,1
25,P31,P31,Pre_P31,0,0.3619706493943825,0
25,P31,P31,Pre_P31,0,0.4052003461052206,0
25,P31,P31,Pre_P31,0,0.3320175879190961,0
25,P31,P31,Pre_P31,0,0.5095279954104346,1
25,P31,P31,Pre_P31,0,0.04222760489705575,0
25,P31,P31,Pre_P31,0,0.5716735115738643,1
25,P31,P31,Pre_P31,0,0.3681618807063386,0
25,P31,P31,Pre_P31,0,0.3180915057313341,0
25,P31,P31,Pre_P31,0,0.17876961026813415,0
25,P31,P31,Pre_P31,0,0.1451665564423896,0
25,P31,P31,Pre_P31,0,0.2397968761301183,0
25,P31,P31,Pre_P31,0,0.2933188000998256,0
25,P31,P31,Pre_P31,0,0.5209743486108305,1
25,P31,P31,Pre_P31,0,0.6644994063001454,1
25,P31,P31,Pre_P31,0,0.7804750215111239,1
25,P31,P31,Pre_P31,0,0.33366997742306226,0
25,P31,P31,Pre_P31,0,0.35174363040872536,0
25,P31,P31,Pre_P31,0,0.35802402083491813,0
25,P31,P31,Pre_P31,0,0.6617849548463759,1
25,P31,P31,Pre_P31,0,0.5845577379577778,1
25,P31,P31,Pre_P31,0,0.6541596350476024,1
25,P31,P31,Pre_P31,0,0.36551050455215306,0
25,P31,P31,Pre_P31,0,0.3587975563318578,0
25,P31,P31,Pre_P31,0,0.48864893083552974,0
25,P31,P31,Pre_P31,0,0.2940224976027086,0
25,P31,P31,Pre_P31,0,0.3390436879779279,0
25,P31,P31,Pre_P31,0,0.7918130610398142,1
25,P31,P31,Pre_P31,0,0.5721572291441925,1
25,P31,P31,Pre_P31,0,0.38535711123018596,0
25,P31,P31,Pre_P31,0,0.11003295801516114,0
25,P31,P31,Pre_P31,0,0.6946280335802031,1
25,P31,P31,Pre_P31,0,0.6057841582017872,1
25,P31,P31,Pre_P31,0,0.7197170796805018,1
25,P31,P31,Pre_P31,0,0.34219979222873637,0
25,P31,P31,Pre_P31,0,0.419115902320736,0
25,P31,P31,Pre_P31,0,0.554696692132648,1
25,P31,P31,Pre_P31,0,0.31301997285315525,0
25,P31,P31,Pre_P31,0,0.6171959412142077,1
25,P31,P31,Pre_P31,0,0.6873658755439378,1
25,P31,P31,Pre_P31,0,0.6625657025690327,1
25,P31,P31,Pre_P31,0,0.4957776044118688,0
25,P31,P31,Pre_P31,0,0.1044266814061288,0
25,P31,P31,Pre_P31,0,0.2504632334444582,0
25,P31,P31,Pre_P31,0,0.36861574439643285,0
25,P31,P31,Pre_P31,0,0.31327459891744963,0
25,P31,P31,Pre_P31,0,0.26903257380354473,0
25,P31,P31,Pre_P31,0,0.5214293029225765,1
25,P31,P31,Pre_P31,0,0.6405017703981767,1
25,P31,P31,Pre_P31,0,0.3914173089355798,0
25,P31,P31,Pre_P31,0,0.3445071066682882,0
25,P31,P31,Pre_P31,0,0.65004548465528,1
25,P31,P31,Pre_P31,0,0.5329317589421125,1
25,P31,P31,Pre_P31,0,0.4074875997920531,0
25,P31,P31,Pre_P31,0,0.26416048215607185,0
25,P31,P31,Pre_P31,0,0.2993205870488118,0
25,P31,P31,Pre_P31,0,0.14424458647621088,0
25,P31,P31,Pre_P31,0,0.5244660911714848,1
25,P31,P31,Pre_P31,0,0.2327029413812379,0
25,P31,P31,Pre_P31,0,0.631028694489392,1
25,P31,P31,Pre_P31,0,0.5801806632640556,1
25,P31,P31,Pre_P31,0,0.6656018146315354,1
25,P31,P31,Pre_P31,0,0.560576542821373,1
25,P31,P31,Pre_P31,0,0.771143141209878,1
25,P31,P31,Pre_P31,0,0.1561291869283763,0
25,P31,P31,Pre_P31,0,0.5597278845328292,1
25,P31,P31,Pre_P31,0,0.4574126034531395,0
25,P31,P31,Pre_P31,0,0.6468316722896017,1
25,P31,P31,Pre_P31,0,0.22127955285578396,0
25,P31,P31,Pre_P31,0,0.3840856980475392,0
25,P31,P31,Pre_P31,0,0.35477971832738375,0
25,P31,P31,Pre_P31,0,0.16010434989929642,0
25,P31,P31,Pre_P31,0,0.402665270564005,0
25,P31,P31,Pre_P31,0,0.42291462455027223,0
25,P31,P31,Pre_P31,0,0.35863594511543495,0
25,P31,P31,Pre_P31,0,0.46187802582579623,0
25,P31,P31,Pre_P31,0,0.5331602212697257,1
25,P31,P31,Pre_P31,0,0.4086529592875049,0
25,P31,P31,Pre_P31,0,0.4385739155021171,0
25,P31,P31,Pre_P31,0,0.47841230150840364,0
25,P31,P31,Pre_P31,0,0.5736232704808016,1
25,P31,P31,Pre_P31,0,0.4591813838237569,0
25,P31,P31,Pre_P31,0,0.6028897008279248,1
25,P31,P31,Pre_P31,0,0.774951801624349,1
25,P31,P31,Pre_P31,0,0.4704324374953021,0
25,P31,P31,Pre_P31,0,0.2931309395514818,0
25,P31,P31,Pre_P31,0,0.4290343977867011,0
25,P31,P31,Pre_P31,0,0.409709202742137,0
25,P31,P31,Pre_P31,0,0.718002435117764,1
25,P31,P31,Pre_P31,0,0.5860744890182847,1
25,P31,P31,Pre_P31,0,0.21611909059435097,0
25,P31,P31,Pre_P31,0,0.7704655522500395,1
25,P31,P31,Pre_P31,0,0.31905481223330917,0
25,P31,P31,Pre_P31,0,0.5452431857314934,1
25,P31,P31,Pre_P31,0,0.7300697323600307,1
25,P31,P31,Pre_P31,0,0.4286138764341878,0
25,P31,P31,Pre_P31,0,0.6213501594405549,1
25,P31,P31,Pre_P31,0,0.4792135930468232,0
25,P31,P31,Pre_P31,0,0.5076657988221696,1
25,P31,P31,Pre_P31,0,0.17218473585140748,0
25,P31,P31,Pre_P31,0,0.7458516123355978,1
25,P31,P31,Pre_P31,0,0.20844190332268034,0
25,P31,P31,Pre_P31,0,0.4652425504704971,0
25,P31,P31,Pre_P31,0,0.2835891577713727,0
25,P31,P31,Pre_P31,0,0.5918902497789356,1
25,P31,P31,Pre_P31,0,0.6764243494411608,1
25,P31,P31,Pre_P31,0,0.32344981260240635,0
25,P31,P31,Pre_P31,0,0.3586949580026462,0
25,P31,P31,Pre_P31,0,0.0749696791140794,0
25,P31,P31,Pre_P31,0,0.3925036540318476,0
25,P31,P31,Pre_P31,0,0.3316124396007726,0
25,P31,P31,Pre_P31,0,0.3160355153143009,0
25,P31,P31,Pre_P31,0,0.28647732248355673,0
25,P31,P31,Pre_P31,0,0.17628581954270944,0
25,P31,P31,Pre_P31,0,0.4122153124878684,0
25,P31,P31,Pre_P31,0,0.5666743350753046,1
25,P31,P31,Pre_P31,0,0.46672151680472157,0
25,P31,P31,Pre_P31,0,0.7444010012863118,1
25,P31,P31,Pre_P31,0,0.46926592868153,0
25,P31,P31,Pre_P31,0,0.621283771178288,1
25,P31,P31,Pre_P31,0,0.2480407882151375,0
25,P31,P31,Pre_P31,0,0.5819210161585544,1
25,P31,P31,Pre_P31,0,0.09752464792173772,0
25,P31,P31,Pre_P31,0,0.532808315482432,1
25,P31,P31,Pre_P31,0,0.21620952531574045,0
25,P31,P31,Pre_P31,0,0.5090647764601011,1
25,P31,P31,Pre_P31,0,0.4913157130707449,0
25,P31,P31,Pre_P31,0,0.4030480271642215,0
25,P31,P31,Pre_P31,0,0.3655778745597771,0
25,P31,P31,Pre_P31,0,0.5528915927321489,1
25,P31,P31,Pre_P31,0,0.7683211936794854,1
25,P31,P31,Pre_P31,0,0.5024244732547012,1
25,P31,P31,Pre_P31,0,0.5430688724517548,1
25,P31,P31,Pre_P31,0,0.4567108827592252,0
25,P31,P31,Pre_P31,0,0.30973887900438307,0
25,P31,P31,Pre_P31,0,0.44676146657406685,0
25,P31,P31,Pre_P31,0,0.30695233384202314,0
25,P31,P31,Pre_P31,0,0.5041210761110819,1
25,P31,P31,Pre_P31,0,0.34549846322348804,0
25,P31,P31,Pre_P31,0,0.5466416440831986,1
25,P31,P31,Pre_P31,0,0.3653606561725015,0
25,P31,P31,Pre_P31,0,0.37152802286533504,0
25,P31,P31,Pre_P31,0,0.7272837212710103,1
25,P31,P31,Pre_P31,0,0.5019932121219722,1
25,P31,P31,Pre_P31,0,0.786416611975146,1
25,P31,P31,Pre_P31,0,0.28970169094925313,0
25,P31,P31,Pre_P31,0,0.5713959107491767,1
25,P31,P31,Pre_P31,0,0.8013851474613214,1
25,P31,P31,Pre_P31,0,0.32788863225644205,0
25,P31,P31,Pre_P31,0,0.6264804806501475,1
25,P31,P31,Pre_P31,0,0.5372126762299274,1
25,P31,P31,Pre_P31,0,0.791025276793882,1
25,P31,P31,Pre_P31,0,0.5408497190918368,1
25,P31,P31,Pre_P31,0,0.4416634724300671,0
25,P31,P31,Pre_P31,0,0.7149731227696476,1
25,P31,P31,Pre_P31,0,0.379128062306531,0
25,P31,P31,Pre_P31,0,0.5459497060365373,1
25,P31,P31,Pre_P31,0,0.5006837549704074,1
25,P31,P31,Pre_P31,0,0.20064123294963984,0
25,P31,P31,Pre_P31,0,0.7235782699054379,1
25,P31,P31,Pre_P31,0,0.722876852546289,1
25,P31,P31,Pre_P31,0,0.27545788775877156,0
25,P31,P31,Pre_P31,0,0.45149060661281054,0
25,P31,P31,Pre_P31,0,0.37172996509775225,0
25,P31,P31,Pre_P31,0,0.6085560774246429,1
25,P31,P31,Pre_P31,0,0.3358942074702606,0
25,P31,P31,Pre_P31,0,0.36781702488389356,0
25,P31,P31,Pre_P31,0,0.422879001376765,0
25,P31,P31,Pre_P31,0,0.6509149005051029,1
25,P31,P31,Pre_P31,0,0.7536654523937546,1
25,P31,P31,Pre_P31,0,0.5708763828189443,1
25,P31,P31,Pre_P31,0,0.36317892373460253,0
25,P31,P31,Pre_P31,0,0.3675938310975676,0
25,P31,P31,Pre_P31,0,0.4464687093757825,0
25,P31,P31,Pre_P31,0,0.5798706019949605,1
25,P31,P31,Pre_P31,0,0.267930798984313,0
25,P31,P31,Pre_P31,0,0.7185079830385291,1
25,P31,P31,Pre_P31,0,0.37266183754011944,0
25,P31,P31,Pre_P31,0,0.6570477249318764,1
25,P31,P31,Pre_P31,0,0.2496659662363552,0
25,P31,P31,Pre_P31,0,0.518164166188959,1
25,P31,P31,Pre_P31,0,0.5228407664130273,1
25,P31,P31,Pre_P31,0,0.7177064610576491,1
25,P31,P31,Pre_P31,0,0.28282155297895323,0
25,P31,P31,Pre_P31,0,0.38824817891937036,0
25,P31,P31,Pre_P31,0,0.49426149413117676,0
25,P31,P31,Pre_P31,0,0.3630525882125961,0
25,P31,P31,Pre_P31,0,0.58932947662711,1
25,P31,P31,Pre_P31,0,0.5274867283966058,1
25,P31,P31,Pre_P31,0,0.5558482911244167,1
25,P31,P31,Pre_P31,0,0.2756428335983866,0
25,P31,P31,Pre_P31,0,0.38827598547397446,0
25,P31,P31,Pre_P31,0,0.5236556887142767,1
25,P31,P31,Pre_P31,0,0.24730871651142694,0
25,P31,P31,Pre_P31,0,0.48574381246748294,0
25,P31,P31,Pre_P31,0,0.13305515693831427,0
25,P31,P31,Pre_P31,0,0.26873323741545535,0
25,P31,P31,Pre_P31,0,0.5729148252025245,1
25,P31,P31,Pre_P31,0,0.6271941954313407,1
25,P31,P31,Pre_P31,0,0.27344128951438895,0
25,P31,P31,Pre_P31,0,0.4351706132202112,0
25,P31,P31,Pre_P31,0,0.850628451144714,1
25,P31,P31,Pre_P31,0,0.7126806236130259,1
25,P31,P31,Pre_P31,0,0.4517595929353343,0
25,P31,P31,Pre_P31,0,0.39379370469038877,0
25,P31,P31,Pre_P31,0,0.291496897370265,0
25,P31,P31,Pre_P31,0,0.7170870506330111,1
25,P31,P31,Pre_P31,0,0.4786177818824116,0
25,P31,P31,Pre_P31,0,0.2975668001903075,0
25,P31,P31,Pre_P31,0,0.6461057505039282,1
25,P31,P31,Pre_P31,0,0.4081897780899933,0
25,P31,P31,Pre_P31,0,0.2552922453353199,0
25,P31,P31,Pre_P31,0,0.353549564861888,0
25,P31,P31,Pre_P31,0,0.31200652687520836,0
25,P31,P31,Pre_P31,0,0.3467846129562612,0
25,P31,P31,Pre_P31,0,0.5963516161907189,1
25,P31,P31,Pre_P31,0,0.238595383851456,0
25,P31,P31,Pre_P31,0,0.22646834265858895,0
25,P31,P31,Pre_P31,0,0.45000318548603396,0
25,P31,P31,Pre_P31,0,0.0975824225848517,0
25,P31,P31,Pre_P31,0,0.4969878581126911,0
25,P31,P31,Pre_P31,0,0.5063731050655529,1
25,P31,P31,Pre_P31,0,0.1994175030321593,0
25,P31,P31,Pre_P31,0,0.3523461781887386,0
25,P31,P31,Pre_P31,0,0.6856350082559496,1
25,P31,P31,Pre_P31,0,0.6374435718583594,1
25,P31,P31,Pre_P31,0,0.6397964491345133,1
25,P31,P31,Pre_P31,0,0.45595888935452544,0
25,P31,P31,Pre_P31,0,0.501818441522109,1
25,P31,P31,Pre_P31,0,0.46563539274508126,0
25,P31,P31,Pre_P31,0,0.6336825843104609,1
25,P31,P31,Pre_P31,0,0.7477081120285842,1
25,P31,P31,Pre_P31,0,0.5843940906812357,1
25,P31,P31,Pre_P31,0,0.46533354319513154,0
25,P31,P31,Pre_P31,0,0.4908971624888079,0
25,P31,P31,Pre_P31,0,0.6708242648810571,1
25,P31,P31,Pre_P31,0,0.35352804048470127,0
25,P31,P31,Pre_P31,0,0.4125791012092504,0
25,P31,P31,Pre_P31,0,0.6739503258302958,1
25,P31,P31,Pre_P31,0,0.8274699127482532,1
25,P31,P31,Pre_P31,0,0.45220116339996663,0
25,P31,P31,Pre_P31,0,0.3430494255408723,0
25,P31,P31,Pre_P31,0,0.5571609197056467,1
25,P31,P31,Pre_P31,0,0.44721345203475793,0
25,P31,P31,Pre_P31,0,0.1829011459849796,0
25,P31,P31,Pre_P31,0,0.3522547553470644,0
25,P31,P31,Pre_P31,0,0.4734545124093355,0
25,P31,P31,Pre_P31,0,0.5310378080470383,1
25,P31,P31,Pre_P31,0,0.3953244978080257,0
25,P31,P31,Pre_P31,0,0.28359983884540513,0
25,P31,P31,Pre_P31,0,0.5305843105372675,1
25,P31,P31,Pre_P31,0,0.17298422439891678,0
25,P31,P31,Pre_P31,0,0.7250127383696094,1
25,P31,P31,Pre_P31,0,0.7375310506040937,1
25,P31,P31,Pre_P31,0,0.5674818748823346,1
25,P31,P31,Pre_P31,0,0.4255717673008638,0
25,P31,P31,Pre_P31,0,0.4336312870276818,0
25,P31,P31,Pre_P31,0,0.31946536191453834,0
25,P31,P31,Pre_P31,0,0.3455619842806775,0
26,P33,P33,Pre_P33,1,0.5824583603370632,1
26,P33,P33,Pre_P33,1,0.7321482936161932,1
26,P33,P33,Pre_P33,1,0.6901961256473071,1
26,P33,P33,Pre_P33,1,0.2215600719059436,0
26,P33,P33,Pre_P33,1,0.6678326889915372,1
26,P33,P33,Pre_P33,1,0.30680186587271185,0
26,P33,P33,Pre_P33,1,0.6729383959142374,1
26,P33,P33,Pre_P33,1,0.6497144620673403,1
26,P33,P33,Pre_P33,1,0.3965357588985797,0
26,P33,P33,Pre_P33,1,0.681862370766302,1
26,P33,P33,Pre_P33,1,0.5457648025716627,1
26,P33,P33,Pre_P33,1,0.4282094035055839,0
26,P33,P33,Pre_P33,1,0.4812934002741183,0
26,P33,P33,Pre_P33,1,0.6745087090784804,1
26,P33,P33,Pre_P33,1,0.5576694493652123,1
26,P33,P33,Pre_P33,1,0.4675531760711351,0
26,P33,P33,Pre_P33,1,0.035745412662372855,0
26,P33,P33,Pre_P33,1,0.6738846738780188,1
26,P33,P33,Pre_P33,1,0.1507321146784767,0
26,P33,P33,Pre_P33,1,0.7476797823480824,1
26,P33,P33,Pre_P33,1,0.7745221319238226,1
26,P33,P33,Pre_P33,1,0.41192087289909796,0
26,P33,P33,Pre_P33,1,0.5197447373248941,1
26,P33,P33,Pre_P33,1,0.4940390863728194,0
26,P33,P33,Pre_P33,1,0.30686651206430576,0
26,P33,P33,Pre_P33,1,0.19029369731287477,0
26,P33,P33,Pre_P33,1,0.3759836935990991,0
26,P33,P33,Pre_P33,1,0.5865981298192348,1
26,P33,P33,Pre_P33,1,0.7017600568617317,1
26,P33,P33,Pre_P33,1,0.43850449134477415,0
26,P33,P33,Pre_P33,1,0.3119896437899322,0
26,P33,P33,Pre_P33,1,0.6158084869862969,1
26,P33,P33,Pre_P33,1,0.7058141328094243,1
26,P33,P33,Pre_P33,1,0.5681393135670201,1
26,P33,P33,Pre_P33,1,0.6098810023637065,1
26,P33,P33,Pre_P33,1,0.8007574927179026,1
26,P33,P33,Pre_P33,1,0.47417416512640864,0
26,P33,P33,Pre_P33,1,0.5359763846170853,1
26,P33,P33,Pre_P33,1,0.756300314168948,1
26,P33,P33,Pre_P33,1,0.6881235693470095,1
26,P33,P33,Pre_P33,1,0.76106052181068,1
26,P33,P33,Pre_P33,1,0.7661938600210078,1
26,P33,P33,Pre_P33,1,0.6279485953376615,1
26,P33,P33,Pre_P33,1,0.6321152104395072,1
26,P33,P33,Pre_P33,1,0.6993328486435275,1
26,P33,P33,Pre_P33,1,0.4672158630460568,0
26,P33,P33,Pre_P33,1,0.7305156346383292,1
26,P33,P33,Pre_P33,1,0.2633850499839449,0
26,P33,P33,Pre_P33,1,0.30959995128457546,0
26,P33,P33,Pre_P33,1,0.5023824794017848,1
26,P33,P33,Pre_P33,1,0.6570144137342449,1
26,P33,P33,Pre_P33,1,0.46680738092369123,0
26,P33,P33,Pre_P33,1,0.6442705564550311,1
26,P33,P33,Pre_P33,1,0.6950626243744122,1
26,P33,P33,Pre_P33,1,0.5398253596118047,1
26,P33,P33,Pre_P33,1,0.6046598409968783,1
26,P33,P33,Pre_P33,1,0.7772011861422423,1
26,P33,P33,Pre_P33,1,0.7204126890111046,1
26,P33,P33,Pre_P33,1,0.6046769995986829,1
26,P33,P33,Pre_P33,1,0.7973643046449411,1
26,P33,P33,Pre_P33,1,0.585230066440266,1
26,P33,P33,Pre_P33,1,0.5811133556857816,1
26,P33,P33,Pre_P33,1,0.5048485765040078,1
26,P33,P33,Pre_P33,1,0.3089214254901491,0
26,P33,P33,Pre_P33,1,0.6630013869297683,1
26,P33,P33,Pre_P33,1,0.7705942902550068,1
26,P33,P33,Pre_P33,1,0.6746169540066141,1
26,P33,P33,Pre_P33,1,0.6973714557472069,1
26,P33,P33,Pre_P33,1,0.7216401725615142,1
26,P33,P33,Pre_P33,1,0.4715613268360188,0
26,P33,P33,Pre_P33,1,0.668267174366791,1
26,P33,P33,Pre_P33,1,0.7481091175228307,1
26,P33,P33,Pre_P33,1,0.34161260463001925,0
26,P33,P33,Pre_P33,1,0.6225021492065299,1
26,P33,P33,Pre_P33,1,0.5040391282591786,1
26,P33,P33,Pre_P33,1,0.6251042720655713,1
26,P33,P33,Pre_P33,1,0.6140700550293758,1
26,P33,P33,Pre_P33,1,0.6577554669128876,1
26,P33,P33,Pre_P33,1,0.3436350402538728,0
26,P33,P33,Pre_P33,1,0.6181865283240784,1
26,P33,P33,Pre_P33,1,0.5875918490268518,1
26,P33,P33,Pre_P33,1,0.709724547733657,1
26,P33,P33,Pre_P33,1,0.7368482629077244,1
26,P33,P33,Pre_P33,1,0.6969365078586478,1
26,P33,P33,Pre_P33,1,0.7592407001408089,1
26,P33,P33,Pre_P33,1,0.5666867528975196,1
26,P33,P33,Pre_P33,1,0.7271223804332493,1
26,P33,P33,Pre_P33,1,0.6329460835697471,1
26,P33,P33,Pre_P33,1,0.617219747755321,1
26,P33,P33,Pre_P33,1,0.6435128883817912,1
26,P33,P33,Pre_P33,1,0.6654938071569805,1
26,P33,P33,Pre_P33,1,0.8013765524161475,1
26,P33,P33,Pre_P33,1,0.6210521521017268,1
26,P33,P33,Pre_P33,1,0.4482962423478563,0
26,P33,P33,Pre_P33,1,0.5969295766000132,1
26,P33,P33,Pre_P33,1,0.6338036438851161,1
26,P33,P33,Pre_P33,1,0.6261579751545457,1
26,P33,P33,Pre_P33,1,0.6458912468478268,1
26,P33,P33,Pre_P33,1,0.8493712002460576,1
26,P33,P33,Pre_P33,1,0.7524553148805634,1
26,P33,P33,Pre_P33,1,0.7907304059157013,1
26,P33,P33,Pre_P33,1,0.6123706293554704,1
26,P33,P33,Pre_P33,1,0.7531377029720839,1
26,P33,P33,Pre_P33,1,0.6704237309945422,1
26,P33,P33,Pre_P33,1,0.5931154327584822,1
26,P33,P33,Pre_P33,1,0.4247951665865785,0
26,P33,P33,Pre_P33,1,0.7767090271831959,1
26,P33,P33,Pre_P33,1,0.7134815694762398,1
26,P33,P33,Pre_P33,1,0.09900984058925354,0
26,P33,P33,Pre_P33,1,0.46299119484391527,0
26,P33,P33,Pre_P33,1,0.21212899711581726,0
26,P33,P33,Pre_P33,1,0.30535847957179374,0
26,P33,P33,Pre_P33,1,0.6861731692117461,1
26,P33,P33,Pre_P33,1,0.42462351496273676,0
26,P33,P33,Pre_P33,1,0.2541691602127159,0
26,P33,P33,Pre_P33,1,0.874629265175191,1
26,P33,P33,Pre_P33,1,0.6596447636167845,1
26,P33,P33,Pre_P33,1,0.7169813521453929,1
26,P33,P33,Pre_P33,1,0.493786494840939,0
26,P33,P33,Pre_P33,1,0.5864355668568721,1
26,P33,P33,Pre_P33,1,0.7935653401813472,1
26,P33,P33,Pre_P33,1,0.3683540096485719,0
26,P33,P33,Pre_P33,1,0.6536137216243026,1
26,P33,P33,Pre_P33,1,0.4199608657203659,0
26,P33,P33,Pre_P33,1,0.38241911092461595,0
26,P33,P33,Pre_P33,1,0.6546939695210597,1
26,P33,P33,Pre_P33,1,0.725840617759803,1
26,P33,P33,Pre_P33,1,0.6914289624339919,1
26,P33,P33,Pre_P33,1,0.6703369480049225,1
26,P33,P33,Pre_P33,1,0.5371952734334182,1
26,P33,P33,Pre_P33,1,0.10542636803720619,0
26,P33,P33,Pre_P33,1,0.6583497286488404,1
26,P33,P33,Pre_P33,1,0.8215797583545966,1
26,P33,P33,Pre_P33,1,0.49324927763485205,0
26,P33,P33,Pre_P33,1,0.6297332636267277,1
26,P33,P33,Pre_P33,1,0.3808145247360383,0
26,P33,P33,Pre_P33,1,0.3882618709547528,0
26,P33,P33,Pre_P33,1,0.8191685144244748,1
26,P33,P33,Pre_P33,1,0.077119082834373,0
26,P33,P33,Pre_P33,1,0.43772852537240947,0
26,P33,P33,Pre_P33,1,0.5534159830232727,1
26,P33,P33,Pre_P33,1,0.7751344995710193,1
26,P33,P33,Pre_P33,1,0.8541615058634475,1
26,P33,P33,Pre_P33,1,0.7603420290981445,1
26,P33,P33,Pre_P33,1,0.6872650626126532,1
26,P33,P33,Pre_P33,1,0.5829666044900371,1
26,P33,P33,Pre_P33,1,0.4367387462520355,0
26,P33,P33,Pre_P33,1,0.4683521471585463,0
26,P33,P33,Pre_P33,1,0.3598717379560307,0
26,P33,P33,Pre_P33,1,0.5732933148807378,1
26,P33,P33,Pre_P33,1,0.7851949331808018,1
26,P33,P33,Pre_P33,1,0.7146819111950213,1
26,P33,P33,Pre_P33,1,0.6419600557990343,1
26,P33,P33,Pre_P33,1,0.7697371515714322,1
26,P33,P33,Pre_P33,1,0.3539956734821901,0
26,P33,P33,Pre_P33,1,0.31621458013927034,0
26,P33,P33,Pre_P33,1,0.6422728084866977,1
26,P33,P33,Pre_P33,1,0.7805637172252413,1
26,P33,P33,Pre_P33,1,0.5787441307235212,1
26,P33,P33,Pre_P33,1,0.4367757577666739,0
26,P33,P33,Pre_P33,1,0.34768449220895037,0
26,P33,P33,Pre_P33,1,0.75586160889826,1
26,P33,P33,Pre_P33,1,0.7167452939151446,1
26,P33,P33,Pre_P33,1,0.700530800792358,1
26,P33,P33,Pre_P33,1,0.6923260745561355,1
26,P33,P33,Pre_P33,1,0.7915476613483695,1
26,P33,P33,Pre_P33,1,0.6120416230493265,1
26,P33,P33,Pre_P33,1,0.7534511980477097,1
26,P33,P33,Pre_P33,1,0.3691070247222931,0
26,P33,P33,Pre_P33,1,0.6398097639949559,1
26,P33,P33,Pre_P33,1,0.5760413397283274,1
26,P33,P33,Pre_P33,1,0.5273282477270795,1
26,P33,P33,Pre_P33,1,0.34886042903337067,0
26,P33,P33,Pre_P33,1,0.7879491341040237,1
26,P33,P33,Pre_P33,1,0.6338986175731984,1
26,P33,P33,Pre_P33,1,0.6790610596996652,1
26,P33,P33,Pre_P33,1,0.4274942137158891,0
26,P33,P33,Pre_P33,1,0.6990037725814967,1
26,P33,P33,Pre_P33,1,0.8312202467246651,1
26,P33,P33,Pre_P33,1,0.6625192131432426,1
26,P33,P33,Pre_P33,1,0.23173101085136844,0
26,P33,P33,Pre_P33,1,0.6451582198987326,1
26,P33,P33,Pre_P33,1,0.2721809090652595,0
26,P33,P33,Pre_P33,1,0.4260130456493653,0
26,P33,P33,Pre_P33,1,0.45717744862550835,0
26,P33,P33,Pre_P33,1,0.6440843401347172,1
26,P33,P33,Pre_P33,1,0.8596025792172354,1
26,P33,P33,Pre_P33,1,0.7143842445233872,1
26,P33,P33,Pre_P33,1,0.4841624431435803,0
26,P33,P33,Pre_P33,1,0.41579714525976674,0
26,P33,P33,Pre_P33,1,0.25068033523239275,0
26,P33,P33,Pre_P33,1,0.3114967576463149,0
26,P33,P33,Pre_P33,1,0.6420451546488792,1
26,P33,P33,Pre_P33,1,0.5425473607655226,1
26,P33,P33,Pre_P33,1,0.29007543539437397,0
26,P33,P33,Pre_P33,1,0.695908819735606,1
26,P33,P33,Pre_P33,1,0.6000250348867575,1
26,P33,P33,Pre_P33,1,0.6615552148135131,1
26,P33,P33,Pre_P33,1,0.5666557521814265,1
26,P33,P33,Pre_P33,1,0.674806788871361,1
26,P33,P33,Pre_P33,1,0.507100533232451,1
26,P33,P33,Pre_P33,1,0.710834147163513,1
26,P33,P33,Pre_P33,1,0.5256296043342253,1
26,P33,P33,Pre_P33,1,0.5793494908700652,1
26,P33,P33,Pre_P33,1,0.7485376395452452,1
26,P33,P33,Pre_P33,1,0.26217991386595,0
26,P33,P33,Pre_P33,1,0.5982319979191372,1
26,P33,P33,Pre_P33,1,0.31690887899452685,0
26,P33,P33,Pre_P33,1,0.6735153771601391,1
26,P33,P33,Pre_P33,1,0.6629425680531749,1
26,P33,P33,Pre_P33,1,0.24883285715436532,0
26,P33,P33,Pre_P33,1,0.5966872850386601,1
26,P33,P33,Pre_P33,1,0.741872174886617,1
26,P33,P33,Pre_P33,1,0.6437085144736965,1
26,P33,P33,Pre_P33,1,0.4289139538210382,0
26,P33,P33,Pre_P33,1,0.5729706995922669,1
26,P33,P33,Pre_P33,1,0.7458806530852353,1
26,P33,P33,Pre_P33,1,0.7139835642925219,1
26,P33,P33,Pre_P33,1,0.6774451286805675,1
26,P33,P33,Pre_P33,1,0.623954861685253,1
26,P33,P33,Pre_P33,1,0.573482079922621,1
26,P33,P33,Pre_P33,1,0.5298215761136121,1
26,P33,P33,Pre_P33,1,0.6968116872049642,1
26,P33,P33,Pre_P33,1,0.38035450834672985,0
26,P33,P33,Pre_P33,1,0.7014902128679187,1
26,P33,P33,Pre_P33,1,0.4226084490953601,0
26,P33,P33,Pre_P33,1,0.5099022344133678,1
26,P33,P33,Pre_P33,1,0.3284696608313851,0
26,P33,P33,Pre_P33,1,0.8251057141042992,1
26,P33,P33,Pre_P33,1,0.7111014794400224,1
26,P33,P33,Pre_P33,1,0.7011765853902427,1
26,P33,P33,Pre_P33,1,0.504680341260235,1
26,P33,P33,Pre_P33,1,0.572104435500353,1
26,P33,P33,Pre_P33,1,0.7331669286140474,1
26,P33,P33,Pre_P33,1,0.46608210563978036,0
26,P33,P33,Pre_P33,1,0.7719791770262354,1
26,P33,P33,Pre_P33,1,0.6105963187541759,1
26,P33,P33,Pre_P33,1,0.18407383015244116,0
26,P33,P33,Pre_P33,1,0.20626478216706254,0
26,P33,P33,Pre_P33,1,0.5985272609430771,1
26,P33,P33,Pre_P33,1,0.5968460135717053,1
26,P33,P33,Pre_P33,1,0.6343572544015803,1
26,P33,P33,Pre_P33,1,0.7406602875342959,1
26,P33,P33,Pre_P33,1,0.4883316051229681,0
26,P33,P33,Pre_P33,1,0.3783230404140899,0
26,P33,P33,Pre_P33,1,0.4302748294512445,0
26,P33,P33,Pre_P33,1,0.526785600994101,1
26,P33,P33,Pre_P33,1,0.3856562339898329,0
26,P33,P33,Pre_P33,1,0.49735078027638097,0
26,P33,P33,Pre_P33,1,0.8382617210059242,1
26,P33,P33,Pre_P33,1,0.39062412268668445,0
26,P33,P33,Pre_P33,1,0.5759810854302426,1
26,P33,P33,Pre_P33,1,0.5539757202464832,1
26,P33,P33,Pre_P33,1,0.32172198294831134,0
26,P33,P33,Pre_P33,1,0.738272311055619,1
26,P33,P33,Pre_P33,1,0.6894634219839322,1
26,P33,P33,Pre_P33,1,0.5994405498674114,1
26,P33,P33,Pre_P33,1,0.7561097442257225,1
26,P33,P33,Pre_P33,1,0.3213165545937584,0
26,P33,P33,Pre_P33,1,0.3699508039429654,0
26,P33,P33,Pre_P33,1,0.7171455317658664,1
26,P33,P33,Pre_P33,1,0.4392513305479525,0
26,P33,P33,Pre_P33,1,0.4987822100809503,0
26,P33,P33,Pre_P33,1,0.8632679727523193,1
26,P33,P33,Pre_P33,1,0.6332590297239583,1
26,P33,P33,Pre_P33,1,0.7958804263771851,1
26,P33,P33,Pre_P33,1,0.5610767956463978,1
26,P33,P33,Pre_P33,1,0.7802080333313176,1
26,P33,P33,Pre_P33,1,0.17779467034426857,0
26,P33,P33,Pre_P33,1,0.6584095163447222,1
26,P33,P33,Pre_P33,1,0.828640843666346,1
26,P33,P33,Pre_P33,1,0.8119636452660806,1
26,P33,P33,Pre_P33,1,0.656080262115276,1
26,P33,P33,Pre_P33,1,0.8738170158488315,1
26,P33,P33,Pre_P33,1,0.1433022572224672,0
26,P33,P33,Pre_P33,1,0.6176202253733362,1
26,P33,P33,Pre_P33,1,0.5513612800336071,1
26,P33,P33,Pre_P33,1,0.7899024458345286,1
26,P33,P33,Pre_P33,1,0.5519606514747283,1
26,P33,P33,Pre_P33,1,0.5726346449449925,1
26,P33,P33,Pre_P33,1,0.6663768582950513,1
26,P33,P33,Pre_P33,1,0.5345742924246639,1
26,P33,P33,Pre_P33,1,0.6200374451733751,1
26,P33,P33,Pre_P33,1,0.7053941481488352,1
26,P33,P33,Pre_P33,1,0.7361568306809625,1
26,P33,P33,Pre_P33,1,0.6863387166412686,1
26,P33,P33,Pre_P33,1,0.7071438597775872,1
26,P33,P33,Pre_P33,1,0.3750221157151513,0
26,P33,P33,Pre_P33,1,0.6909593469394694,1
26,P33,P33,Pre_P33,1,0.709505893971502,1
26,P33,P33,Pre_P33,1,0.608790082371417,1
26,P33,P33,Pre_P33,1,0.769386406413126,1
26,P33,P33,Pre_P33,1,0.20027372242528507,0
26,P33,P33,Pre_P33,1,0.5917391743830581,1
26,P33,P33,Pre_P33,1,0.7174817354719131,1
26,P33,P33,Pre_P33,1,0.5085361671372728,1
26,P33,P33,Pre_P33,1,0.7544682970286828,1
26,P33,P33,Pre_P33,1,0.6748625465466381,1
26,P33,P33,Pre_P33,1,0.41989259572137644,0
26,P33,P33,Pre_P33,1,0.8013924448528398,1
26,P33,P33,Pre_P33,1,0.7215241472140084,1
26,P33,P33,Pre_P33,1,0.48880361033603853,0
26,P33,P33,Pre_P33,1,0.5204050936722833,1
26,P33,P33,Pre_P33,1,0.6622961155592284,1
26,P33,P33,Pre_P33,1,0.4774231108939383,0
26,P33,P33,Pre_P33,1,0.3052222779938963,0
26,P33,P33,Pre_P33,1,0.5738124616248006,1
26,P33,P33,Pre_P33,1,0.6862610964809681,1
26,P33,P33,Pre_P33,1,0.47913700939422077,0
26,P33,P33,Pre_P33,1,0.708175582435129,1
26,P33,P33,Pre_P33,1,0.4872892412099081,0
26,P33,P33,Pre_P33,1,0.5203022367692691,1
26,P33,P33,Pre_P33,1,0.5490327528432516,1
26,P33,P33,Pre_P33,1,0.6166252438569256,1
26,P33,P33,Pre_P33,1,0.6492519655908574,1
26,P33,P33,Pre_P33,1,0.5199241108400968,1
26,P33,P33,Pre_P33,1,0.6359282181975241,1
26,P33,P33,Pre_P33,1,0.4282162281568443,0
26,P33,P33,Pre_P33,1,0.5983537800335701,1
26,P33,P33,Pre_P33,1,0.35506823643761587,0
26,P33,P33,Pre_P33,1,0.18081804746967248,0
26,P33,P33,Pre_P33,1,0.541734626611785,1
26,P33,P33,Pre_P33,1,0.6301165448248677,1
26,P33,P33,Pre_P33,1,0.6484885022299719,1
26,P33,P33,Pre_P33,1,0.6283579520571166,1
26,P33,P33,Pre_P33,1,0.82548904161029,1
26,P33,P33,Pre_P33,1,0.5075634531800258,1
26,P33,P33,Pre_P33,1,0.6704386951916907,1
26,P33,P33,Pre_P33,1,0.636316099097619,1
26,P33,P33,Pre_P33,1,0.39461515893255483,0
26,P33,P33,Pre_P33,1,0.5821862306393132,1
26,P33,P33,Pre_P33,1,0.5582126381696406,1
26,P33,P33,Pre_P33,1,0.7524815869503507,1
26,P33,P33,Pre_P33,1,0.27836713996085005,0
26,P33,P33,Pre_P33,1,0.5498069452939114,1
26,P33,P33,Pre_P33,1,0.7327640294564971,1
26,P33,P33,Pre_P33,1,0.353427395394935,0
26,P33,P33,Pre_P33,1,0.49435319757801016,0
26,P33,P33,Pre_P33,1,0.44829798519962577,0
26,P33,P33,Pre_P33,1,0.5007512520498959,1
26,P33,P33,Pre_P33,1,0.23194831206273195,0
26,P33,P33,Pre_P33,1,0.41297100240779433,0
26,P33,P33,Pre_P33,1,0.5287581916699905,1
26,P33,P33,Pre_P33,1,0.8405591890051874,1
26,P33,P33,Pre_P33,1,0.29650511137321683,0
26,P33,P33,Pre_P33,1,0.4275229371101635,0
26,P33,P33,Pre_P33,1,0.6994681367234746,1
26,P33,P33,Pre_P33,1,0.5269455407821333,1
26,P33,P33,Pre_P33,1,0.37848018842073333,0
26,P33,P33,Pre_P33,1,0.743167967690658,1
26,P33,P33,Pre_P33,1,0.4884230922565947,0
26,P33,P33,Pre_P33,1,0.5530845807984689,1
26,P33,P33,Pre_P33,1,0.43411825085434885,0
26,P33,P33,Pre_P33,1,0.5226926983136394,1
26,P33,P33,Pre_P33,1,0.8158235494553893,1
26,P33,P33,Pre_P33,1,0.813054921944027,1
26,P33,P33,Pre_P33,1,0.6817372867248315,1
26,P33,P33,Pre_P33,1,0.5358724866679675,1
26,P33,P33,Pre_P33,1,0.45855554658818365,0
26,P33,P33,Pre_P33,1,0.4353129956757177,0
26,P33,P33,Pre_P33,1,0.45354393930052533,0
26,P33,P33,Pre_P33,1,0.7721350424045766,1
26,P33,P33,Pre_P33,1,0.4839057139218379,0
26,P33,P33,Pre_P33,1,0.8051898563709061,1
26,P33,P33,Pre_P33,1,0.6909108704302007,1
26,P33,P33,Pre_P33,1,0.5851234521484099,1
26,P33,P33,Pre_P33,1,0.7808174806261281,1
26,P33,P33,Pre_P33,1,0.4590376128993159,0
26,P33,P33,Pre_P33,1,0.6126519591942694,1
26,P33,P33,Pre_P33,1,0.15990407709435614,0
26,P33,P33,Pre_P33,1,0.6712294911641434,1
26,P33,P33,Pre_P33,1,0.5413027774880527,1
26,P33,P33,Pre_P33,1,0.4830735271125506,0
26,P33,P33,Pre_P33,1,0.7205096780101043,1
26,P33,P33,Pre_P33,1,0.5098253650439887,1
26,P33,P33,Pre_P33,1,0.8162064091575726,1
26,P33,P33,Pre_P33,1,0.5504418446717135,1
26,P33,P33,Pre_P33,1,0.19110694207986867,0
26,P33,P33,Pre_P33,1,0.6710869716186989,1
26,P33,P33,Pre_P33,1,0.3385535887560346,0
26,P33,P33,Pre_P33,1,0.2958755804091932,0
26,P33,P33,Pre_P33,1,0.6176584873804206,1
26,P33,P33,Pre_P33,1,0.5306942367876331,1
26,P33,P33,Pre_P33,1,0.7426013686899059,1
26,P33,P33,Pre_P33,1,0.7994448302519578,1
26,P33,P33,Pre_P33,1,0.776805372184041,1
26,P33,P33,Pre_P33,1,0.7867753825080002,1
26,P33,P33,Pre_P33,1,0.5606326239529655,1
26,P33,P33,Pre_P33,1,0.4197751224829442,0
26,P33,P33,Pre_P33,1,0.718726214326431,1
26,P33,P33,Pre_P33,1,0.7400214415674148,1
26,P33,P33,Pre_P33,1,0.7420409143081224,1
26,P33,P33,Pre_P33,1,0.7186379133956056,1
26,P33,P33,Pre_P33,1,0.7219539776138428,1
26,P33,P33,Pre_P33,1,0.397341576457434,0
26,P33,P33,Pre_P33,1,0.6704565203977422,1
26,P33,P33,Pre_P33,1,0.5458086080063851,1
26,P33,P33,Pre_P33,1,0.4841239041905815,0
26,P33,P33,Pre_P33,1,0.5159456220072257,1
26,P33,P33,Pre_P33,1,0.5375318721267421,1
26,P33,P33,Pre_P33,1,0.6018102342176316,1
26,P33,P33,Pre_P33,1,0.588588256970006,1
26,P33,P33,Pre_P33,1,0.5752446055134465,1
26,P33,P33,Pre_P33,1,0.6225517278052551,1
26,P33,P33,Pre_P33,1,0.3756302743720868,0
26,P33,P33,Pre_P33,1,0.8715832077104423,1
26,P33,P33,Pre_P33,1,0.6475462269610935,1
26,P33,P33,Pre_P33,1,0.8529468104440923,1
26,P33,P33,Pre_P33,1,0.7755475103125665,1
26,P33,P33,Pre_P33,1,0.45882193429103757,0
26,P33,P33,Pre_P33,1,0.39697673070982015,0
26,P33,P33,Pre_P33,1,0.7154935650746823,1
26,P33,P33,Pre_P33,1,0.29676312054532555,0
26,P33,P33,Pre_P33,1,0.8360690127146323,1
26,P33,P33,Pre_P33,1,0.5913042183412517,1
26,P33,P33,Pre_P33,1,0.8261452534271796,1
26,P33,P33,Pre_P33,1,0.5244976530370643,1
26,P33,P33,Pre_P33,1,0.6711811433435402,1
26,P33,P33,Pre_P33,1,0.5047022702965188,1
26,P33,P33,Pre_P33,1,0.8156911759973973,1
26,P33,P33,Pre_P33,1,0.6744143065424746,1
26,P33,P33,Pre_P33,1,0.33551784120689077,0
26,P33,P33,Pre_P33,1,0.7497027549317451,1
26,P33,P33,Pre_P33,1,0.3106780324206957,0
26,P33,P33,Pre_P33,1,0.7012370060523276,1
26,P33,P33,Pre_P33,1,0.7377717078894217,1
26,P33,P33,Pre_P33,1,0.4126474628897518,0
26,P33,P33,Pre_P33,1,0.643752741001808,1
26,P33,P33,Pre_P33,1,0.7760022600798049,1
26,P33,P33,Pre_P33,1,0.7669296794160347,1
26,P33,P33,Pre_P33,1,0.6371205533855485,1
26,P33,P33,Pre_P33,1,0.5778871984835839,1
26,P33,P33,Pre_P33,1,0.6403634241397457,1
26,P33,P33,Pre_P33,1,0.6242959480304869,1
26,P33,P33,Pre_P33,1,0.6018045066971878,1
26,P33,P33,Pre_P33,1,0.33749675577426985,0
26,P33,P33,Pre_P33,1,0.6296030604986396,1
26,P33,P33,Pre_P33,1,0.36674520377577724,0
26,P33,P33,Pre_P33,1,0.6436914234787317,1
26,P33,P33,Pre_P33,1,0.35734631017815394,0
26,P33,P33,Pre_P33,1,0.06533385337821182,0
26,P33,P33,Pre_P33,1,0.617208668887557,1
26,P33,P33,Pre_P33,1,0.5731133259354559,1
26,P33,P33,Pre_P33,1,0.6967956370901107,1
26,P33,P33,Pre_P33,1,0.8585325550600021,1
26,P33,P33,Pre_P33,1,0.6260076886689251,1
26,P33,P33,Pre_P33,1,0.6014584113682185,1
26,P33,P33,Pre_P33,1,0.7245618053160051,1
26,P33,P33,Pre_P33,1,0.6577052455313444,1
26,P33,P33,Pre_P33,1,0.19679533499320617,0
26,P33,P33,Pre_P33,1,0.7758994016575518,1
26,P33,P33,Pre_P33,1,0.5988898109345973,1
27,P35,P35,Pre_P35,1,0.46682769174496774,0
27,P35,P35,Pre_P35,1,0.7717246890257444,1
27,P35,P35,Pre_P35,1,0.914310331660148,1
27,P35,P35,Pre_P35,1,0.46691655273676785,0
27,P35,P35,Pre_P35,1,0.8147120393411064,1
27,P35,P35,Pre_P35,1,0.7949385919392195,1
27,P35,P35,Pre_P35,1,0.8524026093556615,1
27,P35,P35,Pre_P35,1,0.514945179790206,1
27,P35,P35,Pre_P35,1,0.7889376771777546,1
27,P35,P35,Pre_P35,1,0.5006843550012838,1
27,P35,P35,Pre_P35,1,0.5228756128651574,1
27,P35,P35,Pre_P35,1,0.7299202434618351,1
27,P35,P35,Pre_P35,1,0.569105031513622,1
27,P35,P35,Pre_P35,1,0.515430034995968,1
27,P35,P35,Pre_P35,1,0.5159226320891422,1
27,P35,P35,Pre_P35,1,0.5010596605141734,1
27,P35,P35,Pre_P35,1,0.4253234980254706,0
27,P35,P35,Pre_P35,1,0.6533459039652239,1
27,P35,P35,Pre_P35,1,0.6745271272162221,1
27,P35,P35,Pre_P35,1,0.7178218832241187,1
27,P35,P35,Pre_P35,1,0.8245510077069642,1
27,P35,P35,Pre_P35,1,0.39333757606586195,0
27,P35,P35,Pre_P35,1,0.6760270019295959,1
27,P35,P35,Pre_P35,1,0.6760036142435417,1
27,P35,P35,Pre_P35,1,0.7267897680772603,1
27,P35,P35,Pre_P35,1,0.8496294522140001,1
27,P35,P35,Pre_P35,1,0.5227287092476587,1
27,P35,P35,Pre_P35,1,0.8058222302847153,1
27,P35,P35,Pre_P35,1,0.5336299363387351,1
27,P35,P35,Pre_P35,1,0.49666396154314973,0
27,P35,P35,Pre_P35,1,0.6720815279838844,1
27,P35,P35,Pre_P35,1,0.541263999786211,1
27,P35,P35,Pre_P35,1,0.7018810695800924,1
27,P35,P35,Pre_P35,1,0.7455225721519223,1
27,P35,P35,Pre_P35,1,0.7615796329947334,1
27,P35,P35,Pre_P35,1,0.6386846497953528,1
27,P35,P35,Pre_P35,1,0.6530047367623785,1
27,P35,P35,Pre_P35,1,0.6563732767300084,1
27,P35,P35,Pre_P35,1,0.9160602205119487,1
27,P35,P35,Pre_P35,1,0.6947561622303061,1
27,P35,P35,Pre_P35,1,0.6864485487290598,1
27,P35,P35,Pre_P35,1,0.8345694294030293,1
27,P35,P35,Pre_P35,1,0.6985496861004677,1
27,P35,P35,Pre_P35,1,0.38300473849956185,0
27,P35,P35,Pre_P35,1,0.8986687107309752,1
27,P35,P35,Pre_P35,1,0.6646976426611518,1
27,P35,P35,Pre_P35,1,0.7363761626453741,1
27,P35,P35,Pre_P35,1,0.7511466945271013,1
27,P35,P35,Pre_P35,1,0.7248188620686187,1
27,P35,P35,Pre_P35,1,0.8271723783228065,1
27,P35,P35,Pre_P35,1,0.5662510947482594,1
27,P35,P35,Pre_P35,1,0.7321496218606925,1
27,P35,P35,Pre_P35,1,0.7450770542715758,1
27,P35,P35,Pre_P35,1,0.9087102316087532,1
27,P35,P35,Pre_P35,1,0.7391031254538415,1
27,P35,P35,Pre_P35,1,0.6734003976332733,1
27,P35,P35,Pre_P35,1,0.8945687036919899,1
27,P35,P35,Pre_P35,1,0.7153393100697515,1
27,P35,P35,Pre_P35,1,0.8750948217366253,1
27,P35,P35,Pre_P35,1,0.4435727933762029,0
27,P35,P35,Pre_P35,1,0.6747495158649777,1
27,P35,P35,Pre_P35,1,0.4600195120180729,0
27,P35,P35,Pre_P35,1,0.6873090764483376,1
27,P35,P35,Pre_P35,1,0.7924935563881753,1
27,P35,P35,Pre_P35,1,0.6737825843585507,1
27,P35,P35,Pre_P35,1,0.6892561358650844,1
27,P35,P35,Pre_P35,1,0.8188849228029645,1
27,P35,P35,Pre_P35,1,0.6722552630938056,1
27,P35,P35,Pre_P35,1,0.46626538710693977,0
27,P35,P35,Pre_P35,1,0.893385066501566,1
27,P35,P35,Pre_P35,1,0.5049687030115554,1
27,P35,P35,Pre_P35,1,0.7854196555473792,1
27,P35,P35,Pre_P35,1,0.7806217977743113,1
27,P35,P35,Pre_P35,1,0.8169869509855149,1
27,P35,P35,Pre_P35,1,0.7679025098391254,1
27,P35,P35,Pre_P35,1,0.8179746776121356,1
27,P35,P35,Pre_P35,1,0.6945977865446168,1
27,P35,P35,Pre_P35,1,0.4600360203888174,0
27,P35,P35,Pre_P35,1,0.6487346988312608,1
27,P35,P35,Pre_P35,1,0.6861806261903756,1
27,P35,P35,Pre_P35,1,0.6951973150313706,1
27,P35,P35,Pre_P35,1,0.44172074056869415,0
27,P35,P35,Pre_P35,1,0.7425138872902806,1
27,P35,P35,Pre_P35,1,0.6824559325010189,1
27,P35,P35,Pre_P35,1,0.4687802178561327,0
27,P35,P35,Pre_P35,1,0.734310697954925,1
27,P35,P35,Pre_P35,1,0.8294843492437496,1
27,P35,P35,Pre_P35,1,0.8150457717143426,1
27,P35,P35,Pre_P35,1,0.7955170747977817,1
27,P35,P35,Pre_P35,1,0.8783524933360198,1
27,P35,P35,Pre_P35,1,0.5349311337640023,1
27,P35,P35,Pre_P35,1,0.6604346236493714,1
27,P35,P35,Pre_P35,1,0.7630222855376225,1
27,P35,P35,Pre_P35,1,0.6307428714931841,1
27,P35,P35,Pre_P35,1,0.795720528548059,1
27,P35,P35,Pre_P35,1,0.7426844297373251,1
27,P35,P35,Pre_P35,1,0.6992800060174212,1
27,P35,P35,Pre_P35,1,0.7868818829638827,1
27,P35,P35,Pre_P35,1,0.4715045024144898,0
27,P35,P35,Pre_P35,1,0.7174822206606528,1
27,P35,P35,Pre_P35,1,0.7305741890424315,1
27,P35,P35,Pre_P35,1,0.7464381812717764,1
27,P35,P35,Pre_P35,1,0.7070935620449017,1
27,P35,P35,Pre_P35,1,0.8744885594335711,1
27,P35,P35,Pre_P35,1,0.9139319818804749,1
27,P35,P35,Pre_P35,1,0.896624214470703,1
27,P35,P35,Pre_P35,1,0.5056614901365585,1
27,P35,P35,Pre_P35,1,0.6237460225523815,1
27,P35,P35,Pre_P35,1,0.7142689924893726,1
27,P35,P35,Pre_P35,1,0.7083584786574004,1
27,P35,P35,Pre_P35,1,0.8236433120440412,1
27,P35,P35,Pre_P35,1,0.612177991889588,1
27,P35,P35,Pre_P35,1,0.7499574528665696,1
27,P35,P35,Pre_P35,1,0.3984284912410802,0
27,P35,P35,Pre_P35,1,0.6702564707125759,1
27,P35,P35,Pre_P35,1,0.5914896185794705,1
27,P35,P35,Pre_P35,1,0.8109539895767501,1
27,P35,P35,Pre_P35,1,0.6935542928430586,1
27,P35,P35,Pre_P35,1,0.5006247932143294,1
27,P35,P35,Pre_P35,1,0.09753252849304338,0
27,P35,P35,Pre_P35,1,0.7835830332198852,1
27,P35,P35,Pre_P35,1,0.7652519412108834,1
27,P35,P35,Pre_P35,1,0.5798770665791474,1
27,P35,P35,Pre_P35,1,0.682056919548429,1
27,P35,P35,Pre_P35,1,0.6550028367471101,1
27,P35,P35,Pre_P35,1,0.5326420737054699,1
27,P35,P35,Pre_P35,1,0.6661988476732075,1
27,P35,P35,Pre_P35,1,0.6811971904383196,1
27,P35,P35,Pre_P35,1,0.7401720832540158,1
27,P35,P35,Pre_P35,1,0.6872174032834023,1
27,P35,P35,Pre_P35,1,0.7509968037006493,1
27,P35,P35,Pre_P35,1,0.8268579674407956,1
27,P35,P35,Pre_P35,1,0.6971019264510788,1
27,P35,P35,Pre_P35,1,0.7186318056654122,1
27,P35,P35,Pre_P35,1,0.6640465553055722,1
27,P35,P35,Pre_P35,1,0.6051714704309408,1
27,P35,P35,Pre_P35,1,0.6670937362679425,1
27,P35,P35,Pre_P35,1,0.6806870049320476,1
27,P35,P35,Pre_P35,1,0.06357909977931318,0
27,P35,P35,Pre_P35,1,0.42333123705963843,0
27,P35,P35,Pre_P35,1,0.7418697987334697,1
27,P35,P35,Pre_P35,1,0.7258847708592809,1
27,P35,P35,Pre_P35,1,0.6187612617855254,1
27,P35,P35,Pre_P35,1,0.6547224145277042,1
27,P35,P35,Pre_P35,1,0.598381180625584,1
27,P35,P35,Pre_P35,1,0.7115738560458066,1
27,P35,P35,Pre_P35,1,0.6433363173067538,1
27,P35,P35,Pre_P35,1,0.6667305535277317,1
27,P35,P35,Pre_P35,1,0.7897878053031867,1
27,P35,P35,Pre_P35,1,0.4705898684832095,0
27,P35,P35,Pre_P35,1,0.7587565871388505,1
27,P35,P35,Pre_P35,1,0.6154708750683368,1
27,P35,P35,Pre_P35,1,0.8026107684635692,1
27,P35,P35,Pre_P35,1,0.7124466074629112,1
27,P35,P35,Pre_P35,1,0.41071254076132213,0
27,P35,P35,Pre_P35,1,0.6967982108665435,1
27,P35,P35,Pre_P35,1,0.1117087567153215,0
27,P35,P35,Pre_P35,1,0.6912929731264283,1
27,P35,P35,Pre_P35,1,0.8788913557351071,1
27,P35,P35,Pre_P35,1,0.36009358745952835,0
27,P35,P35,Pre_P35,1,0.6238745174937343,1
27,P35,P35,Pre_P35,1,0.5810554528979937,1
27,P35,P35,Pre_P35,1,0.6518756517236947,1
27,P35,P35,Pre_P35,1,0.7389049988223796,1
27,P35,P35,Pre_P35,1,0.5377242146256473,1
27,P35,P35,Pre_P35,1,0.7354412777750399,1
27,P35,P35,Pre_P35,1,0.6217379530949841,1
27,P35,P35,Pre_P35,1,0.7830656552831401,1
27,P35,P35,Pre_P35,1,0.7488072837223599,1
27,P35,P35,Pre_P35,1,0.5925028689189937,1
27,P35,P35,Pre_P35,1,0.6895958859563532,1
27,P35,P35,Pre_P35,1,0.6829936744836846,1
27,P35,P35,Pre_P35,1,0.44823965308290636,0
27,P35,P35,Pre_P35,1,0.27092631353801,0
27,P35,P35,Pre_P35,1,0.5123764924855218,1
27,P35,P35,Pre_P35,1,0.5047546037144917,1
27,P35,P35,Pre_P35,1,0.8539567013283402,1
27,P35,P35,Pre_P35,1,0.6006352383802347,1
27,P35,P35,Pre_P35,1,0.5223751232655617,1
27,P35,P35,Pre_P35,1,0.5989712269707222,1
27,P35,P35,Pre_P35,1,0.7386830726175108,1
27,P35,P35,Pre_P35,1,0.8817206895348779,1
27,P35,P35,Pre_P35,1,0.7457277124957243,1
27,P35,P35,Pre_P35,1,0.8687926245864157,1
27,P35,P35,Pre_P35,1,0.8842206362873215,1
27,P35,P35,Pre_P35,1,0.82316338355204,1
27,P35,P35,Pre_P35,1,0.6257972855364143,1
27,P35,P35,Pre_P35,1,0.26335156188241304,0
27,P35,P35,Pre_P35,1,0.6331732824484299,1
27,P35,P35,Pre_P35,1,0.7183937748147037,1
27,P35,P35,Pre_P35,1,0.6535941475697874,1
27,P35,P35,Pre_P35,1,0.7098598910398208,1
27,P35,P35,Pre_P35,1,0.7806509856782972,1
27,P35,P35,Pre_P35,1,0.6781259048047908,1
27,P35,P35,Pre_P35,1,0.47747995765517537,0
27,P35,P35,Pre_P35,1,0.574655882879196,1
27,P35,P35,Pre_P35,1,0.6736836737138043,1
27,P35,P35,Pre_P35,1,0.5735185134185856,1
27,P35,P35,Pre_P35,1,0.5766129124626858,1
27,P35,P35,Pre_P35,1,0.5459396818044827,1
27,P35,P35,Pre_P35,1,0.7648876752075637,1
27,P35,P35,Pre_P35,1,0.5679129517297259,1
27,P35,P35,Pre_P35,1,0.846358248316045,1
27,P35,P35,Pre_P35,1,0.7072766086692805,1
27,P35,P35,Pre_P35,1,0.4738383879259521,0
27,P35,P35,Pre_P35,1,0.7795782526651205,1
27,P35,P35,Pre_P35,1,0.6227022498651945,1
27,P35,P35,Pre_P35,1,0.609326205460943,1
27,P35,P35,Pre_P35,1,0.8735306059446736,1
27,P35,P35,Pre_P35,1,0.81830847697849,1
27,P35,P35,Pre_P35,1,0.7839473569612547,1
27,P35,P35,Pre_P35,1,0.7568908773885896,1
27,P35,P35,Pre_P35,1,0.3845834662544656,0
27,P35,P35,Pre_P35,1,0.7489486955343232,1
27,P35,P35,Pre_P35,1,0.8510218164102632,1
27,P35,P35,Pre_P35,1,0.7987816786420091,1
27,P35,P35,Pre_P35,1,0.6675575350385891,1
27,P35,P35,Pre_P35,1,0.48624490561464867,0
27,P35,P35,Pre_P35,1,0.8855334190439866,1
27,P35,P35,Pre_P35,1,0.7534550684446455,1
27,P35,P35,Pre_P35,1,0.4484123605196262,0
27,P35,P35,Pre_P35,1,0.7725160558685144,1
27,P35,P35,Pre_P35,1,0.47852922637732226,0
27,P35,P35,Pre_P35,1,0.7088149758285514,1
27,P35,P35,Pre_P35,1,0.5800310635760256,1
27,P35,P35,Pre_P35,1,0.7233043661251709,1
27,P35,P35,Pre_P35,1,0.8773358031450408,1
27,P35,P35,Pre_P35,1,0.6961068913703864,1
27,P35,P35,Pre_P35,1,0.6908481571631615,1
27,P35,P35,Pre_P35,1,0.8408882610131173,1
27,P35,P35,Pre_P35,1,0.7473059145414245,1
27,P35,P35,Pre_P35,1,0.7986477314726611,1
27,P35,P35,Pre_P35,1,0.534501447651775,1
27,P35,P35,Pre_P35,1,0.24995960923175975,0
27,P35,P35,Pre_P35,1,0.7039499953771495,1
27,P35,P35,Pre_P35,1,0.608261589239241,1
27,P35,P35,Pre_P35,1,0.6386474362494926,1
27,P35,P35,Pre_P35,1,0.47345907971461676,0
28,P4,P4,Pre_P4,0,0.11738325319206182,0
28,P4,P4,Pre_P4,0,0.24486210274335243,0
28,P4,P4,Pre_P4,0,0.6882249385800658,1
28,P4,P4,Pre_P4,0,0.24969581053397194,0
28,P4,P4,Pre_P4,0,0.4712935857670429,0
28,P4,P4,Pre_P4,0,0.3609827240364511,0
28,P4,P4,Pre_P4,0,0.0816301459154972,0
28,P4,P4,Pre_P4,0,0.14860304635792906,0
28,P4,P4,Pre_P4,0,0.49059276892355347,0
28,P4,P4,Pre_P4,0,0.4207417832648974,0
28,P4,P4,Pre_P4,0,0.020523561026615095,0
28,P4,P4,Pre_P4,0,0.42679407140626324,0
28,P4,P4,Pre_P4,0,0.12252948033004808,0
28,P4,P4,Pre_P4,0,0.025951904307274568,0
28,P4,P4,Pre_P4,0,0.5362368845475747,1
28,P4,P4,Pre_P4,0,0.1538020791602888,0
28,P4,P4,Pre_P4,0,0.3637035503608778,0
28,P4,P4,Pre_P4,0,0.5278835519445481,1
28,P4,P4,Pre_P4,0,0.11244790329074363,0
28,P4,P4,Pre_P4,0,0.014213242140805936,0
28,P4,P4,Pre_P4,0,0.009159952120637652,0
28,P4,P4,Pre_P4,0,0.5110305425979257,1
28,P4,P4,Pre_P4,0,0.0154871810960948,0
28,P4,P4,Pre_P4,0,0.36727491539916285,0
28,P4,P4,Pre_P4,0,0.5659304904033629,1
28,P4,P4,Pre_P4,0,0.5338467958476426,1
28,P4,P4,Pre_P4,0,0.29592133835505785,0
28,P4,P4,Pre_P4,0,0.5253956129796836,1
28,P4,P4,Pre_P4,0,0.017615494642815494,0
28,P4,P4,Pre_P4,0,0.010042931820649243,0
28,P4,P4,Pre_P4,0,0.09083304691486403,0
28,P4,P4,Pre_P4,0,0.6009091127449557,1
28,P4,P4,Pre_P4,0,0.3412047213283521,0
28,P4,P4,Pre_P4,0,0.00980272031507254,0
28,P4,P4,Pre_P4,0,0.5164838092869274,1
28,P4,P4,Pre_P4,0,0.02474501667237323,0
28,P4,P4,Pre_P4,0,0.1729891013221541,0
28,P4,P4,Pre_P4,0,0.239952107235861,0
28,P4,P4,Pre_P4,0,0.06848096082570246,0
28,P4,P4,Pre_P4,0,0.42166497186789514,0
28,P4,P4,Pre_P4,0,0.06999874298104777,0
28,P4,P4,Pre_P4,0,0.529492962553787,1
28,P4,P4,Pre_P4,0,0.1413426922931529,0
28,P4,P4,Pre_P4,0,0.236359665574295,0
28,P4,P4,Pre_P4,0,0.7113640096531326,1
28,P4,P4,Pre_P4,0,0.15806837888514116,0
28,P4,P4,Pre_P4,0,0.4737721546307721,0
28,P4,P4,Pre_P4,0,0.21340303231705,0
28,P4,P4,Pre_P4,0,0.05576266572605555,0
28,P4,P4,Pre_P4,0,0.10976704455675007,0
28,P4,P4,Pre_P4,0,0.0054075870999722294,0
28,P4,P4,Pre_P4,0,0.39589611563619515,0
28,P4,P4,Pre_P4,0,0.0589831053169794,0
28,P4,P4,Pre_P4,0,0.06308599145460848,0
28,P4,P4,Pre_P4,0,0.06856622030836687,0
28,P4,P4,Pre_P4,0,0.06178838863970253,0
28,P4,P4,Pre_P4,0,0.20147763817132594,0
28,P4,P4,Pre_P4,0,0.5372752973627833,1
28,P4,P4,Pre_P4,0,0.28133945725249554,0
28,P4,P4,Pre_P4,0,0.32293318105009877,0
28,P4,P4,Pre_P4,0,0.2671721341568338,0
28,P4,P4,Pre_P4,0,0.09329009820511273,0
28,P4,P4,Pre_P4,0,0.22216820886376554,0
28,P4,P4,Pre_P4,0,0.7089805625034429,1
28,P4,P4,Pre_P4,0,0.31697889166839344,0
28,P4,P4,Pre_P4,0,0.4681804592240586,0
28,P4,P4,Pre_P4,0,0.23404138776106095,0
28,P4,P4,Pre_P4,0,0.045458315722826916,0
28,P4,P4,Pre_P4,0,0.33752183588332035,0
28,P4,P4,Pre_P4,0,0.25733770304576736,0
28,P4,P4,Pre_P4,0,0.09078563279145457,0
28,P4,P4,Pre_P4,0,0.07367710345967354,0
28,P4,P4,Pre_P4,0,0.08857306270481204,0
28,P4,P4,Pre_P4,0,0.07355208802708006,0
28,P4,P4,Pre_P4,0,0.5495552273135377,1
28,P4,P4,Pre_P4,0,0.15043679353647899,0
28,P4,P4,Pre_P4,0,0.32020786499054177,0
28,P4,P4,Pre_P4,0,0.32949521274152604,0
28,P4,P4,Pre_P4,0,0.2990235299613147,0
28,P4,P4,Pre_P4,0,0.005248022462419213,0
28,P4,P4,Pre_P4,0,0.013294563582057516,0
28,P4,P4,Pre_P4,0,0.09343416126369572,0
28,P4,P4,Pre_P4,0,0.7239073239766012,1
28,P4,P4,Pre_P4,0,0.2412194514039484,0
28,P4,P4,Pre_P4,0,0.0693484452713924,0
28,P4,P4,Pre_P4,0,0.3908668662151701,0
28,P4,P4,Pre_P4,0,0.6210562865177947,1
28,P4,P4,Pre_P4,0,0.05211151262351991,0
28,P4,P4,Pre_P4,0,0.05747778464398844,0
28,P4,P4,Pre_P4,0,0.4309902638523478,0
28,P4,P4,Pre_P4,0,0.136166735983559,0
28,P4,P4,Pre_P4,0,0.07154556117776105,0
28,P4,P4,Pre_P4,0,0.2317570601055703,0
28,P4,P4,Pre_P4,0,0.3710007355992726,0
28,P4,P4,Pre_P4,0,0.6527022471363695,1
28,P4,P4,Pre_P4,0,0.23625598556973934,0
28,P4,P4,Pre_P4,0,0.013253438272510768,0
28,P4,P4,Pre_P4,0,0.13367528027094644,0
28,P4,P4,Pre_P4,0,0.25267134130330693,0
28,P4,P4,Pre_P4,0,0.06742384580794626,0
28,P4,P4,Pre_P4,0,0.11724963571305283,0
28,P4,P4,Pre_P4,0,0.13579844620491496,0
28,P4,P4,Pre_P4,0,0.5615253264634058,1
28,P4,P4,Pre_P4,0,0.3783648381357207,0
28,P4,P4,Pre_P4,0,0.6803743246835354,1
28,P4,P4,Pre_P4,0,0.2762980823361864,0
28,P4,P4,Pre_P4,0,0.020040169421320777,0
28,P4,P4,Pre_P4,0,0.8683256810046837,1
28,P4,P4,Pre_P4,0,0.6328389351993455,1
28,P4,P4,Pre_P4,0,0.7055470286859092,1
28,P4,P4,Pre_P4,0,0.6770332412452795,1
28,P4,P4,Pre_P4,0,0.2739757461829189,0
28,P4,P4,Pre_P4,0,0.16587687123645592,0
28,P4,P4,Pre_P4,0,0.3346206673393014,0
28,P4,P4,Pre_P4,0,0.3462277301696897,0
28,P4,P4,Pre_P4,0,0.24267823952185338,0
28,P4,P4,Pre_P4,0,0.6975960239650657,1
28,P4,P4,Pre_P4,0,0.0822486239979469,0
28,P4,P4,Pre_P4,0,0.35114544336884346,0
28,P4,P4,Pre_P4,0,0.27224296207274806,0
28,P4,P4,Pre_P4,0,0.26283844672771434,0
28,P4,P4,Pre_P4,0,0.009965002716758601,0
28,P4,P4,Pre_P4,0,0.25857306297602844,0
28,P4,P4,Pre_P4,0,0.16127822494688512,0
28,P4,P4,Pre_P4,0,0.6030636119862949,1
28,P4,P4,Pre_P4,0,0.4861501234547466,0
28,P4,P4,Pre_P4,0,0.03752834438398541,0
28,P4,P4,Pre_P4,0,0.0225952402877429,0
28,P4,P4,Pre_P4,0,0.38034171346276086,0
28,P4,P4,Pre_P4,0,0.12132670431949034,0
28,P4,P4,Pre_P4,0,0.035826244602823465,0
28,P4,P4,Pre_P4,0,0.32672514845288886,0
28,P4,P4,Pre_P4,0,0.3491248834154554,0
28,P4,P4,Pre_P4,0,0.12388852486100248,0
28,P4,P4,Pre_P4,0,0.2227653822857908,0
28,P4,P4,Pre_P4,0,0.2592900907688,0
28,P4,P4,Pre_P4,0,0.0875678030803358,0
28,P4,P4,Pre_P4,0,0.48768569229997455,0
28,P4,P4,Pre_P4,0,0.5380572751632575,1
28,P4,P4,Pre_P4,0,0.050553918862560346,0
28,P4,P4,Pre_P4,0,0.1330850033992037,0
28,P4,P4,Pre_P4,0,0.37170261552761885,0
28,P4,P4,Pre_P4,0,0.5867086903601068,1
28,P4,P4,Pre_P4,0,0.0816815989503687,0
28,P4,P4,Pre_P4,0,0.3641916295043889,0
28,P4,P4,Pre_P4,0,0.056391297590546875,0
28,P4,P4,Pre_P4,0,0.20690639415844278,0
28,P4,P4,Pre_P4,0,0.2760586609802921,0
28,P4,P4,Pre_P4,0,0.1403167076137149,0
28,P4,P4,Pre_P4,0,0.5775950754968764,1
28,P4,P4,Pre_P4,0,0.3558406896746918,0
28,P4,P4,Pre_P4,0,0.39156788321978897,0
28,P4,P4,Pre_P4,0,0.6721743153722453,1
28,P4,P4,Pre_P4,0,0.4960941142016585,0
28,P4,P4,Pre_P4,0,0.24170804410011978,0
28,P4,P4,Pre_P4,0,0.10562558791638799,0
28,P4,P4,Pre_P4,0,0.15378809522855327,0
28,P4,P4,Pre_P4,0,0.1971516111980007,0
28,P4,P4,Pre_P4,0,0.32922514663390806,0
28,P4,P4,Pre_P4,0,0.5274520093687276,1
28,P4,P4,Pre_P4,0,0.20217228659969333,0
28,P4,P4,Pre_P4,0,0.19104990117687293,0
28,P4,P4,Pre_P4,0,0.647794263562205,1
28,P4,P4,Pre_P4,0,0.007485719083122415,0
28,P4,P4,Pre_P4,0,0.377766900452563,0
28,P4,P4,Pre_P4,0,0.2947066236267033,0
28,P4,P4,Pre_P4,0,0.20188582708491215,0
28,P4,P4,Pre_P4,0,0.18259758424620753,0
28,P4,P4,Pre_P4,0,0.3839805112705569,0
28,P4,P4,Pre_P4,0,0.3729001102886181,0
28,P4,P4,Pre_P4,0,0.35237527614228054,0
28,P4,P4,Pre_P4,0,0.01147925346685181,0
28,P4,P4,Pre_P4,0,0.37405521974984207,0
28,P4,P4,Pre_P4,0,0.3226619245889754,0
28,P4,P4,Pre_P4,0,0.5731861338080111,1
28,P4,P4,Pre_P4,0,0.47406324441092423,0
28,P4,P4,Pre_P4,0,0.3853664405610606,0
28,P4,P4,Pre_P4,0,0.2995700270395614,0
28,P4,P4,Pre_P4,0,0.07140966309943476,0
28,P4,P4,Pre_P4,0,0.7108303905636479,1
28,P4,P4,Pre_P4,0,0.17650501470104352,0
28,P4,P4,Pre_P4,0,0.44858898342897024,0
28,P4,P4,Pre_P4,0,0.8671404325576676,1
28,P4,P4,Pre_P4,0,0.22046561335255066,0
28,P4,P4,Pre_P4,0,0.07853934378930053,0
28,P4,P4,Pre_P4,0,0.35815573638128545,0
28,P4,P4,Pre_P4,0,0.5024860092239768,1
28,P4,P4,Pre_P4,0,0.5323933877646121,1
28,P4,P4,Pre_P4,0,0.1980833000722015,0
28,P4,P4,Pre_P4,0,0.35349706395483904,0
28,P4,P4,Pre_P4,0,0.3690869779516853,0
28,P4,P4,Pre_P4,0,0.6291492251567881,1
28,P4,P4,Pre_P4,0,0.10603222526021149,0
28,P4,P4,Pre_P4,0,0.12428650509037785,0
28,P4,P4,Pre_P4,0,0.019510522701169895,0
28,P4,P4,Pre_P4,0,0.3528685891051793,0
28,P4,P4,Pre_P4,0,0.019359099621510917,0
28,P4,P4,Pre_P4,0,0.5082632097569015,1
28,P4,P4,Pre_P4,0,0.07877197079742944,0
28,P4,P4,Pre_P4,0,0.3240994803683766,0
28,P4,P4,Pre_P4,0,0.6514343726134031,1
28,P4,P4,Pre_P4,0,0.09456925950059443,0
28,P4,P4,Pre_P4,0,0.5449273467661779,1
28,P4,P4,Pre_P4,0,0.05218354592285354,0
28,P4,P4,Pre_P4,0,0.05435153453952524,0
28,P4,P4,Pre_P4,0,0.07469387265892857,0
28,P4,P4,Pre_P4,0,0.05706248157489844,0
28,P4,P4,Pre_P4,0,0.03814607202547284,0
28,P4,P4,Pre_P4,0,0.43127335731716754,0
28,P4,P4,Pre_P4,0,0.10197444611582021,0
28,P4,P4,Pre_P4,0,0.2635016916690105,0
28,P4,P4,Pre_P4,0,0.1265441530806049,0
28,P4,P4,Pre_P4,0,0.38045096250801413,0
28,P4,P4,Pre_P4,0,0.6267679476732375,1
28,P4,P4,Pre_P4,0,0.32073225088939616,0
28,P4,P4,Pre_P4,0,0.088015964912529,0
28,P4,P4,Pre_P4,0,0.486143948579856,0
28,P4,P4,Pre_P4,0,0.6238316469119651,1
28,P4,P4,Pre_P4,0,0.04960481392052264,0
28,P4,P4,Pre_P4,0,0.42999908307189144,0
28,P4,P4,Pre_P4,0,0.3346268913162832,0
28,P4,P4,Pre_P4,0,0.18520801702487028,0
28,P4,P4,Pre_P4,0,0.332194676859843,0
28,P4,P4,Pre_P4,0,0.41841406800299835,0
28,P4,P4,Pre_P4,0,0.6601228470342347,1
28,P4,P4,Pre_P4,0,0.7448367955734388,1
28,P4,P4,Pre_P4,0,0.5210131443364635,1
28,P4,P4,Pre_P4,0,0.607932964154284,1
28,P4,P4,Pre_P4,0,0.5316646512708367,1
28,P4,P4,Pre_P4,0,0.14209689286435567,0
28,P4,P4,Pre_P4,0,0.3538323137648537,0
28,P4,P4,Pre_P4,0,0.6924222035251826,1
28,P4,P4,Pre_P4,0,0.09670632668878835,0
28,P4,P4,Pre_P4,0,0.37545355827936155,0
28,P4,P4,Pre_P4,0,0.6407225756315639,1
28,P4,P4,Pre_P4,0,0.10220753336337728,0
28,P4,P4,Pre_P4,0,0.10413346163577952,0
28,P4,P4,Pre_P4,0,0.21215273537097065,0
28,P4,P4,Pre_P4,0,0.052335150362024345,0
28,P4,P4,Pre_P4,0,0.6044770168169468,1
28,P4,P4,Pre_P4,0,0.08147325692958567,0
28,P4,P4,Pre_P4,0,0.014618896852068897,0
28,P4,P4,Pre_P4,0,0.6146754389427586,1
28,P4,P4,Pre_P4,0,0.6503602153032092,1
28,P4,P4,Pre_P4,0,0.5399663483509055,1
28,P4,P4,Pre_P4,0,0.05995413768381228,0
28,P4,P4,Pre_P4,0,0.044091835017339966,0
28,P4,P4,Pre_P4,0,0.36632400654718805,0
28,P4,P4,Pre_P4,0,0.7345323939036332,1
28,P4,P4,Pre_P4,0,0.032636067658273246,0
28,P4,P4,Pre_P4,0,0.0947098822671663,0
28,P4,P4,Pre_P4,0,0.537824493201696,1
28,P4,P4,Pre_P4,0,0.013464455543037941,0
28,P4,P4,Pre_P4,0,0.20807226762457373,0
28,P4,P4,Pre_P4,0,0.24707456477258205,0
28,P4,P4,Pre_P4,0,0.019783396731113366,0
28,P4,P4,Pre_P4,0,0.04357737395626897,0
28,P4,P4,Pre_P4,0,0.5792185457742436,1
28,P4,P4,Pre_P4,0,0.07958998221193674,0
28,P4,P4,Pre_P4,0,0.15764445124657206,0
28,P4,P4,Pre_P4,0,0.18435497574450657,0
28,P4,P4,Pre_P4,0,0.01082939300605828,0
28,P4,P4,Pre_P4,0,0.027196838549351805,0
28,P4,P4,Pre_P4,0,0.028541312241280665,0
28,P4,P4,Pre_P4,0,0.21537810554801853,0
28,P4,P4,Pre_P4,0,0.026131411845462315,0
28,P4,P4,Pre_P4,0,0.21332228929493854,0
28,P4,P4,Pre_P4,0,0.2889148873048304,0
28,P4,P4,Pre_P4,0,0.45626958464075407,0
28,P4,P4,Pre_P4,0,0.015398644146317546,0
28,P4,P4,Pre_P4,0,0.03152484069493224,0
28,P4,P4,Pre_P4,0,0.2066305203098868,0
28,P4,P4,Pre_P4,0,0.5662462143673668,1
28,P4,P4,Pre_P4,0,0.20957870438990855,0
28,P4,P4,Pre_P4,0,0.06739839497096607,0
28,P4,P4,Pre_P4,0,0.08586381127411699,0
28,P4,P4,Pre_P4,0,0.4915867359034551,0
28,P4,P4,Pre_P4,0,0.4601853495050029,0
28,P4,P4,Pre_P4,0,0.053821350758741525,0
28,P4,P4,Pre_P4,0,0.3765032652638836,0
28,P4,P4,Pre_P4,0,0.4719468747972265,0
28,P4,P4,Pre_P4,0,0.5169117179633435,1
28,P4,P4,Pre_P4,0,0.5333819962237697,1
28,P4,P4,Pre_P4,0,0.7054724425442483,1
28,P4,P4,Pre_P4,0,0.3239958769100959,0
28,P4,P4,Pre_P4,0,0.4164480979527301,0
28,P4,P4,Pre_P4,0,0.5280218312222213,1
28,P4,P4,Pre_P4,0,0.03692751583274649,0
28,P4,P4,Pre_P4,0,0.16703036307427926,0
28,P4,P4,Pre_P4,0,0.33308120561329807,0
28,P4,P4,Pre_P4,0,0.2004085167733521,0
28,P4,P4,Pre_P4,0,0.6848147499000337,1
28,P4,P4,Pre_P4,0,0.29029069338606706,0
28,P4,P4,Pre_P4,0,0.08220411184522937,0
28,P4,P4,Pre_P4,0,0.20282602881710268,0
28,P4,P4,Pre_P4,0,0.33050421441357725,0
28,P4,P4,Pre_P4,0,0.2925937586454347,0
28,P4,P4,Pre_P4,0,0.02033294093935322,0
28,P4,P4,Pre_P4,0,0.6936869268027578,1
28,P4,P4,Pre_P4,0,0.3075982321958705,0
28,P4,P4,Pre_P4,0,0.4437348129954908,0
28,P4,P4,Pre_P4,0,0.4122784925561224,0
28,P4,P4,Pre_P4,0,0.22847975833399528,0
28,P4,P4,Pre_P4,0,0.3705147024673515,0
28,P4,P4,Pre_P4,0,0.028753327206581455,0
28,P4,P4,Pre_P4,0,0.039616040569791684,0
28,P4,P4,Pre_P4,0,0.6251450333368411,1
28,P4,P4,Pre_P4,0,0.2421080073369575,0
28,P4,P4,Pre_P4,0,0.14644403860092278,0
28,P4,P4,Pre_P4,0,0.2820821628266675,0
28,P4,P4,Pre_P4,0,0.5256328153702887,1
28,P4,P4,Post_P4,1,0.7985885145221313,1
28,P4,P4,Post_P4,1,0.7684675735275349,1
28,P4,P4,Post_P4,1,0.7447051356147182,1
28,P4,P4,Post_P4,1,0.7259463951864366,1
28,P4,P4,Post_P4,1,0.5226241050121294,1
28,P4,P4,Post_P4,1,0.6589980282895583,1
28,P4,P4,Post_P4,1,0.34609592360373714,0
28,P4,P4,Post_P4,1,0.6594718686918258,1
28,P4,P4,Post_P4,1,0.5180004076129813,1
28,P4,P4,Post_P4,1,0.8003950449648843,1
28,P4,P4,Post_P4,1,0.7110063541526123,1
28,P4,P4,Post_P4,1,0.6808193767997232,1
28,P4,P4,Post_P4,1,0.8416471102450019,1
28,P4,P4,Post_P4,1,0.5423028319872254,1
28,P4,P4,Post_P4,1,0.8574865132273494,1
28,P4,P4,Post_P4,1,0.633814838897692,1
28,P4,P4,Post_P4,1,0.7311645771784234,1
28,P4,P4,Post_P4,1,0.6043446375335765,1
28,P4,P4,Post_P4,1,0.5170215768852824,1
28,P4,P4,Post_P4,1,0.47909429700986667,0
28,P4,P4,Post_P4,1,0.8506857545881181,1
28,P4,P4,Post_P4,1,0.7527740166818699,1
28,P4,P4,Post_P4,1,0.5565225915763491,1
28,P4,P4,Post_P4,1,0.6309964697332509,1
28,P4,P4,Post_P4,1,0.876928305511917,1
28,P4,P4,Post_P4,1,0.5115870133000149,1
28,P4,P4,Post_P4,1,0.5469805937015917,1
28,P4,P4,Post_P4,1,0.7343297331214157,1
28,P4,P4,Post_P4,1,0.5823192941508413,1
28,P4,P4,Post_P4,1,0.772028611494233,1
28,P4,P4,Post_P4,1,0.6006690740587431,1
28,P4,P4,Post_P4,1,0.6521243461904219,1
28,P4,P4,Post_P4,1,0.7369921741656812,1
28,P4,P4,Post_P4,1,0.8131286446290982,1
28,P4,P4,Post_P4,1,0.4180467058042963,0
28,P4,P4,Post_P4,1,0.6966498996509567,1
28,P4,P4,Post_P4,1,0.5209363582404779,1
28,P4,P4,Post_P4,1,0.6284287970904846,1
28,P4,P4,Post_P4,1,0.40633650342280264,0
28,P4,P4,Post_P4,1,0.8787546239000983,1
28,P4,P4,Post_P4,1,0.72346418181405,1
28,P4,P4,Post_P4,1,0.6916162747442347,1
28,P4,P4,Post_P4,1,0.6681684093440083,1
28,P4,P4,Post_P4,1,0.832996742657411,1
28,P4,P4,Post_P4,1,0.25038172075118675,0
28,P4,P4,Post_P4,1,0.47630908379765474,0
28,P4,P4,Post_P4,1,0.7028768415948606,1
28,P4,P4,Post_P4,1,0.5845061989374443,1
28,P4,P4,Post_P4,1,0.36858308706687043,0
28,P4,P4,Post_P4,1,0.8829596289476825,1
28,P4,P4,Post_P4,1,0.5131440742873034,1
28,P4,P4,Post_P4,1,0.5755420260091474,1
28,P4,P4,Post_P4,1,0.7603370310960342,1
28,P4,P4,Post_P4,1,0.8287562899575106,1
28,P4,P4,Post_P4,1,0.5190284853558529,1
28,P4,P4,Post_P4,1,0.6587859344956621,1
28,P4,P4,Post_P4,1,0.6466333141214372,1
28,P4,P4,Post_P4,1,0.7793325681794692,1
28,P4,P4,Post_P4,1,0.5411013900230981,1
28,P4,P4,Post_P4,1,0.39937036122853425,0
28,P4,P4,Post_P4,1,0.5506175027720114,1
28,P4,P4,Post_P4,1,0.6791420279012288,1
28,P4,P4,Post_P4,1,0.7075462629289231,1
28,P4,P4,Post_P4,1,0.6651574976135113,1
28,P4,P4,Post_P4,1,0.7667355317315849,1
28,P4,P4,Post_P4,1,0.5503001896310405,1
28,P4,P4,Post_P4,1,0.5823273339725824,1
28,P4,P4,Post_P4,1,0.7698346594372923,1
28,P4,P4,Post_P4,1,0.8289690349052311,1
28,P4,P4,Post_P4,1,0.59633875279635,1
28,P4,P4,Post_P4,1,0.6150102782309306,1
28,P4,P4,Post_P4,1,0.7569629010774368,1
28,P4,P4,Post_P4,1,0.342070106266877,0
28,P4,P4,Post_P4,1,0.5931902252870705,1
28,P4,P4,Post_P4,1,0.7549218586987502,1
28,P4,P4,Post_P4,1,0.7859790055262064,1
28,P4,P4,Post_P4,1,0.6538353640668048,1
28,P4,P4,Post_P4,1,0.7031233080622393,1
28,P4,P4,Post_P4,1,0.4304863891420707,0
28,P4,P4,Post_P4,1,0.49109430510904867,0
28,P4,P4,Post_P4,1,0.6504918179614371,1
28,P4,P4,Post_P4,1,0.7161265485669396,1
28,P4,P4,Post_P4,1,0.7048361493042391,1
28,P4,P4,Post_P4,1,0.6886604051452269,1
28,P4,P4,Post_P4,1,0.688782309781684,1
28,P4,P4,Post_P4,1,0.6413872448104819,1
28,P4,P4,Post_P4,1,0.4917909277811564,0
28,P4,P4,Post_P4,1,0.6883025792332275,1
28,P4,P4,Post_P4,1,0.5062209882459557,1
28,P4,P4,Post_P4,1,0.8320354457045048,1
28,P4,P4,Post_P4,1,0.5868370945067708,1
28,P4,P4,Post_P4,1,0.6097442427847974,1
28,P4,P4,Post_P4,1,0.36269375677894355,0
28,P4,P4,Post_P4,1,0.6082235265900313,1
28,P4,P4,Post_P4,1,0.6378182296832907,1
28,P4,P4,Post_P4,1,0.7808862548133039,1
28,P4,P4,Post_P4,1,0.7583184196481126,1
28,P4,P4,Post_P4,1,0.8100712460905033,1
28,P4,P4,Post_P4,1,0.6313580695873962,1
28,P4,P4,Post_P4,1,0.5055073298680117,1
28,P4,P4,Post_P4,1,0.7817156270413805,1
28,P4,P4,Post_P4,1,0.6758285567812135,1
28,P4,P4,Post_P4,1,0.6930209608611096,1
28,P4,P4,Post_P4,1,0.6415894528040745,1
28,P4,P4,Post_P4,1,0.76345863697037,1
28,P4,P4,Post_P4,1,0.5445670400417869,1
28,P4,P4,Post_P4,1,0.5551818879408714,1
28,P4,P4,Post_P4,1,0.4606016188052361,0
28,P4,P4,Post_P4,1,0.2075479865661158,0
28,P4,P4,Post_P4,1,0.32707759235606626,0
28,P4,P4,Post_P4,1,0.43979184107786173,0
28,P4,P4,Post_P4,1,0.7214437315264115,1
28,P4,P4,Post_P4,1,0.4727208497704413,0
28,P4,P4,Post_P4,1,0.5988986542635426,1
28,P4,P4,Post_P4,1,0.5954115538439879,1
28,P4,P4,Post_P4,1,0.7133227574550919,1
28,P4,P4,Post_P4,1,0.8056790438860081,1
28,P4,P4,Post_P4,1,0.6315205868885592,1
28,P4,P4,Post_P4,1,0.6116616395409699,1
28,P4,P4,Post_P4,1,0.7108665949657101,1
28,P4,P4,Post_P4,1,0.8092143693832258,1
28,P4,P4,Post_P4,1,0.7301743806729813,1
28,P4,P4,Post_P4,1,0.6926546983208381,1
28,P4,P4,Post_P4,1,0.41323242773947927,0
28,P4,P4,Post_P4,1,0.7589775958614681,1
28,P4,P4,Post_P4,1,0.4875446972054007,0
28,P4,P4,Post_P4,1,0.3257327943387525,0
28,P4,P4,Post_P4,1,0.5784027140328912,1
28,P4,P4,Post_P4,1,0.8403111859568639,1
28,P4,P4,Post_P4,1,0.6979756713941982,1
28,P4,P4,Post_P4,1,0.20406036050443413,0
28,P4,P4,Post_P4,1,0.6082239745112115,1
28,P4,P4,Post_P4,1,0.6062537216919527,1
28,P4,P4,Post_P4,1,0.861331287649769,1
28,P4,P4,Post_P4,1,0.7767316212937966,1
28,P4,P4,Post_P4,1,0.4499507499530102,0
28,P4,P4,Post_P4,1,0.6466773702572889,1
28,P4,P4,Post_P4,1,0.40568463172649444,0
28,P4,P4,Post_P4,1,0.5925724343182742,1
28,P4,P4,Post_P4,1,0.6700381114813685,1
28,P4,P4,Post_P4,1,0.7603752019205495,1
28,P4,P4,Post_P4,1,0.8305445163881492,1
28,P4,P4,Post_P4,1,0.5713467728484266,1
28,P4,P4,Post_P4,1,0.4365783231462888,0
28,P4,P4,Post_P4,1,0.6079440053227833,1
28,P4,P4,Post_P4,1,0.5946842985026383,1
28,P4,P4,Post_P4,1,0.7550955767325798,1
28,P4,P4,Post_P4,1,0.8197308905060254,1
28,P4,P4,Post_P4,1,0.7125835072163995,1
28,P4,P4,Post_P4,1,0.7563699869284897,1
28,P4,P4,Post_P4,1,0.8249026744418831,1
28,P4,P4,Post_P4,1,0.49120823646691425,0
28,P4,P4,Post_P4,1,0.7398527438290483,1
28,P4,P4,Post_P4,1,0.8200533452988171,1
28,P4,P4,Post_P4,1,0.5699757160724737,1
28,P4,P4,Post_P4,1,0.7830452120933085,1
28,P4,P4,Post_P4,1,0.6069052169102268,1
28,P4,P4,Post_P4,1,0.694853573248453,1
28,P4,P4,Post_P4,1,0.47345243474861065,0
28,P4,P4,Post_P4,1,0.5914267032347418,1
28,P4,P4,Post_P4,1,0.5770991745005591,1
28,P4,P4,Post_P4,1,0.7550739377678708,1
28,P4,P4,Post_P4,1,0.7719199520892341,1
28,P4,P4,Post_P4,1,0.6952288681219089,1
28,P4,P4,Post_P4,1,0.8440044735409699,1
28,P4,P4,Post_P4,1,0.48223076774264934,0
28,P4,P4,Post_P4,1,0.5727117070828045,1
28,P4,P4,Post_P4,1,0.7489238635991622,1
28,P4,P4,Post_P4,1,0.41074753792954866,0
28,P4,P4,Post_P4,1,0.7325046020145038,1
28,P4,P4,Post_P4,1,0.651749610354108,1
28,P4,P4,Post_P4,1,0.8224960154555339,1
28,P4,P4,Post_P4,1,0.3253294555852877,0
28,P4,P4,Post_P4,1,0.7006796689910446,1
28,P4,P4,Post_P4,1,0.8565782833033269,1
28,P4,P4,Post_P4,1,0.7502218073674985,1
28,P4,P4,Post_P4,1,0.6575581151285388,1
28,P4,P4,Post_P4,1,0.5682788157405362,1
28,P4,P4,Post_P4,1,0.8316385780670731,1
28,P4,P4,Post_P4,1,0.7496988288734546,1
28,P4,P4,Post_P4,1,0.8516064769705475,1
28,P4,P4,Post_P4,1,0.44882641721695327,0
28,P4,P4,Post_P4,1,0.8336635614575328,1
28,P4,P4,Post_P4,1,0.6950037638819359,1
28,P4,P4,Post_P4,1,0.7283014235249579,1
28,P4,P4,Post_P4,1,0.637664349047861,1
28,P4,P4,Post_P4,1,0.541677310870601,1
28,P4,P4,Post_P4,1,0.7149813886080963,1
28,P4,P4,Post_P4,1,0.8089917728355518,1
28,P4,P4,Post_P4,1,0.462644749323178,0
28,P4,P4,Post_P4,1,0.7781046274128244,1
28,P4,P4,Post_P4,1,0.7157122097738873,1
28,P4,P4,Post_P4,1,0.6070484964181472,1
28,P4,P4,Post_P4,1,0.6761804708969538,1
28,P4,P4,Post_P4,1,0.8772430715082815,1
28,P4,P4,Post_P4,1,0.3478269269416363,0
28,P4,P4,Post_P4,1,0.6771817577901559,1
28,P4,P4,Post_P4,1,0.6352506884295349,1
28,P4,P4,Post_P4,1,0.7198614675426909,1
28,P4,P4,Post_P4,1,0.6866856888726498,1
28,P4,P4,Post_P4,1,0.823214449788939,1
28,P4,P4,Post_P4,1,0.5130574979819963,1
28,P4,P4,Post_P4,1,0.8201126813808312,1
28,P4,P4,Post_P4,1,0.7747044331806617,1
28,P4,P4,Post_P4,1,0.7923860500996589,1
28,P4,P4,Post_P4,1,0.7242732736702318,1
28,P4,P4,Post_P4,1,0.802556021362629,1
28,P4,P4,Post_P4,1,0.7081494829842575,1
28,P4,P4,Post_P4,1,0.37745492774107076,0
28,P4,P4,Post_P4,1,0.6127925239107462,1
28,P4,P4,Post_P4,1,0.7165804381365452,1
28,P4,P4,Post_P4,1,0.8164767860314508,1
28,P4,P4,Post_P4,1,0.6588346074809387,1
28,P4,P4,Post_P4,1,0.40896956622014435,0
28,P4,P4,Post_P4,1,0.46001077038982136,0
28,P4,P4,Post_P4,1,0.8361214786706315,1
28,P4,P4,Post_P4,1,0.850192955458698,1
28,P4,P4,Post_P4,1,0.7556152546441752,1
28,P4,P4,Post_P4,1,0.5395957876961911,1
28,P4,P4,Post_P4,1,0.8294505977105987,1
28,P4,P4,Post_P4,1,0.6077031309017542,1
28,P4,P4,Post_P4,1,0.5382279184179966,1
28,P4,P4,Post_P4,1,0.652799769132715,1
28,P4,P4,Post_P4,1,0.7593282222425766,1
28,P4,P4,Post_P4,1,0.7783412737825463,1
28,P4,P4,Post_P4,1,0.7793581208041436,1
28,P4,P4,Post_P4,1,0.8004529914099829,1
28,P4,P4,Post_P4,1,0.6621085814911987,1
28,P4,P4,Post_P4,1,0.7189023419553385,1
28,P4,P4,Post_P4,1,0.4914871893417336,0
28,P4,P4,Post_P4,1,0.5221746269480336,1
28,P4,P4,Post_P4,1,0.8349044401634856,1
28,P4,P4,Post_P4,1,0.4976765370060064,0
28,P4,P4,Post_P4,1,0.501223261084299,1
28,P4,P4,Post_P4,1,0.6424850974140992,1
28,P4,P4,Post_P4,1,0.41230215711491247,0
28,P4,P4,Post_P4,1,0.6903532387913465,1
28,P4,P4,Post_P4,1,0.6812747388019895,1
28,P4,P4,Post_P4,1,0.6657569909585005,1
28,P4,P4,Post_P4,1,0.586294485104651,1
28,P4,P4,Post_P4,1,0.6120387361963251,1
28,P4,P4,Post_P4,1,0.6306219062491192,1
28,P4,P4,Post_P4,1,0.8307175541578959,1
28,P4,P4,Post_P4,1,0.7078644980875449,1
28,P4,P4,Post_P4,1,0.7215864670380191,1
28,P4,P4,Post_P4,1,0.7377017847986761,1
28,P4,P4,Post_P4,1,0.8133052790874801,1
28,P4,P4,Post_P4,1,0.7412722526445081,1
28,P4,P4,Post_P4,1,0.4666598653013243,0
28,P4,P4,Post_P4,1,0.4548516625151579,0
28,P4,P4,Post_P4,1,0.937990177440839,1
28,P4,P4,Post_P4,1,0.7782322782002886,1
28,P4,P4,Post_P4,1,0.7628465750712969,1
28,P4,P4,Post_P4,1,0.7446897602017511,1
28,P4,P4,Post_P4,1,0.6694077868534396,1
28,P4,P4,Post_P4,1,0.6433484736639342,1
28,P4,P4,Post_P4,1,0.49361993562282014,0
28,P4,P4,Post_P4,1,0.6896366552144474,1
28,P4,P4,Post_P4,1,0.3194660838538606,0
28,P4,P4,Post_P4,1,0.5774997591889355,1
28,P4,P4,Post_P4,1,0.6277812404803873,1
28,P4,P4,Post_P4,1,0.5316434119154221,1
28,P4,P4,Post_P4,1,0.44812284421753174,0
28,P4,P4,Post_P4,1,0.9085476860742414,1
28,P4,P4,Post_P4,1,0.3279191519569613,0
28,P4,P4,Post_P4,1,0.5714871064669164,1
28,P4,P4,Post_P4,1,0.6896912080747225,1
28,P4,P4,Post_P4,1,0.8112542609727782,1
28,P4,P4,Post_P4,1,0.6825705154553019,1
28,P4,P4,Post_P4,1,0.5525126587892554,1
28,P4,P4,Post_P4,1,0.587457744066698,1
28,P4,P4,Post_P4,1,0.6864441406932487,1
28,P4,P4,Post_P4,1,0.6566592334178539,1
28,P4,P4,Post_P4,1,0.782256304494653,1
28,P4,P4,Post_P4,1,0.7891940667087958,1
28,P4,P4,Post_P4,1,0.6006073510570646,1
28,P4,P4,Post_P4,1,0.45956647843881515,0
28,P4,P4,Post_P4,1,0.7018970983835521,1
28,P4,P4,Post_P4,1,0.7918502132559136,1
28,P4,P4,Post_P4,1,0.42581642716606444,0
28,P4,P4,Post_P4,1,0.853604548792461,1
28,P4,P4,Post_P4,1,0.5337194208881215,1
28,P4,P4,Post_P4,1,0.5227812910128308,1
28,P4,P4,Post_P4,1,0.8610768213766686,1
28,P4,P4,Post_P4,1,0.3236671456131261,0
28,P4,P4,Post_P4,1,0.5244734680201838,1
28,P4,P4,Post_P4,1,0.7810152851231484,1
28,P4,P4,Post_P4,1,0.8504083427466496,1
28,P4,P4,Post_P4,1,0.7664169478346401,1
28,P4,P4,Post_P4,1,0.8797881113344131,1
28,P4,P4,Post_P4,1,0.7286909217840029,1
28,P4,P4,Post_P4,1,0.7318058071933146,1
28,P4,P4,Post_P4,1,0.7542221254189456,1
28,P4,P4,Post_P4,1,0.6437798459956424,1
28,P4,P4,Post_P4,1,0.5781501993164017,1
28,P4,P4,Post_P4,1,0.23623057630917532,0
28,P4,P4,Post_P4,1,0.7861701386525365,1
28,P4,P4,Post_P4,1,0.773522683339867,1
28,P4,P4,Post_P4,1,0.09462625491819411,0
28,P4,P4,Post_P4,1,0.4959940408524201,0
28,P4,P4,Post_P4,1,0.784335072776854,1
28,P4,P4,Post_P4,1,0.6664387596105983,1
28,P4,P4,Post_P4,1,0.8572826369434645,1
28,P4,P4,Post_P4,1,0.5500997986575957,1
28,P4,P4,Post_P4,1,0.5796313224747511,1
28,P4,P4,Post_P4,1,0.5647236455603472,1
28,P4,P4,Post_P4,1,0.7564579070218783,1
28,P4,P4,Post_P4,1,0.8485352245266188,1
28,P4,P4,Post_P4,1,0.7742599277621494,1
28,P4,P4,Post_P4,1,0.6759225086533136,1
28,P4,P4,Post_P4,1,0.5374812391668984,1
28,P4,P4,Post_P4,1,0.77529090558569,1
28,P4,P4,Post_P4,1,0.688999452599853,1
28,P4,P4,Post_P4,1,0.8528483180731986,1
28,P4,P4,Post_P4,1,0.7177379351751539,1
28,P4,P4,Post_P4,1,0.5516439907099282,1
28,P4,P4,Post_P4,1,0.658648460767163,1
28,P4,P4,Post_P4,1,0.32740674076864706,0
28,P4,P4,Post_P4,1,0.5711877919444278,1
28,P4,P4,Post_P4,1,0.39940149939665337,0
28,P4,P4,Post_P4,1,0.4015743663672878,0
28,P4,P4,Post_P4,1,0.6000863014544291,1
28,P4,P4,Post_P4,1,0.8147106707480429,1
28,P4,P4,Post_P4,1,0.622869875635666,1
28,P4,P4,Post_P4,1,0.4160856828083354,0
28,P4,P4,Post_P4,1,0.8131214446500517,1
28,P4,P4,Post_P4,1,0.5729113216598128,1
28,P4,P4,Post_P4,1,0.573928898852498,1
28,P4,P4,Post_P4,1,0.7419715368762625,1
28,P4,P4,Post_P4,1,0.668236687678825,1
28,P4,P4,Post_P4,1,0.743592417887571,1
28,P4,P4,Post_P4,1,0.8002965027809771,1
28,P4,P4,Post_P4,1,0.6212018242907043,1
28,P4,P4,Post_P4,1,0.566034507996062,1
28,P4,P4,Post_P4,1,0.532722294665098,1
28,P4,P4,Post_P4,1,0.789962621756612,1
28,P4,P4,Post_P4,1,0.8017810823264284,1
28,P4,P4,Post_P4,1,0.6975583999833607,1
28,P4,P4,Post_P4,1,0.7270385673229434,1
28,P4,P4,Post_P4,1,0.4383215774092097,0
28,P4,P4,Post_P4,1,0.6252814477009988,1
28,P4,P4,Post_P4,1,0.6147267903254284,1
28,P4,P4,Post_P4,1,0.7453028311820402,1
28,P4,P4,Post_P4,1,0.4514223433147364,0
28,P4,P4,Post_P4,1,0.7145415714475924,1
28,P4,P4,Post_P4,1,0.6079237363144765,1
28,P4,P4,Post_P4,1,0.760049666956837,1
28,P4,P4,Post_P4,1,0.8535765282365013,1
28,P4,P4,Post_P4,1,0.6602631991892808,1
28,P4,P4,Post_P4,1,0.6585293845824007,1
28,P4,P4,Post_P4,1,0.7862630517569799,1
28,P4,P4,Post_P4,1,0.4367930627573643,0
28,P4,P4,Post_P4,1,0.6670487920065473,1
28,P4,P4,Post_P4,1,0.47524807373454103,0
28,P4,P4,Post_P4,1,0.6537095409291039,1
28,P4,P4,Post_P4,1,0.6821294118452742,1
28,P4,P4,Post_P4,1,0.8145095981520609,1
28,P4,P4,Post_P4,1,0.754564790265403,1
28,P4,P4,Post_P4,1,0.4382631794145594,0
28,P4,P4,Post_P4,1,0.7710507931950528,1
28,P4,P4,Post_P4,1,0.7628021920794987,1
28,P4,P4,Post_P4,1,0.7473659078320153,1
28,P4,P4,Post_P4,1,0.7010952271898634,1
28,P4,P4,Post_P4,1,0.7463836430532608,1
28,P4,P4,Post_P4,1,0.5835899543040187,1
28,P4,P4,Post_P4,1,0.6679075283198762,1
28,P4,P4,Post_P4,1,0.6861392817553313,1
28,P4,P4,Post_P4,1,0.5145047296591977,1
28,P4,P4,Post_P4,1,0.6619968802327543,1
28,P4,P4,Post_P4,1,0.5228439626690852,1
28,P4,P4,Post_P4,1,0.7262190982829689,1
28,P4,P4,Post_P4,1,0.8237649776406772,1
28,P4,P4,Post_P4,1,0.6936857248217126,1
28,P4,P4,Post_P4,1,0.5453889436468056,1
28,P4,P4,Post_P4,1,0.7782255052434609,1
28,P4,P4,Post_P4,1,0.49763050124091257,0
28,P4,P4,Post_P4,1,0.5130118966345656,1
28,P4,P4,Post_P4,1,0.8710051608852171,1
28,P4,P4,Post_P4,1,0.8027655292857067,1
28,P4,P4,Post_P4,1,0.7688167502047099,1
28,P4,P4,Post_P4,1,0.7351328111972927,1
28,P4,P4,Post_P4,1,0.5327065031254941,1
28,P4,P4,Post_P4,1,0.695195551682362,1
28,P4,P4,Post_P4,1,0.6603930755018285,1
28,P4,P4,Post_P4,1,0.8056408818239126,1
28,P4,P4,Post_P4,1,0.5530122918415505,1
28,P4,P4,Post_P4,1,0.7183143089317583,1
28,P4,P4,Post_P4,1,0.7191326268510417,1
28,P4,P4,Post_P4,1,0.6311790161916914,1
28,P4,P4,Post_P4,1,0.5119733866452367,1
28,P4,P4,Post_P4,1,0.5377074215074121,1
28,P4,P4,Post_P4,1,0.5881542632716935,1
28,P4,P4,Post_P4,1,0.6728800008726507,1
28,P4,P4,Post_P4,1,0.7566030917368045,1
28,P4,P4,Post_P4,1,0.7381879693366077,1
28,P4,P4,Post_P4,1,0.5103899084041366,1
28,P4,P4,Post_P4,1,0.6923291819817352,1
28,P4,P4,Post_P4,1,0.5085647521752945,1
28,P4,P4,Post_P4,1,0.42846283156702303,0
28,P4,P4,Post_P4,1,0.6079031196486689,1
28,P4,P4,Post_P4,1,0.45063995293136294,0
28,P4,P4,Post_P4,1,0.6375111690504731,1
28,P4,P4,Post_P4,1,0.6059671007876497,1
28,P4,P4,Post_P4,1,0.5239679626093813,1
28,P4,P4,Post_P4,1,0.7401024238606116,1
28,P4,P4,Post_P4,1,0.42999297430917255,0
28,P4,P4,Post_P4,1,0.669665836388857,1
28,P4,P4,Post_P4,1,0.5297238625787672,1
28,P4,P4,Post_P4,1,0.6712406639240271,1
28,P4,P4,Post_P4,1,0.7144034638318851,1
28,P4,P4,Post_P4,1,0.442830422119656,0
28,P4,P4,Post_P4,1,0.47590880374192085,0
28,P4,P4,Post_P4,1,0.6074609597071841,1
28,P4,P4,Post_P4,1,0.7516564278821503,1
28,P4,P4,Post_P4,1,0.7081906061861005,1
28,P4,P4,Post_P4,1,0.46635732280340897,0
28,P4,P4,Post_P4,1,0.7707234337450427,1
28,P4,P4,Post_P4,1,0.4624145383468585,0
28,P4,P4,Post_P4,1,0.8575563139742719,1
28,P4,P4,Post_P4,1,0.683001186845771,1
28,P4,P4,Post_P4,1,0.44237961014636834,0
28,P4,P4,Post_P4,1,0.7319367649217831,1
28,P4,P4,Post_P4,1,0.7171297826707623,1
28,P4,P4,Post_P4,1,0.7245203172531347,1
28,P4,P4,Post_P4,1,0.4924434373622279,0
28,P4,P4,Post_P4,1,0.42427054952703946,0
28,P4,P4,Post_P4,1,0.6235321848569756,1
28,P4,P4,Post_P4,1,0.6578151744726956,1
28,P4,P4,Post_P4,1,0.684919165965847,1
28,P4,P4,Post_P4,1,0.5748152557958964,1
28,P4,P4,Post_P4,1,0.574406722529382,1
28,P4,P4,Post_P4,1,0.41184756490501007,0
28,P4,P4,Post_P4,1,0.5254497712914621,1
28,P4,P4,Post_P4,1,0.47168017106804316,0
28,P4,P4,Post_P4,1,0.8404734759455305,1
28,P4,P4,Post_P4,1,0.4761405245902244,0
28,P4,P4,Post_P4,1,0.6610927366162292,1
28,P4,P4,Post_P4,1,0.4752883788707694,0
28,P4,P4,Post_P4,1,0.7703232561280279,1
28,P4,P4,Post_P4,1,0.37563647877076994,0
28,P4,P4,Post_P4,1,0.8475982807281512,1
28,P4,P4,Post_P4,1,0.28043706786884437,0
28,P4,P4,Post_P4,1,0.5426268931087103,1
28,P4,P4,Post_P4,1,0.6224233930534264,1
28,P4,P4,Post_P4,1,0.46318285122550906,0
28,P4,P4,Post_P4,1,0.4065039245704372,0
28,P4,P4,Post_P4,1,0.7206202021158129,1
28,P4,P4,Post_P4,1,0.7098678924609583,1
28,P4,P4,Post_P4,1,0.4976496752331081,0
28,P4,P4,Post_P4,1,0.7054236422858898,1
28,P4,P4,Post_P4,1,0.9049756670525732,1
28,P4,P4,Post_P4,1,0.5137250433047706,1
28,P4,P4,Post_P4,1,0.45169230045689707,0
28,P4,P4,Post_P4,1,0.5779843127287306,1
28,P4,P4,Post_P4,1,0.39014468997573876,0
28,P4,P4,Post_P4,1,0.38426362119523727,0
28,P4,P4,Post_P4,1,0.5820218660808462,1
28,P4,P4,Post_P4,1,0.33223630607629456,0
28,P4,P4,Post_P4,1,0.6930768196012109,1
28,P4,P4,Post_P4,1,0.3693275543178215,0
28,P4,P4,Post_P4,1,0.6951531632749313,1
28,P4,P4,Post_P4,1,0.16176690544666833,0
28,P4,P4,Post_P4,1,0.5577300297057032,1
28,P4,P4,Post_P4,1,0.4176902951394656,0
28,P4,P4,Post_P4,1,0.6235381687755667,1
28,P4,P4,Post_P4,1,0.7472461612054603,1
28,P4,P4,Post_P4,1,0.6015325693319861,1
28,P4,P4,Post_P4,1,0.2988846000947126,0
28,P4,P4,Post_P4,1,0.5870709001221794,1
28,P4,P4,Post_P4,1,0.8081450893387778,1
28,P4,P4,Post_P4,1,0.8246731839731791,1
28,P4,P4,Post_P4,1,0.6026338221408953,1
28,P4,P4,Post_P4,1,0.847453609258459,1
28,P4,P4,Post_P4,1,0.45437701602894415,0
28,P4,P4,Post_P4,1,0.22721207475325625,0
28,P4,P4,Post_P4,1,0.6870039862365426,1
28,P4,P4,Post_P4,1,0.4688877976975615,0
28,P4,P4,Post_P4,1,0.7505004836378631,1
28,P4,P4,Post_P4,1,0.27662714988977793,0
28,P4,P4,Post_P4,1,0.34960682141343563,0
28,P4,P4,Post_P4,1,0.6465349386950645,1
28,P4,P4,Post_P4,1,0.6130857912217293,1
28,P4,P4,Post_P4,1,0.5035204787789789,1
28,P4,P4,Post_P4,1,0.7636627684849876,1
28,P4,P4,Post_P4,1,0.32185057705717857,0
28,P4,P4,Post_P4,1,0.7485884130155893,1
28,P4,P4,Post_P4,1,0.6180532063524854,1
28,P4,P4,Post_P4,1,0.5002231094291377,1
28,P4,P4,Post_P4,1,0.6135642680549833,1
28,P4,P4,Post_P4,1,0.6250910714027526,1
28,P4,P4,Post_P4,1,0.25028104392129996,0
28,P4,P4,Post_P4,1,0.47354371630445485,0
28,P4,P4,Post_P4,1,0.7038418811127015,1
28,P4,P4,Post_P4,1,0.5887332402468443,1
28,P4,P4,Post_P4,1,0.36769195667805693,0
28,P4,P4,Post_P4,1,0.4735235254351502,0
28,P4,P4,Post_P4,1,0.6315452031843817,1
28,P4,P4,Post_P4,1,0.5247512940693252,1
28,P4,P4,Post_P4,1,0.43461095151512424,0
28,P4,P4,Post_P4,1,0.282712260370051,0
28,P4,P4,Post_P4,1,0.3801545748570917,0
28,P4,P4,Post_P4,1,0.5138186629859676,1
28,P4,P4,Post_P4,1,0.6450484142171251,1
28,P4,P4,Post_P4,1,0.7037141530465278,1
28,P4,P4,Post_P4,1,0.5745759378192333,1
28,P4,P4,Post_P4,1,0.8446505867759891,1
28,P4,P4,Post_P4,1,0.5087835080729117,1
28,P4,P4,Post_P4,1,0.8827772838373824,1
28,P4,P4,Post_P4,1,0.8043669350396109,1
28,P4,P4,Post_P4,1,0.5294150770553152,1
28,P4,P4,Post_P4,1,0.7617340823016593,1
28,P4,P4,Post_P4,1,0.12176280921442084,0
28,P4,P4,Post_P4,1,0.5770436777967207,1
28,P4,P4,Post_P4,1,0.4947791298223644,0
28,P4,P4,Post_P4,1,0.42129786077305886,0
28,P4,P4,Post_P4,1,0.26177245244977876,0
28,P4,P4,Post_P4,1,0.7907628698710616,1
28,P4,P4,Post_P4,1,0.574055617165947,1
28,P4,P4,Post_P4,1,0.7729292408713468,1
28,P4,P4,Post_P4,1,0.7294813093948418,1
28,P4,P4,Post_P4,1,0.614833899670436,1
28,P4,P4,Post_P4,1,0.7846693769185162,1
28,P4,P4,Post_P4,1,0.7436039294288158,1
28,P4,P4,Post_P4,1,0.33766896990832507,0
28,P4,P4,Post_P4,1,0.7232287494026693,1
28,P4,P4,Post_P4,1,0.2975250171858933,0
28,P4,P4,Post_P4,1,0.4339229697241558,0
28,P4,P4,Post_P4,1,0.5047558720897801,1
28,P4,P4,Post_P4,1,0.8156172424897485,1
28,P4,P4,Post_P4,1,0.3398563781691655,0
28,P4,P4,Post_P4,1,0.1903932687621811,0
28,P4,P4,Post_P4,1,0.41590774815223613,0
28,P4,P4,Post_P4,1,0.6940985178181431,1
28,P4,P4,Post_P4,1,0.2819497178312564,0
28,P4,P4,Post_P4,1,0.5342835443132925,1
28,P4,P4,Post_P4,1,0.8851773745700157,1
28,P4,P4,Post_P4,1,0.7116423843603983,1
28,P4,P4,Post_P4,1,0.4455871439099918,0
28,P4,P4,Post_P4,1,0.301097787847243,0
28,P4,P4,Post_P4,1,0.6005447691927359,1
28,P4,P4,Post_P4,1,0.6765450211106517,1
28,P4,P4,Post_P4,1,0.3750380773477621,0
28,P4,P4,Post_P4,1,0.4070313200753763,0
28,P4,P4,Post_P4,1,0.5412866812725797,1
28,P4,P4,Post_P4,1,0.8117887514972391,1
28,P4,P4,Post_P4,1,0.7263330566852623,1
28,P4,P4,Post_P4,1,0.7230599898527221,1
28,P4,P4,Post_P4,1,0.6513534555602415,1
28,P4,P4,Post_P4,1,0.5605840944758116,1
28,P4,P4,Post_P4,1,0.5361702856011681,1
28,P4,P4,Post_P4,1,0.10117361479778529,0
28,P4,P4,Post_P4,1,0.6518833296281052,1
28,P4,P4,Post_P4,1,0.5580708436919504,1
28,P4,P4,Post_P4,1,0.3453417744626465,0
28,P4,P4,Post_P4,1,0.7539314679288077,1
28,P4,P4,Post_P4,1,0.5915319102922952,1
28,P4,P4,Post_P4,1,0.6934668370887944,1
28,P4,P4,Post_P4,1,0.28887514965524785,0
28,P4,P4,Post_P4,1,0.4391051367629602,0
28,P4,P4,Post_P4,1,0.289314038127996,0
28,P4,P4,Post_P4,1,0.4051895288220795,0
28,P4,P4,Post_P4,1,0.5815523934379397,1
28,P4,P4,Post_P4,1,0.2331662453584711,0
28,P4,P4,Post_P4,1,0.7260965357730362,1
28,P4,P4,Post_P4,1,0.7291946871230377,1
28,P4,P4,Post_P4,1,0.8226386884273851,1
28,P4,P4,Post_P4,1,0.8184640918133562,1
28,P4,P4,Post_P4,1,0.6921409485092677,1
28,P4,P4,Post_P4,1,0.5786300613633217,1
28,P4,P4,Post_P4,1,0.4902277214645888,0
28,P4,P4,Post_P4,1,0.5191284104018531,1
28,P4,P4,Post_P4,1,0.4235320769698085,0
28,P4,P4,Post_P4,1,0.6862463475926681,1
28,P4,P4,Post_P4,1,0.7738746433128945,1
28,P4,P4,Post_P4,1,0.46719034474220195,0
28,P4,P4,Post_P4,1,0.7216292351639434,1
28,P4,P4,Post_P4,1,0.5752245186663026,1
28,P4,P4,Post_P4,1,0.6052540574971423,1
28,P4,P4,Post_P4,1,0.8633891209639999,1
28,P4,P4,Post_P4,1,0.9255166973631997,1
28,P4,P4,Post_P4,1,0.49469013102531284,0
28,P4,P4,Post_P4,1,0.4707232938717131,0
28,P4,P4,Post_P4,1,0.644886915192193,1
28,P4,P4,Post_P4,1,0.8036209057005754,1
28,P4,P4,Post_P4,1,0.6440415810214383,1
28,P4,P4,Post_P4,1,0.5602935105739806,1
28,P4,P4,Post_P4,1,0.41711405339874447,0
28,P4,P4,Post_P4,1,0.787627655568056,1
28,P4,P4,Post_P4,1,0.2767298667766552,0
28,P4,P4,Post_P4,1,0.447962628950236,0
28,P4,P4,Post_P4,1,0.5081665661281325,1
28,P4,P4,Post_P4,1,0.8180324446096909,1
28,P4,P4,Post_P4,1,0.4794519710700796,0
28,P4,P4,Post_P4,1,0.8267526734171029,1
28,P4,P4,Post_P4,1,0.7428927131965847,1
28,P4,P4,Post_P4,1,0.8207675347399043,1
28,P4,P4,Post_P4,1,0.10880431227603428,0
28,P4,P4,Post_P4,1,0.38190613965899006,0
28,P4,P4,Post_P4,1,0.7568598734345482,1
28,P4,P4,Post_P4,1,0.8633548120443103,1
28,P4,P4,Post_P4,1,0.7389909508303035,1
28,P4,P4,Post_P4,1,0.41241977542775443,0
28,P4,P4,Post_P4,1,0.4604047749032101,0
28,P4,P4,Post_P4,1,0.6491313043877984,1
28,P4,P4,Post_P4,1,0.6296434069314029,1
28,P4,P4,Post_P4,1,0.4629657208705559,0
28,P4,P4,Post_P4,1,0.739366389358504,1
28,P4,P4,Post_P4,1,0.4979629128481571,0
28,P4,P4,Post_P4,1,0.845373729735198,1
28,P4,P4,Post_P4,1,0.589442855124979,1
28,P4,P4,Post_P4,1,0.6041303162633435,1
28,P4,P4,Post_P4,1,0.5472281305306119,1
28,P4,P4,Post_P4,1,0.4560870174383399,0
28,P4,P4,Post_P4,1,0.7543756732786926,1
28,P4,P4,Post_P4,1,0.499801123777695,0
28,P4,P4,Post_P4,1,0.7500352222195001,1
28,P4,P4,Post_P4,1,0.5954670643937706,1
28,P4,P4,Post_P4,1,0.7213697296101231,1
28,P4,P4,Post_P4,1,0.5115489758302085,1
28,P4,P4,Post_P4,1,0.7500250208000994,1
28,P4,P4,Post_P4,1,0.7569898234429653,1
28,P4,P4,Post_P4,1,0.8248272940606013,1
28,P4,P4,Post_P4,1,0.5793099142325263,1
28,P4,P4,Post_P4,1,0.7170399494888015,1
28,P4,P4,Post_P4,1,0.5662668746251915,1
28,P4,P4,Post_P4,1,0.6838829384542428,1
28,P4,P4,Post_P4,1,0.8180979942631358,1
28,P4,P4,Post_P4,1,0.6926103826596591,1
28,P4,P4,Post_P4,1,0.09228234142089792,0
28,P4,P4,Post_P4,1,0.699499182131378,1
28,P4,P4,Post_P4,1,0.5128561797614452,1
28,P4,P4,Post_P4,1,0.5437094690570602,1
28,P4,P4,Post_P4,1,0.4571005894044764,0
28,P4,P4,Post_P4,1,0.7126420532652353,1
28,P4,P4,Post_P4,1,0.4892629409524545,0
28,P4,P4,Post_P4,1,0.6793913204574697,1
28,P4,P4,Post_P4,1,0.5334029156013806,1
28,P4,P4,Post_P4,1,0.39871828278615695,0
28,P4,P4,Post_P4,1,0.6608656167635013,1
28,P4,P4,Post_P4,1,0.36297329499430536,0
28,P4,P4,Post_P4,1,0.5965206389153066,1
28,P4,P4,Post_P4,1,0.4662680529482222,0
28,P4,P4,Post_P4,1,0.282400326042183,0
28,P4,P4,Post_P4,1,0.537462427270613,1
28,P4,P4,Post_P4,1,0.659916859840088,1
28,P4,P4,Post_P4,1,0.5810203723544346,1
28,P4,P4,Post_P4,1,0.5378909947532995,1
28,P4,P4,Post_P4,1,0.8483521851239724,1
28,P4,P4,Post_P4,1,0.4982879211851657,0
28,P4,P4,Post_P4,1,0.5303342964183,1
28,P4,P4,Post_P4,1,0.11648950081935308,0
28,P4,P4,Post_P4,1,0.15977436284006236,0
28,P4,P4,Post_P4,1,0.6765271000122087,1
28,P4,P4,Post_P4,1,0.653730818378466,1
28,P4,P4,Post_P4,1,0.6790831432173483,1
28,P4,P4,Post_P4,1,0.7164911937944537,1
28,P4,P4,Post_P4,1,0.6258416790178781,1
28,P4,P4,Post_P4,1,0.5024481995077941,1
28,P4,P4,Post_P4,1,0.5765101907148426,1
28,P4,P4,Post_P4,1,0.6132830305551146,1
28,P4,P4,Post_P4,1,0.7905236595291978,1
28,P4,P4,Post_P4,1,0.5610788995527928,1
28,P4,P4,Post_P4,1,0.6018272894322813,1
28,P4,P4,Post_P4,1,0.7402010550689418,1
28,P4,P4,Post_P4,1,0.3067893041789506,0
28,P4,P4,Post_P4,1,0.5168840555713636,1
28,P4,P4,Post_P4,1,0.6810514090225768,1
28,P4,P4,Post_P4,1,0.6310352330682752,1
28,P4,P4,Post_P4,1,0.7868074059063435,1
28,P4,P4,Post_P4,1,0.6054744422222886,1
28,P4,P4,Post_P4,1,0.5324016167889128,1
28,P4,P4,Post_P4,1,0.09467292067916716,0
28,P4,P4,Post_P4,1,0.5937844517475407,1
28,P4,P4,Post_P4,1,0.47825156696895627,0
28,P4,P4,Post_P4,1,0.5931217715914863,1
29,P5,P5,Post_P5,0,0.45834206071649936,0
29,P5,P5,Post_P5,0,0.4854549889716912,0
29,P5,P5,Post_P5,0,0.48296073078278334,0
29,P5,P5,Post_P5,0,0.3560783097816113,0
29,P5,P5,Post_P5,0,0.5000651014773829,1
29,P5,P5,Post_P5,0,0.3491450332904266,0
29,P5,P5,Post_P5,0,0.4347772573067738,0
29,P5,P5,Post_P5,0,0.468528076877927,0
29,P5,P5,Post_P5,0,0.45005456944116573,0
29,P5,P5,Post_P5,0,0.40941045208132887,0
29,P5,P5,Post_P5,0,0.4259938850589557,0
29,P5,P5,Post_P5,0,0.5106851616063718,1
29,P5,P5,Post_P5,0,0.5695306992249675,1
29,P5,P5,Post_P5,0,0.648821116836323,1
29,P5,P5,Post_P5,0,0.39771022110723053,0
29,P5,P5,Post_P5,0,0.4620265096873263,0
29,P5,P5,Post_P5,0,0.5761727130871102,1
29,P5,P5,Post_P5,0,0.4114004932504816,0
29,P5,P5,Post_P5,0,0.5916813151822109,1
29,P5,P5,Post_P5,0,0.6691080284164653,1
29,P5,P5,Post_P5,0,0.48894266841470807,0
29,P5,P5,Post_P5,0,0.1276674875150988,0
29,P5,P5,Post_P5,0,0.5432614351542121,1
29,P5,P5,Post_P5,0,0.39764427384606277,0
29,P5,P5,Post_P5,0,0.4143449648607658,0
29,P5,P5,Post_P5,0,0.5163910896181323,1
29,P5,P5,Post_P5,0,0.5249081933800167,1
29,P5,P5,Post_P5,0,0.6257195870768414,1
29,P5,P5,Post_P5,0,0.2982295533338472,0
29,P5,P5,Post_P5,0,0.5623364202937011,1
29,P5,P5,Post_P5,0,0.3693185819126895,0
29,P5,P5,Post_P5,0,0.5402060625544461,1
29,P5,P5,Post_P5,0,0.730506339394698,1
29,P5,P5,Post_P5,0,0.5640815026362852,1
29,P5,P5,Post_P5,0,0.4528258060495432,0
29,P5,P5,Post_P5,0,0.5607076535017321,1
29,P5,P5,Post_P5,0,0.7129018380926684,1
29,P5,P5,Post_P5,0,0.5094119191811678,1
29,P5,P5,Post_P5,0,0.6154810410783008,1
29,P5,P5,Post_P5,0,0.7158411695337977,1
29,P5,P5,Post_P5,0,0.6105433037712142,1
29,P5,P5,Post_P5,0,0.559677564453263,1
29,P5,P5,Post_P5,0,0.2266583947447539,0
29,P5,P5,Post_P5,0,0.45034909386243227,0
29,P5,P5,Post_P5,0,0.49574802655429695,0
29,P5,P5,Post_P5,0,0.6877653033160557,1
29,P5,P5,Post_P5,0,0.632755224490656,1
29,P5,P5,Post_P5,0,0.6683104612379268,1
29,P5,P5,Post_P5,0,0.6766989056547528,1
29,P5,P5,Post_P5,0,0.5860387785904096,1
29,P5,P5,Post_P5,0,0.5107311117460875,1
29,P5,P5,Post_P5,0,0.6747693116245187,1
29,P5,P5,Post_P5,0,0.7366213540021387,1
29,P5,P5,Post_P5,0,0.6296486814423249,1
29,P5,P5,Post_P5,0,0.4279667555071833,0
29,P5,P5,Post_P5,0,0.4535827822029669,0
29,P5,P5,Post_P5,0,0.30243749585903873,0
29,P5,P5,Post_P5,0,0.38854323235795984,0
29,P5,P5,Post_P5,0,0.45294291151495114,0
29,P5,P5,Post_P5,0,0.4679095960556962,0
29,P5,P5,Post_P5,0,0.5518159794962846,1
29,P5,P5,Post_P5,0,0.537770295405896,1
29,P5,P5,Post_P5,0,0.40317221642363044,0
29,P5,P5,Post_P5,0,0.6112527287157389,1
29,P5,P5,Post_P5,0,0.6295000315756921,1
29,P5,P5,Post_P5,0,0.3568687555554801,0
29,P5,P5,Post_P5,0,0.13429539705483506,0
29,P5,P5,Post_P5,0,0.621198952623997,1
29,P5,P5,Post_P5,0,0.4043683642977374,0
29,P5,P5,Post_P5,0,0.47205935060641885,0
29,P5,P5,Post_P5,0,0.5885151270254789,1
29,P5,P5,Post_P5,0,0.5597750342117708,1
29,P5,P5,Post_P5,0,0.6107851517942007,1
29,P5,P5,Post_P5,0,0.5266182339087653,1
29,P5,P5,Post_P5,0,0.32093174132398666,0
29,P5,P5,Post_P5,0,0.3952182953482689,0
29,P5,P5,Post_P5,0,0.29192450152030297,0
29,P5,P5,Post_P5,0,0.5846550149377131,1
29,P5,P5,Post_P5,0,0.22256937407519292,0
29,P5,P5,Post_P5,0,0.4585437697717331,0
29,P5,P5,Post_P5,0,0.16258643823322125,0
29,P5,P5,Post_P5,0,0.3563106411300316,0
29,P5,P5,Post_P5,0,0.4241850092312701,0
29,P5,P5,Post_P5,0,0.4893481437115387,0
29,P5,P5,Post_P5,0,0.5476019234355308,1
29,P5,P5,Post_P5,0,0.41764017458348934,0
29,P5,P5,Post_P5,0,0.7098550505197457,1
29,P5,P5,Post_P5,0,0.5703525799024552,1
29,P5,P5,Post_P5,0,0.44769811501272694,0
29,P5,P5,Post_P5,0,0.7611899974898441,1
29,P5,P5,Post_P5,0,0.462265018342688,0
29,P5,P5,Post_P5,0,0.5904757615615598,1
29,P5,P5,Post_P5,0,0.5890252896006986,1
29,P5,P5,Post_P5,0,0.4859603799891065,0
29,P5,P5,Post_P5,0,0.3932628661766839,0
29,P5,P5,Post_P5,0,0.5383998547282348,1
29,P5,P5,Post_P5,0,0.5643945965415605,1
29,P5,P5,Post_P5,0,0.577513406124487,1
29,P5,P5,Post_P5,0,0.5288473426209024,1
29,P5,P5,Post_P5,0,0.4026519061285269,0
29,P5,P5,Post_P5,0,0.3225668058272743,0
29,P5,P5,Post_P5,0,0.5773565901835411,1
29,P5,P5,Post_P5,0,0.5436601661396948,1
29,P5,P5,Post_P5,0,0.5050787364453613,1
29,P5,P5,Post_P5,0,0.36835172273144356,0
29,P5,P5,Post_P5,0,0.5383546802273724,1
29,P5,P5,Post_P5,0,0.48969203384419346,0
29,P5,P5,Post_P5,0,0.3350541416379365,0
29,P5,P5,Post_P5,0,0.5514658218476656,1
29,P5,P5,Post_P5,0,0.49115883153673345,0
29,P5,P5,Post_P5,0,0.5161780661443617,1
29,P5,P5,Post_P5,0,0.4178173453682866,0
29,P5,P5,Post_P5,0,0.34548836643831593,0
29,P5,P5,Post_P5,0,0.5049270663158104,1
29,P5,P5,Post_P5,0,0.571130010430848,1
29,P5,P5,Post_P5,0,0.41078596863335926,0
29,P5,P5,Post_P5,0,0.536937590617969,1
29,P5,P5,Post_P5,0,0.26340979009023247,0
29,P5,P5,Post_P5,0,0.32434435236677406,0
29,P5,P5,Post_P5,0,0.7235641044195033,1
29,P5,P5,Post_P5,0,0.41399847182700233,0
29,P5,P5,Post_P5,0,0.502412845627145,1
29,P5,P5,Post_P5,0,0.40364001739171607,0
29,P5,P5,Post_P5,0,0.43077501315245087,0
29,P5,P5,Post_P5,0,0.4192812780852113,0
29,P5,P5,Post_P5,0,0.5867948233651429,1
29,P5,P5,Post_P5,0,0.5986431693130012,1
29,P5,P5,Post_P5,0,0.5147400814595259,1
29,P5,P5,Post_P5,0,0.5830790269165004,1
29,P5,P5,Post_P5,0,0.3990003365703519,0
29,P5,P5,Post_P5,0,0.24679721048561673,0
29,P5,P5,Post_P5,0,0.47521123138848953,0
29,P5,P5,Post_P5,0,0.6724487655666546,1
29,P5,P5,Post_P5,0,0.6155597274234756,1
29,P5,P5,Post_P5,0,0.6534055046663919,1
29,P5,P5,Post_P5,0,0.2910533701758283,0
29,P5,P5,Post_P5,0,0.6416392616717813,1
29,P5,P5,Post_P5,0,0.6047247887434752,1
29,P5,P5,Post_P5,0,0.6364262597920733,1
29,P5,P5,Post_P5,0,0.5963613400189722,1
29,P5,P5,Post_P5,0,0.5039379056399059,1
29,P5,P5,Post_P5,0,0.34845024836840516,0
29,P5,P5,Post_P5,0,0.3245967916895092,0
29,P5,P5,Post_P5,0,0.37039072544285606,0
29,P5,P5,Post_P5,0,0.416592806032935,0
29,P5,P5,Post_P5,0,0.3277866910704976,0
29,P5,P5,Post_P5,0,0.48414834114156624,0
29,P5,P5,Post_P5,0,0.5750000887379949,1
29,P5,P5,Post_P5,0,0.6906221722088489,1
29,P5,P5,Post_P5,0,0.34919311104640166,0
29,P5,P5,Post_P5,0,0.3683908756077403,0
29,P5,P5,Post_P5,0,0.7040419061316205,1
29,P5,P5,Post_P5,0,0.6652948852661649,1
29,P5,P5,Post_P5,0,0.21346943965754142,0
29,P5,P5,Post_P5,0,0.40855713509198727,0
29,P5,P5,Post_P5,0,0.65050719138576,1
29,P5,P5,Post_P5,0,0.38424132998220295,0
29,P5,P5,Post_P5,0,0.7519818386142416,1
29,P5,P5,Post_P5,0,0.560452457563387,1
29,P5,P5,Post_P5,0,0.5500475431189515,1
29,P5,P5,Post_P5,0,0.41424240192617867,0
29,P5,P5,Post_P5,0,0.4186436904854778,0
29,P5,P5,Post_P5,0,0.3475984136517028,0
29,P5,P5,Post_P5,0,0.6253056371559712,1
29,P5,P5,Post_P5,0,0.6070681156898843,1
29,P5,P5,Post_P5,0,0.41092724229719446,0
29,P5,P5,Post_P5,0,0.6790692075874669,1
29,P5,P5,Post_P5,0,0.2540015948575093,0
29,P5,P5,Post_P5,0,0.5307140351598841,1
29,P5,P5,Post_P5,0,0.6244842659248429,1
29,P5,P5,Post_P5,0,0.5137524624289938,1
29,P5,P5,Post_P5,0,0.593652621473518,1
29,P5,P5,Post_P5,0,0.6868363913867608,1
29,P5,P5,Post_P5,0,0.7022618083139139,1
29,P5,P5,Post_P5,0,0.4125891123581157,0
29,P5,P5,Post_P5,0,0.49647503439841806,0
29,P5,P5,Post_P5,0,0.4929889852517318,0
29,P5,P5,Post_P5,0,0.4890325402503846,0
29,P5,P5,Post_P5,0,0.37773226680278366,0
29,P5,P5,Post_P5,0,0.7477457067036211,1
29,P5,P5,Post_P5,0,0.4791069187843172,0
29,P5,P5,Post_P5,0,0.5363093037905144,1
29,P5,P5,Post_P5,0,0.5290670922006266,1
29,P5,P5,Post_P5,0,0.23213462594768594,0
29,P5,P5,Post_P5,0,0.5710311183488734,1
29,P5,P5,Post_P5,0,0.5524268315644248,1
29,P5,P5,Post_P5,0,0.41332054221964165,0
29,P5,P5,Post_P5,0,0.7100078520059014,1
29,P5,P5,Post_P5,0,0.390934835795967,0
29,P5,P5,Post_P5,0,0.5219557109270874,1
29,P5,P5,Post_P5,0,0.7121303342669383,1
29,P5,P5,Post_P5,0,0.3898654532061497,0
29,P5,P5,Post_P5,0,0.7626192665160292,1
29,P5,P5,Post_P5,0,0.5179568274822148,1
29,P5,P5,Post_P5,0,0.42772338021681144,0
29,P5,P5,Post_P5,0,0.646297164102867,1
29,P5,P5,Post_P5,0,0.26969545507351406,0
29,P5,P5,Post_P5,0,0.6461875427975919,1
29,P5,P5,Post_P5,0,0.4390015691834728,0
29,P5,P5,Post_P5,0,0.6325646155590778,1
29,P5,P5,Post_P5,0,0.5400022137453526,1
29,P5,P5,Post_P5,0,0.4004618393373925,0
29,P5,P5,Post_P5,0,0.490515652147612,0
29,P5,P5,Post_P5,0,0.5340327976377928,1
29,P5,P5,Post_P5,0,0.7350330583568137,1
29,P5,P5,Post_P5,0,0.35905034961855115,0
29,P5,P5,Post_P5,0,0.6425082883645974,1
29,P5,P5,Post_P5,0,0.5688535998325212,1
29,P5,P5,Post_P5,0,0.4820227327481993,0
29,P5,P5,Post_P5,0,0.7048277024659065,1
29,P5,P5,Post_P5,0,0.43349292472937434,0
29,P5,P5,Post_P5,0,0.5124075768886416,1
29,P5,P5,Post_P5,0,0.3961554998941464,0
29,P5,P5,Post_P5,0,0.34599898491797654,0
29,P5,P5,Post_P5,0,0.5465023996495012,1
29,P5,P5,Post_P5,0,0.7287738678306355,1
29,P5,P5,Post_P5,0,0.35276394676543,0
29,P5,P5,Post_P5,0,0.5645748415971673,1
29,P5,P5,Post_P5,0,0.3155914437008943,0
29,P5,P5,Post_P5,0,0.5035557838197845,1
29,P5,P5,Post_P5,0,0.5622630092578894,1
29,P5,P5,Post_P5,0,0.5475474501369538,1
29,P5,P5,Post_P5,0,0.4357072459981977,0
29,P5,P5,Post_P5,0,0.5766080726255254,1
29,P5,P5,Post_P5,0,0.43197851939698245,0
29,P5,P5,Post_P5,0,0.5919402681707419,1
29,P5,P5,Post_P5,0,0.5695011108114058,1
29,P5,P5,Post_P5,0,0.38354644613268174,0
29,P5,P5,Post_P5,0,0.4244438794884257,0
29,P5,P5,Post_P5,0,0.441940561124566,0
29,P5,P5,Post_P5,0,0.38989716667313556,0
29,P5,P5,Post_P5,0,0.6822387993347367,1
29,P5,P5,Post_P5,0,0.5827077547108479,1
29,P5,P5,Post_P5,0,0.3536959355761227,0
29,P5,P5,Post_P5,0,0.5477164729431785,1
29,P5,P5,Post_P5,0,0.6542790961521006,1
29,P5,P5,Post_P5,0,0.49667364479178583,0
29,P5,P5,Post_P5,0,0.585252911828365,1
29,P5,P5,Post_P5,0,0.4543448705406382,0
29,P5,P5,Post_P5,0,0.5397318613917828,1
29,P5,P5,Post_P5,0,0.6415071942077524,1
29,P5,P5,Post_P5,0,0.5551545166790269,1
29,P5,P5,Post_P5,0,0.5780641799819012,1
29,P5,P5,Post_P5,0,0.6408360620518807,1
29,P5,P5,Post_P5,0,0.37129770918631955,0
29,P5,P5,Post_P5,0,0.4562688698064204,0
29,P5,P5,Post_P5,0,0.32193824818696176,0
29,P5,P5,Post_P5,0,0.45298063205774924,0
29,P5,P5,Post_P5,0,0.6331149814192786,1
29,P5,P5,Post_P5,0,0.5085097202400464,1
29,P5,P5,Post_P5,0,0.4866305973961885,0
29,P5,P5,Post_P5,0,0.2255132163059747,0
29,P5,P5,Post_P5,0,0.41092325546435465,0
29,P5,P5,Post_P5,0,0.5309944709663678,1
29,P5,P5,Post_P5,0,0.41393366222184946,0
29,P5,P5,Post_P5,0,0.5848512950621367,1
29,P5,P5,Post_P5,0,0.4732951841153903,0
29,P5,P5,Post_P5,0,0.5380893350655097,1
29,P5,P5,Post_P5,0,0.5698528543097165,1
29,P5,P5,Post_P5,0,0.5485726859519553,1
29,P5,P5,Post_P5,0,0.4877171487096363,0
29,P5,P5,Post_P5,0,0.6720223161771675,1
29,P5,P5,Post_P5,0,0.4737874381365776,0
29,P5,P5,Post_P5,0,0.5585554400063941,1
29,P5,P5,Post_P5,0,0.5719209005735085,1
29,P5,P5,Post_P5,0,0.28638573853801497,0
29,P5,P5,Post_P5,0,0.46375090519197226,0
29,P5,P5,Post_P5,0,0.6675535217230061,1
29,P5,P5,Post_P5,0,0.5897128865075483,1
29,P5,P5,Post_P5,0,0.5779645271312014,1
29,P5,P5,Post_P5,0,0.7113765976209823,1
29,P5,P5,Post_P5,0,0.43101553756943206,0
29,P5,P5,Post_P5,0,0.6549817093887877,1
29,P5,P5,Post_P5,0,0.5311566788507328,1
29,P5,P5,Post_P5,0,0.547136990763833,1
29,P5,P5,Post_P5,0,0.46150839121751475,0
29,P5,P5,Post_P5,0,0.5654205575691399,1
29,P5,P5,Post_P5,0,0.6000147390931865,1
29,P5,P5,Post_P5,0,0.4025986633364714,0
29,P5,P5,Post_P5,0,0.4465771175686968,0
29,P5,P5,Post_P5,0,0.18301865652754665,0
29,P5,P5,Post_P5,0,0.4496476213429195,0
29,P5,P5,Post_P5,0,0.6029871322084079,1
29,P5,P5,Post_P5,0,0.59706366874861,1
29,P5,P5,Post_P5,0,0.7220188164297174,1
29,P5,P5,Post_P5,0,0.6280644693097437,1
29,P5,P5,Post_P5,0,0.460484424501061,0
29,P5,P5,Post_P5,0,0.48430229830959404,0
29,P5,P5,Post_P5,0,0.30856975114229124,0
29,P5,P5,Post_P5,0,0.3423460937867995,0
29,P5,P5,Post_P5,0,0.5796818462417087,1
29,P5,P5,Post_P5,0,0.3722074118721133,0
29,P5,P5,Post_P5_2,1,0.5617859662580826,1
29,P5,P5,Post_P5_2,1,0.31561708212845013,0
29,P5,P5,Post_P5_2,1,0.7098707688018371,1
29,P5,P5,Post_P5_2,1,0.5985392800647384,1
29,P5,P5,Post_P5_2,1,0.4416865482742938,0
29,P5,P5,Post_P5_2,1,0.7166417295926416,1
29,P5,P5,Post_P5_2,1,0.7031339400217229,1
29,P5,P5,Post_P5_2,1,0.5165902057850529,1
29,P5,P5,Post_P5_2,1,0.627765854445465,1
29,P5,P5,Post_P5_2,1,0.623302592521741,1
29,P5,P5,Post_P5_2,1,0.598462025455854,1
29,P5,P5,Post_P5_2,1,0.563649828228491,1
29,P5,P5,Post_P5_2,1,0.7122805304769002,1
29,P5,P5,Post_P5_2,1,0.3349521911070984,0
29,P5,P5,Post_P5_2,1,0.5812466111385288,1
29,P5,P5,Post_P5_2,1,0.47728201783303914,0
29,P5,P5,Post_P5_2,1,0.5717098528371788,1
29,P5,P5,Post_P5_2,1,0.5784866237505825,1
29,P5,P5,Post_P5_2,1,0.604965294091718,1
29,P5,P5,Post_P5_2,1,0.7874060487523041,1
29,P5,P5,Post_P5_2,1,0.5177440048726194,1
29,P5,P5,Post_P5_2,1,0.5978057706021311,1
29,P5,P5,Post_P5_2,1,0.4750122647319283,0
29,P5,P5,Post_P5_2,1,0.4598122329507615,0
29,P5,P5,Post_P5_2,1,0.5691200958476632,1
29,P5,P5,Post_P5_2,1,0.6939093255724197,1
29,P5,P5,Post_P5_2,1,0.6004710718106562,1
29,P5,P5,Post_P5_2,1,0.5620673902340333,1
29,P5,P5,Post_P5_2,1,0.449340571499433,0
29,P5,P5,Post_P5_2,1,0.5949147060299623,1
29,P5,P5,Post_P5_2,1,0.4354235038472231,0
29,P5,P5,Post_P5_2,1,0.6149959869604075,1
29,P5,P5,Post_P5_2,1,0.7048821150938457,1
29,P5,P5,Post_P5_2,1,0.6129911366507873,1
29,P5,P5,Post_P5_2,1,0.5932895353938619,1
29,P5,P5,Post_P5_2,1,0.7297456163942827,1
29,P5,P5,Post_P5_2,1,0.47823861530723105,0
29,P5,P5,Post_P5_2,1,0.5234945514170222,1
29,P5,P5,Post_P5_2,1,0.4592093275808528,0
29,P5,P5,Post_P5_2,1,0.538797350251124,1
29,P5,P5,Post_P5_2,1,0.6541348632843594,1
29,P5,P5,Post_P5_2,1,0.5737111768394861,1
29,P5,P5,Post_P5_2,1,0.34565062084932835,0
29,P5,P5,Post_P5_2,1,0.41871678719576827,0
29,P5,P5,Post_P5_2,1,0.6280772255402708,1
29,P5,P5,Post_P5_2,1,0.646099927120597,1
29,P5,P5,Post_P5_2,1,0.7132478066554837,1
29,P5,P5,Post_P5_2,1,0.6034227874803729,1
29,P5,P5,Post_P5_2,1,0.6037678886886012,1
29,P5,P5,Post_P5_2,1,0.680591900384657,1
29,P5,P5,Post_P5_2,1,0.44237567432007124,0
29,P5,P5,Post_P5_2,1,0.6224157930704299,1
29,P5,P5,Post_P5_2,1,0.3995673145064982,0
29,P5,P5,Post_P5_2,1,0.5378599031907136,1
29,P5,P5,Post_P5_2,1,0.5971902899913438,1
29,P5,P5,Post_P5_2,1,0.7183047904818669,1
29,P5,P5,Post_P5_2,1,0.5811938457570758,1
29,P5,P5,Post_P5_2,1,0.23791161972320626,0
29,P5,P5,Post_P5_2,1,0.47153235177321623,0
29,P5,P5,Post_P5_2,1,0.5047597845317114,1
29,P5,P5,Post_P5_2,1,0.5419542468173353,1
29,P5,P5,Post_P5_2,1,0.5586201925142653,1
29,P5,P5,Post_P5_2,1,0.556243042504752,1
29,P5,P5,Post_P5_2,1,0.29696451481377006,0
29,P5,P5,Post_P5_2,1,0.669641012427203,1
29,P5,P5,Post_P5_2,1,0.8162269700946561,1
29,P5,P5,Post_P5_2,1,0.563074632588676,1
29,P5,P5,Post_P5_2,1,0.6635079170311062,1
29,P5,P5,Post_P5_2,1,0.6559763005296261,1
29,P5,P5,Post_P5_2,1,0.6994391592063316,1
29,P5,P5,Post_P5_2,1,0.581421595953139,1
29,P5,P5,Post_P5_2,1,0.5777001281902561,1
29,P5,P5,Post_P5_2,1,0.6081717433854771,1
29,P5,P5,Post_P5_2,1,0.5314532635580222,1
29,P5,P5,Post_P5_2,1,0.6424341669907494,1
29,P5,P5,Post_P5_2,1,0.5151490123561133,1
29,P5,P5,Post_P5_2,1,0.6062401257057125,1
29,P5,P5,Post_P5_2,1,0.41908195634661916,0
29,P5,P5,Post_P5_2,1,0.5998757086890977,1
29,P5,P5,Post_P5_2,1,0.47630920329129184,0
29,P5,P5,Post_P5_2,1,0.517917362911394,1
29,P5,P5,Post_P5_2,1,0.6345436506941433,1
29,P5,P5,Post_P5_2,1,0.5547776392263488,1
29,P5,P5,Post_P5_2,1,0.5006417008615645,1
29,P5,P5,Post_P5_2,1,0.665100002958675,1
29,P5,P5,Post_P5_2,1,0.6430900645503222,1
29,P5,P5,Post_P5_2,1,0.6251728284740211,1
29,P5,P5,Post_P5_2,1,0.5124306711605919,1
29,P5,P5,Post_P5_2,1,0.6476750569477604,1
29,P5,P5,Post_P5_2,1,0.530124082024558,1
29,P5,P5,Post_P5_2,1,0.5073224714874669,1
29,P5,P5,Post_P5_2,1,0.6392114271101293,1
29,P5,P5,Post_P5_2,1,0.613245807474064,1
29,P5,P5,Post_P5_2,1,0.4378834943603084,0
29,P5,P5,Post_P5_2,1,0.6724306700636165,1
29,P5,P5,Post_P5_2,1,0.6334670326420053,1
29,P5,P5,Post_P5_2,1,0.5068423601060669,1
29,P5,P5,Post_P5_2,1,0.732141983950114,1
29,P5,P5,Post_P5_2,1,0.45349549553232155,0
29,P5,P5,Post_P5_2,1,0.3784757246134307,0
29,P5,P5,Post_P5_2,1,0.6940206368289323,1
29,P5,P5,Post_P5_2,1,0.48747933931082166,0
29,P5,P5,Post_P5_2,1,0.6537777409835686,1
29,P5,P5,Post_P5_2,1,0.3371625275141196,0
29,P5,P5,Post_P5_2,1,0.4323396446645293,0
29,P5,P5,Post_P5_2,1,0.634189975636132,1
29,P5,P5,Post_P5_2,1,0.6404665229311448,1
29,P5,P5,Post_P5_2,1,0.45227884483255676,0
29,P5,P5,Post_P5_2,1,0.5738656724999065,1
29,P5,P5,Post_P5_2,1,0.6087658511931787,1
29,P5,P5,Post_P5_2,1,0.5145638393449393,1
29,P5,P5,Post_P5_2,1,0.4536677890167258,0
29,P5,P5,Post_P5_2,1,0.5951792933182478,1
29,P5,P5,Post_P5_2,1,0.6282719189603714,1
29,P5,P5,Post_P5_2,1,0.6030175980861214,1
29,P5,P5,Post_P5_2,1,0.5822562073065728,1
29,P5,P5,Post_P5_2,1,0.7211941579246348,1
29,P5,P5,Post_P5_2,1,0.6849236028970699,1
29,P5,P5,Post_P5_2,1,0.5021776113469728,1
29,P5,P5,Post_P5_2,1,0.5721133943139296,1
29,P5,P5,Post_P5_2,1,0.6159405822440439,1
29,P5,P5,Post_P5_2,1,0.5304320218992025,1
29,P5,P5,Post_P5_2,1,0.6138414619431345,1
29,P5,P5,Post_P5_2,1,0.5044364985309536,1
29,P5,P5,Post_P5_2,1,0.6886665708090435,1
29,P5,P5,Post_P5_2,1,0.5599087341987875,1
29,P5,P5,Post_P5_2,1,0.6101292960551811,1
29,P5,P5,Post_P5_2,1,0.746453986193815,1
29,P5,P5,Post_P5_2,1,0.4607819826396844,0
29,P5,P5,Post_P5_2,1,0.5858890157948117,1
29,P5,P5,Post_P5_2,1,0.5208353212334422,1
29,P5,P5,Post_P5_2,1,0.6918729824712024,1
29,P5,P5,Post_P5_2,1,0.4637576734717365,0
29,P5,P5,Post_P5_2,1,0.5177918805204343,1
29,P5,P5,Post_P5_2,1,0.5907289794944772,1
29,P5,P5,Post_P5_2,1,0.5929661123170655,1
29,P5,P5,Post_P5_2,1,0.574440626691217,1
29,P5,P5,Post_P5_2,1,0.5994655151500161,1
29,P5,P5,Post_P5_2,1,0.44823706325117735,0
29,P5,P5,Post_P5_2,1,0.5495072899951213,1
29,P5,P5,Post_P5_2,1,0.6356094097976299,1
29,P5,P5,Post_P5_2,1,0.6674413288582897,1
29,P5,P5,Post_P5_2,1,0.6326038178132584,1
29,P5,P5,Post_P5_2,1,0.47839961355243954,0
29,P5,P5,Post_P5_2,1,0.40371355260827685,0
29,P5,P5,Post_P5_2,1,0.7371311199236669,1
29,P5,P5,Post_P5_2,1,0.5488535551300195,1
29,P5,P5,Post_P5_2,1,0.6051097784588759,1
29,P5,P5,Post_P5_2,1,0.6801341223581971,1
29,P5,P5,Post_P5_2,1,0.5616751572682714,1
29,P5,P5,Post_P5_2,1,0.48899521022103826,0
29,P5,P5,Post_P5_2,1,0.5435307364220284,1
29,P5,P5,Post_P5_2,1,0.634005049436636,1
29,P5,P5,Post_P5_2,1,0.5001288757537569,1
29,P5,P5,Post_P5_2,1,0.6329444002146875,1
29,P5,P5,Post_P5_2,1,0.5792915977026253,1
29,P5,P5,Post_P5_2,1,0.4982152119060957,0
29,P5,P5,Post_P5_2,1,0.6615081890247113,1
29,P5,P5,Post_P5_2,1,0.5816473496974078,1
29,P5,P5,Post_P5_2,1,0.7360907880313549,1
29,P5,P5,Post_P5_2,1,0.5787754038156088,1
29,P5,P5,Post_P5_2,1,0.6380509192542304,1
29,P5,P5,Post_P5_2,1,0.4807586130512249,0
29,P5,P5,Post_P5_2,1,0.3744373176284203,0
29,P5,P5,Post_P5_2,1,0.45121871325876645,0
29,P5,P5,Post_P5_2,1,0.5848436991675485,1
29,P5,P5,Post_P5_2,1,0.5467774534393367,1
29,P5,P5,Post_P5_2,1,0.4742148627743943,0
29,P5,P5,Post_P5_2,1,0.5508977858650869,1
29,P5,P5,Post_P5_2,1,0.7026877146738455,1
29,P5,P5,Post_P5_2,1,0.7078879864787765,1
29,P5,P5,Post_P5_2,1,0.6525097173325903,1
29,P5,P5,Post_P5_2,1,0.49420914298514734,0
29,P5,P5,Post_P5_2,1,0.4474025047765787,0
29,P5,P5,Post_P5_2,1,0.6067703435250975,1
29,P5,P5,Post_P5_2,1,0.6092821887000874,1
29,P5,P5,Post_P5_2,1,0.425696309864621,0
29,P5,P5,Post_P5_2,1,0.38561729894119406,0
29,P5,P5,Post_P5_2,1,0.6183210589698491,1
29,P5,P5,Post_P5_2,1,0.5342276942717203,1
29,P5,P5,Post_P5_2,1,0.7884045585630763,1
29,P5,P5,Post_P5_2,1,0.5440390505272759,1
29,P5,P5,Post_P5_2,1,0.6081575557046092,1
29,P5,P5,Post_P5_2,1,0.6008758322400427,1
29,P5,P5,Post_P5_2,1,0.7433492917404684,1
29,P5,P5,Post_P5_2,1,0.34734975087844844,0
29,P5,P5,Post_P5_2,1,0.5607316963058016,1
29,P5,P5,Post_P5_2,1,0.5793083881275701,1
29,P5,P5,Post_P5_2,1,0.48524242212861435,0
29,P5,P5,Post_P5_2,1,0.5666993277419239,1
29,P5,P5,Post_P5_2,1,0.4885296857056991,0
29,P5,P5,Post_P5_2,1,0.5119397135163738,1
29,P5,P5,Post_P5_2,1,0.6055672099603869,1
29,P5,P5,Post_P5_2,1,0.45732886773660864,0
29,P5,P5,Post_P5_2,1,0.5768927801325995,1
29,P5,P5,Post_P5_2,1,0.5500956190711926,1
29,P5,P5,Post_P5_2,1,0.5408851539351929,1
29,P5,P5,Post_P5_2,1,0.668534182813158,1
29,P5,P5,Post_P5_2,1,0.5532408925004599,1
29,P5,P5,Post_P5_2,1,0.4183915726795068,0
29,P5,P5,Post_P5_2,1,0.6883123294185275,1
29,P5,P5,Post_P5_2,1,0.6648582451033903,1
29,P5,P5,Post_P5_2,1,0.6467980353823123,1
29,P5,P5,Post_P5_2,1,0.4484918543817991,0
29,P5,P5,Post_P5_2,1,0.5166494162855341,1
29,P5,P5,Post_P5_2,1,0.4731028949569159,0
29,P5,P5,Post_P5_2,1,0.6499754264349927,1
29,P5,P5,Post_P5_2,1,0.4749079293247494,0
29,P5,P5,Post_P5_2,1,0.38164998932620026,0
29,P5,P5,Post_P5_2,1,0.47465770802549473,0
29,P5,P5,Post_P5_2,1,0.5727575032903444,1
29,P5,P5,Post_P5_2,1,0.5183445320981006,1
29,P5,P5,Post_P5_2,1,0.526929078376406,1
29,P5,P5,Post_P5_2,1,0.5843929619778154,1
29,P5,P5,Post_P5_2,1,0.5336581680022342,1
29,P5,P5,Post_P5_2,1,0.5594279572436712,1
29,P5,P5,Post_P5_2,1,0.5762938488135633,1
29,P5,P5,Post_P5_2,1,0.42912778564688925,0
29,P5,P5,Post_P5_2,1,0.6468107475931253,1
29,P5,P5,Post_P5_2,1,0.6272361340654189,1
29,P5,P5,Post_P5_2,1,0.5690364750721754,1
29,P5,P5,Post_P5_2,1,0.42949350615854187,0
29,P5,P5,Post_P5_2,1,0.46315591598236305,0
29,P5,P5,Post_P5_2,1,0.5536052317679362,1
29,P5,P5,Post_P5_2,1,0.6139963588666906,1
29,P5,P5,Post_P5_2,1,0.6138838863393762,1
29,P5,P5,Post_P5_2,1,0.5162788529858882,1
29,P5,P5,Post_P5_2,1,0.6468118386711521,1
29,P5,P5,Post_P5_2,1,0.5190555301856296,1
29,P5,P5,Post_P5_2,1,0.6736093094979937,1
29,P5,P5,Post_P5_2,1,0.543381912122525,1
29,P5,P5,Post_P5_2,1,0.6139383195935287,1
29,P5,P5,Post_P5_2,1,0.6053316739594086,1
29,P5,P5,Post_P5_2,1,0.5610215303327244,1
29,P5,P5,Post_P5_2,1,0.4653676815066752,0
29,P5,P5,Post_P5_2,1,0.6035993818762864,1
29,P5,P5,Post_P5_2,1,0.30175033733040185,0
29,P5,P5,Post_P5_2,1,0.4812026990829142,0
29,P5,P5,Post_P5_2,1,0.5166604521301876,1
29,P5,P5,Post_P5_2,1,0.6611904331959267,1
29,P5,P5,Post_P5_2,1,0.4236609253759902,0
29,P5,P5,Post_P5_2,1,0.7178287389754391,1
29,P5,P5,Post_P5_2,1,0.6358365323365294,1
29,P5,P5,Post_P5_2,1,0.5244266519474333,1
29,P5,P5,Post_P5_2,1,0.5958023400389568,1
29,P5,P5,Post_P5_2,1,0.5877538989371965,1
29,P5,P5,Post_P5_2,1,0.5468148787893529,1
29,P5,P5,Post_P5_2,1,0.6128780643491158,1
29,P5,P5,Post_P5_2,1,0.5955445734534432,1
29,P5,P5,Post_P5_2,1,0.5409047553445467,1
29,P5,P5,Post_P5_2,1,0.43737107362909944,0
29,P5,P5,Post_P5_2,1,0.4844686911684406,0
29,P5,P5,Post_P5_2,1,0.6946641413199122,1
29,P5,P5,Post_P5_2,1,0.5095070484495186,1
29,P5,P5,Post_P5_2,1,0.7013512380828381,1
29,P5,P5,Post_P5_2,1,0.7543369508968297,1
29,P5,P5,Post_P5_2,1,0.7176501973968544,1
29,P5,P5,Post_P5_2,1,0.63009133260026,1
29,P5,P5,Post_P5_2,1,0.7070114666922753,1
29,P5,P5,Post_P5_2,1,0.6791892084189637,1
29,P5,P5,Post_P5_2,1,0.47248144812817294,0
29,P5,P5,Post_P5_2,1,0.629312105608093,1
29,P5,P5,Post_P5_2,1,0.6689126208207191,1
29,P5,P5,Post_P5_2,1,0.6341723588600898,1
29,P5,P5,Post_P5_2,1,0.6367076293106826,1
29,P5,P5,Post_P5_2,1,0.35009949954670183,0
29,P5,P5,Post_P5_2,1,0.47682072946168486,0
29,P5,P5,Post_P5_2,1,0.7253235597686105,1
29,P5,P5,Post_P5_2,1,0.5266634400264929,1
29,P5,P5,Post_P5_2,1,0.49565379871421694,0
29,P5,P5,Post_P5_2,1,0.7151028186446483,1
29,P5,P5,Post_P5_2,1,0.7518023569033696,1
29,P5,P5,Post_P5_2,1,0.7104083548338497,1
29,P5,P5,Post_P5_2,1,0.7252030698676561,1
29,P5,P5,Post_P5_2,1,0.6644156266579809,1
29,P5,P5,Post_P5_2,1,0.5107104207868001,1
29,P5,P5,Post_P5_2,1,0.5596482921464397,1
29,P5,P5,Post_P5_2,1,0.6511698350991834,1
29,P5,P5,Post_P5_2,1,0.4841798375078871,0
29,P5,P5,Post_P5_2,1,0.5589927736408743,1
29,P5,P5,Post_P5_2,1,0.7276211201437228,1
29,P5,P5,Post_P5_2,1,0.639970782298982,1
29,P5,P5,Post_P5_2,1,0.5687275269443386,1
29,P5,P5,Post_P5_2,1,0.8015725859811006,1
29,P5,P5,Post_P5_2,1,0.4180152598842409,0
29,P5,P5,Post_P5_2,1,0.675882222580767,1
29,P5,P5,Post_P5_2,1,0.6242577767097205,1
29,P5,P5,Post_P5_2,1,0.47345135515813697,0
29,P5,P5,Post_P5_2,1,0.6562055252383143,1
29,P5,P5,Post_P5_2,1,0.5606113674645559,1
29,P5,P5,Post_P5_2,1,0.695966818253218,1
29,P5,P5,Post_P5_2,1,0.6825848326191457,1
29,P5,P5,Post_P5_2,1,0.6898190339045583,1
29,P5,P5,Post_P5_2,1,0.5670825320037612,1
29,P5,P5,Post_P5_2,1,0.6458395445600583,1
29,P5,P5,Post_P5_2,1,0.4461762391245318,0
29,P5,P5,Post_P5_2,1,0.5953087711615787,1
29,P5,P5,Post_P5_2,1,0.369609138509112,0
29,P5,P5,Post_P5_2,1,0.4936473137603693,0
29,P5,P5,Post_P5_2,1,0.38000834174982745,0
29,P5,P5,Post_P5_2,1,0.674499759368647,1
29,P5,P5,Post_P5_2,1,0.6024554330537575,1
29,P5,P5,Post_P5_2,1,0.5151631254881136,1
29,P5,P5,Post_P5_2,1,0.641704948542964,1
29,P5,P5,Post_P5_2,1,0.7433643156871773,1
29,P5,P5,Post_P5_2,1,0.6125834840707585,1
29,P5,P5,Post_P5_2,1,0.582490609516218,1
29,P5,P5,Post_P5_2,1,0.44873904213371535,0
29,P5,P5,Post_P5_2,1,0.2444052339803844,0
29,P5,P5,Post_P5_2,1,0.40291752912948,0
29,P5,P5,Post_P5_2,1,0.49075113043752133,0
29,P5,P5,Post_P5_2,1,0.6395624239800083,1
29,P5,P5,Post_P5_2,1,0.7080839209146933,1
29,P5,P5,Post_P5_2,1,0.6145711608241199,1
29,P5,P5,Post_P5_2,1,0.6759237443723747,1
29,P5,P5,Post_P5_2,1,0.6796437957836114,1
29,P5,P5,Post_P5_2,1,0.747666095027797,1
29,P5,P5,Post_P5_2,1,0.6344092026762537,1
29,P5,P5,Post_P5_2,1,0.5901256286317491,1
29,P5,P5,Post_P5_2,1,0.6853520762313416,1
29,P5,P5,Post_P5_2,1,0.668101097708356,1
29,P5,P5,Post_P5_2,1,0.5523980712980158,1
29,P5,P5,Post_P5_2,1,0.4101042449866752,0
29,P5,P5,Post_P5_2,1,0.6930847449228811,1
29,P5,P5,Post_P5_2,1,0.467877760997152,0
29,P5,P5,Post_P5_2,1,0.5328554530821594,1
29,P5,P5,Post_P5_2,1,0.7321602362486915,1
29,P5,P5,Post_P5_2,1,0.7005883796089019,1
29,P5,P5,Post_P5_2,1,0.7070601730165453,1
29,P5,P5,Post_P5_2,1,0.48019446693769596,0
29,P5,P5,Post_P5_2,1,0.6778127760029514,1
29,P5,P5,Post_P5_2,1,0.6060458943909204,1
29,P5,P5,Post_P5_2,1,0.5180956611917565,1
29,P5,P5,Post_P5_2,1,0.548242598072057,1
29,P5,P5,Post_P5_2,1,0.4076839278028407,0
29,P5,P5,Post_P5_2,1,0.5332460506609891,1
30,P6,P6,Pre_P6,0,0.43921434889955413,0
30,P6,P6,Pre_P6,0,0.2816583970972538,0
30,P6,P6,Pre_P6,0,0.33685703359125924,0
30,P6,P6,Pre_P6,0,0.5757880236775247,1
30,P6,P6,Pre_P6,0,0.5036687266879539,1
30,P6,P6,Pre_P6,0,0.36895779564510556,0
30,P6,P6,Pre_P6,0,0.5116609585301778,1
30,P6,P6,Pre_P6,0,0.3748522853370629,0
30,P6,P6,Pre_P6,0,0.4965179759234841,0
30,P6,P6,Pre_P6,0,0.5267340338317859,1
30,P6,P6,Pre_P6,0,0.39154151104454643,0
30,P6,P6,Pre_P6,0,0.3802941858397651,0
30,P6,P6,Pre_P6,0,0.4975742057073935,0
30,P6,P6,Pre_P6,0,0.5393682050725417,1
30,P6,P6,Pre_P6,0,0.34869502366222105,0
30,P6,P6,Pre_P6,0,0.4661333200997245,0
30,P6,P6,Pre_P6,0,0.5409317308943606,1
30,P6,P6,Pre_P6,0,0.46685878298096734,0
30,P6,P6,Pre_P6,0,0.3026969095713974,0
30,P6,P6,Pre_P6,0,0.3766951825323254,0
30,P6,P6,Pre_P6,0,0.5814241533533826,1
30,P6,P6,Pre_P6,0,0.5258015519712125,1
30,P6,P6,Pre_P6,0,0.467406172634792,0
30,P6,P6,Pre_P6,0,0.400273533286525,0
30,P6,P6,Pre_P6,0,0.55319960872457,1
30,P6,P6,Pre_P6,0,0.42571953363933945,0
30,P6,P6,Pre_P6,0,0.4665313170940869,0
30,P6,P6,Pre_P6,0,0.3972415906665389,0
30,P6,P6,Pre_P6,0,0.3870945726736539,0
30,P6,P6,Pre_P6,0,0.4712707380731282,0
30,P6,P6,Pre_P6,0,0.4409857208059784,0
30,P6,P6,Pre_P6,0,0.36776420015331185,0
30,P6,P6,Pre_P6,0,0.4023460773926517,0
30,P6,P6,Pre_P6,0,0.38906719211707763,0
30,P6,P6,Pre_P6,0,0.5589289868378186,1
30,P6,P6,Pre_P6,0,0.4631527160449424,0
30,P6,P6,Pre_P6,0,0.5227484830708091,1
30,P6,P6,Pre_P6,0,0.599563226360708,1
30,P6,P6,Pre_P6,0,0.37962770012662816,0
30,P6,P6,Pre_P6,0,0.5237280814211864,1
30,P6,P6,Pre_P6,0,0.30807657180361975,0
30,P6,P6,Pre_P6,0,0.44709788024648633,0
30,P6,P6,Pre_P6,0,0.17011981576790478,0
30,P6,P6,Pre_P6,0,0.38582381766127527,0
30,P6,P6,Pre_P6,0,0.41973479122781215,0
30,P6,P6,Pre_P6,0,0.3371254869238393,0
30,P6,P6,Pre_P6,0,0.3518056431827543,0
30,P6,P6,Pre_P6,0,0.6011905897524826,1
30,P6,P6,Pre_P6,0,0.4861428886489875,0
30,P6,P6,Pre_P6,0,0.3976206783026461,0
30,P6,P6,Pre_P6,0,0.48241299521693076,0
30,P6,P6,Pre_P6,0,0.513983776317133,1
30,P6,P6,Pre_P6,0,0.49608561335546464,0
30,P6,P6,Pre_P6,0,0.5014570994840556,1
30,P6,P6,Pre_P6,0,0.4653758331831737,0
30,P6,P6,Pre_P6,0,0.3090521241683884,0
30,P6,P6,Pre_P6,0,0.3880022810693032,0
30,P6,P6,Pre_P6,0,0.38440930100698406,0
30,P6,P6,Pre_P6,0,0.365080378836426,0
30,P6,P6,Pre_P6,0,0.4219530932983303,0
30,P6,P6,Pre_P6,0,0.4294004389578295,0
30,P6,P6,Pre_P6,0,0.6763635387827454,1
30,P6,P6,Pre_P6,0,0.552024602848994,1
30,P6,P6,Pre_P6,0,0.3369451886748688,0
30,P6,P6,Pre_P6,0,0.5351696887501718,1
30,P6,P6,Pre_P6,0,0.43882073750607303,0
30,P6,P6,Pre_P6,0,0.49997316476007425,0
30,P6,P6,Pre_P6,0,0.4413929751870012,0
30,P6,P6,Pre_P6,0,0.5957747963524297,1
30,P6,P6,Pre_P6,0,0.43645786479415977,0
30,P6,P6,Pre_P6,0,0.5275379275718609,1
30,P6,P6,Pre_P6,0,0.49954094730388765,0
30,P6,P6,Pre_P6,0,0.5429356591038805,1
30,P6,P6,Pre_P6,0,0.4999101779673979,0
30,P6,P6,Pre_P6,0,0.39715760583127646,0
30,P6,P6,Pre_P6,0,0.4240459163847347,0
30,P6,P6,Pre_P6,0,0.6394491090225685,1
30,P6,P6,Pre_P6,0,0.5103166085336448,1
30,P6,P6,Pre_P6,0,0.4466554454497586,0
30,P6,P6,Pre_P6,0,0.5200472238691056,1
30,P6,P6,Pre_P6,0,0.41741394461309206,0
30,P6,P6,Pre_P6,0,0.6864846890090097,1
30,P6,P6,Pre_P6,0,0.40713666278771066,0
30,P6,P6,Pre_P6,0,0.44761098394041254,0
30,P6,P6,Pre_P6,0,0.3024959143226964,0
30,P6,P6,Pre_P6,0,0.5442331530799651,1
30,P6,P6,Pre_P6,0,0.23205572515596348,0
30,P6,P6,Pre_P6,0,0.5322658452831269,1
30,P6,P6,Pre_P6,0,0.43001118550006623,0
30,P6,P6,Pre_P6,0,0.3585087186851658,0
30,P6,P6,Pre_P6,0,0.47960815848148886,0
30,P6,P6,Pre_P6,0,0.41282115160080707,0
30,P6,P6,Pre_P6,0,0.5998919110740412,1
30,P6,P6,Pre_P6,0,0.5455840278310298,1
30,P6,P6,Pre_P6,0,0.36974428565516626,0
30,P6,P6,Pre_P6,0,0.5027772496841814,1
30,P6,P6,Pre_P6,0,0.3453899305946207,0
30,P6,P6,Pre_P6,0,0.6585902523996343,1
30,P6,P6,Pre_P6,0,0.33350211743435587,0
30,P6,P6,Pre_P6,0,0.4545519970112214,0
30,P6,P6,Pre_P6,0,0.597846457603453,1
30,P6,P6,Pre_P6,0,0.4586409540731993,0
30,P6,P6,Pre_P6,0,0.4726855510262246,0
30,P6,P6,Pre_P6,0,0.4184819230875001,0
30,P6,P6,Pre_P6,0,0.43242455959997633,0
30,P6,P6,Pre_P6,0,0.46875073703693454,0
30,P6,P6,Pre_P6,0,0.307324590654107,0
30,P6,P6,Pre_P6,0,0.513720630810918,1
30,P6,P6,Pre_P6,0,0.4672455080149959,0
30,P6,P6,Pre_P6,0,0.5072574266620103,1
30,P6,P6,Pre_P6,0,0.4877704601914453,0
30,P6,P6,Pre_P6,0,0.26556976083866873,0
30,P6,P6,Pre_P6,0,0.2950314382230769,0
30,P6,P6,Pre_P6,0,0.5051723999208099,1
30,P6,P6,Pre_P6,0,0.3460512169510133,0
30,P6,P6,Pre_P6,0,0.41595080197900747,0
30,P6,P6,Pre_P6,0,0.4126818130666877,0
30,P6,P6,Pre_P6,0,0.4275106165924552,0
30,P6,P6,Pre_P6,0,0.43936942328218503,0
30,P6,P6,Pre_P6,0,0.49779820438609096,0
30,P6,P6,Pre_P6,0,0.5433511473300392,1
30,P6,P6,Pre_P6,0,0.48473299419489035,0
30,P6,P6,Pre_P6,0,0.5405595568138387,1
30,P6,P6,Pre_P6,0,0.45434941249166916,0
30,P6,P6,Pre_P6,0,0.3846035143834694,0
30,P6,P6,Pre_P6,0,0.3848010767279871,0
30,P6,P6,Pre_P6,0,0.5511635750516194,1
30,P6,P6,Pre_P6,0,0.5679238848868666,1
30,P6,P6,Pre_P6,0,0.4059354921792312,0
30,P6,P6,Pre_P6,0,0.4315281585730352,0
30,P6,P6,Pre_P6,0,0.40219239298470894,0
30,P6,P6,Pre_P6,0,0.47415059656640857,0
30,P6,P6,Pre_P6,0,0.31204722993305617,0
30,P6,P6,Pre_P6,0,0.5290834268230948,1
30,P6,P6,Pre_P6,0,0.42251793489884115,0
30,P6,P6,Pre_P6,0,0.4990089203674951,0
30,P6,P6,Pre_P6,0,0.5512656312001872,1
30,P6,P6,Pre_P6,0,0.571679235198313,1
30,P6,P6,Pre_P6,0,0.45770235399925147,0
30,P6,P6,Pre_P6,0,0.4476348056377669,0
30,P6,P6,Pre_P6,0,0.23757291171769332,0
30,P6,P6,Pre_P6,0,0.450634841237637,0
30,P6,P6,Pre_P6,0,0.5894062955376493,1
30,P6,P6,Pre_P6,0,0.5380057123637795,1
30,P6,P6,Pre_P6,0,0.5011191996864781,1
30,P6,P6,Pre_P6,0,0.5309631494973709,1
30,P6,P6,Pre_P6,0,0.4810910708057758,0
30,P6,P6,Pre_P6,0,0.4483566913119039,0
30,P6,P6,Pre_P6,0,0.5718845823167398,1
30,P6,P6,Pre_P6,0,0.38659125924706866,0
30,P6,P6,Pre_P6,0,0.5182906894403722,1
30,P6,P6,Pre_P6,0,0.4537751497988196,0
30,P6,P6,Pre_P6,0,0.302491489859212,0
30,P6,P6,Pre_P6,0,0.4487413835745485,0
30,P6,P6,Pre_P6,0,0.4745673104702499,0
30,P6,P6,Pre_P6,0,0.5141211093694119,1
30,P6,P6,Pre_P6,0,0.6219451245214727,1
30,P6,P6,Pre_P6,0,0.5289641681237699,1
30,P6,P6,Pre_P6,0,0.5341527729615326,1
30,P6,P6,Pre_P6,0,0.6288370338381039,1
30,P6,P6,Pre_P6,0,0.5857414235241921,1
30,P6,P6,Pre_P6,0,0.6151957662672624,1
30,P6,P6,Pre_P6,0,0.5802980521181338,1
30,P6,P6,Pre_P6,0,0.5153994410331758,1
30,P6,P6,Pre_P6,0,0.42268954321403984,0
30,P6,P6,Pre_P6,0,0.6841589230123789,1
30,P6,P6,Pre_P6,0,0.3945179002136149,0
30,P6,P6,Pre_P6,0,0.49057086909408487,0
30,P6,P6,Pre_P6,0,0.4819690067020922,0
30,P6,P6,Pre_P6,0,0.35731419640338424,0
30,P6,P6,Pre_P6,0,0.3686801177987721,0
30,P6,P6,Pre_P6,0,0.5274738811579902,1
30,P6,P6,Pre_P6,0,0.49338243221191985,0
30,P6,P6,Pre_P6,0,0.3231132446109377,0
30,P6,P6,Pre_P6,0,0.5486355775462017,1
30,P6,P6,Pre_P6,0,0.5297984752037412,1
30,P6,P6,Pre_P6,0,0.371400570767642,0
30,P6,P6,Pre_P6,0,0.4567799590211206,0
30,P6,P6,Pre_P6,0,0.6784234539164835,1
30,P6,P6,Pre_P6,0,0.6031350813655328,1
30,P6,P6,Pre_P6,0,0.3770155977124213,0
30,P6,P6,Pre_P6,0,0.49906937437216287,0
30,P6,P6,Pre_P6,0,0.40609186350220794,0
30,P6,P6,Pre_P6,0,0.5154622546587614,1
30,P6,P6,Pre_P6,0,0.5273025363190383,1
30,P6,P6,Pre_P6,0,0.4927164435646687,0
30,P6,P6,Pre_P6,0,0.31526134262509065,0
30,P6,P6,Pre_P6,0,0.44416908219370077,0
30,P6,P6,Pre_P6,0,0.43208437737490524,0
30,P6,P6,Pre_P6,0,0.4357719045692499,0
30,P6,P6,Pre_P6,0,0.47930081876242575,0
30,P6,P6,Pre_P6,0,0.3457367723694625,0
30,P6,P6,Pre_P6,0,0.6588643286884466,1
30,P6,P6,Pre_P6,0,0.4873429479914144,0
30,P6,P6,Pre_P6,0,0.4789628425517885,0
30,P6,P6,Pre_P6,0,0.469320649402385,0
30,P6,P6,Pre_P6,0,0.33562773123716405,0
30,P6,P6,Pre_P6,0,0.48723079629377464,0
30,P6,P6,Pre_P6,0,0.3228797644535199,0
30,P6,P6,Pre_P6,0,0.3543193370514041,0
30,P6,P6,Pre_P6,0,0.5175782257303259,1
30,P6,P6,Pre_P6,0,0.4153220773799918,0
30,P6,P6,Pre_P6,0,0.46388647878685535,0
30,P6,P6,Pre_P6,0,0.516290307445307,1
30,P6,P6,Pre_P6,0,0.6654166546756606,1
30,P6,P6,Pre_P6,0,0.46123714299933843,0
30,P6,P6,Pre_P6,0,0.4960686642860235,0
30,P6,P6,Pre_P6,0,0.4200593928230655,0
30,P6,P6,Pre_P6,0,0.4555424156331532,0
30,P6,P6,Pre_P6,0,0.4387810691566784,0
30,P6,P6,Pre_P6,0,0.3764751180633135,0
30,P6,P6,Pre_P6,0,0.45884346231754547,0
30,P6,P6,Pre_P6,0,0.20687722976560166,0
30,P6,P6,Pre_P6,0,0.4871752182312164,0
30,P6,P6,Pre_P6,0,0.43904693757239527,0
30,P6,P6,Pre_P6,0,0.49125925300979545,0
30,P6,P6,Pre_P6,0,0.2518283292835609,0
30,P6,P6,Pre_P6,0,0.3998534367408085,0
30,P6,P6,Pre_P6,0,0.49794109850711626,0
30,P6,P6,Pre_P6,0,0.5512640926471963,1
30,P6,P6,Pre_P6,0,0.3496804593864443,0
30,P6,P6,Pre_P6,0,0.48280140650550035,0
30,P6,P6,Pre_P6,0,0.4056551301363577,0
30,P6,P6,Pre_P6,0,0.5598630661124891,1
30,P6,P6,Pre_P6,0,0.5014683906267651,1
30,P6,P6,Pre_P6,0,0.5374706335701931,1
30,P6,P6,Pre_P6,0,0.2324403377624918,0
30,P6,P6,Pre_P6,0,0.44667073303899596,0
30,P6,P6,Pre_P6,0,0.4717510129618851,0
30,P6,P6,Pre_P6,0,0.48223006162341087,0
30,P6,P6,Pre_P6,0,0.4183935332366355,0
30,P6,P6,Pre_P6,0,0.4453855677031121,0
30,P6,P6,Pre_P6,0,0.46115044963681623,0
30,P6,P6,Pre_P6,0,0.4684259650841218,0
30,P6,P6,Pre_P6,0,0.5250662765186782,1
30,P6,P6,Pre_P6,0,0.473167275802437,0
30,P6,P6,Pre_P6,0,0.49762766425562605,0
30,P6,P6,Pre_P6,0,0.39038725731139323,0
30,P6,P6,Pre_P6,0,0.4721072338588578,0
30,P6,P6,Pre_P6,0,0.5649883332530196,1
30,P6,P6,Pre_P6,0,0.42656352022820865,0
30,P6,P6,Pre_P6,0,0.5113537701489468,1
30,P6,P6,Pre_P6,0,0.3487721504607445,0
30,P6,P6,Pre_P6,0,0.47801618819236463,0
30,P6,P6,Pre_P6,0,0.4132949065528982,0
30,P6,P6,Pre_P6,0,0.33640850072951284,0
30,P6,P6,Pre_P6,0,0.4273118681995425,0
30,P6,P6,Pre_P6,0,0.47283150406715274,0
30,P6,P6,Pre_P6,0,0.2989788348280265,0
30,P6,P6,Pre_P6,0,0.43325819489201517,0
30,P6,P6,Pre_P6,0,0.45394172997212096,0
30,P6,P6,Pre_P6,0,0.438760958325201,0
30,P6,P6,Pre_P6,0,0.4170713323356641,0
30,P6,P6,Pre_P6,0,0.4831782511873724,0
30,P6,P6,Pre_P6,0,0.4659356954024655,0
30,P6,P6,Pre_P6,0,0.39824595774543287,0
30,P6,P6,Pre_P6,0,0.5205396185965288,1
30,P6,P6,Pre_P6,0,0.4306058457441697,0
30,P6,P6,Pre_P6,0,0.5474878577440857,1
30,P6,P6,Pre_P6,0,0.5644129662720523,1
30,P6,P6,Pre_P6,0,0.4831267282469614,0
30,P6,P6,Pre_P6,0,0.491842200861191,0
30,P6,P6,Pre_P6,0,0.523925298241,1
30,P6,P6,Pre_P6,0,0.6323175990840678,1
30,P6,P6,Pre_P6,0,0.4280737388127946,0
30,P6,P6,Pre_P6,0,0.37870015626479125,0
30,P6,P6,Pre_P6,0,0.66183385053688,1
30,P6,P6,Pre_P6,0,0.5101884929636686,1
30,P6,P6,Pre_P6,0,0.5979842061180676,1
30,P6,P6,Pre_P6,0,0.41189572548017117,0
30,P6,P6,Pre_P6,0,0.5327265026480307,1
30,P6,P6,Pre_P6,0,0.33716096897553877,0
30,P6,P6,Pre_P6,0,0.4891603090024124,0
30,P6,P6,Pre_P6,0,0.5038780733844966,1
30,P6,P6,Pre_P6,0,0.46081604147471583,0
30,P6,P6,Pre_P6,0,0.4883773941541118,0
30,P6,P6,Pre_P6,0,0.5113476716011226,1
30,P6,P6,Pre_P6,0,0.4501821843640745,0
30,P6,P6,Pre_P6,0,0.4831110775271682,0
30,P6,P6,Pre_P6,0,0.45188738323809335,0
30,P6,P6,Pre_P6,0,0.3975275939647267,0
30,P6,P6,Pre_P6,0,0.405502451989198,0
30,P6,P6,Pre_P6,0,0.518845508326872,1
30,P6,P6,Pre_P6,0,0.4689952441766006,0
30,P6,P6,Pre_P6,0,0.21487025121084619,0
30,P6,P6,Pre_P6,0,0.36523334280452974,0
30,P6,P6,Pre_P6,0,0.5049623484557059,1
30,P6,P6,Pre_P6,0,0.5156939477986842,1
30,P6,P6,Post_P6,0,0.3717878603164383,0
30,P6,P6,Post_P6,0,0.39101823249249523,0
30,P6,P6,Post_P6,0,0.48003773377398706,0
30,P6,P6,Post_P6,0,0.3260769216294642,0
30,P6,P6,Post_P6,0,0.3226100052551869,0
30,P6,P6,Post_P6,0,0.33293797524932717,0
30,P6,P6,Post_P6,0,0.3596871164235215,0
30,P6,P6,Post_P6,0,0.40839503900877683,0
30,P6,P6,Post_P6,0,0.475486806925588,0
30,P6,P6,Post_P6,0,0.15824903909921575,0
30,P6,P6,Post_P6,0,0.40386272592444417,0
30,P6,P6,Post_P6,0,0.4190031006553338,0
30,P6,P6,Post_P6,0,0.5254952389224806,1
30,P6,P6,Post_P6,0,0.28874613711086927,0
30,P6,P6,Post_P6,0,0.35570635057456657,0
30,P6,P6,Post_P6,0,0.479102805908301,0
30,P6,P6,Post_P6,0,0.36082448796617606,0
30,P6,P6,Post_P6,0,0.506020670663768,1
30,P6,P6,Post_P6,0,0.48622936360633984,0
30,P6,P6,Post_P6,0,0.25449378923207766,0
30,P6,P6,Post_P6,0,0.4085881741555487,0
30,P6,P6,Post_P6,0,0.4532263269921348,0
30,P6,P6,Post_P6,0,0.4200488115299353,0
30,P6,P6,Post_P6,0,0.345730318523958,0
30,P6,P6,Post_P6,0,0.3424187804556917,0
30,P6,P6,Post_P6,0,0.5323799337318856,1
30,P6,P6,Post_P6,0,0.3762347380220691,0
30,P6,P6,Post_P6,0,0.5934518683996635,1
30,P6,P6,Post_P6,0,0.45340282620288086,0
30,P6,P6,Post_P6,0,0.3594149389271988,0
30,P6,P6,Post_P6,0,0.5168354543115006,1
30,P6,P6,Post_P6,0,0.31220702210306633,0
30,P6,P6,Post_P6,0,0.3200172813640288,0
30,P6,P6,Post_P6,0,0.29806770621779155,0
30,P6,P6,Post_P6,0,0.38168674978187783,0
30,P6,P6,Post_P6,0,0.30654737318506303,0
30,P6,P6,Post_P6,0,0.42040045648898683,0
30,P6,P6,Post_P6,0,0.3147425060159329,0
30,P6,P6,Post_P6,0,0.4428670745989515,0
30,P6,P6,Post_P6,0,0.4594261755202213,0
30,P6,P6,Post_P6,0,0.4155491871453363,0
30,P6,P6,Post_P6,0,0.4870795041314977,0
30,P6,P6,Post_P6,0,0.34540370542920645,0
30,P6,P6,Post_P6,0,0.5002734587388131,1
30,P6,P6,Post_P6,0,0.4122032438056531,0
30,P6,P6,Post_P6,0,0.32432158072343525,0
30,P6,P6,Post_P6,0,0.392909073873311,0
30,P6,P6,Post_P6,0,0.3258124586153578,0
30,P6,P6,Post_P6,0,0.4635944330270111,0
30,P6,P6,Post_P6,0,0.46330748764584573,0
30,P6,P6,Post_P6,0,0.4231060385550308,0
30,P6,P6,Post_P6,0,0.430956531199446,0
30,P6,P6,Post_P6,0,0.43217226283038834,0
30,P6,P6,Post_P6,0,0.439579667112015,0
30,P6,P6,Post_P6,0,0.36308233220705904,0
30,P6,P6,Post_P6,0,0.36280108651263276,0
30,P6,P6,Post_P6,0,0.5320379485303592,1
30,P6,P6,Post_P6,0,0.6277310355780753,1
30,P6,P6,Post_P6,0,0.428367878746404,0
30,P6,P6,Post_P6,0,0.3057585723441057,0
30,P6,P6,Post_P6,0,0.3261643892440234,0
30,P6,P6,Post_P6,0,0.4138472929162378,0
30,P6,P6,Post_P6,0,0.49773649197257963,0
30,P6,P6,Post_P6,0,0.4292231569448503,0
30,P6,P6,Post_P6,0,0.5577350575951805,1
30,P6,P6,Post_P6,0,0.36291495942153823,0
30,P6,P6,Post_P6,0,0.43712721886827366,0
30,P6,P6,Post_P6,0,0.22939250387944168,0
30,P6,P6,Post_P6,0,0.3805167736869721,0
30,P6,P6,Post_P6,0,0.4243261781282465,0
30,P6,P6,Post_P6,0,0.27992426993694514,0
30,P6,P6,Post_P6,0,0.49780679405697337,0
30,P6,P6,Post_P6,0,0.33132149807886474,0
30,P6,P6,Post_P6,0,0.38039583864116466,0
30,P6,P6,Post_P6,0,0.4236222579945967,0
30,P6,P6,Post_P6,0,0.3006752680137487,0
30,P6,P6,Post_P6,0,0.4165780746128898,0
30,P6,P6,Post_P6,0,0.3883501717514776,0
30,P6,P6,Post_P6,0,0.3562888845772152,0
30,P6,P6,Post_P6,0,0.301471793375472,0
30,P6,P6,Post_P6,0,0.508756855376627,1
30,P6,P6,Post_P6,0,0.3159269468539063,0
30,P6,P6,Post_P6,0,0.4294894195639888,0
30,P6,P6,Post_P6,0,0.48467948368044944,0
30,P6,P6,Post_P6,0,0.3729817940793618,0
30,P6,P6,Post_P6,0,0.45838519983327064,0
30,P6,P6,Post_P6,0,0.34782357162160116,0
30,P6,P6,Post_P6,0,0.29665647314859395,0
30,P6,P6,Post_P6,0,0.6693827859228688,1
30,P6,P6,Post_P6,0,0.3423849343971989,0
30,P6,P6,Post_P6,0,0.44849877327213766,0
30,P6,P6,Post_P6,0,0.4916107436122686,0
30,P6,P6,Post_P6,0,0.46400077060750106,0
30,P6,P6,Post_P6,0,0.4235928299028731,0
30,P6,P6,Post_P6,0,0.40532614633774156,0
30,P6,P6,Post_P6,0,0.3955448932321411,0
30,P6,P6,Post_P6,0,0.4177961826507297,0
30,P6,P6,Post_P6,0,0.34376381598413147,0
30,P6,P6,Post_P6,0,0.5093465851851553,1
30,P6,P6,Post_P6,0,0.43780108538853824,0
30,P6,P6,Post_P6,0,0.4971385258954176,0
30,P6,P6,Post_P6,0,0.5032637449509486,1
30,P6,P6,Post_P6,0,0.40468779510187897,0
30,P6,P6,Post_P6,0,0.4484075322529379,0
30,P6,P6,Post_P6,0,0.3533592318600078,0
30,P6,P6,Post_P6,0,0.31822092846827005,0
30,P6,P6,Post_P6,0,0.4188552341985495,0
30,P6,P6,Post_P6,0,0.44056461841787165,0
30,P6,P6,Post_P6,0,0.38064033856279955,0
30,P6,P6,Post_P6,0,0.33922249171982405,0
30,P6,P6,Post_P6,0,0.5002344657000467,1
30,P6,P6,Post_P6,0,0.5358433400219637,1
30,P6,P6,Post_P6,0,0.34930582410286487,0
30,P6,P6,Post_P6,0,0.3419931494278748,0
30,P6,P6,Post_P6,0,0.32384083740182645,0
30,P6,P6,Post_P6,0,0.44227080772756927,0
30,P6,P6,Post_P6,0,0.3166991357885066,0
30,P6,P6,Post_P6,0,0.3344744998386536,0
30,P6,P6,Post_P6,0,0.5957744222910714,1
30,P6,P6,Post_P6,0,0.46242440258743955,0
30,P6,P6,Post_P6,0,0.5096150522522267,1
30,P6,P6,Post_P6,0,0.2818927969912571,0
30,P6,P6,Post_P6,0,0.5220458307909531,1
30,P6,P6,Post_P6,0,0.34810101184975956,0
30,P6,P6,Post_P6,0,0.32264358362546003,0
30,P6,P6,Post_P6,0,0.33710143345748717,0
30,P6,P6,Post_P6,0,0.28923974446326023,0
30,P6,P6,Post_P6,0,0.3350648898209941,0
30,P6,P6,Post_P6,0,0.44594827855453717,0
30,P6,P6,Post_P6,0,0.5047769625171428,1
30,P6,P6,Post_P6,0,0.5299694509719584,1
30,P6,P6,Post_P6,0,0.24202967412658327,0
30,P6,P6,Post_P6,0,0.41669220844951194,0
30,P6,P6,Post_P6,0,0.32108773387704687,0
30,P6,P6,Post_P6,0,0.3870036687243632,0
30,P6,P6,Post_P6,0,0.31679623220057407,0
30,P6,P6,Post_P6,0,0.521677763748813,1
30,P6,P6,Post_P6,0,0.39357458785762806,0
30,P6,P6,Post_P6,0,0.47144487195840873,0
30,P6,P6,Post_P6,0,0.3776944632468238,0
30,P6,P6,Post_P6,0,0.23910937179380126,0
30,P6,P6,Post_P6,0,0.33783017589368597,0
30,P6,P6,Post_P6,0,0.4628836541589606,0
30,P6,P6,Post_P6,0,0.3586239138817705,0
30,P6,P6,Post_P6,0,0.395542488278859,0
30,P6,P6,Post_P6,0,0.3634138188335189,0
30,P6,P6,Post_P6,0,0.42217741579846035,0
30,P6,P6,Post_P6,0,0.38359234268840303,0
30,P6,P6,Post_P6,0,0.43195104463867184,0
30,P6,P6,Post_P6,0,0.39225253343523214,0
30,P6,P6,Post_P6,0,0.38797812421309164,0
30,P6,P6,Post_P6,0,0.3869570424745436,0
30,P6,P6,Post_P6,0,0.5056102067915337,1
30,P6,P6,Post_P6,0,0.31919387187209813,0
30,P6,P6,Post_P6,0,0.37778312145618326,0
30,P6,P6,Post_P6,0,0.41446386180609207,0
30,P6,P6,Post_P6,0,0.375172439621201,0
30,P6,P6,Post_P6,0,0.37362303837675875,0
30,P6,P6,Post_P6,0,0.4402205172869859,0
30,P6,P6,Post_P6,0,0.32733995919916226,0
30,P6,P6,Post_P6,0,0.44154794402950254,0
30,P6,P6,Post_P6,0,0.3183592549468743,0
30,P6,P6,Post_P6,0,0.4021873871099976,0
30,P6,P6,Post_P6,0,0.34219397314912464,0
30,P6,P6,Post_P6,0,0.3690359054690395,0
30,P6,P6,Post_P6,0,0.5773092256705119,1
30,P6,P6,Post_P6,0,0.44294265327356885,0
30,P6,P6,Post_P6,0,0.5591595005100078,1
30,P6,P6,Post_P6,0,0.43190065887643136,0
30,P6,P6,Post_P6,0,0.39893149663135774,0
30,P6,P6,Post_P6,0,0.4689465181709795,0
30,P6,P6,Post_P6,0,0.15693822102709015,0
30,P6,P6,Post_P6,0,0.3032709069608039,0
30,P6,P6,Post_P6,0,0.28206101069312206,0
30,P6,P6,Post_P6,0,0.40511007688915823,0
30,P6,P6,Post_P6,0,0.4630849861102394,0
30,P6,P6,Post_P6,0,0.5102875635433832,1
30,P6,P6,Post_P6,0,0.40979332956315834,0
30,P6,P6,Post_P6,0,0.27584817949412527,0
30,P6,P6,Post_P6,0,0.3521685114303579,0
30,P6,P6,Post_P6,0,0.4753447315567912,0
30,P6,P6,Post_P6,0,0.34316717104721,0
30,P6,P6,Post_P6,0,0.3776574382168584,0
30,P6,P6,Post_P6,0,0.34845882731388583,0
30,P6,P6,Post_P6,0,0.3922317007610119,0
30,P6,P6,Post_P6,0,0.41561917692255435,0
30,P6,P6,Post_P6,0,0.5015680066074197,1
30,P6,P6,Post_P6,0,0.46423900830847264,0
30,P6,P6,Post_P6,0,0.49495150867285204,0
30,P6,P6,Post_P6,0,0.4765537104237185,0
30,P6,P6,Post_P6,0,0.37051128055683313,0
30,P6,P6,Post_P6,0,0.5334384857310167,1
30,P6,P6,Post_P6,0,0.42243908633322425,0
30,P6,P6,Post_P6,0,0.3331807712795134,0
30,P6,P6,Post_P6,0,0.4227442300925786,0
30,P6,P6,Post_P6,0,0.3605535754104484,0
30,P6,P6,Post_P6,0,0.338653994019622,0
30,P6,P6,Post_P6,0,0.399136902306347,0
30,P6,P6,Post_P6,0,0.3323744742364369,0
30,P6,P6,Post_P6,0,0.47392932105883406,0
30,P6,P6,Post_P6,0,0.3308516143790518,0
30,P6,P6,Post_P6,0,0.5076534759055747,1
30,P6,P6,Post_P6,0,0.3467485311685014,0
30,P6,P6,Post_P6,0,0.28877958213786137,0
30,P6,P6,Post_P6,0,0.3213133317451027,0
30,P6,P6,Post_P6,0,0.5858276862590325,1
30,P6,P6,Post_P6,0,0.4104510133884103,0
30,P6,P6,Post_P6,0,0.39560555361906247,0
30,P6,P6,Post_P6,0,0.2708566583064557,0
30,P6,P6,Post_P6,0,0.44681897174305524,0
30,P6,P6,Post_P6,0,0.4295018486726634,0
30,P6,P6,Post_P6,0,0.40884221288603684,0
30,P6,P6,Post_P6,0,0.2991508882028207,0
30,P6,P6,Post_P6,0,0.3693489201314874,0
30,P6,P6,Post_P6,0,0.47417143838829606,0
30,P6,P6,Post_P6,0,0.43619372714237825,0
30,P6,P6,Post_P6,0,0.29930389428888887,0
30,P6,P6,Post_P6,0,0.4548607561017111,0
30,P6,P6,Post_P6,0,0.43415099665754314,0
30,P6,P6,Post_P6,0,0.3984837334052484,0
30,P6,P6,Post_P6,0,0.48959536189615804,0
30,P6,P6,Post_P6,0,0.41579094752215673,0
30,P6,P6,Post_P6,0,0.3853790120901595,0
30,P6,P6,Post_P6,0,0.45957379633519463,0
30,P6,P6,Post_P6,0,0.37783778795673445,0
30,P6,P6,Post_P6,0,0.44124534217558214,0
30,P6,P6,Post_P6,0,0.442616335514464,0
30,P6,P6,Post_P6,0,0.40353629362031157,0
30,P6,P6,Post_P6,0,0.5130442710431902,1
30,P6,P6,Post_P6,0,0.41588649086764906,0
30,P6,P6,Post_P6,0,0.38850344685656035,0
30,P6,P6,Post_P6,0,0.32474406442538506,0
30,P6,P6,Post_P6,0,0.40656159914016043,0
30,P6,P6,Post_P6,0,0.4946960483540254,0
30,P6,P6,Post_P6,0,0.4244450982485805,0
30,P6,P6,Post_P6,0,0.27942370404693867,0
30,P6,P6,Post_P6,0,0.3817731323910845,0
30,P6,P6,Post_P6,0,0.3117852218102013,0
30,P6,P6,Post_P6,0,0.3018985592002984,0
30,P6,P6,Post_P6,0,0.5088717327952235,1
30,P6,P6,Post_P6,0,0.253217733961054,0
30,P6,P6,Post_P6,0,0.44807988924107656,0
30,P6,P6,Post_P6,0,0.26049058502847927,0
30,P6,P6,Post_P6,0,0.3962813754791391,0
30,P6,P6,Post_P6,0,0.36197457324838084,0
30,P6,P6,Post_P6,0,0.3103422272556042,0
30,P6,P6,Post_P6,0,0.3748958172948403,0
30,P6,P6,Post_P6,0,0.4070992144236199,0
30,P6,P6,Post_P6,0,0.28057807347938013,0
30,P6,P6,Post_P6,0,0.43631156826722817,0
30,P6,P6,Post_P6,0,0.4687943109959441,0
30,P6,P6,Post_P6,0,0.5053087788690808,1
30,P6,P6,Post_P6,0,0.32633946116802215,0
30,P6,P6,Post_P6,0,0.39329369790865476,0
30,P6,P6,Post_P6,0,0.43256559546691775,0
30,P6,P6,Post_P6,0,0.47668698830669654,0
30,P6,P6,Post_P6,0,0.399176642072977,0
30,P6,P6,Post_P6,0,0.4357889065338289,0
30,P6,P6,Post_P6,0,0.39408069421648184,0
30,P6,P6,Post_P6,0,0.4757172482463272,0
30,P6,P6,Post_P6,0,0.41971441069727716,0
30,P6,P6,Post_P6,0,0.4176371921650903,0
30,P6,P6,Post_P6,0,0.47711086464085367,0
30,P6,P6,Post_P6,0,0.29260512224119367,0
30,P6,P6,Post_P6,0,0.2403328246578187,0
30,P6,P6,Post_P6,0,0.3870689376365606,0
30,P6,P6,Post_P6,0,0.3525840111561514,0
30,P6,P6,Post_P6,0,0.4809828464977445,0
30,P6,P6,Post_P6,0,0.38676688832426215,0
30,P6,P6,Post_P6,0,0.24138381145830845,0
30,P6,P6,Post_P6,0,0.4862011132957519,0
30,P6,P6,Post_P6,0,0.4110049091852543,0
30,P6,P6,Post_P6,0,0.4632530050444815,0
30,P6,P6,Post_P6,0,0.45844752124358834,0
30,P6,P6,Post_P6,0,0.39381033005760824,0
30,P6,P6,Post_P6,0,0.41369522403796977,0
30,P6,P6,Post_P6,0,0.4205775787288411,0
30,P6,P6,Post_P6,0,0.38456157597216256,0
30,P6,P6,Post_P6,0,0.495248120930517,0
30,P6,P6,Post_P6,0,0.3485947189984055,0
30,P6,P6,Post_P6,0,0.3958644261263629,0
30,P6,P6,Post_P6,0,0.5548780228540804,1
30,P6,P6,Post_P6,0,0.42692168677929393,0
30,P6,P6,Post_P6,0,0.45028689701357777,0
30,P6,P6,Post_P6,0,0.5054335992223113,1
30,P6,P6,Post_P6,0,0.4137148452054657,0
30,P6,P6,Post_P6,0,0.4118302720455726,0
30,P6,P6,Post_P6,0,0.34482723934754245,0
30,P6,P6,Post_P6,0,0.49583732645832895,0
30,P6,P6,Post_P6,0,0.40611400182008217,0
30,P6,P6,Post_P6,0,0.37339317270595584,0
30,P6,P6,Post_P6,0,0.4869240166730129,0
30,P6,P6,Post_P6,0,0.43143289187912853,0
30,P6,P6,Post_P6,0,0.367914423795465,0
30,P6,P6,Post_P6,0,0.32495702923949693,0
30,P6,P6,Post_P6,0,0.3753456509238197,0
30,P6,P6,Post_P6,0,0.364973604814144,0
30,P6,P6,Post_P6,0,0.3886879728895346,0
30,P6,P6,Post_P6,0,0.4078436164974371,0
30,P6,P6,Post_P6,0,0.4581591672738115,0
30,P6,P6,Post_P6,0,0.446865932225706,0
30,P6,P6,Post_P6,0,0.3796910904595264,0
30,P6,P6,Post_P6,0,0.4623150364380756,0
30,P6,P6,Post_P6,0,0.44989731297197016,0
30,P6,P6,Post_P6,0,0.5016488218319699,1
30,P6,P6,Post_P6,0,0.41009144278696075,0
30,P6,P6,Post_P6,0,0.4166272946563669,0
30,P6,P6,Post_P6,0,0.40762571623983973,0
30,P6,P6,Post_P6,0,0.28887126988034223,0
30,P6,P6,Post_P6,0,0.41192113863762886,0
30,P6,P6,Post_P6,0,0.33397793872901116,0
30,P6,P6,Post_P6,0,0.3420454708291019,0
30,P6,P6,Post_P6,0,0.37539610262467243,0
30,P6,P6,Post_P6,0,0.42041366047949263,0
30,P6,P6,Post_P6,0,0.33211203723086596,0
30,P6,P6,Post_P6,0,0.382414249446417,0
30,P6,P6,Post_P6,0,0.33505199432100713,0
30,P6,P6,Post_P6,0,0.3382343095149454,0
30,P6,P6,Post_P6,0,0.298779776527575,0
30,P6,P6,Post_P6,0,0.653168896794335,1
30,P6,P6,Post_P6,0,0.31586335446011204,0
30,P6,P6,Post_P6,0,0.47469166636172994,0
30,P6,P6,Post_P6,0,0.34841603109081154,0
30,P6,P6,Post_P6,0,0.4912629887947149,0
30,P6,P6,Post_P6,0,0.3965044748158047,0
30,P6,P6,Post_P6,0,0.44822641270575464,0
30,P6,P6,Post_P6,0,0.5227715009857857,1
30,P6,P6,Post_P6,0,0.543562583018195,1
30,P6,P6,Post_P6,0,0.26779464772489814,0
30,P6,P6,Post_P6,0,0.4715298939457397,0
30,P6,P6,Post_P6,0,0.410200047956613,0
30,P6,P6,Post_P6,0,0.4243668074546054,0
30,P6,P6,Post_P6,0,0.3980592353740493,0
30,P6,P6,Post_P6,0,0.27252181902268674,0
30,P6,P6,Post_P6,0,0.39847659954998516,0
30,P6,P6,Post_P6,0,0.3197750519719661,0
30,P6,P6,Post_P6,0,0.41068918762782936,0
30,P6,P6,Post_P6,0,0.4156415656333382,0
30,P6,P6,Post_P6,0,0.4340877898482924,0
30,P6,P6,Post_P6,0,0.5587734749410052,1
30,P6,P6,Post_P6,0,0.4244645419635775,0
30,P6,P6,Post_P6,0,0.4977168822129743,0
30,P6,P6,Post_P6,0,0.400848105638534,0
30,P6,P6,Post_P6,0,0.5125719879410847,1
30,P6,P6,Post_P6,0,0.3970328446088398,0
30,P6,P6,Post_P6,0,0.552168982820725,1
30,P6,P6,Post_P6,0,0.35486000795886463,0
30,P6,P6,Post_P6,0,0.35271001306850375,0
30,P6,P6,Post_P6,0,0.4481462344947467,0
30,P6,P6,Post_P6,0,0.34481197189955626,0
30,P6,P6,Post_P6,0,0.356338540745393,0
30,P6,P6,Post_P6,0,0.2991771791952083,0
30,P6,P6,Post_P6,0,0.44299846002585824,0
30,P6,P6,Post_P6,0,0.5436333979698001,1
30,P6,P6,Post_P6,0,0.5833071464855625,1
30,P6,P6,Post_P6,0,0.4450296831560907,0
30,P6,P6,Post_P6,0,0.3882944865871149,0
30,P6,P6,Post_P6,0,0.31641927109130297,0
30,P6,P6,Post_P6,0,0.3240730889264042,0
30,P6,P6,Post_P6,0,0.38912812902157246,0
30,P6,P6,Post_P6,0,0.2923607309806364,0
30,P6,P6,Post_P6,0,0.2839297416442479,0
30,P6,P6,Post_P6,0,0.4581491999353259,0
30,P6,P6,Post_P6,0,0.506331942734326,1
30,P6,P6,Post_P6,0,0.39211019334506814,0
30,P6,P6,Post_P6,0,0.26743738976206527,0
30,P6,P6,Post_P6,0,0.44393465595619797,0
30,P6,P6,Post_P6,0,0.3508657397606159,0
30,P6,P6,Post_P6,0,0.44333641070657087,0
30,P6,P6,Post_P6,0,0.4584285844288471,0
30,P6,P6,Post_P6,0,0.4795383340093265,0
30,P6,P6,Post_P6,0,0.3895915663708145,0
30,P6,P6,Post_P6,0,0.3261424478548261,0
30,P6,P6,Post_P6,0,0.41920173744287015,0
30,P6,P6,Post_P6,0,0.19290335371041792,0
30,P6,P6,Post_P6,0,0.5105486009141047,1
30,P6,P6,Post_P6,0,0.41011416132110434,0
30,P6,P6,Post_P6,0,0.4244423780108465,0
30,P6,P6,Post_P6,0,0.3780856475463528,0
30,P6,P6,Post_P6,0,0.4661718366105161,0
30,P6,P6,Post_P6,0,0.38554123906166304,0
30,P6,P6,Post_P6,0,0.4284965047592366,0
30,P6,P6,Post_P6,0,0.4174752510655393,0
30,P6,P6,Post_P6,0,0.44616907933421784,0
30,P6,P6,Post_P6,0,0.37676458665915225,0
30,P6,P6,Post_P6,0,0.5070090336636641,1
30,P6,P6,Post_P6,0,0.45352608270659756,0
30,P6,P6,Post_P6,0,0.501087749480066,1
30,P6,P6,Post_P6,0,0.33119711994418655,0
30,P6,P6,Post_P6,0,0.40877577027560436,0
30,P6,P6,Post_P6,0,0.36782224756081194,0
30,P6,P6,Post_P6,0,0.3816515745061386,0
30,P6,P6,Post_P6,0,0.29266561092628224,0
30,P6,P6,Post_P6,0,0.27612627474281404,0
30,P6,P6,Post_P6,0,0.4575199797253095,0
30,P6,P6,Post_P6,0,0.5200007581876332,1
30,P6,P6,Post_P6,0,0.41716365534163097,0
30,P6,P6,Post_P6,0,0.3564337022271447,0
30,P6,P6,Post_P6,0,0.4858559499335346,0
30,P6,P6,Post_P6,0,0.4005717270106401,0
31,P7,P7,Pre_P7,1,0.6276233968107897,1
31,P7,P7,Pre_P7,1,0.7264463882261385,1
31,P7,P7,Pre_P7,1,0.4447161892401322,0
31,P7,P7,Pre_P7,1,0.6680086389947439,1
31,P7,P7,Pre_P7,1,0.30866190743048477,0
31,P7,P7,Pre_P7,1,0.7055566184701824,1
31,P7,P7,Pre_P7,1,0.5300914513947627,1
31,P7,P7,Pre_P7,1,0.3033827312447739,0
31,P7,P7,Pre_P7,1,0.34178053842895373,0
31,P7,P7,Pre_P7,1,0.46558690544611137,0
31,P7,P7,Pre_P7,1,0.22170467928801205,0
31,P7,P7,Pre_P7,1,0.7898963396076754,1
31,P7,P7,Pre_P7,1,0.49514636283440333,0
31,P7,P7,Pre_P7,1,0.6651048926754316,1
31,P7,P7,Pre_P7,1,0.7190640774358694,1
31,P7,P7,Pre_P7,1,0.7663369687416063,1
31,P7,P7,Pre_P7,1,0.8194050301338661,1
31,P7,P7,Pre_P7,1,0.4359444967402794,0
31,P7,P7,Pre_P7,1,0.46078095416196246,0
31,P7,P7,Pre_P7,1,0.707106995916979,1
31,P7,P7,Pre_P7,1,0.845739980162728,1
31,P7,P7,Pre_P7,1,0.6709045693741532,1
31,P7,P7,Pre_P7,1,0.4268532829672104,0
31,P7,P7,Pre_P7,1,0.4219465701327502,0
31,P7,P7,Pre_P7,1,0.5929993460697606,1
31,P7,P7,Pre_P7,1,0.7069171894597277,1
31,P7,P7,Pre_P7,1,0.5576830667281514,1
31,P7,P7,Pre_P7,1,0.6860272482933006,1
31,P7,P7,Pre_P7,1,0.42945342498205386,0
31,P7,P7,Pre_P7,1,0.5277834337059139,1
31,P7,P7,Pre_P7,1,0.18620454251377938,0
31,P7,P7,Pre_P7,1,0.5274716758375317,1
31,P7,P7,Pre_P7,1,0.46420275895294416,0
31,P7,P7,Pre_P7,1,0.1793825652203381,0
31,P7,P7,Pre_P7,1,0.7440245779271077,1
31,P7,P7,Pre_P7,1,0.5745924305893594,1
31,P7,P7,Pre_P7,1,0.5165409769805268,1
31,P7,P7,Pre_P7,1,0.5389498301897825,1
31,P7,P7,Pre_P7,1,0.3818096188381597,0
31,P7,P7,Pre_P7,1,0.483916319429631,0
31,P7,P7,Pre_P7,1,0.3972239781719944,0
31,P7,P7,Pre_P7,1,0.5191951004799693,1
31,P7,P7,Pre_P7,1,0.4139880826380578,0
31,P7,P7,Pre_P7,1,0.6303228906792179,1
31,P7,P7,Pre_P7,1,0.6577612404900302,1
31,P7,P7,Pre_P7,1,0.7220517457242691,1
31,P7,P7,Pre_P7,1,0.5588458529822227,1
31,P7,P7,Pre_P7,1,0.383193855100125,0
31,P7,P7,Pre_P7,1,0.43258311110072273,0
31,P7,P7,Pre_P7,1,0.6654388322123269,1
31,P7,P7,Pre_P7,1,0.4159856011832858,0
31,P7,P7,Pre_P7,1,0.43007755382231916,0
31,P7,P7,Pre_P7,1,0.6235981289568784,1
31,P7,P7,Pre_P7,1,0.4451741998635158,0
31,P7,P7,Pre_P7,1,0.39505417371416696,0
31,P7,P7,Pre_P7,1,0.6151866788228135,1
31,P7,P7,Pre_P7,1,0.4593355320271534,0
31,P7,P7,Pre_P7,1,0.24139655856771633,0
31,P7,P7,Pre_P7,1,0.3082536176341829,0
31,P7,P7,Pre_P7,1,0.6967893451527407,1
31,P7,P7,Pre_P7,1,0.4113129159784209,0
31,P7,P7,Pre_P7,1,0.48602136933883816,0
31,P7,P7,Pre_P7,1,0.8397375410586905,1
31,P7,P7,Pre_P7,1,0.4229058020352589,0
31,P7,P7,Pre_P7,1,0.6498792754328491,1
31,P7,P7,Pre_P7,1,0.6728297234934361,1
31,P7,P7,Pre_P7,1,0.46256352001372814,0
31,P7,P7,Pre_P7,1,0.8496037849310355,1
31,P7,P7,Pre_P7,1,0.7098523096709782,1
31,P7,P7,Pre_P7,1,0.6430694693605992,1
31,P7,P7,Pre_P7,1,0.2191294596746875,0
31,P7,P7,Pre_P7,1,0.4526992404900515,0
31,P7,P7,Pre_P7,1,0.3517324115857559,0
31,P7,P7,Pre_P7,1,0.4597434923991015,0
31,P7,P7,Pre_P7,1,0.2382978979896726,0
31,P7,P7,Pre_P7,1,0.27833168906883354,0
31,P7,P7,Pre_P7,1,0.7672704434509725,1
31,P7,P7,Pre_P7,1,0.7895886770135455,1
31,P7,P7,Pre_P7,1,0.2037866924682405,0
31,P7,P7,Pre_P7,1,0.6073769173363309,1
31,P7,P7,Pre_P7,1,0.5581141020333998,1
31,P7,P7,Pre_P7,1,0.3332282906925567,0
31,P7,P7,Pre_P7,1,0.7736554771447858,1
31,P7,P7,Pre_P7,1,0.4877288311204457,0
31,P7,P7,Pre_P7,1,0.7871048882085829,1
31,P7,P7,Pre_P7,1,0.6541982349772664,1
31,P7,P7,Pre_P7,1,0.8032824419310618,1
31,P7,P7,Pre_P7,1,0.36436082041102147,0
31,P7,P7,Pre_P7,1,0.5648431569004688,1
31,P7,P7,Pre_P7,1,0.49645545752992437,0
31,P7,P7,Pre_P7,1,0.45446207408415,0
31,P7,P7,Pre_P7,1,0.5862640625952643,1
31,P7,P7,Pre_P7,1,0.3478453467560816,0
31,P7,P7,Pre_P7,1,0.33788641060237945,0
31,P7,P7,Pre_P7,1,0.40283942213791696,0
31,P7,P7,Pre_P7,1,0.6805804183299696,1
31,P7,P7,Pre_P7,1,0.6375521032546684,1
31,P7,P7,Pre_P7,1,0.7586725361257738,1
31,P7,P7,Pre_P7,1,0.24706536947348925,0
31,P7,P7,Pre_P7,1,0.4136030658822769,0
31,P7,P7,Pre_P7,1,0.6518488930809161,1
31,P7,P7,Pre_P7,1,0.7597619308311745,1
31,P7,P7,Pre_P7,1,0.15028078450926458,0
31,P7,P7,Pre_P7,1,0.4260167164321819,0
31,P7,P7,Pre_P7,1,0.7198670574738724,1
31,P7,P7,Pre_P7,1,0.8447876104815699,1
31,P7,P7,Pre_P7,1,0.6026111925326536,1
31,P7,P7,Pre_P7,1,0.6833312396786465,1
31,P7,P7,Pre_P7,1,0.3036338054031018,0
31,P7,P7,Pre_P7,1,0.683851986481982,1
31,P7,P7,Pre_P7,1,0.24832494436832997,0
31,P7,P7,Pre_P7,1,0.5572045558701649,1
31,P7,P7,Pre_P7,1,0.711812954699063,1
31,P7,P7,Pre_P7,1,0.3854347885465586,0
31,P7,P7,Pre_P7,1,0.7303720643589393,1
31,P7,P7,Pre_P7,1,0.4765521367740434,0
31,P7,P7,Pre_P7,1,0.7839641662017509,1
31,P7,P7,Pre_P7,1,0.5235820942010545,1
31,P7,P7,Pre_P7,1,0.5396060105630357,1
31,P7,P7,Pre_P7,1,0.40474466939943243,0
31,P7,P7,Pre_P7,1,0.47858031946477586,0
31,P7,P7,Pre_P7,1,0.4645341438262621,0
31,P7,P7,Pre_P7,1,0.5648934254920089,1
31,P7,P7,Pre_P7,1,0.49430174981471847,0
31,P7,P7,Pre_P7,1,0.5093851324120199,1
31,P7,P7,Pre_P7,1,0.6014127028563662,1
31,P7,P7,Pre_P7,1,0.8644261875117217,1
31,P7,P7,Pre_P7,1,0.5595851931785442,1
31,P7,P7,Pre_P7,1,0.9188106251008891,1
31,P7,P7,Pre_P7,1,0.6043306567262084,1
31,P7,P7,Pre_P7,1,0.25299505841425113,0
31,P7,P7,Pre_P7,1,0.46309008157286885,0
31,P7,P7,Pre_P7,1,0.697451240260138,1
31,P7,P7,Pre_P7,1,0.762273470012238,1
31,P7,P7,Pre_P7,1,0.363149520325244,0
31,P7,P7,Pre_P7,1,0.341356640935103,0
31,P7,P7,Pre_P7,1,0.8375603102612016,1
31,P7,P7,Pre_P7,1,0.1198300770467337,0
31,P7,P7,Pre_P7,1,0.35867284055159443,0
31,P7,P7,Pre_P7,1,0.35531587867189596,0
31,P7,P7,Pre_P7,1,0.4119532704537056,0
31,P7,P7,Pre_P7,1,0.3916345444091133,0
31,P7,P7,Pre_P7,1,0.5939442006352137,1
31,P7,P7,Pre_P7,1,0.621728605368883,1
31,P7,P7,Pre_P7,1,0.21205565596632187,0
31,P7,P7,Pre_P7,1,0.48912140554297245,0
31,P7,P7,Pre_P7,1,0.691069869687787,1
31,P7,P7,Pre_P7,1,0.3626067914242686,0
31,P7,P7,Pre_P7,1,0.45074167191769693,0
31,P7,P7,Pre_P7,1,0.6307253363600082,1
31,P7,P7,Pre_P7,1,0.5914436566747783,1
31,P7,P7,Pre_P7,1,0.4904733415065624,0
31,P7,P7,Pre_P7,1,0.46241951664437453,0
31,P7,P7,Pre_P7,1,0.5864924154314493,1
31,P7,P7,Pre_P7,1,0.3452692387043798,0
31,P7,P7,Pre_P7,1,0.37987970844338415,0
31,P7,P7,Pre_P7,1,0.7749871411335745,1
31,P7,P7,Pre_P7,1,0.4424025955427404,0
31,P7,P7,Pre_P7,1,0.6187729855697057,1
31,P7,P7,Pre_P7,1,0.7032866013273255,1
31,P7,P7,Pre_P7,1,0.5719805941810758,1
31,P7,P7,Pre_P7,1,0.19844105664959802,0
31,P7,P7,Pre_P7,1,0.37797696238305045,0
31,P7,P7,Pre_P7,1,0.6469943439032884,1
31,P7,P7,Pre_P7,1,0.5576660848538355,1
31,P7,P7,Pre_P7,1,0.7281660177219704,1
31,P7,P7,Pre_P7,1,0.34828928537751264,0
31,P7,P7,Pre_P7,1,0.8669663618105149,1
31,P7,P7,Pre_P7,1,0.15388783436924527,0
31,P7,P7,Pre_P7,1,0.6342654747566335,1
31,P7,P7,Pre_P7,1,0.6545813599833995,1
31,P7,P7,Pre_P7,1,0.6900503744529398,1
31,P7,P7,Pre_P7,1,0.3717689528910964,0
31,P7,P7,Pre_P7,1,0.7169806906110059,1
31,P7,P7,Pre_P7,1,0.7973229153717784,1
31,P7,P7,Pre_P7,1,0.5126594588168014,1
31,P7,P7,Pre_P7,1,0.6519987055842346,1
31,P7,P7,Pre_P7,1,0.3563482426167458,0
31,P7,P7,Pre_P7,1,0.5227576187695415,1
31,P7,P7,Pre_P7,1,0.7137452299866226,1
31,P7,P7,Pre_P7,1,0.49482943594768786,0
31,P7,P7,Pre_P7,1,0.43449068868861773,0
31,P7,P7,Pre_P7,1,0.5809127851018965,1
31,P7,P7,Pre_P7,1,0.5919521518871198,1
31,P7,P7,Pre_P7,1,0.20355044893641466,0
31,P7,P7,Pre_P7,1,0.6308539175883365,1
31,P7,P7,Pre_P7,1,0.7127364670002592,1
31,P7,P7,Pre_P7,1,0.7141144930869451,1
31,P7,P7,Pre_P7,1,0.3884187932787141,0
31,P7,P7,Pre_P7,1,0.5301147187408143,1
31,P7,P7,Pre_P7,1,0.4654912076670176,0
31,P7,P7,Pre_P7,1,0.48591866787630833,0
31,P7,P7,Pre_P7,1,0.6328746805098834,1
31,P7,P7,Pre_P7,1,0.6657427773059523,1
31,P7,P7,Pre_P7,1,0.3876565164713641,0
31,P7,P7,Pre_P7,1,0.6119840009017329,1
31,P7,P7,Pre_P7,1,0.20814226159805374,0
31,P7,P7,Pre_P7,1,0.4515694488186207,0
31,P7,P7,Pre_P7,1,0.5335397131981547,1
31,P7,P7,Pre_P7,1,0.5244081527354943,1
31,P7,P7,Pre_P7,1,0.34889221725122593,0
31,P7,P7,Pre_P7,1,0.6508631190359159,1
31,P7,P7,Pre_P7,1,0.49589428370913335,0
31,P7,P7,Pre_P7,1,0.5354997436211024,1
31,P7,P7,Pre_P7,1,0.26902397069392053,0
31,P7,P7,Pre_P7,1,0.607650745348898,1
31,P7,P7,Pre_P7,1,0.5328725400632753,1
31,P7,P7,Pre_P7,1,0.4678898799272676,0
31,P7,P7,Pre_P7,1,0.3956240727554702,0
31,P7,P7,Pre_P7,1,0.6822773830406716,1
31,P7,P7,Pre_P7,1,0.5763825737952076,1
31,P7,P7,Pre_P7,1,0.6343418737635282,1
31,P7,P7,Pre_P7,1,0.49958000966251004,0
31,P7,P7,Pre_P7,1,0.4051595647082459,0
31,P7,P7,Pre_P7,1,0.49617497437805097,0
31,P7,P7,Pre_P7,1,0.5255276836508637,1
31,P7,P7,Pre_P7,1,0.43885102650919355,0
31,P7,P7,Pre_P7,1,0.5951606947790381,1
31,P7,P7,Pre_P7,1,0.529760398892474,1
31,P7,P7,Pre_P7,1,0.4304709127479334,0
31,P7,P7,Pre_P7,1,0.7204722130105752,1
31,P7,P7,Pre_P7,1,0.3739185301871003,0
31,P7,P7,Pre_P7,1,0.8188909524361558,1
31,P7,P7,Pre_P7,1,0.4868069849356972,0
31,P7,P7,Pre_P7,1,0.5080282824746962,1
31,P7,P7,Pre_P7,1,0.6885706145314067,1
31,P7,P7,Pre_P7,1,0.18470022786397156,0
31,P7,P7,Pre_P7,1,0.608343390599637,1
31,P7,P7,Pre_P7,1,0.43133527008030426,0
31,P7,P7,Pre_P7,1,0.31176673980795877,0
31,P7,P7,Pre_P7,1,0.7534032705712063,1
31,P7,P7,Pre_P7,1,0.18427549512133473,0
31,P7,P7,Pre_P7,1,0.6073436760507485,1
31,P7,P7,Pre_P7,1,0.31004591037680834,0
31,P7,P7,Pre_P7,1,0.6596579493625419,1
31,P7,P7,Pre_P7,1,0.5900652239881248,1
31,P7,P7,Pre_P7,1,0.291254552852117,0
31,P7,P7,Pre_P7,1,0.5410949694053365,1
31,P7,P7,Pre_P7,1,0.3860389836198524,0
31,P7,P7,Pre_P7,1,0.5292732900048316,1
31,P7,P7,Pre_P7,1,0.8661920852275442,1
31,P7,P7,Pre_P7,1,0.5561105255990003,1
31,P7,P7,Pre_P7,1,0.32481708007886245,0
31,P7,P7,Pre_P7,1,0.3859070694408618,0
31,P7,P7,Pre_P7,1,0.5722082528618194,1
31,P7,P7,Pre_P7,1,0.7929283500648536,1
31,P7,P7,Pre_P7,1,0.6838115763888213,1
31,P7,P7,Pre_P7,1,0.6012963462747473,1
31,P7,P7,Pre_P7,1,0.6939515628360915,1
31,P7,P7,Pre_P7,1,0.40719188695285546,0
31,P7,P7,Pre_P7,1,0.15897869295734715,0
31,P7,P7,Pre_P7,1,0.43543077500961536,0
31,P7,P7,Pre_P7,1,0.5663114550615285,1
31,P7,P7,Pre_P7,1,0.4946265529814338,0
31,P7,P7,Pre_P7,1,0.5491617493607435,1
31,P7,P7,Pre_P7,1,0.5392665852789266,1
31,P7,P7,Pre_P7,1,0.792876424879694,1
31,P7,P7,Pre_P7,1,0.587102361046006,1
31,P7,P7,Pre_P7,1,0.6826848823912999,1
31,P7,P7,Pre_P7,1,0.6994936237825676,1
31,P7,P7,Pre_P7,1,0.4551346366553261,0
31,P7,P7,Pre_P7,1,0.6726062784011071,1
31,P7,P7,Pre_P7,1,0.13734424157785863,0
31,P7,P7,Pre_P7,1,0.29855283065385707,0
31,P7,P7,Pre_P7,1,0.5806069043283966,1
31,P7,P7,Pre_P7,1,0.6098174783207374,1
31,P7,P7,Pre_P7,1,0.6591415957433009,1
31,P7,P7,Pre_P7,1,0.7270912480324744,1
31,P7,P7,Pre_P7,1,0.6938468147153203,1
31,P7,P7,Pre_P7,1,0.5291159099916324,1
31,P7,P7,Pre_P7,1,0.579368978215579,1
31,P7,P7,Pre_P7,1,0.40799819399259474,0
31,P7,P7,Pre_P7,1,0.4962128033604794,0
31,P7,P7,Pre_P7,1,0.6913819634453086,1
31,P7,P7,Pre_P7,1,0.6320386896117205,1
31,P7,P7,Pre_P7,1,0.6120532494250542,1
31,P7,P7,Pre_P7,1,0.4624671204058936,0
31,P7,P7,Pre_P7,1,0.4864985016627542,0
31,P7,P7,Pre_P7,1,0.26890615588191424,0
31,P7,P7,Pre_P7,1,0.5490748225335956,1
31,P7,P7,Pre_P7,1,0.6518709526939591,1
31,P7,P7,Pre_P7,1,0.6243452772362467,1
31,P7,P7,Pre_P7,1,0.30640710872725924,0
31,P7,P7,Pre_P7,1,0.41110765034342955,0
31,P7,P7,Pre_P7,1,0.41643636048411187,0
31,P7,P7,Pre_P7,1,0.5368210194020203,1
31,P7,P7,Pre_P7,1,0.7451932401575546,1
31,P7,P7,Pre_P7,1,0.13386525935677707,0
31,P7,P7,Pre_P7,1,0.6053857864346389,1
31,P7,P7,Pre_P7,1,0.5262675578862733,1
31,P7,P7,Pre_P7,1,0.4593749863191168,0
31,P7,P7,Pre_P7,1,0.3733489152875721,0
31,P7,P7,Pre_P7,1,0.3568240183338295,0
31,P7,P7,Pre_P7,1,0.8276560867761287,1
31,P7,P7,Pre_P7,1,0.4811419341986328,0
31,P7,P7,Pre_P7,1,0.47739820662688937,0
31,P7,P7,Pre_P7,1,0.4358453093909159,0
31,P7,P7,Pre_P7,1,0.34787740454195454,0
31,P7,P7,Pre_P7,1,0.6393482377225006,1
31,P7,P7,Pre_P7,1,0.4120214910836751,0
31,P7,P7,Pre_P7,1,0.552840197128504,1
31,P7,P7,Pre_P7,1,0.45211452288070375,0
31,P7,P7,Pre_P7,1,0.610509281267825,1
31,P7,P7,Pre_P7,1,0.5024743183241939,1
31,P7,P7,Pre_P7,1,0.1835311392183197,0
31,P7,P7,Pre_P7,1,0.3880319226777382,0
31,P7,P7,Pre_P7,1,0.760532387347016,1
31,P7,P7,Pre_P7,1,0.3702681902708684,0
31,P7,P7,Pre_P7,1,0.6726880370567611,1
31,P7,P7,Pre_P7,1,0.6018175040805294,1
31,P7,P7,Pre_P7,1,0.32344228473817566,0
31,P7,P7,Pre_P7,1,0.3963656310046175,0
31,P7,P7,Pre_P7,1,0.32576037825560106,0
31,P7,P7,Pre_P7,1,0.3102337604611469,0
31,P7,P7,Pre_P7,1,0.7788881994094391,1
31,P7,P7,Pre_P7,1,0.44535441941573295,0
31,P7,P7,Pre_P7,1,0.38315083301890973,0
31,P7,P7,Pre_P7,1,0.6066702438214671,1
31,P7,P7,Pre_P7,1,0.5654583401694232,1
31,P7,P7,Pre_P7,1,0.4925473064506076,0
31,P7,P7,Pre_P7,1,0.43985154782476166,0
31,P7,P7,Pre_P7,1,0.5744501452827155,1
31,P7,P7,Pre_P7,1,0.5888831782172551,1
31,P7,P7,Pre_P7,1,0.5339370973195234,1
31,P7,P7,Pre_P7,1,0.6427251846448496,1
31,P7,P7,Pre_P7,1,0.2636573768973821,0
31,P7,P7,Pre_P7,1,0.23467883086124616,0
31,P7,P7,Pre_P7,1,0.36974153542645344,0
31,P7,P7,Pre_P7,1,0.5940854607791067,1
31,P7,P7,Pre_P7,1,0.5238993087645681,1
31,P7,P7,Pre_P7,1,0.47201796391235973,0
31,P7,P7,Pre_P7,1,0.6120386272166023,1
31,P7,P7,Pre_P7,1,0.4440435797570912,0
31,P7,P7,Pre_P7,1,0.7090581039387317,1
31,P7,P7,Pre_P7,1,0.276784534869829,0
31,P7,P7,Pre_P7,1,0.6234845201286052,1
31,P7,P7,Pre_P7,1,0.4360436432789287,0
31,P7,P7,Pre_P7,1,0.6468528537072993,1
31,P7,P7,Pre_P7,1,0.5196093421208668,1
31,P7,P7,Pre_P7,1,0.46757899955558807,0
31,P7,P7,Pre_P7,1,0.7976911658469944,1
31,P7,P7,Pre_P7,1,0.540189718412147,1
31,P7,P7,Pre_P7,1,0.6723870051309152,1
31,P7,P7,Pre_P7,1,0.6918959546252398,1
31,P7,P7,Pre_P7,1,0.3026700471213726,0
31,P7,P7,Pre_P7,1,0.28335189061584626,0
31,P7,P7,Pre_P7,1,0.20850291318246916,0
31,P7,P7,Pre_P7,1,0.6072745637143596,1
31,P7,P7,Pre_P7,1,0.261475005776278,0
31,P7,P7,Pre_P7,1,0.647771288826563,1
31,P7,P7,Pre_P7,1,0.5809689057392404,1
31,P7,P7,Pre_P7,1,0.6112747255327827,1
31,P7,P7,Pre_P7,1,0.23854849721184115,0
31,P7,P7,Pre_P7,1,0.9273007698847804,1
31,P7,P7,Pre_P7,1,0.4597739569231301,0
31,P7,P7,Pre_P7,1,0.3505930899640052,0
31,P7,P7,Pre_P7,1,0.5781639331412345,1
31,P7,P7,Pre_P7,1,0.5424339827181536,1
31,P7,P7,Pre_P7,1,0.23590041391882008,0
31,P7,P7,Pre_P7,1,0.4500893454969814,0
31,P7,P7,Pre_P7,1,0.579452158287727,1
31,P7,P7,Pre_P7,1,0.5324117066393506,1
31,P7,P7,Pre_P7,1,0.9182215657805509,1
31,P7,P7,Pre_P7,1,0.8368863829140767,1
31,P7,P7,Pre_P7,1,0.5780542834839938,1
31,P7,P7,Pre_P7,1,0.522160227323204,1
31,P7,P7,Pre_P7,1,0.7998877222763444,1
31,P7,P7,Pre_P7,1,0.3472993328843411,0
31,P7,P7,Post_P7,1,0.5062593305335243,1
31,P7,P7,Post_P7,1,0.6161601515288222,1
31,P7,P7,Post_P7,1,0.29716546814297706,0
31,P7,P7,Post_P7,1,0.3034225865010515,0
31,P7,P7,Post_P7,1,0.28402921824065697,0
31,P7,P7,Post_P7,1,0.3972026552201293,0
31,P7,P7,Post_P7,1,0.25301660582653523,0
31,P7,P7,Post_P7,1,0.5351026284973329,1
31,P7,P7,Post_P7,1,0.5295410057074728,1
31,P7,P7,Post_P7,1,0.5755847258773126,1
31,P7,P7,Post_P7,1,0.3715542847250584,0
31,P7,P7,Post_P7,1,0.4961170462785902,0
31,P7,P7,Post_P7,1,0.36519534724984926,0
31,P7,P7,Post_P7,1,0.3212467123386531,0
31,P7,P7,Post_P7,1,0.2407066812580829,0
31,P7,P7,Post_P7,1,0.3018049757706641,0
31,P7,P7,Post_P7,1,0.3185104938083464,0
31,P7,P7,Post_P7,1,0.5934425305753258,1
31,P7,P7,Post_P7,1,0.4921540954366672,0
31,P7,P7,Post_P7,1,0.2818783183786915,0
31,P7,P7,Post_P7,1,0.5743935606304499,1
31,P7,P7,Post_P7,1,0.471622915255976,0
31,P7,P7,Post_P7,1,0.4012065812996086,0
31,P7,P7,Post_P7,1,0.5544314625319477,1
31,P7,P7,Post_P7,1,0.43290955689644905,0
31,P7,P7,Post_P7,1,0.3756059979366586,0
31,P7,P7,Post_P7,1,0.42302524816116593,0
31,P7,P7,Post_P7,1,0.1118519596116999,0
31,P7,P7,Post_P7,1,0.4757175752126818,0
31,P7,P7,Post_P7,1,0.3420955038606653,0
31,P7,P7,Post_P7,1,0.06159791284835603,0
31,P7,P7,Post_P7,1,0.29192429526113983,0
31,P7,P7,Post_P7,1,0.2799663121776153,0
31,P7,P7,Post_P7,1,0.25805427554870236,0
31,P7,P7,Post_P7,1,0.45071173980189705,0
31,P7,P7,Post_P7,1,0.5615738076046602,1
31,P7,P7,Post_P7,1,0.39892325333128525,0
31,P7,P7,Post_P7,1,0.4597282941335253,0
31,P7,P7,Post_P7,1,0.4013752167248072,0
31,P7,P7,Post_P7,1,0.27906623958435167,0
31,P7,P7,Post_P7,1,0.5807445279578854,1
31,P7,P7,Post_P7,1,0.388127171102054,0
31,P7,P7,Post_P7,1,0.4176576491637868,0
31,P7,P7,Post_P7,1,0.3644645496821865,0
31,P7,P7,Post_P7,1,0.7245203536510023,1
31,P7,P7,Post_P7,1,0.8194020627163945,1
31,P7,P7,Post_P7,1,0.2544684168009359,0
31,P7,P7,Post_P7,1,0.14802564493901846,0
31,P7,P7,Post_P7,1,0.17832941712734185,0
31,P7,P7,Post_P7,1,0.3331997739886287,0
31,P7,P7,Post_P7,1,0.7162180441235959,1
31,P7,P7,Post_P7,1,0.7531596140036219,1
31,P7,P7,Post_P7,1,0.5617707028188101,1
31,P7,P7,Post_P7,1,0.21629052818673264,0
31,P7,P7,Post_P7,1,0.4116901993407939,0
31,P7,P7,Post_P7,1,0.2779788257162611,0
31,P7,P7,Post_P7,1,0.48443312871342503,0
31,P7,P7,Post_P7,1,0.176191391448665,0
31,P7,P7,Post_P7,1,0.22136324086597542,0
31,P7,P7,Post_P7,1,0.7403645284761772,1
31,P7,P7,Post_P7,1,0.4396602049049286,0
31,P7,P7,Post_P7,1,0.38405172085279865,0
31,P7,P7,Post_P7,1,0.5974089928485854,1
31,P7,P7,Post_P7,1,0.6337772501608591,1
31,P7,P7,Post_P7,1,0.7392463966310847,1
31,P7,P7,Post_P7,1,0.22301191762961523,0
31,P7,P7,Post_P7,1,0.5754249912763256,1
31,P7,P7,Post_P7,1,0.3473752604742233,0
31,P7,P7,Post_P7,1,0.4487765449035897,0
31,P7,P7,Post_P7,1,0.36809557192685516,0
31,P7,P7,Post_P7,1,0.23769153388613698,0
31,P7,P7,Post_P7,1,0.43657739478342433,0
31,P7,P7,Post_P7,1,0.6281337807915701,1
31,P7,P7,Post_P7,1,0.5187528482961999,1
31,P7,P7,Post_P7,1,0.2834626005846418,0
31,P7,P7,Post_P7,1,0.521537143386249,1
31,P7,P7,Post_P7,1,0.33402924098044245,0
31,P7,P7,Post_P7,1,0.2812993150370125,0
31,P7,P7,Post_P7,1,0.20741275244422544,0
31,P7,P7,Post_P7,1,0.3492896169657253,0
31,P7,P7,Post_P7,1,0.5282751357150746,1
31,P7,P7,Post_P7,1,0.20566694981078845,0
31,P7,P7,Post_P7,1,0.2476099784759683,0
31,P7,P7,Post_P7,1,0.673113610803586,1
31,P7,P7,Post_P7,1,0.25581370819911686,0
31,P7,P7,Post_P7,1,0.37512126575432175,0
31,P7,P7,Post_P7,1,0.35917103693467733,0
31,P7,P7,Post_P7,1,0.6063877570643617,1
31,P7,P7,Post_P7,1,0.47077531705650527,0
31,P7,P7,Post_P7,1,0.43075933548853007,0
31,P7,P7,Post_P7,1,0.2908680239104326,0
31,P7,P7,Post_P7,1,0.7135626557271533,1
31,P7,P7,Post_P7,1,0.44327499271882187,0
31,P7,P7,Post_P7,1,0.15816206142819916,0
31,P7,P7,Post_P7,1,0.24818036123378184,0
31,P7,P7,Post_P7,1,0.19174268063456623,0
31,P7,P7,Post_P7,1,0.591217766465408,1
31,P7,P7,Post_P7,1,0.2479724929429417,0
31,P7,P7,Post_P7,1,0.5381091793904693,1
31,P7,P7,Post_P7,1,0.5739035370718608,1
31,P7,P7,Post_P7,1,0.0541427285357458,0
31,P7,P7,Post_P7,1,0.3676559483313756,0
31,P7,P7,Post_P7,1,0.2583596726589259,0
31,P7,P7,Post_P7,1,0.6576934992955719,1
31,P7,P7,Post_P7,1,0.27168549070775566,0
31,P7,P7,Post_P7,1,0.5883882952467805,1
31,P7,P7,Post_P7,1,0.5799889795645528,1
31,P7,P7,Post_P7,1,0.5232749180976233,1
31,P7,P7,Post_P7,1,0.29442041954831405,0
31,P7,P7,Post_P7,1,0.40695357651009584,0
31,P7,P7,Post_P7,1,0.34119865082522677,0
31,P7,P7,Post_P7,1,0.5855453919924,1
31,P7,P7,Post_P7,1,0.2596347711143592,0
31,P7,P7,Post_P7,1,0.5480837228257983,1
31,P7,P7,Post_P7,1,0.3585252858770679,0
31,P7,P7,Post_P7,1,0.33020742570325967,0
31,P7,P7,Post_P7,1,0.5581428736552485,1
31,P7,P7,Post_P7,1,0.5099657494347739,1
31,P7,P7,Post_P7,1,0.26052015878621787,0
31,P7,P7,Post_P7,1,0.42009335216869137,0
31,P7,P7,Post_P7,1,0.2580814018414974,0
31,P7,P7,Post_P7,1,0.18576556545293954,0
31,P7,P7,Post_P7,1,0.27979652933571836,0
31,P7,P7,Post_P7,1,0.508583261281943,1
31,P7,P7,Post_P7,1,0.640421150113822,1
31,P7,P7,Post_P7,1,0.11514014552608788,0
31,P7,P7,Post_P7,1,0.5076427982050151,1
31,P7,P7,Post_P7,1,0.6567874682609127,1
31,P7,P7,Post_P7,1,0.5480446548184575,1
31,P7,P7,Post_P7,1,0.6532952310823714,1
31,P7,P7,Post_P7,1,0.41380843691371577,0
31,P7,P7,Post_P7,1,0.5634670494546296,1
31,P7,P7,Post_P7,1,0.49618431563052084,0
31,P7,P7,Post_P7,1,0.337955101902367,0
31,P7,P7,Post_P7,1,0.4771168994621166,0
31,P7,P7,Post_P7,1,0.4592865172841118,0
31,P7,P7,Post_P7,1,0.12055694773167473,0
31,P7,P7,Post_P7,1,0.2645074085672279,0
31,P7,P7,Post_P7,1,0.19541608786259362,0
31,P7,P7,Post_P7,1,0.25446501545099115,0
31,P7,P7,Post_P7,1,0.6501263202476322,1
31,P7,P7,Post_P7,1,0.37457208829739896,0
31,P7,P7,Post_P7,1,0.40883872970764196,0
31,P7,P7,Post_P7,1,0.6157117066641145,1
31,P7,P7,Post_P7,1,0.28655408798573595,0
31,P7,P7,Post_P7,1,0.49133992335897525,0
31,P7,P7,Post_P7,1,0.5973440892552626,1
31,P7,P7,Post_P7,1,0.34013017807074525,0
31,P7,P7,Post_P7,1,0.49239269105856925,0
31,P7,P7,Post_P7,1,0.24721304829441834,0
31,P7,P7,Post_P7,1,0.7440022459556662,1
31,P7,P7,Post_P7,1,0.680960337459786,1
31,P7,P7,Post_P7,1,0.4265871191155826,0
31,P7,P7,Post_P7,1,0.4184699688330961,0
31,P7,P7,Post_P7,1,0.5997458240071347,1
31,P7,P7,Post_P7,1,0.27774281501284803,0
31,P7,P7,Post_P7,1,0.7139988188386887,1
31,P7,P7,Post_P7,1,0.484908112345213,0
31,P7,P7,Post_P7,1,0.4182335938416076,0
31,P7,P7,Post_P7,1,0.5569335184342633,1
31,P7,P7,Post_P7,1,0.428578445478832,0
31,P7,P7,Post_P7,1,0.29344152174338695,0
31,P7,P7,Post_P7,1,0.422309842328526,0
31,P7,P7,Post_P7,1,0.5756097378107583,1
31,P7,P7,Post_P7,1,0.637161599207231,1
31,P7,P7,Post_P7,1,0.6364748758712743,1
31,P7,P7,Post_P7,1,0.3755816047641385,0
31,P7,P7,Post_P7,1,0.27655818206613464,0
31,P7,P7,Post_P7,1,0.45916746487062265,0
31,P7,P7,Post_P7,1,0.43636734789636644,0
31,P7,P7,Post_P7,1,0.402344798245425,0
31,P7,P7,Post_P7,1,0.6740713682355469,1
31,P7,P7,Post_P7,1,0.2616173131975761,0
31,P7,P7,Post_P7,1,0.4204872011092118,0
31,P7,P7,Post_P7,1,0.2983040033233023,0
31,P7,P7,Post_P7,1,0.7199601229828082,1
31,P7,P7,Post_P7,1,0.25421707286075174,0
31,P7,P7,Post_P7,1,0.4724917720093381,0
31,P7,P7,Post_P7,1,0.27493487195039995,0
31,P7,P7,Post_P7,1,0.6346214608054555,1
31,P7,P7,Post_P7,1,0.24694387745564608,0
31,P7,P7,Post_P7,1,0.6153776604078105,1
31,P7,P7,Post_P7,1,0.6520200105958764,1
31,P7,P7,Post_P7,1,0.2982200867680844,0
31,P7,P7,Post_P7,1,0.6568928008011242,1
31,P7,P7,Post_P7,1,0.422241235869522,0
31,P7,P7,Post_P7,1,0.4445661970633896,0
31,P7,P7,Post_P7,1,0.3690014214678795,0
31,P7,P7,Post_P7,1,0.3125580903761853,0
31,P7,P7,Post_P7,1,0.3894417986068586,0
31,P7,P7,Post_P7,1,0.4258139891055667,0
31,P7,P7,Post_P7,1,0.5395038788529113,1
31,P7,P7,Post_P7,1,0.4416064290388056,0
31,P7,P7,Post_P7,1,0.6723601323944234,1
31,P7,P7,Post_P7,1,0.31346205051608067,0
31,P7,P7,Post_P7,1,0.7202504199806455,1
31,P7,P7,Post_P7,1,0.3019014129380159,0
31,P7,P7,Post_P7,1,0.48541503703609706,0
31,P7,P7,Post_P7,1,0.5019668373498345,1
31,P7,P7,Post_P7,1,0.5106949595555997,1
31,P7,P7,Post_P7,1,0.3448247764535458,0
31,P7,P7,Post_P7,1,0.2779818617151165,0
31,P7,P7,Post_P7,1,0.6112350496027533,1
31,P7,P7,Post_P7,1,0.32395869772633806,0
31,P7,P7,Post_P7,1,0.4935439715899639,0
31,P7,P7,Post_P7,1,0.07207732496409011,0
31,P7,P7,Post_P7,1,0.6624468978429343,1
31,P7,P7,Post_P7,1,0.4654266776161006,0
31,P7,P7,Post_P7,1,0.2611536268747384,0
31,P7,P7,Post_P7,1,0.24754198559700388,0
31,P7,P7,Post_P7,1,0.5741764841218079,1
31,P7,P7,Post_P7,1,0.49203625023806064,0
31,P7,P7,Post_P7,1,0.5328406042951964,1
31,P7,P7,Post_P7,1,0.6328117013611306,1
31,P7,P7,Post_P7,1,0.22250072507685473,0
31,P7,P7,Post_P7,1,0.6557885802363178,1
31,P7,P7,Post_P7,1,0.6070314213530884,1
31,P7,P7,Post_P7,1,0.47033563102224646,0
31,P7,P7,Post_P7,1,0.37031285832250027,0
31,P7,P7,Post_P7,1,0.30341546120739427,0
31,P7,P7,Post_P7,1,0.3304399164451635,0
31,P7,P7,Post_P7,1,0.4859992225332191,0
31,P7,P7,Post_P7,1,0.4754300604008404,0
31,P7,P7,Post_P7,1,0.07523109529217212,0
31,P7,P7,Post_P7,1,0.48008662034883653,0
31,P7,P7,Post_P7,1,0.49492879305202636,0
31,P7,P7,Post_P7,1,0.614657793426305,1
31,P7,P7,Post_P7,1,0.540610887593906,1
31,P7,P7,Post_P7,1,0.27894438546012024,0
31,P7,P7,Post_P7,1,0.37204565510547066,0
31,P7,P7,Post_P7,1,0.22655766730791294,0
32,P8,P8,Pre_P8,1,0.5365891331120113,1
32,P8,P8,Pre_P8,1,0.5563709172049812,1
32,P8,P8,Pre_P8,1,0.612839731190343,1
32,P8,P8,Pre_P8,1,0.4590580356127736,0
32,P8,P8,Pre_P8,1,0.570506553632697,1
32,P8,P8,Pre_P8,1,0.5106384307868784,1
32,P8,P8,Pre_P8,1,0.6211791897664148,1
32,P8,P8,Pre_P8,1,0.5964309890496093,1
32,P8,P8,Pre_P8,1,0.5661130818700196,1
32,P8,P8,Pre_P8,1,0.5041646831857866,1
32,P8,P8,Pre_P8,1,0.6483263414973006,1
32,P8,P8,Pre_P8,1,0.5105281620632337,1
32,P8,P8,Pre_P8,1,0.5647881138880365,1
32,P8,P8,Pre_P8,1,0.6118795219835561,1
32,P8,P8,Pre_P8,1,0.5372465614763792,1
32,P8,P8,Pre_P8,1,0.4539341040199939,0
32,P8,P8,Pre_P8,1,0.7181185176337321,1
32,P8,P8,Pre_P8,1,0.750589272801821,1
32,P8,P8,Pre_P8,1,0.686840224116811,1
32,P8,P8,Pre_P8,1,0.7102453082100437,1
32,P8,P8,Pre_P8,1,0.6237272853613189,1
32,P8,P8,Pre_P8,1,0.5457112003141954,1
32,P8,P8,Pre_P8,1,0.658080127490615,1
32,P8,P8,Pre_P8,1,0.5359322524891399,1
32,P8,P8,Pre_P8,1,0.6364879615736532,1
32,P8,P8,Pre_P8,1,0.5258545822574444,1
32,P8,P8,Pre_P8,1,0.574908882874866,1
32,P8,P8,Pre_P8,1,0.6353223912978837,1
32,P8,P8,Pre_P8,1,0.655024346298571,1
32,P8,P8,Pre_P8,1,0.5839345649932991,1
32,P8,P8,Pre_P8,1,0.6823057523869,1
32,P8,P8,Pre_P8,1,0.6590459056888847,1
32,P8,P8,Pre_P8,1,0.562526081580981,1
32,P8,P8,Pre_P8,1,0.5914186377485331,1
32,P8,P8,Pre_P8,1,0.5336845563205327,1
32,P8,P8,Pre_P8,1,0.5656210680853595,1
32,P8,P8,Pre_P8,1,0.4562270039936299,0
32,P8,P8,Pre_P8,1,0.5396302898327199,1
32,P8,P8,Pre_P8,1,0.5423199697389645,1
32,P8,P8,Pre_P8,1,0.587423970161049,1
32,P8,P8,Pre_P8,1,0.5964302556114627,1
32,P8,P8,Pre_P8,1,0.5438288609343745,1
32,P8,P8,Pre_P8,1,0.4704462786676419,0
32,P8,P8,Pre_P8,1,0.5076311707419644,1
32,P8,P8,Pre_P8,1,0.5247243101922029,1
32,P8,P8,Pre_P8,1,0.6309607763981646,1
32,P8,P8,Pre_P8,1,0.6576869971165817,1
32,P8,P8,Pre_P8,1,0.448538319387688,0
32,P8,P8,Pre_P8,1,0.6755962147437851,1
32,P8,P8,Pre_P8,1,0.6593202661411767,1
32,P8,P8,Pre_P8,1,0.6433276958383893,1
32,P8,P8,Pre_P8,1,0.5031020620347034,1
32,P8,P8,Pre_P8,1,0.541517402116571,1
32,P8,P8,Pre_P8,1,0.5752531989577984,1
32,P8,P8,Pre_P8,1,0.6501464115480389,1
32,P8,P8,Pre_P8,1,0.6336661092155745,1
32,P8,P8,Pre_P8,1,0.5929524634875954,1
32,P8,P8,Pre_P8,1,0.47003576283344506,0
32,P8,P8,Pre_P8,1,0.6131279026358629,1
32,P8,P8,Pre_P8,1,0.551989607277344,1
32,P8,P8,Pre_P8,1,0.5566749743245069,1
32,P8,P8,Pre_P8,1,0.4440423143502065,0
32,P8,P8,Pre_P8,1,0.524522084248411,1
32,P8,P8,Pre_P8,1,0.6451372057037565,1
32,P8,P8,Pre_P8,1,0.5368466716484223,1
32,P8,P8,Pre_P8,1,0.3278026957046825,0
32,P8,P8,Pre_P8,1,0.5922782281821369,1
32,P8,P8,Pre_P8,1,0.6183884619736059,1
32,P8,P8,Pre_P8,1,0.5077533002933585,1
32,P8,P8,Pre_P8,1,0.6079948244640416,1
32,P8,P8,Pre_P8,1,0.535358964005399,1
32,P8,P8,Pre_P8,1,0.4968543728035335,0
32,P8,P8,Pre_P8,1,0.5589626193444626,1
32,P8,P8,Pre_P8,1,0.7064313258442796,1
32,P8,P8,Pre_P8,1,0.5492753838619363,1
32,P8,P8,Pre_P8,1,0.6267303257053028,1
32,P8,P8,Pre_P8,1,0.5982775217528702,1
32,P8,P8,Pre_P8,1,0.5611076234494683,1
32,P8,P8,Pre_P8,1,0.5897463025558753,1
32,P8,P8,Pre_P8,1,0.3243584660952188,0
32,P8,P8,Pre_P8,1,0.5254593384210655,1
32,P8,P8,Pre_P8,1,0.5344615870969093,1
32,P8,P8,Pre_P8,1,0.5892421774975886,1
32,P8,P8,Pre_P8,1,0.5715969337841125,1
32,P8,P8,Pre_P8,1,0.5023907503835379,1
32,P8,P8,Pre_P8,1,0.5946324412055194,1
32,P8,P8,Pre_P8,1,0.5753601722826908,1
32,P8,P8,Pre_P8,1,0.6749485963616498,1
32,P8,P8,Pre_P8,1,0.43216293199159334,0
32,P8,P8,Pre_P8,1,0.587186961817547,1
32,P8,P8,Pre_P8,1,0.6828491091393246,1
32,P8,P8,Pre_P8,1,0.4805281635803134,0
32,P8,P8,Pre_P8,1,0.6458226726321671,1
32,P8,P8,Pre_P8,1,0.5943613850941762,1
32,P8,P8,Pre_P8,1,0.6344049177971127,1
32,P8,P8,Pre_P8,1,0.5296284685914682,1
32,P8,P8,Pre_P8,1,0.5809167901537903,1
32,P8,P8,Pre_P8,1,0.5540940378847335,1
32,P8,P8,Pre_P8,1,0.6558789717541729,1
32,P8,P8,Pre_P8,1,0.6392088505584963,1
32,P8,P8,Pre_P8,1,0.46169840215656605,0
32,P8,P8,Pre_P8,1,0.5769836021504557,1
32,P8,P8,Pre_P8,1,0.6480756732842777,1
32,P8,P8,Pre_P8,1,0.5781690875705213,1
32,P8,P8,Pre_P8,1,0.5659337482447501,1
32,P8,P8,Pre_P8,1,0.5888757465253092,1
32,P8,P8,Pre_P8,1,0.6652386286175346,1
32,P8,P8,Pre_P8,1,0.5756330047596386,1
32,P8,P8,Pre_P8,1,0.4855048331636616,0
32,P8,P8,Pre_P8,1,0.5291229359373897,1
32,P8,P8,Pre_P8,1,0.46787903095893235,0
32,P8,P8,Pre_P8,1,0.5033623400786681,1
32,P8,P8,Pre_P8,1,0.5322886177023848,1
32,P8,P8,Pre_P8,1,0.400793216232441,0
32,P8,P8,Pre_P8,1,0.5277743416745758,1
32,P8,P8,Pre_P8,1,0.46650045182071603,0
32,P8,P8,Pre_P8,1,0.5607569152378364,1
32,P8,P8,Pre_P8,1,0.49516985069885194,0
32,P8,P8,Pre_P8,1,0.5747378207323824,1
32,P8,P8,Pre_P8,1,0.40044358874486735,0
32,P8,P8,Pre_P8,1,0.6801148780775437,1
32,P8,P8,Pre_P8,1,0.6991755036098827,1
32,P8,P8,Pre_P8,1,0.4990045572312634,0
32,P8,P8,Pre_P8,1,0.666941617811788,1
32,P8,P8,Pre_P8,1,0.5912045669420849,1
32,P8,P8,Pre_P8,1,0.6922218698864716,1
32,P8,P8,Pre_P8,1,0.6434283191494501,1
32,P8,P8,Pre_P8,1,0.5024905654654664,1
32,P8,P8,Pre_P8,1,0.6398056460937029,1
32,P8,P8,Pre_P8,1,0.5655695615724822,1
32,P8,P8,Pre_P8,1,0.6637853612584899,1
32,P8,P8,Pre_P8,1,0.49281720141399205,0
32,P8,P8,Pre_P8,1,0.6670930727750914,1
32,P8,P8,Pre_P8,1,0.5826287857386592,1
32,P8,P8,Pre_P8,1,0.3105638491647273,0
32,P8,P8,Pre_P8,1,0.5994572153658773,1
32,P8,P8,Pre_P8,1,0.5614960223532912,1
32,P8,P8,Pre_P8,1,0.5328560449696697,1
32,P8,P8,Pre_P8,1,0.47675388723406825,0
32,P8,P8,Pre_P8,1,0.609971158415449,1
32,P8,P8,Pre_P8,1,0.6338181104762807,1
32,P8,P8,Pre_P8,1,0.5259237067159461,1
32,P8,P8,Pre_P8,1,0.6259016416502,1
32,P8,P8,Pre_P8,1,0.613777248208059,1
32,P8,P8,Pre_P8,1,0.7124267004852344,1
32,P8,P8,Pre_P8,1,0.4237631288540905,0
32,P8,P8,Pre_P8,1,0.5475318863873911,1
32,P8,P8,Pre_P8,1,0.532671383050705,1
32,P8,P8,Pre_P8,1,0.4748098510477712,0
32,P8,P8,Pre_P8,1,0.7231340306614101,1
32,P8,P8,Pre_P8,1,0.753583369313371,1
32,P8,P8,Pre_P8,1,0.6952631667820807,1
32,P8,P8,Pre_P8,1,0.6800931476349612,1
32,P8,P8,Pre_P8,1,0.6544995460407725,1
32,P8,P8,Pre_P8,1,0.5615810866535864,1
32,P8,P8,Pre_P8,1,0.654705582158576,1
32,P8,P8,Pre_P8,1,0.4714596853519897,0
32,P8,P8,Pre_P8,1,0.674803347186362,1
32,P8,P8,Pre_P8,1,0.6873431497087421,1
32,P8,P8,Pre_P8,1,0.4702729218575301,0
32,P8,P8,Pre_P8,1,0.4205719290454945,0
32,P8,P8,Pre_P8,1,0.6215463045400723,1
32,P8,P8,Pre_P8,1,0.6609788771855559,1
32,P8,P8,Pre_P8,1,0.40701803347196347,0
32,P8,P8,Pre_P8,1,0.5554028632635892,1
32,P8,P8,Pre_P8,1,0.6686156049501565,1
32,P8,P8,Pre_P8,1,0.6752134055714593,1
32,P8,P8,Pre_P8,1,0.6188009125710118,1
32,P8,P8,Pre_P8,1,0.6501688520253912,1
32,P8,P8,Pre_P8,1,0.41249007262669296,0
32,P8,P8,Pre_P8,1,0.672022259293558,1
32,P8,P8,Pre_P8,1,0.5495009409115905,1
32,P8,P8,Pre_P8,1,0.6839980253687514,1
32,P8,P8,Pre_P8,1,0.5596937684488008,1
32,P8,P8,Pre_P8,1,0.6476771953306613,1
32,P8,P8,Pre_P8,1,0.4658339041448422,0
32,P8,P8,Pre_P8,1,0.6635808141124869,1
32,P8,P8,Pre_P8,1,0.48737700744793977,0
32,P8,P8,Pre_P8,1,0.5212431065508948,1
32,P8,P8,Pre_P8,1,0.5875660706105198,1
32,P8,P8,Pre_P8,1,0.6628145394298169,1
32,P8,P8,Pre_P8,1,0.5573588132999243,1
32,P8,P8,Pre_P8,1,0.5643159785883336,1
32,P8,P8,Pre_P8,1,0.5308814328292254,1
32,P8,P8,Pre_P8,1,0.6286118206168845,1
32,P8,P8,Pre_P8,1,0.6155313003402691,1
32,P8,P8,Pre_P8,1,0.6489140893662667,1
32,P8,P8,Pre_P8,1,0.5265096050839906,1
32,P8,P8,Pre_P8,1,0.529393812066727,1
32,P8,P8,Pre_P8,1,0.5372600615209767,1
32,P8,P8,Pre_P8,1,0.6462826664228795,1
32,P8,P8,Pre_P8,1,0.5225445897315851,1
32,P8,P8,Pre_P8,1,0.4796125693228282,0
32,P8,P8,Pre_P8,1,0.5934254238259183,1
32,P8,P8,Pre_P8,1,0.556881456425275,1
32,P8,P8,Pre_P8,1,0.591699239371026,1
32,P8,P8,Pre_P8,1,0.5835008016517017,1
32,P8,P8,Pre_P8,1,0.46708373023474925,0
32,P8,P8,Pre_P8,1,0.579965057988348,1
32,P8,P8,Pre_P8,1,0.4737197208313367,0
32,P8,P8,Pre_P8,1,0.5646930891845287,1
32,P8,P8,Pre_P8,1,0.5564665038330209,1
32,P8,P8,Pre_P8,1,0.4770449678250702,0
32,P8,P8,Pre_P8,1,0.5096988582156591,1
32,P8,P8,Pre_P8,1,0.4537469605321246,0
32,P8,P8,Pre_P8,1,0.5922426478239065,1
32,P8,P8,Pre_P8,1,0.50714714169488,1
32,P8,P8,Pre_P8,1,0.6567168392580203,1
32,P8,P8,Pre_P8,1,0.5456973459553427,1
32,P8,P8,Pre_P8,1,0.3918607150524062,0
32,P8,P8,Pre_P8,1,0.5489499968697638,1
32,P8,P8,Pre_P8,1,0.485366971208773,0
32,P8,P8,Pre_P8,1,0.5938463230099646,1
32,P8,P8,Pre_P8,1,0.5722579159169613,1
32,P8,P8,Pre_P8,1,0.43589633003232947,0
32,P8,P8,Pre_P8,1,0.7092567250579619,1
32,P8,P8,Pre_P8,1,0.591229874402165,1
32,P8,P8,Pre_P8,1,0.583975231450592,1
32,P8,P8,Pre_P8,1,0.5676644976200921,1
32,P8,P8,Pre_P8,1,0.6300859948096819,1
32,P8,P8,Pre_P8,1,0.7099131166540813,1
32,P8,P8,Pre_P8,1,0.6572462723223131,1
32,P8,P8,Pre_P8,1,0.6145611071973116,1
32,P8,P8,Pre_P8,1,0.6061288014036584,1
32,P8,P8,Pre_P8,1,0.48565159094808036,0
32,P8,P8,Pre_P8,1,0.4513174053562723,0
32,P8,P8,Pre_P8,1,0.4043295897214377,0
32,P8,P8,Pre_P8,1,0.42204214167484483,0
32,P8,P8,Pre_P8,1,0.624098474943133,1
32,P8,P8,Pre_P8,1,0.5545740409161465,1
32,P8,P8,Pre_P8,1,0.46796395644909095,0
32,P8,P8,Pre_P8,1,0.563491655552637,1
32,P8,P8,Pre_P8,1,0.428810780248374,0
32,P8,P8,Pre_P8,1,0.6014260800286977,1
32,P8,P8,Pre_P8,1,0.6587889979253099,1
32,P8,P8,Pre_P8,1,0.390971593953301,0
32,P8,P8,Pre_P8,1,0.43801447405142463,0
32,P8,P8,Pre_P8,1,0.5141412959465305,1
32,P8,P8,Pre_P8,1,0.6046268819277792,1
32,P8,P8,Pre_P8,1,0.5642856052492693,1
32,P8,P8,Pre_P8,1,0.4967221637069171,0
32,P8,P8,Pre_P8,1,0.5795169212571654,1
32,P8,P8,Pre_P8,1,0.4959185353904697,0
32,P8,P8,Pre_P8,1,0.5118720033580837,1
32,P8,P8,Pre_P8,1,0.46745472017469697,0
32,P8,P8,Pre_P8,1,0.4809541128540077,0
32,P8,P8,Pre_P8,1,0.5004454656319159,1
32,P8,P8,Pre_P8,1,0.5831719718637467,1
32,P8,P8,Pre_P8,1,0.6114341231497081,1
32,P8,P8,Pre_P8,1,0.5121086931773281,1
32,P8,P8,Pre_P8,1,0.4414482190113487,0
32,P8,P8,Pre_P8,1,0.503459349371876,1
32,P8,P8,Pre_P8,1,0.5768049323858492,1
32,P8,P8,Pre_P8,1,0.4089546243586639,0
32,P8,P8,Pre_P8,1,0.5781765392189158,1
32,P8,P8,Pre_P8,1,0.4255585476015913,0
32,P8,P8,Pre_P8,1,0.4804060733545568,0
32,P8,P8,Pre_P8,1,0.46438955021846384,0
32,P8,P8,Pre_P8,1,0.4235771260130068,0
32,P8,P8,Pre_P8,1,0.45642967839699544,0
32,P8,P8,Pre_P8,1,0.3917836493317478,0
32,P8,P8,Pre_P8,1,0.4332861175628015,0
32,P8,P8,Pre_P8,1,0.45336929935983566,0
32,P8,P8,Pre_P8,1,0.4380218014879567,0
32,P8,P8,Pre_P8,1,0.42610213246664236,0
32,P8,P8,Pre_P8,1,0.2266736350057908,0
32,P8,P8,Pre_P8,1,0.4594575585278512,0
32,P8,P8,Post_P8,1,0.6112107283742451,1
32,P8,P8,Post_P8,1,0.6646757276729057,1
32,P8,P8,Post_P8,1,0.5014252216185484,1
32,P8,P8,Post_P8,1,0.5987705098543888,1
32,P8,P8,Post_P8,1,0.6285351553912247,1
32,P8,P8,Post_P8,1,0.5902866486617242,1
32,P8,P8,Post_P8,1,0.5609424245886236,1
32,P8,P8,Post_P8,1,0.6816400738032257,1
32,P8,P8,Post_P8,1,0.6458901411555334,1
32,P8,P8,Post_P8,1,0.43164029436543905,0
32,P8,P8,Post_P8,1,0.648509590526574,1
32,P8,P8,Post_P8,1,0.5747562612418641,1
32,P8,P8,Post_P8,1,0.6341186046431674,1
32,P8,P8,Post_P8,1,0.6308372051332745,1
32,P8,P8,Post_P8,1,0.6191909060013856,1
32,P8,P8,Post_P8,1,0.4738353110121097,0
32,P8,P8,Post_P8,1,0.6530130974058601,1
32,P8,P8,Post_P8,1,0.6755242526483934,1
32,P8,P8,Post_P8,1,0.2936067180742759,0
32,P8,P8,Post_P8,1,0.5637989855334391,1
32,P8,P8,Post_P8,1,0.5468848159831337,1
32,P8,P8,Post_P8,1,0.5561784105393969,1
32,P8,P8,Post_P8,1,0.7273269761660117,1
32,P8,P8,Post_P8,1,0.6388110273710447,1
32,P8,P8,Post_P8,1,0.430400203782779,0
32,P8,P8,Post_P8,1,0.6059358605336047,1
32,P8,P8,Post_P8,1,0.45114293565411623,0
32,P8,P8,Post_P8,1,0.6235519570772611,1
32,P8,P8,Post_P8,1,0.4911719264334083,0
32,P8,P8,Post_P8,1,0.5482639859439951,1
32,P8,P8,Post_P8,1,0.5556309113735823,1
32,P8,P8,Post_P8,1,0.6175669772310035,1
32,P8,P8,Post_P8,1,0.44962785548201595,0
32,P8,P8,Post_P8,1,0.6306716213840898,1
32,P8,P8,Post_P8,1,0.6673062941781267,1
32,P8,P8,Post_P8,1,0.5548895448732956,1
32,P8,P8,Post_P8,1,0.44496630624302225,0
32,P8,P8,Post_P8,1,0.6915028743119983,1
32,P8,P8,Post_P8,1,0.6471825342888787,1
32,P8,P8,Post_P8,1,0.4710078235943865,0
32,P8,P8,Post_P8,1,0.4904477932846471,0
32,P8,P8,Post_P8,1,0.5129694293818323,1
32,P8,P8,Post_P8,1,0.5707917727049698,1
32,P8,P8,Post_P8,1,0.6143798973386071,1
32,P8,P8,Post_P8,1,0.5860112638200493,1
32,P8,P8,Post_P8,1,0.5249283337511813,1
32,P8,P8,Post_P8,1,0.546544924415063,1
32,P8,P8,Post_P8,1,0.3409379697695869,0
32,P8,P8,Post_P8,1,0.6031810714576397,1
32,P8,P8,Post_P8,1,0.5515631770923024,1
32,P8,P8,Post_P8,1,0.6508327251358949,1
32,P8,P8,Post_P8,1,0.5257936680746566,1
32,P8,P8,Post_P8,1,0.48506099331307406,0
32,P8,P8,Post_P8,1,0.340967622061357,0
32,P8,P8,Post_P8,1,0.5683241963433449,1
32,P8,P8,Post_P8,1,0.7213069646659014,1
32,P8,P8,Post_P8,1,0.6551855815157861,1
32,P8,P8,Post_P8,1,0.4816507166284751,0
32,P8,P8,Post_P8,1,0.4798544202922686,0
32,P8,P8,Post_P8,1,0.5441865407683419,1
32,P8,P8,Post_P8,1,0.7801358652780667,1
32,P8,P8,Post_P8,1,0.49931991379839075,0
32,P8,P8,Post_P8,1,0.6747519171081664,1
32,P8,P8,Post_P8,1,0.7233156309190095,1
32,P8,P8,Post_P8,1,0.6493805286129458,1
32,P8,P8,Post_P8,1,0.5228809950845335,1
32,P8,P8,Post_P8,1,0.5821392001636643,1
32,P8,P8,Post_P8,1,0.6175054677126528,1
32,P8,P8,Post_P8,1,0.5130021247409124,1
32,P8,P8,Post_P8,1,0.5879405662269368,1
32,P8,P8,Post_P8,1,0.6398191513965464,1
32,P8,P8,Post_P8,1,0.5843310498967865,1
32,P8,P8,Post_P8,1,0.5862858002138716,1
32,P8,P8,Post_P8,1,0.5659861444887987,1
32,P8,P8,Post_P8,1,0.648459526992256,1
32,P8,P8,Post_P8,1,0.5330692996065955,1
32,P8,P8,Post_P8,1,0.6602190900848616,1
32,P8,P8,Post_P8,1,0.642720835845367,1
32,P8,P8,Post_P8,1,0.35566554750688445,0
32,P8,P8,Post_P8,1,0.5828714212612243,1
32,P8,P8,Post_P8,1,0.5441720861927533,1
32,P8,P8,Post_P8,1,0.6600716800320175,1
32,P8,P8,Post_P8,1,0.5958403344932302,1
32,P8,P8,Post_P8,1,0.6505811153950831,1
32,P8,P8,Post_P8,1,0.5977144354566067,1
32,P8,P8,Post_P8,1,0.5878603706890835,1
32,P8,P8,Post_P8,1,0.6875672447524334,1
32,P8,P8,Post_P8,1,0.5266839835609644,1
32,P8,P8,Post_P8,1,0.5565361299533692,1
32,P8,P8,Post_P8,1,0.4654101996429926,0
32,P8,P8,Post_P8,1,0.6404122007931786,1
32,P8,P8,Post_P8,1,0.605511903986395,1
32,P8,P8,Post_P8,1,0.6296072097704775,1
32,P8,P8,Post_P8,1,0.5507987510980616,1
32,P8,P8,Post_P8,1,0.6003374719079382,1
32,P8,P8,Post_P8,1,0.5747223983451563,1
32,P8,P8,Post_P8,1,0.6396902791647675,1
32,P8,P8,Post_P8,1,0.6723968844084509,1
32,P8,P8,Post_P8,1,0.5146053482887311,1
32,P8,P8,Post_P8,1,0.3507241296840417,0
32,P8,P8,Post_P8,1,0.8030586243767305,1
32,P8,P8,Post_P8,1,0.6901809515811803,1
32,P8,P8,Post_P8,1,0.5931484254016569,1
32,P8,P8,Post_P8,1,0.781197419025648,1
32,P8,P8,Post_P8,1,0.7356042337989696,1
32,P8,P8,Post_P8,1,0.5871619440723003,1
32,P8,P8,Post_P8,1,0.46433804225448266,0
32,P8,P8,Post_P8,1,0.6720456503848642,1
32,P8,P8,Post_P8,1,0.6944825289838595,1
32,P8,P8,Post_P8,1,0.5539955661521678,1
32,P8,P8,Post_P8,1,0.4410671415353531,0
32,P8,P8,Post_P8,1,0.609586244420275,1
32,P8,P8,Post_P8,1,0.6854792351037393,1
32,P8,P8,Post_P8,1,0.5791538768445804,1
32,P8,P8,Post_P8,1,0.669523048953656,1
32,P8,P8,Post_P8,1,0.5669419678160326,1
32,P8,P8,Post_P8,1,0.6897411961628579,1
32,P8,P8,Post_P8,1,0.5583413997694223,1
32,P8,P8,Post_P8,1,0.6048164966738018,1
32,P8,P8,Post_P8,1,0.6241228225278924,1
32,P8,P8,Post_P8,1,0.5183575818365992,1
32,P8,P8,Post_P8,1,0.5601686366307398,1
32,P8,P8,Post_P8,1,0.5415894757934946,1
32,P8,P8,Post_P8,1,0.643503753614862,1
32,P8,P8,Post_P8,1,0.644120462602858,1
32,P8,P8,Post_P8,1,0.3097768056026461,0
32,P8,P8,Post_P8,1,0.5843396309483646,1
32,P8,P8,Post_P8,1,0.7196625920090134,1
32,P8,P8,Post_P8,1,0.45150074490895153,0
32,P8,P8,Post_P8,1,0.5437532949107052,1
32,P8,P8,Post_P8,1,0.7325799528821825,1
32,P8,P8,Post_P8,1,0.6724800642794104,1
32,P8,P8,Post_P8,1,0.5846469168270955,1
32,P8,P8,Post_P8,1,0.5569823085789796,1
32,P8,P8,Post_P8,1,0.5933962247417749,1
32,P8,P8,Post_P8,1,0.6841544388561139,1
32,P8,P8,Post_P8,1,0.6075979241891933,1
32,P8,P8,Post_P8,1,0.3553098452673812,0
32,P8,P8,Post_P8,1,0.6795093006130576,1
32,P8,P8,Post_P8,1,0.6825184012845698,1
32,P8,P8,Post_P8,1,0.631268823861988,1
32,P8,P8,Post_P8,1,0.5518009878717508,1
32,P8,P8,Post_P8,1,0.6220595569645962,1
32,P8,P8,Post_P8,1,0.4982494050685151,0
32,P8,P8,Post_P8,1,0.5712569507342706,1
32,P8,P8,Post_P8,1,0.6595739566735234,1
32,P8,P8,Post_P8,1,0.7106515597474442,1
32,P8,P8,Post_P8,1,0.6310964904204394,1
32,P8,P8,Post_P8,1,0.5476333273741938,1
32,P8,P8,Post_P8,1,0.529191376103287,1
32,P8,P8,Post_P8,1,0.37443622054856707,0
32,P8,P8,Post_P8,1,0.48703510554146834,0
32,P8,P8,Post_P8,1,0.6477123803410242,1
32,P8,P8,Post_P8,1,0.36444660739157353,0
32,P8,P8,Post_P8,1,0.6495687720407701,1
32,P8,P8,Post_P8,1,0.727002752472964,1
32,P8,P8,Post_P8,1,0.5669254313629318,1
32,P8,P8,Post_P8,1,0.5140796663155445,1
32,P8,P8,Post_P8,1,0.5967997602895356,1
32,P8,P8,Post_P8,1,0.7328977823483732,1
32,P8,P8,Post_P8,1,0.4759950723586973,0
32,P8,P8,Post_P8,1,0.7340507495814733,1
32,P8,P8,Post_P8,1,0.47826317304476346,0
32,P8,P8,Post_P8,1,0.6784313780968553,1
32,P8,P8,Post_P8,1,0.5719278754859111,1
32,P8,P8,Post_P8,1,0.5725060720177607,1
32,P8,P8,Post_P8,1,0.673005800666057,1
32,P8,P8,Post_P8,1,0.6268707479490826,1
32,P8,P8,Post_P8,1,0.6110409209870267,1
32,P8,P8,Post_P8,1,0.6397325511480924,1
32,P8,P8,Post_P8,1,0.3340035484587408,0
32,P8,P8,Post_P8,1,0.6286277310025757,1
32,P8,P8,Post_P8,1,0.510528545330103,1
32,P8,P8,Post_P8,1,0.5538162413763563,1
32,P8,P8,Post_P8,1,0.5120702243258146,1
32,P8,P8,Post_P8,1,0.5669829289358125,1
32,P8,P8,Post_P8,1,0.6151009707832444,1
32,P8,P8,Post_P8,1,0.6642497244138457,1
32,P8,P8,Post_P8,1,0.5847471944545742,1
32,P8,P8,Post_P8,1,0.5577153888008378,1
32,P8,P8,Post_P8,1,0.5997400584273656,1
32,P8,P8,Post_P8,1,0.6068847220411072,1
32,P8,P8,Post_P8,1,0.5964173126889419,1
32,P8,P8,Post_P8,1,0.6355335567923018,1
32,P8,P8,Post_P8,1,0.5839724057103558,1
32,P8,P8,Post_P8,1,0.5241849191938296,1
32,P8,P8,Post_P8,1,0.4969986684045965,0
32,P8,P8,Post_P8,1,0.6569683105100839,1
32,P8,P8,Post_P8,1,0.6054263539999274,1
32,P8,P8,Post_P8,1,0.45827010954869957,0
32,P8,P8,Post_P8,1,0.5070104657704648,1
32,P8,P8,Post_P8,1,0.4615069823731527,0
32,P8,P8,Post_P8,1,0.653334772496276,1
32,P8,P8,Post_P8,1,0.5484925139086638,1
32,P8,P8,Post_P8,1,0.6356248914229846,1
32,P8,P8,Post_P8,1,0.37224569612937325,0
32,P8,P8,Post_P8,1,0.4583921289688792,0
32,P8,P8,Post_P8,1,0.7058113874528719,1
32,P8,P8,Post_P8,1,0.4694834901212057,0
32,P8,P8,Post_P8,1,0.5219471366461896,1
32,P8,P8,Post_P8,1,0.6982703709588168,1
32,P8,P8,Post_P8,1,0.5900255093066229,1
32,P8,P8,Post_P8,1,0.48490934889317794,0
32,P8,P8,Post_P8,1,0.5807951012430428,1
32,P8,P8,Post_P8,1,0.5232649795778416,1
32,P8,P8,Post_P8,1,0.5658460860141225,1
32,P8,P8,Post_P8,1,0.6231382757591317,1
32,P8,P8,Post_P8,1,0.6553021577457706,1
32,P8,P8,Post_P8,1,0.5494002585127109,1
32,P8,P8,Post_P8,1,0.6009101085560952,1
32,P8,P8,Post_P8,1,0.5628536789856861,1
32,P8,P8,Post_P8,1,0.6413198279126096,1
32,P8,P8,Post_P8,1,0.39111947049507756,0
32,P8,P8,Post_P8,1,0.6081518688750818,1
32,P8,P8,Post_P8,1,0.5346610416430521,1
32,P8,P8,Post_P8,1,0.5120453833812803,1
32,P8,P8,Post_P8,1,0.477502278681562,0
32,P8,P8,Post_P8,1,0.6475723297778925,1
32,P8,P8,Post_P8,1,0.7258987295162853,1
32,P8,P8,Post_P8,1,0.64336887697815,1
32,P8,P8,Post_P8,1,0.3085788736134447,0
32,P8,P8,Post_P8,1,0.5821786513938715,1
32,P8,P8,Post_P8,1,0.6732486232686912,1
32,P8,P8,Post_P8,1,0.6913633253717696,1
32,P8,P8,Post_P8,1,0.6005297879459979,1
32,P8,P8,Post_P8,1,0.7013116566463219,1
32,P8,P8,Post_P8,1,0.37296248456679465,0
32,P8,P8,Post_P8,1,0.5889008621986672,1
32,P8,P8,Post_P8,1,0.5674038139698367,1
32,P8,P8,Post_P8,1,0.5303901249924596,1
32,P8,P8,Post_P8,1,0.443021078493794,0
32,P8,P8,Post_P8,1,0.6561309456920956,1
32,P8,P8,Post_P8,1,0.6832105322981957,1
32,P8,P8,Post_P8,1,0.6832040151336297,1
32,P8,P8,Post_P8,1,0.552866034211215,1
32,P8,P8,Post_P8,1,0.6851273143786372,1
32,P8,P8,Post_P8,1,0.5327133506857954,1
32,P8,P8,Post_P8,1,0.4089863280869621,0
32,P8,P8,Post_P8,1,0.5509593845284408,1
32,P8,P8,Post_P8,1,0.5242520180252794,1
32,P8,P8,Post_P8,1,0.6151702166772446,1
32,P8,P8,Post_P8,1,0.5638257781209675,1
32,P8,P8,Post_P8,1,0.5683844341013389,1
32,P8,P8,Post_P8,1,0.5671500928624894,1
32,P8,P8,Post_P8,1,0.5673599143419779,1
32,P8,P8,Post_P8,1,0.6468500005207513,1
32,P8,P8,Post_P8,1,0.7177508244794225,1
32,P8,P8,Post_P8,1,0.7207194512553402,1
32,P8,P8,Post_P8,1,0.4536481570427716,0
32,P8,P8,Post_P8,1,0.6671736268107707,1
32,P8,P8,Post_P8,1,0.5916954892012678,1
32,P8,P8,Post_P8,1,0.3496019700667825,0
32,P8,P8,Post_P8,1,0.6454900513369858,1
32,P8,P8,Post_P8,1,0.6615766144996698,1
32,P8,P8,Post_P8,1,0.5879723570453599,1
32,P8,P8,Post_P8,1,0.5124129998641704,1
32,P8,P8,Post_P8,1,0.5747037633227416,1
32,P8,P8,Post_P8,1,0.5468204301921442,1
32,P8,P8,Post_P8,1,0.690786715800216,1
32,P8,P8,Post_P8,1,0.6519828889523063,1
32,P8,P8,Post_P8,1,0.673848479097485,1
32,P8,P8,Post_P8,1,0.6056226113314278,1
32,P8,P8,Post_P8,1,0.4563980402395186,0
32,P8,P8,Post_P8,1,0.7011827354802161,1
32,P8,P8,Post_P8,1,0.5695248736511844,1
32,P8,P8,Post_P8,1,0.5494449689866638,1
32,P8,P8,Post_P8,1,0.3485043598613055,0
32,P8,P8,Post_P8,1,0.6544277782890969,1
32,P8,P8,Post_P8,1,0.6959470350114824,1
32,P8,P8,Post_P8,1,0.47748669586651005,0
32,P8,P8,Post_P8,1,0.6741207830773125,1
32,P8,P8,Post_P8,1,0.6277733425025662,1
32,P8,P8,Post_P8,1,0.48394933149285413,0
32,P8,P8,Post_P8,1,0.6109148883512021,1
32,P8,P8,Post_P8,1,0.6216698250311075,1
32,P8,P8,Post_P8,1,0.30536077860616734,0
32,P8,P8,Post_P8,1,0.6360710263973332,1
32,P8,P8,Post_P8,1,0.6545421369285739,1
32,P8,P8,Post_P8,1,0.5054514055829162,1
32,P8,P8,Post_P8,1,0.49527804488374544,0
32,P8,P8,Post_P8,1,0.5753268684102798,1
32,P8,P8,Post_P8,1,0.5690294168981017,1
32,P8,P8,Post_P8,1,0.7367605805289204,1
32,P8,P8,Post_P8,1,0.5644400533315065,1
32,P8,P8,Post_P8,1,0.5342673341360353,1
32,P8,P8,Post_P8,1,0.35819821658804646,0
32,P8,P8,Post_P8,1,0.7049282960357791,1
32,P8,P8,Post_P8,1,0.5884334900793298,1
32,P8,P8,Post_P8,1,0.5562080431221211,1
32,P8,P8,Post_P8,1,0.4199553168519684,0
32,P8,P8,Post_P8,1,0.6758512841289516,1
32,P8,P8,Post_P8,1,0.6175320157678826,1
32,P8,P8,Post_P8,1,0.6240956437034805,1
32,P8,P8,Post_P8,1,0.5008157158330385,1
32,P8,P8,Post_P8,1,0.510743385623003,1
32,P8,P8,Post_P8,1,0.4272413856410491,0
32,P8,P8,Post_P8,1,0.5571999630899569,1
32,P8,P8,Post_P8,1,0.4298778216768661,0
32,P8,P8,Post_P8,1,0.571879303390985,1
32,P8,P8,Post_P8,1,0.6511775721935371,1
32,P8,P8,Post_P8,1,0.4270609398914624,0
32,P8,P8,Post_P8,1,0.6927665601276589,1
32,P8,P8,Post_P8,1,0.6035933344869349,1
32,P8,P8,Post_P8,1,0.5416568189998944,1
32,P8,P8,Post_P8,1,0.48619279113456815,0
32,P8,P8,Post_P8,1,0.43161464963026985,0
32,P8,P8,Post_P8,1,0.5660983397735725,1
32,P8,P8,Post_P8,1,0.6984293844492775,1
32,P8,P8,Post_P8,1,0.6272385937454253,1
32,P8,P8,Post_P8,1,0.47138163238716335,0
32,P8,P8,Post_P8,1,0.5405076546112938,1
32,P8,P8,Post_P8,1,0.5646480667275406,1
32,P8,P8,Post_P8,1,0.7335413775645707,1
32,P8,P8,Post_P8,1,0.4893295382088415,0
32,P8,P8,Post_P8,1,0.5425199973502307,1
32,P8,P8,Post_P8,1,0.7196003987796384,1
32,P8,P8,Post_P8,1,0.6479081373028577,1
32,P8,P8,Post_P8,1,0.5349671598975071,1
32,P8,P8,Post_P8,1,0.6462958096144779,1
32,P8,P8,Post_P8,1,0.5815115395106552,1
32,P8,P8,Post_P8,1,0.5770085072989273,1
32,P8,P8,Post_P8,1,0.5604759996168878,1
32,P8,P8,Post_P8,1,0.534486372587133,1
32,P8,P8,Post_P8,1,0.6464814841162347,1
32,P8,P8,Post_P8,1,0.658125102859158,1
32,P8,P8,Post_P8,1,0.5141911887275584,1
32,P8,P8,Post_P8,1,0.5162101621334404,1
32,P8,P8,Post_P8,1,0.4316995353500968,0
32,P8,P8,Post_P8,1,0.4759153079457214,0
32,P8,P8,Post_P8,1,0.4962724954323558,0
32,P8,P8,Post_P8,1,0.4688135270636976,0
32,P8,P8,Post_P8,1,0.566918201468916,1
32,P8,P8,Post_P8,1,0.41832708964544185,0
32,P8,P8,Post_P8,1,0.5983910758576909,1
32,P8,P8,Post_P8,1,0.26642341869179265,0
32,P8,P8,Post_P8,1,0.33541906661091947,0
32,P8,P8,Post_P8,1,0.47574802651393217,0
32,P8,P8,Post_P8,1,0.5155003033693231,1
32,P8,P8,Post_P8,1,0.45327427050125013,0
32,P8,P8,Post_P8,1,0.47704808720322606,0
32,P8,P8,Post_P8,1,0.4416945470324954,0
32,P8,P8,Post_P8,1,0.5783829820385409,1
32,P8,P8,Post_P8,1,0.5328590517448484,1
32,P8,P8,Post_P8,1,0.37370077120243683,0
32,P8,P8,Post_P8,1,0.5972175770158795,1
32,P8,P8,Post_P8,1,0.4701266755475669,0
32,P8,P8,Post_P8,1,0.38623223558525166,0
32,P8,P8,Post_P8,1,0.5035655747194864,1
32,P8,P8,Post_P8,1,0.3290034359538232,0
32,P8,P8,Post_P8,1,0.33923346656600406,0
32,P8,P8,Post_P8,1,0.4197354312847474,0
32,P8,P8,Post_P8,1,0.48544141111889294,0
32,P8,P8,Post_P8,1,0.3601183657282353,0
32,P8,P8,Post_P8,1,0.46025945562090226,0
32,P8,P8,Post_P8,1,0.41280722753348803,0
32,P8,P8,Post_P8,1,0.3472991060762506,0
32,P8,P8,Post_P8,1,0.39620207757231535,0
32,P8,P8,Post_P8,1,0.3067181382377613,0
32,P8,P8,Post_P8,1,0.40843344338923443,0
32,P8,P8,Post_P8,1,0.5344059576016822,1
32,P8,P8,Post_P8,1,0.3933488986287281,0
32,P8,P8,Post_P8,1,0.3704312404371231,0
32,P8,P8,Post_P8,1,0.44475944180444094,0
32,P8,P8,Post_P8,1,0.2799465462819669,0
32,P8,P8,Post_P8,1,0.3228020771419635,0
32,P8,P8,Post_P8,1,0.5298971477582579,1
32,P8,P8,Post_P8,1,0.3357344359693303,0
32,P8,P8,Post_P8,1,0.45341525774820324,0
32,P8,P8,Post_P8,1,0.5371345256021387,1
32,P8,P8,Post_P8,1,0.4030242207480721,0
32,P8,P8,Post_P8,1,0.3803430884685973,0
32,P8,P8,Post_P8,1,0.5442300000856184,1
32,P8,P8,Post_P8,1,0.3375580124606216,0
32,P8,P8,Post_P8,1,0.495672619023442,0
32,P8,P8,Post_P8,1,0.282981885183638,0
32,P8,P8,Post_P8,1,0.5302332888467135,1
32,P8,P8,Post_P8,1,0.3639475564399116,0
32,P8,P8,Post_P8,1,0.4672141639532042,0
32,P8,P8,Post_P8,1,0.6008517665829842,1
32,P8,P8,Post_P8,1,0.500491573481797,1
32,P8,P8,Post_P8,1,0.5471151673434291,1
32,P8,P8,Post_P8,1,0.3932625297246534,0
32,P8,P8,Post_P8,1,0.31854290877916797,0
32,P8,P8,Post_P8,1,0.488584229343392,0
32,P8,P8,Post_P8,1,0.44446351107204646,0
32,P8,P8,Post_P8,1,0.4815720071062537,0
32,P8,P8,Post_P8,1,0.3645765772039342,0
32,P8,P8,Post_P8,1,0.4201522707704928,0
32,P8,P8,Post_P8,1,0.43915840652866445,0
32,P8,P8,Post_P8,1,0.4639201721265136,0
32,P8,P8,Post_P8,1,0.40070600444989907,0
32,P8,P8,Post_P8,1,0.5029778979681395,1
32,P8,P8,Post_P8,1,0.4113692344496567,0
32,P8,P8,Post_P8,1,0.42305654128475034,0
32,P8,P8,Post_P8,1,0.45757641936283894,0
32,P8,P8,Post_P8,1,0.5387928300272532,1
32,P8,P8,Post_P8,1,0.5159281005271664,1
32,P8,P8,Post_P8,1,0.2844409195912382,0
32,P8,P8,Post_P8,1,0.3609283624448141,0
32,P8,P8,Post_P8,1,0.4204639197587291,0
32,P8,P8,Post_P8,1,0.4462587408609821,0
32,P8,P8,Post_P8,1,0.5037554949495113,1
32,P8,P8,Post_P8,1,0.50764339976336,1
32,P8,P8,Post_P8,1,0.38608192327797625,0
32,P8,P8,Post_P8,1,0.5111549379246596,1
32,P8,P8,Post_P8,1,0.27097073919211995,0
32,P8,P8,Post_P8,1,0.377479181198699,0
32,P8,P8,Post_P8,1,0.41582932778107784,0
32,P8,P8,Post_P8,1,0.37641685691048543,0
