fold,held_patient,patient_id,sample_id,true_label,cell_probability,cell_pred
1,P1,P1,Pre_P1,1,0.4892738826593944,0
1,P1,P1,Pre_P1,1,0.3962844178156112,0
1,P1,P1,Pre_P1,1,0.3634448041146477,0
1,P1,P1,Pre_P1,1,0.3778494240682978,0
1,P1,P1,Pre_P1,1,0.40466600260467406,0
1,P1,P1,Pre_P1,1,0.32370068793365275,0
1,P1,P1,Pre_P1,1,0.48319985169596646,0
1,P1,P1,Pre_P1,1,0.39312738703189776,0
1,P1,P1,Pre_P1,1,0.3470034006298797,0
1,P1,P1,Pre_P1,1,0.3408639562128734,0
1,P1,P1,Pre_P1,1,0.3457955564578163,0
1,P1,P1,Pre_P1,1,0.31682720340303894,0
1,P1,P1,Pre_P1,1,0.403372465164392,0
1,P1,P1,Pre_P1,1,0.41201258716128464,0
1,P1,P1,Pre_P1,1,0.5152941716756552,1
1,P1,P1,Pre_P1,1,0.4658753416501261,0
1,P1,P1,Pre_P1,1,0.3780175095869511,0
1,P1,P1,Pre_P1,1,0.36992811519195085,0
1,P1,P1,Pre_P1,1,0.41067308902805166,0
1,P1,P1,Pre_P1,1,0.36126274945036535,0
1,P1,P1,Pre_P1,1,0.4218082162587058,0
1,P1,P1,Pre_P1,1,0.47061749508326456,0
1,P1,P1,Pre_P1,1,0.3960027270078233,0
1,P1,P1,Pre_P1,1,0.33562538533930497,0
1,P1,P1,Pre_P1,1,0.3576931616133597,0
1,P1,P1,Pre_P1,1,0.47893572975992854,0
1,P1,P1,Pre_P1,1,0.4057623171046414,0
1,P1,P1,Pre_P1,1,0.3243848378227909,0
1,P1,P1,Pre_P1,1,0.4020735426515904,0
1,P1,P1,Pre_P1,1,0.45945512650918274,0
1,P1,P1,Pre_P1,1,0.35461349522043123,0
1,P1,P1,Pre_P1,1,0.48003129297161035,0
1,P1,P1,Pre_P1,1,0.3870315217699735,0
1,P1,P1,Pre_P1,1,0.4978026155987713,0
1,P1,P1,Pre_P1,1,0.37972997006517756,0
1,P1,P1,Pre_P1,1,0.5346878838607837,1
1,P1,P1,Pre_P1,1,0.3882020282652238,0
1,P1,P1,Pre_P1,1,0.4149977046289484,0
1,P1,P1,Pre_P1,1,0.4620763988012642,0
1,P1,P1,Pre_P1,1,0.45460660937414077,0
1,P1,P1,Pre_P1,1,0.7148120353376236,1
1,P1,P1,Pre_P1,1,0.33284689474985224,0
1,P1,P1,Pre_P1,1,0.3969868513871932,0
1,P1,P1,Pre_P1,1,0.35863691607015774,0
1,P1,P1,Pre_P1,1,0.36356261011290963,0
1,P1,P1,Pre_P1,1,0.5054367059713498,1
1,P1,P1,Pre_P1,1,0.5502865765807247,1
1,P1,P1,Pre_P1,1,0.5017183482384338,1
1,P1,P1,Pre_P1,1,0.4198230749801431,0
1,P1,P1,Pre_P1,1,0.5139914363316294,1
1,P1,P1,Pre_P1,1,0.4153700129151977,0
1,P1,P1,Pre_P1,1,0.3655084115226824,0
1,P1,P1,Pre_P1,1,0.34082696965266596,0
1,P1,P1,Pre_P1,1,0.39889471132463084,0
1,P1,P1,Pre_P1,1,0.40949123814566,0
1,P1,P1,Pre_P1,1,0.3757908250540996,0
1,P1,P1,Pre_P1,1,0.4746493717273281,0
1,P1,P1,Pre_P1,1,0.33411044020845515,0
1,P1,P1,Pre_P1,1,0.40945665107197404,0
1,P1,P1,Pre_P1,1,0.34610274066829605,0
1,P1,P1,Pre_P1,1,0.42288871520268884,0
1,P1,P1,Pre_P1,1,0.5201391143316887,1
1,P1,P1,Pre_P1,1,0.40061326617109055,0
1,P1,P1,Pre_P1,1,0.48429915579146593,0
1,P1,P1,Pre_P1,1,0.4541282611699964,0
1,P1,P1,Pre_P1,1,0.3759981462387145,0
1,P1,P1,Pre_P1,1,0.40738416997033405,0
1,P1,P1,Pre_P1,1,0.48968197011363057,0
1,P1,P1,Pre_P1,1,0.39267217981976354,0
1,P1,P1,Pre_P1,1,0.608849468281909,1
1,P1,P1,Pre_P1,1,0.3954329177012629,0
1,P1,P1,Pre_P1,1,0.4067700248979141,0
1,P1,P1,Pre_P1,1,0.42733751196784125,0
1,P1,P1,Pre_P1,1,0.5073214054346133,1
1,P1,P1,Pre_P1,1,0.3738677879696846,0
1,P1,P1,Pre_P1,1,0.41286916359641335,0
1,P1,P1,Pre_P1,1,0.4733144787427926,0
1,P1,P1,Pre_P1,1,0.4218844769278358,0
1,P1,P1,Pre_P1,1,0.3865977984170561,0
1,P1,P1,Pre_P1,1,0.3690006367180822,0
1,P1,P1,Pre_P1,1,0.46060463310095767,0
1,P1,P1,Pre_P1,1,0.3488975970143603,0
1,P1,P1,Pre_P1,1,0.403623611867541,0
1,P1,P1,Pre_P1,1,0.39569288951883724,0
1,P1,P1,Pre_P1,1,0.3934151579688307,0
1,P1,P1,Pre_P1,1,0.4712553435398145,0
1,P1,P1,Pre_P1,1,0.4275219420371552,0
1,P1,P1,Pre_P1,1,0.35893995890928554,0
1,P1,P1,Pre_P1,1,0.4038676908360551,0
1,P1,P1,Pre_P1,1,0.4220229798502358,0
1,P1,P1,Pre_P1,1,0.4036045286093658,0
1,P1,P1,Pre_P1,1,0.43650236804501436,0
1,P1,P1,Pre_P1,1,0.49827696289673,0
1,P1,P1,Pre_P1,1,0.3476613755183275,0
1,P1,P1,Pre_P1,1,0.44118069271135607,0
1,P1,P1,Pre_P1,1,0.39588006306501344,0
1,P1,P1,Pre_P1,1,0.47631711861763065,0
1,P1,P1,Pre_P1,1,0.401109144590018,0
1,P1,P1,Pre_P1,1,0.4040765111467237,0
1,P1,P1,Pre_P1,1,0.4562138474496172,0
1,P1,P1,Pre_P1,1,0.409328286506745,0
1,P1,P1,Pre_P1,1,0.5270905210056279,1
1,P1,P1,Pre_P1,1,0.413570299077861,0
1,P1,P1,Pre_P1,1,0.36419424706287373,0
1,P1,P1,Pre_P1,1,0.3393600828080979,0
1,P1,P1,Pre_P1,1,0.448998092769014,0
1,P1,P1,Pre_P1,1,0.41358152974386886,0
1,P1,P1,Pre_P1,1,0.4813382970011324,0
1,P1,P1,Pre_P1,1,0.3914514541953335,0
1,P1,P1,Pre_P1,1,0.4490537705352371,0
1,P1,P1,Pre_P1,1,0.341789002299477,0
1,P1,P1,Pre_P1,1,0.40206711599969946,0
1,P1,P1,Pre_P1,1,0.45547065935444836,0
1,P1,P1,Pre_P1,1,0.4096641393437323,0
1,P1,P1,Pre_P1,1,0.4645503258239371,0
1,P1,P1,Pre_P1,1,0.42985404516550885,0
1,P1,P1,Pre_P1,1,0.45937967200220153,0
1,P1,P1,Pre_P1,1,0.4625810352643335,0
1,P1,P1,Pre_P1,1,0.43527965357457676,0
1,P1,P1,Pre_P1,1,0.39865208903026517,0
1,P1,P1,Pre_P1,1,0.396821030706496,0
1,P1,P1,Pre_P1,1,0.5104432497692403,1
1,P1,P1,Pre_P1,1,0.44937556479506696,0
1,P1,P1,Pre_P1,1,0.4341547636622337,0
1,P1,P1,Pre_P1,1,0.44249762451523783,0
1,P1,P1,Pre_P1,1,0.35467759312743896,0
1,P1,P1,Pre_P1,1,0.44326212866001374,0
1,P1,P1,Pre_P1,1,0.49384659085041266,0
1,P1,P1,Pre_P1,1,0.4602991790925573,0
1,P1,P1,Pre_P1,1,0.39487711866023717,0
1,P1,P1,Pre_P1,1,0.47515313766223216,0
1,P1,P1,Pre_P1,1,0.5296665093327377,1
1,P1,P1,Pre_P1,1,0.44097716972552636,0
1,P1,P1,Pre_P1,1,0.5350380737554403,1
1,P1,P1,Pre_P1,1,0.40578939473879927,0
1,P1,P1,Pre_P1,1,0.4395699172130594,0
1,P1,P1,Pre_P1,1,0.4919937642145293,0
1,P1,P1,Pre_P1,1,0.4350538293746132,0
1,P1,P1,Pre_P1,1,0.3354732111716518,0
1,P1,P1,Pre_P1,1,0.40669805719586294,0
1,P1,P1,Pre_P1,1,0.42435737282433234,0
1,P1,P1,Pre_P1,1,0.42090377183940364,0
1,P1,P1,Pre_P1,1,0.3900226921656438,0
1,P1,P1,Pre_P1,1,0.35829360896932205,0
1,P1,P1,Pre_P1,1,0.44548888005989484,0
1,P1,P1,Pre_P1,1,0.4187874702419506,0
1,P1,P1,Pre_P1,1,0.42284961848926017,0
1,P1,P1,Pre_P1,1,0.4479668532688941,0
1,P1,P1,Pre_P1,1,0.41528001441980167,0
1,P1,P1,Pre_P1,1,0.46150690501304653,0
1,P1,P1,Pre_P1,1,0.3292655858627286,0
1,P1,P1,Pre_P1,1,0.3601870576885868,0
1,P1,P1,Pre_P1,1,0.425942271140375,0
1,P1,P1,Pre_P1,1,0.6758668362739584,1
1,P1,P1,Pre_P1,1,0.36711552666306274,0
1,P1,P1,Pre_P1,1,0.42661306447715713,0
1,P1,P1,Pre_P1,1,0.44257838301017116,0
1,P1,P1,Pre_P1,1,0.4483552502272336,0
1,P1,P1,Pre_P1,1,0.41374516276057466,0
1,P1,P1,Pre_P1,1,0.457957445640194,0
1,P1,P1,Pre_P1,1,0.37539587639279515,0
1,P1,P1,Pre_P1,1,0.4484453552277308,0
1,P1,P1,Pre_P1,1,0.42822004723329044,0
1,P1,P1,Pre_P1,1,0.3694145087181731,0
1,P1,P1,Pre_P1,1,0.4337615842494105,0
1,P1,P1,Pre_P1,1,0.4038289844340784,0
1,P1,P1,Pre_P1,1,0.42329885181330495,0
1,P1,P1,Pre_P1,1,0.3901142394271883,0
1,P1,P1,Pre_P1,1,0.3607551349001335,0
1,P1,P1,Pre_P1,1,0.5743842283546561,1
1,P1,P1,Pre_P1,1,0.3574057244813687,0
1,P1,P1,Pre_P1,1,0.5051040414304775,1
1,P1,P1,Pre_P1,1,0.42744440559277425,0
1,P1,P1,Pre_P1,1,0.4644510710099705,0
1,P1,P1,Pre_P1,1,0.4356312740319008,0
1,P1,P1,Pre_P1,1,0.4071556983743856,0
1,P1,P1,Pre_P1,1,0.4329494137493987,0
1,P1,P1,Pre_P1,1,0.4333331311551804,0
1,P1,P1,Pre_P1,1,0.3935683184872587,0
1,P1,P1,Pre_P1,1,0.3497280465360304,0
1,P1,P1,Pre_P1,1,0.4900423728195254,0
1,P1,P1,Pre_P1,1,0.42669686743106955,0
1,P1,P1,Pre_P1,1,0.3443357891547832,0
1,P1,P1,Pre_P1,1,0.44516316924843663,0
1,P1,P1,Pre_P1,1,0.3340153794259461,0
1,P1,P1,Pre_P1,1,0.3495797979508005,0
1,P1,P1,Pre_P1,1,0.4089187940418408,0
1,P1,P1,Pre_P1,1,0.4844865575371819,0
1,P1,P1,Pre_P1,1,0.3871063918873472,0
1,P1,P1,Pre_P1,1,0.31989494868509727,0
1,P1,P1,Pre_P1,1,0.4172025376191373,0
1,P1,P1,Pre_P1,1,0.43619381983307093,0
1,P1,P1,Pre_P1,1,0.435540065407901,0
1,P1,P1,Pre_P1,1,0.5024317912972172,1
1,P1,P1,Pre_P1,1,0.3942657529132852,0
1,P1,P1,Pre_P1,1,0.43967601288342323,0
1,P1,P1,Pre_P1,1,0.3612761152622678,0
1,P1,P1,Pre_P1,1,0.46909878018271445,0
1,P1,P1,Pre_P1,1,0.4368062863427114,0
1,P1,P1,Pre_P1,1,0.45967493592282044,0
1,P1,P1,Pre_P1,1,0.4164309855620209,0
1,P1,P1,Pre_P1,1,0.49408676700012294,0
1,P1,P1,Pre_P1,1,0.5712038376937698,1
1,P1,P1,Pre_P1,1,0.4141940097261791,0
1,P1,P1,Pre_P1,1,0.43845878066797156,0
1,P1,P1,Pre_P1,1,0.4991390624940179,0
1,P1,P1,Pre_P1,1,0.3478503370674571,0
1,P1,P1,Pre_P1,1,0.44098129670683445,0
1,P1,P1,Pre_P1,1,0.48861547837873404,0
1,P1,P1,Pre_P1,1,0.4526140093222529,0
1,P1,P1,Pre_P1,1,0.3716110670716398,0
1,P1,P1,Pre_P1,1,0.439231976455134,0
1,P1,P1,Pre_P1,1,0.48191650447516127,0
1,P1,P1,Pre_P1,1,0.47943646242914145,0
1,P1,P1,Pre_P1,1,0.39070458071208786,0
1,P1,P1,Pre_P1,1,0.41368252402658867,0
1,P1,P1,Pre_P1,1,0.46254949850903115,0
1,P1,P1,Pre_P1,1,0.3717775665946505,0
1,P1,P1,Pre_P1,1,0.41361624900384986,0
1,P1,P1,Pre_P1,1,0.40788799581082547,0
1,P1,P1,Pre_P1,1,0.4396342374531865,0
1,P1,P1,Pre_P1,1,0.40300454139265907,0
1,P1,P1,Pre_P1,1,0.45167594258473825,0
1,P1,P1,Pre_P1,1,0.4962355100207734,0
1,P1,P1,Pre_P1,1,0.40383991806752123,0
1,P1,P1,Pre_P1,1,0.3537984258364895,0
1,P1,P1,Pre_P1,1,0.35129897941826105,0
1,P1,P1,Pre_P1,1,0.5231308638485637,1
1,P1,P1,Pre_P1,1,0.3617852633002264,0
1,P1,P1,Post_P1,1,0.46503498447051955,0
1,P1,P1,Post_P1,1,0.4714754363880577,0
1,P1,P1,Post_P1,1,0.4131620561931949,0
1,P1,P1,Post_P1,1,0.5360151924543726,1
1,P1,P1,Post_P1,1,0.4114902011648786,0
1,P1,P1,Post_P1,1,0.40562398490889434,0
1,P1,P1,Post_P1,1,0.4804745877329178,0
1,P1,P1,Post_P1,1,0.44901300087267326,0
1,P1,P1,Post_P1,1,0.4437121086837765,0
1,P1,P1,Post_P1,1,0.49280732513835385,0
1,P1,P1,Post_P1,1,0.4846205349746378,0
1,P1,P1,Post_P1,1,0.6139984571884478,1
1,P1,P1,Post_P1,1,0.42306965452627016,0
1,P1,P1,Post_P1,1,0.5911387623399844,1
1,P1,P1,Post_P1,1,0.5737623045871587,1
1,P1,P1,Post_P1,1,0.43272470889407655,0
1,P1,P1,Post_P1,1,0.48253149468431616,0
1,P1,P1,Post_P1,1,0.359461184195498,0
1,P1,P1,Post_P1,1,0.44529929113412353,0
1,P1,P1,Post_P1,1,0.431252621878661,0
1,P1,P1,Post_P1,1,0.5606870787781171,1
1,P1,P1,Post_P1,1,0.5369999579325383,1
1,P1,P1,Post_P1,1,0.4709822102164864,0
1,P1,P1,Post_P1,1,0.4833476909955471,0
1,P1,P1,Post_P1,1,0.45225339421187033,0
1,P1,P1,Post_P1,1,0.4558542724328468,0
1,P1,P1,Post_P1,1,0.4515162149748207,0
1,P1,P1,Post_P1,1,0.42151599284668506,0
1,P1,P1,Post_P1,1,0.4928439851342725,0
1,P1,P1,Post_P1,1,0.5761937245608927,1
1,P1,P1,Post_P1,1,0.47400912782488647,0
1,P1,P1,Post_P1,1,0.5229773941038437,1
1,P1,P1,Post_P1,1,0.544915514700946,1
1,P1,P1,Post_P1,1,0.4460604939145315,0
1,P1,P1,Post_P1,1,0.45976147664578165,0
1,P1,P1,Post_P1,1,0.51704049599119,1
1,P1,P1,Post_P1,1,0.5062416020712349,1
1,P1,P1,Post_P1,1,0.4664779697943033,0
1,P1,P1,Post_P1,1,0.49458636164032754,0
1,P1,P1,Post_P1,1,0.5136786701799351,1
1,P1,P1,Post_P1,1,0.4997667128879738,0
1,P1,P1,Post_P1,1,0.4721872867265243,0
1,P1,P1,Post_P1,1,0.5527651359096767,1
1,P1,P1,Post_P1,1,0.4612837767084193,0
1,P1,P1,Post_P1,1,0.40002183534331814,0
1,P1,P1,Post_P1,1,0.48355479360821274,0
1,P1,P1,Post_P1,1,0.49485083879408326,0
1,P1,P1,Post_P1,1,0.636388731062477,1
1,P1,P1,Post_P1,1,0.4546938429369975,0
1,P1,P1,Post_P1,1,0.5380144066557313,1
1,P1,P1,Post_P1,1,0.49612764624501,0
1,P1,P1,Post_P1,1,0.5517046986647749,1
1,P1,P1,Post_P1,1,0.49655550558864475,0
1,P1,P1,Post_P1,1,0.429235432734631,0
1,P1,P1,Post_P1,1,0.4962058193024285,0
1,P1,P1,Post_P1,1,0.4839460908293185,0
1,P1,P1,Post_P1,1,0.4325434865014523,0
1,P1,P1,Post_P1,1,0.42315510075220775,0
1,P1,P1,Post_P1,1,0.531709592822409,1
1,P1,P1,Post_P1,1,0.4389220663490835,0
1,P1,P1,Post_P1,1,0.49057244365882513,0
1,P1,P1,Post_P1,1,0.5051872076112448,1
1,P1,P1,Post_P1,1,0.5099456337548853,1
1,P1,P1,Post_P1,1,0.6408408056019627,1
1,P1,P1,Post_P1,1,0.39645167355781863,0
1,P1,P1,Post_P1,1,0.3902346008231397,0
1,P1,P1,Post_P1,1,0.5463267878859476,1
1,P1,P1,Post_P1,1,0.44178877038083997,0
1,P1,P1,Post_P1,1,0.614948105095419,1
1,P1,P1,Post_P1,1,0.518800347243432,1
1,P1,P1,Post_P1,1,0.5544481046114244,1
1,P1,P1,Post_P1,1,0.45063409301591717,0
1,P1,P1,Post_P1,1,0.4648444777612573,0
1,P1,P1,Post_P1,1,0.5126395958362625,1
1,P1,P1,Post_P1,1,0.5285798163208253,1
1,P1,P1,Post_P1,1,0.45798325984408633,0
1,P1,P1,Post_P1,1,0.5323475545198528,1
1,P1,P1,Post_P1,1,0.508398749575711,1
1,P1,P1,Post_P1,1,0.48355479360821274,0
1,P1,P1,Post_P1,1,0.4215920093835136,0
1,P1,P1,Post_P1,1,0.39332488607725136,0
1,P1,P1,Post_P1,1,0.5139580953370315,1
1,P1,P1,Post_P1,1,0.5467093768870658,1
1,P1,P1,Post_P1,1,0.48899063580061497,0
1,P1,P1,Post_P1,1,0.49014488962536573,0
1,P1,P1,Post_P1,1,0.46966308578959054,0
1,P1,P1,Post_P1,1,0.5712880540020244,1
1,P1,P1,Post_P1,1,0.39248994984772584,0
1,P1,P1,Post_P1,1,0.4513636061383117,0
1,P1,P1,Post_P1,1,0.5060699381789595,1
1,P1,P1,Post_P1,1,0.5020626473976149,1
1,P1,P1,Post_P1,1,0.41211905123505743,0
1,P1,P1,Post_P1,1,0.5017977494456486,1
1,P1,P1,Post_P1,1,0.5539179964115953,1
1,P1,P1,Post_P1,1,0.5394878721828047,1
1,P1,P1,Post_P1,1,0.45830439509773213,0
1,P1,P1,Post_P1,1,0.4134029430864518,0
1,P1,P1,Post_P1,1,0.4047332537956864,0
1,P1,P1,Post_P1,1,0.5633890065259672,1
1,P1,P1,Post_P1,1,0.4943053234785498,0
1,P1,P1,Post_P1,1,0.5319012918328938,1
1,P1,P1,Post_P1,1,0.5967382021605759,1
1,P1,P1,Post_P1,1,0.49158205228068624,0
1,P1,P1,Post_P1,1,0.5341374113197392,1
1,P1,P1,Post_P1,1,0.43893535872231665,0
1,P1,P1,Post_P1,1,0.4657004645833525,0
1,P1,P1,Post_P1,1,0.4103435597301496,0
1,P1,P1,Post_P1,1,0.4672159503194186,0
1,P1,P1,Post_P1,1,0.4522484478683027,0
1,P1,P1,Post_P1,1,0.4970665215807415,0
1,P1,P1,Post_P1,1,0.47161225255204897,0
1,P1,P1,Post_P1,1,0.49777571493122835,0
1,P1,P1,Post_P1,1,0.44180432748776755,0
1,P1,P1,Post_P1,1,0.4369547514016707,0
1,P1,P1,Post_P1,1,0.4474180641195406,0
1,P1,P1,Post_P1,1,0.637781820383785,1
1,P1,P1,Post_P1,1,0.4906701723481802,0
1,P1,P1,Post_P1,1,0.5151023971581441,1
1,P1,P1,Post_P1,1,0.4643544047982328,0
1,P1,P1,Post_P1,1,0.40915718917509253,0
1,P1,P1,Post_P1,1,0.4331059638408885,0
1,P1,P1,Post_P1,1,0.4536267188134836,0
1,P1,P1,Post_P1,1,0.5537706752878323,1
1,P1,P1,Post_P1,1,0.42684865055587234,0
1,P1,P1,Post_P1,1,0.513514246938584,1
1,P1,P1,Post_P1,1,0.48317876180097524,0
1,P1,P1,Post_P1,1,0.4913600665822472,0
1,P1,P1,Post_P1,1,0.5137318135223109,1
1,P1,P1,Post_P1,1,0.49420952545846747,0
1,P1,P1,Post_P1,1,0.4830785222326727,0
1,P1,P1,Post_P1,1,0.37501640199116953,0
1,P1,P1,Post_P1,1,0.5629303650661689,1
1,P1,P1,Post_P1,1,0.4266887784752215,0
1,P1,P1,Post_P1,1,0.46527484574023403,0
1,P1,P1,Post_P1,1,0.756142478984037,1
1,P1,P1,Post_P1,1,0.5231570142412977,1
1,P1,P1,Post_P1,1,0.47379817531141616,0
1,P1,P1,Post_P1,1,0.5072595495510754,1
1,P1,P1,Post_P1,1,0.5511011996738358,1
1,P1,P1,Post_P1,1,0.3855749399717362,0
1,P1,P1,Post_P1,1,0.44101413137134354,0
1,P1,P1,Post_P1,1,0.4300400673957611,0
1,P1,P1,Post_P1,1,0.4623848924893244,0
1,P1,P1,Post_P1,1,0.4599154288037162,0
1,P1,P1,Post_P1,1,0.5324026259549962,1
1,P1,P1,Post_P1,1,0.45920209146000535,0
1,P1,P1,Post_P1,1,0.5373398901681596,1
1,P1,P1,Post_P1,1,0.47469294969247317,0
1,P1,P1,Post_P1,1,0.4430447707581361,0
1,P1,P1,Post_P1,1,0.5737948019051504,1
1,P1,P1,Post_P1,1,0.4495994486508515,0
1,P1,P1,Post_P1,1,0.5641095498368818,1
1,P1,P1,Post_P1,1,0.4313752149978538,0
1,P1,P1,Post_P1,1,0.41612566673740686,0
1,P1,P1,Post_P1,1,0.4696920324312933,0
1,P1,P1,Post_P1,1,0.43740423866416567,0
1,P1,P1,Post_P1,1,0.4367575282121419,0
1,P1,P1,Post_P1,1,0.45050559654674555,0
1,P1,P1,Post_P1,1,0.672306838557026,1
1,P1,P1,Post_P1,1,0.5572056105279527,1
1,P1,P1,Post_P1,1,0.5760710558824396,1
1,P1,P1,Post_P1,1,0.4066271053526935,0
1,P1,P1,Post_P1,1,0.4718303518837432,0
1,P1,P1,Post_P1,1,0.49283445299720713,0
1,P1,P1,Post_P1,1,0.43643878971980454,0
1,P1,P1,Post_P1,1,0.40574182310025314,0
1,P1,P1,Post_P1,1,0.4747202734592669,0
1,P1,P1,Post_P1,1,0.48242913067089904,0
1,P1,P1,Post_P1,1,0.5489859036244183,1
1,P1,P1,Post_P1,1,0.42335708324597615,0
1,P1,P1,Post_P1,1,0.4687709415472914,0
1,P1,P1,Post_P1,1,0.4192394318839319,0
1,P1,P1,Post_P1,1,0.5237631771642741,1
1,P1,P1,Post_P1,1,0.44505483346664776,0
1,P1,P1,Post_P1,1,0.5181514652907625,1
1,P1,P1,Post_P1,1,0.4430452538952896,0
1,P1,P1,Post_P1,1,0.5217341493277654,1
1,P1,P1,Post_P1,1,0.5455557605494674,1
1,P1,P1,Post_P1,1,0.5470881896146635,1
1,P1,P1,Post_P1,1,0.4639628542446893,0
1,P1,P1,Post_P1,1,0.5083334076830909,1
1,P1,P1,Post_P1,1,0.4914451109444734,0
1,P1,P1,Post_P1,1,0.4885965052458917,0
1,P1,P1,Post_P1,1,0.5555612087905163,1
1,P1,P1,Post_P1,1,0.4990047534827151,0
1,P1,P1,Post_P1,1,0.5907067593326042,1
1,P1,P1,Post_P1,1,0.40006984783153277,0
1,P1,P1,Post_P1,1,0.49921509672447034,0
1,P1,P1,Post_P1,1,0.44403268587600864,0
1,P1,P1,Post_P1,1,0.4473922606848782,0
1,P1,P1,Post_P1,1,0.44202825546846286,0
1,P1,P1,Post_P1,1,0.4693091432551422,0
1,P1,P1,Post_P1,1,0.5099144004007728,1
1,P1,P1,Post_P1,1,0.5822046248911927,1
1,P1,P1,Post_P1,1,0.5065916636322951,1
1,P1,P1,Post_P1,1,0.3936449215325252,0
1,P1,P1,Post_P1,1,0.44720126190952086,0
1,P1,P1,Post_P1,1,0.4225439193464082,0
1,P1,P1,Post_P1,1,0.5505407201637837,1
1,P1,P1,Post_P1,1,0.41115091997563,0
1,P1,P1,Post_P1,1,0.6989753097714247,1
1,P1,P1,Post_P1,1,0.4685746580314134,0
1,P1,P1,Post_P1,1,0.5300641069712865,1
1,P1,P1,Post_P1,1,0.49315420573835045,0
1,P1,P1,Post_P1,1,0.42372320305358674,0
1,P1,P1,Post_P1,1,0.512162819671981,1
1,P1,P1,Post_P1,1,0.4299939790525995,0
1,P1,P1,Post_P1,1,0.4182160927988937,0
1,P1,P1,Post_P1,1,0.5003393384930411,1
1,P1,P1,Post_P1,1,0.4968396882509502,0
1,P1,P1,Post_P1,1,0.4689054181519305,0
1,P1,P1,Post_P1,1,0.4652470812929351,0
1,P1,P1,Post_P1,1,0.549638931918194,1
1,P1,P1,Post_P1,1,0.5834562750468737,1
1,P1,P1,Post_P1,1,0.4821354538883239,0
1,P1,P1,Post_P1,1,0.4485240211424288,0
1,P1,P1,Post_P1,1,0.4561527822423889,0
1,P1,P1,Post_P1,1,0.729582805992941,1
1,P1,P1,Post_P1,1,0.5360202304424805,1
1,P1,P1,Post_P1,1,0.4738063682166865,0
1,P1,P1,Post_P1,1,0.4850941102775792,0
1,P1,P1,Post_P1,1,0.5107394253244881,1
1,P1,P1,Post_P1,1,0.379255483393589,0
1,P1,P1,Post_P1,1,0.46970246769422286,0
1,P1,P1,Post_P1,1,0.4943140329572395,0
1,P1,P1,Post_P1,1,0.560393974196499,1
1,P1,P1,Post_P1,1,0.463161465431169,0
1,P1,P1,Post_P1,1,0.48860634405386505,0
1,P1,P1,Post_P1,1,0.4032896393750159,0
1,P1,P1,Post_P1,1,0.4128757637912271,0
1,P1,P1,Post_P1,1,0.4440550080785253,0
1,P1,P1,Post_P1,1,0.4647148004699963,0
1,P1,P1,Post_P1,1,0.5494044170798305,1
1,P1,P1,Post_P1,1,0.517976344614605,1
1,P1,P1,Post_P1,1,0.41133426667749234,0
1,P1,P1,Post_P1,1,0.5020887047976199,1
1,P1,P1,Post_P1,1,0.5097494576059963,1
1,P1,P1,Post_P1,1,0.47609658323272086,0
1,P1,P1,Post_P1,1,0.48119505278452596,0
1,P1,P1,Post_P1,1,0.46250848383085313,0
1,P1,P1,Post_P1,1,0.4084707124610441,0
1,P1,P1,Post_P1,1,0.47103028993611024,0
1,P1,P1,Post_P1,1,0.536391561210886,1
1,P1,P1,Post_P1,1,0.4952582313533529,0
1,P1,P1,Post_P1,1,0.439746775961932,0
1,P1,P1,Post_P1,1,0.4864952632840452,0
1,P1,P1,Post_P1,1,0.4905136966481075,0
1,P1,P1,Post_P1,1,0.47415474360342447,0
1,P1,P1,Post_P1,1,0.5902845044723048,1
1,P1,P1,Post_P1,1,0.5112498180439711,1
1,P1,P1,Post_P1,1,0.46706564631730374,0
1,P1,P1,Post_P1,1,0.5186743766386285,1
1,P1,P1,Post_P1,1,0.48911446415339044,0
1,P1,P1,Post_P1,1,0.4057400341752633,0
1,P1,P1,Post_P1,1,0.585576170987509,1
1,P1,P1,Post_P1,1,0.5597810964642852,1
1,P1,P1,Post_P1,1,0.48587093947304577,0
1,P1,P1,Post_P1,1,0.4442640377567408,0
1,P1,P1,Post_P1,1,0.4914181429583407,0
1,P1,P1,Post_P1,1,0.554547611325927,1
1,P1,P1,Post_P1,1,0.48687284245041884,0
1,P1,P1,Post_P1,1,0.4358603197346267,0
1,P1,P1,Post_P1,1,0.4638069877039398,0
1,P1,P1,Post_P1,1,0.5046486442969579,1
1,P1,P1,Post_P1,1,0.4870879037897824,0
1,P1,P1,Post_P1,1,0.43556284545009843,0
1,P1,P1,Post_P1,1,0.591005091338551,1
1,P1,P1,Post_P1,1,0.49289693251372124,0
1,P1,P1,Post_P1,1,0.48467369866411075,0
1,P1,P1,Post_P1,1,0.4058903772670836,0
1,P1,P1,Post_P1,1,0.5102055719226021,1
1,P1,P1,Post_P1,1,0.5533172557373068,1
1,P1,P1,Post_P1,1,0.5566433199040409,1
1,P1,P1,Post_P1,1,0.4695920193354608,0
1,P1,P1,Post_P1,1,0.48876664376271023,0
1,P1,P1,Post_P1,1,0.48681004033669595,0
1,P1,P1,Post_P1,1,0.4294033729010751,0
1,P1,P1,Post_P1,1,0.441632615123457,0
1,P1,P1,Post_P1,1,0.42856242271239464,0
1,P1,P1,Post_P1,1,0.414840554405108,0
1,P1,P1,Post_P1,1,0.4383227400783171,0
1,P1,P1,Post_P1,1,0.48322717888907324,0
1,P1,P1,Post_P1,1,0.44089060417245945,0
1,P1,P1,Post_P1,1,0.4805312060334039,0
1,P1,P1,Post_P1,1,0.5537672738665352,1
1,P1,P1,Post_P1,1,0.5241082245135339,1
1,P1,P1,Post_P1,1,0.48223217815542996,0
1,P1,P1,Post_P1,1,0.47816938390048885,0
1,P1,P1,Post_P1,1,0.4587286252294578,0
1,P1,P1,Post_P1,1,0.5293962638086369,1
1,P1,P1,Post_P1,1,0.5408008449792923,1
1,P1,P1,Post_P1_2,0,0.3636940457164537,0
1,P1,P1,Post_P1_2,0,0.2946097155345937,0
1,P1,P1,Post_P1_2,0,0.3894161764021303,0
1,P1,P1,Post_P1_2,0,0.3710774348945213,0
1,P1,P1,Post_P1_2,0,0.3141982641587567,0
1,P1,P1,Post_P1_2,0,0.33350386703620966,0
1,P1,P1,Post_P1_2,0,0.2623635192094836,0
1,P1,P1,Post_P1_2,0,0.3993476349606237,0
1,P1,P1,Post_P1_2,0,0.514523562774031,1
1,P1,P1,Post_P1_2,0,0.5549386231736501,1
1,P1,P1,Post_P1_2,0,0.5076073569833108,1
1,P1,P1,Post_P1_2,0,0.5391321935961428,1
1,P1,P1,Post_P1_2,0,0.3292598004911142,0
1,P1,P1,Post_P1_2,0,0.5474983106016988,1
1,P1,P1,Post_P1_2,0,0.31602715684429666,0
1,P1,P1,Post_P1_2,0,0.36001721462534386,0
1,P1,P1,Post_P1_2,0,0.45459011377253855,0
1,P1,P1,Post_P1_2,0,0.3685227735396375,0
1,P1,P1,Post_P1_2,0,0.487537684922838,0
1,P1,P1,Post_P1_2,0,0.30201902830299804,0
1,P1,P1,Post_P1_2,0,0.3503801496505598,0
1,P1,P1,Post_P1_2,0,0.2928351107830532,0
1,P1,P1,Post_P1_2,0,0.3664412801645381,0
1,P1,P1,Post_P1_2,0,0.3066538251324187,0
1,P1,P1,Post_P1_2,0,0.2912906317627906,0
1,P1,P1,Post_P1_2,0,0.5084453955676649,1
1,P1,P1,Post_P1_2,0,0.30814987243160064,0
1,P1,P1,Post_P1_2,0,0.4725445313135998,0
1,P1,P1,Post_P1_2,0,0.2864442692089882,0
1,P1,P1,Post_P1_2,0,0.2861393785328726,0
1,P1,P1,Post_P1_2,0,0.3880292401184767,0
1,P1,P1,Post_P1_2,0,0.41442082450512313,0
1,P1,P1,Post_P1_2,0,0.27840900944796576,0
1,P1,P1,Post_P1_2,0,0.3173729874689446,0
1,P1,P1,Post_P1_2,0,0.31428935376946165,0
1,P1,P1,Post_P1_2,0,0.3395965626638479,0
1,P1,P1,Post_P1_2,0,0.46356585281029694,0
1,P1,P1,Post_P1_2,0,0.2744192259077061,0
1,P1,P1,Post_P1_2,0,0.38289245908614455,0
1,P1,P1,Post_P1_2,0,0.3500593025819424,0
1,P1,P1,Post_P1_2,0,0.37966720599542014,0
1,P1,P1,Post_P1_2,0,0.53514835745366,1
1,P1,P1,Post_P1_2,0,0.333109146686253,0
1,P1,P1,Post_P1_2,0,0.45568478602045165,0
1,P1,P1,Post_P1_2,0,0.2456837371868629,0
1,P1,P1,Post_P1_2,0,0.5357222300395993,1
1,P1,P1,Post_P1_2,0,0.3758854921918937,0
1,P1,P1,Post_P1_2,0,0.4976657683533395,0
1,P1,P1,Post_P1_2,0,0.48152996550416605,0
1,P1,P1,Post_P1_2,0,0.31784917077411523,0
1,P1,P1,Post_P1_2,0,0.34664558857650196,0
1,P1,P1,Post_P1_2,0,0.30846766989484703,0
1,P1,P1,Post_P1_2,0,0.5440850537307365,1
1,P1,P1,Post_P1_2,0,0.30009088322088334,0
1,P1,P1,Post_P1_2,0,0.4775019972719661,0
1,P1,P1,Post_P1_2,0,0.46222061090232874,0
1,P1,P1,Post_P1_2,0,0.3069646699523271,0
1,P1,P1,Post_P1_2,0,0.3352722037581349,0
1,P1,P1,Post_P1_2,0,0.41882198186548253,0
1,P1,P1,Post_P1_2,0,0.3178690848425107,0
1,P1,P1,Post_P1_2,0,0.3298194226766203,0
1,P1,P1,Post_P1_2,0,0.5193270661481488,1
1,P1,P1,Post_P1_2,0,0.47894522297852715,0
1,P1,P1,Post_P1_2,0,0.24292356006999163,0
1,P1,P1,Post_P1_2,0,0.3435372645641624,0
1,P1,P1,Post_P1_2,0,0.3100590192408199,0
1,P1,P1,Post_P1_2,0,0.3485136050044031,0
1,P1,P1,Post_P1_2,0,0.24374536537065508,0
1,P1,P1,Post_P1_2,0,0.2712187674473892,0
1,P1,P1,Post_P1_2,0,0.36254646498102194,0
1,P1,P1,Post_P1_2,0,0.5302890628950058,1
1,P1,P1,Post_P1_2,0,0.5084453955676649,1
1,P1,P1,Post_P1_2,0,0.3424601735417556,0
1,P1,P1,Post_P1_2,0,0.74690967631445,1
1,P1,P1,Post_P1_2,0,0.3465255947938947,0
1,P1,P1,Post_P1_2,0,0.5480836012850454,1
1,P1,P1,Post_P1_2,0,0.35836084806431795,0
1,P1,P1,Post_P1_2,0,0.5010139891249492,1
1,P1,P1,Post_P1_2,0,0.3348916357248987,0
1,P1,P1,Post_P1_2,0,0.3052976080461399,0
1,P1,P1,Post_P1_2,0,0.2960995267152266,0
1,P1,P1,Post_P1_2,0,0.2611569111265635,0
1,P1,P1,Post_P1_2,0,0.6865883773987019,1
1,P1,P1,Post_P1_2,0,0.6276115975769577,1
1,P1,P1,Post_P1_2,0,0.31814872583886766,0
1,P1,P1,Post_P1_2,0,0.351209975825545,0
1,P1,P1,Post_P1_2,0,0.3194258476044426,0
1,P1,P1,Post_P1_2,0,0.3465776565119078,0
1,P1,P1,Post_P1_2,0,0.3213614473958928,0
1,P1,P1,Post_P1_2,0,0.5441433570502372,1
1,P1,P1,Post_P1_2,0,0.518294416976474,1
1,P1,P1,Post_P1_2,0,0.23010653583241067,0
1,P1,P1,Post_P1_2,0,0.6710515067029206,1
1,P1,P1,Post_P1_2,0,0.3193177054221114,0
1,P1,P1,Post_P1_2,0,0.5322185300144799,1
1,P1,P1,Post_P1_2,0,0.3810049642660812,0
1,P1,P1,Post_P1_2,0,0.5376360065080849,1
1,P1,P1,Post_P1_2,0,0.29360252189936215,0
1,P1,P1,Post_P1_2,0,0.2700435758483893,0
1,P1,P1,Post_P1_2,0,0.27177461632994065,0
1,P1,P1,Post_P1_2,0,0.6404404424928777,1
1,P1,P1,Post_P1_2,0,0.5549386231736501,1
1,P1,P1,Post_P1_2,0,0.23136810225013432,0
1,P1,P1,Post_P1_2,0,0.32335614505308385,0
1,P1,P1,Post_P1_2,0,0.5374227539390463,1
1,P1,P1,Post_P1_2,0,0.3904262805461451,0
1,P1,P1,Post_P1_2,0,0.3113015522178228,0
1,P1,P1,Post_P1_2,0,0.49960217414650426,0
1,P1,P1,Post_P1_2,0,0.5359788796436572,1
1,P1,P1,Post_P1_2,0,0.3118501369423188,0
1,P1,P1,Post_P1_2,0,0.29961388580161064,0
1,P1,P1,Post_P1_2,0,0.2837226767575992,0
1,P1,P1,Post_P1_2,0,0.32596361648724725,0
1,P1,P1,Post_P1_2,0,0.3148915146727629,0
1,P1,P1,Post_P1_2,0,0.5658396066048763,1
1,P1,P1,Post_P1_2,0,0.36169640109444307,0
1,P1,P1,Post_P1_2,0,0.46016684835941774,0
1,P1,P1,Post_P1_2,0,0.3559552848761173,0
1,P1,P1,Post_P1_2,0,0.5675597807895413,1
1,P1,P1,Post_P1_2,0,0.23580545827441696,0
1,P1,P1,Post_P1_2,0,0.2777949723484471,0
1,P1,P1,Post_P1_2,0,0.27620267432676066,0
1,P1,P1,Post_P1_2,0,0.5388180398458342,1
1,P1,P1,Post_P1_2,0,0.26883689216370915,0
1,P1,P1,Post_P1_2,0,0.32422511302444296,0
1,P1,P1,Post_P1_2,0,0.31984564471943966,0
1,P1,P1,Post_P1_2,0,0.5251545004085272,1
1,P1,P1,Post_P1_2,0,0.46356585281029694,0
1,P1,P1,Post_P1_2,0,0.5683520106747326,1
1,P1,P1,Post_P1_2,0,0.343754936828543,0
1,P1,P1,Post_P1_2,0,0.5383249446427378,1
1,P1,P1,Post_P1_2,0,0.34952190224569146,0
1,P1,P1,Post_P1_2,0,0.3216554564952909,0
1,P1,P1,Post_P1_2,0,0.5200247529057503,1
1,P1,P1,Post_P1_2,0,0.47871844286209747,0
1,P1,P1,Post_P1_2,0,0.34457971722874725,0
1,P1,P1,Post_P1_2,0,0.323723162299427,0
1,P1,P1,Post_P1_2,0,0.3275403549767405,0
1,P1,P1,Post_P1_2,0,0.2812865967674653,0
1,P1,P1,Post_P1_2,0,0.33441861057792727,0
1,P1,P1,Post_P1_2,0,0.33987001220100144,0
1,P1,P1,Post_P1_2,0,0.4806223251895649,0
1,P1,P1,Post_P1_2,0,0.5000306509529624,1
1,P1,P1,Post_P1_2,0,0.5396304295593233,1
1,P1,P1,Post_P1_2,0,0.3174509846800809,0
1,P1,P1,Post_P1_2,0,0.3757033114073203,0
1,P1,P1,Post_P1_2,0,0.3045633223361532,0
1,P1,P1,Post_P1_2,0,0.3310498542711592,0
1,P1,P1,Post_P1_2,0,0.354022172642256,0
1,P1,P1,Post_P1_2,0,0.26502890500693504,0
1,P1,P1,Post_P1_2,0,0.23573339179484692,0
1,P1,P1,Post_P1_2,0,0.3363777840001355,0
1,P1,P1,Post_P1_2,0,0.3370325461722482,0
1,P1,P1,Post_P1_2,0,0.5489784229838569,1
1,P1,P1,Post_P1_2,0,0.27173211408669196,0
1,P1,P1,Post_P1_2,0,0.4092253686067592,0
1,P1,P1,Post_P1_2,0,0.4659599383441592,0
1,P1,P1,Post_P1_2,0,0.3031018147231285,0
1,P1,P1,Post_P1_2,0,0.25792189449354613,0
1,P1,P1,Post_P1_2,0,0.2525609269892875,0
1,P1,P1,Post_P1_2,0,0.2636551287621228,0
1,P1,P1,Post_P1_2,0,0.3319710730851207,0
1,P1,P1,Post_P1_2,0,0.3310351886197079,0
1,P1,P1,Post_P1_2,0,0.4686502485463062,0
1,P1,P1,Post_P1_2,0,0.5933712618563408,1
1,P1,P1,Post_P1_2,0,0.5134006834092308,1
1,P1,P1,Post_P1_2,0,0.32738885650265287,0
1,P1,P1,Post_P1_2,0,0.3208272096413587,0
1,P1,P1,Post_P1_2,0,0.5516511389637854,1
1,P1,P1,Post_P1_2,0,0.3004892354415156,0
1,P1,P1,Post_P1_2,0,0.47061961949384584,0
1,P1,P1,Post_P1_2,0,0.23778408021426783,0
1,P1,P1,Post_P1_2,0,0.5487175643125402,1
1,P1,P1,Post_P1_2,0,0.3134215826610371,0
1,P1,P1,Post_P1_2,0,0.3562985066954389,0
1,P1,P1,Post_P1_2,0,0.30642676041134287,0
1,P1,P1,Post_P1_2,0,0.28512010826767853,0
1,P1,P1,Post_P1_2,0,0.51771843930584,1
1,P1,P1,Post_P1_2,0,0.3142048081544267,0
1,P1,P1,Post_P1_2,0,0.29666047537518236,0
1,P1,P1,Post_P1_2,0,0.48695031396524296,0
1,P1,P1,Post_P1_2,0,0.3825229649819896,0
1,P1,P1,Post_P1_2,0,0.47880025359690886,0
1,P1,P1,Post_P1_2,0,0.28875713254502555,0
1,P1,P1,Post_P1_2,0,0.4727539655793615,0
1,P1,P1,Post_P1_2,0,0.2617116809848482,0
1,P1,P1,Post_P1_2,0,0.27177461632994065,0
1,P1,P1,Post_P1_2,0,0.3800428568564852,0
1,P1,P1,Post_P1_2,0,0.5811386859227634,1
1,P1,P1,Post_P1_2,0,0.38513185654951176,0
1,P1,P1,Post_P1_2,0,0.35807294150112196,0
1,P1,P1,Post_P1_2,0,0.4922871004277861,0
1,P1,P1,Post_P1_2,0,0.354022172642256,0
1,P1,P1,Post_P1_2,0,0.2797856205883927,0
1,P1,P1,Post_P1_2,0,0.2657194529366385,0
1,P1,P1,Post_P1_2,0,0.3476730253275671,0
1,P1,P1,Post_P1_2,0,0.5496663618289472,1
1,P1,P1,Post_P1_2,0,0.4938104383995315,0
1,P1,P1,Post_P1_2,0,0.3616901521701021,0
1,P1,P1,Post_P1_2,0,0.6142471382098907,1
1,P1,P1,Post_P1_2,0,0.23607058816189033,0
1,P1,P1,Post_P1_2,0,0.3089570163604248,0
1,P1,P1,Post_P1_2,0,0.35955479413148606,0
1,P1,P1,Post_P1_2,0,0.3086481580751619,0
1,P1,P1,Post_P1_2,0,0.33694080586613534,0
1,P1,P1,Post_P1_2,0,0.31513805500998937,0
1,P1,P1,Post_P1_2,0,0.46016684835941774,0
1,P1,P1,Post_P1_2,0,0.3599039907611601,0
1,P1,P1,Post_P1_2,0,0.4725445313135998,0
1,P1,P1,Post_P1_2,0,0.5335315099802552,1
1,P1,P1,Post_P1_2,0,0.35220643029877113,0
1,P1,P1,Post_P1_2,0,0.2924364044701712,0
1,P1,P1,Post_P1_2,0,0.2606058510775792,0
1,P1,P1,Post_P1_2,0,0.34986461642867506,0
1,P1,P1,Post_P1_2,0,0.4939940023682064,0
1,P1,P1,Post_P1_2,0,0.48377077989193384,0
1,P1,P1,Post_P1_2,0,0.3499609308036135,0
1,P1,P1,Post_P1_2,0,0.3278918598119946,0
1,P1,P1,Post_P1_2,0,0.28933343369987685,0
1,P1,P1,Post_P1_2,0,0.5591336005933174,1
1,P1,P1,Post_P1_2,0,0.3112537858136771,0
1,P1,P1,Post_P1_2,0,0.3150117367228514,0
1,P1,P1,Post_P1_2,0,0.5811986561391412,1
1,P1,P1,Post_P1_2,0,0.23894848936498783,0
1,P1,P1,Post_P1_2,0,0.2660501014834055,0
1,P1,P1,Post_P1_2,0,0.3396938295002602,0
1,P1,P1,Post_P1_2,0,0.32042208403470934,0
1,P1,P1,Post_P1_2,0,0.23490800969880432,0
1,P1,P1,Post_P1_2,0,0.37508698051504097,0
1,P1,P1,Post_P1_2,0,0.35220643029877113,0
1,P1,P1,Post_P1_2,0,0.35708112222516536,0
1,P1,P1,Post_P1_2,0,0.3088504396576074,0
1,P1,P1,Post_P1_2,0,0.5473275008159858,1
1,P1,P1,Post_P1_2,0,0.30883214643810003,0
1,P1,P1,Post_P1_2,0,0.35276339322405126,0
1,P1,P1,Post_P1_2,0,0.3685227735396375,0
1,P1,P1,Post_P1_2,0,0.5428241709771218,1
1,P1,P1,Post_P1_2,0,0.32359952144689236,0
1,P1,P1,Post_P1_2,0,0.471985974448542,0
1,P1,P1,Post_P1_2,0,0.348755831578691,0
1,P1,P1,Post_P1_2,0,0.5428241709771218,1
1,P1,P1,Post_P1_2,0,0.5047602500442327,1
1,P1,P1,Post_P1_2,0,0.31624718037347155,0
1,P1,P1,Post_P1_2,0,0.5465037434879424,1
1,P1,P1,Post_P1_2,0,0.5395544674967235,1
1,P1,P1,Post_P1_2,0,0.46703335771119026,0
1,P1,P1,Post_P1_2,0,0.5186857615679749,1
1,P1,P1,Post_P1_2,0,0.2538049765828168,0
1,P1,P1,Post_P1_2,0,0.552873936870904,1
1,P1,P1,Post_P1_2,0,0.36504958342687066,0
1,P1,P1,Post_P1_2,0,0.5047602500442327,1
1,P1,P1,Post_P1_2,0,0.4784168916100856,0
1,P1,P1,Post_P1_2,0,0.3187828433473267,0
1,P1,P1,Post_P1_2,0,0.3040018905399523,0
1,P1,P1,Post_P1_2,0,0.5902612118730405,1
1,P1,P1,Post_P1_2,0,0.3248149656884394,0
1,P1,P1,Post_P1_2,0,0.3308364084245848,0
1,P1,P1,Post_P1_2,0,0.31122872237712196,0
1,P1,P1,Post_P1_2,0,0.38110237028207994,0
1,P1,P1,Post_P1_2,0,0.3636940457164537,0
1,P1,P1,Post_P1_2,0,0.2772899721759923,0
1,P1,P1,Post_P1_2,0,0.5218332255039141,1
1,P1,P1,Post_P1_2,0,0.43482455096839,0
1,P1,P1,Post_P1_2,0,0.4825430896002456,0
1,P1,P1,Post_P1_2,0,0.5280048088636692,1
1,P1,P1,Post_P1_2,0,0.3758854921918937,0
1,P1,P1,Post_P1_2,0,0.38342702386480954,0
1,P1,P1,Post_P1_2,0,0.48152996550416605,0
1,P1,P1,Post_P1_2,0,0.3676377029471245,0
1,P1,P1,Post_P1_2,0,0.26812972722289746,0
1,P1,P1,Post_P1_2,0,0.5458347693323238,1
1,P1,P1,Post_P1_2,0,0.275725339386041,0
1,P1,P1,Post_P1_2,0,0.5187771161162765,1
1,P1,P1,Post_P1_2,0,0.5045151791222695,1
1,P1,P1,Post_P1_2,0,0.3408053605850826,0
1,P1,P1,Post_P1_2,0,0.48760831522756537,0
1,P1,P1,Post_P1_2,0,0.45819053984438457,0
1,P1,P1,Post_P1_2,0,0.32814660303188636,0
1,P1,P1,Post_P1_2,0,0.2776882824876063,0
1,P1,P1,Post_P1_2,0,0.2756157897376602,0
1,P1,P1,Post_P1_2,0,0.3362806124586375,0
1,P1,P1,Post_P1_2,0,0.31846191608502517,0
1,P1,P1,Post_P1_2,0,0.5066135768646792,1
1,P1,P1,Post_P1_2,0,0.34603721036622265,0
1,P1,P1,Post_P1_2,0,0.5316470493730878,1
1,P1,P1,Post_P1_2,0,0.3284886085821089,0
1,P1,P1,Post_P1_2,0,0.2776268298429108,0
1,P1,P1,Post_P1_2,0,0.3716415899178544,0
1,P1,P1,Post_P1_2,0,0.33122550147435703,0
1,P1,P1,Post_P1_2,0,0.2594003518182205,0
1,P1,P1,Post_P1_2,0,0.37114788070595905,0
1,P1,P1,Post_P1_2,0,0.5059363291774556,1
1,P1,P1,Post_P1_2,0,0.339943143821564,0
1,P1,P1,Post_P1_2,0,0.3063560026416341,0
1,P1,P1,Post_P1_2,0,0.3903879728125182,0
1,P1,P1,Post_P1_2,0,0.3348916357248987,0
1,P1,P1,Post_P1_2,0,0.2806953591103038,0
1,P1,P1,Post_P1_2,0,0.5117127238823855,1
1,P1,P1,Post_P1_2,0,0.27790456198171576,0
1,P1,P1,Post_P1_2,0,0.27657335275604117,0
1,P1,P1,Post_P1_2,0,0.39020553384426887,0
1,P1,P1,Post_P1_2,0,0.33483309396314875,0
1,P1,P1,Post_P1_2,0,0.31242376308388176,0
1,P1,P1,Post_P1_2,0,0.3521528315006531,0
1,P1,P1,Post_P1_2,0,0.48898346753857236,0
1,P1,P1,Post_P1_2,0,0.3884079418719024,0
1,P1,P1,Post_P1_2,0,0.3288093883776306,0
1,P1,P1,Post_P1_2,0,0.34431158510633975,0
1,P1,P1,Post_P1_2,0,0.3284515818216957,0
1,P1,P1,Post_P1_2,0,0.35116139094227267,0
1,P1,P1,Post_P1_2,0,0.40155415339157446,0
1,P1,P1,Post_P1_2,0,0.2946097155345937,0
1,P1,P1,Post_P1_2,0,0.3073867798306618,0
1,P1,P1,Post_P1_2,0,0.31143138933911707,0
1,P1,P1,Post_P1_2,0,0.5342939502424975,1
1,P1,P1,Post_P1_2,0,0.3455704434378778,0
1,P1,P1,Post_P1_2,0,0.514523562774031,1
1,P1,P1,Post_P1_2,0,0.27058812902004475,0
1,P1,P1,Post_P1_2,0,0.34684615699642124,0
1,P1,P1,Post_P1_2,0,0.32520273409156175,0
1,P1,P1,Post_P1_2,0,0.7324615487423064,1
1,P1,P1,Post_P1_2,0,0.35072736097044277,0
1,P1,P1,Post_P1_2,0,0.3456695425416394,0
1,P1,P1,Post_P1_2,0,0.333534517988167,0
1,P1,P1,Post_P1_2,0,0.6001153669750067,1
1,P1,P1,Post_P1_2,0,0.36001721462534386,0
1,P1,P1,Post_P1_2,0,0.47894522297852715,0
1,P1,P1,Post_P1_2,0,0.4948536145746986,0
1,P1,P1,Post_P1_2,0,0.6074170282889713,1
1,P1,P1,Post_P1_2,0,0.28091172100567735,0
1,P1,P1,Post_P1_2,0,0.5180210578902403,1
1,P1,P1,Post_P1_2,0,0.5500945264391791,1
1,P1,P1,Post_P1_2,0,0.5067374584386861,1
1,P1,P1,Post_P1_2,0,0.40279192144658155,0
1,P1,P1,Post_P1_2,0,0.32633421447407107,0
1,P1,P1,Post_P1_2,0,0.26683439538061826,0
1,P1,P1,Post_P1_2,0,0.3064446705163841,0
1,P1,P1,Post_P1_2,0,0.544740071103676,1
1,P1,P1,Post_P1_2,0,0.30603759063396535,0
1,P1,P1,Post_P1_2,0,0.2884662327840375,0
1,P1,P1,Post_P1_2,0,0.5153035068336224,1
1,P1,P1,Post_P1_2,0,0.46042777470452617,0
1,P1,P1,Post_P1_2,0,0.3017323830775246,0
1,P1,P1,Post_P1_2,0,0.553831984682712,1
1,P1,P1,Post_P1_2,0,0.3369072052780486,0
1,P1,P1,Post_P1_2,0,0.29021163284284607,0
1,P1,P1,Post_P1_2,0,0.49569145415169785,0
1,P1,P1,Post_P1_2,0,0.28134670738210776,0
1,P1,P1,Post_P1_2,0,0.34710790483056836,0
1,P1,P1,Post_P1_2,0,0.31327389624558233,0
1,P1,P1,Post_P1_2,0,0.53514835745366,1
1,P1,P1,Post_P1_2,0,0.32151612154261505,0
1,P1,P1,Post_P1_2,0,0.3389028447883262,0
2,P10,P10,Post_P10,0,0.14748312261151536,0
2,P10,P10,Post_P10,0,0.04949055206752768,0
2,P10,P10,Post_P10,0,0.0774607114525578,0
2,P10,P10,Post_P10,0,0.05464679709529449,0
2,P10,P10,Post_P10,0,0.008627461878776629,0
2,P10,P10,Post_P10,0,0.008656238021580666,0
2,P10,P10,Post_P10,0,0.042595461611874094,0
2,P10,P10,Post_P10,0,0.21125027535457633,0
2,P10,P10,Post_P10,0,0.027830347346585193,0
2,P10,P10,Post_P10,0,0.016379051917990616,0
2,P10,P10,Post_P10,0,0.10418555497635533,0
2,P10,P10,Post_P10,0,0.01828931883480947,0
2,P10,P10,Post_P10,0,0.043703731887056035,0
2,P10,P10,Post_P10,0,0.08014736430874149,0
2,P10,P10,Post_P10,0,0.12836867626719523,0
2,P10,P10,Post_P10,0,0.10103585524039892,0
2,P10,P10,Post_P10,0,0.09438709254870896,0
2,P10,P10,Post_P10,0,0.01879218128697066,0
2,P10,P10,Post_P10,0,0.017456002599299837,0
2,P10,P10,Post_P10,0,0.7976884107102138,1
2,P10,P10,Post_P10,0,0.5095731342056822,1
2,P10,P10,Post_P10,0,0.1506935393176002,0
2,P10,P10,Post_P10,0,0.06585383051770051,0
2,P10,P10,Post_P10,0,0.008783583062199415,0
2,P10,P10,Post_P10,0,0.008552910377627761,0
2,P10,P10,Post_P10,0,0.1547944931159043,0
2,P10,P10,Post_P10,0,0.09611610348357694,0
2,P10,P10,Post_P10,0,0.1358018946158912,0
2,P10,P10,Post_P10,0,0.14644979160277338,0
2,P10,P10,Post_P10,0,0.027953883567930212,0
2,P10,P10,Post_P10,0,0.04524519006016574,0
2,P10,P10,Post_P10,0,0.05190120210185006,0
2,P10,P10,Post_P10,0,0.11021868188057449,0
2,P10,P10,Post_P10,0,0.1362655611999849,0
2,P10,P10,Post_P10,0,0.07170198714839127,0
2,P10,P10,Post_P10,0,0.25108696889190957,0
2,P10,P10,Post_P10,0,0.02069837998178278,0
2,P10,P10,Post_P10,0,0.023794353139737896,0
2,P10,P10,Post_P10,0,0.28314420625638576,0
2,P10,P10,Post_P10,0,0.011337548494841445,0
2,P10,P10,Post_P10,0,0.19569145808261454,0
2,P10,P10,Post_P10,0,0.0461844680623785,0
2,P10,P10,Post_P10,0,0.05283593928298994,0
2,P10,P10,Post_P10,0,0.02044752708287039,0
2,P10,P10,Post_P10,0,0.04212095829973172,0
2,P10,P10,Post_P10,0,0.37167791679416395,0
2,P10,P10,Post_P10,0,0.026876516328316447,0
2,P10,P10,Post_P10,0,0.01968870525703909,0
2,P10,P10,Post_P10,0,0.03957182236657022,0
2,P10,P10,Post_P10,0,0.03490400882784504,0
2,P10,P10,Post_P10,0,0.029956820323980747,0
2,P10,P10,Post_P10,0,0.16970812502851637,0
2,P10,P10,Post_P10,0,0.016117156687536535,0
2,P10,P10,Post_P10,0,0.033318914502288084,0
2,P10,P10,Post_P10,0,0.025916320874163866,0
2,P10,P10,Post_P10,0,0.30950282576512134,0
2,P10,P10,Post_P10,0,0.021430182329322325,0
2,P10,P10,Post_P10,0,0.4519481956121385,0
2,P10,P10,Post_P10,0,0.21877445680251859,0
2,P10,P10,Post_P10,0,0.33376804935680726,0
2,P10,P10,Post_P10,0,0.034305103115532594,0
2,P10,P10,Post_P10,0,0.025231305010156427,0
2,P10,P10,Post_P10,0,0.009923512269341642,0
2,P10,P10,Post_P10,0,0.5231748614264609,1
2,P10,P10,Post_P10,0,0.1970504509443173,0
2,P10,P10,Post_P10,0,0.3218118425067678,0
2,P10,P10,Post_P10,0,0.09169437427780196,0
2,P10,P10,Post_P10,0,0.06311708948144058,0
2,P10,P10,Post_P10,0,0.07484665987574969,0
2,P10,P10,Post_P10,0,0.036035235148376525,0
2,P10,P10,Post_P10,0,0.043172836934100456,0
2,P10,P10,Post_P10,0,0.059913026965765497,0
2,P10,P10,Post_P10,0,0.10232335275229977,0
2,P10,P10,Post_P10,0,0.10436638536172219,0
2,P10,P10,Post_P10,0,0.3010101159655284,0
2,P10,P10,Post_P10,0,0.01761209821108006,0
2,P10,P10,Post_P10,0,0.017437135794964503,0
2,P10,P10,Post_P10,0,0.03363503967749157,0
2,P10,P10,Post_P10,0,0.10571556599046662,0
2,P10,P10,Post_P10,0,0.14550172294372982,0
2,P10,P10,Post_P10,0,0.02461965357492882,0
2,P10,P10,Post_P10,0,0.08154897552242052,0
2,P10,P10,Post_P10,0,0.025819146530657183,0
2,P10,P10,Post_P10,0,0.0006937468264582792,0
2,P10,P10,Post_P10,0,0.030515515718616333,0
2,P10,P10,Post_P10,0,0.0004045542992520723,0
2,P10,P10,Post_P10,0,0.04230264639952618,0
2,P10,P10,Post_P10,0,0.008694374038018243,0
2,P10,P10,Post_P10,0,0.05996989734531091,0
2,P10,P10,Post_P10,0,0.02109440087370194,0
2,P10,P10,Post_P10,0,0.011788195735027353,0
2,P10,P10,Post_P10,0,0.07536394799608212,0
2,P10,P10,Post_P10,0,0.21615314357274537,0
2,P10,P10,Post_P10,0,0.6664750224155246,1
2,P10,P10,Post_P10,0,0.06058210541261281,0
2,P10,P10,Post_P10,0,0.05755602583286278,0
2,P10,P10,Post_P10,0,0.05892689753113515,0
2,P10,P10,Post_P10,0,0.023498430374678306,0
2,P10,P10,Post_P10,0,0.3548993859401181,0
2,P10,P10,Post_P10,0,0.009079833108182797,0
2,P10,P10,Post_P10,0,0.011572108596044607,0
2,P10,P10,Post_P10,0,0.017719483366417453,0
2,P10,P10,Post_P10,0,0.28310893090221856,0
2,P10,P10,Post_P10,0,0.5400248382746019,1
2,P10,P10,Post_P10,0,0.10118450427770266,0
2,P10,P10,Post_P10,0,0.8567920820948401,1
2,P10,P10,Post_P10,0,0.11372246254334961,0
2,P10,P10,Post_P10,0,0.028966322883205275,0
2,P10,P10,Post_P10,0,0.024664801444091215,0
2,P10,P10,Post_P10,0,0.008717246098535561,0
2,P10,P10,Post_P10,0,0.0714646008802843,0
2,P10,P10,Post_P10,0,0.13108909110950573,0
2,P10,P10,Post_P10,0,0.03415956735963896,0
2,P10,P10,Post_P10,0,0.42539237888236786,0
2,P10,P10,Post_P10,0,0.17268169879769196,0
2,P10,P10,Post_P10,0,0.5895709471637487,1
2,P10,P10,Post_P10,0,0.009420353048420017,0
2,P10,P10,Post_P10,0,0.07128784778402061,0
2,P10,P10,Post_P10,0,0.04782924265363715,0
2,P10,P10,Post_P10,0,0.08495860868169215,0
2,P10,P10,Post_P10,0,0.02530430294706375,0
2,P10,P10,Post_P10,0,0.02926390701130326,0
2,P10,P10,Post_P10,0,0.03482459848215661,0
2,P10,P10,Post_P10,0,0.035129588732801,0
2,P10,P10,Post_P10,0,0.2284033414991933,0
2,P10,P10,Post_P10,0,0.061575460683769644,0
2,P10,P10,Post_P10,0,0.2122188128878303,0
2,P10,P10,Post_P10,0,0.04378788451768522,0
2,P10,P10,Post_P10,0,0.10357954848361799,0
2,P10,P10,Post_P10,0,0.02328263737708771,0
2,P10,P10,Post_P10,0,0.028692330028731547,0
2,P10,P10,Post_P10,0,0.06872451666223717,0
2,P10,P10,Post_P10,0,0.054515529087755844,0
2,P10,P10,Post_P10,0,0.042931599261313826,0
2,P10,P10,Post_P10,0,0.8503479677201317,1
2,P10,P10,Post_P10,0,0.05468481955631234,0
2,P10,P10,Post_P10,0,0.6150555467227378,1
2,P10,P10,Post_P10,0,0.3910136695198765,0
2,P10,P10,Post_P10,0,0.462866480274378,0
2,P10,P10,Post_P10,0,0.03158719687365441,0
2,P10,P10,Post_P10,0,0.02536847900836124,0
2,P10,P10,Post_P10,0,0.02043478046269015,0
2,P10,P10,Post_P10,0,0.09880321126874932,0
2,P10,P10,Post_P10,0,0.01851299911355338,0
2,P10,P10,Post_P10,0,0.11242392402229302,0
2,P10,P10,Post_P10,0,0.1987800939779435,0
2,P10,P10,Post_P10,0,0.04476007058425323,0
2,P10,P10,Post_P10,0,0.015127177270057501,0
2,P10,P10,Post_P10,0,0.010282705045633975,0
2,P10,P10,Post_P10,0,0.0653275511265723,0
2,P10,P10,Post_P10,0,0.06905375322742806,0
2,P10,P10,Post_P10,0,0.10842476553911366,0
2,P10,P10,Post_P10,0,0.16567249748123275,0
2,P10,P10,Post_P10,0,0.034089257886434354,0
2,P10,P10,Post_P10,0,0.034089257886434354,0
2,P10,P10,Post_P10,0,0.01888786699730773,0
2,P10,P10,Post_P10,0,0.0992089641901247,0
2,P10,P10,Post_P10,0,0.015119042603444814,0
2,P10,P10,Post_P10,0,0.6673290674630991,1
2,P10,P10,Post_P10,0,0.029305531591600036,0
2,P10,P10,Post_P10,0,0.02353063196803308,0
2,P10,P10,Post_P10,0,0.026070295046500627,0
2,P10,P10,Post_P10,0,0.20303266459365643,0
2,P10,P10,Post_P10,0,0.18598005771782905,0
2,P10,P10,Post_P10,0,0.017651980884518564,0
2,P10,P10,Post_P10,0,0.10438823253001955,0
2,P10,P10,Post_P10,0,0.02438744508491361,0
2,P10,P10,Post_P10,0,0.177442473720428,0
2,P10,P10,Post_P10,0,0.17667667597059022,0
2,P10,P10,Post_P10,0,0.5825770621665995,1
2,P10,P10,Post_P10,0,0.04335956320166994,0
2,P10,P10,Post_P10,0,0.091736825101748,0
2,P10,P10,Post_P10,0,0.09659917643525368,0
2,P10,P10,Post_P10,0,0.019612956735964845,0
2,P10,P10,Post_P10,0,0.06973525139881574,0
2,P10,P10,Post_P10,0,0.5092728696441403,1
2,P10,P10,Post_P10,0,0.055864174682788634,0
2,P10,P10,Post_P10,0,0.08355149173074905,0
2,P10,P10,Post_P10,0,0.1689711267854137,0
2,P10,P10,Post_P10,0,0.4248848630889948,0
2,P10,P10,Post_P10,0,0.017823767702992873,0
2,P10,P10,Post_P10,0,0.2279700552594393,0
2,P10,P10,Post_P10,0,0.0357737845187484,0
2,P10,P10,Post_P10,0,0.20395539977005642,0
2,P10,P10,Post_P10,0,0.09486670671556428,0
2,P10,P10,Post_P10,0,0.19978839587266195,0
2,P10,P10,Post_P10,0,0.12262493690309914,0
2,P10,P10,Post_P10,0,0.06622542698966491,0
2,P10,P10,Post_P10,0,0.6958069348336438,1
2,P10,P10,Post_P10,0,0.13481753502691757,0
2,P10,P10,Post_P10,0,0.09961028809934175,0
2,P10,P10,Post_P10,0,0.07344992835472598,0
2,P10,P10,Post_P10,0,0.025650269659317868,0
2,P10,P10,Post_P10,0,0.07807311782382312,0
2,P10,P10,Post_P10,0,0.023398144272405334,0
2,P10,P10,Post_P10,0,0.2278142637378174,0
2,P10,P10,Post_P10,0,0.026675600150578672,0
2,P10,P10,Post_P10,0,0.10635433793647871,0
2,P10,P10,Post_P10,0,0.026100933419807733,0
2,P10,P10,Post_P10,0,0.009391400994468797,0
2,P10,P10,Post_P10,0,0.06022390205640852,0
2,P10,P10,Post_P10,0,0.5460262930902557,1
2,P10,P10,Post_P10,0,0.07459620053797197,0
2,P10,P10,Post_P10,0,0.011673300449098334,0
2,P10,P10,Post_P10,0,0.11796098239472512,0
2,P10,P10,Post_P10,0,0.8158721898860662,1
2,P10,P10,Post_P10,0,0.027892066146190227,0
2,P10,P10,Post_P10,0,0.16933805221128628,0
2,P10,P10,Post_P10,0,0.7811427481191435,1
2,P10,P10,Post_P10,0,0.07118002026250775,0
2,P10,P10,Post_P10,0,0.06397988497713578,0
2,P10,P10,Post_P10,0,0.03451938709895549,0
2,P10,P10,Post_P10,0,0.07523545491526286,0
2,P10,P10,Post_P10,0,0.02339254677633605,0
2,P10,P10,Post_P10,0,0.05175400770007268,0
2,P10,P10,Post_P10,0,0.008665529072875029,0
2,P10,P10,Post_P10,0,0.08684924039690585,0
2,P10,P10,Post_P10,0,0.8004679509848344,1
2,P10,P10,Post_P10,0,0.44791196236085246,0
2,P10,P10,Post_P10,0,0.01842165321906069,0
2,P10,P10,Post_P10,0,0.4187772619691201,0
2,P10,P10,Post_P10,0,0.11990796499965899,0
2,P10,P10,Post_P10,0,0.48683617101049703,0
2,P10,P10,Post_P10,0,0.09330271110794856,0
2,P10,P10,Post_P10,0,0.038509599877511416,0
2,P10,P10,Post_P10,0,0.11464199683132154,0
2,P10,P10,Post_P10,0,0.06814593844679488,0
2,P10,P10,Post_P10,0,0.0097491058354204,0
2,P10,P10,Post_P10,0,0.08271135525666717,0
2,P10,P10,Post_P10,0,0.17549038654847823,0
2,P10,P10,Post_P10,0,0.27476694042265376,0
2,P10,P10,Post_P10,0,0.13691456533455593,0
2,P10,P10,Post_P10,0,0.21856789354613476,0
2,P10,P10,Post_P10,0,0.025754831149367177,0
2,P10,P10,Post_P10,0,0.2195337939709458,0
2,P10,P10,Post_P10,0,0.14360682513279985,0
2,P10,P10,Post_P10,0,0.03741487139912378,0
2,P10,P10,Post_P10,0,0.011236787905647702,0
2,P10,P10,Post_P10,0,0.028398461941917058,0
2,P10,P10,Post_P10,0,0.09280859609775244,0
2,P10,P10,Post_P10,0,0.11126811390134515,0
2,P10,P10,Post_P10,0,0.042599076253480354,0
2,P10,P10,Post_P10,0,0.028903724093964744,0
2,P10,P10,Post_P10,0,0.20820784899246916,0
2,P10,P10,Post_P10,0,0.13970494231125677,0
2,P10,P10,Post_P10,0,0.22615052324766555,0
2,P10,P10,Post_P10,0,0.06095440270324642,0
2,P10,P10,Post_P10,0,0.1802142861949658,0
2,P10,P10,Post_P10,0,0.06415492127971674,0
2,P10,P10,Post_P10,0,0.24074273632501908,0
2,P10,P10,Post_P10,0,0.025614681615247912,0
2,P10,P10,Post_P10,0,0.001214441919653128,0
2,P10,P10,Post_P10,0,0.01867265217530642,0
2,P10,P10,Post_P10,0,0.011403733113979228,0
2,P10,P10,Post_P10,0,0.00021304133480342836,0
2,P10,P10,Post_P10,0,0.16802431968911974,0
2,P10,P10,Post_P10,0,0.19598228945799462,0
2,P10,P10,Post_P10,0,0.009291820950446342,0
2,P10,P10,Post_P10,0,0.034902181781577606,0
2,P10,P10,Post_P10,0,0.3502282436594821,0
2,P10,P10,Post_P10,0,0.8022621721715465,1
2,P10,P10,Post_P10,0,0.6919625732061118,1
2,P10,P10,Post_P10,0,0.04514173928508994,0
2,P10,P10,Post_P10,0,0.6721456593331837,1
2,P10,P10,Post_P10,0,0.09357299847018025,0
2,P10,P10,Post_P10,0,0.03479334174181117,0
2,P10,P10,Post_P10,0,0.11381902214851057,0
2,P10,P10,Post_P10,0,0.05253069320011469,0
2,P10,P10,Post_P10,0,0.058472730628734024,0
2,P10,P10,Post_P10,0,0.08525214922526927,0
2,P10,P10,Post_P10,0,0.09399568778292722,0
2,P10,P10,Post_P10,0,0.10182923214585161,0
2,P10,P10,Post_P10,0,0.49617493652894384,0
2,P10,P10,Post_P10,0,0.033156873799673546,0
2,P10,P10,Post_P10,0,0.06059773718474747,0
2,P10,P10,Post_P10,0,0.07068983523445156,0
2,P10,P10,Post_P10,0,0.009140363409452406,0
2,P10,P10,Post_P10,0,0.6346852811229916,1
2,P10,P10,Post_P10,0,0.027582610148418986,0
2,P10,P10,Post_P10,0,0.055002271239102125,0
2,P10,P10,Post_P10,0,0.009679283832342121,0
2,P10,P10,Post_P10,0,0.022818473263011427,0
2,P10,P10,Post_P10,0,0.21091996080893652,0
2,P10,P10,Post_P10,0,0.2320574905424209,0
2,P10,P10,Post_P10,0,0.051705309141082796,0
2,P10,P10,Post_P10,0,0.7615360525394269,1
2,P10,P10,Post_P10,0,0.13707277430458384,0
2,P10,P10,Post_P10,0,0.04636057930661005,0
2,P10,P10,Post_P10,0,0.044322547291660644,0
2,P10,P10,Post_P10,0,0.6797905706656534,1
2,P10,P10,Post_P10,0,0.09981084189406668,0
2,P10,P10,Post_P10,0,0.027221814930144507,0
2,P10,P10,Post_P10,0,0.044843531653273476,0
2,P10,P10,Post_P10,0,0.040292574960909086,0
2,P10,P10,Post_P10,0,0.03662497187227684,0
2,P10,P10,Post_P10,0,0.036296429549465783,0
2,P10,P10,Post_P10,0,0.19521011017403284,0
2,P10,P10,Post_P10,0,0.07118688872520475,0
2,P10,P10,Post_P10,0,0.06859911814384756,0
2,P10,P10,Post_P10,0,0.4616786218918889,0
2,P10,P10,Post_P10,0,0.02863109218818344,0
2,P10,P10,Post_P10,0,0.10552000696181667,0
2,P10,P10,Post_P10,0,0.018987786416035546,0
2,P10,P10,Post_P10,0,0.08689675256349501,0
2,P10,P10,Post_P10,0,0.017874184889498046,0
2,P10,P10,Post_P10,0,0.0989083990493373,0
2,P10,P10,Post_P10,0,0.046262180858105954,0
2,P10,P10,Post_P10,0,0.14203101605478718,0
2,P10,P10,Post_P10,0,0.612622885996084,1
2,P10,P10,Post_P10,0,0.008737383773324644,0
2,P10,P10,Post_P10,0,0.027691998105266395,0
2,P10,P10,Post_P10,0,0.05484721621420662,0
2,P10,P10,Post_P10,0,0.08958400595420006,0
2,P10,P10,Post_P10,0,0.017288583524237865,0
2,P10,P10,Post_P10,0,0.01065947522936093,0
2,P10,P10,Post_P10,0,0.048640761124193695,0
2,P10,P10,Post_P10,0,0.1993080391261459,0
2,P10,P10,Post_P10,0,0.10993804130156136,0
2,P10,P10,Post_P10,0,0.018602975379872225,0
2,P10,P10,Post_P10,0,0.03488444800314369,0
2,P10,P10,Post_P10,0,0.008676281141307302,0
2,P10,P10,Post_P10,0,0.10709076457464377,0
2,P10,P10,Post_P10,0,0.14572614290647337,0
2,P10,P10,Post_P10,0,0.18208585466096638,0
2,P10,P10,Post_P10,0,0.2535240152343094,0
2,P10,P10,Post_P10,0,0.031270140773885395,0
2,P10,P10,Post_P10,0,0.043833093250408316,0
2,P10,P10,Post_P10,0,0.008799361650427112,0
2,P10,P10,Post_P10,0,0.030251948574540864,0
2,P10,P10,Post_P10,0,0.1055498347365092,0
2,P10,P10,Post_P10,0,0.128329000531619,0
2,P10,P10,Post_P10,0,0.0027647163425431535,0
2,P10,P10,Post_P10,0,0.03929438102389511,0
2,P10,P10,Post_P10,0,0.02465652793867543,0
2,P10,P10,Post_P10,0,0.01065947522936093,0
2,P10,P10,Post_P10,0,0.06673392759726438,0
2,P10,P10,Post_P10,0,0.16068222313896402,0
2,P10,P10,Post_P10,0,0.017140105344061466,0
2,P10,P10,Post_P10,0,0.021988676730428848,0
2,P10,P10,Post_P10,0,0.019096472161789575,0
2,P10,P10,Post_P10,0,0.02936463233127257,0
2,P10,P10,Post_P10,0,0.27804865621211644,0
2,P10,P10,Post_P10,0,0.04022972313951837,0
2,P10,P10,Post_P10,0,0.008799361650427112,0
2,P10,P10,Post_P10,0,0.03768457628607224,0
2,P10,P10,Post_P10,0,0.05847055622822229,0
2,P10,P10,Post_P10,0,0.02566305494168898,0
2,P10,P10,Post_P10,0,0.034844570912131105,0
2,P10,P10,Post_P10,0,0.06715455482111175,0
2,P10,P10,Post_P10,0,0.07631459782350375,0
2,P10,P10,Post_P10,0,0.0431216381169316,0
2,P10,P10,Post_P10,0,0.145389619124453,0
2,P10,P10,Post_P10,0,0.03736357721709777,0
2,P10,P10,Post_P10,0,0.009157773973427727,0
2,P10,P10,Post_P10,0,0.010873851367680933,0
2,P10,P10,Post_P10,0,0.03640182816385662,0
2,P10,P10,Post_P10,0,0.009492082674560563,0
2,P10,P10,Post_P10,0,0.00877746848228797,0
2,P10,P10,Post_P10,0,0.06238788808231701,0
2,P10,P10,Post_P10,0,0.2995592459750788,0
2,P10,P10,Post_P10,0,0.060496733567798215,0
2,P10,P10,Post_P10,0,0.05993795424533167,0
2,P10,P10,Post_P10,0,0.022058330420033505,0
2,P10,P10,Post_P10,0,0.017637589306383452,0
2,P10,P10,Post_P10,0,0.03736357721709777,0
2,P10,P10,Post_P10,0,0.032657309186888764,0
2,P10,P10,Post_P10,0,0.09157965433247352,0
2,P10,P10,Post_P10,0,0.000866179088177071,0
2,P10,P10,Post_P10,0,0.05846450026276004,0
2,P10,P10,Post_P10,0,0.025658406992320516,0
2,P10,P10,Post_P10,0,0.0707505249440905,0
2,P10,P10,Post_P10,0,0.029543868074996215,0
2,P10,P10,Post_P10,0,0.044962806342365186,0
2,P10,P10,Post_P10,0,0.2034300300639181,0
2,P10,P10,Post_P10,0,0.06927425164372003,0
2,P10,P10,Post_P10,0,0.018012335037661555,0
2,P10,P10,Post_P10,0,0.016117367914527732,0
2,P10,P10,Post_P10,0,0.00877746848228797,0
2,P10,P10,Post_P10,0,0.036316570144267875,0
2,P10,P10,Post_P10,0,0.009690058154096785,0
2,P10,P10,Post_P10,0,0.1505900954694018,0
2,P10,P10,Post_P10,0,0.009506055920228929,0
2,P10,P10,Post_P10,0,0.009157773973427727,0
2,P10,P10,Post_P10,0,0.06927425164372003,0
2,P10,P10,Post_P10,0,0.03867662876371076,0
2,P10,P10,Post_P10,0,0.032657309186888764,0
2,P10,P10,Post_P10,0,0.04563999894565446,0
2,P10,P10,Post_P10,0,0.01869964646098022,0
2,P10,P10,Post_P10,0,0.025570785400318246,0
2,P10,P10,Post_P10,0,0.025658406992320516,0
2,P10,P10,Post_P10,0,0.032741680646666965,0
2,P10,P10,Post_P10,0,0.2072062353932489,0
2,P10,P10,Post_P10,0,0.07817388221498692,0
2,P10,P10,Post_P10,0,0.21244910972256525,0
2,P10,P10,Post_P10,0,0.05346284556653788,0
2,P10,P10,Post_P10,0,0.03396151305368336,0
3,P11,P11,Post_P11,0,0.16715886559068513,0
3,P11,P11,Post_P11,0,0.23154011226543908,0
3,P11,P11,Post_P11,0,0.47644547470935183,0
3,P11,P11,Post_P11,0,0.21441039672705284,0
3,P11,P11,Post_P11,0,0.2709613821789493,0
3,P11,P11,Post_P11,0,0.23154011226543908,0
3,P11,P11,Post_P11,0,0.2102009900569893,0
3,P11,P11,Post_P11,0,0.4467266971843255,0
3,P11,P11,Post_P11,0,0.19064059277928436,0
3,P11,P11,Post_P11,0,0.22304702470325316,0
3,P11,P11,Post_P11,0,0.4564828867756594,0
3,P11,P11,Post_P11,0,0.204492921105782,0
3,P11,P11,Post_P11,0,0.20583977147210988,0
3,P11,P11,Post_P11,0,0.20594342599375196,0
3,P11,P11,Post_P11,0,0.5283193306364108,1
3,P11,P11,Post_P11,0,0.21828136094400677,0
3,P11,P11,Post_P11,0,0.39461600021677334,0
3,P11,P11,Post_P11,0,0.3323532909460669,0
3,P11,P11,Post_P11,0,0.2866606023338665,0
3,P11,P11,Post_P11,0,0.2278941637988331,0
3,P11,P11,Post_P11,0,0.19564495527501144,0
3,P11,P11,Post_P11,0,0.28048068066614584,0
3,P11,P11,Post_P11,0,0.27229747714560004,0
3,P11,P11,Post_P11,0,0.2991102532445696,0
3,P11,P11,Post_P11,0,0.22612853285663997,0
3,P11,P11,Post_P11,0,0.35218594026456224,0
3,P11,P11,Post_P11,0,0.1481658245487038,0
3,P11,P11,Post_P11,0,0.18885052030832564,0
3,P11,P11,Post_P11,0,0.45778976564626966,0
3,P11,P11,Post_P11,0,0.19705992512097345,0
3,P11,P11,Post_P11,0,0.23918969884897764,0
3,P11,P11,Post_P11,0,0.6506975868916303,1
3,P11,P11,Post_P11,0,0.3375377447973466,0
3,P11,P11,Post_P11,0,0.31550470930966484,0
3,P11,P11,Post_P11,0,0.3063525146396709,0
3,P11,P11,Post_P11,0,0.26209819226451847,0
3,P11,P11,Post_P11,0,0.6127735860501379,1
3,P11,P11,Post_P11,0,0.45481093577036724,0
3,P11,P11,Post_P11,0,0.22020820539140848,0
3,P11,P11,Post_P11,0,0.560273990254265,1
3,P11,P11,Post_P11,0,0.25957104558234834,0
3,P11,P11,Post_P11,0,0.31392019707875946,0
3,P11,P11,Post_P11,0,0.2920776755903087,0
3,P11,P11,Post_P11,0,0.22726822692361812,0
3,P11,P11,Post_P11,0,0.26186390938799325,0
3,P11,P11,Post_P11,0,0.262651155261634,0
3,P11,P11,Post_P11,0,0.2820836449293554,0
3,P11,P11,Post_P11,0,0.2764701146979484,0
3,P11,P11,Post_P11,0,0.20140164267342173,0
3,P11,P11,Post_P11,0,0.24469036372775962,0
3,P11,P11,Post_P11,0,0.513437152560444,1
3,P11,P11,Post_P11,0,0.22984706981565464,0
3,P11,P11,Post_P11,0,0.39155855493928765,0
3,P11,P11,Post_P11,0,0.26603900687795545,0
3,P11,P11,Post_P11,0,0.2955273439423731,0
3,P11,P11,Post_P11,0,0.2780064704960198,0
3,P11,P11,Post_P11,0,0.27323191565931676,0
3,P11,P11,Post_P11,0,0.3281864000494202,0
3,P11,P11,Post_P11,0,0.16597473433026944,0
3,P11,P11,Post_P11,0,0.3117888513952987,0
3,P11,P11,Post_P11,0,0.2169316423166657,0
3,P11,P11,Post_P11,0,0.1941114477478381,0
3,P11,P11,Post_P11,0,0.1759163325303668,0
3,P11,P11,Post_P11,0,0.31945808769758494,0
3,P11,P11,Post_P11,0,0.32963212733773617,0
3,P11,P11,Post_P11,0,0.2544833640180406,0
3,P11,P11,Post_P11,0,0.4076298675152667,0
3,P11,P11,Post_P11,0,0.2597948185485684,0
3,P11,P11,Post_P11,0,0.18249202493636696,0
3,P11,P11,Post_P11,0,0.16155589553920358,0
3,P11,P11,Post_P11,0,0.2993252457980881,0
3,P11,P11,Post_P11,0,0.298789886662928,0
3,P11,P11,Post_P11,0,0.28477975306295594,0
3,P11,P11,Post_P11,0,0.24027883916154774,0
3,P11,P11,Post_P11,0,0.21818227238581991,0
3,P11,P11,Post_P11,0,0.492101267166585,0
3,P11,P11,Post_P11,0,0.2558611273301924,0
3,P11,P11,Post_P11,0,0.27218720227077525,0
3,P11,P11,Post_P11,0,0.2831657247147577,0
3,P11,P11,Post_P11,0,0.21799138562518608,0
3,P11,P11,Post_P11,0,0.27940529775669687,0
3,P11,P11,Post_P11,0,0.21401058131546374,0
3,P11,P11,Post_P11,0,0.393787345725727,0
3,P11,P11,Post_P11,0,0.2721845640637311,0
3,P11,P11,Post_P11,0,0.21819925750199148,0
3,P11,P11,Post_P11,0,0.26907851802300026,0
3,P11,P11,Post_P11,0,0.521011756702762,1
3,P11,P11,Post_P11,0,0.21681295950908996,0
3,P11,P11,Post_P11,0,0.19858208557862367,0
3,P11,P11,Post_P11,0,0.4517700277924315,0
3,P11,P11,Post_P11,0,0.1804765963158208,0
3,P11,P11,Post_P11,0,0.17704576902326827,0
3,P11,P11,Post_P11,0,0.29566166759525536,0
3,P11,P11,Post_P11,0,0.1903039533956541,0
3,P11,P11,Post_P11,0,0.23400818853345745,0
3,P11,P11,Post_P11,0,0.44217996055409653,0
3,P11,P11,Post_P11,0,0.42977887252901076,0
3,P11,P11,Post_P11,0,0.21065190192975083,0
3,P11,P11,Post_P11,0,0.21920962586395748,0
3,P11,P11,Post_P11,0,0.20403521479397538,0
3,P11,P11,Post_P11,0,0.22500907598976647,0
3,P11,P11,Post_P11,0,0.4386575293430415,0
3,P11,P11,Post_P11,0,0.24666377484300753,0
3,P11,P11,Post_P11,0,0.4534259417435528,0
3,P11,P11,Post_P11,0,0.18906421883114993,0
3,P11,P11,Post_P11,0,0.2706835329611566,0
3,P11,P11,Post_P11,0,0.21754962383585127,0
3,P11,P11,Post_P11,0,0.21784003296759114,0
3,P11,P11,Post_P11,0,0.2320678259568907,0
3,P11,P11,Post_P11,0,0.508399326427417,1
3,P11,P11,Post_P11,0,0.21903611193796213,0
3,P11,P11,Post_P11,0,0.39117711498642466,0
3,P11,P11,Post_P11,0,0.23049906172272255,0
3,P11,P11,Post_P11,0,0.18766781002442945,0
3,P11,P11,Post_P11,0,0.23855887892322383,0
3,P11,P11,Post_P11,0,0.27659033498381086,0
3,P11,P11,Post_P11,0,0.2413790698272826,0
3,P11,P11,Post_P11,0,0.24713899107084453,0
3,P11,P11,Post_P11,0,0.17060140291836642,0
3,P11,P11,Post_P11,0,0.23410642489317804,0
3,P11,P11,Post_P11,0,0.27531486915823783,0
3,P11,P11,Post_P11,0,0.664491801880774,1
3,P11,P11,Post_P11,0,0.25257002821497,0
3,P11,P11,Post_P11,0,0.26761237413695554,0
3,P11,P11,Post_P11,0,0.32285332825501567,0
3,P11,P11,Post_P11,0,0.42252165790807833,0
3,P11,P11,Post_P11,0,0.3382936354116757,0
3,P11,P11,Post_P11,0,0.1475160380964904,0
3,P11,P11,Post_P11,0,0.2718405190640874,0
3,P11,P11,Post_P11,0,0.1859704763930964,0
3,P11,P11,Post_P11,0,0.2903486962240561,0
3,P11,P11,Post_P11,0,0.41926847080940594,0
3,P11,P11,Post_P11,0,0.15973610335698712,0
3,P11,P11,Post_P11,0,0.23753248182240738,0
3,P11,P11,Post_P11,0,0.16074796181878986,0
3,P11,P11,Post_P11,0,0.23374473202213503,0
3,P11,P11,Post_P11,0,0.1546581910987294,0
3,P11,P11,Post_P11,0,0.2830848378318631,0
3,P11,P11,Post_P11,0,0.312778847021195,0
3,P11,P11,Post_P11,0,0.24020948029829026,0
3,P11,P11,Post_P11,0,0.6595621773455866,1
3,P11,P11,Post_P11,0,0.3124509958255824,0
3,P11,P11,Post_P11,0,0.2692353497649213,0
3,P11,P11,Post_P11,0,0.23855887892322383,0
3,P11,P11,Post_P11,0,0.21870005366309375,0
3,P11,P11,Post_P11,0,0.24814164251476611,0
3,P11,P11,Post_P11,0,0.30719760547358493,0
3,P11,P11,Post_P11,0,0.5589647317658841,1
3,P11,P11,Post_P11,0,0.31027913095818144,0
3,P11,P11,Post_P11,0,0.21557929036247286,0
3,P11,P11,Post_P11,0,0.20860998926994737,0
3,P11,P11,Post_P11,0,0.1700701421283409,0
3,P11,P11,Post_P11,0,0.24436350944540758,0
3,P11,P11,Post_P11,0,0.3637330017598717,0
3,P11,P11,Post_P11,0,0.15620710828254078,0
3,P11,P11,Post_P11,0,0.22770249187956568,0
3,P11,P11,Post_P11,0,0.20543045052298786,0
3,P11,P11,Post_P11,0,0.27934168218782085,0
3,P11,P11,Post_P11,0,0.3451033748010141,0
3,P11,P11,Post_P11,0,0.19682926158759173,0
3,P11,P11,Post_P11,0,0.15888858127611077,0
3,P11,P11,Post_P11,0,0.2792471532925276,0
3,P11,P11,Post_P11,0,0.8074827182834926,1
3,P11,P11,Post_P11,0,0.20707823656647237,0
3,P11,P11,Post_P11,0,0.24501180313070933,0
3,P11,P11,Post_P11,0,0.21906859157299463,0
3,P11,P11,Post_P11,0,0.40857806628922044,0
3,P11,P11,Post_P11,0,0.14488812188485187,0
3,P11,P11,Post_P11,0,0.20728710830453914,0
3,P11,P11,Post_P11,0,0.5816261639959626,1
3,P11,P11,Post_P11,0,0.7923455904794838,1
3,P11,P11,Post_P11,0,0.24536914740068594,0
3,P11,P11,Post_P11,0,0.3014192115621768,0
3,P11,P11,Post_P11,0,0.19256741435994712,0
3,P11,P11,Post_P11,0,0.15802767395895095,0
3,P11,P11,Post_P11,0,0.27094658867055016,0
3,P11,P11,Post_P11,0,0.23190508510784458,0
3,P11,P11,Post_P11,0,0.2243582521501683,0
3,P11,P11,Post_P11,0,0.15565765230997883,0
3,P11,P11,Post_P11,0,0.4289549107605596,0
3,P11,P11,Post_P11,0,0.15399956323108127,0
3,P11,P11,Post_P11,0,0.20972620798246244,0
3,P11,P11,Post_P11,0,0.25406504960362253,0
3,P11,P11,Post_P11,0,0.19404378716575924,0
3,P11,P11,Post_P11,0,0.1970643132650846,0
3,P11,P11,Post_P11,0,0.2415428396386246,0
3,P11,P11,Post_P11,0,0.21525757129165887,0
3,P11,P11,Post_P11,0,0.21449431973654112,0
3,P11,P11,Post_P11,0,0.2788949327499205,0
3,P11,P11,Post_P11,0,0.4772526434839707,0
3,P11,P11,Post_P11,0,0.1735646438991173,0
3,P11,P11,Post_P11,0,0.4774027571605596,0
3,P11,P11,Post_P11,0,0.17806146132046877,0
3,P11,P11,Post_P11,0,0.6584175881968483,1
3,P11,P11,Post_P11,0,0.25065702756575015,0
3,P11,P11,Post_P11,0,0.3338679207251867,0
3,P11,P11,Post_P11,0,0.2611044934849117,0
3,P11,P11,Post_P11,0,0.20622693559886648,0
3,P11,P11,Post_P11,0,0.18639037973565092,0
3,P11,P11,Post_P11,0,0.23248915994882008,0
3,P11,P11,Post_P11,0,0.2281238673094248,0
3,P11,P11,Post_P11,0,0.28419085152986884,0
3,P11,P11,Post_P11,0,0.3031446794534649,0
3,P11,P11,Post_P11,0,0.17133293502343436,0
3,P11,P11,Post_P11,0,0.24109215196065192,0
3,P11,P11,Post_P11,0,0.4585412374756839,0
3,P11,P11,Post_P11,0,0.309192776447738,0
3,P11,P11,Post_P11,0,0.21649980762405627,0
3,P11,P11,Post_P11,0,0.25138871437213944,0
3,P11,P11,Post_P11,0,0.15727332193491897,0
3,P11,P11,Post_P11,0,0.18794006790157095,0
3,P11,P11,Post_P11,0,0.24174039244448217,0
3,P11,P11,Post_P11,0,0.15730052672842454,0
3,P11,P11,Post_P11,0,0.32602413018336257,0
3,P11,P11,Post_P11,0,0.3128595633255643,0
3,P11,P11,Post_P11,0,0.5302881845520875,1
3,P11,P11,Post_P11,0,0.2758950683762714,0
3,P11,P11,Post_P11,0,0.29093459274092753,0
3,P11,P11,Post_P11,0,0.2347396553022107,0
3,P11,P11,Post_P11,0,0.5756342316531671,1
3,P11,P11,Post_P11,0,0.31011187531647516,0
3,P11,P11,Post_P11,0,0.18732004132139327,0
3,P11,P11,Post_P11,0,0.2609981524857743,0
3,P11,P11,Post_P11,0,0.2799261338669269,0
3,P11,P11,Post_P11,0,0.23188763035785884,0
3,P11,P11,Post_P11,0,0.18494016759669124,0
3,P11,P11,Post_P11,0,0.2126734320318828,0
3,P11,P11,Post_P11,0,0.2426814749096386,0
3,P11,P11,Post_P11,0,0.3005909697307053,0
3,P11,P11,Post_P11,0,0.2176671538376802,0
3,P11,P11,Post_P11,0,0.21259321622301894,0
3,P11,P11,Post_P11,0,0.4981225936464046,0
3,P11,P11,Post_P11,0,0.23820970978824302,0
3,P11,P11,Post_P11,0,0.20683402375772797,0
3,P11,P11,Post_P11,0,0.4794740251609041,0
3,P11,P11,Post_P11,0,0.21233837250099397,0
3,P11,P11,Post_P11,0,0.13775041575766908,0
3,P11,P11,Post_P11,0,0.2706835921133604,0
3,P11,P11,Post_P11,0,0.39147388427198704,0
3,P11,P11,Post_P11,0,0.3639660498224798,0
3,P11,P11,Post_P11,0,0.24931336300096624,0
3,P11,P11,Post_P11,0,0.20499798199145178,0
3,P11,P11,Post_P11,0,0.21849797125345527,0
3,P11,P11,Post_P11,0,0.27894052399767355,0
3,P11,P11,Post_P11,0,0.4490771760631252,0
3,P11,P11,Post_P11,0,0.23917311130671717,0
3,P11,P11,Post_P11,0,0.2975430603681521,0
3,P11,P11,Post_P11,0,0.25810062421896995,0
3,P11,P11,Post_P11,0,0.6375014361419467,1
3,P11,P11,Post_P11,0,0.19616147432878142,0
3,P11,P11,Post_P11,0,0.2587975214818554,0
3,P11,P11,Post_P11,0,0.2203958326965903,0
3,P11,P11,Post_P11,0,0.2384545364058437,0
3,P11,P11,Post_P11,0,0.21425542702389527,0
3,P11,P11,Post_P11,0,0.41520628522688047,0
3,P11,P11,Post_P11,0,0.33787165808983716,0
3,P11,P11,Post_P11,0,0.4085375554804051,0
3,P11,P11,Post_P11,0,0.3903909680158096,0
3,P11,P11,Post_P11,0,0.27530489334952424,0
3,P11,P11,Post_P11,0,0.23813177447983772,0
3,P11,P11,Post_P11,0,0.2431484526494995,0
3,P11,P11,Post_P11,0,0.20683402375772797,0
3,P11,P11,Post_P11,0,0.2514038336631124,0
3,P11,P11,Post_P11,0,0.18279471427159488,0
3,P11,P11,Post_P11,0,0.19210550340758747,0
3,P11,P11,Post_P11,0,0.13335936345838115,0
3,P11,P11,Post_P11,0,0.18299788557781577,0
3,P11,P11,Post_P11,0,0.331359684354672,0
3,P11,P11,Post_P11,0,0.5097047199311553,1
3,P11,P11,Post_P11,0,0.28618872707929105,0
3,P11,P11,Post_P11,0,0.5320163071512303,1
3,P11,P11,Post_P11,0,0.14945836387120198,0
3,P11,P11,Post_P11,0,0.23800284574096323,0
3,P11,P11,Post_P11,0,0.164709348769049,0
3,P11,P11,Post_P11,0,0.23964145674128906,0
3,P11,P11,Post_P11,0,0.3036990201351896,0
3,P11,P11,Post_P11,0,0.24606785197567163,0
3,P11,P11,Post_P11,0,0.20875033256221567,0
3,P11,P11,Post_P11,0,0.6199388557135143,1
3,P11,P11,Post_P11,0,0.15893201370858392,0
3,P11,P11,Post_P11,0,0.37458541786159355,0
3,P11,P11,Post_P11,0,0.2522450206627904,0
3,P11,P11,Post_P11,0,0.26498233938197313,0
3,P11,P11,Post_P11,0,0.24130499026571745,0
3,P11,P11,Post_P11,0,0.2020728459889429,0
3,P11,P11,Post_P11,0,0.14893493737281482,0
3,P11,P11,Post_P11,0,0.24458113013611488,0
3,P11,P11,Post_P11,0,0.2281454323917602,0
3,P11,P11,Post_P11,0,0.23303192108385143,0
3,P11,P11,Post_P11,0,0.20140826662142824,0
3,P11,P11,Post_P11,0,0.2878939585277946,0
3,P11,P11,Post_P11,0,0.2596089701002147,0
3,P11,P11,Post_P11,0,0.19924907552191684,0
3,P11,P11,Post_P11,0,0.21111836696873862,0
3,P11,P11,Post_P11,0,0.286639070543542,0
3,P11,P11,Post_P11,0,0.5957002320031521,1
3,P11,P11,Post_P11,0,0.34373175095783565,0
3,P11,P11,Post_P11,0,0.2779628179449832,0
3,P11,P11,Post_P11,0,0.26300568381102885,0
3,P11,P11,Post_P11,0,0.3197466717320564,0
3,P11,P11,Post_P11,0,0.24578319013785538,0
3,P11,P11,Post_P11,0,0.2965299629267279,0
3,P11,P11,Post_P11,0,0.6171776044059369,1
3,P11,P11,Post_P11,0,0.2529802030691188,0
3,P11,P11,Post_P11,0,0.4511359546244576,0
3,P11,P11,Post_P11,0,0.5134793865472598,1
3,P11,P11,Post_P11,0,0.2438333999511308,0
3,P11,P11,Post_P11,0,0.2562086060148625,0
3,P11,P11,Post_P11,0,0.37861529291428614,0
3,P11,P11,Post_P11,0,0.22033674668011435,0
3,P11,P11,Post_P11,0,0.21814356335499516,0
3,P11,P11,Post_P11,0,0.20444014032833924,0
3,P11,P11,Post_P11,0,0.2637514781935964,0
4,P12,P12,Pre_P12,0,0.1125710276636511,0
4,P12,P12,Pre_P12,0,0.1033115688895866,0
4,P12,P12,Pre_P12,0,0.47513199141107176,0
4,P12,P12,Pre_P12,0,0.13657926115091723,0
4,P12,P12,Pre_P12,0,0.13747670293548211,0
4,P12,P12,Pre_P12,0,0.338894296605524,0
4,P12,P12,Pre_P12,0,0.10021236392694359,0
4,P12,P12,Pre_P12,0,0.11113953600010316,0
4,P12,P12,Pre_P12,0,0.1821059297365369,0
4,P12,P12,Pre_P12,0,0.30261027207510033,0
4,P12,P12,Pre_P12,0,0.1251020688146348,0
4,P12,P12,Pre_P12,0,0.1773683887328414,0
4,P12,P12,Pre_P12,0,0.26993376590052853,0
4,P12,P12,Pre_P12,0,0.06515745215799229,0
4,P12,P12,Pre_P12,0,0.10261522939108472,0
4,P12,P12,Pre_P12,0,0.15537864921562206,0
4,P12,P12,Pre_P12,0,0.13600041336599572,0
4,P12,P12,Pre_P12,0,0.13254554460316,0
4,P12,P12,Pre_P12,0,0.09440691066450815,0
4,P12,P12,Pre_P12,0,0.15102609853423327,0
4,P12,P12,Pre_P12,0,0.07136107839762079,0
4,P12,P12,Pre_P12,0,0.09142776044266336,0
4,P12,P12,Pre_P12,0,0.09389727403107177,0
4,P12,P12,Pre_P12,0,0.14313584451536054,0
4,P12,P12,Pre_P12,0,0.08369078205992986,0
4,P12,P12,Pre_P12,0,0.12169146463412316,0
4,P12,P12,Pre_P12,0,0.10139872737473828,0
4,P12,P12,Pre_P12,0,0.08331197793500165,0
4,P12,P12,Pre_P12,0,0.17037500877222667,0
4,P12,P12,Pre_P12,0,0.12927164146776698,0
4,P12,P12,Pre_P12,0,0.13496859566230196,0
4,P12,P12,Pre_P12,0,0.10064344788866268,0
4,P12,P12,Pre_P12,0,0.11136950227177157,0
4,P12,P12,Pre_P12,0,0.1286374263789945,0
4,P12,P12,Pre_P12,0,0.15904599540773534,0
4,P12,P12,Pre_P12,0,0.22672165153342835,0
4,P12,P12,Pre_P12,0,0.11092237867516867,0
4,P12,P12,Pre_P12,0,0.091289227678896,0
4,P12,P12,Pre_P12,0,0.092625637630535,0
4,P12,P12,Pre_P12,0,0.12256110097048542,0
4,P12,P12,Pre_P12,0,0.16336068725412597,0
4,P12,P12,Pre_P12,0,0.1511335028899195,0
4,P12,P12,Pre_P12,0,0.15120579445550678,0
4,P12,P12,Pre_P12,0,0.17441066224844376,0
4,P12,P12,Pre_P12,0,0.11627887659915785,0
4,P12,P12,Pre_P12,0,0.12003405030917462,0
4,P12,P12,Pre_P12,0,0.1792017911040073,0
4,P12,P12,Pre_P12,0,0.21604354875599216,0
4,P12,P12,Pre_P12,0,0.12880329170533888,0
4,P12,P12,Pre_P12,0,0.13005058517307372,0
4,P12,P12,Pre_P12,0,0.1218745286161656,0
4,P12,P12,Pre_P12,0,0.12703027607323056,0
4,P12,P12,Pre_P12,0,0.08447460020104237,0
4,P12,P12,Pre_P12,0,0.11176790768004022,0
4,P12,P12,Pre_P12,0,0.2089317173354204,0
4,P12,P12,Pre_P12,0,0.13392813856589764,0
4,P12,P12,Pre_P12,0,0.12081793515816863,0
4,P12,P12,Pre_P12,0,0.1254734762936433,0
4,P12,P12,Pre_P12,0,0.1286890137001056,0
4,P12,P12,Pre_P12,0,0.09694905805448459,0
4,P12,P12,Pre_P12,0,0.10660655460256707,0
4,P12,P12,Pre_P12,0,0.17532094619680874,0
4,P12,P12,Pre_P12,0,0.09886335618864257,0
4,P12,P12,Pre_P12,0,0.15074973259170987,0
4,P12,P12,Pre_P12,0,0.09055019316534653,0
4,P12,P12,Pre_P12,0,0.1486925303547738,0
4,P12,P12,Pre_P12,0,0.13907131367632064,0
4,P12,P12,Pre_P12,0,0.1480760300773721,0
4,P12,P12,Pre_P12,0,0.1301895517682455,0
4,P12,P12,Pre_P12,0,0.07408568126289218,0
4,P12,P12,Pre_P12,0,0.13490112319255115,0
4,P12,P12,Pre_P12,0,0.14487726474498008,0
4,P12,P12,Pre_P12,0,0.15726876143108176,0
4,P12,P12,Pre_P12,0,0.10300089943775995,0
4,P12,P12,Pre_P12,0,0.10045466325797205,0
4,P12,P12,Pre_P12,0,0.23817620769196796,0
4,P12,P12,Pre_P12,0,0.07731989064450356,0
4,P12,P12,Pre_P12,0,0.1069163060508454,0
4,P12,P12,Pre_P12,0,0.18481273611252397,0
4,P12,P12,Pre_P12,0,0.12141395955571631,0
4,P12,P12,Pre_P12,0,0.13374483279229965,0
4,P12,P12,Pre_P12,0,0.20960001929279215,0
4,P12,P12,Pre_P12,0,0.1247380392443719,0
4,P12,P12,Pre_P12,0,0.1997039457510425,0
4,P12,P12,Pre_P12,0,0.11570689641923479,0
4,P12,P12,Pre_P12,0,0.15344206215038295,0
4,P12,P12,Pre_P12,0,0.08524034226108934,0
4,P12,P12,Pre_P12,0,0.07838458795673119,0
4,P12,P12,Pre_P12,0,0.10241796793289917,0
4,P12,P12,Pre_P12,0,0.10384603798490831,0
4,P12,P12,Pre_P12,0,0.1047915777044352,0
4,P12,P12,Pre_P12,0,0.19366601324723487,0
4,P12,P12,Pre_P12,0,0.16973363733952782,0
4,P12,P12,Pre_P12,0,0.1046659917677213,0
4,P12,P12,Pre_P12,0,0.11519109258626009,0
4,P12,P12,Pre_P12,0,0.21477841551402352,0
4,P12,P12,Pre_P12,0,0.1518318306242782,0
4,P12,P12,Pre_P12,0,0.21795369830800046,0
4,P12,P12,Pre_P12,0,0.15223161229622598,0
4,P12,P12,Pre_P12,0,0.13983310753031644,0
4,P12,P12,Pre_P12,0,0.07050580692659353,0
4,P12,P12,Pre_P12,0,0.09536420353673067,0
4,P12,P12,Pre_P12,0,0.08295216107333608,0
4,P12,P12,Pre_P12,0,0.2538165066942841,0
4,P12,P12,Pre_P12,0,0.2201061935215196,0
4,P12,P12,Pre_P12,0,0.16426384748088874,0
4,P12,P12,Pre_P12,0,0.08860793083572255,0
4,P12,P12,Pre_P12,0,0.07278474912166795,0
4,P12,P12,Pre_P12,0,0.06638898405955126,0
4,P12,P12,Pre_P12,0,0.14994600886886353,0
4,P12,P12,Pre_P12,0,0.10421244133944742,0
4,P12,P12,Pre_P12,0,0.06183338213543083,0
4,P12,P12,Pre_P12,0,0.1350325227005318,0
4,P12,P12,Pre_P12,0,0.11912654209719564,0
4,P12,P12,Pre_P12,0,0.08667531623276392,0
4,P12,P12,Pre_P12,0,0.17717922416864237,0
4,P12,P12,Pre_P12,0,0.04239400909016913,0
4,P12,P12,Pre_P12,0,0.1200692203999593,0
4,P12,P12,Pre_P12,0,0.10349080625724669,0
4,P12,P12,Pre_P12,0,0.08885069204446944,0
4,P12,P12,Pre_P12,0,0.20891478703599864,0
4,P12,P12,Pre_P12,0,0.13752710872432172,0
4,P12,P12,Pre_P12,0,0.11927608512782083,0
4,P12,P12,Pre_P12,0,0.12309139548250916,0
4,P12,P12,Pre_P12,0,0.15459291762076457,0
4,P12,P12,Pre_P12,0,0.14482980133227605,0
4,P12,P12,Pre_P12,0,0.03785044131786162,0
4,P12,P12,Pre_P12,0,0.1360989438823166,0
4,P12,P12,Pre_P12,0,0.11421349165231016,0
4,P12,P12,Pre_P12,0,0.14277330864425747,0
4,P12,P12,Pre_P12,0,0.20968359577824802,0
4,P12,P12,Pre_P12,0,0.10656128942610947,0
4,P12,P12,Pre_P12,0,0.18766721445879028,0
4,P12,P12,Pre_P12,0,0.13167224494067215,0
4,P12,P12,Pre_P12,0,0.07932530445774065,0
4,P12,P12,Pre_P12,0,0.0854610320607714,0
4,P12,P12,Pre_P12,0,0.11741414801240768,0
4,P12,P12,Pre_P12,0,0.204533925975434,0
4,P12,P12,Pre_P12,0,0.13911017260312689,0
4,P12,P12,Pre_P12,0,0.07686702821456799,0
4,P12,P12,Pre_P12,0,0.23981927562382246,0
4,P12,P12,Pre_P12,0,0.21346298028297417,0
4,P12,P12,Pre_P12,0,0.10948928402190568,0
4,P12,P12,Pre_P12,0,0.2852563833982131,0
4,P12,P12,Pre_P12,0,0.08006396169643719,0
4,P12,P12,Pre_P12,0,0.13033555289505303,0
4,P12,P12,Pre_P12,0,0.11637842013037679,0
4,P12,P12,Pre_P12,0,0.14215677115282022,0
4,P12,P12,Pre_P12,0,0.12584588670126595,0
4,P12,P12,Pre_P12,0,0.16915474174260353,0
4,P12,P12,Pre_P12,0,0.19388659837790925,0
4,P12,P12,Pre_P12,0,0.1746201412576542,0
4,P12,P12,Pre_P12,0,0.2298625075503621,0
4,P12,P12,Pre_P12,0,0.08819954168030564,0
4,P12,P12,Pre_P12,0,0.04270148962535759,0
4,P12,P12,Pre_P12,0,0.10747015688268692,0
4,P12,P12,Pre_P12,0,0.07836196150481847,0
4,P12,P12,Pre_P12,0,0.07878999252784327,0
4,P12,P12,Pre_P12,0,0.10606659757314418,0
4,P12,P12,Pre_P12,0,0.07807555911694099,0
4,P12,P12,Pre_P12,0,0.10374238968195806,0
4,P12,P12,Pre_P12,0,0.06401341835558122,0
4,P12,P12,Pre_P12,0,0.1748897358254753,0
4,P12,P12,Pre_P12,0,0.12414119216885366,0
4,P12,P12,Pre_P12,0,0.14069224269404051,0
4,P12,P12,Pre_P12,0,0.09768949531776117,0
4,P12,P12,Pre_P12,0,0.10168811646428406,0
4,P12,P12,Pre_P12,0,0.11717836409207484,0
4,P12,P12,Pre_P12,0,0.19388197816499933,0
4,P12,P12,Pre_P12,0,0.0889184518761667,0
4,P12,P12,Pre_P12,0,0.20085942958604888,0
4,P12,P12,Pre_P12,0,0.12151811665553267,0
4,P12,P12,Pre_P12,0,0.18973448593454864,0
4,P12,P12,Pre_P12,0,0.11735929062212073,0
4,P12,P12,Pre_P12,0,0.17588435100526695,0
4,P12,P12,Pre_P12,0,0.1629133662202672,0
4,P12,P12,Pre_P12,0,0.10464979600969308,0
4,P12,P12,Pre_P12,0,0.22333119839543017,0
4,P12,P12,Pre_P12,0,0.09420296199228152,0
4,P12,P12,Pre_P12,0,0.1113675585118947,0
4,P12,P12,Pre_P12,0,0.06818663089158586,0
4,P12,P12,Pre_P12,0,0.2033966978870399,0
4,P12,P12,Pre_P12,0,0.09574944940394725,0
4,P12,P12,Pre_P12,0,0.14582263779796417,0
4,P12,P12,Pre_P12,0,0.14877849184402753,0
4,P12,P12,Pre_P12,0,0.2492358192559553,0
4,P12,P12,Pre_P12,0,0.11924102130144126,0
4,P12,P12,Pre_P12,0,0.14290137790813304,0
4,P12,P12,Pre_P12,0,0.08900224616426679,0
4,P12,P12,Pre_P12,0,0.21269177817778856,0
4,P12,P12,Pre_P12,0,0.23132530698065948,0
4,P12,P12,Pre_P12,0,0.07284632371406416,0
4,P12,P12,Pre_P12,0,0.14785960700146222,0
4,P12,P12,Pre_P12,0,0.15098860509900938,0
4,P12,P12,Pre_P12,0,0.15814004963168452,0
4,P12,P12,Pre_P12,0,0.127858448990789,0
4,P12,P12,Pre_P12,0,0.06386596229932344,0
4,P12,P12,Pre_P12,0,0.09785142202151255,0
4,P12,P12,Pre_P12,0,0.14654098830146028,0
4,P12,P12,Pre_P12,0,0.0980102579354661,0
4,P12,P12,Pre_P12,0,0.11186263110792562,0
4,P12,P12,Pre_P12,0,0.14342234875653279,0
4,P12,P12,Pre_P12,0,0.2860326967898626,0
4,P12,P12,Pre_P12,0,0.11864450932293388,0
4,P12,P12,Pre_P12,0,0.051981758646079436,0
4,P12,P12,Pre_P12,0,0.1077870792250512,0
4,P12,P12,Pre_P12,0,0.09877293287429506,0
4,P12,P12,Pre_P12,0,0.11635750075551586,0
4,P12,P12,Pre_P12,0,0.17825589415333148,0
4,P12,P12,Pre_P12,0,0.08893094778691599,0
4,P12,P12,Pre_P12,0,0.1095803621178458,0
4,P12,P12,Pre_P12,0,0.11953854917846936,0
4,P12,P12,Pre_P12,0,0.09765146212157347,0
4,P12,P12,Pre_P12,0,0.08296649065844301,0
4,P12,P12,Pre_P12,0,0.09722608753381413,0
4,P12,P12,Pre_P12,0,0.17723158366166064,0
4,P12,P12,Pre_P12,0,0.059864258951736284,0
4,P12,P12,Pre_P12,0,0.1363575789292829,0
4,P12,P12,Pre_P12,0,0.1333947492347327,0
4,P12,P12,Pre_P12,0,0.08927108704899213,0
4,P12,P12,Pre_P12,0,0.14366109114161718,0
4,P12,P12,Pre_P12,0,0.09954341429745328,0
4,P12,P12,Pre_P12,0,0.08246838395425507,0
4,P12,P12,Pre_P12,0,0.21396011524721031,0
4,P12,P12,Pre_P12,0,0.22144207409993583,0
4,P12,P12,Pre_P12,0,0.12872498417400793,0
4,P12,P12,Pre_P12,0,0.11534965777971277,0
4,P12,P12,Pre_P12,0,0.10002016450591218,0
4,P12,P12,Pre_P12,0,0.09619164549939135,0
4,P12,P12,Pre_P12,0,0.1747033080053479,0
4,P12,P12,Pre_P12,0,0.15482757671887232,0
4,P12,P12,Pre_P12,0,0.10585950998241735,0
4,P12,P12,Pre_P12,0,0.17512339439503552,0
4,P12,P12,Pre_P12,0,0.11811631669893154,0
4,P12,P12,Pre_P12,0,0.07739536372524064,0
4,P12,P12,Pre_P12,0,0.16293753811538533,0
4,P12,P12,Pre_P12,0,0.14668551065950802,0
4,P12,P12,Pre_P12,0,0.11771026771155257,0
4,P12,P12,Pre_P12,0,0.07229158254819587,0
4,P12,P12,Pre_P12,0,0.1919998382962356,0
4,P12,P12,Pre_P12,0,0.11729384720962052,0
4,P12,P12,Pre_P12,0,0.043771471096230904,0
4,P12,P12,Pre_P12,0,0.061650046371420866,0
4,P12,P12,Pre_P12,0,0.09489903718742962,0
4,P12,P12,Pre_P12,0,0.4553338289210153,0
4,P12,P12,Pre_P12,0,0.07352244686724317,0
4,P12,P12,Pre_P12,0,0.11953126437111333,0
4,P12,P12,Pre_P12,0,0.07564699636954432,0
4,P12,P12,Pre_P12,0,0.08666839205208544,0
4,P12,P12,Pre_P12,0,0.1520465536137925,0
4,P12,P12,Pre_P12,0,0.20187897655334516,0
4,P12,P12,Pre_P12,0,0.13123710359155952,0
4,P12,P12,Pre_P12,0,0.19083433929990282,0
4,P12,P12,Pre_P12,0,0.11868077294085577,0
4,P12,P12,Pre_P12,0,0.1289754602435685,0
4,P12,P12,Pre_P12,0,0.0905053942438156,0
4,P12,P12,Pre_P12,0,0.11397619065097458,0
4,P12,P12,Pre_P12,0,0.0674346328977474,0
4,P12,P12,Pre_P12,0,0.15189495789047477,0
4,P12,P12,Pre_P12,0,0.0885449446961601,0
4,P12,P12,Pre_P12,0,0.1072489762130108,0
4,P12,P12,Pre_P12,0,0.08197256870172008,0
4,P12,P12,Pre_P12,0,0.10049256401516107,0
4,P12,P12,Pre_P12,0,0.17867842332310555,0
4,P12,P12,Pre_P12,0,0.12630825083846306,0
4,P12,P12,Pre_P12,0,0.12414881007211219,0
4,P12,P12,Pre_P12,0,0.15826798616498802,0
4,P12,P12,Pre_P12,0,0.11528564358682654,0
4,P12,P12,Pre_P12,0,0.167936206308275,0
4,P12,P12,Pre_P12,0,0.06781723115647041,0
4,P12,P12,Pre_P12,0,0.3387885013899357,0
4,P12,P12,Pre_P12,0,0.08820213703784778,0
4,P12,P12,Pre_P12,0,0.1242268219341641,0
4,P12,P12,Pre_P12,0,0.24341806221803183,0
4,P12,P12,Pre_P12,0,0.09266337440585196,0
4,P12,P12,Pre_P12,0,0.09350204290231767,0
4,P12,P12,Pre_P12,0,0.10868386042802074,0
4,P12,P12,Pre_P12,0,0.09511366300792526,0
4,P12,P12,Pre_P12,0,0.06821463365320955,0
4,P12,P12,Pre_P12,0,0.08500592386191136,0
4,P12,P12,Pre_P12,0,0.13443514227987755,0
4,P12,P12,Pre_P12,0,0.1267720762785034,0
4,P12,P12,Pre_P12,0,0.1032424035867453,0
4,P12,P12,Pre_P12,0,0.16702447994526828,0
4,P12,P12,Pre_P12,0,0.5174683504283001,1
4,P12,P12,Pre_P12,0,0.18337112038804027,0
4,P12,P12,Pre_P12,0,0.2874885726935639,0
4,P12,P12,Pre_P12,0,0.0744673755999941,0
4,P12,P12,Pre_P12,0,0.14069329839918654,0
4,P12,P12,Pre_P12,0,0.12671805547265091,0
4,P12,P12,Pre_P12,0,0.13373512225987558,0
4,P12,P12,Pre_P12,0,0.1622196665751694,0
4,P12,P12,Pre_P12,0,0.12991976039851816,0
4,P12,P12,Pre_P12,0,0.13499537639962572,0
4,P12,P12,Pre_P12,0,0.16673883157410016,0
4,P12,P12,Pre_P12,0,0.15045711299074807,0
4,P12,P12,Pre_P12,0,0.08744719687436663,0
4,P12,P12,Pre_P12,0,0.10634143543452908,0
4,P12,P12,Pre_P12,0,0.1628445322683589,0
4,P12,P12,Pre_P12,0,0.1565424997656435,0
4,P12,P12,Pre_P12,0,0.14091086152741344,0
4,P12,P12,Pre_P12,0,0.16110317921976214,0
4,P12,P12,Pre_P12,0,0.1684868681132735,0
4,P12,P12,Pre_P12,0,0.08921470805042228,0
4,P12,P12,Pre_P12,0,0.18598102290510596,0
4,P12,P12,Pre_P12,0,0.05549911168749205,0
4,P12,P12,Pre_P12,0,0.0980895261285571,0
4,P12,P12,Pre_P12,0,0.15330977466442566,0
4,P12,P12,Pre_P12,0,0.13698949957160034,0
4,P12,P12,Pre_P12,0,0.14171863486025574,0
4,P12,P12,Pre_P12,0,0.21978358289983713,0
4,P12,P12,Pre_P12,0,0.06643757013656895,0
4,P12,P12,Pre_P12,0,0.16845865918830727,0
4,P12,P12,Pre_P12,0,0.12482816877853956,0
4,P12,P12,Pre_P12,0,0.17783302420887798,0
4,P12,P12,Pre_P12,0,0.12795073835760207,0
4,P12,P12,Pre_P12,0,0.18896194885380768,0
4,P12,P12,Pre_P12,0,0.10056539686389697,0
4,P12,P12,Pre_P12,0,0.17687637377592635,0
4,P12,P12,Pre_P12,0,0.09020341443613594,0
4,P12,P12,Pre_P12,0,0.14569451194931746,0
4,P12,P12,Pre_P12,0,0.15912535785036097,0
4,P12,P12,Pre_P12,0,0.17728899179871066,0
4,P12,P12,Pre_P12,0,0.1159947627777958,0
4,P12,P12,Pre_P12,0,0.11502126410222466,0
4,P12,P12,Pre_P12,0,0.07727727036707795,0
4,P12,P12,Pre_P12,0,0.08012113854216808,0
4,P12,P12,Pre_P12,0,0.2423614915648562,0
4,P12,P12,Pre_P12,0,0.1377928958578123,0
4,P12,P12,Pre_P12,0,0.13144247504234657,0
4,P12,P12,Post_P12,0,0.23999262576211658,0
4,P12,P12,Post_P12,0,0.1995290397177237,0
4,P12,P12,Post_P12,0,0.19226054138874718,0
4,P12,P12,Post_P12,0,0.16463063744132075,0
4,P12,P12,Post_P12,0,0.25769250851890446,0
4,P12,P12,Post_P12,0,0.22205250902807905,0
4,P12,P12,Post_P12,0,0.2374747769146237,0
4,P12,P12,Post_P12,0,0.2526205027942643,0
4,P12,P12,Post_P12,0,0.1647419370319838,0
4,P12,P12,Post_P12,0,0.2554139120676651,0
4,P12,P12,Post_P12,0,0.17692438814857828,0
4,P12,P12,Post_P12,0,0.16230478167898765,0
4,P12,P12,Post_P12,0,0.48090939011140826,0
4,P12,P12,Post_P12,0,0.23818730355662485,0
4,P12,P12,Post_P12,0,0.28423312385198646,0
4,P12,P12,Post_P12,0,0.17106629432322068,0
4,P12,P12,Post_P12,0,0.27477542531206556,0
4,P12,P12,Post_P12,0,0.17801178607467702,0
4,P12,P12,Post_P12,0,0.18505349661386714,0
4,P12,P12,Post_P12,0,0.22606857897265653,0
4,P12,P12,Post_P12,0,0.1730026551425917,0
4,P12,P12,Post_P12,0,0.2300480464227174,0
4,P12,P12,Post_P12,0,0.2988014446563531,0
4,P12,P12,Post_P12,0,0.23646728194330732,0
4,P12,P12,Post_P12,0,0.22735371185212908,0
4,P12,P12,Post_P12,0,0.19792479238523975,0
4,P12,P12,Post_P12,0,0.21490944588740038,0
4,P12,P12,Post_P12,0,0.18463451812599674,0
4,P12,P12,Post_P12,0,0.2146277088295216,0
4,P12,P12,Post_P12,0,0.4177692166729721,0
4,P12,P12,Post_P12,0,0.14059332550354386,0
4,P12,P12,Post_P12,0,0.19069432997960006,0
4,P12,P12,Post_P12,0,0.16837905649681167,0
4,P12,P12,Post_P12,0,0.18271550923435903,0
4,P12,P12,Post_P12,0,0.49744651946232554,0
4,P12,P12,Post_P12,0,0.28989959234269774,0
4,P12,P12,Post_P12,0,0.2031354590463899,0
4,P12,P12,Post_P12,0,0.17252155754308238,0
4,P12,P12,Post_P12,0,0.1727441027881502,0
4,P12,P12,Post_P12,0,0.4083856834056056,0
4,P12,P12,Post_P12,0,0.18278993607396535,0
4,P12,P12,Post_P12,0,0.231615476568443,0
4,P12,P12,Post_P12,0,0.14551131983684226,0
4,P12,P12,Post_P12,0,0.22349249573824181,0
4,P12,P12,Post_P12,0,0.17037820354307986,0
4,P12,P12,Post_P12,0,0.21738327439359179,0
4,P12,P12,Post_P12,0,0.16983617102161933,0
4,P12,P12,Post_P12,0,0.16994598778594727,0
4,P12,P12,Post_P12,0,0.19040128093520645,0
4,P12,P12,Post_P12,0,0.2284633796446459,0
4,P12,P12,Post_P12,0,0.2171241350920632,0
4,P12,P12,Post_P12,0,0.23181926089956198,0
4,P12,P12,Post_P12,0,0.219167297044178,0
4,P12,P12,Post_P12,0,0.2381178771033704,0
4,P12,P12,Post_P12,0,0.33064838311761385,0
4,P12,P12,Post_P12,0,0.16354254787767605,0
4,P12,P12,Post_P12,0,0.17802340735818284,0
4,P12,P12,Post_P12,0,0.19940230559278563,0
4,P12,P12,Post_P12,0,0.2161690911292352,0
4,P12,P12,Post_P12,0,0.23226295157373428,0
4,P12,P12,Post_P12,0,0.27983602037415595,0
4,P12,P12,Post_P12,0,0.19712421069806596,0
4,P12,P12,Post_P12,0,0.2372512331514491,0
4,P12,P12,Post_P12,0,0.5203032215491021,1
4,P12,P12,Post_P12,0,0.23353048246511893,0
4,P12,P12,Post_P12,0,0.2502085614557671,0
4,P12,P12,Post_P12,0,0.1808666367344077,0
4,P12,P12,Post_P12,0,0.2307436691079383,0
4,P12,P12,Post_P12,0,0.20798795513279525,0
4,P12,P12,Post_P12,0,0.2363877899532341,0
4,P12,P12,Post_P12,0,0.2654812101453043,0
4,P12,P12,Post_P12,0,0.17867657952013175,0
4,P12,P12,Post_P12,0,0.20394752497825347,0
4,P12,P12,Post_P12,0,0.1910951072051427,0
4,P12,P12,Post_P12,0,0.2494281347491898,0
4,P12,P12,Post_P12,0,0.21814802072012293,0
4,P12,P12,Post_P12,0,0.23758837486501927,0
4,P12,P12,Post_P12,0,0.2318717879014927,0
4,P12,P12,Post_P12,0,0.21450425378898613,0
4,P12,P12,Post_P12,0,0.18416750003812454,0
4,P12,P12,Post_P12,0,0.3714554616547871,0
4,P12,P12,Post_P12,0,0.19731430837584227,0
4,P12,P12,Post_P12,0,0.3992651372207039,0
4,P12,P12,Post_P12,0,0.48826173620584773,0
4,P12,P12,Post_P12,0,0.16719892375781592,0
4,P12,P12,Post_P12,0,0.17971772359634064,0
4,P12,P12,Post_P12,0,0.2090735330646436,0
4,P12,P12,Post_P12,0,0.2018853906471443,0
4,P12,P12,Post_P12,0,0.22043382220499833,0
4,P12,P12,Post_P12,0,0.22078170323059182,0
4,P12,P12,Post_P12,0,0.20562011763568513,0
4,P12,P12,Post_P12,0,0.14377723036017426,0
4,P12,P12,Post_P12,0,0.2987319798298227,0
4,P12,P12,Post_P12,0,0.2133828433368198,0
4,P12,P12,Post_P12,0,0.22997280603262837,0
4,P12,P12,Post_P12,0,0.2038696053053318,0
4,P12,P12,Post_P12,0,0.29004668160139513,0
4,P12,P12,Post_P12,0,0.1859540414728061,0
4,P12,P12,Post_P12,0,0.20211399203646166,0
4,P12,P12,Post_P12,0,0.24320272074155122,0
4,P12,P12,Post_P12,0,0.17335951321018106,0
4,P12,P12,Post_P12,0,0.17699201310824528,0
4,P12,P12,Post_P12,0,0.22507645276758773,0
4,P12,P12,Post_P12,0,0.19893314179010835,0
4,P12,P12,Post_P12,0,0.1969431879584594,0
4,P12,P12,Post_P12,0,0.1993576164953151,0
4,P12,P12,Post_P12,0,0.18426100507268423,0
4,P12,P12,Post_P12,0,0.28240056769968414,0
4,P12,P12,Post_P12,0,0.1683475854980398,0
4,P12,P12,Post_P12,0,0.21890788414032974,0
4,P12,P12,Post_P12,0,0.45163684859142234,0
4,P12,P12,Post_P12,0,0.2626249663295597,0
4,P12,P12,Post_P12,0,0.46324671628046626,0
4,P12,P12,Post_P12,0,0.18301976796867644,0
4,P12,P12,Post_P12,0,0.5461978019913805,1
4,P12,P12,Post_P12,0,0.24836869029681596,0
4,P12,P12,Post_P12,0,0.24387133304381833,0
4,P12,P12,Post_P12,0,0.13167361719516213,0
4,P12,P12,Post_P12,0,0.27648697270017036,0
4,P12,P12,Post_P12,0,0.22221095888009448,0
4,P12,P12,Post_P12,0,0.1813270499302512,0
4,P12,P12,Post_P12,0,0.1799097652862453,0
4,P12,P12,Post_P12,0,0.1656753459702033,0
4,P12,P12,Post_P12,0,0.19622566599944205,0
4,P12,P12,Post_P12,0,0.5452999130972799,1
4,P12,P12,Post_P12,0,0.375561417694444,0
4,P12,P12,Post_P12,0,0.1699733690620266,0
4,P12,P12,Post_P12,0,0.1867945916564348,0
4,P12,P12,Post_P12,0,0.2477262330169451,0
4,P12,P12,Post_P12,0,0.1943286440830127,0
4,P12,P12,Post_P12,0,0.23553049337506,0
4,P12,P12,Post_P12,0,0.1816751039104532,0
4,P12,P12,Post_P12,0,0.29554871368731944,0
4,P12,P12,Post_P12,0,0.20040668909663267,0
4,P12,P12,Post_P12,0,0.1622949610225475,0
4,P12,P12,Post_P12,0,0.23992817811561973,0
4,P12,P12,Post_P12,0,0.25543502628532383,0
4,P12,P12,Post_P12,0,0.4181770330772368,0
4,P12,P12,Post_P12,0,0.20288774020040773,0
4,P12,P12,Post_P12,0,0.4377454986185815,0
4,P12,P12,Post_P12,0,0.20504380781502726,0
4,P12,P12,Post_P12,0,0.15487805841003127,0
4,P12,P12,Post_P12,0,0.17877570830128228,0
4,P12,P12,Post_P12,0,0.2281926205021527,0
4,P12,P12,Post_P12,0,0.49260867072424247,0
4,P12,P12,Post_P12,0,0.2689201209473557,0
4,P12,P12,Post_P12,0,0.15469700054972746,0
4,P12,P12,Post_P12,0,0.2931983378361552,0
4,P12,P12,Post_P12,0,0.16778026372967889,0
4,P12,P12,Post_P12,0,0.21044304661789906,0
4,P12,P12,Post_P12,0,0.5656143373579515,1
4,P12,P12,Post_P12,0,0.19817542385364306,0
4,P12,P12,Post_P12,0,0.22926261437581638,0
4,P12,P12,Post_P12,0,0.17878564026828594,0
4,P12,P12,Post_P12,0,0.2110972437525404,0
4,P12,P12,Post_P12,0,0.47274042085054724,0
4,P12,P12,Post_P12,0,0.4883624249707755,0
4,P12,P12,Post_P12,0,0.23570983411642532,0
4,P12,P12,Post_P12,0,0.2337673125716509,0
4,P12,P12,Post_P12,0,0.3232969023043331,0
4,P12,P12,Post_P12,0,0.17672520800677138,0
4,P12,P12,Post_P12,0,0.1706683743946712,0
4,P12,P12,Post_P12,0,0.1777765041813877,0
4,P12,P12,Post_P12,0,0.1963064235012907,0
4,P12,P12,Post_P12,0,0.26734211352743953,0
4,P12,P12,Post_P12,0,0.18166367033924213,0
4,P12,P12,Post_P12,0,0.209543645083735,0
4,P12,P12,Post_P12,0,0.31295960445054183,0
4,P12,P12,Post_P12,0,0.4342038933814863,0
4,P12,P12,Post_P12,0,0.17362733287128437,0
4,P12,P12,Post_P12,0,0.23488396088804692,0
4,P12,P12,Post_P12,0,0.18735163667214308,0
4,P12,P12,Post_P12,0,0.17668429532811286,0
4,P12,P12,Post_P12,0,0.3583420034598481,0
4,P12,P12,Post_P12,0,0.20049990886412397,0
4,P12,P12,Post_P12,0,0.28207725620000795,0
4,P12,P12,Post_P12,0,0.15904024148667442,0
4,P12,P12,Post_P12,0,0.21379400845547766,0
4,P12,P12,Post_P12,0,0.2723885713062826,0
4,P12,P12,Post_P12,0,0.32057336251127405,0
4,P12,P12,Post_P12,0,0.24364923223833976,0
4,P12,P12,Post_P12,0,0.21930549070422142,0
4,P12,P12,Post_P12,0,0.14088177681530456,0
4,P12,P12,Post_P12,0,0.18011814797005932,0
4,P12,P12,Post_P12,0,0.2731112697037173,0
4,P12,P12,Post_P12,0,0.20780828216617725,0
4,P12,P12,Post_P12,0,0.24837679997548354,0
4,P12,P12,Post_P12,0,0.21486011405016817,0
4,P12,P12,Post_P12,0,0.466167969089028,0
4,P12,P12,Post_P12,0,0.19335353479627762,0
4,P12,P12,Post_P12,0,0.2348268767392233,0
4,P12,P12,Post_P12,0,0.1791483667340934,0
4,P12,P12,Post_P12,0,0.25179970255553613,0
4,P12,P12,Post_P12,0,0.42737825119696043,0
4,P12,P12,Post_P12,0,0.22505528596379992,0
4,P12,P12,Post_P12,0,0.21024349880917298,0
4,P12,P12,Post_P12,0,0.2882163289210169,0
4,P12,P12,Post_P12,0,0.2868513650213392,0
4,P12,P12,Post_P12,0,0.3500600656343237,0
4,P12,P12,Post_P12,0,0.24448636565943607,0
4,P12,P12,Post_P12,0,0.23761944960010642,0
4,P12,P12,Post_P12,0,0.23481121421371268,0
4,P12,P12,Post_P12,0,0.28451016713534877,0
4,P12,P12,Post_P12,0,0.23938461401874636,0
4,P12,P12,Post_P12,0,0.3108071522043322,0
4,P12,P12,Post_P12,0,0.5413553544711516,1
4,P12,P12,Post_P12,0,0.19489519209656817,0
4,P12,P12,Post_P12,0,0.21737279468449805,0
4,P12,P12,Post_P12,0,0.18831127787354301,0
4,P12,P12,Post_P12,0,0.22851700495132496,0
4,P12,P12,Post_P12,0,0.2721656698271559,0
4,P12,P12,Post_P12,0,0.15401803754612348,0
4,P12,P12,Post_P12,0,0.21384848917929172,0
4,P12,P12,Post_P12,0,0.16123183113242917,0
4,P12,P12,Post_P12,0,0.18556580404671677,0
4,P12,P12,Post_P12,0,0.24136756405223903,0
4,P12,P12,Post_P12,0,0.279428104078886,0
4,P12,P12,Post_P12,0,0.2694872345143457,0
4,P12,P12,Post_P12,0,0.24487967888648582,0
4,P12,P12,Post_P12,0,0.5202736721797366,1
4,P12,P12,Post_P12,0,0.49086841093722566,0
4,P12,P12,Post_P12,0,0.23106242900741303,0
4,P12,P12,Post_P12,0,0.2555082693721971,0
4,P12,P12,Post_P12,0,0.2634290320872304,0
4,P12,P12,Post_P12,0,0.16404090505176924,0
4,P12,P12,Post_P12,0,0.4347057134287199,0
4,P12,P12,Post_P12,0,0.19165167865667615,0
4,P12,P12,Post_P12,0,0.18332040963829205,0
4,P12,P12,Post_P12,0,0.5743577179030742,1
4,P12,P12,Post_P12,0,0.23852134455914195,0
4,P12,P12,Post_P12,0,0.48505046670576657,0
4,P12,P12,Post_P12,0,0.2478419512812752,0
4,P12,P12,Post_P12,0,0.2534926125667888,0
4,P12,P12,Post_P12,0,0.17331280033581858,0
4,P12,P12,Post_P12,0,0.33112481806511646,0
4,P12,P12,Post_P12,0,0.2425424695058857,0
4,P12,P12,Post_P12,0,0.20599766962843366,0
4,P12,P12,Post_P12,0,0.19958576481636675,0
4,P12,P12,Post_P12,0,0.25666585525191,0
4,P12,P12,Post_P12,0,0.19014714010152944,0
4,P12,P12,Post_P12,0,0.2194514901079046,0
4,P12,P12,Post_P12,0,0.1957993805338815,0
4,P12,P12,Post_P12,0,0.3800127370364285,0
4,P12,P12,Post_P12,0,0.29214287933823807,0
4,P12,P12,Post_P12,0,0.16390487192375167,0
4,P12,P12,Post_P12,0,0.19327139100660667,0
4,P12,P12,Post_P12,0,0.18471868102819053,0
4,P12,P12,Post_P12,0,0.216328371442007,0
4,P12,P12,Post_P12,0,0.15571059797901848,0
4,P12,P12,Post_P12,0,0.1702376605647942,0
4,P12,P12,Post_P12,0,0.19038826238503678,0
4,P12,P12,Post_P12,0,0.19640450226283115,0
4,P12,P12,Post_P12,0,0.21610775796441944,0
4,P12,P12,Post_P12,0,0.5730009111716876,1
4,P12,P12,Post_P12,0,0.1304410629003185,0
4,P12,P12,Post_P12,0,0.1416497851618702,0
4,P12,P12,Post_P12,0,0.2522640970216458,0
4,P12,P12,Post_P12,0,0.21665819199663977,0
4,P12,P12,Post_P12,0,0.19566425477167299,0
4,P12,P12,Post_P12,0,0.5687949202102115,1
4,P12,P12,Post_P12,0,0.19574887932587134,0
4,P12,P12,Post_P12,0,0.22358636310454755,0
4,P12,P12,Post_P12,0,0.26711954520583975,0
4,P12,P12,Post_P12,0,0.1587690876655276,0
4,P12,P12,Post_P12,0,0.1974696968387298,0
4,P12,P12,Post_P12,0,0.16070160697641794,0
4,P12,P12,Post_P12,0,0.191967285702525,0
4,P12,P12,Post_P12,0,0.4693503700589512,0
4,P12,P12,Post_P12,0,0.14568965793472788,0
4,P12,P12,Post_P12,0,0.1498562870549733,0
4,P12,P12,Post_P12,0,0.4629102218263125,0
4,P12,P12,Post_P12,0,0.1720832730228948,0
4,P12,P12,Post_P12,0,0.20109120404719708,0
4,P12,P12,Post_P12,0,0.20583631061055183,0
4,P12,P12,Post_P12,0,0.19546653412256632,0
4,P12,P12,Post_P12,0,0.22577409848573365,0
4,P12,P12,Post_P12,0,0.15881336907990465,0
4,P12,P12,Post_P12,0,0.23293456702959361,0
4,P12,P12,Post_P12,0,0.19299939414382794,0
4,P12,P12,Post_P12,0,0.2688075448491912,0
4,P12,P12,Post_P12,0,0.2570858431053289,0
4,P12,P12,Post_P12,0,0.22006750731895547,0
4,P12,P12,Post_P12,0,0.20848956672696498,0
4,P12,P12,Post_P12,0,0.18926915179796355,0
4,P12,P12,Post_P12,0,0.17624754900431389,0
4,P12,P12,Post_P12,0,0.2501953227000694,0
4,P12,P12,Post_P12,0,0.17589410381623283,0
4,P12,P12,Post_P12,0,0.17661193846642328,0
4,P12,P12,Post_P12,0,0.42852134053125424,0
4,P12,P12,Post_P12,0,0.14933577449779945,0
4,P12,P12,Post_P12,0,0.3542985703284656,0
4,P12,P12,Post_P12,0,0.2577779890431652,0
4,P12,P12,Post_P12,0,0.30457146861717016,0
4,P12,P12,Post_P12,0,0.19522492951921,0
4,P12,P12,Post_P12,0,0.3146343148166138,0
4,P12,P12,Post_P12,0,0.1874805865726764,0
4,P12,P12,Post_P12,0,0.2600273375412774,0
4,P12,P12,Post_P12,0,0.2132085614926448,0
4,P12,P12,Post_P12,0,0.24027050501336028,0
4,P12,P12,Post_P12,0,0.17238039431822694,0
4,P12,P12,Post_P12,0,0.2044081052572276,0
4,P12,P12,Post_P12,0,0.25111742686707844,0
4,P12,P12,Post_P12,0,0.4679593344774992,0
4,P12,P12,Post_P12,0,0.2203858829379697,0
4,P12,P12,Post_P12,0,0.22544112602925806,0
4,P12,P12,Post_P12,0,0.1992286962908221,0
4,P12,P12,Post_P12,0,0.21949650654136799,0
4,P12,P12,Post_P12,0,0.16965486996667495,0
4,P12,P12,Post_P12,0,0.27233191417181923,0
4,P12,P12,Post_P12,0,0.3007647909980652,0
4,P12,P12,Post_P12,0,0.3208206981708225,0
4,P12,P12,Post_P12,0,0.5327265407375682,1
4,P12,P12,Post_P12,0,0.13592589826542475,0
4,P12,P12,Post_P12,0,0.22628482958719898,0
4,P12,P12,Post_P12,0,0.18923491513410678,0
4,P12,P12,Post_P12,0,0.20988294067488236,0
4,P12,P12,Post_P12,0,0.39810754805946585,0
4,P12,P12,Post_P12,0,0.19411611683986918,0
4,P12,P12,Post_P12,0,0.16747822399759052,0
4,P12,P12,Post_P12,0,0.24458443942646785,0
4,P12,P12,Post_P12,0,0.22265670780096702,0
4,P12,P12,Post_P12,0,0.22878700697788965,0
4,P12,P12,Post_P12,0,0.284474778744928,0
5,P13,P13,Post_P13,0,0.505042780754827,1
5,P13,P13,Post_P13,0,0.3848817196038438,0
5,P13,P13,Post_P13,0,0.3782984527968341,0
5,P13,P13,Post_P13,0,0.5428458214571135,1
5,P13,P13,Post_P13,0,0.2862907969500021,0
5,P13,P13,Post_P13,0,0.2686473565770624,0
5,P13,P13,Post_P13,0,0.2777473870019358,0
5,P13,P13,Post_P13,0,0.24005370475779766,0
5,P13,P13,Post_P13,0,0.15523779222160775,0
5,P13,P13,Post_P13,0,0.2962018223376804,0
5,P13,P13,Post_P13,0,0.34180023837745294,0
5,P13,P13,Post_P13,0,0.42420766596961923,0
5,P13,P13,Post_P13,0,0.31314189143308246,0
5,P13,P13,Post_P13,0,0.3760414334832354,0
5,P13,P13,Post_P13,0,0.2627602040463019,0
5,P13,P13,Post_P13,0,0.23334301551277228,0
5,P13,P13,Post_P13,0,0.24714709361693116,0
5,P13,P13,Post_P13,0,0.37476162736025215,0
5,P13,P13,Post_P13,0,0.5045608544857701,1
5,P13,P13,Post_P13,0,0.38969408252013243,0
5,P13,P13,Post_P13,0,0.330310419497987,0
5,P13,P13,Post_P13,0,0.5202389335511299,1
5,P13,P13,Post_P13,0,0.4705332130035529,0
5,P13,P13,Post_P13,0,0.5138294666141403,1
5,P13,P13,Post_P13,0,0.2551154573276246,0
5,P13,P13,Post_P13,0,0.41674544997773255,0
5,P13,P13,Post_P13,0,0.4666960979807968,0
5,P13,P13,Post_P13,0,0.42208817824750067,0
5,P13,P13,Post_P13,0,0.3089223269734734,0
5,P13,P13,Post_P13,0,0.4229849534517942,0
5,P13,P13,Post_P13,0,0.1871589937479517,0
5,P13,P13,Post_P13,0,0.419618580938636,0
5,P13,P13,Post_P13,0,0.4218016746959321,0
5,P13,P13,Post_P13,0,0.2159784563652181,0
5,P13,P13,Post_P13,0,0.5324267927505983,1
5,P13,P13,Post_P13,0,0.39182638544960297,0
5,P13,P13,Post_P13,0,0.5169070925915569,1
5,P13,P13,Post_P13,0,0.42299585793508876,0
5,P13,P13,Post_P13,0,0.4386815671570976,0
5,P13,P13,Post_P13,0,0.3840740634591635,0
5,P13,P13,Post_P13,0,0.4579911417812671,0
5,P13,P13,Post_P13,0,0.36275542472929634,0
5,P13,P13,Post_P13,0,0.1867103715116757,0
5,P13,P13,Post_P13,0,0.29678217088795084,0
5,P13,P13,Post_P13,0,0.24206089027356056,0
5,P13,P13,Post_P13,0,0.2928037761379153,0
5,P13,P13,Post_P13,0,0.4702972078457326,0
5,P13,P13,Post_P13,0,0.22704789400394335,0
5,P13,P13,Post_P13,0,0.38413976420488505,0
5,P13,P13,Post_P13,0,0.48556716266360106,0
5,P13,P13,Post_P13,0,0.3062983251353262,0
5,P13,P13,Post_P13,0,0.4295851751519393,0
5,P13,P13,Post_P13,0,0.46493240849138295,0
5,P13,P13,Post_P13,0,0.4968136041093373,0
5,P13,P13,Post_P13,0,0.4593275410555391,0
5,P13,P13,Post_P13,0,0.2709521045396918,0
5,P13,P13,Post_P13,0,0.39272251766004523,0
5,P13,P13,Post_P13,0,0.42513119665322663,0
5,P13,P13,Post_P13,0,0.3300480334819845,0
5,P13,P13,Post_P13,0,0.4033570144743222,0
5,P13,P13,Post_P13,0,0.21146457158868834,0
5,P13,P13,Post_P13,0,0.39868603917117784,0
5,P13,P13,Post_P13,0,0.5063072123246899,1
5,P13,P13,Post_P13,0,0.3331161696148818,0
5,P13,P13,Post_P13,0,0.30894224641469265,0
5,P13,P13,Post_P13,0,0.5005198883546658,1
5,P13,P13,Post_P13,0,0.2753611720610651,0
5,P13,P13,Post_P13,0,0.5041369020737965,1
5,P13,P13,Post_P13,0,0.3849131625638518,0
5,P13,P13,Post_P13,0,0.3740283507687685,0
5,P13,P13,Post_P13,0,0.3533429645624062,0
5,P13,P13,Post_P13,0,0.4214300241013775,0
5,P13,P13,Post_P13,0,0.4189513455965575,0
5,P13,P13,Post_P13,0,0.4189513455965575,0
5,P13,P13,Post_P13,0,0.397750128694595,0
5,P13,P13,Post_P13,0,0.33619975889009934,0
5,P13,P13,Post_P13,0,0.3272132108783572,0
5,P13,P13,Post_P13,0,0.3205264727001455,0
5,P13,P13,Post_P13,0,0.2601150360991968,0
5,P13,P13,Post_P13,0,0.3056289000972464,0
5,P13,P13,Post_P13,0,0.2762431289074239,0
5,P13,P13,Post_P13,0,0.25952168164454,0
5,P13,P13,Post_P13,0,0.2241050837591366,0
5,P13,P13,Post_P13,0,0.5220362407363145,1
5,P13,P13,Post_P13,0,0.39828014147927615,0
5,P13,P13,Post_P13,0,0.5116175199755905,1
5,P13,P13,Post_P13,0,0.34324387566538084,0
5,P13,P13,Post_P13,0,0.3165717835658534,0
5,P13,P13,Post_P13,0,0.35741637064381104,0
5,P13,P13,Post_P13,0,0.566141178153869,1
5,P13,P13,Post_P13,0,0.6758860721821832,1
5,P13,P13,Post_P13,0,0.25424349172582195,0
5,P13,P13,Post_P13,0,0.4429409504306835,0
5,P13,P13,Post_P13,0,0.31669048822326307,0
5,P13,P13,Post_P13,0,0.8087843474498849,1
5,P13,P13,Post_P13,0,0.2615881084265179,0
5,P13,P13,Post_P13,0,0.4221923687241226,0
5,P13,P13,Post_P13,0,0.40027222846843574,0
5,P13,P13,Post_P13,0,0.40948840414497845,0
5,P13,P13,Post_P13,0,0.31507185737556037,0
5,P13,P13,Post_P13,0,0.31259986492068115,0
5,P13,P13,Post_P13,0,0.4340083379371437,0
5,P13,P13,Post_P13,0,0.3803546502192184,0
5,P13,P13,Post_P13,0,0.3644408781213528,0
5,P13,P13,Post_P13,0,0.5176261871515497,1
5,P13,P13,Post_P13,0,0.25811514555572035,0
5,P13,P13,Post_P13,0,0.41116933722512594,0
5,P13,P13,Post_P13,0,0.31895609007700476,0
5,P13,P13,Post_P13,0,0.38651868688441277,0
5,P13,P13,Post_P13,0,0.3674525657423652,0
5,P13,P13,Post_P13,0,0.39872441427518945,0
5,P13,P13,Post_P13,0,0.36861716788848625,0
5,P13,P13,Post_P13,0,0.43667887545213874,0
5,P13,P13,Post_P13,0,0.4361608816752356,0
5,P13,P13,Post_P13,0,0.43641592473155943,0
5,P13,P13,Post_P13,0,0.3764397002823922,0
5,P13,P13,Post_P13,0,0.4864779473215787,0
5,P13,P13,Post_P13,0,0.42597869418245454,0
5,P13,P13,Post_P13,0,0.2817132193955683,0
5,P13,P13,Post_P13,0,0.42531024052292593,0
5,P13,P13,Post_P13,0,0.3335141702829653,0
5,P13,P13,Post_P13,0,0.4968136041093373,0
5,P13,P13,Post_P13,0,0.2385738381615948,0
5,P13,P13,Post_P13,0,0.23442530603646697,0
5,P13,P13,Post_P13,0,0.2019597243683749,0
5,P13,P13,Post_P13,0,0.3427208866046914,0
5,P13,P13,Post_P13,0,0.46405674022511967,0
5,P13,P13,Post_P13,0,0.3278714608955369,0
5,P13,P13,Post_P13,0,0.4295156666885819,0
5,P13,P13,Post_P13,0,0.39730483595514476,0
5,P13,P13,Post_P13,0,0.3206637295626866,0
5,P13,P13,Post_P13,0,0.5212940013716808,1
5,P13,P13,Post_P13,0,0.33354320949521504,0
5,P13,P13,Post_P13,0,0.4068264089239279,0
5,P13,P13,Post_P13,0,0.41249387246762925,0
5,P13,P13,Post_P13,0,0.4715241877604533,0
5,P13,P13,Post_P13,0,0.2533055999601193,0
5,P13,P13,Post_P13,0,0.3783987941167666,0
5,P13,P13,Post_P13,0,0.21992942790038422,0
5,P13,P13,Post_P13,0,0.4266624416972083,0
5,P13,P13,Post_P13,0,0.5241278544346556,1
5,P13,P13,Post_P13,0,0.4396990873791444,0
5,P13,P13,Post_P13,0,0.34158594117407615,0
5,P13,P13,Post_P13,0,0.3361321029115485,0
5,P13,P13,Post_P13,0,0.39434808795728066,0
5,P13,P13,Post_P13,0,0.2948139358957067,0
5,P13,P13,Post_P13,0,0.42555189326551807,0
5,P13,P13,Post_P13,0,0.26709481733803314,0
5,P13,P13,Post_P13,0,0.3384237819400078,0
5,P13,P13,Post_P13,0,0.44118258636264124,0
5,P13,P13,Post_P13,0,0.21688542250002915,0
5,P13,P13,Post_P13,0,0.2327638598531136,0
5,P13,P13,Post_P13,0,0.280871350353542,0
5,P13,P13,Post_P13,0,0.269110846110715,0
5,P13,P13,Post_P13,0,0.4289554773675763,0
5,P13,P13,Post_P13,0,0.28395094996254383,0
5,P13,P13,Post_P13,0,0.44509629012624236,0
5,P13,P13,Post_P13,0,0.3858350752132809,0
5,P13,P13,Post_P13,0,0.5060214382827688,1
5,P13,P13,Post_P13,0,0.17401999301907092,0
5,P13,P13,Post_P13,0,0.47386912111429236,0
5,P13,P13,Post_P13,0,0.421304087708717,0
5,P13,P13,Post_P13,0,0.28986535939361635,0
5,P13,P13,Post_P13,0,0.25597037509171444,0
5,P13,P13,Post_P13,0,0.43949237884018405,0
5,P13,P13,Post_P13,0,0.44841457974333093,0
5,P13,P13,Post_P13,0,0.33990541254131196,0
5,P13,P13,Post_P13,0,0.3881735174101531,0
5,P13,P13,Post_P13,0,0.17222506819639297,0
5,P13,P13,Post_P13,0,0.4414141603243771,0
5,P13,P13,Post_P13,0,0.40824627451033646,0
5,P13,P13,Post_P13,0,0.3331687273579918,0
5,P13,P13,Post_P13,0,0.2870225095325474,0
5,P13,P13,Post_P13,0,0.2525036142747968,0
5,P13,P13,Post_P13,0,0.43650504270200774,0
5,P13,P13,Post_P13,0,0.3227112638375608,0
5,P13,P13,Post_P13,0,0.2767413066205845,0
5,P13,P13,Post_P13,0,0.2683914876991793,0
5,P13,P13,Post_P13,0,0.45346562425554465,0
5,P13,P13,Post_P13,0,0.3448215353001289,0
5,P13,P13,Post_P13,0,0.19630327450466648,0
5,P13,P13,Post_P13,0,0.3061859500549266,0
5,P13,P13,Post_P13,0,0.22420666122883834,0
5,P13,P13,Post_P13,0,0.2529653259702345,0
5,P13,P13,Post_P13,0,0.2855673424015232,0
5,P13,P13,Post_P13,0,0.5086231479894168,1
5,P13,P13,Post_P13,0,0.5125857824685316,1
5,P13,P13,Post_P13,0,0.3816294328879322,0
5,P13,P13,Post_P13,0,0.40268271197442357,0
5,P13,P13,Post_P13,0,0.3895565300604886,0
5,P13,P13,Post_P13,0,0.47811912838638804,0
5,P13,P13,Post_P13,0,0.3801206745470307,0
5,P13,P13,Post_P13,0,0.39055364636046275,0
5,P13,P13,Post_P13,0,0.4735690232559905,0
5,P13,P13,Post_P13,0,0.5009762550765201,1
5,P13,P13,Post_P13,0,0.36468364180680163,0
5,P13,P13,Post_P13,0,0.4079830598530095,0
5,P13,P13,Post_P13,0,0.48225407124784414,0
5,P13,P13,Post_P13,0,0.2007679295272689,0
5,P13,P13,Post_P13,0,0.21343166144271453,0
5,P13,P13,Post_P13,0,0.35214789255572165,0
5,P13,P13,Post_P13,0,0.19404859960041884,0
5,P13,P13,Post_P13,0,0.41151511964823295,0
5,P13,P13,Post_P13,0,0.3387847780324736,0
5,P13,P13,Post_P13,0,0.3514627085166111,0
5,P13,P13,Post_P13,0,0.43918381185171435,0
5,P13,P13,Post_P13,0,0.4762981261207652,0
5,P13,P13,Post_P13,0,0.46826251044094047,0
5,P13,P13,Post_P13,0,0.2859472608040874,0
5,P13,P13,Post_P13,0,0.36894845379280033,0
5,P13,P13,Post_P13,0,0.4543944567391133,0
5,P13,P13,Post_P13,0,0.3939650791365813,0
5,P13,P13,Post_P13,0,0.5601989493958867,1
5,P13,P13,Post_P13,0,0.19589394559599435,0
5,P13,P13,Post_P13,0,0.27746651169945263,0
5,P13,P13,Post_P13,0,0.36004512259549915,0
5,P13,P13,Post_P13,0,0.3558609822122554,0
5,P13,P13,Post_P13,0,0.34781190863447115,0
5,P13,P13,Post_P13,0,0.4626710792187578,0
5,P13,P13,Post_P13,0,0.36865149475943165,0
5,P13,P13,Post_P13,0,0.4471349038055848,0
5,P13,P13,Post_P13,0,0.5346174302040029,1
5,P13,P13,Post_P13,0,0.17529432647671667,0
5,P13,P13,Post_P13,0,0.33569408575140575,0
5,P13,P13,Post_P13,0,0.3024010100581793,0
5,P13,P13,Post_P13,0,0.2862102429959931,0
5,P13,P13,Post_P13,0,0.2857505314567213,0
5,P13,P13,Post_P13,0,0.32070936041940123,0
5,P13,P13,Post_P13,0,0.46064084056756177,0
5,P13,P13,Post_P13,0,0.46400989290576156,0
5,P13,P13,Post_P13,0,0.3811004173996756,0
5,P13,P13,Post_P13,0,0.37492657039303207,0
5,P13,P13,Post_P13,0,0.4193050687753574,0
5,P13,P13,Post_P13,0,0.34823797369973514,0
5,P13,P13,Post_P13,0,0.3694328763107543,0
5,P13,P13,Post_P13,0,0.45438684201234586,0
5,P13,P13,Post_P13,0,0.43525035136021617,0
5,P13,P13,Post_P13,0,0.3220343892128463,0
5,P13,P13,Post_P13,0,0.5026764082590979,1
5,P13,P13,Post_P13,0,0.4778868444814476,0
5,P13,P13,Post_P13,0,0.2396414481809462,0
5,P13,P13,Post_P13,0,0.24253281392954593,0
5,P13,P13,Post_P13,0,0.34724728215135625,0
5,P13,P13,Post_P13,0,0.15386391241950023,0
5,P13,P13,Post_P13,0,0.48747941804619455,0
5,P13,P13,Post_P13,0,0.5354268702375187,1
5,P13,P13,Post_P13,0,0.3749742928976662,0
5,P13,P13,Post_P13,0,0.3261449032905984,0
5,P13,P13,Post_P13,0,0.36876141752486996,0
5,P13,P13,Post_P13,0,0.39538395045062424,0
5,P13,P13,Post_P13,0,0.3309330967671651,0
5,P13,P13,Post_P13,0,0.466837606575969,0
5,P13,P13,Post_P13,0,0.33196238012015084,0
5,P13,P13,Post_P13,0,0.3467670128793599,0
5,P13,P13,Post_P13,0,0.2656985534080648,0
5,P13,P13,Post_P13,0,0.4773829505218863,0
5,P13,P13,Post_P13,0,0.3387998621215536,0
5,P13,P13,Post_P13,0,0.5173513991189276,1
5,P13,P13,Post_P13,0,0.44810133977048233,0
5,P13,P13,Post_P13,0,0.37792387855810555,0
5,P13,P13,Post_P13,0,0.5056523690050024,1
5,P13,P13,Post_P13,0,0.40861095569156136,0
5,P13,P13,Post_P13,0,0.29860048472121814,0
5,P13,P13,Post_P13,0,0.24328882511827613,0
5,P13,P13,Post_P13,0,0.3821034875315969,0
5,P13,P13,Post_P13,0,0.3214814866932769,0
5,P13,P13,Post_P13,0,0.18901981474109675,0
5,P13,P13,Post_P13,0,0.32419405258903466,0
5,P13,P13,Post_P13,0,0.2508903015603643,0
5,P13,P13,Post_P13,0,0.3768788909878636,0
5,P13,P13,Post_P13,0,0.2627611349244519,0
5,P13,P13,Post_P13,0,0.17766687758640193,0
5,P13,P13,Post_P13,0,0.4676087833850797,0
5,P13,P13,Post_P13,0,0.3553152984664055,0
5,P13,P13,Post_P13,0,0.32975611787227943,0
5,P13,P13,Post_P13,0,0.20697754883753555,0
5,P13,P13,Post_P13,0,0.27321111097011824,0
5,P13,P13,Post_P13,0,0.16860529387287396,0
5,P13,P13,Post_P13,0,0.36511422632036156,0
5,P13,P13,Post_P13,0,0.23365596269050662,0
5,P13,P13,Post_P13,0,0.13363194709494342,0
5,P13,P13,Post_P13,0,0.49272585769933985,0
5,P13,P13,Post_P13,0,0.786426373908025,1
5,P13,P13,Post_P13,0,0.29752767989832574,0
5,P13,P13,Post_P13,0,0.217970661222113,0
5,P13,P13,Post_P13,0,0.2070394196766347,0
5,P13,P13,Post_P13,0,0.595181083940698,1
5,P13,P13,Post_P13,0,0.2378200296253929,0
5,P13,P13,Post_P13,0,0.1353953931968268,0
5,P13,P13,Post_P13,0,0.48775153239360164,0
5,P13,P13,Post_P13,0,0.2834523824713962,0
5,P13,P13,Post_P13,0,0.23137374176180667,0
5,P13,P13,Post_P13,0,0.22173650774280998,0
5,P13,P13,Post_P13,0,0.23711600960269072,0
5,P13,P13,Post_P13,0,0.4643443898672043,0
5,P13,P13,Post_P13,0,0.4200946585324552,0
5,P13,P13,Post_P13,0,0.32241562106328164,0
5,P13,P13,Post_P13,0,0.24318981145752966,0
5,P13,P13,Post_P13,0,0.41048976793782505,0
5,P13,P13,Post_P13,0,0.22239164647875678,0
5,P13,P13,Post_P13,0,0.457994428468204,0
5,P13,P13,Post_P13,0,0.19045376463515898,0
5,P13,P13,Post_P13,0,0.5301904179562988,1
5,P13,P13,Post_P13,0,0.30195876153823226,0
5,P13,P13,Post_P13,0,0.21457546589475915,0
5,P13,P13,Post_P13,0,0.19582980610413478,0
5,P13,P13,Post_P13,0,0.40508573486648686,0
5,P13,P13,Post_P13,0,0.40594933564614977,0
5,P13,P13,Post_P13,0,0.15243888614504617,0
5,P13,P13,Post_P13,0,0.2832505552177547,0
5,P13,P13,Post_P13,0,0.26433366979550416,0
5,P13,P13,Post_P13,0,0.17464607966828147,0
5,P13,P13,Post_P13,0,0.20899891172833218,0
5,P13,P13,Post_P13,0,0.22702439371430824,0
5,P13,P13,Post_P13,0,0.4043831082809533,0
5,P13,P13,Post_P13,0,0.25102127192794255,0
5,P13,P13,Post_P13,0,0.15243888614504617,0
5,P13,P13,Post_P13,0,0.21045805607122356,0
5,P13,P13,Post_P13,0,0.3585789331985229,0
5,P13,P13,Post_P13,0,0.1844164230571715,0
5,P13,P13,Post_P13,0,0.3259865984771173,0
5,P13,P13,Post_P13,0,0.3583844481891579,0
5,P13,P13,Post_P13,0,0.23992146492446226,0
5,P13,P13,Post_P13,0,0.17333540090682042,0
5,P13,P13,Post_P13,0,0.13363194709494342,0
5,P13,P13,Post_P13,0,0.5115963105346414,1
5,P13,P13,Post_P13,0,0.27161443476150593,0
5,P13,P13,Post_P13,0,0.16273058288347922,0
5,P13,P13,Post_P13,0,0.265682949591928,0
5,P13,P13,Post_P13,0,0.3348389718773061,0
5,P13,P13,Post_P13,0,0.5236274063338371,1
5,P13,P13,Post_P13,0,0.23878849834044014,0
5,P13,P13,Post_P13,0,0.5235078218678166,1
5,P13,P13,Post_P13,0,0.16273058288347922,0
5,P13,P13,Post_P13,0,0.23153063967410462,0
5,P13,P13,Post_P13,0,0.5369994273987378,1
5,P13,P13,Post_P13,0,0.2723954511692333,0
5,P13,P13,Post_P13,0,0.2306056293863394,0
5,P13,P13,Post_P13,0,0.2833237788083826,0
5,P13,P13,Post_P13,0,0.5293670994363959,1
5,P13,P13,Post_P13,0,0.20899891172833218,0
5,P13,P13,Post_P13,0,0.31041027517220837,0
5,P13,P13,Post_P13,0,0.2929298738841131,0
5,P13,P13,Post_P13,0,0.2816819214892081,0
5,P13,P13,Post_P13,0,0.453868268336276,0
5,P13,P13,Post_P13,0,0.276943151472165,0
5,P13,P13,Post_P13,0,0.3342087430605965,0
5,P13,P13,Post_P13,0,0.2944497368444495,0
5,P13,P13,Post_P13,0,0.32766029096070304,0
5,P13,P13,Post_P13,0,0.259843359399916,0
5,P13,P13,Post_P13,0,0.2680195507872372,0
5,P13,P13,Post_P13,0,0.3182117422570596,0
5,P13,P13,Post_P13,0,0.33673492317206905,0
5,P13,P13,Post_P13,0,0.5166694754321718,1
5,P13,P13,Post_P13,0,0.31050610302206966,0
5,P13,P13,Post_P13,0,0.1733656052865288,0
5,P13,P13,Post_P13,0,0.13919479220542239,0
5,P13,P13,Post_P13,0,0.5376326766894366,1
5,P13,P13,Post_P13,0,0.18538513472984558,0
5,P13,P13,Post_P13,0,0.2116954496504497,0
5,P13,P13,Post_P13,0,0.377871116004851,0
5,P13,P13,Post_P13,0,0.4325714113817138,0
5,P13,P13,Post_P13,0,0.25037275300138984,0
5,P13,P13,Post_P13,0,0.3698834741225927,0
5,P13,P13,Post_P13,0,0.29713153689529787,0
5,P13,P13,Post_P13,0,0.3217498050244566,0
5,P13,P13,Post_P13,0,0.2688243349625459,0
5,P13,P13,Post_P13,0,0.19517968426394913,0
5,P13,P13,Post_P13,0,0.17860576440675582,0
5,P13,P13,Post_P13,0,0.4358271702901065,0
5,P13,P13,Post_P13,0,0.2245526366322676,0
5,P13,P13,Post_P13,0,0.18059483710977425,0
5,P13,P13,Post_P13,0,0.22987306483020237,0
5,P13,P13,Post_P13,0,0.3015500574792848,0
5,P13,P13,Post_P13,0,0.22211490461354355,0
5,P13,P13,Post_P13,0,0.3225870724172725,0
5,P13,P13,Post_P13,0,0.3808975805413897,0
5,P13,P13,Post_P13,0,0.28821801891646864,0
5,P13,P13,Post_P13,0,0.2042597601133614,0
5,P13,P13,Post_P13,0,0.28089384781236904,0
5,P13,P13,Post_P13,0,0.29430073791873007,0
5,P13,P13,Post_P13,0,0.28656558663961723,0
5,P13,P13,Post_P13,0,0.23359327111467557,0
5,P13,P13,Post_P13,0,0.21512204252597522,0
5,P13,P13,Post_P13,0,0.14766591977801063,0
5,P13,P13,Post_P13,0,0.43816495209996087,0
5,P13,P13,Post_P13,0,0.22453993074193823,0
5,P13,P13,Post_P13,0,0.2111526705899151,0
5,P13,P13,Post_P13,0,0.232403660431422,0
5,P13,P13,Post_P13,0,0.5505188645378067,1
5,P13,P13,Post_P13,0,0.23308845313797588,0
5,P13,P13,Post_P13,0,0.3190713084654905,0
5,P13,P13,Post_P13,0,0.2784360639237935,0
5,P13,P13,Post_P13,0,0.24597235714430501,0
5,P13,P13,Post_P13,0,0.21358970401010272,0
5,P13,P13,Post_P13,0,0.23721050792990622,0
5,P13,P13,Post_P13,0,0.25037275300138984,0
5,P13,P13,Post_P13,0,0.17059708695131168,0
5,P13,P13,Post_P13,0,0.3279449336063887,0
5,P13,P13,Post_P13,0,0.26641824764032185,0
5,P13,P13,Post_P13,0,0.35275655861412997,0
5,P13,P13,Post_P13,0,0.1859436648612962,0
5,P13,P13,Post_P13,0,0.37651851736632985,0
5,P13,P13,Post_P13,0,0.21517376410453704,0
5,P13,P13,Post_P13,0,0.20971336970203075,0
5,P13,P13,Post_P13,0,0.4141695031399504,0
5,P13,P13,Post_P13,0,0.2208924452057692,0
5,P13,P13,Post_P13,0,0.4241387877472886,0
5,P13,P13,Post_P13,0,0.22845670184086747,0
5,P13,P13,Post_P13,0,0.16894676469698933,0
5,P13,P13,Post_P13,0,0.18870463427676318,0
5,P13,P13,Post_P13,0,0.41744420578549923,0
5,P13,P13,Post_P13,0,0.7211361785074852,1
5,P13,P13,Post_P13,0,0.2693477916605181,0
5,P13,P13,Post_P13,0,0.20702448693552472,0
5,P13,P13,Post_P13,0,0.2749474859160449,0
5,P13,P13,Post_P13,0,0.22666204626710434,0
5,P13,P13,Post_P13,0,0.18960606406159375,0
5,P13,P13,Post_P13,0,0.43816305551328816,0
5,P13,P13,Post_P13,0,0.4196222025624197,0
5,P13,P13,Post_P13,0,0.30640959477540713,0
5,P13,P13,Post_P13,0,0.2971624531823704,0
5,P13,P13,Post_P13,0,0.2816971001708121,0
5,P13,P13,Post_P13,0,0.33971081884509824,0
5,P13,P13,Post_P13,0,0.20308659778186613,0
5,P13,P13,Post_P13,0,0.18960606406159375,0
5,P13,P13,Post_P13,0,0.3232251742259374,0
5,P13,P13,Post_P13,0,0.3235781002803605,0
5,P13,P13,Post_P13,0,0.2487067653608011,0
5,P13,P13,Post_P13,0,0.1699284864380009,0
5,P13,P13,Post_P13,0,0.21318287040548806,0
5,P13,P13,Post_P13,0,0.20459275579328992,0
5,P13,P13,Post_P13,0,0.3149003016831494,0
5,P13,P13,Post_P13,0,0.14455720465801367,0
5,P13,P13,Post_P13,0,0.34804973045393867,0
5,P13,P13,Post_P13,0,0.22157434000475754,0
5,P13,P13,Post_P13,0,0.2620754014524063,0
5,P13,P13,Post_P13,0,0.2738796126865,0
5,P13,P13,Post_P13,0,0.2535323157461607,0
5,P13,P13,Post_P13,0,0.16894676469698933,0
5,P13,P13,Post_P13,0,0.2932759332907841,0
5,P13,P13,Post_P13,0,0.37305902144772235,0
5,P13,P13,Post_P13,0,0.3286168403263965,0
5,P13,P13,Post_P13,0,0.31498329157366817,0
5,P13,P13,Post_P13,0,0.44863521512824817,0
5,P13,P13,Post_P13,0,0.3254804411783199,0
5,P13,P13,Post_P13,0,0.2420862795942593,0
5,P13,P13,Post_P13,0,0.4056678842450728,0
5,P13,P13,Post_P13,0,0.19091005170720463,0
6,P14,P14,Post_P14,0,0.4564862238882007,0
6,P14,P14,Post_P14,0,0.44517668779020836,0
6,P14,P14,Post_P14,0,0.4242921200354082,0
6,P14,P14,Post_P14,0,0.4019523980010587,0
6,P14,P14,Post_P14,0,0.38930419912884284,0
6,P14,P14,Post_P14,0,0.36955412367721363,0
6,P14,P14,Post_P14,0,0.25216531332578906,0
6,P14,P14,Post_P14,0,0.2856857497984288,0
6,P14,P14,Post_P14,0,0.4586987766534396,0
6,P14,P14,Post_P14,0,0.3616529469840488,0
6,P14,P14,Post_P14,0,0.29031084276211416,0
6,P14,P14,Post_P14,0,0.4024180206599905,0
6,P14,P14,Post_P14,0,0.26805505815795705,0
6,P14,P14,Post_P14,0,0.48619836607727523,0
6,P14,P14,Post_P14,0,0.4514268024867283,0
6,P14,P14,Post_P14,0,0.29988603748504455,0
6,P14,P14,Post_P14,0,0.34383880035080905,0
6,P14,P14,Post_P14,0,0.3971258093866814,0
6,P14,P14,Post_P14,0,0.4742832326739378,0
6,P14,P14,Post_P14,0,0.36086229201859316,0
6,P14,P14,Post_P14,0,0.416556543203051,0
6,P14,P14,Post_P14,0,0.2576785728364333,0
6,P14,P14,Post_P14,0,0.21163878226184715,0
6,P14,P14,Post_P14,0,0.260951386298177,0
6,P14,P14,Post_P14,0,0.2731162937485876,0
6,P14,P14,Post_P14,0,0.2353918688192222,0
6,P14,P14,Post_P14,0,0.22324978901450385,0
6,P14,P14,Post_P14,0,0.3954816999421593,0
6,P14,P14,Post_P14,0,0.4257829762340626,0
6,P14,P14,Post_P14,0,0.3049793805827334,0
6,P14,P14,Post_P14,0,0.2987331824450366,0
6,P14,P14,Post_P14,0,0.2783963105695232,0
6,P14,P14,Post_P14,0,0.4092096441523587,0
6,P14,P14,Post_P14,0,0.2715431701012993,0
6,P14,P14,Post_P14,0,0.2869860012950895,0
6,P14,P14,Post_P14,0,0.1777262584326269,0
6,P14,P14,Post_P14,0,0.2551841353826416,0
6,P14,P14,Post_P14,0,0.22123707744964194,0
6,P14,P14,Post_P14,0,0.28908017092121313,0
6,P14,P14,Post_P14,0,0.3307656969592359,0
6,P14,P14,Post_P14,0,0.2636888036255119,0
6,P14,P14,Post_P14,0,0.3347858633654871,0
6,P14,P14,Post_P14,0,0.2962503453217107,0
6,P14,P14,Post_P14,0,0.23749307308010684,0
6,P14,P14,Post_P14,0,0.41029962701818634,0
6,P14,P14,Post_P14,0,0.4040084945634329,0
6,P14,P14,Post_P14,0,0.2819306104283836,0
6,P14,P14,Post_P14,0,0.41619291567575145,0
6,P14,P14,Post_P14,0,0.46843278475534234,0
6,P14,P14,Post_P14,0,0.44695899175458065,0
6,P14,P14,Post_P14,0,0.25140273679883285,0
6,P14,P14,Post_P14,0,0.27964214495786577,0
6,P14,P14,Post_P14,0,0.3024854141173147,0
6,P14,P14,Post_P14,0,0.39693354143019405,0
6,P14,P14,Post_P14,0,0.4653722791819361,0
6,P14,P14,Post_P14,0,0.44322627846177154,0
6,P14,P14,Post_P14,0,0.38898001839458085,0
6,P14,P14,Post_P14,0,0.22406762260360788,0
6,P14,P14,Post_P14,0,0.3352758573727828,0
6,P14,P14,Post_P14,0,0.28494174290360874,0
6,P14,P14,Post_P14,0,0.4997807269746983,0
6,P14,P14,Post_P14,0,0.4366175838085911,0
6,P14,P14,Post_P14,0,0.27974298189355057,0
6,P14,P14,Post_P14,0,0.27340533586676663,0
6,P14,P14,Post_P14,0,0.46037086487630646,0
6,P14,P14,Post_P14,0,0.28798998974083906,0
6,P14,P14,Post_P14,0,0.4976174133009771,0
6,P14,P14,Post_P14,0,0.29379041957751173,0
6,P14,P14,Post_P14,0,0.2992114683724432,0
6,P14,P14,Post_P14,0,0.2455696856499404,0
6,P14,P14,Post_P14,0,0.46338072307103645,0
6,P14,P14,Post_P14,0,0.28263776925302286,0
6,P14,P14,Post_P14,0,0.43809664601832665,0
6,P14,P14,Post_P14,0,0.3422073007094116,0
6,P14,P14,Post_P14,0,0.29995647544494597,0
6,P14,P14,Post_P14,0,0.514365583642463,1
6,P14,P14,Post_P14,0,0.42790299056927866,0
6,P14,P14,Post_P14,0,0.21959960840263548,0
6,P14,P14,Post_P14,0,0.22926681180891742,0
6,P14,P14,Post_P14,0,0.3547519433236859,0
6,P14,P14,Post_P14,0,0.442306981179939,0
6,P14,P14,Post_P14,0,0.2722241037240396,0
6,P14,P14,Post_P14,0,0.3909706280275586,0
6,P14,P14,Post_P14,0,0.5125616851177459,1
6,P14,P14,Post_P14,0,0.31409914882094353,0
6,P14,P14,Post_P14,0,0.487278462302898,0
6,P14,P14,Post_P14,0,0.5112104218960442,1
6,P14,P14,Post_P14,0,0.39650440365239514,0
6,P14,P14,Post_P14,0,0.21536486688747325,0
6,P14,P14,Post_P14,0,0.2547217999443935,0
6,P14,P14,Post_P14,0,0.33293554772891054,0
6,P14,P14,Post_P14,0,0.40302261428994096,0
6,P14,P14,Post_P14,0,0.32124795391718675,0
6,P14,P14,Post_P14,0,0.30731608857019627,0
6,P14,P14,Post_P14,0,0.2685491912882636,0
6,P14,P14,Post_P14,0,0.3083277961019982,0
6,P14,P14,Post_P14,0,0.38089910913971836,0
6,P14,P14,Post_P14,0,0.2468999179558636,0
6,P14,P14,Post_P14,0,0.2759379510817008,0
6,P14,P14,Post_P14,0,0.25404687346276816,0
6,P14,P14,Post_P14,0,0.37370749655109003,0
6,P14,P14,Post_P14,0,0.2614280996876979,0
6,P14,P14,Post_P14,0,0.40365562251357473,0
6,P14,P14,Post_P14,0,0.380547301266443,0
6,P14,P14,Post_P14,0,0.3741243944269815,0
6,P14,P14,Post_P14,0,0.2750986482711487,0
6,P14,P14,Post_P14,0,0.28034803892669935,0
6,P14,P14,Post_P14,0,0.3526555317911332,0
6,P14,P14,Post_P14,0,0.2650114353135142,0
6,P14,P14,Post_P14,0,0.30549647882886194,0
6,P14,P14,Post_P14,0,0.2882895888095154,0
6,P14,P14,Post_P14,0,0.42662005917621354,0
6,P14,P14,Post_P14,0,0.28767699763720156,0
6,P14,P14,Post_P14,0,0.3209224175026157,0
6,P14,P14,Post_P14,0,0.3561419146412068,0
6,P14,P14,Post_P14,0,0.2949535991193664,0
6,P14,P14,Post_P14,0,0.47852125540584806,0
6,P14,P14,Post_P14,0,0.4058762927463941,0
6,P14,P14,Post_P14,0,0.3219176749865765,0
6,P14,P14,Post_P14,0,0.5178913441393703,1
6,P14,P14,Post_P14,0,0.3816627881281411,0
6,P14,P14,Post_P14,0,0.4575648299878847,0
6,P14,P14,Post_P14,0,0.31751549393804085,0
6,P14,P14,Post_P14,0,0.30607956644019646,0
6,P14,P14,Post_P14,0,0.24568847878319985,0
6,P14,P14,Post_P14,0,0.412631700269369,0
6,P14,P14,Post_P14,0,0.2931305397762674,0
6,P14,P14,Post_P14,0,0.29963174764037337,0
6,P14,P14,Post_P14,0,0.42011351882354064,0
6,P14,P14,Post_P14,0,0.46175297755262407,0
6,P14,P14,Post_P14,0,0.30230302459700137,0
6,P14,P14,Post_P14,0,0.25331576267190464,0
6,P14,P14,Post_P14,0,0.31331154883142837,0
6,P14,P14,Post_P14,0,0.2996928209182674,0
6,P14,P14,Post_P14,0,0.5250693720185637,1
6,P14,P14,Post_P14,0,0.4173100611415306,0
6,P14,P14,Post_P14,0,0.224142412537281,0
6,P14,P14,Post_P14,0,0.42510301043381804,0
6,P14,P14,Post_P14,0,0.4777957894523318,0
6,P14,P14,Post_P14,0,0.2734655331516118,0
6,P14,P14,Post_P14,0,0.2946927832556421,0
6,P14,P14,Post_P14,0,0.23605095122913192,0
6,P14,P14,Post_P14,0,0.6658250114521049,1
6,P14,P14,Post_P14,0,0.41933115314979885,0
6,P14,P14,Post_P14,0,0.5458029223036683,1
6,P14,P14,Post_P14,0,0.2921707846929843,0
6,P14,P14,Post_P14,0,0.4348289445646115,0
6,P14,P14,Post_P14,0,0.23928040933491973,0
6,P14,P14,Post_P14,0,0.2421627060769795,0
6,P14,P14,Post_P14,0,0.30810722129440166,0
6,P14,P14,Post_P14,0,0.2702737930869628,0
6,P14,P14,Post_P14,0,0.4501928926293948,0
6,P14,P14,Post_P14,0,0.4073011390894156,0
6,P14,P14,Post_P14,0,0.42248757547099414,0
6,P14,P14,Post_P14,0,0.29593386420705403,0
6,P14,P14,Post_P14,0,0.3285938241382395,0
6,P14,P14,Post_P14,0,0.2736606687094863,0
6,P14,P14,Post_P14,0,0.3869496549739724,0
6,P14,P14,Post_P14,0,0.475269647279641,0
6,P14,P14,Post_P14,0,0.2926634101446771,0
6,P14,P14,Post_P14,0,0.5110380418156656,1
6,P14,P14,Post_P14,0,0.4738097558014999,0
6,P14,P14,Post_P14,0,0.2893413413211568,0
6,P14,P14,Post_P14,0,0.34982018696364,0
6,P14,P14,Post_P14,0,0.36933681688182035,0
6,P14,P14,Post_P14,0,0.22426138542586152,0
6,P14,P14,Post_P14,0,0.26349456671974064,0
6,P14,P14,Post_P14,0,0.42813665391413436,0
6,P14,P14,Post_P14,0,0.29620240344294213,0
6,P14,P14,Post_P14,0,0.522447238289275,1
6,P14,P14,Post_P14,0,0.20155696566159934,0
6,P14,P14,Post_P14,0,0.5193718862681573,1
6,P14,P14,Post_P14,0,0.4249457780553631,0
6,P14,P14,Post_P14,0,0.46777473591002205,0
6,P14,P14,Post_P14,0,0.25963100663385036,0
6,P14,P14,Post_P14,0,0.26772141030551505,0
6,P14,P14,Post_P14,0,0.36808200993477136,0
6,P14,P14,Post_P14,0,0.2673875151767847,0
6,P14,P14,Post_P14,0,0.4399672914124748,0
6,P14,P14,Post_P14,0,0.2302704207981867,0
6,P14,P14,Post_P14,0,0.27429891245787796,0
6,P14,P14,Post_P14,0,0.32048571460218955,0
6,P14,P14,Post_P14,0,0.2620627912191767,0
6,P14,P14,Post_P14,0,0.42486020341649106,0
6,P14,P14,Post_P14,0,0.4250040437457062,0
6,P14,P14,Post_P14,0,0.2531651757245726,0
6,P14,P14,Post_P14,0,0.3698366306885502,0
6,P14,P14,Post_P14,0,0.3195267955272487,0
6,P14,P14,Post_P14,0,0.48227187810650335,0
6,P14,P14,Post_P14,0,0.29900810425558205,0
6,P14,P14,Post_P14,0,0.4694598784391628,0
6,P14,P14,Post_P14,0,0.23656934877450234,0
6,P14,P14,Post_P14,0,0.31748149831366684,0
6,P14,P14,Post_P14,0,0.2914698253497215,0
6,P14,P14,Post_P14,0,0.4874304923986263,0
6,P14,P14,Post_P14,0,0.4752634959343182,0
6,P14,P14,Post_P14,0,0.2537866084349155,0
6,P14,P14,Post_P14,0,0.2410594898747853,0
6,P14,P14,Post_P14,0,0.3256215639095809,0
6,P14,P14,Post_P14,0,0.499680340556161,0
6,P14,P14,Post_P14,0,0.4681118287480098,0
6,P14,P14,Post_P14,0,0.23332591933266633,0
6,P14,P14,Post_P14,0,0.24899348236692417,0
6,P14,P14,Post_P14,0,0.3132955224051504,0
6,P14,P14,Post_P14,0,0.32532922004445053,0
6,P14,P14,Post_P14,0,0.44357235255849675,0
6,P14,P14,Post_P14,0,0.46164487407084565,0
6,P14,P14,Post_P14,0,0.6109313164138074,1
6,P14,P14,Post_P14,0,0.25954107086922257,0
6,P14,P14,Post_P14,0,0.459985679097464,0
6,P14,P14,Post_P14,0,0.2850848843354606,0
6,P14,P14,Post_P14,0,0.3033932600437563,0
6,P14,P14,Post_P14,0,0.27902374722697226,0
6,P14,P14,Post_P14,0,0.4021314107531777,0
6,P14,P14,Post_P14,0,0.4860562437686005,0
6,P14,P14,Post_P14,0,0.4417239614162597,0
6,P14,P14,Post_P14,0,0.4508752634194146,0
6,P14,P14,Post_P14,0,0.4342529864783757,0
6,P14,P14,Post_P14,0,0.2568447831134692,0
6,P14,P14,Post_P14,0,0.2626167414973151,0
6,P14,P14,Post_P14,0,0.26144450023586896,0
6,P14,P14,Post_P14,0,0.28190227337492174,0
6,P14,P14,Post_P14,0,0.4686157910200169,0
6,P14,P14,Post_P14,0,0.25180674371122297,0
6,P14,P14,Post_P14,0,0.2988037047064222,0
6,P14,P14,Post_P14,0,0.25375190213545235,0
6,P14,P14,Post_P14,0,0.3938114894979983,0
6,P14,P14,Post_P14,0,0.2543839352545983,0
6,P14,P14,Post_P14,0,0.46871589189896823,0
6,P14,P14,Post_P14,0,0.31081499035209786,0
6,P14,P14,Post_P14,0,0.42826599234386536,0
6,P14,P14,Post_P14,0,0.46304221950923974,0
6,P14,P14,Post_P14,0,0.2824091778414506,0
6,P14,P14,Post_P14,0,0.3026078386143828,0
6,P14,P14,Post_P14,0,0.24793644602060083,0
6,P14,P14,Post_P14,0,0.6250489183598588,1
6,P14,P14,Post_P14,0,0.2755566623174995,0
6,P14,P14,Post_P14,0,0.3653219826182756,0
6,P14,P14,Post_P14,0,0.29612526211813545,0
6,P14,P14,Post_P14,0,0.47938842060956777,0
6,P14,P14,Post_P14,0,0.27047249497243503,0
6,P14,P14,Post_P14,0,0.2949226577382266,0
6,P14,P14,Post_P14,0,0.4009640433731359,0
6,P14,P14,Post_P14,0,0.2674976614544761,0
6,P14,P14,Post_P14,0,0.23466141964892664,0
6,P14,P14,Post_P14,0,0.46882939427895237,0
6,P14,P14,Post_P14,0,0.4852999051647946,0
6,P14,P14,Post_P14,0,0.4781134031470694,0
6,P14,P14,Post_P14,0,0.24767520713361102,0
6,P14,P14,Post_P14,0,0.4744058173860883,0
6,P14,P14,Post_P14,0,0.39943765043808155,0
6,P14,P14,Post_P14,0,0.26600322445910984,0
6,P14,P14,Post_P14,0,0.44553069712303195,0
6,P14,P14,Post_P14,0,0.2583374707399042,0
6,P14,P14,Post_P14,0,0.2934010843457248,0
6,P14,P14,Post_P14,0,0.2765911726077563,0
6,P14,P14,Post_P14,0,0.2627710338069662,0
6,P14,P14,Post_P14,0,0.32838678821720213,0
6,P14,P14,Post_P14,0,0.30730486486836855,0
6,P14,P14,Post_P14,0,0.261113886129361,0
6,P14,P14,Post_P14,0,0.3414304815522802,0
6,P14,P14,Post_P14,0,0.31180619510993957,0
6,P14,P14,Post_P14,0,0.27425263922637044,0
6,P14,P14,Post_P14,0,0.39572566527481795,0
6,P14,P14,Post_P14,0,0.4449715944306537,0
6,P14,P14,Post_P14,0,0.4705451709256855,0
6,P14,P14,Post_P14,0,0.44427818259987445,0
6,P14,P14,Post_P14,0,0.3071722087775072,0
6,P14,P14,Post_P14,0,0.3152194010702036,0
6,P14,P14,Post_P14,0,0.2305864986422261,0
6,P14,P14,Post_P14,0,0.36961417129565644,0
6,P14,P14,Post_P14,0,0.25884801708484073,0
6,P14,P14,Post_P14,0,0.28384453029827084,0
6,P14,P14,Post_P14,0,0.4185179238774486,0
6,P14,P14,Post_P14,0,0.26430088818014197,0
6,P14,P14,Post_P14,0,0.30998290099913955,0
6,P14,P14,Post_P14,0,0.20727302989771493,0
6,P14,P14,Post_P14,0,0.38441288719393246,0
6,P14,P14,Post_P14,0,0.24096789796877496,0
6,P14,P14,Post_P14,0,0.26158073125284514,0
6,P14,P14,Post_P14,0,0.48391801366009446,0
6,P14,P14,Post_P14,0,0.29552089978763757,0
6,P14,P14,Post_P14,0,0.4256512520646389,0
6,P14,P14,Post_P14,0,0.4933899252766561,0
6,P14,P14,Post_P14,0,0.4815684015867261,0
6,P14,P14,Post_P14,0,0.30372322923992917,0
6,P14,P14,Post_P14,0,0.29809752834193315,0
6,P14,P14,Post_P14,0,0.2611970025135192,0
6,P14,P14,Post_P14,0,0.3513370976203522,0
6,P14,P14,Post_P14,0,0.376478579188533,0
6,P14,P14,Post_P14,0,0.2901892673359325,0
6,P14,P14,Post_P14,0,0.44319214704527266,0
6,P14,P14,Post_P14,0,0.531415546593551,1
6,P14,P14,Post_P14,0,0.4331448125768767,0
6,P14,P14,Post_P14,0,0.3867327342956909,0
6,P14,P14,Post_P14,0,0.31136842060178505,0
6,P14,P14,Post_P14,0,0.24170743082744559,0
6,P14,P14,Post_P14,0,0.30396588834236943,0
6,P14,P14,Post_P14,0,0.23668969503961962,0
6,P14,P14,Post_P14,0,0.24261339058618922,0
6,P14,P14,Post_P14,0,0.27477750312835797,0
6,P14,P14,Post_P14,0,0.2913508046186288,0
6,P14,P14,Post_P14,0,0.30303110106782016,0
6,P14,P14,Post_P14,0,0.34733431335671294,0
6,P14,P14,Post_P14,0,0.334305941772772,0
6,P14,P14,Post_P14,0,0.25777075154891305,0
6,P14,P14,Post_P14,0,0.27465770142774965,0
6,P14,P14,Post_P14,0,0.4261878198745994,0
6,P14,P14,Post_P14,0,0.22028495086440267,0
6,P14,P14,Post_P14,0,0.4768955215905629,0
6,P14,P14,Post_P14,0,0.28800044767870997,0
6,P14,P14,Post_P14,0,0.24968071747079262,0
6,P14,P14,Post_P14,0,0.41398038804436793,0
6,P14,P14,Post_P14,0,0.4319102668525731,0
6,P14,P14,Post_P14,0,0.5110012035769076,1
6,P14,P14,Post_P14,0,0.2174092778310878,0
6,P14,P14,Post_P14,0,0.30036606084839856,0
6,P14,P14,Post_P14,0,0.2946323893185048,0
6,P14,P14,Post_P14,0,0.4377312178588731,0
6,P14,P14,Post_P14,0,0.3349869110228364,0
6,P14,P14,Post_P14,0,0.4636375677059272,0
6,P14,P14,Post_P14,0,0.2535910872288951,0
6,P14,P14,Post_P14,0,0.24041900852266254,0
6,P14,P14,Post_P14,0,0.41333666581018136,0
6,P14,P14,Post_P14,0,0.3235228846555862,0
6,P14,P14,Post_P14,0,0.3930178456552729,0
6,P14,P14,Post_P14,0,0.24581816004920456,0
6,P14,P14,Post_P14,0,0.49867454499406183,0
6,P14,P14,Post_P14,0,0.43701497425272606,0
7,P15,P15,Pre_P15,0,0.5422143378974098,1
7,P15,P15,Pre_P15,0,0.5279707251021286,1
7,P15,P15,Pre_P15,0,0.49576035618926195,0
7,P15,P15,Pre_P15,0,0.3536328704402799,0
7,P15,P15,Pre_P15,0,0.4373602335070282,0
7,P15,P15,Pre_P15,0,0.33003904470208273,0
7,P15,P15,Pre_P15,0,0.3458485588921313,0
7,P15,P15,Pre_P15,0,0.5640963236228187,1
7,P15,P15,Pre_P15,0,0.5578694297590803,1
7,P15,P15,Pre_P15,0,0.3650423839324255,0
7,P15,P15,Pre_P15,0,0.5245365193514515,1
7,P15,P15,Pre_P15,0,0.38742005235500354,0
7,P15,P15,Pre_P15,0,0.43404705870170557,0
7,P15,P15,Pre_P15,0,0.3743230911532595,0
7,P15,P15,Pre_P15,0,0.3770705376324598,0
7,P15,P15,Pre_P15,0,0.2853809343647932,0
7,P15,P15,Pre_P15,0,0.3319015603764404,0
7,P15,P15,Pre_P15,0,0.42695306785255566,0
7,P15,P15,Pre_P15,0,0.364379573703101,0
7,P15,P15,Pre_P15,0,0.3384152683895017,0
7,P15,P15,Pre_P15,0,0.3663226988129731,0
7,P15,P15,Pre_P15,0,0.38170811279732564,0
7,P15,P15,Pre_P15,0,0.5454103679750307,1
7,P15,P15,Pre_P15,0,0.3382491126182485,0
7,P15,P15,Pre_P15,0,0.5457804087860256,1
7,P15,P15,Pre_P15,0,0.3426869643097959,0
7,P15,P15,Pre_P15,0,0.36788495781709746,0
7,P15,P15,Pre_P15,0,0.5476641504721121,1
7,P15,P15,Pre_P15,0,0.5099420857179567,1
7,P15,P15,Pre_P15,0,0.3599771253926221,0
7,P15,P15,Pre_P15,0,0.5138746159086988,1
7,P15,P15,Pre_P15,0,0.33610436765852714,0
7,P15,P15,Pre_P15,0,0.5251983768504201,1
7,P15,P15,Pre_P15,0,0.5326634635297762,1
7,P15,P15,Pre_P15,0,0.5560136705484086,1
7,P15,P15,Pre_P15,0,0.5196260333678814,1
7,P15,P15,Pre_P15,0,0.528666428269795,1
7,P15,P15,Pre_P15,0,0.33476515988055877,0
7,P15,P15,Pre_P15,0,0.6512206836812211,1
7,P15,P15,Pre_P15,0,0.6472239744081808,1
7,P15,P15,Pre_P15,0,0.36644330631261834,0
7,P15,P15,Pre_P15,0,0.48545512564940835,0
7,P15,P15,Pre_P15,0,0.3486652146811784,0
7,P15,P15,Pre_P15,0,0.48789945620964786,0
7,P15,P15,Pre_P15,0,0.31329213840201686,0
7,P15,P15,Pre_P15,0,0.33476515988055877,0
7,P15,P15,Pre_P15,0,0.6143168192524686,1
7,P15,P15,Pre_P15,0,0.5128801520303211,1
7,P15,P15,Pre_P15,0,0.3550706202545567,0
7,P15,P15,Pre_P15,0,0.4240769598421502,0
7,P15,P15,Pre_P15,0,0.5547205452941524,1
7,P15,P15,Pre_P15,0,0.2853809343647932,0
7,P15,P15,Pre_P15,0,0.5540340585957251,1
7,P15,P15,Pre_P15,0,0.507847413269345,1
7,P15,P15,Pre_P15,0,0.3324598481397776,0
7,P15,P15,Pre_P15,0,0.36522235074346615,0
7,P15,P15,Pre_P15,0,0.3861672584757113,0
7,P15,P15,Pre_P15,0,0.5445622814890866,1
7,P15,P15,Pre_P15,0,0.5711827273101527,1
7,P15,P15,Pre_P15,0,0.506911115230723,1
7,P15,P15,Pre_P15,0,0.343080221628469,0
7,P15,P15,Pre_P15,0,0.3561678275836533,0
7,P15,P15,Pre_P15,0,0.48545512564940835,0
7,P15,P15,Pre_P15,0,0.5476641504721121,1
7,P15,P15,Pre_P15,0,0.5541098943466032,1
7,P15,P15,Pre_P15,0,0.32031122245397664,0
7,P15,P15,Pre_P15,0,0.48790750927737203,0
7,P15,P15,Pre_P15,0,0.38316515580710775,0
7,P15,P15,Pre_P15,0,0.38890139426437215,0
7,P15,P15,Pre_P15,0,0.37163382173600024,0
7,P15,P15,Pre_P15,0,0.3129695070763895,0
7,P15,P15,Pre_P15,0,0.3384071942887505,0
7,P15,P15,Pre_P15,0,0.5232892364744323,1
7,P15,P15,Pre_P15,0,0.5262651439984127,1
7,P15,P15,Pre_P15,0,0.34071875116240014,0
7,P15,P15,Pre_P15,0,0.3156136345254933,0
7,P15,P15,Pre_P15,0,0.43520146891616907,0
7,P15,P15,Pre_P15,0,0.336166607962975,0
7,P15,P15,Pre_P15,0,0.5435235838563274,1
7,P15,P15,Pre_P15,0,0.34535973675360787,0
7,P15,P15,Pre_P15,0,0.3982735156855083,0
7,P15,P15,Pre_P15,0,0.3517651571377362,0
7,P15,P15,Pre_P15,0,0.34624611819955803,0
7,P15,P15,Pre_P15,0,0.3835455778345409,0
7,P15,P15,Pre_P15,0,0.36893315481507144,0
7,P15,P15,Pre_P15,0,0.35582496310051975,0
7,P15,P15,Pre_P15,0,0.3728552098042133,0
7,P15,P15,Pre_P15,0,0.3118934118684562,0
7,P15,P15,Pre_P15,0,0.32916343445978247,0
7,P15,P15,Pre_P15,0,0.34624611819955803,0
7,P15,P15,Pre_P15,0,0.4443930627117504,0
7,P15,P15,Pre_P15,0,0.6336697058040655,1
7,P15,P15,Pre_P15,0,0.3764397162616465,0
7,P15,P15,Pre_P15,0,0.3725174892263841,0
7,P15,P15,Pre_P15,0,0.5613644130265681,1
7,P15,P15,Pre_P15,0,0.4828058787278528,0
7,P15,P15,Pre_P15,0,0.544173441561126,1
7,P15,P15,Pre_P15,0,0.3401411587137584,0
7,P15,P15,Pre_P15,0,0.2833700229012685,0
7,P15,P15,Pre_P15,0,0.5548833933463441,1
7,P15,P15,Pre_P15,0,0.3481778563780727,0
7,P15,P15,Pre_P15,0,0.33520145805621626,0
7,P15,P15,Pre_P15,0,0.5373774128557999,1
7,P15,P15,Pre_P15,0,0.47537014841533304,0
7,P15,P15,Pre_P15,0,0.32538408281709724,0
7,P15,P15,Pre_P15,0,0.3683007022918682,0
7,P15,P15,Pre_P15,0,0.5395103945081009,1
7,P15,P15,Pre_P15,0,0.3211920932547558,0
7,P15,P15,Pre_P15,0,0.5178024563535939,1
7,P15,P15,Pre_P15,0,0.5471074508398325,1
7,P15,P15,Pre_P15,0,0.5437125078451573,1
7,P15,P15,Pre_P15,0,0.2926546523034529,0
7,P15,P15,Pre_P15,0,0.5652107859811255,1
7,P15,P15,Pre_P15,0,0.54248474930406,1
7,P15,P15,Pre_P15,0,0.4460737254431518,0
7,P15,P15,Pre_P15,0,0.333140963678322,0
7,P15,P15,Pre_P15,0,0.3543568797199064,0
7,P15,P15,Pre_P15,0,0.37136319108026966,0
7,P15,P15,Pre_P15,0,0.4668043482970602,0
7,P15,P15,Pre_P15,0,0.3835298993296384,0
7,P15,P15,Pre_P15,0,0.3585278940217469,0
7,P15,P15,Pre_P15,0,0.518673634791051,1
7,P15,P15,Pre_P15,0,0.6148727354501501,1
7,P15,P15,Pre_P15,0,0.37414926423099043,0
7,P15,P15,Pre_P15,0,0.3763917795524988,0
7,P15,P15,Pre_P15,0,0.5463463167632627,1
7,P15,P15,Pre_P15,0,0.5192610248581269,1
7,P15,P15,Pre_P15,0,0.35593230175293317,0
7,P15,P15,Pre_P15,0,0.3293567807718958,0
7,P15,P15,Pre_P15,0,0.37826122105014737,0
7,P15,P15,Pre_P15,0,0.4499417679747118,0
7,P15,P15,Pre_P15,0,0.34645127484717075,0
7,P15,P15,Pre_P15,0,0.35605133400154154,0
7,P15,P15,Pre_P15,0,0.5130751980476526,1
7,P15,P15,Pre_P15,0,0.3773675213393092,0
7,P15,P15,Pre_P15,0,0.4601533277809321,0
7,P15,P15,Pre_P15,0,0.3403196521254174,0
7,P15,P15,Pre_P15,0,0.42442483588146945,0
7,P15,P15,Pre_P15,0,0.5411122305837563,1
7,P15,P15,Pre_P15,0,0.463210504147154,0
7,P15,P15,Pre_P15,0,0.3863868188116418,0
7,P15,P15,Pre_P15,0,0.35156894499720476,0
7,P15,P15,Pre_P15,0,0.35542676907341475,0
7,P15,P15,Pre_P15,0,0.34507819885502233,0
7,P15,P15,Pre_P15,0,0.3864080773322182,0
7,P15,P15,Pre_P15,0,0.36019445500672026,0
7,P15,P15,Pre_P15,0,0.5652107859811255,1
7,P15,P15,Pre_P15,0,0.31659286341145154,0
7,P15,P15,Pre_P15,0,0.5563728849552262,1
7,P15,P15,Pre_P15,0,0.476023973293856,0
7,P15,P15,Pre_P15,0,0.35311433949435395,0
7,P15,P15,Pre_P15,0,0.43700263634467224,0
7,P15,P15,Pre_P15,0,0.5496308347365778,1
7,P15,P15,Pre_P15,0,0.3229063098526018,0
7,P15,P15,Pre_P15,0,0.3439223828461102,0
7,P15,P15,Pre_P15,0,0.3415927786966542,0
7,P15,P15,Pre_P15,0,0.376821381430345,0
7,P15,P15,Pre_P15,0,0.38810570894959373,0
7,P15,P15,Pre_P15,0,0.5956857633145327,1
7,P15,P15,Pre_P15,0,0.4677366219098333,0
7,P15,P15,Pre_P15,0,0.2779609062167194,0
7,P15,P15,Pre_P15,0,0.5548255746048293,1
7,P15,P15,Pre_P15,0,0.37616715309252297,0
7,P15,P15,Pre_P15,0,0.6555946038658845,1
7,P15,P15,Pre_P15,0,0.3861304385461641,0
7,P15,P15,Pre_P15,0,0.33499139027174957,0
7,P15,P15,Pre_P15,0,0.40753305013795726,0
7,P15,P15,Pre_P15,0,0.3497154191252283,0
7,P15,P15,Pre_P15,0,0.5385938278610832,1
7,P15,P15,Pre_P15,0,0.37598052464239645,0
7,P15,P15,Pre_P15,0,0.3271333413530738,0
7,P15,P15,Pre_P15,0,0.4962365058532517,0
7,P15,P15,Pre_P15,0,0.37975280354975993,0
7,P15,P15,Pre_P15,0,0.5415440833887633,1
7,P15,P15,Pre_P15,0,0.36427103891411317,0
7,P15,P15,Pre_P15,0,0.3480825379601253,0
7,P15,P15,Pre_P15,0,0.3295710580971033,0
7,P15,P15,Pre_P15,0,0.3597975197039332,0
7,P15,P15,Pre_P15,0,0.34649146656854696,0
7,P15,P15,Pre_P15,0,0.3676254935406277,0
7,P15,P15,Pre_P15,0,0.3651826206483531,0
7,P15,P15,Pre_P15,0,0.3697620923166242,0
7,P15,P15,Pre_P15,0,0.40061316520203,0
7,P15,P15,Pre_P15,0,0.4576730400098975,0
7,P15,P15,Pre_P15,0,0.5050537257495787,1
7,P15,P15,Pre_P15,0,0.35984338075262884,0
7,P15,P15,Pre_P15,0,0.3561054869742936,0
7,P15,P15,Pre_P15,0,0.5804698822792521,1
7,P15,P15,Pre_P15,0,0.39100008576748774,0
7,P15,P15,Pre_P15,0,0.4486065654399323,0
7,P15,P15,Pre_P15,0,0.5529155436287728,1
7,P15,P15,Pre_P15,0,0.3384953831042553,0
7,P15,P15,Pre_P15,0,0.6147492607107425,1
7,P15,P15,Pre_P15,0,0.33178423795255774,0
7,P15,P15,Pre_P15,0,0.37267904694672854,0
7,P15,P15,Pre_P15,0,0.3457337176413251,0
7,P15,P15,Pre_P15,0,0.36333800625633633,0
7,P15,P15,Pre_P15,0,0.37288980976695557,0
7,P15,P15,Pre_P15,0,0.36851414088434853,0
7,P15,P15,Pre_P15,0,0.3126462595353469,0
7,P15,P15,Pre_P15,0,0.34455163112109627,0
7,P15,P15,Pre_P15,0,0.45840086533769,0
7,P15,P15,Pre_P15,0,0.5600429006656381,1
7,P15,P15,Pre_P15,0,0.49960380733180554,0
7,P15,P15,Pre_P15,0,0.3567163329972933,0
7,P15,P15,Pre_P15,0,0.39538131893382233,0
7,P15,P15,Pre_P15,0,0.37510665915777197,0
7,P15,P15,Pre_P15,0,0.5653459205280017,1
7,P15,P15,Pre_P15,0,0.3055259596851537,0
7,P15,P15,Pre_P15,0,0.5308379479477494,1
7,P15,P15,Pre_P15,0,0.3484990221166049,0
7,P15,P15,Pre_P15,0,0.5136247306197568,1
7,P15,P15,Pre_P15,0,0.3781395256159991,0
7,P15,P15,Pre_P15,0,0.31656096337121675,0
7,P15,P15,Pre_P15,0,0.32000693433226224,0
7,P15,P15,Pre_P15,0,0.3377317904409646,0
7,P15,P15,Pre_P15,0,0.46257349881894366,0
7,P15,P15,Pre_P15,0,0.5293894817200654,1
7,P15,P15,Pre_P15,0,0.5969591845218923,1
7,P15,P15,Pre_P15,0,0.495338569015654,0
7,P15,P15,Pre_P15,0,0.3503285894244045,0
7,P15,P15,Pre_P15,0,0.3279887049127366,0
7,P15,P15,Pre_P15,0,0.3728681451825203,0
7,P15,P15,Pre_P15,0,0.3478743528595292,0
7,P15,P15,Pre_P15,0,0.3659354545596189,0
7,P15,P15,Pre_P15,0,0.37054221857060676,0
7,P15,P15,Pre_P15,0,0.3472561410572045,0
7,P15,P15,Pre_P15,0,0.36078374109489364,0
7,P15,P15,Pre_P15,0,0.661922939743832,1
7,P15,P15,Pre_P15,0,0.7594923198596285,1
7,P15,P15,Pre_P15,0,0.33157112137867195,0
7,P15,P15,Pre_P15,0,0.5446660443618786,1
7,P15,P15,Pre_P15,0,0.370693785219721,0
7,P15,P15,Pre_P15,0,0.5201156593024095,1
7,P15,P15,Pre_P15,0,0.3511035274967495,0
7,P15,P15,Pre_P15,0,0.5039764397913732,1
7,P15,P15,Pre_P15,0,0.5153961072091465,1
7,P15,P15,Pre_P15,0,0.32175003425083143,0
7,P15,P15,Pre_P15,0,0.38397103753995826,0
7,P15,P15,Pre_P15,0,0.4513886206697748,0
7,P15,P15,Pre_P15,0,0.3894760510341646,0
7,P15,P15,Pre_P15,0,0.37123692754702337,0
7,P15,P15,Pre_P15,0,0.3646928745247624,0
7,P15,P15,Pre_P15,0,0.37907701395372145,0
7,P15,P15,Pre_P15,0,0.33980840412506286,0
7,P15,P15,Pre_P15,0,0.2928886434644469,0
7,P15,P15,Pre_P15,0,0.3571361134185648,0
7,P15,P15,Pre_P15,0,0.3334775662558451,0
7,P15,P15,Pre_P15,0,0.37624187096850914,0
7,P15,P15,Pre_P15,0,0.5289427226346236,1
7,P15,P15,Pre_P15,0,0.5524375677533292,1
7,P15,P15,Pre_P15,0,0.5506757325103313,1
7,P15,P15,Pre_P15,0,0.5078835537004984,1
7,P15,P15,Pre_P15,0,0.5220695497477659,1
7,P15,P15,Pre_P15,0,0.30348551641152877,0
7,P15,P15,Pre_P15,0,0.29286135246766026,0
7,P15,P15,Pre_P15,0,0.36023635704509777,0
7,P15,P15,Pre_P15,0,0.4601589983609087,0
7,P15,P15,Pre_P15,0,0.5299785594930203,1
7,P15,P15,Pre_P15,0,0.2867088151870127,0
7,P15,P15,Pre_P15,0,0.49705532515537226,0
7,P15,P15,Pre_P15,0,0.5429976616433819,1
7,P15,P15,Pre_P15,0,0.41851448581575457,0
7,P15,P15,Pre_P15,0,0.3617218380322616,0
7,P15,P15,Pre_P15,0,0.3211586927371482,0
7,P15,P15,Pre_P15,0,0.36225628961309947,0
7,P15,P15,Pre_P15,0,0.2933893456457009,0
7,P15,P15,Pre_P15,0,0.5509295110623634,1
7,P15,P15,Pre_P15,0,0.3921145331032286,0
7,P15,P15,Pre_P15,0,0.5267037879875234,1
7,P15,P15,Pre_P15,0,0.34787202966003644,0
7,P15,P15,Pre_P15,0,0.5509295110623634,1
7,P15,P15,Pre_P15,0,0.3637956753422746,0
7,P15,P15,Pre_P15,0,0.29561991284579,0
7,P15,P15,Pre_P15,0,0.4704070521479849,0
7,P15,P15,Pre_P15,0,0.5353859492901568,1
7,P15,P15,Pre_P15,0,0.5295790666602067,1
7,P15,P15,Pre_P15,0,0.34606820230310004,0
7,P15,P15,Pre_P15,0,0.533459680885504,1
7,P15,P15,Pre_P15,0,0.40286280724133866,0
7,P15,P15,Pre_P15,0,0.5052285944546773,1
7,P15,P15,Pre_P15,0,0.4165161396252252,0
7,P15,P15,Pre_P15,0,0.318648385039593,0
7,P15,P15,Pre_P15,0,0.5337423568378901,1
7,P15,P15,Pre_P15,0,0.5639331711560914,1
7,P15,P15,Pre_P15,0,0.5485949978781812,1
7,P15,P15,Pre_P15,0,0.5214446153081962,1
7,P15,P15,Pre_P15,0,0.5162006312905845,1
7,P15,P15,Pre_P15,0,0.38612830485934635,0
7,P15,P15,Pre_P15,0,0.3194713777484746,0
7,P15,P15,Pre_P15,0,0.3681381945405935,0
7,P15,P15,Pre_P15,0,0.49253323377227615,0
7,P15,P15,Pre_P15,0,0.3388445586993503,0
7,P15,P15,Pre_P15,0,0.4346073363060584,0
7,P15,P15,Pre_P15,0,0.3622521331230505,0
7,P15,P15,Pre_P15,0,0.5443471273997217,1
7,P15,P15,Pre_P15,0,0.46924091713895977,0
7,P15,P15,Pre_P15,0,0.3692434589482562,0
7,P15,P15,Pre_P15,0,0.369024199228496,0
7,P15,P15,Pre_P15,0,0.5009237902723351,1
7,P15,P15,Pre_P15,0,0.3263191070107661,0
7,P15,P15,Pre_P15,0,0.3591358412379454,0
7,P15,P15,Pre_P15,0,0.5617409305063413,1
7,P15,P15,Pre_P15,0,0.36989016993218005,0
7,P15,P15,Post_P15,0,0.5547850627782931,1
7,P15,P15,Post_P15,0,0.4503955784017269,0
7,P15,P15,Post_P15,0,0.43987444847598195,0
7,P15,P15,Post_P15,0,0.5542017153143904,1
7,P15,P15,Post_P15,0,0.5576873724493213,1
7,P15,P15,Post_P15,0,0.36132444368049016,0
7,P15,P15,Post_P15,0,0.3787968550322344,0
7,P15,P15,Post_P15,0,0.3655655637012017,0
7,P15,P15,Post_P15,0,0.529059524511338,1
7,P15,P15,Post_P15,0,0.547425521519413,1
7,P15,P15,Post_P15,0,0.3340842729198648,0
7,P15,P15,Post_P15,0,0.5423578561270029,1
7,P15,P15,Post_P15,0,0.342527496778358,0
7,P15,P15,Post_P15,0,0.3377822332582024,0
7,P15,P15,Post_P15,0,0.46291773218922827,0
7,P15,P15,Post_P15,0,0.36940413939149774,0
7,P15,P15,Post_P15,0,0.35253765550718363,0
7,P15,P15,Post_P15,0,0.4340125425136577,0
7,P15,P15,Post_P15,0,0.4737436103321356,0
7,P15,P15,Post_P15,0,0.5371211365508134,1
7,P15,P15,Post_P15,0,0.37024421197513097,0
7,P15,P15,Post_P15,0,0.5195564654541884,1
7,P15,P15,Post_P15,0,0.4171427761782644,0
7,P15,P15,Post_P15,0,0.5335602218525108,1
7,P15,P15,Post_P15,0,0.34697723587800083,0
7,P15,P15,Post_P15,0,0.37467617912028867,0
7,P15,P15,Post_P15,0,0.35222299574596516,0
7,P15,P15,Post_P15,0,0.3693660682991942,0
7,P15,P15,Post_P15,0,0.5495921004081105,1
7,P15,P15,Post_P15,0,0.3892299540705847,0
7,P15,P15,Post_P15,0,0.42045721576289186,0
7,P15,P15,Post_P15,0,0.3645803468184746,0
7,P15,P15,Post_P15,0,0.4305810795863094,0
7,P15,P15,Post_P15,0,0.3609456418560446,0
7,P15,P15,Post_P15,0,0.3244117488325013,0
7,P15,P15,Post_P15,0,0.5540050680383607,1
7,P15,P15,Post_P15,0,0.4952243693382626,0
7,P15,P15,Post_P15,0,0.4716451419075716,0
7,P15,P15,Post_P15,0,0.3110461542217686,0
7,P15,P15,Post_P15,0,0.35462361965509726,0
7,P15,P15,Post_P15,0,0.3377197245635871,0
7,P15,P15,Post_P15,0,0.3582989693819737,0
7,P15,P15,Post_P15,0,0.3420624183108866,0
7,P15,P15,Post_P15,0,0.34094824833351123,0
7,P15,P15,Post_P15,0,0.34479588798435346,0
7,P15,P15,Post_P15,0,0.5936635366832329,1
7,P15,P15,Post_P15,0,0.3274673165619405,0
7,P15,P15,Post_P15,0,0.34353347366657705,0
7,P15,P15,Post_P15,0,0.3654487468480561,0
7,P15,P15,Post_P15,0,0.369713585113486,0
7,P15,P15,Post_P15,0,0.37302936879036136,0
7,P15,P15,Post_P15,0,0.382612778720807,0
7,P15,P15,Post_P15,0,0.52916660216044,1
7,P15,P15,Post_P15,0,0.5675389731186309,1
7,P15,P15,Post_P15,0,0.48725621891077975,0
7,P15,P15,Post_P15,0,0.2969720292373652,0
7,P15,P15,Post_P15,0,0.5219269031666413,1
7,P15,P15,Post_P15,0,0.3772877496997191,0
7,P15,P15,Post_P15,0,0.5600429006656381,1
7,P15,P15,Post_P15,0,0.37422893055227296,0
7,P15,P15,Post_P15,0,0.3505822800159434,0
7,P15,P15,Post_P15,0,0.36577769343384947,0
7,P15,P15,Post_P15,0,0.2966233634783034,0
7,P15,P15,Post_P15,0,0.3881889211915447,0
7,P15,P15,Post_P15,0,0.5461304952859497,1
7,P15,P15,Post_P15,0,0.3630992005926891,0
7,P15,P15,Post_P15,0,0.3613384801358216,0
7,P15,P15,Post_P15,0,0.4778259291126273,0
7,P15,P15,Post_P15,0,0.38242133271354983,0
7,P15,P15,Post_P15,0,0.5408903583632004,1
7,P15,P15,Post_P15,0,0.3610853461335141,0
7,P15,P15,Post_P15,0,0.3559527755168817,0
7,P15,P15,Post_P15,0,0.49214062243226553,0
7,P15,P15,Post_P15,0,0.5514776873721292,1
7,P15,P15,Post_P15,0,0.4083968105165977,0
7,P15,P15,Post_P15,0,0.37361811933680916,0
7,P15,P15,Post_P15,0,0.6589066346675407,1
7,P15,P15,Post_P15,0,0.3616901109744877,0
7,P15,P15,Post_P15,0,0.38242133271354983,0
7,P15,P15,Post_P15,0,0.5561554683150601,1
7,P15,P15,Post_P15,0,0.5588127931967047,1
7,P15,P15,Post_P15,0,0.3569922932394415,0
7,P15,P15,Post_P15,0,0.33958329732864695,0
7,P15,P15,Post_P15,0,0.4471506520523229,0
7,P15,P15,Post_P15,0,0.37172198977558946,0
7,P15,P15,Post_P15,0,0.31084369586978106,0
7,P15,P15,Post_P15,0,0.3817216920237158,0
7,P15,P15,Post_P15,0,0.36218118163675944,0
7,P15,P15,Post_P15,0,0.4562333792231487,0
7,P15,P15,Post_P15,0,0.552253550921738,1
7,P15,P15,Post_P15,0,0.38073455999347655,0
7,P15,P15,Post_P15,0,0.36209887814548797,0
7,P15,P15,Post_P15,0,0.529172090328654,1
7,P15,P15,Post_P15,0,0.4383310770692694,0
7,P15,P15,Post_P15,0,0.36923002863780535,0
7,P15,P15,Post_P15,0,0.3879557140876989,0
7,P15,P15,Post_P15,0,0.3450312364795302,0
7,P15,P15,Post_P15,0,0.5233655363655619,1
7,P15,P15,Post_P15,0,0.5442603023409516,1
7,P15,P15,Post_P15,0,0.5326410569411713,1
7,P15,P15,Post_P15,0,0.472299319051705,0
7,P15,P15,Post_P15,0,0.3387279137205499,0
7,P15,P15,Post_P15,0,0.318819184731221,0
7,P15,P15,Post_P15,0,0.5742085042008125,1
7,P15,P15,Post_P15,0,0.5484538395014178,1
7,P15,P15,Post_P15,0,0.3747904770336846,0
7,P15,P15,Post_P15,0,0.5689722545049347,1
7,P15,P15,Post_P15,0,0.3539043014536376,0
7,P15,P15,Post_P15,0,0.3892299540705847,0
7,P15,P15,Post_P15,0,0.368677681216826,0
7,P15,P15,Post_P15,0,0.3712990953022964,0
7,P15,P15,Post_P15,0,0.4098269947969505,0
7,P15,P15,Post_P15,0,0.5689627885050336,1
7,P15,P15,Post_P15,0,0.3730557982706193,0
7,P15,P15,Post_P15,0,0.3585677774601476,0
7,P15,P15,Post_P15,0,0.3718583390989603,0
7,P15,P15,Post_P15,0,0.373535944085802,0
7,P15,P15,Post_P15,0,0.3612552446004171,0
7,P15,P15,Post_P15,0,0.3615284723934678,0
7,P15,P15,Post_P15,0,0.3646787214422813,0
7,P15,P15,Post_P15,0,0.49391625107242587,0
7,P15,P15,Post_P15,0,0.3594315693065545,0
7,P15,P15,Post_P15,0,0.5034773255447474,1
7,P15,P15,Post_P15,0,0.34037961722375915,0
7,P15,P15,Post_P15,0,0.35027465581560174,0
7,P15,P15,Post_P15,0,0.33851845005676895,0
7,P15,P15,Post_P15,0,0.5392728659887304,1
7,P15,P15,Post_P15,0,0.36820790288468164,0
7,P15,P15,Post_P15,0,0.35934537713842507,0
7,P15,P15,Post_P15,0,0.3802987805214242,0
7,P15,P15,Post_P15,0,0.34213090600244084,0
7,P15,P15,Post_P15,0,0.3485985721736278,0
7,P15,P15,Post_P15,0,0.36068301819809534,0
7,P15,P15,Post_P15,0,0.5578316600526981,1
7,P15,P15,Post_P15,0,0.5259762875591338,1
7,P15,P15,Post_P15,0,0.37085227145686156,0
7,P15,P15,Post_P15,0,0.5120843497480911,1
7,P15,P15,Post_P15,0,0.37742939568415723,0
7,P15,P15,Post_P15,0,0.3594232145029647,0
7,P15,P15,Post_P15,0,0.3669218845610106,0
7,P15,P15,Post_P15,0,0.3677383986950028,0
7,P15,P15,Post_P15,0,0.36176264858899815,0
7,P15,P15,Post_P15,0,0.37849737327500066,0
7,P15,P15,Post_P15,0,0.5630540187853307,1
7,P15,P15,Post_P15,0,0.5136632016979281,1
7,P15,P15,Post_P15,0,0.35844478738461377,0
7,P15,P15,Post_P15,0,0.4463675617692364,0
7,P15,P15,Post_P15,0,0.3620085871799691,0
7,P15,P15,Post_P15,0,0.43040180511089243,0
7,P15,P15,Post_P15,0,0.3607976518571104,0
7,P15,P15,Post_P15,0,0.3058631480724514,0
7,P15,P15,Post_P15,0,0.3565134640909708,0
7,P15,P15,Post_P15,0,0.3563845311236748,0
7,P15,P15,Post_P15,0,0.31702471495484275,0
7,P15,P15,Post_P15,0,0.37152036767687063,0
7,P15,P15,Post_P15,0,0.3925095039063033,0
7,P15,P15,Post_P15,0,0.3204424285694782,0
7,P15,P15,Post_P15,0,0.5242704689710899,1
7,P15,P15,Post_P15,0,0.37324676149645497,0
7,P15,P15,Post_P15,0,0.35457889663837094,0
7,P15,P15,Post_P15,0,0.49968795795443893,0
7,P15,P15,Post_P15,0,0.37447278377632826,0
7,P15,P15,Post_P15,0,0.42227013422174803,0
7,P15,P15,Post_P15,0,0.6003895532579174,1
7,P15,P15,Post_P15,0,0.5592359146146982,1
7,P15,P15,Post_P15,0,0.3549952747896513,0
7,P15,P15,Post_P15,0,0.36111223192395253,0
7,P15,P15,Post_P15,0,0.5431636795882384,1
7,P15,P15,Post_P15,0,0.5355603162603229,1
7,P15,P15,Post_P15,0,0.5488624043641829,1
7,P15,P15,Post_P15,0,0.36454252048863783,0
7,P15,P15,Post_P15,0,0.3702813867480367,0
7,P15,P15,Post_P15,0,0.39026579092898134,0
7,P15,P15,Post_P15,0,0.45728338792286294,0
7,P15,P15,Post_P15,0,0.5577309306127461,1
7,P15,P15,Post_P15,0,0.6048687542703026,1
7,P15,P15,Post_P15,0,0.5686632182396218,1
7,P15,P15,Post_P15,0,0.3277692938597986,0
7,P15,P15,Post_P15,0,0.3459192010304028,0
7,P15,P15,Post_P15,0,0.35351358746266737,0
7,P15,P15,Post_P15,0,0.4890817606528718,0
7,P15,P15,Post_P15,0,0.44099271853956806,0
7,P15,P15,Post_P15,0,0.3693479245437717,0
7,P15,P15,Post_P15,0,0.3708055624413183,0
7,P15,P15,Post_P15,0,0.3728092471200888,0
7,P15,P15,Post_P15,0,0.36324080900104305,0
7,P15,P15,Post_P15,0,0.4094986121826491,0
7,P15,P15,Post_P15,0,0.5392081573306307,1
7,P15,P15,Post_P15,0,0.38807568861680647,0
7,P15,P15,Post_P15,0,0.2808108103723993,0
7,P15,P15,Post_P15,0,0.593339890155753,1
7,P15,P15,Post_P15,0,0.35984976593334933,0
7,P15,P15,Post_P15,0,0.5642216754070105,1
7,P15,P15,Post_P15,0,0.48325408010009807,0
7,P15,P15,Post_P15,0,0.3258489251464035,0
7,P15,P15,Post_P15,0,0.5186097022131391,1
7,P15,P15,Post_P15,0,0.5606534792961644,1
7,P15,P15,Post_P15,0,0.535237406364841,1
7,P15,P15,Post_P15,0,0.35514728066896284,0
7,P15,P15,Post_P15,0,0.43104977544757556,0
7,P15,P15,Post_P15,0,0.3663012839386547,0
7,P15,P15,Post_P15,0,0.5287771707702449,1
7,P15,P15,Post_P15,0,0.5217387051238003,1
7,P15,P15,Post_P15,0,0.3436257627500433,0
7,P15,P15,Post_P15,0,0.34016358432065025,0
7,P15,P15,Post_P15,0,0.565736907389264,1
7,P15,P15,Post_P15,0,0.49986085253654383,0
7,P15,P15,Post_P15,0,0.5354838182969454,1
7,P15,P15,Post_P15,0,0.36425443696558324,0
7,P15,P15,Post_P15,0,0.553066257846832,1
7,P15,P15,Post_P15,0,0.40970255434347896,0
7,P15,P15,Post_P15,0,0.3616808958337321,0
7,P15,P15,Post_P15,0,0.5323266561544185,1
7,P15,P15,Post_P15,0,0.6826067923458156,1
7,P15,P15,Post_P15,0,0.5447738597988674,1
7,P15,P15,Post_P15,0,0.3562237969005251,0
7,P15,P15,Post_P15,0,0.5610787375240347,1
7,P15,P15,Post_P15,0,0.382612778720807,0
7,P15,P15,Post_P15,0,0.41968122576436184,0
7,P15,P15,Post_P15,0,0.5371055458454304,1
7,P15,P15,Post_P15,0,0.35369367293288195,0
7,P15,P15,Post_P15,0,0.5116014125988835,1
7,P15,P15,Post_P15,0,0.41594627405328527,0
7,P15,P15,Post_P15,0,0.5398218891763397,1
7,P15,P15,Post_P15,0,0.36325979348700427,0
7,P15,P15,Post_P15,0,0.41960029725638687,0
7,P15,P15,Post_P15,0,0.5160440770295026,1
7,P15,P15,Post_P15,0,0.37439754600329767,0
7,P15,P15,Post_P15,0,0.549625037934903,1
7,P15,P15,Post_P15,0,0.3763965653717345,0
7,P15,P15,Post_P15,0,0.5487240887791004,1
7,P15,P15,Post_P15,0,0.5294977650539168,1
7,P15,P15,Post_P15,0,0.3759548959183556,0
7,P15,P15,Post_P15,0,0.41670913875706134,0
7,P15,P15,Post_P15,0,0.3668685995772192,0
7,P15,P15,Post_P15,0,0.3296441018120812,0
7,P15,P15,Post_P15,0,0.40589837209858476,0
7,P15,P15,Post_P15,0,0.5106026639217668,1
7,P15,P15,Post_P15,0,0.3809464344135772,0
7,P15,P15,Post_P15,0,0.4703078700439127,0
7,P15,P15,Post_P15,0,0.524680234775235,1
7,P15,P15,Post_P15,0,0.5187882232418018,1
7,P15,P15,Post_P15,0,0.37543327461637543,0
7,P15,P15,Post_P15,0,0.36199188911797037,0
7,P15,P15,Post_P15,0,0.5452642248221847,1
7,P15,P15,Post_P15,0,0.5484152993580695,1
7,P15,P15,Post_P15,0,0.5627633572931906,1
7,P15,P15,Post_P15,0,0.4123037805789627,0
7,P15,P15,Post_P15,0,0.5592739454134615,1
7,P15,P15,Post_P15,0,0.5300769750827207,1
7,P15,P15,Post_P15,0,0.45466248565105477,0
7,P15,P15,Post_P15,0,0.3545826858656872,0
7,P15,P15,Post_P15,0,0.49708817627539514,0
7,P15,P15,Post_P15,0,0.5565625945456558,1
7,P15,P15,Post_P15,0,0.5679364176465381,1
7,P15,P15,Post_P15,0,0.5042818210621495,1
7,P15,P15,Post_P15,0,0.3474131277453154,0
7,P15,P15,Post_P15,0,0.5099488122066203,1
7,P15,P15,Post_P15,0,0.5300260403438046,1
7,P15,P15,Post_P15,0,0.4251002640518087,0
7,P15,P15,Post_P15,0,0.3675605820401575,0
7,P15,P15,Post_P15,0,0.35706473936000205,0
7,P15,P15,Post_P15,0,0.5637505752177129,1
7,P15,P15,Post_P15,0,0.4256732896575248,0
7,P15,P15,Post_P15,0,0.539210210945081,1
7,P15,P15,Post_P15,0,0.3186264757234064,0
7,P15,P15,Post_P15,0,0.5447497987686648,1
7,P15,P15,Post_P15,0,0.5779593134301843,1
7,P15,P15,Post_P15,0,0.3660791469980114,0
7,P15,P15,Post_P15,0,0.43779634520625793,0
7,P15,P15,Post_P15,0,0.5525157522939357,1
7,P15,P15,Post_P15,0,0.5189174558762013,1
7,P15,P15,Post_P15,0,0.38482116206380385,0
7,P15,P15,Post_P15,0,0.40443276617743446,0
7,P15,P15,Post_P15,0,0.31589524474394504,0
7,P15,P15,Post_P15,0,0.38556391103835924,0
7,P15,P15,Post_P15,0,0.5522714952309464,1
7,P15,P15,Post_P15,0,0.5528182875908373,1
7,P15,P15,Post_P15,0,0.37032473905362806,0
7,P15,P15,Post_P15,0,0.6503279294244173,1
7,P15,P15,Post_P15,0,0.3777054170896121,0
7,P15,P15,Post_P15,0,0.3732885370445029,0
7,P15,P15,Post_P15,0,0.5509848572260901,1
7,P15,P15,Post_P15,0,0.37502730076056306,0
7,P15,P15,Post_P15,0,0.3620315932552461,0
7,P15,P15,Post_P15,0,0.5700964996259259,1
7,P15,P15,Post_P15,0,0.5491390594617012,1
7,P15,P15,Post_P15,0,0.41205597391804033,0
7,P15,P15,Post_P15,0,0.5345320407394746,1
7,P15,P15,Post_P15,0,0.5134276726465514,1
7,P15,P15,Post_P15,0,0.3780296179332303,0
7,P15,P15,Post_P15,0,0.5167591158515208,1
7,P15,P15,Post_P15,0,0.5393045350112102,1
7,P15,P15,Post_P15,0,0.36371620788786907,0
7,P15,P15,Post_P15,0,0.509676123348695,1
7,P15,P15,Post_P15,0,0.3788092548046831,0
7,P15,P15,Post_P15,0,0.5552923215677138,1
7,P15,P15,Post_P15,0,0.6129655505234777,1
7,P15,P15,Post_P15,0,0.34770236335194216,0
7,P15,P15,Post_P15,0,0.5151258926186277,1
7,P15,P15,Post_P15,0,0.3629130872468224,0
7,P15,P15,Post_P15,0,0.5344805698740916,1
7,P15,P15,Post_P15,0,0.5173331203718036,1
7,P15,P15,Post_P15,0,0.5466916532388765,1
8,P16,P16,Post_P16,0,0.6079157406239558,1
8,P16,P16,Post_P16,0,0.5254699651067827,1
8,P16,P16,Post_P16,0,0.5687352317506917,1
8,P16,P16,Post_P16,0,0.5577606521928806,1
8,P16,P16,Post_P16,0,0.638025366662569,1
8,P16,P16,Post_P16,0,0.5547378041062502,1
8,P16,P16,Post_P16,0,0.5992700340027837,1
8,P16,P16,Post_P16,0,0.557625974153151,1
8,P16,P16,Post_P16,0,0.7150071856570757,1
8,P16,P16,Post_P16,0,0.5735557334554945,1
8,P16,P16,Post_P16,0,0.6288510051333415,1
8,P16,P16,Post_P16,0,0.6191908661886664,1
8,P16,P16,Post_P16,0,0.6029931245784677,1
8,P16,P16,Post_P16,0,0.5575119686122237,1
8,P16,P16,Post_P16,0,0.4812133399139853,0
8,P16,P16,Post_P16,0,0.52909970291511,1
8,P16,P16,Post_P16,0,0.6343185160331242,1
8,P16,P16,Post_P16,0,0.6016697892080541,1
8,P16,P16,Post_P16,0,0.5874599940875237,1
8,P16,P16,Post_P16,0,0.601311624702785,1
8,P16,P16,Post_P16,0,0.534985744713066,1
8,P16,P16,Post_P16,0,0.6363036633163388,1
8,P16,P16,Post_P16,0,0.494655596887691,0
8,P16,P16,Post_P16,0,0.5459858361721949,1
8,P16,P16,Post_P16,0,0.6223498738962562,1
8,P16,P16,Post_P16,0,0.518650077443287,1
8,P16,P16,Post_P16,0,0.5282649841143177,1
8,P16,P16,Post_P16,0,0.5843414889503789,1
8,P16,P16,Post_P16,0,0.5066446424963763,1
8,P16,P16,Post_P16,0,0.5032133137589783,1
8,P16,P16,Post_P16,0,0.5453316070749119,1
8,P16,P16,Post_P16,0,0.5803417456772433,1
8,P16,P16,Post_P16,0,0.547614848524388,1
8,P16,P16,Post_P16,0,0.5236830369646395,1
8,P16,P16,Post_P16,0,0.6298623994564823,1
8,P16,P16,Post_P16,0,0.6367836982729809,1
8,P16,P16,Post_P16,0,0.5444668638296135,1
8,P16,P16,Post_P16,0,0.45698353951200305,0
8,P16,P16,Post_P16,0,0.5802835747290588,1
8,P16,P16,Post_P16,0,0.5396077170094279,1
8,P16,P16,Post_P16,0,0.6185089518871704,1
8,P16,P16,Post_P16,0,0.5538968321135994,1
8,P16,P16,Post_P16,0,0.4983159943952802,0
8,P16,P16,Post_P16,0,0.5834713581441947,1
8,P16,P16,Post_P16,0,0.5877812976734579,1
8,P16,P16,Post_P16,0,0.5614175230162785,1
8,P16,P16,Post_P16,0,0.6940891188416138,1
8,P16,P16,Post_P16,0,0.5186305265941042,1
8,P16,P16,Post_P16,0,0.546059036220871,1
8,P16,P16,Post_P16,0,0.5675672696901644,1
8,P16,P16,Post_P16,0,0.6386172390235094,1
8,P16,P16,Post_P16,0,0.537420879556316,1
8,P16,P16,Post_P16,0,0.613596734794938,1
8,P16,P16,Post_P16,0,0.5706243202554365,1
8,P16,P16,Post_P16,0,0.6032729161392856,1
8,P16,P16,Post_P16,0,0.5585031782062951,1
8,P16,P16,Post_P16,0,0.6425208363143066,1
8,P16,P16,Post_P16,0,0.5459064355663005,1
8,P16,P16,Post_P16,0,0.6248125215662966,1
8,P16,P16,Post_P16,0,0.5895861800592406,1
8,P16,P16,Post_P16,0,0.6246414845867114,1
8,P16,P16,Post_P16,0,0.5962741771372297,1
8,P16,P16,Post_P16,0,0.5262528790117721,1
8,P16,P16,Post_P16,0,0.4895899460904242,0
8,P16,P16,Post_P16,0,0.5133835771412196,1
8,P16,P16,Post_P16,0,0.5853288108603443,1
8,P16,P16,Post_P16,0,0.612959333077202,1
8,P16,P16,Post_P16,0,0.506557410423956,1
8,P16,P16,Post_P16,0,0.5790223157835944,1
8,P16,P16,Post_P16,0,0.5888672935932147,1
8,P16,P16,Post_P16,0,0.5680646002281619,1
8,P16,P16,Post_P16,0,0.5340160196438154,1
8,P16,P16,Post_P16,0,0.6279654045397177,1
8,P16,P16,Post_P16,0,0.4957180206599215,0
8,P16,P16,Post_P16,0,0.5914302965378848,1
8,P16,P16,Post_P16,0,0.5883650608772681,1
8,P16,P16,Post_P16,0,0.5551053545717188,1
8,P16,P16,Post_P16,0,0.614764709400541,1
8,P16,P16,Post_P16,0,0.6221336067135497,1
8,P16,P16,Post_P16,0,0.5229017808752301,1
8,P16,P16,Post_P16,0,0.6173660033156844,1
8,P16,P16,Post_P16,0,0.5552298332993747,1
8,P16,P16,Post_P16,0,0.6426646986860346,1
8,P16,P16,Post_P16,0,0.6238118885470306,1
8,P16,P16,Post_P16,0,0.5856876168568576,1
8,P16,P16,Post_P16,0,0.5236728047375189,1
8,P16,P16,Post_P16,0,0.5234717086931425,1
8,P16,P16,Post_P16,0,0.7696541542964639,1
8,P16,P16,Post_P16,0,0.509114274489339,1
8,P16,P16,Post_P16,0,0.5462669775749688,1
8,P16,P16,Post_P16,0,0.6297935559837732,1
8,P16,P16,Post_P16,0,0.6015474101259247,1
8,P16,P16,Post_P16,0,0.6125196226683032,1
8,P16,P16,Post_P16,0,0.6100926013307211,1
8,P16,P16,Post_P16,0,0.5117165264223578,1
8,P16,P16,Post_P16,0,0.6512712711977875,1
8,P16,P16,Post_P16,0,0.5760146703859811,1
8,P16,P16,Post_P16,0,0.5420794415871155,1
8,P16,P16,Post_P16,0,0.5244572456871396,1
8,P16,P16,Post_P16,0,0.5331887670048023,1
8,P16,P16,Post_P16,0,0.5460879535225808,1
8,P16,P16,Post_P16,0,0.4809659984457421,0
8,P16,P16,Post_P16,0,0.6288599812288218,1
8,P16,P16,Post_P16,0,0.5924243201847601,1
8,P16,P16,Post_P16,0,0.5780612536846472,1
8,P16,P16,Post_P16,0,0.6093964911434414,1
8,P16,P16,Post_P16,0,0.6776755995471735,1
8,P16,P16,Post_P16,0,0.546881624355735,1
8,P16,P16,Post_P16,0,0.5865385985200222,1
8,P16,P16,Post_P16,0,0.5078188253632244,1
8,P16,P16,Post_P16,0,0.6005469299437958,1
8,P16,P16,Post_P16,0,0.5488440234328156,1
8,P16,P16,Post_P16,0,0.5531930371437834,1
8,P16,P16,Post_P16,0,0.597179156820471,1
8,P16,P16,Post_P16,0,0.5656139914712986,1
8,P16,P16,Post_P16,0,0.5241077958325407,1
8,P16,P16,Post_P16,0,0.5636267278306173,1
8,P16,P16,Post_P16,0,0.5179277936082285,1
8,P16,P16,Post_P16,0,0.5841032990277911,1
8,P16,P16,Post_P16,0,0.6283459231346766,1
8,P16,P16,Post_P16,0,0.6135789753352575,1
8,P16,P16,Post_P16,0,0.5833833762749439,1
8,P16,P16,Post_P16,0,0.5227872441048336,1
8,P16,P16,Post_P16,0,0.5694579148433635,1
8,P16,P16,Post_P16,0,0.46701800093802204,0
8,P16,P16,Post_P16,0,0.6376540876689567,1
8,P16,P16,Post_P16,0,0.5788537376238783,1
8,P16,P16,Post_P16,0,0.5571320140172263,1
8,P16,P16,Post_P16,0,0.5127820040770329,1
8,P16,P16,Post_P16,0,0.4653665445669371,0
8,P16,P16,Post_P16,0,0.5657324638736478,1
8,P16,P16,Post_P16,0,0.5036954452610355,1
8,P16,P16,Post_P16,0,0.5268714809154701,1
8,P16,P16,Post_P16,0,0.4870624826883204,0
8,P16,P16,Post_P16,0,0.6299442267588317,1
8,P16,P16,Post_P16,0,0.5711016326113979,1
8,P16,P16,Post_P16,0,0.6067527891391202,1
8,P16,P16,Post_P16,0,0.5767908787538512,1
8,P16,P16,Post_P16,0,0.5699796170571576,1
8,P16,P16,Post_P16,0,0.536286348186483,1
8,P16,P16,Post_P16,0,0.5538720020186446,1
8,P16,P16,Post_P16,0,0.4868280728283146,0
8,P16,P16,Post_P16,0,0.5516672391286597,1
8,P16,P16,Post_P16,0,0.5623846063121505,1
8,P16,P16,Post_P16,0,0.6058656078836635,1
8,P16,P16,Post_P16,0,0.4869175305741072,0
8,P16,P16,Post_P16,0,0.5306208357300874,1
8,P16,P16,Post_P16,0,0.5022089015342579,1
8,P16,P16,Post_P16,0,0.6432699208765909,1
8,P16,P16,Post_P16,0,0.5876428801637434,1
8,P16,P16,Post_P16,0,0.6371547052193002,1
8,P16,P16,Post_P16,0,0.5357834859565117,1
8,P16,P16,Post_P16,0,0.6393571169337994,1
8,P16,P16,Post_P16,0,0.5978849787463453,1
8,P16,P16,Post_P16,0,0.5615730222767433,1
8,P16,P16,Post_P16,0,0.510001364330036,1
8,P16,P16,Post_P16,0,0.5951009945454374,1
8,P16,P16,Post_P16,0,0.5269871141069594,1
8,P16,P16,Post_P16,0,0.5867721909273741,1
8,P16,P16,Post_P16,0,0.6327701771679428,1
8,P16,P16,Post_P16,0,0.5973684914751836,1
8,P16,P16,Post_P16,0,0.5606942674893325,1
8,P16,P16,Post_P16,0,0.4562246337005835,0
8,P16,P16,Post_P16,0,0.530472726220899,1
8,P16,P16,Post_P16,0,0.6145437932627652,1
8,P16,P16,Post_P16,0,0.5220523280815518,1
8,P16,P16,Post_P16,0,0.5895484376064494,1
8,P16,P16,Post_P16,0,0.6548580096471539,1
8,P16,P16,Post_P16,0,0.5118698936742754,1
8,P16,P16,Post_P16,0,0.566560974174115,1
8,P16,P16,Post_P16,0,0.5613115109915844,1
8,P16,P16,Post_P16,0,0.5405377237789416,1
8,P16,P16,Post_P16,0,0.577157677933234,1
8,P16,P16,Post_P16,0,0.565361219350374,1
8,P16,P16,Post_P16,0,0.5956496558870858,1
8,P16,P16,Post_P16,0,0.5970310304391533,1
8,P16,P16,Post_P16,0,0.6642687603064689,1
8,P16,P16,Post_P16,0,0.6077273096583888,1
8,P16,P16,Post_P16,0,0.6191412776185166,1
8,P16,P16,Post_P16,0,0.5570190252734222,1
8,P16,P16,Post_P16,0,0.5527510586464928,1
8,P16,P16,Post_P16,0,0.5181627343020316,1
8,P16,P16,Post_P16,0,0.6221639723346442,1
8,P16,P16,Post_P16,0,0.5482919890688097,1
8,P16,P16,Post_P16,0,0.5282674906663163,1
8,P16,P16,Post_P16,0,0.45343131863307573,0
8,P16,P16,Post_P16,0,0.61371474198025,1
8,P16,P16,Post_P16,0,0.5644733346241279,1
8,P16,P16,Post_P16,0,0.45501203620332886,0
8,P16,P16,Post_P16,0,0.5454747432598809,1
8,P16,P16,Post_P16,0,0.6217913595443992,1
8,P16,P16,Post_P16,0,0.4993552780116265,0
8,P16,P16,Post_P16,0,0.5889172490053225,1
8,P16,P16,Post_P16,0,0.5861257119917962,1
8,P16,P16,Post_P16,0,0.49679191882320906,0
8,P16,P16,Post_P16,0,0.5686063188571716,1
8,P16,P16,Post_P16,0,0.5244384388829716,1
8,P16,P16,Post_P16,0,0.6044096116653723,1
8,P16,P16,Post_P16,0,0.5986321845233165,1
8,P16,P16,Post_P16,0,0.5842570576511177,1
8,P16,P16,Post_P16,0,0.49262115363041914,0
8,P16,P16,Post_P16,0,0.5720456570571228,1
8,P16,P16,Post_P16,0,0.5152608215220282,1
8,P16,P16,Post_P16,0,0.5293143036315551,1
8,P16,P16,Post_P16,0,0.4977922455568546,0
8,P16,P16,Post_P16,0,0.6270748922367346,1
8,P16,P16,Post_P16,0,0.5714294744019155,1
8,P16,P16,Post_P16,0,0.6286166638624889,1
8,P16,P16,Post_P16,0,0.5717435078386408,1
8,P16,P16,Post_P16,0,0.5818556233278231,1
8,P16,P16,Post_P16,0,0.5834183966128189,1
8,P16,P16,Post_P16,0,0.5232779631220333,1
8,P16,P16,Post_P16,0,0.5825365211652408,1
8,P16,P16,Post_P16,0,0.5110937831392302,1
8,P16,P16,Post_P16,0,0.5258520627103368,1
8,P16,P16,Post_P16,0,0.5685363013820851,1
8,P16,P16,Post_P16,0,0.6327124245507837,1
8,P16,P16,Post_P16,0,0.5098620430469152,1
8,P16,P16,Post_P16,0,0.5206955448903103,1
8,P16,P16,Post_P16,0,0.5697653803481989,1
8,P16,P16,Post_P16,0,0.6426646986860346,1
8,P16,P16,Post_P16,0,0.5828278444828742,1
8,P16,P16,Post_P16,0,0.6439847635503733,1
8,P16,P16,Post_P16,0,0.5355312855364205,1
8,P16,P16,Post_P16,0,0.6137712538284064,1
8,P16,P16,Post_P16,0,0.63265251511604,1
8,P16,P16,Post_P16,0,0.623930609156074,1
8,P16,P16,Post_P16,0,0.6213439760734418,1
8,P16,P16,Post_P16,0,0.5604861839647688,1
8,P16,P16,Post_P16,0,0.5307342441399434,1
8,P16,P16,Post_P16,0,0.535485330792664,1
8,P16,P16,Post_P16,0,0.5823522391226081,1
8,P16,P16,Post_P16,0,0.4653717395964215,0
8,P16,P16,Post_P16,0,0.6149582925798884,1
8,P16,P16,Post_P16,0,0.5702609853948059,1
8,P16,P16,Post_P16,0,0.5103094875821222,1
8,P16,P16,Post_P16,0,0.5986956978593465,1
8,P16,P16,Post_P16,0,0.5017925105516019,1
8,P16,P16,Post_P16,0,0.5435760334629341,1
8,P16,P16,Post_P16,0,0.5582065501627924,1
8,P16,P16,Post_P16,0,0.6072587543005468,1
8,P16,P16,Post_P16,0,0.6049812025897066,1
8,P16,P16,Post_P16,0,0.5176404148567622,1
8,P16,P16,Post_P16,0,0.6010526264559587,1
8,P16,P16,Post_P16,0,0.5550858190615953,1
8,P16,P16,Post_P16,0,0.5974791803826697,1
8,P16,P16,Post_P16,0,0.5868325534992527,1
8,P16,P16,Post_P16,0,0.5818211990443873,1
8,P16,P16,Post_P16,0,0.5505736342712931,1
8,P16,P16,Post_P16,0,0.48744557085552986,0
8,P16,P16,Post_P16,0,0.5833666516152299,1
8,P16,P16,Post_P16,0,0.5873509558424925,1
8,P16,P16,Post_P16,0,0.5245538375076807,1
8,P16,P16,Post_P16,0,0.5679408081293598,1
8,P16,P16,Post_P16,0,0.5616696792565679,1
8,P16,P16,Post_P16,0,0.5561033203484097,1
8,P16,P16,Post_P16,0,0.6365308603724921,1
8,P16,P16,Post_P16,0,0.5008279956235269,1
8,P16,P16,Post_P16,0,0.487199443878975,0
8,P16,P16,Post_P16,0,0.5978849787463453,1
8,P16,P16,Post_P16,0,0.5535592197630788,1
8,P16,P16,Post_P16,0,0.5604491538155127,1
8,P16,P16,Post_P16,0,0.6071240382942713,1
8,P16,P16,Post_P16,0,0.508566399163308,1
8,P16,P16,Post_P16,0,0.5686400590151212,1
8,P16,P16,Post_P16,0,0.5592768637316451,1
8,P16,P16,Post_P16,0,0.582503208784437,1
8,P16,P16,Post_P16,0,0.571297144483688,1
8,P16,P16,Post_P16,0,0.6556743997380018,1
8,P16,P16,Post_P16,0,0.5233402923740852,1
8,P16,P16,Post_P16,0,0.6328701146634034,1
8,P16,P16,Post_P16,0,0.5062365914868383,1
8,P16,P16,Post_P16,0,0.5501727445641453,1
8,P16,P16,Post_P16,0,0.5830736719907911,1
8,P16,P16,Post_P16,0,0.5856586822134668,1
8,P16,P16,Post_P16,0,0.6001589248015057,1
8,P16,P16,Post_P16,0,0.522344914867048,1
8,P16,P16,Post_P16,0,0.5499460750214769,1
8,P16,P16,Post_P16,0,0.6073579895534278,1
8,P16,P16,Post_P16,0,0.6172461039654963,1
8,P16,P16,Post_P16,0,0.6117526959054389,1
8,P16,P16,Post_P16,0,0.5403330513625226,1
8,P16,P16,Post_P16,0,0.5458705352203606,1
8,P16,P16,Post_P16,0,0.48788756030001734,0
8,P16,P16,Post_P16,0,0.6241824111872081,1
8,P16,P16,Post_P16,0,0.5858258502845348,1
8,P16,P16,Post_P16,0,0.632358917227375,1
8,P16,P16,Post_P16,0,0.5642353570547943,1
8,P16,P16,Post_P16,0,0.4836469516076696,0
8,P16,P16,Post_P16,0,0.5960986074252181,1
8,P16,P16,Post_P16,0,0.6381410581611933,1
8,P16,P16,Post_P16,0,0.5684232988435713,1
8,P16,P16,Post_P16,0,0.5165976978432091,1
8,P16,P16,Post_P16,0,0.5601008252541373,1
8,P16,P16,Post_P16,0,0.5808813404429102,1
8,P16,P16,Post_P16,0,0.5262146596039264,1
8,P16,P16,Post_P16,0,0.6372895914955478,1
8,P16,P16,Post_P16,0,0.526239409766533,1
8,P16,P16,Post_P16,0,0.46424686129752746,0
8,P16,P16,Post_P16,0,0.524458962808887,1
8,P16,P16,Post_P16,0,0.4951563880720607,0
8,P16,P16,Post_P16,0,0.5878744243048879,1
8,P16,P16,Post_P16,0,0.5584604422623214,1
8,P16,P16,Post_P16,0,0.7240530492737707,1
8,P16,P16,Post_P16,0,0.46126987225507304,0
8,P16,P16,Post_P16,0,0.5262869512764831,1
8,P16,P16,Post_P16,0,0.630945580241028,1
8,P16,P16,Post_P16,0,0.5671392826324977,1
8,P16,P16,Post_P16,0,0.5248306737415823,1
8,P16,P16,Post_P16,0,0.5998895155782572,1
8,P16,P16,Post_P16,0,0.5103352823131642,1
8,P16,P16,Post_P16,0,0.5172330707574307,1
8,P16,P16,Post_P16,0,0.515727092792279,1
8,P16,P16,Post_P16,0,0.5424517082270476,1
8,P16,P16,Post_P16,0,0.48147042080351354,0
8,P16,P16,Post_P16,0,0.5468738479766643,1
8,P16,P16,Post_P16,0,0.6003686464593689,1
8,P16,P16,Post_P16,0,0.613873121106024,1
8,P16,P16,Post_P16,0,0.5790318639101806,1
8,P16,P16,Post_P16,0,0.5288842671843383,1
8,P16,P16,Post_P16,0,0.6375301425597282,1
8,P16,P16,Post_P16,0,0.5394153757841568,1
8,P16,P16,Post_P16,0,0.6103100619808222,1
8,P16,P16,Post_P16,0,0.5782424952510069,1
8,P16,P16,Post_P16,0,0.568662153724656,1
8,P16,P16,Post_P16,0,0.5375457908078228,1
8,P16,P16,Post_P16,0,0.5424112510830955,1
8,P16,P16,Post_P16,0,0.6235988311241076,1
8,P16,P16,Post_P16,0,0.5171752320141302,1
8,P16,P16,Post_P16,0,0.6121979451163216,1
8,P16,P16,Post_P16,0,0.5580990544474992,1
8,P16,P16,Post_P16,0,0.5460376198776314,1
8,P16,P16,Post_P16,0,0.5478583449310102,1
8,P16,P16,Post_P16,0,0.6159829671353366,1
8,P16,P16,Post_P16,0,0.5793913933599799,1
8,P16,P16,Post_P16,0,0.5902548999929962,1
8,P16,P16,Post_P16,0,0.6721288986589402,1
8,P16,P16,Post_P16,0,0.6225072625892195,1
8,P16,P16,Post_P16,0,0.5979280241514118,1
8,P16,P16,Post_P16,0,0.5884125187217203,1
8,P16,P16,Post_P16,0,0.5595769825979654,1
8,P16,P16,Post_P16,0,0.5633177464969379,1
8,P16,P16,Post_P16,0,0.5872467882012489,1
8,P16,P16,Post_P16,0,0.5930292340445177,1
8,P16,P16,Post_P16,0,0.6243086088379914,1
8,P16,P16,Post_P16,0,0.5592850836241713,1
8,P16,P16,Post_P16,0,0.5332103277888,1
8,P16,P16,Post_P16,0,0.5653195891511922,1
8,P16,P16,Post_P16,0,0.5297458034043055,1
8,P16,P16,Post_P16,0,0.4697819252333896,0
8,P16,P16,Post_P16,0,0.5222380124230103,1
8,P16,P16,Post_P16,0,0.4619700121834885,0
8,P16,P16,Post_P16,0,0.6136115214652471,1
8,P16,P16,Post_P16,0,0.5586265834867004,1
8,P16,P16,Post_P16,0,0.5961328308747945,1
8,P16,P16,Post_P16,0,0.5498111982335513,1
8,P16,P16,Post_P16,0,0.5620144326007745,1
8,P16,P16,Post_P16,0,0.6281354688888106,1
8,P16,P16,Post_P16,0,0.5618691229530816,1
8,P16,P16,Post_P16,0,0.7087984725764113,1
8,P16,P16,Post_P16,0,0.5163272760813629,1
8,P16,P16,Post_P16,0,0.5955061932671143,1
8,P16,P16,Post_P16,0,0.5788746524246069,1
8,P16,P16,Post_P16,0,0.5432362505238495,1
8,P16,P16,Post_P16,0,0.6282208947542528,1
8,P16,P16,Post_P16,0,0.5931101757837545,1
8,P16,P16,Post_P16,0,0.6049665802470929,1
8,P16,P16,Post_P16,0,0.5335682541456657,1
8,P16,P16,Post_P16,0,0.5234109012834378,1
8,P16,P16,Post_P16,0,0.5636537279831335,1
8,P16,P16,Post_P16,0,0.620378329051969,1
8,P16,P16,Post_P16,0,0.6149402980255437,1
8,P16,P16,Post_P16,0,0.5512692002932273,1
8,P16,P16,Post_P16,0,0.632268354416778,1
8,P16,P16,Post_P16,0,0.5458127250213173,1
8,P16,P16,Post_P16,0,0.5489648201717438,1
8,P16,P16,Post_P16,0,0.5768581094717753,1
8,P16,P16,Post_P16,0,0.5434639219074665,1
8,P16,P16,Post_P16,0,0.6115440935385608,1
8,P16,P16,Post_P16,0,0.5042032385036076,1
8,P16,P16,Post_P16,0,0.48623308725296904,0
8,P16,P16,Post_P16,0,0.5306760611743565,1
8,P16,P16,Post_P16,0,0.5695296543921187,1
8,P16,P16,Post_P16,0,0.5740339674684237,1
8,P16,P16,Post_P16,0,0.4989311638288675,0
8,P16,P16,Post_P16,0,0.5223190340614295,1
8,P16,P16,Post_P16,0,0.5131774915415784,1
8,P16,P16,Post_P16,0,0.62511145324108,1
8,P16,P16,Post_P16,0,0.5161629670627917,1
8,P16,P16,Post_P16,0,0.5862198628011359,1
8,P16,P16,Post_P16,0,0.5402352457321843,1
8,P16,P16,Post_P16,0,0.5489989057522171,1
8,P16,P16,Post_P16,0,0.5936672084029666,1
8,P16,P16,Post_P16,0,0.5118029139952994,1
8,P16,P16,Post_P16,0,0.5907469139322319,1
8,P16,P16,Post_P16,0,0.5917136146425781,1
8,P16,P16,Post_P16,0,0.5468536392465426,1
8,P16,P16,Post_P16,0,0.5781827757241158,1
8,P16,P16,Post_P16,0,0.5610941829379694,1
8,P16,P16,Post_P16,0,0.586811078601944,1
8,P16,P16,Post_P16,0,0.6113783744105559,1
8,P16,P16,Post_P16,0,0.5412477377140765,1
8,P16,P16,Post_P16,0,0.5430078063047242,1
8,P16,P16,Post_P16,0,0.551924199794827,1
8,P16,P16,Post_P16,0,0.6072293584324446,1
8,P16,P16,Post_P16,0,0.5671314894494082,1
8,P16,P16,Post_P16,0,0.5518927883868202,1
8,P16,P16,Post_P16,0,0.5794441456120478,1
8,P16,P16,Post_P16,0,0.5282537658719684,1
8,P16,P16,Post_P16,0,0.5516029514078002,1
8,P16,P16,Post_P16,0,0.5815842372107818,1
8,P16,P16,Post_P16,0,0.49269576621907135,0
8,P16,P16,Post_P16,0,0.5679847131689356,1
8,P16,P16,Post_P16,0,0.55150411503761,1
8,P16,P16,Post_P16,0,0.5341316150102168,1
8,P16,P16,Post_P16,0,0.5053443780579322,1
8,P16,P16,Post_P16,0,0.5096251449546582,1
8,P16,P16,Post_P16,0,0.5151727273582797,1
8,P16,P16,Post_P16,0,0.567769733087219,1
8,P16,P16,Post_P16,0,0.5364257522825091,1
8,P16,P16,Post_P16,0,0.6101780781796416,1
8,P16,P16,Post_P16,0,0.5877529480225714,1
8,P16,P16,Post_P16,0,0.6366530480539361,1
8,P16,P16,Post_P16,0,0.5320836807874364,1
8,P16,P16,Post_P16,0,0.5963242974721941,1
8,P16,P16,Post_P16,0,0.6016976054089388,1
8,P16,P16,Post_P16,0,0.5438242182225007,1
8,P16,P16,Post_P16,0,0.5422853986313617,1
8,P16,P16,Post_P16,0,0.5006158496393568,1
8,P16,P16,Post_P16,0,0.5847805291985984,1
8,P16,P16,Post_P16,0,0.6889253173724974,1
8,P16,P16,Post_P16,0,0.5754992845402901,1
8,P16,P16,Post_P16,0,0.5861852115154423,1
8,P16,P16,Post_P16,0,0.5271477353863636,1
8,P16,P16,Post_P16,0,0.5319746060706524,1
8,P16,P16,Post_P16,0,0.610361884595475,1
8,P16,P16,Post_P16,0,0.6417117895989253,1
8,P16,P16,Post_P16,0,0.5257091552856955,1
8,P16,P16,Post_P16,0,0.5811687608371713,1
8,P16,P16,Post_P16,0,0.5487456692071925,1
8,P16,P16,Post_P16,0,0.5015467390049851,1
8,P16,P16,Post_P16,0,0.5670600003750318,1
8,P16,P16,Post_P16,0,0.6690184144221197,1
8,P16,P16,Post_P16,0,0.5616312836426746,1
8,P16,P16,Post_P16,0,0.5630839873762024,1
8,P16,P16,Post_P16,0,0.5555854179051853,1
8,P16,P16,Post_P16,0,0.5199484083478071,1
8,P16,P16,Post_P16,0,0.55091563917603,1
8,P16,P16,Post_P16,0,0.5089003865291604,1
8,P16,P16,Post_P16,0,0.5967655354533813,1
8,P16,P16,Post_P16,0,0.5794823164682892,1
8,P16,P16,Post_P16,0,0.5715479728339125,1
8,P16,P16,Post_P16,0,0.5812600586763182,1
8,P16,P16,Post_P16,0,0.5520057301197986,1
8,P16,P16,Post_P16,0,0.5223145555093546,1
8,P16,P16,Post_P16,0,0.4891694814249482,0
8,P16,P16,Post_P16,0,0.6011500617904884,1
8,P16,P16,Post_P16,0,0.5590624585840785,1
8,P16,P16,Post_P16,0,0.5928063639427386,1
8,P16,P16,Post_P16,0,0.5509754065740956,1
8,P16,P16,Post_P16,0,0.5863337288111077,1
8,P16,P16,Post_P16,0,0.5751855698687193,1
8,P16,P16,Post_P16,0,0.5531673707815724,1
9,P17,P17,Post_P17,1,0.6627815755634135,1
9,P17,P17,Post_P17,1,0.7897159257779118,1
9,P17,P17,Post_P17,1,0.6777607300859072,1
9,P17,P17,Post_P17,1,0.6682505386601191,1
9,P17,P17,Post_P17,1,0.6915078760086789,1
9,P17,P17,Post_P17,1,0.6914781406571838,1
9,P17,P17,Post_P17,1,0.6836352185048574,1
9,P17,P17,Post_P17,1,0.6868732287553442,1
9,P17,P17,Post_P17,1,0.6943165022035446,1
9,P17,P17,Post_P17,1,0.6845897678031633,1
9,P17,P17,Post_P17,1,0.7877384103565735,1
9,P17,P17,Post_P17,1,0.6953110175579252,1
9,P17,P17,Post_P17,1,0.7785203560670382,1
9,P17,P17,Post_P17,1,0.6926589684667354,1
9,P17,P17,Post_P17,1,0.6865732252796194,1
9,P17,P17,Post_P17,1,0.7093034875188623,1
9,P17,P17,Post_P17,1,0.7708671795058131,1
9,P17,P17,Post_P17,1,0.6802242616284881,1
9,P17,P17,Post_P17,1,0.6945596422704683,1
9,P17,P17,Post_P17,1,0.79675971048393,1
9,P17,P17,Post_P17,1,0.7020434998946714,1
9,P17,P17,Post_P17,1,0.6826432447297004,1
9,P17,P17,Post_P17,1,0.7927231905585135,1
9,P17,P17,Post_P17,1,0.7444964539204447,1
9,P17,P17,Post_P17,1,0.6837352826595896,1
9,P17,P17,Post_P17,1,0.7067258852103817,1
9,P17,P17,Post_P17,1,0.6786092500701797,1
9,P17,P17,Post_P17,1,0.6093189393856999,1
9,P17,P17,Post_P17,1,0.6987960833293069,1
9,P17,P17,Post_P17,1,0.6779707955746973,1
9,P17,P17,Post_P17,1,0.6855250197608896,1
9,P17,P17,Post_P17,1,0.6865834322014838,1
9,P17,P17,Post_P17,1,0.6932084891948419,1
9,P17,P17,Post_P17,1,0.6717047838362861,1
9,P17,P17,Post_P17,1,0.6887221586149771,1
9,P17,P17,Post_P17,1,0.6989428817685683,1
9,P17,P17,Post_P17,1,0.7046439648488909,1
9,P17,P17,Post_P17,1,0.6843559294428729,1
9,P17,P17,Post_P17,1,0.6812823387567923,1
9,P17,P17,Post_P17,1,0.6854085870421918,1
9,P17,P17,Post_P17,1,0.6836363720474228,1
9,P17,P17,Post_P17,1,0.6894857981338285,1
9,P17,P17,Post_P17,1,0.8022593536622727,1
9,P17,P17,Post_P17,1,0.6783062202318418,1
9,P17,P17,Post_P17,1,0.6949553696831963,1
9,P17,P17,Post_P17,1,0.6886419157312997,1
9,P17,P17,Post_P17,1,0.6851731096118004,1
9,P17,P17,Post_P17,1,0.6749850253251747,1
9,P17,P17,Post_P17,1,0.7988278876738537,1
9,P17,P17,Post_P17,1,0.6873532733193294,1
9,P17,P17,Post_P17,1,0.6881683725689377,1
9,P17,P17,Post_P17,1,0.7196745485199285,1
9,P17,P17,Post_P17,1,0.7826381893412863,1
9,P17,P17,Post_P17,1,0.6667053707539806,1
9,P17,P17,Post_P17,1,0.6922975381194912,1
9,P17,P17,Post_P17,1,0.7856845100819888,1
9,P17,P17,Post_P17,1,0.6915103053081214,1
9,P17,P17,Post_P17,1,0.6690539299449574,1
9,P17,P17,Post_P17,1,0.6948138196263469,1
9,P17,P17,Post_P17,1,0.7064089057757527,1
9,P17,P17,Post_P17,1,0.6637410115693825,1
9,P17,P17,Post_P17,1,0.6920795166375127,1
9,P17,P17,Post_P17,1,0.6913800044219153,1
9,P17,P17,Post_P17,1,0.6876430579033826,1
9,P17,P17,Post_P17,1,0.7431863802013668,1
9,P17,P17,Post_P17,1,0.6883131769366556,1
9,P17,P17,Post_P17,1,0.6944725465926644,1
9,P17,P17,Post_P17,1,0.6904357090194349,1
9,P17,P17,Post_P17,1,0.7897159257779118,1
9,P17,P17,Post_P17,1,0.6889038382153535,1
9,P17,P17,Post_P17,1,0.6860896714007872,1
9,P17,P17,Post_P17,1,0.6942919827729769,1
9,P17,P17,Post_P17,1,0.7156180063000617,1
9,P17,P17,Post_P17,1,0.7069678795442706,1
9,P17,P17,Post_P17,1,0.6869290919029347,1
9,P17,P17,Post_P17,1,0.7403068844611801,1
9,P17,P17,Post_P17,1,0.7004222505533224,1
9,P17,P17,Post_P17,1,0.672598906407037,1
9,P17,P17,Post_P17,1,0.7207591137192614,1
9,P17,P17,Post_P17,1,0.6761567062556396,1
9,P17,P17,Post_P17,1,0.6631585365329121,1
9,P17,P17,Post_P17,1,0.6887624046368326,1
9,P17,P17,Post_P17,1,0.6933516993336516,1
9,P17,P17,Post_P17,1,0.6833428607862901,1
9,P17,P17,Post_P17,1,0.6862988671178919,1
9,P17,P17,Post_P17,1,0.690980329393684,1
9,P17,P17,Post_P17,1,0.6696142549625091,1
9,P17,P17,Post_P17,1,0.6878202979075466,1
9,P17,P17,Post_P17,1,0.6872981250371861,1
9,P17,P17,Post_P17,1,0.6875673945760872,1
9,P17,P17,Post_P17,1,0.6606714491775361,1
9,P17,P17,Post_P17,1,0.7084969494542309,1
9,P17,P17,Post_P17,1,0.6912610751380378,1
9,P17,P17,Post_P17,1,0.6932725121685976,1
9,P17,P17,Post_P17,1,0.6814525489082778,1
9,P17,P17,Post_P17,1,0.6854868222685382,1
9,P17,P17,Post_P17,1,0.7418576759623255,1
9,P17,P17,Post_P17,1,0.6999659349339151,1
9,P17,P17,Post_P17,1,0.652535754046337,1
9,P17,P17,Post_P17,1,0.6801314007512741,1
9,P17,P17,Post_P17,1,0.730440686997955,1
9,P17,P17,Post_P17,1,0.6993436241807874,1
9,P17,P17,Post_P17,1,0.6909181234273999,1
9,P17,P17,Post_P17,1,0.6885837764371385,1
9,P17,P17,Post_P17,1,0.6777559659455106,1
9,P17,P17,Post_P17,1,0.6908700755324577,1
9,P17,P17,Post_P17,1,0.7061249954033442,1
9,P17,P17,Post_P17,1,0.6800231199287005,1
9,P17,P17,Post_P17,1,0.6801314007512741,1
9,P17,P17,Post_P17,1,0.6607161097224731,1
9,P17,P17,Post_P17,1,0.6863480544837012,1
9,P17,P17,Post_P17,1,0.6809034804133086,1
9,P17,P17,Post_P17,1,0.7635752355189785,1
9,P17,P17,Post_P17,1,0.6722745757901714,1
9,P17,P17,Post_P17,1,0.6847572587492796,1
9,P17,P17,Post_P17,1,0.6694267945742,1
9,P17,P17,Post_P17,1,0.6842240778641195,1
9,P17,P17,Post_P17,1,0.7806197564950111,1
9,P17,P17,Post_P17,1,0.6991783987439705,1
9,P17,P17,Post_P17,1,0.701026453225756,1
9,P17,P17,Post_P17,1,0.6907950311996338,1
9,P17,P17,Post_P17,1,0.6660794702124921,1
9,P17,P17,Post_P17,1,0.7995559384687067,1
9,P17,P17,Post_P17,1,0.7403068844611801,1
9,P17,P17,Post_P17,1,0.7377010673808428,1
9,P17,P17,Post_P17,1,0.6651383014244343,1
9,P17,P17,Post_P17,1,0.6791076401364543,1
9,P17,P17,Post_P17,1,0.7089337861091397,1
9,P17,P17,Post_P17,1,0.6771850030869805,1
9,P17,P17,Post_P17,1,0.6837352826595896,1
9,P17,P17,Post_P17,1,0.6766051635676056,1
9,P17,P17,Post_P17,1,0.738996810742102,1
9,P17,P17,Post_P17,1,0.6637410115693825,1
9,P17,P17,Post_P17,1,0.6644442807811006,1
9,P17,P17,Post_P17,1,0.6892511998413623,1
9,P17,P17,Post_P17,1,0.6582737709346231,1
9,P17,P17,Post_P17,1,0.7676020789299466,1
9,P17,P17,Post_P17,1,0.7002339042564876,1
9,P17,P17,Post_P17,1,0.6757001022855653,1
9,P17,P17,Post_P17,1,0.6740462165857869,1
9,P17,P17,Post_P17,1,0.6772920413443725,1
9,P17,P17,Post_P17,1,0.6862515023879596,1
9,P17,P17,Post_P17,1,0.6972083532655787,1
9,P17,P17,Post_P17,1,0.7018502848116941,1
9,P17,P17,Post_P17,1,0.6867457047787088,1
9,P17,P17,Post_P17,1,0.6859113648561775,1
9,P17,P17,Post_P17,1,0.639792920974437,1
9,P17,P17,Post_P17,1,0.6676979841405088,1
9,P17,P17,Post_P17,1,0.7789906304773485,1
9,P17,P17,Post_P17,1,0.7176555844358751,1
9,P17,P17,Post_P17,1,0.667097918522225,1
9,P17,P17,Post_P17,1,0.7088746590342733,1
9,P17,P17,Post_P17,1,0.6959329573554495,1
9,P17,P17,Post_P17,1,0.662484378062241,1
9,P17,P17,Post_P17,1,0.6810351141860576,1
9,P17,P17,Post_P17,1,0.6863480544837012,1
9,P17,P17,Post_P17,1,0.6854613937870163,1
9,P17,P17,Post_P17,1,0.6858191572431332,1
9,P17,P17,Post_P17,1,0.6979869789813982,1
9,P17,P17,Post_P17,1,0.7118821112809977,1
9,P17,P17,Post_P17,1,0.7109135866854773,1
9,P17,P17,Post_P17,1,0.6867079597022914,1
9,P17,P17,Post_P17,1,0.8022593536622727,1
9,P17,P17,Post_P17,1,0.6834288221506696,1
9,P17,P17,Post_P17,1,0.6933132698783834,1
9,P17,P17,Post_P17,1,0.686551790117342,1
9,P17,P17,Post_P17,1,0.6939654805131207,1
9,P17,P17,Post_P17,1,0.767318917738694,1
9,P17,P17,Post_P17,1,0.6817714928468809,1
9,P17,P17,Post_P17,1,0.6650081999714917,1
9,P17,P17,Post_P17,1,0.7073110624423476,1
9,P17,P17,Post_P17,1,0.7241942091836895,1
9,P17,P17,Post_P17,1,0.6859023319237952,1
9,P17,P17,Post_P17,1,0.6718995267478838,1
9,P17,P17,Post_P17,1,0.6968821724298445,1
9,P17,P17,Post_P17,1,0.7741448964805325,1
9,P17,P17,Post_P17,1,0.621445688748609,1
9,P17,P17,Post_P17,1,0.6818432278864376,1
9,P17,P17,Post_P17,1,0.6974845565917618,1
9,P17,P17,Post_P17,1,0.683526086942485,1
9,P17,P17,Post_P17,1,0.6982996341458407,1
9,P17,P17,Post_P17,1,0.7078857897908092,1
9,P17,P17,Post_P17,1,0.7048808354715342,1
9,P17,P17,Post_P17,1,0.6843165491123028,1
9,P17,P17,Post_P17,1,0.6960281844356719,1
9,P17,P17,Post_P17,1,0.661121011178264,1
9,P17,P17,Post_P17,1,0.6902626444556711,1
9,P17,P17,Post_P17,1,0.6937334910374593,1
9,P17,P17,Post_P17,1,0.6957005430799411,1
9,P17,P17,Post_P17,1,0.6775137154281002,1
9,P17,P17,Post_P17,1,0.6847009321017767,1
9,P17,P17,Post_P17,1,0.6952329642799225,1
9,P17,P17,Post_P17,1,0.6888549779513079,1
9,P17,P17,Post_P17,1,0.7064488333058593,1
9,P17,P17,Post_P17,1,0.7954310062448888,1
9,P17,P17,Post_P17,1,0.6716898735661806,1
9,P17,P17,Post_P17,1,0.6774069270353529,1
9,P17,P17,Post_P17,1,0.70567318792604,1
9,P17,P17,Post_P17,1,0.7664946146964485,1
9,P17,P17,Post_P17,1,0.6657207764609048,1
9,P17,P17,Post_P17,1,0.6894454246154215,1
9,P17,P17,Post_P17,1,0.6618620964295501,1
9,P17,P17,Post_P17,1,0.6884368408675666,1
9,P17,P17,Post_P17,1,0.6911167933780301,1
9,P17,P17,Post_P17,1,0.6826159359261398,1
9,P17,P17,Post_P17,1,0.7804588087910397,1
9,P17,P17,Post_P17,1,0.765781389196255,1
9,P17,P17,Post_P17,1,0.6924340021038375,1
9,P17,P17,Post_P17,1,0.7460879083719749,1
9,P17,P17,Post_P17,1,0.6732776606373619,1
9,P17,P17,Post_P17,1,0.6805829989171653,1
9,P17,P17,Post_P17,1,0.6624380156396695,1
9,P17,P17,Post_P17,1,0.777527449443949,1
9,P17,P17,Post_P17,1,0.6909058353782066,1
9,P17,P17,Post_P17,1,0.6795585488076851,1
9,P17,P17,Post_P17,1,0.6911167933780301,1
9,P17,P17,Post_P17,1,0.6751939829961571,1
9,P17,P17,Post_P17,1,0.6887624046368326,1
9,P17,P17,Post_P17,1,0.6968206148868713,1
9,P17,P17,Post_P17,1,0.7970516283233312,1
9,P17,P17,Post_P17,1,0.7996205757041536,1
9,P17,P17,Post_P17,1,0.6861999565057252,1
9,P17,P17,Post_P17,1,0.6658193857830296,1
9,P17,P17,Post_P17,1,0.6946152068431324,1
9,P17,P17,Post_P17,1,0.6989506881324754,1
9,P17,P17,Post_P17,1,0.6945515405094659,1
9,P17,P17,Post_P17,1,0.6805343800329996,1
9,P17,P17,Post_P17,1,0.6987057375308566,1
9,P17,P17,Post_P17,1,0.6906449047365395,1
9,P17,P17,Post_P17,1,0.7076499705112124,1
9,P17,P17,Post_P17,1,0.6812600332835893,1
9,P17,P17,Post_P17,1,0.6916954063540744,1
9,P17,P17,Post_P17,1,0.6915122851847475,1
9,P17,P17,Post_P17,1,0.7693293270847662,1
9,P17,P17,Post_P17,1,0.6949396218956776,1
9,P17,P17,Post_P17,1,0.6746286916222574,1
9,P17,P17,Post_P17,1,0.8022593536622727,1
9,P17,P17,Post_P17,1,0.6740286255344666,1
9,P17,P17,Post_P17,1,0.7218330474827929,1
9,P17,P17,Post_P17,1,0.7484349859750817,1
9,P17,P17,Post_P17,1,0.7190360016698867,1
9,P17,P17,Post_P17,1,0.7403068844611801,1
9,P17,P17,Post_P17,1,0.7067258852103817,1
9,P17,P17,Post_P17,1,0.75323961376554,1
9,P17,P17,Post_P17,1,0.727662038091637,1
9,P17,P17,Post_P17,1,0.7048808354715342,1
9,P17,P17,Post_P17,1,0.7367273591267318,1
9,P17,P17,Post_P17,1,0.7980697842030079,1
9,P17,P17,Post_P17,1,0.7077491124201374,1
9,P17,P17,Post_P17,1,0.7041170206743814,1
9,P17,P17,Post_P17,1,0.7069678795442706,1
9,P17,P17,Post_P17,1,0.685186905739098,1
9,P17,P17,Post_P17,1,0.6862988671178919,1
9,P17,P17,Post_P17,1,0.71165918093237,1
9,P17,P17,Post_P17,1,0.7083500022271749,1
9,P17,P17,Post_P17,1,0.749156032485359,1
9,P17,P17,Post_P17,1,0.6778291287560783,1
9,P17,P17,Post_P17,1,0.7596735270588836,1
9,P17,P17,Post_P17,1,0.7035707617524564,1
9,P17,P17,Post_P17,1,0.7072589661474067,1
9,P17,P17,Post_P17,1,0.7122682202123741,1
9,P17,P17,Post_P17,1,0.706366989737233,1
9,P17,P17,Post_P17,1,0.7077732475094777,1
9,P17,P17,Post_P17,1,0.7431863802013668,1
9,P17,P17,Post_P17,1,0.7431863802013668,1
9,P17,P17,Post_P17,1,0.7065408721700643,1
9,P17,P17,Post_P17,1,0.7431863802013668,1
9,P17,P17,Post_P17,1,0.7179068834121899,1
9,P17,P17,Post_P17,1,0.7207677486324136,1
9,P17,P17,Post_P17,1,0.7106856102017667,1
9,P17,P17,Post_P17,1,0.708810609429892,1
9,P17,P17,Post_P17,1,0.6887091155651266,1
9,P17,P17,Post_P17,1,0.715518931919897,1
9,P17,P17,Post_P17,1,0.7520355282255458,1
9,P17,P17,Post_P17,1,0.7098842995685087,1
9,P17,P17,Post_P17,1,0.697055150571823,1
9,P17,P17,Post_P17,1,0.8009492799431946,1
9,P17,P17,Post_P17,1,0.7431863802013668,1
9,P17,P17,Post_P17,1,0.7649365429412608,1
9,P17,P17,Post_P17,1,0.7048808354715342,1
9,P17,P17,Post_P17,1,0.7431863802013668,1
10,P18,P18,Post_P18,0,0.845756947644345,1
10,P18,P18,Post_P18,0,0.7531908505389352,1
10,P18,P18,Post_P18,0,0.773452578616901,1
10,P18,P18,Post_P18,0,0.7126092094262982,1
10,P18,P18,Post_P18,0,0.8385439091839697,1
10,P18,P18,Post_P18,0,0.8429374897178238,1
10,P18,P18,Post_P18,0,0.8267954005913137,1
10,P18,P18,Post_P18,0,0.7855678047339582,1
10,P18,P18,Post_P18,0,0.8429374897178238,1
10,P18,P18,Post_P18,0,0.8426703664306195,1
10,P18,P18,Post_P18,0,0.7755478721582242,1
10,P18,P18,Post_P18,0,0.8047637907179854,1
10,P18,P18,Post_P18,0,0.7941734799246096,1
10,P18,P18,Post_P18,0,0.7930834626985712,1
10,P18,P18,Post_P18,0,0.8385439091839697,1
10,P18,P18,Post_P18,0,0.7520280232701424,1
10,P18,P18,Post_P18,0,0.8358470192557738,1
10,P18,P18,Post_P18,0,0.84318830339905,1
10,P18,P18,Post_P18,0,0.7751953937468358,1
10,P18,P18,Post_P18,0,0.8342892062544188,1
10,P18,P18,Post_P18,0,0.8434255304071802,1
10,P18,P18,Post_P18,0,0.8448561995499125,1
10,P18,P18,Post_P18,0,0.8344329161174938,1
10,P18,P18,Post_P18,0,0.8042463534407108,1
10,P18,P18,Post_P18,0,0.7705281797114363,1
10,P18,P18,Post_P18,0,0.8334988981482673,1
10,P18,P18,Post_P18,0,0.84318830339905,1
10,P18,P18,Post_P18,0,0.8249344492609586,1
10,P18,P18,Post_P18,0,0.8401017221853246,1
10,P18,P18,Post_P18,0,0.8430859234537129,1
10,P18,P18,Post_P18,0,0.8447008065359182,1
10,P18,P18,Post_P18,0,0.8338861504824158,1
10,P18,P18,Post_P18,0,0.8362607961590782,1
10,P18,P18,Post_P18,0,0.8214286289076607,1
10,P18,P18,Post_P18,0,0.8634326614959075,1
10,P18,P18,Post_P18,0,0.8401017221853246,1
10,P18,P18,Post_P18,0,0.8373256923043353,1
10,P18,P18,Post_P18,0,0.7769472391778082,1
10,P18,P18,Post_P18,0,0.8428189212039431,1
10,P18,P18,Post_P18,0,0.8398832368509436,1
10,P18,P18,Post_P18,0,0.7994768080262218,1
10,P18,P18,Post_P18,0,0.8426096408858412,1
10,P18,P18,Post_P18,0,0.8391120675535702,1
10,P18,P18,Post_P18,0,0.765292081046935,1
10,P18,P18,Post_P18,0,0.818546660106014,1
10,P18,P18,Post_P18,0,0.8228631694653975,1
10,P18,P18,Post_P18,0,0.8035485163074548,1
10,P18,P18,Post_P18,0,0.7757600834000127,1
10,P18,P18,Post_P18,0,0.8389048634667309,1
10,P18,P18,Post_P18,0,0.8264444852420227,1
10,P18,P18,Post_P18,0,0.8386275374464228,1
10,P18,P18,Post_P18,0,0.8250297825251265,1
10,P18,P18,Post_P18,0,0.840517279208418,1
10,P18,P18,Post_P18,0,0.8401017221853246,1
10,P18,P18,Post_P18,0,0.8247853599619371,1
10,P18,P18,Post_P18,0,0.7766015338941745,1
10,P18,P18,Post_P18,0,0.7999597371510113,1
10,P18,P18,Post_P18,0,0.843689291815626,1
10,P18,P18,Post_P18,0,0.8386827867882731,1
10,P18,P18,Post_P18,0,0.7458697070900959,1
10,P18,P18,Post_P18,0,0.8353379316991981,1
10,P18,P18,Post_P18,0,0.7909135707283865,1
10,P18,P18,Post_P18,0,0.8402494639998875,1
10,P18,P18,Post_P18,0,0.8362398011013996,1
10,P18,P18,Post_P18,0,0.8537092997180392,1
10,P18,P18,Post_P18,0,0.8401017221853246,1
10,P18,P18,Post_P18,0,0.8182771161980174,1
10,P18,P18,Post_P18,0,0.8429374897178238,1
10,P18,P18,Post_P18,0,0.7935403931273783,1
10,P18,P18,Post_P18,0,0.8330546814394124,1
10,P18,P18,Post_P18,0,0.8309260460450525,1
10,P18,P18,Post_P18,0,0.7991010744396827,1
10,P18,P18,Post_P18,0,0.8464661849659472,1
10,P18,P18,Post_P18,0,0.8280771498888999,1
10,P18,P18,Post_P18,0,0.8387923423701139,1
10,P18,P18,Post_P18,0,0.7449882909480221,1
10,P18,P18,Post_P18,0,0.8426703664306195,1
10,P18,P18,Post_P18,0,0.835020783225671,1
10,P18,P18,Post_P18,0,0.8429374897178238,1
10,P18,P18,Post_P18,0,0.7693968638416252,1
10,P18,P18,Post_P18,0,0.8238952999520994,1
10,P18,P18,Post_P18,0,0.8401017221853246,1
10,P18,P18,Post_P18,0,0.7507367427760326,1
10,P18,P18,Post_P18,0,0.8460240709315492,1
10,P18,P18,Post_P18,0,0.8337370875667846,1
10,P18,P18,Post_P18,0,0.7910357751486087,1
10,P18,P18,Post_P18,0,0.790430498950477,1
10,P18,P18,Post_P18,0,0.8498730983478359,1
10,P18,P18,Post_P18,0,0.8353360983058112,1
10,P18,P18,Post_P18,0,0.862718971320243,1
10,P18,P18,Post_P18,0,0.8000399339577964,1
10,P18,P18,Post_P18,0,0.8310843558615605,1
10,P18,P18,Post_P18,0,0.8339238285609182,1
10,P18,P18,Post_P18,0,0.7371605222509306,1
10,P18,P18,Post_P18,0,0.8302346594745154,1
10,P18,P18,Post_P18,0,0.8429374897178238,1
10,P18,P18,Post_P18,0,0.7313860643861574,1
10,P18,P18,Post_P18,0,0.8405811875299392,1
10,P18,P18,Post_P18,0,0.808077391152803,1
10,P18,P18,Post_P18,0,0.8093595170839313,1
10,P18,P18,Post_P18,0,0.8429374897178238,1
10,P18,P18,Post_P18,0,0.8376604231710431,1
10,P18,P18,Post_P18,0,0.8478186181427415,1
10,P18,P18,Post_P18,0,0.8298533056516545,1
10,P18,P18,Post_P18,0,0.8387093750315597,1
10,P18,P18,Post_P18,0,0.8342280113919232,1
10,P18,P18,Post_P18,0,0.8401017221853246,1
10,P18,P18,Post_P18,0,0.8138349503257634,1
10,P18,P18,Post_P18,0,0.7801343988154802,1
10,P18,P18,Post_P18,0,0.838415663501069,1
10,P18,P18,Post_P18,0,0.8363263291157991,1
10,P18,P18,Post_P18,0,0.7322463696053088,1
10,P18,P18,Post_P18,0,0.8457136722647104,1
10,P18,P18,Post_P18,0,0.7948456974781923,1
10,P18,P18,Post_P18,0,0.8385439091839697,1
10,P18,P18,Post_P18,0,0.7792395989797755,1
10,P18,P18,Post_P18,0,0.7938781338138701,1
10,P18,P18,Post_P18,0,0.8429374897178238,1
10,P18,P18,Post_P18,0,0.8467277964943896,1
10,P18,P18,Post_P18,0,0.8498730983478359,1
10,P18,P18,Post_P18,0,0.796433266164291,1
10,P18,P18,Post_P18,0,0.8426920069489984,1
10,P18,P18,Post_P18,0,0.7957627370195115,1
10,P18,P18,Post_P18,0,0.8444158296213131,1
10,P18,P18,Post_P18,0,0.805930159321122,1
10,P18,P18,Post_P18,0,0.7360545106671901,1
10,P18,P18,Post_P18,0,0.8250639994255028,1
10,P18,P18,Post_P18,0,0.8303331052285309,1
10,P18,P18,Post_P18,0,0.840594768474295,1
10,P18,P18,Post_P18,0,0.8426703664306195,1
10,P18,P18,Post_P18,0,0.7707817113934454,1
10,P18,P18,Post_P18,0,0.8206673749094467,1
10,P18,P18,Post_P18,0,0.8295497355098878,1
10,P18,P18,Post_P18,0,0.8275584212821793,1
10,P18,P18,Post_P18,0,0.753190982062998,1
10,P18,P18,Post_P18,0,0.7959111163310524,1
10,P18,P18,Post_P18,0,0.6953027496934835,1
10,P18,P18,Post_P18,0,0.8220031931265307,1
10,P18,P18,Post_P18,0,0.7293108676058359,1
10,P18,P18,Post_P18,0,0.7781910001007057,1
10,P18,P18,Post_P18,0,0.8395545174885255,1
10,P18,P18,Post_P18,0,0.8379065759444931,1
10,P18,P18,Post_P18,0,0.8347849306214151,1
10,P18,P18,Post_P18,0,0.8289552664282044,1
10,P18,P18,Post_P18,0,0.7175228672661558,1
10,P18,P18,Post_P18,0,0.845980758659495,1
10,P18,P18,Post_P18,0,0.8799866441481237,1
10,P18,P18,Post_P18,0,0.8426703664306195,1
10,P18,P18,Post_P18,0,0.8376853616069317,1
10,P18,P18,Post_P18,0,0.7720173059965646,1
10,P18,P18,Post_P18,0,0.8269692063347,1
10,P18,P18,Post_P18,0,0.7038656497930155,1
10,P18,P18,Post_P18,0,0.8341524487487125,1
10,P18,P18,Post_P18,0,0.8401017221853246,1
10,P18,P18,Post_P18,0,0.8295800984391501,1
10,P18,P18,Post_P18,0,0.8334751817254166,1
10,P18,P18,Post_P18,0,0.7358536758249694,1
10,P18,P18,Post_P18,0,0.8351697982017747,1
10,P18,P18,Post_P18,0,0.8441203142540151,1
10,P18,P18,Post_P18,0,0.8429374897178238,1
10,P18,P18,Post_P18,0,0.8187255582725271,1
10,P18,P18,Post_P18,0,0.7735143532667981,1
10,P18,P18,Post_P18,0,0.844019493013001,1
10,P18,P18,Post_P18,0,0.8479750715899393,1
10,P18,P18,Post_P18,0,0.8401017221853246,1
10,P18,P18,Post_P18,0,0.8358470192557738,1
10,P18,P18,Post_P18,0,0.8389320829177703,1
10,P18,P18,Post_P18,0,0.7395340490114491,1
10,P18,P18,Post_P18,0,0.8296518381376997,1
10,P18,P18,Post_P18,0,0.8123829128564203,1
10,P18,P18,Post_P18,0,0.7223199659054944,1
10,P18,P18,Post_P18,0,0.8289820341681577,1
10,P18,P18,Post_P18,0,0.8431678342812002,1
10,P18,P18,Post_P18,0,0.8142663823254426,1
10,P18,P18,Post_P18,0,0.8359856099311431,1
10,P18,P18,Post_P18,0,0.8381736992316975,1
10,P18,P18,Post_P18,0,0.7401490455008339,1
10,P18,P18,Post_P18,0,0.8400759400751463,1
10,P18,P18,Post_P18,0,0.8401017221853246,1
10,P18,P18,Post_P18,0,0.8350482702231036,1
10,P18,P18,Post_P18,0,0.8356050697848072,1
10,P18,P18,Post_P18,0,0.827083145485709,1
10,P18,P18,Post_P18,0,0.8118365740975688,1
10,P18,P18,Post_P18,0,0.8225714364709641,1
10,P18,P18,Post_P18,0,0.8358470192557738,1
10,P18,P18,Post_P18,0,0.8408165601006236,1
10,P18,P18,Post_P18,0,0.7807595866776359,1
10,P18,P18,Post_P18,0,0.7298639180672107,1
10,P18,P18,Post_P18,0,0.7245564597496583,1
10,P18,P18,Post_P18,0,0.8470885808571021,1
10,P18,P18,Post_P18,0,0.838415663501069,1
10,P18,P18,Post_P18,0,0.7988908277655525,1
10,P18,P18,Post_P18,0,0.841909793588204,1
10,P18,P18,Post_P18,0,0.8617646841124349,1
10,P18,P18,Post_P18,0,0.8481596986813452,1
10,P18,P18,Post_P18,0,0.8426703664306195,1
10,P18,P18,Post_P18,0,0.8073253249738489,1
10,P18,P18,Post_P18,0,0.8207520360114101,1
10,P18,P18,Post_P18,0,0.8426703664306195,1
10,P18,P18,Post_P18,0,0.8223055558335923,1
10,P18,P18,Post_P18,0,0.8427693562204004,1
10,P18,P18,Post_P18,0,0.8426703664306195,1
10,P18,P18,Post_P18,0,0.8368784266422714,1
10,P18,P18,Post_P18,0,0.8385439091839697,1
10,P18,P18,Post_P18,0,0.8398785268768395,1
10,P18,P18,Post_P18,0,0.8308375636346037,1
10,P18,P18,Post_P18,0,0.8187946770329373,1
10,P18,P18,Post_P18,0,0.8389228711698993,1
10,P18,P18,Post_P18,0,0.7794460216592224,1
10,P18,P18,Post_P18,0,0.8255341428724676,1
10,P18,P18,Post_P18,0,0.7263566531000425,1
10,P18,P18,Post_P18,0,0.8306548550006266,1
10,P18,P18,Post_P18,0,0.8426703664306195,1
10,P18,P18,Post_P18,0,0.8385439091839697,1
10,P18,P18,Post_P18,0,0.8012970535726511,1
10,P18,P18,Post_P18,0,0.8369727316961412,1
10,P18,P18,Post_P18,0,0.8326640244397674,1
10,P18,P18,Post_P18,0,0.8031831782343545,1
10,P18,P18,Post_P18,0,0.7612176850481379,1
10,P18,P18,Post_P18,0,0.8251892245266255,1
10,P18,P18,Post_P18,0,0.8299733084623723,1
10,P18,P18,Post_P18,0,0.8361521421877675,1
10,P18,P18,Post_P18,0,0.84318830339905,1
10,P18,P18,Post_P18,0,0.8372999275644694,1
10,P18,P18,Post_P18,0,0.8474332522281997,1
10,P18,P18,Post_P18,0,0.8363749870717243,1
10,P18,P18,Post_P18,0,0.8012970535726511,1
10,P18,P18,Post_P18,0,0.8577267360334884,1
10,P18,P18,Post_P18,0,0.8203913192019443,1
10,P18,P18,Post_P18,0,0.7673687250991016,1
10,P18,P18,Post_P18,0,0.8358470192557738,1
10,P18,P18,Post_P18,0,0.8337907134214554,1
10,P18,P18,Post_P18,0,0.8416304903976951,1
10,P18,P18,Post_P18,0,0.7884405280545412,1
10,P18,P18,Post_P18,0,0.8415233865795438,1
10,P18,P18,Post_P18,0,0.8353702065136523,1
10,P18,P18,Post_P18,0,0.8342619843035672,1
10,P18,P18,Post_P18,0,0.8429374897178238,1
10,P18,P18,Post_P18,0,0.8456775234033147,1
10,P18,P18,Post_P18,0,0.8223270939190634,1
10,P18,P18,Post_P18,0,0.8323117105678745,1
10,P18,P18,Post_P18,0,0.7042669635198203,1
10,P18,P18,Post_P18,0,0.8429374897178238,1
10,P18,P18,Post_P18,0,0.8369112202148508,1
10,P18,P18,Post_P18,0,0.8280711804881654,1
10,P18,P18,Post_P18,0,0.8134089711671731,1
10,P18,P18,Post_P18,0,0.8467686024113596,1
10,P18,P18,Post_P18,0,0.660721708947169,1
10,P18,P18,Post_P18,0,0.6915671716051416,1
10,P18,P18,Post_P18,0,0.8354115730243145,1
10,P18,P18,Post_P18,0,0.7996478686826969,1
10,P18,P18,Post_P18,0,0.7880276008732912,1
10,P18,P18,Post_P18,0,0.7523056358347538,1
10,P18,P18,Post_P18,0,0.8200098770174056,1
10,P18,P18,Post_P18,0,0.838415663501069,1
10,P18,P18,Post_P18,0,0.842889796997343,1
10,P18,P18,Post_P18,0,0.8155996466748879,1
10,P18,P18,Post_P18,0,0.8391291936942742,1
10,P18,P18,Post_P18,0,0.8342619843035672,1
10,P18,P18,Post_P18,0,0.8351800193717127,1
10,P18,P18,Post_P18,0,0.8303983412042433,1
10,P18,P18,Post_P18,0,0.822169325125387,1
10,P18,P18,Post_P18,0,0.8190193893583902,1
10,P18,P18,Post_P18,0,0.7221590746331863,1
10,P18,P18,Post_P18,0,0.8149988480335061,1
10,P18,P18,Post_P18,0,0.8426703664306195,1
10,P18,P18,Post_P18,0,0.8397908186857284,1
10,P18,P18,Post_P18,0,0.8344760798124996,1
10,P18,P18,Post_P18,0,0.8127220690571149,1
10,P18,P18,Post_P18,0,0.8233593984809472,1
10,P18,P18,Post_P18,0,0.84318830339905,1
10,P18,P18,Post_P18,0,0.812007727142951,1
10,P18,P18,Post_P18,0,0.833399887277385,1
10,P18,P18,Post_P18,0,0.775563863388694,1
10,P18,P18,Post_P18,0,0.8087216425887352,1
10,P18,P18,Post_P18,0,0.8354174784808193,1
10,P18,P18,Post_P18,0,0.7196671518930706,1
10,P18,P18,Post_P18,0,0.7668032526562628,1
10,P18,P18,Post_P18,0,0.8401017221853246,1
10,P18,P18,Post_P18,0,0.843235491639254,1
10,P18,P18,Post_P18,0,0.8341618356056223,1
10,P18,P18,Post_P18,0,0.8130020070951856,1
10,P18,P18,Post_P18,0,0.8426703664306195,1
10,P18,P18,Post_P18,0,0.8404743737765402,1
10,P18,P18,Post_P18,0,0.7593226895415673,1
10,P18,P18,Post_P18,0,0.7485359139492131,1
10,P18,P18,Post_P18,0,0.8412599948694542,1
10,P18,P18,Post_P18,0,0.7620504557881581,1
10,P18,P18,Post_P18,0,0.8351405716705621,1
10,P18,P18,Post_P18,0,0.8401017221853246,1
10,P18,P18,Post_P18,0,0.764385211710276,1
10,P18,P18,Post_P18,0,0.8453398188335097,1
10,P18,P18,Post_P18,0,0.8457195902461102,1
10,P18,P18,Post_P18,0,0.769147567712128,1
10,P18,P18,Post_P18,0,0.8660427292106657,1
10,P18,P18,Post_P18,0,0.835657943527092,1
10,P18,P18,Post_P18,0,0.8262236153269276,1
10,P18,P18,Post_P18,0,0.8401017221853246,1
10,P18,P18,Post_P18,0,0.8426703664306195,1
10,P18,P18,Post_P18,0,0.8446671049853548,1
10,P18,P18,Post_P18,0,0.8426703664306195,1
10,P18,P18,Post_P18,0,0.8416396470744264,1
10,P18,P18,Post_P18,0,0.8448561995499125,1
10,P18,P18,Post_P18,0,0.84318830339905,1
10,P18,P18,Post_P18,0,0.8372157565284469,1
10,P18,P18,Post_P18,0,0.718597652885345,1
10,P18,P18,Post_P18,0,0.8297209616869275,1
10,P18,P18,Post_P18,0,0.8342280113919232,1
10,P18,P18,Post_P18,0,0.8658682305391627,1
10,P18,P18,Post_P18,0,0.8459426650694872,1
10,P18,P18,Post_P18,0,0.8765025079330134,1
10,P18,P18,Post_P18,0,0.84318830339905,1
10,P18,P18,Post_P18,0,0.8442086007078747,1
10,P18,P18,Post_P18,0,0.7635829898753583,1
10,P18,P18,Post_P18,0,0.830086850885499,1
10,P18,P18,Post_P18,0,0.7619565928378069,1
10,P18,P18,Post_P18,0,0.7691718825933564,1
10,P18,P18,Post_P18,0,0.8330720384454026,1
10,P18,P18,Post_P18,0,0.8441203142540151,1
10,P18,P18,Post_P18,0,0.8413470510651972,1
10,P18,P18,Post_P18,0,0.8198064712945013,1
10,P18,P18,Post_P18,0,0.8415516700087201,1
10,P18,P18,Post_P18,0,0.8401017221853246,1
10,P18,P18,Post_P18,0,0.8367167344758855,1
10,P18,P18,Post_P18,0,0.8405811875299392,1
10,P18,P18,Post_P18,0,0.8386827867882731,1
10,P18,P18,Post_P18,0,0.8166117352798156,1
10,P18,P18,Post_P18,0,0.8306566516816162,1
10,P18,P18,Post_P18,0,0.876959025339606,1
10,P18,P18,Post_P18,0,0.8397474264847559,1
10,P18,P18,Post_P18,0,0.8341997687944842,1
10,P18,P18,Post_P18,0,0.826046324446237,1
10,P18,P18,Post_P18,0,0.8354101858024742,1
10,P18,P18,Post_P18,0,0.8446937508386163,1
10,P18,P18,Post_P18,0,0.7667516908340232,1
10,P18,P18,Post_P18,0,0.8271350829129742,1
10,P18,P18,Post_P18,0,0.8236207983607045,1
10,P18,P18,Post_P18,0,0.8316388401466073,1
10,P18,P18,Post_P18,0,0.8313951447384064,1
10,P18,P18,Post_P18,0,0.8225120215083782,1
10,P18,P18,Post_P18,0,0.8267106441245919,1
10,P18,P18,Post_P18,0,0.841436184423513,1
10,P18,P18,Post_P18,0,0.8209772812839887,1
10,P18,P18,Post_P18,0,0.8349745620871184,1
10,P18,P18,Post_P18,0,0.845756947644345,1
10,P18,P18,Post_P18,0,0.8396293114207382,1
10,P18,P18,Post_P18,0,0.8749164087643423,1
10,P18,P18,Post_P18,0,0.7284543578740569,1
10,P18,P18,Post_P18,0,0.8233590824076938,1
10,P18,P18,Post_P18,0,0.8409322347894653,1
10,P18,P18,Post_P18,0,0.8309766598461099,1
10,P18,P18,Post_P18,0,0.7790781595481915,1
10,P18,P18,Post_P18,0,0.8433530467409174,1
10,P18,P18,Post_P18,0,0.842889796997343,1
10,P18,P18,Post_P18,0,0.7558063143761333,1
10,P18,P18,Post_P18,0,0.8174705488764052,1
10,P18,P18,Post_P18,0,0.8336912615200336,1
11,P19,P19,Post_P19,1,0.6043968960897595,1
11,P19,P19,Post_P19,1,0.667198441311584,1
11,P19,P19,Post_P19,1,0.6857238503016676,1
11,P19,P19,Post_P19,1,0.5866350140809824,1
11,P19,P19,Post_P19,1,0.7257059494046252,1
11,P19,P19,Post_P19,1,0.7234786652224644,1
11,P19,P19,Post_P19,1,0.7907750930038707,1
11,P19,P19,Post_P19,1,0.7104848497613674,1
11,P19,P19,Post_P19,1,0.636920462126276,1
11,P19,P19,Post_P19,1,0.6886706982576669,1
11,P19,P19,Post_P19,1,0.6142078143548955,1
11,P19,P19,Post_P19,1,0.6535747807710152,1
11,P19,P19,Post_P19,1,0.7063524220658886,1
11,P19,P19,Post_P19,1,0.7249679317173239,1
11,P19,P19,Post_P19,1,0.7078518252044342,1
11,P19,P19,Post_P19,1,0.7151930508997133,1
11,P19,P19,Post_P19,1,0.6527965221762084,1
11,P19,P19,Post_P19,1,0.6293666060818353,1
11,P19,P19,Post_P19,1,0.7180324256306797,1
11,P19,P19,Post_P19,1,0.6228639855884638,1
11,P19,P19,Post_P19,1,0.5998226278181642,1
11,P19,P19,Post_P19,1,0.7139737531388527,1
11,P19,P19,Post_P19,1,0.6574356758428548,1
11,P19,P19,Post_P19,1,0.6618006212893766,1
11,P19,P19,Post_P19,1,0.6264019690698143,1
11,P19,P19,Post_P19,1,0.6391700216907795,1
11,P19,P19,Post_P19,1,0.6707643534914917,1
11,P19,P19,Post_P19,1,0.6839463186379922,1
11,P19,P19,Post_P19,1,0.6464308766354017,1
11,P19,P19,Post_P19,1,0.6213753032271437,1
11,P19,P19,Post_P19,1,0.6876760714601685,1
11,P19,P19,Post_P19,1,0.757684623083469,1
11,P19,P19,Post_P19,1,0.5727462704876972,1
11,P19,P19,Post_P19,1,0.657962545207049,1
11,P19,P19,Post_P19,1,0.7103945333943781,1
11,P19,P19,Post_P19,1,0.6607803828945218,1
11,P19,P19,Post_P19,1,0.7095357093526,1
11,P19,P19,Post_P19,1,0.6584283100013849,1
11,P19,P19,Post_P19,1,0.668486931356754,1
11,P19,P19,Post_P19,1,0.6331075010067908,1
11,P19,P19,Post_P19,1,0.5798093965344514,1
11,P19,P19,Post_P19,1,0.6106193481460586,1
11,P19,P19,Post_P19,1,0.6623465604921674,1
11,P19,P19,Post_P19,1,0.6888025142300891,1
11,P19,P19,Post_P19,1,0.6864303785818825,1
11,P19,P19,Post_P19,1,0.7476475540099121,1
11,P19,P19,Post_P19,1,0.6481640215830767,1
11,P19,P19,Post_P19,1,0.6977300248159507,1
11,P19,P19,Post_P19,1,0.6481068652441565,1
11,P19,P19,Post_P19,1,0.6204326799509695,1
11,P19,P19,Post_P19,1,0.711390627767879,1
11,P19,P19,Post_P19,1,0.6351265472207449,1
11,P19,P19,Post_P19,1,0.695352827432254,1
11,P19,P19,Post_P19,1,0.7272867532065729,1
11,P19,P19,Post_P19,1,0.6397583771173374,1
11,P19,P19,Post_P19,1,0.7251325960783711,1
11,P19,P19,Post_P19,1,0.6277560462774708,1
11,P19,P19,Post_P19,1,0.6427496742709161,1
11,P19,P19,Post_P19,1,0.7103945333943781,1
11,P19,P19,Post_P19,1,0.6043779170265234,1
11,P19,P19,Post_P19,1,0.6216824688726934,1
11,P19,P19,Post_P19,1,0.6146419267810319,1
11,P19,P19,Post_P19,1,0.6342141489167827,1
11,P19,P19,Post_P19,1,0.6582835785688068,1
11,P19,P19,Post_P19,1,0.674437300754334,1
11,P19,P19,Post_P19,1,0.5937089529269329,1
11,P19,P19,Post_P19,1,0.6421898775498249,1
11,P19,P19,Post_P19,1,0.6544067924752321,1
11,P19,P19,Post_P19,1,0.7091154219044118,1
11,P19,P19,Post_P19,1,0.6475177448277274,1
11,P19,P19,Post_P19,1,0.5921077424316887,1
11,P19,P19,Post_P19,1,0.7139737531388527,1
11,P19,P19,Post_P19,1,0.6574356758428548,1
11,P19,P19,Post_P19,1,0.7176110257333329,1
11,P19,P19,Post_P19,1,0.7185138837086871,1
11,P19,P19,Post_P19,1,0.7073798970976485,1
11,P19,P19,Post_P19,1,0.5779005876580957,1
11,P19,P19,Post_P19,1,0.6155070111583907,1
11,P19,P19,Post_P19,1,0.7290327736485008,1
11,P19,P19,Post_P19,1,0.6319327049222037,1
11,P19,P19,Post_P19,1,0.7020704650606446,1
11,P19,P19,Post_P19,1,0.7096112161964989,1
11,P19,P19,Post_P19,1,0.6675676235322828,1
11,P19,P19,Post_P19,1,0.6424579318832524,1
11,P19,P19,Post_P19,1,0.6982376352529565,1
11,P19,P19,Post_P19,1,0.6280528368062008,1
11,P19,P19,Post_P19,1,0.6920113541207686,1
11,P19,P19,Post_P19,1,0.5889721899558589,1
11,P19,P19,Post_P19,1,0.5693065929124766,1
11,P19,P19,Post_P19,1,0.7157197735807806,1
11,P19,P19,Post_P19,1,0.6259116630779472,1
11,P19,P19,Post_P19,1,0.6484074949645725,1
11,P19,P19,Post_P19,1,0.6709190652964758,1
11,P19,P19,Post_P19,1,0.6358559341820251,1
11,P19,P19,Post_P19,1,0.6197683999199028,1
11,P19,P19,Post_P19,1,0.7100603084785295,1
11,P19,P19,Post_P19,1,0.6482281184174622,1
11,P19,P19,Post_P19,1,0.6742505733022665,1
11,P19,P19,Post_P19,1,0.564067740986081,1
11,P19,P19,Post_P19,1,0.7204773767659857,1
11,P19,P19,Post_P19,1,0.557020014859981,1
11,P19,P19,Post_P19,1,0.635190037430885,1
11,P19,P19,Post_P19,1,0.7213670310031637,1
11,P19,P19,Post_P19,1,0.6817991322171394,1
11,P19,P19,Post_P19,1,0.6538371148780987,1
11,P19,P19,Post_P19,1,0.6002298176299186,1
11,P19,P19,Post_P19,1,0.6237992979064733,1
11,P19,P19,Post_P19,1,0.6255617470042368,1
11,P19,P19,Post_P19,1,0.7047026313723997,1
11,P19,P19,Post_P19,1,0.6653285153893821,1
11,P19,P19,Post_P19,1,0.7232420870014743,1
11,P19,P19,Post_P19,1,0.7037184134369061,1
11,P19,P19,Post_P19,1,0.6805207500666608,1
11,P19,P19,Post_P19,1,0.5827805911496039,1
11,P19,P19,Post_P19,1,0.5522330792326324,1
11,P19,P19,Post_P19,1,0.7157197735807806,1
11,P19,P19,Post_P19,1,0.6794050082861646,1
11,P19,P19,Post_P19,1,0.7179222783403333,1
11,P19,P19,Post_P19,1,0.5693769082874409,1
11,P19,P19,Post_P19,1,0.6010419484763341,1
11,P19,P19,Post_P19,1,0.7086485129524501,1
11,P19,P19,Post_P19,1,0.6413893049956376,1
11,P19,P19,Post_P19,1,0.6146840538304554,1
11,P19,P19,Post_P19,1,0.63952998494641,1
11,P19,P19,Post_P19,1,0.695646281606995,1
11,P19,P19,Post_P19,1,0.6609629788991018,1
11,P19,P19,Post_P19,1,0.7157197735807806,1
11,P19,P19,Post_P19,1,0.6395164202758562,1
11,P19,P19,Post_P19,1,0.6626466740698849,1
11,P19,P19,Post_P19,1,0.562132124258375,1
11,P19,P19,Post_P19,1,0.72747639648957,1
11,P19,P19,Post_P19,1,0.7188860338696967,1
11,P19,P19,Post_P19,1,0.6157061990324544,1
11,P19,P19,Post_P19,1,0.6569934183313033,1
11,P19,P19,Post_P19,1,0.6486663098129828,1
11,P19,P19,Post_P19,1,0.685331117068928,1
11,P19,P19,Post_P19,1,0.5686612840295476,1
11,P19,P19,Post_P19,1,0.59280914846152,1
11,P19,P19,Post_P19,1,0.6379101962262769,1
11,P19,P19,Post_P19,1,0.5689868097378165,1
11,P19,P19,Post_P19,1,0.6248784421984076,1
11,P19,P19,Post_P19,1,0.6567101748431003,1
11,P19,P19,Post_P19,1,0.6891514486565494,1
11,P19,P19,Post_P19,1,0.6685032817070178,1
11,P19,P19,Post_P19,1,0.6605047601743486,1
11,P19,P19,Post_P19,1,0.6381626422244726,1
11,P19,P19,Post_P19,1,0.5967299786569326,1
11,P19,P19,Post_P19,1,0.5762470043395265,1
11,P19,P19,Post_P19,1,0.5620915531245219,1
11,P19,P19,Post_P19,1,0.6221842983255754,1
11,P19,P19,Post_P19,1,0.6256332995053459,1
11,P19,P19,Post_P19,1,0.6279452104038423,1
11,P19,P19,Post_P19,1,0.6770417978038638,1
11,P19,P19,Post_P19,1,0.6748594687659588,1
11,P19,P19,Post_P19,1,0.7105451779803442,1
11,P19,P19,Post_P19,1,0.6187482590547518,1
11,P19,P19,Post_P19,1,0.7188267741514123,1
11,P19,P19,Post_P19,1,0.7284222027139957,1
11,P19,P19,Post_P19,1,0.7097870889021186,1
11,P19,P19,Post_P19,1,0.6881753070698973,1
11,P19,P19,Post_P19,1,0.6299350734618762,1
11,P19,P19,Post_P19,1,0.6387974355887321,1
11,P19,P19,Post_P19,1,0.6295894161797414,1
11,P19,P19,Post_P19,1,0.6775385063345044,1
11,P19,P19,Post_P19,1,0.6853706510512644,1
11,P19,P19,Post_P19,1,0.5973721475261158,1
11,P19,P19,Post_P19,1,0.609726603043703,1
11,P19,P19,Post_P19,1,0.6913303194260041,1
11,P19,P19,Post_P19,1,0.7157197735807806,1
11,P19,P19,Post_P19,1,0.597421474311164,1
11,P19,P19,Post_P19,1,0.7096976996929077,1
11,P19,P19,Post_P19,1,0.5626680216317698,1
11,P19,P19,Post_P19,1,0.5922994046145805,1
11,P19,P19,Post_P19,1,0.6226272646398052,1
11,P19,P19,Post_P19,1,0.7139737531388527,1
11,P19,P19,Post_P19,1,0.7132229982987937,1
11,P19,P19,Post_P19,1,0.6623676405150082,1
11,P19,P19,Post_P19,1,0.7665839680080869,1
11,P19,P19,Post_P19,1,0.6569932559720217,1
11,P19,P19,Post_P19,1,0.6523122256401792,1
11,P19,P19,Post_P19,1,0.6874366084822842,1
11,P19,P19,Post_P19,1,0.645352763238194,1
11,P19,P19,Post_P19,1,0.6456688842400282,1
11,P19,P19,Post_P19,1,0.636904954935445,1
11,P19,P19,Post_P19,1,0.6987715340371511,1
11,P19,P19,Post_P19,1,0.6266473584822702,1
11,P19,P19,Post_P19,1,0.6406830325675124,1
11,P19,P19,Post_P19,1,0.702584229200505,1
11,P19,P19,Post_P19,1,0.6914238479847055,1
11,P19,P19,Post_P19,1,0.6257972979937535,1
11,P19,P19,Post_P19,1,0.6807722366069433,1
11,P19,P19,Post_P19,1,0.5895436581112314,1
11,P19,P19,Post_P19,1,0.6779735651231064,1
11,P19,P19,Post_P19,1,0.6138910169144685,1
11,P19,P19,Post_P19,1,0.6793082749485627,1
11,P19,P19,Post_P19,1,0.7007709332628159,1
11,P19,P19,Post_P19,1,0.7048207499617057,1
11,P19,P19,Post_P19,1,0.6156726001767001,1
11,P19,P19,Post_P19,1,0.6421641507441002,1
11,P19,P19,Post_P19,1,0.711137859850995,1
11,P19,P19,Post_P19,1,0.5886144516129175,1
11,P19,P19,Post_P19,1,0.7371276973197931,1
11,P19,P19,Post_P19,1,0.6841987971945352,1
11,P19,P19,Post_P19,1,0.7059967593333355,1
11,P19,P19,Post_P19,1,0.6607927731418973,1
11,P19,P19,Post_P19,1,0.6532918546307659,1
11,P19,P19,Post_P19,1,0.7086485129524501,1
11,P19,P19,Post_P19,1,0.7037596875029081,1
11,P19,P19,Post_P19,1,0.5988513777118921,1
11,P19,P19,Post_P19,1,0.5826208579868491,1
11,P19,P19,Post_P19,1,0.5980563415619046,1
11,P19,P19,Post_P19,1,0.6265848750119323,1
11,P19,P19,Post_P19,1,0.6450448815332769,1
11,P19,P19,Post_P19,1,0.6411305066990867,1
11,P19,P19,Post_P19,1,0.586214256402323,1
11,P19,P19,Post_P19,1,0.6205603863294064,1
11,P19,P19,Post_P19,1,0.6436734672781171,1
11,P19,P19,Post_P19,1,0.6567939421986962,1
11,P19,P19,Post_P19,1,0.6847558786532638,1
11,P19,P19,Post_P19,1,0.6987877477666701,1
11,P19,P19,Post_P19,1,0.6821726850171893,1
11,P19,P19,Post_P19,1,0.7066013559060511,1
11,P19,P19,Post_P19,1,0.5606600091619215,1
11,P19,P19,Post_P19,1,0.5911853584075072,1
11,P19,P19,Post_P19,1,0.5868336956875008,1
11,P19,P19,Post_P19,1,0.7306432731616244,1
11,P19,P19,Post_P19,1,0.6209020427073444,1
11,P19,P19,Post_P19,1,0.611370775961917,1
11,P19,P19,Post_P19,1,0.7158773652718934,1
11,P19,P19,Post_P19,1,0.7178004387537068,1
11,P19,P19,Post_P19,1,0.6387974355887321,1
11,P19,P19,Post_P19,1,0.587081538764558,1
11,P19,P19,Post_P19,1,0.6017227300307885,1
11,P19,P19,Post_P19,1,0.6423525773639475,1
11,P19,P19,Post_P19,1,0.596292126649426,1
11,P19,P19,Post_P19,1,0.6420131252150447,1
11,P19,P19,Post_P19,1,0.650504361292013,1
11,P19,P19,Post_P19,1,0.6387355922680685,1
11,P19,P19,Post_P19,1,0.7144500683798345,1
11,P19,P19,Post_P19,1,0.6277746040942147,1
11,P19,P19,Post_P19,1,0.7638874948605637,1
11,P19,P19,Post_P19,1,0.691444419530071,1
11,P19,P19,Post_P19,1,0.7249337960978263,1
11,P19,P19,Post_P19,1,0.5787684478809487,1
11,P19,P19,Post_P19,1,0.6240678348320522,1
11,P19,P19,Post_P19,1,0.669154493119514,1
11,P19,P19,Post_P19,1,0.7142011896032604,1
11,P19,P19,Post_P19,1,0.6165858953119333,1
11,P19,P19,Post_P19,1,0.7192349108376859,1
11,P19,P19,Post_P19,1,0.6449144753348068,1
11,P19,P19,Post_P19,1,0.6598048984576789,1
11,P19,P19,Post_P19,1,0.6320284812113387,1
11,P19,P19,Post_P19,1,0.6334669576214988,1
11,P19,P19,Post_P19,1,0.664860509634193,1
11,P19,P19,Post_P19,1,0.6187713273224522,1
11,P19,P19,Post_P19,1,0.6215607809675612,1
11,P19,P19,Post_P19,1,0.6335765007016477,1
11,P19,P19,Post_P19,1,0.7005050047078475,1
11,P19,P19,Post_P19,1,0.7407649699142732,1
11,P19,P19,Post_P19,1,0.6337436520268402,1
11,P19,P19,Post_P19,1,0.7097362077059817,1
11,P19,P19,Post_P19,1,0.7172272863372169,1
11,P19,P19,Post_P19,1,0.6096523087844771,1
11,P19,P19,Post_P19,1,0.6295624680368144,1
11,P19,P19,Post_P19,1,0.6521104356564522,1
11,P19,P19,Post_P19,1,0.6400157765158805,1
11,P19,P19,Post_P19,1,0.5992417069257474,1
11,P19,P19,Post_P19,1,0.6340086147276416,1
11,P19,P19,Post_P19,1,0.6735687825680107,1
11,P19,P19,Post_P19,1,0.7159961964623235,1
11,P19,P19,Post_P19,1,0.6958324447500448,1
11,P19,P19,Post_P19,1,0.6308835332067586,1
11,P19,P19,Post_P19,1,0.6105523703291572,1
11,P19,P19,Post_P19,1,0.5808372505551684,1
11,P19,P19,Post_P19,1,0.6796449750889377,1
11,P19,P19,Post_P19,1,0.6432227849958964,1
11,P19,P19,Post_P19,1,0.670661730142825,1
11,P19,P19,Post_P19,1,0.5892767924565563,1
11,P19,P19,Post_P19,1,0.7073366160576571,1
11,P19,P19,Post_P19,1,0.636023982227375,1
11,P19,P19,Post_P19,1,0.6573738880928931,1
11,P19,P19,Post_P19,1,0.659482602106638,1
11,P19,P19,Post_P19,1,0.6103526713094602,1
11,P19,P19,Post_P19,1,0.6467189496114008,1
11,P19,P19,Post_P19,1,0.6189602631461693,1
11,P19,P19,Post_P19,1,0.6728993260900419,1
11,P19,P19,Post_P19,1,0.617172156416394,1
11,P19,P19,Post_P19,1,0.7361261050391398,1
11,P19,P19,Post_P19,1,0.62349715065127,1
11,P19,P19,Post_P19,1,0.6280333121903896,1
11,P19,P19,Post_P19,1,0.6351723299278489,1
11,P19,P19,Post_P19,1,0.6537832746635196,1
11,P19,P19,Post_P19,1,0.6364516675359121,1
11,P19,P19,Post_P19,1,0.6581596952478587,1
11,P19,P19,Post_P19,1,0.7116398198390224,1
11,P19,P19,Post_P19,1,0.6312533335072319,1
11,P19,P19,Post_P19,1,0.7151160937903397,1
11,P19,P19,Post_P19,1,0.5505518199869557,1
11,P19,P19,Post_P19,1,0.651536840612709,1
11,P19,P19,Post_P19,1,0.6201558307634045,1
11,P19,P19,Post_P19,1,0.5546915953245366,1
11,P19,P19,Post_P19,1,0.6603165799324976,1
11,P19,P19,Post_P19,1,0.633870537746868,1
11,P19,P19,Post_P19,1,0.6705511016593497,1
11,P19,P19,Post_P19,1,0.7245005585937775,1
11,P19,P19,Post_P19,1,0.6325399802304299,1
11,P19,P19,Post_P19,1,0.7112227548603431,1
11,P19,P19,Post_P19,1,0.6026941514247808,1
11,P19,P19,Post_P19,1,0.6369937318503371,1
11,P19,P19,Post_P19,1,0.6369153256697986,1
11,P19,P19,Post_P19,1,0.6685639714629431,1
11,P19,P19,Post_P19,1,0.7064695282762522,1
11,P19,P19,Post_P19,1,0.6384224101944714,1
11,P19,P19,Post_P19,1,0.5529615778167669,1
11,P19,P19,Post_P19,1,0.6920686915275817,1
11,P19,P19,Post_P19,1,0.5577109410040054,1
11,P19,P19,Post_P19,1,0.6784270400342702,1
11,P19,P19,Post_P19,1,0.689015754264868,1
11,P19,P19,Post_P19,1,0.6260837425503084,1
11,P19,P19,Post_P19,1,0.7185138837086871,1
11,P19,P19,Post_P19,1,0.64338104679908,1
11,P19,P19,Post_P19,1,0.6790465413332315,1
11,P19,P19,Post_P19,1,0.720004696074617,1
11,P19,P19,Post_P19,1,0.7113281023347918,1
11,P19,P19,Post_P19,1,0.5548477977235987,1
11,P19,P19,Post_P19,1,0.6831222063820835,1
11,P19,P19,Post_P19,1,0.7006236579899229,1
11,P19,P19,Post_P19,1,0.7157197735807806,1
11,P19,P19,Post_P19,1,0.6755248252766719,1
11,P19,P19,Post_P19,1,0.691300767608213,1
11,P19,P19,Post_P19,1,0.6216572323774536,1
11,P19,P19,Post_P19,1,0.6134527275253612,1
11,P19,P19,Post_P19,1,0.6281880169420151,1
11,P19,P19,Post_P19,1,0.5874829044629079,1
11,P19,P19,Post_P19,1,0.6458884533004693,1
11,P19,P19,Post_P19,1,0.7280272477070511,1
11,P19,P19,Post_P19,1,0.730924025801053,1
11,P19,P19,Post_P19,1,0.6480712009766153,1
11,P19,P19,Post_P19,1,0.6124026045273339,1
11,P19,P19,Post_P19,1,0.7065040659790748,1
11,P19,P19,Post_P19,1,0.5865326197876336,1
11,P19,P19,Post_P19,1,0.7590569419445915,1
11,P19,P19,Post_P19,1,0.6994258089604722,1
11,P19,P19,Post_P19,1,0.6962732707510373,1
11,P19,P19,Post_P19,1,0.6310825370260993,1
11,P19,P19,Post_P19,1,0.65881502866025,1
11,P19,P19,Post_P19,1,0.6538524594426297,1
11,P19,P19,Post_P19,1,0.7123956003409126,1
11,P19,P19,Post_P19,1,0.7157197735807806,1
11,P19,P19,Post_P19,1,0.7075657816500793,1
11,P19,P19,Post_P19,1,0.645352763238194,1
11,P19,P19,Post_P19,1,0.6412316243265455,1
11,P19,P19,Post_P19,1,0.6579558345427188,1
11,P19,P19,Post_P19,1,0.7157197735807806,1
11,P19,P19,Post_P19,1,0.6472832142026008,1
11,P19,P19,Post_P19,1,0.7044109675195791,1
11,P19,P19,Post_P19,1,0.6147495992573792,1
11,P19,P19,Post_P19,1,0.7272867532065729,1
11,P19,P19,Post_P19,1,0.7197946597652355,1
11,P19,P19,Post_P19,1,0.5841639037677627,1
11,P19,P19,Post_P19,1,0.7061720997720885,1
11,P19,P19,Post_P19,1,0.7216856850673414,1
11,P19,P19,Post_P19,1,0.7103945333943781,1
11,P19,P19,Post_P19,1,0.6387974355887321,1
11,P19,P19,Post_P19,1,0.6387509945791818,1
11,P19,P19,Post_P19,1,0.6441226757751347,1
11,P19,P19,Post_P19,1,0.6924911636203342,1
11,P19,P19,Post_P19,1,0.6342047447600074,1
11,P19,P19,Post_P19,1,0.7105928504690847,1
11,P19,P19,Post_P19,1,0.6574356758428548,1
11,P19,P19,Post_P19,1,0.6441492832896452,1
11,P19,P19,Post_P19,1,0.706946904082895,1
11,P19,P19,Post_P19,1,0.7157197735807806,1
11,P19,P19,Post_P19,1,0.7646164485915774,1
11,P19,P19,Post_P19,1,0.7093590067845625,1
11,P19,P19,Post_P19,1,0.6455020285925299,1
11,P19,P19,Post_P19,1,0.611143468501808,1
11,P19,P19,Post_P19,1,0.6357278820818727,1
11,P19,P19,Post_P19,1,0.6885913132472933,1
11,P19,P19,Post_P19,1,0.690433216445953,1
11,P19,P19,Post_P19,1,0.7185138837086871,1
11,P19,P19,Post_P19,1,0.6967230295490675,1
11,P19,P19,Post_P19,1,0.6951880599752146,1
11,P19,P19,Post_P19,1,0.653642994612352,1
11,P19,P19,Post_P19,1,0.6798406714324587,1
11,P19,P19,Post_P19,1,0.7290327736485008,1
11,P19,P19,Post_P19,1,0.7178555580202907,1
11,P19,P19,Post_P19,1,0.7028959151937882,1
11,P19,P19,Post_P19,1,0.6029789178625546,1
11,P19,P19,Post_P19,1,0.6985394397695056,1
11,P19,P19,Post_P19,1,0.7071643766982657,1
11,P19,P19,Post_P19,1,0.6957761635062049,1
11,P19,P19,Post_P19,1,0.6346294688533218,1
11,P19,P19,Post_P19,1,0.7230654929354584,1
11,P19,P19,Post_P19,1,0.6987503849082867,1
11,P19,P19,Post_P19,1,0.678287871321352,1
11,P19,P19,Post_P19,1,0.719640995490592,1
11,P19,P19,Post_P19,1,0.7055898219835927,1
11,P19,P19,Post_P19,1,0.6228269156554554,1
11,P19,P19,Post_P19,1,0.7313090968164919,1
11,P19,P19,Post_P19,1,0.7098010593034675,1
11,P19,P19,Post_P19,1,0.6441226757751347,1
11,P19,P19,Post_P19,1,0.7062379968337924,1
12,P2,P2,Pre_P2,0,0.19591329386274672,0
12,P2,P2,Pre_P2,0,0.49335828908468066,0
12,P2,P2,Pre_P2,0,0.15661817842289905,0
12,P2,P2,Pre_P2,0,0.1694481290053468,0
12,P2,P2,Pre_P2,0,0.297380466375017,0
12,P2,P2,Pre_P2,0,0.13960626289679898,0
12,P2,P2,Pre_P2,0,0.42721873861289394,0
12,P2,P2,Pre_P2,0,0.13158087345180158,0
12,P2,P2,Pre_P2,0,0.23712804971908377,0
12,P2,P2,Pre_P2,0,0.12722079941706121,0
12,P2,P2,Pre_P2,0,0.18670902196804495,0
12,P2,P2,Pre_P2,0,0.1995064876684622,0
12,P2,P2,Pre_P2,0,0.1575324753345037,0
12,P2,P2,Pre_P2,0,0.47155963635547415,0
12,P2,P2,Pre_P2,0,0.24215649962590616,0
12,P2,P2,Pre_P2,0,0.19277278106745674,0
12,P2,P2,Pre_P2,0,0.1339166044990957,0
12,P2,P2,Pre_P2,0,0.19150329381425618,0
12,P2,P2,Pre_P2,0,0.47134243120436814,0
12,P2,P2,Pre_P2,0,0.17754946344961003,0
12,P2,P2,Pre_P2,0,0.16861085442764062,0
12,P2,P2,Pre_P2,0,0.11810374186394282,0
12,P2,P2,Pre_P2,0,0.46578616638771303,0
12,P2,P2,Pre_P2,0,0.24032651105764968,0
12,P2,P2,Pre_P2,0,0.206856836273687,0
12,P2,P2,Pre_P2,0,0.2136092236733181,0
12,P2,P2,Pre_P2,0,0.461525922436911,0
12,P2,P2,Pre_P2,0,0.16096689548576318,0
12,P2,P2,Pre_P2,0,0.29118208879328045,0
12,P2,P2,Pre_P2,0,0.4751261982478155,0
12,P2,P2,Pre_P2,0,0.22827501484793636,0
12,P2,P2,Pre_P2,0,0.2120981481999289,0
12,P2,P2,Pre_P2,0,0.18613323171296647,0
12,P2,P2,Pre_P2,0,0.11427927929018766,0
12,P2,P2,Pre_P2,0,0.2043389849145654,0
12,P2,P2,Pre_P2,0,0.2444146205752854,0
12,P2,P2,Pre_P2,0,0.4510397782836804,0
12,P2,P2,Pre_P2,0,0.2288148441714503,0
12,P2,P2,Pre_P2,0,0.4472169963727725,0
12,P2,P2,Pre_P2,0,0.18656962923259562,0
12,P2,P2,Pre_P2,0,0.22876689728972285,0
12,P2,P2,Pre_P2,0,0.1537330576787314,0
12,P2,P2,Pre_P2,0,0.16217661839140182,0
12,P2,P2,Pre_P2,0,0.433611024857638,0
12,P2,P2,Pre_P2,0,0.1286719559366681,0
12,P2,P2,Pre_P2,0,0.18617129225229934,0
12,P2,P2,Pre_P2,0,0.16523846422711105,0
12,P2,P2,Pre_P2,0,0.11528974442908417,0
12,P2,P2,Pre_P2,0,0.16076245109557155,0
12,P2,P2,Pre_P2,0,0.27817489043376087,0
12,P2,P2,Pre_P2,0,0.13722539043065485,0
12,P2,P2,Pre_P2,0,0.23018940039135416,0
12,P2,P2,Pre_P2,0,0.14077859273996846,0
12,P2,P2,Pre_P2,0,0.13812255948743551,0
12,P2,P2,Pre_P2,0,0.3188943810833993,0
12,P2,P2,Pre_P2,0,0.15942072694121248,0
12,P2,P2,Pre_P2,0,0.27370736627960135,0
12,P2,P2,Pre_P2,0,0.16646514228783998,0
12,P2,P2,Pre_P2,0,0.1471456552897713,0
12,P2,P2,Pre_P2,0,0.19507427137444378,0
12,P2,P2,Pre_P2,0,0.21410260287222185,0
12,P2,P2,Pre_P2,0,0.2312480909753915,0
12,P2,P2,Pre_P2,0,0.13680731505649707,0
12,P2,P2,Pre_P2,0,0.17482340231757704,0
12,P2,P2,Pre_P2,0,0.16922641421584,0
12,P2,P2,Pre_P2,0,0.2078285791334484,0
12,P2,P2,Pre_P2,0,0.1621366292123392,0
12,P2,P2,Pre_P2,0,0.18066085544934105,0
12,P2,P2,Pre_P2,0,0.25925790725971815,0
12,P2,P2,Pre_P2,0,0.15329688936403585,0
12,P2,P2,Pre_P2,0,0.19433552998211187,0
12,P2,P2,Pre_P2,0,0.6093177429532369,1
12,P2,P2,Pre_P2,0,0.16830383725271278,0
12,P2,P2,Pre_P2,0,0.20211032138984847,0
12,P2,P2,Pre_P2,0,0.2215358412922696,0
12,P2,P2,Pre_P2,0,0.19063713075364008,0
12,P2,P2,Pre_P2,0,0.1979906486129692,0
12,P2,P2,Pre_P2,0,0.1571344609271863,0
12,P2,P2,Pre_P2,0,0.4393542638377751,0
12,P2,P2,Pre_P2,0,0.1312137782684184,0
12,P2,P2,Pre_P2,0,0.17147543953019698,0
12,P2,P2,Pre_P2,0,0.3821704223803056,0
12,P2,P2,Pre_P2,0,0.17459576792437728,0
12,P2,P2,Pre_P2,0,0.18089122653638062,0
12,P2,P2,Pre_P2,0,0.17021461548096833,0
12,P2,P2,Pre_P2,0,0.14558005165489837,0
12,P2,P2,Pre_P2,0,0.14485157468507753,0
12,P2,P2,Pre_P2,0,0.16079954949388278,0
12,P2,P2,Pre_P2,0,0.15938487930189574,0
12,P2,P2,Pre_P2,0,0.4422888711571732,0
12,P2,P2,Pre_P2,0,0.1815605262021191,0
12,P2,P2,Pre_P2,0,0.44684234163916847,0
12,P2,P2,Pre_P2,0,0.25137295195065257,0
12,P2,P2,Pre_P2,0,0.21447922153460514,0
12,P2,P2,Pre_P2,0,0.39029236629541614,0
12,P2,P2,Pre_P2,0,0.1464574855180636,0
12,P2,P2,Pre_P2,0,0.13602267318351324,0
12,P2,P2,Pre_P2,0,0.12568848426439416,0
12,P2,P2,Pre_P2,0,0.21158120542277187,0
12,P2,P2,Pre_P2,0,0.19679702969265794,0
12,P2,P2,Pre_P2,0,0.237274319124444,0
12,P2,P2,Pre_P2,0,0.21372863989705687,0
12,P2,P2,Pre_P2,0,0.17852805887477227,0
12,P2,P2,Pre_P2,0,0.19424301633527477,0
12,P2,P2,Pre_P2,0,0.16861965382667124,0
12,P2,P2,Pre_P2,0,0.20463305971102994,0
12,P2,P2,Pre_P2,0,0.21877852867565503,0
12,P2,P2,Pre_P2,0,0.47862400246815456,0
12,P2,P2,Pre_P2,0,0.22029516635875682,0
12,P2,P2,Pre_P2,0,0.22187168553023817,0
12,P2,P2,Pre_P2,0,0.1265330358212885,0
12,P2,P2,Pre_P2,0,0.22384047490255388,0
12,P2,P2,Pre_P2,0,0.16027855767025997,0
12,P2,P2,Pre_P2,0,0.3434183862190892,0
12,P2,P2,Pre_P2,0,0.15580662792929886,0
12,P2,P2,Pre_P2,0,0.19531373206922614,0
12,P2,P2,Pre_P2,0,0.1713674933712115,0
12,P2,P2,Pre_P2,0,0.18366446017868684,0
12,P2,P2,Pre_P2,0,0.2821114377006687,0
12,P2,P2,Pre_P2,0,0.31885468197897177,0
12,P2,P2,Pre_P2,0,0.22092617494852254,0
12,P2,P2,Pre_P2,0,0.16849892903591762,0
12,P2,P2,Pre_P2,0,0.11719642553728639,0
12,P2,P2,Pre_P2,0,0.16761018457043333,0
12,P2,P2,Pre_P2,0,0.16896737058220587,0
12,P2,P2,Pre_P2,0,0.1742400281660736,0
12,P2,P2,Pre_P2,0,0.22960608175187427,0
12,P2,P2,Pre_P2,0,0.1767351236402577,0
12,P2,P2,Pre_P2,0,0.14502714100391975,0
12,P2,P2,Pre_P2,0,0.20143774856171462,0
12,P2,P2,Pre_P2,0,0.1760774395700624,0
12,P2,P2,Pre_P2,0,0.1527332069586927,0
12,P2,P2,Pre_P2,0,0.20048723742264754,0
12,P2,P2,Pre_P2,0,0.172041645870289,0
12,P2,P2,Pre_P2,0,0.1964665080971516,0
12,P2,P2,Pre_P2,0,0.19698181780640217,0
12,P2,P2,Pre_P2,0,0.4254731179917155,0
12,P2,P2,Pre_P2,0,0.3388473803943422,0
12,P2,P2,Pre_P2,0,0.4124804707472361,0
12,P2,P2,Pre_P2,0,0.12866207200748736,0
12,P2,P2,Pre_P2,0,0.21600509777141536,0
12,P2,P2,Pre_P2,0,0.20175171053265156,0
12,P2,P2,Pre_P2,0,0.31953858916221833,0
12,P2,P2,Pre_P2,0,0.42307707229565505,0
12,P2,P2,Pre_P2,0,0.3047791305595513,0
12,P2,P2,Pre_P2,0,0.13692862092634608,0
12,P2,P2,Pre_P2,0,0.21078162726345884,0
12,P2,P2,Pre_P2,0,0.20195142521370685,0
12,P2,P2,Pre_P2,0,0.1983069515839226,0
12,P2,P2,Pre_P2,0,0.2550239691362925,0
12,P2,P2,Pre_P2,0,0.1521685110005868,0
12,P2,P2,Pre_P2,0,0.17852705084558126,0
12,P2,P2,Pre_P2,0,0.19534100676196356,0
12,P2,P2,Pre_P2,0,0.11465453940000486,0
12,P2,P2,Pre_P2,0,0.34645797071196266,0
12,P2,P2,Pre_P2,0,0.21588554828426157,0
12,P2,P2,Pre_P2,0,0.38973260252180086,0
12,P2,P2,Pre_P2,0,0.2729909268629004,0
12,P2,P2,Pre_P2,0,0.1977292982939412,0
12,P2,P2,Pre_P2,0,0.7264753219661252,1
12,P2,P2,Pre_P2,0,0.18172770600022128,0
12,P2,P2,Pre_P2,0,0.20187242334897068,0
12,P2,P2,Pre_P2,0,0.18867185041418752,0
12,P2,P2,Pre_P2,0,0.5349719231432191,1
12,P2,P2,Pre_P2,0,0.31719226582330645,0
12,P2,P2,Pre_P2,0,0.4503589143726806,0
12,P2,P2,Pre_P2,0,0.21010642169374733,0
12,P2,P2,Pre_P2,0,0.48895116262884547,0
12,P2,P2,Pre_P2,0,0.16316407440821468,0
12,P2,P2,Pre_P2,0,0.13169394327416942,0
12,P2,P2,Pre_P2,0,0.15050674555346558,0
12,P2,P2,Pre_P2,0,0.491896577784008,0
12,P2,P2,Pre_P2,0,0.17234989976124457,0
12,P2,P2,Pre_P2,0,0.15104530548368,0
12,P2,P2,Pre_P2,0,0.1906165591027994,0
12,P2,P2,Pre_P2,0,0.5228490677778345,1
12,P2,P2,Pre_P2,0,0.10163285058263966,0
12,P2,P2,Pre_P2,0,0.22708475898715474,0
12,P2,P2,Pre_P2,0,0.2260993425713844,0
12,P2,P2,Pre_P2,0,0.19546727216547574,0
12,P2,P2,Pre_P2,0,0.15966393125202882,0
12,P2,P2,Pre_P2,0,0.16105933705349,0
12,P2,P2,Pre_P2,0,0.1432484001363726,0
12,P2,P2,Pre_P2,0,0.30878887765982405,0
12,P2,P2,Pre_P2,0,0.24549343425007364,0
12,P2,P2,Pre_P2,0,0.22357126834126345,0
12,P2,P2,Pre_P2,0,0.24015692610452644,0
12,P2,P2,Pre_P2,0,0.2844345272777966,0
12,P2,P2,Pre_P2,0,0.18708058821718768,0
12,P2,P2,Pre_P2,0,0.16896907635949066,0
12,P2,P2,Pre_P2,0,0.38200743139136767,0
12,P2,P2,Pre_P2,0,0.1446597366281711,0
12,P2,P2,Pre_P2,0,0.23267683780680104,0
12,P2,P2,Pre_P2,0,0.20013895156289,0
12,P2,P2,Pre_P2,0,0.8119322732417483,1
12,P2,P2,Pre_P2,0,0.1929740605225027,0
12,P2,P2,Pre_P2,0,0.13439546686135,0
12,P2,P2,Pre_P2,0,0.19654108411648163,0
12,P2,P2,Pre_P2,0,0.2702122751127543,0
12,P2,P2,Pre_P2,0,0.4115661946383735,0
12,P2,P2,Pre_P2,0,0.49954375244494087,0
12,P2,P2,Pre_P2,0,0.24319102371153267,0
12,P2,P2,Pre_P2,0,0.10695214925657716,0
12,P2,P2,Pre_P2,0,0.1254562016452296,0
12,P2,P2,Pre_P2,0,0.11392781191748587,0
12,P2,P2,Pre_P2,0,0.4975458362404531,0
12,P2,P2,Pre_P2,0,0.16429235406233936,0
12,P2,P2,Pre_P2,0,0.16159631065664465,0
12,P2,P2,Pre_P2,0,0.2067667874102096,0
12,P2,P2,Pre_P2,0,0.15545142605118745,0
12,P2,P2,Pre_P2,0,0.21065307530557018,0
12,P2,P2,Pre_P2,0,0.37115446274162667,0
12,P2,P2,Pre_P2,0,0.22190133249758645,0
12,P2,P2,Pre_P2,0,0.1318619559302099,0
12,P2,P2,Pre_P2,0,0.20743087803896504,0
12,P2,P2,Pre_P2,0,0.1769505342151281,0
12,P2,P2,Pre_P2,0,0.29405146882802885,0
12,P2,P2,Pre_P2,0,0.4516923373416288,0
12,P2,P2,Pre_P2,0,0.3343469678597322,0
12,P2,P2,Pre_P2,0,0.1777206830615367,0
12,P2,P2,Pre_P2,0,0.16795519627207214,0
12,P2,P2,Pre_P2,0,0.15343079406400895,0
12,P2,P2,Pre_P2,0,0.1389114445937811,0
12,P2,P2,Pre_P2,0,0.35141755608479447,0
12,P2,P2,Pre_P2,0,0.20858382424845687,0
12,P2,P2,Pre_P2,0,0.1654787421046307,0
12,P2,P2,Pre_P2,0,0.2092897543529288,0
12,P2,P2,Pre_P2,0,0.17781484417489468,0
12,P2,P2,Pre_P2,0,0.16363884326781925,0
12,P2,P2,Pre_P2,0,0.19760729043786537,0
12,P2,P2,Pre_P2,0,0.22167283114336583,0
12,P2,P2,Pre_P2,0,0.2559803441492807,0
12,P2,P2,Pre_P2,0,0.17994206074893387,0
12,P2,P2,Pre_P2,0,0.28643984753339796,0
12,P2,P2,Pre_P2,0,0.15936053728679614,0
12,P2,P2,Pre_P2,0,0.44977671459197316,0
12,P2,P2,Pre_P2,0,0.24976869189993187,0
12,P2,P2,Pre_P2,0,0.2185878209571498,0
12,P2,P2,Pre_P2,0,0.21484432407066084,0
12,P2,P2,Pre_P2,0,0.23444672777424794,0
12,P2,P2,Pre_P2,0,0.40236605290187355,0
12,P2,P2,Pre_P2,0,0.19971580255724153,0
12,P2,P2,Pre_P2,0,0.16523179662036122,0
12,P2,P2,Pre_P2,0,0.4088151125497725,0
12,P2,P2,Pre_P2,0,0.17066948563268816,0
12,P2,P2,Pre_P2,0,0.34881559939958634,0
12,P2,P2,Pre_P2,0,0.18614678614696062,0
12,P2,P2,Pre_P2,0,0.3682816397702295,0
12,P2,P2,Pre_P2,0,0.1814308108861042,0
12,P2,P2,Pre_P2,0,0.38769830954415796,0
12,P2,P2,Pre_P2,0,0.12773361274337103,0
12,P2,P2,Pre_P2,0,0.38437172325434127,0
12,P2,P2,Pre_P2,0,0.19255769803471498,0
12,P2,P2,Pre_P2,0,0.18788980232462077,0
12,P2,P2,Pre_P2,0,0.2520502860303682,0
12,P2,P2,Pre_P2,0,0.1607321264432672,0
12,P2,P2,Pre_P2,0,0.21463128592244574,0
12,P2,P2,Pre_P2,0,0.2096183229703639,0
12,P2,P2,Pre_P2,0,0.16561171293474503,0
12,P2,P2,Pre_P2,0,0.12825701401261205,0
12,P2,P2,Pre_P2,0,0.23195491315166344,0
12,P2,P2,Pre_P2,0,0.137854314983973,0
12,P2,P2,Pre_P2,0,0.23463017748647425,0
12,P2,P2,Pre_P2,0,0.160105766796697,0
12,P2,P2,Pre_P2,0,0.2459296027051903,0
12,P2,P2,Pre_P2,0,0.7188303312039127,1
12,P2,P2,Pre_P2,0,0.19365345343821863,0
12,P2,P2,Pre_P2,0,0.7514824803932082,1
12,P2,P2,Pre_P2,0,0.3649615743884546,0
12,P2,P2,Pre_P2,0,0.14951106107202697,0
12,P2,P2,Pre_P2,0,0.2805176859542403,0
12,P2,P2,Pre_P2,0,0.23122770529509545,0
12,P2,P2,Pre_P2,0,0.23505255260667093,0
12,P2,P2,Pre_P2,0,0.17385611053154118,0
12,P2,P2,Pre_P2,0,0.18702381426198486,0
12,P2,P2,Pre_P2,0,0.20296482403148133,0
12,P2,P2,Pre_P2,0,0.24909302547663645,0
12,P2,P2,Pre_P2,0,0.49916177015076907,0
12,P2,P2,Pre_P2,0,0.26291538228852107,0
12,P2,P2,Pre_P2,0,0.20973360414850678,0
12,P2,P2,Pre_P2,0,0.15378644802035105,0
12,P2,P2,Pre_P2,0,0.16265365478155258,0
12,P2,P2,Pre_P2,0,0.4716839808676202,0
12,P2,P2,Pre_P2,0,0.13737961474584978,0
12,P2,P2,Pre_P2,0,0.5092954424921218,1
12,P2,P2,Pre_P2,0,0.33536752226173644,0
12,P2,P2,Pre_P2,0,0.12635318345045357,0
12,P2,P2,Pre_P2,0,0.16191280009145162,0
12,P2,P2,Pre_P2,0,0.17062502580325692,0
12,P2,P2,Pre_P2,0,0.13994728029440484,0
12,P2,P2,Pre_P2,0,0.15217125682985483,0
12,P2,P2,Pre_P2,0,0.4532164003972691,0
12,P2,P2,Pre_P2,0,0.1724385712316156,0
12,P2,P2,Pre_P2,0,0.1734843748553783,0
12,P2,P2,Pre_P2,0,0.15580838268595862,0
12,P2,P2,Pre_P2,0,0.20442821902065444,0
12,P2,P2,Pre_P2,0,0.1487707504968924,0
12,P2,P2,Pre_P2,0,0.6751913112538398,1
12,P2,P2,Pre_P2,0,0.17239471862139116,0
12,P2,P2,Pre_P2,0,0.15662082930779964,0
12,P2,P2,Pre_P2,0,0.17854028184848816,0
12,P2,P2,Pre_P2,0,0.3562985213664513,0
12,P2,P2,Pre_P2,0,0.1917618293970527,0
12,P2,P2,Pre_P2,0,0.10425199293337196,0
12,P2,P2,Pre_P2,0,0.3561640240189604,0
12,P2,P2,Pre_P2,0,0.19784354389549347,0
12,P2,P2,Pre_P2,0,0.5240177465926534,1
12,P2,P2,Pre_P2,0,0.19649377484894115,0
12,P2,P2,Pre_P2,0,0.1228772558582107,0
12,P2,P2,Pre_P2,0,0.19211518673517888,0
12,P2,P2,Pre_P2,0,0.18557863537766542,0
12,P2,P2,Pre_P2,0,0.3551467627619967,0
12,P2,P2,Pre_P2,0,0.3281207918435317,0
12,P2,P2,Pre_P2,0,0.5067285832552044,1
12,P2,P2,Pre_P2,0,0.17497585031246274,0
12,P2,P2,Pre_P2,0,0.14359966081808104,0
12,P2,P2,Pre_P2,0,0.1984470174496962,0
12,P2,P2,Pre_P2,0,0.24245308138408425,0
12,P2,P2,Pre_P2,0,0.15726371576977138,0
12,P2,P2,Pre_P2,0,0.16607438097729502,0
12,P2,P2,Pre_P2,0,0.24378837406747608,0
12,P2,P2,Pre_P2,0,0.1492270087812748,0
12,P2,P2,Pre_P2,0,0.3031485539562463,0
12,P2,P2,Pre_P2,0,0.25970544117763217,0
12,P2,P2,Pre_P2,0,0.16723340336844447,0
12,P2,P2,Pre_P2,0,0.6182116856060124,1
12,P2,P2,Pre_P2,0,0.2807002700868692,0
12,P2,P2,Pre_P2,0,0.13881107315993077,0
12,P2,P2,Pre_P2,0,0.17035569416124374,0
12,P2,P2,Pre_P2,0,0.16003801530746892,0
12,P2,P2,Pre_P2,0,0.31878733282378385,0
12,P2,P2,Pre_P2,0,0.1977911175518911,0
12,P2,P2,Pre_P2,0,0.19885736061392553,0
12,P2,P2,Pre_P2,0,0.1741577584156672,0
12,P2,P2,Pre_P2,0,0.14133579990148676,0
12,P2,P2,Pre_P2,0,0.11208940841305033,0
12,P2,P2,Pre_P2,0,0.21234333918856765,0
12,P2,P2,Post_P2,0,0.13090366992283015,0
12,P2,P2,Post_P2,0,0.17986188923087063,0
12,P2,P2,Post_P2,0,0.5181874678994532,1
12,P2,P2,Post_P2,0,0.19076325570122654,0
12,P2,P2,Post_P2,0,0.12337833155421121,0
12,P2,P2,Post_P2,0,0.4556212247171845,0
12,P2,P2,Post_P2,0,0.2524258719137956,0
12,P2,P2,Post_P2,0,0.21819518568482588,0
12,P2,P2,Post_P2,0,0.2078333717814945,0
12,P2,P2,Post_P2,0,0.1347995998673467,0
12,P2,P2,Post_P2,0,0.13108813239493075,0
12,P2,P2,Post_P2,0,0.27039448868056526,0
12,P2,P2,Post_P2,0,0.5333720872187578,1
12,P2,P2,Post_P2,0,0.16085780020927345,0
12,P2,P2,Post_P2,0,0.4480349902841382,0
12,P2,P2,Post_P2,0,0.6871555481042181,1
12,P2,P2,Post_P2,0,0.22606508494879088,0
12,P2,P2,Post_P2,0,0.2460166341210848,0
12,P2,P2,Post_P2,0,0.12273807829028927,0
12,P2,P2,Post_P2,0,0.5465325177849399,1
12,P2,P2,Post_P2,0,0.1677113969292256,0
12,P2,P2,Post_P2,0,0.08622710993920805,0
12,P2,P2,Post_P2,0,0.6430541839787585,1
12,P2,P2,Post_P2,0,0.4784620777543511,0
12,P2,P2,Post_P2,0,0.21283572376811288,0
12,P2,P2,Post_P2,0,0.12403794379337843,0
12,P2,P2,Post_P2,0,0.16272569702601572,0
12,P2,P2,Post_P2,0,0.6861543173208379,1
12,P2,P2,Post_P2,0,0.25810024116452335,0
12,P2,P2,Post_P2,0,0.19305597917122688,0
12,P2,P2,Post_P2,0,0.22449128629383694,0
12,P2,P2,Post_P2,0,0.15893122754976272,0
12,P2,P2,Post_P2,0,0.2179121829233442,0
12,P2,P2,Post_P2,0,0.13365576770682694,0
12,P2,P2,Post_P2,0,0.10968661555815364,0
12,P2,P2,Post_P2,0,0.10218337015892022,0
12,P2,P2,Post_P2,0,0.17258185386496816,0
12,P2,P2,Post_P2,0,0.19940917753384269,0
12,P2,P2,Post_P2,0,0.10144864170643873,0
12,P2,P2,Post_P2,0,0.27936844067805017,0
12,P2,P2,Post_P2,0,0.212115944986981,0
12,P2,P2,Post_P2,0,0.16732839974326993,0
12,P2,P2,Post_P2,0,0.4525933831791437,0
12,P2,P2,Post_P2,0,0.09725930774532998,0
12,P2,P2,Post_P2,0,0.13567275253548902,0
12,P2,P2,Post_P2,0,0.15270072435460058,0
12,P2,P2,Post_P2,0,0.40378636281864466,0
12,P2,P2,Post_P2,0,0.17177648350354666,0
12,P2,P2,Post_P2,0,0.11074071893890551,0
12,P2,P2,Post_P2,0,0.1481131607876112,0
12,P2,P2,Post_P2,0,0.632524257585045,1
12,P2,P2,Post_P2,0,0.18239964130261155,0
12,P2,P2,Post_P2,0,0.14637401760218097,0
12,P2,P2,Post_P2,0,0.1806153509595224,0
12,P2,P2,Post_P2,0,0.21898370554546018,0
12,P2,P2,Post_P2,0,0.20320273923943147,0
12,P2,P2,Post_P2,0,0.13975182089576593,0
12,P2,P2,Post_P2,0,0.22321683340359488,0
12,P2,P2,Post_P2,0,0.23462580987276493,0
12,P2,P2,Post_P2,0,0.16311768998527715,0
12,P2,P2,Post_P2,0,0.6725103931870237,1
12,P2,P2,Post_P2,0,0.33146149005393605,0
12,P2,P2,Post_P2,0,0.16115731378854586,0
12,P2,P2,Post_P2,0,0.4456891495573654,0
12,P2,P2,Post_P2,0,0.17362305655533916,0
12,P2,P2,Post_P2,0,0.23609948094483219,0
12,P2,P2,Post_P2,0,0.2040362112602699,0
12,P2,P2,Post_P2,0,0.4807712925067601,0
12,P2,P2,Post_P2,0,0.1661593025288629,0
12,P2,P2,Post_P2,0,0.2103769709140835,0
12,P2,P2,Post_P2,0,0.1971823118966665,0
12,P2,P2,Post_P2,0,0.13711328445939577,0
12,P2,P2,Post_P2,0,0.1955084539343156,0
12,P2,P2,Post_P2,0,0.31691037905170416,0
12,P2,P2,Post_P2,0,0.5102095421312324,1
12,P2,P2,Post_P2,0,0.10737728101621885,0
12,P2,P2,Post_P2,0,0.23066158070976447,0
12,P2,P2,Post_P2,0,0.21236929322203757,0
12,P2,P2,Post_P2,0,0.4413301031946762,0
12,P2,P2,Post_P2,0,0.23880677797323496,0
12,P2,P2,Post_P2,0,0.2229106338475009,0
12,P2,P2,Post_P2,0,0.12685206800695978,0
12,P2,P2,Post_P2,0,0.5606431742611266,1
12,P2,P2,Post_P2,0,0.15652811803007946,0
12,P2,P2,Post_P2,0,0.19016289166754202,0
12,P2,P2,Post_P2,0,0.14394550836636158,0
12,P2,P2,Post_P2,0,0.26319962389335466,0
12,P2,P2,Post_P2,0,0.19310766643544877,0
12,P2,P2,Post_P2,0,0.10459797707005598,0
12,P2,P2,Post_P2,0,0.31768706863823915,0
12,P2,P2,Post_P2,0,0.15557858748551373,0
12,P2,P2,Post_P2,0,0.20111000793538905,0
12,P2,P2,Post_P2,0,0.18992534326169624,0
12,P2,P2,Post_P2,0,0.23481995213359672,0
12,P2,P2,Post_P2,0,0.15978530658058054,0
12,P2,P2,Post_P2,0,0.13245710968221927,0
12,P2,P2,Post_P2,0,0.151074867084121,0
12,P2,P2,Post_P2,0,0.11853945939480637,0
12,P2,P2,Post_P2,0,0.22332641537861955,0
12,P2,P2,Post_P2,0,0.19082111726486034,0
12,P2,P2,Post_P2,0,0.14243957543063832,0
12,P2,P2,Post_P2,0,0.44587805359284477,0
12,P2,P2,Post_P2,0,0.16744729428011473,0
12,P2,P2,Post_P2,0,0.22651525437648995,0
12,P2,P2,Post_P2,0,0.255232923061176,0
12,P2,P2,Post_P2,0,0.12689539858280635,0
12,P2,P2,Post_P2,0,0.12609650716708512,0
12,P2,P2,Post_P2,0,0.14354081330820043,0
12,P2,P2,Post_P2,0,0.18198233052436832,0
12,P2,P2,Post_P2,0,0.18709150089336898,0
12,P2,P2,Post_P2,0,0.12205028427725959,0
12,P2,P2,Post_P2,0,0.28545882560652247,0
12,P2,P2,Post_P2,0,0.21803150897585447,0
12,P2,P2,Post_P2,0,0.39688098833836405,0
12,P2,P2,Post_P2,0,0.7024663244204873,1
12,P2,P2,Post_P2,0,0.13835838903032524,0
12,P2,P2,Post_P2,0,0.17610002008601128,0
12,P2,P2,Post_P2,0,0.1132919947054754,0
12,P2,P2,Post_P2,0,0.6044358915517085,1
12,P2,P2,Post_P2,0,0.14021015024569333,0
12,P2,P2,Post_P2,0,0.19607366655124772,0
12,P2,P2,Post_P2,0,0.18938330031759798,0
12,P2,P2,Post_P2,0,0.7060488164039126,1
12,P2,P2,Post_P2,0,0.14719394139378233,0
12,P2,P2,Post_P2,0,0.17481737514698065,0
12,P2,P2,Post_P2,0,0.149589248940044,0
12,P2,P2,Post_P2,0,0.18367391615520048,0
12,P2,P2,Post_P2,0,0.17237048448874712,0
12,P2,P2,Post_P2,0,0.17736707310807248,0
12,P2,P2,Post_P2,0,0.14294315261138738,0
12,P2,P2,Post_P2,0,0.1849865500045829,0
12,P2,P2,Post_P2,0,0.20082169359344487,0
12,P2,P2,Post_P2,0,0.2122389607006383,0
12,P2,P2,Post_P2,0,0.1880116661855487,0
12,P2,P2,Post_P2,0,0.19684144195728895,0
12,P2,P2,Post_P2,0,0.11351386080877886,0
12,P2,P2,Post_P2,0,0.167358190657635,0
12,P2,P2,Post_P2,0,0.125804772874518,0
12,P2,P2,Post_P2,0,0.1184772009815976,0
12,P2,P2,Post_P2,0,0.7024601083333043,1
12,P2,P2,Post_P2,0,0.12710843351778287,0
12,P2,P2,Post_P2,0,0.22379023527977127,0
12,P2,P2,Post_P2,0,0.10144864170643873,0
12,P2,P2,Post_P2,0,0.16255000490182764,0
12,P2,P2,Post_P2,0,0.21714199212013555,0
12,P2,P2,Post_P2,0,0.1341528771714139,0
12,P2,P2,Post_P2,0,0.3030116295882523,0
12,P2,P2,Post_P2,0,0.1595366392994979,0
12,P2,P2,Post_P2,0,0.16593952037872484,0
12,P2,P2,Post_P2,0,0.7069657386325968,1
12,P2,P2,Post_P2,0,0.2757256313596321,0
12,P2,P2,Post_P2,0,0.5318018413219662,1
12,P2,P2,Post_P2,0,0.1323637444911383,0
12,P2,P2,Post_P2,0,0.21087195082040683,0
12,P2,P2,Post_P2,0,0.620610534458599,1
12,P2,P2,Post_P2,0,0.6994412982561222,1
12,P2,P2,Post_P2,0,0.45419116055059555,0
12,P2,P2,Post_P2,0,0.23865303022422032,0
12,P2,P2,Post_P2,0,0.21457588181392087,0
12,P2,P2,Post_P2,0,0.1893252200705753,0
12,P2,P2,Post_P2,0,0.45054344732106205,0
12,P2,P2,Post_P2,0,0.6841446550054292,1
12,P2,P2,Post_P2,0,0.14035567038820382,0
12,P2,P2,Post_P2,0,0.1461900243038351,0
12,P2,P2,Post_P2,0,0.18854028477009407,0
12,P2,P2,Post_P2,0,0.7948682504796751,1
12,P2,P2,Post_P2,0,0.1380004754173705,0
12,P2,P2,Post_P2,0,0.16803756365433195,0
12,P2,P2,Post_P2,0,0.2787599875545861,0
12,P2,P2,Post_P2,0,0.16409892020296205,0
12,P2,P2,Post_P2,0,0.42126315531854225,0
12,P2,P2,Post_P2,0,0.2242261955876123,0
12,P2,P2,Post_P2,0,0.2107380321757065,0
12,P2,P2,Post_P2,0,0.7800738005290665,1
12,P2,P2,Post_P2,0,0.19858173987214975,0
12,P2,P2,Post_P2,0,0.3895707863544096,0
12,P2,P2,Post_P2,0,0.20696317797428387,0
12,P2,P2,Post_P2,0,0.36347473913046685,0
12,P2,P2,Post_P2,0,0.2004782770899331,0
12,P2,P2,Post_P2,0,0.17528839501201926,0
12,P2,P2,Post_P2,0,0.5088991706387657,1
12,P2,P2,Post_P2,0,0.1959233583650768,0
12,P2,P2,Post_P2,0,0.5163062367430991,1
12,P2,P2,Post_P2,0,0.19246070240282587,0
12,P2,P2,Post_P2,0,0.20533517309605695,0
12,P2,P2,Post_P2,0,0.17135546972324725,0
12,P2,P2,Post_P2,0,0.11786462953484336,0
12,P2,P2,Post_P2,0,0.24487528313708332,0
12,P2,P2,Post_P2,0,0.28340240890385776,0
12,P2,P2,Post_P2,0,0.14115770763621224,0
12,P2,P2,Post_P2,0,0.5334463833612187,1
12,P2,P2,Post_P2,0,0.15732688695381997,0
12,P2,P2,Post_P2,0,0.2423947376204399,0
12,P2,P2,Post_P2,0,0.20448333486924947,0
12,P2,P2,Post_P2,0,0.14001148871569422,0
12,P2,P2,Post_P2,0,0.18891390843179068,0
12,P2,P2,Post_P2,0,0.21214459853067671,0
12,P2,P2,Post_P2,0,0.1376700165987384,0
12,P2,P2,Post_P2,0,0.44268547288767934,0
12,P2,P2,Post_P2,0,0.07291243656104908,0
12,P2,P2,Post_P2,0,0.47637010711191174,0
12,P2,P2,Post_P2,0,0.14758453778190286,0
12,P2,P2,Post_P2,0,0.18686293404211934,0
12,P2,P2,Post_P2,0,0.7034156530427232,1
12,P2,P2,Post_P2,0,0.22524851460056308,0
12,P2,P2,Post_P2,0,0.17178492795708308,0
12,P2,P2,Post_P2,0,0.19183643527289504,0
12,P2,P2,Post_P2,0,0.11954838237983675,0
12,P2,P2,Post_P2,0,0.10174236244852197,0
12,P2,P2,Post_P2,0,0.22081107522850807,0
12,P2,P2,Post_P2,0,0.19331970698301087,0
12,P2,P2,Post_P2,0,0.23750748550990197,0
12,P2,P2,Post_P2,0,0.5003950276003069,1
12,P2,P2,Post_P2,0,0.600494171143907,1
12,P2,P2,Post_P2,0,0.2873481037139814,0
12,P2,P2,Post_P2,0,0.17068791635699085,0
12,P2,P2,Post_P2,0,0.20144723882896276,0
12,P2,P2,Post_P2,0,0.17427186427932895,0
12,P2,P2,Post_P2,0,0.23681902879308456,0
12,P2,P2,Post_P2,0,0.16686117161837832,0
12,P2,P2,Post_P2,0,0.1656843634067334,0
12,P2,P2,Post_P2,0,0.2227202895633629,0
12,P2,P2,Post_P2,0,0.16168948424363047,0
12,P2,P2,Post_P2,0,0.1685452423248201,0
12,P2,P2,Post_P2,0,0.6278578088361982,1
12,P2,P2,Post_P2,0,0.14962909888561107,0
12,P2,P2,Post_P2,0,0.21081410406485582,0
12,P2,P2,Post_P2,0,0.24172022688606842,0
12,P2,P2,Post_P2,0,0.43150122501820165,0
12,P2,P2,Post_P2,0,0.1767412269175472,0
12,P2,P2,Post_P2,0,0.5607466721769812,1
12,P2,P2,Post_P2,0,0.5521690786829954,1
12,P2,P2,Post_P2,0,0.4036047378360505,0
12,P2,P2,Post_P2,0,0.3330372964874241,0
12,P2,P2,Post_P2,0,0.5126197271725017,1
12,P2,P2,Post_P2,0,0.6951112443323098,1
12,P2,P2,Post_P2,0,0.4201507357944613,0
12,P2,P2,Post_P2,0,0.16392756028839653,0
12,P2,P2,Post_P2,0,0.17403156078723983,0
12,P2,P2,Post_P2,0,0.17227014762181253,0
12,P2,P2,Post_P2,0,0.08201267901895973,0
12,P2,P2,Post_P2,0,0.5059980668570103,1
12,P2,P2,Post_P2,0,0.25877329920738035,0
12,P2,P2,Post_P2,0,0.16828438412330743,0
12,P2,P2,Post_P2,0,0.1800815896401189,0
12,P2,P2,Post_P2,0,0.2579374959223477,0
12,P2,P2,Post_P2,0,0.19708743803138346,0
12,P2,P2,Post_P2,0,0.19309954258470036,0
12,P2,P2,Post_P2,0,0.1677425917388517,0
12,P2,P2,Post_P2,0,0.15076979998592696,0
12,P2,P2,Post_P2,0,0.22625725431929056,0
12,P2,P2,Post_P2,0,0.26732303412686764,0
12,P2,P2,Post_P2,0,0.16120338350459232,0
12,P2,P2,Post_P2,0,0.15710445501490541,0
12,P2,P2,Post_P2,0,0.19294766967752175,0
12,P2,P2,Post_P2,0,0.2061701142637322,0
12,P2,P2,Post_P2,0,0.09272356852967832,0
12,P2,P2,Post_P2,0,0.1540060322116774,0
12,P2,P2,Post_P2,0,0.5054405796981747,1
12,P2,P2,Post_P2,0,0.3858365739344239,0
12,P2,P2,Post_P2,0,0.14235763655464,0
12,P2,P2,Post_P2,0,0.16693019486001634,0
12,P2,P2,Post_P2,0,0.18336294966745167,0
12,P2,P2,Post_P2,0,0.23331326636309974,0
12,P2,P2,Post_P2,0,0.11911625316867588,0
12,P2,P2,Post_P2,0,0.6266216478417729,1
12,P2,P2,Post_P2,0,0.5446110244084714,1
12,P2,P2,Post_P2,0,0.22020612862379257,0
12,P2,P2,Post_P2,0,0.1421077448200521,0
12,P2,P2,Post_P2,0,0.1426812783894438,0
12,P2,P2,Post_P2,0,0.14221290461685587,0
12,P2,P2,Post_P2,0,0.4964671647847353,0
12,P2,P2,Post_P2,0,0.19663583075866942,0
12,P2,P2,Post_P2,0,0.22093795040333883,0
12,P2,P2,Post_P2,0,0.19979564287033838,0
12,P2,P2,Post_P2,0,0.14005872155612237,0
12,P2,P2,Post_P2,0,0.1909922835172689,0
12,P2,P2,Post_P2,0,0.3377816723949797,0
12,P2,P2,Post_P2,0,0.29545527599512234,0
12,P2,P2,Post_P2,0,0.20245326209025585,0
12,P2,P2,Post_P2,0,0.23588678769241525,0
12,P2,P2,Post_P2,0,0.16367348663069797,0
12,P2,P2,Post_P2,0,0.17945265537744087,0
12,P2,P2,Post_P2,0,0.18768711359026935,0
12,P2,P2,Post_P2,0,0.17832084404669046,0
12,P2,P2,Post_P2,0,0.1206735319617324,0
12,P2,P2,Post_P2,0,0.1932892684866399,0
12,P2,P2,Post_P2,0,0.4417450539193068,0
12,P2,P2,Post_P2,0,0.19795424871763545,0
12,P2,P2,Post_P2,0,0.14385803378238754,0
12,P2,P2,Post_P2,0,0.1953736757163741,0
12,P2,P2,Post_P2,0,0.23912081530043433,0
12,P2,P2,Post_P2,0,0.13789506895295053,0
12,P2,P2,Post_P2,0,0.15457431250255801,0
12,P2,P2,Post_P2,0,0.20861983930382352,0
12,P2,P2,Post_P2,0,0.2149557314729439,0
12,P2,P2,Post_P2,0,0.24524435005401246,0
12,P2,P2,Post_P2,0,0.1915124315933358,0
12,P2,P2,Post_P2,0,0.24676834675396228,0
12,P2,P2,Post_P2,0,0.19128288091722115,0
12,P2,P2,Post_P2,0,0.12030453848975174,0
12,P2,P2,Post_P2,0,0.20048491511949804,0
12,P2,P2,Post_P2,0,0.40540853376348424,0
12,P2,P2,Post_P2,0,0.5592835788891667,1
12,P2,P2,Post_P2,0,0.5646777504906448,1
12,P2,P2,Post_P2,0,0.2050475676713245,0
12,P2,P2,Post_P2,0,0.5232812003489606,1
12,P2,P2,Post_P2,0,0.4254606926858933,0
12,P2,P2,Post_P2,0,0.5463754456487669,1
12,P2,P2,Post_P2,0,0.2542582124199051,0
12,P2,P2,Post_P2,0,0.4006243485172028,0
12,P2,P2,Post_P2,0,0.6105570777295186,1
12,P2,P2,Post_P2,0,0.5241101177735094,1
12,P2,P2,Post_P2,0,0.23326717741423372,0
12,P2,P2,Post_P2,0,0.20889674304100364,0
12,P2,P2,Post_P2,0,0.23518981892386917,0
12,P2,P2,Post_P2,0,0.2035490883191173,0
12,P2,P2,Post_P2,0,0.1659878452516408,0
12,P2,P2,Post_P2,0,0.499565852710628,0
12,P2,P2,Post_P2,0,0.6185421545829243,1
12,P2,P2,Post_P2,0,0.5693065120683861,1
12,P2,P2,Post_P2,0,0.1862251313768928,0
12,P2,P2,Post_P2,0,0.20438615580037894,0
12,P2,P2,Post_P2,0,0.17631861001766877,0
12,P2,P2,Post_P2,0,0.521581404426005,1
12,P2,P2,Post_P2,0,0.23520910057563252,0
12,P2,P2,Post_P2,0,0.5563295483443885,1
12,P2,P2,Post_P2,0,0.18722978161189516,0
12,P2,P2,Post_P2,0,0.48462556383771266,0
12,P2,P2,Post_P2,0,0.27897836072590587,0
12,P2,P2,Post_P2,0,0.4791861625610246,0
12,P2,P2,Post_P2,0,0.26076036713564993,0
12,P2,P2,Post_P2,0,0.17381685462279553,0
12,P2,P2,Post_P2,0,0.32952446026298227,0
12,P2,P2,Post_P2,0,0.5864017350934314,1
12,P2,P2,Post_P2,0,0.6756247567548297,1
12,P2,P2,Post_P2,0,0.20614443941128702,0
12,P2,P2,Post_P2,0,0.184994655894606,0
12,P2,P2,Post_P2,0,0.19775403935066688,0
12,P2,P2,Post_P2,0,0.6717492487715481,1
12,P2,P2,Post_P2,0,0.6598462101407196,1
12,P2,P2,Post_P2,0,0.23352438553990787,0
12,P2,P2,Post_P2,0,0.5859874530214757,1
12,P2,P2,Post_P2,0,0.6060337527523669,1
12,P2,P2,Post_P2,0,0.5230154224888933,1
12,P2,P2,Post_P2,0,0.2491887655063647,0
12,P2,P2,Post_P2,0,0.2565877978528261,0
12,P2,P2,Post_P2,0,0.2681883296635511,0
12,P2,P2,Post_P2,0,0.5118733937311285,1
12,P2,P2,Post_P2,0,0.15466703608922297,0
12,P2,P2,Post_P2,0,0.5106401760127115,1
12,P2,P2,Post_P2,0,0.5255328913407368,1
12,P2,P2,Post_P2,0,0.2542582124199051,0
12,P2,P2,Post_P2,0,0.6950365617079,1
12,P2,P2,Post_P2,0,0.6382676344120952,1
12,P2,P2,Post_P2,0,0.5611249496088291,1
12,P2,P2,Post_P2,0,0.17427888108219594,0
12,P2,P2,Post_P2,0,0.6061657092071028,1
12,P2,P2,Post_P2,0,0.4773506406572766,0
12,P2,P2,Post_P2,0,0.7141347766088296,1
12,P2,P2,Post_P2,0,0.21716093826701416,0
12,P2,P2,Post_P2,0,0.556668128077547,1
12,P2,P2,Post_P2,0,0.5542093188805772,1
12,P2,P2,Post_P2,0,0.5992867864423014,1
12,P2,P2,Post_P2,0,0.28837559807030577,0
12,P2,P2,Post_P2,0,0.20553769202792704,0
12,P2,P2,Post_P2,0,0.48629796927016217,0
12,P2,P2,Post_P2,0,0.5867015533080683,1
12,P2,P2,Post_P2,0,0.2475751553441881,0
12,P2,P2,Post_P2,0,0.6497569321647162,1
12,P2,P2,Post_P2,0,0.55056999119129,1
12,P2,P2,Post_P2,0,0.32534897360880305,0
12,P2,P2,Post_P2,0,0.4897798878203888,0
12,P2,P2,Post_P2,0,0.14857948421016323,0
12,P2,P2,Post_P2,0,0.5486245031075071,1
12,P2,P2,Post_P2,0,0.5541215106304759,1
12,P2,P2,Post_P2,0,0.2169642847785291,0
12,P2,P2,Post_P2,0,0.4906951490008179,0
12,P2,P2,Post_P2,0,0.5055644383142228,1
12,P2,P2,Post_P2,0,0.606525356570905,1
13,P20,P20,Pre_P20,0,0.2992453799771129,0
13,P20,P20,Pre_P20,0,0.18856512206019965,0
13,P20,P20,Pre_P20,0,0.2034865768859074,0
13,P20,P20,Pre_P20,0,0.1459182248582716,0
13,P20,P20,Pre_P20,0,0.2052881216298554,0
13,P20,P20,Pre_P20,0,0.18763695958953666,0
13,P20,P20,Pre_P20,0,0.1925077114523131,0
13,P20,P20,Pre_P20,0,0.151137105741302,0
13,P20,P20,Pre_P20,0,0.13499202322432763,0
13,P20,P20,Pre_P20,0,0.23046825512063707,0
13,P20,P20,Pre_P20,0,0.15165127612883827,0
13,P20,P20,Pre_P20,0,0.15315891775422835,0
13,P20,P20,Pre_P20,0,0.23208597785868929,0
13,P20,P20,Pre_P20,0,0.2140926446820711,0
13,P20,P20,Pre_P20,0,0.1387151323262587,0
13,P20,P20,Pre_P20,0,0.21226291101173095,0
13,P20,P20,Pre_P20,0,0.2484074472723253,0
13,P20,P20,Pre_P20,0,0.08957483812691787,0
13,P20,P20,Pre_P20,0,0.312710532116703,0
13,P20,P20,Pre_P20,0,0.21036988147053803,0
13,P20,P20,Pre_P20,0,0.16806139501704967,0
13,P20,P20,Pre_P20,0,0.4621129967331637,0
13,P20,P20,Pre_P20,0,0.15739718595733532,0
13,P20,P20,Pre_P20,0,0.11967456135555551,0
13,P20,P20,Pre_P20,0,0.19018366083399585,0
13,P20,P20,Pre_P20,0,0.20159500931087745,0
13,P20,P20,Pre_P20,0,0.23755137349294603,0
13,P20,P20,Pre_P20,0,0.22643164795326562,0
13,P20,P20,Pre_P20,0,0.2986379604911405,0
13,P20,P20,Pre_P20,0,0.12498868473506017,0
13,P20,P20,Pre_P20,0,0.20801915531178228,0
13,P20,P20,Pre_P20,0,0.14543126736485407,0
13,P20,P20,Pre_P20,0,0.4344676473514549,0
13,P20,P20,Pre_P20,0,0.37536170663711527,0
13,P20,P20,Pre_P20,0,0.1481760070458895,0
13,P20,P20,Pre_P20,0,0.30770747338431864,0
13,P20,P20,Pre_P20,0,0.22850496744552848,0
13,P20,P20,Pre_P20,0,0.3133271538353665,0
13,P20,P20,Pre_P20,0,0.3550508046219804,0
13,P20,P20,Pre_P20,0,0.13753316509558897,0
13,P20,P20,Pre_P20,0,0.23879950929553553,0
13,P20,P20,Pre_P20,0,0.24704095860247965,0
13,P20,P20,Pre_P20,0,0.1887245366651885,0
13,P20,P20,Pre_P20,0,0.15147686943246455,0
13,P20,P20,Pre_P20,0,0.10619803411986932,0
13,P20,P20,Pre_P20,0,0.2647393554200564,0
13,P20,P20,Pre_P20,0,0.40695623976859274,0
13,P20,P20,Pre_P20,0,0.11476984086595961,0
13,P20,P20,Pre_P20,0,0.3911974394081438,0
13,P20,P20,Pre_P20,0,0.15537553088417197,0
13,P20,P20,Pre_P20,0,0.38392257201006913,0
13,P20,P20,Pre_P20,0,0.23603649778518457,0
13,P20,P20,Pre_P20,0,0.26034185670406,0
13,P20,P20,Pre_P20,0,0.23847004444809378,0
13,P20,P20,Pre_P20,0,0.23466118466304134,0
13,P20,P20,Pre_P20,0,0.1736756690746775,0
13,P20,P20,Pre_P20,0,0.23078663611157074,0
13,P20,P20,Pre_P20,0,0.24007968956905518,0
13,P20,P20,Pre_P20,0,0.11881013202937186,0
13,P20,P20,Pre_P20,0,0.27013615622559206,0
13,P20,P20,Pre_P20,0,0.21233648862325585,0
13,P20,P20,Pre_P20,0,0.2727683579625783,0
13,P20,P20,Pre_P20,0,0.24269058245123273,0
13,P20,P20,Pre_P20,0,0.17151522890911938,0
13,P20,P20,Pre_P20,0,0.1877793350167787,0
13,P20,P20,Pre_P20,0,0.17433353292743872,0
13,P20,P20,Pre_P20,0,0.2841443734731986,0
13,P20,P20,Pre_P20,0,0.20187429606797477,0
13,P20,P20,Pre_P20,0,0.2024194127256775,0
13,P20,P20,Pre_P20,0,0.24302173902125657,0
13,P20,P20,Pre_P20,0,0.15434894465551266,0
13,P20,P20,Pre_P20,0,0.19739871279010682,0
13,P20,P20,Pre_P20,0,0.19512016332617502,0
13,P20,P20,Pre_P20,0,0.24533592760497075,0
13,P20,P20,Pre_P20,0,0.142282966243116,0
13,P20,P20,Pre_P20,0,0.200982371529282,0
13,P20,P20,Pre_P20,0,0.43085397985778917,0
13,P20,P20,Pre_P20,0,0.1631868408681084,0
13,P20,P20,Pre_P20,0,0.10268178893609138,0
13,P20,P20,Pre_P20,0,0.23079431379617907,0
13,P20,P20,Pre_P20,0,0.13638682579766423,0
13,P20,P20,Pre_P20,0,0.2311170944494696,0
13,P20,P20,Pre_P20,0,0.22666924617380363,0
13,P20,P20,Pre_P20,0,0.25098355099697445,0
13,P20,P20,Pre_P20,0,0.31922127450533905,0
13,P20,P20,Pre_P20,0,0.4341960987915532,0
13,P20,P20,Pre_P20,0,0.16387817856719342,0
13,P20,P20,Pre_P20,0,0.28883296606501657,0
13,P20,P20,Pre_P20,0,0.09518864920281571,0
13,P20,P20,Pre_P20,0,0.2396609572904808,0
13,P20,P20,Pre_P20,0,0.32979925118864745,0
13,P20,P20,Pre_P20,0,0.2776307914385756,0
13,P20,P20,Pre_P20,0,0.08327460441141395,0
13,P20,P20,Pre_P20,0,0.1328456495888375,0
13,P20,P20,Pre_P20,0,0.3410250663078734,0
13,P20,P20,Pre_P20,0,0.25591850382548104,0
13,P20,P20,Pre_P20,0,0.30962342162679735,0
13,P20,P20,Pre_P20,0,0.31771438840627253,0
13,P20,P20,Pre_P20,0,0.14314750253063507,0
13,P20,P20,Pre_P20,0,0.17265187966013446,0
13,P20,P20,Pre_P20,0,0.2099881291275664,0
13,P20,P20,Pre_P20,0,0.09119875309621188,0
13,P20,P20,Pre_P20,0,0.189541030821296,0
13,P20,P20,Pre_P20,0,0.19107239265142015,0
13,P20,P20,Pre_P20,0,0.29533178829417567,0
13,P20,P20,Pre_P20,0,0.14051015924942242,0
13,P20,P20,Pre_P20,0,0.1981803742160077,0
13,P20,P20,Pre_P20,0,0.18991658271083858,0
13,P20,P20,Pre_P20,0,0.1469986471174116,0
13,P20,P20,Pre_P20,0,0.392662056271137,0
13,P20,P20,Pre_P20,0,0.4037157679348485,0
13,P20,P20,Pre_P20,0,0.19733223230236088,0
13,P20,P20,Pre_P20,0,0.15800063466480246,0
13,P20,P20,Pre_P20,0,0.1436396759870099,0
13,P20,P20,Pre_P20,0,0.24642302316517098,0
13,P20,P20,Pre_P20,0,0.15824934680017355,0
13,P20,P20,Pre_P20,0,0.13039042541626591,0
13,P20,P20,Pre_P20,0,0.2739993480081896,0
13,P20,P20,Pre_P20,0,0.13769359267371328,0
13,P20,P20,Pre_P20,0,0.1995743061088006,0
13,P20,P20,Pre_P20,0,0.42408801066252366,0
13,P20,P20,Pre_P20,0,0.09485568491111006,0
13,P20,P20,Pre_P20,0,0.355937275891382,0
13,P20,P20,Pre_P20,0,0.19716369219585592,0
13,P20,P20,Pre_P20,0,0.24564512680623876,0
13,P20,P20,Pre_P20,0,0.22681078542674418,0
13,P20,P20,Pre_P20,0,0.11731261819046089,0
13,P20,P20,Pre_P20,0,0.28878363073381497,0
13,P20,P20,Pre_P20,0,0.15528612460817587,0
13,P20,P20,Pre_P20,0,0.2496956305224725,0
13,P20,P20,Pre_P20,0,0.22251395051604744,0
13,P20,P20,Pre_P20,0,0.21437610726853193,0
13,P20,P20,Pre_P20,0,0.2135566337810098,0
13,P20,P20,Pre_P20,0,0.24284794818206643,0
13,P20,P20,Pre_P20,0,0.18542658049211783,0
13,P20,P20,Pre_P20,0,0.16568218190700873,0
13,P20,P20,Pre_P20,0,0.13536214592336798,0
13,P20,P20,Pre_P20,0,0.22658561426716553,0
13,P20,P20,Pre_P20,0,0.22568663843728026,0
13,P20,P20,Pre_P20,0,0.20170302999492304,0
13,P20,P20,Pre_P20,0,0.20373730871425477,0
13,P20,P20,Pre_P20,0,0.17048981709937644,0
13,P20,P20,Pre_P20,0,0.20139663040562483,0
13,P20,P20,Pre_P20,0,0.19838330779180705,0
13,P20,P20,Pre_P20,0,0.22488617374542763,0
13,P20,P20,Pre_P20,0,0.15801131392462098,0
13,P20,P20,Pre_P20,0,0.30940516935092216,0
13,P20,P20,Pre_P20,0,0.20379810749817076,0
13,P20,P20,Pre_P20,0,0.16363292266795398,0
13,P20,P20,Pre_P20,0,0.4271176359016654,0
13,P20,P20,Pre_P20,0,0.10227581904039786,0
13,P20,P20,Pre_P20,0,0.09988772243354069,0
13,P20,P20,Pre_P20,0,0.4875422690908558,0
13,P20,P20,Pre_P20,0,0.14204596246846893,0
13,P20,P20,Pre_P20,0,0.2592479903575403,0
13,P20,P20,Pre_P20,0,0.12601424105222192,0
13,P20,P20,Pre_P20,0,0.26875483454742183,0
13,P20,P20,Pre_P20,0,0.16855221383556063,0
13,P20,P20,Pre_P20,0,0.3778570393636707,0
13,P20,P20,Pre_P20,0,0.1651375807639175,0
13,P20,P20,Pre_P20,0,0.2484224476146107,0
13,P20,P20,Pre_P20,0,0.4103673101461133,0
13,P20,P20,Pre_P20,0,0.2219073442493798,0
13,P20,P20,Pre_P20,0,0.3774508434882106,0
13,P20,P20,Pre_P20,0,0.1224768186618598,0
13,P20,P20,Pre_P20,0,0.26152616462069733,0
13,P20,P20,Pre_P20,0,0.11830332126591712,0
13,P20,P20,Pre_P20,0,0.20698988888861716,0
13,P20,P20,Pre_P20,0,0.30388518172515777,0
13,P20,P20,Pre_P20,0,0.21835333856901837,0
13,P20,P20,Pre_P20,0,0.21885969911298173,0
13,P20,P20,Pre_P20,0,0.1509119781944449,0
13,P20,P20,Pre_P20,0,0.1368970419527219,0
13,P20,P20,Pre_P20,0,0.1550855323839429,0
13,P20,P20,Pre_P20,0,0.1449770467383729,0
13,P20,P20,Pre_P20,0,0.1439042602356086,0
13,P20,P20,Pre_P20,0,0.21040688046131614,0
13,P20,P20,Pre_P20,0,0.1259562960710049,0
13,P20,P20,Pre_P20,0,0.30960540584411295,0
13,P20,P20,Pre_P20,0,0.11534920254792896,0
13,P20,P20,Pre_P20,0,0.2793027855548112,0
13,P20,P20,Pre_P20,0,0.2684067713774334,0
13,P20,P20,Pre_P20,0,0.3085960862307052,0
13,P20,P20,Pre_P20,0,0.26248645824999955,0
13,P20,P20,Pre_P20,0,0.494594550222331,0
13,P20,P20,Pre_P20,0,0.20235348080819843,0
13,P20,P20,Pre_P20,0,0.15521918812118202,0
13,P20,P20,Pre_P20,0,0.21707908124630504,0
13,P20,P20,Pre_P20,0,0.18576379155059428,0
13,P20,P20,Pre_P20,0,0.17879567165902716,0
13,P20,P20,Pre_P20,0,0.1787405141052468,0
13,P20,P20,Pre_P20,0,0.21192082292061498,0
13,P20,P20,Pre_P20,0,0.13732464957512852,0
13,P20,P20,Pre_P20,0,0.11350794794070823,0
13,P20,P20,Pre_P20,0,0.15391767208477614,0
13,P20,P20,Pre_P20,0,0.24754888227027028,0
13,P20,P20,Pre_P20,0,0.1776743196366903,0
13,P20,P20,Pre_P20,0,0.21144509238728199,0
13,P20,P20,Pre_P20,0,0.11384722330780067,0
13,P20,P20,Pre_P20,0,0.13978323668927412,0
13,P20,P20,Pre_P20,0,0.16692920991710108,0
13,P20,P20,Pre_P20,0,0.1983886128627001,0
13,P20,P20,Pre_P20,0,0.23468407227084415,0
13,P20,P20,Pre_P20,0,0.18683676085722847,0
13,P20,P20,Pre_P20,0,0.1342836766942197,0
13,P20,P20,Pre_P20,0,0.1199936347931154,0
13,P20,P20,Pre_P20,0,0.18933424012966718,0
13,P20,P20,Pre_P20,0,0.2116048460454497,0
13,P20,P20,Pre_P20,0,0.204071809583655,0
13,P20,P20,Pre_P20,0,0.18733145406631072,0
13,P20,P20,Pre_P20,0,0.15152468146746803,0
13,P20,P20,Pre_P20,0,0.15190412486795718,0
13,P20,P20,Pre_P20,0,0.1551703401602856,0
13,P20,P20,Pre_P20,0,0.23199048032149966,0
13,P20,P20,Pre_P20,0,0.11045376085486437,0
13,P20,P20,Pre_P20,0,0.23100168855833622,0
13,P20,P20,Pre_P20,0,0.20651008260732084,0
13,P20,P20,Pre_P20,0,0.16281120909268842,0
13,P20,P20,Pre_P20,0,0.2296569232683761,0
13,P20,P20,Pre_P20,0,0.2246088654947639,0
13,P20,P20,Pre_P20,0,0.12921905313745372,0
13,P20,P20,Pre_P20,0,0.2732304629072918,0
13,P20,P20,Pre_P20,0,0.17554081576695144,0
13,P20,P20,Pre_P20,0,0.17263666465577704,0
13,P20,P20,Pre_P20,0,0.3012554654985216,0
13,P20,P20,Pre_P20,0,0.20196185199676558,0
13,P20,P20,Pre_P20,0,0.1395527822366148,0
13,P20,P20,Pre_P20,0,0.24483860166132315,0
13,P20,P20,Pre_P20,0,0.14315212029930374,0
13,P20,P20,Pre_P20,0,0.2634054134488441,0
13,P20,P20,Pre_P20,0,0.1539839766259317,0
13,P20,P20,Pre_P20,0,0.2786611516555946,0
13,P20,P20,Pre_P20,0,0.16197761781725928,0
13,P20,P20,Pre_P20,0,0.18307078048201902,0
13,P20,P20,Pre_P20,0,0.2516054696484559,0
13,P20,P20,Pre_P20,0,0.12677162555205784,0
13,P20,P20,Pre_P20,0,0.2328205072375526,0
13,P20,P20,Pre_P20,0,0.5325314630259078,1
13,P20,P20,Pre_P20,0,0.1643086812976492,0
13,P20,P20,Pre_P20,0,0.2422729295570304,0
13,P20,P20,Pre_P20,0,0.19677132192160018,0
13,P20,P20,Pre_P20,0,0.2391764885145177,0
13,P20,P20,Pre_P20,0,0.3551221202014111,0
13,P20,P20,Pre_P20,0,0.14028124132372727,0
13,P20,P20,Pre_P20,0,0.2767208841018598,0
13,P20,P20,Pre_P20,0,0.1419951766920452,0
13,P20,P20,Pre_P20,0,0.24442215664821748,0
13,P20,P20,Pre_P20,0,0.1793032834147606,0
13,P20,P20,Pre_P20,0,0.20499971765012695,0
13,P20,P20,Pre_P20,0,0.17200118420651422,0
13,P20,P20,Pre_P20,0,0.2009027428931786,0
13,P20,P20,Pre_P20,0,0.13975753533253057,0
13,P20,P20,Pre_P20,0,0.1977043327841222,0
13,P20,P20,Pre_P20,0,0.2286760464207044,0
13,P20,P20,Pre_P20,0,0.2782834084251936,0
13,P20,P20,Pre_P20,0,0.20043287391831413,0
13,P20,P20,Pre_P20,0,0.20051223290794004,0
13,P20,P20,Pre_P20,0,0.2090792937530344,0
13,P20,P20,Pre_P20,0,0.14683830163785644,0
13,P20,P20,Pre_P20,0,0.13456966681611174,0
13,P20,P20,Pre_P20,0,0.21062603232726246,0
13,P20,P20,Pre_P20,0,0.39104174424330007,0
13,P20,P20,Pre_P20,0,0.2661249998060867,0
13,P20,P20,Pre_P20,0,0.17781278025848604,0
13,P20,P20,Pre_P20,0,0.16932212428705917,0
13,P20,P20,Pre_P20,0,0.23611791671375354,0
13,P20,P20,Pre_P20,0,0.17443324053392878,0
13,P20,P20,Pre_P20,0,0.37122059134279073,0
13,P20,P20,Pre_P20,0,0.10465606763480532,0
13,P20,P20,Pre_P20,0,0.11830662485192196,0
13,P20,P20,Pre_P20,0,0.1853221335390866,0
13,P20,P20,Pre_P20,0,0.2157734235026043,0
13,P20,P20,Pre_P20,0,0.2362213332158381,0
13,P20,P20,Pre_P20,0,0.16807661138340493,0
13,P20,P20,Pre_P20,0,0.14912435383417044,0
13,P20,P20,Pre_P20,0,0.3694723415491225,0
13,P20,P20,Pre_P20,0,0.18727181309706123,0
13,P20,P20,Pre_P20,0,0.5971829988105288,1
13,P20,P20,Pre_P20,0,0.2112566316501445,0
13,P20,P20,Pre_P20,0,0.15306037790768684,0
13,P20,P20,Pre_P20,0,0.17939477680640642,0
13,P20,P20,Pre_P20,0,0.4217132998299628,0
13,P20,P20,Pre_P20,0,0.13998022862403742,0
13,P20,P20,Pre_P20,0,0.2699924909298819,0
13,P20,P20,Pre_P20,0,0.201137539628235,0
13,P20,P20,Pre_P20,0,0.3294540508319025,0
13,P20,P20,Pre_P20,0,0.5976650060215493,1
13,P20,P20,Pre_P20,0,0.1916686832706173,0
13,P20,P20,Pre_P20,0,0.18331455513712497,0
13,P20,P20,Pre_P20,0,0.10272340076245039,0
13,P20,P20,Pre_P20,0,0.19625845258363478,0
13,P20,P20,Pre_P20,0,0.20255834443037796,0
13,P20,P20,Pre_P20,0,0.17826384800075695,0
13,P20,P20,Pre_P20,0,0.2355778581568573,0
13,P20,P20,Pre_P20,0,0.2274595168630948,0
13,P20,P20,Pre_P20,0,0.1831164351511041,0
13,P20,P20,Pre_P20,0,0.1950624636265856,0
13,P20,P20,Pre_P20,0,0.3253172639051937,0
13,P20,P20,Pre_P20,0,0.16691364813728365,0
13,P20,P20,Pre_P20,0,0.29081473546398334,0
13,P20,P20,Pre_P20,0,0.15812604983176407,0
13,P20,P20,Pre_P20,0,0.32294992860901295,0
13,P20,P20,Pre_P20,0,0.14559837993356714,0
13,P20,P20,Pre_P20,0,0.18008620756346722,0
13,P20,P20,Pre_P20,0,0.19166211024789204,0
13,P20,P20,Pre_P20,0,0.3267507079121223,0
13,P20,P20,Pre_P20,0,0.29185932384570945,0
13,P20,P20,Pre_P20,0,0.2171130732525402,0
13,P20,P20,Pre_P20,0,0.30259471083796935,0
13,P20,P20,Pre_P20,0,0.1291582317994598,0
13,P20,P20,Pre_P20,0,0.2566396167738936,0
13,P20,P20,Pre_P20,0,0.23918400518902738,0
13,P20,P20,Pre_P20,0,0.27781451829342674,0
13,P20,P20,Pre_P20,0,0.15324161955223994,0
13,P20,P20,Pre_P20,0,0.12662227224557743,0
13,P20,P20,Pre_P20,0,0.21458538504607194,0
13,P20,P20,Pre_P20,0,0.29627275376020035,0
13,P20,P20,Pre_P20,0,0.1542250268543315,0
13,P20,P20,Pre_P20,0,0.35965940134964275,0
13,P20,P20,Pre_P20,0,0.18395760400186073,0
13,P20,P20,Pre_P20,0,0.14667710606385848,0
13,P20,P20,Pre_P20,0,0.13622058040790228,0
13,P20,P20,Pre_P20,0,0.20409885120189733,0
13,P20,P20,Post_P20,0,0.07447624583947135,0
13,P20,P20,Post_P20,0,0.09296081859275927,0
13,P20,P20,Post_P20,0,0.049762539225635845,0
13,P20,P20,Post_P20,0,0.07846037960882657,0
13,P20,P20,Post_P20,0,0.23364880329658183,0
13,P20,P20,Post_P20,0,0.19315503621630914,0
13,P20,P20,Post_P20,0,0.05617241904751375,0
13,P20,P20,Post_P20,0,0.06469514088151122,0
13,P20,P20,Post_P20,0,0.0894611483612801,0
13,P20,P20,Post_P20,0,0.08039232838421845,0
13,P20,P20,Post_P20,0,0.1564288026102594,0
13,P20,P20,Post_P20,0,0.2326379334830586,0
13,P20,P20,Post_P20,0,0.07064934654780942,0
13,P20,P20,Post_P20,0,0.05672160099679382,0
13,P20,P20,Post_P20,0,0.08562860611625675,0
13,P20,P20,Post_P20,0,0.06833665694706254,0
13,P20,P20,Post_P20,0,0.09982194831490204,0
13,P20,P20,Post_P20,0,0.06378965464083917,0
13,P20,P20,Post_P20,0,0.0712636483980966,0
13,P20,P20,Post_P20,0,0.18345869492533828,0
13,P20,P20,Post_P20,0,0.0931713485435531,0
13,P20,P20,Post_P20,0,0.04923765541339916,0
13,P20,P20,Post_P20,0,0.07248848053300103,0
13,P20,P20,Post_P20,0,0.10853861507269828,0
13,P20,P20,Post_P20,0,0.08651117546535478,0
13,P20,P20,Post_P20,0,0.09827711414119028,0
13,P20,P20,Post_P20,0,0.07895274946725098,0
13,P20,P20,Post_P20,0,0.06921516460903035,0
13,P20,P20,Post_P20,0,0.08812146672264788,0
13,P20,P20,Post_P20,0,0.08104833785897607,0
13,P20,P20,Post_P20,0,0.21950169181475226,0
13,P20,P20,Post_P20,0,0.20222163163848234,0
13,P20,P20,Post_P20,0,0.11797111191806572,0
13,P20,P20,Post_P20,0,0.09966174034423446,0
13,P20,P20,Post_P20,0,0.05048765345298274,0
13,P20,P20,Post_P20,0,0.2651461231214457,0
13,P20,P20,Post_P20,0,0.06529896152077902,0
13,P20,P20,Post_P20,0,0.07344968494972819,0
13,P20,P20,Post_P20,0,0.06409583009322416,0
13,P20,P20,Post_P20,0,0.2896696280476709,0
13,P20,P20,Post_P20,0,0.06852978864624458,0
13,P20,P20,Post_P20,0,0.074581512014851,0
13,P20,P20,Post_P20,0,0.10570324710721186,0
13,P20,P20,Post_P20,0,0.11498754600340394,0
13,P20,P20,Post_P20,0,0.06479638689039986,0
13,P20,P20,Post_P20,0,0.0405492387374257,0
13,P20,P20,Post_P20,0,0.04790359593008689,0
13,P20,P20,Post_P20,0,0.18214528502201885,0
13,P20,P20,Post_P20,0,0.05233690547672877,0
13,P20,P20,Post_P20,0,0.0781645109248206,0
13,P20,P20,Post_P20,0,0.09390832517149822,0
13,P20,P20,Post_P20,0,0.09710647732321256,0
13,P20,P20,Post_P20,0,0.22048413147503426,0
13,P20,P20,Post_P20,0,0.15437011694051153,0
13,P20,P20,Post_P20,0,0.07748152238631688,0
13,P20,P20,Post_P20,0,0.08685288712062765,0
13,P20,P20,Post_P20,0,0.1939261322167896,0
13,P20,P20,Post_P20,0,0.047783241739447084,0
13,P20,P20,Post_P20,0,0.19745590431404988,0
13,P20,P20,Post_P20,0,0.23599227975677287,0
13,P20,P20,Post_P20,0,0.11994027445679674,0
13,P20,P20,Post_P20,0,0.07331948239415552,0
13,P20,P20,Post_P20,0,0.07846112682943354,0
13,P20,P20,Post_P20,0,0.2552230947451852,0
13,P20,P20,Post_P20,0,0.08129305587938188,0
13,P20,P20,Post_P20,0,0.11128376833157481,0
13,P20,P20,Post_P20,0,0.04486459869135386,0
13,P20,P20,Post_P20,0,0.11385781942112529,0
13,P20,P20,Post_P20,0,0.18870349569519052,0
13,P20,P20,Post_P20,0,0.20670927787852936,0
13,P20,P20,Post_P20,0,0.07091738770472626,0
13,P20,P20,Post_P20,0,0.06869637963544041,0
13,P20,P20,Post_P20,0,0.21439966123799403,0
13,P20,P20,Post_P20,0,0.06964277982593643,0
13,P20,P20,Post_P20,0,0.08742713654431922,0
13,P20,P20,Post_P20,0,0.09511216069642522,0
13,P20,P20,Post_P20,0,0.05471812420137207,0
13,P20,P20,Post_P20,0,0.07134129693951419,0
13,P20,P20,Post_P20,0,0.09101348451441786,0
13,P20,P20,Post_P20,0,0.064776882301846,0
13,P20,P20,Post_P20,0,0.24061222753003242,0
13,P20,P20,Post_P20,0,0.07676968383114977,0
13,P20,P20,Post_P20,0,0.06605920419770397,0
13,P20,P20,Post_P20,0,0.06616271920388131,0
13,P20,P20,Post_P20,0,0.033981040026915744,0
13,P20,P20,Post_P20,0,0.05218943172337279,0
13,P20,P20,Post_P20,0,0.0836008608326504,0
13,P20,P20,Post_P20,0,0.3529084732865839,0
13,P20,P20,Post_P20,0,0.08905651150915483,0
13,P20,P20,Post_P20,0,0.09674185178053102,0
13,P20,P20,Post_P20,0,0.08022832084803054,0
13,P20,P20,Post_P20,0,0.05102913424962003,0
13,P20,P20,Post_P20,0,0.12759681813185167,0
13,P20,P20,Post_P20,0,0.17321814250017536,0
13,P20,P20,Post_P20,0,0.08600122183369514,0
13,P20,P20,Post_P20,0,0.05258771468546477,0
13,P20,P20,Post_P20,0,0.15004660542884626,0
13,P20,P20,Post_P20,0,0.20232490318248839,0
13,P20,P20,Post_P20,0,0.06482663638984329,0
13,P20,P20,Post_P20,0,0.12710141958882634,0
13,P20,P20,Post_P20,0,0.1961569481905129,0
13,P20,P20,Post_P20,0,0.055448093128913946,0
13,P20,P20,Post_P20,0,0.08354660379505527,0
13,P20,P20,Post_P20,0,0.07550242769321135,0
13,P20,P20,Post_P20,0,0.11145149540312395,0
13,P20,P20,Post_P20,0,0.16712936781411136,0
13,P20,P20,Post_P20,0,0.08965649042072751,0
13,P20,P20,Post_P20,0,0.08757376133822241,0
13,P20,P20,Post_P20,0,0.063711562705732,0
13,P20,P20,Post_P20,0,0.0725222229458859,0
13,P20,P20,Post_P20,0,0.19199109008434526,0
13,P20,P20,Post_P20,0,0.07370812085807033,0
13,P20,P20,Post_P20,0,0.08231111838120862,0
13,P20,P20,Post_P20,0,0.26985102482330153,0
13,P20,P20,Post_P20,0,0.07599012113153757,0
13,P20,P20,Post_P20,0,0.17477662492753518,0
13,P20,P20,Post_P20,0,0.09647039777393666,0
13,P20,P20,Post_P20,0,0.060699050415571935,0
13,P20,P20,Post_P20,0,0.10812493211129239,0
13,P20,P20,Post_P20,0,0.100995723323534,0
13,P20,P20,Post_P20,0,0.059965485178089764,0
13,P20,P20,Post_P20,0,0.10308722345398974,0
13,P20,P20,Post_P20,0,0.19147291796841098,0
13,P20,P20,Post_P20,0,0.17247040832506821,0
13,P20,P20,Post_P20,0,0.1303093323327242,0
13,P20,P20,Post_P20,0,0.07703638001781601,0
13,P20,P20,Post_P20,0,0.05763948459788176,0
13,P20,P20,Post_P20,0,0.08022311094601495,0
13,P20,P20,Post_P20,0,0.2777371789377431,0
13,P20,P20,Post_P20,0,0.0956579230650188,0
13,P20,P20,Post_P20,0,0.0773875957282773,0
13,P20,P20,Post_P20,0,0.07353961070518755,0
13,P20,P20,Post_P20,0,0.21492182477480942,0
13,P20,P20,Post_P20,0,0.07088087661063078,0
13,P20,P20,Post_P20,0,0.08396946760330078,0
13,P20,P20,Post_P20,0,0.19209872234245431,0
13,P20,P20,Post_P20,0,0.20215118935645038,0
13,P20,P20,Post_P20,0,0.18848752531790852,0
13,P20,P20,Post_P20,0,0.10126144693902547,0
13,P20,P20,Post_P20,0,0.0854038932259116,0
13,P20,P20,Post_P20,0,0.16601417357578738,0
13,P20,P20,Post_P20,0,0.09098129021456117,0
13,P20,P20,Post_P20,0,0.0718410040953749,0
13,P20,P20,Post_P20,0,0.07129057980325948,0
13,P20,P20,Post_P20,0,0.19307308716484167,0
13,P20,P20,Post_P20,0,0.07494799574649351,0
13,P20,P20,Post_P20,0,0.22165020045982323,0
13,P20,P20,Post_P20,0,0.04330213130006089,0
13,P20,P20,Post_P20,0,0.1805285281109171,0
13,P20,P20,Post_P20,0,0.30070253382263973,0
13,P20,P20,Post_P20,0,0.19666143422821486,0
13,P20,P20,Post_P20,0,0.2620321369484591,0
13,P20,P20,Post_P20,0,0.0597139332183496,0
13,P20,P20,Post_P20,0,0.265417777789404,0
13,P20,P20,Post_P20,0,0.04629643071638678,0
13,P20,P20,Post_P20,0,0.12599268895443266,0
13,P20,P20,Post_P20,0,0.05633074254984114,0
13,P20,P20,Post_P20,0,0.08121923268758989,0
13,P20,P20,Post_P20,0,0.06575828944954151,0
13,P20,P20,Post_P20,0,0.253930809478471,0
13,P20,P20,Post_P20,0,0.103250141325618,0
13,P20,P20,Post_P20,0,0.2051203843583238,0
13,P20,P20,Post_P20,0,0.07134877896353978,0
13,P20,P20,Post_P20,0,0.19654433403840424,0
13,P20,P20,Post_P20,0,0.3997220170144283,0
13,P20,P20,Post_P20,0,0.06816119170114271,0
13,P20,P20,Post_P20,0,0.2780057593057723,0
13,P20,P20,Post_P20,0,0.08068838002604274,0
13,P20,P20,Post_P20,0,0.08294103074062317,0
13,P20,P20,Post_P20,0,0.07180956004372514,0
13,P20,P20,Post_P20,0,0.06557638577128352,0
13,P20,P20,Post_P20,0,0.07953077442062609,0
13,P20,P20,Post_P20,0,0.09370789837465279,0
13,P20,P20,Post_P20,0,0.03802366770469106,0
13,P20,P20,Post_P20,0,0.23006613379440846,0
13,P20,P20,Post_P20,0,0.22914985700242066,0
13,P20,P20,Post_P20,0,0.22577810580254498,0
13,P20,P20,Post_P20,0,0.05687788591982527,0
13,P20,P20,Post_P20,0,0.1943749076597317,0
13,P20,P20,Post_P20,0,0.07873336351338446,0
13,P20,P20,Post_P20,0,0.08969626477585248,0
13,P20,P20,Post_P20,0,0.08378048303997367,0
13,P20,P20,Post_P20,0,0.09110223165554257,0
13,P20,P20,Post_P20,0,0.08348281023250025,0
13,P20,P20,Post_P20,0,0.20266835634891697,0
13,P20,P20,Post_P20,0,0.08178127905018591,0
13,P20,P20,Post_P20,0,0.24618604476166214,0
13,P20,P20,Post_P20,0,0.0967680958562767,0
13,P20,P20,Post_P20,0,0.07055910443610865,0
13,P20,P20,Post_P20,0,0.07066148811047493,0
13,P20,P20,Post_P20,0,0.10590048897343997,0
13,P20,P20,Post_P20,0,0.06972160055193345,0
13,P20,P20,Post_P20,0,0.07995877306444367,0
13,P20,P20,Post_P20,0,0.35254633604983393,0
13,P20,P20,Post_P20,0,0.23288754721356353,0
13,P20,P20,Post_P20,0,0.06844955809732584,0
13,P20,P20,Post_P20,0,0.06990885418686439,0
13,P20,P20,Post_P20,0,0.09145152768376075,0
13,P20,P20,Post_P20,0,0.2123631627100492,0
13,P20,P20,Post_P20,0,0.0842758854410174,0
13,P20,P20,Post_P20,0,0.06489198223860013,0
13,P20,P20,Post_P20,0,0.06385855747299764,0
13,P20,P20,Post_P20,0,0.050967667319191924,0
13,P20,P20,Post_P20,0,0.07610390325647966,0
13,P20,P20,Post_P20,0,0.24881602908821643,0
13,P20,P20,Post_P20,0,0.2026650627171526,0
13,P20,P20,Post_P20,0,0.0669178503723881,0
13,P20,P20,Post_P20,0,0.1407119172345824,0
13,P20,P20,Post_P20,0,0.10153555762875553,0
13,P20,P20,Post_P20,0,0.15307586816759453,0
13,P20,P20,Post_P20,0,0.04456207701464665,0
13,P20,P20,Post_P20,0,0.21890932104104668,0
13,P20,P20,Post_P20,0,0.1104691404435909,0
13,P20,P20,Post_P20,0,0.06397652409215278,0
13,P20,P20,Post_P20,0,0.21749139760828148,0
13,P20,P20,Post_P20,0,0.08083604797057233,0
13,P20,P20,Post_P20,0,0.058961614232532364,0
13,P20,P20,Post_P20,0,0.08143218780211701,0
13,P20,P20,Post_P20,0,0.07195844029866467,0
13,P20,P20,Post_P20,0,0.08495068930811836,0
13,P20,P20,Post_P20,0,0.1614125685424551,0
13,P20,P20,Post_P20,0,0.07478816785653566,0
13,P20,P20,Post_P20,0,0.06623927666108145,0
13,P20,P20,Post_P20,0,0.17597091009081994,0
13,P20,P20,Post_P20,0,0.1975916493326284,0
13,P20,P20,Post_P20,0,0.3318340754117622,0
13,P20,P20,Post_P20,0,0.07661898605133552,0
13,P20,P20,Post_P20,0,0.06607986676399383,0
13,P20,P20,Post_P20,0,0.07216613692134606,0
13,P20,P20,Post_P20,0,0.19993661815671143,0
13,P20,P20,Post_P20,0,0.17644498443978043,0
13,P20,P20,Post_P20,0,0.07225487176113583,0
13,P20,P20,Post_P20,0,0.20967804310257318,0
13,P20,P20,Post_P20,0,0.17975810987703322,0
13,P20,P20,Post_P20,0,0.22746215797074945,0
13,P20,P20,Post_P20,0,0.21872195923589063,0
13,P20,P20,Post_P20,0,0.0663529345867108,0
13,P20,P20,Post_P20,0,0.07734589487652842,0
13,P20,P20,Post_P20,0,0.29400153255393935,0
13,P20,P20,Post_P20,0,0.08031627775284998,0
13,P20,P20,Post_P20,0,0.25562146958944115,0
13,P20,P20,Post_P20,0,0.2309724437146561,0
13,P20,P20,Post_P20,0,0.19452722332638434,0
13,P20,P20,Post_P20,0,0.10792113593628312,0
13,P20,P20,Post_P20,0,0.05893215132241291,0
13,P20,P20,Post_P20,0,0.07873507313335917,0
13,P20,P20,Post_P20,0,0.08684930614351073,0
13,P20,P20,Post_P20,0,0.08793662921867955,0
13,P20,P20,Post_P20,0,0.09183552922245751,0
13,P20,P20,Post_P20,0,0.11800032987099111,0
13,P20,P20,Post_P20,0,0.08993306197944465,0
13,P20,P20,Post_P20,0,0.11165130748664776,0
13,P20,P20,Post_P20,0,0.058626294049767165,0
13,P20,P20,Post_P20,0,0.06143782970677762,0
13,P20,P20,Post_P20,0,0.13035293419215502,0
13,P20,P20,Post_P20,0,0.06860038089092191,0
13,P20,P20,Post_P20,0,0.09745019618667003,0
13,P20,P20,Post_P20,0,0.0427093022846517,0
13,P20,P20,Post_P20,0,0.07382254728748351,0
13,P20,P20,Post_P20,0,0.047353825005051794,0
13,P20,P20,Post_P20,0,0.3071963374898322,0
13,P20,P20,Post_P20,0,0.061181360977916564,0
13,P20,P20,Post_P20,0,0.07452835960301854,0
13,P20,P20,Post_P20,0,0.09399865355574269,0
13,P20,P20,Post_P20,0,0.1376843745180799,0
13,P20,P20,Post_P20,0,0.2321935665566713,0
13,P20,P20,Post_P20,0,0.11300119609842721,0
13,P20,P20,Post_P20,0,0.06247736414249198,0
13,P20,P20,Post_P20,0,0.06953391354736987,0
13,P20,P20,Post_P20,0,0.22092019017829598,0
13,P20,P20,Post_P20,0,0.20829577467182767,0
13,P20,P20,Post_P20,0,0.21574132895700096,0
13,P20,P20,Post_P20,0,0.061673995034163084,0
13,P20,P20,Post_P20,0,0.17778282054057723,0
13,P20,P20,Post_P20,0,0.1842262375478706,0
13,P20,P20,Post_P20,0,0.0760713200370311,0
13,P20,P20,Post_P20,0,0.19606663230958807,0
13,P20,P20,Post_P20,0,0.10448646646525601,0
13,P20,P20,Post_P20,0,0.2037504821715766,0
13,P20,P20,Post_P20,0,0.0918264890833914,0
13,P20,P20,Post_P20,0,0.06835097821633734,0
13,P20,P20,Post_P20,0,0.08505482479674198,0
13,P20,P20,Post_P20,0,0.2430212602271307,0
13,P20,P20,Post_P20,0,0.21092083335501818,0
13,P20,P20,Post_P20,0,0.12736097827335519,0
13,P20,P20,Post_P20,0,0.043153227683400915,0
13,P20,P20,Post_P20,0,0.06958636321071383,0
13,P20,P20,Post_P20,0,0.06962735492140863,0
13,P20,P20,Post_P20,0,0.15292148627832244,0
13,P20,P20,Post_P20,0,0.11797516946113917,0
13,P20,P20,Post_P20,0,0.14923031578612206,0
13,P20,P20,Post_P20,0,0.21598523575864775,0
13,P20,P20,Post_P20,0,0.2157113975460253,0
13,P20,P20,Post_P20,0,0.47555002951558567,0
13,P20,P20,Post_P20,0,0.09558561513445837,0
13,P20,P20,Post_P20,0,0.2163665253680378,0
13,P20,P20,Post_P20,0,0.12810840189394876,0
13,P20,P20,Post_P20,0,0.1468557177703638,0
13,P20,P20,Post_P20,0,0.17519092027043018,0
13,P20,P20,Post_P20,0,0.1266794452213927,0
13,P20,P20,Post_P20,0,0.16730199836841178,0
13,P20,P20,Post_P20,0,0.1202754565911981,0
13,P20,P20,Post_P20,0,0.10045113782001183,0
13,P20,P20,Post_P20,0,0.4234250050190442,0
13,P20,P20,Post_P20,0,0.060371998250051725,0
13,P20,P20,Post_P20,0,0.06313559230895964,0
13,P20,P20,Post_P20,0,0.09508234190986142,0
13,P20,P20,Post_P20,0,0.11174061163493423,0
13,P20,P20,Post_P20,0,0.10760389570101811,0
13,P20,P20,Post_P20,0,0.07347198125880999,0
13,P20,P20,Post_P20,0,0.09224520422454961,0
13,P20,P20,Post_P20,0,0.17235181957030513,0
13,P20,P20,Post_P20,0,0.20990712542737566,0
13,P20,P20,Post_P20,0,0.07484423592013159,0
13,P20,P20,Post_P20,0,0.07194292949722997,0
13,P20,P20,Post_P20,0,0.2631750384762233,0
13,P20,P20,Post_P20,0,0.0880882017263366,0
13,P20,P20,Post_P20,0,0.19766913891298185,0
13,P20,P20,Post_P20,0,0.22380434729115858,0
13,P20,P20,Post_P20,0,0.09776182568469236,0
13,P20,P20,Post_P20,0,0.12667589523615425,0
13,P20,P20,Post_P20,0,0.07307569290372772,0
13,P20,P20,Post_P20,0,0.08506089275509342,0
13,P20,P20,Post_P20,0,0.10845098006327408,0
13,P20,P20,Post_P20,0,0.24078972425339404,0
13,P20,P20,Post_P20,0,0.3657214204712568,0
13,P20,P20,Post_P20,0,0.07420690846886342,0
13,P20,P20,Post_P20,0,0.18086898403404816,0
13,P20,P20,Post_P20,0,0.10468795719619317,0
13,P20,P20,Post_P20,0,0.05595016062855766,0
13,P20,P20,Post_P20,0,0.4724337347553385,0
13,P20,P20,Post_P20,0,0.10126862985949452,0
13,P20,P20,Post_P20,0,0.1790286732535652,0
13,P20,P20,Post_P20,0,0.07122381139227836,0
13,P20,P20,Post_P20,0,0.09477909354232243,0
13,P20,P20,Post_P20,0,0.24133001186377684,0
13,P20,P20,Post_P20,0,0.20323094165254266,0
13,P20,P20,Post_P20,0,0.28875525643875977,0
13,P20,P20,Post_P20,0,0.24278390745179096,0
13,P20,P20,Post_P20,0,0.09077653990326022,0
13,P20,P20,Post_P20,0,0.11130095298461573,0
13,P20,P20,Post_P20,0,0.07123201786231506,0
13,P20,P20,Post_P20,0,0.07351290430116139,0
13,P20,P20,Post_P20,0,0.21431233543495634,0
13,P20,P20,Post_P20,0,0.2198635203768853,0
13,P20,P20,Post_P20,0,0.09950313934177844,0
13,P20,P20,Post_P20,0,0.09101437521186265,0
13,P20,P20,Post_P20,0,0.20880517298304405,0
13,P20,P20,Post_P20,0,0.23341887674033368,0
13,P20,P20,Post_P20,0,0.059571357431103124,0
13,P20,P20,Post_P20,0,0.15216831036949896,0
13,P20,P20,Post_P20,0,0.2329021901385138,0
13,P20,P20,Post_P20,0,0.07515122865906936,0
13,P20,P20,Post_P20,0,0.23157564322592447,0
13,P20,P20,Post_P20,0,0.2394244235273929,0
13,P20,P20,Post_P20,0,0.07722869336307082,0
13,P20,P20,Post_P20,0,0.07958921020945922,0
13,P20,P20,Post_P20,0,0.0943497812490646,0
14,P21,P21,Post_P21,1,0.7505582196832723,1
14,P21,P21,Post_P21,1,0.7822839589791627,1
14,P21,P21,Post_P21,1,0.7159141652594629,1
14,P21,P21,Post_P21,1,0.7139759051998372,1
14,P21,P21,Post_P21,1,0.7993958335575275,1
14,P21,P21,Post_P21,1,0.7931079118153752,1
14,P21,P21,Post_P21,1,0.7184709492604573,1
14,P21,P21,Post_P21,1,0.6829607589739878,1
14,P21,P21,Post_P21,1,0.7123413754688473,1
14,P21,P21,Post_P21,1,0.685660356210707,1
14,P21,P21,Post_P21,1,0.7157569280025786,1
14,P21,P21,Post_P21,1,0.7891155127756945,1
14,P21,P21,Post_P21,1,0.7126459611064295,1
14,P21,P21,Post_P21,1,0.7050878576463738,1
14,P21,P21,Post_P21,1,0.6784889275870658,1
14,P21,P21,Post_P21,1,0.7090424261859565,1
14,P21,P21,Post_P21,1,0.7398799074931378,1
14,P21,P21,Post_P21,1,0.73038759510237,1
14,P21,P21,Post_P21,1,0.6931993926146823,1
14,P21,P21,Post_P21,1,0.7894596117474197,1
14,P21,P21,Post_P21,1,0.7853183352596708,1
14,P21,P21,Post_P21,1,0.7466308657163275,1
14,P21,P21,Post_P21,1,0.7092108460949638,1
14,P21,P21,Post_P21,1,0.7200049859958092,1
14,P21,P21,Post_P21,1,0.756116967970072,1
14,P21,P21,Post_P21,1,0.7429907363550452,1
14,P21,P21,Post_P21,1,0.7695614955293192,1
14,P21,P21,Post_P21,1,0.788387817334306,1
14,P21,P21,Post_P21,1,0.6856143733687097,1
14,P21,P21,Post_P21,1,0.7317463570786066,1
14,P21,P21,Post_P21,1,0.6950602635069913,1
14,P21,P21,Post_P21,1,0.7996032155437636,1
14,P21,P21,Post_P21,1,0.6934316509599515,1
14,P21,P21,Post_P21,1,0.7007393019157276,1
14,P21,P21,Post_P21,1,0.7993958335575275,1
14,P21,P21,Post_P21,1,0.763576774130496,1
14,P21,P21,Post_P21,1,0.7270630210238538,1
14,P21,P21,Post_P21,1,0.8072697407331372,1
14,P21,P21,Post_P21,1,0.7789803609088792,1
14,P21,P21,Post_P21,1,0.7573004600174807,1
14,P21,P21,Post_P21,1,0.7689598883707982,1
14,P21,P21,Post_P21,1,0.7484381936350821,1
14,P21,P21,Post_P21,1,0.7409227543770438,1
14,P21,P21,Post_P21,1,0.7047860553682741,1
14,P21,P21,Post_P21,1,0.7079284531269732,1
14,P21,P21,Post_P21,1,0.740978978652854,1
14,P21,P21,Post_P21,1,0.7342089633665176,1
14,P21,P21,Post_P21,1,0.7104360396252404,1
14,P21,P21,Post_P21,1,0.7915923631480315,1
14,P21,P21,Post_P21,1,0.7901021893344459,1
14,P21,P21,Post_P21,1,0.7086363131131174,1
14,P21,P21,Post_P21,1,0.695344537004564,1
14,P21,P21,Post_P21,1,0.7397158711247335,1
14,P21,P21,Post_P21,1,0.7318279571074549,1
14,P21,P21,Post_P21,1,0.7032891668251262,1
14,P21,P21,Post_P21,1,0.7288766866106566,1
14,P21,P21,Post_P21,1,0.806464236038938,1
14,P21,P21,Post_P21,1,0.7094118335842534,1
14,P21,P21,Post_P21,1,0.7356515899157884,1
14,P21,P21,Post_P21,1,0.7998679018417054,1
14,P21,P21,Post_P21,1,0.764473898229166,1
14,P21,P21,Post_P21,1,0.8015600781708596,1
14,P21,P21,Post_P21,1,0.7437724218103241,1
14,P21,P21,Post_P21,1,0.7034544880599449,1
14,P21,P21,Post_P21,1,0.755433111231431,1
14,P21,P21,Post_P21,1,0.7035411784063216,1
14,P21,P21,Post_P21,1,0.6991247227938908,1
14,P21,P21,Post_P21,1,0.7968871306764378,1
14,P21,P21,Post_P21,1,0.7904208824317266,1
14,P21,P21,Post_P21,1,0.7628250575915366,1
14,P21,P21,Post_P21,1,0.6917915276652511,1
14,P21,P21,Post_P21,1,0.7857853802184461,1
14,P21,P21,Post_P21,1,0.6951699102080573,1
14,P21,P21,Post_P21,1,0.7353350775236234,1
14,P21,P21,Post_P21,1,0.780970140596426,1
14,P21,P21,Post_P21,1,0.6879419980010936,1
14,P21,P21,Post_P21,1,0.7246551770199565,1
14,P21,P21,Post_P21,1,0.7441701336363837,1
14,P21,P21,Post_P21,1,0.7028900825831088,1
14,P21,P21,Post_P21,1,0.7260606019814191,1
14,P21,P21,Post_P21,1,0.7785492032187136,1
14,P21,P21,Post_P21,1,0.7893791361190267,1
14,P21,P21,Post_P21,1,0.74816986034941,1
14,P21,P21,Post_P21,1,0.7254778524642705,1
14,P21,P21,Post_P21,1,0.719873133224215,1
14,P21,P21,Post_P21,1,0.8015600781708596,1
14,P21,P21,Post_P21,1,0.7178002955332664,1
14,P21,P21,Post_P21,1,0.6837424005710229,1
14,P21,P21,Post_P21,1,0.695904533461616,1
14,P21,P21,Post_P21,1,0.7774199680789706,1
14,P21,P21,Post_P21,1,0.7994384460238356,1
14,P21,P21,Post_P21,1,0.7253041994259705,1
14,P21,P21,Post_P21,1,0.7210313430806096,1
14,P21,P21,Post_P21,1,0.708647691709279,1
14,P21,P21,Post_P21,1,0.7302902836782571,1
14,P21,P21,Post_P21,1,0.7411187237137936,1
14,P21,P21,Post_P21,1,0.7151034044130623,1
14,P21,P21,Post_P21,1,0.7841947403730831,1
14,P21,P21,Post_P21,1,0.7194458116245627,1
14,P21,P21,Post_P21,1,0.7334446195317219,1
14,P21,P21,Post_P21,1,0.7134028469811371,1
14,P21,P21,Post_P21,1,0.7533909358560045,1
14,P21,P21,Post_P21,1,0.7748367539890864,1
14,P21,P21,Post_P21,1,0.7601437306118964,1
14,P21,P21,Post_P21,1,0.7066862647433659,1
14,P21,P21,Post_P21,1,0.7299535106332685,1
14,P21,P21,Post_P21,1,0.6969747286866876,1
14,P21,P21,Post_P21,1,0.711430183604718,1
14,P21,P21,Post_P21,1,0.7963766828110314,1
14,P21,P21,Post_P21,1,0.7134087828271839,1
14,P21,P21,Post_P21,1,0.7130717538561422,1
14,P21,P21,Post_P21,1,0.7175754020443634,1
14,P21,P21,Post_P21,1,0.7959051380226158,1
14,P21,P21,Post_P21,1,0.7047797989371146,1
14,P21,P21,Post_P21,1,0.7246328491265954,1
14,P21,P21,Post_P21,1,0.7522647389158164,1
14,P21,P21,Post_P21,1,0.7256210905993756,1
14,P21,P21,Post_P21,1,0.7088498487707365,1
14,P21,P21,Post_P21,1,0.7842083692096705,1
14,P21,P21,Post_P21,1,0.779811362707035,1
14,P21,P21,Post_P21,1,0.7564732023222953,1
14,P21,P21,Post_P21,1,0.7331440313999733,1
14,P21,P21,Post_P21,1,0.740167323848413,1
14,P21,P21,Post_P21,1,0.8006542074134194,1
14,P21,P21,Post_P21,1,0.7139319236967574,1
14,P21,P21,Post_P21,1,0.777217741844933,1
14,P21,P21,Post_P21,1,0.7064830052298058,1
14,P21,P21,Post_P21,1,0.8015600781708596,1
14,P21,P21,Post_P21,1,0.7058830417896955,1
14,P21,P21,Post_P21,1,0.7331781870682117,1
14,P21,P21,Post_P21,1,0.7858474155191995,1
14,P21,P21,Post_P21,1,0.785206967224412,1
14,P21,P21,Post_P21,1,0.8108744237064618,1
14,P21,P21,Post_P21,1,0.7221690196008358,1
14,P21,P21,Post_P21,1,0.7950835821787056,1
14,P21,P21,Post_P21,1,0.7851938249256446,1
14,P21,P21,Post_P21,1,0.7697716305929471,1
14,P21,P21,Post_P21,1,0.6978104482546927,1
14,P21,P21,Post_P21,1,0.7535534856479945,1
14,P21,P21,Post_P21,1,0.743431537226555,1
14,P21,P21,Post_P21,1,0.7693439797975751,1
14,P21,P21,Post_P21,1,0.7561017084739857,1
14,P21,P21,Post_P21,1,0.7815175126151843,1
14,P21,P21,Post_P21,1,0.6926851990956904,1
14,P21,P21,Post_P21,1,0.7391760536333436,1
14,P21,P21,Post_P21,1,0.753916476071624,1
14,P21,P21,Post_P21,1,0.7911694686585939,1
14,P21,P21,Post_P21,1,0.7917210971655213,1
14,P21,P21,Post_P21,1,0.7262783409061216,1
14,P21,P21,Post_P21,1,0.7142070321223822,1
14,P21,P21,Post_P21,1,0.7019519273252122,1
14,P21,P21,Post_P21,1,0.8017481548882162,1
14,P21,P21,Post_P21,1,0.6909590974660116,1
14,P21,P21,Post_P21,1,0.6877732642980545,1
14,P21,P21,Post_P21,1,0.7352552464058623,1
14,P21,P21,Post_P21,1,0.6696643017397711,1
14,P21,P21,Post_P21,1,0.7231673705161359,1
14,P21,P21,Post_P21,1,0.7788638840283824,1
14,P21,P21,Post_P21,1,0.7506633966026586,1
14,P21,P21,Post_P21,1,0.7117772768038546,1
14,P21,P21,Post_P21,1,0.7545503581348315,1
14,P21,P21,Post_P21,1,0.803943505591169,1
14,P21,P21,Post_P21,1,0.6779321835231618,1
14,P21,P21,Post_P21,1,0.7137363893033823,1
14,P21,P21,Post_P21,1,0.7403714479950568,1
14,P21,P21,Post_P21,1,0.6664650078828103,1
14,P21,P21,Post_P21,1,0.7149335749450286,1
14,P21,P21,Post_P21,1,0.7129873510016654,1
14,P21,P21,Post_P21,1,0.7173798346440424,1
14,P21,P21,Post_P21,1,0.6882953275527118,1
14,P21,P21,Post_P21,1,0.7299247738706617,1
14,P21,P21,Post_P21,1,0.7740620958662392,1
14,P21,P21,Post_P21,1,0.74131025416027,1
14,P21,P21,Post_P21,1,0.8027315588871644,1
14,P21,P21,Post_P21,1,0.7153290691865212,1
14,P21,P21,Post_P21,1,0.7172467240791907,1
14,P21,P21,Post_P21,1,0.7467219485676543,1
14,P21,P21,Post_P21,1,0.7617168768851246,1
14,P21,P21,Post_P21,1,0.7924679704901074,1
14,P21,P21,Post_P21,1,0.7263316404177206,1
14,P21,P21,Post_P21,1,0.7210419978533363,1
14,P21,P21,Post_P21,1,0.7265427966014067,1
14,P21,P21,Post_P21,1,0.7561017084739857,1
14,P21,P21,Post_P21,1,0.7358510226928069,1
14,P21,P21,Post_P21,1,0.7492378692906017,1
14,P21,P21,Post_P21,1,0.7788815677612113,1
14,P21,P21,Post_P21,1,0.7968439970201378,1
14,P21,P21,Post_P21,1,0.7356067625184242,1
14,P21,P21,Post_P21,1,0.7236264993823587,1
14,P21,P21,Post_P21,1,0.7256741893124817,1
14,P21,P21,Post_P21,1,0.8064571504984108,1
14,P21,P21,Post_P21,1,0.748476913058067,1
14,P21,P21,Post_P21,1,0.7864835190106966,1
14,P21,P21,Post_P21,1,0.7031772889125083,1
14,P21,P21,Post_P21,1,0.7190416418748106,1
14,P21,P21,Post_P21,1,0.7133561343506465,1
14,P21,P21,Post_P21,1,0.7387450555554342,1
14,P21,P21,Post_P21,1,0.6917535155124279,1
14,P21,P21,Post_P21,1,0.7819679541461488,1
14,P21,P21,Post_P21,1,0.7066983190612617,1
14,P21,P21,Post_P21,1,0.8027315588871644,1
14,P21,P21,Post_P21,1,0.723829702014771,1
14,P21,P21,Post_P21,1,0.7145211552383033,1
14,P21,P21,Post_P21,1,0.7602675947371411,1
14,P21,P21,Post_P21,1,0.692252755576479,1
14,P21,P21,Post_P21,1,0.7598963078071209,1
14,P21,P21,Post_P21,1,0.7784359225689779,1
14,P21,P21,Post_P21,1,0.7819336100247559,1
14,P21,P21,Post_P21,1,0.7002522835257031,1
14,P21,P21,Post_P21,1,0.7260643221543157,1
14,P21,P21,Post_P21,1,0.7932919752023844,1
14,P21,P21,Post_P21,1,0.6976136353875331,1
14,P21,P21,Post_P21,1,0.7734519109069626,1
15,P22,P22,Post_P22,0,0.44093103219249574,0
15,P22,P22,Post_P22,0,0.42167828976349275,0
15,P22,P22,Post_P22,0,0.46961568056923325,0
15,P22,P22,Post_P22,0,0.4486106073350178,0
15,P22,P22,Post_P22,0,0.7464993088093801,1
15,P22,P22,Post_P22,0,0.456335412072881,0
15,P22,P22,Post_P22,0,0.4308106885301409,0
15,P22,P22,Post_P22,0,0.4478291863918571,0
15,P22,P22,Post_P22,0,0.5027702280015652,1
15,P22,P22,Post_P22,0,0.47624406859927665,0
15,P22,P22,Post_P22,0,0.4876150260126176,0
15,P22,P22,Post_P22,0,0.4303725370939481,0
15,P22,P22,Post_P22,0,0.7136029176264943,1
15,P22,P22,Post_P22,0,0.47183208616238526,0
15,P22,P22,Post_P22,0,0.4048015532198545,0
15,P22,P22,Post_P22,0,0.41668338648599035,0
15,P22,P22,Post_P22,0,0.4370293225352663,0
15,P22,P22,Post_P22,0,0.49815763719119904,0
15,P22,P22,Post_P22,0,0.6806006005860167,1
15,P22,P22,Post_P22,0,0.437976352770149,0
15,P22,P22,Post_P22,0,0.38795105384525136,0
15,P22,P22,Post_P22,0,0.4214272007745186,0
15,P22,P22,Post_P22,0,0.7331001118580208,1
15,P22,P22,Post_P22,0,0.36532486001002407,0
15,P22,P22,Post_P22,0,0.745604513385474,1
15,P22,P22,Post_P22,0,0.4239647089472908,0
15,P22,P22,Post_P22,0,0.6195116334354839,1
15,P22,P22,Post_P22,0,0.4613750005787784,0
15,P22,P22,Post_P22,0,0.6452725255091742,1
15,P22,P22,Post_P22,0,0.45679411179758994,0
15,P22,P22,Post_P22,0,0.4263543554836483,0
15,P22,P22,Post_P22,0,0.42158394832026935,0
15,P22,P22,Post_P22,0,0.41719774162095385,0
15,P22,P22,Post_P22,0,0.4908404652710396,0
15,P22,P22,Post_P22,0,0.5067444420275642,1
15,P22,P22,Post_P22,0,0.7022241046224865,1
15,P22,P22,Post_P22,0,0.5133913322649042,1
15,P22,P22,Post_P22,0,0.4719564946625613,0
15,P22,P22,Post_P22,0,0.42709211625758714,0
15,P22,P22,Post_P22,0,0.4447547315997295,0
15,P22,P22,Post_P22,0,0.49944829455302103,0
15,P22,P22,Post_P22,0,0.38403091863511507,0
15,P22,P22,Post_P22,0,0.4429601697452599,0
15,P22,P22,Post_P22,0,0.3775123932628759,0
15,P22,P22,Post_P22,0,0.36810630634929176,0
15,P22,P22,Post_P22,0,0.3850208508278614,0
15,P22,P22,Post_P22,0,0.4026503939839047,0
15,P22,P22,Post_P22,0,0.374449918432849,0
15,P22,P22,Post_P22,0,0.6854190328592294,1
15,P22,P22,Post_P22,0,0.4994273516244485,0
15,P22,P22,Post_P22,0,0.37754577946237267,0
15,P22,P22,Post_P22,0,0.45846653906931395,0
15,P22,P22,Post_P22,0,0.4152749597235857,0
15,P22,P22,Post_P22,0,0.43008427850701897,0
15,P22,P22,Post_P22,0,0.4413178027615278,0
15,P22,P22,Post_P22,0,0.4463001808272448,0
15,P22,P22,Post_P22,0,0.4346727670547562,0
15,P22,P22,Post_P22,0,0.6748242914885568,1
15,P22,P22,Post_P22,0,0.4619484149744693,0
15,P22,P22,Post_P22,0,0.49565661489774626,0
15,P22,P22,Post_P22,0,0.6587194992932297,1
15,P22,P22,Post_P22,0,0.637227971152835,1
15,P22,P22,Post_P22,0,0.5979444499723848,1
15,P22,P22,Post_P22,0,0.48995517343642964,0
15,P22,P22,Post_P22,0,0.7040462334814909,1
15,P22,P22,Post_P22,0,0.45146091077454276,0
15,P22,P22,Post_P22,0,0.41012562960725524,0
15,P22,P22,Post_P22,0,0.4454134029846245,0
15,P22,P22,Post_P22,0,0.48074494981406196,0
15,P22,P22,Post_P22,0,0.7246431424178649,1
15,P22,P22,Post_P22,0,0.6998789784341354,1
15,P22,P22,Post_P22,0,0.42244732697778975,0
15,P22,P22,Post_P22,0,0.4773778543056015,0
15,P22,P22,Post_P22,0,0.7475343144289499,1
15,P22,P22,Post_P22,0,0.4638552051104902,0
15,P22,P22,Post_P22,0,0.4437704457272334,0
15,P22,P22,Post_P22,0,0.7270180998819828,1
15,P22,P22,Post_P22,0,0.44341428761518814,0
15,P22,P22,Post_P22,0,0.4509726363016335,0
15,P22,P22,Post_P22,0,0.7510249258395493,1
15,P22,P22,Post_P22,0,0.3976606458343653,0
15,P22,P22,Post_P22,0,0.767576052864713,1
15,P22,P22,Post_P22,0,0.45233487355927504,0
15,P22,P22,Post_P22,0,0.41355381410063,0
15,P22,P22,Post_P22,0,0.7061211079821915,1
15,P22,P22,Post_P22,0,0.35119505718728755,0
15,P22,P22,Post_P22,0,0.45177412687174506,0
15,P22,P22,Post_P22,0,0.5033757258493244,1
15,P22,P22,Post_P22,0,0.4875707674500117,0
15,P22,P22,Post_P22,0,0.4205464975257588,0
15,P22,P22,Post_P22,0,0.42116710395755697,0
15,P22,P22,Post_P22,0,0.41475200314683963,0
15,P22,P22,Post_P22,0,0.424231332564945,0
15,P22,P22,Post_P22,0,0.6994190677981235,1
15,P22,P22,Post_P22,0,0.4188209760828103,0
15,P22,P22,Post_P22,0,0.41982092446365693,0
15,P22,P22,Post_P22,0,0.4408920440657196,0
15,P22,P22,Post_P22,0,0.45269266396699614,0
15,P22,P22,Post_P22,0,0.4968038021037201,0
15,P22,P22,Post_P22,0,0.42514080110396396,0
15,P22,P22,Post_P22,0,0.4485412486986297,0
15,P22,P22,Post_P22,0,0.4222973895074082,0
15,P22,P22,Post_P22,0,0.469908212827832,0
15,P22,P22,Post_P22,0,0.4582291029452852,0
15,P22,P22,Post_P22,0,0.40197384373310696,0
15,P22,P22,Post_P22,0,0.3322374949503166,0
15,P22,P22,Post_P22,0,0.4263735401756857,0
15,P22,P22,Post_P22,0,0.38594808570560557,0
15,P22,P22,Post_P22,0,0.39819731100477285,0
15,P22,P22,Post_P22,0,0.3442438216775848,0
15,P22,P22,Post_P22,0,0.7552565283396616,1
15,P22,P22,Post_P22,0,0.4880029244821751,0
15,P22,P22,Post_P22,0,0.5182919862835603,1
15,P22,P22,Post_P22,0,0.32554269562325194,0
15,P22,P22,Post_P22,0,0.41701939571129937,0
15,P22,P22,Post_P22,0,0.7508939297796042,1
15,P22,P22,Post_P22,0,0.4990808755487621,0
15,P22,P22,Post_P22,0,0.4103390919629627,0
15,P22,P22,Post_P22,0,0.5014880783933637,1
15,P22,P22,Post_P22,0,0.4279321557761026,0
15,P22,P22,Post_P22,0,0.46770434310568293,0
15,P22,P22,Post_P22,0,0.4689871384112985,0
15,P22,P22,Post_P22,0,0.46841236051612883,0
15,P22,P22,Post_P22,0,0.45696761448922735,0
15,P22,P22,Post_P22,0,0.48211866881167936,0
15,P22,P22,Post_P22,0,0.38660168389846616,0
15,P22,P22,Post_P22,0,0.4233700308197984,0
15,P22,P22,Post_P22,0,0.674308459820709,1
15,P22,P22,Post_P22,0,0.4831040743611179,0
15,P22,P22,Post_P22,0,0.43761136926195565,0
15,P22,P22,Post_P22,0,0.4283099137455904,0
15,P22,P22,Post_P22,0,0.4189555266561604,0
15,P22,P22,Post_P22,0,0.40515992071701273,0
15,P22,P22,Post_P22,0,0.677489654281666,1
15,P22,P22,Post_P22,0,0.4835693040336507,0
15,P22,P22,Post_P22,0,0.4070490320350511,0
15,P22,P22,Post_P22,0,0.44487854730259185,0
15,P22,P22,Post_P22,0,0.754085555336894,1
15,P22,P22,Post_P22,0,0.42376784578185156,0
15,P22,P22,Post_P22,0,0.42986435495452496,0
15,P22,P22,Post_P22,0,0.40287442933174866,0
15,P22,P22,Post_P22,0,0.6372842858800847,1
15,P22,P22,Post_P22,0,0.7122738758386272,1
15,P22,P22,Post_P22,0,0.508108009874916,1
15,P22,P22,Post_P22,0,0.41159772713073617,0
15,P22,P22,Post_P22,0,0.4783849848383987,0
15,P22,P22,Post_P22,0,0.47758981685968394,0
15,P22,P22,Post_P22,0,0.47864536074268094,0
15,P22,P22,Post_P22,0,0.6685165418523512,1
15,P22,P22,Post_P22,0,0.4016781509445561,0
15,P22,P22,Post_P22,0,0.44197721476544305,0
15,P22,P22,Post_P22,0,0.4241552377788257,0
15,P22,P22,Post_P22,0,0.5230002986106933,1
15,P22,P22,Post_P22,0,0.4459655184243007,0
15,P22,P22,Post_P22,0,0.41113579774537334,0
15,P22,P22,Post_P22,0,0.41498827803724264,0
15,P22,P22,Post_P22,0,0.543480880254994,1
15,P22,P22,Post_P22,0,0.4634410606847054,0
15,P22,P22,Post_P22,0,0.41874872295096993,0
15,P22,P22,Post_P22,0,0.451069993396699,0
15,P22,P22,Post_P22,0,0.43271827023340326,0
15,P22,P22,Post_P22,0,0.42113949880647095,0
15,P22,P22,Post_P22,0,0.4889708605984522,0
15,P22,P22,Post_P22,0,0.4469001070420934,0
15,P22,P22,Post_P22,0,0.4968737824522136,0
15,P22,P22,Post_P22,0,0.4740287506457063,0
15,P22,P22,Post_P22,0,0.4001771486388447,0
15,P22,P22,Post_P22,0,0.7895351927153853,1
15,P22,P22,Post_P22,0,0.6149144389892098,1
15,P22,P22,Post_P22,0,0.47874651715524896,0
15,P22,P22,Post_P22,0,0.4005082029074923,0
15,P22,P22,Post_P22,0,0.4224057252899138,0
15,P22,P22,Post_P22,0,0.4714858772065833,0
15,P22,P22,Post_P22,0,0.4657087147841248,0
15,P22,P22,Post_P22,0,0.5055186572813082,1
15,P22,P22,Post_P22,0,0.6729882471851543,1
15,P22,P22,Post_P22,0,0.41877583171168586,0
15,P22,P22,Post_P22,0,0.42573619149596037,0
15,P22,P22,Post_P22,0,0.504312583623735,1
15,P22,P22,Post_P22,0,0.4446441978041903,0
15,P22,P22,Post_P22,0,0.47390950848629365,0
15,P22,P22,Post_P22,0,0.7249409778436767,1
15,P22,P22,Post_P22,0,0.44654808667670043,0
15,P22,P22,Post_P22,0,0.41570887512155935,0
15,P22,P22,Post_P22,0,0.45550239584068347,0
15,P22,P22,Post_P22,0,0.44036074208160364,0
15,P22,P22,Post_P22,0,0.41912356155849595,0
15,P22,P22,Post_P22,0,0.41629953865306285,0
15,P22,P22,Post_P22,0,0.47187253752768815,0
15,P22,P22,Post_P22,0,0.6669249498500724,1
15,P22,P22,Post_P22,0,0.40477134055200037,0
15,P22,P22,Post_P22,0,0.6670564663711205,1
15,P22,P22,Post_P22,0,0.41789550648705626,0
15,P22,P22,Post_P22,0,0.4156800380749429,0
15,P22,P22,Post_P22,0,0.4206877432611439,0
15,P22,P22,Post_P22,0,0.5826672923445734,1
15,P22,P22,Post_P22,0,0.49516964548128534,0
15,P22,P22,Post_P22,0,0.47965334247376246,0
15,P22,P22,Post_P22,0,0.6782117756166391,1
15,P22,P22,Post_P22,0,0.4526968826319373,0
15,P22,P22,Post_P22,0,0.48447702363433,0
15,P22,P22,Post_P22,0,0.6962124710200882,1
15,P22,P22,Post_P22,0,0.44713696409469955,0
15,P22,P22,Post_P22,0,0.457462438583633,0
15,P22,P22,Post_P22,0,0.7069678620080091,1
15,P22,P22,Post_P22,0,0.4981535411453785,0
15,P22,P22,Post_P22,0,0.37429091797975894,0
15,P22,P22,Post_P22,0,0.439166283590438,0
15,P22,P22,Post_P22,0,0.4242710744276134,0
15,P22,P22,Post_P22,0,0.471450624755106,0
15,P22,P22,Post_P22,0,0.45032720989435815,0
15,P22,P22,Post_P22,0,0.44086322149436946,0
15,P22,P22,Post_P22,0,0.42725503422143135,0
15,P22,P22,Post_P22,0,0.6991368943860513,1
15,P22,P22,Post_P22,0,0.6259564917998629,1
15,P22,P22,Post_P22,0,0.39559551408168825,0
15,P22,P22,Post_P22,0,0.6428982906043885,1
15,P22,P22,Post_P22,0,0.4037134334348144,0
15,P22,P22,Post_P22,0,0.4188514045705183,0
15,P22,P22,Post_P22,0,0.4905406592631886,0
15,P22,P22,Post_P22,0,0.525099715166314,1
15,P22,P22,Post_P22,0,0.6023076951068713,1
15,P22,P22,Post_P22,0,0.3744040319964258,0
15,P22,P22,Post_P22,0,0.4807760233200231,0
15,P22,P22,Post_P22,0,0.4815574515708508,0
15,P22,P22,Post_P22,0,0.4672085757631228,0
15,P22,P22,Post_P22,0,0.40489415969216414,0
15,P22,P22,Post_P22,0,0.6212122011075148,1
15,P22,P22,Post_P22,0,0.4209993567993428,0
15,P22,P22,Post_P22,0,0.4291456492952151,0
15,P22,P22,Post_P22,0,0.41356952269263475,0
15,P22,P22,Post_P22,0,0.3822427712756777,0
15,P22,P22,Post_P22,0,0.435660873103334,0
15,P22,P22,Post_P22,0,0.46329243951542615,0
15,P22,P22,Post_P22,0,0.6254217653989556,1
15,P22,P22,Post_P22,0,0.6235836996492878,1
15,P22,P22,Post_P22,0,0.6276615157634987,1
15,P22,P22,Post_P22,0,0.4325919258828972,0
15,P22,P22,Post_P22,0,0.39601889691237874,0
15,P22,P22,Post_P22,0,0.6548593933829344,1
15,P22,P22,Post_P22,0,0.397306544526598,0
15,P22,P22,Post_P22,0,0.40847454740926664,0
15,P22,P22,Post_P22,0,0.4396844633747054,0
15,P22,P22,Post_P22,0,0.3643702793091566,0
15,P22,P22,Post_P22,0,0.4293954473101231,0
15,P22,P22,Post_P22,0,0.49714529900999266,0
15,P22,P22,Post_P22,0,0.45752436102289684,0
15,P22,P22,Post_P22,0,0.4024593561494972,0
15,P22,P22,Post_P22,0,0.7246877123716482,1
15,P22,P22,Post_P22,0,0.46998564554591393,0
15,P22,P22,Post_P22,0,0.5235808060579425,1
15,P22,P22,Post_P22,0,0.3211332845446422,0
15,P22,P22,Post_P22,0,0.7079515675393045,1
15,P22,P22,Post_P22,0,0.42128620281402496,0
15,P22,P22,Post_P22,0,0.46093762600025534,0
15,P22,P22,Post_P22,0,0.3589573284878399,0
15,P22,P22,Post_P22,0,0.6997984027220775,1
15,P22,P22,Post_P22,0,0.5016252602267656,1
15,P22,P22,Post_P22,0,0.4918747604491694,0
15,P22,P22,Post_P22,0,0.3946359705782545,0
16,P23,P23,Post_P23,0,0.3113061775405606,0
16,P23,P23,Post_P23,0,0.20542538710525818,0
16,P23,P23,Post_P23,0,0.13183345269655813,0
16,P23,P23,Post_P23,0,0.22993387882039298,0
16,P23,P23,Post_P23,0,0.41304249564709844,0
16,P23,P23,Post_P23,0,0.1515465034978314,0
16,P23,P23,Post_P23,0,0.13939843916919806,0
16,P23,P23,Post_P23,0,0.20351700326687858,0
16,P23,P23,Post_P23,0,0.13223483193419824,0
16,P23,P23,Post_P23,0,0.2263549126904386,0
16,P23,P23,Post_P23,0,0.09998090272838758,0
16,P23,P23,Post_P23,0,0.23068790245680365,0
16,P23,P23,Post_P23,0,0.3626598305511785,0
16,P23,P23,Post_P23,0,0.14626103630756856,0
16,P23,P23,Post_P23,0,0.14892201650759895,0
16,P23,P23,Post_P23,0,0.1313114839221171,0
16,P23,P23,Post_P23,0,0.16329432840942365,0
16,P23,P23,Post_P23,0,0.15835108069368006,0
16,P23,P23,Post_P23,0,0.1544172425261807,0
16,P23,P23,Post_P23,0,0.34297478162074,0
16,P23,P23,Post_P23,0,0.12910397955181713,0
16,P23,P23,Post_P23,0,0.13082693923044306,0
16,P23,P23,Post_P23,0,0.2709725606957773,0
16,P23,P23,Post_P23,0,0.21492845680002184,0
16,P23,P23,Post_P23,0,0.25061964261732533,0
16,P23,P23,Post_P23,0,0.10393042323043304,0
16,P23,P23,Post_P23,0,0.17955221550556086,0
16,P23,P23,Post_P23,0,0.13190903772630783,0
16,P23,P23,Post_P23,0,0.4305067902856877,0
16,P23,P23,Post_P23,0,0.34174669966357085,0
16,P23,P23,Post_P23,0,0.19358968012773226,0
16,P23,P23,Post_P23,0,0.25677214742344,0
16,P23,P23,Post_P23,0,0.13131740935432273,0
16,P23,P23,Post_P23,0,0.22701546282628937,0
16,P23,P23,Post_P23,0,0.40850836373668425,0
16,P23,P23,Post_P23,0,0.2029652774463661,0
16,P23,P23,Post_P23,0,0.17454501048500534,0
16,P23,P23,Post_P23,0,0.20452411124792275,0
16,P23,P23,Post_P23,0,0.16164989664191198,0
16,P23,P23,Post_P23,0,0.07721339964353723,0
16,P23,P23,Post_P23,0,0.17875173968855793,0
16,P23,P23,Post_P23,0,0.20048012125014683,0
16,P23,P23,Post_P23,0,0.1377499275805791,0
16,P23,P23,Post_P23,0,0.12093739044897735,0
16,P23,P23,Post_P23,0,0.15445845209626294,0
16,P23,P23,Post_P23,0,0.4463342926196454,0
16,P23,P23,Post_P23,0,0.1238108580579009,0
16,P23,P23,Post_P23,0,0.11765027286921007,0
16,P23,P23,Post_P23,0,0.15305019537209544,0
16,P23,P23,Post_P23,0,0.2794382738762507,0
16,P23,P23,Post_P23,0,0.13758663950774935,0
16,P23,P23,Post_P23,0,0.4576617895221704,0
16,P23,P23,Post_P23,0,0.13198023286770766,0
16,P23,P23,Post_P23,0,0.17544935137848244,0
16,P23,P23,Post_P23,0,0.1810991807631244,0
16,P23,P23,Post_P23,0,0.13099154892199424,0
16,P23,P23,Post_P23,0,0.20787965286822616,0
16,P23,P23,Post_P23,0,0.3871906339906281,0
16,P23,P23,Post_P23,0,0.15779737253942627,0
16,P23,P23,Post_P23,0,0.17960682064629616,0
16,P23,P23,Post_P23,0,0.22036034137508145,0
16,P23,P23,Post_P23,0,0.18420078055863337,0
16,P23,P23,Post_P23,0,0.09221869849031183,0
16,P23,P23,Post_P23,0,0.4244302651943741,0
16,P23,P23,Post_P23,0,0.3046992291213277,0
16,P23,P23,Post_P23,0,0.43092299005283374,0
16,P23,P23,Post_P23,0,0.2069663408366307,0
16,P23,P23,Post_P23,0,0.16004959189375617,0
16,P23,P23,Post_P23,0,0.3837297831661393,0
16,P23,P23,Post_P23,0,0.16951138445292227,0
16,P23,P23,Post_P23,0,0.12407075823764935,0
16,P23,P23,Post_P23,0,0.181346864669238,0
16,P23,P23,Post_P23,0,0.14284498546656635,0
16,P23,P23,Post_P23,0,0.17592754801713706,0
16,P23,P23,Post_P23,0,0.12389472726780192,0
16,P23,P23,Post_P23,0,0.09473487561987262,0
16,P23,P23,Post_P23,0,0.1183324910180075,0
16,P23,P23,Post_P23,0,0.0931146524462122,0
16,P23,P23,Post_P23,0,0.17842888841455043,0
16,P23,P23,Post_P23,0,0.1871434242356504,0
16,P23,P23,Post_P23,0,0.13766190023762512,0
16,P23,P23,Post_P23,0,0.12108372052807927,0
16,P23,P23,Post_P23,0,0.2180017874074332,0
16,P23,P23,Post_P23,0,0.15421388620326906,0
16,P23,P23,Post_P23,0,0.19050962954791809,0
16,P23,P23,Post_P23,0,0.12634531335123944,0
16,P23,P23,Post_P23,0,0.1353782997271305,0
16,P23,P23,Post_P23,0,0.14491572202564157,0
16,P23,P23,Post_P23,0,0.16295881401384413,0
16,P23,P23,Post_P23,0,0.1690418108319414,0
16,P23,P23,Post_P23,0,0.13691971723762655,0
16,P23,P23,Post_P23,0,0.11052958740790353,0
16,P23,P23,Post_P23,0,0.3375527318465549,0
16,P23,P23,Post_P23,0,0.18751495891334236,0
16,P23,P23,Post_P23,0,0.1406749518626885,0
16,P23,P23,Post_P23,0,0.2209039975182005,0
16,P23,P23,Post_P23,0,0.13795583486007004,0
16,P23,P23,Post_P23,0,0.1452238724382678,0
16,P23,P23,Post_P23,0,0.2863380052854542,0
16,P23,P23,Post_P23,0,0.2148611628875173,0
16,P23,P23,Post_P23,0,0.1310583966634757,0
16,P23,P23,Post_P23,0,0.21354942104970204,0
16,P23,P23,Post_P23,0,0.22925071408321399,0
16,P23,P23,Post_P23,0,0.2330200980879176,0
16,P23,P23,Post_P23,0,0.1435163205616166,0
16,P23,P23,Post_P23,0,0.18401014380071457,0
16,P23,P23,Post_P23,0,0.15800640876832617,0
16,P23,P23,Post_P23,0,0.19530452685065075,0
16,P23,P23,Post_P23,0,0.3156755425021604,0
16,P23,P23,Post_P23,0,0.11018536720814204,0
16,P23,P23,Post_P23,0,0.1828316921729769,0
16,P23,P23,Post_P23,0,0.46611054070816366,0
16,P23,P23,Post_P23,0,0.10762482115953897,0
16,P23,P23,Post_P23,0,0.20418317875528336,0
16,P23,P23,Post_P23,0,0.2614783415692415,0
16,P23,P23,Post_P23,0,0.08606388786766189,0
16,P23,P23,Post_P23,0,0.16882029091206305,0
16,P23,P23,Post_P23,0,0.1736376336490989,0
16,P23,P23,Post_P23,0,0.19728579488008346,0
16,P23,P23,Post_P23,0,0.19085231037413794,0
16,P23,P23,Post_P23,0,0.13910095984946189,0
16,P23,P23,Post_P23,0,0.1249201939198133,0
16,P23,P23,Post_P23,0,0.13152822693070437,0
16,P23,P23,Post_P23,0,0.15976314352611654,0
16,P23,P23,Post_P23,0,0.22772046951717503,0
16,P23,P23,Post_P23,0,0.18861580733916675,0
16,P23,P23,Post_P23,0,0.1522657512671391,0
16,P23,P23,Post_P23,0,0.32624651480327765,0
16,P23,P23,Post_P23,0,0.1388507872083304,0
16,P23,P23,Post_P23,0,0.26892282044816596,0
16,P23,P23,Post_P23,0,0.15847863848241045,0
16,P23,P23,Post_P23,0,0.08478853002416989,0
16,P23,P23,Post_P23,0,0.07881658119424544,0
16,P23,P23,Post_P23,0,0.29695388230586917,0
16,P23,P23,Post_P23,0,0.17796876419485586,0
16,P23,P23,Post_P23,0,0.1733083555077868,0
16,P23,P23,Post_P23,0,0.11386026225598886,0
16,P23,P23,Post_P23,0,0.22047937892496067,0
16,P23,P23,Post_P23,0,0.23274980538414075,0
16,P23,P23,Post_P23,0,0.23842971739936933,0
16,P23,P23,Post_P23,0,0.2945372014270204,0
16,P23,P23,Post_P23,0,0.4096458301260655,0
16,P23,P23,Post_P23,0,0.13271330849886567,0
16,P23,P23,Post_P23,0,0.15280624112798502,0
16,P23,P23,Post_P23,0,0.23085156860756653,0
16,P23,P23,Post_P23,0,0.1435063093527756,0
16,P23,P23,Post_P23,0,0.3493565212244821,0
16,P23,P23,Post_P23,0,0.22918152606298112,0
16,P23,P23,Post_P23,0,0.1613790383062235,0
16,P23,P23,Post_P23,0,0.31108719339331015,0
16,P23,P23,Post_P23,0,0.1734238749678562,0
16,P23,P23,Post_P23,0,0.15361229219004258,0
16,P23,P23,Post_P23,0,0.320289530020781,0
16,P23,P23,Post_P23,0,0.1388596060649318,0
16,P23,P23,Post_P23,0,0.14923905821302047,0
16,P23,P23,Post_P23,0,0.1634385729176983,0
16,P23,P23,Post_P23,0,0.3315489173493368,0
16,P23,P23,Post_P23,0,0.140070835837569,0
16,P23,P23,Post_P23,0,0.15876044610153087,0
16,P23,P23,Post_P23,0,0.1576149282682546,0
16,P23,P23,Post_P23,0,0.13634262640848313,0
16,P23,P23,Post_P23,0,0.2585330482519321,0
16,P23,P23,Post_P23,0,0.28475377126202406,0
16,P23,P23,Post_P23,0,0.536730052560916,1
16,P23,P23,Post_P23,0,0.15926064823478012,0
16,P23,P23,Post_P23,0,0.18046153286449046,0
16,P23,P23,Post_P23,0,0.1701366839111015,0
16,P23,P23,Post_P23,0,0.21240536269258353,0
16,P23,P23,Post_P23,0,0.12462690686305437,0
16,P23,P23,Post_P23,0,0.11674430634985,0
16,P23,P23,Post_P23,0,0.29207140070041493,0
16,P23,P23,Post_P23,0,0.1740522484509397,0
16,P23,P23,Post_P23,0,0.23181811621641493,0
16,P23,P23,Post_P23,0,0.20195378163564745,0
16,P23,P23,Post_P23,0,0.18974001523667475,0
16,P23,P23,Post_P23,0,0.13210805050001034,0
16,P23,P23,Post_P23,0,0.12651560811165005,0
16,P23,P23,Post_P23,0,0.3886766863708247,0
16,P23,P23,Post_P23,0,0.1850484678792574,0
16,P23,P23,Post_P23,0,0.14810001649166601,0
16,P23,P23,Post_P23,0,0.20096575327393632,0
16,P23,P23,Post_P23,0,0.13184057897905996,0
16,P23,P23,Post_P23,0,0.16065549687900815,0
16,P23,P23,Post_P23,0,0.2645993764960086,0
16,P23,P23,Post_P23,0,0.11623982806190086,0
16,P23,P23,Post_P23,0,0.29543243417933496,0
16,P23,P23,Post_P23,0,0.14461438491496212,0
16,P23,P23,Post_P23,0,0.2585162543407529,0
16,P23,P23,Post_P23,0,0.23792270441343372,0
16,P23,P23,Post_P23,0,0.215838025011322,0
16,P23,P23,Post_P23,0,0.10619428885754305,0
16,P23,P23,Post_P23,0,0.1360875677406733,0
16,P23,P23,Post_P23,0,0.24080339382782537,0
16,P23,P23,Post_P23,0,0.08441710117287672,0
16,P23,P23,Post_P23,0,0.23975747465523375,0
16,P23,P23,Post_P23,0,0.16792870612827399,0
16,P23,P23,Post_P23,0,0.138158195930872,0
16,P23,P23,Post_P23,0,0.14146733867289518,0
16,P23,P23,Post_P23,0,0.10465716419758164,0
16,P23,P23,Post_P23,0,0.15474943035104916,0
16,P23,P23,Post_P23,0,0.1252946699117811,0
16,P23,P23,Post_P23,0,0.16446814985018193,0
16,P23,P23,Post_P23,0,0.18372334201902857,0
16,P23,P23,Post_P23,0,0.16090280198664716,0
16,P23,P23,Post_P23,0,0.12597465809151462,0
16,P23,P23,Post_P23,0,0.25606459736450804,0
16,P23,P23,Post_P23,0,0.17901325914322885,0
16,P23,P23,Post_P23,0,0.17812792609270325,0
16,P23,P23,Post_P23,0,0.20059885991966084,0
16,P23,P23,Post_P23,0,0.22518576542845273,0
16,P23,P23,Post_P23,0,0.07661317592876356,0
16,P23,P23,Post_P23,0,0.15660035422728893,0
16,P23,P23,Post_P23,0,0.14475414424938518,0
16,P23,P23,Post_P23,0,0.24338154021664843,0
16,P23,P23,Post_P23,0,0.10256978928697094,0
16,P23,P23,Post_P23,0,0.11734573884438093,0
16,P23,P23,Post_P23,0,0.16213696103068595,0
16,P23,P23,Post_P23,0,0.20713410009745403,0
16,P23,P23,Post_P23,0,0.11570130478193133,0
16,P23,P23,Post_P23,0,0.23853750619119612,0
16,P23,P23,Post_P23,0,0.15570219900632845,0
16,P23,P23,Post_P23,0,0.1471516845179098,0
16,P23,P23,Post_P23,0,0.24666268593280513,0
16,P23,P23,Post_P23,0,0.13736051567713026,0
16,P23,P23,Post_P23,0,0.14601384662089917,0
16,P23,P23,Post_P23,0,0.14529002282296521,0
16,P23,P23,Post_P23,0,0.2192022154817642,0
16,P23,P23,Post_P23,0,0.15171168049774222,0
16,P23,P23,Post_P23,0,0.17635894263332785,0
16,P23,P23,Post_P23,0,0.1408052789500876,0
16,P23,P23,Post_P23,0,0.1205862862982581,0
16,P23,P23,Post_P23,0,0.08457617900020582,0
16,P23,P23,Post_P23,0,0.1495182998909497,0
16,P23,P23,Post_P23,0,0.16604299895042188,0
16,P23,P23,Post_P23,0,0.20892669531220862,0
16,P23,P23,Post_P23,0,0.19429918755031933,0
16,P23,P23,Post_P23,0,0.18458967482441743,0
16,P23,P23,Post_P23,0,0.14527489377979527,0
16,P23,P23,Post_P23,0,0.36221251011807165,0
16,P23,P23,Post_P23,0,0.1816031896307489,0
16,P23,P23,Post_P23,0,0.147560681371573,0
16,P23,P23,Post_P23,0,0.18377731236420589,0
16,P23,P23,Post_P23,0,0.11754608980474276,0
16,P23,P23,Post_P23,0,0.42225527602781937,0
16,P23,P23,Post_P23,0,0.16280805098756113,0
16,P23,P23,Post_P23,0,0.19492597939272777,0
16,P23,P23,Post_P23,0,0.2630945426005465,0
16,P23,P23,Post_P23,0,0.18062948074275084,0
16,P23,P23,Post_P23,0,0.11795844374289968,0
16,P23,P23,Post_P23,0,0.09186243326396745,0
16,P23,P23,Post_P23,0,0.25218036758525914,0
16,P23,P23,Post_P23,0,0.33630443441611013,0
16,P23,P23,Post_P23,0,0.15950626559540476,0
16,P23,P23,Post_P23,0,0.2761663670593479,0
16,P23,P23,Post_P23,0,0.18236486309560127,0
16,P23,P23,Post_P23,0,0.14971948578812735,0
16,P23,P23,Post_P23,0,0.07253618737167827,0
16,P23,P23,Post_P23,0,0.24322275590925163,0
16,P23,P23,Post_P23,0,0.12373801296688317,0
16,P23,P23,Post_P23,0,0.16285114427454392,0
16,P23,P23,Post_P23,0,0.3337561503697084,0
16,P23,P23,Post_P23,0,0.13554786378640105,0
16,P23,P23,Post_P23,0,0.24441811557505258,0
16,P23,P23,Post_P23,0,0.15582016803964632,0
16,P23,P23,Post_P23,0,0.22352924625096107,0
16,P23,P23,Post_P23,0,0.19115774500629715,0
16,P23,P23,Post_P23,0,0.3533363884810437,0
16,P23,P23,Post_P23,0,0.37870880095136705,0
16,P23,P23,Post_P23,0,0.17152085934841563,0
16,P23,P23,Post_P23,0,0.18308600782263862,0
16,P23,P23,Post_P23,0,0.18928484568602588,0
16,P23,P23,Post_P23,0,0.19892841803251549,0
16,P23,P23,Post_P23,0,0.13542862069605674,0
16,P23,P23,Post_P23,0,0.1373540155073732,0
16,P23,P23,Post_P23,0,0.16678561703786146,0
16,P23,P23,Post_P23,0,0.10243707749350368,0
16,P23,P23,Post_P23,0,0.15639639407969458,0
16,P23,P23,Post_P23,0,0.2722345032250826,0
16,P23,P23,Post_P23,0,0.19044664003591505,0
16,P23,P23,Post_P23,0,0.1429666931085977,0
16,P23,P23,Post_P23,0,0.4267981817274279,0
16,P23,P23,Post_P23,0,0.11624314972663419,0
16,P23,P23,Post_P23,0,0.3269051549191931,0
16,P23,P23,Post_P23,0,0.38407414109360044,0
16,P23,P23,Post_P23,0,0.16470601733966914,0
16,P23,P23,Post_P23,0,0.2297011181991793,0
16,P23,P23,Post_P23,0,0.39027475162226166,0
16,P23,P23,Post_P23,0,0.2838723020621844,0
16,P23,P23,Post_P23,0,0.20037379180656079,0
16,P23,P23,Post_P23,0,0.20436747018077164,0
16,P23,P23,Post_P23,0,0.20712318034504326,0
16,P23,P23,Post_P23,0,0.32069153844782683,0
16,P23,P23,Post_P23,0,0.3640901891666817,0
16,P23,P23,Post_P23,0,0.11610941579794053,0
16,P23,P23,Post_P23,0,0.2664195261394458,0
16,P23,P23,Post_P23,0,0.17527319344916806,0
16,P23,P23,Post_P23,0,0.18823476406271022,0
16,P23,P23,Post_P23,0,0.17374980126471415,0
16,P23,P23,Post_P23,0,0.10415734372498303,0
16,P23,P23,Post_P23,0,0.08701743765635525,0
16,P23,P23,Post_P23,0,0.15079763852385242,0
16,P23,P23,Post_P23,0,0.24531843264637526,0
16,P23,P23,Post_P23,0,0.35270776386282726,0
16,P23,P23,Post_P23,0,0.12279568589406746,0
16,P23,P23,Post_P23,0,0.15482613096127834,0
16,P23,P23,Post_P23,0,0.14018274852592974,0
16,P23,P23,Post_P23,0,0.30561122167236904,0
16,P23,P23,Post_P23,0,0.2629256856041602,0
16,P23,P23,Post_P23,0,0.15799750189399106,0
16,P23,P23,Post_P23,0,0.1357057849529638,0
16,P23,P23,Post_P23,0,0.12476204349225724,0
16,P23,P23,Post_P23,0,0.09969233064419314,0
16,P23,P23,Post_P23,0,0.1172012432778981,0
16,P23,P23,Post_P23,0,0.07866658349954107,0
16,P23,P23,Post_P23,0,0.1151924741270376,0
16,P23,P23,Post_P23,0,0.12869743311681142,0
16,P23,P23,Post_P23,0,0.28043057087065554,0
16,P23,P23,Post_P23,0,0.26187013424394145,0
16,P23,P23,Post_P23,0,0.2403632393607288,0
16,P23,P23,Post_P23,0,0.14957703729028654,0
16,P23,P23,Post_P23,0,0.10319994515732117,0
16,P23,P23,Post_P23,0,0.14586123388874336,0
16,P23,P23,Post_P23,0,0.18802191916996308,0
16,P23,P23,Post_P23,0,0.13787958153363297,0
16,P23,P23,Post_P23,0,0.25821302297380505,0
16,P23,P23,Post_P23,0,0.2096743204096885,0
16,P23,P23,Post_P23,0,0.24542788885048988,0
16,P23,P23,Post_P23,0,0.3403865879021858,0
16,P23,P23,Post_P23,0,0.14560092802936156,0
16,P23,P23,Post_P23,0,0.20153833243236655,0
16,P23,P23,Post_P23,0,0.16809206425655457,0
16,P23,P23,Post_P23,0,0.2804090262792307,0
16,P23,P23,Post_P23,0,0.13374101421128545,0
16,P23,P23,Post_P23,0,0.13091185061207636,0
16,P23,P23,Post_P23,0,0.2599850741656114,0
16,P23,P23,Post_P23,0,0.2443296922937277,0
16,P23,P23,Post_P23,0,0.17575500645148173,0
16,P23,P23,Post_P23,0,0.1131158047149717,0
16,P23,P23,Post_P23,0,0.16319423284765708,0
16,P23,P23,Post_P23,0,0.13981208921162946,0
16,P23,P23,Post_P23,0,0.159197833892665,0
16,P23,P23,Post_P23,0,0.30487831308455937,0
16,P23,P23,Post_P23,0,0.6928848166976438,1
16,P23,P23,Post_P23,0,0.19010554743727726,0
16,P23,P23,Post_P23,0,0.19162645040056558,0
16,P23,P23,Post_P23,0,0.13971333981320844,0
16,P23,P23,Post_P23,0,0.11115780830013514,0
16,P23,P23,Post_P23,0,0.15361235481095,0
16,P23,P23,Post_P23,0,0.11809123459535918,0
16,P23,P23,Post_P23,0,0.08652480300235364,0
16,P23,P23,Post_P23,0,0.23528558815898903,0
16,P23,P23,Post_P23,0,0.16439011603001122,0
16,P23,P23,Post_P23,0,0.24172588622111715,0
16,P23,P23,Post_P23,0,0.20084060018898103,0
16,P23,P23,Post_P23,0,0.11885962807908797,0
16,P23,P23,Post_P23,0,0.19688991798701064,0
16,P23,P23,Post_P23,0,0.13921112532127322,0
16,P23,P23,Post_P23,0,0.35530821342091673,0
16,P23,P23,Post_P23_2,0,0.6081844184973585,1
16,P23,P23,Post_P23_2,0,0.2068937485339732,0
16,P23,P23,Post_P23_2,0,0.628814284522431,1
16,P23,P23,Post_P23_2,0,0.2554359323903542,0
16,P23,P23,Post_P23_2,0,0.2219349091111354,0
16,P23,P23,Post_P23_2,0,0.1046821564247546,0
16,P23,P23,Post_P23_2,0,0.11671196833642898,0
16,P23,P23,Post_P23_2,0,0.23614008549122764,0
16,P23,P23,Post_P23_2,0,0.22707507140425184,0
16,P23,P23,Post_P23_2,0,0.22117875846152135,0
16,P23,P23,Post_P23_2,0,0.1730146189817363,0
16,P23,P23,Post_P23_2,0,0.5470481517378175,1
16,P23,P23,Post_P23_2,0,0.15947037404573566,0
16,P23,P23,Post_P23_2,0,0.6165936494413035,1
16,P23,P23,Post_P23_2,0,0.20625473069148156,0
16,P23,P23,Post_P23_2,0,0.27960838200567867,0
16,P23,P23,Post_P23_2,0,0.5230643052456557,1
16,P23,P23,Post_P23_2,0,0.25238676330455984,0
16,P23,P23,Post_P23_2,0,0.22574469411866135,0
16,P23,P23,Post_P23_2,0,0.20011026375556756,0
16,P23,P23,Post_P23_2,0,0.1735841645660452,0
16,P23,P23,Post_P23_2,0,0.22082885113969053,0
16,P23,P23,Post_P23_2,0,0.24934118699176247,0
16,P23,P23,Post_P23_2,0,0.21750921306032125,0
16,P23,P23,Post_P23_2,0,0.28204011032340914,0
16,P23,P23,Post_P23_2,0,0.1192045149962758,0
16,P23,P23,Post_P23_2,0,0.24408787917204572,0
16,P23,P23,Post_P23_2,0,0.20381493371183104,0
16,P23,P23,Post_P23_2,0,0.21934190076928,0
16,P23,P23,Post_P23_2,0,0.18026390569606257,0
16,P23,P23,Post_P23_2,0,0.5698321898780306,1
16,P23,P23,Post_P23_2,0,0.2174358078682345,0
16,P23,P23,Post_P23_2,0,0.3442416044902677,0
16,P23,P23,Post_P23_2,0,0.5878259862969787,1
16,P23,P23,Post_P23_2,0,0.24863563891401277,0
16,P23,P23,Post_P23_2,0,0.27394358659984835,0
16,P23,P23,Post_P23_2,0,0.255529645149947,0
16,P23,P23,Post_P23_2,0,0.24268960132536258,0
16,P23,P23,Post_P23_2,0,0.5131657879324648,1
16,P23,P23,Post_P23_2,0,0.15037010012328964,0
16,P23,P23,Post_P23_2,0,0.33135085126810754,0
16,P23,P23,Post_P23_2,0,0.3253519552986014,0
16,P23,P23,Post_P23_2,0,0.28664320417600814,0
16,P23,P23,Post_P23_2,0,0.25547503427212753,0
16,P23,P23,Post_P23_2,0,0.25646565326319165,0
16,P23,P23,Post_P23_2,0,0.2821270881037842,0
16,P23,P23,Post_P23_2,0,0.20528070902062864,0
16,P23,P23,Post_P23_2,0,0.20873517084267257,0
16,P23,P23,Post_P23_2,0,0.28878104227797624,0
16,P23,P23,Post_P23_2,0,0.6677474362131396,1
16,P23,P23,Post_P23_2,0,0.5804249141267364,1
16,P23,P23,Post_P23_2,0,0.1848295577461916,0
16,P23,P23,Post_P23_2,0,0.6087208988490176,1
16,P23,P23,Post_P23_2,0,0.12013160865851592,0
16,P23,P23,Post_P23_2,0,0.2660520650119992,0
16,P23,P23,Post_P23_2,0,0.25499636984203145,0
16,P23,P23,Post_P23_2,0,0.13776069084808096,0
16,P23,P23,Post_P23_2,0,0.24133599328955244,0
16,P23,P23,Post_P23_2,0,0.5607025323388771,1
16,P23,P23,Post_P23_2,0,0.5806363474214048,1
16,P23,P23,Post_P23_2,0,0.2318039613116773,0
16,P23,P23,Post_P23_2,0,0.22098804692652171,0
16,P23,P23,Post_P23_2,0,0.25180370350614034,0
16,P23,P23,Post_P23_2,0,0.12274559601530365,0
16,P23,P23,Post_P23_2,0,0.24151568168493665,0
16,P23,P23,Post_P23_2,0,0.22607536747990167,0
16,P23,P23,Post_P23_2,0,0.16693610976321696,0
16,P23,P23,Post_P23_2,0,0.6937697872285277,1
16,P23,P23,Post_P23_2,0,0.6946655506315119,1
16,P23,P23,Post_P23_2,0,0.20679012151156184,0
16,P23,P23,Post_P23_2,0,0.2734568659070302,0
16,P23,P23,Post_P23_2,0,0.25888514573061866,0
16,P23,P23,Post_P23_2,0,0.2642423158854426,0
16,P23,P23,Post_P23_2,0,0.21928586521855958,0
16,P23,P23,Post_P23_2,0,0.2616612152351912,0
16,P23,P23,Post_P23_2,0,0.27428503451009256,0
16,P23,P23,Post_P23_2,0,0.26045743258827675,0
16,P23,P23,Post_P23_2,0,0.650472477900073,1
16,P23,P23,Post_P23_2,0,0.3416075992542977,0
16,P23,P23,Post_P23_2,0,0.21914244669594804,0
16,P23,P23,Post_P23_2,0,0.1738714336514913,0
16,P23,P23,Post_P23_2,0,0.33987522106136264,0
16,P23,P23,Post_P23_2,0,0.15651802024052575,0
16,P23,P23,Post_P23_2,0,0.25395968939089564,0
16,P23,P23,Post_P23_2,0,0.5892941954184204,1
16,P23,P23,Post_P23_2,0,0.17338784818068068,0
16,P23,P23,Post_P23_2,0,0.30678622497132624,0
16,P23,P23,Post_P23_2,0,0.5839747162932843,1
16,P23,P23,Post_P23_2,0,0.23477468347231872,0
16,P23,P23,Post_P23_2,0,0.2541082561205725,0
16,P23,P23,Post_P23_2,0,0.20317022408584756,0
16,P23,P23,Post_P23_2,0,0.23652972595369232,0
16,P23,P23,Post_P23_2,0,0.5539658318837982,1
16,P23,P23,Post_P23_2,0,0.23137226996192534,0
16,P23,P23,Post_P23_2,0,0.1769520313589797,0
16,P23,P23,Post_P23_2,0,0.2238133071152728,0
16,P23,P23,Post_P23_2,0,0.3698454232332591,0
16,P23,P23,Post_P23_2,0,0.23776124009253652,0
16,P23,P23,Post_P23_2,0,0.14251246774299542,0
16,P23,P23,Post_P23_2,0,0.184424432493134,0
16,P23,P23,Post_P23_2,0,0.19466383336440676,0
16,P23,P23,Post_P23_2,0,0.2718730410742937,0
16,P23,P23,Post_P23_2,0,0.25030248512794084,0
16,P23,P23,Post_P23_2,0,0.21779617696405004,0
16,P23,P23,Post_P23_2,0,0.5893442966834007,1
16,P23,P23,Post_P23_2,0,0.20423053690452853,0
16,P23,P23,Post_P23_2,0,0.6312610430869181,1
16,P23,P23,Post_P23_2,0,0.6290306160198204,1
16,P23,P23,Post_P23_2,0,0.20929073772393125,0
16,P23,P23,Post_P23_2,0,0.18215532354460862,0
16,P23,P23,Post_P23_2,0,0.4519616106469907,0
16,P23,P23,Post_P23_2,0,0.22283695105353732,0
16,P23,P23,Post_P23_2,0,0.1719145548785274,0
16,P23,P23,Post_P23_2,0,0.6585398594388643,1
16,P23,P23,Post_P23_2,0,0.19564593395862526,0
16,P23,P23,Post_P23_2,0,0.19658933698427433,0
16,P23,P23,Post_P23_2,0,0.1796286453091873,0
16,P23,P23,Post_P23_2,0,0.6079462938614663,1
16,P23,P23,Post_P23_2,0,0.2565494710165597,0
16,P23,P23,Post_P23_2,0,0.236489059201992,0
16,P23,P23,Post_P23_2,0,0.18144564901236848,0
16,P23,P23,Post_P23_2,0,0.1910662434833246,0
16,P23,P23,Post_P23_2,0,0.6431153984819941,1
16,P23,P23,Post_P23_2,0,0.11422292240890458,0
16,P23,P23,Post_P23_2,0,0.2362408471090569,0
16,P23,P23,Post_P23_2,0,0.2804240887305168,0
16,P23,P23,Post_P23_2,0,0.15939957886573633,0
16,P23,P23,Post_P23_2,0,0.28578590729743725,0
16,P23,P23,Post_P23_2,0,0.2382311542580389,0
16,P23,P23,Post_P23_2,0,0.24811883543038565,0
16,P23,P23,Post_P23_2,0,0.29901904561831777,0
16,P23,P23,Post_P23_2,0,0.1868549720323112,0
16,P23,P23,Post_P23_2,0,0.17446919403858524,0
16,P23,P23,Post_P23_2,0,0.1844379500175019,0
16,P23,P23,Post_P23_2,0,0.30203600165553457,0
16,P23,P23,Post_P23_2,0,0.4786482073556971,0
16,P23,P23,Post_P23_2,0,0.5553751975649295,1
16,P23,P23,Post_P23_2,0,0.2291643582236068,0
16,P23,P23,Post_P23_2,0,0.5955817730712019,1
16,P23,P23,Post_P23_2,0,0.11578462397444604,0
16,P23,P23,Post_P23_2,0,0.177753450239476,0
16,P23,P23,Post_P23_2,0,0.6141671451401145,1
16,P23,P23,Post_P23_2,0,0.22091746471525786,0
16,P23,P23,Post_P23_2,0,0.6533107552692847,1
16,P23,P23,Post_P23_2,0,0.26874276122893487,0
16,P23,P23,Post_P23_2,0,0.2831728084576073,0
16,P23,P23,Post_P23_2,0,0.19259349195131933,0
16,P23,P23,Post_P23_2,0,0.2555816058458845,0
16,P23,P23,Post_P23_2,0,0.2243090377590673,0
16,P23,P23,Post_P23_2,0,0.2007576957847067,0
16,P23,P23,Post_P23_2,0,0.651395245701135,1
16,P23,P23,Post_P23_2,0,0.2599387784286726,0
16,P23,P23,Post_P23_2,0,0.4040055581623389,0
16,P23,P23,Post_P23_2,0,0.39434122502353164,0
16,P23,P23,Post_P23_2,0,0.7122647070838101,1
16,P23,P23,Post_P23_2,0,0.3429015185456409,0
16,P23,P23,Post_P23_2,0,0.24825147023432728,0
16,P23,P23,Post_P23_2,0,0.22528179861435232,0
16,P23,P23,Post_P23_2,0,0.14398658086577565,0
16,P23,P23,Post_P23_2,0,0.23082445632709306,0
16,P23,P23,Post_P23_2,0,0.17806550180549502,0
16,P23,P23,Post_P23_2,0,0.15695960666531059,0
16,P23,P23,Post_P23_2,0,0.5898998324819648,1
16,P23,P23,Post_P23_2,0,0.7065056448978404,1
16,P23,P23,Post_P23_2,0,0.15678874394484393,0
16,P23,P23,Post_P23_2,0,0.26461584755128725,0
16,P23,P23,Post_P23_2,0,0.1690181139574027,0
16,P23,P23,Post_P23_2,0,0.12948824617855853,0
16,P23,P23,Post_P23_2,0,0.1961534960239709,0
16,P23,P23,Post_P23_2,0,0.24833514830676368,0
16,P23,P23,Post_P23_2,0,0.12518517641158833,0
16,P23,P23,Post_P23_2,0,0.25701512359873774,0
16,P23,P23,Post_P23_2,0,0.17928590105498687,0
16,P23,P23,Post_P23_2,0,0.2900524444536067,0
16,P23,P23,Post_P23_2,0,0.24024845889133833,0
16,P23,P23,Post_P23_2,0,0.5608906117591942,1
16,P23,P23,Post_P23_2,0,0.6423835391540741,1
16,P23,P23,Post_P23_2,0,0.2709460047155003,0
16,P23,P23,Post_P23_2,0,0.23391659449269334,0
16,P23,P23,Post_P23_2,0,0.5916379570702687,1
16,P23,P23,Post_P23_2,0,0.3106532146607596,0
16,P23,P23,Post_P23_2,0,0.21452307921552738,0
16,P23,P23,Post_P23_2,0,0.6244069324427313,1
16,P23,P23,Post_P23_2,0,0.27921343427462764,0
16,P23,P23,Post_P23_2,0,0.432528594433844,0
16,P23,P23,Post_P23_2,0,0.25597674920610175,0
16,P23,P23,Post_P23_2,0,0.2907308906784341,0
16,P23,P23,Post_P23_2,0,0.1765006758226342,0
16,P23,P23,Post_P23_2,0,0.21815305776172556,0
16,P23,P23,Post_P23_2,0,0.15809437461144338,0
16,P23,P23,Post_P23_2,0,0.4502924166052859,0
16,P23,P23,Post_P23_2,0,0.6746080142938063,1
16,P23,P23,Post_P23_2,0,0.17565318030960617,0
16,P23,P23,Post_P23_2,0,0.12222409757095822,0
16,P23,P23,Post_P23_2,0,0.16152324440206248,0
16,P23,P23,Post_P23_2,0,0.26827633313280613,0
16,P23,P23,Post_P23_2,0,0.157532261941914,0
16,P23,P23,Post_P23_2,0,0.13875570274577642,0
16,P23,P23,Post_P23_2,0,0.21195048673759023,0
16,P23,P23,Post_P23_2,0,0.5063978981866062,1
16,P23,P23,Post_P23_2,0,0.20126086597315795,0
16,P23,P23,Post_P23_2,0,0.21047031380794728,0
16,P23,P23,Post_P23_2,0,0.2568283339752261,0
16,P23,P23,Post_P23_2,0,0.2626328210021924,0
16,P23,P23,Post_P23_2,0,0.1709611446686489,0
16,P23,P23,Post_P23_2,0,0.2739061777237232,0
16,P23,P23,Post_P23_2,0,0.1468731563425792,0
16,P23,P23,Post_P23_2,0,0.34883929824384025,0
16,P23,P23,Post_P23_2,0,0.6042840585680699,1
16,P23,P23,Post_P23_2,0,0.26632637614134447,0
16,P23,P23,Post_P23_2,0,0.45219946990424426,0
16,P23,P23,Post_P23_2,0,0.48540906665541816,0
16,P23,P23,Post_P23_2,0,0.15599777961344966,0
16,P23,P23,Post_P23_2,0,0.2519732016623978,0
16,P23,P23,Post_P23_2,0,0.2411738785888123,0
16,P23,P23,Post_P23_2,0,0.21076623760549953,0
16,P23,P23,Post_P23_2,0,0.4439822752754499,0
16,P23,P23,Post_P23_2,0,0.12282134268748389,0
16,P23,P23,Post_P23_2,0,0.14174668318951342,0
16,P23,P23,Post_P23_2,0,0.1419763272396393,0
16,P23,P23,Post_P23_2,0,0.15977242771899386,0
16,P23,P23,Post_P23_2,0,0.23602565299376577,0
16,P23,P23,Post_P23_2,0,0.2536324546495224,0
16,P23,P23,Post_P23_2,0,0.41784253099660185,0
16,P23,P23,Post_P23_2,0,0.24760034018382462,0
16,P23,P23,Post_P23_2,0,0.15104847659741985,0
16,P23,P23,Post_P23_2,0,0.17528046190489588,0
16,P23,P23,Post_P23_2,0,0.1564503664789846,0
16,P23,P23,Post_P23_2,0,0.1400805102436351,0
16,P23,P23,Post_P23_2,0,0.11602716840465735,0
16,P23,P23,Post_P23_2,0,0.20912788601654897,0
16,P23,P23,Post_P23_2,0,0.6411236756238802,1
16,P23,P23,Post_P23_2,0,0.10597498831351947,0
16,P23,P23,Post_P23_2,0,0.16727834056057503,0
16,P23,P23,Post_P23_2,0,0.2672573043352609,0
16,P23,P23,Post_P23_2,0,0.15026865682166649,0
16,P23,P23,Post_P23_2,0,0.3316038498914387,0
16,P23,P23,Post_P23_2,0,0.6978912512930135,1
16,P23,P23,Post_P23_2,0,0.678405287171783,1
16,P23,P23,Post_P23_2,0,0.2403746734244368,0
16,P23,P23,Post_P23_2,0,0.5716001381955417,1
16,P23,P23,Post_P23_2,0,0.19793504220952018,0
16,P23,P23,Post_P23_2,0,0.282228479331616,0
16,P23,P23,Post_P23_2,0,0.2176899137274162,0
16,P23,P23,Post_P23_2,0,0.16237501772998936,0
16,P23,P23,Post_P23_2,0,0.4473174291279426,0
16,P23,P23,Post_P23_2,0,0.42883528604808646,0
16,P23,P23,Post_P23_2,0,0.262869503661227,0
16,P23,P23,Post_P23_2,0,0.262317750108036,0
16,P23,P23,Post_P23_2,0,0.1817014173421219,0
16,P23,P23,Post_P23_2,0,0.25388941823984745,0
16,P23,P23,Post_P23_2,0,0.2753514010329677,0
16,P23,P23,Post_P23_2,0,0.5106747697838366,1
16,P23,P23,Post_P23_2,0,0.1755359648058374,0
16,P23,P23,Post_P23_2,0,0.20525910144575182,0
16,P23,P23,Post_P23_2,0,0.5223377423325267,1
16,P23,P23,Post_P23_2,0,0.42720441878985727,0
16,P23,P23,Post_P23_2,0,0.1283555176973585,0
16,P23,P23,Post_P23_2,0,0.17750555292756076,0
16,P23,P23,Post_P23_2,0,0.23007622607813816,0
16,P23,P23,Post_P23_2,0,0.43055672362835584,0
16,P23,P23,Post_P23_2,0,0.23236380489475025,0
16,P23,P23,Post_P23_2,0,0.14210151525460907,0
16,P23,P23,Post_P23_2,0,0.20315942473788895,0
16,P23,P23,Post_P23_2,0,0.4331665500593466,0
16,P23,P23,Post_P23_2,0,0.23679322477671064,0
16,P23,P23,Post_P23_2,0,0.18561311741572326,0
16,P23,P23,Post_P23_2,0,0.580668456097628,1
16,P23,P23,Post_P23_2,0,0.46892499842109897,0
16,P23,P23,Post_P23_2,0,0.602127668249379,1
16,P23,P23,Post_P23_2,0,0.12981326205261964,0
16,P23,P23,Post_P23_2,0,0.1534169836683591,0
16,P23,P23,Post_P23_2,0,0.25818184401824257,0
16,P23,P23,Post_P23_2,0,0.27587621137696583,0
16,P23,P23,Post_P23_2,0,0.26482502545662273,0
16,P23,P23,Post_P23_2,0,0.24328260136718272,0
16,P23,P23,Post_P23_2,0,0.27297642399734134,0
16,P23,P23,Post_P23_2,0,0.259212695088196,0
16,P23,P23,Post_P23_2,0,0.2020218332991465,0
16,P23,P23,Post_P23_2,0,0.19384423694997044,0
16,P23,P23,Post_P23_2,0,0.41912922724611956,0
16,P23,P23,Post_P23_2,0,0.2647548112828786,0
16,P23,P23,Post_P23_2,0,0.2428310015024968,0
16,P23,P23,Post_P23_2,0,0.25289331125814907,0
16,P23,P23,Post_P23_2,0,0.2857753319373773,0
16,P23,P23,Post_P23_2,0,0.2273230104279671,0
16,P23,P23,Post_P23_2,0,0.605707527582057,1
16,P23,P23,Post_P23_2,0,0.5244978792819829,1
16,P23,P23,Post_P23_2,0,0.3864924753650836,0
16,P23,P23,Post_P23_2,0,0.45118143132030475,0
16,P23,P23,Post_P23_2,0,0.4332682423904553,0
16,P23,P23,Post_P23_2,0,0.2555653261830034,0
16,P23,P23,Post_P23_2,0,0.21753125354689384,0
16,P23,P23,Post_P23_2,0,0.47460676530523005,0
16,P23,P23,Post_P23_2,0,0.5943699289189727,1
16,P23,P23,Post_P23_2,0,0.6808379879966309,1
16,P23,P23,Post_P23_2,0,0.12395743257052055,0
16,P23,P23,Post_P23_2,0,0.22230578469105575,0
16,P23,P23,Post_P23_2,0,0.22724759208379128,0
16,P23,P23,Post_P23_2,0,0.2824055364188216,0
16,P23,P23,Post_P23_2,0,0.22489226711793023,0
16,P23,P23,Post_P23_2,0,0.23595931847840765,0
16,P23,P23,Post_P23_2,0,0.15521600643867592,0
16,P23,P23,Post_P23_2,0,0.2436767107352155,0
16,P23,P23,Post_P23_2,0,0.31979222858068806,0
16,P23,P23,Post_P23_2,0,0.2173037139578159,0
16,P23,P23,Post_P23_2,0,0.16384323772737763,0
16,P23,P23,Post_P23_2,0,0.16889969553785264,0
16,P23,P23,Post_P23_2,0,0.2718712820075707,0
16,P23,P23,Post_P23_2,0,0.15856521412814015,0
16,P23,P23,Post_P23_2,0,0.5978449715821444,1
16,P23,P23,Post_P23_2,0,0.11987757844258437,0
16,P23,P23,Post_P23_2,0,0.2621095354886019,0
16,P23,P23,Post_P23_2,0,0.32295100251639425,0
16,P23,P23,Post_P23_2,0,0.17742183244838,0
16,P23,P23,Post_P23_2,0,0.2022324268372586,0
16,P23,P23,Post_P23_2,0,0.34847091896664906,0
16,P23,P23,Post_P23_2,0,0.16134299320214127,0
16,P23,P23,Post_P23_2,0,0.17697978709091625,0
16,P23,P23,Post_P23_2,0,0.25021066734735653,0
16,P23,P23,Post_P23_2,0,0.2616516507997892,0
16,P23,P23,Post_P23_2,0,0.24778847832469883,0
16,P23,P23,Post_P23_2,0,0.2566731793717483,0
16,P23,P23,Post_P23_2,0,0.2784276550438258,0
16,P23,P23,Post_P23_2,0,0.3038645175863692,0
16,P23,P23,Post_P23_2,0,0.2149054019275183,0
16,P23,P23,Post_P23_2,0,0.31954835541156645,0
16,P23,P23,Post_P23_2,0,0.2710611402887385,0
16,P23,P23,Post_P23_2,0,0.7038088866078275,1
16,P23,P23,Post_P23_2,0,0.2645032410870469,0
16,P23,P23,Post_P23_2,0,0.3936112057981709,0
16,P23,P23,Post_P23_2,0,0.6944363796080154,1
16,P23,P23,Post_P23_2,0,0.21440875113697042,0
16,P23,P23,Post_P23_2,0,0.20512426661350747,0
16,P23,P23,Post_P23_2,0,0.2385360699439214,0
16,P23,P23,Post_P23_2,0,0.13484330723106636,0
16,P23,P23,Post_P23_2,0,0.2536586466653776,0
16,P23,P23,Post_P23_2,0,0.2543294163468418,0
16,P23,P23,Post_P23_2,0,0.1454840808418111,0
16,P23,P23,Post_P23_2,0,0.6900135424060991,1
16,P23,P23,Post_P23_2,0,0.19145042686901342,0
16,P23,P23,Post_P23_2,0,0.6412550585299243,1
16,P23,P23,Post_P23_2,0,0.25721769639176023,0
16,P23,P23,Post_P23_2,0,0.3082399505191039,0
16,P23,P23,Post_P23_2,0,0.18878983050427942,0
16,P23,P23,Post_P23_2,0,0.16040956096484663,0
16,P23,P23,Post_P23_2,0,0.5617685684956748,1
16,P23,P23,Post_P23_2,0,0.6561088769606874,1
16,P23,P23,Post_P23_2,0,0.611479583132395,1
16,P23,P23,Post_P23_2,0,0.24366421594677476,0
16,P23,P23,Post_P23_2,0,0.2675163429447846,0
16,P23,P23,Post_P23_2,0,0.20085910964330775,0
16,P23,P23,Post_P23_2,0,0.2654754535094101,0
16,P23,P23,Post_P23_2,0,0.45816904309569545,0
16,P23,P23,Post_P23_2,0,0.33212515067791415,0
16,P23,P23,Post_P23_2,0,0.28059646480027195,0
16,P23,P23,Post_P23_2,0,0.22439316393231393,0
16,P23,P23,Post_P23_2,0,0.23070617459474985,0
16,P23,P23,Post_P23_2,0,0.22290633903076423,0
16,P23,P23,Post_P23_2,0,0.2599291869318307,0
16,P23,P23,Post_P23_2,0,0.20267962871227255,0
16,P23,P23,Post_P23_2,0,0.2278077403044683,0
17,P24,P24,Pre_P24,1,0.7325958776331442,1
17,P24,P24,Pre_P24,1,0.6372588375338976,1
17,P24,P24,Pre_P24,1,0.6533889674276239,1
17,P24,P24,Pre_P24,1,0.6803476566795413,1
17,P24,P24,Pre_P24,1,0.791178758264614,1
17,P24,P24,Pre_P24,1,0.6355790652932003,1
17,P24,P24,Pre_P24,1,0.7206086397991233,1
17,P24,P24,Pre_P24,1,0.7607636210112713,1
17,P24,P24,Pre_P24,1,0.6470281526034002,1
17,P24,P24,Pre_P24,1,0.682789647369599,1
17,P24,P24,Pre_P24,1,0.6993504323162248,1
17,P24,P24,Pre_P24,1,0.7064784678371279,1
17,P24,P24,Pre_P24,1,0.7108425743686906,1
17,P24,P24,Pre_P24,1,0.6993929188285936,1
17,P24,P24,Pre_P24,1,0.7460067736165819,1
17,P24,P24,Pre_P24,1,0.6555855010283849,1
17,P24,P24,Pre_P24,1,0.7910772123054506,1
17,P24,P24,Pre_P24,1,0.6662576749965677,1
17,P24,P24,Pre_P24,1,0.6543409923311483,1
17,P24,P24,Pre_P24,1,0.6793363738162146,1
17,P24,P24,Pre_P24,1,0.6835093839167715,1
17,P24,P24,Pre_P24,1,0.785626489640124,1
17,P24,P24,Pre_P24,1,0.7081675038524323,1
17,P24,P24,Pre_P24,1,0.7010887904218055,1
17,P24,P24,Pre_P24,1,0.6453858658138257,1
17,P24,P24,Pre_P24,1,0.6625872232402399,1
17,P24,P24,Pre_P24,1,0.6695880651983291,1
17,P24,P24,Pre_P24,1,0.6449073479996682,1
17,P24,P24,Pre_P24,1,0.6651629783807101,1
17,P24,P24,Pre_P24,1,0.6462913788146613,1
17,P24,P24,Pre_P24,1,0.6422498168163615,1
17,P24,P24,Pre_P24,1,0.6556202027355025,1
17,P24,P24,Pre_P24,1,0.6592137574869206,1
17,P24,P24,Pre_P24,1,0.6591566739633563,1
17,P24,P24,Pre_P24,1,0.7089105862007918,1
17,P24,P24,Pre_P24,1,0.7290508317733965,1
17,P24,P24,Pre_P24,1,0.6668396734079286,1
17,P24,P24,Pre_P24,1,0.7066231153188515,1
17,P24,P24,Pre_P24,1,0.6500012401205374,1
17,P24,P24,Pre_P24,1,0.6566861353791877,1
17,P24,P24,Pre_P24,1,0.6268135220711957,1
17,P24,P24,Pre_P24,1,0.6219968535097221,1
17,P24,P24,Pre_P24,1,0.6565472163284849,1
17,P24,P24,Pre_P24,1,0.6435475394477638,1
17,P24,P24,Pre_P24,1,0.6482527039945881,1
17,P24,P24,Pre_P24,1,0.7321708279267244,1
17,P24,P24,Pre_P24,1,0.6547692491235141,1
17,P24,P24,Pre_P24,1,0.6422812683640905,1
17,P24,P24,Pre_P24,1,0.6576053948877144,1
17,P24,P24,Pre_P24,1,0.6625176764643677,1
17,P24,P24,Pre_P24,1,0.6249777479143698,1
17,P24,P24,Pre_P24,1,0.6897249080958159,1
17,P24,P24,Pre_P24,1,0.6377066192125312,1
17,P24,P24,Pre_P24,1,0.7020540340173221,1
17,P24,P24,Pre_P24,1,0.713884212375449,1
17,P24,P24,Pre_P24,1,0.7307073484306109,1
17,P24,P24,Pre_P24,1,0.7152412313765618,1
17,P24,P24,Pre_P24,1,0.6934178419043011,1
17,P24,P24,Pre_P24,1,0.8018581258861851,1
17,P24,P24,Pre_P24,1,0.6899208447728951,1
17,P24,P24,Pre_P24,1,0.6408571836282807,1
17,P24,P24,Pre_P24,1,0.660677282694152,1
17,P24,P24,Pre_P24,1,0.6641330203109755,1
17,P24,P24,Pre_P24,1,0.7126080558400338,1
17,P24,P24,Pre_P24,1,0.73604037596378,1
17,P24,P24,Pre_P24,1,0.7101174831637673,1
17,P24,P24,Pre_P24,1,0.6635373749358828,1
17,P24,P24,Pre_P24,1,0.6090450569435215,1
17,P24,P24,Pre_P24,1,0.7297172251374364,1
17,P24,P24,Pre_P24,1,0.7379713304847361,1
17,P24,P24,Pre_P24,1,0.6587270590190906,1
17,P24,P24,Pre_P24,1,0.6756582010847342,1
17,P24,P24,Pre_P24,1,0.6547057210424949,1
17,P24,P24,Pre_P24,1,0.6679295791145565,1
17,P24,P24,Pre_P24,1,0.6629396431918634,1
17,P24,P24,Pre_P24,1,0.6640101314282891,1
17,P24,P24,Pre_P24,1,0.655969158933566,1
17,P24,P24,Pre_P24,1,0.7164407820374925,1
17,P24,P24,Pre_P24,1,0.7264208781608688,1
17,P24,P24,Pre_P24,1,0.6671187805446758,1
17,P24,P24,Pre_P24,1,0.6330166545684132,1
17,P24,P24,Pre_P24,1,0.6897410706583276,1
17,P24,P24,Pre_P24,1,0.6885150167287903,1
17,P24,P24,Pre_P24,1,0.7190305763098213,1
17,P24,P24,Pre_P24,1,0.7244711940468305,1
17,P24,P24,Pre_P24,1,0.718432750457333,1
17,P24,P24,Pre_P24,1,0.6787369949152895,1
17,P24,P24,Pre_P24,1,0.6687098288876354,1
17,P24,P24,Pre_P24,1,0.6302737362780804,1
17,P24,P24,Pre_P24,1,0.7317884871306548,1
17,P24,P24,Pre_P24,1,0.6091225930007332,1
17,P24,P24,Pre_P24,1,0.6794007912949238,1
17,P24,P24,Pre_P24,1,0.6375472064869482,1
17,P24,P24,Pre_P24,1,0.6463413150223264,1
17,P24,P24,Pre_P24,1,0.66633385951286,1
17,P24,P24,Pre_P24,1,0.6541044113944108,1
17,P24,P24,Pre_P24,1,0.6189296236222371,1
17,P24,P24,Pre_P24,1,0.6590495966276103,1
17,P24,P24,Pre_P24,1,0.6621639341533532,1
17,P24,P24,Pre_P24,1,0.6692583713406949,1
17,P24,P24,Pre_P24,1,0.670509404975439,1
17,P24,P24,Pre_P24,1,0.6889100496761786,1
17,P24,P24,Pre_P24,1,0.7290037397472969,1
17,P24,P24,Pre_P24,1,0.7254580390489488,1
17,P24,P24,Pre_P24,1,0.6543150109129764,1
17,P24,P24,Pre_P24,1,0.7260786979492533,1
17,P24,P24,Pre_P24,1,0.5822930654013491,1
17,P24,P24,Pre_P24,1,0.6796774034614214,1
17,P24,P24,Pre_P24,1,0.6035630677354197,1
17,P24,P24,Pre_P24,1,0.7752415139522199,1
17,P24,P24,Pre_P24,1,0.7295143424640864,1
17,P24,P24,Pre_P24,1,0.5946132926783869,1
17,P24,P24,Pre_P24,1,0.6523363301492286,1
17,P24,P24,Pre_P24,1,0.6629067407111783,1
17,P24,P24,Pre_P24,1,0.6888985053920629,1
17,P24,P24,Pre_P24,1,0.6492063233037418,1
17,P24,P24,Pre_P24,1,0.6993625392458872,1
17,P24,P24,Pre_P24,1,0.6703115562191941,1
17,P24,P24,Pre_P24,1,0.6541353040471286,1
17,P24,P24,Pre_P24,1,0.7255713489983129,1
17,P24,P24,Pre_P24,1,0.6536316085531837,1
17,P24,P24,Pre_P24,1,0.6334969221303791,1
17,P24,P24,Pre_P24,1,0.6622557544472516,1
17,P24,P24,Pre_P24,1,0.6606618274367966,1
17,P24,P24,Pre_P24,1,0.7136303153116006,1
17,P24,P24,Pre_P24,1,0.6554992866889924,1
17,P24,P24,Pre_P24,1,0.6590242882656446,1
17,P24,P24,Pre_P24,1,0.720285038495899,1
17,P24,P24,Pre_P24,1,0.5876017223769792,1
17,P24,P24,Pre_P24,1,0.6554265777245138,1
17,P24,P24,Pre_P24,1,0.6473003394208621,1
17,P24,P24,Pre_P24,1,0.7169029882656036,1
17,P24,P24,Pre_P24,1,0.6547607079530398,1
17,P24,P24,Pre_P24,1,0.6536145255598159,1
17,P24,P24,Pre_P24,1,0.6784316325060226,1
17,P24,P24,Pre_P24,1,0.6469141223338337,1
17,P24,P24,Pre_P24,1,0.6098035007938756,1
17,P24,P24,Pre_P24,1,0.6722503562478248,1
17,P24,P24,Pre_P24,1,0.7151074437238197,1
17,P24,P24,Pre_P24,1,0.7051263471744053,1
17,P24,P24,Pre_P24,1,0.6877459013074873,1
17,P24,P24,Pre_P24,1,0.6296404223091504,1
17,P24,P24,Pre_P24,1,0.6925498149544155,1
17,P24,P24,Pre_P24,1,0.6560582548382091,1
17,P24,P24,Pre_P24,1,0.6516470581617279,1
17,P24,P24,Pre_P24,1,0.6706050014460742,1
17,P24,P24,Pre_P24,1,0.7201318881094885,1
17,P24,P24,Pre_P24,1,0.6599868635285873,1
17,P24,P24,Pre_P24,1,0.7131028425812899,1
17,P24,P24,Pre_P24,1,0.697302360559309,1
17,P24,P24,Pre_P24,1,0.7353755827967066,1
17,P24,P24,Pre_P24,1,0.6461632976788044,1
17,P24,P24,Pre_P24,1,0.7109811228464533,1
17,P24,P24,Pre_P24,1,0.7208045405882427,1
17,P24,P24,Pre_P24,1,0.6624853455004824,1
17,P24,P24,Pre_P24,1,0.6527828388948342,1
17,P24,P24,Pre_P24,1,0.6438468363742955,1
17,P24,P24,Pre_P24,1,0.6377068594981538,1
17,P24,P24,Pre_P24,1,0.6340275871842062,1
17,P24,P24,Pre_P24,1,0.6463319652989684,1
17,P24,P24,Pre_P24,1,0.7219583867831986,1
17,P24,P24,Pre_P24,1,0.6933404474313573,1
17,P24,P24,Pre_P24,1,0.6089771032434679,1
17,P24,P24,Pre_P24,1,0.6390368136064704,1
17,P24,P24,Pre_P24,1,0.6785886858834274,1
17,P24,P24,Pre_P24,1,0.6878206602753311,1
17,P24,P24,Pre_P24,1,0.721295801077984,1
17,P24,P24,Pre_P24,1,0.7241152236024311,1
17,P24,P24,Pre_P24,1,0.625848536218537,1
17,P24,P24,Pre_P24,1,0.7005153351803934,1
17,P24,P24,Pre_P24,1,0.7348416270297914,1
17,P24,P24,Pre_P24,1,0.7292003065513052,1
17,P24,P24,Pre_P24,1,0.7311018831080632,1
17,P24,P24,Pre_P24,1,0.6621454996856826,1
17,P24,P24,Pre_P24,1,0.6488496086598168,1
17,P24,P24,Pre_P24,1,0.7073383603304563,1
17,P24,P24,Pre_P24,1,0.6318440523324576,1
17,P24,P24,Pre_P24,1,0.6789890855456361,1
17,P24,P24,Pre_P24,1,0.639513458657375,1
17,P24,P24,Pre_P24,1,0.6416049730836411,1
17,P24,P24,Pre_P24,1,0.6472916368571228,1
17,P24,P24,Pre_P24,1,0.640680995783498,1
17,P24,P24,Pre_P24,1,0.7399191349043814,1
17,P24,P24,Pre_P24,1,0.6689982762638521,1
17,P24,P24,Pre_P24,1,0.7004786282587258,1
17,P24,P24,Pre_P24,1,0.6885668940495073,1
17,P24,P24,Pre_P24,1,0.6548696593351437,1
17,P24,P24,Pre_P24,1,0.6815737290203256,1
17,P24,P24,Pre_P24,1,0.7263486604865215,1
17,P24,P24,Pre_P24,1,0.6588748597586006,1
17,P24,P24,Pre_P24,1,0.6589049052876466,1
17,P24,P24,Pre_P24,1,0.6576904784156232,1
17,P24,P24,Pre_P24,1,0.674544152151458,1
17,P24,P24,Pre_P24,1,0.6518862436562938,1
17,P24,P24,Pre_P24,1,0.7180828889945481,1
17,P24,P24,Pre_P24,1,0.62459221996297,1
17,P24,P24,Pre_P24,1,0.6324300432452833,1
17,P24,P24,Pre_P24,1,0.6793535063559528,1
17,P24,P24,Pre_P24,1,0.673254890801354,1
17,P24,P24,Pre_P24,1,0.681744445946713,1
17,P24,P24,Pre_P24,1,0.6518776076040935,1
17,P24,P24,Pre_P24,1,0.6494387728336641,1
17,P24,P24,Pre_P24,1,0.6939380069725273,1
17,P24,P24,Pre_P24,1,0.6704578986322964,1
17,P24,P24,Pre_P24,1,0.6480037909707431,1
17,P24,P24,Pre_P24,1,0.6315125944342689,1
17,P24,P24,Pre_P24,1,0.7145813823232289,1
17,P24,P24,Pre_P24,1,0.6486564537892253,1
17,P24,P24,Pre_P24,1,0.7171332722680421,1
17,P24,P24,Pre_P24,1,0.7399191349043814,1
17,P24,P24,Pre_P24,1,0.6025448949002731,1
17,P24,P24,Pre_P24,1,0.6621272974226309,1
17,P24,P24,Pre_P24,1,0.6814069929689237,1
17,P24,P24,Pre_P24,1,0.6854512137250991,1
17,P24,P24,Pre_P24,1,0.6310125093267143,1
17,P24,P24,Pre_P24,1,0.6528184534981701,1
17,P24,P24,Pre_P24,1,0.6580101536316404,1
17,P24,P24,Pre_P24,1,0.7324890967238379,1
17,P24,P24,Pre_P24,1,0.6460553552704169,1
17,P24,P24,Pre_P24,1,0.6942068153214364,1
17,P24,P24,Pre_P24,1,0.6661114799198562,1
17,P24,P24,Pre_P24,1,0.7000288073062423,1
17,P24,P24,Pre_P24,1,0.6945110318191537,1
17,P24,P24,Pre_P24,1,0.6554190963186637,1
17,P24,P24,Pre_P24,1,0.6193691883214112,1
17,P24,P24,Pre_P24,1,0.6545360174483221,1
17,P24,P24,Pre_P24,1,0.6616766087776317,1
17,P24,P24,Pre_P24,1,0.6421536837554692,1
17,P24,P24,Pre_P24,1,0.6076322424794459,1
17,P24,P24,Pre_P24,1,0.6548070684665995,1
17,P24,P24,Pre_P24,1,0.619250158111877,1
17,P24,P24,Pre_P24,1,0.6545062168102221,1
17,P24,P24,Pre_P24,1,0.6384899165666527,1
17,P24,P24,Pre_P24,1,0.6476678220784869,1
17,P24,P24,Pre_P24,1,0.6168430335892527,1
17,P24,P24,Pre_P24,1,0.6692200906909472,1
17,P24,P24,Pre_P24,1,0.7375956306155992,1
17,P24,P24,Pre_P24,1,0.6797313556367071,1
17,P24,P24,Pre_P24,1,0.6863554093208105,1
17,P24,P24,Pre_P24,1,0.6107732032249368,1
17,P24,P24,Pre_P24,1,0.6514310089194493,1
17,P24,P24,Pre_P24,1,0.670397733239845,1
17,P24,P24,Pre_P24,1,0.6740353878945092,1
17,P24,P24,Pre_P24,1,0.7278938098267739,1
17,P24,P24,Pre_P24,1,0.6458694052005076,1
17,P24,P24,Pre_P24,1,0.6348665567906343,1
17,P24,P24,Pre_P24,1,0.660562508058018,1
17,P24,P24,Pre_P24,1,0.7517238109158979,1
17,P24,P24,Pre_P24,1,0.6561255596702431,1
17,P24,P24,Pre_P24,1,0.6181742095300019,1
17,P24,P24,Pre_P24,1,0.7258288800580993,1
17,P24,P24,Pre_P24,1,0.7248738278104453,1
17,P24,P24,Pre_P24,1,0.6104106569698199,1
17,P24,P24,Pre_P24,1,0.671649331323375,1
17,P24,P24,Pre_P24,1,0.6689024073717627,1
17,P24,P24,Pre_P24,1,0.7320296630977031,1
17,P24,P24,Pre_P24,1,0.657331943156756,1
17,P24,P24,Pre_P24,1,0.6245507637288235,1
17,P24,P24,Pre_P24,1,0.7139330713113443,1
17,P24,P24,Pre_P24,1,0.6416615500537853,1
17,P24,P24,Pre_P24,1,0.6658296400443805,1
17,P24,P24,Pre_P24,1,0.6099980139604363,1
17,P24,P24,Pre_P24,1,0.687186897849959,1
17,P24,P24,Pre_P24,1,0.7238735881308233,1
17,P24,P24,Pre_P24,1,0.6550460058561164,1
17,P24,P24,Pre_P24,1,0.660442992288802,1
17,P24,P24,Pre_P24,1,0.7233391721562238,1
17,P24,P24,Pre_P24,1,0.6269553801648667,1
17,P24,P24,Pre_P24,1,0.6278703444541288,1
17,P24,P24,Pre_P24,1,0.6824635818512055,1
17,P24,P24,Pre_P24,1,0.6589627358844419,1
17,P24,P24,Pre_P24,1,0.6918194911669762,1
17,P24,P24,Pre_P24,1,0.6415557102757378,1
17,P24,P24,Pre_P24,1,0.7191000156504411,1
17,P24,P24,Pre_P24,1,0.7999140851411254,1
17,P24,P24,Pre_P24,1,0.6616728460305902,1
17,P24,P24,Pre_P24,1,0.6715587007043884,1
17,P24,P24,Pre_P24,1,0.6786256487901048,1
17,P24,P24,Pre_P24,1,0.6736727856106755,1
17,P24,P24,Pre_P24,1,0.6674679704454559,1
17,P24,P24,Pre_P24,1,0.6578918086988615,1
17,P24,P24,Pre_P24,1,0.7288189799630056,1
17,P24,P24,Pre_P24,1,0.652953088506362,1
17,P24,P24,Pre_P24,1,0.7284848658045174,1
17,P24,P24,Pre_P24,1,0.6705656835239496,1
17,P24,P24,Pre_P24,1,0.7144471473255141,1
17,P24,P24,Pre_P24,1,0.6973522236108092,1
17,P24,P24,Pre_P24,1,0.6574603813199815,1
17,P24,P24,Pre_P24,1,0.7355653228975575,1
17,P24,P24,Pre_P24,1,0.6531210241760338,1
17,P24,P24,Pre_P24,1,0.6550660603002749,1
17,P24,P24,Pre_P24,1,0.6750491734916282,1
17,P24,P24,Pre_P24,1,0.7120634720176553,1
17,P24,P24,Pre_P24,1,0.6465679694324686,1
17,P24,P24,Pre_P24,1,0.6531376099480121,1
17,P24,P24,Pre_P24,1,0.6595497647696544,1
17,P24,P24,Pre_P24,1,0.6184431495456579,1
17,P24,P24,Pre_P24,1,0.6916910623234644,1
17,P24,P24,Pre_P24,1,0.621335069362926,1
17,P24,P24,Pre_P24,1,0.6427511576509889,1
17,P24,P24,Pre_P24,1,0.6451938743533977,1
17,P24,P24,Pre_P24,1,0.6388032844523533,1
17,P24,P24,Pre_P24,1,0.6535150326741584,1
17,P24,P24,Pre_P24,1,0.655881692901354,1
17,P24,P24,Pre_P24,1,0.6724393099488292,1
17,P24,P24,Pre_P24,1,0.632632689110299,1
17,P24,P24,Pre_P24,1,0.7216337086809504,1
17,P24,P24,Pre_P24,1,0.6317974557508208,1
17,P24,P24,Pre_P24,1,0.6512568113634066,1
17,P24,P24,Pre_P24,1,0.7410004395084052,1
17,P24,P24,Pre_P24,1,0.7242115522293194,1
17,P24,P24,Pre_P24,1,0.657139446013713,1
17,P24,P24,Pre_P24,1,0.671496503897555,1
17,P24,P24,Pre_P24,1,0.6403523731760922,1
17,P24,P24,Pre_P24,1,0.6257961518187489,1
17,P24,P24,Pre_P24,1,0.6682481537899299,1
17,P24,P24,Pre_P24,1,0.801850862374654,1
17,P24,P24,Pre_P24,1,0.6291323737417125,1
17,P24,P24,Pre_P24,1,0.6423813917791573,1
17,P24,P24,Pre_P24,1,0.7171146387097022,1
17,P24,P24,Pre_P24,1,0.7858809216031282,1
17,P24,P24,Pre_P24,1,0.788942579964583,1
17,P24,P24,Pre_P24,1,0.6532410528088985,1
17,P24,P24,Pre_P24,1,0.6451481674442864,1
17,P24,P24,Pre_P24,1,0.6477499689282931,1
17,P24,P24,Pre_P24,1,0.7215597133315363,1
17,P24,P24,Pre_P24,1,0.6652349455427617,1
17,P24,P24,Pre_P24,1,0.6294801917747825,1
17,P24,P24,Pre_P24,1,0.6741934237437736,1
17,P24,P24,Pre_P24,1,0.6511012020695125,1
17,P24,P24,Pre_P24,1,0.6649445059765586,1
17,P24,P24,Pre_P24,1,0.6675657051687344,1
17,P24,P24,Pre_P24,1,0.7213631175561817,1
17,P24,P24,Pre_P24,1,0.7247260165987897,1
17,P24,P24,Pre_P24,1,0.6183122880558916,1
17,P24,P24,Pre_P24,1,0.6393805759451124,1
17,P24,P24,Pre_P24,1,0.6470241197588302,1
17,P24,P24,Pre_P24,1,0.6474448833741172,1
18,P25,P25,Pre_P25,0,0.42863476093140346,0
18,P25,P25,Pre_P25,0,0.4333627017667519,0
18,P25,P25,Pre_P25,0,0.42407178236452453,0
18,P25,P25,Pre_P25,0,0.40639801912825463,0
18,P25,P25,Pre_P25,0,0.4271666666583617,0
18,P25,P25,Pre_P25,0,0.4701841329250652,0
18,P25,P25,Pre_P25,0,0.45195140662040933,0
18,P25,P25,Pre_P25,0,0.4157199492834178,0
18,P25,P25,Pre_P25,0,0.3460156304857364,0
18,P25,P25,Pre_P25,0,0.38319630302677493,0
18,P25,P25,Pre_P25,0,0.46355043582090394,0
18,P25,P25,Pre_P25,0,0.4265932968812357,0
18,P25,P25,Pre_P25,0,0.43360892790181904,0
18,P25,P25,Pre_P25,0,0.42867788145635216,0
18,P25,P25,Pre_P25,0,0.42881225664308104,0
18,P25,P25,Pre_P25,0,0.38953273867563615,0
18,P25,P25,Pre_P25,0,0.3879386293504285,0
18,P25,P25,Pre_P25,0,0.3903138630750774,0
18,P25,P25,Pre_P25,0,0.4311346957247696,0
18,P25,P25,Pre_P25,0,0.47759297417534463,0
18,P25,P25,Pre_P25,0,0.45422820736862907,0
18,P25,P25,Pre_P25,0,0.3358987480923275,0
18,P25,P25,Pre_P25,0,0.46146955830673214,0
18,P25,P25,Pre_P25,0,0.40633320876727497,0
18,P25,P25,Pre_P25,0,0.42328622506311303,0
18,P25,P25,Pre_P25,0,0.4598446693748022,0
18,P25,P25,Pre_P25,0,0.42793275387594776,0
18,P25,P25,Pre_P25,0,0.4851071251654182,0
18,P25,P25,Pre_P25,0,0.47718957692351466,0
18,P25,P25,Pre_P25,0,0.43560150422419064,0
18,P25,P25,Pre_P25,0,0.4266203192896161,0
18,P25,P25,Pre_P25,0,0.42397998090766936,0
18,P25,P25,Pre_P25,0,0.40889165533537297,0
18,P25,P25,Pre_P25,0,0.41835237887145726,0
18,P25,P25,Pre_P25,0,0.4543646517147709,0
18,P25,P25,Pre_P25,0,0.42164250187613767,0
18,P25,P25,Pre_P25,0,0.4713787498231434,0
18,P25,P25,Pre_P25,0,0.4171946775966994,0
18,P25,P25,Pre_P25,0,0.40400365570982816,0
18,P25,P25,Pre_P25,0,0.42388690062072193,0
18,P25,P25,Pre_P25,0,0.42238059064503236,0
18,P25,P25,Pre_P25,0,0.4087217651941567,0
18,P25,P25,Pre_P25,0,0.4275854447489602,0
18,P25,P25,Pre_P25,0,0.4215408671852685,0
18,P25,P25,Pre_P25,0,0.43272050427728087,0
18,P25,P25,Pre_P25,0,0.42568430423161224,0
18,P25,P25,Pre_P25,0,0.4102276321734536,0
18,P25,P25,Pre_P25,0,0.4164731964165414,0
18,P25,P25,Pre_P25,0,0.4305094483255379,0
18,P25,P25,Pre_P25,0,0.41066358454285595,0
18,P25,P25,Pre_P25,0,0.3528554676939712,0
18,P25,P25,Pre_P25,0,0.3878988605126796,0
18,P25,P25,Pre_P25,0,0.40803570975088055,0
18,P25,P25,Pre_P25,0,0.3790159848710875,0
18,P25,P25,Pre_P25,0,0.41840246816423743,0
18,P25,P25,Pre_P25,0,0.423597224116443,0
18,P25,P25,Pre_P25,0,0.40055186279680516,0
18,P25,P25,Pre_P25,0,0.48503322703468266,0
18,P25,P25,Pre_P25,0,0.4119460074267212,0
18,P25,P25,Pre_P25,0,0.4675965207138545,0
18,P25,P25,Pre_P25,0,0.4165408328728939,0
18,P25,P25,Pre_P25,0,0.4144603626432891,0
18,P25,P25,Pre_P25,0,0.42016644447944174,0
18,P25,P25,Pre_P25,0,0.4772731455681799,0
18,P25,P25,Pre_P25,0,0.47379962507212087,0
18,P25,P25,Pre_P25,0,0.3759471241327465,0
18,P25,P25,Pre_P25,0,0.400955984274482,0
18,P25,P25,Pre_P25,0,0.42863533000007586,0
18,P25,P25,Pre_P25,0,0.4195772736414291,0
18,P25,P25,Pre_P25,0,0.36989456409417015,0
18,P25,P25,Pre_P25,0,0.46110072409807007,0
18,P25,P25,Pre_P25,0,0.4403057714661374,0
18,P25,P25,Pre_P25,0,0.4546857606280225,0
18,P25,P25,Pre_P25,0,0.42971433075501625,0
18,P25,P25,Pre_P25,0,0.38289415133535964,0
18,P25,P25,Pre_P25,0,0.40337626823349393,0
18,P25,P25,Pre_P25,0,0.4103925926733483,0
18,P25,P25,Pre_P25,0,0.39188052086109393,0
18,P25,P25,Pre_P25,0,0.4051764478481447,0
18,P25,P25,Pre_P25,0,0.45280878797192015,0
18,P25,P25,Pre_P25,0,0.42538638242217985,0
18,P25,P25,Pre_P25,0,0.42255355978133413,0
18,P25,P25,Pre_P25,0,0.46528905745658805,0
18,P25,P25,Pre_P25,0,0.4602483682897651,0
18,P25,P25,Pre_P25,0,0.417384340439568,0
18,P25,P25,Pre_P25,0,0.43650954789374435,0
18,P25,P25,Pre_P25,0,0.44201797968033196,0
18,P25,P25,Pre_P25,0,0.3640704930628345,0
18,P25,P25,Pre_P25,0,0.4112452502759553,0
18,P25,P25,Pre_P25,0,0.36172292706407827,0
18,P25,P25,Pre_P25,0,0.40334417026328273,0
18,P25,P25,Pre_P25,0,0.4234167088323559,0
18,P25,P25,Pre_P25,0,0.4898433566580246,0
18,P25,P25,Pre_P25,0,0.4693827723526476,0
18,P25,P25,Pre_P25,0,0.4385823873507732,0
18,P25,P25,Pre_P25,0,0.4663277086893023,0
18,P25,P25,Pre_P25,0,0.41851028889430447,0
18,P25,P25,Pre_P25,0,0.44834101468016785,0
18,P25,P25,Pre_P25,0,0.4680322039623112,0
18,P25,P25,Pre_P25,0,0.42112435640239065,0
18,P25,P25,Pre_P25,0,0.4539829663987376,0
18,P25,P25,Pre_P25,0,0.4265856994619967,0
18,P25,P25,Pre_P25,0,0.4211706825031657,0
18,P25,P25,Pre_P25,0,0.4745143763080571,0
18,P25,P25,Pre_P25,0,0.4756398489374487,0
18,P25,P25,Pre_P25,0,0.3546470897789303,0
18,P25,P25,Pre_P25,0,0.4210057220032709,0
18,P25,P25,Pre_P25,0,0.425849264731507,0
18,P25,P25,Pre_P25,0,0.3501287027674837,0
18,P25,P25,Pre_P25,0,0.4105786285030478,0
18,P25,P25,Pre_P25,0,0.43326632168133594,0
18,P25,P25,Pre_P25,0,0.4199698659438433,0
18,P25,P25,Pre_P25,0,0.36361427331507956,0
18,P25,P25,Pre_P25,0,0.4176885960052447,0
18,P25,P25,Pre_P25,0,0.38941070016238205,0
18,P25,P25,Pre_P25,0,0.41643829914503144,0
18,P25,P25,Pre_P25,0,0.42479804647419633,0
18,P25,P25,Pre_P25,0,0.44537719600752823,0
18,P25,P25,Pre_P25,0,0.45767254498045945,0
18,P25,P25,Pre_P25,0,0.4279348697628456,0
18,P25,P25,Pre_P25,0,0.37823092525399016,0
18,P25,P25,Pre_P25,0,0.4530599616759383,0
18,P25,P25,Pre_P25,0,0.40454016518427655,0
18,P25,P25,Pre_P25,0,0.42065391944984787,0
18,P25,P25,Pre_P25,0,0.4258727357059386,0
18,P25,P25,Pre_P25,0,0.4139258711994351,0
18,P25,P25,Pre_P25,0,0.4055618969982797,0
18,P25,P25,Pre_P25,0,0.47221035475615747,0
18,P25,P25,Pre_P25,0,0.41535916658803407,0
18,P25,P25,Pre_P25,0,0.3873434696915343,0
18,P25,P25,Pre_P25,0,0.3696129256514744,0
18,P25,P25,Pre_P25,0,0.42425800302623357,0
18,P25,P25,Pre_P25,0,0.4049418594536004,0
18,P25,P25,Pre_P25,0,0.4153182550140939,0
18,P25,P25,Pre_P25,0,0.4682106951544268,0
18,P25,P25,Pre_P25,0,0.3954737507160637,0
18,P25,P25,Pre_P25,0,0.40558819509495486,0
18,P25,P25,Pre_P25,0,0.4225403489846035,0
18,P25,P25,Pre_P25,0,0.4115520462515398,0
18,P25,P25,Pre_P25,0,0.4341864750358418,0
18,P25,P25,Pre_P25,0,0.4165293050163617,0
18,P25,P25,Pre_P25,0,0.42127691376080295,0
18,P25,P25,Pre_P25,0,0.4494913981265592,0
18,P25,P25,Pre_P25,0,0.40778933883431484,0
18,P25,P25,Pre_P25,0,0.41021112113959535,0
18,P25,P25,Pre_P25,0,0.4276649518767311,0
18,P25,P25,Pre_P25,0,0.4287265319693502,0
18,P25,P25,Pre_P25,0,0.41453608034196754,0
18,P25,P25,Pre_P25,0,0.41727017778521325,0
18,P25,P25,Pre_P25,0,0.4197579178851638,0
18,P25,P25,Pre_P25,0,0.3734874740192577,0
18,P25,P25,Pre_P25,0,0.4347353388892546,0
18,P25,P25,Pre_P25,0,0.433162496383026,0
18,P25,P25,Pre_P25,0,0.42721090528123123,0
18,P25,P25,Pre_P25,0,0.42110179337704334,0
18,P25,P25,Pre_P25,0,0.3871230173622091,0
18,P25,P25,Pre_P25,0,0.41662564709216554,0
18,P25,P25,Pre_P25,0,0.42264868268765254,0
18,P25,P25,Pre_P25,0,0.36467112250491146,0
18,P25,P25,Pre_P25,0,0.46439749784546425,0
18,P25,P25,Pre_P25,0,0.43612210009173746,0
18,P25,P25,Pre_P25,0,0.42973320986771996,0
18,P25,P25,Pre_P25,0,0.4080053317043524,0
18,P25,P25,Pre_P25,0,0.42575687282151675,0
18,P25,P25,Pre_P25,0,0.3939110523758241,0
18,P25,P25,Pre_P25,0,0.467918151952348,0
18,P25,P25,Pre_P25,0,0.415656125672771,0
18,P25,P25,Pre_P25,0,0.4299411043696721,0
18,P25,P25,Pre_P25,0,0.4709485816658988,0
18,P25,P25,Pre_P25,0,0.4306877304611818,0
18,P25,P25,Pre_P25,0,0.4154964902813901,0
18,P25,P25,Pre_P25,0,0.42289991261326515,0
18,P25,P25,Pre_P25,0,0.47420675013693797,0
18,P25,P25,Pre_P25,0,0.46544208669362397,0
18,P25,P25,Pre_P25,0,0.43257678518616244,0
18,P25,P25,Pre_P25,0,0.47843785747356987,0
18,P25,P25,Pre_P25,0,0.46944100157006424,0
18,P25,P25,Pre_P25,0,0.46730748460471216,0
18,P25,P25,Pre_P25,0,0.42009104318802176,0
18,P25,P25,Pre_P25,0,0.425739078757574,0
18,P25,P25,Pre_P25,0,0.39614501485336845,0
18,P25,P25,Pre_P25,0,0.4268505552439348,0
18,P25,P25,Pre_P25,0,0.4108917058225865,0
18,P25,P25,Pre_P25,0,0.36670301211967854,0
18,P25,P25,Pre_P25,0,0.41880416243356133,0
18,P25,P25,Pre_P25,0,0.41156539138900605,0
18,P25,P25,Pre_P25,0,0.39698473789096445,0
18,P25,P25,Pre_P25,0,0.43169381678370167,0
18,P25,P25,Pre_P25,0,0.4645087666541798,0
18,P25,P25,Pre_P25,0,0.433287874588328,0
18,P25,P25,Pre_P25,0,0.4184058719974774,0
18,P25,P25,Pre_P25,0,0.4344882021071235,0
18,P25,P25,Pre_P25,0,0.41835728507237624,0
18,P25,P25,Pre_P25,0,0.41248648959169554,0
18,P25,P25,Pre_P25,0,0.44573764972553237,0
18,P25,P25,Pre_P25,0,0.3771049293930597,0
18,P25,P25,Pre_P25,0,0.42344711895678316,0
18,P25,P25,Pre_P25,0,0.4234503597237594,0
18,P25,P25,Pre_P25,0,0.41840246816423743,0
18,P25,P25,Pre_P25,0,0.4096390958506015,0
18,P25,P25,Pre_P25,0,0.4274705076177179,0
18,P25,P25,Pre_P25,0,0.4176720118244603,0
18,P25,P25,Pre_P25,0,0.42428777002216034,0
18,P25,P25,Pre_P25,0,0.4315776684505513,0
18,P25,P25,Pre_P25,0,0.4742992759388415,0
18,P25,P25,Pre_P25,0,0.4256300805310139,0
18,P25,P25,Pre_P25,0,0.4132209919764513,0
18,P25,P25,Pre_P25,0,0.43220594329840223,0
18,P25,P25,Pre_P25,0,0.42238401685831345,0
18,P25,P25,Pre_P25,0,0.4067800746862436,0
18,P25,P25,Pre_P25,0,0.41527425385384387,0
18,P25,P25,Pre_P25,0,0.36516311305314425,0
18,P25,P25,Pre_P25,0,0.4662554756676213,0
18,P25,P25,Pre_P25,0,0.4124706196936941,0
18,P25,P25,Pre_P25,0,0.3771232432060811,0
18,P25,P25,Pre_P25,0,0.423242243214065,0
18,P25,P25,Pre_P25,0,0.44455924308551553,0
18,P25,P25,Pre_P25,0,0.41479441399079464,0
18,P25,P25,Pre_P25,0,0.42069040028007393,0
18,P25,P25,Pre_P25,0,0.4050400763636434,0
18,P25,P25,Pre_P25,0,0.419915374817468,0
18,P25,P25,Pre_P25,0,0.39229465887787573,0
18,P25,P25,Pre_P25,0,0.4729742959271345,0
18,P25,P25,Pre_P25,0,0.3766135511125762,0
18,P25,P25,Pre_P25,0,0.4523552854067567,0
18,P25,P25,Pre_P25,0,0.44996451977017327,0
18,P25,P25,Pre_P25,0,0.3870721873877211,0
18,P25,P25,Pre_P25,0,0.4347522021713676,0
18,P25,P25,Pre_P25,0,0.42571568661057396,0
18,P25,P25,Pre_P25,0,0.4309794353185571,0
18,P25,P25,Pre_P25,0,0.3955825365564618,0
18,P25,P25,Pre_P25,0,0.38458428106876735,0
18,P25,P25,Pre_P25,0,0.4117128959692959,0
18,P25,P25,Pre_P25,0,0.36717002867996007,0
18,P25,P25,Pre_P25,0,0.44678718303161985,0
18,P25,P25,Pre_P25,0,0.42223503755127967,0
18,P25,P25,Pre_P25,0,0.4623301715587701,0
18,P25,P25,Pre_P25,0,0.41210900659720745,0
18,P25,P25,Pre_P25,0,0.4572581186348129,0
18,P25,P25,Pre_P25,0,0.4351343549521967,0
18,P25,P25,Pre_P25,0,0.44388309699819123,0
18,P25,P25,Pre_P25,0,0.39768646279546116,0
18,P25,P25,Pre_P25,0,0.41617544127617556,0
18,P25,P25,Pre_P25,0,0.42746059405654746,0
18,P25,P25,Pre_P25,0,0.46910029024891803,0
18,P25,P25,Pre_P25,0,0.4105483571316101,0
18,P25,P25,Pre_P25,0,0.42989057019882043,0
18,P25,P25,Pre_P25,0,0.42078962902643846,0
18,P25,P25,Pre_P25,0,0.3902983043357698,0
18,P25,P25,Pre_P25,0,0.41962263869235567,0
18,P25,P25,Pre_P25,0,0.4224616724620751,0
18,P25,P25,Pre_P25,0,0.42008759095069037,0
18,P25,P25,Pre_P25,0,0.44211307186144205,0
18,P25,P25,Pre_P25,0,0.405847910457103,0
18,P25,P25,Pre_P25,0,0.4532377766529636,0
18,P25,P25,Pre_P25,0,0.4133283186437042,0
18,P25,P25,Pre_P25,0,0.4248541347230629,0
18,P25,P25,Pre_P25,0,0.41393493879500703,0
18,P25,P25,Pre_P25,0,0.44934303899265743,0
18,P25,P25,Pre_P25,0,0.4308772768879885,0
18,P25,P25,Pre_P25,0,0.4223311764759215,0
18,P25,P25,Pre_P25,0,0.4817732254807747,0
18,P25,P25,Pre_P25,0,0.4120330055626499,0
18,P25,P25,Pre_P25,0,0.42422881653952893,0
18,P25,P25,Pre_P25,0,0.4083423123656839,0
18,P25,P25,Pre_P25,0,0.4225451863964221,0
18,P25,P25,Pre_P25,0,0.45804756523322365,0
18,P25,P25,Pre_P25,0,0.4188137995806979,0
18,P25,P25,Pre_P25,0,0.42842021598512986,0
18,P25,P25,Pre_P25,0,0.4687943201820892,0
18,P25,P25,Pre_P25,0,0.4276160276804835,0
18,P25,P25,Pre_P25,0,0.3914122047344594,0
18,P25,P25,Pre_P25,0,0.4343055670484886,0
18,P25,P25,Pre_P25,0,0.43027501866195117,0
18,P25,P25,Pre_P25,0,0.41974777534272656,0
18,P25,P25,Pre_P25,0,0.4354705089207744,0
18,P25,P25,Pre_P25,0,0.4237537314111005,0
18,P25,P25,Pre_P25,0,0.45052074887930504,0
18,P25,P25,Pre_P25,0,0.4341064261633743,0
18,P25,P25,Pre_P25,0,0.44383739485384877,0
18,P25,P25,Pre_P25,0,0.42237069377513464,0
18,P25,P25,Pre_P25,0,0.4115452186866646,0
18,P25,P25,Pre_P25,0,0.4483701788033912,0
18,P25,P25,Pre_P25,0,0.35805219536019356,0
18,P25,P25,Pre_P25,0,0.4203569650543136,0
18,P25,P25,Pre_P25,0,0.41752927861002903,0
18,P25,P25,Pre_P25,0,0.40562754282611174,0
18,P25,P25,Pre_P25,0,0.4219504045131702,0
18,P25,P25,Pre_P25,0,0.4286941486833602,0
18,P25,P25,Pre_P25,0,0.42345118556300776,0
18,P25,P25,Pre_P25,0,0.4522378301417472,0
18,P25,P25,Pre_P25,0,0.4070510253624089,0
18,P25,P25,Pre_P25,0,0.4713040458142113,0
18,P25,P25,Pre_P25,0,0.4723957128649944,0
18,P25,P25,Pre_P25,0,0.492131172372895,0
18,P25,P25,Pre_P25,0,0.4106863754820475,0
18,P25,P25,Pre_P25,0,0.3569666868386046,0
18,P25,P25,Pre_P25,0,0.4194432354964367,0
18,P25,P25,Pre_P25,0,0.42902859092794154,0
18,P25,P25,Pre_P25,0,0.43669810365721573,0
18,P25,P25,Pre_P25,0,0.47051286359424704,0
18,P25,P25,Pre_P25,0,0.41795620955066887,0
18,P25,P25,Pre_P25,0,0.40222298390023364,0
18,P25,P25,Pre_P25,0,0.4105196920032182,0
18,P25,P25,Pre_P25,0,0.477025596376472,0
18,P25,P25,Pre_P25,0,0.42988886002288484,0
18,P25,P25,Pre_P25,0,0.4270396967470733,0
18,P25,P25,Pre_P25,0,0.4381193736220777,0
18,P25,P25,Pre_P25,0,0.45574127190387015,0
18,P25,P25,Pre_P25,0,0.395736770683708,0
18,P25,P25,Pre_P25,0,0.35554256066146095,0
18,P25,P25,Pre_P25,0,0.4558076611354435,0
18,P25,P25,Pre_P25,0,0.352924115101852,0
18,P25,P25,Pre_P25,0,0.3721420163221782,0
18,P25,P25,Pre_P25,0,0.38843835196855797,0
18,P25,P25,Pre_P25,0,0.4138365052487969,0
18,P25,P25,Pre_P25,0,0.4096930102718463,0
18,P25,P25,Pre_P25,0,0.4619290066290831,0
18,P25,P25,Pre_P25,0,0.45748164538516867,0
18,P25,P25,Pre_P25,0,0.3710174657669662,0
18,P25,P25,Pre_P25,0,0.4551079982854142,0
18,P25,P25,Pre_P25,0,0.4425586661261495,0
18,P25,P25,Pre_P25,0,0.4194736837608827,0
18,P25,P25,Pre_P25,0,0.40364686944397293,0
18,P25,P25,Pre_P25,0,0.41198927046171196,0
18,P25,P25,Pre_P25,0,0.4097340128811437,0
18,P25,P25,Pre_P25,0,0.41780429469424873,0
18,P25,P25,Pre_P25,0,0.4089331438424175,0
18,P25,P25,Pre_P25,0,0.463548606711221,0
18,P25,P25,Pre_P25,0,0.3752653586253136,0
18,P25,P25,Pre_P25,0,0.41943496780477885,0
18,P25,P25,Pre_P25,0,0.4643664345077113,0
18,P25,P25,Pre_P25,0,0.41469884932908396,0
18,P25,P25,Pre_P25,0,0.3950089803345374,0
18,P25,P25,Pre_P25,0,0.4029947468021371,0
18,P25,P25,Pre_P25,0,0.42268732486641253,0
18,P25,P25,Pre_P25,0,0.4477886052566006,0
18,P25,P25,Pre_P25,0,0.4653833572279665,0
18,P25,P25,Pre_P25,0,0.45448770599414584,0
18,P25,P25,Pre_P25,0,0.46436965724725204,0
18,P25,P25,Pre_P25,0,0.42915555908458664,0
18,P25,P25,Pre_P25,0,0.3728446121208372,0
18,P25,P25,Pre_P25,0,0.4708368239785224,0
18,P25,P25,Pre_P25,0,0.46890795431679816,0
18,P25,P25,Pre_P25,0,0.35599425056580636,0
18,P25,P25,Pre_P25,0,0.36584988560067594,0
18,P25,P25,Pre_P25,0,0.42378239690930636,0
18,P25,P25,Pre_P25,0,0.42152762245524605,0
18,P25,P25,Pre_P25,0,0.41583074809210974,0
18,P25,P25,Pre_P25,0,0.3692684178020466,0
18,P25,P25,Pre_P25,0,0.41530861122442037,0
18,P25,P25,Pre_P25,0,0.38889391671416634,0
18,P25,P25,Pre_P25,0,0.4166503256238223,0
18,P25,P25,Pre_P25,0,0.42692029574179596,0
18,P25,P25,Pre_P25,0,0.4188137995806979,0
18,P25,P25,Pre_P25,0,0.3493096841610817,0
18,P25,P25,Pre_P25,0,0.45974957583039733,0
18,P25,P25,Pre_P25,0,0.4259396769103891,0
18,P25,P25,Pre_P25,0,0.41363639166237076,0
18,P25,P25,Pre_P25,0,0.3734434759077814,0
18,P25,P25,Pre_P25,0,0.46845207013814943,0
18,P25,P25,Pre_P25,0,0.4526697049462755,0
18,P25,P25,Pre_P25,0,0.46869454182728754,0
18,P25,P25,Pre_P25,0,0.4171211051689772,0
18,P25,P25,Pre_P25,0,0.4102987245542165,0
18,P25,P25,Pre_P25,0,0.4184868912656949,0
18,P25,P25,Pre_P25,0,0.4105681947443817,0
18,P25,P25,Pre_P25,0,0.4320010301480537,0
18,P25,P25,Pre_P25,0,0.4168202322873679,0
18,P25,P25,Pre_P25,0,0.4818222579663514,0
18,P25,P25,Pre_P25,0,0.39417731988476795,0
19,P26,P26,Pre_P26,1,0.7349647093164673,1
19,P26,P26,Pre_P26,1,0.7551981331318192,1
19,P26,P26,Pre_P26,1,0.7340178962462806,1
19,P26,P26,Pre_P26,1,0.7565876889188853,1
19,P26,P26,Pre_P26,1,0.638839082003293,1
19,P26,P26,Pre_P26,1,0.7587180153092523,1
19,P26,P26,Pre_P26,1,0.7391221891295251,1
19,P26,P26,Pre_P26,1,0.7478549221479238,1
19,P26,P26,Pre_P26,1,0.7360193272488266,1
19,P26,P26,Pre_P26,1,0.7465062599911718,1
19,P26,P26,Pre_P26,1,0.75691578155466,1
19,P26,P26,Pre_P26,1,0.7504737837386205,1
19,P26,P26,Pre_P26,1,0.6936883681024918,1
19,P26,P26,Pre_P26,1,0.7793110666099491,1
19,P26,P26,Pre_P26,1,0.7909927513828438,1
19,P26,P26,Pre_P26,1,0.7202141900899627,1
19,P26,P26,Pre_P26,1,0.773113493376825,1
19,P26,P26,Pre_P26,1,0.7362044192371321,1
19,P26,P26,Pre_P26,1,0.6842052807502463,1
19,P26,P26,Pre_P26,1,0.7014297383037823,1
19,P26,P26,Pre_P26,1,0.7001421661202508,1
19,P26,P26,Pre_P26,1,0.6854337446282531,1
19,P26,P26,Pre_P26,1,0.6752127301043255,1
19,P26,P26,Pre_P26,1,0.6435678644804979,1
19,P26,P26,Pre_P26,1,0.7187922417623422,1
19,P26,P26,Pre_P26,1,0.6713675126593512,1
19,P26,P26,Pre_P26,1,0.6926018822471968,1
19,P26,P26,Pre_P26,1,0.731881424974369,1
19,P26,P26,Pre_P26,1,0.6646226106030745,1
19,P26,P26,Pre_P26,1,0.6804511028013402,1
19,P26,P26,Pre_P26,1,0.7606697434744673,1
19,P26,P26,Pre_P26,1,0.7212847110625088,1
19,P26,P26,Pre_P26,1,0.7254114194538751,1
19,P26,P26,Pre_P26,1,0.7292114747491686,1
19,P26,P26,Pre_P26,1,0.6452914339190718,1
19,P26,P26,Pre_P26,1,0.6532996785530042,1
19,P26,P26,Pre_P26,1,0.7633865458566089,1
19,P26,P26,Pre_P26,1,0.7135020428698607,1
19,P26,P26,Pre_P26,1,0.7964563380797373,1
19,P26,P26,Pre_P26,1,0.7493933284327199,1
19,P26,P26,Pre_P26,1,0.7295751184667854,1
19,P26,P26,Pre_P26,1,0.7330796530327466,1
19,P26,P26,Pre_P26,1,0.7343861693313369,1
19,P26,P26,Pre_P26,1,0.6744972882024098,1
19,P26,P26,Pre_P26,1,0.6566106693679546,1
19,P26,P26,Pre_P26,1,0.7537106190824941,1
19,P26,P26,Pre_P26,1,0.6706137399506943,1
19,P26,P26,Pre_P26,1,0.6712955025718015,1
19,P26,P26,Pre_P26,1,0.7903448880437816,1
19,P26,P26,Pre_P26,1,0.6372047664370527,1
19,P26,P26,Pre_P26,1,0.6236155675204118,1
19,P26,P26,Pre_P26,1,0.7532021339094861,1
19,P26,P26,Pre_P26,1,0.7007313140154824,1
19,P26,P26,Pre_P26,1,0.6195030809988153,1
19,P26,P26,Pre_P26,1,0.7273882917197492,1
19,P26,P26,Pre_P26,1,0.6945953162952281,1
19,P26,P26,Pre_P26,1,0.6518498413595742,1
19,P26,P26,Pre_P26,1,0.7680428605776624,1
19,P26,P26,Pre_P26,1,0.64488864487021,1
19,P26,P26,Pre_P26,1,0.715244725479809,1
19,P26,P26,Pre_P26,1,0.6861445974881021,1
19,P26,P26,Pre_P26,1,0.6689392271508009,1
19,P26,P26,Pre_P26,1,0.7369842912307022,1
19,P26,P26,Pre_P26,1,0.7311310677999229,1
19,P26,P26,Pre_P26,1,0.7550043676640783,1
19,P26,P26,Pre_P26,1,0.7495998512566916,1
19,P26,P26,Pre_P26,1,0.6831326591435603,1
19,P26,P26,Pre_P26,1,0.7787707053286967,1
19,P26,P26,Pre_P26,1,0.7037995581680427,1
19,P26,P26,Pre_P26,1,0.7532021339094861,1
19,P26,P26,Pre_P26,1,0.7429839336613729,1
19,P26,P26,Pre_P26,1,0.7478712719930264,1
19,P26,P26,Pre_P26,1,0.680018442407016,1
19,P26,P26,Pre_P26,1,0.7529560129496679,1
19,P26,P26,Pre_P26,1,0.6920550970791809,1
19,P26,P26,Pre_P26,1,0.6770558884122669,1
19,P26,P26,Pre_P26,1,0.7343861693313369,1
19,P26,P26,Pre_P26,1,0.6301964193631834,1
19,P26,P26,Pre_P26,1,0.7528549527881058,1
19,P26,P26,Pre_P26,1,0.75691578155466,1
19,P26,P26,Pre_P26,1,0.75691578155466,1
19,P26,P26,Pre_P26,1,0.712365042281022,1
19,P26,P26,Pre_P26,1,0.7551981331318192,1
19,P26,P26,Pre_P26,1,0.6977262633313461,1
19,P26,P26,Pre_P26,1,0.7260043410051445,1
19,P26,P26,Pre_P26,1,0.7280188563971302,1
19,P26,P26,Pre_P26,1,0.7434437512128347,1
19,P26,P26,Pre_P26,1,0.6211580319746941,1
19,P26,P26,Pre_P26,1,0.6966743994009319,1
19,P26,P26,Pre_P26,1,0.7528549527881058,1
19,P26,P26,Pre_P26,1,0.679034952209357,1
19,P26,P26,Pre_P26,1,0.7358523713802302,1
19,P26,P26,Pre_P26,1,0.678290669757073,1
19,P26,P26,Pre_P26,1,0.6430530777094772,1
19,P26,P26,Pre_P26,1,0.6889756803893516,1
19,P26,P26,Pre_P26,1,0.7224724664208332,1
19,P26,P26,Pre_P26,1,0.7324031868885709,1
19,P26,P26,Pre_P26,1,0.7536976380518885,1
19,P26,P26,Pre_P26,1,0.7294783443115417,1
19,P26,P26,Pre_P26,1,0.7378666127478908,1
19,P26,P26,Pre_P26,1,0.7320830460666257,1
19,P26,P26,Pre_P26,1,0.7540861855470814,1
19,P26,P26,Pre_P26,1,0.7854113618695101,1
19,P26,P26,Pre_P26,1,0.621745636335506,1
19,P26,P26,Pre_P26,1,0.6445911381146663,1
19,P26,P26,Pre_P26,1,0.7148357981757713,1
19,P26,P26,Pre_P26,1,0.7363821685536701,1
19,P26,P26,Pre_P26,1,0.7025599330055137,1
19,P26,P26,Pre_P26,1,0.7287878874562094,1
19,P26,P26,Pre_P26,1,0.6616043950460648,1
19,P26,P26,Pre_P26,1,0.5612136261926766,1
19,P26,P26,Pre_P26,1,0.7551981331318192,1
19,P26,P26,Pre_P26,1,0.6944808935025356,1
19,P26,P26,Pre_P26,1,0.6907269633862982,1
19,P26,P26,Pre_P26,1,0.702489456747651,1
19,P26,P26,Pre_P26,1,0.7641020730797295,1
19,P26,P26,Pre_P26,1,0.647678585208571,1
19,P26,P26,Pre_P26,1,0.6380106726964831,1
19,P26,P26,Pre_P26,1,0.7584532346632332,1
19,P26,P26,Pre_P26,1,0.7384600148774584,1
19,P26,P26,Pre_P26,1,0.6543679109680101,1
19,P26,P26,Pre_P26,1,0.7255827249840435,1
19,P26,P26,Pre_P26,1,0.7265217031557477,1
19,P26,P26,Pre_P26,1,0.7551981331318192,1
19,P26,P26,Pre_P26,1,0.7477145726570026,1
19,P26,P26,Pre_P26,1,0.6952927670499901,1
19,P26,P26,Pre_P26,1,0.7007979517970114,1
19,P26,P26,Pre_P26,1,0.6919743618066091,1
19,P26,P26,Pre_P26,1,0.7550043676640783,1
19,P26,P26,Pre_P26,1,0.7330796530327466,1
19,P26,P26,Pre_P26,1,0.7014206428886591,1
19,P26,P26,Pre_P26,1,0.7271937934938187,1
19,P26,P26,Pre_P26,1,0.7239818357224397,1
19,P26,P26,Pre_P26,1,0.746498165378917,1
19,P26,P26,Pre_P26,1,0.76902777760224,1
19,P26,P26,Pre_P26,1,0.6533420907731522,1
19,P26,P26,Pre_P26,1,0.7494060857889507,1
19,P26,P26,Pre_P26,1,0.6732494664103983,1
19,P26,P26,Pre_P26,1,0.65650484102517,1
19,P26,P26,Pre_P26,1,0.7468867128741099,1
19,P26,P26,Pre_P26,1,0.746498165378917,1
19,P26,P26,Pre_P26,1,0.715224363176375,1
19,P26,P26,Pre_P26,1,0.7360510035834926,1
19,P26,P26,Pre_P26,1,0.7825661681413633,1
19,P26,P26,Pre_P26,1,0.7106749704255733,1
19,P26,P26,Pre_P26,1,0.7739201476518406,1
19,P26,P26,Pre_P26,1,0.6907558408161274,1
19,P26,P26,Pre_P26,1,0.7430710917737552,1
19,P26,P26,Pre_P26,1,0.7527088801635662,1
19,P26,P26,Pre_P26,1,0.7009744243897307,1
19,P26,P26,Pre_P26,1,0.6974613697753805,1
19,P26,P26,Pre_P26,1,0.6599809594753303,1
19,P26,P26,Pre_P26,1,0.6255289003292037,1
19,P26,P26,Pre_P26,1,0.6481818910706069,1
19,P26,P26,Pre_P26,1,0.7502863004891015,1
19,P26,P26,Pre_P26,1,0.7031015185803894,1
19,P26,P26,Pre_P26,1,0.678213899415427,1
19,P26,P26,Pre_P26,1,0.8909349832745636,1
19,P26,P26,Pre_P26,1,0.7127237532158714,1
19,P26,P26,Pre_P26,1,0.6560036249794283,1
19,P26,P26,Pre_P26,1,0.6476858589570086,1
19,P26,P26,Pre_P26,1,0.7106953561591833,1
19,P26,P26,Pre_P26,1,0.6797629909153077,1
19,P26,P26,Pre_P26,1,0.7777277453551421,1
19,P26,P26,Pre_P26,1,0.7932012365483231,1
19,P26,P26,Pre_P26,1,0.7106953561591833,1
19,P26,P26,Pre_P26,1,0.6645478291460233,1
19,P26,P26,Pre_P26,1,0.7401827443435408,1
19,P26,P26,Pre_P26,1,0.6472841110681118,1
19,P26,P26,Pre_P26,1,0.6764626605556867,1
19,P26,P26,Pre_P26,1,0.7805844317483613,1
19,P26,P26,Pre_P26,1,0.7724766446013949,1
19,P26,P26,Pre_P26,1,0.6518127697171804,1
19,P26,P26,Pre_P26,1,0.7322637748217259,1
19,P26,P26,Pre_P26,1,0.7273350196793876,1
19,P26,P26,Pre_P26,1,0.7953039172715022,1
19,P26,P26,Pre_P26,1,0.7065791002252579,1
19,P26,P26,Pre_P26,1,0.7534669145555051,1
19,P26,P26,Pre_P26,1,0.7230483793955129,1
19,P26,P26,Pre_P26,1,0.7122636120419124,1
19,P26,P26,Pre_P26,1,0.7112605532420108,1
19,P26,P26,Pre_P26,1,0.7565876889188853,1
19,P26,P26,Pre_P26,1,0.7019867966848321,1
19,P26,P26,Pre_P26,1,0.7482943088896908,1
19,P26,P26,Pre_P26,1,0.6814522501157738,1
19,P26,P26,Pre_P26,1,0.7661612235660188,1
19,P26,P26,Pre_P26,1,0.7333726899067976,1
19,P26,P26,Pre_P26,1,0.7528549527881058,1
19,P26,P26,Pre_P26,1,0.7482717288197801,1
19,P26,P26,Pre_P26,1,0.6681063626175517,1
19,P26,P26,Pre_P26,1,0.7418413731698017,1
19,P26,P26,Pre_P26,1,0.7565876889188853,1
19,P26,P26,Pre_P26,1,0.7567814543866261,1
19,P26,P26,Pre_P26,1,0.6430446044687612,1
19,P26,P26,Pre_P26,1,0.7219426927400715,1
19,P26,P26,Pre_P26,1,0.7056753285698925,1
19,P26,P26,Pre_P26,1,0.7614817261228443,1
19,P26,P26,Pre_P26,1,0.7710055516901198,1
19,P26,P26,Pre_P26,1,0.6752118428916035,1
19,P26,P26,Pre_P26,1,0.7495998512566916,1
19,P26,P26,Pre_P26,1,0.6692905739210185,1
19,P26,P26,Pre_P26,1,0.5758138725767228,1
19,P26,P26,Pre_P26,1,0.6982383706344751,1
19,P26,P26,Pre_P26,1,0.6946350994790521,1
19,P26,P26,Pre_P26,1,0.7534669145555051,1
19,P26,P26,Pre_P26,1,0.7276822008007678,1
19,P26,P26,Pre_P26,1,0.8007356791093005,1
19,P26,P26,Pre_P26,1,0.7565876889188853,1
19,P26,P26,Pre_P26,1,0.698741634049145,1
19,P26,P26,Pre_P26,1,0.7533325873874712,1
19,P26,P26,Pre_P26,1,0.7589710172602261,1
19,P26,P26,Pre_P26,1,0.6539088911076326,1
19,P26,P26,Pre_P26,1,0.7211075455743724,1
19,P26,P26,Pre_P26,1,0.746498165378917,1
19,P26,P26,Pre_P26,1,0.7360510035834926,1
19,P26,P26,Pre_P26,1,0.65650484102517,1
19,P26,P26,Pre_P26,1,0.7494060857889507,1
19,P26,P26,Pre_P26,1,0.6394863622653651,1
19,P26,P26,Pre_P26,1,0.7044563039458668,1
19,P26,P26,Pre_P26,1,0.7093042821967508,1
19,P26,P26,Pre_P26,1,0.6121073576361733,1
19,P26,P26,Pre_P26,1,0.7102401148073445,1
19,P26,P26,Pre_P26,1,0.7417485721729414,1
19,P26,P26,Pre_P26,1,0.7224319707852054,1
19,P26,P26,Pre_P26,1,0.6741352583723502,1
19,P26,P26,Pre_P26,1,0.775246646872964,1
19,P26,P26,Pre_P26,1,0.7068347266744618,1
19,P26,P26,Pre_P26,1,0.6958223610135315,1
19,P26,P26,Pre_P26,1,0.7153313058857285,1
19,P26,P26,Pre_P26,1,0.7834313685463639,1
19,P26,P26,Pre_P26,1,0.7291757361802134,1
19,P26,P26,Pre_P26,1,0.6900303147167269,1
19,P26,P26,Pre_P26,1,0.7426960270145633,1
19,P26,P26,Pre_P26,1,0.7613935125732393,1
19,P26,P26,Pre_P26,1,0.7029629370703859,1
19,P26,P26,Pre_P26,1,0.7499470323780719,1
19,P26,P26,Pre_P26,1,0.7495998512566916,1
19,P26,P26,Pre_P26,1,0.6737128226811174,1
19,P26,P26,Pre_P26,1,0.7492268959995133,1
19,P26,P26,Pre_P26,1,0.6845958611983272,1
19,P26,P26,Pre_P26,1,0.6805719063570663,1
19,P26,P26,Pre_P26,1,0.6559891707463247,1
19,P26,P26,Pre_P26,1,0.7255827249840435,1
19,P26,P26,Pre_P26,1,0.7632098422819619,1
19,P26,P26,Pre_P26,1,0.7221338579848886,1
19,P26,P26,Pre_P26,1,0.7517492661326642,1
19,P26,P26,Pre_P26,1,0.7047376882958168,1
19,P26,P26,Pre_P26,1,0.6942940141323155,1
19,P26,P26,Pre_P26,1,0.7388029960961681,1
19,P26,P26,Pre_P26,1,0.775731746132809,1
19,P26,P26,Pre_P26,1,0.7124815356549803,1
19,P26,P26,Pre_P26,1,0.7600365559180402,1
19,P26,P26,Pre_P26,1,0.7793110666099491,1
19,P26,P26,Pre_P26,1,0.7033178934067394,1
19,P26,P26,Pre_P26,1,0.7209313108177228,1
19,P26,P26,Pre_P26,1,0.75691578155466,1
19,P26,P26,Pre_P26,1,0.7443856243390742,1
19,P26,P26,Pre_P26,1,0.7661207072741176,1
19,P26,P26,Pre_P26,1,0.7550043676640783,1
19,P26,P26,Pre_P26,1,0.7208827520611288,1
19,P26,P26,Pre_P26,1,0.6763720456817619,1
19,P26,P26,Pre_P26,1,0.7086375376926929,1
19,P26,P26,Pre_P26,1,0.7489303245239025,1
19,P26,P26,Pre_P26,1,0.7766145468758525,1
19,P26,P26,Pre_P26,1,0.6499534486149445,1
19,P26,P26,Pre_P26,1,0.6369965295693206,1
19,P26,P26,Pre_P26,1,0.687563570371709,1
19,P26,P26,Pre_P26,1,0.7461509842575367,1
19,P26,P26,Pre_P26,1,0.7246304196108605,1
19,P26,P26,Pre_P26,1,0.7540724882444081,1
19,P26,P26,Pre_P26,1,0.6532996785530042,1
19,P26,P26,Pre_P26,1,0.727575673427783,1
19,P26,P26,Pre_P26,1,0.7497814818337974,1
19,P26,P26,Pre_P26,1,0.7204311954372592,1
19,P26,P26,Pre_P26,1,0.7528549527881058,1
19,P26,P26,Pre_P26,1,0.7448841574515244,1
19,P26,P26,Pre_P26,1,0.6611183019492345,1
19,P26,P26,Pre_P26,1,0.7476038520343585,1
19,P26,P26,Pre_P26,1,0.7427682356091457,1
19,P26,P26,Pre_P26,1,0.7494060857889507,1
19,P26,P26,Pre_P26,1,0.7440473095568358,1
19,P26,P26,Pre_P26,1,0.7311810068591712,1
19,P26,P26,Pre_P26,1,0.7159733808062537,1
19,P26,P26,Pre_P26,1,0.7944416183819988,1
19,P26,P26,Pre_P26,1,0.7302208743790962,1
19,P26,P26,Pre_P26,1,0.6764234088589404,1
19,P26,P26,Pre_P26,1,0.6906979164453861,1
19,P26,P26,Pre_P26,1,0.7325739340982039,1
19,P26,P26,Pre_P26,1,0.7438161718814216,1
19,P26,P26,Pre_P26,1,0.6963792462761141,1
19,P26,P26,Pre_P26,1,0.63992108654548,1
19,P26,P26,Pre_P26,1,0.6913729103072963,1
19,P26,P26,Pre_P26,1,0.7297761013833514,1
19,P26,P26,Pre_P26,1,0.7633269644374945,1
19,P26,P26,Pre_P26,1,0.7461017626327117,1
19,P26,P26,Pre_P26,1,0.7016368003524657,1
19,P26,P26,Pre_P26,1,0.7046848398351964,1
19,P26,P26,Pre_P26,1,0.7150318412944415,1
19,P26,P26,Pre_P26,1,0.7356150058399585,1
19,P26,P26,Pre_P26,1,0.7129143290545802,1
19,P26,P26,Pre_P26,1,0.739234930904388,1
19,P26,P26,Pre_P26,1,0.6411672845572155,1
19,P26,P26,Pre_P26,1,0.7948730168249303,1
19,P26,P26,Pre_P26,1,0.7528549527881058,1
19,P26,P26,Pre_P26,1,0.7276822008007678,1
19,P26,P26,Pre_P26,1,0.5702081734946108,1
19,P26,P26,Pre_P26,1,0.5678445600556578,1
19,P26,P26,Pre_P26,1,0.6696929045591798,1
19,P26,P26,Pre_P26,1,0.6686441916805358,1
19,P26,P26,Pre_P26,1,0.7043279756558048,1
19,P26,P26,Pre_P26,1,0.7629768338280463,1
19,P26,P26,Pre_P26,1,0.7347514333093537,1
19,P26,P26,Pre_P26,1,0.646425800529252,1
19,P26,P26,Pre_P26,1,0.7185750097735704,1
19,P26,P26,Pre_P26,1,0.7239502551119821,1
19,P26,P26,Pre_P26,1,0.6926018822471968,1
19,P26,P26,Pre_P26,1,0.75691578155466,1
19,P26,P26,Pre_P26,1,0.6762036063463625,1
19,P26,P26,Pre_P26,1,0.7756271570836082,1
19,P26,P26,Pre_P26,1,0.7253390204570545,1
19,P26,P26,Pre_P26,1,0.7499470323780719,1
19,P26,P26,Pre_P26,1,0.75691578155466,1
19,P26,P26,Pre_P26,1,0.7732939613314096,1
19,P26,P26,Pre_P26,1,0.7935999895751956,1
19,P26,P26,Pre_P26,1,0.6973119827834083,1
19,P26,P26,Pre_P26,1,0.786826108929684,1
19,P26,P26,Pre_P26,1,0.6985034776842981,1
19,P26,P26,Pre_P26,1,0.7028603253712254,1
19,P26,P26,Pre_P26,1,0.7123013182711877,1
19,P26,P26,Pre_P26,1,0.6316944548999134,1
19,P26,P26,Pre_P26,1,0.7159733808062537,1
19,P26,P26,Pre_P26,1,0.7442086862378828,1
19,P26,P26,Pre_P26,1,0.6916694098778886,1
20,P27,P27,Pre_P27,0,0.17371132844354797,0
20,P27,P27,Pre_P27,0,0.23183548725464365,0
20,P27,P27,Pre_P27,0,0.45534333007178207,0
20,P27,P27,Pre_P27,0,0.28840902824348075,0
20,P27,P27,Pre_P27,0,0.12358546183686647,0
20,P27,P27,Pre_P27,0,0.1691578056219921,0
20,P27,P27,Pre_P27,0,0.2875765345132154,0
20,P27,P27,Pre_P27,0,0.09447743277382407,0
20,P27,P27,Pre_P27,0,0.1299682250583419,0
20,P27,P27,Pre_P27,0,0.17723087711541846,0
20,P27,P27,Pre_P27,0,0.21989117218482612,0
20,P27,P27,Pre_P27,0,0.1350714753521412,0
20,P27,P27,Pre_P27,0,0.13401115776643893,0
20,P27,P27,Pre_P27,0,0.23582381247203424,0
20,P27,P27,Pre_P27,0,0.37613795443238024,0
20,P27,P27,Pre_P27,0,0.1362692740063132,0
20,P27,P27,Pre_P27,0,0.18566653691686671,0
20,P27,P27,Pre_P27,0,0.22480087312369057,0
20,P27,P27,Pre_P27,0,0.16470021429661386,0
20,P27,P27,Pre_P27,0,0.17989142014752466,0
20,P27,P27,Pre_P27,0,0.16856942676914027,0
20,P27,P27,Pre_P27,0,0.18708815167682682,0
20,P27,P27,Pre_P27,0,0.271427040250044,0
20,P27,P27,Pre_P27,0,0.1639072780266326,0
20,P27,P27,Pre_P27,0,0.13948671269025936,0
20,P27,P27,Pre_P27,0,0.23233275854763144,0
20,P27,P27,Pre_P27,0,0.14092121370064914,0
20,P27,P27,Pre_P27,0,0.12497942275436012,0
20,P27,P27,Pre_P27,0,0.1621341177504243,0
20,P27,P27,Pre_P27,0,0.15114698662241627,0
20,P27,P27,Pre_P27,0,0.1757061601967154,0
20,P27,P27,Pre_P27,0,0.15486442244449056,0
20,P27,P27,Pre_P27,0,0.19262436587184023,0
20,P27,P27,Pre_P27,0,0.1907803041185207,0
20,P27,P27,Pre_P27,0,0.16019020108345264,0
20,P27,P27,Pre_P27,0,0.18538714843429252,0
20,P27,P27,Pre_P27,0,0.30215830252548653,0
20,P27,P27,Pre_P27,0,0.21394354635240856,0
20,P27,P27,Pre_P27,0,0.45750637952527096,0
20,P27,P27,Pre_P27,0,0.14036789638296812,0
20,P27,P27,Pre_P27,0,0.15871460258928136,0
20,P27,P27,Pre_P27,0,0.4531405691504871,0
20,P27,P27,Pre_P27,0,0.18145969885513918,0
20,P27,P27,Pre_P27,0,0.16158769832200007,0
20,P27,P27,Pre_P27,0,0.2079871832076297,0
20,P27,P27,Pre_P27,0,0.1953099609457266,0
20,P27,P27,Pre_P27,0,0.19664528942558812,0
20,P27,P27,Pre_P27,0,0.17295771880033636,0
20,P27,P27,Pre_P27,0,0.37763720345994023,0
20,P27,P27,Pre_P27,0,0.17830440014674356,0
20,P27,P27,Pre_P27,0,0.152610460010384,0
20,P27,P27,Pre_P27,0,0.2155690769420013,0
20,P27,P27,Pre_P27,0,0.22212117835614473,0
20,P27,P27,Pre_P27,0,0.20811657195669966,0
20,P27,P27,Pre_P27,0,0.1296908491208767,0
20,P27,P27,Pre_P27,0,0.19185596573158586,0
20,P27,P27,Pre_P27,0,0.192330757537946,0
20,P27,P27,Pre_P27,0,0.16571624441552701,0
20,P27,P27,Pre_P27,0,0.1536068269975366,0
20,P27,P27,Pre_P27,0,0.3058726560381562,0
20,P27,P27,Pre_P27,0,0.5139380545397277,1
20,P27,P27,Pre_P27,0,0.190644381049962,0
20,P27,P27,Pre_P27,0,0.1508704767884941,0
20,P27,P27,Pre_P27,0,0.3769245545067529,0
20,P27,P27,Pre_P27,0,0.13899171963308032,0
20,P27,P27,Pre_P27,0,0.1456669939011897,0
20,P27,P27,Pre_P27,0,0.2367916319009956,0
20,P27,P27,Pre_P27,0,0.19992224877960488,0
20,P27,P27,Pre_P27,0,0.27822071459848574,0
20,P27,P27,Pre_P27,0,0.358341697968725,0
20,P27,P27,Pre_P27,0,0.21089291003877894,0
20,P27,P27,Pre_P27,0,0.3193711926794596,0
20,P27,P27,Pre_P27,0,0.4203794463235325,0
20,P27,P27,Pre_P27,0,0.22134169655745728,0
20,P27,P27,Pre_P27,0,0.15907557407187115,0
20,P27,P27,Pre_P27,0,0.3525105531815902,0
20,P27,P27,Pre_P27,0,0.2059641306527153,0
20,P27,P27,Pre_P27,0,0.24619814024349326,0
20,P27,P27,Pre_P27,0,0.19790540378028143,0
20,P27,P27,Pre_P27,0,0.13963861598561583,0
20,P27,P27,Pre_P27,0,0.16006679342671237,0
20,P27,P27,Pre_P27,0,0.1880172594218207,0
20,P27,P27,Pre_P27,0,0.13513588615672528,0
20,P27,P27,Pre_P27,0,0.21049757309453343,0
20,P27,P27,Pre_P27,0,0.17796798338969871,0
20,P27,P27,Pre_P27,0,0.23228847489897078,0
20,P27,P27,Pre_P27,0,0.40778956017764795,0
20,P27,P27,Pre_P27,0,0.16595270227609404,0
20,P27,P27,Pre_P27,0,0.1490674600998768,0
20,P27,P27,Pre_P27,0,0.3913449538283118,0
20,P27,P27,Pre_P27,0,0.19904850349909534,0
20,P27,P27,Pre_P27,0,0.4806999411074414,0
20,P27,P27,Pre_P27,0,0.19736704835845822,0
20,P27,P27,Pre_P27,0,0.5003155328323571,1
20,P27,P27,Pre_P27,0,0.21059831518710598,0
20,P27,P27,Pre_P27,0,0.20119114265755644,0
20,P27,P27,Pre_P27,0,0.12412748191019635,0
20,P27,P27,Pre_P27,0,0.21237519515563413,0
20,P27,P27,Pre_P27,0,0.1955127931610843,0
20,P27,P27,Pre_P27,0,0.35975751546665924,0
20,P27,P27,Pre_P27,0,0.21632636317152126,0
20,P27,P27,Pre_P27,0,0.13116178548149615,0
20,P27,P27,Pre_P27,0,0.4202259293743064,0
20,P27,P27,Pre_P27,0,0.114952736470538,0
20,P27,P27,Pre_P27,0,0.19495492802987732,0
20,P27,P27,Pre_P27,0,0.2138578775882646,0
20,P27,P27,Pre_P27,0,0.5176723680817341,1
20,P27,P27,Pre_P27,0,0.343289558608545,0
20,P27,P27,Pre_P27,0,0.18530126922592302,0
20,P27,P27,Pre_P27,0,0.23779189509328358,0
20,P27,P27,Pre_P27,0,0.11817538983399015,0
20,P27,P27,Pre_P27,0,0.10742253239063564,0
20,P27,P27,Pre_P27,0,0.2586418478944912,0
20,P27,P27,Pre_P27,0,0.25723652248390827,0
20,P27,P27,Pre_P27,0,0.461995719079236,0
20,P27,P27,Pre_P27,0,0.22350448150210472,0
20,P27,P27,Pre_P27,0,0.1788371835360556,0
20,P27,P27,Pre_P27,0,0.45573049790816333,0
20,P27,P27,Pre_P27,0,0.26742742691373567,0
20,P27,P27,Pre_P27,0,0.20579757491678227,0
20,P27,P27,Pre_P27,0,0.1668309505005251,0
20,P27,P27,Pre_P27,0,0.15372842048105317,0
20,P27,P27,Pre_P27,0,0.18900089202625564,0
20,P27,P27,Pre_P27,0,0.23566527986026245,0
20,P27,P27,Pre_P27,0,0.47171828258766185,0
20,P27,P27,Pre_P27,0,0.16313830006121569,0
20,P27,P27,Pre_P27,0,0.19733001220737317,0
20,P27,P27,Pre_P27,0,0.39540088337330614,0
20,P27,P27,Pre_P27,0,0.44396134114546143,0
20,P27,P27,Pre_P27,0,0.30205691942550883,0
20,P27,P27,Pre_P27,0,0.45682319851773145,0
20,P27,P27,Pre_P27,0,0.19455432657443197,0
20,P27,P27,Pre_P27,0,0.2278244749868611,0
20,P27,P27,Pre_P27,0,0.13544272954102687,0
20,P27,P27,Pre_P27,0,0.41379400442842545,0
20,P27,P27,Pre_P27,0,0.2267455391302426,0
20,P27,P27,Pre_P27,0,0.21082953144679348,0
20,P27,P27,Pre_P27,0,0.12605301606860098,0
20,P27,P27,Pre_P27,0,0.18200490739063957,0
20,P27,P27,Pre_P27,0,0.3611807172187462,0
20,P27,P27,Pre_P27,0,0.47573235839598715,0
20,P27,P27,Pre_P27,0,0.2486831240683819,0
20,P27,P27,Pre_P27,0,0.5935831247513431,1
20,P27,P27,Pre_P27,0,0.24637534400239366,0
20,P27,P27,Pre_P27,0,0.14637990067602238,0
20,P27,P27,Pre_P27,0,0.1524290214502143,0
20,P27,P27,Pre_P27,0,0.15743416663223456,0
20,P27,P27,Pre_P27,0,0.12091471657915216,0
20,P27,P27,Pre_P27,0,0.2168522820423903,0
20,P27,P27,Pre_P27,0,0.13710181170547855,0
20,P27,P27,Pre_P27,0,0.12202103701111641,0
20,P27,P27,Pre_P27,0,0.1821981472360279,0
20,P27,P27,Pre_P27,0,0.18471394399239904,0
20,P27,P27,Pre_P27,0,0.5646651387817189,1
20,P27,P27,Pre_P27,0,0.1437465507251807,0
20,P27,P27,Pre_P27,0,0.17151485838569305,0
20,P27,P27,Pre_P27,0,0.15958991572620485,0
20,P27,P27,Pre_P27,0,0.3821649144394248,0
20,P27,P27,Pre_P27,0,0.20135131252051924,0
20,P27,P27,Pre_P27,0,0.2569559781273672,0
20,P27,P27,Pre_P27,0,0.15168904279963857,0
20,P27,P27,Pre_P27,0,0.19699551206624497,0
20,P27,P27,Pre_P27,0,0.16719120091535808,0
20,P27,P27,Pre_P27,0,0.22127674730435354,0
20,P27,P27,Pre_P27,0,0.34875392636382996,0
20,P27,P27,Pre_P27,0,0.1624277554464203,0
20,P27,P27,Pre_P27,0,0.14209689512010423,0
20,P27,P27,Pre_P27,0,0.15819169543065714,0
20,P27,P27,Pre_P27,0,0.27463997670366896,0
20,P27,P27,Pre_P27,0,0.1901683234967086,0
20,P27,P27,Pre_P27,0,0.18171436300151209,0
20,P27,P27,Pre_P27,0,0.3026901118787771,0
20,P27,P27,Pre_P27,0,0.15842646890057965,0
20,P27,P27,Pre_P27,0,0.3004186338615733,0
20,P27,P27,Pre_P27,0,0.14611620061904015,0
20,P27,P27,Pre_P27,0,0.18680780111391626,0
20,P27,P27,Pre_P27,0,0.18294947356017266,0
20,P27,P27,Pre_P27,0,0.28820069702748025,0
20,P27,P27,Pre_P27,0,0.40150322225833907,0
20,P27,P27,Pre_P27,0,0.13187783039864362,0
20,P27,P27,Pre_P27,0,0.3763270138927306,0
20,P27,P27,Pre_P27,0,0.16053261181238065,0
20,P27,P27,Pre_P27,0,0.23266766964441163,0
20,P27,P27,Pre_P27,0,0.26444476694706814,0
20,P27,P27,Pre_P27,0,0.15727115537507047,0
20,P27,P27,Pre_P27,0,0.4258683352929462,0
20,P27,P27,Pre_P27,0,0.1979782184856827,0
20,P27,P27,Pre_P27,0,0.21956829887500975,0
20,P27,P27,Pre_P27,0,0.19885239029895946,0
20,P27,P27,Pre_P27,0,0.31340925527538804,0
20,P27,P27,Pre_P27,0,0.130396250242423,0
20,P27,P27,Pre_P27,0,0.1794666374736837,0
20,P27,P27,Pre_P27,0,0.226416685155971,0
20,P27,P27,Pre_P27,0,0.4490047083532239,0
20,P27,P27,Pre_P27,0,0.18571411849918362,0
20,P27,P27,Pre_P27,0,0.17296199897261497,0
20,P27,P27,Pre_P27,0,0.19849443021863633,0
20,P27,P27,Pre_P27,0,0.11259888588362736,0
20,P27,P27,Pre_P27,0,0.2689165405499338,0
20,P27,P27,Pre_P27,0,0.3031095559746433,0
20,P27,P27,Pre_P27,0,0.22753551992889773,0
20,P27,P27,Pre_P27,0,0.47441018952723657,0
20,P27,P27,Pre_P27,0,0.23792113250808447,0
20,P27,P27,Pre_P27,0,0.13597489756725376,0
20,P27,P27,Pre_P27,0,0.3652638817079751,0
20,P27,P27,Pre_P27,0,0.18270306290894597,0
20,P27,P27,Pre_P27,0,0.16354087219142074,0
20,P27,P27,Pre_P27,0,0.4741721796976555,0
20,P27,P27,Pre_P27,0,0.15455166859896627,0
20,P27,P27,Pre_P27,0,0.18349591773567597,0
20,P27,P27,Pre_P27,0,0.23503448006236516,0
20,P27,P27,Pre_P27,0,0.12845923473587195,0
20,P27,P27,Pre_P27,0,0.19783946470588615,0
20,P27,P27,Pre_P27,0,0.14043888002872068,0
20,P27,P27,Pre_P27,0,0.14623472629456757,0
20,P27,P27,Pre_P27,0,0.5207911698035202,1
20,P27,P27,Pre_P27,0,0.1821636410416838,0
20,P27,P27,Pre_P27,0,0.30935875808929214,0
20,P27,P27,Pre_P27,0,0.20396660100955208,0
20,P27,P27,Pre_P27,0,0.43258272235245065,0
20,P27,P27,Pre_P27,0,0.22204377368122,0
20,P27,P27,Pre_P27,0,0.39597919887086386,0
20,P27,P27,Pre_P27,0,0.18030951529241004,0
20,P27,P27,Pre_P27,0,0.13419599641779775,0
20,P27,P27,Pre_P27,0,0.20797505631792398,0
20,P27,P27,Pre_P27,0,0.2030072330393841,0
20,P27,P27,Pre_P27,0,0.20278830136142234,0
20,P27,P27,Pre_P27,0,0.1444201471748489,0
20,P27,P27,Pre_P27,0,0.4484791478638844,0
20,P27,P27,Pre_P27,0,0.16650156930944976,0
20,P27,P27,Pre_P27,0,0.1826170987453668,0
20,P27,P27,Pre_P27,0,0.370976974553075,0
20,P27,P27,Pre_P27,0,0.19466208625217782,0
20,P27,P27,Pre_P27,0,0.20048332172558328,0
20,P27,P27,Pre_P27,0,0.33418227115537696,0
20,P27,P27,Pre_P27,0,0.22537753073701322,0
20,P27,P27,Pre_P27,0,0.2237618295573574,0
20,P27,P27,Pre_P27,0,0.1835704863348727,0
20,P27,P27,Pre_P27,0,0.21783448238261482,0
20,P27,P27,Pre_P27,0,0.14737405790161023,0
20,P27,P27,Pre_P27,0,0.3456686216900557,0
20,P27,P27,Pre_P27,0,0.23652354682395574,0
20,P27,P27,Pre_P27,0,0.35608861001341546,0
20,P27,P27,Pre_P27,0,0.25203298966417853,0
20,P27,P27,Pre_P27,0,0.2200045527200244,0
20,P27,P27,Pre_P27,0,0.11419018101199949,0
20,P27,P27,Pre_P27,0,0.1708199626230585,0
20,P27,P27,Pre_P27,0,0.24523381806994135,0
20,P27,P27,Pre_P27,0,0.4225569344114659,0
20,P27,P27,Pre_P27,0,0.1676230037991095,0
20,P27,P27,Pre_P27,0,0.17901747284009337,0
20,P27,P27,Pre_P27,0,0.14935083670308077,0
20,P27,P27,Pre_P27,0,0.18406649989345858,0
20,P27,P27,Pre_P27,0,0.37286947222258,0
20,P27,P27,Pre_P27,0,0.1353564850006304,0
20,P27,P27,Pre_P27,0,0.23514053827065826,0
20,P27,P27,Pre_P27,0,0.13599814505621233,0
20,P27,P27,Pre_P27,0,0.15946902999417398,0
20,P27,P27,Pre_P27,0,0.22551684709252207,0
20,P27,P27,Pre_P27,0,0.18509815649850778,0
20,P27,P27,Pre_P27,0,0.2368134630002305,0
20,P27,P27,Pre_P27,0,0.11942522090430588,0
20,P27,P27,Pre_P27,0,0.28640437515997175,0
20,P27,P27,Pre_P27,0,0.22614270947904042,0
20,P27,P27,Pre_P27,0,0.2189288339686673,0
20,P27,P27,Pre_P27,0,0.34363719582788943,0
20,P27,P27,Pre_P27,0,0.18763993647574356,0
20,P27,P27,Pre_P27,0,0.20880295225677642,0
20,P27,P27,Pre_P27,0,0.2634727799148423,0
20,P27,P27,Pre_P27,0,0.3226612821274671,0
20,P27,P27,Pre_P27,0,0.2680652787790155,0
20,P27,P27,Pre_P27,0,0.14588878794442559,0
20,P27,P27,Pre_P27,0,0.28914518983096177,0
20,P27,P27,Pre_P27,0,0.16327499971403617,0
20,P27,P27,Pre_P27,0,0.18859047032028467,0
20,P27,P27,Pre_P27,0,0.22373069366414705,0
20,P27,P27,Pre_P27,0,0.1802711333454801,0
20,P27,P27,Pre_P27,0,0.34807500691951443,0
20,P27,P27,Pre_P27,0,0.20668206317970975,0
20,P27,P27,Pre_P27,0,0.18634864534702256,0
20,P27,P27,Pre_P27,0,0.17480005551180522,0
20,P27,P27,Pre_P27,0,0.2533016588164355,0
20,P27,P27,Pre_P27,0,0.20768278442493932,0
20,P27,P27,Pre_P27,0,0.4277233056053682,0
20,P27,P27,Pre_P27,0,0.16197729850857567,0
20,P27,P27,Pre_P27,0,0.12957022646363237,0
20,P27,P27,Pre_P27,0,0.540722542768173,1
20,P27,P27,Pre_P27,0,0.15401275941221662,0
20,P27,P27,Pre_P27,0,0.14499679464402407,0
20,P27,P27,Pre_P27,0,0.2065273002024024,0
20,P27,P27,Pre_P27,0,0.11242535554720198,0
20,P27,P27,Pre_P27,0,0.3103402138199557,0
20,P27,P27,Pre_P27,0,0.17203871698466566,0
20,P27,P27,Pre_P27,0,0.43296131522847336,0
20,P27,P27,Pre_P27,0,0.16688777016640147,0
20,P27,P27,Pre_P27,0,0.2606399675096222,0
20,P27,P27,Pre_P27,0,0.21291740355961203,0
20,P27,P27,Pre_P27,0,0.16044115770811324,0
20,P27,P27,Pre_P27,0,0.15417440534533167,0
20,P27,P27,Pre_P27,0,0.18294091345125402,0
20,P27,P27,Pre_P27,0,0.13443586766395357,0
20,P27,P27,Pre_P27,0,0.506897643873056,1
20,P27,P27,Pre_P27,0,0.28813785227051186,0
20,P27,P27,Pre_P27,0,0.156852231920728,0
20,P27,P27,Pre_P27,0,0.1734129279488897,0
20,P27,P27,Pre_P27,0,0.21103844415020162,0
20,P27,P27,Pre_P27,0,0.2829593727612201,0
20,P27,P27,Pre_P27,0,0.22717161375652586,0
20,P27,P27,Pre_P27,0,0.3009997636295861,0
20,P27,P27,Pre_P27,0,0.1883489292074213,0
20,P27,P27,Pre_P27,0,0.17934499279007993,0
20,P27,P27,Pre_P27,0,0.14435835748652254,0
20,P27,P27,Pre_P27,0,0.35775643489866843,0
20,P27,P27,Pre_P27,0,0.14753351867879647,0
20,P27,P27,Pre_P27,0,0.1695202356802987,0
20,P27,P27,Pre_P27,0,0.28600021596845915,0
20,P27,P27,Pre_P27,0,0.5649152638664202,1
20,P27,P27,Pre_P27,0,0.4430685676137857,0
20,P27,P27,Pre_P27,0,0.17807597056088123,0
20,P27,P27,Pre_P27,0,0.18898398377379408,0
20,P27,P27,Pre_P27,0,0.1560487574134584,0
20,P27,P27,Pre_P27,0,0.17586943629563978,0
20,P27,P27,Pre_P27,0,0.12786636539502458,0
20,P27,P27,Pre_P27,0,0.4183977724737187,0
20,P27,P27,Pre_P27,0,0.26633769775954813,0
20,P27,P27,Pre_P27,0,0.1588918319341405,0
20,P27,P27,Pre_P27,0,0.11100333015439905,0
20,P27,P27,Pre_P27,0,0.1603214392072966,0
20,P27,P27,Pre_P27,0,0.16806698490724084,0
20,P27,P27,Pre_P27,0,0.1555044468238535,0
20,P27,P27,Pre_P27,0,0.3282342781697057,0
20,P27,P27,Pre_P27,0,0.2642565360681491,0
20,P27,P27,Pre_P27,0,0.12332368967707102,0
20,P27,P27,Pre_P27,0,0.178806692123369,0
20,P27,P27,Pre_P27,0,0.20666095637502704,0
20,P27,P27,Pre_P27,0,0.15446167699323657,0
20,P27,P27,Pre_P27,0,0.16829179482713336,0
20,P27,P27,Pre_P27,0,0.1518553011844116,0
20,P27,P27,Pre_P27,0,0.37852998714887415,0
20,P27,P27,Pre_P27,0,0.1787189963499401,0
20,P27,P27,Pre_P27,0,0.17907919835728553,0
20,P27,P27,Pre_P27,0,0.19073473474015704,0
20,P27,P27,Pre_P27,0,0.18694353439666095,0
21,P28,P28,Pre_P28,1,0.4499010502318093,0
21,P28,P28,Pre_P28,1,0.6220211947165382,1
21,P28,P28,Pre_P28,1,0.42454182451006506,0
21,P28,P28,Pre_P28,1,0.5974738777016445,1
21,P28,P28,Pre_P28,1,0.7127423140892045,1
21,P28,P28,Pre_P28,1,0.4002634059847853,0
21,P28,P28,Pre_P28,1,0.44763320753325286,0
21,P28,P28,Pre_P28,1,0.7155542035042448,1
21,P28,P28,Pre_P28,1,0.3934477520745706,0
21,P28,P28,Pre_P28,1,0.5380424677628767,1
21,P28,P28,Pre_P28,1,0.5816993769079278,1
21,P28,P28,Pre_P28,1,0.4985526371551851,0
21,P28,P28,Pre_P28,1,0.6947471693642591,1
21,P28,P28,Pre_P28,1,0.44237120679030273,0
21,P28,P28,Pre_P28,1,0.471261906365551,0
21,P28,P28,Pre_P28,1,0.6191862069627058,1
21,P28,P28,Pre_P28,1,0.7068322033097063,1
21,P28,P28,Pre_P28,1,0.6717690468500269,1
21,P28,P28,Pre_P28,1,0.4156081680502848,0
21,P28,P28,Pre_P28,1,0.36433963975832906,0
21,P28,P28,Pre_P28,1,0.6828411756373834,1
21,P28,P28,Pre_P28,1,0.4457466077536849,0
21,P28,P28,Pre_P28,1,0.5437422200206818,1
21,P28,P28,Pre_P28,1,0.6985594256379459,1
21,P28,P28,Pre_P28,1,0.519088041593085,1
21,P28,P28,Pre_P28,1,0.6636463304963705,1
21,P28,P28,Pre_P28,1,0.6843185480504124,1
21,P28,P28,Pre_P28,1,0.4152310791249615,0
21,P28,P28,Pre_P28,1,0.6283767012078316,1
21,P28,P28,Pre_P28,1,0.5202921683810079,1
21,P28,P28,Pre_P28,1,0.4598839260362377,0
21,P28,P28,Pre_P28,1,0.545476918465076,1
21,P28,P28,Pre_P28,1,0.4223460872488718,0
21,P28,P28,Pre_P28,1,0.44172377075167746,0
21,P28,P28,Pre_P28,1,0.6418916749914068,1
21,P28,P28,Pre_P28,1,0.5696078676801886,1
21,P28,P28,Pre_P28,1,0.5737643556516732,1
21,P28,P28,Pre_P28,1,0.406657652508526,0
21,P28,P28,Pre_P28,1,0.44297564763801217,0
21,P28,P28,Pre_P28,1,0.6756995476180329,1
21,P28,P28,Pre_P28,1,0.4597217292665483,0
21,P28,P28,Pre_P28,1,0.4448970471965385,0
21,P28,P28,Pre_P28,1,0.5017436027799318,1
21,P28,P28,Pre_P28,1,0.36016783061342256,0
21,P28,P28,Pre_P28,1,0.43739012802972804,0
21,P28,P28,Pre_P28,1,0.5740773017718249,1
21,P28,P28,Pre_P28,1,0.45680728438635604,0
21,P28,P28,Pre_P28,1,0.6641758483103574,1
21,P28,P28,Pre_P28,1,0.44730205848413895,0
21,P28,P28,Pre_P28,1,0.5060242498648535,1
21,P28,P28,Pre_P28,1,0.6540060217115171,1
21,P28,P28,Pre_P28,1,0.5268944030853605,1
21,P28,P28,Pre_P28,1,0.4242401559046124,0
21,P28,P28,Pre_P28,1,0.6684696056618953,1
21,P28,P28,Pre_P28,1,0.4197542543812806,0
21,P28,P28,Pre_P28,1,0.7055472230911077,1
21,P28,P28,Pre_P28,1,0.41117409538062316,0
21,P28,P28,Pre_P28,1,0.5280251204289359,1
21,P28,P28,Pre_P28,1,0.48578428200030027,0
21,P28,P28,Pre_P28,1,0.581235308103298,1
21,P28,P28,Pre_P28,1,0.4670197244172014,0
21,P28,P28,Pre_P28,1,0.3560253764712646,0
21,P28,P28,Pre_P28,1,0.4706190963816612,0
21,P28,P28,Pre_P28,1,0.4324994370266131,0
21,P28,P28,Pre_P28,1,0.7288220572979877,1
21,P28,P28,Pre_P28,1,0.44050474936316114,0
21,P28,P28,Pre_P28,1,0.5685772381329454,1
21,P28,P28,Pre_P28,1,0.6030515561076909,1
21,P28,P28,Pre_P28,1,0.6649228019927265,1
21,P28,P28,Pre_P28,1,0.6644634222873009,1
21,P28,P28,Pre_P28,1,0.6787580449706173,1
21,P28,P28,Pre_P28,1,0.6672125214413117,1
21,P28,P28,Pre_P28,1,0.6316310892195742,1
21,P28,P28,Pre_P28,1,0.6678997274812173,1
21,P28,P28,Pre_P28,1,0.4754498793518652,0
21,P28,P28,Pre_P28,1,0.4738871638021062,0
21,P28,P28,Pre_P28,1,0.5651022130167715,1
21,P28,P28,Pre_P28,1,0.501167969398558,1
21,P28,P28,Pre_P28,1,0.5309660513448945,1
21,P28,P28,Pre_P28,1,0.49643564109403376,0
21,P28,P28,Pre_P28,1,0.5554541376164358,1
21,P28,P28,Pre_P28,1,0.49647765793377097,0
21,P28,P28,Pre_P28,1,0.40060618268805315,0
21,P28,P28,Pre_P28,1,0.6828006011249996,1
21,P28,P28,Pre_P28,1,0.5306218544143491,1
21,P28,P28,Pre_P28,1,0.32017551368418956,0
21,P28,P28,Pre_P28,1,0.6669267009748454,1
21,P28,P28,Pre_P28,1,0.5845014885337889,1
21,P28,P28,Pre_P28,1,0.7329491723136226,1
21,P28,P28,Pre_P28,1,0.489706652629742,0
21,P28,P28,Pre_P28,1,0.5801782904025254,1
21,P28,P28,Pre_P28,1,0.468124468765484,0
21,P28,P28,Pre_P28,1,0.6843064411848598,1
21,P28,P28,Pre_P28,1,0.3907648980278541,0
21,P28,P28,Pre_P28,1,0.40925611774725207,0
21,P28,P28,Pre_P28,1,0.4365444607227309,0
21,P28,P28,Pre_P28,1,0.5519828885984763,1
21,P28,P28,Pre_P28,1,0.6684833380871269,1
21,P28,P28,Pre_P28,1,0.3513419432056307,0
21,P28,P28,Pre_P28,1,0.42254582041853966,0
21,P28,P28,Pre_P28,1,0.592270260481008,1
21,P28,P28,Pre_P28,1,0.3507444458834565,0
21,P28,P28,Pre_P28,1,0.710466068482925,1
21,P28,P28,Pre_P28,1,0.5364137568655533,1
21,P28,P28,Pre_P28,1,0.5786920578955826,1
21,P28,P28,Pre_P28,1,0.6881491497201676,1
21,P28,P28,Pre_P28,1,0.424204022976317,0
21,P28,P28,Pre_P28,1,0.45577748954257885,0
21,P28,P28,Pre_P28,1,0.4491354815896786,0
21,P28,P28,Pre_P28,1,0.45619248971745147,0
21,P28,P28,Pre_P28,1,0.3757725959034877,0
21,P28,P28,Pre_P28,1,0.6039466461825543,1
21,P28,P28,Pre_P28,1,0.6625448855994118,1
21,P28,P28,Pre_P28,1,0.6401793133757702,1
21,P28,P28,Pre_P28,1,0.5126482496399942,1
21,P28,P28,Pre_P28,1,0.5798305314375273,1
21,P28,P28,Pre_P28,1,0.44183653146397467,0
21,P28,P28,Pre_P28,1,0.4907966823155081,0
21,P28,P28,Pre_P28,1,0.4229939884118903,0
21,P28,P28,Pre_P28,1,0.49159655078911924,0
21,P28,P28,Pre_P28,1,0.47760322667255867,0
21,P28,P28,Pre_P28,1,0.7131535752957948,1
21,P28,P28,Pre_P28,1,0.6158608755266449,1
21,P28,P28,Pre_P28,1,0.6003697423274751,1
21,P28,P28,Pre_P28,1,0.5496454112523345,1
21,P28,P28,Pre_P28,1,0.4596094032222244,0
21,P28,P28,Pre_P28,1,0.46111387301779727,0
21,P28,P28,Pre_P28,1,0.49770791282191673,0
21,P28,P28,Pre_P28,1,0.6551939492978297,1
21,P28,P28,Pre_P28,1,0.6421666957095065,1
21,P28,P28,Pre_P28,1,0.6260753270320647,1
21,P28,P28,Pre_P28,1,0.7184609607524387,1
21,P28,P28,Pre_P28,1,0.8362257447361309,1
21,P28,P28,Pre_P28,1,0.6863112804155914,1
21,P28,P28,Pre_P28,1,0.5357429588095164,1
21,P28,P28,Pre_P28,1,0.7164388297958197,1
21,P28,P28,Pre_P28,1,0.7191034575580499,1
21,P28,P28,Pre_P28,1,0.5555274301538565,1
21,P28,P28,Pre_P28,1,0.656493125188152,1
21,P28,P28,Pre_P28,1,0.4193282579715757,0
21,P28,P28,Pre_P28,1,0.4997207540607893,0
21,P28,P28,Pre_P28,1,0.4198056642904608,0
21,P28,P28,Pre_P28,1,0.3673183570727233,0
21,P28,P28,Pre_P28,1,0.4594421393285263,0
21,P28,P28,Pre_P28,1,0.7094886705901242,1
21,P28,P28,Pre_P28,1,0.48095235756542765,0
21,P28,P28,Pre_P28,1,0.408717808218697,0
21,P28,P28,Pre_P28,1,0.38854760036595287,0
21,P28,P28,Pre_P28,1,0.6736260981305141,1
21,P28,P28,Pre_P28,1,0.39466096367359804,0
21,P28,P28,Pre_P28,1,0.6583397843016149,1
21,P28,P28,Pre_P28,1,0.3976515003116254,0
21,P28,P28,Pre_P28,1,0.4010934629783561,0
21,P28,P28,Pre_P28,1,0.44438519723610065,0
21,P28,P28,Pre_P28,1,0.6577844889458905,1
21,P28,P28,Pre_P28,1,0.5667263955569813,1
21,P28,P28,Pre_P28,1,0.4307279758197115,0
21,P28,P28,Pre_P28,1,0.45190731370750187,0
21,P28,P28,Pre_P28,1,0.4623513622043038,0
21,P28,P28,Pre_P28,1,0.4499994084109609,0
21,P28,P28,Pre_P28,1,0.34613116431409247,0
21,P28,P28,Pre_P28,1,0.5761060171333852,1
21,P28,P28,Pre_P28,1,0.5479095530524358,1
21,P28,P28,Pre_P28,1,0.4901014010764703,0
21,P28,P28,Pre_P28,1,0.4058419922059854,0
21,P28,P28,Pre_P28,1,0.6943250593898298,1
21,P28,P28,Pre_P28,1,0.5243667020519673,1
21,P28,P28,Pre_P28,1,0.43902321625383234,0
21,P28,P28,Pre_P28,1,0.48584140312360313,0
21,P28,P28,Pre_P28,1,0.38792757207250667,0
21,P28,P28,Pre_P28,1,0.6360948151102799,1
21,P28,P28,Pre_P28,1,0.4861011540209171,0
21,P28,P28,Pre_P28,1,0.5557665062761259,1
21,P28,P28,Pre_P28,1,0.6493232978837078,1
21,P28,P28,Pre_P28,1,0.6778280464645204,1
21,P28,P28,Pre_P28,1,0.5488500748765246,1
21,P28,P28,Pre_P28,1,0.39249976956596827,0
21,P28,P28,Pre_P28,1,0.4142238423621417,0
21,P28,P28,Pre_P28,1,0.5308563606053612,1
21,P28,P28,Pre_P28,1,0.6271808011482695,1
21,P28,P28,Pre_P28,1,0.6687017296639293,1
21,P28,P28,Pre_P28,1,0.41451993329398457,0
21,P28,P28,Pre_P28,1,0.5243155457720856,1
21,P28,P28,Pre_P28,1,0.4486515101490472,0
21,P28,P28,Pre_P28,1,0.7145579833292893,1
21,P28,P28,Pre_P28,1,0.674516327899056,1
21,P28,P28,Pre_P28,1,0.7149924498712501,1
21,P28,P28,Pre_P28,1,0.5560113142927798,1
21,P28,P28,Pre_P28,1,0.4142603812359958,0
21,P28,P28,Pre_P28,1,0.6644488552174045,1
21,P28,P28,Pre_P28,1,0.5465812919949765,1
21,P28,P28,Pre_P28,1,0.6297102324230031,1
21,P28,P28,Pre_P28,1,0.5662297810695923,1
21,P28,P28,Pre_P28,1,0.5487390457480719,1
21,P28,P28,Pre_P28,1,0.6689774019162681,1
21,P28,P28,Pre_P28,1,0.6082474700183498,1
21,P28,P28,Pre_P28,1,0.5020270265425935,1
21,P28,P28,Pre_P28,1,0.5352771406749723,1
21,P28,P28,Pre_P28,1,0.6100461077633259,1
21,P28,P28,Pre_P28,1,0.4086827858877939,0
21,P28,P28,Pre_P28,1,0.3907126746662564,0
21,P28,P28,Pre_P28,1,0.45079032777775413,0
21,P28,P28,Pre_P28,1,0.40539810123493897,0
21,P28,P28,Pre_P28,1,0.40593404796120885,0
21,P28,P28,Pre_P28,1,0.6451278084424616,1
21,P28,P28,Pre_P28,1,0.7345635844807041,1
21,P28,P28,Pre_P28,1,0.6947160196036464,1
21,P28,P28,Pre_P28,1,0.4931431819010862,0
21,P28,P28,Pre_P28,1,0.40363775311116384,0
21,P28,P28,Pre_P28,1,0.5605013014035438,1
21,P28,P28,Pre_P28,1,0.5033169021439834,1
21,P28,P28,Pre_P28,1,0.7114826854350769,1
21,P28,P28,Pre_P28,1,0.6179865821157257,1
21,P28,P28,Pre_P28,1,0.6903032731446979,1
21,P28,P28,Pre_P28,1,0.7050937166248503,1
21,P28,P28,Pre_P28,1,0.7383633705546473,1
21,P28,P28,Pre_P28,1,0.6446025576198525,1
21,P28,P28,Pre_P28,1,0.47016185998021937,0
21,P28,P28,Pre_P28,1,0.4641081133162217,0
21,P28,P28,Pre_P28,1,0.5732481726417763,1
21,P28,P28,Pre_P28,1,0.5453379612747385,1
21,P28,P28,Pre_P28,1,0.5080500387871503,1
21,P28,P28,Pre_P28,1,0.5274561792297144,1
21,P28,P28,Pre_P28,1,0.6655907205548983,1
21,P28,P28,Pre_P28,1,0.36750410382932647,0
21,P28,P28,Pre_P28,1,0.3939616751051117,0
21,P28,P28,Pre_P28,1,0.5875790841243637,1
21,P28,P28,Pre_P28,1,0.6942997080770934,1
21,P28,P28,Pre_P28,1,0.6824814396205334,1
21,P28,P28,Pre_P28,1,0.6291149206011254,1
21,P28,P28,Pre_P28,1,0.5238022832392013,1
21,P28,P28,Pre_P28,1,0.5453438144323409,1
21,P28,P28,Pre_P28,1,0.3738592818617173,0
21,P28,P28,Pre_P28,1,0.6264714153222921,1
21,P28,P28,Pre_P28,1,0.4114241620100512,0
21,P28,P28,Pre_P28,1,0.5413266420382905,1
21,P28,P28,Pre_P28,1,0.34539338882968557,0
21,P28,P28,Pre_P28,1,0.5829286054736913,1
21,P28,P28,Pre_P28,1,0.6937671304633495,1
21,P28,P28,Pre_P28,1,0.7372647265351749,1
21,P28,P28,Pre_P28,1,0.7356392534957348,1
21,P28,P28,Pre_P28,1,0.3370294240686962,0
21,P28,P28,Pre_P28,1,0.7430185959030948,1
21,P28,P28,Pre_P28,1,0.6995893997276961,1
21,P28,P28,Pre_P28,1,0.6429464988213782,1
21,P28,P28,Pre_P28,1,0.44358210404655374,0
21,P28,P28,Pre_P28,1,0.5008213838025395,1
21,P28,P28,Pre_P28,1,0.6785706078606508,1
21,P28,P28,Pre_P28,1,0.5798223986399181,1
21,P28,P28,Pre_P28,1,0.5647095723870789,1
21,P28,P28,Pre_P28,1,0.4522867344654647,0
21,P28,P28,Pre_P28,1,0.7076832251322881,1
21,P28,P28,Pre_P28,1,0.5425007076657605,1
21,P28,P28,Pre_P28,1,0.44676054202200666,0
21,P28,P28,Pre_P28,1,0.42762563475734927,0
21,P28,P28,Pre_P28,1,0.5695076987938837,1
21,P28,P28,Pre_P28,1,0.6312103553747404,1
21,P28,P28,Pre_P28,1,0.391316511986447,0
21,P28,P28,Pre_P28,1,0.6964194534516731,1
21,P28,P28,Pre_P28,1,0.3865942501086527,0
21,P28,P28,Pre_P28,1,0.6718590449415395,1
21,P28,P28,Pre_P28,1,0.4728819014755858,0
21,P28,P28,Pre_P28,1,0.6735176007063441,1
21,P28,P28,Pre_P28,1,0.6999065539457421,1
21,P28,P28,Pre_P28,1,0.6935764851007796,1
21,P28,P28,Pre_P28,1,0.38955344548552906,0
21,P28,P28,Pre_P28,1,0.615264069033874,1
21,P28,P28,Pre_P28,1,0.7505295786685537,1
21,P28,P28,Pre_P28,1,0.4589058162696304,0
21,P28,P28,Pre_P28,1,0.4518148746075112,0
21,P28,P28,Pre_P28,1,0.6282239383464708,1
21,P28,P28,Pre_P28,1,0.650400019287969,1
21,P28,P28,Pre_P28,1,0.46161643124281826,0
21,P28,P28,Pre_P28,1,0.6326488950012016,1
21,P28,P28,Pre_P28,1,0.6552281123484398,1
21,P28,P28,Pre_P28,1,0.6900890658671119,1
21,P28,P28,Pre_P28,1,0.5986603438327573,1
21,P28,P28,Pre_P28,1,0.6355697857696493,1
21,P28,P28,Pre_P28,1,0.729730857875472,1
21,P28,P28,Pre_P28,1,0.5857640391591316,1
21,P28,P28,Pre_P28,1,0.5240054196784552,1
21,P28,P28,Pre_P28,1,0.36651189384973415,0
21,P28,P28,Pre_P28,1,0.7104682006178872,1
21,P28,P28,Pre_P28,1,0.5391082257554055,1
21,P28,P28,Pre_P28,1,0.6978686557097531,1
21,P28,P28,Pre_P28,1,0.608865161412011,1
21,P28,P28,Pre_P28,1,0.4030687347509593,0
21,P28,P28,Pre_P28,1,0.7138124319822132,1
21,P28,P28,Pre_P28,1,0.2884044739935172,0
21,P28,P28,Pre_P28,1,0.7181834912274074,1
21,P28,P28,Pre_P28,1,0.4489410887253454,0
21,P28,P28,Pre_P28,1,0.36162544845894,0
21,P28,P28,Pre_P28,1,0.5490378760395973,1
21,P28,P28,Pre_P28,1,0.529340970645243,1
21,P28,P28,Pre_P28,1,0.4134773177529897,0
21,P28,P28,Pre_P28,1,0.5889516188945599,1
21,P28,P28,Pre_P28,1,0.6931696134101071,1
21,P28,P28,Pre_P28,1,0.584651833020331,1
21,P28,P28,Pre_P28,1,0.6218672679307178,1
21,P28,P28,Pre_P28,1,0.4056364057756284,0
21,P28,P28,Pre_P28,1,0.43943680618572095,0
21,P28,P28,Pre_P28,1,0.5119830621842641,1
21,P28,P28,Pre_P28,1,0.6012424204506647,1
21,P28,P28,Pre_P28,1,0.5590758941874001,1
21,P28,P28,Pre_P28,1,0.7249210933862638,1
21,P28,P28,Pre_P28,1,0.39553991971368135,0
21,P28,P28,Pre_P28,1,0.4945742066042052,0
21,P28,P28,Pre_P28,1,0.7346440637513648,1
21,P28,P28,Pre_P28,1,0.6574067880719905,1
21,P28,P28,Pre_P28,1,0.3576985705331823,0
21,P28,P28,Pre_P28,1,0.5348874110607179,1
21,P28,P28,Pre_P28,1,0.42204129965009085,0
21,P28,P28,Pre_P28,1,0.5586814225059002,1
21,P28,P28,Pre_P28,1,0.536012678979966,1
21,P28,P28,Pre_P28,1,0.40408417527617324,0
21,P28,P28,Pre_P28,1,0.5281542151239003,1
21,P28,P28,Pre_P28,1,0.7212774889846383,1
21,P28,P28,Pre_P28,1,0.44265880981674205,0
21,P28,P28,Pre_P28,1,0.46842218211205644,0
21,P28,P28,Pre_P28,1,0.3924523212988048,0
21,P28,P28,Pre_P28,1,0.6815707766250236,1
21,P28,P28,Pre_P28,1,0.6061563869752349,1
21,P28,P28,Pre_P28,1,0.6501706352954619,1
21,P28,P28,Pre_P28,1,0.6934626266369169,1
21,P28,P28,Pre_P28,1,0.7101939008915508,1
21,P28,P28,Pre_P28,1,0.43083716192824106,0
21,P28,P28,Pre_P28,1,0.6690948187629769,1
21,P28,P28,Pre_P28,1,0.4911389062599277,0
21,P28,P28,Pre_P28,1,0.7441618428056475,1
21,P28,P28,Pre_P28,1,0.5427287577893998,1
21,P28,P28,Pre_P28,1,0.5517158167704463,1
21,P28,P28,Pre_P28,1,0.669627264118266,1
21,P28,P28,Pre_P28,1,0.7043859655774516,1
21,P28,P28,Pre_P28,1,0.45762895823707067,0
21,P28,P28,Pre_P28,1,0.7376425928806456,1
21,P28,P28,Pre_P28,1,0.7270334580741677,1
21,P28,P28,Pre_P28,1,0.699018173313753,1
21,P28,P28,Post_P28,0,0.27160537982582966,0
21,P28,P28,Post_P28,0,0.3289263018449863,0
21,P28,P28,Post_P28,0,0.31682894460341554,0
21,P28,P28,Post_P28,0,0.30089202005290944,0
21,P28,P28,Post_P28,0,0.24957862333394576,0
21,P28,P28,Post_P28,0,0.3237679186553874,0
21,P28,P28,Post_P28,0,0.3070739593346934,0
21,P28,P28,Post_P28,0,0.290458642498233,0
21,P28,P28,Post_P28,0,0.3419575142157181,0
21,P28,P28,Post_P28,0,0.28380663423963814,0
21,P28,P28,Post_P28,0,0.29519239583830975,0
21,P28,P28,Post_P28,0,0.2956215972786084,0
21,P28,P28,Post_P28,0,0.28009618488228916,0
21,P28,P28,Post_P28,0,0.436745346406236,0
21,P28,P28,Post_P28,0,0.2708320152542391,0
21,P28,P28,Post_P28,0,0.31166184734485214,0
21,P28,P28,Post_P28,0,0.3057324250197711,0
21,P28,P28,Post_P28,0,0.2988697886002137,0
21,P28,P28,Post_P28,0,0.27557606502952736,0
21,P28,P28,Post_P28,0,0.2557756360555049,0
21,P28,P28,Post_P28,0,0.2572323071092648,0
21,P28,P28,Post_P28,0,0.31750356365342663,0
21,P28,P28,Post_P28,0,0.2744353641178945,0
21,P28,P28,Post_P28,0,0.25736649450552307,0
21,P28,P28,Post_P28,0,0.2982384894280722,0
21,P28,P28,Post_P28,0,0.2772644313185067,0
21,P28,P28,Post_P28,0,0.24049324047633452,0
21,P28,P28,Post_P28,0,0.2791648621119666,0
21,P28,P28,Post_P28,0,0.2834183232861629,0
21,P28,P28,Post_P28,0,0.27884478005096847,0
21,P28,P28,Post_P28,0,0.29612855486951534,0
21,P28,P28,Post_P28,0,0.3282879905508387,0
21,P28,P28,Post_P28,0,0.2579586949622732,0
21,P28,P28,Post_P28,0,0.3309296789840396,0
21,P28,P28,Post_P28,0,0.3037539769475687,0
21,P28,P28,Post_P28,0,0.2772856678615711,0
21,P28,P28,Post_P28,0,0.27784488781616945,0
21,P28,P28,Post_P28,0,0.3087752591375943,0
21,P28,P28,Post_P28,0,0.3471762390500808,0
21,P28,P28,Post_P28,0,0.27238857759508783,0
21,P28,P28,Post_P28,0,0.2661832298059207,0
21,P28,P28,Post_P28,0,0.29915143403910477,0
21,P28,P28,Post_P28,0,0.2751390973225582,0
21,P28,P28,Post_P28,0,0.31419800167802303,0
21,P28,P28,Post_P28,0,0.3156475100926636,0
21,P28,P28,Post_P28,0,0.24969719705222157,0
21,P28,P28,Post_P28,0,0.30165004588300737,0
21,P28,P28,Post_P28,0,0.28771187887370525,0
21,P28,P28,Post_P28,0,0.3097884501969731,0
21,P28,P28,Post_P28,0,0.2758861672244708,0
21,P28,P28,Post_P28,0,0.2667335123744022,0
21,P28,P28,Post_P28,0,0.2972979032415252,0
21,P28,P28,Post_P28,0,0.29330991897331343,0
21,P28,P28,Post_P28,0,0.30648694147348177,0
21,P28,P28,Post_P28,0,0.330718184426885,0
21,P28,P28,Post_P28,0,0.2940283055715227,0
21,P28,P28,Post_P28,0,0.2598022222188564,0
21,P28,P28,Post_P28,0,0.40483522658413146,0
21,P28,P28,Post_P28,0,0.2788836576501415,0
21,P28,P28,Post_P28,0,0.2769282471488583,0
21,P28,P28,Post_P28,0,0.29011605645108096,0
21,P28,P28,Post_P28,0,0.2940169879259855,0
21,P28,P28,Post_P28,0,0.325260872192125,0
21,P28,P28,Post_P28,0,0.32296176597745974,0
21,P28,P28,Post_P28,0,0.29433859853628574,0
21,P28,P28,Post_P28,0,0.28954475041368255,0
21,P28,P28,Post_P28,0,0.2634991062485399,0
21,P28,P28,Post_P28,0,0.25938300073908455,0
21,P28,P28,Post_P28,0,0.23617530776609652,0
21,P28,P28,Post_P28,0,0.2523509871199977,0
21,P28,P28,Post_P28,0,0.2654684107506396,0
21,P28,P28,Post_P28,0,0.2950150544701132,0
21,P28,P28,Post_P28,0,0.32631652070527994,0
21,P28,P28,Post_P28,0,0.27089583700191827,0
21,P28,P28,Post_P28,0,0.2772437379164322,0
21,P28,P28,Post_P28,0,0.3345541128039438,0
21,P28,P28,Post_P28,0,0.30650762384894975,0
21,P28,P28,Post_P28,0,0.30791960203735197,0
21,P28,P28,Post_P28,0,0.27683162772330766,0
21,P28,P28,Post_P28,0,0.3564109715604223,0
21,P28,P28,Post_P28,0,0.2561027743593702,0
21,P28,P28,Post_P28,0,0.25758541749735003,0
21,P28,P28,Post_P28,0,0.2914611518543966,0
21,P28,P28,Post_P28,0,0.28988979129063974,0
21,P28,P28,Post_P28,0,0.3335318996241182,0
21,P28,P28,Post_P28,0,0.32889042836564586,0
21,P28,P28,Post_P28,0,0.300584832580348,0
21,P28,P28,Post_P28,0,0.3315598801209691,0
21,P28,P28,Post_P28,0,0.309733684843,0
21,P28,P28,Post_P28,0,0.29343418031007984,0
21,P28,P28,Post_P28,0,0.36906174226577804,0
21,P28,P28,Post_P28,0,0.28553155481184,0
21,P28,P28,Post_P28,0,0.2943660126272343,0
21,P28,P28,Post_P28,0,0.24543937053756454,0
21,P28,P28,Post_P28,0,0.2746800434749959,0
21,P28,P28,Post_P28,0,0.290831230591766,0
21,P28,P28,Post_P28,0,0.33510755495865063,0
21,P28,P28,Post_P28,0,0.30035422709742093,0
21,P28,P28,Post_P28,0,0.3342939213808932,0
21,P28,P28,Post_P28,0,0.30826180333407,0
21,P28,P28,Post_P28,0,0.310794107382487,0
21,P28,P28,Post_P28,0,0.28245267400664886,0
21,P28,P28,Post_P28,0,0.2862361806811096,0
21,P28,P28,Post_P28,0,0.31350515898519515,0
21,P28,P28,Post_P28,0,0.2947455907338374,0
21,P28,P28,Post_P28,0,0.24101715993606113,0
21,P28,P28,Post_P28,0,0.3035174297538844,0
21,P28,P28,Post_P28,0,0.26711427287412515,0
21,P28,P28,Post_P28,0,0.3088006673228717,0
21,P28,P28,Post_P28,0,0.2877693281128966,0
21,P28,P28,Post_P28,0,0.2848936739709735,0
21,P28,P28,Post_P28,0,0.2773911466130758,0
21,P28,P28,Post_P28,0,0.26769492579790494,0
21,P28,P28,Post_P28,0,0.2823946860502474,0
21,P28,P28,Post_P28,0,0.25766330822450983,0
21,P28,P28,Post_P28,0,0.30558211147598785,0
21,P28,P28,Post_P28,0,0.2638880442281409,0
21,P28,P28,Post_P28,0,0.3365666366711774,0
21,P28,P28,Post_P28,0,0.3201729180677506,0
21,P28,P28,Post_P28,0,0.26297896114721997,0
21,P28,P28,Post_P28,0,0.26359155308151094,0
21,P28,P28,Post_P28,0,0.31321017021522357,0
21,P28,P28,Post_P28,0,0.30070292595163634,0
21,P28,P28,Post_P28,0,0.33536026170335675,0
21,P28,P28,Post_P28,0,0.26412759924169044,0
21,P28,P28,Post_P28,0,0.27845721258098455,0
21,P28,P28,Post_P28,0,0.3278029338384836,0
21,P28,P28,Post_P28,0,0.27890770496766776,0
21,P28,P28,Post_P28,0,0.2832075194944079,0
21,P28,P28,Post_P28,0,0.32342145074682105,0
21,P28,P28,Post_P28,0,0.2920398379762495,0
21,P28,P28,Post_P28,0,0.3060767147858039,0
21,P28,P28,Post_P28,0,0.3070365946355666,0
21,P28,P28,Post_P28,0,0.29310093599467985,0
21,P28,P28,Post_P28,0,0.28492622719409927,0
21,P28,P28,Post_P28,0,0.28164384540367726,0
21,P28,P28,Post_P28,0,0.29060804494124065,0
21,P28,P28,Post_P28,0,0.299816878928334,0
21,P28,P28,Post_P28,0,0.2938572039835203,0
21,P28,P28,Post_P28,0,0.30249328703619577,0
21,P28,P28,Post_P28,0,0.29293994780304405,0
21,P28,P28,Post_P28,0,0.2891769718435352,0
21,P28,P28,Post_P28,0,0.2822457415556724,0
21,P28,P28,Post_P28,0,0.2974354071564336,0
21,P28,P28,Post_P28,0,0.29072498049953294,0
21,P28,P28,Post_P28,0,0.2796271322021774,0
21,P28,P28,Post_P28,0,0.29883546582472015,0
21,P28,P28,Post_P28,0,0.2846478020490203,0
21,P28,P28,Post_P28,0,0.2753379984350178,0
21,P28,P28,Post_P28,0,0.2860425568133133,0
21,P28,P28,Post_P28,0,0.28913037755991916,0
21,P28,P28,Post_P28,0,0.29446834514181736,0
21,P28,P28,Post_P28,0,0.270619303746131,0
21,P28,P28,Post_P28,0,0.3007082907956839,0
21,P28,P28,Post_P28,0,0.25086595659436206,0
21,P28,P28,Post_P28,0,0.273455801288274,0
21,P28,P28,Post_P28,0,0.41606104129065535,0
21,P28,P28,Post_P28,0,0.2749202316671968,0
21,P28,P28,Post_P28,0,0.25475523503562025,0
21,P28,P28,Post_P28,0,0.26480752308269506,0
21,P28,P28,Post_P28,0,0.27360622266060125,0
21,P28,P28,Post_P28,0,0.3028396802460153,0
21,P28,P28,Post_P28,0,0.2687115812421886,0
21,P28,P28,Post_P28,0,0.2823049243684714,0
21,P28,P28,Post_P28,0,0.2964818416602913,0
21,P28,P28,Post_P28,0,0.29545716127096294,0
21,P28,P28,Post_P28,0,0.30156716431120456,0
21,P28,P28,Post_P28,0,0.32098883756141783,0
21,P28,P28,Post_P28,0,0.3479416423425696,0
21,P28,P28,Post_P28,0,0.2717272828005101,0
21,P28,P28,Post_P28,0,0.2808808728467358,0
21,P28,P28,Post_P28,0,0.6110610382584694,1
21,P28,P28,Post_P28,0,0.30224042130565454,0
21,P28,P28,Post_P28,0,0.29504372324271627,0
21,P28,P28,Post_P28,0,0.2925165689265935,0
21,P28,P28,Post_P28,0,0.296818494632474,0
21,P28,P28,Post_P28,0,0.269379622741707,0
21,P28,P28,Post_P28,0,0.2649917281794621,0
21,P28,P28,Post_P28,0,0.28768273734237515,0
21,P28,P28,Post_P28,0,0.32666038754737703,0
21,P28,P28,Post_P28,0,0.28775620138194585,0
21,P28,P28,Post_P28,0,0.27007651086852347,0
21,P28,P28,Post_P28,0,0.3022491060998285,0
21,P28,P28,Post_P28,0,0.32253551560066823,0
21,P28,P28,Post_P28,0,0.29282561751242153,0
21,P28,P28,Post_P28,0,0.26916993083853785,0
21,P28,P28,Post_P28,0,0.3729935268578459,0
21,P28,P28,Post_P28,0,0.33953419823552616,0
21,P28,P28,Post_P28,0,0.31349091790040334,0
21,P28,P28,Post_P28,0,0.3178388989553565,0
21,P28,P28,Post_P28,0,0.2883267473489754,0
21,P28,P28,Post_P28,0,0.3253202665904029,0
21,P28,P28,Post_P28,0,0.2950816416856616,0
21,P28,P28,Post_P28,0,0.3396714521958684,0
21,P28,P28,Post_P28,0,0.3087157047080786,0
21,P28,P28,Post_P28,0,0.2707168387593949,0
21,P28,P28,Post_P28,0,0.32427377012821584,0
21,P28,P28,Post_P28,0,0.24493587583065154,0
21,P28,P28,Post_P28,0,0.27286805248445967,0
21,P28,P28,Post_P28,0,0.29779777439631,0
21,P28,P28,Post_P28,0,0.31527064195591287,0
21,P28,P28,Post_P28,0,0.25793676945343125,0
21,P28,P28,Post_P28,0,0.27683990691445653,0
21,P28,P28,Post_P28,0,0.4202285427849459,0
21,P28,P28,Post_P28,0,0.2633424814570554,0
21,P28,P28,Post_P28,0,0.27053924915833844,0
21,P28,P28,Post_P28,0,0.28129048789201416,0
21,P28,P28,Post_P28,0,0.305627176190421,0
21,P28,P28,Post_P28,0,0.244166734547543,0
21,P28,P28,Post_P28,0,0.28656720240937544,0
21,P28,P28,Post_P28,0,0.25218514863328156,0
21,P28,P28,Post_P28,0,0.288164199903693,0
21,P28,P28,Post_P28,0,0.3183465808007452,0
21,P28,P28,Post_P28,0,0.28328963004605656,0
21,P28,P28,Post_P28,0,0.34912959585572984,0
21,P28,P28,Post_P28,0,0.3069566643483558,0
21,P28,P28,Post_P28,0,0.2859706785923633,0
21,P28,P28,Post_P28,0,0.28776387744580273,0
21,P28,P28,Post_P28,0,0.2788018868178344,0
21,P28,P28,Post_P28,0,0.28593241824044835,0
21,P28,P28,Post_P28,0,0.29254174405873595,0
21,P28,P28,Post_P28,0,0.35253976565810236,0
21,P28,P28,Post_P28,0,0.2584984040964631,0
21,P28,P28,Post_P28,0,0.3380486138294435,0
21,P28,P28,Post_P28,0,0.27928704729389753,0
21,P28,P28,Post_P28,0,0.3206755807142441,0
21,P28,P28,Post_P28,0,0.27767577022344897,0
21,P28,P28,Post_P28,0,0.37492442849829677,0
21,P28,P28,Post_P28,0,0.4684518912208197,0
21,P28,P28,Post_P28,0,0.3028366384751269,0
21,P28,P28,Post_P28,0,0.2900682032155576,0
21,P28,P28,Post_P28,0,0.28387522165074025,0
21,P28,P28,Post_P28,0,0.29166554130346545,0
21,P28,P28,Post_P28,0,0.27269053923301306,0
21,P28,P28,Post_P28,0,0.3137606992165174,0
21,P28,P28,Post_P28,0,0.24473350070264274,0
21,P28,P28,Post_P28,0,0.2851953165646968,0
21,P28,P28,Post_P28,0,0.32033044112868925,0
21,P28,P28,Post_P28,0,0.3343262107900797,0
21,P28,P28,Post_P28,0,0.314245574783328,0
21,P28,P28,Post_P28,0,0.2529770333704993,0
21,P28,P28,Post_P28,0,0.25143474599269566,0
21,P28,P28,Post_P28,0,0.30004900282698027,0
21,P28,P28,Post_P28,0,0.542232485871418,1
21,P28,P28,Post_P28,0,0.2883405505539703,0
21,P28,P28,Post_P28,0,0.3017468713674944,0
21,P28,P28,Post_P28,0,0.32478255485498025,0
21,P28,P28,Post_P28,0,0.2936817662672717,0
21,P28,P28,Post_P28,0,0.3211279521816432,0
21,P28,P28,Post_P28,0,0.23275489706450045,0
21,P28,P28,Post_P28,0,0.3340870166680656,0
21,P28,P28,Post_P28,0,0.307819933742262,0
21,P28,P28,Post_P28,0,0.28889992939859316,0
21,P28,P28,Post_P28,0,0.27767958652160396,0
21,P28,P28,Post_P28,0,0.3056463587487564,0
21,P28,P28,Post_P28,0,0.3157352643425442,0
21,P28,P28,Post_P28,0,0.28142378422004843,0
21,P28,P28,Post_P28,0,0.27961523667224675,0
21,P28,P28,Post_P28,0,0.33396374916284255,0
21,P28,P28,Post_P28,0,0.2884902824052727,0
21,P28,P28,Post_P28,0,0.3146384888729317,0
21,P28,P28,Post_P28,0,0.283752658454194,0
21,P28,P28,Post_P28,0,0.282148565472784,0
21,P28,P28,Post_P28,0,0.32196432048143364,0
21,P28,P28,Post_P28,0,0.2784409812675002,0
21,P28,P28,Post_P28,0,0.3683438406224039,0
21,P28,P28,Post_P28,0,0.3442325558913869,0
21,P28,P28,Post_P28,0,0.27556718415378056,0
21,P28,P28,Post_P28,0,0.2861029071859377,0
21,P28,P28,Post_P28,0,0.31844053687352514,0
21,P28,P28,Post_P28,0,0.27905798800860504,0
21,P28,P28,Post_P28,0,0.2865428133959446,0
21,P28,P28,Post_P28,0,0.3538365783939765,0
21,P28,P28,Post_P28,0,0.3409926415780819,0
21,P28,P28,Post_P28,0,0.2800840936091414,0
21,P28,P28,Post_P28,0,0.2911669110739204,0
21,P28,P28,Post_P28,0,0.26862129412745084,0
21,P28,P28,Post_P28,0,0.2943631768763589,0
21,P28,P28,Post_P28,0,0.30222204559624904,0
21,P28,P28,Post_P28,0,0.27114208518614064,0
21,P28,P28,Post_P28,0,0.2857371923178463,0
21,P28,P28,Post_P28,0,0.29816478348092257,0
21,P28,P28,Post_P28,0,0.26730331147528935,0
21,P28,P28,Post_P28,0,0.29816474315488,0
21,P28,P28,Post_P28,0,0.3288128927918027,0
21,P28,P28,Post_P28,0,0.29897055591625904,0
21,P28,P28,Post_P28,0,0.24597623881381847,0
21,P28,P28,Post_P28,0,0.35962125835170256,0
21,P28,P28,Post_P28,0,0.2630613685416176,0
21,P28,P28,Post_P28,0,0.3255976731054821,0
21,P28,P28,Post_P28,0,0.3069623663322431,0
21,P28,P28,Post_P28,0,0.2757042507311913,0
21,P28,P28,Post_P28,0,0.30373526668346357,0
21,P28,P28,Post_P28,0,0.30862638115830104,0
21,P28,P28,Post_P28,0,0.28125544597178964,0
21,P28,P28,Post_P28,0,0.28457875978210945,0
21,P28,P28,Post_P28,0,0.29298628657540376,0
21,P28,P28,Post_P28,0,0.2820670620699914,0
21,P28,P28,Post_P28,0,0.2895750635364463,0
21,P28,P28,Post_P28,0,0.38222239641901823,0
21,P28,P28,Post_P28,0,0.2883680260496797,0
21,P28,P28,Post_P28,0,0.28454692498850276,0
21,P28,P28,Post_P28,0,0.2844672015879135,0
21,P28,P28,Post_P28,0,0.2711884825366026,0
21,P28,P28,Post_P28,0,0.2915191088847622,0
21,P28,P28,Post_P28,0,0.29437113669417725,0
21,P28,P28,Post_P28,0,0.3077460453945482,0
21,P28,P28,Post_P28,0,0.2837841211045986,0
21,P28,P28,Post_P28,0,0.3206870227579229,0
21,P28,P28,Post_P28,0,0.2916458236381518,0
21,P28,P28,Post_P28,0,0.2628593079952502,0
21,P28,P28,Post_P28,0,0.26416626780076363,0
21,P28,P28,Post_P28,0,0.3052844186280604,0
21,P28,P28,Post_P28,0,0.282546761787339,0
21,P28,P28,Post_P28,0,0.30408516879878467,0
21,P28,P28,Post_P28,0,0.301688071034315,0
21,P28,P28,Post_P28,0,0.31884660106754825,0
21,P28,P28,Post_P28,0,0.3006406538688571,0
21,P28,P28,Post_P28,0,0.32547435377770845,0
21,P28,P28,Post_P28,0,0.3047092890107521,0
21,P28,P28,Post_P28,0,0.27305392007508245,0
21,P28,P28,Post_P28,0,0.3881487293793517,0
21,P28,P28,Post_P28,0,0.31491330203827467,0
21,P28,P28,Post_P28,0,0.2698834695719579,0
21,P28,P28,Post_P28,0,0.31302413493664955,0
21,P28,P28,Post_P28,0,0.2705647902511358,0
21,P28,P28,Post_P28,0,0.31959609749981427,0
21,P28,P28,Post_P28,0,0.33430210621620376,0
21,P28,P28,Post_P28,0,0.24227913674947404,0
21,P28,P28,Post_P28,0,0.2857629322261102,0
21,P28,P28,Post_P28,0,0.28620699171697067,0
21,P28,P28,Post_P28,0,0.2769261983748658,0
21,P28,P28,Post_P28,0,0.28236483313710115,0
21,P28,P28,Post_P28,0,0.2910501257881768,0
21,P28,P28,Post_P28,0,0.30268670361755345,0
21,P28,P28,Post_P28,0,0.27237238655680857,0
21,P28,P28,Post_P28,0,0.31032623603001724,0
21,P28,P28,Post_P28,0,0.28956157660633264,0
21,P28,P28,Post_P28,0,0.3045238208025863,0
21,P28,P28,Post_P28,0,0.309343823725114,0
21,P28,P28,Post_P28,0,0.2978870368284101,0
21,P28,P28,Post_P28,0,0.3527560123986448,0
21,P28,P28,Post_P28,0,0.2606315437098702,0
21,P28,P28,Post_P28,0,0.25256261972202937,0
21,P28,P28,Post_P28,0,0.302612364268928,0
21,P28,P28,Post_P28,0,0.2690423531454166,0
21,P28,P28,Post_P28,0,0.3047958878172466,0
21,P28,P28,Post_P28,0,0.24325987552112768,0
21,P28,P28,Post_P28,0,0.29888283397371757,0
21,P28,P28,Post_P28,0,0.27866797013177286,0
21,P28,P28,Post_P28,0,0.27818274539667487,0
21,P28,P28,Post_P28,0,0.2717630553083769,0
21,P28,P28,Post_P28,0,0.2864151970972692,0
21,P28,P28,Post_P28,0,0.27762842202899135,0
21,P28,P28,Post_P28,0,0.29831120616899787,0
21,P28,P28,Post_P28,0,0.28148253638282794,0
21,P28,P28,Post_P28,0,0.24877034255327482,0
21,P28,P28,Post_P28,0,0.3259834585215502,0
21,P28,P28,Post_P28,0,0.279286416980343,0
21,P28,P28,Post_P28,0,0.3013076703062703,0
21,P28,P28,Post_P28,0,0.2715600051070998,0
21,P28,P28,Post_P28,0,0.27952166141524365,0
21,P28,P28,Post_P28,0,0.2715775058424667,0
21,P28,P28,Post_P28,0,0.2774352426861389,0
21,P28,P28,Post_P28,0,0.2772767456200012,0
21,P28,P28,Post_P28,0,0.3098363784794475,0
21,P28,P28,Post_P28,0,0.31989246550331524,0
21,P28,P28,Post_P28,0,0.28281591330051686,0
21,P28,P28,Post_P28,0,0.26541132589495153,0
21,P28,P28,Post_P28_2,0,0.2728404941974915,0
21,P28,P28,Post_P28_2,0,0.25818408369840107,0
21,P28,P28,Post_P28_2,0,0.1500582090294316,0
21,P28,P28,Post_P28_2,0,0.18453891961279278,0
21,P28,P28,Post_P28_2,0,0.22088228100326263,0
21,P28,P28,Post_P28_2,0,0.16811581611800333,0
21,P28,P28,Post_P28_2,0,0.22088047226898488,0
21,P28,P28,Post_P28_2,0,0.2729382214663079,0
21,P28,P28,Post_P28_2,0,0.09046356668580101,0
21,P28,P28,Post_P28_2,0,0.17595905201449943,0
21,P28,P28,Post_P28_2,0,0.1315363779467057,0
21,P28,P28,Post_P28_2,0,0.24517212403183936,0
21,P28,P28,Post_P28_2,0,0.26774160862028906,0
21,P28,P28,Post_P28_2,0,0.13917400739257466,0
21,P28,P28,Post_P28_2,0,0.2052841979644202,0
21,P28,P28,Post_P28_2,0,0.1930070382115488,0
21,P28,P28,Post_P28_2,0,0.2368944256735081,0
21,P28,P28,Post_P28_2,0,0.1967656127825374,0
21,P28,P28,Post_P28_2,0,0.2645896781659188,0
21,P28,P28,Post_P28_2,0,0.16231188716813305,0
21,P28,P28,Post_P28_2,0,0.16275776980610202,0
21,P28,P28,Post_P28_2,0,0.15502877131390513,0
21,P28,P28,Post_P28_2,0,0.2238468145047705,0
21,P28,P28,Post_P28_2,0,0.20255666980128492,0
21,P28,P28,Post_P28_2,0,0.19215566512669172,0
21,P28,P28,Post_P28_2,0,0.16608017119980956,0
21,P28,P28,Post_P28_2,0,0.21117927523009555,0
21,P28,P28,Post_P28_2,0,0.1641652561297665,0
21,P28,P28,Post_P28_2,0,0.17576167142089377,0
21,P28,P28,Post_P28_2,0,0.16522289376642954,0
21,P28,P28,Post_P28_2,0,0.11431180536930992,0
21,P28,P28,Post_P28_2,0,0.24261403012052582,0
21,P28,P28,Post_P28_2,0,0.264292058677173,0
21,P28,P28,Post_P28_2,0,0.2770487566283534,0
21,P28,P28,Post_P28_2,0,0.16260939452713097,0
21,P28,P28,Post_P28_2,0,0.20165081169899607,0
21,P28,P28,Post_P28_2,0,0.321963405677082,0
21,P28,P28,Post_P28_2,0,0.09462637868079637,0
21,P28,P28,Post_P28_2,0,0.19171292511151822,0
21,P28,P28,Post_P28_2,0,0.18285272287892934,0
21,P28,P28,Post_P28_2,0,0.2467203017875219,0
21,P28,P28,Post_P28_2,0,0.2215392724460746,0
21,P28,P28,Post_P28_2,0,0.18750209129557785,0
21,P28,P28,Post_P28_2,0,0.201750230657922,0
21,P28,P28,Post_P28_2,0,0.15372021204472747,0
21,P28,P28,Post_P28_2,0,0.20257578714040647,0
21,P28,P28,Post_P28_2,0,0.22573438047448074,0
21,P28,P28,Post_P28_2,0,0.22691130801020268,0
21,P28,P28,Post_P28_2,0,0.2127233177042741,0
21,P28,P28,Post_P28_2,0,0.17968033849344783,0
21,P28,P28,Post_P28_2,0,0.21840109017988593,0
21,P28,P28,Post_P28_2,0,0.18178092678938948,0
21,P28,P28,Post_P28_2,0,0.19263574488779991,0
21,P28,P28,Post_P28_2,0,0.20712608760551074,0
21,P28,P28,Post_P28_2,0,0.23495014113707038,0
21,P28,P28,Post_P28_2,0,0.24912210096984194,0
21,P28,P28,Post_P28_2,0,0.28716427630649066,0
21,P28,P28,Post_P28_2,0,0.17803144771336257,0
21,P28,P28,Post_P28_2,0,0.15131475418826718,0
21,P28,P28,Post_P28_2,0,0.16185576387287304,0
21,P28,P28,Post_P28_2,0,0.20491179321714115,0
21,P28,P28,Post_P28_2,0,0.17504344298468127,0
21,P28,P28,Post_P28_2,0,0.10822381457779022,0
21,P28,P28,Post_P28_2,0,0.18939745506112624,0
21,P28,P28,Post_P28_2,0,0.16451606979715808,0
21,P28,P28,Post_P28_2,0,0.24707929431863002,0
21,P28,P28,Post_P28_2,0,0.22871489038106424,0
21,P28,P28,Post_P28_2,0,0.1514720597351808,0
21,P28,P28,Post_P28_2,0,0.2518755383953599,0
21,P28,P28,Post_P28_2,0,0.23268437377514153,0
21,P28,P28,Post_P28_2,0,0.1989847451238794,0
21,P28,P28,Post_P28_2,0,0.23133627432756473,0
21,P28,P28,Post_P28_2,0,0.18431844622487056,0
21,P28,P28,Post_P28_2,0,0.1851482047236585,0
21,P28,P28,Post_P28_2,0,0.22336864835574946,0
21,P28,P28,Post_P28_2,0,0.17875242371700942,0
21,P28,P28,Post_P28_2,0,0.22777682145019218,0
21,P28,P28,Post_P28_2,0,0.19609170990822097,0
21,P28,P28,Post_P28_2,0,0.2032855093666741,0
21,P28,P28,Post_P28_2,0,0.33812251188158315,0
21,P28,P28,Post_P28_2,0,0.13531726473760367,0
21,P28,P28,Post_P28_2,0,0.19876287982307717,0
21,P28,P28,Post_P28_2,0,0.33977578265640473,0
21,P28,P28,Post_P28_2,0,0.1878760603317143,0
21,P28,P28,Post_P28_2,0,0.2661490503743834,0
21,P28,P28,Post_P28_2,0,0.23646656515525502,0
21,P28,P28,Post_P28_2,0,0.2003431675107258,0
21,P28,P28,Post_P28_2,0,0.3484628044508056,0
21,P28,P28,Post_P28_2,0,0.23027352235453563,0
21,P28,P28,Post_P28_2,0,0.151179820523947,0
21,P28,P28,Post_P28_2,0,0.27791550631979794,0
21,P28,P28,Post_P28_2,0,0.16661463740941868,0
21,P28,P28,Post_P28_2,0,0.18625050332624074,0
21,P28,P28,Post_P28_2,0,0.1260572658219723,0
21,P28,P28,Post_P28_2,0,0.2339967232430345,0
21,P28,P28,Post_P28_2,0,0.18080370201927473,0
21,P28,P28,Post_P28_2,0,0.2160270056789171,0
21,P28,P28,Post_P28_2,0,0.2338674255781225,0
21,P28,P28,Post_P28_2,0,0.2544799528738803,0
21,P28,P28,Post_P28_2,0,0.2509147690180306,0
21,P28,P28,Post_P28_2,0,0.2669381649399317,0
21,P28,P28,Post_P28_2,0,0.21473961005841,0
21,P28,P28,Post_P28_2,0,0.3205236589024773,0
21,P28,P28,Post_P28_2,0,0.14425404642146375,0
21,P28,P28,Post_P28_2,0,0.3030788242669604,0
21,P28,P28,Post_P28_2,0,0.20109538240611433,0
21,P28,P28,Post_P28_2,0,0.2272950431666671,0
21,P28,P28,Post_P28_2,0,0.2966921042284281,0
21,P28,P28,Post_P28_2,0,0.13858694124041812,0
21,P28,P28,Post_P28_2,0,0.14394919316669677,0
21,P28,P28,Post_P28_2,0,0.29163885958618996,0
21,P28,P28,Post_P28_2,0,0.20212662297677228,0
21,P28,P28,Post_P28_2,0,0.23264995658333348,0
21,P28,P28,Post_P28_2,0,0.15210342318116066,0
21,P28,P28,Post_P28_2,0,0.206766045854839,0
21,P28,P28,Post_P28_2,0,0.23967986827921478,0
21,P28,P28,Post_P28_2,0,0.20348181303532978,0
21,P28,P28,Post_P28_2,0,0.26680901234839566,0
21,P28,P28,Post_P28_2,0,0.24917111425174976,0
21,P28,P28,Post_P28_2,0,0.20196877713886568,0
21,P28,P28,Post_P28_2,0,0.20828383961435878,0
21,P28,P28,Post_P28_2,0,0.1496995375134221,0
21,P28,P28,Post_P28_2,0,0.27071864805483187,0
21,P28,P28,Post_P28_2,0,0.29850309994228175,0
21,P28,P28,Post_P28_2,0,0.19261290442688128,0
21,P28,P28,Post_P28_2,0,0.2794867411006548,0
21,P28,P28,Post_P28_2,0,0.2069683323117848,0
21,P28,P28,Post_P28_2,0,0.2522059752981706,0
21,P28,P28,Post_P28_2,0,0.1696671653060769,0
21,P28,P28,Post_P28_2,0,0.18036375332651336,0
21,P28,P28,Post_P28_2,0,0.19190479520907502,0
21,P28,P28,Post_P28_2,0,0.24632947614271625,0
21,P28,P28,Post_P28_2,0,0.17447223733019018,0
21,P28,P28,Post_P28_2,0,0.20737518585987205,0
21,P28,P28,Post_P28_2,0,0.18632236150972795,0
21,P28,P28,Post_P28_2,0,0.20601880297172181,0
21,P28,P28,Post_P28_2,0,0.2436613999083808,0
21,P28,P28,Post_P28_2,0,0.19946895053108177,0
21,P28,P28,Post_P28_2,0,0.27087812894443725,0
21,P28,P28,Post_P28_2,0,0.23666150256764654,0
21,P28,P28,Post_P28_2,0,0.13644817928607558,0
21,P28,P28,Post_P28_2,0,0.31967403720402693,0
21,P28,P28,Post_P28_2,0,0.20323237475930586,0
21,P28,P28,Post_P28_2,0,0.2818885180879736,0
21,P28,P28,Post_P28_2,0,0.14847463020066504,0
21,P28,P28,Post_P28_2,0,0.1813048754030155,0
21,P28,P28,Post_P28_2,0,0.27494685066201746,0
21,P28,P28,Post_P28_2,0,0.2332841500771015,0
21,P28,P28,Post_P28_2,0,0.26232334808512714,0
21,P28,P28,Post_P28_2,0,0.24545268138175413,0
21,P28,P28,Post_P28_2,0,0.2341245291746482,0
21,P28,P28,Post_P28_2,0,0.2318776838759154,0
21,P28,P28,Post_P28_2,0,0.15974715776255485,0
21,P28,P28,Post_P28_2,0,0.27429441732503895,0
21,P28,P28,Post_P28_2,0,0.2868308282014359,0
21,P28,P28,Post_P28_2,0,0.16919953579717986,0
21,P28,P28,Post_P28_2,0,0.16705477041849853,0
21,P28,P28,Post_P28_2,0,0.1468924869906299,0
21,P28,P28,Post_P28_2,0,0.17756027073501876,0
21,P28,P28,Post_P28_2,0,0.22622018828538787,0
21,P28,P28,Post_P28_2,0,0.2781089193439542,0
21,P28,P28,Post_P28_2,0,0.18439374898617492,0
21,P28,P28,Post_P28_2,0,0.17757429355194781,0
21,P28,P28,Post_P28_2,0,0.255005111484088,0
21,P28,P28,Post_P28_2,0,0.21690406715847124,0
21,P28,P28,Post_P28_2,0,0.2221883301769231,0
21,P28,P28,Post_P28_2,0,0.17610620804857896,0
21,P28,P28,Post_P28_2,0,0.4024407519450626,0
21,P28,P28,Post_P28_2,0,0.20123072708668607,0
21,P28,P28,Post_P28_2,0,0.20290718649726797,0
21,P28,P28,Post_P28_2,0,0.3034536637205964,0
21,P28,P28,Post_P28_2,0,0.19238951175807092,0
21,P28,P28,Post_P28_2,0,0.1899177126020601,0
21,P28,P28,Post_P28_2,0,0.3374439451122475,0
21,P28,P28,Post_P28_2,0,0.2578170133300589,0
21,P28,P28,Post_P28_2,0,0.14186949705428883,0
21,P28,P28,Post_P28_2,0,0.2697657854748781,0
21,P28,P28,Post_P28_2,0,0.31259475511438933,0
21,P28,P28,Post_P28_2,0,0.19277143552948964,0
21,P28,P28,Post_P28_2,0,0.20802860883281363,0
21,P28,P28,Post_P28_2,0,0.15808074990472112,0
21,P28,P28,Post_P28_2,0,0.37100687510815494,0
21,P28,P28,Post_P28_2,0,0.10585655868785898,0
21,P28,P28,Post_P28_2,0,0.31222497912718955,0
21,P28,P28,Post_P28_2,0,0.26910394937066157,0
21,P28,P28,Post_P28_2,0,0.23126552280665974,0
21,P28,P28,Post_P28_2,0,0.20261348661550907,0
21,P28,P28,Post_P28_2,0,0.22417004919835315,0
21,P28,P28,Post_P28_2,0,0.2212726968162655,0
21,P28,P28,Post_P28_2,0,0.22045528200181597,0
21,P28,P28,Post_P28_2,0,0.2942025709909492,0
21,P28,P28,Post_P28_2,0,0.21441859636775354,0
21,P28,P28,Post_P28_2,0,0.18044811645141573,0
21,P28,P28,Post_P28_2,0,0.2489200353805009,0
21,P28,P28,Post_P28_2,0,0.2838475463482986,0
21,P28,P28,Post_P28_2,0,0.2796578190044175,0
21,P28,P28,Post_P28_2,0,0.2736907599838553,0
21,P28,P28,Post_P28_2,0,0.18570696735732992,0
21,P28,P28,Post_P28_2,0,0.173288438393343,0
21,P28,P28,Post_P28_2,0,0.23984467923631406,0
21,P28,P28,Post_P28_2,0,0.23494759760111525,0
21,P28,P28,Post_P28_2,0,0.19367727238396168,0
21,P28,P28,Post_P28_2,0,0.1801345095474722,0
21,P28,P28,Post_P28_2,0,0.23933788383945698,0
21,P28,P28,Post_P28_2,0,0.23195453639942903,0
21,P28,P28,Post_P28_2,0,0.14938521074116584,0
21,P28,P28,Post_P28_2,0,0.20232711674147089,0
21,P28,P28,Post_P28_2,0,0.1892495383540246,0
21,P28,P28,Post_P28_2,0,0.16846332224317345,0
21,P28,P28,Post_P28_2,0,0.2583933376671946,0
21,P28,P28,Post_P28_2,0,0.18027273907597122,0
21,P28,P28,Post_P28_2,0,0.21680900696015423,0
21,P28,P28,Post_P28_2,0,0.21123670119991275,0
21,P28,P28,Post_P28_2,0,0.19467716501649734,0
21,P28,P28,Post_P28_2,0,0.1954206384710762,0
21,P28,P28,Post_P28_2,0,0.2354671320616846,0
21,P28,P28,Post_P28_2,0,0.17316755646173357,0
21,P28,P28,Post_P28_2,0,0.1534506954953832,0
21,P28,P28,Post_P28_2,0,0.1900348142108722,0
21,P28,P28,Post_P28_2,0,0.21007770865058586,0
21,P28,P28,Post_P28_2,0,0.12331288343860386,0
21,P28,P28,Post_P28_2,0,0.24213977946009912,0
21,P28,P28,Post_P28_2,0,0.23736749541186686,0
21,P28,P28,Post_P28_2,0,0.3070798825869915,0
21,P28,P28,Post_P28_2,0,0.2755295853852745,0
21,P28,P28,Post_P28_2,0,0.24526940309032472,0
21,P28,P28,Post_P28_2,0,0.17197981623017197,0
21,P28,P28,Post_P28_2,0,0.3201800238166894,0
21,P28,P28,Post_P28_2,0,0.18696837777152264,0
21,P28,P28,Post_P28_2,0,0.19972068301564325,0
21,P28,P28,Post_P28_2,0,0.22119011701276783,0
21,P28,P28,Post_P28_2,0,0.22336784903596849,0
21,P28,P28,Post_P28_2,0,0.2288738003537931,0
21,P28,P28,Post_P28_2,0,0.12659273548838815,0
21,P28,P28,Post_P28_2,0,0.11625450621371765,0
21,P28,P28,Post_P28_2,0,0.22646756598124534,0
21,P28,P28,Post_P28_2,0,0.2609587040042676,0
21,P28,P28,Post_P28_2,0,0.20256698393343062,0
21,P28,P28,Post_P28_2,0,0.19915168844391026,0
21,P28,P28,Post_P28_2,0,0.3955783254130742,0
21,P28,P28,Post_P28_2,0,0.21358541971519227,0
21,P28,P28,Post_P28_2,0,0.09452753573081901,0
21,P28,P28,Post_P28_2,0,0.23390283449725544,0
21,P28,P28,Post_P28_2,0,0.20649564608875504,0
21,P28,P28,Post_P28_2,0,0.14669795696035323,0
21,P28,P28,Post_P28_2,0,0.24272722183885,0
21,P28,P28,Post_P28_2,0,0.15732244974232718,0
21,P28,P28,Post_P28_2,0,0.2531924598803982,0
21,P28,P28,Post_P28_2,0,0.18555719663618483,0
21,P28,P28,Post_P28_2,0,0.1731866905078231,0
21,P28,P28,Post_P28_2,0,0.1512645923675734,0
21,P28,P28,Post_P28_2,0,0.20367257390916702,0
21,P28,P28,Post_P28_2,0,0.142889929884658,0
21,P28,P28,Post_P28_2,0,0.22529025661279484,0
21,P28,P28,Post_P28_2,0,0.31071812883893174,0
21,P28,P28,Post_P28_2,0,0.23901562772979362,0
21,P28,P28,Post_P28_2,0,0.1752544409350215,0
21,P28,P28,Post_P28_2,0,0.14953940689144918,0
21,P28,P28,Post_P28_2,0,0.1821672071055877,0
21,P28,P28,Post_P28_2,0,0.17197791494755849,0
21,P28,P28,Post_P28_2,0,0.16127640165793186,0
21,P28,P28,Post_P28_2,0,0.26137626565421934,0
21,P28,P28,Post_P28_2,0,0.20306502847204,0
21,P28,P28,Post_P28_2,0,0.13718319637965048,0
21,P28,P28,Post_P28_2,0,0.2449824288372721,0
21,P28,P28,Post_P28_2,0,0.20883215826211196,0
21,P28,P28,Post_P28_2,0,0.310712235449628,0
21,P28,P28,Post_P28_2,0,0.23395170108551477,0
21,P28,P28,Post_P28_2,0,0.28087720913818515,0
21,P28,P28,Post_P28_2,0,0.20096630418713218,0
21,P28,P28,Post_P28_2,0,0.1869962713720632,0
21,P28,P28,Post_P28_2,0,0.21657148398101128,0
21,P28,P28,Post_P28_2,0,0.2424310227460693,0
21,P28,P28,Post_P28_2,0,0.26761820757412635,0
21,P28,P28,Post_P28_2,0,0.17193134698864862,0
21,P28,P28,Post_P28_2,0,0.21087138287498441,0
21,P28,P28,Post_P28_2,0,0.23049739972657,0
21,P28,P28,Post_P28_2,0,0.21191083893601595,0
21,P28,P28,Post_P28_2,0,0.1630897297008246,0
21,P28,P28,Post_P28_2,0,0.2129907428934367,0
21,P28,P28,Post_P28_2,0,0.1290833713181027,0
21,P28,P28,Post_P28_2,0,0.2218939495292203,0
21,P28,P28,Post_P28_2,0,0.1787143786528415,0
21,P28,P28,Post_P28_2,0,0.28286564602458963,0
21,P28,P28,Post_P28_2,0,0.1726846163479475,0
21,P28,P28,Post_P28_2,0,0.19237281497971478,0
21,P28,P28,Post_P28_2,0,0.18457716790698678,0
21,P28,P28,Post_P28_2,0,0.15014500233106248,0
21,P28,P28,Post_P28_2,0,0.19852214470226867,0
21,P28,P28,Post_P28_2,0,0.17352277562076832,0
21,P28,P28,Post_P28_2,0,0.24900431821710586,0
21,P28,P28,Post_P28_2,0,0.25883874289530834,0
21,P28,P28,Post_P28_2,0,0.26461858180928793,0
21,P28,P28,Post_P28_2,0,0.24831587761210544,0
21,P28,P28,Post_P28_2,0,0.16097544450423565,0
21,P28,P28,Post_P28_2,0,0.1749152115905095,0
21,P28,P28,Post_P28_2,0,0.18752048771025875,0
21,P28,P28,Post_P28_2,0,0.14452359154864852,0
21,P28,P28,Post_P28_2,0,0.2503183876664475,0
21,P28,P28,Post_P28_2,0,0.35656737094453145,0
21,P28,P28,Post_P28_2,0,0.12199778146774289,0
21,P28,P28,Post_P28_2,0,0.18907968729804758,0
21,P28,P28,Post_P28_2,0,0.26684203725141875,0
21,P28,P28,Post_P28_2,0,0.15668241947055986,0
21,P28,P28,Post_P28_2,0,0.25383498335137156,0
21,P28,P28,Post_P28_2,0,0.22376489576435954,0
21,P28,P28,Post_P28_2,0,0.24734980136857385,0
21,P28,P28,Post_P28_2,0,0.2270110084353887,0
21,P28,P28,Post_P28_2,0,0.15267926430651893,0
21,P28,P28,Post_P28_2,0,0.136248434243136,0
21,P28,P28,Post_P28_2,0,0.2254952190689171,0
21,P28,P28,Post_P28_2,0,0.21907515069540817,0
21,P28,P28,Post_P28_2,0,0.18660796609868396,0
21,P28,P28,Post_P28_2,0,0.23842393077395846,0
21,P28,P28,Post_P28_2,0,0.166009060343046,0
21,P28,P28,Post_P28_2,0,0.22084911680941344,0
21,P28,P28,Post_P28_2,0,0.26296136336506887,0
21,P28,P28,Post_P28_2,0,0.1476154529975013,0
21,P28,P28,Post_P28_2,0,0.21507711125285342,0
21,P28,P28,Post_P28_2,0,0.12689944811889414,0
21,P28,P28,Post_P28_2,0,0.27495350522829437,0
21,P28,P28,Post_P28_2,0,0.1713172224814205,0
21,P28,P28,Post_P28_2,0,0.2050149772425163,0
21,P28,P28,Post_P28_2,0,0.19036430757805547,0
21,P28,P28,Post_P28_2,0,0.32501611449883644,0
21,P28,P28,Post_P28_2,0,0.2150960189941862,0
21,P28,P28,Post_P28_2,0,0.27827254844726007,0
21,P28,P28,Post_P28_2,0,0.2192859667757327,0
21,P28,P28,Post_P28_2,0,0.14500378379793047,0
21,P28,P28,Post_P28_2,0,0.2262896319664478,0
21,P28,P28,Post_P28_2,0,0.2424134081728435,0
21,P28,P28,Post_P28_2,0,0.16545102120186783,0
21,P28,P28,Post_P28_2,0,0.16674041030838435,0
21,P28,P28,Post_P28_2,0,0.26250498909443853,0
21,P28,P28,Post_P28_2,0,0.1547492795800274,0
21,P28,P28,Post_P28_2,0,0.24923085178007753,0
21,P28,P28,Post_P28_2,0,0.17408870173922059,0
21,P28,P28,Post_P28_2,0,0.13242830281171364,0
21,P28,P28,Post_P28_2,0,0.13597571575082557,0
21,P28,P28,Post_P28_2,0,0.2126766559514385,0
21,P28,P28,Post_P28_2,0,0.19572958935218965,0
21,P28,P28,Post_P28_2,0,0.2316895259398942,0
21,P28,P28,Post_P28_2,0,0.18698172707342348,0
21,P28,P28,Post_P28_2,0,0.30831962635635385,0
21,P28,P28,Post_P28_2,0,0.18646711556884843,0
21,P28,P28,Post_P28_2,0,0.16967968867359093,0
21,P28,P28,Post_P28_2,0,0.17877217247821867,0
21,P28,P28,Post_P28_2,0,0.19395459739949322,0
21,P28,P28,Post_P28_2,0,0.28261197170007635,0
21,P28,P28,Post_P28_2,0,0.27439947237624973,0
21,P28,P28,Post_P28_2,0,0.18520688701489568,0
21,P28,P28,Post_P28_2,0,0.2502654931202472,0
21,P28,P28,Post_P28_2,0,0.20958252747008035,0
21,P28,P28,Post_P28_2,0,0.23780829569753387,0
21,P28,P28,Post_P28_2,0,0.12732152348191964,0
21,P28,P28,Post_P28_2,0,0.14857306699828823,0
21,P28,P28,Post_P28_2,0,0.20647227109616428,0
21,P28,P28,Post_P28_2,0,0.2630524719126672,0
21,P28,P28,Post_P28_2,0,0.22146736451610058,0
21,P28,P28,Post_P28_2,0,0.2330885016816998,0
21,P28,P28,Post_P28_2,0,0.14127151574038216,0
21,P28,P28,Post_P28_2,0,0.18598359065157158,0
21,P28,P28,Post_P28_2,0,0.20743515161374523,0
21,P28,P28,Post_P28_2,0,0.21194334911760485,0
21,P28,P28,Post_P28_2,0,0.3917644496580376,0
21,P28,P28,Post_P28_2,0,0.22041676521004147,0
21,P28,P28,Post_P28_2,0,0.2039756044431685,0
21,P28,P28,Post_P28_2,0,0.2630382180170909,0
21,P28,P28,Post_P28_2,0,0.17884556161193133,0
21,P28,P28,Post_P28_2,0,0.16749624765721255,0
21,P28,P28,Post_P28_2,0,0.13320491337266474,0
21,P28,P28,Post_P28_2,0,0.2033848510193573,0
22,P29,P29,Pre_P29,1,0.4194624426328279,0
22,P29,P29,Pre_P29,1,0.11937410107160794,0
22,P29,P29,Pre_P29,1,0.2058249473573414,0
22,P29,P29,Pre_P29,1,0.20346615335948776,0
22,P29,P29,Pre_P29,1,0.2955301600296293,0
22,P29,P29,Pre_P29,1,0.3894109616329875,0
22,P29,P29,Pre_P29,1,0.6706267751686642,1
22,P29,P29,Pre_P29,1,0.3392064081079296,0
22,P29,P29,Pre_P29,1,0.27432330190648635,0
22,P29,P29,Pre_P29,1,0.12482649846364377,0
22,P29,P29,Pre_P29,1,0.5088666021065866,1
22,P29,P29,Pre_P29,1,0.254807324787135,0
22,P29,P29,Pre_P29,1,0.700902392652884,1
22,P29,P29,Pre_P29,1,0.2689283271622821,0
22,P29,P29,Pre_P29,1,0.7360475703069367,1
22,P29,P29,Pre_P29,1,0.3693887700315728,0
22,P29,P29,Pre_P29,1,0.1865892502975075,0
22,P29,P29,Pre_P29,1,0.12247490438923685,0
22,P29,P29,Pre_P29,1,0.5742304481678591,1
22,P29,P29,Pre_P29,1,0.6158456673832231,1
22,P29,P29,Pre_P29,1,0.7013657811863302,1
22,P29,P29,Pre_P29,1,0.3431903262570451,0
22,P29,P29,Pre_P29,1,0.42359638285285856,0
22,P29,P29,Pre_P29,1,0.6027330813246738,1
22,P29,P29,Pre_P29,1,0.3511356136030786,0
22,P29,P29,Pre_P29,1,0.17344633712552598,0
22,P29,P29,Pre_P29,1,0.278266490356128,0
22,P29,P29,Pre_P29,1,0.1459283832987516,0
22,P29,P29,Pre_P29,1,0.3747878712268125,0
22,P29,P29,Pre_P29,1,0.7443376546488383,1
22,P29,P29,Pre_P29,1,0.20152837985858854,0
22,P29,P29,Pre_P29,1,0.17323026615997653,0
22,P29,P29,Pre_P29,1,0.16296307875236474,0
22,P29,P29,Pre_P29,1,0.17341205459523662,0
22,P29,P29,Pre_P29,1,0.41913843138321455,0
22,P29,P29,Pre_P29,1,0.24387827178268418,0
22,P29,P29,Pre_P29,1,0.6903859349518644,1
22,P29,P29,Pre_P29,1,0.4353301220004436,0
22,P29,P29,Pre_P29,1,0.607792351871358,1
22,P29,P29,Pre_P29,1,0.40342504061018186,0
22,P29,P29,Pre_P29,1,0.18858939685471893,0
22,P29,P29,Pre_P29,1,0.3796751923095693,0
22,P29,P29,Pre_P29,1,0.5490955566479229,1
22,P29,P29,Pre_P29,1,0.16381529496153627,0
22,P29,P29,Pre_P29,1,0.3415365780448356,0
22,P29,P29,Pre_P29,1,0.33016164673213855,0
22,P29,P29,Pre_P29,1,0.15547649611490902,0
22,P29,P29,Pre_P29,1,0.254597235809849,0
22,P29,P29,Pre_P29,1,0.20117786983292382,0
22,P29,P29,Pre_P29,1,0.5941019484938326,1
22,P29,P29,Pre_P29,1,0.12735159747511185,0
22,P29,P29,Pre_P29,1,0.4939844233206602,0
22,P29,P29,Pre_P29,1,0.2632066993759301,0
22,P29,P29,Pre_P29,1,0.16081446501849336,0
22,P29,P29,Pre_P29,1,0.3394404949997049,0
22,P29,P29,Pre_P29,1,0.2399383864399527,0
22,P29,P29,Pre_P29,1,0.14818511577545931,0
22,P29,P29,Pre_P29,1,0.14601261399591087,0
22,P29,P29,Pre_P29,1,0.528360192599925,1
22,P29,P29,Pre_P29,1,0.3480638102819069,0
22,P29,P29,Pre_P29,1,0.29557827951108584,0
22,P29,P29,Pre_P29,1,0.5688971212571207,1
22,P29,P29,Pre_P29,1,0.11840447890880018,0
22,P29,P29,Pre_P29,1,0.6207991310180307,1
22,P29,P29,Pre_P29,1,0.4750939426543188,0
22,P29,P29,Pre_P29,1,0.21170345882391814,0
22,P29,P29,Pre_P29,1,0.32865451771690246,0
22,P29,P29,Pre_P29,1,0.20255973528128765,0
22,P29,P29,Pre_P29,1,0.41915356104533036,0
22,P29,P29,Pre_P29,1,0.27298981752253443,0
22,P29,P29,Pre_P29,1,0.14975647835720404,0
22,P29,P29,Pre_P29,1,0.2335251570208643,0
22,P29,P29,Pre_P29,1,0.4112882299685866,0
22,P29,P29,Pre_P29,1,0.38466004379167745,0
22,P29,P29,Pre_P29,1,0.22969381901791117,0
22,P29,P29,Pre_P29,1,0.16779376669150908,0
22,P29,P29,Pre_P29,1,0.31159653213564575,0
22,P29,P29,Pre_P29,1,0.2013492883561756,0
22,P29,P29,Pre_P29,1,0.4469051135186346,0
22,P29,P29,Pre_P29,1,0.7220854390014747,1
22,P29,P29,Pre_P29,1,0.31638569537746225,0
22,P29,P29,Pre_P29,1,0.2176773430085057,0
22,P29,P29,Pre_P29,1,0.3264648669343138,0
22,P29,P29,Pre_P29,1,0.2837744516284621,0
22,P29,P29,Pre_P29,1,0.2655602654889192,0
22,P29,P29,Pre_P29,1,0.5809687058242644,1
22,P29,P29,Pre_P29,1,0.4519713124326583,0
22,P29,P29,Pre_P29,1,0.38085428979270025,0
22,P29,P29,Pre_P29,1,0.5673177998613511,1
22,P29,P29,Pre_P29,1,0.25660308523045405,0
22,P29,P29,Pre_P29,1,0.312699753230587,0
22,P29,P29,Pre_P29,1,0.5079418889022406,1
22,P29,P29,Pre_P29,1,0.191387980325991,0
22,P29,P29,Pre_P29,1,0.2907915715265249,0
22,P29,P29,Pre_P29,1,0.6242612497889775,1
22,P29,P29,Pre_P29,1,0.41627592236479527,0
22,P29,P29,Pre_P29,1,0.32208130804175655,0
22,P29,P29,Pre_P29,1,0.15234101126536592,0
22,P29,P29,Pre_P29,1,0.44251623878044566,0
22,P29,P29,Pre_P29,1,0.2670398278014518,0
22,P29,P29,Pre_P29,1,0.3351061892608853,0
22,P29,P29,Pre_P29,1,0.5656464048637616,1
22,P29,P29,Pre_P29,1,0.2111844782107471,0
22,P29,P29,Pre_P29,1,0.40019902923880046,0
22,P29,P29,Pre_P29,1,0.20650764881571712,0
22,P29,P29,Pre_P29,1,0.18712693490744423,0
22,P29,P29,Pre_P29,1,0.24086396675372823,0
22,P29,P29,Pre_P29,1,0.5324371848316354,1
22,P29,P29,Pre_P29,1,0.16695538403884153,0
22,P29,P29,Pre_P29,1,0.588140505467752,1
22,P29,P29,Pre_P29,1,0.655530431396687,1
22,P29,P29,Pre_P29,1,0.2499249735112095,0
22,P29,P29,Pre_P29,1,0.45231869838402233,0
22,P29,P29,Pre_P29,1,0.14811267152707486,0
22,P29,P29,Pre_P29,1,0.33049430491675214,0
22,P29,P29,Pre_P29,1,0.18889498905708915,0
22,P29,P29,Pre_P29,1,0.6860938241569507,1
22,P29,P29,Pre_P29,1,0.2480295707408249,0
22,P29,P29,Pre_P29,1,0.4435743580287654,0
22,P29,P29,Pre_P29,1,0.2499542532275894,0
22,P29,P29,Pre_P29,1,0.5339848513681681,1
22,P29,P29,Pre_P29,1,0.33010172874499705,0
22,P29,P29,Pre_P29,1,0.20172151871637917,0
22,P29,P29,Pre_P29,1,0.23591176425163546,0
22,P29,P29,Pre_P29,1,0.49673901999857034,0
22,P29,P29,Pre_P29,1,0.22553310988742517,0
22,P29,P29,Pre_P29,1,0.38244871367878286,0
22,P29,P29,Pre_P29,1,0.19912381998554785,0
22,P29,P29,Pre_P29,1,0.36732741265369107,0
22,P29,P29,Pre_P29,1,0.23630244468839123,0
22,P29,P29,Pre_P29,1,0.14953423939466257,0
22,P29,P29,Pre_P29,1,0.32251925712901547,0
22,P29,P29,Pre_P29,1,0.4069809727610942,0
22,P29,P29,Pre_P29,1,0.27608948510725645,0
22,P29,P29,Pre_P29,1,0.5190589068576783,1
22,P29,P29,Pre_P29,1,0.1667023670929515,0
22,P29,P29,Pre_P29,1,0.5576123904113661,1
22,P29,P29,Pre_P29,1,0.3935040339406764,0
22,P29,P29,Pre_P29,1,0.26719654617462124,0
22,P29,P29,Pre_P29,1,0.5734059695287788,1
22,P29,P29,Pre_P29,1,0.15700138944377406,0
22,P29,P29,Pre_P29,1,0.30329140893107837,0
22,P29,P29,Pre_P29,1,0.23133495875206686,0
22,P29,P29,Pre_P29,1,0.2801776211414971,0
22,P29,P29,Pre_P29,1,0.2133928578610513,0
22,P29,P29,Pre_P29,1,0.49428708436033547,0
22,P29,P29,Pre_P29,1,0.20886115124425053,0
22,P29,P29,Pre_P29,1,0.5035080673062059,1
22,P29,P29,Pre_P29,1,0.34333009777792495,0
22,P29,P29,Pre_P29,1,0.30945818905736083,0
22,P29,P29,Pre_P29,1,0.5388629351668167,1
22,P29,P29,Pre_P29,1,0.2546536220349725,0
22,P29,P29,Pre_P29,1,0.09389235048849448,0
22,P29,P29,Pre_P29,1,0.18359365887825144,0
22,P29,P29,Pre_P29,1,0.31994378664316364,0
22,P29,P29,Pre_P29,1,0.29949972975599715,0
22,P29,P29,Pre_P29,1,0.243042559255259,0
22,P29,P29,Pre_P29,1,0.21952138747881947,0
22,P29,P29,Pre_P29,1,0.2024488669173395,0
22,P29,P29,Pre_P29,1,0.27448478214643873,0
22,P29,P29,Pre_P29,1,0.32982588465967155,0
22,P29,P29,Pre_P29,1,0.37917145202045704,0
22,P29,P29,Pre_P29,1,0.6681759782332721,1
23,P3,P3,Pre_P3,0,0.2635776072513935,0
23,P3,P3,Pre_P3,0,0.7317436726300316,1
23,P3,P3,Pre_P3,0,0.6716085386277532,1
23,P3,P3,Pre_P3,0,0.2644430711518681,0
23,P3,P3,Pre_P3,0,0.6843311674806519,1
23,P3,P3,Pre_P3,0,0.2274552504986912,0
23,P3,P3,Pre_P3,0,0.4223259829993702,0
23,P3,P3,Pre_P3,0,0.4177313032958676,0
23,P3,P3,Pre_P3,0,0.23831162250199966,0
23,P3,P3,Pre_P3,0,0.4813149751470007,0
23,P3,P3,Pre_P3,0,0.2928634398731441,0
23,P3,P3,Pre_P3,0,0.43097661717580554,0
23,P3,P3,Pre_P3,0,0.528986465456978,1
23,P3,P3,Pre_P3,0,0.5352121776620188,1
23,P3,P3,Pre_P3,0,0.5519811322001135,1
23,P3,P3,Pre_P3,0,0.5176693464735698,1
23,P3,P3,Pre_P3,0,0.23163006887367396,0
23,P3,P3,Pre_P3,0,0.8012636430935136,1
23,P3,P3,Pre_P3,0,0.7427275546066024,1
23,P3,P3,Pre_P3,0,0.7864376356047065,1
23,P3,P3,Pre_P3,0,0.6396191752527711,1
23,P3,P3,Pre_P3,0,0.32958240794161453,0
23,P3,P3,Pre_P3,0,0.6779716792081675,1
23,P3,P3,Pre_P3,0,0.5339159461928532,1
23,P3,P3,Pre_P3,0,0.7155040625837692,1
23,P3,P3,Pre_P3,0,0.7194436007153672,1
23,P3,P3,Pre_P3,0,0.2505613975407076,0
23,P3,P3,Pre_P3,0,0.2859014940702005,0
23,P3,P3,Pre_P3,0,0.32103224736854125,0
23,P3,P3,Pre_P3,0,0.5072883354128745,1
23,P3,P3,Pre_P3,0,0.504634048204111,1
23,P3,P3,Pre_P3,0,0.4928310839361025,0
23,P3,P3,Pre_P3,0,0.7080622622738492,1
23,P3,P3,Pre_P3,0,0.530611251625046,1
23,P3,P3,Pre_P3,0,0.43479136105465743,0
23,P3,P3,Pre_P3,0,0.5225291369588116,1
23,P3,P3,Pre_P3,0,0.6825455998838519,1
23,P3,P3,Pre_P3,0,0.50814253339215,1
23,P3,P3,Pre_P3,0,0.5864889685397974,1
23,P3,P3,Pre_P3,0,0.36567422720990206,0
23,P3,P3,Pre_P3,0,0.575468653477205,1
23,P3,P3,Pre_P3,0,0.780770552335003,1
23,P3,P3,Pre_P3,0,0.5760137833527532,1
23,P3,P3,Pre_P3,0,0.3462933906556522,0
23,P3,P3,Pre_P3,0,0.3621972048412564,0
23,P3,P3,Pre_P3,0,0.5532862853166791,1
23,P3,P3,Pre_P3,0,0.24332104626835468,0
23,P3,P3,Pre_P3,0,0.5441817196531239,1
23,P3,P3,Pre_P3,0,0.6394329246715384,1
23,P3,P3,Pre_P3,0,0.5351087308132397,1
23,P3,P3,Pre_P3,0,0.29948859726363936,0
23,P3,P3,Pre_P3,0,0.6040493524118459,1
23,P3,P3,Pre_P3,0,0.6915923115514736,1
23,P3,P3,Pre_P3,0,0.655484296688115,1
23,P3,P3,Pre_P3,0,0.5077501594833471,1
23,P3,P3,Pre_P3,0,0.5826157902642495,1
23,P3,P3,Pre_P3,0,0.7091737337469901,1
23,P3,P3,Pre_P3,0,0.5974664636850172,1
23,P3,P3,Pre_P3,0,0.82600512035095,1
23,P3,P3,Pre_P3,0,0.6602038002582327,1
23,P3,P3,Pre_P3,0,0.6313037326634447,1
23,P3,P3,Pre_P3,0,0.4090692649590562,0
23,P3,P3,Pre_P3,0,0.39801230105695223,0
23,P3,P3,Pre_P3,0,0.3579332889548766,0
23,P3,P3,Pre_P3,0,0.5941065977732385,1
23,P3,P3,Pre_P3,0,0.32984464937545543,0
23,P3,P3,Pre_P3,0,0.4754033540986096,0
23,P3,P3,Pre_P3,0,0.4218013310480718,0
23,P3,P3,Pre_P3,0,0.39306596911256697,0
23,P3,P3,Pre_P3,0,0.5299932322973145,1
23,P3,P3,Pre_P3,0,0.7004016248004136,1
23,P3,P3,Pre_P3,0,0.6343766634081542,1
23,P3,P3,Pre_P3,0,0.5852504422323782,1
23,P3,P3,Pre_P3,0,0.3813300778506194,0
23,P3,P3,Pre_P3,0,0.6109108370279654,1
23,P3,P3,Pre_P3,0,0.5046873200266638,1
23,P3,P3,Pre_P3,0,0.38040995064531763,0
23,P3,P3,Pre_P3,0,0.5993985361248704,1
23,P3,P3,Pre_P3,0,0.7092794795409959,1
23,P3,P3,Pre_P3,0,0.24138029090084825,0
23,P3,P3,Pre_P3,0,0.5432148262996555,1
23,P3,P3,Pre_P3,0,0.6941482863176014,1
23,P3,P3,Pre_P3,0,0.6983421660922462,1
23,P3,P3,Pre_P3,0,0.3589257708071044,0
23,P3,P3,Pre_P3,0,0.686106706427136,1
23,P3,P3,Pre_P3,0,0.3843566658645737,0
23,P3,P3,Pre_P3,0,0.3318604589769236,0
23,P3,P3,Pre_P3,0,0.3838878807483907,0
23,P3,P3,Pre_P3,0,0.3522372787474248,0
23,P3,P3,Pre_P3,0,0.2783839694024065,0
23,P3,P3,Pre_P3,0,0.7311350580305491,1
23,P3,P3,Pre_P3,0,0.5161916743976809,1
23,P3,P3,Pre_P3,0,0.3134611952145991,0
23,P3,P3,Pre_P3,0,0.35376743537248495,0
23,P3,P3,Pre_P3,0,0.4522388453826029,0
23,P3,P3,Pre_P3,0,0.39181177939191086,0
23,P3,P3,Pre_P3,0,0.39749049684389104,0
23,P3,P3,Pre_P3,0,0.8414839400716445,1
23,P3,P3,Pre_P3,0,0.3790028918977044,0
23,P3,P3,Pre_P3,0,0.6347070835438304,1
23,P3,P3,Pre_P3,0,0.26688751009945455,0
23,P3,P3,Pre_P3,0,0.3157771222746205,0
23,P3,P3,Pre_P3,0,0.5474549626576846,1
23,P3,P3,Pre_P3,0,0.5864038968061244,1
23,P3,P3,Pre_P3,0,0.39283105402503854,0
23,P3,P3,Pre_P3,0,0.5312112391694362,1
23,P3,P3,Pre_P3,0,0.5121471172689293,1
23,P3,P3,Pre_P3,0,0.776574286493115,1
23,P3,P3,Pre_P3,0,0.7061160570984617,1
23,P3,P3,Pre_P3,0,0.26833144453919366,0
23,P3,P3,Pre_P3,0,0.6121610229387796,1
23,P3,P3,Pre_P3,0,0.7138296758506338,1
23,P3,P3,Pre_P3,0,0.35928858627906224,0
23,P3,P3,Pre_P3,0,0.5205868544881129,1
23,P3,P3,Pre_P3,0,0.4814207360847652,0
23,P3,P3,Pre_P3,0,0.5919121847653839,1
23,P3,P3,Pre_P3,0,0.5726827162407452,1
23,P3,P3,Pre_P3,0,0.7031887090504064,1
23,P3,P3,Pre_P3,0,0.704862866773535,1
23,P3,P3,Pre_P3,0,0.6454252985405723,1
23,P3,P3,Pre_P3,0,0.686322644524292,1
23,P3,P3,Pre_P3,0,0.38905526077610175,0
23,P3,P3,Pre_P3,0,0.2921682633363133,0
23,P3,P3,Pre_P3,0,0.49234787176627665,0
23,P3,P3,Pre_P3,0,0.6924412280006518,1
23,P3,P3,Pre_P3,0,0.28039252587872837,0
23,P3,P3,Pre_P3,0,0.504224253180951,1
23,P3,P3,Pre_P3,0,0.6363174592308736,1
23,P3,P3,Pre_P3,0,0.5219249765816207,1
23,P3,P3,Pre_P3,0,0.3439917872321582,0
23,P3,P3,Pre_P3,0,0.5081184975123898,1
23,P3,P3,Pre_P3,0,0.7530256468346915,1
23,P3,P3,Pre_P3,0,0.28194051272523174,0
23,P3,P3,Pre_P3,0,0.6939303582043651,1
23,P3,P3,Pre_P3,0,0.5809261915905747,1
23,P3,P3,Pre_P3,0,0.46821738616380115,0
23,P3,P3,Pre_P3,0,0.2479200528670802,0
23,P3,P3,Pre_P3,0,0.5650666297709578,1
23,P3,P3,Pre_P3,0,0.34728571783777434,0
23,P3,P3,Pre_P3,0,0.6161641982040801,1
23,P3,P3,Pre_P3,0,0.7067296721485201,1
23,P3,P3,Pre_P3,0,0.2577392750742017,0
23,P3,P3,Pre_P3,0,0.43105341134807185,0
23,P3,P3,Pre_P3,0,0.5254938023882951,1
23,P3,P3,Pre_P3,0,0.2920782270861964,0
23,P3,P3,Pre_P3,0,0.35616274680854754,0
23,P3,P3,Pre_P3,0,0.31457836921486376,0
23,P3,P3,Pre_P3,0,0.48502765091612177,0
23,P3,P3,Pre_P3,0,0.7264263596463179,1
23,P3,P3,Pre_P3,0,0.2775212297809467,0
23,P3,P3,Pre_P3,0,0.7209219238143183,1
23,P3,P3,Pre_P3,0,0.3898959000355417,0
23,P3,P3,Pre_P3,0,0.7467315108818109,1
23,P3,P3,Pre_P3,0,0.6621569028497614,1
23,P3,P3,Pre_P3,0,0.7072885598652949,1
23,P3,P3,Pre_P3,0,0.2868255339127135,0
23,P3,P3,Pre_P3,0,0.6893949751455791,1
23,P3,P3,Pre_P3,0,0.40961720190436907,0
23,P3,P3,Pre_P3,0,0.5765018877445849,1
23,P3,P3,Pre_P3,0,0.48945879698830647,0
23,P3,P3,Pre_P3,0,0.2686368586514884,0
23,P3,P3,Pre_P3,0,0.5092114734333963,1
23,P3,P3,Pre_P3,0,0.5957532044008251,1
23,P3,P3,Pre_P3,0,0.23724926065267635,0
23,P3,P3,Pre_P3,0,0.2895566429380877,0
23,P3,P3,Pre_P3,0,0.6713269245136099,1
23,P3,P3,Pre_P3,0,0.7031027531199698,1
23,P3,P3,Pre_P3,0,0.4945912663579576,0
23,P3,P3,Pre_P3,0,0.5809028839405845,1
23,P3,P3,Pre_P3,0,0.6383752996691476,1
23,P3,P3,Pre_P3,0,0.27339960572304683,0
23,P3,P3,Pre_P3,0,0.31077221751339235,0
23,P3,P3,Pre_P3,0,0.35428430716622517,0
23,P3,P3,Pre_P3,0,0.7106454090794342,1
23,P3,P3,Pre_P3,0,0.39066245388285453,0
23,P3,P3,Pre_P3,0,0.7967365438141986,1
23,P3,P3,Pre_P3,0,0.41943914171585145,0
23,P3,P3,Pre_P3,0,0.6232411513926235,1
23,P3,P3,Pre_P3,0,0.3474572582483185,0
23,P3,P3,Pre_P3,0,0.8130832621458948,1
23,P3,P3,Pre_P3,0,0.30443087294128446,0
23,P3,P3,Pre_P3,0,0.8376605737250218,1
23,P3,P3,Pre_P3,0,0.5172172358449747,1
23,P3,P3,Pre_P3,0,0.6957089852509113,1
23,P3,P3,Pre_P3,0,0.4068535140362846,0
23,P3,P3,Pre_P3,0,0.3985840138574367,0
23,P3,P3,Pre_P3,0,0.5657159259702484,1
23,P3,P3,Pre_P3,0,0.7196207942305579,1
23,P3,P3,Pre_P3,0,0.49876511868344997,0
23,P3,P3,Pre_P3,0,0.586260192589661,1
23,P3,P3,Pre_P3,0,0.7007859815949733,1
23,P3,P3,Pre_P3,0,0.3985743061213464,0
23,P3,P3,Pre_P3,0,0.6639379075212446,1
23,P3,P3,Pre_P3,0,0.6422268623975326,1
23,P3,P3,Pre_P3,0,0.575990058636238,1
23,P3,P3,Pre_P3,0,0.5760178090869327,1
23,P3,P3,Pre_P3,0,0.5916180592616866,1
23,P3,P3,Pre_P3,0,0.32265687862976866,0
23,P3,P3,Pre_P3,0,0.6368699398547899,1
23,P3,P3,Pre_P3,0,0.7206621913462194,1
23,P3,P3,Pre_P3,0,0.38919152772046883,0
23,P3,P3,Pre_P3,0,0.4478435417522095,0
23,P3,P3,Pre_P3,0,0.4540446963454452,0
23,P3,P3,Pre_P3,0,0.5422972083215208,1
23,P3,P3,Pre_P3,0,0.37666354299028204,0
23,P3,P3,Pre_P3,0,0.5198995717803266,1
23,P3,P3,Pre_P3,0,0.41278380781110985,0
23,P3,P3,Pre_P3,0,0.28517866167951034,0
23,P3,P3,Pre_P3,0,0.2082248433842891,0
23,P3,P3,Pre_P3,0,0.2703468504745462,0
23,P3,P3,Pre_P3,0,0.7333617323550714,1
23,P3,P3,Pre_P3,0,0.5885432748159126,1
23,P3,P3,Pre_P3,0,0.5901424074205592,1
23,P3,P3,Pre_P3,0,0.4908215963200335,0
23,P3,P3,Pre_P3,0,0.3544987637647727,0
23,P3,P3,Pre_P3,0,0.332286459735988,0
23,P3,P3,Pre_P3,0,0.5303520104435204,1
23,P3,P3,Pre_P3,0,0.33912533563385083,0
23,P3,P3,Pre_P3,0,0.5096437118041852,1
23,P3,P3,Pre_P3,0,0.5300692143616447,1
23,P3,P3,Pre_P3,0,0.6987258858644091,1
23,P3,P3,Pre_P3,0,0.7161874397839754,1
23,P3,P3,Pre_P3,0,0.29474169977069103,0
23,P3,P3,Pre_P3,0,0.8527058933435472,1
23,P3,P3,Pre_P3,0,0.6865132027737214,1
23,P3,P3,Pre_P3,0,0.5019945953435361,1
23,P3,P3,Pre_P3,0,0.4415948587132457,0
23,P3,P3,Pre_P3,0,0.5625599264695641,1
23,P3,P3,Pre_P3,0,0.847115835625628,1
23,P3,P3,Pre_P3,0,0.4019265774062461,0
23,P3,P3,Pre_P3,0,0.6819109333665826,1
23,P3,P3,Pre_P3,0,0.7699272113416297,1
23,P3,P3,Pre_P3,0,0.7141732390602205,1
23,P3,P3,Pre_P3,0,0.3954637066615758,0
23,P3,P3,Pre_P3,0,0.5387588468524513,1
23,P3,P3,Pre_P3,0,0.44515457548051696,0
23,P3,P3,Pre_P3,0,0.2842478071177602,0
23,P3,P3,Pre_P3,0,0.41958980893729686,0
23,P3,P3,Pre_P3,0,0.24752501119261813,0
23,P3,P3,Pre_P3,0,0.7553957807395462,1
23,P3,P3,Pre_P3,0,0.4950990647701235,0
23,P3,P3,Pre_P3,0,0.7213368706760377,1
23,P3,P3,Pre_P3,0,0.6022482034482783,1
23,P3,P3,Pre_P3,0,0.49503050081621036,0
23,P3,P3,Pre_P3,0,0.7664558190028005,1
23,P3,P3,Post_P3,0,0.6513824367978777,1
23,P3,P3,Post_P3,0,0.43449997428308074,0
23,P3,P3,Post_P3,0,0.18506251194254492,0
23,P3,P3,Post_P3,0,0.2086123593753531,0
23,P3,P3,Post_P3,0,0.2331708778921433,0
23,P3,P3,Post_P3,0,0.3045079150334873,0
23,P3,P3,Post_P3,0,0.3738438894568581,0
23,P3,P3,Post_P3,0,0.18874744436124238,0
23,P3,P3,Post_P3,0,0.19827975496817365,0
23,P3,P3,Post_P3,0,0.46584872605088856,0
23,P3,P3,Post_P3,0,0.3455355736729444,0
23,P3,P3,Post_P3,0,0.18812522443310217,0
23,P3,P3,Post_P3,0,0.14301143291015564,0
23,P3,P3,Post_P3,0,0.1681524437525631,0
23,P3,P3,Post_P3,0,0.4067630287889649,0
23,P3,P3,Post_P3,0,0.1879698787469991,0
23,P3,P3,Post_P3,0,0.2768517005255139,0
23,P3,P3,Post_P3,0,0.1899087429835524,0
23,P3,P3,Post_P3,0,0.21502943301165234,0
23,P3,P3,Post_P3,0,0.41448114311604434,0
23,P3,P3,Post_P3,0,0.10010323684739726,0
23,P3,P3,Post_P3,0,0.13554709425515166,0
23,P3,P3,Post_P3,0,0.15334024903862403,0
23,P3,P3,Post_P3,0,0.17109917027262062,0
23,P3,P3,Post_P3,0,0.16800660469549372,0
23,P3,P3,Post_P3,0,0.17726692083229534,0
23,P3,P3,Post_P3,0,0.165203943650416,0
23,P3,P3,Post_P3,0,0.16173688496873612,0
23,P3,P3,Post_P3,0,0.23013082541294727,0
23,P3,P3,Post_P3,0,0.24170335204845775,0
23,P3,P3,Post_P3,0,0.17321707524233385,0
23,P3,P3,Post_P3,0,0.5184461297155976,1
23,P3,P3,Post_P3,0,0.35701363859401297,0
23,P3,P3,Post_P3,0,0.5980352688548141,1
23,P3,P3,Post_P3,0,0.18093512464973482,0
23,P3,P3,Post_P3,0,0.15766119692766933,0
23,P3,P3,Post_P3,0,0.19760400532020736,0
23,P3,P3,Post_P3,0,0.20295184161682783,0
23,P3,P3,Post_P3,0,0.1678118260679254,0
23,P3,P3,Post_P3,0,0.3855594144992949,0
23,P3,P3,Post_P3,0,0.20066025464290038,0
23,P3,P3,Post_P3,0,0.16291434046101141,0
23,P3,P3,Post_P3,0,0.2769933441026141,0
23,P3,P3,Post_P3,0,0.23254284205190573,0
23,P3,P3,Post_P3,0,0.28902895499573167,0
23,P3,P3,Post_P3,0,0.20938589143995462,0
23,P3,P3,Post_P3,0,0.18113203896123667,0
23,P3,P3,Post_P3,0,0.213636310129882,0
23,P3,P3,Post_P3,0,0.5353001433037776,1
23,P3,P3,Post_P3,0,0.1848894527467048,0
23,P3,P3,Post_P3,0,0.18042939522322937,0
23,P3,P3,Post_P3,0,0.20874447901154883,0
23,P3,P3,Post_P3,0,0.1514606145400752,0
23,P3,P3,Post_P3,0,0.2012086548583307,0
23,P3,P3,Post_P3,0,0.42776940526663915,0
23,P3,P3,Post_P3,0,0.25606696928732464,0
23,P3,P3,Post_P3,0,0.24152638339534982,0
23,P3,P3,Post_P3,0,0.38068984787951277,0
23,P3,P3,Post_P3,0,0.1559729449573267,0
23,P3,P3,Post_P3,0,0.46064841514228105,0
23,P3,P3,Post_P3,0,0.1605415060060542,0
23,P3,P3,Post_P3,0,0.37223781031832137,0
23,P3,P3,Post_P3,0,0.28531827019738615,0
23,P3,P3,Post_P3,0,0.12111872266774146,0
23,P3,P3,Post_P3,0,0.40409057218422506,0
23,P3,P3,Post_P3,0,0.38093196969369936,0
23,P3,P3,Post_P3,0,0.23327642238732665,0
23,P3,P3,Post_P3,0,0.4732246419354619,0
23,P3,P3,Post_P3,0,0.15509138454503574,0
23,P3,P3,Post_P3,0,0.15449272954059876,0
23,P3,P3,Post_P3,0,0.578482328465545,1
23,P3,P3,Post_P3,0,0.2185795617933362,0
23,P3,P3,Post_P3,0,0.13177526261998443,0
23,P3,P3,Post_P3,0,0.5504753152669901,1
23,P3,P3,Post_P3,0,0.15579296083630498,0
23,P3,P3,Post_P3,0,0.43447815923638156,0
23,P3,P3,Post_P3,0,0.4227898194985088,0
23,P3,P3,Post_P3,0,0.16640807457432694,0
23,P3,P3,Post_P3,0,0.629490668149843,1
23,P3,P3,Post_P3,0,0.19756891084211806,0
23,P3,P3,Post_P3,0,0.23691128030571526,0
23,P3,P3,Post_P3,0,0.17112576058460385,0
23,P3,P3,Post_P3,0,0.250275271118083,0
23,P3,P3,Post_P3,0,0.7012327448384672,1
23,P3,P3,Post_P3,0,0.16818465548709186,0
23,P3,P3,Post_P3,0,0.22048256871074,0
23,P3,P3,Post_P3,0,0.181306563902228,0
23,P3,P3,Post_P3,0,0.4350624313507421,0
23,P3,P3,Post_P3,0,0.2182624501007306,0
23,P3,P3,Post_P3,0,0.18858897696889415,0
23,P3,P3,Post_P3,0,0.18050770860912715,0
23,P3,P3,Post_P3,0,0.21557057164300183,0
23,P3,P3,Post_P3,0,0.21268071219210785,0
23,P3,P3,Post_P3,0,0.22621124272296558,0
23,P3,P3,Post_P3,0,0.1919400513190642,0
23,P3,P3,Post_P3,0,0.18707809847008547,0
23,P3,P3,Post_P3,0,0.3080971359202167,0
23,P3,P3,Post_P3,0,0.250447534663179,0
23,P3,P3,Post_P3,0,0.20604551741019636,0
23,P3,P3,Post_P3,0,0.19613171440729596,0
23,P3,P3,Post_P3,0,0.31681052751965527,0
23,P3,P3,Post_P3,0,0.1750452748373497,0
23,P3,P3,Post_P3,0,0.1529836955788988,0
23,P3,P3,Post_P3,0,0.16224402751328196,0
23,P3,P3,Post_P3,0,0.216526207926419,0
23,P3,P3,Post_P3,0,0.4435101747678456,0
23,P3,P3,Post_P3,0,0.21888564670653662,0
23,P3,P3,Post_P3,0,0.38585100395047633,0
23,P3,P3,Post_P3,0,0.5496183126804376,1
23,P3,P3,Post_P3,0,0.12099051152301293,0
23,P3,P3,Post_P3,0,0.13352864163313763,0
23,P3,P3,Post_P3,0,0.20247136321898396,0
23,P3,P3,Post_P3,0,0.14611872228801465,0
23,P3,P3,Post_P3,0,0.3723090858681005,0
23,P3,P3,Post_P3,0,0.38927213361719065,0
23,P3,P3,Post_P3,0,0.2140332068547557,0
23,P3,P3,Post_P3,0,0.3565657529531347,0
23,P3,P3,Post_P3,0,0.20593067517521518,0
23,P3,P3,Post_P3,0,0.1852709076824974,0
23,P3,P3,Post_P3,0,0.2199985364837315,0
23,P3,P3,Post_P3,0,0.3340800571786685,0
23,P3,P3,Post_P3,0,0.19204257166242666,0
23,P3,P3,Post_P3,0,0.2748048766792369,0
23,P3,P3,Post_P3,0,0.2218194470650364,0
23,P3,P3,Post_P3,0,0.181434900498911,0
23,P3,P3,Post_P3,0,0.2078203171009102,0
23,P3,P3,Post_P3,0,0.7302830012196668,1
23,P3,P3,Post_P3,0,0.4243270251031312,0
23,P3,P3,Post_P3,0,0.2034141819076778,0
23,P3,P3,Post_P3,0,0.17786495631370935,0
23,P3,P3,Post_P3,0,0.3310505131936067,0
23,P3,P3,Post_P3,0,0.2028118567539291,0
23,P3,P3,Post_P3,0,0.2764628514072651,0
23,P3,P3,Post_P3,0,0.19452746615414218,0
23,P3,P3,Post_P3,0,0.2002188321387648,0
23,P3,P3,Post_P3,0,0.19471003329326259,0
23,P3,P3,Post_P3,0,0.200448471210182,0
23,P3,P3,Post_P3,0,0.2619501937647624,0
23,P3,P3,Post_P3,0,0.4190755983303199,0
23,P3,P3,Post_P3,0,0.21914872899026314,0
23,P3,P3,Post_P3,0,0.13187419370380707,0
23,P3,P3,Post_P3,0,0.2710925971756815,0
23,P3,P3,Post_P3,0,0.22728945081235052,0
23,P3,P3,Post_P3,0,0.2021173632983205,0
23,P3,P3,Post_P3,0,0.1920566944891421,0
23,P3,P3,Post_P3,0,0.16032430747951879,0
23,P3,P3,Post_P3,0,0.14714902383961767,0
23,P3,P3,Post_P3,0,0.14943774001465898,0
23,P3,P3,Post_P3,0,0.1829449977145728,0
23,P3,P3,Post_P3,0,0.20957790564659112,0
23,P3,P3,Post_P3,0,0.23299215196020684,0
23,P3,P3,Post_P3,0,0.18754802035501855,0
23,P3,P3,Post_P3,0,0.5260509271844971,1
23,P3,P3,Post_P3,0,0.544774091335733,1
23,P3,P3,Post_P3,0,0.1815450365727078,0
23,P3,P3,Post_P3,0,0.21395042082140694,0
23,P3,P3,Post_P3,0,0.22388416935311034,0
23,P3,P3,Post_P3,0,0.22303235207819644,0
23,P3,P3,Post_P3,0,0.1783153051757735,0
23,P3,P3,Post_P3,0,0.20316190521001817,0
23,P3,P3,Post_P3,0,0.6142229479503793,1
23,P3,P3,Post_P3,0,0.20078433803306878,0
23,P3,P3,Post_P3,0,0.32154515023687025,0
23,P3,P3,Post_P3,0,0.19791557545146193,0
23,P3,P3,Post_P3,0,0.2688860583694484,0
23,P3,P3,Post_P3,0,0.20051647580280815,0
23,P3,P3,Post_P3,0,0.18057855252022767,0
23,P3,P3,Post_P3,0,0.14145383328462294,0
23,P3,P3,Post_P3,0,0.4223600934947414,0
23,P3,P3,Post_P3,0,0.22204637659125628,0
23,P3,P3,Post_P3,0,0.3322454653565088,0
23,P3,P3,Post_P3,0,0.16906235105998504,0
23,P3,P3,Post_P3,0,0.18811586870229693,0
23,P3,P3,Post_P3,0,0.20374775948928422,0
23,P3,P3,Post_P3,0,0.18854517971577744,0
23,P3,P3,Post_P3,0,0.22473604643272027,0
23,P3,P3,Post_P3,0,0.15722379518888951,0
23,P3,P3,Post_P3,0,0.31055005800380725,0
23,P3,P3,Post_P3,0,0.3455665743004276,0
23,P3,P3,Post_P3,0,0.13777289698017986,0
23,P3,P3,Post_P3,0,0.16846791846016274,0
23,P3,P3,Post_P3,0,0.16439131830160414,0
23,P3,P3,Post_P3,0,0.1909573017945192,0
23,P3,P3,Post_P3,0,0.21178022584584513,0
23,P3,P3,Post_P3,0,0.23688958630410273,0
23,P3,P3,Post_P3,0,0.40079778296095314,0
23,P3,P3,Post_P3,0,0.3945421468306727,0
23,P3,P3,Post_P3,0,0.6662370945770678,1
23,P3,P3,Post_P3,0,0.22050629144405376,0
23,P3,P3,Post_P3,0,0.24604109586018044,0
23,P3,P3,Post_P3,0,0.27467543440923736,0
23,P3,P3,Post_P3,0,0.28458511727234037,0
23,P3,P3,Post_P3,0,0.3379611514027134,0
23,P3,P3,Post_P3,0,0.18525704469115142,0
23,P3,P3,Post_P3,0,0.28155955193819987,0
23,P3,P3,Post_P3,0,0.18332912767738438,0
23,P3,P3,Post_P3,0,0.3479298825606877,0
23,P3,P3,Post_P3,0,0.2347593558273727,0
23,P3,P3,Post_P3,0,0.19494387638395275,0
23,P3,P3,Post_P3,0,0.35956270282539277,0
23,P3,P3,Post_P3,0,0.31889996814636573,0
23,P3,P3,Post_P3,0,0.15621537074628608,0
23,P3,P3,Post_P3,0,0.12898199527254278,0
23,P3,P3,Post_P3,0,0.2163689072153258,0
23,P3,P3,Post_P3,0,0.1980620840062009,0
23,P3,P3,Post_P3,0,0.19778326995011833,0
23,P3,P3,Post_P3,0,0.1636668536263991,0
23,P3,P3,Post_P3,0,0.1990359541375362,0
23,P3,P3,Post_P3,0,0.16844297349228438,0
23,P3,P3,Post_P3,0,0.17505758891425835,0
23,P3,P3,Post_P3,0,0.18659398455949697,0
23,P3,P3,Post_P3,0,0.21812895897378945,0
23,P3,P3,Post_P3,0,0.21049906542175434,0
23,P3,P3,Post_P3,0,0.1712556627524455,0
23,P3,P3,Post_P3,0,0.1445561289336388,0
23,P3,P3,Post_P3,0,0.24164157381577103,0
23,P3,P3,Post_P3,0,0.17763659258670955,0
23,P3,P3,Post_P3,0,0.2341833670696506,0
23,P3,P3,Post_P3,0,0.23192954054929482,0
23,P3,P3,Post_P3,0,0.24702786609416255,0
23,P3,P3,Post_P3,0,0.4085762516296828,0
23,P3,P3,Post_P3,0,0.2514367991331854,0
23,P3,P3,Post_P3,0,0.36924013209501194,0
23,P3,P3,Post_P3,0,0.1523238496180057,0
23,P3,P3,Post_P3,0,0.71752833833764,1
23,P3,P3,Post_P3,0,0.1795132537121036,0
23,P3,P3,Post_P3,0,0.26521325055217027,0
23,P3,P3,Post_P3,0,0.17005537368678364,0
23,P3,P3,Post_P3,0,0.260949039273265,0
23,P3,P3,Post_P3,0,0.4340150522311618,0
23,P3,P3,Post_P3,0,0.19187528086071046,0
23,P3,P3,Post_P3,0,0.46699366122960145,0
23,P3,P3,Post_P3,0,0.5150299577954903,1
23,P3,P3,Post_P3,0,0.407035193603202,0
23,P3,P3,Post_P3,0,0.2774975739071643,0
23,P3,P3,Post_P3,0,0.1517593799641363,0
23,P3,P3,Post_P3,0,0.2036618067212888,0
23,P3,P3,Post_P3,0,0.28454708465722983,0
23,P3,P3,Post_P3,0,0.22970657428668118,0
23,P3,P3,Post_P3,0,0.17926553802096232,0
23,P3,P3,Post_P3,0,0.24757577027277017,0
23,P3,P3,Post_P3,0,0.1886276309870711,0
23,P3,P3,Post_P3,0,0.13397327364452252,0
23,P3,P3,Post_P3,0,0.26999440533282,0
23,P3,P3,Post_P3,0,0.2504920005941204,0
23,P3,P3,Post_P3,0,0.17906502638007704,0
23,P3,P3,Post_P3,0,0.1991448234173249,0
23,P3,P3,Post_P3,0,0.2304742134229575,0
23,P3,P3,Post_P3,0,0.20770970044626544,0
23,P3,P3,Post_P3,0,0.17857465296544262,0
23,P3,P3,Post_P3,0,0.17595969426393074,0
23,P3,P3,Post_P3,0,0.20481903384772737,0
23,P3,P3,Post_P3,0,0.13639892308049023,0
23,P3,P3,Post_P3,0,0.255286517101022,0
23,P3,P3,Post_P3,0,0.2057733000723243,0
23,P3,P3,Post_P3,0,0.20246061401523957,0
23,P3,P3,Post_P3,0,0.14311553701917015,0
23,P3,P3,Post_P3,0,0.6563500891968025,1
23,P3,P3,Post_P3,0,0.22494732870608392,0
23,P3,P3,Post_P3,0,0.4156373961642491,0
23,P3,P3,Post_P3,0,0.20077025580182087,0
23,P3,P3,Post_P3,0,0.40130653982142983,0
23,P3,P3,Post_P3,0,0.15000985931630714,0
23,P3,P3,Post_P3,0,0.16420205793937925,0
23,P3,P3,Post_P3,0,0.26801205825839824,0
23,P3,P3,Post_P3,0,0.17808496350246078,0
23,P3,P3,Post_P3,0,0.18819705927944685,0
23,P3,P3,Post_P3,0,0.18606901784825977,0
23,P3,P3,Post_P3,0,0.5046549510820357,1
23,P3,P3,Post_P3,0,0.20297437848351138,0
23,P3,P3,Post_P3,0,0.24511522691651583,0
23,P3,P3,Post_P3,0,0.1617325658325353,0
23,P3,P3,Post_P3,0,0.17132014228069078,0
23,P3,P3,Post_P3,0,0.21933627043675613,0
23,P3,P3,Post_P3,0,0.38057740143031293,0
23,P3,P3,Post_P3,0,0.16812787150291778,0
23,P3,P3,Post_P3,0,0.4707124037576516,0
23,P3,P3,Post_P3,0,0.46587019904258775,0
23,P3,P3,Post_P3,0,0.17879395806896445,0
23,P3,P3,Post_P3,0,0.33961522519392184,0
23,P3,P3,Post_P3,0,0.17835732351925565,0
23,P3,P3,Post_P3,0,0.3619185436353213,0
23,P3,P3,Post_P3,0,0.3906111474358945,0
23,P3,P3,Post_P3,0,0.18813486798292328,0
23,P3,P3,Post_P3,0,0.15672241420644956,0
23,P3,P3,Post_P3,0,0.39840308277734987,0
23,P3,P3,Post_P3,0,0.17070609876872758,0
23,P3,P3,Post_P3,0,0.17232378851518912,0
23,P3,P3,Post_P3,0,0.14783186951525787,0
23,P3,P3,Post_P3,0,0.2158212821633951,0
23,P3,P3,Post_P3,0,0.20597840738513767,0
23,P3,P3,Post_P3,0,0.23904441624448916,0
23,P3,P3,Post_P3,0,0.17628349942520657,0
23,P3,P3,Post_P3,0,0.14883692826130782,0
23,P3,P3,Post_P3,0,0.17875519915861934,0
23,P3,P3,Post_P3,0,0.22063329523508773,0
23,P3,P3,Post_P3,0,0.19355879402308193,0
23,P3,P3,Post_P3,0,0.20300472470953107,0
23,P3,P3,Post_P3,0,0.21014667673269277,0
23,P3,P3,Post_P3,0,0.4200082040568621,0
23,P3,P3,Post_P3,0,0.242209897589387,0
23,P3,P3,Post_P3,0,0.34396775458506973,0
23,P3,P3,Post_P3,0,0.4575129336443969,0
23,P3,P3,Post_P3,0,0.1596596525992346,0
23,P3,P3,Post_P3,0,0.18445484726833047,0
23,P3,P3,Post_P3,0,0.45670927262996985,0
23,P3,P3,Post_P3,0,0.14204808678410902,0
23,P3,P3,Post_P3,0,0.2563726027617334,0
23,P3,P3,Post_P3,0,0.5096224175008219,1
23,P3,P3,Post_P3,0,0.5652989536480186,1
23,P3,P3,Post_P3,0,0.42176490678148926,0
23,P3,P3,Post_P3,0,0.42668019801373697,0
23,P3,P3,Post_P3,0,0.22380026481331688,0
23,P3,P3,Post_P3,0,0.1560826249687332,0
23,P3,P3,Post_P3,0,0.5267284145488235,1
23,P3,P3,Post_P3,0,0.18073647203692098,0
23,P3,P3,Post_P3,0,0.1495048789831416,0
23,P3,P3,Post_P3,0,0.5984477257633756,1
23,P3,P3,Post_P3,0,0.21484420128316847,0
23,P3,P3,Post_P3,0,0.21952065252171704,0
23,P3,P3,Post_P3,0,0.19596733501293653,0
23,P3,P3,Post_P3,0,0.1359278421850216,0
23,P3,P3,Post_P3,0,0.4815920279357341,0
23,P3,P3,Post_P3,0,0.19346219162632416,0
23,P3,P3,Post_P3,0,0.4446974428827933,0
23,P3,P3,Post_P3,0,0.4941428939483598,0
23,P3,P3,Post_P3,0,0.18467106228839056,0
23,P3,P3,Post_P3,0,0.3596099487244818,0
23,P3,P3,Post_P3,0,0.2389396817156545,0
23,P3,P3,Post_P3,0,0.15946478144791199,0
23,P3,P3,Post_P3,0,0.1590188900474946,0
23,P3,P3,Post_P3,0,0.1465390099246321,0
23,P3,P3,Post_P3,0,0.1519991064544874,0
23,P3,P3,Post_P3,0,0.15331096868592725,0
23,P3,P3,Post_P3,0,0.1394001381852078,0
23,P3,P3,Post_P3,0,0.25403595332694084,0
23,P3,P3,Post_P3,0,0.7399783330178294,1
23,P3,P3,Post_P3,0,0.3724123193988218,0
23,P3,P3,Post_P3,0,0.21408459568597457,0
23,P3,P3,Post_P3,0,0.21355791894014695,0
23,P3,P3,Post_P3,0,0.20720320307929205,0
23,P3,P3,Post_P3,0,0.34256863026319134,0
23,P3,P3,Post_P3,0,0.1541589710710946,0
23,P3,P3,Post_P3,0,0.19797957709644962,0
23,P3,P3,Post_P3,0,0.23187726215833926,0
23,P3,P3,Post_P3,0,0.4023200266460735,0
23,P3,P3,Post_P3,0,0.24563568801529886,0
23,P3,P3,Post_P3,0,0.40305094183325774,0
23,P3,P3,Post_P3,0,0.20242375765962287,0
23,P3,P3,Post_P3,0,0.2280544942143664,0
23,P3,P3,Post_P3,0,0.14204808678410902,0
23,P3,P3,Post_P3,0,0.15654010429443138,0
23,P3,P3,Post_P3,0,0.17307369290201252,0
23,P3,P3,Post_P3,0,0.20776017283606552,0
23,P3,P3,Post_P3,0,0.49154100314033794,0
23,P3,P3,Post_P3,0,0.23737046010984142,0
23,P3,P3,Post_P3,0,0.6496392671556755,1
23,P3,P3,Post_P3,0,0.15036211418999282,0
23,P3,P3,Post_P3,0,0.6008252026041769,1
23,P3,P3,Post_P3_2,0,0.74917823267931,1
23,P3,P3,Post_P3_2,0,0.7939941327980762,1
23,P3,P3,Post_P3_2,0,0.7418444008547489,1
23,P3,P3,Post_P3_2,0,0.7398981155881953,1
23,P3,P3,Post_P3_2,0,0.7866228965255018,1
23,P3,P3,Post_P3_2,0,0.8028417049956785,1
23,P3,P3,Post_P3_2,0,0.7942262972854307,1
23,P3,P3,Post_P3_2,0,0.7942262972854307,1
23,P3,P3,Post_P3_2,0,0.7704249707396557,1
23,P3,P3,Post_P3_2,0,0.7674949173048405,1
23,P3,P3,Post_P3_2,0,0.785475769767387,1
23,P3,P3,Post_P3_2,0,0.785475769767387,1
23,P3,P3,Post_P3_2,0,0.7868466882716674,1
23,P3,P3,Post_P3_2,0,0.8152174746308632,1
23,P3,P3,Post_P3_2,0,0.7777614141927737,1
23,P3,P3,Post_P3_2,0,0.7155034342310684,1
23,P3,P3,Post_P3_2,0,0.7204807618021899,1
23,P3,P3,Post_P3_2,0,0.7517531339780926,1
23,P3,P3,Post_P3_2,0,0.7947626873131485,1
23,P3,P3,Post_P3_2,0,0.757413649418592,1
23,P3,P3,Post_P3_2,0,0.757413649418592,1
23,P3,P3,Post_P3_2,0,0.7536341249829098,1
23,P3,P3,Post_P3_2,0,0.7440438675326478,1
23,P3,P3,Post_P3_2,0,0.7769036914021842,1
23,P3,P3,Post_P3_2,0,0.7696324214225966,1
23,P3,P3,Post_P3_2,0,0.7056768337510064,1
23,P3,P3,Post_P3_2,0,0.778179504858359,1
23,P3,P3,Post_P3_2,0,0.7764657729717054,1
23,P3,P3,Post_P3_2,0,0.783737042951293,1
23,P3,P3,Post_P3_2,0,0.7742418987973478,1
23,P3,P3,Post_P3_2,0,0.7309235619563478,1
23,P3,P3,Post_P3_2,0,0.7358018818397976,1
23,P3,P3,Post_P3_2,0,0.7337452716109742,1
23,P3,P3,Post_P3_2,0,0.7466968843344739,1
23,P3,P3,Post_P3_2,0,0.7766863301306388,1
23,P3,P3,Post_P3_2,0,0.7711115006793687,1
23,P3,P3,Post_P3_2,0,0.7769440552675821,1
23,P3,P3,Post_P3_2,0,0.7721892213798884,1
23,P3,P3,Post_P3_2,0,0.7785413555812462,1
23,P3,P3,Post_P3_2,0,0.7912439418609093,1
23,P3,P3,Post_P3_2,0,0.7784607133926108,1
23,P3,P3,Post_P3_2,0,0.6890955480656844,1
23,P3,P3,Post_P3_2,0,0.7802022220398661,1
23,P3,P3,Post_P3_2,0,0.7676776380475843,1
23,P3,P3,Post_P3_2,0,0.7070763577049787,1
23,P3,P3,Post_P3_2,0,0.7570431839761042,1
23,P3,P3,Post_P3_2,0,0.7541814612121951,1
23,P3,P3,Post_P3_2,0,0.7729136084328325,1
23,P3,P3,Post_P3_2,0,0.7599088397295359,1
23,P3,P3,Post_P3_2,0,0.6824612922022855,1
23,P3,P3,Post_P3_2,0,0.7934678160352668,1
23,P3,P3,Post_P3_2,0,0.7720200027193885,1
23,P3,P3,Post_P3_2,0,0.7879770373276094,1
23,P3,P3,Post_P3_2,0,0.7761898374315513,1
23,P3,P3,Post_P3_2,0,0.8096935976329619,1
23,P3,P3,Post_P3_2,0,0.727547881021637,1
23,P3,P3,Post_P3_2,0,0.7489561403474757,1
23,P3,P3,Post_P3_2,0,0.7238176118721122,1
23,P3,P3,Post_P3_2,0,0.755484180129224,1
23,P3,P3,Post_P3_2,0,0.7597522901011193,1
23,P3,P3,Post_P3_2,0,0.759179612072005,1
23,P3,P3,Post_P3_2,0,0.7478521684616398,1
23,P3,P3,Post_P3_2,0,0.7661697969737179,1
23,P3,P3,Post_P3_2,0,0.7858231089423249,1
23,P3,P3,Post_P3_2,0,0.7984045459809824,1
23,P3,P3,Post_P3_2,0,0.7322504676452084,1
23,P3,P3,Post_P3_2,0,0.7539033305761781,1
23,P3,P3,Post_P3_2,0,0.7717749371963886,1
23,P3,P3,Post_P3_2,0,0.721113430343713,1
23,P3,P3,Post_P3_2,0,0.7737593495437837,1
23,P3,P3,Post_P3_2,0,0.7188288054453968,1
23,P3,P3,Post_P3_2,0,0.787622963392019,1
23,P3,P3,Post_P3_2,0,0.762449170925717,1
23,P3,P3,Post_P3_2,0,0.7848191727047078,1
23,P3,P3,Post_P3_2,0,0.7668124479259784,1
23,P3,P3,Post_P3_2,0,0.7881701989298653,1
23,P3,P3,Post_P3_2,0,0.7477342771017619,1
23,P3,P3,Post_P3_2,0,0.7512234496003619,1
23,P3,P3,Post_P3_2,0,0.763065918661909,1
23,P3,P3,Post_P3_2,0,0.7559949676372406,1
23,P3,P3,Post_P3_2,0,0.7894846106644247,1
23,P3,P3,Post_P3_2,0,0.8499642953272213,1
23,P3,P3,Post_P3_2,0,0.7318965860094934,1
23,P3,P3,Post_P3_2,0,0.7020439791967699,1
23,P3,P3,Post_P3_2,0,0.8087129322796299,1
23,P3,P3,Post_P3_2,0,0.7778201530874386,1
23,P3,P3,Post_P3_2,0,0.7270523209225032,1
23,P3,P3,Post_P3_2,0,0.7486962231205053,1
23,P3,P3,Post_P3_2,0,0.7506871724923757,1
23,P3,P3,Post_P3_2,0,0.6890955480656844,1
23,P3,P3,Post_P3_2,0,0.6996421523860962,1
23,P3,P3,Post_P3_2,0,0.7313478896688378,1
23,P3,P3,Post_P3_2,0,0.7780765097799224,1
23,P3,P3,Post_P3_2,0,0.7950655108282666,1
23,P3,P3,Post_P3_2,0,0.7267010941110236,1
23,P3,P3,Post_P3_2,0,0.8079525916865693,1
23,P3,P3,Post_P3_2,0,0.7658556410342565,1
23,P3,P3,Post_P3_2,0,0.7800269966374163,1
23,P3,P3,Post_P3_2,0,0.7711369726430526,1
23,P3,P3,Post_P3_2,0,0.7620747343446518,1
23,P3,P3,Post_P3_2,0,0.7367579437098036,1
23,P3,P3,Post_P3_2,0,0.768956128324459,1
23,P3,P3,Post_P3_2,0,0.7606224246269151,1
23,P3,P3,Post_P3_2,0,0.7816400407728157,1
23,P3,P3,Post_P3_2,0,0.7770910527832994,1
23,P3,P3,Post_P3_2,0,0.7655703165681593,1
23,P3,P3,Post_P3_2,0,0.6809521266147522,1
23,P3,P3,Post_P3_2,0,0.7188976360988072,1
23,P3,P3,Post_P3_2,0,0.7449313200307447,1
23,P3,P3,Post_P3_2,0,0.7895664663954332,1
23,P3,P3,Post_P3_2,0,0.7779180826894423,1
23,P3,P3,Post_P3_2,0,0.783236881514753,1
23,P3,P3,Post_P3_2,0,0.8078035399540638,1
23,P3,P3,Post_P3_2,0,0.7734410669533054,1
23,P3,P3,Post_P3_2,0,0.7819755869030967,1
23,P3,P3,Post_P3_2,0,0.7987123757283953,1
23,P3,P3,Post_P3_2,0,0.7667140848874513,1
23,P3,P3,Post_P3_2,0,0.7861173851687921,1
23,P3,P3,Post_P3_2,0,0.7823554865895648,1
23,P3,P3,Post_P3_2,0,0.7760893202617802,1
23,P3,P3,Post_P3_2,0,0.8157942929784089,1
23,P3,P3,Post_P3_2,0,0.7743068860380906,1
23,P3,P3,Post_P3_2,0,0.7451544387377008,1
23,P3,P3,Post_P3_2,0,0.7147205727308774,1
23,P3,P3,Post_P3_2,0,0.7895400284493886,1
23,P3,P3,Post_P3_2,0,0.8041120812707468,1
23,P3,P3,Post_P3_2,0,0.770868454553363,1
23,P3,P3,Post_P3_2,0,0.7264575578818114,1
23,P3,P3,Post_P3_2,0,0.7811669459164361,1
23,P3,P3,Post_P3_2,0,0.737575423005013,1
23,P3,P3,Post_P3_2,0,0.7968678058780334,1
23,P3,P3,Post_P3_2,0,0.793690835956399,1
23,P3,P3,Post_P3_2,0,0.7834635487116515,1
23,P3,P3,Post_P3_2,0,0.7794653660781539,1
23,P3,P3,Post_P3_2,0,0.7630047596856483,1
23,P3,P3,Post_P3_2,0,0.7035068871295683,1
23,P3,P3,Post_P3_2,0,0.7502699906667392,1
23,P3,P3,Post_P3_2,0,0.7436171584717381,1
23,P3,P3,Post_P3_2,0,0.7961960822292659,1
23,P3,P3,Post_P3_2,0,0.7621869196978301,1
23,P3,P3,Post_P3_2,0,0.7867062144279973,1
23,P3,P3,Post_P3_2,0,0.7867062144279973,1
23,P3,P3,Post_P3_2,0,0.7586163687150089,1
23,P3,P3,Post_P3_2,0,0.8061162806267477,1
23,P3,P3,Post_P3_2,0,0.7603523703653208,1
23,P3,P3,Post_P3_2,0,0.7530811003857333,1
23,P3,P3,Post_P3_2,0,0.7602763498093863,1
23,P3,P3,Post_P3_2,0,0.7014374322791788,1
23,P3,P3,Post_P3_2,0,0.7515059786966932,1
23,P3,P3,Post_P3_2,0,0.7552169298441626,1
23,P3,P3,Post_P3_2,0,0.816628931321111,1
23,P3,P3,Post_P3_2,0,0.7616128148855381,1
23,P3,P3,Post_P3_2,0,0.7644156312499115,1
23,P3,P3,Post_P3_2,0,0.7644156312499115,1
23,P3,P3,Post_P3_2,0,0.795940959230146,1
23,P3,P3,Post_P3_2,0,0.7811622755921362,1
23,P3,P3,Post_P3_2,0,0.7337594667858196,1
23,P3,P3,Post_P3_2,0,0.7444855039918706,1
23,P3,P3,Post_P3_2,0,0.7185986346655086,1
23,P3,P3,Post_P3_2,0,0.7981738960224599,1
23,P3,P3,Post_P3_2,0,0.7539163852785884,1
23,P3,P3,Post_P3_2,0,0.7539163852785884,1
23,P3,P3,Post_P3_2,0,0.7987123757283953,1
23,P3,P3,Post_P3_2,0,0.7602079345987208,1
23,P3,P3,Post_P3_2,0,0.7927795103551822,1
23,P3,P3,Post_P3_2,0,0.8398827141724233,1
23,P3,P3,Post_P3_2,0,0.7601222631903751,1
23,P3,P3,Post_P3_2,0,0.8018059618387263,1
23,P3,P3,Post_P3_2,0,0.8018059618387263,1
23,P3,P3,Post_P3_2,0,0.7207871976511389,1
23,P3,P3,Post_P3_2,0,0.7893047634026541,1
23,P3,P3,Post_P3_2,0,0.7477342771017619,1
23,P3,P3,Post_P3_2,0,0.7556502761432429,1
23,P3,P3,Post_P3_2,0,0.7832974786462724,1
23,P3,P3,Post_P3_2,0,0.7541359446374365,1
23,P3,P3,Post_P3_2,0,0.7849391754212237,1
23,P3,P3,Post_P3_2,0,0.7864871406040957,1
23,P3,P3,Post_P3_2,0,0.8240638459120908,1
23,P3,P3,Post_P3_2,0,0.7877588054762085,1
23,P3,P3,Post_P3_2,0,0.80025689181409,1
23,P3,P3,Post_P3_2,0,0.7827094083537353,1
23,P3,P3,Post_P3_2,0,0.7676776380475843,1
23,P3,P3,Post_P3_2,0,0.7435486283072935,1
23,P3,P3,Post_P3_2,0,0.7631241382049742,1
23,P3,P3,Post_P3_2,0,0.6975763030571268,1
23,P3,P3,Post_P3_2,0,0.7548724973364079,1
23,P3,P3,Post_P3_2,0,0.7802696607750976,1
23,P3,P3,Post_P3_2,0,0.7084174835839019,1
23,P3,P3,Post_P3_2,0,0.7707002025005205,1
23,P3,P3,Post_P3_2,0,0.7934678160352668,1
23,P3,P3,Post_P3_2,0,0.7349233645752953,1
23,P3,P3,Post_P3_2,0,0.7370296584751294,1
23,P3,P3,Post_P3_2,0,0.766231812505127,1
23,P3,P3,Post_P3_2,0,0.8166261359140092,1
23,P3,P3,Post_P3_2,0,0.7443317712971493,1
23,P3,P3,Post_P3_2,0,0.8012073793417543,1
23,P3,P3,Post_P3_2,0,0.7548262271208729,1
23,P3,P3,Post_P3_2,0,0.7482129101496364,1
23,P3,P3,Post_P3_2,0,0.7482482373286258,1
23,P3,P3,Post_P3_2,0,0.7523077612510383,1
23,P3,P3,Post_P3_2,0,0.7804580735699211,1
23,P3,P3,Post_P3_2,0,0.8142519544865853,1
23,P3,P3,Post_P3_2,0,0.7968330188408906,1
23,P3,P3,Post_P3_2,0,0.7503272333310904,1
23,P3,P3,Post_P3_2,0,0.7475294809797671,1
23,P3,P3,Post_P3_2,0,0.6852573388320686,1
23,P3,P3,Post_P3_2,0,0.7048686179033078,1
23,P3,P3,Post_P3_2,0,0.7739742125603654,1
23,P3,P3,Post_P3_2,0,0.7443632540657036,1
23,P3,P3,Post_P3_2,0,0.7850340357212894,1
23,P3,P3,Post_P3_2,0,0.7613946442303061,1
23,P3,P3,Post_P3_2,0,0.8252237064958077,1
23,P3,P3,Post_P3_2,0,0.7671858308522089,1
23,P3,P3,Post_P3_2,0,0.7579860745339982,1
23,P3,P3,Post_P3_2,0,0.7331420481212945,1
23,P3,P3,Post_P3_2,0,0.7984045459809824,1
23,P3,P3,Post_P3_2,0,0.7879033580647655,1
23,P3,P3,Post_P3_2,0,0.846292002558942,1
23,P3,P3,Post_P3_2,0,0.805213554406506,1
23,P3,P3,Post_P3_2,0,0.86642813155575,1
23,P3,P3,Post_P3_2,0,0.7950655108282666,1
23,P3,P3,Post_P3_2,0,0.7778201530874386,1
23,P3,P3,Post_P3_2,0,0.6890955480656844,1
23,P3,P3,Post_P3_2,0,0.7408319352194238,1
23,P3,P3,Post_P3_2,0,0.7735858576225795,1
23,P3,P3,Post_P3_2,0,0.7930089005994433,1
23,P3,P3,Post_P3_2,0,0.7761432839669422,1
23,P3,P3,Post_P3_2,0,0.7430913823889193,1
23,P3,P3,Post_P3_2,0,0.7533938233379869,1
23,P3,P3,Post_P3_2,0,0.771977069337683,1
23,P3,P3,Post_P3_2,0,0.7789454965727588,1
23,P3,P3,Post_P3_2,0,0.7619707057819066,1
23,P3,P3,Post_P3_2,0,0.8189907534301276,1
23,P3,P3,Post_P3_2,0,0.7272754316570267,1
23,P3,P3,Post_P3_2,0,0.7663710690881124,1
23,P3,P3,Post_P3_2,0,0.783524098789978,1
23,P3,P3,Post_P3_2,0,0.7945080585349985,1
23,P3,P3,Post_P3_2,0,0.7715796753280126,1
23,P3,P3,Post_P3_2,0,0.7842228422241195,1
23,P3,P3,Post_P3_2,0,0.7330566956370312,1
23,P3,P3,Post_P3_2,0,0.7759656115351655,1
23,P3,P3,Post_P3_2,0,0.7376600500511572,1
23,P3,P3,Post_P3_2,0,0.7331142004547637,1
23,P3,P3,Post_P3_2,0,0.7880604083694281,1
23,P3,P3,Post_P3_2,0,0.7915389719584637,1
23,P3,P3,Post_P3_2,0,0.7680111311547476,1
23,P3,P3,Post_P3_2,0,0.7866543405340212,1
23,P3,P3,Post_P3_2,0,0.7869224283439208,1
23,P3,P3,Post_P3_2,0,0.6787331101717679,1
23,P3,P3,Post_P3_2,0,0.7582851457481025,1
23,P3,P3,Post_P3_2,0,0.7276779422253435,1
23,P3,P3,Post_P3_2,0,0.7951015711740702,1
23,P3,P3,Post_P3_2,0,0.7849276034731991,1
23,P3,P3,Post_P3_2,0,0.7328100359151004,1
23,P3,P3,Post_P3_2,0,0.7911500177527048,1
23,P3,P3,Post_P3_2,0,0.7219645878716462,1
23,P3,P3,Post_P3_2,0,0.7891605454625432,1
23,P3,P3,Post_P3_2,0,0.7898515815867562,1
23,P3,P3,Post_P3_2,0,0.7868657507210882,1
23,P3,P3,Post_P3_2,0,0.7241971010014169,1
23,P3,P3,Post_P3_2,0,0.7620747343446518,1
23,P3,P3,Post_P3_2,0,0.7363444503742982,1
23,P3,P3,Post_P3_2,0,0.7752068563891428,1
23,P3,P3,Post_P3_2,0,0.7875377243958803,1
23,P3,P3,Post_P3_2,0,0.7668717312158795,1
23,P3,P3,Post_P3_2,0,0.7601328840802628,1
23,P3,P3,Post_P3_2,0,0.7951015711740702,1
23,P3,P3,Post_P3_2,0,0.7962423187117185,1
23,P3,P3,Post_P3_2,0,0.7289013219217503,1
23,P3,P3,Post_P3_2,0,0.736943379306757,1
23,P3,P3,Post_P3_2,0,0.7533992119565283,1
23,P3,P3,Post_P3_2,0,0.6824612922022855,1
23,P3,P3,Post_P3_2,0,0.7386093794095139,1
23,P3,P3,Post_P3_2,0,0.7930089005994433,1
23,P3,P3,Post_P3_2,0,0.807677332375382,1
23,P3,P3,Post_P3_2,0,0.772674958041403,1
23,P3,P3,Post_P3_2,0,0.7903209070730058,1
23,P3,P3,Post_P3_2,0,0.7837479778604709,1
23,P3,P3,Post_P3_2,0,0.7808633447911977,1
23,P3,P3,Post_P3_2,0,0.7740011366316533,1
23,P3,P3,Post_P3_2,0,0.7652105810855324,1
23,P3,P3,Post_P3_2,0,0.7300878076468282,1
23,P3,P3,Post_P3_2,0,0.7238863227004417,1
23,P3,P3,Post_P3_2,0,0.7548262271208729,1
23,P3,P3,Post_P3_2,0,0.7606224246269151,1
23,P3,P3,Post_P3_2,0,0.782553320212131,1
23,P3,P3,Post_P3_2,0,0.7711675062332577,1
23,P3,P3,Post_P3_2,0,0.7804580735699211,1
23,P3,P3,Post_P3_2,0,0.709391146386795,1
23,P3,P3,Post_P3_2,0,0.7861641070902405,1
23,P3,P3,Post_P3_2,0,0.794653479023617,1
23,P3,P3,Post_P3_2,0,0.7878236892148841,1
23,P3,P3,Post_P3_2,0,0.7779180826894423,1
23,P3,P3,Post_P3_2,0,0.7271568364107696,1
23,P3,P3,Post_P3_2,0,0.7279551217894484,1
23,P3,P3,Post_P3_2,0,0.7819755869030967,1
23,P3,P3,Post_P3_2,0,0.7912567279239376,1
23,P3,P3,Post_P3_2,0,0.7478984309967396,1
23,P3,P3,Post_P3_2,0,0.7707666410857635,1
23,P3,P3,Post_P3_2,0,0.7635444539962155,1
23,P3,P3,Post_P3_2,0,0.7814672826063339,1
23,P3,P3,Post_P3_2,0,0.7553633699047773,1
23,P3,P3,Post_P3_2,0,0.7671858308522089,1
23,P3,P3,Post_P3_2,0,0.7873862513560423,1
23,P3,P3,Post_P3_2,0,0.8591087169595955,1
23,P3,P3,Post_P3_2,0,0.7904926071003139,1
23,P3,P3,Post_P3_2,0,0.7802022220398661,1
23,P3,P3,Post_P3_2,0,0.7961960822292659,1
23,P3,P3,Post_P3_2,0,0.772697351311737,1
23,P3,P3,Post_P3_2,0,0.7875530293510673,1
23,P3,P3,Post_P3_2,0,0.7950655108282666,1
23,P3,P3,Post_P3_2,0,0.7861442734875574,1
23,P3,P3,Post_P3_2,0,0.7421063408950027,1
23,P3,P3,Post_P3_2,0,0.7809460616762128,1
23,P3,P3,Post_P3_2,0,0.768093411484859,1
23,P3,P3,Post_P3_2,0,0.6996421523860962,1
23,P3,P3,Post_P3_2,0,0.7732513959571938,1
23,P3,P3,Post_P3_2,0,0.7527080694705539,1
23,P3,P3,Post_P3_2,0,0.7901305233704532,1
23,P3,P3,Post_P3_2,0,0.734393151111095,1
23,P3,P3,Post_P3_2,0,0.7630047596856483,1
23,P3,P3,Post_P3_2,0,0.7558096134671229,1
23,P3,P3,Post_P3_2,0,0.7375106561640477,1
23,P3,P3,Post_P3_2,0,0.7693123611869608,1
23,P3,P3,Post_P3_2,0,0.783524098789978,1
23,P3,P3,Post_P3_2,0,0.7651649794244112,1
23,P3,P3,Post_P3_2,0,0.7619149655198172,1
23,P3,P3,Post_P3_2,0,0.6909434240619171,1
23,P3,P3,Post_P3_2,0,0.7492933369823322,1
23,P3,P3,Post_P3_2,0,0.756889488425459,1
23,P3,P3,Post_P3_2,0,0.7655703165681593,1
23,P3,P3,Post_P3_2,0,0.7780635651809398,1
23,P3,P3,Post_P3_2,0,0.7951015711740702,1
23,P3,P3,Post_P3_2,0,0.7335130845492904,1
23,P3,P3,Post_P3_2,0,0.7954588700204026,1
23,P3,P3,Post_P3_2,0,0.784817821805366,1
23,P3,P3,Post_P3_2,0,0.7729574769896485,1
23,P3,P3,Post_P3_2,0,0.7661697969737179,1
23,P3,P3,Post_P3_2,0,0.7925492173291372,1
23,P3,P3,Post_P3_2,0,0.715830603770488,1
23,P3,P3,Post_P3_2,0,0.7813417217402254,1
23,P3,P3,Post_P3_2,0,0.7752959434915656,1
23,P3,P3,Post_P3_2,0,0.76073509746729,1
23,P3,P3,Post_P3_2,0,0.745393063898244,1
23,P3,P3,Post_P3_2,0,0.7942636379558662,1
23,P3,P3,Post_P3_2,0,0.7838600016660328,1
23,P3,P3,Post_P3_2,0,0.7891605454625432,1
23,P3,P3,Post_P3_2,0,0.7594525951467754,1
23,P3,P3,Post_P3_2,0,0.7798958259201426,1
23,P3,P3,Post_P3_2,0,0.7809782099466103,1
23,P3,P3,Post_P3_2,0,0.7466968843344739,1
23,P3,P3,Post_P3_2,0,0.7276834187559658,1
23,P3,P3,Post_P3_2,0,0.7282365080896407,1
23,P3,P3,Post_P3_2,0,0.7644156312499115,1
23,P3,P3,Post_P3_2,0,0.7741430011954671,1
23,P3,P3,Post_P3_2,0,0.7244817511084943,1
23,P3,P3,Post_P3_2,0,0.7968678058780334,1
23,P3,P3,Post_P3_2,0,0.8153165765510026,1
24,P30,P30,Post_P30,0,0.17537822898773586,0
24,P30,P30,Post_P30,0,0.4434275320497288,0
24,P30,P30,Post_P30,0,0.34277321643707337,0
24,P30,P30,Post_P30,0,0.1707920462469207,0
24,P30,P30,Post_P30,0,0.18674374162133278,0
24,P30,P30,Post_P30,0,0.17695022120960555,0
24,P30,P30,Post_P30,0,0.2634909080611615,0
24,P30,P30,Post_P30,0,0.4719310219940609,0
24,P30,P30,Post_P30,0,0.12662379372714835,0
24,P30,P30,Post_P30,0,0.34806891910964827,0
24,P30,P30,Post_P30,0,0.12308456561988863,0
24,P30,P30,Post_P30,0,0.15258498155259217,0
24,P30,P30,Post_P30,0,0.25255979136557566,0
24,P30,P30,Post_P30,0,0.10355117690151006,0
24,P30,P30,Post_P30,0,0.19181969630230253,0
24,P30,P30,Post_P30,0,0.14576509511405136,0
24,P30,P30,Post_P30,0,0.17418580104137762,0
24,P30,P30,Post_P30,0,0.17323098610695462,0
24,P30,P30,Post_P30,0,0.15032094952671587,0
24,P30,P30,Post_P30,0,0.21391534521820868,0
24,P30,P30,Post_P30,0,0.20880581336468287,0
24,P30,P30,Post_P30,0,0.1137699613915651,0
24,P30,P30,Post_P30,0,0.10504104678522709,0
24,P30,P30,Post_P30,0,0.24442572588512945,0
24,P30,P30,Post_P30,0,0.14755073082411474,0
24,P30,P30,Post_P30,0,0.2934423398957328,0
24,P30,P30,Post_P30,0,0.24852353124457238,0
24,P30,P30,Post_P30,0,0.3508688265953213,0
24,P30,P30,Post_P30,0,0.2819519866233455,0
24,P30,P30,Post_P30,0,0.17484715989178426,0
24,P30,P30,Post_P30,0,0.1410558870206599,0
24,P30,P30,Post_P30,0,0.1934094751461129,0
24,P30,P30,Post_P30,0,0.33207443790385077,0
24,P30,P30,Post_P30,0,0.14465553341149254,0
24,P30,P30,Post_P30,0,0.1477461285662046,0
24,P30,P30,Post_P30,0,0.1624862820539653,0
24,P30,P30,Post_P30,0,0.25416861266870727,0
24,P30,P30,Post_P30,0,0.1427817060961864,0
24,P30,P30,Post_P30,0,0.23015040084289684,0
24,P30,P30,Post_P30,0,0.2937845990253994,0
24,P30,P30,Post_P30,0,0.09674834827155024,0
24,P30,P30,Post_P30,0,0.19875909820198875,0
24,P30,P30,Post_P30,0,0.2055814203661197,0
24,P30,P30,Post_P30,0,0.1406598512523283,0
24,P30,P30,Post_P30,0,0.21075785669454888,0
24,P30,P30,Post_P30,0,0.18449888540763912,0
24,P30,P30,Post_P30,0,0.23604862202886637,0
24,P30,P30,Post_P30,0,0.2874439392473282,0
24,P30,P30,Post_P30,0,0.28707469531051577,0
24,P30,P30,Post_P30,0,0.12280485542929258,0
24,P30,P30,Post_P30,0,0.35814514378108303,0
24,P30,P30,Post_P30,0,0.34724893912185634,0
24,P30,P30,Post_P30,0,0.14739750326246406,0
24,P30,P30,Post_P30,0,0.24496853528796975,0
24,P30,P30,Post_P30,0,0.17619267773014266,0
24,P30,P30,Post_P30,0,0.13035174979699096,0
24,P30,P30,Post_P30,0,0.10994153420414939,0
24,P30,P30,Post_P30,0,0.4630702520471637,0
24,P30,P30,Post_P30,0,0.273487141910734,0
24,P30,P30,Post_P30,0,0.20498672839238188,0
24,P30,P30,Post_P30,0,0.32407456584786853,0
24,P30,P30,Post_P30,0,0.34844289308444854,0
24,P30,P30,Post_P30,0,0.22508042191039662,0
24,P30,P30,Post_P30,0,0.0950377430878835,0
24,P30,P30,Post_P30,0,0.36478887067186505,0
24,P30,P30,Post_P30,0,0.44560610611317625,0
24,P30,P30,Post_P30,0,0.18983011582383114,0
24,P30,P30,Post_P30,0,0.2144083258113447,0
24,P30,P30,Post_P30,0,0.2759521448676652,0
24,P30,P30,Post_P30,0,0.2702736551526764,0
24,P30,P30,Post_P30,0,0.10499163254639494,0
24,P30,P30,Post_P30,0,0.2868732733034395,0
24,P30,P30,Post_P30,0,0.20485571171729022,0
24,P30,P30,Post_P30,0,0.20915554303749095,0
24,P30,P30,Post_P30,0,0.11999257733121897,0
24,P30,P30,Post_P30,0,0.4728223020452858,0
24,P30,P30,Post_P30,0,0.1531884163865533,0
24,P30,P30,Post_P30,0,0.16427333372253286,0
24,P30,P30,Post_P30,0,0.3475367327329062,0
24,P30,P30,Post_P30,0,0.1253324426300206,0
24,P30,P30,Post_P30,0,0.31405310508586054,0
24,P30,P30,Post_P30,0,0.16786970664632475,0
24,P30,P30,Post_P30,0,0.21005561099364747,0
24,P30,P30,Post_P30,0,0.14197045638146052,0
24,P30,P30,Post_P30,0,0.08121833671390756,0
24,P30,P30,Post_P30,0,0.26371885453493416,0
24,P30,P30,Post_P30,0,0.2641068018197045,0
24,P30,P30,Post_P30,0,0.3669748406298616,0
24,P30,P30,Post_P30,0,0.4034907439046889,0
24,P30,P30,Post_P30,0,0.38523849646622477,0
24,P30,P30,Post_P30,0,0.1761515420215668,0
24,P30,P30,Post_P30,0,0.1539369262619689,0
24,P30,P30,Post_P30,0,0.19887098717140653,0
24,P30,P30,Post_P30,0,0.10560158152657972,0
24,P30,P30,Post_P30,0,0.13098094713322617,0
24,P30,P30,Post_P30,0,0.3103350953403862,0
24,P30,P30,Post_P30,0,0.35838083466184195,0
24,P30,P30,Post_P30,0,0.1624130995954576,0
24,P30,P30,Post_P30,0,0.15255974059679211,0
24,P30,P30,Post_P30,0,0.3064953949210428,0
24,P30,P30,Post_P30,0,0.3221976994055196,0
24,P30,P30,Post_P30,0,0.21012334616085715,0
24,P30,P30,Post_P30,0,0.32110505343452167,0
24,P30,P30,Post_P30,0,0.15246578936815117,0
24,P30,P30,Post_P30,0,0.16449721269574638,0
24,P30,P30,Post_P30,0,0.10518254584156184,0
24,P30,P30,Post_P30,0,0.2297825696699013,0
24,P30,P30,Post_P30,0,0.10398227392044089,0
24,P30,P30,Post_P30,0,0.25143001942917986,0
24,P30,P30,Post_P30,0,0.15696329912870466,0
24,P30,P30,Post_P30,0,0.25871298859581204,0
24,P30,P30,Post_P30,0,0.2345615676816828,0
24,P30,P30,Post_P30,0,0.1769899718804306,0
24,P30,P30,Post_P30,0,0.14517929660914813,0
24,P30,P30,Post_P30,0,0.3789429942779955,0
24,P30,P30,Post_P30,0,0.2837765945744795,0
24,P30,P30,Post_P30,0,0.12062454198037799,0
24,P30,P30,Post_P30,0,0.0798654701031714,0
24,P30,P30,Post_P30,0,0.13957437549453844,0
24,P30,P30,Post_P30,0,0.15504528273107981,0
24,P30,P30,Post_P30,0,0.11249038237731024,0
24,P30,P30,Post_P30,0,0.47635389492494695,0
24,P30,P30,Post_P30,0,0.2438851148285175,0
24,P30,P30,Post_P30,0,0.1797560931238377,0
24,P30,P30,Post_P30,0,0.1750496055676581,0
24,P30,P30,Post_P30,0,0.2986425867701896,0
24,P30,P30,Post_P30,0,0.2653248999190126,0
24,P30,P30,Post_P30,0,0.1436341991880037,0
24,P30,P30,Post_P30,0,0.12447249047796176,0
24,P30,P30,Post_P30,0,0.08871743513070855,0
24,P30,P30,Post_P30,0,0.09378318980740985,0
24,P30,P30,Post_P30,0,0.09651848226460663,0
24,P30,P30,Post_P30,0,0.27184873054504877,0
24,P30,P30,Post_P30,0,0.17510402523745208,0
24,P30,P30,Post_P30,0,0.17695394056667788,0
24,P30,P30,Post_P30,0,0.21835779849752934,0
24,P30,P30,Post_P30,0,0.20137293079317364,0
24,P30,P30,Post_P30,0,0.1510242025972679,0
24,P30,P30,Post_P30,0,0.12778170724081558,0
24,P30,P30,Post_P30,0,0.16343647637994446,0
24,P30,P30,Post_P30,0,0.15907531382040765,0
24,P30,P30,Post_P30,0,0.14519115498040575,0
24,P30,P30,Post_P30,0,0.15579501654515207,0
24,P30,P30,Post_P30,0,0.2901363874320372,0
24,P30,P30,Post_P30,0,0.1659868570389403,0
24,P30,P30,Post_P30,0,0.14367021127006344,0
24,P30,P30,Post_P30,0,0.42699731642534405,0
24,P30,P30,Post_P30,0,0.3817565456573552,0
24,P30,P30,Post_P30,0,0.2761286043839037,0
24,P30,P30,Post_P30,0,0.4078518795104528,0
24,P30,P30,Post_P30,0,0.39523998738873395,0
24,P30,P30,Post_P30,0,0.2659329935849643,0
24,P30,P30,Post_P30,0,0.1634707638028071,0
24,P30,P30,Post_P30,0,0.1753840006226995,0
24,P30,P30,Post_P30,0,0.21996761949369537,0
24,P30,P30,Post_P30,0,0.10212672768882472,0
24,P30,P30,Post_P30,0,0.3770678199834395,0
24,P30,P30,Post_P30,0,0.3230522135155995,0
24,P30,P30,Post_P30,0,0.20965111621190194,0
24,P30,P30,Post_P30,0,0.24834423273917158,0
24,P30,P30,Post_P30,0,0.2908300044434895,0
24,P30,P30,Post_P30,0,0.45886464620501977,0
24,P30,P30,Post_P30,0,0.3573904281510855,0
24,P30,P30,Post_P30,0,0.1270022601795535,0
24,P30,P30,Post_P30,0,0.2776942986909455,0
24,P30,P30,Post_P30,0,0.31398738120510067,0
24,P30,P30,Post_P30,0,0.19882311804363806,0
24,P30,P30,Post_P30,0,0.3615874987987891,0
24,P30,P30,Post_P30,0,0.19593766632685056,0
24,P30,P30,Post_P30,0,0.45550655275174656,0
24,P30,P30,Post_P30,0,0.11249852303930516,0
24,P30,P30,Post_P30,0,0.39945895699294837,0
24,P30,P30,Post_P30,0,0.20854750826274218,0
24,P30,P30,Post_P30,0,0.3245119577384896,0
24,P30,P30,Post_P30,0,0.12475658053638808,0
24,P30,P30,Post_P30,0,0.318096560194102,0
24,P30,P30,Post_P30,0,0.17269395950104946,0
24,P30,P30,Post_P30,0,0.20131130002492473,0
24,P30,P30,Post_P30,0,0.4305869295999816,0
24,P30,P30,Post_P30,0,0.10949982386160431,0
24,P30,P30,Post_P30,0,0.3135896153404273,0
24,P30,P30,Post_P30,0,0.21125602222364723,0
24,P30,P30,Post_P30,0,0.3243054381871785,0
24,P30,P30,Post_P30,0,0.22583883144523847,0
24,P30,P30,Post_P30,0,0.11793701737324443,0
24,P30,P30,Post_P30,0,0.09891149798705179,0
24,P30,P30,Post_P30,0,0.13444393920878933,0
24,P30,P30,Post_P30,0,0.14828548722012572,0
24,P30,P30,Post_P30,0,0.15331649512342307,0
24,P30,P30,Post_P30,0,0.398369896703508,0
24,P30,P30,Post_P30,0,0.291588752062686,0
24,P30,P30,Post_P30,0,0.17921885454591027,0
24,P30,P30,Post_P30,0,0.2681975670459998,0
24,P30,P30,Post_P30,0,0.12085912118872633,0
24,P30,P30,Post_P30,0,0.39183393300616653,0
24,P30,P30,Post_P30,0,0.3258039863098232,0
24,P30,P30,Post_P30,0,0.28195352972915294,0
24,P30,P30,Post_P30,0,0.2631374789560323,0
24,P30,P30,Post_P30,0,0.13642946076588677,0
24,P30,P30,Post_P30,0,0.24565331867360196,0
24,P30,P30,Post_P30,0,0.09254604872926923,0
24,P30,P30,Post_P30,0,0.2655318300717432,0
24,P30,P30,Post_P30,0,0.09890542756889571,0
24,P30,P30,Post_P30,0,0.1593218902000286,0
24,P30,P30,Post_P30,0,0.2582647567397927,0
24,P30,P30,Post_P30,0,0.1867334954704511,0
24,P30,P30,Post_P30,0,0.141162745069155,0
24,P30,P30,Post_P30,0,0.23573572387812425,0
24,P30,P30,Post_P30,0,0.10538329049999667,0
24,P30,P30,Post_P30,0,0.2068922650958037,0
24,P30,P30,Post_P30,0,0.18380580944647246,0
24,P30,P30,Post_P30,0,0.19223114447097192,0
24,P30,P30,Post_P30,0,0.17121913054861584,0
24,P30,P30,Post_P30,0,0.19292441100150276,0
24,P30,P30,Post_P30,0,0.17889287163609652,0
24,P30,P30,Post_P30,0,0.19739370195756745,0
24,P30,P30,Post_P30,0,0.10442127145626603,0
24,P30,P30,Post_P30,0,0.16378291029266634,0
24,P30,P30,Post_P30,0,0.33997642566982167,0
24,P30,P30,Post_P30,0,0.333089715987523,0
24,P30,P30,Post_P30,0,0.4458206513870679,0
24,P30,P30,Post_P30,0,0.18173385616174512,0
24,P30,P30,Post_P30,0,0.15672281232954174,0
24,P30,P30,Post_P30,0,0.13635286785853534,0
24,P30,P30,Post_P30,0,0.07721418575272933,0
24,P30,P30,Post_P30,0,0.20032522770533231,0
24,P30,P30,Post_P30,0,0.27087632755914837,0
24,P30,P30,Post_P30,0,0.13364205461372047,0
24,P30,P30,Post_P30,0,0.2958956748968436,0
24,P30,P30,Post_P30,0,0.17332598939160404,0
24,P30,P30,Post_P30,0,0.2108510265025966,0
24,P30,P30,Post_P30,0,0.24337207335898414,0
24,P30,P30,Post_P30,0,0.1758827791655889,0
24,P30,P30,Post_P30,0,0.1479307407227961,0
24,P30,P30,Post_P30,0,0.21556828796159813,0
24,P30,P30,Post_P30,0,0.11241362545621403,0
24,P30,P30,Post_P30,0,0.20664561849291432,0
24,P30,P30,Post_P30,0,0.35089486796165004,0
24,P30,P30,Post_P30,0,0.28548373247201,0
24,P30,P30,Post_P30,0,0.15183024484953897,0
24,P30,P30,Post_P30,0,0.19759632570347202,0
24,P30,P30,Post_P30,0,0.13710116047795368,0
24,P30,P30,Post_P30,0,0.21500008965840367,0
24,P30,P30,Post_P30,0,0.3091490990082931,0
24,P30,P30,Post_P30,0,0.08963510100519646,0
24,P30,P30,Post_P30,0,0.34651629678541745,0
24,P30,P30,Post_P30,0,0.17365451660082867,0
24,P30,P30,Post_P30,0,0.17516801471525603,0
24,P30,P30,Post_P30,0,0.36480061889173554,0
24,P30,P30,Post_P30,0,0.2570188699048555,0
24,P30,P30,Post_P30,0,0.3068951377824476,0
24,P30,P30,Post_P30,0,0.1571317974922786,0
24,P30,P30,Post_P30,0,0.11103242047471175,0
24,P30,P30,Post_P30,0,0.099989878796231,0
24,P30,P30,Post_P30,0,0.22581090098438114,0
24,P30,P30,Post_P30,0,0.16465269833141422,0
24,P30,P30,Post_P30,0,0.11914817438754172,0
24,P30,P30,Post_P30,0,0.3476103014011409,0
24,P30,P30,Post_P30,0,0.1427939424206121,0
24,P30,P30,Post_P30,0,0.1720461217314104,0
24,P30,P30,Post_P30,0,0.18663893821995317,0
24,P30,P30,Post_P30,0,0.35021782566261367,0
24,P30,P30,Post_P30,0,0.19358087729344636,0
24,P30,P30,Post_P30,0,0.28701300929058554,0
24,P30,P30,Post_P30,0,0.11735545385893183,0
24,P30,P30,Post_P30,0,0.33051301454287807,0
24,P30,P30,Post_P30,0,0.14192128540163423,0
24,P30,P30,Post_P30,0,0.31016726060592803,0
24,P30,P30,Post_P30,0,0.1243212570250934,0
24,P30,P30,Post_P30,0,0.12687637231646498,0
24,P30,P30,Post_P30,0,0.21982863012327356,0
24,P30,P30,Post_P30,0,0.16563891188617383,0
24,P30,P30,Post_P30,0,0.34222539285437187,0
24,P30,P30,Post_P30,0,0.3186379914112818,0
24,P30,P30,Post_P30,0,0.19758312488527807,0
24,P30,P30,Post_P30,0,0.1946536875202155,0
24,P30,P30,Post_P30,0,0.20971268712964197,0
24,P30,P30,Post_P30,0,0.37751840453186597,0
24,P30,P30,Post_P30,0,0.13491023605396887,0
24,P30,P30,Post_P30,0,0.3578967917573804,0
24,P30,P30,Post_P30,0,0.18930272162787015,0
24,P30,P30,Post_P30,0,0.11772940696999175,0
24,P30,P30,Post_P30,0,0.16278433831620598,0
24,P30,P30,Post_P30,0,0.10587498550600838,0
24,P30,P30,Post_P30,0,0.24024046371891172,0
24,P30,P30,Post_P30,0,0.12933081203234012,0
24,P30,P30,Post_P30,0,0.15965589132174982,0
24,P30,P30,Post_P30,0,0.20199718635507993,0
24,P30,P30,Post_P30,0,0.4114986132662913,0
24,P30,P30,Post_P30,0,0.11190979215053422,0
24,P30,P30,Post_P30,0,0.1684945331270347,0
24,P30,P30,Post_P30,0,0.34351496136225074,0
24,P30,P30,Post_P30,0,0.34618590729377874,0
24,P30,P30,Post_P30,0,0.16261656299735264,0
24,P30,P30,Post_P30,0,0.35860762235820215,0
24,P30,P30,Post_P30,0,0.3468787925009451,0
24,P30,P30,Post_P30,0,0.3828561558922559,0
24,P30,P30,Post_P30,0,0.18190886323330246,0
24,P30,P30,Post_P30,0,0.21863194384793105,0
24,P30,P30,Post_P30,0,0.1668149088484946,0
24,P30,P30,Post_P30,0,0.13458228631346977,0
24,P30,P30,Post_P30,0,0.3369144305741343,0
24,P30,P30,Post_P30,0,0.13399654415864176,0
24,P30,P30,Post_P30,0,0.18858809013870123,0
24,P30,P30,Post_P30,0,0.1513008673957166,0
24,P30,P30,Post_P30,0,0.3311205656251491,0
24,P30,P30,Post_P30,0,0.34613455462466763,0
24,P30,P30,Post_P30,0,0.3618462661036092,0
24,P30,P30,Post_P30,0,0.10219658777265193,0
24,P30,P30,Post_P30,0,0.3224979207629704,0
24,P30,P30,Post_P30,0,0.13742174200072893,0
24,P30,P30,Post_P30,0,0.12903079525001815,0
24,P30,P30,Post_P30,0,0.19832922019289398,0
24,P30,P30,Post_P30,0,0.1947754339179463,0
24,P30,P30,Post_P30,0,0.3402931681723318,0
24,P30,P30,Post_P30,0,0.22712706142437739,0
24,P30,P30,Post_P30,0,0.1443779042058542,0
24,P30,P30,Post_P30,0,0.11029814434138203,0
24,P30,P30,Post_P30,0,0.17726010793650257,0
24,P30,P30,Post_P30,0,0.1276580720732491,0
24,P30,P30,Post_P30,0,0.16126893546357254,0
24,P30,P30,Post_P30,0,0.05134413234605388,0
24,P30,P30,Post_P30,0,0.32298815181677404,0
24,P30,P30,Post_P30,0,0.15259211297457045,0
24,P30,P30,Post_P30,0,0.11836751250812154,0
24,P30,P30,Post_P30,0,0.16395507973667414,0
24,P30,P30,Post_P30,0,0.34431730019506185,0
24,P30,P30,Post_P30,0,0.19169361148843006,0
24,P30,P30,Post_P30,0,0.2377121714290207,0
24,P30,P30,Post_P30,0,0.1668311160886663,0
24,P30,P30,Post_P30,0,0.20600503698284026,0
24,P30,P30,Post_P30,0,0.16546164071363062,0
24,P30,P30,Post_P30,0,0.17349395221960875,0
24,P30,P30,Post_P30,0,0.18015649534657185,0
24,P30,P30,Post_P30,0,0.4170866803446301,0
24,P30,P30,Post_P30,0,0.1894294346302213,0
24,P30,P30,Post_P30,0,0.24334592612948117,0
24,P30,P30,Post_P30,0,0.1633153953332821,0
24,P30,P30,Post_P30,0,0.3357105674274178,0
24,P30,P30,Post_P30,0,0.17341789793602752,0
24,P30,P30,Post_P30,0,0.16698730902569053,0
24,P30,P30,Post_P30,0,0.17024797502287395,0
24,P30,P30,Post_P30,0,0.1956921996631693,0
24,P30,P30,Post_P30,0,0.21706274819471524,0
24,P30,P30,Post_P30,0,0.19118636829003494,0
24,P30,P30,Post_P30,0,0.1061090498578916,0
24,P30,P30,Post_P30,0,0.2021393001396523,0
24,P30,P30,Post_P30,0,0.1300865582039459,0
24,P30,P30,Post_P30,0,0.08373944366281039,0
24,P30,P30,Post_P30,0,0.1752470229348254,0
24,P30,P30,Post_P30,0,0.32103986780243776,0
24,P30,P30,Post_P30,0,0.12132879506639122,0
24,P30,P30,Post_P30,0,0.2655433832158987,0
24,P30,P30,Post_P30,0,0.11383759373082622,0
24,P30,P30,Post_P30,0,0.4154454234732096,0
24,P30,P30,Post_P30,0,0.12923731394059382,0
24,P30,P30,Post_P30,0,0.28334061318299314,0
24,P30,P30,Post_P30,0,0.08970908782188927,0
24,P30,P30,Post_P30,0,0.14240201691545215,0
24,P30,P30,Post_P30,0,0.17005597799772268,0
24,P30,P30,Post_P30,0,0.4280904909317625,0
24,P30,P30,Post_P30,0,0.245273248829439,0
24,P30,P30,Post_P30,0,0.32538273541139023,0
24,P30,P30,Post_P30,0,0.1356560707764144,0
24,P30,P30,Post_P30,0,0.1998594889801806,0
24,P30,P30,Post_P30,0,0.14956787066617708,0
24,P30,P30,Post_P30,0,0.13639504155717788,0
24,P30,P30,Post_P30,0,0.1737515870647992,0
24,P30,P30,Post_P30,0,0.12965169232874643,0
25,P31,P31,Pre_P31,0,0.5281402590249173,1
25,P31,P31,Pre_P31,0,0.5392449527077533,1
25,P31,P31,Pre_P31,0,0.3557683948423138,0
25,P31,P31,Pre_P31,0,0.3448131131567867,0
25,P31,P31,Pre_P31,0,0.5186972276486241,1
25,P31,P31,Pre_P31,0,0.4281924782124815,0
25,P31,P31,Pre_P31,0,0.3352632083755996,0
25,P31,P31,Pre_P31,0,0.6614913419842094,1
25,P31,P31,Pre_P31,0,0.8358609062814963,1
25,P31,P31,Pre_P31,0,0.42238953663787465,0
25,P31,P31,Pre_P31,0,0.5815157323482891,1
25,P31,P31,Pre_P31,0,0.6713672314508473,1
25,P31,P31,Pre_P31,0,0.5333547839203511,1
25,P31,P31,Pre_P31,0,0.638932648729105,1
25,P31,P31,Pre_P31,0,0.35086822713592963,0
25,P31,P31,Pre_P31,0,0.48835860416734256,0
25,P31,P31,Pre_P31,0,0.6839726464566133,1
25,P31,P31,Pre_P31,0,0.45369115462799225,0
25,P31,P31,Pre_P31,0,0.6330728290043343,1
25,P31,P31,Pre_P31,0,0.6318336189678183,1
25,P31,P31,Pre_P31,0,0.5948564003961563,1
25,P31,P31,Pre_P31,0,0.476670551449556,0
25,P31,P31,Pre_P31,0,0.502314421929238,1
25,P31,P31,Pre_P31,0,0.32536628229116676,0
25,P31,P31,Pre_P31,0,0.35195349857431574,0
25,P31,P31,Pre_P31,0,0.5720181121960903,1
25,P31,P31,Pre_P31,0,0.5245482211753515,1
25,P31,P31,Pre_P31,0,0.3962441958601395,0
25,P31,P31,Pre_P31,0,0.6176402219816691,1
25,P31,P31,Pre_P31,0,0.784460131765694,1
25,P31,P31,Pre_P31,0,0.37337486573814505,0
25,P31,P31,Pre_P31,0,0.5758537355401705,1
25,P31,P31,Pre_P31,0,0.43341020431137167,0
25,P31,P31,Pre_P31,0,0.34994401951230886,0
25,P31,P31,Pre_P31,0,0.5353026231460992,1
25,P31,P31,Pre_P31,0,0.5543161679586107,1
25,P31,P31,Pre_P31,0,0.4041621603550115,0
25,P31,P31,Pre_P31,0,0.35151793549621346,0
25,P31,P31,Pre_P31,0,0.66196896354926,1
25,P31,P31,Pre_P31,0,0.41310333864766374,0
25,P31,P31,Pre_P31,0,0.3914256745557766,0
25,P31,P31,Pre_P31,0,0.4286345800441837,0
25,P31,P31,Pre_P31,0,0.4341103507713268,0
25,P31,P31,Pre_P31,0,0.6021303563251348,1
25,P31,P31,Pre_P31,0,0.6158063518716647,1
25,P31,P31,Pre_P31,0,0.5354542819686954,1
25,P31,P31,Pre_P31,0,0.4530055345778775,0
25,P31,P31,Pre_P31,0,0.45254313124369805,0
25,P31,P31,Pre_P31,0,0.503261558924341,1
25,P31,P31,Pre_P31,0,0.5569372344819261,1
25,P31,P31,Pre_P31,0,0.3533618666174471,0
25,P31,P31,Pre_P31,0,0.39669803273793736,0
25,P31,P31,Pre_P31,0,0.41230481681307024,0
25,P31,P31,Pre_P31,0,0.2876196302331266,0
25,P31,P31,Pre_P31,0,0.6827603086586215,1
25,P31,P31,Pre_P31,0,0.5790831538042244,1
25,P31,P31,Pre_P31,0,0.3712496024152799,0
25,P31,P31,Pre_P31,0,0.4534249839550051,0
25,P31,P31,Pre_P31,0,0.32822343759337697,0
25,P31,P31,Pre_P31,0,0.4941941688563109,0
25,P31,P31,Pre_P31,0,0.4243610233035653,0
25,P31,P31,Pre_P31,0,0.3306568633499399,0
25,P31,P31,Pre_P31,0,0.34685442282697443,0
25,P31,P31,Pre_P31,0,0.5845100441613927,1
25,P31,P31,Pre_P31,0,0.5125101997267826,1
25,P31,P31,Pre_P31,0,0.4348345478005426,0
25,P31,P31,Pre_P31,0,0.6755178379541222,1
25,P31,P31,Pre_P31,0,0.35383594038830124,0
25,P31,P31,Pre_P31,0,0.42286267032434616,0
25,P31,P31,Pre_P31,0,0.6079139993315352,1
25,P31,P31,Pre_P31,0,0.31742199623704587,0
25,P31,P31,Pre_P31,0,0.6830120960871171,1
25,P31,P31,Pre_P31,0,0.3523813687703826,0
25,P31,P31,Pre_P31,0,0.29576076244170485,0
25,P31,P31,Pre_P31,0,0.5520318749001767,1
25,P31,P31,Pre_P31,0,0.27946046043841877,0
25,P31,P31,Pre_P31,0,0.6439676968670299,1
25,P31,P31,Pre_P31,0,0.39585036681705393,0
25,P31,P31,Pre_P31,0,0.3982211667552197,0
25,P31,P31,Pre_P31,0,0.6664380205317048,1
25,P31,P31,Pre_P31,0,0.6193812652729953,1
25,P31,P31,Pre_P31,0,0.5700957959156943,1
25,P31,P31,Pre_P31,0,0.3160936603264943,0
25,P31,P31,Pre_P31,0,0.5902931334839959,1
25,P31,P31,Pre_P31,0,0.31793621680165335,0
25,P31,P31,Pre_P31,0,0.6036871253996673,1
25,P31,P31,Pre_P31,0,0.4406851058262304,0
25,P31,P31,Pre_P31,0,0.31970011999581394,0
25,P31,P31,Pre_P31,0,0.36625057872506506,0
25,P31,P31,Pre_P31,0,0.38708156221084444,0
25,P31,P31,Pre_P31,0,0.5982092394286704,1
25,P31,P31,Pre_P31,0,0.38931556479393403,0
25,P31,P31,Pre_P31,0,0.6371731115438923,1
25,P31,P31,Pre_P31,0,0.5174497596570937,1
25,P31,P31,Pre_P31,0,0.4493411560890635,0
25,P31,P31,Pre_P31,0,0.5381068941442798,1
25,P31,P31,Pre_P31,0,0.6479655629817395,1
25,P31,P31,Pre_P31,0,0.3834997393223662,0
25,P31,P31,Pre_P31,0,0.6071346359419281,1
25,P31,P31,Pre_P31,0,0.38242756683699564,0
25,P31,P31,Pre_P31,0,0.3671870926292504,0
25,P31,P31,Pre_P31,0,0.5309057257432125,1
25,P31,P31,Pre_P31,0,0.3253123530379552,0
25,P31,P31,Pre_P31,0,0.39759861378898936,0
25,P31,P31,Pre_P31,0,0.5091280875010695,1
25,P31,P31,Pre_P31,0,0.39731231490323193,0
25,P31,P31,Pre_P31,0,0.35573389974168185,0
25,P31,P31,Pre_P31,0,0.3280007347527102,0
25,P31,P31,Pre_P31,0,0.5264847544896546,1
25,P31,P31,Pre_P31,0,0.36569252369636207,0
25,P31,P31,Pre_P31,0,0.3327476449830746,0
25,P31,P31,Pre_P31,0,0.3829631049147244,0
25,P31,P31,Pre_P31,0,0.3659913219362808,0
25,P31,P31,Pre_P31,0,0.5249657925300202,1
25,P31,P31,Pre_P31,0,0.3558391206299651,0
25,P31,P31,Pre_P31,0,0.3552732176002621,0
25,P31,P31,Pre_P31,0,0.362590167466388,0
25,P31,P31,Pre_P31,0,0.3328585561384625,0
25,P31,P31,Pre_P31,0,0.3219746322347883,0
25,P31,P31,Pre_P31,0,0.6645977537533873,1
25,P31,P31,Pre_P31,0,0.603172177734241,1
25,P31,P31,Pre_P31,0,0.4665152850667471,0
25,P31,P31,Pre_P31,0,0.5141835628302442,1
25,P31,P31,Pre_P31,0,0.5731527349378066,1
25,P31,P31,Pre_P31,0,0.7199331620274871,1
25,P31,P31,Pre_P31,0,0.44623285809595375,0
25,P31,P31,Pre_P31,0,0.5207223337529752,1
25,P31,P31,Pre_P31,0,0.636939365633745,1
25,P31,P31,Pre_P31,0,0.5022425307411285,1
25,P31,P31,Pre_P31,0,0.5675217041044452,1
25,P31,P31,Pre_P31,0,0.6230808365482285,1
25,P31,P31,Pre_P31,0,0.6176731484345561,1
25,P31,P31,Pre_P31,0,0.5671816640863185,1
25,P31,P31,Pre_P31,0,0.2772156849383986,0
25,P31,P31,Pre_P31,0,0.3277843529987133,0
25,P31,P31,Pre_P31,0,0.5417012734227622,1
25,P31,P31,Pre_P31,0,0.3265540372543276,0
25,P31,P31,Pre_P31,0,0.5965029659674095,1
25,P31,P31,Pre_P31,0,0.35171232458210727,0
25,P31,P31,Pre_P31,0,0.3553710031448795,0
25,P31,P31,Pre_P31,0,0.29580565790315544,0
25,P31,P31,Pre_P31,0,0.5672068482936217,1
25,P31,P31,Pre_P31,0,0.4169921487631639,0
25,P31,P31,Pre_P31,0,0.6533263974979041,1
25,P31,P31,Pre_P31,0,0.5257178196377238,1
25,P31,P31,Pre_P31,0,0.5725389461434424,1
25,P31,P31,Pre_P31,0,0.5141951368962293,1
25,P31,P31,Pre_P31,0,0.26369438399384865,0
25,P31,P31,Pre_P31,0,0.31148651192222265,0
25,P31,P31,Pre_P31,0,0.5744168012018952,1
25,P31,P31,Pre_P31,0,0.35629488806426235,0
25,P31,P31,Pre_P31,0,0.5864610206928401,1
25,P31,P31,Pre_P31,0,0.4504624589143418,0
25,P31,P31,Pre_P31,0,0.6008538273878777,1
25,P31,P31,Pre_P31,0,0.433760748240532,0
25,P31,P31,Pre_P31,0,0.47046011257600445,0
25,P31,P31,Pre_P31,0,0.5623586494517993,1
25,P31,P31,Pre_P31,0,0.4059502285800592,0
25,P31,P31,Pre_P31,0,0.5772496737054253,1
25,P31,P31,Pre_P31,0,0.5154303755629756,1
25,P31,P31,Pre_P31,0,0.39287885721363874,0
25,P31,P31,Pre_P31,0,0.26738918730918165,0
25,P31,P31,Pre_P31,0,0.31188745700633036,0
25,P31,P31,Pre_P31,0,0.27192342792060525,0
25,P31,P31,Pre_P31,0,0.4811599246691138,0
25,P31,P31,Pre_P31,0,0.6473552356024541,1
25,P31,P31,Pre_P31,0,0.5230267947963749,1
25,P31,P31,Pre_P31,0,0.7421666528727014,1
25,P31,P31,Pre_P31,0,0.4194851371789879,0
25,P31,P31,Pre_P31,0,0.44610137106795267,0
25,P31,P31,Pre_P31,0,0.5604410356827159,1
25,P31,P31,Pre_P31,0,0.36214106828707987,0
25,P31,P31,Pre_P31,0,0.581674597616382,1
25,P31,P31,Pre_P31,0,0.3061780443044235,0
25,P31,P31,Pre_P31,0,0.5621420040823248,1
25,P31,P31,Pre_P31,0,0.6490628584223398,1
25,P31,P31,Pre_P31,0,0.6427773379286915,1
25,P31,P31,Pre_P31,0,0.41403775636718876,0
25,P31,P31,Pre_P31,0,0.4337224513112969,0
25,P31,P31,Pre_P31,0,0.41587634440676824,0
25,P31,P31,Pre_P31,0,0.40411903579893704,0
25,P31,P31,Pre_P31,0,0.39222406893379846,0
25,P31,P31,Pre_P31,0,0.37618309394146243,0
25,P31,P31,Pre_P31,0,0.6084937870524009,1
25,P31,P31,Pre_P31,0,0.6184018182490927,1
25,P31,P31,Pre_P31,0,0.5027258789564815,1
25,P31,P31,Pre_P31,0,0.6745889720891773,1
25,P31,P31,Pre_P31,0,0.42513617243950486,0
25,P31,P31,Pre_P31,0,0.427268069291818,0
25,P31,P31,Pre_P31,0,0.5981517786621451,1
25,P31,P31,Pre_P31,0,0.5999286464288157,1
25,P31,P31,Pre_P31,0,0.5693378135579341,1
25,P31,P31,Pre_P31,0,0.3895845991673993,0
25,P31,P31,Pre_P31,0,0.3755479368398061,0
25,P31,P31,Pre_P31,0,0.25947549903276196,0
25,P31,P31,Pre_P31,0,0.35520531255945853,0
25,P31,P31,Pre_P31,0,0.6955569307625719,1
25,P31,P31,Pre_P31,0,0.39439414827989855,0
25,P31,P31,Pre_P31,0,0.4019531759958093,0
25,P31,P31,Pre_P31,0,0.40324227346911945,0
25,P31,P31,Pre_P31,0,0.5313934086157465,1
25,P31,P31,Pre_P31,0,0.3038491886838885,0
25,P31,P31,Pre_P31,0,0.3139893155379912,0
25,P31,P31,Pre_P31,0,0.3363933491281702,0
25,P31,P31,Pre_P31,0,0.5103268150775624,1
25,P31,P31,Pre_P31,0,0.3401887341973693,0
25,P31,P31,Pre_P31,0,0.5548348696052416,1
25,P31,P31,Pre_P31,0,0.5820919175609626,1
25,P31,P31,Pre_P31,0,0.6643885158210792,1
25,P31,P31,Pre_P31,0,0.4485821956817683,0
25,P31,P31,Pre_P31,0,0.4033960302646071,0
25,P31,P31,Pre_P31,0,0.6135388570247671,1
25,P31,P31,Pre_P31,0,0.411226764512782,0
25,P31,P31,Pre_P31,0,0.6719402517700165,1
25,P31,P31,Pre_P31,0,0.331885921386488,0
25,P31,P31,Pre_P31,0,0.4086401827623163,0
25,P31,P31,Pre_P31,0,0.561502600642609,1
25,P31,P31,Pre_P31,0,0.6022681047261472,1
25,P31,P31,Pre_P31,0,0.6582259172010805,1
25,P31,P31,Pre_P31,0,0.2675519015847878,0
25,P31,P31,Pre_P31,0,0.40581249844374134,0
25,P31,P31,Pre_P31,0,0.3797952727943716,0
25,P31,P31,Pre_P31,0,0.6879670784050285,1
25,P31,P31,Pre_P31,0,0.6035777677671453,1
25,P31,P31,Pre_P31,0,0.554124495328224,1
25,P31,P31,Pre_P31,0,0.39941869353042886,0
25,P31,P31,Pre_P31,0,0.533166361005146,1
25,P31,P31,Pre_P31,0,0.31242996501708725,0
25,P31,P31,Pre_P31,0,0.3802516007354173,0
25,P31,P31,Pre_P31,0,0.4493725576043106,0
25,P31,P31,Pre_P31,0,0.48297151123839616,0
25,P31,P31,Pre_P31,0,0.34659101062411757,0
25,P31,P31,Pre_P31,0,0.5837082003793727,1
25,P31,P31,Pre_P31,0,0.5505902693889698,1
25,P31,P31,Pre_P31,0,0.5671840957858841,1
25,P31,P31,Pre_P31,0,0.7317325096988886,1
25,P31,P31,Pre_P31,0,0.5753881825844629,1
25,P31,P31,Pre_P31,0,0.2886385704255448,0
25,P31,P31,Pre_P31,0,0.48810611462955483,0
25,P31,P31,Pre_P31,0,0.5996524247437898,1
25,P31,P31,Pre_P31,0,0.44149354793829987,0
25,P31,P31,Pre_P31,0,0.29209726887887644,0
25,P31,P31,Pre_P31,0,0.4665152850667471,0
25,P31,P31,Pre_P31,0,0.3245626116071537,0
25,P31,P31,Pre_P31,0,0.42977385972658616,0
25,P31,P31,Pre_P31,0,0.3686009601482433,0
25,P31,P31,Pre_P31,0,0.43535169530090007,0
25,P31,P31,Pre_P31,0,0.5618405742781375,1
25,P31,P31,Pre_P31,0,0.30385908703325704,0
25,P31,P31,Pre_P31,0,0.361648202253226,0
25,P31,P31,Pre_P31,0,0.44053086672740555,0
25,P31,P31,Pre_P31,0,0.6260449480393556,1
25,P31,P31,Pre_P31,0,0.4022157704350935,0
25,P31,P31,Pre_P31,0,0.561266479654955,1
25,P31,P31,Pre_P31,0,0.36795709811779936,0
25,P31,P31,Pre_P31,0,0.3821131513760575,0
25,P31,P31,Pre_P31,0,0.42201724060181134,0
25,P31,P31,Pre_P31,0,0.6186427856668129,1
25,P31,P31,Pre_P31,0,0.6153383929285544,1
25,P31,P31,Pre_P31,0,0.38945964574715675,0
25,P31,P31,Pre_P31,0,0.4104550119159102,0
25,P31,P31,Pre_P31,0,0.3902492443203376,0
25,P31,P31,Pre_P31,0,0.5444885146959318,1
25,P31,P31,Pre_P31,0,0.28495938287193934,0
25,P31,P31,Pre_P31,0,0.638387965298576,1
25,P31,P31,Pre_P31,0,0.5898711385057342,1
25,P31,P31,Pre_P31,0,0.4246348537646874,0
25,P31,P31,Pre_P31,0,0.4370995081007208,0
25,P31,P31,Pre_P31,0,0.3691804834101705,0
25,P31,P31,Pre_P31,0,0.40010838907694435,0
25,P31,P31,Pre_P31,0,0.44844112081158616,0
25,P31,P31,Pre_P31,0,0.4502945086694648,0
25,P31,P31,Pre_P31,0,0.4382325050353831,0
25,P31,P31,Pre_P31,0,0.40502230709259834,0
25,P31,P31,Pre_P31,0,0.42487998561508056,0
25,P31,P31,Pre_P31,0,0.40130347442273134,0
25,P31,P31,Pre_P31,0,0.7224285973911438,1
25,P31,P31,Pre_P31,0,0.3503531208993813,0
25,P31,P31,Pre_P31,0,0.32160586821752996,0
25,P31,P31,Pre_P31,0,0.34915913546336713,0
25,P31,P31,Pre_P31,0,0.5237516621101647,1
25,P31,P31,Pre_P31,0,0.4113528705160018,0
25,P31,P31,Pre_P31,0,0.5140746284819021,1
25,P31,P31,Pre_P31,0,0.4431003532503476,0
25,P31,P31,Pre_P31,0,0.6098359295389979,1
25,P31,P31,Pre_P31,0,0.5850283778470836,1
25,P31,P31,Pre_P31,0,0.6801488807458266,1
25,P31,P31,Pre_P31,0,0.5427402975083127,1
25,P31,P31,Pre_P31,0,0.5279817432664726,1
25,P31,P31,Pre_P31,0,0.35137736142063797,0
25,P31,P31,Pre_P31,0,0.5927602437449373,1
25,P31,P31,Pre_P31,0,0.5362713131888467,1
25,P31,P31,Pre_P31,0,0.4758530287702899,0
25,P31,P31,Pre_P31,0,0.6543201416795643,1
25,P31,P31,Pre_P31,0,0.5254052456832483,1
25,P31,P31,Pre_P31,0,0.374035255367289,0
25,P31,P31,Pre_P31,0,0.40483203852730915,0
25,P31,P31,Pre_P31,0,0.6469593591240772,1
25,P31,P31,Pre_P31,0,0.5568322553546694,1
25,P31,P31,Pre_P31,0,0.30500667366545053,0
25,P31,P31,Pre_P31,0,0.4337443412756216,0
25,P31,P31,Pre_P31,0,0.33346004309328187,0
25,P31,P31,Pre_P31,0,0.5266884102229101,1
25,P31,P31,Pre_P31,0,0.3077602003446521,0
25,P31,P31,Pre_P31,0,0.5023827338882254,1
25,P31,P31,Pre_P31,0,0.44603800458502957,0
25,P31,P31,Pre_P31,0,0.3500409446213636,0
25,P31,P31,Pre_P31,0,0.5092402112360853,1
25,P31,P31,Pre_P31,0,0.21908238329574808,0
25,P31,P31,Pre_P31,0,0.4407438140463984,0
25,P31,P31,Pre_P31,0,0.6458666296742771,1
25,P31,P31,Pre_P31,0,0.6173868667578698,1
25,P31,P31,Pre_P31,0,0.5883238749148153,1
25,P31,P31,Pre_P31,0,0.5932773700325775,1
25,P31,P31,Pre_P31,0,0.3833795024384623,0
25,P31,P31,Pre_P31,0,0.4029579293904714,0
25,P31,P31,Pre_P31,0,0.4588895098722001,0
25,P31,P31,Pre_P31,0,0.552094485019911,1
25,P31,P31,Pre_P31,0,0.5487528345359824,1
25,P31,P31,Pre_P31,0,0.3683656890958673,0
25,P31,P31,Pre_P31,0,0.49489016490855736,0
25,P31,P31,Pre_P31,0,0.6819151214048206,1
25,P31,P31,Pre_P31,0,0.4163418310042617,0
25,P31,P31,Pre_P31,0,0.6677238874870169,1
25,P31,P31,Pre_P31,0,0.4256512241568281,0
25,P31,P31,Pre_P31,0,0.3887094954660175,0
25,P31,P31,Pre_P31,0,0.5847023460916041,1
25,P31,P31,Pre_P31,0,0.33020178443007153,0
25,P31,P31,Pre_P31,0,0.45964644440827546,0
25,P31,P31,Pre_P31,0,0.4126506615339348,0
25,P31,P31,Pre_P31,0,0.43266202056598513,0
25,P31,P31,Pre_P31,0,0.425624571907665,0
25,P31,P31,Pre_P31,0,0.6212631155883401,1
25,P31,P31,Pre_P31,0,0.3274365108120584,0
25,P31,P31,Pre_P31,0,0.2810635432039819,0
25,P31,P31,Pre_P31,0,0.36036984391991295,0
25,P31,P31,Pre_P31,0,0.4601232912760317,0
25,P31,P31,Pre_P31,0,0.2610329482923785,0
25,P31,P31,Pre_P31,0,0.6474242355638545,1
25,P31,P31,Pre_P31,0,0.42258936126434543,0
25,P31,P31,Pre_P31,0,0.5182432465538706,1
25,P31,P31,Pre_P31,0,0.578148444155939,1
25,P31,P31,Pre_P31,0,0.4070034593282287,0
25,P31,P31,Pre_P31,0,0.3977300503826739,0
25,P31,P31,Pre_P31,0,0.4014713940128963,0
25,P31,P31,Pre_P31,0,0.3728835501892987,0
25,P31,P31,Pre_P31,0,0.4348589304335205,0
25,P31,P31,Pre_P31,0,0.630773953964088,1
25,P31,P31,Pre_P31,0,0.44082555169799315,0
25,P31,P31,Pre_P31,0,0.5485362845862004,1
25,P31,P31,Pre_P31,0,0.5041131205560596,1
26,P33,P33,Pre_P33,1,0.7717807292371472,1
26,P33,P33,Pre_P33,1,0.7717807292371472,1
26,P33,P33,Pre_P33,1,0.7717807292371472,1
26,P33,P33,Pre_P33,1,0.7619181941544471,1
26,P33,P33,Pre_P33,1,0.7659346112081291,1
26,P33,P33,Pre_P33,1,0.7681943100689995,1
26,P33,P33,Pre_P33,1,0.7717807292371472,1
26,P33,P33,Pre_P33,1,0.7717807292371472,1
26,P33,P33,Pre_P33,1,0.7630765123526141,1
26,P33,P33,Pre_P33,1,0.7614616496563336,1
26,P33,P33,Pre_P33,1,0.7670305757287167,1
26,P33,P33,Pre_P33,1,0.7589708198192809,1
26,P33,P33,Pre_P33,1,0.7594924684697494,1
26,P33,P33,Pre_P33,1,0.7628686752224773,1
26,P33,P33,Pre_P33,1,0.7717807292371472,1
26,P33,P33,Pre_P33,1,0.7670305757287167,1
26,P33,P33,Pre_P33,1,0.7670305757287167,1
26,P33,P33,Pre_P33,1,0.766238965935453,1
26,P33,P33,Pre_P33,1,0.7670305757287167,1
26,P33,P33,Pre_P33,1,0.7385129571058757,1
26,P33,P33,Pre_P33,1,0.751829247469506,1
26,P33,P33,Pre_P33,1,0.7652130841876207,1
26,P33,P33,Pre_P33,1,0.7717807292371472,1
26,P33,P33,Pre_P33,1,0.7614616496563336,1
26,P33,P33,Pre_P33,1,0.7648940038937101,1
26,P33,P33,Pre_P33,1,0.755206873019671,1
26,P33,P33,Pre_P33,1,0.7590772288363257,1
26,P33,P33,Pre_P33,1,0.7556155316273153,1
26,P33,P33,Pre_P33,1,0.7503894632432532,1
26,P33,P33,Pre_P33,1,0.7717807292371472,1
26,P33,P33,Pre_P33,1,0.7593669661586026,1
26,P33,P33,Pre_P33,1,0.767789054265885,1
26,P33,P33,Pre_P33,1,0.7717807292371472,1
26,P33,P33,Pre_P33,1,0.7717807292371472,1
26,P33,P33,Pre_P33,1,0.7717807292371472,1
26,P33,P33,Pre_P33,1,0.7717807292371472,1
26,P33,P33,Pre_P33,1,0.756711496147903,1
26,P33,P33,Pre_P33,1,0.7659346112081291,1
26,P33,P33,Pre_P33,1,0.7717807292371472,1
26,P33,P33,Pre_P33,1,0.7452162969813487,1
26,P33,P33,Pre_P33,1,0.7658430081268711,1
26,P33,P33,Pre_P33,1,0.7670305757287167,1
26,P33,P33,Pre_P33,1,0.7486675681246742,1
26,P33,P33,Pre_P33,1,0.7717807292371472,1
26,P33,P33,Pre_P33,1,0.7594924684697494,1
26,P33,P33,Pre_P33,1,0.7670305757287167,1
26,P33,P33,Pre_P33,1,0.7670305757287167,1
26,P33,P33,Pre_P33,1,0.7301236277948602,1
26,P33,P33,Pre_P33,1,0.7511713853158647,1
26,P33,P33,Pre_P33,1,0.7670305757287167,1
26,P33,P33,Pre_P33,1,0.766238965935453,1
26,P33,P33,Pre_P33,1,0.766238965935453,1
26,P33,P33,Pre_P33,1,0.7531260492303985,1
26,P33,P33,Pre_P33,1,0.7713000963036111,1
26,P33,P33,Pre_P33,1,0.7545590545371248,1
26,P33,P33,Pre_P33,1,0.7717807292371472,1
26,P33,P33,Pre_P33,1,0.759077331105185,1
26,P33,P33,Pre_P33,1,0.769197447378885,1
26,P33,P33,Pre_P33,1,0.7644472938704544,1
26,P33,P33,Pre_P33,1,0.769197447378885,1
26,P33,P33,Pre_P33,1,0.7636556840771908,1
26,P33,P33,Pre_P33,1,0.766238965935453,1
26,P33,P33,Pre_P33,1,0.766238965935453,1
26,P33,P33,Pre_P33,1,0.7670305757287167,1
26,P33,P33,Pre_P33,1,0.7611844576996984,1
26,P33,P33,Pre_P33,1,0.7713000963036111,1
26,P33,P33,Pre_P33,1,0.7551791137947675,1
26,P33,P33,Pre_P33,1,0.7717807292371472,1
26,P33,P33,Pre_P33,1,0.7717807292371472,1
26,P33,P33,Pre_P33,1,0.7670305757287167,1
26,P33,P33,Pre_P33,1,0.7625383686375578,1
26,P33,P33,Pre_P33,1,0.7717807292371472,1
26,P33,P33,Pre_P33,1,0.7670305757287167,1
26,P33,P33,Pre_P33,1,0.7717807292371472,1
26,P33,P33,Pre_P33,1,0.7659346112081291,1
26,P33,P33,Pre_P33,1,0.7615541016775432,1
26,P33,P33,Pre_P33,1,0.7614616496563336,1
26,P33,P33,Pre_P33,1,0.7717807292371472,1
26,P33,P33,Pre_P33,1,0.7525498139168076,1
26,P33,P33,Pre_P33,1,0.7674194102880403,1
26,P33,P33,Pre_P33,1,0.7615541016775432,1
26,P33,P33,Pre_P33,1,0.7724602621238394,1
26,P33,P33,Pre_P33,1,0.7713000963036111,1
26,P33,P33,Pre_P33,1,0.7717807292371472,1
26,P33,P33,Pre_P33,1,0.7717807292371472,1
26,P33,P33,Pre_P33,1,0.7674194102880403,1
26,P33,P33,Pre_P33,1,0.7717807292371472,1
26,P33,P33,Pre_P33,1,0.7717807292371472,1
26,P33,P33,Pre_P33,1,0.7713000963036111,1
26,P33,P33,Pre_P33,1,0.7640603990599371,1
26,P33,P33,Pre_P33,1,0.7551466623797138,1
26,P33,P33,Pre_P33,1,0.7654539782745928,1
26,P33,P33,Pre_P33,1,0.7534952494778648,1
26,P33,P33,Pre_P33,1,0.7556155316273153,1
26,P33,P33,Pre_P33,1,0.7674002197065614,1
26,P33,P33,Pre_P33,1,0.7717807292371472,1
26,P33,P33,Pre_P33,1,0.7705931616353018,1
26,P33,P33,Pre_P33,1,0.7604741274925253,1
26,P33,P33,Pre_P33,1,0.7588248810374001,1
26,P33,P33,Pre_P33,1,0.7686749430025358,1
26,P33,P33,Pre_P33,1,0.772150373214992,1
26,P33,P33,Pre_P33,1,0.7717807292371472,1
26,P33,P33,Pre_P33,1,0.7717807292371472,1
26,P33,P33,Pre_P33,1,0.7717807292371472,1
26,P33,P33,Pre_P33,1,0.7713000963036111,1
26,P33,P33,Pre_P33,1,0.766238965935453,1
26,P33,P33,Pre_P33,1,0.7314555249260685,1
26,P33,P33,Pre_P33,1,0.7643577250891471,1
26,P33,P33,Pre_P33,1,0.7614038624040151,1
26,P33,P33,Pre_P33,1,0.7640255165857752,1
26,P33,P33,Pre_P33,1,0.7670305757287167,1
26,P33,P33,Pre_P33,1,0.7501782902861909,1
26,P33,P33,Pre_P33,1,0.7717807292371472,1
26,P33,P33,Pre_P33,1,0.7431281769257087,1
26,P33,P33,Pre_P33,1,0.7569091866114871,1
26,P33,P33,Pre_P33,1,0.7717807292371472,1
26,P33,P33,Pre_P33,1,0.764421474394357,1
26,P33,P33,Pre_P33,1,0.7717807292371472,1
26,P33,P33,Pre_P33,1,0.7614616496563336,1
26,P33,P33,Pre_P33,1,0.7717807292371472,1
26,P33,P33,Pre_P33,1,0.7654288295448145,1
26,P33,P33,Pre_P33,1,0.7625383686375578,1
26,P33,P33,Pre_P33,1,0.761573292259022,1
26,P33,P33,Pre_P33,1,0.7674194102880403,1
26,P33,P33,Pre_P33,1,0.7562611799239911,1
26,P33,P33,Pre_P33,1,0.7672294756818726,1
26,P33,P33,Pre_P33,1,0.7686749430025358,1
26,P33,P33,Pre_P33,1,0.7530146165443286,1
26,P33,P33,Pre_P33,1,0.7691439606182138,1
26,P33,P33,Pre_P33,1,0.7531148726497353,1
26,P33,P33,Pre_P33,1,0.7650513983336075,1
26,P33,P33,Pre_P33,1,0.7713000963036111,1
26,P33,P33,Pre_P33,1,0.759077331105185,1
26,P33,P33,Pre_P33,1,0.7611844576996984,1
26,P33,P33,Pre_P33,1,0.7717807292371472,1
26,P33,P33,Pre_P33,1,0.7641171196670331,1
26,P33,P33,Pre_P33,1,0.7489309003728509,1
26,P33,P33,Pre_P33,1,0.7717807292371472,1
26,P33,P33,Pre_P33,1,0.7644472938704544,1
26,P33,P33,Pre_P33,1,0.7586549675298113,1
26,P33,P33,Pre_P33,1,0.7581449117725066,1
26,P33,P33,Pre_P33,1,0.7633513293498668,1
26,P33,P33,Pre_P33,1,0.7557583694740692,1
26,P33,P33,Pre_P33,1,0.7461149799417506,1
26,P33,P33,Pre_P33,1,0.7717807292371472,1
26,P33,P33,Pre_P33,1,0.7630195278107469,1
26,P33,P33,Pre_P33,1,0.7717807292371472,1
26,P33,P33,Pre_P33,1,0.7637413187660264,1
26,P33,P33,Pre_P33,1,0.7717807292371472,1
26,P33,P33,Pre_P33,1,0.7523076818760193,1
26,P33,P33,Pre_P33,1,0.7717807292371472,1
26,P33,P33,Pre_P33,1,0.7717807292371472,1
26,P33,P33,Pre_P33,1,0.7609810167227973,1
26,P33,P33,Pre_P33,1,0.7639247894941052,1
26,P33,P33,Pre_P33,1,0.7589048773568072,1
26,P33,P33,Pre_P33,1,0.7699632376960514,1
26,P33,P33,Pre_P33,1,0.7611706278402949,1
26,P33,P33,Pre_P33,1,0.7717807292371472,1
26,P33,P33,Pre_P33,1,0.7586011758414362,1
26,P33,P33,Pre_P33,1,0.7641859013710839,1
26,P33,P33,Pre_P33,1,0.7496104332595431,1
26,P33,P33,Pre_P33,1,0.7717807292371472,1
26,P33,P33,Pre_P33,1,0.7566922506085395,1
26,P33,P33,Pre_P33,1,0.7670305757287167,1
26,P33,P33,Pre_P33,1,0.7702038431181654,1
26,P33,P33,Pre_P33,1,0.7717807292371472,1
26,P33,P33,Pre_P33,1,0.7653385864987675,1
26,P33,P33,Pre_P33,1,0.7620496067527915,1
26,P33,P33,Pre_P33,1,0.7530150664662699,1
26,P33,P33,Pre_P33,1,0.7659346112081291,1
26,P33,P33,Pre_P33,1,0.7606774039742279,1
26,P33,P33,Pre_P33,1,0.7717807292371472,1
26,P33,P33,Pre_P33,1,0.7504279676483879,1
26,P33,P33,Pre_P33,1,0.7706280441094636,1
26,P33,P33,Pre_P33,1,0.7544693501625739,1
26,P33,P33,Pre_P33,1,0.7717807292371472,1
26,P33,P33,Pre_P33,1,0.7641126414533858,1
26,P33,P33,Pre_P33,1,0.7659346112081291,1
26,P33,P33,Pre_P33,1,0.7702038431181654,1
26,P33,P33,Pre_P33,1,0.772150373214992,1
26,P33,P33,Pre_P33,1,0.7466235903686773,1
26,P33,P33,Pre_P33,1,0.7379075103806717,1
26,P33,P33,Pre_P33,1,0.7562553658321797,1
26,P33,P33,Pre_P33,1,0.769197447378885,1
26,P33,P33,Pre_P33,1,0.7440076576622905,1
26,P33,P33,Pre_P33,1,0.7583397833420656,1
26,P33,P33,Pre_P33,1,0.7392149652269207,1
26,P33,P33,Pre_P33,1,0.7717807292371472,1
26,P33,P33,Pre_P33,1,0.7717807292371472,1
26,P33,P33,Pre_P33,1,0.7543941261339073,1
26,P33,P33,Pre_P33,1,0.758078671465087,1
26,P33,P33,Pre_P33,1,0.7645469767055039,1
26,P33,P33,Pre_P33,1,0.7691635244686044,1
26,P33,P33,Pre_P33,1,0.7717807292371472,1
26,P33,P33,Pre_P33,1,0.7426576638891023,1
26,P33,P33,Pre_P33,1,0.7717807292371472,1
26,P33,P33,Pre_P33,1,0.7705931616353018,1
26,P33,P33,Pre_P33,1,0.7654288295448145,1
26,P33,P33,Pre_P33,1,0.7628449160500287,1
26,P33,P33,Pre_P33,1,0.7717807292371472,1
26,P33,P33,Pre_P33,1,0.7647819260804454,1
26,P33,P33,Pre_P33,1,0.7717807292371472,1
26,P33,P33,Pre_P33,1,0.7717807292371472,1
26,P33,P33,Pre_P33,1,0.7670305757287167,1
26,P33,P33,Pre_P33,1,0.7717807292371472,1
26,P33,P33,Pre_P33,1,0.7501246055590131,1
26,P33,P33,Pre_P33,1,0.7717807292371472,1
26,P33,P33,Pre_P33,1,0.7468056013518658,1
26,P33,P33,Pre_P33,1,0.7670305757287167,1
26,P33,P33,Pre_P33,1,0.7666086099132977,1
26,P33,P33,Pre_P33,1,0.7349024512377302,1
26,P33,P33,Pre_P33,1,0.758547689080765,1
26,P33,P33,Pre_P33,1,0.7717807292371472,1
26,P33,P33,Pre_P33,1,0.7717807292371472,1
26,P33,P33,Pre_P33,1,0.7627099078484707,1
26,P33,P33,Pre_P33,1,0.7614616496563336,1
26,P33,P33,Pre_P33,1,0.7713000963036111,1
26,P33,P33,Pre_P33,1,0.7670305757287167,1
26,P33,P33,Pre_P33,1,0.7717807292371472,1
26,P33,P33,Pre_P33,1,0.769197447378885,1
26,P33,P33,Pre_P33,1,0.7581449117725066,1
26,P33,P33,Pre_P33,1,0.7652130841876207,1
26,P33,P33,Pre_P33,1,0.7670305757287167,1
26,P33,P33,Pre_P33,1,0.7637413187660264,1
26,P33,P33,Pre_P33,1,0.7717807292371472,1
26,P33,P33,Pre_P33,1,0.742800568064233,1
26,P33,P33,Pre_P33,1,0.746663688702012,1
26,P33,P33,Pre_P33,1,0.765877890601033,1
26,P33,P33,Pre_P33,1,0.7557725815634598,1
26,P33,P33,Pre_P33,1,0.7670305757287167,1
26,P33,P33,Pre_P33,1,0.7408490949379338,1
26,P33,P33,Pre_P33,1,0.7661472066710358,1
26,P33,P33,Pre_P33,1,0.7717807292371472,1
26,P33,P33,Pre_P33,1,0.7531743514055413,1
26,P33,P33,Pre_P33,1,0.7652130841876207,1
26,P33,P33,Pre_P33,1,0.7583558634217221,1
26,P33,P33,Pre_P33,1,0.7698769802655772,1
26,P33,P33,Pre_P33,1,0.7582562760714282,1
26,P33,P33,Pre_P33,1,0.7511504873068453,1
26,P33,P33,Pre_P33,1,0.7713000963036111,1
26,P33,P33,Pre_P33,1,0.7640603990599371,1
26,P33,P33,Pre_P33,1,0.7659346112081291,1
26,P33,P33,Pre_P33,1,0.7543271775967545,1
26,P33,P33,Pre_P33,1,0.7688627949618163,1
26,P33,P33,Pre_P33,1,0.7633942915778201,1
26,P33,P33,Pre_P33,1,0.7670305757287167,1
26,P33,P33,Pre_P33,1,0.7705085256201428,1
26,P33,P33,Pre_P33,1,0.7473336161802591,1
26,P33,P33,Pre_P33,1,0.7674194102880403,1
26,P33,P33,Pre_P33,1,0.7654288295448145,1
26,P33,P33,Pre_P33,1,0.7614236304410036,1
26,P33,P33,Pre_P33,1,0.7717807292371472,1
26,P33,P33,Pre_P33,1,0.7603928479064348,1
26,P33,P33,Pre_P33,1,0.7478980203441302,1
26,P33,P33,Pre_P33,1,0.7623107220354478,1
26,P33,P33,Pre_P33,1,0.772150373214992,1
26,P33,P33,Pre_P33,1,0.7702038431181654,1
26,P33,P33,Pre_P33,1,0.7713000963036111,1
26,P33,P33,Pre_P33,1,0.740025074220983,1
26,P33,P33,Pre_P33,1,0.7633513293498668,1
26,P33,P33,Pre_P33,1,0.7639247894941052,1
26,P33,P33,Pre_P33,1,0.759862112447594,1
26,P33,P33,Pre_P33,1,0.7669184988221451,1
26,P33,P33,Pre_P33,1,0.7610532048752348,1
26,P33,P33,Pre_P33,1,0.7670305757287167,1
26,P33,P33,Pre_P33,1,0.7686749430025358,1
26,P33,P33,Pre_P33,1,0.7670305757287167,1
26,P33,P33,Pre_P33,1,0.7717807292371472,1
26,P33,P33,Pre_P33,1,0.7693154192135051,1
26,P33,P33,Pre_P33,1,0.7717807292371472,1
26,P33,P33,Pre_P33,1,0.7630991291422529,1
26,P33,P33,Pre_P33,1,0.7654838745589041,1
26,P33,P33,Pre_P33,1,0.7717807292371472,1
26,P33,P33,Pre_P33,1,0.7614616496563336,1
26,P33,P33,Pre_P33,1,0.7557293219724952,1
26,P33,P33,Pre_P33,1,0.7679685212572528,1
26,P33,P33,Pre_P33,1,0.766238965935453,1
26,P33,P33,Pre_P33,1,0.7637980393731224,1
26,P33,P33,Pre_P33,1,0.769197447378885,1
26,P33,P33,Pre_P33,1,0.7486675681246742,1
26,P33,P33,Pre_P33,1,0.7653385864987675,1
26,P33,P33,Pre_P33,1,0.7717807292371472,1
26,P33,P33,Pre_P33,1,0.7717807292371472,1
26,P33,P33,Pre_P33,1,0.7501550479117117,1
26,P33,P33,Pre_P33,1,0.7717807292371472,1
26,P33,P33,Pre_P33,1,0.7717807292371472,1
26,P33,P33,Pre_P33,1,0.7604741274925253,1
26,P33,P33,Pre_P33,1,0.7717807292371472,1
26,P33,P33,Pre_P33,1,0.7654288295448145,1
26,P33,P33,Pre_P33,1,0.761573292259022,1
26,P33,P33,Pre_P33,1,0.7717807292371472,1
26,P33,P33,Pre_P33,1,0.7717807292371472,1
26,P33,P33,Pre_P33,1,0.766238965935453,1
26,P33,P33,Pre_P33,1,0.7658430081268711,1
26,P33,P33,Pre_P33,1,0.756096225899178,1
26,P33,P33,Pre_P33,1,0.7717807292371472,1
26,P33,P33,Pre_P33,1,0.7717807292371472,1
26,P33,P33,Pre_P33,1,0.7395027353698445,1
26,P33,P33,Pre_P33,1,0.765877890601033,1
26,P33,P33,Pre_P33,1,0.7654288295448145,1
26,P33,P33,Pre_P33,1,0.7717807292371472,1
26,P33,P33,Pre_P33,1,0.7696441574021406,1
26,P33,P33,Pre_P33,1,0.7654288295448145,1
26,P33,P33,Pre_P33,1,0.7600409375803769,1
26,P33,P33,Pre_P33,1,0.7554418248152812,1
26,P33,P33,Pre_P33,1,0.7631441391998288,1
26,P33,P33,Pre_P33,1,0.765688653160675,1
26,P33,P33,Pre_P33,1,0.7644472938704544,1
26,P33,P33,Pre_P33,1,0.7717807292371472,1
26,P33,P33,Pre_P33,1,0.7396053658749805,1
26,P33,P33,Pre_P33,1,0.7717807292371472,1
26,P33,P33,Pre_P33,1,0.7650733412151991,1
26,P33,P33,Pre_P33,1,0.7717807292371472,1
26,P33,P33,Pre_P33,1,0.7713000963036111,1
26,P33,P33,Pre_P33,1,0.7647324512540846,1
26,P33,P33,Pre_P33,1,0.7521395341942743,1
26,P33,P33,Pre_P33,1,0.7594924684697494,1
26,P33,P33,Pre_P33,1,0.7653385864987675,1
26,P33,P33,Pre_P33,1,0.7652130841876207,1
26,P33,P33,Pre_P33,1,0.7635210949576717,1
26,P33,P33,Pre_P33,1,0.7477059807885511,1
26,P33,P33,Pre_P33,1,0.7717807292371472,1
26,P33,P33,Pre_P33,1,0.766238965935453,1
26,P33,P33,Pre_P33,1,0.7696441574021406,1
26,P33,P33,Pre_P33,1,0.7675292468435032,1
26,P33,P33,Pre_P33,1,0.7665499427951804,1
26,P33,P33,Pre_P33,1,0.7670608755438784,1
26,P33,P33,Pre_P33,1,0.7485420658135273,1
26,P33,P33,Pre_P33,1,0.7691439606182138,1
26,P33,P33,Pre_P33,1,0.7717807292371472,1
26,P33,P33,Pre_P33,1,0.7654539782745928,1
26,P33,P33,Pre_P33,1,0.7588783677980713,1
26,P33,P33,Pre_P33,1,0.7674002197065614,1
26,P33,P33,Pre_P33,1,0.7674002197065614,1
26,P33,P33,Pre_P33,1,0.7717807292371472,1
26,P33,P33,Pre_P33,1,0.7717807292371472,1
26,P33,P33,Pre_P33,1,0.7592491116748674,1
26,P33,P33,Pre_P33,1,0.7685639540468443,1
26,P33,P33,Pre_P33,1,0.7701455127450934,1
26,P33,P33,Pre_P33,1,0.7583397833420656,1
26,P33,P33,Pre_P33,1,0.766238965935453,1
26,P33,P33,Pre_P33,1,0.7645469767055039,1
26,P33,P33,Pre_P33,1,0.7706280441094636,1
26,P33,P33,Pre_P33,1,0.7717807292371472,1
26,P33,P33,Pre_P33,1,0.741564160665845,1
26,P33,P33,Pre_P33,1,0.7517813033009014,1
26,P33,P33,Pre_P33,1,0.7717807292371472,1
26,P33,P33,Pre_P33,1,0.766238965935453,1
26,P33,P33,Pre_P33,1,0.7717807292371472,1
26,P33,P33,Pre_P33,1,0.7654288295448145,1
26,P33,P33,Pre_P33,1,0.7717807292371472,1
26,P33,P33,Pre_P33,1,0.7637980393731224,1
26,P33,P33,Pre_P33,1,0.7615541016775432,1
26,P33,P33,Pre_P33,1,0.7530146165443286,1
26,P33,P33,Pre_P33,1,0.7476422035217722,1
26,P33,P33,Pre_P33,1,0.7356551580291156,1
26,P33,P33,Pre_P33,1,0.769197447378885,1
26,P33,P33,Pre_P33,1,0.7674002197065614,1
26,P33,P33,Pre_P33,1,0.7717807292371472,1
26,P33,P33,Pre_P33,1,0.7594924684697494,1
26,P33,P33,Pre_P33,1,0.7530998891490298,1
26,P33,P33,Pre_P33,1,0.7717807292371472,1
26,P33,P33,Pre_P33,1,0.7633289391123567,1
26,P33,P33,Pre_P33,1,0.759077331105185,1
26,P33,P33,Pre_P33,1,0.7628288249735176,1
26,P33,P33,Pre_P33,1,0.7717807292371472,1
26,P33,P33,Pre_P33,1,0.769197447378885,1
26,P33,P33,Pre_P33,1,0.7611844576996984,1
26,P33,P33,Pre_P33,1,0.7717807292371472,1
26,P33,P33,Pre_P33,1,0.7622572352747766,1
26,P33,P33,Pre_P33,1,0.7705931616353018,1
26,P33,P33,Pre_P33,1,0.7674194102880403,1
26,P33,P33,Pre_P33,1,0.7594924684697494,1
26,P33,P33,Pre_P33,1,0.7589963396326913,1
26,P33,P33,Pre_P33,1,0.7670305757287167,1
26,P33,P33,Pre_P33,1,0.7670305757287167,1
26,P33,P33,Pre_P33,1,0.7351336773007576,1
26,P33,P33,Pre_P33,1,0.7670305757287167,1
26,P33,P33,Pre_P33,1,0.7629644345393495,1
26,P33,P33,Pre_P33,1,0.761341507635843,1
26,P33,P33,Pre_P33,1,0.7696441574021406,1
26,P33,P33,Pre_P33,1,0.7565159724023273,1
26,P33,P33,Pre_P33,1,0.7611844576996984,1
26,P33,P33,Pre_P33,1,0.7717807292371472,1
26,P33,P33,Pre_P33,1,0.7717807292371472,1
26,P33,P33,Pre_P33,1,0.769197447378885,1
26,P33,P33,Pre_P33,1,0.7659346112081291,1
26,P33,P33,Pre_P33,1,0.7670305757287167,1
26,P33,P33,Pre_P33,1,0.7502305305542226,1
26,P33,P33,Pre_P33,1,0.7604741274925253,1
26,P33,P33,Pre_P33,1,0.7717807292371472,1
26,P33,P33,Pre_P33,1,0.7717807292371472,1
26,P33,P33,Pre_P33,1,0.7659346112081291,1
26,P33,P33,Pre_P33,1,0.7652828384530336,1
26,P33,P33,Pre_P33,1,0.7640922045660372,1
26,P33,P33,Pre_P33,1,0.7670305757287167,1
26,P33,P33,Pre_P33,1,0.7696441574021406,1
26,P33,P33,Pre_P33,1,0.7582693743023163,1
26,P33,P33,Pre_P33,1,0.7717807292371472,1
26,P33,P33,Pre_P33,1,0.7717807292371472,1
26,P33,P33,Pre_P33,1,0.7705085256201428,1
26,P33,P33,Pre_P33,1,0.7503595573546233,1
26,P33,P33,Pre_P33,1,0.7674002197065614,1
26,P33,P33,Pre_P33,1,0.7653385864987675,1
26,P33,P33,Pre_P33,1,0.7568501149714283,1
26,P33,P33,Pre_P33,1,0.7614616496563336,1
26,P33,P33,Pre_P33,1,0.7610532048752348,1
26,P33,P33,Pre_P33,1,0.7564828301218808,1
26,P33,P33,Pre_P33,1,0.7600409375803769,1
26,P33,P33,Pre_P33,1,0.7632597262686088,1
26,P33,P33,Pre_P33,1,0.7665499427951804,1
26,P33,P33,Pre_P33,1,0.7670305757287167,1
26,P33,P33,Pre_P33,1,0.7717807292371472,1
26,P33,P33,Pre_P33,1,0.7485540443105663,1
26,P33,P33,Pre_P33,1,0.7577317496665487,1
26,P33,P33,Pre_P33,1,0.7659346112081291,1
26,P33,P33,Pre_P33,1,0.7667159823280699,1
26,P33,P33,Pre_P33,1,0.7717807292371472,1
26,P33,P33,Pre_P33,1,0.7568637898194525,1
26,P33,P33,Pre_P33,1,0.7600409375803769,1
26,P33,P33,Pre_P33,1,0.7543881838425456,1
26,P33,P33,Pre_P33,1,0.7688105525683676,1
26,P33,P33,Pre_P33,1,0.7632062395079376,1
26,P33,P33,Pre_P33,1,0.7633513293498668,1
26,P33,P33,Pre_P33,1,0.7686749430025358,1
26,P33,P33,Pre_P33,1,0.7717807292371472,1
26,P33,P33,Pre_P33,1,0.7670305757287167,1
26,P33,P33,Pre_P33,1,0.7565753193614863,1
26,P33,P33,Pre_P33,1,0.7717807292371472,1
26,P33,P33,Pre_P33,1,0.7659346112081291,1
26,P33,P33,Pre_P33,1,0.7670305757287167,1
26,P33,P33,Pre_P33,1,0.7717807292371472,1
26,P33,P33,Pre_P33,1,0.7564828301218808,1
26,P33,P33,Pre_P33,1,0.7652130841876207,1
26,P33,P33,Pre_P33,1,0.7706280441094636,1
26,P33,P33,Pre_P33,1,0.7625383686375578,1
26,P33,P33,Pre_P33,1,0.764151018896922,1
26,P33,P33,Pre_P33,1,0.7607208770964617,1
26,P33,P33,Pre_P33,1,0.7717807292371472,1
26,P33,P33,Pre_P33,1,0.7481884133989346,1
26,P33,P33,Pre_P33,1,0.7644472938704544,1
26,P33,P33,Pre_P33,1,0.7505993031976426,1
26,P33,P33,Pre_P33,1,0.7717807292371472,1
26,P33,P33,Pre_P33,1,0.7717807292371472,1
26,P33,P33,Pre_P33,1,0.7717807292371472,1
26,P33,P33,Pre_P33,1,0.7576905577314279,1
26,P33,P33,Pre_P33,1,0.7717807292371472,1
26,P33,P33,Pre_P33,1,0.7717807292371472,1
26,P33,P33,Pre_P33,1,0.7635210949576717,1
26,P33,P33,Pre_P33,1,0.7477843528294839,1
26,P33,P33,Pre_P33,1,0.7410010801313973,1
26,P33,P33,Pre_P33,1,0.7717807292371472,1
27,P35,P35,Pre_P35,1,0.6166298732254903,1
27,P35,P35,Pre_P35,1,0.618348522870322,1
27,P35,P35,Pre_P35,1,0.8146042885339656,1
27,P35,P35,Pre_P35,1,0.6343400525417678,1
27,P35,P35,Pre_P35,1,0.6249424719290811,1
27,P35,P35,Pre_P35,1,0.6496991194381694,1
27,P35,P35,Pre_P35,1,0.6691331696061621,1
27,P35,P35,Pre_P35,1,0.6001142474965571,1
27,P35,P35,Pre_P35,1,0.6355096269694956,1
27,P35,P35,Pre_P35,1,0.6383918863900439,1
27,P35,P35,Pre_P35,1,0.6092001529597516,1
27,P35,P35,Pre_P35,1,0.6748705911641397,1
27,P35,P35,Pre_P35,1,0.6092341740511092,1
27,P35,P35,Pre_P35,1,0.6189704140611805,1
27,P35,P35,Pre_P35,1,0.6749764077373825,1
27,P35,P35,Pre_P35,1,0.5836587549040173,1
27,P35,P35,Pre_P35,1,0.7338275699734873,1
27,P35,P35,Pre_P35,1,0.6493425121840595,1
27,P35,P35,Pre_P35,1,0.6089390920157182,1
27,P35,P35,Pre_P35,1,0.5867542282452025,1
27,P35,P35,Pre_P35,1,0.660109523925998,1
27,P35,P35,Pre_P35,1,0.6075297458207335,1
27,P35,P35,Pre_P35,1,0.6086991908708246,1
27,P35,P35,Pre_P35,1,0.600840648972954,1
27,P35,P35,Pre_P35,1,0.6554990054319434,1
27,P35,P35,Pre_P35,1,0.6428556284157078,1
27,P35,P35,Pre_P35,1,0.6869558463202602,1
27,P35,P35,Pre_P35,1,0.6690212366977274,1
27,P35,P35,Pre_P35,1,0.7348359114953683,1
27,P35,P35,Pre_P35,1,0.5957340538542508,1
27,P35,P35,Pre_P35,1,0.6094895578500283,1
27,P35,P35,Pre_P35,1,0.6188032442401973,1
27,P35,P35,Pre_P35,1,0.6494972676467126,1
27,P35,P35,Pre_P35,1,0.6233415101964175,1
27,P35,P35,Pre_P35,1,0.6151543774930363,1
27,P35,P35,Pre_P35,1,0.6007699918485282,1
27,P35,P35,Pre_P35,1,0.6790748708633985,1
27,P35,P35,Pre_P35,1,0.6105979675494311,1
27,P35,P35,Pre_P35,1,0.5913195176059652,1
27,P35,P35,Pre_P35,1,0.6368997218430732,1
27,P35,P35,Pre_P35,1,0.7093460471788623,1
27,P35,P35,Pre_P35,1,0.611660725096702,1
27,P35,P35,Pre_P35,1,0.6097272867255862,1
27,P35,P35,Pre_P35,1,0.584837702359987,1
27,P35,P35,Pre_P35,1,0.6194083346974313,1
27,P35,P35,Pre_P35,1,0.6587748293720684,1
27,P35,P35,Pre_P35,1,0.6036626134277394,1
27,P35,P35,Pre_P35,1,0.672727646003729,1
27,P35,P35,Pre_P35,1,0.5618037532375125,1
27,P35,P35,Pre_P35,1,0.7219850913653719,1
27,P35,P35,Pre_P35,1,0.6120110076768907,1
27,P35,P35,Pre_P35,1,0.6552276845524073,1
27,P35,P35,Pre_P35,1,0.6550081634701813,1
27,P35,P35,Pre_P35,1,0.6609635690836838,1
27,P35,P35,Pre_P35,1,0.5899115802186699,1
27,P35,P35,Pre_P35,1,0.5769626733085476,1
27,P35,P35,Pre_P35,1,0.6687014761101423,1
27,P35,P35,Pre_P35,1,0.6162070538118509,1
27,P35,P35,Pre_P35,1,0.6098238193896293,1
27,P35,P35,Pre_P35,1,0.6215655982890717,1
27,P35,P35,Pre_P35,1,0.6543063480571818,1
27,P35,P35,Pre_P35,1,0.6449713953968299,1
27,P35,P35,Pre_P35,1,0.5888656105493243,1
27,P35,P35,Pre_P35,1,0.7085369280161841,1
27,P35,P35,Pre_P35,1,0.6602028217064196,1
27,P35,P35,Pre_P35,1,0.5888656105493243,1
27,P35,P35,Pre_P35,1,0.6055487668320162,1
27,P35,P35,Pre_P35,1,0.6644811763528584,1
27,P35,P35,Pre_P35,1,0.6393000977737178,1
27,P35,P35,Pre_P35,1,0.7757433501592217,1
27,P35,P35,Pre_P35,1,0.6339671646925366,1
27,P35,P35,Pre_P35,1,0.6712094240281256,1
27,P35,P35,Pre_P35,1,0.6089270457268902,1
27,P35,P35,Pre_P35,1,0.6189456148566721,1
27,P35,P35,Pre_P35,1,0.6159688265194321,1
27,P35,P35,Pre_P35,1,0.5853623991997339,1
27,P35,P35,Pre_P35,1,0.6532258408009802,1
27,P35,P35,Pre_P35,1,0.5736813463864157,1
27,P35,P35,Pre_P35,1,0.8172638289457265,1
27,P35,P35,Pre_P35,1,0.6416407411864788,1
27,P35,P35,Pre_P35,1,0.7134468968872891,1
27,P35,P35,Pre_P35,1,0.6394423250379231,1
27,P35,P35,Pre_P35,1,0.6247270358425107,1
27,P35,P35,Pre_P35,1,0.6124364618621503,1
27,P35,P35,Pre_P35,1,0.6534871396094643,1
27,P35,P35,Pre_P35,1,0.6330293369202582,1
27,P35,P35,Pre_P35,1,0.6551965148272398,1
27,P35,P35,Pre_P35,1,0.6490099080319844,1
27,P35,P35,Pre_P35,1,0.6667006047472334,1
27,P35,P35,Pre_P35,1,0.6469819415863554,1
27,P35,P35,Pre_P35,1,0.5772764043703781,1
27,P35,P35,Pre_P35,1,0.615105830165494,1
27,P35,P35,Pre_P35,1,0.803866433976807,1
27,P35,P35,Pre_P35,1,0.6268396158855315,1
27,P35,P35,Pre_P35,1,0.5911768508720292,1
27,P35,P35,Pre_P35,1,0.6738463435162331,1
27,P35,P35,Pre_P35,1,0.6483188012283202,1
27,P35,P35,Pre_P35,1,0.7222844864044259,1
27,P35,P35,Pre_P35,1,0.6580279025207555,1
27,P35,P35,Pre_P35,1,0.5971601531588636,1
27,P35,P35,Pre_P35,1,0.607035012986237,1
27,P35,P35,Pre_P35,1,0.6323539281557198,1
27,P35,P35,Pre_P35,1,0.726601156558132,1
27,P35,P35,Pre_P35,1,0.6213168339353018,1
27,P35,P35,Pre_P35,1,0.6723648777623279,1
27,P35,P35,Pre_P35,1,0.5882029009843065,1
27,P35,P35,Pre_P35,1,0.5702170305122994,1
27,P35,P35,Pre_P35,1,0.6483900016003356,1
27,P35,P35,Pre_P35,1,0.6252174205432234,1
27,P35,P35,Pre_P35,1,0.6472215468298583,1
27,P35,P35,Pre_P35,1,0.6200732457893425,1
27,P35,P35,Pre_P35,1,0.6418472103951798,1
27,P35,P35,Pre_P35,1,0.6199023835021406,1
27,P35,P35,Pre_P35,1,0.696706222791855,1
27,P35,P35,Pre_P35,1,0.6359824449881265,1
27,P35,P35,Pre_P35,1,0.6018901495275049,1
27,P35,P35,Pre_P35,1,0.6766785046621182,1
27,P35,P35,Pre_P35,1,0.6691579681468998,1
27,P35,P35,Pre_P35,1,0.6180271578056101,1
27,P35,P35,Pre_P35,1,0.5669441866057007,1
27,P35,P35,Pre_P35,1,0.6075468291108939,1
27,P35,P35,Pre_P35,1,0.6303776708934977,1
27,P35,P35,Pre_P35,1,0.6106085049360973,1
27,P35,P35,Pre_P35,1,0.6233167822054069,1
27,P35,P35,Pre_P35,1,0.6173227797944267,1
27,P35,P35,Pre_P35,1,0.5920860977426349,1
27,P35,P35,Pre_P35,1,0.6277744902209302,1
27,P35,P35,Pre_P35,1,0.6468873006272096,1
27,P35,P35,Pre_P35,1,0.6559528381820552,1
27,P35,P35,Pre_P35,1,0.6563351921760052,1
27,P35,P35,Pre_P35,1,0.648923880030398,1
27,P35,P35,Pre_P35,1,0.8132931655427734,1
27,P35,P35,Pre_P35,1,0.5899426307212559,1
27,P35,P35,Pre_P35,1,0.6497890554931223,1
27,P35,P35,Pre_P35,1,0.633858007872469,1
27,P35,P35,Pre_P35,1,0.7176863551184073,1
27,P35,P35,Pre_P35,1,0.5766249786880545,1
27,P35,P35,Pre_P35,1,0.583280596398227,1
27,P35,P35,Pre_P35,1,0.5929513926854965,1
27,P35,P35,Pre_P35,1,0.5871406859077947,1
27,P35,P35,Pre_P35,1,0.5945195372816543,1
27,P35,P35,Pre_P35,1,0.6445167010751354,1
27,P35,P35,Pre_P35,1,0.6371231297903202,1
27,P35,P35,Pre_P35,1,0.690361138154616,1
27,P35,P35,Pre_P35,1,0.608719164948951,1
27,P35,P35,Pre_P35,1,0.6049528134000167,1
27,P35,P35,Pre_P35,1,0.6482396392761415,1
27,P35,P35,Pre_P35,1,0.5705876894248406,1
27,P35,P35,Pre_P35,1,0.611168523909224,1
27,P35,P35,Pre_P35,1,0.6699582067710435,1
27,P35,P35,Pre_P35,1,0.6696696361413,1
27,P35,P35,Pre_P35,1,0.6128860108935346,1
27,P35,P35,Pre_P35,1,0.6608167320726913,1
27,P35,P35,Pre_P35,1,0.5987431978857694,1
27,P35,P35,Pre_P35,1,0.6222436641585162,1
27,P35,P35,Pre_P35,1,0.6083289356937902,1
27,P35,P35,Pre_P35,1,0.5903278588345362,1
27,P35,P35,Pre_P35,1,0.5933730385754652,1
27,P35,P35,Pre_P35,1,0.6822980397701505,1
27,P35,P35,Pre_P35,1,0.6188059984193858,1
27,P35,P35,Pre_P35,1,0.6062926345366122,1
27,P35,P35,Pre_P35,1,0.6264610091552031,1
27,P35,P35,Pre_P35,1,0.5790900859314922,1
27,P35,P35,Pre_P35,1,0.6383479984063145,1
27,P35,P35,Pre_P35,1,0.6396326078061959,1
27,P35,P35,Pre_P35,1,0.6644495359180388,1
27,P35,P35,Pre_P35,1,0.62888702008206,1
27,P35,P35,Pre_P35,1,0.6966847847012909,1
27,P35,P35,Pre_P35,1,0.7346004764513014,1
27,P35,P35,Pre_P35,1,0.6511830568499606,1
27,P35,P35,Pre_P35,1,0.7129733341741401,1
27,P35,P35,Pre_P35,1,0.5545142009490263,1
27,P35,P35,Pre_P35,1,0.6136862327175022,1
27,P35,P35,Pre_P35,1,0.5601632012154306,1
27,P35,P35,Pre_P35,1,0.6090408283507346,1
27,P35,P35,Pre_P35,1,0.6273391086663123,1
27,P35,P35,Pre_P35,1,0.6433883637080244,1
27,P35,P35,Pre_P35,1,0.6302707545868683,1
27,P35,P35,Pre_P35,1,0.626603931500433,1
27,P35,P35,Pre_P35,1,0.6943638063773863,1
27,P35,P35,Pre_P35,1,0.6692053713317481,1
27,P35,P35,Pre_P35,1,0.649469341559429,1
27,P35,P35,Pre_P35,1,0.661002469018968,1
27,P35,P35,Pre_P35,1,0.6165082676577962,1
27,P35,P35,Pre_P35,1,0.6478059789443839,1
27,P35,P35,Pre_P35,1,0.5981848941422906,1
27,P35,P35,Pre_P35,1,0.6229761161894147,1
27,P35,P35,Pre_P35,1,0.6044215395558267,1
27,P35,P35,Pre_P35,1,0.6163468979561761,1
27,P35,P35,Pre_P35,1,0.6098881136069204,1
27,P35,P35,Pre_P35,1,0.614649704523738,1
27,P35,P35,Pre_P35,1,0.6121972386121819,1
27,P35,P35,Pre_P35,1,0.6510914034011284,1
27,P35,P35,Pre_P35,1,0.6594974691765365,1
27,P35,P35,Pre_P35,1,0.6745496926488606,1
27,P35,P35,Pre_P35,1,0.6411599251108565,1
27,P35,P35,Pre_P35,1,0.6557990956861893,1
27,P35,P35,Pre_P35,1,0.5876036496251018,1
27,P35,P35,Pre_P35,1,0.6447774065972988,1
27,P35,P35,Pre_P35,1,0.6545463454872059,1
27,P35,P35,Pre_P35,1,0.6638183139451157,1
27,P35,P35,Pre_P35,1,0.6102327031169145,1
27,P35,P35,Pre_P35,1,0.6143011575457301,1
27,P35,P35,Pre_P35,1,0.6136862327175022,1
27,P35,P35,Pre_P35,1,0.6083079702152803,1
27,P35,P35,Pre_P35,1,0.6526749426829794,1
27,P35,P35,Pre_P35,1,0.6111702576372444,1
27,P35,P35,Pre_P35,1,0.5786509971265351,1
27,P35,P35,Pre_P35,1,0.649237246022483,1
27,P35,P35,Pre_P35,1,0.7311379778540876,1
27,P35,P35,Pre_P35,1,0.6106674996049501,1
27,P35,P35,Pre_P35,1,0.6103184155157362,1
27,P35,P35,Pre_P35,1,0.7100631248820843,1
27,P35,P35,Pre_P35,1,0.7346004764513014,1
27,P35,P35,Pre_P35,1,0.652315597265462,1
27,P35,P35,Pre_P35,1,0.6150636575262586,1
27,P35,P35,Pre_P35,1,0.6196822938049197,1
27,P35,P35,Pre_P35,1,0.6709084526808604,1
27,P35,P35,Pre_P35,1,0.6267524283844745,1
27,P35,P35,Pre_P35,1,0.6629123471976615,1
27,P35,P35,Pre_P35,1,0.6457048326156453,1
27,P35,P35,Pre_P35,1,0.6056395460117785,1
27,P35,P35,Pre_P35,1,0.6518336294493896,1
27,P35,P35,Pre_P35,1,0.6491704424651693,1
27,P35,P35,Pre_P35,1,0.6087462329154434,1
27,P35,P35,Pre_P35,1,0.6119936607778723,1
27,P35,P35,Pre_P35,1,0.7360259075446631,1
27,P35,P35,Pre_P35,1,0.6219295848633245,1
27,P35,P35,Pre_P35,1,0.6854463247362445,1
27,P35,P35,Pre_P35,1,0.612035222847887,1
27,P35,P35,Pre_P35,1,0.5902768194314629,1
27,P35,P35,Pre_P35,1,0.6196464205703102,1
27,P35,P35,Pre_P35,1,0.6109951604719863,1
27,P35,P35,Pre_P35,1,0.6260713679810105,1
27,P35,P35,Pre_P35,1,0.6251516100842601,1
27,P35,P35,Pre_P35,1,0.6167059274175162,1
27,P35,P35,Pre_P35,1,0.6695411803212351,1
27,P35,P35,Pre_P35,1,0.5667413542872637,1
28,P4,P4,Pre_P4,0,0.23857428488547242,0
28,P4,P4,Pre_P4,0,0.21602859261681104,0
28,P4,P4,Pre_P4,0,0.36968534069886594,0
28,P4,P4,Pre_P4,0,0.22960275197807517,0
28,P4,P4,Pre_P4,0,0.26909332011687825,0
28,P4,P4,Pre_P4,0,0.16901518473709035,0
28,P4,P4,Pre_P4,0,0.13599192545609876,0
28,P4,P4,Pre_P4,0,0.21937675101440846,0
28,P4,P4,Pre_P4,0,0.1937224989949888,0
28,P4,P4,Pre_P4,0,0.17175209365066219,0
28,P4,P4,Pre_P4,0,0.16071188898500738,0
28,P4,P4,Pre_P4,0,0.22257921951619672,0
28,P4,P4,Pre_P4,0,0.23857428488547242,0
28,P4,P4,Pre_P4,0,0.19151523026842918,0
28,P4,P4,Pre_P4,0,0.24963413259171466,0
28,P4,P4,Pre_P4,0,0.2312023684941708,0
28,P4,P4,Pre_P4,0,0.14605365705019804,0
28,P4,P4,Pre_P4,0,0.21489026460161134,0
28,P4,P4,Pre_P4,0,0.23163651798947135,0
28,P4,P4,Pre_P4,0,0.25350959995753247,0
28,P4,P4,Pre_P4,0,0.15295684321821854,0
28,P4,P4,Pre_P4,0,0.1638672257827504,0
28,P4,P4,Pre_P4,0,0.2609722748823579,0
28,P4,P4,Pre_P4,0,0.13930301275728438,0
28,P4,P4,Pre_P4,0,0.4023365801696223,0
28,P4,P4,Pre_P4,0,0.33232017938345476,0
28,P4,P4,Pre_P4,0,0.11971301583596596,0
28,P4,P4,Pre_P4,0,0.31762186070124304,0
28,P4,P4,Pre_P4,0,0.327756677743476,0
28,P4,P4,Pre_P4,0,0.1473152187714225,0
28,P4,P4,Pre_P4,0,0.2840548190692952,0
28,P4,P4,Pre_P4,0,0.2495133297603735,0
28,P4,P4,Pre_P4,0,0.12048655298632455,0
28,P4,P4,Pre_P4,0,0.1473152187714225,0
28,P4,P4,Pre_P4,0,0.2731810261849368,0
28,P4,P4,Pre_P4,0,0.2741586477741772,0
28,P4,P4,Pre_P4,0,0.11844400763444757,0
28,P4,P4,Pre_P4,0,0.22975728262764605,0
28,P4,P4,Pre_P4,0,0.14846845204598078,0
28,P4,P4,Pre_P4,0,0.22257921951619672,0
28,P4,P4,Pre_P4,0,0.2142815266192786,0
28,P4,P4,Pre_P4,0,0.1862543081844499,0
28,P4,P4,Pre_P4,0,0.14921070883272292,0
28,P4,P4,Pre_P4,0,0.1756579141142221,0
28,P4,P4,Pre_P4,0,0.24774278304728548,0
28,P4,P4,Pre_P4,0,0.14040154438597205,0
28,P4,P4,Pre_P4,0,0.12697864250520613,0
28,P4,P4,Pre_P4,0,0.16251015902174548,0
28,P4,P4,Pre_P4,0,0.1851954535444605,0
28,P4,P4,Pre_P4,0,0.2720244306191438,0
28,P4,P4,Pre_P4,0,0.18575571457742235,0
28,P4,P4,Pre_P4,0,0.13972804115566673,0
28,P4,P4,Pre_P4,0,0.23449174251202906,0
28,P4,P4,Pre_P4,0,0.17961199667265879,0
28,P4,P4,Pre_P4,0,0.23850565131943652,0
28,P4,P4,Pre_P4,0,0.17961199667265879,0
28,P4,P4,Pre_P4,0,0.3709693104092542,0
28,P4,P4,Pre_P4,0,0.29065265729141976,0
28,P4,P4,Pre_P4,0,0.14479806632662243,0
28,P4,P4,Pre_P4,0,0.23986936655063765,0
28,P4,P4,Pre_P4,0,0.2820894806105878,0
28,P4,P4,Pre_P4,0,0.11233211807502456,0
28,P4,P4,Pre_P4,0,0.11857703676016651,0
28,P4,P4,Pre_P4,0,0.25644478476112803,0
28,P4,P4,Pre_P4,0,0.36853474559737415,0
28,P4,P4,Pre_P4,0,0.28814688755574064,0
28,P4,P4,Pre_P4,0,0.12691179206765552,0
28,P4,P4,Pre_P4,0,0.11732771134449532,0
28,P4,P4,Pre_P4,0,0.1662756143112953,0
28,P4,P4,Pre_P4,0,0.26731122106283867,0
28,P4,P4,Pre_P4,0,0.17990006286088395,0
28,P4,P4,Pre_P4,0,0.12834726797362409,0
28,P4,P4,Pre_P4,0,0.32245275429111864,0
28,P4,P4,Pre_P4,0,0.12990793474752627,0
28,P4,P4,Pre_P4,0,0.30989299124577546,0
28,P4,P4,Pre_P4,0,0.13309172140212377,0
28,P4,P4,Pre_P4,0,0.22865671489173264,0
28,P4,P4,Pre_P4,0,0.26326367453041,0
28,P4,P4,Pre_P4,0,0.19655408421108517,0
28,P4,P4,Pre_P4,0,0.18512583467067012,0
28,P4,P4,Pre_P4,0,0.2915189663197552,0
28,P4,P4,Pre_P4,0,0.15016243417481676,0
28,P4,P4,Pre_P4,0,0.20516407211546417,0
28,P4,P4,Pre_P4,0,0.19067866162307298,0
28,P4,P4,Pre_P4,0,0.1925534820777593,0
28,P4,P4,Pre_P4,0,0.16292876371968132,0
28,P4,P4,Pre_P4,0,0.2216514869172051,0
28,P4,P4,Pre_P4,0,0.2415262475735412,0
28,P4,P4,Pre_P4,0,0.18620737158909947,0
28,P4,P4,Pre_P4,0,0.17415489902837414,0
28,P4,P4,Pre_P4,0,0.14544473211741824,0
28,P4,P4,Pre_P4,0,0.18253523539349656,0
28,P4,P4,Pre_P4,0,0.1297560272465032,0
28,P4,P4,Pre_P4,0,0.15814633126385474,0
28,P4,P4,Pre_P4,0,0.2454429268303834,0
28,P4,P4,Pre_P4,0,0.268604890781556,0
28,P4,P4,Pre_P4,0,0.268761080554745,0
28,P4,P4,Pre_P4,0,0.2736654319996849,0
28,P4,P4,Pre_P4,0,0.31555313129452167,0
28,P4,P4,Pre_P4,0,0.15867079829437095,0
28,P4,P4,Pre_P4,0,0.1571954863613083,0
28,P4,P4,Pre_P4,0,0.1648486228740194,0
28,P4,P4,Pre_P4,0,0.24336829010662145,0
28,P4,P4,Pre_P4,0,0.20960694413084688,0
28,P4,P4,Pre_P4,0,0.44606465438606224,0
28,P4,P4,Pre_P4,0,0.1597700886732231,0
28,P4,P4,Pre_P4,0,0.16888707255874577,0
28,P4,P4,Pre_P4,0,0.4252997195633432,0
28,P4,P4,Pre_P4,0,0.5209852500816096,1
28,P4,P4,Pre_P4,0,0.34810847863040195,0
28,P4,P4,Pre_P4,0,0.2315699911816091,0
28,P4,P4,Pre_P4,0,0.1269435149270117,0
28,P4,P4,Pre_P4,0,0.23656535502251685,0
28,P4,P4,Pre_P4,0,0.11836889694257562,0
28,P4,P4,Pre_P4,0,0.2753423297567705,0
28,P4,P4,Pre_P4,0,0.22975728262764605,0
28,P4,P4,Pre_P4,0,0.39158665536230014,0
28,P4,P4,Pre_P4,0,0.18253523539349656,0
28,P4,P4,Pre_P4,0,0.3802703997083935,0
28,P4,P4,Pre_P4,0,0.18645313690341248,0
28,P4,P4,Pre_P4,0,0.12640335172325665,0
28,P4,P4,Pre_P4,0,0.17829840399906471,0
28,P4,P4,Pre_P4,0,0.15147492258038903,0
28,P4,P4,Pre_P4,0,0.1382855061462086,0
28,P4,P4,Pre_P4,0,0.2216514869172051,0
28,P4,P4,Pre_P4,0,0.24447509940584966,0
28,P4,P4,Pre_P4,0,0.14669852402697572,0
28,P4,P4,Pre_P4,0,0.16549696927448204,0
28,P4,P4,Pre_P4,0,0.17029092229205967,0
28,P4,P4,Pre_P4,0,0.1873261525936215,0
28,P4,P4,Pre_P4,0,0.16027258305687994,0
28,P4,P4,Pre_P4,0,0.1208357989894165,0
28,P4,P4,Pre_P4,0,0.40965344563677203,0
28,P4,P4,Pre_P4,0,0.2711612197442013,0
28,P4,P4,Pre_P4,0,0.1461201992622366,0
28,P4,P4,Pre_P4,0,0.16413774038694462,0
28,P4,P4,Pre_P4,0,0.17990006286088395,0
28,P4,P4,Pre_P4,0,0.14707935987418128,0
28,P4,P4,Pre_P4,0,0.2052789433334141,0
28,P4,P4,Pre_P4,0,0.18034835276992478,0
28,P4,P4,Pre_P4,0,0.11914326798650257,0
28,P4,P4,Pre_P4,0,0.40211733415524836,0
28,P4,P4,Pre_P4,0,0.3647063013236984,0
28,P4,P4,Pre_P4,0,0.15384525660638768,0
28,P4,P4,Pre_P4,0,0.2849874968511374,0
28,P4,P4,Pre_P4,0,0.18467960854729523,0
28,P4,P4,Pre_P4,0,0.17112762400326909,0
28,P4,P4,Pre_P4,0,0.21422166754228159,0
28,P4,P4,Pre_P4,0,0.21981879061843793,0
28,P4,P4,Pre_P4,0,0.30177154135712064,0
28,P4,P4,Pre_P4,0,0.22199346334079578,0
28,P4,P4,Pre_P4,0,0.38562868200032596,0
28,P4,P4,Pre_P4,0,0.17393971406357847,0
28,P4,P4,Pre_P4,0,0.2731810261849368,0
28,P4,P4,Pre_P4,0,0.151065307161959,0
28,P4,P4,Pre_P4,0,0.2672190006553747,0
28,P4,P4,Pre_P4,0,0.2465487297366626,0
28,P4,P4,Pre_P4,0,0.18259819126004118,0
28,P4,P4,Pre_P4,0,0.16955769734890336,0
28,P4,P4,Pre_P4,0,0.1854046830709616,0
28,P4,P4,Pre_P4,0,0.14377652234388025,0
28,P4,P4,Pre_P4,0,0.23982268871510817,0
28,P4,P4,Pre_P4,0,0.38597433740405623,0
28,P4,P4,Pre_P4,0,0.29864597756227607,0
28,P4,P4,Pre_P4,0,0.23202096174415457,0
28,P4,P4,Pre_P4,0,0.11587118924707045,0
28,P4,P4,Pre_P4,0,0.13914470195069104,0
28,P4,P4,Pre_P4,0,0.14482584277404145,0
28,P4,P4,Pre_P4,0,0.19877204600884174,0
28,P4,P4,Pre_P4,0,0.152615000393915,0
28,P4,P4,Pre_P4,0,0.16842790988811626,0
28,P4,P4,Pre_P4,0,0.15956650708948325,0
28,P4,P4,Pre_P4,0,0.21076179578249074,0
28,P4,P4,Pre_P4,0,0.18228934574420652,0
28,P4,P4,Pre_P4,0,0.23666889514418138,0
28,P4,P4,Pre_P4,0,0.24901772529048274,0
28,P4,P4,Pre_P4,0,0.14233219881017792,0
28,P4,P4,Pre_P4,0,0.3920586425536995,0
28,P4,P4,Pre_P4,0,0.2142815266192786,0
28,P4,P4,Pre_P4,0,0.3325880077579008,0
28,P4,P4,Pre_P4,0,0.18773457227913415,0
28,P4,P4,Pre_P4,0,0.23535530107219246,0
28,P4,P4,Pre_P4,0,0.27818293351049694,0
28,P4,P4,Pre_P4,0,0.1366668407423588,0
28,P4,P4,Pre_P4,0,0.20838008478579836,0
28,P4,P4,Pre_P4,0,0.2616402768533955,0
28,P4,P4,Pre_P4,0,0.24932294576792954,0
28,P4,P4,Pre_P4,0,0.31971266330259024,0
28,P4,P4,Pre_P4,0,0.2333318828550874,0
28,P4,P4,Pre_P4,0,0.12048655298632455,0
28,P4,P4,Pre_P4,0,0.2101985012455405,0
28,P4,P4,Pre_P4,0,0.1958828624554711,0
28,P4,P4,Pre_P4,0,0.15729081464562936,0
28,P4,P4,Pre_P4,0,0.24143484316359115,0
28,P4,P4,Pre_P4,0,0.17708861018157704,0
28,P4,P4,Pre_P4,0,0.28912428816326,0
28,P4,P4,Pre_P4,0,0.19571287883068375,0
28,P4,P4,Pre_P4,0,0.22872331870812806,0
28,P4,P4,Pre_P4,0,0.1742017010935237,0
28,P4,P4,Pre_P4,0,0.11440985013468473,0
28,P4,P4,Pre_P4,0,0.24264340936158327,0
28,P4,P4,Pre_P4,0,0.14963803890949184,0
28,P4,P4,Pre_P4,0,0.3391307065197117,0
28,P4,P4,Pre_P4,0,0.15933367468873166,0
28,P4,P4,Pre_P4,0,0.19329193931853542,0
28,P4,P4,Pre_P4,0,0.1096558897786015,0
28,P4,P4,Pre_P4,0,0.1796847311635579,0
28,P4,P4,Pre_P4,0,0.18784472917620867,0
28,P4,P4,Pre_P4,0,0.1389890439847208,0
28,P4,P4,Pre_P4,0,0.19736463175462624,0
28,P4,P4,Pre_P4,0,0.1527941288671587,0
28,P4,P4,Pre_P4,0,0.23755205445644115,0
28,P4,P4,Pre_P4,0,0.30613382084998114,0
28,P4,P4,Pre_P4,0,0.24264340936158327,0
28,P4,P4,Pre_P4,0,0.27709734698697824,0
28,P4,P4,Pre_P4,0,0.17990006286088395,0
28,P4,P4,Pre_P4,0,0.23288587311736975,0
28,P4,P4,Pre_P4,0,0.33915425326465015,0
28,P4,P4,Pre_P4,0,0.167828673635402,0
28,P4,P4,Pre_P4,0,0.2271934244839435,0
28,P4,P4,Pre_P4,0,0.1515810335534877,0
28,P4,P4,Pre_P4,0,0.13569593198228774,0
28,P4,P4,Pre_P4,0,0.18208637559882004,0
28,P4,P4,Pre_P4,0,0.14738842814035744,0
28,P4,P4,Pre_P4,0,0.17809475009786505,0
28,P4,P4,Pre_P4,0,0.24423466678704836,0
28,P4,P4,Pre_P4,0,0.33444302161412376,0
28,P4,P4,Pre_P4,0,0.19470188750607234,0
28,P4,P4,Pre_P4,0,0.27883877741781016,0
28,P4,P4,Pre_P4,0,0.25815137807151306,0
28,P4,P4,Pre_P4,0,0.12720583563708776,0
28,P4,P4,Pre_P4,0,0.22012651387031662,0
28,P4,P4,Pre_P4,0,0.18363973985435536,0
28,P4,P4,Pre_P4,0,0.25526476845203244,0
28,P4,P4,Pre_P4,0,0.1643919786247404,0
28,P4,P4,Pre_P4,0,0.19045447865858753,0
28,P4,P4,Pre_P4,0,0.15409710450983918,0
28,P4,P4,Pre_P4,0,0.25430657772221854,0
28,P4,P4,Pre_P4,0,0.1857758230980789,0
28,P4,P4,Pre_P4,0,0.38942616609376524,0
28,P4,P4,Pre_P4,0,0.13599192545609876,0
28,P4,P4,Pre_P4,0,0.18388279551448072,0
28,P4,P4,Pre_P4,0,0.3258268429433029,0
28,P4,P4,Pre_P4,0,0.23477316866281306,0
28,P4,P4,Pre_P4,0,0.21349605553322695,0
28,P4,P4,Pre_P4,0,0.17961199667265879,0
28,P4,P4,Pre_P4,0,0.11424482651146728,0
28,P4,P4,Pre_P4,0,0.21076179578249074,0
28,P4,P4,Pre_P4,0,0.20597620357008586,0
28,P4,P4,Pre_P4,0,0.3950007079127084,0
28,P4,P4,Pre_P4,0,0.1790982901118456,0
28,P4,P4,Pre_P4,0,0.19767264217344516,0
28,P4,P4,Pre_P4,0,0.2420365878638693,0
28,P4,P4,Pre_P4,0,0.25317725593568574,0
28,P4,P4,Pre_P4,0,0.24421657277831138,0
28,P4,P4,Pre_P4,0,0.16888707255874577,0
28,P4,P4,Pre_P4,0,0.10873313350427917,0
28,P4,P4,Pre_P4,0,0.340437317755934,0
28,P4,P4,Pre_P4,0,0.1308808434048038,0
28,P4,P4,Pre_P4,0,0.1336363435096478,0
28,P4,P4,Pre_P4,0,0.12394343757627997,0
28,P4,P4,Pre_P4,0,0.13178114434753715,0
28,P4,P4,Pre_P4,0,0.16321082403575965,0
28,P4,P4,Pre_P4,0,0.19476248650048086,0
28,P4,P4,Pre_P4,0,0.17315063142311243,0
28,P4,P4,Pre_P4,0,0.27433951280625374,0
28,P4,P4,Pre_P4,0,0.28558137391465904,0
28,P4,P4,Pre_P4,0,0.19063514359506767,0
28,P4,P4,Pre_P4,0,0.371734819893115,0
28,P4,P4,Pre_P4,0,0.17954312975704761,0
28,P4,P4,Pre_P4,0,0.28473736597817795,0
28,P4,P4,Pre_P4,0,0.21300894377722387,0
28,P4,P4,Pre_P4,0,0.33941080169342247,0
28,P4,P4,Pre_P4,0,0.1491953555227117,0
28,P4,P4,Pre_P4,0,0.1955998853220785,0
28,P4,P4,Pre_P4,0,0.1096558897786015,0
28,P4,P4,Pre_P4,0,0.13603495372628,0
28,P4,P4,Pre_P4,0,0.22940516721472037,0
28,P4,P4,Pre_P4,0,0.1857758230980789,0
28,P4,P4,Pre_P4,0,0.17427253753221295,0
28,P4,P4,Pre_P4,0,0.12939435424517756,0
28,P4,P4,Pre_P4,0,0.23187307192300247,0
28,P4,P4,Pre_P4,0,0.1986841376902036,0
28,P4,P4,Pre_P4,0,0.4052217782977866,0
28,P4,P4,Pre_P4,0,0.17420949183690657,0
28,P4,P4,Pre_P4,0,0.26891293770163494,0
28,P4,P4,Pre_P4,0,0.19601083572060352,0
28,P4,P4,Pre_P4,0,0.11942027685922657,0
28,P4,P4,Pre_P4,0,0.16239910566109236,0
28,P4,P4,Pre_P4,0,0.17731548853333998,0
28,P4,P4,Pre_P4,0,0.36892527949222526,0
28,P4,P4,Pre_P4,0,0.31137470595197175,0
28,P4,P4,Pre_P4,0,0.14737710108560512,0
28,P4,P4,Pre_P4,0,0.11384368825136756,0
28,P4,P4,Pre_P4,0,0.36098141998962147,0
28,P4,P4,Pre_P4,0,0.222569409553955,0
28,P4,P4,Pre_P4,0,0.11697326591930911,0
28,P4,P4,Pre_P4,0,0.16888707255874577,0
28,P4,P4,Pre_P4,0,0.26258354561380726,0
28,P4,P4,Pre_P4,0,0.14826379298564035,0
28,P4,P4,Pre_P4,0,0.2809987248399996,0
28,P4,P4,Pre_P4,0,0.14729384330372508,0
28,P4,P4,Pre_P4,0,0.12691179206765552,0
28,P4,P4,Pre_P4,0,0.2066158794057702,0
28,P4,P4,Pre_P4,0,0.16388144043121633,0
28,P4,P4,Pre_P4,0,0.16980735269211394,0
28,P4,P4,Pre_P4,0,0.21586166148698097,0
28,P4,P4,Pre_P4,0,0.3473926534079495,0
28,P4,P4,Pre_P4,0,0.28431330190014864,0
28,P4,P4,Pre_P4,0,0.19063514359506767,0
28,P4,P4,Pre_P4,0,0.24138626821079007,0
28,P4,P4,Post_P4,1,0.6165097392628217,1
28,P4,P4,Post_P4,1,0.6792446440631016,1
28,P4,P4,Post_P4,1,0.5827685872355175,1
28,P4,P4,Post_P4,1,0.601204134151284,1
28,P4,P4,Post_P4,1,0.5504739497777298,1
28,P4,P4,Post_P4,1,0.6178190083277786,1
28,P4,P4,Post_P4,1,0.5835448343428954,1
28,P4,P4,Post_P4,1,0.5905864599662672,1
28,P4,P4,Post_P4,1,0.6789809453764202,1
28,P4,P4,Post_P4,1,0.6216358823894272,1
28,P4,P4,Post_P4,1,0.607906059410585,1
28,P4,P4,Post_P4,1,0.6608322192397795,1
28,P4,P4,Post_P4,1,0.6061847639599905,1
28,P4,P4,Post_P4,1,0.5545697556460403,1
28,P4,P4,Post_P4,1,0.5971995140587478,1
28,P4,P4,Post_P4,1,0.6123075675045643,1
28,P4,P4,Post_P4,1,0.5931924935194003,1
28,P4,P4,Post_P4,1,0.5496384441173231,1
28,P4,P4,Post_P4,1,0.6330565434413585,1
28,P4,P4,Post_P4,1,0.5001954866085886,1
28,P4,P4,Post_P4,1,0.6071859885085931,1
28,P4,P4,Post_P4,1,0.6265434699062643,1
28,P4,P4,Post_P4,1,0.6143649151493467,1
28,P4,P4,Post_P4,1,0.5946978713085291,1
28,P4,P4,Post_P4,1,0.6172425662205039,1
28,P4,P4,Post_P4,1,0.647249539914815,1
28,P4,P4,Post_P4,1,0.6062993370904032,1
28,P4,P4,Post_P4,1,0.5903501739879332,1
28,P4,P4,Post_P4,1,0.6073178892040342,1
28,P4,P4,Post_P4,1,0.645727745124175,1
28,P4,P4,Post_P4,1,0.6303665110894631,1
28,P4,P4,Post_P4,1,0.6815048313069086,1
28,P4,P4,Post_P4,1,0.5691820392122556,1
28,P4,P4,Post_P4,1,0.6815048313069086,1
28,P4,P4,Post_P4,1,0.5647803842621152,1
28,P4,P4,Post_P4,1,0.5627539712556494,1
28,P4,P4,Post_P4,1,0.6073814749087466,1
28,P4,P4,Post_P4,1,0.6105103705316756,1
28,P4,P4,Post_P4,1,0.6232742454897483,1
28,P4,P4,Post_P4,1,0.6148653054608872,1
28,P4,P4,Post_P4,1,0.5768584144876616,1
28,P4,P4,Post_P4,1,0.6625820518464142,1
28,P4,P4,Post_P4,1,0.6789861572883109,1
28,P4,P4,Post_P4,1,0.5969966669764011,1
28,P4,P4,Post_P4,1,0.5936918133095769,1
28,P4,P4,Post_P4,1,0.661904399093775,1
28,P4,P4,Post_P4,1,0.5860918844305092,1
28,P4,P4,Post_P4,1,0.6060713897826531,1
28,P4,P4,Post_P4,1,0.5896548539662841,1
28,P4,P4,Post_P4,1,0.6278138432961803,1
28,P4,P4,Post_P4,1,0.6403313517641344,1
28,P4,P4,Post_P4,1,0.6579732353715763,1
28,P4,P4,Post_P4,1,0.6146342845963881,1
28,P4,P4,Post_P4,1,0.5774139429262881,1
28,P4,P4,Post_P4,1,0.6262109241645378,1
28,P4,P4,Post_P4,1,0.5774591022508263,1
28,P4,P4,Post_P4,1,0.6101947010333179,1
28,P4,P4,Post_P4,1,0.6654262219077738,1
28,P4,P4,Post_P4,1,0.5955985414859996,1
28,P4,P4,Post_P4,1,0.5031321412400028,1
28,P4,P4,Post_P4,1,0.6553924912643313,1
28,P4,P4,Post_P4,1,0.5953351476524439,1
28,P4,P4,Post_P4,1,0.5551412896312067,1
28,P4,P4,Post_P4,1,0.6242545053640357,1
28,P4,P4,Post_P4,1,0.5951236153614143,1
28,P4,P4,Post_P4,1,0.609827348692711,1
28,P4,P4,Post_P4,1,0.6408147224084823,1
28,P4,P4,Post_P4,1,0.6815048313069086,1
28,P4,P4,Post_P4,1,0.6112570394225573,1
28,P4,P4,Post_P4,1,0.587867401124873,1
28,P4,P4,Post_P4,1,0.5975290257730043,1
28,P4,P4,Post_P4,1,0.6581551244982528,1
28,P4,P4,Post_P4,1,0.5668261870034396,1
28,P4,P4,Post_P4,1,0.6698816514969508,1
28,P4,P4,Post_P4,1,0.5609722785780908,1
28,P4,P4,Post_P4,1,0.640100677529837,1
28,P4,P4,Post_P4,1,0.6581186816027448,1
28,P4,P4,Post_P4,1,0.6574796076246288,1
28,P4,P4,Post_P4,1,0.5023487209410046,1
28,P4,P4,Post_P4,1,0.6397672414183266,1
28,P4,P4,Post_P4,1,0.4981426742201623,0
28,P4,P4,Post_P4,1,0.5993060428872277,1
28,P4,P4,Post_P4,1,0.5793470455063056,1
28,P4,P4,Post_P4,1,0.6563816005580896,1
28,P4,P4,Post_P4,1,0.6679791809720931,1
28,P4,P4,Post_P4,1,0.5589240178802785,1
28,P4,P4,Post_P4,1,0.6677427620608613,1
28,P4,P4,Post_P4,1,0.5570552565326521,1
28,P4,P4,Post_P4,1,0.610713304510635,1
28,P4,P4,Post_P4,1,0.5688405067167651,1
28,P4,P4,Post_P4,1,0.6736636902908335,1
28,P4,P4,Post_P4,1,0.5944201431515642,1
28,P4,P4,Post_P4,1,0.5494999787329093,1
28,P4,P4,Post_P4,1,0.6083245136644942,1
28,P4,P4,Post_P4,1,0.640118584969381,1
28,P4,P4,Post_P4,1,0.6804605432088976,1
28,P4,P4,Post_P4,1,0.6101947010333179,1
28,P4,P4,Post_P4,1,0.6463010629403895,1
28,P4,P4,Post_P4,1,0.5995663182174477,1
28,P4,P4,Post_P4,1,0.637385056594873,1
28,P4,P4,Post_P4,1,0.6648706934691473,1
28,P4,P4,Post_P4,1,0.6654262219077738,1
28,P4,P4,Post_P4,1,0.6427209966838074,1
28,P4,P4,Post_P4,1,0.6336269436015597,1
28,P4,P4,Post_P4,1,0.6201344482577088,1
28,P4,P4,Post_P4,1,0.6563816005580896,1
28,P4,P4,Post_P4,1,0.5654468228491375,1
28,P4,P4,Post_P4,1,0.6090599409023013,1
28,P4,P4,Post_P4,1,0.48108004015098743,0
28,P4,P4,Post_P4,1,0.6816594592579109,1
28,P4,P4,Post_P4,1,0.615718660543264,1
28,P4,P4,Post_P4,1,0.5002870360570038,1
28,P4,P4,Post_P4,1,0.5052259327460578,1
28,P4,P4,Post_P4,1,0.6089608630964708,1
28,P4,P4,Post_P4,1,0.5987990271050416,1
28,P4,P4,Post_P4,1,0.5077442180097922,1
28,P4,P4,Post_P4,1,0.6674093101147386,1
28,P4,P4,Post_P4,1,0.6820603597455351,1
28,P4,P4,Post_P4,1,0.6205396086223423,1
28,P4,P4,Post_P4,1,0.5034745066423547,1
28,P4,P4,Post_P4,1,0.5422464576508472,1
28,P4,P4,Post_P4,1,0.6558562869623454,1
28,P4,P4,Post_P4,1,0.6455264168201843,1
28,P4,P4,Post_P4,1,0.6574565827022761,1
28,P4,P4,Post_P4,1,0.6460517304159286,1
28,P4,P4,Post_P4,1,0.6815048313069086,1
28,P4,P4,Post_P4,1,0.6127847319163942,1
28,P4,P4,Post_P4,1,0.6435520046248919,1
28,P4,P4,Post_P4,1,0.5765289569330775,1
28,P4,P4,Post_P4,1,0.6769382002755108,1
28,P4,P4,Post_P4,1,0.5622416436546201,1
28,P4,P4,Post_P4,1,0.598935806826833,1
28,P4,P4,Post_P4,1,0.6631375802850408,1
28,P4,P4,Post_P4,1,0.6633782648949736,1
28,P4,P4,Post_P4,1,0.5983342544798297,1
28,P4,P4,Post_P4,1,0.6269030313904316,1
28,P4,P4,Post_P4,1,0.5649872584429676,1
28,P4,P4,Post_P4,1,0.508080346575773,1
28,P4,P4,Post_P4,1,0.7292878393891722,1
28,P4,P4,Post_P4,1,0.6305163796188219,1
28,P4,P4,Post_P4,1,0.5803595223366199,1
28,P4,P4,Post_P4,1,0.5600265533687049,1
28,P4,P4,Post_P4,1,0.6063793960032247,1
28,P4,P4,Post_P4,1,0.6177619428611353,1
28,P4,P4,Post_P4,1,0.562964987080364,1
28,P4,P4,Post_P4,1,0.5987990271050416,1
28,P4,P4,Post_P4,1,0.5876768720183332,1
28,P4,P4,Post_P4,1,0.6529119001429722,1
28,P4,P4,Post_P4,1,0.6442140082578777,1
28,P4,P4,Post_P4,1,0.6626255634111319,1
28,P4,P4,Post_P4,1,0.6935999596886688,1
28,P4,P4,Post_P4,1,0.5970263953720162,1
28,P4,P4,Post_P4,1,0.6531038496415983,1
28,P4,P4,Post_P4,1,0.6125798472915492,1
28,P4,P4,Post_P4,1,0.4881858362376184,0
28,P4,P4,Post_P4,1,0.6456750552062527,1
28,P4,P4,Post_P4,1,0.6375296366025046,1
28,P4,P4,Post_P4,1,0.6822149876965374,1
28,P4,P4,Post_P4,1,0.6685133781071863,1
28,P4,P4,Post_P4,1,0.5195776896909698,1
28,P4,P4,Post_P4,1,0.5089318872981933,1
28,P4,P4,Post_P4,1,0.5185480978116876,1
28,P4,P4,Post_P4,1,0.6705324330802277,1
28,P4,P4,Post_P4,1,0.5966914254430582,1
28,P4,P4,Post_P4,1,0.5945703898172966,1
28,P4,P4,Post_P4,1,0.5840933060596624,1
28,P4,P4,Post_P4,1,0.49151083578002813,0
28,P4,P4,Post_P4,1,0.6165497416469755,1
28,P4,P4,Post_P4,1,0.6642949623952946,1
28,P4,P4,Post_P4,1,0.6190785092245364,1
28,P4,P4,Post_P4,1,0.6264083483792433,1
28,P4,P4,Post_P4,1,0.6046283084940935,1
28,P4,P4,Post_P4,1,0.5044459780674507,1
28,P4,P4,Post_P4,1,0.6433864135835197,1
28,P4,P4,Post_P4,1,0.6704282297105936,1
28,P4,P4,Post_P4,1,0.5848291271304085,1
28,P4,P4,Post_P4,1,0.6144527704634561,1
28,P4,P4,Post_P4,1,0.6047450491436575,1
28,P4,P4,Post_P4,1,0.5891486973557203,1
28,P4,P4,Post_P4,1,0.6347460708499926,1
28,P4,P4,Post_P4,1,0.5835828863685696,1
28,P4,P4,Post_P4,1,0.5315207285788371,1
28,P4,P4,Post_P4,1,0.5761311117068051,1
28,P4,P4,Post_P4,1,0.645164840180904,1
28,P4,P4,Post_P4,1,0.5881258536616247,1
28,P4,P4,Post_P4,1,0.5301522292404887,1
28,P4,P4,Post_P4,1,0.6191240397430554,1
28,P4,P4,Post_P4,1,0.6077283273208978,1
28,P4,P4,Post_P4,1,0.6567668041631078,1
28,P4,P4,Post_P4,1,0.6563816005580896,1
28,P4,P4,Post_P4,1,0.6709101791030464,1
28,P4,P4,Post_P4,1,0.629718929788689,1
28,P4,P4,Post_P4,1,0.706391979378032,1
28,P4,P4,Post_P4,1,0.5008701858955663,1
28,P4,P4,Post_P4,1,0.5958549648736885,1
28,P4,P4,Post_P4,1,0.5558738138547283,1
28,P4,P4,Post_P4,1,0.6236225703569344,1
28,P4,P4,Post_P4,1,0.5777305313117188,1
28,P4,P4,Post_P4,1,0.640648199772469,1
28,P4,P4,Post_P4,1,0.6208897595973546,1
28,P4,P4,Post_P4,1,0.5991542318067236,1
28,P4,P4,Post_P4,1,0.6211639695390669,1
28,P4,P4,Post_P4,1,0.6206305700201714,1
28,P4,P4,Post_P4,1,0.587284017086857,1
28,P4,P4,Post_P4,1,0.6705324330802277,1
28,P4,P4,Post_P4,1,0.6614816880199328,1
28,P4,P4,Post_P4,1,0.647270204030242,1
28,P4,P4,Post_P4,1,0.5856245163739343,1
28,P4,P4,Post_P4,1,0.5028271772204589,1
28,P4,P4,Post_P4,1,0.6327255727413668,1
28,P4,P4,Post_P4,1,0.6086368778047173,1
28,P4,P4,Post_P4,1,0.6603406945783178,1
28,P4,P4,Post_P4,1,0.5562338301290536,1
28,P4,P4,Post_P4,1,0.6107580780232206,1
28,P4,P4,Post_P4,1,0.5676411004534996,1
28,P4,P4,Post_P4,1,0.5708442574748873,1
28,P4,P4,Post_P4,1,0.6046283084940935,1
28,P4,P4,Post_P4,1,0.6422075769010258,1
28,P4,P4,Post_P4,1,0.6004717701854133,1
28,P4,P4,Post_P4,1,0.579983944096021,1
28,P4,P4,Post_P4,1,0.5951523827178138,1
28,P4,P4,Post_P4,1,0.6230599869133773,1
28,P4,P4,Post_P4,1,0.6366684252967963,1
28,P4,P4,Post_P4,1,0.6654752363432442,1
28,P4,P4,Post_P4,1,0.5873087090497758,1
28,P4,P4,Post_P4,1,0.6463206019211659,1
28,P4,P4,Post_P4,1,0.6816594592579109,1
28,P4,P4,Post_P4,1,0.515974926873445,1
28,P4,P4,Post_P4,1,0.6489938981546759,1
28,P4,P4,Post_P4,1,0.6376174028131747,1
28,P4,P4,Post_P4,1,0.6070178401806291,1
28,P4,P4,Post_P4,1,0.6757618546346359,1
28,P4,P4,Post_P4,1,0.6228194482035121,1
28,P4,P4,Post_P4,1,0.6155349605733533,1
28,P4,P4,Post_P4,1,0.6531038496415983,1
28,P4,P4,Post_P4,1,0.6315719310259603,1
28,P4,P4,Post_P4,1,0.6625820518464142,1
28,P4,P4,Post_P4,1,0.6843490013682682,1
28,P4,P4,Post_P4,1,0.6101947010333179,1
28,P4,P4,Post_P4,1,0.665458996202487,1
28,P4,P4,Post_P4,1,0.4836427547683284,0
28,P4,P4,Post_P4,1,0.6696657280303709,1
28,P4,P4,Post_P4,1,0.6142773787906689,1
28,P4,P4,Post_P4,1,0.6651206684920056,1
28,P4,P4,Post_P4,1,0.5909374559987334,1
28,P4,P4,Post_P4,1,0.5541726189488636,1
28,P4,P4,Post_P4,1,0.6529700864666963,1
28,P4,P4,Post_P4,1,0.6631375802850408,1
28,P4,P4,Post_P4,1,0.5776630470765344,1
28,P4,P4,Post_P4,1,0.5856217321508337,1
28,P4,P4,Post_P4,1,0.668398419408497,1
28,P4,P4,Post_P4,1,0.6728210747029606,1
28,P4,P4,Post_P4,1,0.6258975098027019,1
28,P4,P4,Post_P4,1,0.6427739794994372,1
28,P4,P4,Post_P4,1,0.6355610484163394,1
28,P4,P4,Post_P4,1,0.6223118977753008,1
28,P4,P4,Post_P4,1,0.55258838632017,1
28,P4,P4,Post_P4,1,0.607906059410585,1
28,P4,P4,Post_P4,1,0.5887463961550409,1
28,P4,P4,Post_P4,1,0.6469962732277018,1
28,P4,P4,Post_P4,1,0.5737383691552858,1
28,P4,P4,Post_P4,1,0.660410348327014,1
28,P4,P4,Post_P4,1,0.6131353757301757,1
28,P4,P4,Post_P4,1,0.6493315742977342,1
28,P4,P4,Post_P4,1,0.6101947010333179,1
28,P4,P4,Post_P4,1,0.5859406198522631,1
28,P4,P4,Post_P4,1,0.5072100245698489,1
28,P4,P4,Post_P4,1,0.6020517661695258,1
28,P4,P4,Post_P4,1,0.6553924912643313,1
28,P4,P4,Post_P4,1,0.46800346072097443,0
28,P4,P4,Post_P4,1,0.5663670102545826,1
28,P4,P4,Post_P4,1,0.5372744913272935,1
28,P4,P4,Post_P4,1,0.5259977234293036,1
28,P4,P4,Post_P4,1,0.6115098885841441,1
28,P4,P4,Post_P4,1,0.6639445237518772,1
28,P4,P4,Post_P4,1,0.6493911342756845,1
28,P4,P4,Post_P4,1,0.5002590853749069,1
28,P4,P4,Post_P4,1,0.6428037963185498,1
28,P4,P4,Post_P4,1,0.5978039630056392,1
28,P4,P4,Post_P4,1,0.5830244709450397,1
28,P4,P4,Post_P4,1,0.6629295232075268,1
28,P4,P4,Post_P4,1,0.5710130910855709,1
28,P4,P4,Post_P4,1,0.5059132521522846,1
28,P4,P4,Post_P4,1,0.5957968791500842,1
28,P4,P4,Post_P4,1,0.6135232550251082,1
28,P4,P4,Post_P4,1,0.6698816514969508,1
28,P4,P4,Post_P4,1,0.6313383019788267,1
28,P4,P4,Post_P4,1,0.5932346846634646,1
28,P4,P4,Post_P4,1,0.6005613994965233,1
28,P4,P4,Post_P4,1,0.6544778396208792,1
28,P4,P4,Post_P4,1,0.5276920271847674,1
28,P4,P4,Post_P4,1,0.644211229269358,1
28,P4,P4,Post_P4,1,0.6450782763440218,1
28,P4,P4,Post_P4,1,0.6047707546457649,1
28,P4,P4,Post_P4,1,0.5974772409517113,1
28,P4,P4,Post_P4,1,0.5019351994128585,1
28,P4,P4,Post_P4,1,0.6066109227671351,1
28,P4,P4,Post_P4,1,0.6793708176351779,1
28,P4,P4,Post_P4,1,0.5919016475170935,1
28,P4,P4,Post_P4,1,0.5815161471811718,1
28,P4,P4,Post_P4,1,0.6715187181823302,1
28,P4,P4,Post_P4,1,0.6058411177715846,1
28,P4,P4,Post_P4,1,0.6493336663610926,1
28,P4,P4,Post_P4,1,0.5530633319344461,1
28,P4,P4,Post_P4,1,0.5699559883742709,1
28,P4,P4,Post_P4,1,0.6471678221153364,1
28,P4,P4,Post_P4,1,0.6535519901177608,1
28,P4,P4,Post_P4,1,0.6361804635179962,1
28,P4,P4,Post_P4,1,0.5362942206145428,1
28,P4,P4,Post_P4,1,0.6059544652706383,1
28,P4,P4,Post_P4,1,0.6170944697504039,1
28,P4,P4,Post_P4,1,0.5661913106574097,1
28,P4,P4,Post_P4,1,0.6295064069898846,1
28,P4,P4,Post_P4,1,0.6397189776303515,1
28,P4,P4,Post_P4,1,0.5887483691389277,1
28,P4,P4,Post_P4,1,0.6843490013682682,1
28,P4,P4,Post_P4,1,0.6090334020229844,1
28,P4,P4,Post_P4,1,0.6574352638481834,1
28,P4,P4,Post_P4,1,0.647887246595529,1
28,P4,P4,Post_P4,1,0.4606963782946755,0
28,P4,P4,Post_P4,1,0.6386753024905837,1
28,P4,P4,Post_P4,1,0.6550883259734455,1
28,P4,P4,Post_P4,1,0.5883667897598522,1
28,P4,P4,Post_P4,1,0.5494203922478843,1
28,P4,P4,Post_P4,1,0.6479973921035052,1
28,P4,P4,Post_P4,1,0.6180808237103398,1
28,P4,P4,Post_P4,1,0.5623926010279531,1
28,P4,P4,Post_P4,1,0.5665201662519339,1
28,P4,P4,Post_P4,1,0.5630615026404623,1
28,P4,P4,Post_P4,1,0.5873085347621929,1
28,P4,P4,Post_P4,1,0.585890048928143,1
28,P4,P4,Post_P4,1,0.6621063845873363,1
28,P4,P4,Post_P4,1,0.5687611224707004,1
28,P4,P4,Post_P4,1,0.6837934729296417,1
28,P4,P4,Post_P4,1,0.5717426275115832,1
28,P4,P4,Post_P4,1,0.630767688694354,1
28,P4,P4,Post_P4,1,0.5743862020015781,1
28,P4,P4,Post_P4,1,0.5970129457428275,1
28,P4,P4,Post_P4,1,0.6126880324337959,1
28,P4,P4,Post_P4,1,0.6176944418294835,1
28,P4,P4,Post_P4,1,0.6668843642355972,1
28,P4,P4,Post_P4,1,0.5000257223569747,1
28,P4,P4,Post_P4,1,0.668398419408497,1
28,P4,P4,Post_P4,1,0.6593515852845595,1
28,P4,P4,Post_P4,1,0.5954811351421333,1
28,P4,P4,Post_P4,1,0.6477855452086982,1
28,P4,P4,Post_P4,1,0.682776612088451,1
28,P4,P4,Post_P4,1,0.6822617054304072,1
28,P4,P4,Post_P4,1,0.6843490013682682,1
28,P4,P4,Post_P4,1,0.6531038496415983,1
28,P4,P4,Post_P4,1,0.6531038496415983,1
28,P4,P4,Post_P4,1,0.5858739276211178,1
28,P4,P4,Post_P4,1,0.6027128868682805,1
28,P4,P4,Post_P4,1,0.5989793464510824,1
28,P4,P4,Post_P4,1,0.6529923834573799,1
28,P4,P4,Post_P4,1,0.6445199629166941,1
28,P4,P4,Post_P4,1,0.6096431717221499,1
28,P4,P4,Post_P4,1,0.5697138607579516,1
28,P4,P4,Post_P4,1,0.6412683280067187,1
28,P4,P4,Post_P4,1,0.5472539951299155,1
28,P4,P4,Post_P4,1,0.5905832765128722,1
28,P4,P4,Post_P4,1,0.5797595917730526,1
28,P4,P4,Post_P4,1,0.6820603597455351,1
28,P4,P4,Post_P4,1,0.7223724208037317,1
28,P4,P4,Post_P4,1,0.5480083523628005,1
28,P4,P4,Post_P4,1,0.6631208608625127,1
28,P4,P4,Post_P4,1,0.6721156282064443,1
28,P4,P4,Post_P4,1,0.5629530047421671,1
28,P4,P4,Post_P4,1,0.4794638937387051,0
28,P4,P4,Post_P4,1,0.7113588890605269,1
28,P4,P4,Post_P4,1,0.5369074976341167,1
28,P4,P4,Post_P4,1,0.6324126465122388,1
28,P4,P4,Post_P4,1,0.5918035236355074,1
28,P4,P4,Post_P4,1,0.6468513358479717,1
28,P4,P4,Post_P4,1,0.6128849234137578,1
28,P4,P4,Post_P4,1,0.5910774464211321,1
28,P4,P4,Post_P4,1,0.5781478696758839,1
28,P4,P4,Post_P4,1,0.6572686612885649,1
28,P4,P4,Post_P4,1,0.7264622926550292,1
28,P4,P4,Post_P4,1,0.6792706887261688,1
28,P4,P4,Post_P4,1,0.6534226279833886,1
28,P4,P4,Post_P4,1,0.6660355559352154,1
28,P4,P4,Post_P4,1,0.6794319472795092,1
28,P4,P4,Post_P4,1,0.5770139697352769,1
28,P4,P4,Post_P4,1,0.5695364009371495,1
28,P4,P4,Post_P4,1,0.5990920722457715,1
28,P4,P4,Post_P4,1,0.6258975098027019,1
28,P4,P4,Post_P4,1,0.5813201726301767,1
28,P4,P4,Post_P4,1,0.5849980659293192,1
28,P4,P4,Post_P4,1,0.6274766154458176,1
28,P4,P4,Post_P4,1,0.6146620391375359,1
28,P4,P4,Post_P4,1,0.5968420776510679,1
28,P4,P4,Post_P4,1,0.6368930798838505,1
28,P4,P4,Post_P4,1,0.6460517304159286,1
28,P4,P4,Post_P4,1,0.6837934729296417,1
28,P4,P4,Post_P4,1,0.7053934801346207,1
28,P4,P4,Post_P4,1,0.6567752395985392,1
28,P4,P4,Post_P4,1,0.6496868391444032,1
28,P4,P4,Post_P4,1,0.5402598286426473,1
28,P4,P4,Post_P4,1,0.5476972439326654,1
28,P4,P4,Post_P4,1,0.6183756640340716,1
28,P4,P4,Post_P4,1,0.48516230886665096,0
28,P4,P4,Post_P4,1,0.6816594592579109,1
28,P4,P4,Post_P4,1,0.6512471266196528,1
28,P4,P4,Post_P4,1,0.6553924912643313,1
28,P4,P4,Post_P4,1,0.6261671863995526,1
28,P4,P4,Post_P4,1,0.6811728974780547,1
28,P4,P4,Post_P4,1,0.5952078648264466,1
28,P4,P4,Post_P4,1,0.612124977000721,1
28,P4,P4,Post_P4,1,0.6722171992422088,1
28,P4,P4,Post_P4,1,0.6571893304985773,1
28,P4,P4,Post_P4,1,0.5705328637213917,1
28,P4,P4,Post_P4,1,0.6401811725858183,1
28,P4,P4,Post_P4,1,0.5613906738167017,1
28,P4,P4,Post_P4,1,0.5685320450610306,1
28,P4,P4,Post_P4,1,0.6399733270472988,1
28,P4,P4,Post_P4,1,0.67068706103123,1
28,P4,P4,Post_P4,1,0.48939575148504727,0
28,P4,P4,Post_P4,1,0.6728210747029606,1
28,P4,P4,Post_P4,1,0.6172658287359282,1
28,P4,P4,Post_P4,1,0.6354706962704819,1
28,P4,P4,Post_P4,1,0.575693895301639,1
28,P4,P4,Post_P4,1,0.5469895279416498,1
28,P4,P4,Post_P4,1,0.5429256890835049,1
28,P4,P4,Post_P4,1,0.6271236511357708,1
28,P4,P4,Post_P4,1,0.5985613550882932,1
28,P4,P4,Post_P4,1,0.6040771333734537,1
28,P4,P4,Post_P4,1,0.6115098885841441,1
28,P4,P4,Post_P4,1,0.5768407342895493,1
28,P4,P4,Post_P4,1,0.6513283536401585,1
28,P4,P4,Post_P4,1,0.6008037035127803,1
28,P4,P4,Post_P4,1,0.6029270392447159,1
28,P4,P4,Post_P4,1,0.5532659954175879,1
28,P4,P4,Post_P4,1,0.587754593187459,1
28,P4,P4,Post_P4,1,0.6087490306510401,1
28,P4,P4,Post_P4,1,0.6008983591115991,1
28,P4,P4,Post_P4,1,0.5030788521182799,1
28,P4,P4,Post_P4,1,0.5529928182095161,1
28,P4,P4,Post_P4,1,0.6209356632780024,1
28,P4,P4,Post_P4,1,0.6732357324760812,1
28,P4,P4,Post_P4,1,0.6903150094222615,1
28,P4,P4,Post_P4,1,0.5597686908040398,1
28,P4,P4,Post_P4,1,0.5982634579225702,1
28,P4,P4,Post_P4,1,0.5334758467329463,1
28,P4,P4,Post_P4,1,0.5490827123715223,1
28,P4,P4,Post_P4,1,0.5849334650469322,1
28,P4,P4,Post_P4,1,0.5362768695865752,1
28,P4,P4,Post_P4,1,0.6402912489241079,1
28,P4,P4,Post_P4,1,0.567504948923048,1
28,P4,P4,Post_P4,1,0.5679781263423459,1
28,P4,P4,Post_P4,1,0.5763447835104564,1
28,P4,P4,Post_P4,1,0.5768311878935266,1
28,P4,P4,Post_P4,1,0.5943062282895958,1
28,P4,P4,Post_P4,1,0.6115100209654215,1
28,P4,P4,Post_P4,1,0.5437687088797373,1
28,P4,P4,Post_P4,1,0.6488199004868774,1
28,P4,P4,Post_P4,1,0.6417334171365185,1
28,P4,P4,Post_P4,1,0.6127665845940559,1
28,P4,P4,Post_P4,1,0.5732897835038694,1
28,P4,P4,Post_P4,1,0.5638673663229888,1
28,P4,P4,Post_P4,1,0.5702161533801193,1
28,P4,P4,Post_P4,1,0.553371396448475,1
28,P4,P4,Post_P4,1,0.640589195352893,1
28,P4,P4,Post_P4,1,0.583787404654231,1
28,P4,P4,Post_P4,1,0.4991734378363628,0
28,P4,P4,Post_P4,1,0.6262072319838232,1
28,P4,P4,Post_P4,1,0.570744567795761,1
28,P4,P4,Post_P4,1,0.6566733794479899,1
28,P4,P4,Post_P4,1,0.6503422373199951,1
28,P4,P4,Post_P4,1,0.5192088689445645,1
28,P4,P4,Post_P4,1,0.6226626200057712,1
28,P4,P4,Post_P4,1,0.6193410087699539,1
28,P4,P4,Post_P4,1,0.6187983808855549,1
28,P4,P4,Post_P4,1,0.5802330959413267,1
28,P4,P4,Post_P4,1,0.5814328179286626,1
28,P4,P4,Post_P4,1,0.5998102219968764,1
28,P4,P4,Post_P4,1,0.6069580751412769,1
28,P4,P4,Post_P4,1,0.618821074423727,1
28,P4,P4,Post_P4,1,0.5473600428022738,1
28,P4,P4,Post_P4,1,0.45741509234421246,0
28,P4,P4,Post_P4,1,0.6518362090712972,1
28,P4,P4,Post_P4,1,0.5734199582353446,1
28,P4,P4,Post_P4,1,0.5967247264310631,1
28,P4,P4,Post_P4,1,0.6352973959990548,1
28,P4,P4,Post_P4,1,0.5619310779216079,1
28,P4,P4,Post_P4,1,0.6140413337753498,1
28,P4,P4,Post_P4,1,0.5580813733960216,1
28,P4,P4,Post_P4,1,0.5422262950119292,1
28,P4,P4,Post_P4,1,0.5928639804889816,1
28,P4,P4,Post_P4,1,0.5416463379137061,1
28,P4,P4,Post_P4,1,0.5932524521904207,1
28,P4,P4,Post_P4,1,0.5684337157054019,1
28,P4,P4,Post_P4,1,0.5188813550498558,1
28,P4,P4,Post_P4,1,0.6541728551074544,1
28,P4,P4,Post_P4,1,0.5777527616184656,1
28,P4,P4,Post_P4,1,0.46008126795700405,0
28,P4,P4,Post_P4,1,0.624128979219562,1
28,P4,P4,Post_P4,1,0.5828158183276816,1
28,P4,P4,Post_P4,1,0.5845953244318555,1
28,P4,P4,Post_P4,1,0.6567668041631078,1
28,P4,P4,Post_P4,1,0.5636362204448018,1
28,P4,P4,Post_P4,1,0.5433462524869039,1
28,P4,P4,Post_P4,1,0.43785717467717516,0
28,P4,P4,Post_P4,1,0.6503933269957312,1
28,P4,P4,Post_P4,1,0.6402912489241079,1
28,P4,P4,Post_P4,1,0.6552906311137818,1
28,P4,P4,Post_P4,1,0.6321793795357675,1
28,P4,P4,Post_P4,1,0.6489948285332234,1
28,P4,P4,Post_P4,1,0.6242505819444507,1
28,P4,P4,Post_P4,1,0.6220531693090352,1
28,P4,P4,Post_P4,1,0.6399854805686589,1
28,P4,P4,Post_P4,1,0.622115395223162,1
28,P4,P4,Post_P4,1,0.5848482189033216,1
28,P4,P4,Post_P4,1,0.5561476102865812,1
28,P4,P4,Post_P4,1,0.5266486253222483,1
28,P4,P4,Post_P4,1,0.4928743871432781,0
28,P4,P4,Post_P4,1,0.6146133634346505,1
28,P4,P4,Post_P4,1,0.5438513454518594,1
28,P4,P4,Post_P4,1,0.6229411780472153,1
28,P4,P4,Post_P4,1,0.6337287841492665,1
28,P4,P4,Post_P4,1,0.6043654196442662,1
28,P4,P4,Post_P4,1,0.6118269416202439,1
28,P4,P4,Post_P4,1,0.6504142287506905,1
28,P4,P4,Post_P4,1,0.5823545360227944,1
28,P4,P4,Post_P4,1,0.5438484797742161,1
28,P4,P4,Post_P4,1,0.662296076335945,1
28,P4,P4,Post_P4,1,0.5471972022267187,1
28,P4,P4,Post_P4,1,0.6445538448247428,1
28,P4,P4,Post_P4,1,0.5871523666129236,1
28,P4,P4,Post_P4,1,0.628995589270581,1
28,P4,P4,Post_P4,1,0.436154507433636,0
28,P4,P4,Post_P4,1,0.6045876057777176,1
28,P4,P4,Post_P4,1,0.5751860307405657,1
28,P4,P4,Post_P4,1,0.482112794130844,0
28,P4,P4,Post_P4,1,0.467549187799732,0
28,P4,P4,Post_P4,1,0.5342577151191527,1
28,P4,P4,Post_P4,1,0.485268406993296,0
28,P4,P4,Post_P4,1,0.6152176724681268,1
28,P4,P4,Post_P4,1,0.6417550885601531,1
28,P4,P4,Post_P4,1,0.5767308215932659,1
28,P4,P4,Post_P4,1,0.5928197324084662,1
28,P4,P4,Post_P4,1,0.4955623976924775,0
28,P4,P4,Post_P4,1,0.5700044163465557,1
28,P4,P4,Post_P4,1,0.5277516865745352,1
28,P4,P4,Post_P4,1,0.6040559138226386,1
28,P4,P4,Post_P4,1,0.5986529597316927,1
28,P4,P4,Post_P4,1,0.5553089344339935,1
28,P4,P4,Post_P4,1,0.606304701728549,1
28,P4,P4,Post_P4,1,0.6121763069813091,1
28,P4,P4,Post_P4,1,0.5038332622953616,1
28,P4,P4,Post_P4,1,0.5889648444945573,1
28,P4,P4,Post_P4,1,0.5979890123534547,1
28,P4,P4,Post_P4,1,0.5843183919090443,1
28,P4,P4,Post_P4,1,0.5131760058090191,1
28,P4,P4,Post_P4,1,0.6784833553676973,1
28,P4,P4,Post_P4,1,0.6325298212824808,1
28,P4,P4,Post_P4,1,0.6180264807460398,1
28,P4,P4,Post_P4,1,0.528236339645651,1
28,P4,P4,Post_P4,1,0.6244536674098979,1
28,P4,P4,Post_P4,1,0.4799321194231064,0
28,P4,P4,Post_P4,1,0.6002018739683306,1
28,P4,P4,Post_P4,1,0.5921319758524323,1
28,P4,P4,Post_P4,1,0.585107780268166,1
28,P4,P4,Post_P4,1,0.6114575470616437,1
28,P4,P4,Post_P4,1,0.5188255170019158,1
28,P4,P4,Post_P4,1,0.6357091488313384,1
28,P4,P4,Post_P4,1,0.6591703067889154,1
28,P4,P4,Post_P4,1,0.5743861631641258,1
28,P4,P4,Post_P4,1,0.6385817175539957,1
28,P4,P4,Post_P4,1,0.5512400907225465,1
28,P4,P4,Post_P4,1,0.5795680129964093,1
28,P4,P4,Post_P4,1,0.5504566748724912,1
28,P4,P4,Post_P4,1,0.6388937270421874,1
28,P4,P4,Post_P4,1,0.603875335265528,1
28,P4,P4,Post_P4,1,0.6396155446839892,1
28,P4,P4,Post_P4,1,0.6305972735262972,1
28,P4,P4,Post_P4,1,0.6523206463873121,1
28,P4,P4,Post_P4,1,0.5211197134137338,1
28,P4,P4,Post_P4,1,0.5198667233903849,1
28,P4,P4,Post_P4,1,0.5964043204931133,1
28,P4,P4,Post_P4,1,0.591680374570966,1
28,P4,P4,Post_P4,1,0.5749313874572304,1
28,P4,P4,Post_P4,1,0.6108760441370547,1
28,P4,P4,Post_P4,1,0.5379656293910612,1
28,P4,P4,Post_P4,1,0.6567952236152521,1
28,P4,P4,Post_P4,1,0.640182557457659,1
28,P4,P4,Post_P4,1,0.5810113666386403,1
28,P4,P4,Post_P4,1,0.5903579032472962,1
28,P4,P4,Post_P4,1,0.5280818004181922,1
28,P4,P4,Post_P4,1,0.6188440311214016,1
28,P4,P4,Post_P4,1,0.5994618035127568,1
28,P4,P4,Post_P4,1,0.5798030300830586,1
28,P4,P4,Post_P4,1,0.6016698930572784,1
28,P4,P4,Post_P4,1,0.6180492694544747,1
28,P4,P4,Post_P4,1,0.5533812529414386,1
28,P4,P4,Post_P4,1,0.6112897810509328,1
28,P4,P4,Post_P4,1,0.5868138379280349,1
28,P4,P4,Post_P4,1,0.4986680416080069,0
28,P4,P4,Post_P4,1,0.630403339719353,1
28,P4,P4,Post_P4,1,0.5695604304392439,1
28,P4,P4,Post_P4,1,0.6572462382361329,1
28,P4,P4,Post_P4,1,0.6294406327216239,1
28,P4,P4,Post_P4,1,0.5831802322536231,1
28,P4,P4,Post_P4,1,0.5069065751207671,1
28,P4,P4,Post_P4,1,0.5632412641301254,1
28,P4,P4,Post_P4,1,0.5879545059752805,1
28,P4,P4,Post_P4,1,0.5985412331675192,1
28,P4,P4,Post_P4,1,0.5970426624391959,1
28,P4,P4,Post_P4,1,0.557772012716642,1
28,P4,P4,Post_P4,1,0.5284281022680183,1
28,P4,P4,Post_P4,1,0.5257508650787251,1
28,P4,P4,Post_P4,1,0.6633665964852052,1
28,P4,P4,Post_P4,1,0.5414875122770637,1
28,P4,P4,Post_P4,1,0.6914857142076343,1
28,P4,P4,Post_P4,1,0.6439522491227353,1
28,P4,P4,Post_P4,1,0.5780996084091188,1
28,P4,P4,Post_P4,1,0.6422452357648052,1
28,P4,P4,Post_P4,1,0.5844791512711546,1
28,P4,P4,Post_P4,1,0.5781463754443529,1
28,P4,P4,Post_P4,1,0.6816594592579109,1
28,P4,P4,Post_P4,1,0.5816702625712558,1
28,P4,P4,Post_P4,1,0.5739062254866871,1
28,P4,P4,Post_P4,1,0.5892381470199799,1
28,P4,P4,Post_P4,1,0.5834260961514826,1
28,P4,P4,Post_P4,1,0.522093811236644,1
28,P4,P4,Post_P4,1,0.6082172129610809,1
28,P4,P4,Post_P4,1,0.5299537724224377,1
28,P4,P4,Post_P4,1,0.6061593666550247,1
28,P4,P4,Post_P4,1,0.5820423335973938,1
28,P4,P4,Post_P4,1,0.6614258986765792,1
28,P4,P4,Post_P4,1,0.5582709717480194,1
28,P4,P4,Post_P4,1,0.5899877095451704,1
28,P4,P4,Post_P4,1,0.5957894392875455,1
28,P4,P4,Post_P4,1,0.5382918448275573,1
28,P4,P4,Post_P4,1,0.6125057378724895,1
28,P4,P4,Post_P4,1,0.6169062023114118,1
28,P4,P4,Post_P4,1,0.5045132037635232,1
28,P4,P4,Post_P4,1,0.5659771298404263,1
28,P4,P4,Post_P4,1,0.5552932669012478,1
28,P4,P4,Post_P4,1,0.5067406245970606,1
28,P4,P4,Post_P4,1,0.5875483230315487,1
28,P4,P4,Post_P4,1,0.4893624298214212,0
28,P4,P4,Post_P4,1,0.4884239544376162,0
28,P4,P4,Post_P4,1,0.5768061106211237,1
28,P4,P4,Post_P4,1,0.6046693206122614,1
28,P4,P4,Post_P4,1,0.5271003104992137,1
28,P4,P4,Post_P4,1,0.629096400870619,1
28,P4,P4,Post_P4,1,0.6132399009595896,1
28,P4,P4,Post_P4,1,0.5935748633344319,1
28,P4,P4,Post_P4,1,0.4883764005485791,0
28,P4,P4,Post_P4,1,0.6277099601498458,1
28,P4,P4,Post_P4,1,0.5247627701549882,1
28,P4,P4,Post_P4,1,0.5536066431081422,1
28,P4,P4,Post_P4,1,0.5729752917862201,1
28,P4,P4,Post_P4,1,0.612919957116699,1
28,P4,P4,Post_P4,1,0.6090181635170508,1
28,P4,P4,Post_P4,1,0.5629303346709097,1
28,P4,P4,Post_P4,1,0.6387098418752644,1
28,P4,P4,Post_P4,1,0.5481292926717299,1
28,P4,P4,Post_P4,1,0.6483490199531895,1
28,P4,P4,Post_P4,1,0.5695002315266472,1
28,P4,P4,Post_P4,1,0.6490428954708207,1
28,P4,P4,Post_P4,1,0.49549671057279443,0
28,P4,P4,Post_P4,1,0.49246728287889224,0
28,P4,P4,Post_P4,1,0.5521365999973599,1
28,P4,P4,Post_P4,1,0.6288043987582836,1
28,P4,P4,Post_P4,1,0.5838851015176013,1
28,P4,P4,Post_P4,1,0.6600195638217534,1
28,P4,P4,Post_P4,1,0.663572715648949,1
28,P4,P4,Post_P4,1,0.5697979171684252,1
28,P4,P4,Post_P4,1,0.6302994789869312,1
28,P4,P4,Post_P4,1,0.5924967467611741,1
28,P4,P4,Post_P4,1,0.6021598676762135,1
28,P4,P4,Post_P4,1,0.5611455586483667,1
28,P4,P4,Post_P4,1,0.4734487492763657,0
29,P5,P5,Post_P5,0,0.19082092517699875,0
29,P5,P5,Post_P5,0,0.14281364526550624,0
29,P5,P5,Post_P5,0,0.3399905904891706,0
29,P5,P5,Post_P5,0,0.190177293476959,0
29,P5,P5,Post_P5,0,0.21448511626977612,0
29,P5,P5,Post_P5,0,0.3950078263931018,0
29,P5,P5,Post_P5,0,0.3868224744481078,0
29,P5,P5,Post_P5,0,0.3338040427767246,0
29,P5,P5,Post_P5,0,0.24388168256396334,0
29,P5,P5,Post_P5,0,0.5050458322895411,1
29,P5,P5,Post_P5,0,0.33196576625634394,0
29,P5,P5,Post_P5,0,0.17853446421050373,0
29,P5,P5,Post_P5,0,0.14471504111562722,0
29,P5,P5,Post_P5,0,0.16729365156051276,0
29,P5,P5,Post_P5,0,0.14859740401794164,0
29,P5,P5,Post_P5,0,0.24293125163980742,0
29,P5,P5,Post_P5,0,0.20702394025289725,0
29,P5,P5,Post_P5,0,0.19217427472301737,0
29,P5,P5,Post_P5,0,0.13790433710132205,0
29,P5,P5,Post_P5,0,0.2284489580941448,0
29,P5,P5,Post_P5,0,0.21163035627783797,0
29,P5,P5,Post_P5,0,0.16592281724622984,0
29,P5,P5,Post_P5,0,0.3511069642069595,0
29,P5,P5,Post_P5,0,0.21958086075145794,0
29,P5,P5,Post_P5,0,0.17506512647426647,0
29,P5,P5,Post_P5,0,0.1852648600498298,0
29,P5,P5,Post_P5,0,0.2591652450573937,0
29,P5,P5,Post_P5,0,0.353400569769554,0
29,P5,P5,Post_P5,0,0.25370488501904914,0
29,P5,P5,Post_P5,0,0.6433983360447332,1
29,P5,P5,Post_P5,0,0.18292392850378134,0
29,P5,P5,Post_P5,0,0.1968660662981513,0
29,P5,P5,Post_P5,0,0.6134224103917885,1
29,P5,P5,Post_P5,0,0.20826188813040394,0
29,P5,P5,Post_P5,0,0.14183931981099088,0
29,P5,P5,Post_P5,0,0.2127487075445086,0
29,P5,P5,Post_P5,0,0.23392365003615648,0
29,P5,P5,Post_P5,0,0.17731411764515884,0
29,P5,P5,Post_P5,0,0.1895495995650378,0
29,P5,P5,Post_P5,0,0.227152728277018,0
29,P5,P5,Post_P5,0,0.22097316392395774,0
29,P5,P5,Post_P5,0,0.17555552598093488,0
29,P5,P5,Post_P5,0,0.45162118334447743,0
29,P5,P5,Post_P5,0,0.40854341799571386,0
29,P5,P5,Post_P5,0,0.15159611816348365,0
29,P5,P5,Post_P5,0,0.550704616212671,1
29,P5,P5,Post_P5,0,0.47584946576230225,0
29,P5,P5,Post_P5,0,0.25420326683691613,0
29,P5,P5,Post_P5,0,0.17678835466216097,0
29,P5,P5,Post_P5,0,0.18564490369825776,0
29,P5,P5,Post_P5,0,0.44695246534264266,0
29,P5,P5,Post_P5,0,0.44696773788759436,0
29,P5,P5,Post_P5,0,0.19529876698328483,0
29,P5,P5,Post_P5,0,0.446211052623451,0
29,P5,P5,Post_P5,0,0.20370460358452894,0
29,P5,P5,Post_P5,0,0.32581731447611306,0
29,P5,P5,Post_P5,0,0.1772565926272547,0
29,P5,P5,Post_P5,0,0.3848339249394482,0
29,P5,P5,Post_P5,0,0.18802759908842348,0
29,P5,P5,Post_P5,0,0.22823811613476724,0
29,P5,P5,Post_P5,0,0.35994270619420743,0
29,P5,P5,Post_P5,0,0.18846427635197743,0
29,P5,P5,Post_P5,0,0.415434219560364,0
29,P5,P5,Post_P5,0,0.19439023291140606,0
29,P5,P5,Post_P5,0,0.27492196677061975,0
29,P5,P5,Post_P5,0,0.5169548441244713,1
29,P5,P5,Post_P5,0,0.12612716001264415,0
29,P5,P5,Post_P5,0,0.1735024900842693,0
29,P5,P5,Post_P5,0,0.20480879014326084,0
29,P5,P5,Post_P5,0,0.3361885498109081,0
29,P5,P5,Post_P5,0,0.28110626438108,0
29,P5,P5,Post_P5,0,0.188129687521668,0
29,P5,P5,Post_P5,0,0.16900776955374808,0
29,P5,P5,Post_P5,0,0.17700615033066255,0
29,P5,P5,Post_P5,0,0.1671099341494394,0
29,P5,P5,Post_P5,0,0.3805258674358892,0
29,P5,P5,Post_P5,0,0.1803704869790512,0
29,P5,P5,Post_P5,0,0.3388419603114633,0
29,P5,P5,Post_P5,0,0.1834568542562735,0
29,P5,P5,Post_P5,0,0.21545086149340803,0
29,P5,P5,Post_P5,0,0.20220475421922868,0
29,P5,P5,Post_P5,0,0.4053069179617611,0
29,P5,P5,Post_P5,0,0.367615031842773,0
29,P5,P5,Post_P5,0,0.16656309908348288,0
29,P5,P5,Post_P5,0,0.6658357004640705,1
29,P5,P5,Post_P5,0,0.49648072194298426,0
29,P5,P5,Post_P5,0,0.7034928528705409,1
29,P5,P5,Post_P5,0,0.14444255823402988,0
29,P5,P5,Post_P5,0,0.1738544308690495,0
29,P5,P5,Post_P5,0,0.19994094657627082,0
29,P5,P5,Post_P5,0,0.16362200513917502,0
29,P5,P5,Post_P5,0,0.2099755806025787,0
29,P5,P5,Post_P5,0,0.2613063284199235,0
29,P5,P5,Post_P5,0,0.22770660030998888,0
29,P5,P5,Post_P5,0,0.16008574555942523,0
29,P5,P5,Post_P5,0,0.17387613737336516,0
29,P5,P5,Post_P5,0,0.21888037879932443,0
29,P5,P5,Post_P5,0,0.19766812925598454,0
29,P5,P5,Post_P5,0,0.19748231879907224,0
29,P5,P5,Post_P5,0,0.4153704380584998,0
29,P5,P5,Post_P5,0,0.3522860546272649,0
29,P5,P5,Post_P5,0,0.47167317711076495,0
29,P5,P5,Post_P5,0,0.18398083555717687,0
29,P5,P5,Post_P5,0,0.1909858833509022,0
29,P5,P5,Post_P5,0,0.13719195218542043,0
29,P5,P5,Post_P5,0,0.23512907517646875,0
29,P5,P5,Post_P5,0,0.22731083087395929,0
29,P5,P5,Post_P5,0,0.36770993472947217,0
29,P5,P5,Post_P5,0,0.19179942577205386,0
29,P5,P5,Post_P5,0,0.20657532645039173,0
29,P5,P5,Post_P5,0,0.5099832590573402,1
29,P5,P5,Post_P5,0,0.1510824884980811,0
29,P5,P5,Post_P5,0,0.36288854354893657,0
29,P5,P5,Post_P5,0,0.16834908842160468,0
29,P5,P5,Post_P5,0,0.19748053555936418,0
29,P5,P5,Post_P5,0,0.3935472982240483,0
29,P5,P5,Post_P5,0,0.2670643366012177,0
29,P5,P5,Post_P5,0,0.30387313130858334,0
29,P5,P5,Post_P5,0,0.2710378674960172,0
29,P5,P5,Post_P5,0,0.2036535771847499,0
29,P5,P5,Post_P5,0,0.15777478908626408,0
29,P5,P5,Post_P5,0,0.35569504341523694,0
29,P5,P5,Post_P5,0,0.1710631033914618,0
29,P5,P5,Post_P5,0,0.3340960806872416,0
29,P5,P5,Post_P5,0,0.15846337320463738,0
29,P5,P5,Post_P5,0,0.13710174519858398,0
29,P5,P5,Post_P5,0,0.4563420864579825,0
29,P5,P5,Post_P5,0,0.19904778930687533,0
29,P5,P5,Post_P5,0,0.3055202146480754,0
29,P5,P5,Post_P5,0,0.16594972131284438,0
29,P5,P5,Post_P5,0,0.5205077538296362,1
29,P5,P5,Post_P5,0,0.2076220235193416,0
29,P5,P5,Post_P5,0,0.4610476892831764,0
29,P5,P5,Post_P5,0,0.18620086600023725,0
29,P5,P5,Post_P5,0,0.2248595352704543,0
29,P5,P5,Post_P5,0,0.249155378061495,0
29,P5,P5,Post_P5,0,0.21184002835716606,0
29,P5,P5,Post_P5,0,0.38224238305666297,0
29,P5,P5,Post_P5,0,0.596000134069541,1
29,P5,P5,Post_P5,0,0.17383702267233536,0
29,P5,P5,Post_P5,0,0.16760746932853623,0
29,P5,P5,Post_P5,0,0.20710257233610588,0
29,P5,P5,Post_P5,0,0.24376954543087387,0
29,P5,P5,Post_P5,0,0.3001117074660901,0
29,P5,P5,Post_P5,0,0.39480431942817357,0
29,P5,P5,Post_P5,0,0.41049539109739086,0
29,P5,P5,Post_P5,0,0.42572361683505816,0
29,P5,P5,Post_P5,0,0.18966437890827154,0
29,P5,P5,Post_P5,0,0.20234345521394098,0
29,P5,P5,Post_P5,0,0.2534724259095353,0
29,P5,P5,Post_P5,0,0.18159834528652657,0
29,P5,P5,Post_P5,0,0.17237982404943272,0
29,P5,P5,Post_P5,0,0.19269424197986926,0
29,P5,P5,Post_P5,0,0.40862822007710226,0
29,P5,P5,Post_P5,0,0.5282229714960791,1
29,P5,P5,Post_P5,0,0.19393825970130962,0
29,P5,P5,Post_P5,0,0.21441974976787828,0
29,P5,P5,Post_P5,0,0.2152742216664825,0
29,P5,P5,Post_P5,0,0.17813056283157838,0
29,P5,P5,Post_P5,0,0.6682995589120027,1
29,P5,P5,Post_P5,0,0.17644786452940292,0
29,P5,P5,Post_P5,0,0.4071585694161941,0
29,P5,P5,Post_P5,0,0.5872730059165805,1
29,P5,P5,Post_P5,0,0.19680050094853094,0
29,P5,P5,Post_P5,0,0.20189073429259305,0
29,P5,P5,Post_P5,0,0.3157579047746033,0
29,P5,P5,Post_P5,0,0.33526857441744823,0
29,P5,P5,Post_P5,0,0.47677570741038844,0
29,P5,P5,Post_P5,0,0.3290896436961347,0
29,P5,P5,Post_P5,0,0.4575883994442204,0
29,P5,P5,Post_P5,0,0.2848826827475514,0
29,P5,P5,Post_P5,0,0.2765436335612042,0
29,P5,P5,Post_P5,0,0.26473064633408694,0
29,P5,P5,Post_P5,0,0.22239815817572828,0
29,P5,P5,Post_P5,0,0.4784789120070217,0
29,P5,P5,Post_P5,0,0.15787613294804256,0
29,P5,P5,Post_P5,0,0.43503019449168734,0
29,P5,P5,Post_P5,0,0.19753935338274078,0
29,P5,P5,Post_P5,0,0.15523353365180112,0
29,P5,P5,Post_P5,0,0.21549153555775397,0
29,P5,P5,Post_P5,0,0.3874223380439711,0
29,P5,P5,Post_P5,0,0.1413179882163511,0
29,P5,P5,Post_P5,0,0.4000510011529362,0
29,P5,P5,Post_P5,0,0.17142266832450723,0
29,P5,P5,Post_P5,0,0.18540053054249975,0
29,P5,P5,Post_P5,0,0.2030097677840829,0
29,P5,P5,Post_P5,0,0.20245366312603502,0
29,P5,P5,Post_P5,0,0.23428337457901982,0
29,P5,P5,Post_P5,0,0.2374550344715945,0
29,P5,P5,Post_P5,0,0.16930639577905723,0
29,P5,P5,Post_P5,0,0.4104691602144711,0
29,P5,P5,Post_P5,0,0.1761140763478159,0
29,P5,P5,Post_P5,0,0.46194317240895594,0
29,P5,P5,Post_P5,0,0.23238610624820238,0
29,P5,P5,Post_P5,0,0.17758476760088696,0
29,P5,P5,Post_P5,0,0.19878694470996985,0
29,P5,P5,Post_P5,0,0.38231859982858923,0
29,P5,P5,Post_P5,0,0.23054700842423761,0
29,P5,P5,Post_P5,0,0.517417155267811,1
29,P5,P5,Post_P5,0,0.18902183040956694,0
29,P5,P5,Post_P5,0,0.17593988775225827,0
29,P5,P5,Post_P5,0,0.21196191117692909,0
29,P5,P5,Post_P5,0,0.20304604797868064,0
29,P5,P5,Post_P5,0,0.22445415918214803,0
29,P5,P5,Post_P5,0,0.5203153637120003,1
29,P5,P5,Post_P5,0,0.49011724659145695,0
29,P5,P5,Post_P5,0,0.21634711141092205,0
29,P5,P5,Post_P5,0,0.565749733962451,1
29,P5,P5,Post_P5,0,0.1807477630002144,0
29,P5,P5,Post_P5,0,0.2511633853679907,0
29,P5,P5,Post_P5,0,0.4345828955143454,0
29,P5,P5,Post_P5,0,0.2116876561528979,0
29,P5,P5,Post_P5,0,0.23634952167783868,0
29,P5,P5,Post_P5,0,0.36626305342312937,0
29,P5,P5,Post_P5,0,0.21987291913928378,0
29,P5,P5,Post_P5,0,0.42534140078278004,0
29,P5,P5,Post_P5,0,0.19182878120509306,0
29,P5,P5,Post_P5,0,0.6188019294153206,1
29,P5,P5,Post_P5,0,0.3528851679256066,0
29,P5,P5,Post_P5,0,0.12972538143548748,0
29,P5,P5,Post_P5,0,0.5915491482921518,1
29,P5,P5,Post_P5,0,0.18309150300421853,0
29,P5,P5,Post_P5,0,0.16122280463998898,0
29,P5,P5,Post_P5,0,0.20639854563009352,0
29,P5,P5,Post_P5,0,0.15942923888569205,0
29,P5,P5,Post_P5,0,0.15424330330658276,0
29,P5,P5,Post_P5,0,0.22932733631399052,0
29,P5,P5,Post_P5,0,0.23500678696188365,0
29,P5,P5,Post_P5,0,0.18298677858867246,0
29,P5,P5,Post_P5,0,0.23744145183185175,0
29,P5,P5,Post_P5,0,0.1880617999954233,0
29,P5,P5,Post_P5,0,0.24907272969674657,0
29,P5,P5,Post_P5,0,0.14162941888468297,0
29,P5,P5,Post_P5,0,0.3407372438710934,0
29,P5,P5,Post_P5,0,0.23979983569927718,0
29,P5,P5,Post_P5,0,0.2011414678369553,0
29,P5,P5,Post_P5,0,0.4635002569921767,0
29,P5,P5,Post_P5,0,0.21382337851265643,0
29,P5,P5,Post_P5,0,0.2031736866625341,0
29,P5,P5,Post_P5,0,0.19960716447412455,0
29,P5,P5,Post_P5,0,0.44761192195519844,0
29,P5,P5,Post_P5,0,0.2847000738611427,0
29,P5,P5,Post_P5,0,0.18198062003546817,0
29,P5,P5,Post_P5,0,0.2203062181609363,0
29,P5,P5,Post_P5,0,0.16877189303177478,0
29,P5,P5,Post_P5,0,0.18030960082709518,0
29,P5,P5,Post_P5,0,0.3503626183572008,0
29,P5,P5,Post_P5,0,0.16251046474080508,0
29,P5,P5,Post_P5,0,0.20854318653627876,0
29,P5,P5,Post_P5,0,0.20466803623078858,0
29,P5,P5,Post_P5,0,0.2573295530871973,0
29,P5,P5,Post_P5,0,0.22058275961121454,0
29,P5,P5,Post_P5,0,0.40653396636951455,0
29,P5,P5,Post_P5,0,0.22917431145136402,0
29,P5,P5,Post_P5,0,0.15028769045406984,0
29,P5,P5,Post_P5,0,0.37719581365070837,0
29,P5,P5,Post_P5,0,0.15949184764928018,0
29,P5,P5,Post_P5,0,0.31759853189838255,0
29,P5,P5,Post_P5,0,0.1861093032570945,0
29,P5,P5,Post_P5,0,0.4457248581296301,0
29,P5,P5,Post_P5,0,0.14843065911364664,0
29,P5,P5,Post_P5,0,0.21636479252877214,0
29,P5,P5,Post_P5,0,0.18380897790680242,0
29,P5,P5,Post_P5,0,0.6704517828419997,1
29,P5,P5,Post_P5,0,0.26624940481949877,0
29,P5,P5,Post_P5,0,0.17706339775392788,0
29,P5,P5,Post_P5,0,0.2124503048477913,0
29,P5,P5,Post_P5,0,0.1896541947251069,0
29,P5,P5,Post_P5,0,0.24499952766425231,0
29,P5,P5,Post_P5,0,0.1789741983098835,0
29,P5,P5,Post_P5,0,0.1814096870506232,0
29,P5,P5,Post_P5,0,0.3951285422017494,0
29,P5,P5,Post_P5,0,0.19653626702814572,0
29,P5,P5,Post_P5,0,0.14378776721181646,0
29,P5,P5,Post_P5,0,0.24962008470089114,0
29,P5,P5,Post_P5,0,0.21128212895052212,0
29,P5,P5,Post_P5,0,0.20429521255522803,0
29,P5,P5,Post_P5,0,0.1734709758405522,0
29,P5,P5,Post_P5,0,0.1710311005151953,0
29,P5,P5,Post_P5,0,0.13313409064666126,0
29,P5,P5,Post_P5,0,0.1828081779954796,0
29,P5,P5,Post_P5,0,0.4348558657961137,0
29,P5,P5,Post_P5,0,0.3853732424263432,0
29,P5,P5,Post_P5,0,0.19242383210130376,0
29,P5,P5,Post_P5,0,0.5151851271962793,1
29,P5,P5,Post_P5,0,0.41741597095193816,0
29,P5,P5,Post_P5,0,0.21361400640543715,0
29,P5,P5,Post_P5,0,0.19387341183926038,0
29,P5,P5,Post_P5,0,0.3489839458048679,0
29,P5,P5,Post_P5,0,0.16507594145938406,0
29,P5,P5,Post_P5,0,0.1503983719724077,0
29,P5,P5,Post_P5,0,0.1487925399056487,0
29,P5,P5,Post_P5_2,1,0.6039958779409611,1
29,P5,P5,Post_P5_2,1,0.631066021313842,1
29,P5,P5,Post_P5_2,1,0.5733466226231417,1
29,P5,P5,Post_P5_2,1,0.6256145412107843,1
29,P5,P5,Post_P5_2,1,0.5960281054483522,1
29,P5,P5,Post_P5_2,1,0.5117493819859391,1
29,P5,P5,Post_P5_2,1,0.35481211392479955,0
29,P5,P5,Post_P5_2,1,0.5843361191365694,1
29,P5,P5,Post_P5_2,1,0.6156802284776152,1
29,P5,P5,Post_P5_2,1,0.6080744895019236,1
29,P5,P5,Post_P5_2,1,0.5863126769061607,1
29,P5,P5,Post_P5_2,1,0.6416202465430818,1
29,P5,P5,Post_P5_2,1,0.5889754618990145,1
29,P5,P5,Post_P5_2,1,0.5773542897826359,1
29,P5,P5,Post_P5_2,1,0.6052306568944704,1
29,P5,P5,Post_P5_2,1,0.551709600513562,1
29,P5,P5,Post_P5_2,1,0.6527330526206108,1
29,P5,P5,Post_P5_2,1,0.5446863616777452,1
29,P5,P5,Post_P5_2,1,0.7121041258852842,1
29,P5,P5,Post_P5_2,1,0.586566127677435,1
29,P5,P5,Post_P5_2,1,0.5778866926611752,1
29,P5,P5,Post_P5_2,1,0.4937406622314473,0
29,P5,P5,Post_P5_2,1,0.5860600381432837,1
29,P5,P5,Post_P5_2,1,0.5667294098289666,1
29,P5,P5,Post_P5_2,1,0.6185340550957735,1
29,P5,P5,Post_P5_2,1,0.6051836428141524,1
29,P5,P5,Post_P5_2,1,0.5729319463194859,1
29,P5,P5,Post_P5_2,1,0.6238652807927945,1
29,P5,P5,Post_P5_2,1,0.6458345144628487,1
29,P5,P5,Post_P5_2,1,0.5463390898862274,1
29,P5,P5,Post_P5_2,1,0.5941676166496505,1
29,P5,P5,Post_P5_2,1,0.5441617572976339,1
29,P5,P5,Post_P5_2,1,0.5585448871060104,1
29,P5,P5,Post_P5_2,1,0.5510484823687848,1
29,P5,P5,Post_P5_2,1,0.5586636013014927,1
29,P5,P5,Post_P5_2,1,0.5898442444697255,1
29,P5,P5,Post_P5_2,1,0.5009354331961015,1
29,P5,P5,Post_P5_2,1,0.614423828080938,1
29,P5,P5,Post_P5_2,1,0.610263016112024,1
29,P5,P5,Post_P5_2,1,0.5286888311630813,1
29,P5,P5,Post_P5_2,1,0.3674155638493502,0
29,P5,P5,Post_P5_2,1,0.5009321083546048,1
29,P5,P5,Post_P5_2,1,0.6204402044711695,1
29,P5,P5,Post_P5_2,1,0.5560106813583936,1
29,P5,P5,Post_P5_2,1,0.7136366685733119,1
29,P5,P5,Post_P5_2,1,0.5716006023460338,1
29,P5,P5,Post_P5_2,1,0.6228996468424302,1
29,P5,P5,Post_P5_2,1,0.6095253094992785,1
29,P5,P5,Post_P5_2,1,0.49395415728228875,0
29,P5,P5,Post_P5_2,1,0.6314630705823391,1
29,P5,P5,Post_P5_2,1,0.5555847578606791,1
29,P5,P5,Post_P5_2,1,0.5009557787543797,1
29,P5,P5,Post_P5_2,1,0.5349343991382757,1
29,P5,P5,Post_P5_2,1,0.37825757113257913,0
29,P5,P5,Post_P5_2,1,0.5594047411875005,1
29,P5,P5,Post_P5_2,1,0.6081311003386477,1
29,P5,P5,Post_P5_2,1,0.5530923549544865,1
29,P5,P5,Post_P5_2,1,0.4796200946078854,0
29,P5,P5,Post_P5_2,1,0.5523111891125732,1
29,P5,P5,Post_P5_2,1,0.5970519905212774,1
29,P5,P5,Post_P5_2,1,0.59337236770272,1
29,P5,P5,Post_P5_2,1,0.5667822508253209,1
29,P5,P5,Post_P5_2,1,0.619455369041815,1
29,P5,P5,Post_P5_2,1,0.563398902230593,1
29,P5,P5,Post_P5_2,1,0.6152818701816721,1
29,P5,P5,Post_P5_2,1,0.5583596823661825,1
29,P5,P5,Post_P5_2,1,0.5803295171897811,1
29,P5,P5,Post_P5_2,1,0.5560149325452373,1
29,P5,P5,Post_P5_2,1,0.5410040423161375,1
29,P5,P5,Post_P5_2,1,0.48120485289622444,0
29,P5,P5,Post_P5_2,1,0.564022177560233,1
29,P5,P5,Post_P5_2,1,0.6116720773049646,1
29,P5,P5,Post_P5_2,1,0.47905894296893875,0
29,P5,P5,Post_P5_2,1,0.5735370551046042,1
29,P5,P5,Post_P5_2,1,0.5886779675895727,1
29,P5,P5,Post_P5_2,1,0.5818604363815021,1
29,P5,P5,Post_P5_2,1,0.6184727564451749,1
29,P5,P5,Post_P5_2,1,0.5164993490507966,1
29,P5,P5,Post_P5_2,1,0.4926017507327697,0
29,P5,P5,Post_P5_2,1,0.5787353340927524,1
29,P5,P5,Post_P5_2,1,0.5534654772650525,1
29,P5,P5,Post_P5_2,1,0.6099309778528881,1
29,P5,P5,Post_P5_2,1,0.616712335738906,1
29,P5,P5,Post_P5_2,1,0.49801619017653487,0
29,P5,P5,Post_P5_2,1,0.583473512568648,1
29,P5,P5,Post_P5_2,1,0.5402902218902664,1
29,P5,P5,Post_P5_2,1,0.6081198498354735,1
29,P5,P5,Post_P5_2,1,0.609451782352523,1
29,P5,P5,Post_P5_2,1,0.6361165923990598,1
29,P5,P5,Post_P5_2,1,0.5031942515195413,1
29,P5,P5,Post_P5_2,1,0.5781707781022677,1
29,P5,P5,Post_P5_2,1,0.5979678534718635,1
29,P5,P5,Post_P5_2,1,0.5175148539854868,1
29,P5,P5,Post_P5_2,1,0.57946617500211,1
29,P5,P5,Post_P5_2,1,0.6176435891246117,1
29,P5,P5,Post_P5_2,1,0.6050402359930256,1
29,P5,P5,Post_P5_2,1,0.5574199693321233,1
29,P5,P5,Post_P5_2,1,0.6592984649181854,1
29,P5,P5,Post_P5_2,1,0.6425215828551087,1
29,P5,P5,Post_P5_2,1,0.5789256167551862,1
29,P5,P5,Post_P5_2,1,0.512750687403534,1
29,P5,P5,Post_P5_2,1,0.5780210666025177,1
29,P5,P5,Post_P5_2,1,0.6457714278610113,1
29,P5,P5,Post_P5_2,1,0.5792344583824791,1
29,P5,P5,Post_P5_2,1,0.6117400920291475,1
29,P5,P5,Post_P5_2,1,0.476219473425844,0
29,P5,P5,Post_P5_2,1,0.4566620918314879,0
29,P5,P5,Post_P5_2,1,0.5428757090779986,1
29,P5,P5,Post_P5_2,1,0.5877835241280668,1
29,P5,P5,Post_P5_2,1,0.5935782084427554,1
29,P5,P5,Post_P5_2,1,0.6331233783325525,1
29,P5,P5,Post_P5_2,1,0.5940077543442545,1
29,P5,P5,Post_P5_2,1,0.616649570142729,1
29,P5,P5,Post_P5_2,1,0.5859116920694645,1
29,P5,P5,Post_P5_2,1,0.5408859320703348,1
29,P5,P5,Post_P5_2,1,0.5539885375576961,1
29,P5,P5,Post_P5_2,1,0.6119013035415548,1
29,P5,P5,Post_P5_2,1,0.6095316101481325,1
29,P5,P5,Post_P5_2,1,0.48838802887820926,0
29,P5,P5,Post_P5_2,1,0.3844952738294893,0
29,P5,P5,Post_P5_2,1,0.5204921105471363,1
29,P5,P5,Post_P5_2,1,0.5770959684284583,1
29,P5,P5,Post_P5_2,1,0.6196977787913036,1
29,P5,P5,Post_P5_2,1,0.6015534762534914,1
29,P5,P5,Post_P5_2,1,0.5677749720442701,1
29,P5,P5,Post_P5_2,1,0.6358113829650167,1
29,P5,P5,Post_P5_2,1,0.5142621327559715,1
29,P5,P5,Post_P5_2,1,0.5578334807717393,1
29,P5,P5,Post_P5_2,1,0.5047315477704408,1
29,P5,P5,Post_P5_2,1,0.5379846263466502,1
29,P5,P5,Post_P5_2,1,0.47712202115322033,0
29,P5,P5,Post_P5_2,1,0.5424363983627504,1
29,P5,P5,Post_P5_2,1,0.5959698978193547,1
29,P5,P5,Post_P5_2,1,0.5813533227934847,1
29,P5,P5,Post_P5_2,1,0.6000538062452805,1
29,P5,P5,Post_P5_2,1,0.39489098468686123,0
29,P5,P5,Post_P5_2,1,0.5318889649283642,1
29,P5,P5,Post_P5_2,1,0.5385996933751784,1
29,P5,P5,Post_P5_2,1,0.5973444958742516,1
29,P5,P5,Post_P5_2,1,0.5460654819400768,1
29,P5,P5,Post_P5_2,1,0.5268948949542418,1
29,P5,P5,Post_P5_2,1,0.5983804674166914,1
29,P5,P5,Post_P5_2,1,0.609305309340271,1
29,P5,P5,Post_P5_2,1,0.6924763011453722,1
29,P5,P5,Post_P5_2,1,0.359588736737782,0
29,P5,P5,Post_P5_2,1,0.5969438988481439,1
29,P5,P5,Post_P5_2,1,0.5729430849456396,1
29,P5,P5,Post_P5_2,1,0.4880397152174988,0
29,P5,P5,Post_P5_2,1,0.5608499454129642,1
29,P5,P5,Post_P5_2,1,0.5256578093086683,1
29,P5,P5,Post_P5_2,1,0.6005436225312639,1
29,P5,P5,Post_P5_2,1,0.5546462156904971,1
29,P5,P5,Post_P5_2,1,0.5790221632199551,1
29,P5,P5,Post_P5_2,1,0.5548387497877287,1
29,P5,P5,Post_P5_2,1,0.6161325503835304,1
29,P5,P5,Post_P5_2,1,0.564022177560233,1
29,P5,P5,Post_P5_2,1,0.4644998535990122,0
29,P5,P5,Post_P5_2,1,0.598945261450006,1
29,P5,P5,Post_P5_2,1,0.5818465284925911,1
29,P5,P5,Post_P5_2,1,0.5883880388809838,1
29,P5,P5,Post_P5_2,1,0.5537360933341813,1
29,P5,P5,Post_P5_2,1,0.5574266701105933,1
29,P5,P5,Post_P5_2,1,0.617823429682946,1
29,P5,P5,Post_P5_2,1,0.437930899129772,0
29,P5,P5,Post_P5_2,1,0.5310692886217551,1
29,P5,P5,Post_P5_2,1,0.5145056837520422,1
29,P5,P5,Post_P5_2,1,0.5298650618969276,1
29,P5,P5,Post_P5_2,1,0.6207192610254966,1
29,P5,P5,Post_P5_2,1,0.5831926115870257,1
29,P5,P5,Post_P5_2,1,0.6282693492691243,1
29,P5,P5,Post_P5_2,1,0.5733466226231417,1
29,P5,P5,Post_P5_2,1,0.5672592876891734,1
29,P5,P5,Post_P5_2,1,0.5486130282925934,1
29,P5,P5,Post_P5_2,1,0.5933955628345188,1
29,P5,P5,Post_P5_2,1,0.46657562863869406,0
29,P5,P5,Post_P5_2,1,0.5677438121837455,1
29,P5,P5,Post_P5_2,1,0.5091302353342537,1
29,P5,P5,Post_P5_2,1,0.5780271459568923,1
29,P5,P5,Post_P5_2,1,0.6436238016862075,1
29,P5,P5,Post_P5_2,1,0.5679938631366009,1
29,P5,P5,Post_P5_2,1,0.6018542355146298,1
29,P5,P5,Post_P5_2,1,0.6049219952043287,1
29,P5,P5,Post_P5_2,1,0.6035931820869856,1
29,P5,P5,Post_P5_2,1,0.5706242616941336,1
29,P5,P5,Post_P5_2,1,0.5262235208859172,1
29,P5,P5,Post_P5_2,1,0.5801329897933443,1
29,P5,P5,Post_P5_2,1,0.6343009736448537,1
29,P5,P5,Post_P5_2,1,0.6284372581546023,1
29,P5,P5,Post_P5_2,1,0.5502835703043456,1
29,P5,P5,Post_P5_2,1,0.5456616141424454,1
29,P5,P5,Post_P5_2,1,0.4819918553734765,0
29,P5,P5,Post_P5_2,1,0.5151142277406706,1
29,P5,P5,Post_P5_2,1,0.6468179429747842,1
29,P5,P5,Post_P5_2,1,0.5651705444558519,1
29,P5,P5,Post_P5_2,1,0.6382986634494403,1
29,P5,P5,Post_P5_2,1,0.5558334505003509,1
29,P5,P5,Post_P5_2,1,0.5819997659407475,1
29,P5,P5,Post_P5_2,1,0.5236238337116712,1
29,P5,P5,Post_P5_2,1,0.4497975136621342,0
29,P5,P5,Post_P5_2,1,0.6181757968811602,1
29,P5,P5,Post_P5_2,1,0.6045867843810974,1
29,P5,P5,Post_P5_2,1,0.5722897852670376,1
29,P5,P5,Post_P5_2,1,0.6261105333124517,1
29,P5,P5,Post_P5_2,1,0.5374684945082183,1
29,P5,P5,Post_P5_2,1,0.5823975584024736,1
29,P5,P5,Post_P5_2,1,0.4118559043234568,0
29,P5,P5,Post_P5_2,1,0.49933883972082144,0
29,P5,P5,Post_P5_2,1,0.5759966680539439,1
29,P5,P5,Post_P5_2,1,0.5668991336067246,1
29,P5,P5,Post_P5_2,1,0.5417562756971507,1
29,P5,P5,Post_P5_2,1,0.6113748724792131,1
29,P5,P5,Post_P5_2,1,0.627543094480334,1
29,P5,P5,Post_P5_2,1,0.6453396444956707,1
29,P5,P5,Post_P5_2,1,0.5602589940877097,1
29,P5,P5,Post_P5_2,1,0.5033660422440127,1
29,P5,P5,Post_P5_2,1,0.5154153202021361,1
29,P5,P5,Post_P5_2,1,0.5447759207444897,1
29,P5,P5,Post_P5_2,1,0.605289571851647,1
29,P5,P5,Post_P5_2,1,0.6308192369393959,1
29,P5,P5,Post_P5_2,1,0.5764380845418677,1
29,P5,P5,Post_P5_2,1,0.5327050190443573,1
29,P5,P5,Post_P5_2,1,0.4376806320798795,0
29,P5,P5,Post_P5_2,1,0.5063346841649213,1
29,P5,P5,Post_P5_2,1,0.6356501262668229,1
29,P5,P5,Post_P5_2,1,0.5379969078533655,1
29,P5,P5,Post_P5_2,1,0.6629134471004634,1
29,P5,P5,Post_P5_2,1,0.5457665422054813,1
29,P5,P5,Post_P5_2,1,0.5812156933318527,1
29,P5,P5,Post_P5_2,1,0.5729025457348834,1
29,P5,P5,Post_P5_2,1,0.48653172774464576,0
29,P5,P5,Post_P5_2,1,0.37114018441941704,0
29,P5,P5,Post_P5_2,1,0.5593693584461127,1
29,P5,P5,Post_P5_2,1,0.6118992030377856,1
29,P5,P5,Post_P5_2,1,0.5906147271038508,1
29,P5,P5,Post_P5_2,1,0.589353837465424,1
29,P5,P5,Post_P5_2,1,0.5703204631920363,1
29,P5,P5,Post_P5_2,1,0.5522887954850729,1
29,P5,P5,Post_P5_2,1,0.648820877654338,1
29,P5,P5,Post_P5_2,1,0.5743889245604166,1
29,P5,P5,Post_P5_2,1,0.5832199565090306,1
29,P5,P5,Post_P5_2,1,0.6474007278965708,1
29,P5,P5,Post_P5_2,1,0.6105838381404048,1
29,P5,P5,Post_P5_2,1,0.6036286605168177,1
29,P5,P5,Post_P5_2,1,0.6105422821819051,1
29,P5,P5,Post_P5_2,1,0.6207278365955793,1
29,P5,P5,Post_P5_2,1,0.5962966512525762,1
29,P5,P5,Post_P5_2,1,0.5351297678721725,1
29,P5,P5,Post_P5_2,1,0.525142197116587,1
29,P5,P5,Post_P5_2,1,0.6147354214028149,1
29,P5,P5,Post_P5_2,1,0.553102576101896,1
29,P5,P5,Post_P5_2,1,0.590051138548064,1
29,P5,P5,Post_P5_2,1,0.6168113010543935,1
29,P5,P5,Post_P5_2,1,0.6791778136649694,1
29,P5,P5,Post_P5_2,1,0.517557728234009,1
29,P5,P5,Post_P5_2,1,0.5638314799568916,1
29,P5,P5,Post_P5_2,1,0.5999090786752737,1
29,P5,P5,Post_P5_2,1,0.3498532020734544,0
29,P5,P5,Post_P5_2,1,0.5496280482244594,1
29,P5,P5,Post_P5_2,1,0.5366509508734477,1
29,P5,P5,Post_P5_2,1,0.5736440952421199,1
29,P5,P5,Post_P5_2,1,0.563571550606957,1
29,P5,P5,Post_P5_2,1,0.6178216739462684,1
29,P5,P5,Post_P5_2,1,0.601210751245098,1
29,P5,P5,Post_P5_2,1,0.551652193076774,1
29,P5,P5,Post_P5_2,1,0.5249707187778114,1
29,P5,P5,Post_P5_2,1,0.5882541769098834,1
29,P5,P5,Post_P5_2,1,0.5882914333446077,1
29,P5,P5,Post_P5_2,1,0.566432821782198,1
29,P5,P5,Post_P5_2,1,0.5910813240488585,1
29,P5,P5,Post_P5_2,1,0.6192683982331373,1
29,P5,P5,Post_P5_2,1,0.5901681262788644,1
29,P5,P5,Post_P5_2,1,0.8363261522118939,1
29,P5,P5,Post_P5_2,1,0.5370575432949942,1
29,P5,P5,Post_P5_2,1,0.6277857873426366,1
29,P5,P5,Post_P5_2,1,0.5064805230959794,1
29,P5,P5,Post_P5_2,1,0.5451005256955784,1
29,P5,P5,Post_P5_2,1,0.552076497662496,1
29,P5,P5,Post_P5_2,1,0.5544033313606963,1
29,P5,P5,Post_P5_2,1,0.585882462891191,1
29,P5,P5,Post_P5_2,1,0.5757007293012693,1
29,P5,P5,Post_P5_2,1,0.5219824127543656,1
29,P5,P5,Post_P5_2,1,0.5897976204315497,1
29,P5,P5,Post_P5_2,1,0.5435474175705367,1
29,P5,P5,Post_P5_2,1,0.3915235006644615,0
29,P5,P5,Post_P5_2,1,0.4972991913621421,0
29,P5,P5,Post_P5_2,1,0.5779504947492425,1
29,P5,P5,Post_P5_2,1,0.617157283878108,1
29,P5,P5,Post_P5_2,1,0.41262255834031486,0
29,P5,P5,Post_P5_2,1,0.5077754124508363,1
29,P5,P5,Post_P5_2,1,0.4885285624530303,0
29,P5,P5,Post_P5_2,1,0.6330316318781786,1
29,P5,P5,Post_P5_2,1,0.5730305310556864,1
29,P5,P5,Post_P5_2,1,0.6652969617273327,1
29,P5,P5,Post_P5_2,1,0.5722579330360664,1
29,P5,P5,Post_P5_2,1,0.5514307254091565,1
29,P5,P5,Post_P5_2,1,0.5637919348691134,1
29,P5,P5,Post_P5_2,1,0.4781595809809833,0
29,P5,P5,Post_P5_2,1,0.6093459203676787,1
29,P5,P5,Post_P5_2,1,0.5426408782314919,1
29,P5,P5,Post_P5_2,1,0.5805781722036191,1
29,P5,P5,Post_P5_2,1,0.36214411087608367,0
29,P5,P5,Post_P5_2,1,0.540231797902293,1
29,P5,P5,Post_P5_2,1,0.519876170424815,1
29,P5,P5,Post_P5_2,1,0.5752812211636206,1
29,P5,P5,Post_P5_2,1,0.5273411989309038,1
29,P5,P5,Post_P5_2,1,0.6759535795049608,1
29,P5,P5,Post_P5_2,1,0.5530923549544865,1
29,P5,P5,Post_P5_2,1,0.6388088712424833,1
29,P5,P5,Post_P5_2,1,0.48460513873694555,0
29,P5,P5,Post_P5_2,1,0.361149288310665,0
29,P5,P5,Post_P5_2,1,0.6187192274541609,1
29,P5,P5,Post_P5_2,1,0.6233328742861335,1
29,P5,P5,Post_P5_2,1,0.5901681262788644,1
29,P5,P5,Post_P5_2,1,0.5032431880242636,1
29,P5,P5,Post_P5_2,1,0.36327508594457236,0
29,P5,P5,Post_P5_2,1,0.6136404859778396,1
29,P5,P5,Post_P5_2,1,0.8562527575266816,1
29,P5,P5,Post_P5_2,1,0.6535925353142679,1
29,P5,P5,Post_P5_2,1,0.46280040131206046,0
29,P5,P5,Post_P5_2,1,0.5866826702146715,1
29,P5,P5,Post_P5_2,1,0.6217299876228375,1
29,P5,P5,Post_P5_2,1,0.5040771023455316,1
29,P5,P5,Post_P5_2,1,0.5210926853382444,1
29,P5,P5,Post_P5_2,1,0.6388495856813616,1
29,P5,P5,Post_P5_2,1,0.5401035834780615,1
29,P5,P5,Post_P5_2,1,0.5735370551046042,1
29,P5,P5,Post_P5_2,1,0.6091234488080993,1
29,P5,P5,Post_P5_2,1,0.5407727510690852,1
29,P5,P5,Post_P5_2,1,0.6142377075289662,1
29,P5,P5,Post_P5_2,1,0.617823429682946,1
29,P5,P5,Post_P5_2,1,0.6042323131520415,1
29,P5,P5,Post_P5_2,1,0.5425454256624567,1
29,P5,P5,Post_P5_2,1,0.7217047133390037,1
29,P5,P5,Post_P5_2,1,0.31266849841881134,0
29,P5,P5,Post_P5_2,1,0.5671179744844788,1
29,P5,P5,Post_P5_2,1,0.5499325771423755,1
30,P6,P6,Pre_P6,0,0.27360594268356586,0
30,P6,P6,Pre_P6,0,0.4013059906003455,0
30,P6,P6,Pre_P6,0,0.3787031038061261,0
30,P6,P6,Pre_P6,0,0.3585282386165871,0
30,P6,P6,Pre_P6,0,0.5783817964365203,1
30,P6,P6,Pre_P6,0,0.34174657874232417,0
30,P6,P6,Pre_P6,0,0.6323341190496636,1
30,P6,P6,Pre_P6,0,0.4944939307012858,0
30,P6,P6,Pre_P6,0,0.5040862480340882,1
30,P6,P6,Pre_P6,0,0.44962220730704855,0
30,P6,P6,Pre_P6,0,0.28551998080892854,0
30,P6,P6,Pre_P6,0,0.33141479750242786,0
30,P6,P6,Pre_P6,0,0.5739459292237614,1
30,P6,P6,Pre_P6,0,0.6211394000908751,1
30,P6,P6,Pre_P6,0,0.48982650730916194,0
30,P6,P6,Pre_P6,0,0.39823157712294033,0
30,P6,P6,Pre_P6,0,0.597322904819566,1
30,P6,P6,Pre_P6,0,0.5066585364658283,1
30,P6,P6,Pre_P6,0,0.28469036079220295,0
30,P6,P6,Pre_P6,0,0.3583223058265503,0
30,P6,P6,Pre_P6,0,0.7232190833465353,1
30,P6,P6,Pre_P6,0,0.26340461952370997,0
30,P6,P6,Pre_P6,0,0.57409717054211,1
30,P6,P6,Pre_P6,0,0.43596786260315823,0
30,P6,P6,Pre_P6,0,0.3246696574745965,0
30,P6,P6,Pre_P6,0,0.5019642885315937,1
30,P6,P6,Pre_P6,0,0.4815980522415836,0
30,P6,P6,Pre_P6,0,0.3092126836124328,0
30,P6,P6,Pre_P6,0,0.30100595210510367,0
30,P6,P6,Pre_P6,0,0.49757095117908096,0
30,P6,P6,Pre_P6,0,0.4473724891260221,0
30,P6,P6,Pre_P6,0,0.4661440722731187,0
30,P6,P6,Pre_P6,0,0.549705564449552,1
30,P6,P6,Pre_P6,0,0.3658558085471011,0
30,P6,P6,Pre_P6,0,0.6107762810914344,1
30,P6,P6,Pre_P6,0,0.3030075062932818,0
30,P6,P6,Pre_P6,0,0.6508912467437395,1
30,P6,P6,Pre_P6,0,0.6971126593977851,1
30,P6,P6,Pre_P6,0,0.3813797761611899,0
30,P6,P6,Pre_P6,0,0.3442975473841906,0
30,P6,P6,Pre_P6,0,0.3818240960640897,0
30,P6,P6,Pre_P6,0,0.35326218681823734,0
30,P6,P6,Pre_P6,0,0.32199131305875506,0
30,P6,P6,Pre_P6,0,0.41784166457000865,0
30,P6,P6,Pre_P6,0,0.5313902655293271,1
30,P6,P6,Pre_P6,0,0.3541855810710029,0
30,P6,P6,Pre_P6,0,0.44350304468602875,0
30,P6,P6,Pre_P6,0,0.7207425159607553,1
30,P6,P6,Pre_P6,0,0.5916508000871092,1
30,P6,P6,Pre_P6,0,0.5158750140029045,1
30,P6,P6,Pre_P6,0,0.42799049233236036,0
30,P6,P6,Pre_P6,0,0.3683619971664221,0
30,P6,P6,Pre_P6,0,0.655046241547802,1
30,P6,P6,Pre_P6,0,0.3569419238434873,0
30,P6,P6,Pre_P6,0,0.4942283769071115,0
30,P6,P6,Pre_P6,0,0.4764130082925298,0
30,P6,P6,Pre_P6,0,0.369135569376934,0
30,P6,P6,Pre_P6,0,0.5025843485985506,1
30,P6,P6,Pre_P6,0,0.4337313302387001,0
30,P6,P6,Pre_P6,0,0.4626106012966225,0
30,P6,P6,Pre_P6,0,0.446335935947145,0
30,P6,P6,Pre_P6,0,0.5639202156611246,1
30,P6,P6,Pre_P6,0,0.5797625605079657,1
30,P6,P6,Pre_P6,0,0.21901630883120476,0
30,P6,P6,Pre_P6,0,0.583947318946403,1
30,P6,P6,Pre_P6,0,0.6211626668214199,1
30,P6,P6,Pre_P6,0,0.39853082259485323,0
30,P6,P6,Pre_P6,0,0.4212684510354549,0
30,P6,P6,Pre_P6,0,0.6496807806312541,1
30,P6,P6,Pre_P6,0,0.5393332354209531,1
30,P6,P6,Pre_P6,0,0.5339740195416063,1
30,P6,P6,Pre_P6,0,0.5927627964811336,1
30,P6,P6,Pre_P6,0,0.5760731875876071,1
30,P6,P6,Pre_P6,0,0.5700336834409948,1
30,P6,P6,Pre_P6,0,0.6199695081922111,1
30,P6,P6,Pre_P6,0,0.3366688614628328,0
30,P6,P6,Pre_P6,0,0.5342410187190778,1
30,P6,P6,Pre_P6,0,0.5371591920325862,1
30,P6,P6,Pre_P6,0,0.6029056922639072,1
30,P6,P6,Pre_P6,0,0.6234839226486548,1
30,P6,P6,Pre_P6,0,0.4442141173641262,0
30,P6,P6,Pre_P6,0,0.645938933249918,1
30,P6,P6,Pre_P6,0,0.4207129848002637,0
30,P6,P6,Pre_P6,0,0.5656071564198897,1
30,P6,P6,Pre_P6,0,0.5183484312266271,1
30,P6,P6,Pre_P6,0,0.6147462212822952,1
30,P6,P6,Pre_P6,0,0.5521545814305774,1
30,P6,P6,Pre_P6,0,0.4547125572640511,0
30,P6,P6,Pre_P6,0,0.40034234271437963,0
30,P6,P6,Pre_P6,0,0.5329169924933536,1
30,P6,P6,Pre_P6,0,0.3694390968711402,0
30,P6,P6,Pre_P6,0,0.43790858971457924,0
30,P6,P6,Pre_P6,0,0.2853668669799468,0
30,P6,P6,Pre_P6,0,0.461575372056441,0
30,P6,P6,Pre_P6,0,0.3209724372911546,0
30,P6,P6,Pre_P6,0,0.3748022943477626,0
30,P6,P6,Pre_P6,0,0.31922471635081323,0
30,P6,P6,Pre_P6,0,0.6008708324358917,1
30,P6,P6,Pre_P6,0,0.42301631889169755,0
30,P6,P6,Pre_P6,0,0.25386665449100715,0
30,P6,P6,Pre_P6,0,0.5313167789760439,1
30,P6,P6,Pre_P6,0,0.31550863122827083,0
30,P6,P6,Pre_P6,0,0.35169828278637905,0
30,P6,P6,Pre_P6,0,0.3766655826302925,0
30,P6,P6,Pre_P6,0,0.5630836763610584,1
30,P6,P6,Pre_P6,0,0.4908796621803617,0
30,P6,P6,Pre_P6,0,0.48397524432400546,0
30,P6,P6,Pre_P6,0,0.5918728315753137,1
30,P6,P6,Pre_P6,0,0.6434582348018139,1
30,P6,P6,Pre_P6,0,0.5343648765424932,1
30,P6,P6,Pre_P6,0,0.5826368559232552,1
30,P6,P6,Pre_P6,0,0.5560562201739074,1
30,P6,P6,Pre_P6,0,0.4200781681965516,0
30,P6,P6,Pre_P6,0,0.572392854440957,1
30,P6,P6,Pre_P6,0,0.32225122810246654,0
30,P6,P6,Pre_P6,0,0.31520237724288086,0
30,P6,P6,Pre_P6,0,0.4645176354773956,0
30,P6,P6,Pre_P6,0,0.5451111001887267,1
30,P6,P6,Pre_P6,0,0.39522824148078056,0
30,P6,P6,Pre_P6,0,0.5880271315407014,1
30,P6,P6,Pre_P6,0,0.6367898458821569,1
30,P6,P6,Pre_P6,0,0.45303979436655073,0
30,P6,P6,Pre_P6,0,0.6516764182428896,1
30,P6,P6,Pre_P6,0,0.4863004807415985,0
30,P6,P6,Pre_P6,0,0.5389605867084085,1
30,P6,P6,Pre_P6,0,0.3298362924171115,0
30,P6,P6,Pre_P6,0,0.5938976234395665,1
30,P6,P6,Pre_P6,0,0.5938976234395665,1
30,P6,P6,Pre_P6,0,0.3465067844518898,0
30,P6,P6,Pre_P6,0,0.419063785255632,0
30,P6,P6,Pre_P6,0,0.2922859192876259,0
30,P6,P6,Pre_P6,0,0.38271260129736046,0
30,P6,P6,Pre_P6,0,0.3696961395719027,0
30,P6,P6,Pre_P6,0,0.6373933986659873,1
30,P6,P6,Pre_P6,0,0.6371455333724807,1
30,P6,P6,Pre_P6,0,0.41615083881755965,0
30,P6,P6,Pre_P6,0,0.5996745744051442,1
30,P6,P6,Pre_P6,0,0.5817634467474104,1
30,P6,P6,Pre_P6,0,0.4291149161180719,0
30,P6,P6,Pre_P6,0,0.5339812660630439,1
30,P6,P6,Pre_P6,0,0.4406143799117282,0
30,P6,P6,Pre_P6,0,0.4373553754883433,0
30,P6,P6,Pre_P6,0,0.6409278831542504,1
30,P6,P6,Pre_P6,0,0.5588993129150348,1
30,P6,P6,Pre_P6,0,0.6557753507438353,1
30,P6,P6,Pre_P6,0,0.6490533085684218,1
30,P6,P6,Pre_P6,0,0.4666350247264346,0
30,P6,P6,Pre_P6,0,0.4633363658719851,0
30,P6,P6,Pre_P6,0,0.5308259639633817,1
30,P6,P6,Pre_P6,0,0.3968625035013874,0
30,P6,P6,Pre_P6,0,0.6557753507438353,1
30,P6,P6,Pre_P6,0,0.3724736458114272,0
30,P6,P6,Pre_P6,0,0.4013127426793762,0
30,P6,P6,Pre_P6,0,0.49647710343436874,0
30,P6,P6,Pre_P6,0,0.644869366308437,1
30,P6,P6,Pre_P6,0,0.38400729790624627,0
30,P6,P6,Pre_P6,0,0.6242596395619643,1
30,P6,P6,Pre_P6,0,0.5880271315407014,1
30,P6,P6,Pre_P6,0,0.3758083595770377,0
30,P6,P6,Pre_P6,0,0.6180227515257481,1
30,P6,P6,Pre_P6,0,0.4821582827711274,0
30,P6,P6,Pre_P6,0,0.6091770853802988,1
30,P6,P6,Pre_P6,0,0.6963291126078367,1
30,P6,P6,Pre_P6,0,0.3064244554299963,0
30,P6,P6,Pre_P6,0,0.4970746727518207,0
30,P6,P6,Pre_P6,0,0.6529347005609425,1
30,P6,P6,Pre_P6,0,0.3726791152454318,0
30,P6,P6,Pre_P6,0,0.5197945680109167,1
30,P6,P6,Pre_P6,0,0.3671851676084878,0
30,P6,P6,Pre_P6,0,0.2149547409435778,0
30,P6,P6,Pre_P6,0,0.47019872059998163,0
30,P6,P6,Pre_P6,0,0.36091302856845664,0
30,P6,P6,Pre_P6,0,0.5938976234395665,1
30,P6,P6,Pre_P6,0,0.5034806420609441,1
30,P6,P6,Pre_P6,0,0.3112592415162002,0
30,P6,P6,Pre_P6,0,0.5754703016626174,1
30,P6,P6,Pre_P6,0,0.47785954550815507,0
30,P6,P6,Pre_P6,0,0.6181081386670685,1
30,P6,P6,Pre_P6,0,0.6507482777354537,1
30,P6,P6,Pre_P6,0,0.6620154636499224,1
30,P6,P6,Pre_P6,0,0.6416313654668732,1
30,P6,P6,Pre_P6,0,0.5737533232792107,1
30,P6,P6,Pre_P6,0,0.5098831888581947,1
30,P6,P6,Pre_P6,0,0.6469404560407931,1
30,P6,P6,Pre_P6,0,0.6360351568332785,1
30,P6,P6,Pre_P6,0,0.6223504125978291,1
30,P6,P6,Pre_P6,0,0.32857121966820024,0
30,P6,P6,Pre_P6,0,0.5008767863090926,1
30,P6,P6,Pre_P6,0,0.5967899002002702,1
30,P6,P6,Pre_P6,0,0.5593434716265987,1
30,P6,P6,Pre_P6,0,0.5751531836946108,1
30,P6,P6,Pre_P6,0,0.4430463418236677,0
30,P6,P6,Pre_P6,0,0.7099595340096618,1
30,P6,P6,Pre_P6,0,0.43620559203873116,0
30,P6,P6,Pre_P6,0,0.5786264354017626,1
30,P6,P6,Pre_P6,0,0.43772651232494497,0
30,P6,P6,Pre_P6,0,0.3967918556664916,0
30,P6,P6,Pre_P6,0,0.4741216926914261,0
30,P6,P6,Pre_P6,0,0.42805662878535455,0
30,P6,P6,Pre_P6,0,0.3286998876072056,0
30,P6,P6,Pre_P6,0,0.5629193431487353,1
30,P6,P6,Pre_P6,0,0.40553435577661767,0
30,P6,P6,Pre_P6,0,0.5766300603950868,1
30,P6,P6,Pre_P6,0,0.5700361030974914,1
30,P6,P6,Pre_P6,0,0.6201590423026854,1
30,P6,P6,Pre_P6,0,0.6260858035126995,1
30,P6,P6,Pre_P6,0,0.3933674456038344,0
30,P6,P6,Pre_P6,0,0.5025469157930494,1
30,P6,P6,Pre_P6,0,0.29624857666729776,0
30,P6,P6,Pre_P6,0,0.493983992462624,0
30,P6,P6,Pre_P6,0,0.4343577921025575,0
30,P6,P6,Pre_P6,0,0.36602356571257705,0
30,P6,P6,Pre_P6,0,0.5214041076806699,1
30,P6,P6,Pre_P6,0,0.589236686469701,1
30,P6,P6,Pre_P6,0,0.571500157645852,1
30,P6,P6,Pre_P6,0,0.5745358026360958,1
30,P6,P6,Pre_P6,0,0.43029745273778947,0
30,P6,P6,Pre_P6,0,0.4556408964658883,0
30,P6,P6,Pre_P6,0,0.6998859987972459,1
30,P6,P6,Pre_P6,0,0.40995781663633757,0
30,P6,P6,Pre_P6,0,0.35732820121237335,0
30,P6,P6,Pre_P6,0,0.5916508000871092,1
30,P6,P6,Pre_P6,0,0.42515489424493635,0
30,P6,P6,Pre_P6,0,0.6523099662302434,1
30,P6,P6,Pre_P6,0,0.36701565340900544,0
30,P6,P6,Pre_P6,0,0.39196716635259815,0
30,P6,P6,Pre_P6,0,0.5661659875981768,1
30,P6,P6,Pre_P6,0,0.38512467759999963,0
30,P6,P6,Pre_P6,0,0.41579038048951134,0
30,P6,P6,Pre_P6,0,0.37669844405492153,0
30,P6,P6,Pre_P6,0,0.38308293665894616,0
30,P6,P6,Pre_P6,0,0.3329767240490407,0
30,P6,P6,Pre_P6,0,0.5257424927753817,1
30,P6,P6,Pre_P6,0,0.6214314362002078,1
30,P6,P6,Pre_P6,0,0.6840449934637045,1
30,P6,P6,Pre_P6,0,0.3368607260581881,0
30,P6,P6,Pre_P6,0,0.42338521531883544,0
30,P6,P6,Pre_P6,0,0.2801213144498413,0
30,P6,P6,Pre_P6,0,0.36244219342088957,0
30,P6,P6,Pre_P6,0,0.632393726687845,1
30,P6,P6,Pre_P6,0,0.38120723197199635,0
30,P6,P6,Pre_P6,0,0.5910233280242769,1
30,P6,P6,Pre_P6,0,0.4220224870237693,0
30,P6,P6,Pre_P6,0,0.296108442096831,0
30,P6,P6,Pre_P6,0,0.6551224006056664,1
30,P6,P6,Pre_P6,0,0.5849908234888932,1
30,P6,P6,Pre_P6,0,0.4209414295967178,0
30,P6,P6,Pre_P6,0,0.5180599323710978,1
30,P6,P6,Pre_P6,0,0.4823957514679157,0
30,P6,P6,Pre_P6,0,0.4674835176218039,0
30,P6,P6,Pre_P6,0,0.5992477714398335,1
30,P6,P6,Pre_P6,0,0.4402665503942967,0
30,P6,P6,Pre_P6,0,0.41849743436553394,0
30,P6,P6,Pre_P6,0,0.6419950708931476,1
30,P6,P6,Pre_P6,0,0.4585359711558913,0
30,P6,P6,Pre_P6,0,0.18396346222103493,0
30,P6,P6,Pre_P6,0,0.6380243782094669,1
30,P6,P6,Pre_P6,0,0.3597937767625487,0
30,P6,P6,Pre_P6,0,0.5332494967971059,1
30,P6,P6,Pre_P6,0,0.5910228966737124,1
30,P6,P6,Pre_P6,0,0.33578957926282993,0
30,P6,P6,Pre_P6,0,0.4365610506388485,0
30,P6,P6,Pre_P6,0,0.6416280600085613,1
30,P6,P6,Pre_P6,0,0.6419147353973418,1
30,P6,P6,Pre_P6,0,0.4674201848073866,0
30,P6,P6,Pre_P6,0,0.48602944197331927,0
30,P6,P6,Pre_P6,0,0.66545917664504,1
30,P6,P6,Pre_P6,0,0.4152390020287176,0
30,P6,P6,Pre_P6,0,0.7350397557435328,1
30,P6,P6,Pre_P6,0,0.47739778063518673,0
30,P6,P6,Pre_P6,0,0.5788891513321208,1
30,P6,P6,Pre_P6,0,0.4049541782308624,0
30,P6,P6,Pre_P6,0,0.7237916056173217,1
30,P6,P6,Pre_P6,0,0.3497792006160528,0
30,P6,P6,Pre_P6,0,0.31145655905089403,0
30,P6,P6,Pre_P6,0,0.5112455683921463,1
30,P6,P6,Pre_P6,0,0.5512497558066412,1
30,P6,P6,Pre_P6,0,0.3885776773346071,0
30,P6,P6,Pre_P6,0,0.36502969663032586,0
30,P6,P6,Pre_P6,0,0.4371087010052979,0
30,P6,P6,Pre_P6,0,0.5446152144925493,1
30,P6,P6,Pre_P6,0,0.4686639423526645,0
30,P6,P6,Pre_P6,0,0.4342287106654888,0
30,P6,P6,Pre_P6,0,0.31939277973117286,0
30,P6,P6,Pre_P6,0,0.507520224488508,1
30,P6,P6,Pre_P6,0,0.5411174793257513,1
30,P6,P6,Pre_P6,0,0.4451985378489498,0
30,P6,P6,Pre_P6,0,0.3428925554223877,0
30,P6,P6,Post_P6,0,0.2692002484310685,0
30,P6,P6,Post_P6,0,0.21091552124869942,0
30,P6,P6,Post_P6,0,0.28114847549457356,0
30,P6,P6,Post_P6,0,0.11806250916988982,0
30,P6,P6,Post_P6,0,0.18330822128998436,0
30,P6,P6,Post_P6,0,0.1341874284969055,0
30,P6,P6,Post_P6,0,0.2723966118998974,0
30,P6,P6,Post_P6,0,0.17853052431618194,0
30,P6,P6,Post_P6,0,0.14437169287698368,0
30,P6,P6,Post_P6,0,0.17283293277487674,0
30,P6,P6,Post_P6,0,0.2547599795453264,0
30,P6,P6,Post_P6,0,0.1570846449997607,0
30,P6,P6,Post_P6,0,0.14152587062795843,0
30,P6,P6,Post_P6,0,0.3222440768427253,0
30,P6,P6,Post_P6,0,0.20672957304039763,0
30,P6,P6,Post_P6,0,0.26751124629718515,0
30,P6,P6,Post_P6,0,0.23471227337339115,0
30,P6,P6,Post_P6,0,0.1203683320869827,0
30,P6,P6,Post_P6,0,0.15012322891749635,0
30,P6,P6,Post_P6,0,0.22810002851481576,0
30,P6,P6,Post_P6,0,0.1811310090031965,0
30,P6,P6,Post_P6,0,0.10218478161216682,0
30,P6,P6,Post_P6,0,0.1327949779594538,0
30,P6,P6,Post_P6,0,0.18448460403397002,0
30,P6,P6,Post_P6,0,0.13738548772876388,0
30,P6,P6,Post_P6,0,0.17700963534978806,0
30,P6,P6,Post_P6,0,0.2155687470081687,0
30,P6,P6,Post_P6,0,0.23860401436460835,0
30,P6,P6,Post_P6,0,0.13468965198266594,0
30,P6,P6,Post_P6,0,0.2499046971504829,0
30,P6,P6,Post_P6,0,0.14734850474113112,0
30,P6,P6,Post_P6,0,0.19407408335541748,0
30,P6,P6,Post_P6,0,0.13365221380100797,0
30,P6,P6,Post_P6,0,0.18736807140608028,0
30,P6,P6,Post_P6,0,0.1393223878064384,0
30,P6,P6,Post_P6,0,0.19278456247234152,0
30,P6,P6,Post_P6,0,0.2740946300451677,0
30,P6,P6,Post_P6,0,0.18608690237303285,0
30,P6,P6,Post_P6,0,0.18775922194402786,0
30,P6,P6,Post_P6,0,0.17038809782060815,0
30,P6,P6,Post_P6,0,0.1749971512104529,0
30,P6,P6,Post_P6,0,0.30982494431079743,0
30,P6,P6,Post_P6,0,0.1500750636194707,0
30,P6,P6,Post_P6,0,0.12575758848097252,0
30,P6,P6,Post_P6,0,0.24867121299551118,0
30,P6,P6,Post_P6,0,0.0921854648226336,0
30,P6,P6,Post_P6,0,0.12053228373546378,0
30,P6,P6,Post_P6,0,0.11480190344692556,0
30,P6,P6,Post_P6,0,0.12611419317721323,0
30,P6,P6,Post_P6,0,0.13799394934450523,0
30,P6,P6,Post_P6,0,0.24179003786365735,0
30,P6,P6,Post_P6,0,0.14085068147585036,0
30,P6,P6,Post_P6,0,0.21563518343162685,0
30,P6,P6,Post_P6,0,0.2566603777647842,0
30,P6,P6,Post_P6,0,0.2359793063974729,0
30,P6,P6,Post_P6,0,0.23486768089109367,0
30,P6,P6,Post_P6,0,0.3986584328512706,0
30,P6,P6,Post_P6,0,0.16767256648950943,0
30,P6,P6,Post_P6,0,0.14631364949891346,0
30,P6,P6,Post_P6,0,0.267028312837062,0
30,P6,P6,Post_P6,0,0.1629871106362769,0
30,P6,P6,Post_P6,0,0.30005875951861866,0
30,P6,P6,Post_P6,0,0.3105462606705204,0
30,P6,P6,Post_P6,0,0.1276425272082421,0
30,P6,P6,Post_P6,0,0.12829629308419457,0
30,P6,P6,Post_P6,0,0.2586677852362201,0
30,P6,P6,Post_P6,0,0.1417393958463719,0
30,P6,P6,Post_P6,0,0.16477593790815545,0
30,P6,P6,Post_P6,0,0.13070826438310623,0
30,P6,P6,Post_P6,0,0.12337881109744277,0
30,P6,P6,Post_P6,0,0.2617437267560748,0
30,P6,P6,Post_P6,0,0.28798687003291396,0
30,P6,P6,Post_P6,0,0.1313709128245832,0
30,P6,P6,Post_P6,0,0.14387330243205554,0
30,P6,P6,Post_P6,0,0.2619926254340909,0
30,P6,P6,Post_P6,0,0.19022238939033956,0
30,P6,P6,Post_P6,0,0.1085298286377315,0
30,P6,P6,Post_P6,0,0.2439661098828517,0
30,P6,P6,Post_P6,0,0.13232224552768576,0
30,P6,P6,Post_P6,0,0.1309053404837445,0
30,P6,P6,Post_P6,0,0.32259913916303734,0
30,P6,P6,Post_P6,0,0.11621282424816262,0
30,P6,P6,Post_P6,0,0.16233294654466088,0
30,P6,P6,Post_P6,0,0.1078406534099524,0
30,P6,P6,Post_P6,0,0.2227398891638481,0
30,P6,P6,Post_P6,0,0.16942751849470805,0
30,P6,P6,Post_P6,0,0.25371184846027633,0
30,P6,P6,Post_P6,0,0.26812699780137766,0
30,P6,P6,Post_P6,0,0.3397747578844918,0
30,P6,P6,Post_P6,0,0.23028276430391514,0
30,P6,P6,Post_P6,0,0.25344892650879586,0
30,P6,P6,Post_P6,0,0.24690948608841046,0
30,P6,P6,Post_P6,0,0.15791843053413027,0
30,P6,P6,Post_P6,0,0.2586183800791697,0
30,P6,P6,Post_P6,0,0.26353096944329574,0
30,P6,P6,Post_P6,0,0.10746994196405797,0
30,P6,P6,Post_P6,0,0.14705637305778163,0
30,P6,P6,Post_P6,0,0.11975488695634155,0
30,P6,P6,Post_P6,0,0.15642343170126374,0
30,P6,P6,Post_P6,0,0.16267465848521806,0
30,P6,P6,Post_P6,0,0.267381808104237,0
30,P6,P6,Post_P6,0,0.11967648264410603,0
30,P6,P6,Post_P6,0,0.3014056416002158,0
30,P6,P6,Post_P6,0,0.10218478161216682,0
30,P6,P6,Post_P6,0,0.14274498570214506,0
30,P6,P6,Post_P6,0,0.15913218366593065,0
30,P6,P6,Post_P6,0,0.10089095017576123,0
30,P6,P6,Post_P6,0,0.27509952115712694,0
30,P6,P6,Post_P6,0,0.22980935713072143,0
30,P6,P6,Post_P6,0,0.25239554457363983,0
30,P6,P6,Post_P6,0,0.30394454902624457,0
30,P6,P6,Post_P6,0,0.1729558758049004,0
30,P6,P6,Post_P6,0,0.12949181890801348,0
30,P6,P6,Post_P6,0,0.13522311044436444,0
30,P6,P6,Post_P6,0,0.13623554813739203,0
30,P6,P6,Post_P6,0,0.23731954508588124,0
30,P6,P6,Post_P6,0,0.11172555333123545,0
30,P6,P6,Post_P6,0,0.17439500821282053,0
30,P6,P6,Post_P6,0,0.35554614644400706,0
30,P6,P6,Post_P6,0,0.2598610887059625,0
30,P6,P6,Post_P6,0,0.1311822001026966,0
30,P6,P6,Post_P6,0,0.15149598059560487,0
30,P6,P6,Post_P6,0,0.18998120040869987,0
30,P6,P6,Post_P6,0,0.12763014698289005,0
30,P6,P6,Post_P6,0,0.21997423306185906,0
30,P6,P6,Post_P6,0,0.10764914281338953,0
30,P6,P6,Post_P6,0,0.12586246867289505,0
30,P6,P6,Post_P6,0,0.3673783618371761,0
30,P6,P6,Post_P6,0,0.25122436354006494,0
30,P6,P6,Post_P6,0,0.1413224264061583,0
30,P6,P6,Post_P6,0,0.1875408331428779,0
30,P6,P6,Post_P6,0,0.30640932849158137,0
30,P6,P6,Post_P6,0,0.1679675659426531,0
30,P6,P6,Post_P6,0,0.09863034278569681,0
30,P6,P6,Post_P6,0,0.24332616288941245,0
30,P6,P6,Post_P6,0,0.13649924899086752,0
30,P6,P6,Post_P6,0,0.22880452571212104,0
30,P6,P6,Post_P6,0,0.23852635813646467,0
30,P6,P6,Post_P6,0,0.2791498661236355,0
30,P6,P6,Post_P6,0,0.1486333846425115,0
30,P6,P6,Post_P6,0,0.2369933511999801,0
30,P6,P6,Post_P6,0,0.1399666324166762,0
30,P6,P6,Post_P6,0,0.17590198006337857,0
30,P6,P6,Post_P6,0,0.23792864796018265,0
30,P6,P6,Post_P6,0,0.26680681392617567,0
30,P6,P6,Post_P6,0,0.14035036029018164,0
30,P6,P6,Post_P6,0,0.2919629850962865,0
30,P6,P6,Post_P6,0,0.39107267044666455,0
30,P6,P6,Post_P6,0,0.1268531848759057,0
30,P6,P6,Post_P6,0,0.19976755772226243,0
30,P6,P6,Post_P6,0,0.2597077995287834,0
30,P6,P6,Post_P6,0,0.12099701829331859,0
30,P6,P6,Post_P6,0,0.1453203099310118,0
30,P6,P6,Post_P6,0,0.24441597538003365,0
30,P6,P6,Post_P6,0,0.14930831895339244,0
30,P6,P6,Post_P6,0,0.1247859275228718,0
30,P6,P6,Post_P6,0,0.14387330243205554,0
30,P6,P6,Post_P6,0,0.1286609125555654,0
30,P6,P6,Post_P6,0,0.14070527608949598,0
30,P6,P6,Post_P6,0,0.13390749920075942,0
30,P6,P6,Post_P6,0,0.10543716864166387,0
30,P6,P6,Post_P6,0,0.2310628412562919,0
30,P6,P6,Post_P6,0,0.13050983118787027,0
30,P6,P6,Post_P6,0,0.15369867590969383,0
30,P6,P6,Post_P6,0,0.23142938587200404,0
30,P6,P6,Post_P6,0,0.16183777388914816,0
30,P6,P6,Post_P6,0,0.2620916407184035,0
30,P6,P6,Post_P6,0,0.23005159754864465,0
30,P6,P6,Post_P6,0,0.26293441031104203,0
30,P6,P6,Post_P6,0,0.18251959876046264,0
30,P6,P6,Post_P6,0,0.2462966734484931,0
30,P6,P6,Post_P6,0,0.1730858422329411,0
30,P6,P6,Post_P6,0,0.2158533631319387,0
30,P6,P6,Post_P6,0,0.23186135659716461,0
30,P6,P6,Post_P6,0,0.1535064626473853,0
30,P6,P6,Post_P6,0,0.24543942058811533,0
30,P6,P6,Post_P6,0,0.26467539870924756,0
30,P6,P6,Post_P6,0,0.16005772665987963,0
30,P6,P6,Post_P6,0,0.21483057581927056,0
30,P6,P6,Post_P6,0,0.1504076988665688,0
30,P6,P6,Post_P6,0,0.14611236295611305,0
30,P6,P6,Post_P6,0,0.12397860775772326,0
30,P6,P6,Post_P6,0,0.2272978943165402,0
30,P6,P6,Post_P6,0,0.21042720241671903,0
30,P6,P6,Post_P6,0,0.14617121854341938,0
30,P6,P6,Post_P6,0,0.1586799419049713,0
30,P6,P6,Post_P6,0,0.15121305837122442,0
30,P6,P6,Post_P6,0,0.1539832742309894,0
30,P6,P6,Post_P6,0,0.3360377422696604,0
30,P6,P6,Post_P6,0,0.2393358026743916,0
30,P6,P6,Post_P6,0,0.12778070295983532,0
30,P6,P6,Post_P6,0,0.31712363698100965,0
30,P6,P6,Post_P6,0,0.11351576917968018,0
30,P6,P6,Post_P6,0,0.20859453819741214,0
30,P6,P6,Post_P6,0,0.22018350253795868,0
30,P6,P6,Post_P6,0,0.2595172043880613,0
30,P6,P6,Post_P6,0,0.310441597777292,0
30,P6,P6,Post_P6,0,0.14509361654951905,0
30,P6,P6,Post_P6,0,0.23341187315985315,0
30,P6,P6,Post_P6,0,0.22370802230629772,0
30,P6,P6,Post_P6,0,0.13845628116578107,0
30,P6,P6,Post_P6,0,0.10436092590076207,0
30,P6,P6,Post_P6,0,0.14752729781677598,0
30,P6,P6,Post_P6,0,0.15270792582864753,0
30,P6,P6,Post_P6,0,0.11649156320434173,0
30,P6,P6,Post_P6,0,0.4392824799404076,0
30,P6,P6,Post_P6,0,0.22574518274596975,0
30,P6,P6,Post_P6,0,0.17580730921420246,0
30,P6,P6,Post_P6,0,0.22866891785498625,0
30,P6,P6,Post_P6,0,0.18907545973483217,0
30,P6,P6,Post_P6,0,0.16423918025485953,0
30,P6,P6,Post_P6,0,0.17747778177195608,0
30,P6,P6,Post_P6,0,0.11085064475280738,0
30,P6,P6,Post_P6,0,0.23181351005121953,0
30,P6,P6,Post_P6,0,0.17545787598719018,0
30,P6,P6,Post_P6,0,0.2999536608067113,0
30,P6,P6,Post_P6,0,0.2650611858247524,0
30,P6,P6,Post_P6,0,0.15245971973138123,0
30,P6,P6,Post_P6,0,0.21620500703171663,0
30,P6,P6,Post_P6,0,0.23382907527872504,0
30,P6,P6,Post_P6,0,0.23622979539524025,0
30,P6,P6,Post_P6,0,0.2186290302949941,0
30,P6,P6,Post_P6,0,0.17828460504171614,0
30,P6,P6,Post_P6,0,0.14841708429319178,0
30,P6,P6,Post_P6,0,0.1486333846425115,0
30,P6,P6,Post_P6,0,0.17261338337152682,0
30,P6,P6,Post_P6,0,0.16672615938029595,0
30,P6,P6,Post_P6,0,0.26095696891243714,0
30,P6,P6,Post_P6,0,0.39617718089939313,0
30,P6,P6,Post_P6,0,0.14355810038142944,0
30,P6,P6,Post_P6,0,0.13453333102674173,0
30,P6,P6,Post_P6,0,0.2672665730923257,0
30,P6,P6,Post_P6,0,0.2228792817860476,0
30,P6,P6,Post_P6,0,0.4253801217046902,0
30,P6,P6,Post_P6,0,0.10873785231372725,0
30,P6,P6,Post_P6,0,0.23725686205032326,0
30,P6,P6,Post_P6,0,0.13540599393159075,0
30,P6,P6,Post_P6,0,0.17994164311477823,0
30,P6,P6,Post_P6,0,0.16873154793783735,0
30,P6,P6,Post_P6,0,0.302450706176125,0
30,P6,P6,Post_P6,0,0.18396481807217432,0
30,P6,P6,Post_P6,0,0.24798266978789307,0
30,P6,P6,Post_P6,0,0.18442822187450952,0
30,P6,P6,Post_P6,0,0.2493058814524708,0
30,P6,P6,Post_P6,0,0.12303701641274471,0
30,P6,P6,Post_P6,0,0.19161451713586677,0
30,P6,P6,Post_P6,0,0.12968018364669903,0
30,P6,P6,Post_P6,0,0.15788137892574072,0
30,P6,P6,Post_P6,0,0.11875101011355409,0
30,P6,P6,Post_P6,0,0.18442733043288764,0
30,P6,P6,Post_P6,0,0.1580573918264976,0
30,P6,P6,Post_P6,0,0.12331554538845954,0
30,P6,P6,Post_P6,0,0.14908828876194383,0
30,P6,P6,Post_P6,0,0.1886398567563339,0
30,P6,P6,Post_P6,0,0.31207930669506817,0
30,P6,P6,Post_P6,0,0.13070952982092285,0
30,P6,P6,Post_P6,0,0.24258582788044647,0
30,P6,P6,Post_P6,0,0.24026887041059816,0
30,P6,P6,Post_P6,0,0.12532764020427534,0
30,P6,P6,Post_P6,0,0.1282869164296711,0
30,P6,P6,Post_P6,0,0.1543936521271728,0
30,P6,P6,Post_P6,0,0.1586799419049713,0
30,P6,P6,Post_P6,0,0.13688109317096847,0
30,P6,P6,Post_P6,0,0.31999725349026814,0
30,P6,P6,Post_P6,0,0.22797075239085757,0
30,P6,P6,Post_P6,0,0.12760761421196853,0
30,P6,P6,Post_P6,0,0.22792142038835655,0
30,P6,P6,Post_P6,0,0.11728183750463825,0
30,P6,P6,Post_P6,0,0.30289561545350746,0
30,P6,P6,Post_P6,0,0.19131476875210351,0
30,P6,P6,Post_P6,0,0.25402214640421494,0
30,P6,P6,Post_P6,0,0.22391289960150187,0
30,P6,P6,Post_P6,0,0.11596786475131189,0
30,P6,P6,Post_P6,0,0.12071546588364705,0
30,P6,P6,Post_P6,0,0.12718404885628498,0
30,P6,P6,Post_P6,0,0.15960883039493054,0
30,P6,P6,Post_P6,0,0.15446157759436147,0
30,P6,P6,Post_P6,0,0.12099701829331859,0
30,P6,P6,Post_P6,0,0.278433742442932,0
30,P6,P6,Post_P6,0,0.14540402823580545,0
30,P6,P6,Post_P6,0,0.2261678716197016,0
30,P6,P6,Post_P6,0,0.3228402711139841,0
30,P6,P6,Post_P6,0,0.28744508298821086,0
30,P6,P6,Post_P6,0,0.12290923456552502,0
30,P6,P6,Post_P6,0,0.1665069878855137,0
30,P6,P6,Post_P6,0,0.24170270647011421,0
30,P6,P6,Post_P6,0,0.12975272431287005,0
30,P6,P6,Post_P6,0,0.13305935370201016,0
30,P6,P6,Post_P6,0,0.27948713106049367,0
30,P6,P6,Post_P6,0,0.26346356533469617,0
30,P6,P6,Post_P6,0,0.25548772912628803,0
30,P6,P6,Post_P6,0,0.12926124227387378,0
30,P6,P6,Post_P6,0,0.30440531194584625,0
30,P6,P6,Post_P6,0,0.2222999017384521,0
30,P6,P6,Post_P6,0,0.11480190344692556,0
30,P6,P6,Post_P6,0,0.1467140813100199,0
30,P6,P6,Post_P6,0,0.2534994382042021,0
30,P6,P6,Post_P6,0,0.26613324356021234,0
30,P6,P6,Post_P6,0,0.2527814774174616,0
30,P6,P6,Post_P6,0,0.12913491783271566,0
30,P6,P6,Post_P6,0,0.1343039761907495,0
30,P6,P6,Post_P6,0,0.21445016569738024,0
30,P6,P6,Post_P6,0,0.13012459812304167,0
30,P6,P6,Post_P6,0,0.2613444866372912,0
30,P6,P6,Post_P6,0,0.13638622201728728,0
30,P6,P6,Post_P6,0,0.22568634490168143,0
30,P6,P6,Post_P6,0,0.3575530022226335,0
30,P6,P6,Post_P6,0,0.23183918494206274,0
30,P6,P6,Post_P6,0,0.14078981462704132,0
30,P6,P6,Post_P6,0,0.13920679102099948,0
30,P6,P6,Post_P6,0,0.12376111049320819,0
30,P6,P6,Post_P6,0,0.1314911378551305,0
30,P6,P6,Post_P6,0,0.15643854114507333,0
30,P6,P6,Post_P6,0,0.15882165073010976,0
30,P6,P6,Post_P6,0,0.11554556678926702,0
30,P6,P6,Post_P6,0,0.16077745671267749,0
30,P6,P6,Post_P6,0,0.1270643650070497,0
30,P6,P6,Post_P6,0,0.12668196419538216,0
30,P6,P6,Post_P6,0,0.12540319690618965,0
30,P6,P6,Post_P6,0,0.19307385568019184,0
30,P6,P6,Post_P6,0,0.1253371029084841,0
30,P6,P6,Post_P6,0,0.14637172585581532,0
30,P6,P6,Post_P6,0,0.14063300742106505,0
30,P6,P6,Post_P6,0,0.10955231990910451,0
30,P6,P6,Post_P6,0,0.12929658416423,0
30,P6,P6,Post_P6,0,0.1262812427722852,0
30,P6,P6,Post_P6,0,0.14912331836994314,0
30,P6,P6,Post_P6,0,0.17758909103234893,0
30,P6,P6,Post_P6,0,0.13614061625631194,0
30,P6,P6,Post_P6,0,0.16108211850203866,0
30,P6,P6,Post_P6,0,0.20639353351680015,0
30,P6,P6,Post_P6,0,0.12202038609181184,0
30,P6,P6,Post_P6,0,0.12329309802017495,0
30,P6,P6,Post_P6,0,0.11848445427616652,0
30,P6,P6,Post_P6,0,0.11089099457252576,0
30,P6,P6,Post_P6,0,0.14117634078941074,0
30,P6,P6,Post_P6,0,0.11669924438477153,0
30,P6,P6,Post_P6,0,0.13414584077065106,0
30,P6,P6,Post_P6,0,0.12204907726849906,0
30,P6,P6,Post_P6,0,0.11888258151427675,0
30,P6,P6,Post_P6,0,0.12036139264048569,0
30,P6,P6,Post_P6,0,0.18563215034412536,0
30,P6,P6,Post_P6,0,0.1365827566700425,0
30,P6,P6,Post_P6,0,0.24616790514235903,0
30,P6,P6,Post_P6,0,0.17523566632127874,0
30,P6,P6,Post_P6,0,0.16230551855090888,0
30,P6,P6,Post_P6,0,0.1732109727372876,0
30,P6,P6,Post_P6,0,0.1354980674296823,0
30,P6,P6,Post_P6,0,0.12556186751043977,0
30,P6,P6,Post_P6,0,0.17242837596665433,0
30,P6,P6,Post_P6,0,0.13350057204756427,0
30,P6,P6,Post_P6,0,0.1153467911840113,0
30,P6,P6,Post_P6,0,0.14099252862122644,0
30,P6,P6,Post_P6,0,0.14055508764951194,0
30,P6,P6,Post_P6,0,0.1398836605487348,0
30,P6,P6,Post_P6,0,0.14677189123252496,0
30,P6,P6,Post_P6,0,0.11608468011452257,0
30,P6,P6,Post_P6,0,0.12390103251095187,0
30,P6,P6,Post_P6,0,0.20286067152902135,0
30,P6,P6,Post_P6,0,0.12423740304170984,0
30,P6,P6,Post_P6,0,0.1186443580201045,0
30,P6,P6,Post_P6,0,0.11088384348325372,0
30,P6,P6,Post_P6,0,0.15855920267690093,0
30,P6,P6,Post_P6,0,0.13965306657155382,0
30,P6,P6,Post_P6,0,0.16325394272974447,0
30,P6,P6,Post_P6,0,0.13964011335738308,0
30,P6,P6,Post_P6,0,0.1345649639225641,0
30,P6,P6,Post_P6,0,0.09288592806232991,0
30,P6,P6,Post_P6,0,0.14283949660947945,0
30,P6,P6,Post_P6,0,0.15634959388000017,0
30,P6,P6,Post_P6,0,0.1867081174829707,0
30,P6,P6,Post_P6,0,0.13492060187863186,0
30,P6,P6,Post_P6,0,0.11427195606215353,0
30,P6,P6,Post_P6,0,0.1399892126133824,0
30,P6,P6,Post_P6,0,0.16080969057528838,0
30,P6,P6,Post_P6,0,0.13642306240621357,0
30,P6,P6,Post_P6,0,0.16538137219256427,0
30,P6,P6,Post_P6,0,0.1615087366798635,0
30,P6,P6,Post_P6,0,0.11015945193746689,0
30,P6,P6,Post_P6,0,0.12219596687685652,0
30,P6,P6,Post_P6,0,0.14324137205917756,0
30,P6,P6,Post_P6,0,0.11256895630994074,0
30,P6,P6,Post_P6,0,0.11157107089784607,0
30,P6,P6,Post_P6,0,0.14525137484636233,0
30,P6,P6,Post_P6,0,0.1542343825191235,0
30,P6,P6,Post_P6,0,0.12054399621733108,0
30,P6,P6,Post_P6,0,0.1313181107938585,0
30,P6,P6,Post_P6,0,0.12054399621733108,0
30,P6,P6,Post_P6,0,0.12587830775701955,0
30,P6,P6,Post_P6,0,0.16484113079278728,0
30,P6,P6,Post_P6,0,0.1209236918563048,0
30,P6,P6,Post_P6,0,0.12278697901749452,0
30,P6,P6,Post_P6,0,0.11689381560475805,0
30,P6,P6,Post_P6,0,0.11088384348325372,0
30,P6,P6,Post_P6,0,0.14320774615950718,0
30,P6,P6,Post_P6,0,0.12959014143981618,0
30,P6,P6,Post_P6,0,0.17169741294196514,0
30,P6,P6,Post_P6,0,0.1210285860499646,0
30,P6,P6,Post_P6,0,0.4326106965162995,0
30,P6,P6,Post_P6,0,0.2698967911419524,0
31,P7,P7,Pre_P7,1,0.724854954397805,1
31,P7,P7,Pre_P7,1,0.7078786670212601,1
31,P7,P7,Pre_P7,1,0.6801922007741277,1
31,P7,P7,Pre_P7,1,0.7212804494409549,1
31,P7,P7,Pre_P7,1,0.7045690621909755,1
31,P7,P7,Pre_P7,1,0.6956707405773139,1
31,P7,P7,Pre_P7,1,0.8033162863042209,1
31,P7,P7,Pre_P7,1,0.5926514963384394,1
31,P7,P7,Pre_P7,1,0.60284062167147,1
31,P7,P7,Pre_P7,1,0.7347926908986228,1
31,P7,P7,Pre_P7,1,0.6796674287186565,1
31,P7,P7,Pre_P7,1,0.8155291076852982,1
31,P7,P7,Pre_P7,1,0.6932092381492347,1
31,P7,P7,Pre_P7,1,0.8211869564099669,1
31,P7,P7,Pre_P7,1,0.6366493524046412,1
31,P7,P7,Pre_P7,1,0.8147237462506364,1
31,P7,P7,Pre_P7,1,0.7535678937127062,1
31,P7,P7,Pre_P7,1,0.772303762730611,1
31,P7,P7,Pre_P7,1,0.7396747993578952,1
31,P7,P7,Pre_P7,1,0.7545894155759886,1
31,P7,P7,Pre_P7,1,0.7071711219835302,1
31,P7,P7,Pre_P7,1,0.7156640929198365,1
31,P7,P7,Pre_P7,1,0.7257916025363438,1
31,P7,P7,Pre_P7,1,0.7075378064709172,1
31,P7,P7,Pre_P7,1,0.8549190211821641,1
31,P7,P7,Pre_P7,1,0.6366493524046412,1
31,P7,P7,Pre_P7,1,0.7914713882400829,1
31,P7,P7,Pre_P7,1,0.7704535162650019,1
31,P7,P7,Pre_P7,1,0.8464402681069143,1
31,P7,P7,Pre_P7,1,0.7291813337264088,1
31,P7,P7,Pre_P7,1,0.6465681962840829,1
31,P7,P7,Pre_P7,1,0.8247395185991485,1
31,P7,P7,Pre_P7,1,0.7143041029317423,1
31,P7,P7,Pre_P7,1,0.724653135450676,1
31,P7,P7,Pre_P7,1,0.7888482162696665,1
31,P7,P7,Pre_P7,1,0.7964856185824531,1
31,P7,P7,Pre_P7,1,0.8369652279739938,1
31,P7,P7,Pre_P7,1,0.7291379931109292,1
31,P7,P7,Pre_P7,1,0.5146697983573987,1
31,P7,P7,Pre_P7,1,0.8342475199207574,1
31,P7,P7,Pre_P7,1,0.7390325184393995,1
31,P7,P7,Pre_P7,1,0.7754520039989168,1
31,P7,P7,Pre_P7,1,0.8440469800397137,1
31,P7,P7,Pre_P7,1,0.8136412571626175,1
31,P7,P7,Pre_P7,1,0.7745740486222009,1
31,P7,P7,Pre_P7,1,0.5997578530734737,1
31,P7,P7,Pre_P7,1,0.6566065529475948,1
31,P7,P7,Pre_P7,1,0.5964810953435179,1
31,P7,P7,Pre_P7,1,0.7215580166660092,1
31,P7,P7,Pre_P7,1,0.7956735533147006,1
31,P7,P7,Pre_P7,1,0.7556454649895318,1
31,P7,P7,Pre_P7,1,0.6501810045464042,1
31,P7,P7,Pre_P7,1,0.6624305287631627,1
31,P7,P7,Pre_P7,1,0.6163476711453968,1
31,P7,P7,Pre_P7,1,0.6476769322135736,1
31,P7,P7,Pre_P7,1,0.8441139636711142,1
31,P7,P7,Pre_P7,1,0.7981729536384222,1
31,P7,P7,Pre_P7,1,0.4764472401085408,0
31,P7,P7,Pre_P7,1,0.860387487700071,1
31,P7,P7,Pre_P7,1,0.6726655736133511,1
31,P7,P7,Pre_P7,1,0.6882889898829905,1
31,P7,P7,Pre_P7,1,0.6019075761170798,1
31,P7,P7,Pre_P7,1,0.7761271938701702,1
31,P7,P7,Pre_P7,1,0.7202535899413787,1
31,P7,P7,Pre_P7,1,0.7622268493589379,1
31,P7,P7,Pre_P7,1,0.7465168514296208,1
31,P7,P7,Pre_P7,1,0.6611340780074196,1
31,P7,P7,Pre_P7,1,0.8109239298131685,1
31,P7,P7,Pre_P7,1,0.6760902696126344,1
31,P7,P7,Pre_P7,1,0.7355760760418577,1
31,P7,P7,Pre_P7,1,0.6481848360580426,1
31,P7,P7,Pre_P7,1,0.7866010083092065,1
31,P7,P7,Pre_P7,1,0.7775208249036453,1
31,P7,P7,Pre_P7,1,0.713731873275898,1
31,P7,P7,Pre_P7,1,0.694890221043128,1
31,P7,P7,Pre_P7,1,0.76551079148847,1
31,P7,P7,Pre_P7,1,0.7850942346085986,1
31,P7,P7,Pre_P7,1,0.7299413365090957,1
31,P7,P7,Pre_P7,1,0.7946053740628605,1
31,P7,P7,Pre_P7,1,0.8342656270688265,1
31,P7,P7,Pre_P7,1,0.5839873428975857,1
31,P7,P7,Pre_P7,1,0.5779995080393552,1
31,P7,P7,Pre_P7,1,0.7892179699451408,1
31,P7,P7,Pre_P7,1,0.7505078619718255,1
31,P7,P7,Pre_P7,1,0.8507840971474964,1
31,P7,P7,Pre_P7,1,0.7224532889285898,1
31,P7,P7,Pre_P7,1,0.7783784723289338,1
31,P7,P7,Pre_P7,1,0.8150856658974339,1
31,P7,P7,Pre_P7,1,0.6921597700178461,1
31,P7,P7,Pre_P7,1,0.7309653485773118,1
31,P7,P7,Pre_P7,1,0.7085901863309533,1
31,P7,P7,Pre_P7,1,0.6592877703524865,1
31,P7,P7,Pre_P7,1,0.7221698567501036,1
31,P7,P7,Pre_P7,1,0.5970816770534322,1
31,P7,P7,Pre_P7,1,0.7563442682796903,1
31,P7,P7,Pre_P7,1,0.7925640968718424,1
31,P7,P7,Pre_P7,1,0.6592396360775217,1
31,P7,P7,Pre_P7,1,0.7503682072793638,1
31,P7,P7,Pre_P7,1,0.5940462674697321,1
31,P7,P7,Pre_P7,1,0.7693088756397068,1
31,P7,P7,Pre_P7,1,0.7675956771738275,1
31,P7,P7,Pre_P7,1,0.7424038340050592,1
31,P7,P7,Pre_P7,1,0.61300411891406,1
31,P7,P7,Pre_P7,1,0.6270001843373373,1
31,P7,P7,Pre_P7,1,0.75500006807838,1
31,P7,P7,Pre_P7,1,0.8131109048988379,1
31,P7,P7,Pre_P7,1,0.7048248250309238,1
31,P7,P7,Pre_P7,1,0.5426759444239776,1
31,P7,P7,Pre_P7,1,0.7232967437513727,1
31,P7,P7,Pre_P7,1,0.7375488093560747,1
31,P7,P7,Pre_P7,1,0.6688958123797226,1
31,P7,P7,Pre_P7,1,0.6477301163607472,1
31,P7,P7,Pre_P7,1,0.8155814748500435,1
31,P7,P7,Pre_P7,1,0.5300918892284369,1
31,P7,P7,Pre_P7,1,0.8058969836278884,1
31,P7,P7,Pre_P7,1,0.7225114197386059,1
31,P7,P7,Pre_P7,1,0.7710746922221641,1
31,P7,P7,Pre_P7,1,0.7179332642466557,1
31,P7,P7,Pre_P7,1,0.8022133912643509,1
31,P7,P7,Pre_P7,1,0.7770528100034617,1
31,P7,P7,Pre_P7,1,0.8063159389587434,1
31,P7,P7,Pre_P7,1,0.6347721830219546,1
31,P7,P7,Pre_P7,1,0.6910164526832789,1
31,P7,P7,Pre_P7,1,0.5879389451651938,1
31,P7,P7,Pre_P7,1,0.7331838799673136,1
31,P7,P7,Pre_P7,1,0.6950385032459446,1
31,P7,P7,Pre_P7,1,0.722601559183185,1
31,P7,P7,Pre_P7,1,0.687510748372456,1
31,P7,P7,Pre_P7,1,0.8001367978427983,1
31,P7,P7,Pre_P7,1,0.7172813013722464,1
31,P7,P7,Pre_P7,1,0.7333935698563336,1
31,P7,P7,Pre_P7,1,0.6287883570488676,1
31,P7,P7,Pre_P7,1,0.7077325278941203,1
31,P7,P7,Pre_P7,1,0.8266111159830617,1
31,P7,P7,Pre_P7,1,0.7868736550740386,1
31,P7,P7,Pre_P7,1,0.5946149801787162,1
31,P7,P7,Pre_P7,1,0.7172014652720429,1
31,P7,P7,Pre_P7,1,0.8241880497234294,1
31,P7,P7,Pre_P7,1,0.6767236459450446,1
31,P7,P7,Pre_P7,1,0.7768104732418332,1
31,P7,P7,Pre_P7,1,0.7378646884771816,1
31,P7,P7,Pre_P7,1,0.6304355529032288,1
31,P7,P7,Pre_P7,1,0.8149459694962439,1
31,P7,P7,Pre_P7,1,0.7580665356679014,1
31,P7,P7,Pre_P7,1,0.6715646616145869,1
31,P7,P7,Pre_P7,1,0.8047338681657228,1
31,P7,P7,Pre_P7,1,0.84663258211591,1
31,P7,P7,Pre_P7,1,0.5876630276321694,1
31,P7,P7,Pre_P7,1,0.7601784922876431,1
31,P7,P7,Pre_P7,1,0.7753227175614975,1
31,P7,P7,Pre_P7,1,0.7677842933765837,1
31,P7,P7,Pre_P7,1,0.8396891044295416,1
31,P7,P7,Pre_P7,1,0.7036904287976714,1
31,P7,P7,Pre_P7,1,0.7600440393376316,1
31,P7,P7,Pre_P7,1,0.7922288210556383,1
31,P7,P7,Pre_P7,1,0.5882559570536404,1
31,P7,P7,Pre_P7,1,0.7269578588566851,1
31,P7,P7,Pre_P7,1,0.802443133537706,1
31,P7,P7,Pre_P7,1,0.747306216801979,1
31,P7,P7,Pre_P7,1,0.8241719426112897,1
31,P7,P7,Pre_P7,1,0.8314820326281269,1
31,P7,P7,Pre_P7,1,0.5491014814330671,1
31,P7,P7,Pre_P7,1,0.5504216701970505,1
31,P7,P7,Pre_P7,1,0.8224636886574476,1
31,P7,P7,Pre_P7,1,0.754447286712782,1
31,P7,P7,Pre_P7,1,0.6295115554481466,1
31,P7,P7,Pre_P7,1,0.7799250164793574,1
31,P7,P7,Pre_P7,1,0.8096146389043777,1
31,P7,P7,Pre_P7,1,0.5761477442818097,1
31,P7,P7,Pre_P7,1,0.8475139964670834,1
31,P7,P7,Pre_P7,1,0.7244530822222901,1
31,P7,P7,Pre_P7,1,0.8291988887965696,1
31,P7,P7,Pre_P7,1,0.569565204637679,1
31,P7,P7,Pre_P7,1,0.7507694719183299,1
31,P7,P7,Pre_P7,1,0.773318830005204,1
31,P7,P7,Pre_P7,1,0.7039038099717531,1
31,P7,P7,Pre_P7,1,0.7034715141252397,1
31,P7,P7,Pre_P7,1,0.5626717208640504,1
31,P7,P7,Pre_P7,1,0.7221505425249052,1
31,P7,P7,Pre_P7,1,0.8444710522631821,1
31,P7,P7,Pre_P7,1,0.7807610148544415,1
31,P7,P7,Pre_P7,1,0.7788169108259484,1
31,P7,P7,Pre_P7,1,0.8061725386679413,1
31,P7,P7,Pre_P7,1,0.7329575968749115,1
31,P7,P7,Pre_P7,1,0.6707766696979294,1
31,P7,P7,Pre_P7,1,0.71039920454086,1
31,P7,P7,Pre_P7,1,0.7613433662263681,1
31,P7,P7,Pre_P7,1,0.760161937637794,1
31,P7,P7,Pre_P7,1,0.6976285764387251,1
31,P7,P7,Pre_P7,1,0.670720462783752,1
31,P7,P7,Pre_P7,1,0.685529594872354,1
31,P7,P7,Pre_P7,1,0.6349579973523597,1
31,P7,P7,Pre_P7,1,0.8128248595582954,1
31,P7,P7,Pre_P7,1,0.7364680237096809,1
31,P7,P7,Pre_P7,1,0.7625348510554161,1
31,P7,P7,Pre_P7,1,0.8089688804101272,1
31,P7,P7,Pre_P7,1,0.5890021748296345,1
31,P7,P7,Pre_P7,1,0.6701756484348348,1
31,P7,P7,Pre_P7,1,0.7392616894000166,1
31,P7,P7,Pre_P7,1,0.7319472565661751,1
31,P7,P7,Pre_P7,1,0.6577393477261279,1
31,P7,P7,Pre_P7,1,0.6423454756028164,1
31,P7,P7,Pre_P7,1,0.7492088788581006,1
31,P7,P7,Pre_P7,1,0.7925640968718424,1
31,P7,P7,Pre_P7,1,0.695769952584673,1
31,P7,P7,Pre_P7,1,0.6181360478842863,1
31,P7,P7,Pre_P7,1,0.7532675430681021,1
31,P7,P7,Pre_P7,1,0.7858779131901801,1
31,P7,P7,Pre_P7,1,0.6368075266372735,1
31,P7,P7,Pre_P7,1,0.7898758852463266,1
31,P7,P7,Pre_P7,1,0.7181869869791879,1
31,P7,P7,Pre_P7,1,0.6889636682891975,1
31,P7,P7,Pre_P7,1,0.6768790595822068,1
31,P7,P7,Pre_P7,1,0.7407205368191456,1
31,P7,P7,Pre_P7,1,0.5729606900704662,1
31,P7,P7,Pre_P7,1,0.6829385350852607,1
31,P7,P7,Pre_P7,1,0.8201320020900564,1
31,P7,P7,Pre_P7,1,0.7347633267235059,1
31,P7,P7,Pre_P7,1,0.6394694782734466,1
31,P7,P7,Pre_P7,1,0.8081438977830542,1
31,P7,P7,Pre_P7,1,0.7408928477949024,1
31,P7,P7,Pre_P7,1,0.7527253082056011,1
31,P7,P7,Pre_P7,1,0.8469233610397686,1
31,P7,P7,Pre_P7,1,0.7335938017593321,1
31,P7,P7,Pre_P7,1,0.6557444486790179,1
31,P7,P7,Pre_P7,1,0.7160524127643665,1
31,P7,P7,Pre_P7,1,0.6329188186302562,1
31,P7,P7,Pre_P7,1,0.8800871341367417,1
31,P7,P7,Pre_P7,1,0.6533807209686399,1
31,P7,P7,Pre_P7,1,0.8553715888277568,1
31,P7,P7,Pre_P7,1,0.7916827666292673,1
31,P7,P7,Pre_P7,1,0.6651999157303351,1
31,P7,P7,Pre_P7,1,0.7985584212478958,1
31,P7,P7,Pre_P7,1,0.7007724226570746,1
31,P7,P7,Pre_P7,1,0.7473775421814569,1
31,P7,P7,Pre_P7,1,0.70560453421594,1
31,P7,P7,Pre_P7,1,0.6335626166475814,1
31,P7,P7,Pre_P7,1,0.7249384985877123,1
31,P7,P7,Pre_P7,1,0.6870852200467447,1
31,P7,P7,Pre_P7,1,0.62046830936403,1
31,P7,P7,Pre_P7,1,0.8296819817294238,1
31,P7,P7,Pre_P7,1,0.6885261382575568,1
31,P7,P7,Pre_P7,1,0.7178163729236724,1
31,P7,P7,Pre_P7,1,0.7133616149622088,1
31,P7,P7,Pre_P7,1,0.695162101112793,1
31,P7,P7,Pre_P7,1,0.7733452336146633,1
31,P7,P7,Pre_P7,1,0.7422608190398985,1
31,P7,P7,Pre_P7,1,0.6724703704033841,1
31,P7,P7,Pre_P7,1,0.8756128791532497,1
31,P7,P7,Pre_P7,1,0.7406239951165752,1
31,P7,P7,Pre_P7,1,0.5845227406588218,1
31,P7,P7,Pre_P7,1,0.8079688456368145,1
31,P7,P7,Pre_P7,1,0.7355023987754078,1
31,P7,P7,Pre_P7,1,0.6812137409242683,1
31,P7,P7,Pre_P7,1,0.7395715810216662,1
31,P7,P7,Pre_P7,1,0.62046830936403,1
31,P7,P7,Pre_P7,1,0.6131488541789484,1
31,P7,P7,Pre_P7,1,0.6270616977154195,1
31,P7,P7,Pre_P7,1,0.8370443151219781,1
31,P7,P7,Pre_P7,1,0.7500015715596162,1
31,P7,P7,Pre_P7,1,0.6537890562311872,1
31,P7,P7,Pre_P7,1,0.8420816195658449,1
31,P7,P7,Pre_P7,1,0.6683098034243214,1
31,P7,P7,Pre_P7,1,0.7339034881921225,1
31,P7,P7,Pre_P7,1,0.8048808684553113,1
31,P7,P7,Pre_P7,1,0.8283652889190382,1
31,P7,P7,Pre_P7,1,0.8142421064896855,1
31,P7,P7,Pre_P7,1,0.7533399934442255,1
31,P7,P7,Pre_P7,1,0.7724239776051287,1
31,P7,P7,Pre_P7,1,0.8327987254385125,1
31,P7,P7,Pre_P7,1,0.6704497177890667,1
31,P7,P7,Pre_P7,1,0.7222771825897497,1
31,P7,P7,Pre_P7,1,0.6273667321494203,1
31,P7,P7,Pre_P7,1,0.6665566047122635,1
31,P7,P7,Pre_P7,1,0.8587804202693566,1
31,P7,P7,Pre_P7,1,0.7975110106035221,1
31,P7,P7,Pre_P7,1,0.758078364977835,1
31,P7,P7,Pre_P7,1,0.6245813059727787,1
31,P7,P7,Pre_P7,1,0.6540208267838816,1
31,P7,P7,Pre_P7,1,0.8108629734310615,1
31,P7,P7,Pre_P7,1,0.6978174732606102,1
31,P7,P7,Pre_P7,1,0.8205790618870311,1
31,P7,P7,Pre_P7,1,0.7401826938083541,1
31,P7,P7,Pre_P7,1,0.7476085960183794,1
31,P7,P7,Pre_P7,1,0.6245781684723254,1
31,P7,P7,Pre_P7,1,0.7346739845661173,1
31,P7,P7,Pre_P7,1,0.7561002229894501,1
31,P7,P7,Pre_P7,1,0.7395872331804324,1
31,P7,P7,Pre_P7,1,0.8235112263055948,1
31,P7,P7,Pre_P7,1,0.773841277624294,1
31,P7,P7,Pre_P7,1,0.578790333452949,1
31,P7,P7,Pre_P7,1,0.5635742743656336,1
31,P7,P7,Pre_P7,1,0.6216162290166167,1
31,P7,P7,Pre_P7,1,0.7863254731352872,1
31,P7,P7,Pre_P7,1,0.7222042458736951,1
31,P7,P7,Pre_P7,1,0.7230836941359317,1
31,P7,P7,Pre_P7,1,0.6321516570162584,1
31,P7,P7,Pre_P7,1,0.737077602886125,1
31,P7,P7,Pre_P7,1,0.7433483057909827,1
31,P7,P7,Pre_P7,1,0.6974530999636454,1
31,P7,P7,Pre_P7,1,0.7706435316190167,1
31,P7,P7,Pre_P7,1,0.6742535094345805,1
31,P7,P7,Pre_P7,1,0.8262205693818326,1
31,P7,P7,Pre_P7,1,0.6742491423637434,1
31,P7,P7,Pre_P7,1,0.8345043190976053,1
31,P7,P7,Pre_P7,1,0.8349974544798296,1
31,P7,P7,Pre_P7,1,0.8057084494071929,1
31,P7,P7,Pre_P7,1,0.7346607592323444,1
31,P7,P7,Pre_P7,1,0.7131798082738141,1
31,P7,P7,Pre_P7,1,0.7135557448293814,1
31,P7,P7,Pre_P7,1,0.5676037315967098,1
31,P7,P7,Pre_P7,1,0.6147676130988416,1
31,P7,P7,Pre_P7,1,0.7328613677038697,1
31,P7,P7,Pre_P7,1,0.7547869250638523,1
31,P7,P7,Pre_P7,1,0.7663669470984467,1
31,P7,P7,Pre_P7,1,0.7268916819306078,1
31,P7,P7,Pre_P7,1,0.6905656807789342,1
31,P7,P7,Pre_P7,1,0.8456640359890566,1
31,P7,P7,Pre_P7,1,0.682192362195035,1
31,P7,P7,Pre_P7,1,0.7982274708529421,1
31,P7,P7,Pre_P7,1,0.8125791164061443,1
31,P7,P7,Pre_P7,1,0.6824435868137116,1
31,P7,P7,Pre_P7,1,0.7565476197209169,1
31,P7,P7,Pre_P7,1,0.8291988887965696,1
31,P7,P7,Pre_P7,1,0.6397767322912219,1
31,P7,P7,Pre_P7,1,0.5077460704887821,1
31,P7,P7,Pre_P7,1,0.6433971587666816,1
31,P7,P7,Pre_P7,1,0.6943592868169163,1
31,P7,P7,Pre_P7,1,0.8261569384050574,1
31,P7,P7,Pre_P7,1,0.6464910303024834,1
31,P7,P7,Pre_P7,1,0.7956918853659559,1
31,P7,P7,Pre_P7,1,0.5850980569037817,1
31,P7,P7,Pre_P7,1,0.7193365636254522,1
31,P7,P7,Pre_P7,1,0.7495897112800819,1
31,P7,P7,Pre_P7,1,0.6672790959423098,1
31,P7,P7,Pre_P7,1,0.6405049246740304,1
31,P7,P7,Pre_P7,1,0.736577942935797,1
31,P7,P7,Pre_P7,1,0.7579325929882771,1
31,P7,P7,Pre_P7,1,0.6602139733434101,1
31,P7,P7,Pre_P7,1,0.7466961271848709,1
31,P7,P7,Pre_P7,1,0.8786233327501065,1
31,P7,P7,Pre_P7,1,0.6333990259949569,1
31,P7,P7,Pre_P7,1,0.7606450305706483,1
31,P7,P7,Pre_P7,1,0.8076074188213692,1
31,P7,P7,Pre_P7,1,0.6620747642724427,1
31,P7,P7,Pre_P7,1,0.7088464920876736,1
31,P7,P7,Pre_P7,1,0.732442349177984,1
31,P7,P7,Pre_P7,1,0.5210688181017197,1
31,P7,P7,Pre_P7,1,0.7402166765907142,1
31,P7,P7,Pre_P7,1,0.7776434454307765,1
31,P7,P7,Pre_P7,1,0.7437964184131693,1
31,P7,P7,Pre_P7,1,0.749058215162221,1
31,P7,P7,Pre_P7,1,0.6765629683402213,1
31,P7,P7,Pre_P7,1,0.6871631661558925,1
31,P7,P7,Pre_P7,1,0.7900613052364447,1
31,P7,P7,Pre_P7,1,0.8194567604139267,1
31,P7,P7,Pre_P7,1,0.7465598937905881,1
31,P7,P7,Pre_P7,1,0.7321781369364426,1
31,P7,P7,Pre_P7,1,0.5667262933247025,1
31,P7,P7,Pre_P7,1,0.7700931424432037,1
31,P7,P7,Pre_P7,1,0.7573238617233495,1
31,P7,P7,Pre_P7,1,0.7079218881569826,1
31,P7,P7,Pre_P7,1,0.8296819817294238,1
31,P7,P7,Pre_P7,1,0.7580813382511526,1
31,P7,P7,Pre_P7,1,0.8376649394070272,1
31,P7,P7,Pre_P7,1,0.7298925141610111,1
31,P7,P7,Pre_P7,1,0.6737830385891677,1
31,P7,P7,Pre_P7,1,0.8462845160412181,1
31,P7,P7,Post_P7,1,0.12726790970284835,0
31,P7,P7,Post_P7,1,0.0,0
31,P7,P7,Post_P7,1,0.017241379310344827,0
31,P7,P7,Post_P7,1,0.015747442475820838,0
31,P7,P7,Post_P7,1,0.008073519884914799,0
31,P7,P7,Post_P7,1,0.017241379310344827,0
31,P7,P7,Post_P7,1,0.0,0
31,P7,P7,Post_P7,1,0.08893986771170583,0
31,P7,P7,Post_P7,1,0.0006221289955437306,0
31,P7,P7,Post_P7,1,0.0,0
31,P7,P7,Post_P7,1,0.0,0
31,P7,P7,Post_P7,1,0.0,0
31,P7,P7,Post_P7,1,0.034482758620689655,0
31,P7,P7,Post_P7,1,0.0,0
31,P7,P7,Post_P7,1,0.0,0
31,P7,P7,Post_P7,1,0.03626310644242665,0
31,P7,P7,Post_P7,1,0.003735502396878559,0
31,P7,P7,Post_P7,1,0.0,0
31,P7,P7,Post_P7,1,0.017241379310344827,0
31,P7,P7,Post_P7,1,0.008073519884914799,0
31,P7,P7,Post_P7,1,0.0,0
31,P7,P7,Post_P7,1,0.11628957909718561,0
31,P7,P7,Post_P7,1,0.017241379310344827,0
31,P7,P7,Post_P7,1,0.07071359513995089,0
31,P7,P7,Post_P7,1,0.0,0
31,P7,P7,Post_P7,1,0.02422509357110259,0
31,P7,P7,Post_P7,1,0.026028017428101232,0
31,P7,P7,Post_P7,1,0.18161386437670707,0
31,P7,P7,Post_P7,1,0.09971651888691,0
31,P7,P7,Post_P7,1,0.0,0
31,P7,P7,Post_P7,1,0.014691027000062357,0
31,P7,P7,Post_P7,1,0.0,0
31,P7,P7,Post_P7,1,0.007915946141451647,0
31,P7,P7,Post_P7,1,0.03210604843164434,0
31,P7,P7,Post_P7,1,0.14823342747010607,0
31,P7,P7,Post_P7,1,0.08529480628077614,0
31,P7,P7,Post_P7,1,0.0,0
31,P7,P7,Post_P7,1,0.030416640714508277,0
31,P7,P7,Post_P7,1,0.0,0
31,P7,P7,Post_P7,1,0.034482758620689655,0
31,P7,P7,Post_P7,1,0.07745089910780152,0
31,P7,P7,Post_P7,1,0.0,0
31,P7,P7,Post_P7,1,0.0,0
31,P7,P7,Post_P7,1,0.0,0
31,P7,P7,Post_P7,1,0.056127689447047546,0
31,P7,P7,Post_P7,1,0.037651966626270995,0
31,P7,P7,Post_P7,1,0.09073155933721544,0
31,P7,P7,Post_P7,1,0.0,0
31,P7,P7,Post_P7,1,0.034482758620689655,0
31,P7,P7,Post_P7,1,0.0,0
31,P7,P7,Post_P7,1,0.017241379310344827,0
31,P7,P7,Post_P7,1,0.0033660627613040115,0
31,P7,P7,Post_P7,1,0.0,0
31,P7,P7,Post_P7,1,0.042965418618984494,0
31,P7,P7,Post_P7,1,0.026092788450659016,0
31,P7,P7,Post_P7,1,0.017241379310344827,0
31,P7,P7,Post_P7,1,0.01725624982130898,0
31,P7,P7,Post_P7,1,0.034482758620689655,0
31,P7,P7,Post_P7,1,0.042965418618984494,0
31,P7,P7,Post_P7,1,0.21795682180855158,0
31,P7,P7,Post_P7,1,0.0006221289955437306,0
31,P7,P7,Post_P7,1,0.08572802433851384,0
31,P7,P7,Post_P7,1,0.0,0
31,P7,P7,Post_P7,1,0.0,0
31,P7,P7,Post_P7,1,0.05108372248236482,0
31,P7,P7,Post_P7,1,0.0006221289955437306,0
31,P7,P7,Post_P7,1,0.016210947546400022,0
31,P7,P7,Post_P7,1,0.0,0
31,P7,P7,Post_P7,1,0.07372187997830906,0
31,P7,P7,Post_P7,1,0.0,0
31,P7,P7,Post_P7,1,0.0006221289955437306,0
31,P7,P7,Post_P7,1,0.024474810596393493,0
31,P7,P7,Post_P7,1,0.13332984663890432,0
31,P7,P7,Post_P7,1,0.05172413793103448,0
31,P7,P7,Post_P7,1,0.0,0
31,P7,P7,Post_P7,1,0.008973635397749235,0
31,P7,P7,Post_P7,1,0.0,0
31,P7,P7,Post_P7,1,0.0,0
31,P7,P7,Post_P7,1,0.0,0
31,P7,P7,Post_P7,1,0.0,0
31,P7,P7,Post_P7,1,0.0,0
31,P7,P7,Post_P7,1,0.017241379310344827,0
31,P7,P7,Post_P7,1,0.019128121226244722,0
31,P7,P7,Post_P7,1,0.0,0
31,P7,P7,Post_P7,1,0.038941700311311736,0
31,P7,P7,Post_P7,1,0.06380642370760203,0
31,P7,P7,Post_P7,1,0.0,0
31,P7,P7,Post_P7,1,0.1334228136720727,0
31,P7,P7,Post_P7,1,0.0,0
31,P7,P7,Post_P7,1,0.06340317939584965,0
31,P7,P7,Post_P7,1,0.0,0
31,P7,P7,Post_P7,1,0.0,0
31,P7,P7,Post_P7,1,0.024474810596393493,0
31,P7,P7,Post_P7,1,0.017241379310344827,0
31,P7,P7,Post_P7,1,0.0006221289955437306,0
31,P7,P7,Post_P7,1,0.008973635397749235,0
31,P7,P7,Post_P7,1,0.012709137794627793,0
31,P7,P7,Post_P7,1,0.017695705946550795,0
31,P7,P7,Post_P7,1,0.0,0
31,P7,P7,Post_P7,1,0.02621501470809406,0
31,P7,P7,Post_P7,1,0.050566546833383325,0
31,P7,P7,Post_P7,1,0.0,0
31,P7,P7,Post_P7,1,0.0006221289955437306,0
31,P7,P7,Post_P7,1,0.022617633924664468,0
31,P7,P7,Post_P7,1,0.0,0
31,P7,P7,Post_P7,1,0.012709137794627793,0
31,P7,P7,Post_P7,1,0.0,0
31,P7,P7,Post_P7,1,0.0,0
31,P7,P7,Post_P7,1,0.03863981663147196,0
31,P7,P7,Post_P7,1,0.040376492395469206,0
31,P7,P7,Post_P7,1,0.04372607021150999,0
31,P7,P7,Post_P7,1,0.2667386067507636,0
31,P7,P7,Post_P7,1,0.0159858934169279,0
31,P7,P7,Post_P7,1,0.0,0
31,P7,P7,Post_P7,1,0.015234268533664096,0
31,P7,P7,Post_P7,1,0.0,0
31,P7,P7,Post_P7,1,0.02621501470809406,0
31,P7,P7,Post_P7,1,0.008973635397749235,0
31,P7,P7,Post_P7,1,0.000454326636205969,0
31,P7,P7,Post_P7,1,0.01338850929966806,0
31,P7,P7,Post_P7,1,0.06069777332878372,0
31,P7,P7,Post_P7,1,0.0,0
31,P7,P7,Post_P7,1,0.008973635397749235,0
31,P7,P7,Post_P7,1,0.053435526482384005,0
31,P7,P7,Post_P7,1,0.016649578351244892,0
31,P7,P7,Post_P7,1,0.01184439382284973,0
31,P7,P7,Post_P7,1,0.0,0
31,P7,P7,Post_P7,1,0.0,0
31,P7,P7,Post_P7,1,0.08271680160706568,0
31,P7,P7,Post_P7,1,0.017241379310344827,0
31,P7,P7,Post_P7,1,0.058864374121624326,0
31,P7,P7,Post_P7,1,0.0,0
31,P7,P7,Post_P7,1,0.024474810596393493,0
31,P7,P7,Post_P7,1,0.0,0
31,P7,P7,Post_P7,1,0.02621501470809406,0
31,P7,P7,Post_P7,1,0.009595764393292966,0
31,P7,P7,Post_P7,1,0.01184439382284973,0
31,P7,P7,Post_P7,1,0.053837569701855575,0
31,P7,P7,Post_P7,1,0.017241379310344827,0
31,P7,P7,Post_P7,1,0.0,0
31,P7,P7,Post_P7,1,0.04331893056787822,0
31,P7,P7,Post_P7,1,0.0,0
31,P7,P7,Post_P7,1,0.00435763139242229,0
31,P7,P7,Post_P7,1,0.0,0
31,P7,P7,Post_P7,1,0.017241379310344827,0
31,P7,P7,Post_P7,1,0.02383920540250085,0
31,P7,P7,Post_P7,1,0.04047632120930195,0
31,P7,P7,Post_P7,1,0.06835942246555739,0
31,P7,P7,Post_P7,1,0.024474810596393493,0
31,P7,P7,Post_P7,1,0.159961789396444,0
31,P7,P7,Post_P7,1,0.008973635397749235,0
31,P7,P7,Post_P7,1,0.057969401776466874,0
31,P7,P7,Post_P7,1,0.07263083119185747,0
31,P7,P7,Post_P7,1,0.022094577972642096,0
31,P7,P7,Post_P7,1,0.0,0
31,P7,P7,Post_P7,1,0.0,0
31,P7,P7,Post_P7,1,0.1720113801842702,0
31,P7,P7,Post_P7,1,0.0,0
31,P7,P7,Post_P7,1,0.016649578351244892,0
31,P7,P7,Post_P7,1,0.034482758620689655,0
31,P7,P7,Post_P7,1,0.06331729196055032,0
31,P7,P7,Post_P7,1,0.001054984494525961,0
31,P7,P7,Post_P7,1,0.0,0
31,P7,P7,Post_P7,1,0.0006221289955437306,0
31,P7,P7,Post_P7,1,0.07201656202811973,0
31,P7,P7,Post_P7,1,0.017241379310344827,0
31,P7,P7,Post_P7,1,0.017241379310344827,0
31,P7,P7,Post_P7,1,0.0,0
31,P7,P7,Post_P7,1,0.017241379310344827,0
31,P7,P7,Post_P7,1,0.020076711626607777,0
31,P7,P7,Post_P7,1,0.0,0
31,P7,P7,Post_P7,1,0.1272066403403039,0
31,P7,P7,Post_P7,1,0.0,0
31,P7,P7,Post_P7,1,0.00102593795238881,0
31,P7,P7,Post_P7,1,0.0,0
31,P7,P7,Post_P7,1,0.017241379310344827,0
31,P7,P7,Post_P7,1,0.0,0
31,P7,P7,Post_P7,1,0.013380970967228468,0
31,P7,P7,Post_P7,1,0.0006221289955437306,0
31,P7,P7,Post_P7,1,0.08610605524056571,0
31,P7,P7,Post_P7,1,0.0,0
31,P7,P7,Post_P7,1,0.03130924713058322,0
31,P7,P7,Post_P7,1,0.008973635397749235,0
31,P7,P7,Post_P7,1,0.01829636380487079,0
31,P7,P7,Post_P7,1,0.008973635397749235,0
31,P7,P7,Post_P7,1,0.017241379310344827,0
31,P7,P7,Post_P7,1,0.0,0
31,P7,P7,Post_P7,1,0.0006221289955437306,0
31,P7,P7,Post_P7,1,0.017241379310344827,0
31,P7,P7,Post_P7,1,0.0,0
31,P7,P7,Post_P7,1,0.0006221289955437306,0
31,P7,P7,Post_P7,1,0.03792997988589373,0
31,P7,P7,Post_P7,1,0.0,0
31,P7,P7,Post_P7,1,0.05172413793103448,0
31,P7,P7,Post_P7,1,0.05274758060008014,0
31,P7,P7,Post_P7,1,0.0,0
31,P7,P7,Post_P7,1,0.0,0
31,P7,P7,Post_P7,1,0.017241379310344827,0
31,P7,P7,Post_P7,1,0.0006221289955437306,0
31,P7,P7,Post_P7,1,0.0,0
31,P7,P7,Post_P7,1,0.0,0
31,P7,P7,Post_P7,1,0.0,0
31,P7,P7,Post_P7,1,0.034482758620689655,0
31,P7,P7,Post_P7,1,0.00040380895684507954,0
31,P7,P7,Post_P7,1,0.017241379310344827,0
31,P7,P7,Post_P7,1,0.0,0
31,P7,P7,Post_P7,1,0.040199049249406385,0
31,P7,P7,Post_P7,1,0.008073519884914799,0
31,P7,P7,Post_P7,1,0.02621501470809406,0
31,P7,P7,Post_P7,1,0.0,0
31,P7,P7,Post_P7,1,0.034482758620689655,0
31,P7,P7,Post_P7,1,0.017241379310344827,0
31,P7,P7,Post_P7,1,0.020976881707223387,0
31,P7,P7,Post_P7,1,0.09671527634052181,0
31,P7,P7,Post_P7,1,0.008973635397749235,0
31,P7,P7,Post_P7,1,0.040199049249406385,0
31,P7,P7,Post_P7,1,0.0,0
31,P7,P7,Post_P7,1,0.008973635397749235,0
31,P7,P7,Post_P7,1,0.03715807127622297,0
31,P7,P7,Post_P7,1,0.01829636380487079,0
31,P7,P7,Post_P7,1,0.0,0
31,P7,P7,Post_P7,1,0.017241379310344827,0
31,P7,P7,Post_P7,1,0.0,0
31,P7,P7,Post_P7,1,0.0,0
31,P7,P7,Post_P7,1,0.0,0
31,P7,P7,Post_P7,1,0.008973635397749235,0
31,P7,P7,Post_P7,1,0.034482758620689655,0
31,P7,P7,Post_P7,1,0.05172413793103448,0
31,P7,P7,Post_P7,1,0.008973635397749235,0
31,P7,P7,Post_P7,1,0.025304847948461145,0
31,P7,P7,Post_P7,1,0.017241379310344827,0
32,P8,P8,Pre_P8,1,0.30352948899067583,0
32,P8,P8,Pre_P8,1,0.28848263710576455,0
32,P8,P8,Pre_P8,1,0.2726563189808255,0
32,P8,P8,Pre_P8,1,0.26758613395230313,0
32,P8,P8,Pre_P8,1,0.2407955889911889,0
32,P8,P8,Pre_P8,1,0.7854023788938209,1
32,P8,P8,Pre_P8,1,0.2384814876908981,0
32,P8,P8,Pre_P8,1,0.26809811038694786,0
32,P8,P8,Pre_P8,1,0.3011917766372753,0
32,P8,P8,Pre_P8,1,0.2582759711090345,0
32,P8,P8,Pre_P8,1,0.252426123917215,0
32,P8,P8,Pre_P8,1,0.3267900403594325,0
32,P8,P8,Pre_P8,1,0.29024682358269555,0
32,P8,P8,Pre_P8,1,0.26719792102798146,0
32,P8,P8,Pre_P8,1,0.29669132675821747,0
32,P8,P8,Pre_P8,1,0.2603968921416851,0
32,P8,P8,Pre_P8,1,0.7296591871099525,1
32,P8,P8,Pre_P8,1,0.2321977606414409,0
32,P8,P8,Pre_P8,1,0.2951599010567669,0
32,P8,P8,Pre_P8,1,0.4964465124101159,0
32,P8,P8,Pre_P8,1,0.23883865479062982,0
32,P8,P8,Pre_P8,1,0.2585278517748286,0
32,P8,P8,Pre_P8,1,0.3037804658914508,0
32,P8,P8,Pre_P8,1,0.3082174852955982,0
32,P8,P8,Pre_P8,1,0.30610933932931234,0
32,P8,P8,Pre_P8,1,0.4520245385571648,0
32,P8,P8,Pre_P8,1,0.25589187823285253,0
32,P8,P8,Pre_P8,1,0.5561245238684259,1
32,P8,P8,Pre_P8,1,0.42368143682172865,0
32,P8,P8,Pre_P8,1,0.2786282593719531,0
32,P8,P8,Pre_P8,1,0.5332636851897241,1
32,P8,P8,Pre_P8,1,0.42368143682172865,0
32,P8,P8,Pre_P8,1,0.26477547908898125,0
32,P8,P8,Pre_P8,1,0.31123441329125373,0
32,P8,P8,Pre_P8,1,0.26544165881733667,0
32,P8,P8,Pre_P8,1,0.3034751927078232,0
32,P8,P8,Pre_P8,1,0.5687039393136216,1
32,P8,P8,Pre_P8,1,0.31110482898717945,0
32,P8,P8,Pre_P8,1,0.540152058820186,1
32,P8,P8,Pre_P8,1,0.27931599002710233,0
32,P8,P8,Pre_P8,1,0.3406544992819967,0
32,P8,P8,Pre_P8,1,0.5937289435626133,1
32,P8,P8,Pre_P8,1,0.41643159431681115,0
32,P8,P8,Pre_P8,1,0.2724744453500487,0
32,P8,P8,Pre_P8,1,0.3285659839059442,0
32,P8,P8,Pre_P8,1,0.3379195133255478,0
32,P8,P8,Pre_P8,1,0.5819079708922948,1
32,P8,P8,Pre_P8,1,0.2816306528784952,0
32,P8,P8,Pre_P8,1,0.5525235306625469,1
32,P8,P8,Pre_P8,1,0.30645185804280295,0
32,P8,P8,Pre_P8,1,0.51487917173906,1
32,P8,P8,Pre_P8,1,0.2678404284244197,0
32,P8,P8,Pre_P8,1,0.32269645114749074,0
32,P8,P8,Pre_P8,1,0.2671556393761633,0
32,P8,P8,Pre_P8,1,0.58030212476638,1
32,P8,P8,Pre_P8,1,0.2691284209146109,0
32,P8,P8,Pre_P8,1,0.4796103793239595,0
32,P8,P8,Pre_P8,1,0.27836807017886334,0
32,P8,P8,Pre_P8,1,0.2614552599728022,0
32,P8,P8,Pre_P8,1,0.22753827167391688,0
32,P8,P8,Pre_P8,1,0.5964134625225334,1
32,P8,P8,Pre_P8,1,0.4535372661478787,0
32,P8,P8,Pre_P8,1,0.2494276352891798,0
32,P8,P8,Pre_P8,1,0.3260112973605395,0
32,P8,P8,Pre_P8,1,0.28912506966073315,0
32,P8,P8,Pre_P8,1,0.29692644655491623,0
32,P8,P8,Pre_P8,1,0.3016438017999752,0
32,P8,P8,Pre_P8,1,0.2614552599728022,0
32,P8,P8,Pre_P8,1,0.34106668567515996,0
32,P8,P8,Pre_P8,1,0.27336231275647277,0
32,P8,P8,Pre_P8,1,0.25907542832158414,0
32,P8,P8,Pre_P8,1,0.2948164531277017,0
32,P8,P8,Pre_P8,1,0.5758749789089562,1
32,P8,P8,Pre_P8,1,0.28829904199318707,0
32,P8,P8,Pre_P8,1,0.2652232348172934,0
32,P8,P8,Pre_P8,1,0.23367225185296644,0
32,P8,P8,Pre_P8,1,0.313071932815023,0
32,P8,P8,Pre_P8,1,0.27015270462426666,0
32,P8,P8,Pre_P8,1,0.27161712333616234,0
32,P8,P8,Pre_P8,1,0.3233112378138055,0
32,P8,P8,Pre_P8,1,0.24972902023438823,0
32,P8,P8,Pre_P8,1,0.26809811038694786,0
32,P8,P8,Pre_P8,1,0.30464396331855437,0
32,P8,P8,Pre_P8,1,0.2624103970502796,0
32,P8,P8,Pre_P8,1,0.28446957991079136,0
32,P8,P8,Pre_P8,1,0.7738202292460865,1
32,P8,P8,Pre_P8,1,0.5143788454617826,1
32,P8,P8,Pre_P8,1,0.27536358508616976,0
32,P8,P8,Pre_P8,1,0.2677691535440895,0
32,P8,P8,Pre_P8,1,0.860188681778818,1
32,P8,P8,Pre_P8,1,0.2709965440818554,0
32,P8,P8,Pre_P8,1,0.2956718789163826,0
32,P8,P8,Pre_P8,1,0.282251017681986,0
32,P8,P8,Pre_P8,1,0.7284307890715698,1
32,P8,P8,Pre_P8,1,0.6218482407835856,1
32,P8,P8,Pre_P8,1,0.28912506966073315,0
32,P8,P8,Pre_P8,1,0.2986616298532223,0
32,P8,P8,Pre_P8,1,0.4932829471063505,0
32,P8,P8,Pre_P8,1,0.2819640927374465,0
32,P8,P8,Pre_P8,1,0.6883028374258507,1
32,P8,P8,Pre_P8,1,0.3141482354149492,0
32,P8,P8,Pre_P8,1,0.3241180850458094,0
32,P8,P8,Pre_P8,1,0.2798507202301061,0
32,P8,P8,Pre_P8,1,0.28918226075507475,0
32,P8,P8,Pre_P8,1,0.33136366479291307,0
32,P8,P8,Pre_P8,1,0.21200930921306174,0
32,P8,P8,Pre_P8,1,0.2789946793365191,0
32,P8,P8,Pre_P8,1,0.2742967915450269,0
32,P8,P8,Pre_P8,1,0.24644553692057847,0
32,P8,P8,Pre_P8,1,0.2576917366266165,0
32,P8,P8,Pre_P8,1,0.30336923026606466,0
32,P8,P8,Pre_P8,1,0.3234407678541763,0
32,P8,P8,Pre_P8,1,0.3113103659429915,0
32,P8,P8,Pre_P8,1,0.4113540562839753,0
32,P8,P8,Pre_P8,1,0.236520427310219,0
32,P8,P8,Pre_P8,1,0.30823410313103206,0
32,P8,P8,Pre_P8,1,0.2445063356672832,0
32,P8,P8,Pre_P8,1,0.2571952336425768,0
32,P8,P8,Pre_P8,1,0.4519415848584989,0
32,P8,P8,Pre_P8,1,0.2948380161338666,0
32,P8,P8,Pre_P8,1,0.4539801849772911,0
32,P8,P8,Pre_P8,1,0.2582890307533171,0
32,P8,P8,Pre_P8,1,0.31073162832266554,0
32,P8,P8,Pre_P8,1,0.2789946793365191,0
32,P8,P8,Pre_P8,1,0.305383476693118,0
32,P8,P8,Pre_P8,1,0.4048083247703109,0
32,P8,P8,Pre_P8,1,0.27935596544952723,0
32,P8,P8,Pre_P8,1,0.3365202100429033,0
32,P8,P8,Pre_P8,1,0.772368418963397,1
32,P8,P8,Pre_P8,1,0.2337681894250227,0
32,P8,P8,Pre_P8,1,0.2244540050674253,0
32,P8,P8,Pre_P8,1,0.2571952336425768,0
32,P8,P8,Pre_P8,1,0.767316977481439,1
32,P8,P8,Pre_P8,1,0.346470802325279,0
32,P8,P8,Pre_P8,1,0.31923070884217725,0
32,P8,P8,Pre_P8,1,0.47984107472834114,0
32,P8,P8,Pre_P8,1,0.8030672964194453,1
32,P8,P8,Pre_P8,1,0.2529434269620483,0
32,P8,P8,Pre_P8,1,0.25149490180727707,0
32,P8,P8,Pre_P8,1,0.5216788846075303,1
32,P8,P8,Pre_P8,1,0.35683606907363163,0
32,P8,P8,Pre_P8,1,0.29286677189203314,0
32,P8,P8,Pre_P8,1,0.26532537443193227,0
32,P8,P8,Pre_P8,1,0.5855738770997738,1
32,P8,P8,Pre_P8,1,0.6532585872150078,1
32,P8,P8,Pre_P8,1,0.2520477417023438,0
32,P8,P8,Pre_P8,1,0.2722620874657657,0
32,P8,P8,Pre_P8,1,0.30667773952614763,0
32,P8,P8,Pre_P8,1,0.29851833722590004,0
32,P8,P8,Pre_P8,1,0.8175269010766205,1
32,P8,P8,Pre_P8,1,0.47083925253005615,0
32,P8,P8,Pre_P8,1,0.49346600561697535,0
32,P8,P8,Pre_P8,1,0.25421535741032075,0
32,P8,P8,Pre_P8,1,0.3008865512729834,0
32,P8,P8,Pre_P8,1,0.5447716889774407,1
32,P8,P8,Pre_P8,1,0.24603299801526493,0
32,P8,P8,Pre_P8,1,0.29851833722590004,0
32,P8,P8,Pre_P8,1,0.3244734713054978,0
32,P8,P8,Pre_P8,1,0.2808049772804987,0
32,P8,P8,Pre_P8,1,0.22739611268617316,0
32,P8,P8,Pre_P8,1,0.2475482817497142,0
32,P8,P8,Pre_P8,1,0.2675231174380324,0
32,P8,P8,Pre_P8,1,0.3293588469926846,0
32,P8,P8,Pre_P8,1,0.27298076310968156,0
32,P8,P8,Pre_P8,1,0.31614210998416653,0
32,P8,P8,Pre_P8,1,0.3138032157368861,0
32,P8,P8,Pre_P8,1,0.5182827843908125,1
32,P8,P8,Pre_P8,1,0.29264314980513334,0
32,P8,P8,Pre_P8,1,0.42020506334599195,0
32,P8,P8,Pre_P8,1,0.28007047395758017,0
32,P8,P8,Pre_P8,1,0.6094182521582956,1
32,P8,P8,Pre_P8,1,0.29312222652524345,0
32,P8,P8,Pre_P8,1,0.3108155776521185,0
32,P8,P8,Pre_P8,1,0.2347404946618298,0
32,P8,P8,Pre_P8,1,0.28026061885103143,0
32,P8,P8,Pre_P8,1,0.2602388744517776,0
32,P8,P8,Pre_P8,1,0.2923824401567817,0
32,P8,P8,Pre_P8,1,0.29354018664574894,0
32,P8,P8,Pre_P8,1,0.24351790074080806,0
32,P8,P8,Pre_P8,1,0.2965575394112563,0
32,P8,P8,Pre_P8,1,0.5634211742918008,1
32,P8,P8,Pre_P8,1,0.2804206242036056,0
32,P8,P8,Pre_P8,1,0.8030672964194453,1
32,P8,P8,Pre_P8,1,0.31412308872143646,0
32,P8,P8,Pre_P8,1,0.28047430381857896,0
32,P8,P8,Pre_P8,1,0.32957769536591885,0
32,P8,P8,Pre_P8,1,0.468226342925908,0
32,P8,P8,Pre_P8,1,0.2561035297077987,0
32,P8,P8,Pre_P8,1,0.30464396331855437,0
32,P8,P8,Pre_P8,1,0.2860214175631884,0
32,P8,P8,Pre_P8,1,0.32082720801310805,0
32,P8,P8,Pre_P8,1,0.25358717726893604,0
32,P8,P8,Pre_P8,1,0.31580894897080475,0
32,P8,P8,Pre_P8,1,0.3025354760352179,0
32,P8,P8,Pre_P8,1,0.28455860595435845,0
32,P8,P8,Pre_P8,1,0.4722253145215053,0
32,P8,P8,Pre_P8,1,0.2965575394112563,0
32,P8,P8,Pre_P8,1,0.41098764111947467,0
32,P8,P8,Pre_P8,1,0.5609307326135747,1
32,P8,P8,Pre_P8,1,0.31780241961475686,0
32,P8,P8,Pre_P8,1,0.3051989571846658,0
32,P8,P8,Pre_P8,1,0.5188920448529588,1
32,P8,P8,Pre_P8,1,0.2841931886614129,0
32,P8,P8,Pre_P8,1,0.4453730867351478,0
32,P8,P8,Pre_P8,1,0.2880578203059368,0
32,P8,P8,Pre_P8,1,0.30193072674451477,0
32,P8,P8,Pre_P8,1,0.22674324058098894,0
32,P8,P8,Pre_P8,1,0.27614948753055696,0
32,P8,P8,Pre_P8,1,0.5013018856757143,1
32,P8,P8,Pre_P8,1,0.30750471062231294,0
32,P8,P8,Pre_P8,1,0.5404197725843084,1
32,P8,P8,Pre_P8,1,0.3174918324597716,0
32,P8,P8,Pre_P8,1,0.5647069365979114,1
32,P8,P8,Pre_P8,1,0.47295842567189644,0
32,P8,P8,Pre_P8,1,0.2937884447783327,0
32,P8,P8,Pre_P8,1,0.31821548481192385,0
32,P8,P8,Pre_P8,1,0.4372769349873567,0
32,P8,P8,Pre_P8,1,0.28910951492234804,0
32,P8,P8,Pre_P8,1,0.2898192047092581,0
32,P8,P8,Pre_P8,1,0.2575530941468732,0
32,P8,P8,Pre_P8,1,0.31821548481192385,0
32,P8,P8,Pre_P8,1,0.3232005162825858,0
32,P8,P8,Pre_P8,1,0.49511064974378477,0
32,P8,P8,Pre_P8,1,0.2935300026300636,0
32,P8,P8,Pre_P8,1,0.31786325089550227,0
32,P8,P8,Pre_P8,1,0.3220298771519097,0
32,P8,P8,Pre_P8,1,0.28824896586118337,0
32,P8,P8,Pre_P8,1,0.2611981306176095,0
32,P8,P8,Pre_P8,1,0.33054153186391083,0
32,P8,P8,Pre_P8,1,0.22454753335828154,0
32,P8,P8,Pre_P8,1,0.43690480418692984,0
32,P8,P8,Pre_P8,1,0.25533345987345746,0
32,P8,P8,Pre_P8,1,0.35414171120751525,0
32,P8,P8,Pre_P8,1,0.2632541796768169,0
32,P8,P8,Pre_P8,1,0.25375644504791334,0
32,P8,P8,Pre_P8,1,0.2678404284244197,0
32,P8,P8,Pre_P8,1,0.31097258934434546,0
32,P8,P8,Pre_P8,1,0.4357921070648487,0
32,P8,P8,Pre_P8,1,0.714419713720348,1
32,P8,P8,Pre_P8,1,0.292511349787847,0
32,P8,P8,Pre_P8,1,0.30494132553803793,0
32,P8,P8,Pre_P8,1,0.27710746568508515,0
32,P8,P8,Pre_P8,1,0.2800956798578833,0
32,P8,P8,Pre_P8,1,0.40083573969446584,0
32,P8,P8,Pre_P8,1,0.27764479538075104,0
32,P8,P8,Pre_P8,1,0.2518861865109661,0
32,P8,P8,Pre_P8,1,0.22651923067852894,0
32,P8,P8,Pre_P8,1,0.3044837189220448,0
32,P8,P8,Pre_P8,1,0.27710746568508515,0
32,P8,P8,Pre_P8,1,0.28010882389516983,0
32,P8,P8,Pre_P8,1,0.3265197844230253,0
32,P8,P8,Pre_P8,1,0.45132886044695525,0
32,P8,P8,Pre_P8,1,0.23507377251143896,0
32,P8,P8,Pre_P8,1,0.32705314299887167,0
32,P8,P8,Pre_P8,1,0.31026125867496473,0
32,P8,P8,Pre_P8,1,0.28197771055803406,0
32,P8,P8,Pre_P8,1,0.27837544828220917,0
32,P8,P8,Pre_P8,1,0.4805034118723309,0
32,P8,P8,Pre_P8,1,0.2591355083542514,0
32,P8,P8,Pre_P8,1,0.3074790714886095,0
32,P8,P8,Pre_P8,1,0.4545841641209323,0
32,P8,P8,Pre_P8,1,0.2536503866089045,0
32,P8,P8,Pre_P8,1,0.4727335171934283,0
32,P8,P8,Pre_P8,1,0.21386335296281617,0
32,P8,P8,Pre_P8,1,0.2768547704845262,0
32,P8,P8,Pre_P8,1,0.5086011823608376,1
32,P8,P8,Pre_P8,1,0.29720103638081824,0
32,P8,P8,Post_P8,1,0.213632424779871,0
32,P8,P8,Post_P8,1,0.43641304698577965,0
32,P8,P8,Post_P8,1,0.2806661666904672,0
32,P8,P8,Post_P8,1,0.3248087923997348,0
32,P8,P8,Post_P8,1,0.3967307855136603,0
32,P8,P8,Post_P8,1,0.39102488245955624,0
32,P8,P8,Post_P8,1,0.41484607438934695,0
32,P8,P8,Post_P8,1,0.3939624127963787,0
32,P8,P8,Post_P8,1,0.36841631076398856,0
32,P8,P8,Post_P8,1,0.25101101231313727,0
32,P8,P8,Post_P8,1,0.29299194298408093,0
32,P8,P8,Post_P8,1,0.36052359507584014,0
32,P8,P8,Post_P8,1,0.40665952534193134,0
32,P8,P8,Post_P8,1,0.22676989166786238,0
32,P8,P8,Post_P8,1,0.2605268579927359,0
32,P8,P8,Post_P8,1,0.3941785098105628,0
32,P8,P8,Post_P8,1,0.4197465247446749,0
32,P8,P8,Post_P8,1,0.4361615422179365,0
32,P8,P8,Post_P8,1,0.3792775225941849,0
32,P8,P8,Post_P8,1,0.3764079956861673,0
32,P8,P8,Post_P8,1,0.28674048103760713,0
32,P8,P8,Post_P8,1,0.3370763301503537,0
32,P8,P8,Post_P8,1,0.4053533174009549,0
32,P8,P8,Post_P8,1,0.3761744567868589,0
32,P8,P8,Post_P8,1,0.2272713382099408,0
32,P8,P8,Post_P8,1,0.4014219559021702,0
32,P8,P8,Post_P8,1,0.4153301518516639,0
32,P8,P8,Post_P8,1,0.267428904697993,0
32,P8,P8,Post_P8,1,0.24527163563049587,0
32,P8,P8,Post_P8,1,0.3962351031141195,0
32,P8,P8,Post_P8,1,0.3409511011713126,0
32,P8,P8,Post_P8,1,0.4086040743450265,0
32,P8,P8,Post_P8,1,0.26609327219389506,0
32,P8,P8,Post_P8,1,0.40049848619333306,0
32,P8,P8,Post_P8,1,0.400259645521205,0
32,P8,P8,Post_P8,1,0.31535298920231414,0
32,P8,P8,Post_P8,1,0.24978259661255608,0
32,P8,P8,Post_P8,1,0.30646798786139884,0
32,P8,P8,Post_P8,1,0.33817719646277095,0
32,P8,P8,Post_P8,1,0.40885340755511357,0
32,P8,P8,Post_P8,1,0.31468678379629106,0
32,P8,P8,Post_P8,1,0.26362574188657845,0
32,P8,P8,Post_P8,1,0.306699145545112,0
32,P8,P8,Post_P8,1,0.46161196788237685,0
32,P8,P8,Post_P8,1,0.23829438858430643,0
32,P8,P8,Post_P8,1,0.3616253327979505,0
32,P8,P8,Post_P8,1,0.3197620975899476,0
32,P8,P8,Post_P8,1,0.23486362726380033,0
32,P8,P8,Post_P8,1,0.23272545463850736,0
32,P8,P8,Post_P8,1,0.2629345271140559,0
32,P8,P8,Post_P8,1,0.4036382967410678,0
32,P8,P8,Post_P8,1,0.22050490135755904,0
32,P8,P8,Post_P8,1,0.4357434915651037,0
32,P8,P8,Post_P8,1,0.23085744642832895,0
32,P8,P8,Post_P8,1,0.28076752174817493,0
32,P8,P8,Post_P8,1,0.5920848561614506,1
32,P8,P8,Post_P8,1,0.3921536894033339,0
32,P8,P8,Post_P8,1,0.2908992192747584,0
32,P8,P8,Post_P8,1,0.26223652184462065,0
32,P8,P8,Post_P8,1,0.28626831446538864,0
32,P8,P8,Post_P8,1,0.4288330156175138,0
32,P8,P8,Post_P8,1,0.3870024820551945,0
32,P8,P8,Post_P8,1,0.41002050026304593,0
32,P8,P8,Post_P8,1,0.40366899810366097,0
32,P8,P8,Post_P8,1,0.4507499393605796,0
32,P8,P8,Post_P8,1,0.21718268488223907,0
32,P8,P8,Post_P8,1,0.2944684145550529,0
32,P8,P8,Post_P8,1,0.25096141841577446,0
32,P8,P8,Post_P8,1,0.295538159874479,0
32,P8,P8,Post_P8,1,0.28105748974145744,0
32,P8,P8,Post_P8,1,0.3980829744827019,0
32,P8,P8,Post_P8,1,0.39825109084315596,0
32,P8,P8,Post_P8,1,0.4060101610442978,0
32,P8,P8,Post_P8,1,0.34646412667468457,0
32,P8,P8,Post_P8,1,0.29423824490391703,0
32,P8,P8,Post_P8,1,0.4032375296835928,0
32,P8,P8,Post_P8,1,0.2911411227324016,0
32,P8,P8,Post_P8,1,0.27874731335822883,0
32,P8,P8,Post_P8,1,0.19727499300635973,0
32,P8,P8,Post_P8,1,0.412854346740519,0
32,P8,P8,Post_P8,1,0.26305601096748266,0
32,P8,P8,Post_P8,1,0.40350185806974265,0
32,P8,P8,Post_P8,1,0.4460123155501857,0
32,P8,P8,Post_P8,1,0.35000296673616227,0
32,P8,P8,Post_P8,1,0.38840333656182685,0
32,P8,P8,Post_P8,1,0.22804075053293557,0
32,P8,P8,Post_P8,1,0.33279129942100477,0
32,P8,P8,Post_P8,1,0.36722359343345834,0
32,P8,P8,Post_P8,1,0.29546906703059017,0
32,P8,P8,Post_P8,1,0.24776252243979863,0
32,P8,P8,Post_P8,1,0.40806083252485653,0
32,P8,P8,Post_P8,1,0.4672363282957655,0
32,P8,P8,Post_P8,1,0.27558246992158353,0
32,P8,P8,Post_P8,1,0.4009050947792554,0
32,P8,P8,Post_P8,1,0.3147892845688771,0
32,P8,P8,Post_P8,1,0.29423494769267045,0
32,P8,P8,Post_P8,1,0.40522698604738344,0
32,P8,P8,Post_P8,1,0.6503095923791389,1
32,P8,P8,Post_P8,1,0.41333472902945806,0
32,P8,P8,Post_P8,1,0.33804462146925474,0
32,P8,P8,Post_P8,1,0.2909243150455794,0
32,P8,P8,Post_P8,1,0.27992180501432395,0
32,P8,P8,Post_P8,1,0.3321330625105344,0
32,P8,P8,Post_P8,1,0.422084437857968,0
32,P8,P8,Post_P8,1,0.41505896896359895,0
32,P8,P8,Post_P8,1,0.24666021314785133,0
32,P8,P8,Post_P8,1,0.2530536854027344,0
32,P8,P8,Post_P8,1,0.4409712460502466,0
32,P8,P8,Post_P8,1,0.37393003838247324,0
32,P8,P8,Post_P8,1,0.2902458846705331,0
32,P8,P8,Post_P8,1,0.41522581513528717,0
32,P8,P8,Post_P8,1,0.24018010862813735,0
32,P8,P8,Post_P8,1,0.36168596034384826,0
32,P8,P8,Post_P8,1,0.22584569776524796,0
32,P8,P8,Post_P8,1,0.28166326274308423,0
32,P8,P8,Post_P8,1,0.20273094334313418,0
32,P8,P8,Post_P8,1,0.3871539408939056,0
32,P8,P8,Post_P8,1,0.3758210595807218,0
32,P8,P8,Post_P8,1,0.3785533950648806,0
32,P8,P8,Post_P8,1,0.2022418754695635,0
32,P8,P8,Post_P8,1,0.24917567321421535,0
32,P8,P8,Post_P8,1,0.2370325857502324,0
32,P8,P8,Post_P8,1,0.3825366273295466,0
32,P8,P8,Post_P8,1,0.43379669184375347,0
32,P8,P8,Post_P8,1,0.46428740101085525,0
32,P8,P8,Post_P8,1,0.22645884163815003,0
32,P8,P8,Post_P8,1,0.36911916092236147,0
32,P8,P8,Post_P8,1,0.3972468593344898,0
32,P8,P8,Post_P8,1,0.2239959120744948,0
32,P8,P8,Post_P8,1,0.24402293565669006,0
32,P8,P8,Post_P8,1,0.39618317572510364,0
32,P8,P8,Post_P8,1,0.413157416728529,0
32,P8,P8,Post_P8,1,0.3165109837943107,0
32,P8,P8,Post_P8,1,0.37883965004946696,0
32,P8,P8,Post_P8,1,0.27874731335822883,0
32,P8,P8,Post_P8,1,0.37898814150009436,0
32,P8,P8,Post_P8,1,0.2263005717474589,0
32,P8,P8,Post_P8,1,0.24277261468663505,0
32,P8,P8,Post_P8,1,0.27310986347849825,0
32,P8,P8,Post_P8,1,0.41052214074967425,0
32,P8,P8,Post_P8,1,0.4020343480159095,0
32,P8,P8,Post_P8,1,0.37883965004946696,0
32,P8,P8,Post_P8,1,0.23015214235827752,0
32,P8,P8,Post_P8,1,0.44550630976834116,0
32,P8,P8,Post_P8,1,0.25173596581048874,0
32,P8,P8,Post_P8,1,0.46460461749111814,0
32,P8,P8,Post_P8,1,0.30507097081804097,0
32,P8,P8,Post_P8,1,0.5648995922254156,1
32,P8,P8,Post_P8,1,0.38602230375900154,0
32,P8,P8,Post_P8,1,0.3620093174282123,0
32,P8,P8,Post_P8,1,0.24277261468663505,0
32,P8,P8,Post_P8,1,0.4305622681900386,0
32,P8,P8,Post_P8,1,0.3330347554319948,0
32,P8,P8,Post_P8,1,0.351484679187417,0
32,P8,P8,Post_P8,1,0.4381696337787831,0
32,P8,P8,Post_P8,1,0.33592295103937847,0
32,P8,P8,Post_P8,1,0.5093393847238488,1
32,P8,P8,Post_P8,1,0.5896642960758895,1
32,P8,P8,Post_P8,1,0.27874731335822883,0
32,P8,P8,Post_P8,1,0.41774421374194687,0
32,P8,P8,Post_P8,1,0.3769834642511027,0
32,P8,P8,Post_P8,1,0.33406439695615103,0
32,P8,P8,Post_P8,1,0.32277200820373797,0
32,P8,P8,Post_P8,1,0.40491549334278776,0
32,P8,P8,Post_P8,1,0.39587505259041433,0
32,P8,P8,Post_P8,1,0.36954446872844104,0
32,P8,P8,Post_P8,1,0.26175517958784505,0
32,P8,P8,Post_P8,1,0.29932235322493345,0
32,P8,P8,Post_P8,1,0.2989276992826075,0
32,P8,P8,Post_P8,1,0.40806083252485653,0
32,P8,P8,Post_P8,1,0.2521101356410036,0
32,P8,P8,Post_P8,1,0.4216357622031461,0
32,P8,P8,Post_P8,1,0.28287643823652375,0
32,P8,P8,Post_P8,1,0.41790363782166456,0
32,P8,P8,Post_P8,1,0.21612457489316567,0
32,P8,P8,Post_P8,1,0.3036536421543411,0
32,P8,P8,Post_P8,1,0.41199733745317546,0
32,P8,P8,Post_P8,1,0.5815857522284258,1
32,P8,P8,Post_P8,1,0.22777524427581197,0
32,P8,P8,Post_P8,1,0.3712921660102156,0
32,P8,P8,Post_P8,1,0.17035380927318153,0
32,P8,P8,Post_P8,1,0.39403298055756103,0
32,P8,P8,Post_P8,1,0.5437108769246904,1
32,P8,P8,Post_P8,1,0.4406399664262452,0
32,P8,P8,Post_P8,1,0.27603979823432717,0
32,P8,P8,Post_P8,1,0.22657774116700313,0
32,P8,P8,Post_P8,1,0.32634943823967655,0
32,P8,P8,Post_P8,1,0.5641552507760238,1
32,P8,P8,Post_P8,1,0.256204490928215,0
32,P8,P8,Post_P8,1,0.2584176692448965,0
32,P8,P8,Post_P8,1,0.35963514573233857,0
32,P8,P8,Post_P8,1,0.21924749182351055,0
32,P8,P8,Post_P8,1,0.34625952831253587,0
32,P8,P8,Post_P8,1,0.25305007635619503,0
32,P8,P8,Post_P8,1,0.2946244955408337,0
32,P8,P8,Post_P8,1,0.21358615491844388,0
32,P8,P8,Post_P8,1,0.2765286468990984,0
32,P8,P8,Post_P8,1,0.3130642518372523,0
32,P8,P8,Post_P8,1,0.238227870380947,0
32,P8,P8,Post_P8,1,0.4455862968619117,0
32,P8,P8,Post_P8,1,0.44017811816901364,0
32,P8,P8,Post_P8,1,0.5747483355750119,1
32,P8,P8,Post_P8,1,0.22706033420469576,0
32,P8,P8,Post_P8,1,0.38853125310703523,0
32,P8,P8,Post_P8,1,0.26820255736031573,0
32,P8,P8,Post_P8,1,0.32680497786601814,0
32,P8,P8,Post_P8,1,0.28494357699607276,0
32,P8,P8,Post_P8,1,0.4184800389009375,0
32,P8,P8,Post_P8,1,0.20536409790682025,0
32,P8,P8,Post_P8,1,0.4098209729103055,0
32,P8,P8,Post_P8,1,0.22518138455410705,0
32,P8,P8,Post_P8,1,0.41741807046796503,0
32,P8,P8,Post_P8,1,0.40276326354400555,0
32,P8,P8,Post_P8,1,0.3611994532234142,0
32,P8,P8,Post_P8,1,0.2239887561464677,0
32,P8,P8,Post_P8,1,0.26820255736031573,0
32,P8,P8,Post_P8,1,0.2687694553160742,0
32,P8,P8,Post_P8,1,0.25700106217738805,0
32,P8,P8,Post_P8,1,0.41769424494245366,0
32,P8,P8,Post_P8,1,0.2594751403561354,0
32,P8,P8,Post_P8,1,0.30187690795958944,0
32,P8,P8,Post_P8,1,0.23661639433741175,0
32,P8,P8,Post_P8,1,0.2941747273898641,0
32,P8,P8,Post_P8,1,0.40959497983927984,0
32,P8,P8,Post_P8,1,0.24836791456675084,0
32,P8,P8,Post_P8,1,0.41082867835570214,0
32,P8,P8,Post_P8,1,0.2741439480735395,0
32,P8,P8,Post_P8,1,0.28987587474609744,0
32,P8,P8,Post_P8,1,0.30134181846925057,0
32,P8,P8,Post_P8,1,0.2717347368531315,0
32,P8,P8,Post_P8,1,0.1867430447565567,0
32,P8,P8,Post_P8,1,0.4179494108202687,0
32,P8,P8,Post_P8,1,0.3619438100796922,0
32,P8,P8,Post_P8,1,0.338040657609109,0
32,P8,P8,Post_P8,1,0.2751988714296214,0
32,P8,P8,Post_P8,1,0.39587505259041433,0
32,P8,P8,Post_P8,1,0.3191291239212051,0
32,P8,P8,Post_P8,1,0.36555431586776665,0
32,P8,P8,Post_P8,1,0.5262086076536995,1
32,P8,P8,Post_P8,1,0.396398655185408,0
32,P8,P8,Post_P8,1,0.4213131948199649,0
32,P8,P8,Post_P8,1,0.2802103227241613,0
32,P8,P8,Post_P8,1,0.8516350072027726,1
32,P8,P8,Post_P8,1,0.28801548329722804,0
32,P8,P8,Post_P8,1,0.3946919014727632,0
32,P8,P8,Post_P8,1,0.3844635816207825,0
32,P8,P8,Post_P8,1,0.27118496702670525,0
32,P8,P8,Post_P8,1,0.38313938140690856,0
32,P8,P8,Post_P8,1,0.260253820585959,0
32,P8,P8,Post_P8,1,0.34999293305842893,0
32,P8,P8,Post_P8,1,0.5893498902515882,1
32,P8,P8,Post_P8,1,0.21299663534689858,0
32,P8,P8,Post_P8,1,0.4443042007748595,0
32,P8,P8,Post_P8,1,0.2612326410601491,0
32,P8,P8,Post_P8,1,0.20923708110162087,0
32,P8,P8,Post_P8,1,0.20914661172223917,0
32,P8,P8,Post_P8,1,0.27180416771106813,0
32,P8,P8,Post_P8,1,0.36964104371523093,0
32,P8,P8,Post_P8,1,0.5399187545952252,1
32,P8,P8,Post_P8,1,0.24919021519998583,0
32,P8,P8,Post_P8,1,0.26622955107473284,0
32,P8,P8,Post_P8,1,0.4323010730649533,0
32,P8,P8,Post_P8,1,0.4080530004127351,0
32,P8,P8,Post_P8,1,0.4388464260395795,0
32,P8,P8,Post_P8,1,0.4001235390166144,0
32,P8,P8,Post_P8,1,0.6084540960812841,1
32,P8,P8,Post_P8,1,0.21895427570520107,0
32,P8,P8,Post_P8,1,0.4458244477277344,0
32,P8,P8,Post_P8,1,0.22327444375065347,0
32,P8,P8,Post_P8,1,0.25777849851146445,0
32,P8,P8,Post_P8,1,0.28756733755938874,0
32,P8,P8,Post_P8,1,0.41571189670469416,0
32,P8,P8,Post_P8,1,0.1946816635204041,0
32,P8,P8,Post_P8,1,0.3187776961858439,0
32,P8,P8,Post_P8,1,0.3674209215587084,0
32,P8,P8,Post_P8,1,0.30795555114998624,0
32,P8,P8,Post_P8,1,0.4443042007748595,0
32,P8,P8,Post_P8,1,0.33680643464903937,0
32,P8,P8,Post_P8,1,0.4143733726863224,0
32,P8,P8,Post_P8,1,0.25555013410020905,0
32,P8,P8,Post_P8,1,0.23907995112805772,0
32,P8,P8,Post_P8,1,0.40145814658298684,0
32,P8,P8,Post_P8,1,0.2271659445280155,0
32,P8,P8,Post_P8,1,0.37364189580089446,0
32,P8,P8,Post_P8,1,0.41173121745336916,0
32,P8,P8,Post_P8,1,0.4020814443966408,0
32,P8,P8,Post_P8,1,0.4329499371713588,0
32,P8,P8,Post_P8,1,0.4539002580570635,0
32,P8,P8,Post_P8,1,0.4278647795820181,0
32,P8,P8,Post_P8,1,0.2964674193338649,0
32,P8,P8,Post_P8,1,0.4034592786290326,0
32,P8,P8,Post_P8,1,0.28668118443087726,0
32,P8,P8,Post_P8,1,0.3980444925222607,0
32,P8,P8,Post_P8,1,0.20902398509038642,0
32,P8,P8,Post_P8,1,0.3117837945545395,0
32,P8,P8,Post_P8,1,0.24793321164068405,0
32,P8,P8,Post_P8,1,0.27686088403635856,0
32,P8,P8,Post_P8,1,0.20684297551926667,0
32,P8,P8,Post_P8,1,0.2651544622400342,0
32,P8,P8,Post_P8,1,0.2893782228063065,0
32,P8,P8,Post_P8,1,0.20815421324016886,0
32,P8,P8,Post_P8,1,0.3932075648152681,0
32,P8,P8,Post_P8,1,0.5773977895444538,1
32,P8,P8,Post_P8,1,0.2717644872716679,0
32,P8,P8,Post_P8,1,0.27860723443506225,0
32,P8,P8,Post_P8,1,0.30239552392751495,0
32,P8,P8,Post_P8,1,0.37910590789375087,0
32,P8,P8,Post_P8,1,0.3518986428070847,0
32,P8,P8,Post_P8,1,0.3176399723287911,0
32,P8,P8,Post_P8,1,0.39504291415664855,0
32,P8,P8,Post_P8,1,0.21564722275039222,0
32,P8,P8,Post_P8,1,0.23428380056121037,0
32,P8,P8,Post_P8,1,0.4452497398216442,0
32,P8,P8,Post_P8,1,0.25209902802497347,0
32,P8,P8,Post_P8,1,0.39171227443552475,0
32,P8,P8,Post_P8,1,0.42453413070761636,0
32,P8,P8,Post_P8,1,0.3466274997572404,0
32,P8,P8,Post_P8,1,0.33894830040762797,0
32,P8,P8,Post_P8,1,0.40249645526041633,0
32,P8,P8,Post_P8,1,0.3759624957483045,0
32,P8,P8,Post_P8,1,0.400590574813124,0
32,P8,P8,Post_P8,1,0.38901166528406667,0
32,P8,P8,Post_P8,1,0.4122859973134025,0
32,P8,P8,Post_P8,1,0.4098361558293933,0
32,P8,P8,Post_P8,1,0.4187123566742253,0
32,P8,P8,Post_P8,1,0.30482034641205413,0
32,P8,P8,Post_P8,1,0.33088782506638353,0
32,P8,P8,Post_P8,1,0.2998079086788827,0
32,P8,P8,Post_P8,1,0.11292411131453724,0
32,P8,P8,Post_P8,1,0.5472385762340432,1
32,P8,P8,Post_P8,1,0.36213790848706423,0
32,P8,P8,Post_P8,1,0.3990278201475673,0
32,P8,P8,Post_P8,1,0.2590302455998633,0
32,P8,P8,Post_P8,1,0.2665072508657501,0
32,P8,P8,Post_P8,1,0.0964705999900697,0
32,P8,P8,Post_P8,1,0.3503762252623644,0
32,P8,P8,Post_P8,1,0.19103293492470608,0
32,P8,P8,Post_P8,1,0.19726589016392385,0
32,P8,P8,Post_P8,1,0.3246455006887125,0
32,P8,P8,Post_P8,1,0.11767685478479065,0
32,P8,P8,Post_P8,1,0.1430693985831756,0
32,P8,P8,Post_P8,1,0.3894468348730159,0
32,P8,P8,Post_P8,1,0.38111562654782183,0
32,P8,P8,Post_P8,1,0.3573800086891533,0
32,P8,P8,Post_P8,1,0.2896993079494718,0
32,P8,P8,Post_P8,1,0.38145705744885366,0
32,P8,P8,Post_P8,1,0.24584630556402357,0
32,P8,P8,Post_P8,1,0.26676921521146807,0
32,P8,P8,Post_P8,1,0.27892721291229633,0
32,P8,P8,Post_P8,1,0.3921675267575526,0
32,P8,P8,Post_P8,1,0.16043021807281707,0
32,P8,P8,Post_P8,1,0.19103293492470608,0
32,P8,P8,Post_P8,1,0.2783885686941374,0
32,P8,P8,Post_P8,1,0.32233920499011,0
32,P8,P8,Post_P8,1,0.17025201002524706,0
32,P8,P8,Post_P8,1,0.340530634006609,0
32,P8,P8,Post_P8,1,0.18411834228089996,0
32,P8,P8,Post_P8,1,0.20573480923007414,0
32,P8,P8,Post_P8,1,0.2830528783600969,0
32,P8,P8,Post_P8,1,0.7735647764677851,1
32,P8,P8,Post_P8,1,0.2305606259211387,0
32,P8,P8,Post_P8,1,0.24331386537806549,0
32,P8,P8,Post_P8,1,0.2033858529868094,0
32,P8,P8,Post_P8,1,0.25675480432867215,0
32,P8,P8,Post_P8,1,0.2881577286514314,0
32,P8,P8,Post_P8,1,0.24565064744406834,0
32,P8,P8,Post_P8,1,0.23139877433218117,0
32,P8,P8,Post_P8,1,0.14485410096382575,0
32,P8,P8,Post_P8,1,0.3028436323377145,0
32,P8,P8,Post_P8,1,0.2324161368078314,0
32,P8,P8,Post_P8,1,0.3933284996553914,0
32,P8,P8,Post_P8,1,0.21681241406935758,0
32,P8,P8,Post_P8,1,0.24555764153462725,0
32,P8,P8,Post_P8,1,0.3327654555816402,0
32,P8,P8,Post_P8,1,0.25675480432867215,0
32,P8,P8,Post_P8,1,0.21095562409592056,0
32,P8,P8,Post_P8,1,0.2037307861210068,0
32,P8,P8,Post_P8,1,0.36213790848706423,0
32,P8,P8,Post_P8,1,0.3665653687003252,0
32,P8,P8,Post_P8,1,0.22386606125330744,0
32,P8,P8,Post_P8,1,0.36489413822758304,0
32,P8,P8,Post_P8,1,0.19896285727199312,0
32,P8,P8,Post_P8,1,0.2839865760578295,0
32,P8,P8,Post_P8,1,0.20117321457042633,0
32,P8,P8,Post_P8,1,0.2605554920458841,0
32,P8,P8,Post_P8,1,0.3229692093589933,0
32,P8,P8,Post_P8,1,0.2303421610083183,0
32,P8,P8,Post_P8,1,0.17859656773211177,0
32,P8,P8,Post_P8,1,0.3531599468201199,0
32,P8,P8,Post_P8,1,0.269907719121114,0
32,P8,P8,Post_P8,1,0.2220636989721887,0
32,P8,P8,Post_P8,1,0.16368313715478156,0
32,P8,P8,Post_P8,1,0.19661935267353936,0
32,P8,P8,Post_P8,1,0.2354053478390203,0
32,P8,P8,Post_P8,1,0.2882709014251004,0
32,P8,P8,Post_P8,1,0.1497489937062123,0
32,P8,P8,Post_P8,1,0.26891455496844824,0
32,P8,P8,Post_P8,1,0.16061467549445763,0
32,P8,P8,Post_P8,1,0.2303421610083183,0
32,P8,P8,Post_P8,1,0.29876858520503224,0
32,P8,P8,Post_P8,1,0.2620856618703123,0
32,P8,P8,Post_P8,1,0.39824438661189415,0
32,P8,P8,Post_P8,1,0.31860163678181685,0
32,P8,P8,Post_P8,1,0.3431891328629187,0
32,P8,P8,Post_P8,1,0.3544937656693564,0
32,P8,P8,Post_P8,1,0.3746974649976499,0
32,P8,P8,Post_P8,1,0.3443661041663448,0
32,P8,P8,Post_P8,1,0.16596573127912484,0
32,P8,P8,Post_P8,1,0.26763735423280516,0
