fold,held_patient,ligand,receptor,ligand_receptor_pair,Receiver,Sender,pair_importance
1,P1,BTLA,TNFRSF14,BTLA → TNFRSF14,0.0006560457114361204,2.3015126413763866e-06,0.0006583472240774968
1,P1,CCL2,CCR2,CCL2 → CCR2,0.0,0.0,0.0
1,P1,CCL3,CCR1,CCL3 → CCR1,0.00013078810578019885,0.00639876268419097,0.006529550789971169
1,P1,CCL3,CCR5,CCL3 → CCR5,0.0011697442533851693,0.003305694281178938,0.004475438534564107
1,P1,CCL3L1,CCR1,CCL3L1 → CCR1,0.0001123245513934909,4.893064797670327e-05,0.00016125519937019417
1,P1,CCL4,CCR5,CCL4 → CCR5,0.0019116534640164096,0.006281027292035852,0.008192680756052262
1,P1,CCL5,CCR1,CCL5 → CCR1,5.950445142287767e-05,0.05057279278567457,0.05063229723709745
1,P1,CCL5,CCR4,CCL5 → CCR4,0.0,0.010233878794326974,0.010233878794326974
1,P1,CCL5,CCR5,CCL5 → CCR5,0.0004996140912985147,0.011057704335435866,0.011557318426734381
1,P1,CD274,PDCD1,CD274 → PDCD1,0.010755585692302823,0.00022890585281552334,0.010984491545118345
1,P1,CD40LG,CD40,CD40LG → CD40,0.0,5.167820911062243e-07,5.167820911062243e-07
1,P1,CD86,CD28,CD86 → CD28,4.618122613945272e-05,0.0,4.618122613945272e-05
1,P1,CD86,CTLA4,CD86 → CTLA4,0.0018950271675810945,0.00022140213762359158,0.002116429305204686
1,P1,CSF1,CSF1R,CSF1 → CSF1R,0.0004739492097153365,0.00032274707117254753,0.0007966962808878841
1,P1,CXCL13,CXCR5,CXCL13 → CXCR5,7.049921209979003e-05,0.0001194049733123737,0.00018990418541216372
1,P1,CXCL16,CXCR6,CXCL16 → CXCR6,0.0003212251631900841,4.5441846746480455e-05,0.00036666700993656453
1,P1,CXCL2,DPP4,CXCL2 → DPP4,0.0,0.0,0.0
1,P1,FASLG,FAS,FASLG → FAS,5.0148694927466274e-05,0.0,5.0148694927466274e-05
1,P1,HLA-B,KIR3DL2,HLA-B → KIR3DL2,0.0,0.014980378109295712,0.014980378109295712
1,P1,HLA-C,KIR2DL3,HLA-C → KIR2DL3,0.0,0.020961915678008005,0.020961915678008005
1,P1,HLA-E,KLRC1,HLA-E → KLRC1,7.794707485537115e-06,0.012033161412762512,0.01204095612024805
1,P1,HLA-E,KLRC2,HLA-E → KLRC2,2.068268156720465e-06,0.043166269917060934,0.043168338185217654
1,P1,HLA-E,KLRK1,HLA-E → KLRK1,5.38262652343547e-05,0.010475354395105097,0.010529180660339452
1,P1,HLA-F,KIR3DL2,HLA-F → KIR3DL2,3.5081129006577767e-06,0.004305758829844633,0.004309266942745291
1,P1,HLA-F,LILRB1,HLA-F → LILRB1,3.9916213125728026e-05,0.0014976608027689835,0.0015375770158947116
1,P1,HLA-F,LILRB2,HLA-F → LILRB2,1.2921974117212538e-05,0.005660522193011454,0.0056734441671286665
1,P1,HLA-G,LILRB1,HLA-G → LILRB1,2.5399455792043057e-05,0.0008725606564982182,0.0008979601122902612
1,P1,HLA-G,LILRB2,HLA-G → LILRB2,2.412076811506545e-05,0.010295052953824144,0.010319173721939209
1,P1,ICAM1,ITGAL,ICAM1 → ITGAL,0.009599373153273793,0.0004352032025693752,0.010034576355843167
1,P1,ICOSLG,ICOS,ICOSLG → ICOS,4.461350056040333e-05,0.0,4.461350056040333e-05
1,P1,LGALS9,HAVCR2,LGALS9 → HAVCR2,0.00404563327286602,0.005406412446312992,0.00945204571917901
1,P1,LGALS9,P4HB,LGALS9 → P4HB,0.006868500929180691,0.0036703376575833832,0.010538838586764075
1,P1,LTA,TNFRSF14,LTA → TNFRSF14,0.0007563051927682979,0.0,0.0007563051927682979
1,P1,LTA,TNFRSF1A,LTA → TNFRSF1A,1.4133136065725066e-05,0.0,1.4133136065725066e-05
1,P1,LTA,TNFRSF1B,LTA → TNFRSF1B,0.0020382692934277835,1.2918934653358809e-05,0.0020511882280811423
1,P1,LTB,LTBR,LTB → LTBR,5.0947539435974614e-05,0.0006456958872955149,0.0006966434267314895
1,P1,PVR,CD226,PVR → CD226,0.0,5.259846119618491e-06,5.259846119618491e-06
1,P1,PVR,CD96,PVR → CD96,0.009070899108575092,1.7078521420024005e-06,0.009072606960717095
1,P1,PVR,TIGIT,PVR → TIGIT,0.002793372548633121,0.0,0.002793372548633121
1,P1,SELPLG,SELL,SELPLG → SELL,0.0001365694511647553,0.0009351673604016209,0.0010717368115663762
1,P1,TGFB1,TGFBR3,TGFB1 → TGFBR3,9.328126160842799e-05,0.0002553499013902767,0.00034863116299870467
1,P1,TNF,TNFRSF1A,TNF → TNFRSF1A,0.00030495004628793715,0.00038248069872321095,0.0006874307450111481
1,P1,TNF,TNFRSF1B,TNF → TNFRSF1B,0.004874911800504321,1.6141989140675594e-06,0.004876525999418389
1,P1,TNFSF10,TNFRSF10A,TNFSF10 → TNFRSF10A,0.0,1.4164093011825633e-05,1.4164093011825633e-05
1,P1,TNFSF10,TNFRSF10B,TNFSF10 → TNFRSF10B,0.0,3.285618073436428e-05,3.285618073436428e-05
1,P1,TNFSF10,TNFRSF10D,TNFSF10 → TNFRSF10D,0.0,8.566336778743306e-06,8.566336778743306e-06
1,P1,TNFSF12,TNFRSF12A,TNFSF12 → TNFRSF12A,0.0,0.0,0.0
1,P1,TNFSF12,TNFRSF25,TNFSF12 → TNFRSF25,0.00011163541563829845,8.604206951960727e-07,0.00011249583633349452
1,P1,TNFSF14,LTBR,TNFSF14 → LTBR,0.0003669988704775833,0.0,0.0003669988704775833
1,P1,TNFSF14,TNFRSF14,TNFSF14 → TNFRSF14,0.0017213533990524887,4.908029572396609e-06,0.0017262614286248854
1,P1,TNFSF4,TNFRSF4,TNFSF4 → TNFRSF4,0.0,0.0,0.0
1,P1,TNFSF9,TNFRSF9,TNFSF9 → TNFRSF9,7.280730366890989e-05,0.00019637638550016974,0.00026918368916907965
1,P1,VEGFA,NRP1,VEGFA → NRP1,8.80495170843719e-05,0.0,8.80495170843719e-05
1,P1,VEGFA,NRP2,VEGFA → NRP2,0.0,0.0,0.0
1,P1,VEGFB,NRP1,VEGFB → NRP1,6.0739269109122196e-05,0.0,6.0739269109122196e-05
2,P10,BTLA,TNFRSF14,BTLA → TNFRSF14,0.0017512698544855016,0.00020368049490436635,0.001954950349389868
2,P10,CCL2,CCR2,CCL2 → CCR2,0.00013265896784914473,2.69283701306596e-05,0.00015958733797980434
2,P10,CCL3,CCR1,CCL3 → CCR1,9.706513190529577e-05,0.012034754415084298,0.012131819546989595
2,P10,CCL3,CCR5,CCL3 → CCR5,0.006640011450767662,0.004517349979899749,0.011157361430667413
2,P10,CCL3L1,CCR1,CCL3L1 → CCR1,0.0008854949996203551,0.0005277833717828352,0.0014132783714031903
2,P10,CCL4,CCR5,CCL4 → CCR5,0.004596868920992366,0.01373847070581791,0.018335339626810276
2,P10,CCL5,CCR1,CCL5 → CCR1,0.00013663365864118932,0.08276752495766668,0.08290415861630787
2,P10,CCL5,CCR4,CCL5 → CCR4,7.417865095104408e-05,0.010403031283738609,0.010477209934689653
2,P10,CCL5,CCR5,CCL5 → CCR5,0.0014728236049081375,0.03549313507394718,0.03696595867885531
2,P10,CD274,PDCD1,CD274 → PDCD1,0.00227803817505304,4.300361676906283e-05,0.0023210417918221025
2,P10,CD40LG,CD40,CD40LG → CD40,0.00022931710878635282,9.70234381881809e-05,0.00032634054697453375
2,P10,CD86,CD28,CD86 → CD28,0.0020557506510805908,6.422586224471497e-05,0.002119976513325306
2,P10,CD86,CTLA4,CD86 → CTLA4,0.0028952618624701215,0.00037687678504029693,0.0032721386475104185
2,P10,CSF1,CSF1R,CSF1 → CSF1R,0.0009551068561996042,0.00023088505123090644,0.0011859919074305107
2,P10,CXCL13,CXCR5,CXCL13 → CXCR5,0.0002538516017498119,0.0006816298658025178,0.0009354814675523297
2,P10,CXCL16,CXCR6,CXCL16 → CXCR6,0.0007094947949044314,0.00035261134188694076,0.0010621061367913722
2,P10,CXCL2,DPP4,CXCL2 → DPP4,0.00012501644469898462,5.6838868807261763e-05,0.00018185531350624638
2,P10,FASLG,FAS,FASLG → FAS,0.0013379891561320582,0.00027218838835867966,0.0016101775444907378
2,P10,HLA-B,KIR3DL2,HLA-B → KIR3DL2,7.549459465088626e-05,0.09063051584265844,0.09070601043730932
2,P10,HLA-C,KIR2DL3,HLA-C → KIR2DL3,1.6827930834116837e-05,0.01582269253595215,0.015839520466786265
2,P10,HLA-E,KLRC1,HLA-E → KLRC1,0.00014618472677754748,0.02865674174507581,0.028802926471853358
2,P10,HLA-E,KLRC2,HLA-E → KLRC2,0.00014271908674544625,0.04881434299966919,0.048957062086414635
2,P10,HLA-E,KLRK1,HLA-E → KLRK1,0.0013083998640822142,0.026474737321005137,0.02778313718508735
2,P10,HLA-F,KIR3DL2,HLA-F → KIR3DL2,0.00013227659815011502,0.029458753695272056,0.02959103029342217
2,P10,HLA-F,LILRB1,HLA-F → LILRB1,0.00018218664773574547,0.0032195900676171576,0.0034017767153529032
2,P10,HLA-F,LILRB2,HLA-F → LILRB2,0.000304738628603477,0.014900753853720673,0.01520549248232415
2,P10,HLA-G,LILRB1,HLA-G → LILRB1,0.0002555663020583098,0.00595668732478417,0.006212253626842479
2,P10,HLA-G,LILRB2,HLA-G → LILRB2,9.566926547008322e-05,0.008324951201195523,0.008420620466665606
2,P10,ICAM1,ITGAL,ICAM1 → ITGAL,0.004082433263625393,0.00031258370432600796,0.004395016967951401
2,P10,ICOSLG,ICOS,ICOSLG → ICOS,0.0009485938898238814,8.675075400812061e-05,0.0010353446438320021
2,P10,LGALS9,HAVCR2,LGALS9 → HAVCR2,0.0067583903622526025,0.013242079589086972,0.020000469951339576
2,P10,LGALS9,P4HB,LGALS9 → P4HB,0.032462976972908425,0.005359776235980381,0.03782275320888881
2,P10,LTA,TNFRSF14,LTA → TNFRSF14,0.003190751233981971,0.00012714662105449287,0.0033178978550364637
2,P10,LTA,TNFRSF1A,LTA → TNFRSF1A,0.0003957064590752693,0.00017640444502077906,0.0005721109040960484
2,P10,LTA,TNFRSF1B,LTA → TNFRSF1B,0.004133399731749879,0.00017059464769025154,0.004303994379440131
2,P10,LTB,LTBR,LTB → LTBR,0.0001872159983185845,0.004015830401537489,0.004203046399856073
2,P10,PVR,CD226,PVR → CD226,0.00010005926731642042,1.3090524358782213e-05,0.00011314979167520263
2,P10,PVR,CD96,PVR → CD96,0.002923927875957788,1.0679853958834944e-05,0.002934607729916623
2,P10,PVR,TIGIT,PVR → TIGIT,0.0022260267334625414,1.1830471829094579e-05,0.002237857205291636
2,P10,SELPLG,SELL,SELPLG → SELL,0.0022110233670362494,0.0023261114681251286,0.0045371348351613775
2,P10,TGFB1,TGFBR3,TGFB1 → TGFBR3,0.00019543925730647677,0.00015997112012876503,0.0003554103774352418
2,P10,TNF,TNFRSF1A,TNF → TNFRSF1A,0.0004093170954890913,0.002100497088289151,0.002509814183778242
2,P10,TNF,TNFRSF1B,TNF → TNFRSF1B,0.0029827218336968544,0.00043263402268069737,0.003415355856377552
2,P10,TNFSF10,TNFRSF10A,TNFSF10 → TNFRSF10A,0.00011731649019615095,0.0002640833152074804,0.00038139980540363136
2,P10,TNFSF10,TNFRSF10B,TNFSF10 → TNFRSF10B,0.0003469014642125491,0.0006271075049089921,0.0009740089691215412
2,P10,TNFSF10,TNFRSF10D,TNFSF10 → TNFRSF10D,7.951462359486686e-05,0.00047715262017441215,0.000556667243769279
2,P10,TNFSF12,TNFRSF12A,TNFSF12 → TNFRSF12A,2.753564470774206e-05,6.0529926142301666e-05,8.806557085004373e-05
2,P10,TNFSF12,TNFRSF25,TNFSF12 → TNFRSF25,0.0008877575914724145,0.00019838700175034223,0.0010861445932227568
2,P10,TNFSF14,LTBR,TNFSF14 → LTBR,0.0004657001382463441,0.0005801905394634196,0.0010458906777097638
2,P10,TNFSF14,TNFRSF14,TNFSF14 → TNFRSF14,0.005172099070254558,0.00012719435306989284,0.00529929342332445
2,P10,TNFSF4,TNFRSF4,TNFSF4 → TNFRSF4,0.00038010102072153764,1.758044281832154e-05,0.00039768146353985916
2,P10,TNFSF9,TNFRSF9,TNFSF9 → TNFRSF9,0.00029720223307035055,0.00025211621964204374,0.0005493184527123943
2,P10,VEGFA,NRP1,VEGFA → NRP1,0.000451947316156565,0.00014818413028326903,0.000600131446439834
2,P10,VEGFA,NRP2,VEGFA → NRP2,2.0063698159766115e-05,0.00010623351004505098,0.0001262972082048171
2,P10,VEGFB,NRP1,VEGFB → NRP1,0.0002149853915599715,0.00029307590500344985,0.0005080612965634214
3,P11,BTLA,TNFRSF14,BTLA → TNFRSF14,0.0034115644510929323,3.7828904609734157e-06,0.003415347341553906
3,P11,CCL2,CCR2,CCL2 → CCR2,0.0006881514448732513,0.0,0.0006881514448732513
3,P11,CCL3,CCR1,CCL3 → CCR1,5.129521851431171e-05,0.01436488434057498,0.014416179559089292
3,P11,CCL3,CCR5,CCL3 → CCR5,0.0065739236481693174,0.00665471771587265,0.013228641364041968
3,P11,CCL3L1,CCR1,CCL3L1 → CCR1,0.0016097792737512291,0.0003764256344853013,0.0019862049082365303
3,P11,CCL4,CCR5,CCL4 → CCR5,0.004597756125938511,0.008248573326933495,0.012846329452872006
3,P11,CCL5,CCR1,CCL5 → CCR1,0.00012039465435689659,0.13203519716859802,0.13215559182295492
3,P11,CCL5,CCR4,CCL5 → CCR4,3.84554234223066e-05,0.01948035997070564,0.019518815394127947
3,P11,CCL5,CCR5,CCL5 → CCR5,0.0017860122558607772,0.026456588370246753,0.02824260062610753
3,P11,CD274,PDCD1,CD274 → PDCD1,0.0022570165912423963,9.858654782491768e-05,0.002355603139067314
3,P11,CD40LG,CD40,CD40LG → CD40,8.355964477938558e-06,2.4736427595465015e-06,1.082960723748506e-05
3,P11,CD86,CD28,CD86 → CD28,0.0004411250896121092,4.017239783973818e-05,0.0004812974874518474
3,P11,CD86,CTLA4,CD86 → CTLA4,0.0032018217098822867,2.3609175899516968e-05,0.003225430885781804
3,P11,CSF1,CSF1R,CSF1 → CSF1R,0.001206692264314884,0.0004160681992240333,0.0016227604635389173
3,P11,CXCL13,CXCR5,CXCL13 → CXCR5,2.911830064252102e-05,0.0001548362190802263,0.00018395451972274732
3,P11,CXCL16,CXCR6,CXCL16 → CXCR6,0.0004965545326686572,0.00041155228233099076,0.000908106814999648
3,P11,CXCL2,DPP4,CXCL2 → DPP4,1.6717187505982793e-05,0.00011397351497172134,0.00013069070247770414
3,P11,FASLG,FAS,FASLG → FAS,0.00019997481729737876,6.24352143183561e-06,0.00020621833872921437
3,P11,HLA-B,KIR3DL2,HLA-B → KIR3DL2,9.112519505221077e-06,0.013681998176936801,0.013691110696442021
3,P11,HLA-C,KIR2DL3,HLA-C → KIR2DL3,5.269498810439397e-06,0.019288381019336016,0.019293650518146455
3,P11,HLA-E,KLRC1,HLA-E → KLRC1,1.8085933908453156e-05,0.00994295816304948,0.009961044096957933
3,P11,HLA-E,KLRC2,HLA-E → KLRC2,5.98476838141146e-05,0.028297648380903078,0.028357496064717193
3,P11,HLA-E,KLRK1,HLA-E → KLRK1,0.0003002191303218745,0.00564341298211092,0.005943632112432795
3,P11,HLA-F,KIR3DL2,HLA-F → KIR3DL2,4.658264719133226e-05,0.006127696170564622,0.006174278817755954
3,P11,HLA-F,LILRB1,HLA-F → LILRB1,0.00029168897486118604,0.0019863664790830274,0.0022780554539442136
3,P11,HLA-F,LILRB2,HLA-F → LILRB2,0.00023910040935348471,0.04553089674831148,0.045769997157664964
3,P11,HLA-G,LILRB1,HLA-G → LILRB1,5.69057726931626e-05,0.00485856615615112,0.004915471928844282
3,P11,HLA-G,LILRB2,HLA-G → LILRB2,0.00039997681667131404,0.03105592442634896,0.03145590124302028
3,P11,ICAM1,ITGAL,ICAM1 → ITGAL,0.007197999962437251,0.00013070462681557854,0.007328704589252829
3,P11,ICOSLG,ICOS,ICOSLG → ICOS,0.0005327699644670427,2.2098603482923843e-06,0.000534979824815335
3,P11,LGALS9,HAVCR2,LGALS9 → HAVCR2,0.004534105341719178,0.007248250885198502,0.01178235622691768
3,P11,LGALS9,P4HB,LGALS9 → P4HB,0.010723204281661373,0.0029538908955416216,0.013677095177202996
3,P11,LTA,TNFRSF14,LTA → TNFRSF14,0.0008484004148328064,7.575640599872839e-06,0.0008559760554326792
3,P11,LTA,TNFRSF1A,LTA → TNFRSF1A,0.00017102475173976005,2.8355165685139503e-05,0.00019937991742489955
3,P11,LTA,TNFRSF1B,LTA → TNFRSF1B,0.003000411803778092,2.4628123482308964e-06,0.0030028746161263227
3,P11,LTB,LTBR,LTB → LTBR,5.614670704803651e-05,0.0006402216402386776,0.0006963683472867141
3,P11,PVR,CD226,PVR → CD226,2.5313333676096387e-05,5.810213100613504e-06,3.1123546776709894e-05
3,P11,PVR,CD96,PVR → CD96,0.0037350211061427884,5.810668715927974e-06,0.0037408317748587163
3,P11,PVR,TIGIT,PVR → TIGIT,0.0035034387805743684,1.0621898407649427e-06,0.0035045009704151335
3,P11,SELPLG,SELL,SELPLG → SELL,0.0004796842716996023,0.0009943079257833292,0.0014739921974829314
3,P11,TGFB1,TGFBR3,TGFB1 → TGFBR3,0.00026235710198641227,4.605386938912157e-05,0.00030841097137553384
3,P11,TNF,TNFRSF1A,TNF → TNFRSF1A,0.0014223340666344383,0.0007522729636360987,0.0021746070302705372
3,P11,TNF,TNFRSF1B,TNF → TNFRSF1B,0.0027845358850503363,0.00017503852650144875,0.0029595744115517852
3,P11,TNFSF10,TNFRSF10A,TNFSF10 → TNFRSF10A,4.554979615072186e-05,0.00011660317108933352,0.00016215296724005537
3,P11,TNFSF10,TNFRSF10B,TNFSF10 → TNFRSF10B,0.00022685689289586299,0.0001229568965020789,0.0003498137893979419
3,P11,TNFSF10,TNFRSF10D,TNFSF10 → TNFRSF10D,2.9894310366683594e-06,4.444690209069418e-05,4.743633312736254e-05
3,P11,TNFSF12,TNFRSF12A,TNFSF12 → TNFRSF12A,6.249591578239678e-06,3.420676508239115e-05,4.0456356660630825e-05
3,P11,TNFSF12,TNFRSF25,TNFSF12 → TNFRSF25,3.585275773045518e-05,0.00011372217950884544,0.00014957493723930063
3,P11,TNFSF14,LTBR,TNFSF14 → LTBR,0.00038628097403038133,0.00016365951666954116,0.0005499404906999225
3,P11,TNFSF14,TNFRSF14,TNFSF14 → TNFRSF14,0.0032690982975490204,8.610489487015957e-06,0.0032777087870360364
3,P11,TNFSF4,TNFRSF4,TNFSF4 → TNFRSF4,0.00028722748577067865,1.1766084839905953e-06,0.00028840409425466925
3,P11,TNFSF9,TNFRSF9,TNFSF9 → TNFRSF9,0.00017097751379920566,0.0002282376789632937,0.0003992151927624994
3,P11,VEGFA,NRP1,VEGFA → NRP1,0.0006488622782454405,7.388518129463323e-06,0.0006562507963749039
3,P11,VEGFA,NRP2,VEGFA → NRP2,2.7683036661371048e-05,6.3321491726506526e-06,3.40151858340217e-05
3,P11,VEGFB,NRP1,VEGFB → NRP1,9.910966849113681e-06,7.030386602237559e-06,1.694135345135124e-05
4,P12,BTLA,TNFRSF14,BTLA → TNFRSF14,0.0032246249651460388,3.1546932642141046e-05,0.0032561718977881797
4,P12,CCL2,CCR2,CCL2 → CCR2,0.00010419347408340477,1.0395656832078634e-05,0.0001145891309154834
4,P12,CCL3,CCR1,CCL3 → CCR1,0.0007604948355163436,0.0117840813342344,0.012544576169750745
4,P12,CCL3,CCR5,CCL3 → CCR5,0.007969725491984757,0.006058874357168915,0.014028599849153672
4,P12,CCL3L1,CCR1,CCL3L1 → CCR1,0.001369043669072193,0.0006684118646984742,0.002037455533770667
4,P12,CCL4,CCR5,CCL4 → CCR5,0.004598672044638089,0.007724912617044176,0.012323584661682265
4,P12,CCL5,CCR1,CCL5 → CCR1,0.00018365110338353977,0.07208007826173946,0.072263729365123
4,P12,CCL5,CCR4,CCL5 → CCR4,5.717201085317441e-05,0.015322390039925334,0.015379562050778508
4,P12,CCL5,CCR5,CCL5 → CCR5,0.001139193594808023,0.020655746105097843,0.021794939699905865
4,P12,CD274,PDCD1,CD274 → PDCD1,0.0037472885590598124,2.5753080931304222e-05,0.0037730416399911165
4,P12,CD40LG,CD40,CD40LG → CD40,1.5084674938800641e-05,1.1744579596981054e-05,2.6829254535781697e-05
4,P12,CD86,CD28,CD86 → CD28,0.0008204096566763054,0.00017606341388396682,0.0009964730705602721
4,P12,CD86,CTLA4,CD86 → CTLA4,0.0027718707265784953,0.000518869314705075,0.00329074004128357
4,P12,CSF1,CSF1R,CSF1 → CSF1R,0.0012951879028774975,0.0001174929034629802,0.0014126808063404778
4,P12,CXCL13,CXCR5,CXCL13 → CXCR5,0.000139646652235647,0.0005676658677961648,0.0007073125200318118
4,P12,CXCL16,CXCR6,CXCL16 → CXCR6,0.0007154730650919269,0.0008389785993819672,0.001554451664473894
4,P12,CXCL2,DPP4,CXCL2 → DPP4,8.645562103765947e-05,0.00034208343803160765,0.00042853905906926713
4,P12,FASLG,FAS,FASLG → FAS,0.0011669704138684866,0.00010291449589937778,0.0012698849097678643
4,P12,HLA-B,KIR3DL2,HLA-B → KIR3DL2,2.0547978584872425e-05,0.03909103928990492,0.039111587268489796
4,P12,HLA-C,KIR2DL3,HLA-C → KIR2DL3,4.991747187176494e-05,0.02767694555694725,0.027726863028819014
4,P12,HLA-E,KLRC1,HLA-E → KLRC1,0.00011464924567827733,0.013782805310086571,0.013897454555764849
4,P12,HLA-E,KLRC2,HLA-E → KLRC2,5.533050863132458e-05,0.021772227310203042,0.021827557818834366
4,P12,HLA-E,KLRK1,HLA-E → KLRK1,0.0011656867363381098,0.0109779513481399,0.01214363808447801
4,P12,HLA-F,KIR3DL2,HLA-F → KIR3DL2,3.4971674108440815e-05,0.01150218818255917,0.01153715985666761
4,P12,HLA-F,LILRB1,HLA-F → LILRB1,8.504165891683288e-05,0.00936807104449689,0.009453112703413723
4,P12,HLA-F,LILRB2,HLA-F → LILRB2,0.0005415353757095543,0.03595680483832252,0.036498340214032074
4,P12,HLA-G,LILRB1,HLA-G → LILRB1,0.00015715823084325357,0.006826275276718425,0.006983433507561678
4,P12,HLA-G,LILRB2,HLA-G → LILRB2,0.0005013432709409308,0.020765113155400212,0.021266456426341142
4,P12,ICAM1,ITGAL,ICAM1 → ITGAL,0.004936756786658785,0.0002953691033727137,0.005232125890031498
4,P12,ICOSLG,ICOS,ICOSLG → ICOS,0.0005948858048912382,2.6183895969916243e-05,0.0006210697008611544
4,P12,LGALS9,HAVCR2,LGALS9 → HAVCR2,0.00846404730017668,0.009600429727414312,0.01806447702759099
4,P12,LGALS9,P4HB,LGALS9 → P4HB,0.02614237461270494,0.005104575794529398,0.031246950407234336
4,P12,LTA,TNFRSF14,LTA → TNFRSF14,0.0011412248123039849,4.2791224608109934e-05,0.0011840160369120949
4,P12,LTA,TNFRSF1A,LTA → TNFRSF1A,0.00010926411267771751,2.83891501431778e-05,0.00013765326282089531
4,P12,LTA,TNFRSF1B,LTA → TNFRSF1B,0.0040078104080797355,4.346774990661824e-05,0.004051278157986353
4,P12,LTB,LTBR,LTB → LTBR,5.159317250790455e-05,0.0031623064844381343,0.003213899656946039
4,P12,PVR,CD226,PVR → CD226,1.5113232701202946e-05,7.184986351089131e-06,2.2298219052292075e-05
4,P12,PVR,CD96,PVR → CD96,0.008032824607796347,0.0,0.008032824607796347
4,P12,PVR,TIGIT,PVR → TIGIT,0.007477803849561908,2.696156177561348e-06,0.007480500005739469
4,P12,SELPLG,SELL,SELPLG → SELL,0.0007050741796981196,0.0027749096610466856,0.0034799838407448052
4,P12,TGFB1,TGFBR3,TGFB1 → TGFBR3,0.000349660715842114,0.00012915354811853322,0.0004788142639606472
4,P12,TNF,TNFRSF1A,TNF → TNFRSF1A,0.0007941816261154639,0.0010144949245749798,0.0018086765506904437
4,P12,TNF,TNFRSF1B,TNF → TNFRSF1B,0.0025291405303989795,0.00019432051866919483,0.0027234610490681744
4,P12,TNFSF10,TNFRSF10A,TNFSF10 → TNFRSF10A,3.181355738355172e-05,0.0001144052930966436,0.00014621885048019532
4,P12,TNFSF10,TNFRSF10B,TNFSF10 → TNFRSF10B,3.721144676712437e-05,0.0002219509636884578,0.0002591624104555822
4,P12,TNFSF10,TNFRSF10D,TNFSF10 → TNFRSF10D,4.3640255442539205e-06,0.0001005318581714505,0.00010489588371570442
4,P12,TNFSF12,TNFRSF12A,TNFSF12 → TNFRSF12A,0.0,1.480537194926177e-05,1.480537194926177e-05
4,P12,TNFSF12,TNFRSF25,TNFSF12 → TNFRSF25,0.0003055144080735036,7.661846488649186e-05,0.00038213287295999545
4,P12,TNFSF14,LTBR,TNFSF14 → LTBR,0.0008811800208476654,4.0328478703861196e-05,0.0009215084995515266
4,P12,TNFSF14,TNFRSF14,TNFSF14 → TNFRSF14,0.002836536957702504,6.381299066705417e-05,0.002900349948369558
4,P12,TNFSF4,TNFRSF4,TNFSF4 → TNFRSF4,0.0008327506230676556,8.52477377896796e-06,0.0008412753968466235
4,P12,TNFSF9,TNFRSF9,TNFSF9 → TNFRSF9,0.0003533831725441694,0.00010848122552911873,0.0004618643980732881
4,P12,VEGFA,NRP1,VEGFA → NRP1,0.0004407371729971386,3.5918334887812655e-05,0.00047665550788495125
4,P12,VEGFA,NRP2,VEGFA → NRP2,5.70435468305477e-05,1.4710422068590096e-05,7.175396889913779e-05
4,P12,VEGFB,NRP1,VEGFB → NRP1,0.00010111161118409318,1.787932319103461e-05,0.00011899093437512779
5,P13,BTLA,TNFRSF14,BTLA → TNFRSF14,0.001852260943845735,1.784435668771535e-05,0.0018701053005334503
5,P13,CCL2,CCR2,CCL2 → CCR2,0.00011414688925162707,1.9319030109866174e-06,0.00011607879226261369
5,P13,CCL3,CCR1,CCL3 → CCR1,0.00013373575186065675,0.0094325412127935,0.009566276964654157
5,P13,CCL3,CCR5,CCL3 → CCR5,0.00555557002168067,0.006219052862445578,0.011774622884126248
5,P13,CCL3L1,CCR1,CCL3L1 → CCR1,0.0006474163133186919,0.00033166855478523465,0.0009790848681039265
5,P13,CCL4,CCR5,CCL4 → CCR5,0.0019023276355572512,0.008412990015397517,0.010315317650954768
5,P13,CCL5,CCR1,CCL5 → CCR1,6.83124795111973e-05,0.07830860433786074,0.07837691681737194
5,P13,CCL5,CCR4,CCL5 → CCR4,1.5097024268589791e-06,0.01892700705584767,0.01892851675827453
5,P13,CCL5,CCR5,CCL5 → CCR5,0.000571077726339441,0.0225250177082438,0.023096095434583238
5,P13,CD274,PDCD1,CD274 → PDCD1,0.0021206882160829726,3.753507196057965e-05,0.0021582232880435525
5,P13,CD40LG,CD40,CD40LG → CD40,4.906358367666561e-05,0.00011934113619066429,0.0001684047198673299
5,P13,CD86,CD28,CD86 → CD28,0.0007699166967549344,1.62918985676564e-05,0.0007862085953225907
5,P13,CD86,CTLA4,CD86 → CTLA4,0.0019653128732693786,0.00042005199017626374,0.0023853648634456423
5,P13,CSF1,CSF1R,CSF1 → CSF1R,0.0006152270813320773,8.09380228273886e-05,0.0006961651041594659
5,P13,CXCL13,CXCR5,CXCL13 → CXCR5,0.0004667537703515237,0.0023007499553278524,0.002767503725679376
5,P13,CXCL16,CXCR6,CXCL16 → CXCR6,0.00011038212866327883,0.00022142637577678912,0.00033180850444006796
5,P13,CXCL2,DPP4,CXCL2 → DPP4,6.444031015649167e-06,0.00013950827462492173,0.0001459523056405709
5,P13,FASLG,FAS,FASLG → FAS,0.0004309781609296981,1.4237816683945464e-05,0.0004452159776136436
5,P13,HLA-B,KIR3DL2,HLA-B → KIR3DL2,7.412896668783042e-05,0.10474067980167429,0.10481480876836212
5,P13,HLA-C,KIR2DL3,HLA-C → KIR2DL3,0.0,0.007663342024074237,0.007663342024074237
5,P13,HLA-E,KLRC1,HLA-E → KLRC1,0.0001988073326796707,0.015298873101870518,0.015497680434550189
5,P13,HLA-E,KLRC2,HLA-E → KLRC2,6.303147081921275e-05,0.023961324113502405,0.024024355584321616
5,P13,HLA-E,KLRK1,HLA-E → KLRK1,0.001762737749178146,0.016566982521128815,0.01832972027030696
5,P13,HLA-F,KIR3DL2,HLA-F → KIR3DL2,5.849686037116812e-05,0.02714269255503715,0.02720118941540832
5,P13,HLA-F,LILRB1,HLA-F → LILRB1,3.980124255775801e-05,0.008573610397155453,0.00861341163971321
5,P13,HLA-F,LILRB2,HLA-F → LILRB2,0.0005338275990216627,0.03262337204934435,0.03315719964836601
5,P13,HLA-G,LILRB1,HLA-G → LILRB1,0.00028234065673473936,0.013102844851233015,0.013385185507967755
5,P13,HLA-G,LILRB2,HLA-G → LILRB2,0.00038628524475047465,0.01957536285865725,0.019961648103407722
5,P13,ICAM1,ITGAL,ICAM1 → ITGAL,0.005731167481101463,5.170674982117345e-05,0.005782874230922636
5,P13,ICOSLG,ICOS,ICOSLG → ICOS,0.0003325724655760429,4.561453652147727e-06,0.0003371339192281906
5,P13,LGALS9,HAVCR2,LGALS9 → HAVCR2,0.016709552348014793,0.012281844419976722,0.028991396767991513
5,P13,LGALS9,P4HB,LGALS9 → P4HB,0.031525375924622276,0.003183957654363938,0.034709333578986215
5,P13,LTA,TNFRSF14,LTA → TNFRSF14,0.0003837256942161265,0.0001180115223740891,0.0005017372165902156
5,P13,LTA,TNFRSF1A,LTA → TNFRSF1A,6.826405047493621e-05,1.9833564874624233e-05,8.809761534956044e-05
5,P13,LTA,TNFRSF1B,LTA → TNFRSF1B,0.0010428665970833883,3.5954155058893445e-06,0.0010464620125892777
5,P13,LTB,LTBR,LTB → LTBR,6.234257188458857e-05,0.0007155719109912665,0.0007779144828758551
5,P13,PVR,CD226,PVR → CD226,0.0001655798574871843,7.552932025312643e-07,0.00016633515068971555
5,P13,PVR,CD96,PVR → CD96,0.003853759753870406,1.2922077891073438e-05,0.00386668183176148
5,P13,PVR,TIGIT,PVR → TIGIT,0.002375010681577714,4.3527218996443167e-07,0.0023754459537676785
5,P13,SELPLG,SELL,SELPLG → SELL,0.0011364464585928253,0.0062035516939318485,0.007339998152524674
5,P13,TGFB1,TGFBR3,TGFB1 → TGFBR3,4.4432783272970576e-05,5.64723691123416e-05,0.00010090515238531217
5,P13,TNF,TNFRSF1A,TNF → TNFRSF1A,0.0003387817366173242,0.0007935953542299152,0.0011323770908472394
5,P13,TNF,TNFRSF1B,TNF → TNFRSF1B,0.002158631729352784,0.00012214672012990645,0.0022807784494826904
5,P13,TNFSF10,TNFRSF10A,TNFSF10 → TNFRSF10A,5.202891386203045e-05,4.888986758026227e-05,0.00010091878144229272
5,P13,TNFSF10,TNFRSF10B,TNFSF10 → TNFRSF10B,1.831778772578371e-05,7.896153982738733e-05,9.727932755317104e-05
5,P13,TNFSF10,TNFRSF10D,TNFSF10 → TNFRSF10D,5.2414971698349686e-06,0.0001844733142095833,0.00018971481137941828
5,P13,TNFSF12,TNFRSF12A,TNFSF12 → TNFRSF12A,0.0,4.5732474674988963e-07,4.5732474674988963e-07
5,P13,TNFSF12,TNFRSF25,TNFSF12 → TNFRSF25,9.446053351680422e-05,7.935666286405815e-05,0.00017381719638086236
5,P13,TNFSF14,LTBR,TNFSF14 → LTBR,0.00021474182800387533,4.1895956547074755e-05,0.0002566377845509501
5,P13,TNFSF14,TNFRSF14,TNFSF14 → TNFRSF14,0.003332284088128643,4.040034397483016e-05,0.003372684432103473
5,P13,TNFSF4,TNFRSF4,TNFSF4 → TNFRSF4,0.00044156554264511834,0.0,0.00044156554264511834
5,P13,TNFSF9,TNFRSF9,TNFSF9 → TNFRSF9,0.00016787893264176218,0.00011613370411105647,0.00028401263675281865
5,P13,VEGFA,NRP1,VEGFA → NRP1,0.0002616964209910463,2.7464147051943095e-05,0.0002891605680429894
5,P13,VEGFA,NRP2,VEGFA → NRP2,2.6432185587604905e-07,3.6887241053012804e-05,3.715156290888885e-05
5,P13,VEGFB,NRP1,VEGFB → NRP1,0.0001240285598819373,2.158732730872058e-05,0.0001456158871906579
6,P14,BTLA,TNFRSF14,BTLA → TNFRSF14,0.0001291185193287454,8.472416982336238e-07,0.00012996576102697902
6,P14,CCL2,CCR2,CCL2 → CCR2,1.3630460147061809e-06,0.00015777444344032028,0.00015913748945502645
6,P14,CCL3,CCR1,CCL3 → CCR1,6.582753295273784e-05,0.007659215685606348,0.007725043218559086
6,P14,CCL3,CCR5,CCL3 → CCR5,0.0018376412811935354,0.0057607461603730765,0.007598387441566612
6,P14,CCL3L1,CCR1,CCL3L1 → CCR1,0.00029411775440806644,0.00020615948194446914,0.0005002772363525356
6,P14,CCL4,CCR5,CCL4 → CCR5,0.0009935587818339913,0.0055423637755663,0.006535922557400291
6,P14,CCL5,CCR1,CCL5 → CCR1,0.0,0.06249520288329692,0.06249520288329692
6,P14,CCL5,CCR4,CCL5 → CCR4,0.0,0.007226456175425997,0.007226456175425997
6,P14,CCL5,CCR5,CCL5 → CCR5,0.00027400836380209995,0.016318134385261557,0.016592142749063656
6,P14,CD274,PDCD1,CD274 → PDCD1,0.0015823101152139282,0.0,0.0015823101152139282
6,P14,CD40LG,CD40,CD40LG → CD40,6.662123488738698e-05,0.0,6.662123488738698e-05
6,P14,CD86,CD28,CD86 → CD28,0.000588838538076723,0.00016564854068667275,0.0007544870787633957
6,P14,CD86,CTLA4,CD86 → CTLA4,0.0014202476668445957,0.0,0.0014202476668445957
6,P14,CSF1,CSF1R,CSF1 → CSF1R,0.001090931693993747,2.397658840350654e-05,0.0011149082823972535
6,P14,CXCL13,CXCR5,CXCL13 → CXCR5,5.019308391406474e-05,0.00028337628103080996,0.0003335693649448747
6,P14,CXCL16,CXCR6,CXCL16 → CXCR6,0.0004139543802820636,0.0001533358068291128,0.0005672901871111764
6,P14,CXCL2,DPP4,CXCL2 → DPP4,3.540227348545981e-06,0.00017211402041687523,0.0001756542477654212
6,P14,FASLG,FAS,FASLG → FAS,0.0,0.0,0.0
6,P14,HLA-B,KIR3DL2,HLA-B → KIR3DL2,0.0,0.008349361465937611,0.008349361465937611
6,P14,HLA-C,KIR2DL3,HLA-C → KIR2DL3,0.0,0.013878270327124194,0.013878270327124194
6,P14,HLA-E,KLRC1,HLA-E → KLRC1,5.213595469869061e-06,0.006491266853530386,0.006496480449000255
6,P14,HLA-E,KLRC2,HLA-E → KLRC2,2.5232874424914778e-06,0.016941764388027684,0.016944287675470175
6,P14,HLA-E,KLRK1,HLA-E → KLRK1,1.5863991362012423e-05,0.00687105558316148,0.006886919574523492
6,P14,HLA-F,KIR3DL2,HLA-F → KIR3DL2,0.0,0.0019835178689607065,0.0019835178689607065
6,P14,HLA-F,LILRB1,HLA-F → LILRB1,6.096301957272091e-05,0.009916752735085434,0.009977715754658155
6,P14,HLA-F,LILRB2,HLA-F → LILRB2,0.00010040765003918065,0.048193768188488285,0.048294175838527464
6,P14,HLA-G,LILRB1,HLA-G → LILRB1,0.00022494466247422202,0.00495490707264588,0.005179851735120102
6,P14,HLA-G,LILRB2,HLA-G → LILRB2,0.0005086031166277331,0.03242824896091111,0.03293685207753884
6,P14,ICAM1,ITGAL,ICAM1 → ITGAL,0.0031889793184403064,0.0002228745720931075,0.003411853890533414
6,P14,ICOSLG,ICOS,ICOSLG → ICOS,0.0002739159927078343,0.0,0.0002739159927078343
6,P14,LGALS9,HAVCR2,LGALS9 → HAVCR2,0.008417549738712133,0.0038336161675789644,0.012251165906291097
6,P14,LGALS9,P4HB,LGALS9 → P4HB,0.023629535467182987,0.004258875559283642,0.02788841102646663
6,P14,LTA,TNFRSF14,LTA → TNFRSF14,2.8893981361568254e-05,4.053466983530025e-06,3.294744834509828e-05
6,P14,LTA,TNFRSF1A,LTA → TNFRSF1A,3.6799489732705125e-06,7.1737805161603305e-06,1.0853729489430843e-05
6,P14,LTA,TNFRSF1B,LTA → TNFRSF1B,0.001033541186915442,0.0,0.001033541186915442
6,P14,LTB,LTBR,LTB → LTBR,0.00014474326952977943,0.008735800258831762,0.008880543528361541
6,P14,PVR,CD226,PVR → CD226,7.183614887197434e-07,0.0,7.183614887197434e-07
6,P14,PVR,CD96,PVR → CD96,0.0032483498355800598,0.0,0.0032483498355800598
6,P14,PVR,TIGIT,PVR → TIGIT,0.0030115025632020433,0.0,0.0030115025632020433
6,P14,SELPLG,SELL,SELPLG → SELL,2.479233682008165e-06,0.0014354115217775259,0.001437890755459534
6,P14,TGFB1,TGFBR3,TGFB1 → TGFBR3,3.2646505891507554e-06,1.1749545902742036e-05,1.5014196491892792e-05
6,P14,TNF,TNFRSF1A,TNF → TNFRSF1A,0.0004629183400950501,0.0005745933888608272,0.0010375117289558773
6,P14,TNF,TNFRSF1B,TNF → TNFRSF1B,0.002567127586289391,8.424119701343578e-05,0.0026513687833028265
6,P14,TNFSF10,TNFRSF10A,TNFSF10 → TNFRSF10A,0.0,0.00014438790874774432,0.00014438790874774432
6,P14,TNFSF10,TNFRSF10B,TNFSF10 → TNFRSF10B,0.0,2.6239663254816714e-05,2.6239663254816714e-05
6,P14,TNFSF10,TNFRSF10D,TNFSF10 → TNFRSF10D,0.0,0.0,0.0
6,P14,TNFSF12,TNFRSF12A,TNFSF12 → TNFRSF12A,0.0,0.0,0.0
6,P14,TNFSF12,TNFRSF25,TNFSF12 → TNFRSF25,5.55311253265622e-05,3.498473270712114e-05,9.051585803368334e-05
6,P14,TNFSF14,LTBR,TNFSF14 → LTBR,9.661013525620307e-06,0.0,9.661013525620307e-06
6,P14,TNFSF14,TNFRSF14,TNFSF14 → TNFRSF14,0.0032789596962803876,0.0,0.0032789596962803876
6,P14,TNFSF4,TNFRSF4,TNFSF4 → TNFRSF4,5.5219965305222076e-05,3.0515074774697325e-06,5.8271472782691806e-05
6,P14,TNFSF9,TNFRSF9,TNFSF9 → TNFRSF9,9.093623824805922e-05,9.608461300420939e-05,0.0001870208512522686
6,P14,VEGFA,NRP1,VEGFA → NRP1,0.00019238920038821015,0.0,0.00019238920038821015
6,P14,VEGFA,NRP2,VEGFA → NRP2,0.0,0.0,0.0
6,P14,VEGFB,NRP1,VEGFB → NRP1,9.910159522400915e-05,1.8941304824264709e-07,9.929100827225179e-05
7,P15,BTLA,TNFRSF14,BTLA → TNFRSF14,0.0002893021052575693,1.8544019524198255e-05,0.0003078461247817675
7,P15,CCL2,CCR2,CCL2 → CCR2,0.0,0.0,0.0
7,P15,CCL3,CCR1,CCL3 → CCR1,1.5011463891880668e-05,0.010513254390951653,0.010528265854843533
7,P15,CCL3,CCR5,CCL3 → CCR5,0.0013461635278968788,0.0030794164387013627,0.004425579966598241
7,P15,CCL3L1,CCR1,CCL3L1 → CCR1,0.0003083457722026673,0.0004732444579443195,0.0007815902301469867
7,P15,CCL4,CCR5,CCL4 → CCR5,0.0017354838880799261,0.005176315829246363,0.006911799717326289
7,P15,CCL5,CCR1,CCL5 → CCR1,0.0,0.0833979508467175,0.0833979508467175
7,P15,CCL5,CCR4,CCL5 → CCR4,0.0,0.006677458379954666,0.006677458379954666
7,P15,CCL5,CCR5,CCL5 → CCR5,0.0005780057496138408,0.014083535323175245,0.014661541072789086
7,P15,CD274,PDCD1,CD274 → PDCD1,0.002466017513299567,0.0,0.002466017513299567
7,P15,CD40LG,CD40,CD40LG → CD40,5.500732536330635e-05,0.0,5.500732536330635e-05
7,P15,CD86,CD28,CD86 → CD28,0.000300247648249342,1.3973515977223764e-06,0.0003016449998470644
7,P15,CD86,CTLA4,CD86 → CTLA4,0.0012773234983887293,0.0002394138981122971,0.0015167373965010264
7,P15,CSF1,CSF1R,CSF1 → CSF1R,0.0011742484559476463,6.216451994543212e-05,0.0012364129758930785
7,P15,CXCL13,CXCR5,CXCL13 → CXCR5,2.5425553976672425e-05,0.0001865007042290938,0.00021192625820576623
7,P15,CXCL16,CXCR6,CXCL16 → CXCR6,0.0012202494358520544,7.32004728691487e-05,0.001293449908721203
7,P15,CXCL2,DPP4,CXCL2 → DPP4,1.6128735969860996e-06,0.00028087693247258363,0.00028248980606956973
7,P15,FASLG,FAS,FASLG → FAS,0.0,1.522532117785318e-05,1.522532117785318e-05
7,P15,HLA-B,KIR3DL2,HLA-B → KIR3DL2,1.9860854587876208e-07,0.009692417783635686,0.009692616392181564
7,P15,HLA-C,KIR2DL3,HLA-C → KIR2DL3,0.0,0.013736611649071296,0.013736611649071296
7,P15,HLA-E,KLRC1,HLA-E → KLRC1,1.4563781238382089e-05,0.0065865573424128175,0.006601121123651199
7,P15,HLA-E,KLRC2,HLA-E → KLRC2,0.0,0.022598998883438737,0.022598998883438737
7,P15,HLA-E,KLRK1,HLA-E → KLRK1,0.0,0.010753385895996418,0.010753385895996418
7,P15,HLA-F,KIR3DL2,HLA-F → KIR3DL2,0.0,0.002481597150169899,0.002481597150169899
7,P15,HLA-F,LILRB1,HLA-F → LILRB1,5.724407234917704e-06,0.005156728384023926,0.005162452791258844
7,P15,HLA-F,LILRB2,HLA-F → LILRB2,2.244153802235868e-05,0.047839982991719904,0.047862424529742265
7,P15,HLA-G,LILRB1,HLA-G → LILRB1,1.9680002509419543e-05,0.0036208258537559625,0.003640505856265382
7,P15,HLA-G,LILRB2,HLA-G → LILRB2,2.765092181559689e-05,0.03506973907952022,0.03509739000133582
7,P15,ICAM1,ITGAL,ICAM1 → ITGAL,0.004140146973571807,2.393392155272614e-05,0.004164080895124533
7,P15,ICOSLG,ICOS,ICOSLG → ICOS,0.00021407646628850417,0.0,0.00021407646628850417
7,P15,LGALS9,HAVCR2,LGALS9 → HAVCR2,0.004871838586428888,0.0043125348761562845,0.009184373462585172
7,P15,LGALS9,P4HB,LGALS9 → P4HB,0.01077390216548605,0.0026900421089340234,0.013463944274420074
7,P15,LTA,TNFRSF14,LTA → TNFRSF14,4.883398251137188e-05,2.8259606330792657e-06,5.165994314445114e-05
7,P15,LTA,TNFRSF1A,LTA → TNFRSF1A,0.00010817763685872651,4.491846354211164e-06,0.00011266948321293768
7,P15,LTA,TNFRSF1B,LTA → TNFRSF1B,0.0015553032902502941,2.666591486370998e-06,0.0015579698817366652
7,P15,LTB,LTBR,LTB → LTBR,0.00010586955811846606,0.001000008916918059,0.0011058784750365251
7,P15,PVR,CD226,PVR → CD226,8.87974458575366e-06,0.0,8.87974458575366e-06
7,P15,PVR,CD96,PVR → CD96,0.003661071242949718,0.0,0.003661071242949718
7,P15,PVR,TIGIT,PVR → TIGIT,0.0029859583369368924,0.0,0.0029859583369368924
7,P15,SELPLG,SELL,SELPLG → SELL,2.637123460508945e-05,0.0008520037951563275,0.000878375029761417
7,P15,TGFB1,TGFBR3,TGFB1 → TGFBR3,3.7077237817203245e-05,1.4314893457430372e-05,5.139213127463362e-05
7,P15,TNF,TNFRSF1A,TNF → TNFRSF1A,0.00040664283189555415,0.0003026315951928403,0.0007092744270883945
7,P15,TNF,TNFRSF1B,TNF → TNFRSF1B,0.0019370532925275193,1.3651347666581806e-21,0.0019370532925275193
7,P15,TNFSF10,TNFRSF10A,TNFSF10 → TNFRSF10A,0.0,1.1882337606087371e-06,1.1882337606087371e-06
7,P15,TNFSF10,TNFRSF10B,TNFSF10 → TNFRSF10B,0.0,0.00030134848303599917,0.00030134848303599917
7,P15,TNFSF10,TNFRSF10D,TNFSF10 → TNFRSF10D,0.0,0.0,0.0
7,P15,TNFSF12,TNFRSF12A,TNFSF12 → TNFRSF12A,0.0,0.0,0.0
7,P15,TNFSF12,TNFRSF25,TNFSF12 → TNFRSF25,1.4964516990233619e-05,4.657242850336766e-06,1.9621759840570384e-05
7,P15,TNFSF14,LTBR,TNFSF14 → LTBR,0.0002136779545866002,7.997123267998053e-06,0.00022167507785459826
7,P15,TNFSF14,TNFRSF14,TNFSF14 → TNFRSF14,0.0018850074069072117,0.0,0.0018850074069072117
7,P15,TNFSF4,TNFRSF4,TNFSF4 → TNFRSF4,7.565832672103166e-05,0.0,7.565832672103166e-05
7,P15,TNFSF9,TNFRSF9,TNFSF9 → TNFRSF9,9.460453239837315e-05,2.761390894058323e-05,0.00012221844133895638
7,P15,VEGFA,NRP1,VEGFA → NRP1,0.00011571078518114654,0.0,0.00011571078518114654
7,P15,VEGFA,NRP2,VEGFA → NRP2,0.0,0.0,0.0
7,P15,VEGFB,NRP1,VEGFB → NRP1,0.00029223363395441824,0.0,0.00029223363395441824
8,P16,BTLA,TNFRSF14,BTLA → TNFRSF14,0.000627684078408767,1.092725915459882e-06,0.0006287768043242268
8,P16,CCL2,CCR2,CCL2 → CCR2,0.0,2.3621100801556907e-05,2.3621100801556907e-05
8,P16,CCL3,CCR1,CCL3 → CCR1,7.660354413293907e-06,0.00548853528831088,0.005496195642724174
8,P16,CCL3,CCR5,CCL3 → CCR5,0.0015706498391525785,0.00555882334682211,0.007129473185974689
8,P16,CCL3L1,CCR1,CCL3L1 → CCR1,0.00031087527043921823,0.0003605924513438436,0.0006714677217830618
8,P16,CCL4,CCR5,CCL4 → CCR5,0.002628157632740317,0.010184746144236848,0.012812903776977165
8,P16,CCL5,CCR1,CCL5 → CCR1,0.0,0.051044969260108694,0.051044969260108694
8,P16,CCL5,CCR4,CCL5 → CCR4,1.3846132681328629e-05,0.003931554181219025,0.003945400313900354
8,P16,CCL5,CCR5,CCL5 → CCR5,0.0004049641556278899,0.016991701789220374,0.017396665944848264
8,P16,CD274,PDCD1,CD274 → PDCD1,0.0013967731303763137,0.0,0.0013967731303763137
8,P16,CD40LG,CD40,CD40LG → CD40,1.890615310565549e-05,0.0,1.890615310565549e-05
8,P16,CD86,CD28,CD86 → CD28,5.8761513130123795e-05,1.3808913820386006e-06,6.0142404512162395e-05
8,P16,CD86,CTLA4,CD86 → CTLA4,0.0017815851602233897,0.0002983216210833037,0.0020799067813066932
8,P16,CSF1,CSF1R,CSF1 → CSF1R,0.00039401527959345906,3.586978353760758e-05,0.00042988506313106664
8,P16,CXCL13,CXCR5,CXCL13 → CXCR5,5.1447219349232744e-05,2.2787685896803324e-05,7.423490524603607e-05
8,P16,CXCL16,CXCR6,CXCL16 → CXCR6,0.0003617017055187333,5.28360888644394e-05,0.0004145377943831727
8,P16,CXCL2,DPP4,CXCL2 → DPP4,4.6985592147230713e-07,0.00012461465653955105,0.00012508451246102335
8,P16,FASLG,FAS,FASLG → FAS,0.0,0.0,0.0
8,P16,HLA-B,KIR3DL2,HLA-B → KIR3DL2,1.9954012284732538e-07,0.01049152962425234,0.010491729164375187
8,P16,HLA-C,KIR2DL3,HLA-C → KIR2DL3,6.16798594147638e-07,0.006324546687163772,0.00632516348575792
8,P16,HLA-E,KLRC1,HLA-E → KLRC1,3.5878366941349134e-06,0.009045529124385296,0.00904911696107943
8,P16,HLA-E,KLRC2,HLA-E → KLRC2,2.037811247339115e-06,0.019319017092347048,0.019321054903594388
8,P16,HLA-E,KLRK1,HLA-E → KLRK1,1.493965259188254e-06,0.006575913365738032,0.0065774073309972205
8,P16,HLA-F,KIR3DL2,HLA-F → KIR3DL2,9.028295885359795e-07,0.00293530984697324,0.002936212676561776
8,P16,HLA-F,LILRB1,HLA-F → LILRB1,5.462610179538408e-05,0.003179925079837075,0.003234551181632459
8,P16,HLA-F,LILRB2,HLA-F → LILRB2,0.00019989590356569095,0.018977049298188903,0.019176945201754593
8,P16,HLA-G,LILRB1,HLA-G → LILRB1,7.346158955459279e-05,0.0023013632359469515,0.002374824825501544
8,P16,HLA-G,LILRB2,HLA-G → LILRB2,0.0003113634773412664,0.019470986014577175,0.01978234949191844
8,P16,ICAM1,ITGAL,ICAM1 → ITGAL,0.003659256602894813,0.0001613929783663684,0.0038206495812611813
8,P16,ICOSLG,ICOS,ICOSLG → ICOS,0.00023836545920417798,0.0,0.00023836545920417798
8,P16,LGALS9,HAVCR2,LGALS9 → HAVCR2,0.00971083168210843,0.007627537518279455,0.017338369200387886
8,P16,LGALS9,P4HB,LGALS9 → P4HB,0.02147832155501313,0.0039432016418585155,0.025421523196871645
8,P16,LTA,TNFRSF14,LTA → TNFRSF14,1.4666231784844795e-05,1.243200443866792e-06,1.5909432228711586e-05
8,P16,LTA,TNFRSF1A,LTA → TNFRSF1A,5.534873582974784e-07,0.0,5.534873582974784e-07
8,P16,LTA,TNFRSF1B,LTA → TNFRSF1B,0.000747299250565573,7.237456007064213e-06,0.0007545367065726373
8,P16,LTB,LTBR,LTB → LTBR,7.753169278738952e-05,0.0008193360811898103,0.0008968677739771999
8,P16,PVR,CD226,PVR → CD226,6.346448318511145e-06,0.0,6.346448318511145e-06
8,P16,PVR,CD96,PVR → CD96,0.002625800101569419,0.0,0.002625800101569419
8,P16,PVR,TIGIT,PVR → TIGIT,0.0015201039441425424,0.0,0.0015201039441425424
8,P16,SELPLG,SELL,SELPLG → SELL,7.100638293538373e-06,0.010152699500806417,0.010159800139099956
8,P16,TGFB1,TGFBR3,TGFB1 → TGFBR3,0.00014592953780138211,4.1935824000888224e-05,0.00018786536180227033
8,P16,TNF,TNFRSF1A,TNF → TNFRSF1A,0.0002548691531532581,1.0716353674109912e-05,0.00026558550682736804
8,P16,TNF,TNFRSF1B,TNF → TNFRSF1B,0.001960791793315144,0.0,0.001960791793315144
8,P16,TNFSF10,TNFRSF10A,TNFSF10 → TNFRSF10A,0.0,1.6778109195450795e-05,1.6778109195450795e-05
8,P16,TNFSF10,TNFRSF10B,TNFSF10 → TNFRSF10B,0.0,8.93863091862203e-05,8.93863091862203e-05
8,P16,TNFSF10,TNFRSF10D,TNFSF10 → TNFRSF10D,0.0,0.0,0.0
8,P16,TNFSF12,TNFRSF12A,TNFSF12 → TNFRSF12A,0.0,0.0,0.0
8,P16,TNFSF12,TNFRSF25,TNFSF12 → TNFRSF25,1.1341819059336949e-05,3.164671734002761e-06,1.450649079333971e-05
8,P16,TNFSF14,LTBR,TNFSF14 → LTBR,0.0004941402651382972,0.0,0.0004941402651382972
8,P16,TNFSF14,TNFRSF14,TNFSF14 → TNFRSF14,0.0004912277852116241,2.8228095759327955e-06,0.0004940505947875569
8,P16,TNFSF4,TNFRSF4,TNFSF4 → TNFRSF4,0.00019667042131358764,0.0,0.00019667042131358764
8,P16,TNFSF9,TNFRSF9,TNFSF9 → TNFRSF9,0.00015344845209424487,3.361873973061261e-05,0.00018706719182485747
8,P16,VEGFA,NRP1,VEGFA → NRP1,7.204157462391073e-05,0.0,7.204157462391073e-05
8,P16,VEGFA,NRP2,VEGFA → NRP2,0.0,0.0,0.0
8,P16,VEGFB,NRP1,VEGFB → NRP1,0.00018739360201198413,0.0,0.00018739360201198413
9,P17,BTLA,TNFRSF14,BTLA → TNFRSF14,0.0006668466057420877,7.112583062866465e-07,0.0006675578640483743
9,P17,CCL2,CCR2,CCL2 → CCR2,4.4932863370828344e-05,1.0676252649477425e-06,4.600048863577609e-05
9,P17,CCL3,CCR1,CCL3 → CCR1,0.00010226554961410829,0.007291702510281109,0.007393968059895217
9,P17,CCL3,CCR5,CCL3 → CCR5,0.002601243301845158,0.00319233284939254,0.005793576151237698
9,P17,CCL3L1,CCR1,CCL3L1 → CCR1,0.00038610829289296116,0.0004325677724663658,0.000818676065359327
9,P17,CCL4,CCR5,CCL4 → CCR5,0.0025639160143959296,0.005557222197802316,0.008121138212198245
9,P17,CCL5,CCR1,CCL5 → CCR1,1.1733099995640971e-05,0.04811391394808935,0.048125647048084995
9,P17,CCL5,CCR4,CCL5 → CCR4,7.87129817165522e-06,0.010732089429978539,0.010739960728150194
9,P17,CCL5,CCR5,CCL5 → CCR5,0.0004468568255408925,0.019634950108417027,0.02008180693395792
9,P17,CD274,PDCD1,CD274 → PDCD1,0.001699834755529816,7.385925133937966e-08,0.0016999086147811552
9,P17,CD40LG,CD40,CD40LG → CD40,3.462229625664233e-05,1.2181172247529097e-05,4.6803468504171424e-05
9,P17,CD86,CD28,CD86 → CD28,0.0005522807894475967,0.00014829265711840142,0.0007005734465659982
9,P17,CD86,CTLA4,CD86 → CTLA4,0.0023349356420848417,0.0005734414574343542,0.002908377099519196
9,P17,CSF1,CSF1R,CSF1 → CSF1R,0.0005006543828449403,8.554050366424076e-05,0.0005861948865091811
9,P17,CXCL13,CXCR5,CXCL13 → CXCR5,8.775356184527195e-05,0.0004141735980587996,0.0005019271599040715
9,P17,CXCL16,CXCR6,CXCL16 → CXCR6,0.0009706875381035376,0.00031486967736373917,0.0012855572154672767
9,P17,CXCL2,DPP4,CXCL2 → DPP4,3.401342949049388e-05,0.00015663021934215945,0.00019064364883265332
9,P17,FASLG,FAS,FASLG → FAS,6.094376539424093e-05,1.1262437732475941e-05,7.220620312671687e-05
9,P17,HLA-B,KIR3DL2,HLA-B → KIR3DL2,1.217293344085339e-05,0.014498136336586092,0.014510309270026946
9,P17,HLA-C,KIR2DL3,HLA-C → KIR2DL3,1.08338422284067e-06,0.016115633776905006,0.016116717161127846
9,P17,HLA-E,KLRC1,HLA-E → KLRC1,1.8859496486490666e-05,0.021645732517080712,0.021664592013567203
9,P17,HLA-E,KLRC2,HLA-E → KLRC2,2.1115529140997125e-05,0.023828149810590754,0.02384926533973175
9,P17,HLA-E,KLRK1,HLA-E → KLRK1,0.00028920486535837387,0.03961463539965418,0.039903840265012556
9,P17,HLA-F,KIR3DL2,HLA-F → KIR3DL2,5.357581363877485e-06,0.004665045833928575,0.004670403415292452
9,P17,HLA-F,LILRB1,HLA-F → LILRB1,5.778468629742258e-05,0.003576021748333774,0.0036338064346311963
9,P17,HLA-F,LILRB2,HLA-F → LILRB2,6.184648327054006e-05,0.03747336113186746,0.037535207615138
9,P17,HLA-G,LILRB1,HLA-G → LILRB1,5.521110177403326e-05,0.0026959854786752476,0.0027511965804492807
9,P17,HLA-G,LILRB2,HLA-G → LILRB2,0.0003569824634065888,0.023921745871634273,0.024278728335040863
9,P17,ICAM1,ITGAL,ICAM1 → ITGAL,0.006750051460168188,5.154780977103778e-05,0.006801599269939226
9,P17,ICOSLG,ICOS,ICOSLG → ICOS,8.429363239995177e-05,5.411039566162361e-06,8.970467196611413e-05
9,P17,LGALS9,HAVCR2,LGALS9 → HAVCR2,0.004497494917180076,0.005347505059709582,0.009844999976889658
9,P17,LGALS9,P4HB,LGALS9 → P4HB,0.010622970576556945,0.0015581207689741913,0.012181091345531136
9,P17,LTA,TNFRSF14,LTA → TNFRSF14,0.00011753138155609313,7.328453516976767e-06,0.0001248598350730699
9,P17,LTA,TNFRSF1A,LTA → TNFRSF1A,1.6468055371176406e-05,8.415373631242939e-06,2.4883429002419345e-05
9,P17,LTA,TNFRSF1B,LTA → TNFRSF1B,0.0005284884107286932,2.3439581768747624e-05,0.0005519279924974408
9,P17,LTB,LTBR,LTB → LTBR,0.00021940830243192405,0.0014805850455035998,0.0016999933479355238
9,P17,PVR,CD226,PVR → CD226,2.079286399853283e-06,0.0,2.079286399853283e-06
9,P17,PVR,CD96,PVR → CD96,0.0010991832293859754,3.143374044573029e-06,0.0011023266034305484
9,P17,PVR,TIGIT,PVR → TIGIT,0.0017072061419107353,1.098941914618092e-06,0.0017083050838253534
9,P17,SELPLG,SELL,SELPLG → SELL,0.0003719212285119472,0.0027675627503415843,0.0031394839788535314
9,P17,TGFB1,TGFBR3,TGFB1 → TGFBR3,4.2163074577120374e-05,8.275264742616655e-06,5.043833931973703e-05
9,P17,TNF,TNFRSF1A,TNF → TNFRSF1A,0.0005567595456254428,0.00021814009472072876,0.0007748996403461716
9,P17,TNF,TNFRSF1B,TNF → TNFRSF1B,0.0018423256991924593,2.8105576376738746e-06,0.0018451362568301332
9,P17,TNFSF10,TNFRSF10A,TNFSF10 → TNFRSF10A,3.4023054504988856e-06,2.4737937379966122e-05,2.8140242830465007e-05
9,P17,TNFSF10,TNFRSF10B,TNFSF10 → TNFRSF10B,3.836720417509735e-06,0.00016016883546375192,0.00016400555588126165
9,P17,TNFSF10,TNFRSF10D,TNFSF10 → TNFRSF10D,3.5376721578094346e-06,1.600555199417373e-05,1.9543224151983168e-05
9,P17,TNFSF12,TNFRSF12A,TNFSF12 → TNFRSF12A,4.584905709369532e-06,1.9650599355147418e-05,2.423550506451695e-05
9,P17,TNFSF12,TNFRSF25,TNFSF12 → TNFRSF25,1.579007042814868e-05,8.162849728837697e-06,2.3952920156986376e-05
9,P17,TNFSF14,LTBR,TNFSF14 → LTBR,0.0002167309174588016,1.1659374494347105e-05,0.0002283902919531487
9,P17,TNFSF14,TNFRSF14,TNFSF14 → TNFRSF14,0.0006110438441254263,6.003061965159566e-06,0.0006170469060905858
9,P17,TNFSF4,TNFRSF4,TNFSF4 → TNFRSF4,0.00030941802545876677,8.721776452677603e-08,0.00030950524322329357
9,P17,TNFSF9,TNFRSF9,TNFSF9 → TNFRSF9,0.001216214724415936,8.897623693632279e-05,0.0013051909613522588
9,P17,VEGFA,NRP1,VEGFA → NRP1,0.0001655289928622018,6.459457123704525e-05,0.00023012356409924704
9,P17,VEGFA,NRP2,VEGFA → NRP2,1.6277376410495901e-06,7.368436386082603e-05,7.531210150187562e-05
9,P17,VEGFB,NRP1,VEGFB → NRP1,0.00015599136628099676,1.1943907188706052e-05,0.00016793527346970283
10,P18,BTLA,TNFRSF14,BTLA → TNFRSF14,0.0018518480385618808,2.235794256059619e-05,0.001874205981122477
10,P18,CCL2,CCR2,CCL2 → CCR2,0.00013625346857921555,7.107603496292429e-07,0.0001369642289288448
10,P18,CCL3,CCR1,CCL3 → CCR1,0.00012575200145227723,0.0061639650197997786,0.006289717021252056
10,P18,CCL3,CCR5,CCL3 → CCR5,0.0019477095506343707,0.004142445915642414,0.006090155466276784
10,P18,CCL3L1,CCR1,CCL3L1 → CCR1,0.000315455601148042,0.0007987631568170256,0.0011142187579650676
10,P18,CCL4,CCR5,CCL4 → CCR5,0.0021049963310456046,0.00667466606723621,0.008779662398281814
10,P18,CCL5,CCR1,CCL5 → CCR1,1.1630604016982615e-05,0.059562694307375645,0.059574324911392626
10,P18,CCL5,CCR4,CCL5 → CCR4,2.804144865435014e-05,0.006561458190736777,0.006589499639391127
10,P18,CCL5,CCR5,CCL5 → CCR5,0.0005053556074257102,0.021475408168103387,0.021980763775529096
10,P18,CD274,PDCD1,CD274 → PDCD1,0.0028403757270625387,9.889109659193957e-21,0.0028403757270625387
10,P18,CD40LG,CD40,CD40LG → CD40,6.927584157129014e-05,1.3706790854325869e-05,8.298263242561601e-05
10,P18,CD86,CD28,CD86 → CD28,0.0008063780974910398,0.00012766616802679194,0.0009340442655178318
10,P18,CD86,CTLA4,CD86 → CTLA4,0.0024422109391064985,0.0006293966340721891,0.0030716075731786877
10,P18,CSF1,CSF1R,CSF1 → CSF1R,0.000658763964733853,6.368971190879881e-06,0.0006651329359247328
10,P18,CXCL13,CXCR5,CXCL13 → CXCR5,0.00023385260518296637,0.0004992873553929456,0.000733139960575912
10,P18,CXCL16,CXCR6,CXCL16 → CXCR6,0.0006197362431709021,0.00044272138577639215,0.0010624576289472941
10,P18,CXCL2,DPP4,CXCL2 → DPP4,2.052150226472337e-05,0.00011832467317410556,0.00013884617543882892
10,P18,FASLG,FAS,FASLG → FAS,0.0004013271786390095,9.083846427179593e-06,0.0004104110250661891
10,P18,HLA-B,KIR3DL2,HLA-B → KIR3DL2,2.7360793286567846e-06,0.025766414334788417,0.025769150414117075
10,P18,HLA-C,KIR2DL3,HLA-C → KIR2DL3,3.1289368385047336e-06,0.009733401772846253,0.009736530709684757
10,P18,HLA-E,KLRC1,HLA-E → KLRC1,5.511601067589819e-06,0.010345587064585956,0.010351098665653546
10,P18,HLA-E,KLRC2,HLA-E → KLRC2,5.321110025110598e-06,0.04042377043833704,0.04042909154836215
10,P18,HLA-E,KLRK1,HLA-E → KLRK1,0.0001355119545778769,0.02196049821315421,0.022096010167732088
10,P18,HLA-F,KIR3DL2,HLA-F → KIR3DL2,3.3053709199322036e-06,0.00840942605515027,0.008412731426070203
10,P18,HLA-F,LILRB1,HLA-F → LILRB1,3.9063435741978675e-05,0.007439151866134101,0.0074782153018760796
10,P18,HLA-F,LILRB2,HLA-F → LILRB2,0.0001851109663181378,0.0512979600387645,0.05148307100508264
10,P18,HLA-G,LILRB1,HLA-G → LILRB1,0.00013693105737381687,0.007309547923104552,0.007446478980478368
10,P18,HLA-G,LILRB2,HLA-G → LILRB2,0.0009083301984125915,0.027512233732175016,0.028420563930587606
10,P18,ICAM1,ITGAL,ICAM1 → ITGAL,0.0038885195681465238,0.0005941469478668739,0.0044826665160133975
10,P18,ICOSLG,ICOS,ICOSLG → ICOS,0.00043894770347057587,1.18798092734983e-05,0.0004508275127440742
10,P18,LGALS9,HAVCR2,LGALS9 → HAVCR2,0.006825193396761336,0.007711624980322742,0.014536818377084077
10,P18,LGALS9,P4HB,LGALS9 → P4HB,0.022299461625083786,0.0030673217893137997,0.025366783414397586
10,P18,LTA,TNFRSF14,LTA → TNFRSF14,0.0008268551352891056,6.931652804764226e-05,0.0008961716633367478
10,P18,LTA,TNFRSF1A,LTA → TNFRSF1A,1.7515253286907142e-05,2.1245458255043162e-05,3.876071154195031e-05
10,P18,LTA,TNFRSF1B,LTA → TNFRSF1B,0.0022123607710131128,1.2085190070961144e-05,0.0022244459610840737
10,P18,LTB,LTBR,LTB → LTBR,3.219144157010877e-05,0.0019187239907871463,0.0019509154323572551
10,P18,PVR,CD226,PVR → CD226,1.1079051661712765e-05,2.876115010776053e-06,1.3955166672488819e-05
10,P18,PVR,CD96,PVR → CD96,0.0053360462282121875,7.043336510266831e-07,0.005336750561863214
10,P18,PVR,TIGIT,PVR → TIGIT,0.0033874495707352267,7.4212048265639e-07,0.0033881916912178833
10,P18,SELPLG,SELL,SELPLG → SELL,0.0011366044562572226,0.008479512454558557,0.00961611691081578
10,P18,TGFB1,TGFBR3,TGFB1 → TGFBR3,0.00012902447099002955,5.8906190021403765e-05,0.0001879306610114333
10,P18,TNF,TNFRSF1A,TNF → TNFRSF1A,0.0007120089893094656,0.0010083658897291038,0.0017203748790385694
10,P18,TNF,TNFRSF1B,TNF → TNFRSF1B,0.004229340543129506,0.0002183215071632948,0.0044476620502928
10,P18,TNFSF10,TNFRSF10A,TNFSF10 → TNFRSF10A,1.6254573248202678e-05,4.945612531911737e-05,6.571069856732004e-05
10,P18,TNFSF10,TNFRSF10B,TNFSF10 → TNFRSF10B,1.334952490127061e-05,5.266680201015351e-05,6.601632691142412e-05
10,P18,TNFSF10,TNFRSF10D,TNFSF10 → TNFRSF10D,4.318837289641198e-06,6.566415454010521e-05,6.998299182974641e-05
10,P18,TNFSF12,TNFRSF12A,TNFSF12 → TNFRSF12A,2.2198393768696555e-06,8.01174952870806e-07,3.0210143297404615e-06
10,P18,TNFSF12,TNFRSF25,TNFSF12 → TNFRSF25,0.00013855385961771411,2.062754951025321e-05,0.00015918140912796734
10,P18,TNFSF14,LTBR,TNFSF14 → LTBR,0.0004018507730700891,7.335335680609078e-06,0.0004091861087506982
10,P18,TNFSF14,TNFRSF14,TNFSF14 → TNFRSF14,0.0018064653911232483,1.4138258115591896e-05,0.0018206036492388403
10,P18,TNFSF4,TNFRSF4,TNFSF4 → TNFRSF4,0.0003129394455323164,2.511119714390496e-05,0.0003380506426762214
10,P18,TNFSF9,TNFRSF9,TNFSF9 → TNFRSF9,0.0001607899861912224,0.00016935664870698647,0.0003301466348982089
10,P18,VEGFA,NRP1,VEGFA → NRP1,0.00021489268183257174,8.35395252157375e-05,0.0002984322070483092
10,P18,VEGFA,NRP2,VEGFA → NRP2,2.9426245958412585e-07,4.410290796536671e-05,4.439717042495083e-05
10,P18,VEGFB,NRP1,VEGFB → NRP1,6.18144861351126e-05,5.864364682745e-05,0.0001204581329625626
11,P19,BTLA,TNFRSF14,BTLA → TNFRSF14,0.00016008776268327615,2.88691481198503e-07,0.00016037645416447466
11,P19,CCL2,CCR2,CCL2 → CCR2,1.8265127701643464e-06,2.1953757629562624e-05,2.3780270399726972e-05
11,P19,CCL3,CCR1,CCL3 → CCR1,4.312519548813241e-06,0.0050707782857806775,0.005075090805329491
11,P19,CCL3,CCR5,CCL3 → CCR5,0.0014941893935482627,0.002995324626650547,0.00448951402019881
11,P19,CCL3L1,CCR1,CCL3L1 → CCR1,0.0003647595212332876,0.00029239810915062184,0.0006571576303839094
11,P19,CCL4,CCR5,CCL4 → CCR5,0.0012319538916395283,0.004784500651744624,0.006016454543384153
11,P19,CCL5,CCR1,CCL5 → CCR1,0.0,0.037661145090238414,0.037661145090238414
11,P19,CCL5,CCR4,CCL5 → CCR4,0.0,0.003813698990651468,0.003813698990651468
11,P19,CCL5,CCR5,CCL5 → CCR5,0.00036144267416164774,0.008730506300319203,0.009091948974480851
11,P19,CD274,PDCD1,CD274 → PDCD1,0.0008795634973689415,0.0,0.0008795634973689415
11,P19,CD40LG,CD40,CD40LG → CD40,4.158293262397682e-06,0.0,4.158293262397682e-06
11,P19,CD86,CD28,CD86 → CD28,0.0005638619284191738,7.194671388842098e-06,0.0005710565998080159
11,P19,CD86,CTLA4,CD86 → CTLA4,0.0009065216995002525,0.0003444530503673358,0.0012509747498675883
11,P19,CSF1,CSF1R,CSF1 → CSF1R,0.00047006650396021497,0.00010007588534306482,0.0005701423893032798
11,P19,CXCL13,CXCR5,CXCL13 → CXCR5,1.5216089554577778e-05,0.0001322810394522157,0.0001474971290067935
11,P19,CXCL16,CXCR6,CXCL16 → CXCR6,0.0005283631826607102,0.00031510041478501267,0.0008434635974457229
11,P19,CXCL2,DPP4,CXCL2 → DPP4,5.618350931237931e-07,0.0,5.618350931237931e-07
11,P19,FASLG,FAS,FASLG → FAS,0.0,6.311202959387743e-06,6.311202959387743e-06
11,P19,HLA-B,KIR3DL2,HLA-B → KIR3DL2,6.539079053542677e-07,0.01281615459839287,0.012816808506298225
11,P19,HLA-C,KIR2DL3,HLA-C → KIR2DL3,0.0,0.05217879120955421,0.05217879120955421
11,P19,HLA-E,KLRC1,HLA-E → KLRC1,4.7598180814548884e-06,0.012426107628394033,0.012430867446475488
11,P19,HLA-E,KLRC2,HLA-E → KLRC2,1.6507183740238415e-06,0.012785951184505843,0.012787601902879867
11,P19,HLA-E,KLRK1,HLA-E → KLRK1,0.00045067108568222437,0.0040095502031291365,0.004460221288811361
11,P19,HLA-F,KIR3DL2,HLA-F → KIR3DL2,2.3956715575328633e-07,0.004137873257879907,0.00413811282503566
11,P19,HLA-F,LILRB1,HLA-F → LILRB1,2.861673881758974e-06,0.003344951577481663,0.0033478132513634217
11,P19,HLA-F,LILRB2,HLA-F → LILRB2,0.0005485388805325083,0.03262402676182066,0.03317256564235317
11,P19,HLA-G,LILRB1,HLA-G → LILRB1,2.9580053946223754e-05,0.0025435139925170133,0.002573094046463237
11,P19,HLA-G,LILRB2,HLA-G → LILRB2,0.00029476753816792784,0.019659960741312824,0.019954728279480752
11,P19,ICAM1,ITGAL,ICAM1 → ITGAL,0.006861887855953007,9.134517237928001e-05,0.006953233028332287
11,P19,ICOSLG,ICOS,ICOSLG → ICOS,0.0001728053060749585,0.0,0.0001728053060749585
11,P19,LGALS9,HAVCR2,LGALS9 → HAVCR2,0.004127106429940857,0.004470030618679231,0.008597137048620088
11,P19,LGALS9,P4HB,LGALS9 → P4HB,0.009978972064777401,0.0018339443309947508,0.011812916395772153
11,P19,LTA,TNFRSF14,LTA → TNFRSF14,0.0001155718171250549,1.2809712629864315e-06,0.00011685278838804133
11,P19,LTA,TNFRSF1A,LTA → TNFRSF1A,2.2627335013447877e-07,0.0,2.2627335013447877e-07
11,P19,LTA,TNFRSF1B,LTA → TNFRSF1B,0.001142345267818692,4.086423169038562e-06,0.0011464316909877306
11,P19,LTB,LTBR,LTB → LTBR,0.00021318052662901109,0.0044624462245149215,0.004675626751143932
11,P19,PVR,CD226,PVR → CD226,0.0,0.0,0.0
11,P19,PVR,CD96,PVR → CD96,0.0017106802292624075,0.0,0.0017106802292624075
11,P19,PVR,TIGIT,PVR → TIGIT,0.0015554219220287988,0.0,0.0015554219220287988
11,P19,SELPLG,SELL,SELPLG → SELL,0.00013383856497208062,0.0030605296991763637,0.0031943682641484444
11,P19,TGFB1,TGFBR3,TGFB1 → TGFBR3,0.0,2.5177985196935308e-06,2.5177985196935308e-06
11,P19,TNF,TNFRSF1A,TNF → TNFRSF1A,0.00021438419639017794,0.00015921883192803948,0.0003736030283182174
11,P19,TNF,TNFRSF1B,TNF → TNFRSF1B,0.0031080266256798134,8.234321658355855e-05,0.003190369842263372
11,P19,TNFSF10,TNFRSF10A,TNFSF10 → TNFRSF10A,8.185438782600729e-07,5.828122506027222e-05,5.909976893853229e-05
11,P19,TNFSF10,TNFRSF10B,TNFSF10 → TNFRSF10B,0.0,9.943547982041242e-05,9.943547982041242e-05
11,P19,TNFSF10,TNFRSF10D,TNFSF10 → TNFRSF10D,0.0,0.0,0.0
11,P19,TNFSF12,TNFRSF12A,TNFSF12 → TNFRSF12A,0.0,0.0,0.0
11,P19,TNFSF12,TNFRSF25,TNFSF12 → TNFRSF25,0.0,4.208897954420523e-06,4.208897954420523e-06
11,P19,TNFSF14,LTBR,TNFSF14 → LTBR,0.0004646476816486436,0.0,0.0004646476816486436
11,P19,TNFSF14,TNFRSF14,TNFSF14 → TNFRSF14,0.0014445284752951984,2.4588069088640414e-07,0.0014447743559860848
11,P19,TNFSF4,TNFRSF4,TNFSF4 → TNFRSF4,0.0,6.610187648805625e-07,6.610187648805625e-07
11,P19,TNFSF9,TNFRSF9,TNFSF9 → TNFRSF9,3.516860236608806e-05,5.230740066829832e-06,4.0399342432917895e-05
11,P19,VEGFA,NRP1,VEGFA → NRP1,0.0003808553441580557,0.0,0.0003808553441580557
11,P19,VEGFA,NRP2,VEGFA → NRP2,0.0,5.263355191309601e-05,5.263355191309601e-05
11,P19,VEGFB,NRP1,VEGFB → NRP1,0.00019603195804913243,2.0773520237758067e-05,0.0002168054782868905
12,P2,BTLA,TNFRSF14,BTLA → TNFRSF14,0.002130588247230497,2.46131244188962e-05,0.0021552013716493934
12,P2,CCL2,CCR2,CCL2 → CCR2,0.00014338558033881528,2.435439483640796e-05,0.00016773997517522323
12,P2,CCL3,CCR1,CCL3 → CCR1,7.34819263486469e-05,0.01029253728426772,0.010366019210616367
12,P2,CCL3,CCR5,CCL3 → CCR5,0.006779366716438935,0.008911948610931482,0.015691315327370416
12,P2,CCL3L1,CCR1,CCL3L1 → CCR1,0.0006057934863097598,0.0007481637725136411,0.001353957258823401
12,P2,CCL4,CCR5,CCL4 → CCR5,0.0030206792537835828,0.01110484249601906,0.014125521749802642
12,P2,CCL5,CCR1,CCL5 → CCR1,0.00010246558110753774,0.1056633460047757,0.10576581158588323
12,P2,CCL5,CCR4,CCL5 → CCR4,0.0,0.007345957429452447,0.007345957429452447
12,P2,CCL5,CCR5,CCL5 → CCR5,0.0014966150888383052,0.04314623431242059,0.04464284940125889
12,P2,CD274,PDCD1,CD274 → PDCD1,0.005357776186259709,8.76440046635133e-06,0.0053665405867260605
12,P2,CD40LG,CD40,CD40LG → CD40,3.9593800222161015e-05,8.898678653169806e-06,4.8492478875330824e-05
12,P2,CD86,CD28,CD86 → CD28,0.0019486860394200608,3.7267117189623525e-05,0.0019859531566096844
12,P2,CD86,CTLA4,CD86 → CTLA4,0.010372494182513913,0.000233440415161668,0.010605934597675582
12,P2,CSF1,CSF1R,CSF1 → CSF1R,0.0011439988705117215,0.0001760706038605671,0.0013200694743722887
12,P2,CXCL13,CXCR5,CXCL13 → CXCR5,7.550939726868931e-05,0.0003846248071837973,0.00046013420445248663
12,P2,CXCL16,CXCR6,CXCL16 → CXCR6,0.0009226348829316655,0.0004283665801138085,0.001351001463045474
12,P2,CXCL2,DPP4,CXCL2 → DPP4,5.6273320605961995e-06,6.969414952026419e-05,7.532148158086039e-05
12,P2,FASLG,FAS,FASLG → FAS,0.0017065089119029041,4.652597120352762e-06,0.0017111615090232568
12,P2,HLA-B,KIR3DL2,HLA-B → KIR3DL2,8.923730881917838e-06,0.017109831472614353,0.01711875520349627
12,P2,HLA-C,KIR2DL3,HLA-C → KIR2DL3,0.0,0.0353769421060865,0.0353769421060865
12,P2,HLA-E,KLRC1,HLA-E → KLRC1,2.2245467139347862e-05,0.01954269656664599,0.019564942033785337
12,P2,HLA-E,KLRC2,HLA-E → KLRC2,8.236652451640443e-05,0.012131626404823287,0.012213992929339692
12,P2,HLA-E,KLRK1,HLA-E → KLRK1,0.0003041920819687209,0.014643243124330425,0.014947435206299146
12,P2,HLA-F,KIR3DL2,HLA-F → KIR3DL2,1.5943604964502738e-05,0.0061116030077625946,0.006127546612727098
12,P2,HLA-F,LILRB1,HLA-F → LILRB1,3.199186914250189e-05,0.0018320992250714682,0.0018640910942139702
12,P2,HLA-F,LILRB2,HLA-F → LILRB2,0.0010477392661108818,0.032235646536286126,0.03328338580239701
12,P2,HLA-G,LILRB1,HLA-G → LILRB1,2.8764893131029262e-05,0.0027802587773746172,0.0028090236705056466
12,P2,HLA-G,LILRB2,HLA-G → LILRB2,0.0005761775037784174,0.016524000589601767,0.017100178093380186
12,P2,ICAM1,ITGAL,ICAM1 → ITGAL,0.006665359334541827,0.00012535935460936665,0.006790718689151193
12,P2,ICOSLG,ICOS,ICOSLG → ICOS,0.0006078562152070945,3.229348758769673e-05,0.0006401497027947912
12,P2,LGALS9,HAVCR2,LGALS9 → HAVCR2,0.006645938892047817,0.011438680020337403,0.01808461891238522
12,P2,LGALS9,P4HB,LGALS9 → P4HB,0.012300376450774902,0.003922043007711745,0.016222419458486646
12,P2,LTA,TNFRSF14,LTA → TNFRSF14,0.0006927080801836514,4.882376753946322e-05,0.0007415318477231146
12,P2,LTA,TNFRSF1A,LTA → TNFRSF1A,0.00011724755533607296,1.1227870558471371e-05,0.00012847542589454431
12,P2,LTA,TNFRSF1B,LTA → TNFRSF1B,0.0020379427965326897,0.00011972130799176709,0.002157664104524457
12,P2,LTB,LTBR,LTB → LTBR,0.00014855440097383602,0.0005670211012463016,0.0007155755022201376
12,P2,PVR,CD226,PVR → CD226,0.0,4.217150304806167e-06,4.217150304806167e-06
12,P2,PVR,CD96,PVR → CD96,0.005262455726307166,2.169349914485803e-05,0.005284149225452024
12,P2,PVR,TIGIT,PVR → TIGIT,0.008093920197555868,2.82833434742383e-05,0.008122203541030108
12,P2,SELPLG,SELL,SELPLG → SELL,0.00034229489353671173,0.001792497255900813,0.002134792149437525
12,P2,TGFB1,TGFBR3,TGFB1 → TGFBR3,7.012399033888939e-05,7.034659811611278e-05,0.0001404705884550022
12,P2,TNF,TNFRSF1A,TNF → TNFRSF1A,0.0008050332952289803,0.0016915611696880076,0.002496594464916988
12,P2,TNF,TNFRSF1B,TNF → TNFRSF1B,0.004439390808457382,0.00022426224720585003,0.004663653055663232
12,P2,TNFSF10,TNFRSF10A,TNFSF10 → TNFRSF10A,7.462005561725848e-05,5.390520552417287e-05,0.00012852526114143133
12,P2,TNFSF10,TNFRSF10B,TNFSF10 → TNFRSF10B,8.222683500712568e-06,0.00011936751300029402,0.0001275901965010066
12,P2,TNFSF10,TNFRSF10D,TNFSF10 → TNFRSF10D,3.1039882782434784e-05,0.0002130846443272978,0.0002441245271097326
12,P2,TNFSF12,TNFRSF12A,TNFSF12 → TNFRSF12A,3.4791238433451984e-05,6.5297653211674e-05,0.00010008889164512597
12,P2,TNFSF12,TNFRSF25,TNFSF12 → TNFRSF25,0.0003866006943813996,0.000140798487416243,0.0005273991817976426
12,P2,TNFSF14,LTBR,TNFSF14 → LTBR,0.00041795804177716475,5.479116976698267e-05,0.0004727492115441474
12,P2,TNFSF14,TNFRSF14,TNFSF14 → TNFRSF14,0.0019348684822187807,0.0001755193510506459,0.0021103878332694266
12,P2,TNFSF4,TNFRSF4,TNFSF4 → TNFRSF4,0.0019305545120197238,4.245353970059438e-06,0.0019347998659897832
12,P2,TNFSF9,TNFRSF9,TNFSF9 → TNFRSF9,0.00024001214245168484,0.0006706466193696129,0.0009106587618212977
12,P2,VEGFA,NRP1,VEGFA → NRP1,0.00016941062658254555,0.00018051642816069893,0.0003499270547432445
12,P2,VEGFA,NRP2,VEGFA → NRP2,2.333473973915156e-06,1.683094910676022e-05,1.9164423080675377e-05
12,P2,VEGFB,NRP1,VEGFB → NRP1,8.929057171254236e-05,3.364190031698853e-05,0.00012293247202953088
13,P20,BTLA,TNFRSF14,BTLA → TNFRSF14,0.00324046371998707,9.136584037146167e-06,0.003249600304024216
13,P20,CCL2,CCR2,CCL2 → CCR2,6.891632531835906e-05,1.5019739431570552e-05,8.393606474992961e-05
13,P20,CCL3,CCR1,CCL3 → CCR1,0.0001333665754540232,0.005630769424062943,0.005764135999516966
13,P20,CCL3,CCR5,CCL3 → CCR5,0.0037273536061994896,0.0049112217114452295,0.008638575317644719
13,P20,CCL3L1,CCR1,CCL3L1 → CCR1,0.0003457213571412129,0.0007146652944948875,0.0010603866516361005
13,P20,CCL4,CCR5,CCL4 → CCR5,0.002537867453920728,0.006205531163569582,0.00874339861749031
13,P20,CCL5,CCR1,CCL5 → CCR1,0.00031745194019093537,0.08420966057479351,0.08452711251498445
13,P20,CCL5,CCR4,CCL5 → CCR4,8.712715970067062e-05,0.008713757376940792,0.008800884536641462
13,P20,CCL5,CCR5,CCL5 → CCR5,0.0010235893043202783,0.026376506118042143,0.027400095422362422
13,P20,CD274,PDCD1,CD274 → PDCD1,0.005071787524096598,0.00012885531369381882,0.005200642837790417
13,P20,CD40LG,CD40,CD40LG → CD40,5.261513416799183e-05,1.3945141474095788e-05,6.656027564208762e-05
13,P20,CD86,CD28,CD86 → CD28,0.0011855062494779867,1.7963493174540977e-05,0.0012034697426525276
13,P20,CD86,CTLA4,CD86 → CTLA4,0.003786281333850922,0.0002336699878716624,0.004019951321722584
13,P20,CSF1,CSF1R,CSF1 → CSF1R,0.0005616340668638913,0.00013304287465146794,0.0006946769415153591
13,P20,CXCL13,CXCR5,CXCL13 → CXCR5,3.946820925920011e-05,0.00013312266614720638,0.0001725908754064065
13,P20,CXCL16,CXCR6,CXCL16 → CXCR6,0.0005730659706623817,0.00021131910074075774,0.0007843850714031394
13,P20,CXCL2,DPP4,CXCL2 → DPP4,3.394152827489441e-05,9.758070086595121e-06,4.369959836148953e-05
13,P20,FASLG,FAS,FASLG → FAS,0.000587113858621874,0.00020283839516010044,0.0007899522537819744
13,P20,HLA-B,KIR3DL2,HLA-B → KIR3DL2,6.0603771748634226e-05,0.0654977475225008,0.06555835129424943
13,P20,HLA-C,KIR2DL3,HLA-C → KIR2DL3,4.872431444475854e-05,0.028502702676043247,0.028551426990488005
13,P20,HLA-E,KLRC1,HLA-E → KLRC1,0.00018047530791853847,0.012260421820815201,0.01244089712873374
13,P20,HLA-E,KLRC2,HLA-E → KLRC2,0.00012632161734405547,0.0246078860209222,0.024734207638266257
13,P20,HLA-E,KLRK1,HLA-E → KLRK1,0.0004155758963684496,0.0159594716118641,0.01637504750823255
13,P20,HLA-F,KIR3DL2,HLA-F → KIR3DL2,3.159931156321149e-05,0.02066441605459662,0.020696015366159833
13,P20,HLA-F,LILRB1,HLA-F → LILRB1,0.00018285677610762173,0.004893581003920862,0.005076437780028484
13,P20,HLA-F,LILRB2,HLA-F → LILRB2,0.00023164154826858297,0.03603568895015748,0.03626733049842606
13,P20,HLA-G,LILRB1,HLA-G → LILRB1,0.0001163489033094196,0.006442590005992949,0.006558938909302369
13,P20,HLA-G,LILRB2,HLA-G → LILRB2,0.0005761213257951928,0.02137246064099942,0.02194858196679461
13,P20,ICAM1,ITGAL,ICAM1 → ITGAL,0.004273035593643168,0.00017042598093152626,0.004443461574574694
13,P20,ICOSLG,ICOS,ICOSLG → ICOS,0.0007919348544506351,1.0932962892683317e-05,0.0008028678173433184
13,P20,LGALS9,HAVCR2,LGALS9 → HAVCR2,0.008384256429211576,0.011049482430877122,0.019433738860088697
13,P20,LGALS9,P4HB,LGALS9 → P4HB,0.0238511477670143,0.00343843790173669,0.02728958566875099
13,P20,LTA,TNFRSF14,LTA → TNFRSF14,0.0010512755466345215,2.413452964096154e-05,0.001075410076275483
13,P20,LTA,TNFRSF1A,LTA → TNFRSF1A,0.0002805464036999621,4.233085846584941e-05,0.00032287726216581147
13,P20,LTA,TNFRSF1B,LTA → TNFRSF1B,0.0023774863819223365,2.5532399732446693e-05,0.0024030187816547833
13,P20,LTB,LTBR,LTB → LTBR,1.7400667964546948e-05,0.0007088822451385432,0.0007262829131030902
13,P20,PVR,CD226,PVR → CD226,6.783368864407868e-05,0.0,6.783368864407868e-05
13,P20,PVR,CD96,PVR → CD96,0.009216639419307641,1.2505061827561438e-05,0.009229144481135203
13,P20,PVR,TIGIT,PVR → TIGIT,0.006008020956082658,0.0,0.006008020956082658
13,P20,SELPLG,SELL,SELPLG → SELL,0.0006650362207607195,0.0022876835333165008,0.0029527197540772203
13,P20,TGFB1,TGFBR3,TGFB1 → TGFBR3,7.909923255176628e-05,4.075409226467262e-05,0.00011985332481643889
13,P20,TNF,TNFRSF1A,TNF → TNFRSF1A,0.0003007023677539933,0.0008339783988745041,0.0011346807666284976
13,P20,TNF,TNFRSF1B,TNF → TNFRSF1B,0.001879898869976067,9.637418243379673e-05,0.0019762730524098635
13,P20,TNFSF10,TNFRSF10A,TNFSF10 → TNFRSF10A,4.796753850788644e-05,7.584882482018375e-05,0.0001238163633280702
13,P20,TNFSF10,TNFRSF10B,TNFSF10 → TNFRSF10B,1.3670007710029177e-05,0.00013255563097797597,0.00014622563868800514
13,P20,TNFSF10,TNFRSF10D,TNFSF10 → TNFRSF10D,6.416051343345101e-06,7.129460467748716e-05,7.771065602083226e-05
13,P20,TNFSF12,TNFRSF12A,TNFSF12 → TNFRSF12A,0.0,8.670372813356633e-06,8.670372813356633e-06
13,P20,TNFSF12,TNFRSF25,TNFSF12 → TNFRSF25,0.0002534423247864074,0.00029402162973801455,0.000547463954524422
13,P20,TNFSF14,LTBR,TNFSF14 → LTBR,0.0004412632918629826,0.00012689199847589652,0.0005681552903388791
13,P20,TNFSF14,TNFRSF14,TNFSF14 → TNFRSF14,0.0010871863426893044,0.00012857268469465845,0.0012157590273839628
13,P20,TNFSF4,TNFRSF4,TNFSF4 → TNFRSF4,0.00044289439091771236,2.2578756988335452e-05,0.0004654731479060478
13,P20,TNFSF9,TNFRSF9,TNFSF9 → TNFRSF9,0.0009220459330027327,0.00013625685483569655,0.0010583027878384292
13,P20,VEGFA,NRP1,VEGFA → NRP1,0.00015355064574136605,3.2654790283480434e-06,0.0001568161247697141
13,P20,VEGFA,NRP2,VEGFA → NRP2,1.4178759644227852e-05,2.5940015572741934e-05,4.0118775216969784e-05
13,P20,VEGFB,NRP1,VEGFB → NRP1,0.0002372714876679194,0.0,0.0002372714876679194
14,P21,BTLA,TNFRSF14,BTLA → TNFRSF14,0.0004864759398595484,3.2527137032896925e-06,0.0004897286535628381
14,P21,CCL2,CCR2,CCL2 → CCR2,9.404710078029966e-05,4.181688858149132e-05,0.000135863989361791
14,P21,CCL3,CCR1,CCL3 → CCR1,0.00013811004114842564,0.005644569824037721,0.0057826798651861465
14,P21,CCL3,CCR5,CCL3 → CCR5,0.0025338136845001716,0.0034444066356798687,0.00597822032018004
14,P21,CCL3L1,CCR1,CCL3L1 → CCR1,0.0004917349078313689,0.00042923587034296646,0.0009209707781743353
14,P21,CCL4,CCR5,CCL4 → CCR5,0.0016538863103060175,0.00692382284292057,0.008577709153226587
14,P21,CCL5,CCR1,CCL5 → CCR1,8.093641997608936e-06,0.050573668123631406,0.050581761765629014
14,P21,CCL5,CCR4,CCL5 → CCR4,1.570132453685064e-05,0.009295130425973446,0.009310831750510297
14,P21,CCL5,CCR5,CCL5 → CCR5,0.0007471379840073852,0.018102730430856178,0.018849868414863562
14,P21,CD274,PDCD1,CD274 → PDCD1,0.0018318329771333556,6.130364058567255e-07,0.0018324460135392122
14,P21,CD40LG,CD40,CD40LG → CD40,1.4625003877356733e-05,4.148583360496236e-06,1.8773587237852968e-05
14,P21,CD86,CD28,CD86 → CD28,0.0005654386826196168,8.889536220374196e-05,0.0006543340448233587
14,P21,CD86,CTLA4,CD86 → CTLA4,0.001971555785033739,0.0002889526226496999,0.0022605084076834387
14,P21,CSF1,CSF1R,CSF1 → CSF1R,0.0006905016492728969,8.748523842319702e-06,0.0006992501731152166
14,P21,CXCL13,CXCR5,CXCL13 → CXCR5,6.0916902775368754e-05,0.0001459191569877456,0.00020683605976311436
14,P21,CXCL16,CXCR6,CXCL16 → CXCR6,0.0005248145637687495,0.00020531716787598145,0.000730131731644731
14,P21,CXCL2,DPP4,CXCL2 → DPP4,2.4380635506428016e-06,0.00010665345153012264,0.00010909151508076544
14,P21,FASLG,FAS,FASLG → FAS,0.00012997607649995618,5.8362632714752894e-06,0.00013581233977143147
14,P21,HLA-B,KIR3DL2,HLA-B → KIR3DL2,4.635238048653906e-06,0.018328315527237016,0.01833295076528567
14,P21,HLA-C,KIR2DL3,HLA-C → KIR2DL3,1.178771892192424e-05,0.031011555918939077,0.031023343637861002
14,P21,HLA-E,KLRC1,HLA-E → KLRC1,3.6691133458479005e-06,0.02002350249162418,0.02002717160497003
14,P21,HLA-E,KLRC2,HLA-E → KLRC2,1.1604795873920796e-05,0.023508338827624667,0.023519943623498588
14,P21,HLA-E,KLRK1,HLA-E → KLRK1,0.0001815421261932426,0.009747800840049059,0.009929342966242302
14,P21,HLA-F,KIR3DL2,HLA-F → KIR3DL2,9.617655085266183e-07,0.004397668964930292,0.0043986307304388185
14,P21,HLA-F,LILRB1,HLA-F → LILRB1,6.513517661744935e-05,0.003089788730373013,0.0031549239069904624
14,P21,HLA-F,LILRB2,HLA-F → LILRB2,0.000403688830709373,0.039348024978999876,0.03975171380970925
14,P21,HLA-G,LILRB1,HLA-G → LILRB1,1.514301510197899e-05,0.0026088761629632137,0.002624019178065193
14,P21,HLA-G,LILRB2,HLA-G → LILRB2,0.0006035111481367508,0.02478986659442201,0.02539337774255876
14,P21,ICAM1,ITGAL,ICAM1 → ITGAL,0.0036163167863811885,7.813551522831015e-05,0.0036944523016094986
14,P21,ICOSLG,ICOS,ICOSLG → ICOS,0.00020869029377782104,6.567946697121813e-05,0.0002743697607490392
14,P21,LGALS9,HAVCR2,LGALS9 → HAVCR2,0.004581611659993478,0.005446833840459857,0.010028445500453335
14,P21,LGALS9,P4HB,LGALS9 → P4HB,0.011294003459762609,0.004287455825292961,0.015581459285055568
14,P21,LTA,TNFRSF14,LTA → TNFRSF14,0.00020236681611659395,3.5125795379199958e-06,0.00020587939565451394
14,P21,LTA,TNFRSF1A,LTA → TNFRSF1A,2.483325572182282e-05,1.254999508766877e-06,2.60882552305897e-05
14,P21,LTA,TNFRSF1B,LTA → TNFRSF1B,0.00047827362803736905,5.69654508293395e-05,0.0005352390788667086
14,P21,LTB,LTBR,LTB → LTBR,9.778612700633109e-05,0.001226028584635606,0.0013238147116419372
14,P21,PVR,CD226,PVR → CD226,6.76279110187259e-06,0.0,6.76279110187259e-06
14,P21,PVR,CD96,PVR → CD96,0.0020505354852733922,2.7328409515176632e-06,0.00205326832622491
14,P21,PVR,TIGIT,PVR → TIGIT,0.001999555109480978,7.525896968225838e-07,0.002000307699177801
14,P21,SELPLG,SELL,SELPLG → SELL,0.00013096686217574946,0.002299631077346258,0.0024305979395220076
14,P21,TGFB1,TGFBR3,TGFB1 → TGFBR3,4.1379566063609016e-05,3.0555904669331236e-05,7.193547073294025e-05
14,P21,TNF,TNFRSF1A,TNF → TNFRSF1A,0.0006025309812239594,0.0006648527843811172,0.0012673837656050767
14,P21,TNF,TNFRSF1B,TNF → TNFRSF1B,0.003813768648608269,7.789120484318857e-05,0.0038916598534514575
14,P21,TNFSF10,TNFRSF10A,TNFSF10 → TNFRSF10A,1.5589499982820693e-06,1.3123723994855417e-05,1.4682673993137486e-05
14,P21,TNFSF10,TNFRSF10B,TNFSF10 → TNFRSF10B,4.961816405922385e-07,2.8314961869620957e-05,2.8811143510213196e-05
14,P21,TNFSF10,TNFRSF10D,TNFSF10 → TNFRSF10D,0.0,3.615523971313341e-05,3.615523971313341e-05
14,P21,TNFSF12,TNFRSF12A,TNFSF12 → TNFRSF12A,3.4562210873309214e-06,7.63473089874076e-06,1.1090951986071681e-05
14,P21,TNFSF12,TNFRSF25,TNFSF12 → TNFRSF25,0.00013508875812604627,1.1432606131777206e-05,0.00014652136425782346
14,P21,TNFSF14,LTBR,TNFSF14 → LTBR,0.0004108755095430425,3.7720016458664228e-06,0.00041464751118890894
14,P21,TNFSF14,TNFRSF14,TNFSF14 → TNFRSF14,0.001759122318624318,3.2096615052065134e-06,0.0017623319801295244
14,P21,TNFSF4,TNFRSF4,TNFSF4 → TNFRSF4,0.00028221321799072466,5.241125594157615e-05,0.0003346244739323008
14,P21,TNFSF9,TNFRSF9,TNFSF9 → TNFRSF9,3.376375823240038e-05,0.00013370519869003455,0.00016746895692243494
14,P21,VEGFA,NRP1,VEGFA → NRP1,0.0004167493113218261,6.75673668353721e-05,0.0004843166781571982
14,P21,VEGFA,NRP2,VEGFA → NRP2,0.0,0.0002104113096595923,0.0002104113096595923
14,P21,VEGFB,NRP1,VEGFB → NRP1,0.00011431590777401135,1.0284711893561231e-06,0.00011534437896336747
15,P22,BTLA,TNFRSF14,BTLA → TNFRSF14,0.0008757963663682543,2.4002838339336233e-05,0.0008997992047075906
15,P22,CCL2,CCR2,CCL2 → CCR2,4.053403121874019e-05,1.4881554682702625e-05,5.541558590144281e-05
15,P22,CCL3,CCR1,CCL3 → CCR1,0.0002535675190873017,0.009475320314983554,0.009728887834070856
15,P22,CCL3,CCR5,CCL3 → CCR5,0.0023857972128256163,0.005475963221532634,0.00786176043435825
15,P22,CCL3L1,CCR1,CCL3L1 → CCR1,0.0006393751173907781,0.0002870648475885826,0.0009264399649793607
15,P22,CCL4,CCR5,CCL4 → CCR5,0.005312977405758483,0.005606336953603909,0.010919314359362393
15,P22,CCL5,CCR1,CCL5 → CCR1,1.2848873620387637e-05,0.1073221641211394,0.1073350129947598
15,P22,CCL5,CCR4,CCL5 → CCR4,3.2950928783970406e-06,0.010559422865164134,0.01056271795804253
15,P22,CCL5,CCR5,CCL5 → CCR5,0.0009819057860345837,0.042455798349902645,0.04343770413593723
15,P22,CD274,PDCD1,CD274 → PDCD1,0.0025471613657434278,2.3621819653518436e-06,0.0025495235477087795
15,P22,CD40LG,CD40,CD40LG → CD40,7.774023439240644e-05,1.3385671339782166e-05,9.112590573218861e-05
15,P22,CD86,CD28,CD86 → CD28,0.00020012509992579626,3.4735641286481266e-05,0.00023486074121227752
15,P22,CD86,CTLA4,CD86 → CTLA4,0.0016368711984897349,0.0001501510191681074,0.0017870222176578424
15,P22,CSF1,CSF1R,CSF1 → CSF1R,0.0008353645308746038,0.00017915101149085087,0.0010145155423654548
15,P22,CXCL13,CXCR5,CXCL13 → CXCR5,3.420104034255412e-05,0.00010799355658141723,0.00014219459692397135
15,P22,CXCL16,CXCR6,CXCL16 → CXCR6,0.000982254910769374,0.00013545861155249376,0.0011177135223218678
15,P22,CXCL2,DPP4,CXCL2 → DPP4,0.0,0.00014556098208660327,0.00014556098208660327
15,P22,FASLG,FAS,FASLG → FAS,0.00044499038393975546,4.4313387015915466e-06,0.000449421722641347
15,P22,HLA-B,KIR3DL2,HLA-B → KIR3DL2,1.7134860577280376e-06,0.011487940707321164,0.011489654193378891
15,P22,HLA-C,KIR2DL3,HLA-C → KIR2DL3,1.5405216516288315e-06,0.03407090983873435,0.034072450360385975
15,P22,HLA-E,KLRC1,HLA-E → KLRC1,1.843957729584242e-05,0.01819930329094281,0.018217742868238653
15,P22,HLA-E,KLRC2,HLA-E → KLRC2,2.3063340515583872e-05,0.03323231574355695,0.033255379084072535
15,P22,HLA-E,KLRK1,HLA-E → KLRK1,0.0003465947733422918,0.020868977240524295,0.021215572013866587
15,P22,HLA-F,KIR3DL2,HLA-F → KIR3DL2,1.4703642141380572e-06,0.00465892710583795,0.004660397470052088
15,P22,HLA-F,LILRB1,HLA-F → LILRB1,9.879105417450468e-06,0.004667145626370766,0.004677024731788217
15,P22,HLA-F,LILRB2,HLA-F → LILRB2,0.0001728346523142081,0.025749797685479487,0.025922632337793697
15,P22,HLA-G,LILRB1,HLA-G → LILRB1,5.8513659527534853e-05,0.0017057215938989922,0.001764235253426527
15,P22,HLA-G,LILRB2,HLA-G → LILRB2,0.00040755444264564856,0.022161364662747898,0.022568919105393548
15,P22,ICAM1,ITGAL,ICAM1 → ITGAL,0.004431123517237994,0.0003178086096135017,0.004748932126851495
15,P22,ICOSLG,ICOS,ICOSLG → ICOS,0.00024166182720966595,3.65052361487179e-06,0.00024531235082453774
15,P22,LGALS9,HAVCR2,LGALS9 → HAVCR2,0.0036930756140290755,0.00423711812774202,0.007930193741771095
15,P22,LGALS9,P4HB,LGALS9 → P4HB,0.007484248861410972,0.003014481725200158,0.010498730586611129
15,P22,LTA,TNFRSF14,LTA → TNFRSF14,0.00045973251877928973,1.2118518066251504e-05,0.00047185103684554123
15,P22,LTA,TNFRSF1A,LTA → TNFRSF1A,2.8510058305221558e-05,1.1024811122144668e-05,3.9534869427366227e-05
15,P22,LTA,TNFRSF1B,LTA → TNFRSF1B,0.0023591664791418696,1.0309388353299752e-05,0.0023694758674951692
15,P22,LTB,LTBR,LTB → LTBR,8.779791814901783e-05,0.0015292316894617288,0.0016170296076107467
15,P22,PVR,CD226,PVR → CD226,4.010128414683923e-06,0.0,4.010128414683923e-06
15,P22,PVR,CD96,PVR → CD96,0.003378070475969992,9.829075076768629e-08,0.0033781687667207598
15,P22,PVR,TIGIT,PVR → TIGIT,0.003279762590010768,1.2583722703475023e-06,0.0032810209622811154
15,P22,SELPLG,SELL,SELPLG → SELL,0.0006914105612157916,0.0010142687773834317,0.0017056793385992232
15,P22,TGFB1,TGFBR3,TGFB1 → TGFBR3,0.000165583934548586,0.00016211344744276185,0.00032769738199134784
15,P22,TNF,TNFRSF1A,TNF → TNFRSF1A,0.0008191948425009334,0.001573360760247741,0.0023925556027486745
15,P22,TNF,TNFRSF1B,TNF → TNFRSF1B,0.003953403133080877,9.19614322310392e-05,0.004045364565311916
15,P22,TNFSF10,TNFRSF10A,TNFSF10 → TNFRSF10A,5.4543517057739516e-05,0.00012143388981438246,0.00017597740687212197
15,P22,TNFSF10,TNFRSF10B,TNFSF10 → TNFRSF10B,2.327895081830045e-05,2.4268925567276768e-05,4.754787638557722e-05
15,P22,TNFSF10,TNFRSF10D,TNFSF10 → TNFRSF10D,0.0,9.527197438442214e-05,9.527197438442214e-05
15,P22,TNFSF12,TNFRSF12A,TNFSF12 → TNFRSF12A,3.1369633557518797e-06,5.559434113647073e-06,8.696397469398953e-06
15,P22,TNFSF12,TNFRSF25,TNFSF12 → TNFRSF25,0.0004273854522646552,2.77886421714858e-05,0.000455174094436141
15,P22,TNFSF14,LTBR,TNFSF14 → LTBR,0.0005636212995583371,1.548474839781085e-05,0.0005791060479561479
15,P22,TNFSF14,TNFRSF14,TNFSF14 → TNFRSF14,0.005594403589551903,6.643449085270483e-05,0.005660838080404608
15,P22,TNFSF4,TNFRSF4,TNFSF4 → TNFRSF4,0.0003319564101615028,7.350710199924158e-06,0.00033930712036142694
15,P22,TNFSF9,TNFRSF9,TNFSF9 → TNFRSF9,4.3925144225540714e-05,6.47713933238444e-05,0.00010869653754938511
15,P22,VEGFA,NRP1,VEGFA → NRP1,0.0003401555399777036,2.5167991094204618e-05,0.0003653235310719082
15,P22,VEGFA,NRP2,VEGFA → NRP2,3.736497493531934e-06,1.4039963919620018e-05,1.7776461413151953e-05
15,P22,VEGFB,NRP1,VEGFB → NRP1,5.315207629255386e-05,3.3145858011318913e-07,5.348353487266705e-05
16,P23,BTLA,TNFRSF14,BTLA → TNFRSF14,0.004667858968943798,2.2660930275181818e-05,0.004690519899218979
16,P23,CCL2,CCR2,CCL2 → CCR2,6.0206784672271175e-05,2.634175411338499e-05,8.654853878565616e-05
16,P23,CCL3,CCR1,CCL3 → CCR1,0.00022032242057579818,0.010546188173126657,0.010766510593702455
16,P23,CCL3,CCR5,CCL3 → CCR5,0.007377914915245289,0.009864679264829791,0.01724259418007508
16,P23,CCL3L1,CCR1,CCL3L1 → CCR1,0.00039743532282454126,0.0002885716897934245,0.0006860070126179657
16,P23,CCL4,CCR5,CCL4 → CCR5,0.0022808223057859656,0.007073913047878953,0.009354735353664918
16,P23,CCL5,CCR1,CCL5 → CCR1,0.0001411451042560415,0.10822301375489725,0.10836415885915329
16,P23,CCL5,CCR4,CCL5 → CCR4,9.090979439508309e-06,0.010184568363311459,0.010193659342750967
16,P23,CCL5,CCR5,CCL5 → CCR5,0.0009204365342395138,0.029154798094837286,0.0300752346290768
16,P23,CD274,PDCD1,CD274 → PDCD1,0.005213627454507247,1.348390659035035e-05,0.005227111361097598
16,P23,CD40LG,CD40,CD40LG → CD40,1.252281525782152e-05,1.9538582964780817e-05,3.206139822260234e-05
16,P23,CD86,CD28,CD86 → CD28,0.0029435649240280946,9.205772571444546e-05,0.00303562264974254
16,P23,CD86,CTLA4,CD86 → CTLA4,0.004522007759176061,0.0005393003927560176,0.0050613081519320785
16,P23,CSF1,CSF1R,CSF1 → CSF1R,0.001032741751459642,0.00037563917762075994,0.001408380929080402
16,P23,CXCL13,CXCR5,CXCL13 → CXCR5,0.00012048660636415169,0.00023276445890148354,0.00035325106526563525
16,P23,CXCL16,CXCR6,CXCL16 → CXCR6,0.0004445324790932755,0.00011571469908168467,0.0005602471781749602
16,P23,CXCL2,DPP4,CXCL2 → DPP4,3.4965031170718995e-05,9.93397338402072e-05,0.00013430476501092618
16,P23,FASLG,FAS,FASLG → FAS,0.00010180406029538181,6.226932936321081e-05,0.00016407338965859262
16,P23,HLA-B,KIR3DL2,HLA-B → KIR3DL2,1.3453489991411928e-05,0.017081499357003347,0.01709495284699476
16,P23,HLA-C,KIR2DL3,HLA-C → KIR2DL3,7.038438035018583e-06,0.019067244698586703,0.019074283136621722
16,P23,HLA-E,KLRC1,HLA-E → KLRC1,9.39725014685664e-05,0.011579548975500929,0.011673521476969494
16,P23,HLA-E,KLRC2,HLA-E → KLRC2,4.788073768564407e-05,0.01883599093309841,0.018883871670784057
16,P23,HLA-E,KLRK1,HLA-E → KLRK1,0.0004016342775646209,0.018046644164917604,0.018448278442482226
16,P23,HLA-F,KIR3DL2,HLA-F → KIR3DL2,4.066700126882337e-05,0.0043991490904736604,0.0044398160917424835
16,P23,HLA-F,LILRB1,HLA-F → LILRB1,6.611326023776995e-05,0.005159555394912683,0.005225668655150453
16,P23,HLA-F,LILRB2,HLA-F → LILRB2,0.0005131145344304621,0.0482117070140546,0.04872482154848506
16,P23,HLA-G,LILRB1,HLA-G → LILRB1,0.00022168318895746266,0.0032791485549504376,0.0035008317439079004
16,P23,HLA-G,LILRB2,HLA-G → LILRB2,0.0010656642407839657,0.020753245434640792,0.02181890967542476
16,P23,ICAM1,ITGAL,ICAM1 → ITGAL,0.006885041533989861,0.0004489777033893889,0.00733401923737925
16,P23,ICOSLG,ICOS,ICOSLG → ICOS,0.0003387222383700069,1.2962841706298043e-06,0.0003400185225406367
16,P23,LGALS9,HAVCR2,LGALS9 → HAVCR2,0.009614046158288581,0.011706047932412233,0.021320094090700813
16,P23,LGALS9,P4HB,LGALS9 → P4HB,0.04141243429746248,0.0047986338775903355,0.04621106817505282
16,P23,LTA,TNFRSF14,LTA → TNFRSF14,0.0012329372662856612,6.467264571542828e-05,0.0012976099120010896
16,P23,LTA,TNFRSF1A,LTA → TNFRSF1A,0.00027503353468097245,6.967494137593494e-05,0.0003447084760569074
16,P23,LTA,TNFRSF1B,LTA → TNFRSF1B,0.0025445498996150037,2.7790314460467356e-05,0.002572340214075471
16,P23,LTB,LTBR,LTB → LTBR,0.00012795793791060752,0.000793145032177734,0.0009211029700883415
16,P23,PVR,CD226,PVR → CD226,1.3213576384934143e-05,0.0,1.3213576384934143e-05
16,P23,PVR,CD96,PVR → CD96,0.004156901535380226,0.0,0.004156901535380226
16,P23,PVR,TIGIT,PVR → TIGIT,0.003166946924058159,0.0,0.003166946924058159
16,P23,SELPLG,SELL,SELPLG → SELL,0.0011161866200821474,0.0017620925288190322,0.0028782791489011797
16,P23,TGFB1,TGFBR3,TGFB1 → TGFBR3,5.017718882622814e-05,4.414847372502505e-05,9.43256625512532e-05
16,P23,TNF,TNFRSF1A,TNF → TNFRSF1A,0.00033714571871891404,0.001080572843423607,0.001417718562142521
16,P23,TNF,TNFRSF1B,TNF → TNFRSF1B,0.0017815786620417966,0.0002379458874840355,0.002019524549525832
16,P23,TNFSF10,TNFRSF10A,TNFSF10 → TNFRSF10A,9.214292155730708e-05,0.00029764357870348427,0.0003897865002607914
16,P23,TNFSF10,TNFRSF10B,TNFSF10 → TNFRSF10B,6.20061436092808e-05,0.00019470501087161748,0.0002567111544808983
16,P23,TNFSF10,TNFRSF10D,TNFSF10 → TNFRSF10D,0.0,0.0002446036402626761,0.0002446036402626761
16,P23,TNFSF12,TNFRSF12A,TNFSF12 → TNFRSF12A,1.8252580694412386e-05,5.775097543586943e-05,7.600355613028181e-05
16,P23,TNFSF12,TNFRSF25,TNFSF12 → TNFRSF25,0.00025790666656565404,0.00021358121122304872,0.00047148787778870276
16,P23,TNFSF14,LTBR,TNFSF14 → LTBR,0.0005858444285615852,9.64803241790623e-05,0.0006823247527406475
16,P23,TNFSF14,TNFRSF14,TNFSF14 → TNFRSF14,0.0020009959243416017,7.164579397245998e-06,0.0020081605037388477
16,P23,TNFSF4,TNFRSF4,TNFSF4 → TNFRSF4,0.0003727634539243641,5.621504064799868e-06,0.00037838495798916396
16,P23,TNFSF9,TNFRSF9,TNFSF9 → TNFRSF9,0.0001894453474341641,0.00016956189479132218,0.00035900724222548625
16,P23,VEGFA,NRP1,VEGFA → NRP1,0.0003062290252417564,0.00020138328259772313,0.0005076123078394796
16,P23,VEGFA,NRP2,VEGFA → NRP2,8.2734768460709e-06,5.030834010202528e-05,5.858181694809618e-05
16,P23,VEGFB,NRP1,VEGFB → NRP1,0.00019093995164215315,7.984673899039228e-06,0.00019892462554119237
17,P24,BTLA,TNFRSF14,BTLA → TNFRSF14,0.0005480175275686376,3.7174168182436787e-06,0.0005517349443868812
17,P24,CCL2,CCR2,CCL2 → CCR2,5.957178195768717e-06,3.331075239236684e-05,3.926793058813556e-05
17,P24,CCL3,CCR1,CCL3 → CCR1,8.451464045727201e-05,0.006547228009929107,0.006631742650386379
17,P24,CCL3,CCR5,CCL3 → CCR5,0.002349256870180954,0.003848789088845071,0.0061980459590260245
17,P24,CCL3L1,CCR1,CCL3L1 → CCR1,0.00043291852804921743,9.655305037361229e-05,0.0005294715784228297
17,P24,CCL4,CCR5,CCL4 → CCR5,0.0027469193798502433,0.006227332864765262,0.008974252244615505
17,P24,CCL5,CCR1,CCL5 → CCR1,6.833545731693516e-06,0.05315744040464974,0.05316427395038143
17,P24,CCL5,CCR4,CCL5 → CCR4,1.0574032522364179e-06,0.009518189917148666,0.009519247320400902
17,P24,CCL5,CCR5,CCL5 → CCR5,0.0026401913905120117,0.01791831145110191,0.02055850284161392
17,P24,CD274,PDCD1,CD274 → PDCD1,0.0012341571575379053,1.1541192043639077e-06,0.0012353112767422693
17,P24,CD40LG,CD40,CD40LG → CD40,3.43241363210008e-05,2.2144726097981344e-06,3.6538608930798934e-05
17,P24,CD86,CD28,CD86 → CD28,0.00040416163375542937,5.406147341582717e-05,0.0004582231071712565
17,P24,CD86,CTLA4,CD86 → CTLA4,0.001713091115957233,0.0002579846352810287,0.001971075751238262
17,P24,CSF1,CSF1R,CSF1 → CSF1R,0.0008921941502303708,1.801455473483485e-05,0.0009102087049652057
17,P24,CXCL13,CXCR5,CXCL13 → CXCR5,4.231118323460758e-06,0.0003502514136458289,0.0003544825319692897
17,P24,CXCL16,CXCR6,CXCL16 → CXCR6,0.00033530593641353654,0.00016255352841114008,0.0004978594648246766
17,P24,CXCL2,DPP4,CXCL2 → DPP4,1.0899926074137886e-06,4.8595156970009404e-05,4.968514957742319e-05
17,P24,FASLG,FAS,FASLG → FAS,0.00021474844681306337,5.046443221904048e-06,0.0002197948900349674
17,P24,HLA-B,KIR3DL2,HLA-B → KIR3DL2,8.470112295405334e-06,0.016487492581846827,0.016495962694142233
17,P24,HLA-C,KIR2DL3,HLA-C → KIR2DL3,1.1528276046656273e-06,0.01999187264985065,0.019993025477455316
17,P24,HLA-E,KLRC1,HLA-E → KLRC1,4.517155868191582e-05,0.020750555003440006,0.020795726562121922
17,P24,HLA-E,KLRC2,HLA-E → KLRC2,9.276642943425096e-07,0.02079795509217837,0.020798882756472712
17,P24,HLA-E,KLRK1,HLA-E → KLRK1,0.0009462219622558184,0.022430140672299752,0.02337636263455557
17,P24,HLA-F,KIR3DL2,HLA-F → KIR3DL2,7.697927332712402e-06,0.004528604821783206,0.0045363027491159185
17,P24,HLA-F,LILRB1,HLA-F → LILRB1,4.603265525701824e-05,0.00320353361493759,0.0032495662701946086
17,P24,HLA-F,LILRB2,HLA-F → LILRB2,0.00016609071785986417,0.034430828576990445,0.03459691929485031
17,P24,HLA-G,LILRB1,HLA-G → LILRB1,1.1502998375099104e-05,0.001361902729944794,0.001373405728319893
17,P24,HLA-G,LILRB2,HLA-G → LILRB2,0.0004374845749057483,0.02490714999586581,0.02534463457077156
17,P24,ICAM1,ITGAL,ICAM1 → ITGAL,0.002993817958988792,0.0001320816424391645,0.0031258996014279566
17,P24,ICOSLG,ICOS,ICOSLG → ICOS,0.00011122131532875657,5.511126892606829e-06,0.00011673244222136339
17,P24,LGALS9,HAVCR2,LGALS9 → HAVCR2,0.0035115711810942596,0.0059581660859238566,0.009469737267018117
17,P24,LGALS9,P4HB,LGALS9 → P4HB,0.008661729970080391,0.0032590397473424007,0.011920769717422793
17,P24,LTA,TNFRSF14,LTA → TNFRSF14,0.0007891389196329478,4.50216253010908e-06,0.0007936410821630568
17,P24,LTA,TNFRSF1A,LTA → TNFRSF1A,2.515996019734795e-05,0.0003414429954871637,0.0003666029556845116
17,P24,LTA,TNFRSF1B,LTA → TNFRSF1B,0.00218441170018426,1.3784742519990911e-05,0.002198196442704251
17,P24,LTB,LTBR,LTB → LTBR,0.00017119787141391376,0.001058571052581477,0.0012297689239953908
17,P24,PVR,CD226,PVR → CD226,1.4843152651964895e-06,0.0,1.4843152651964895e-06
17,P24,PVR,CD96,PVR → CD96,0.001472877934515647,4.890465427686105e-06,0.0014777683999433332
17,P24,PVR,TIGIT,PVR → TIGIT,0.0024884156533703603,0.0,0.0024884156533703603
17,P24,SELPLG,SELL,SELPLG → SELL,0.0011679273623294898,0.0024619350282914913,0.003629862390620981
17,P24,TGFB1,TGFBR3,TGFB1 → TGFBR3,4.514221755554684e-05,4.9872794689311155e-05,9.5015012244858e-05
17,P24,TNF,TNFRSF1A,TNF → TNFRSF1A,0.003138017671977169,0.0031494920738065063,0.006287509745783675
17,P24,TNF,TNFRSF1B,TNF → TNFRSF1B,0.0024124359115974894,0.00034411795096057825,0.0027565538625580676
17,P24,TNFSF10,TNFRSF10A,TNFSF10 → TNFRSF10A,7.228253172971622e-06,2.169627527378812e-05,2.8924528446759743e-05
17,P24,TNFSF10,TNFRSF10B,TNFSF10 → TNFRSF10B,9.162768725221267e-06,0.00018407712923462904,0.0001932398979598503
17,P24,TNFSF10,TNFRSF10D,TNFSF10 → TNFRSF10D,5.537902763139548e-07,1.381227605442116e-05,1.4366066330735114e-05
17,P24,TNFSF12,TNFRSF12A,TNFSF12 → TNFRSF12A,5.515738346488712e-06,2.067125916339621e-06,7.582864262828333e-06
17,P24,TNFSF12,TNFRSF25,TNFSF12 → TNFRSF25,0.00021285230611475022,2.7976251474791404e-05,0.00024082855758954163
17,P24,TNFSF14,LTBR,TNFSF14 → LTBR,0.0006989895945073587,3.5155480253784874e-06,0.0007025051425327372
17,P24,TNFSF14,TNFRSF14,TNFSF14 → TNFRSF14,0.001667118146914426,1.3097792158518123e-05,0.001680215939072944
17,P24,TNFSF4,TNFRSF4,TNFSF4 → TNFRSF4,0.0002698546368771695,9.361651024023817e-07,0.00027079080197957186
17,P24,TNFSF9,TNFRSF9,TNFSF9 → TNFRSF9,0.00014620150832917177,0.0001017300378127408,0.00024793154614191257
17,P24,VEGFA,NRP1,VEGFA → NRP1,0.00024028298185443196,9.403025036793167e-05,0.00033431323222236366
17,P24,VEGFA,NRP2,VEGFA → NRP2,6.772519300117859e-07,8.61707006499827e-05,8.684795257999449e-05
17,P24,VEGFB,NRP1,VEGFB → NRP1,3.020265562296742e-05,7.413056078318193e-07,3.094396123079924e-05
18,P25,BTLA,TNFRSF14,BTLA → TNFRSF14,0.0006414615635931314,8.101671761613454e-06,0.0006495632353547449
18,P25,CCL2,CCR2,CCL2 → CCR2,0.00011442797171604966,2.795301391631091e-06,0.00011722327310768076
18,P25,CCL3,CCR1,CCL3 → CCR1,3.0425213468995692e-05,0.005201140801010678,0.0052315660144796735
18,P25,CCL3,CCR5,CCL3 → CCR5,0.004454544928332221,0.0032639647532752914,0.007718509681607513
18,P25,CCL3L1,CCR1,CCL3L1 → CCR1,0.000403408332753926,4.956490394560042e-05,0.0004529732366995264
18,P25,CCL4,CCR5,CCL4 → CCR5,0.005122165897165097,0.0058269600324467935,0.010949125929611891
18,P25,CCL5,CCR1,CCL5 → CCR1,4.992455367381256e-05,0.052041821343105116,0.05209174589677893
18,P25,CCL5,CCR4,CCL5 → CCR4,4.295146823226723e-06,0.006562572974390701,0.006566868121213928
18,P25,CCL5,CCR5,CCL5 → CCR5,0.000711818926036467,0.02086753944687,0.021579358372906466
18,P25,CD274,PDCD1,CD274 → PDCD1,0.0027893714263291917,2.7213005325808883e-06,0.0027920927268617725
18,P25,CD40LG,CD40,CD40LG → CD40,1.3824628605161203e-05,3.024597131908768e-06,1.684922573706997e-05
18,P25,CD86,CD28,CD86 → CD28,0.0007766911766815285,0.00026611621944642257,0.001042807396127951
18,P25,CD86,CTLA4,CD86 → CTLA4,0.002139293777163869,7.309317491298876e-05,0.0022123869520768577
18,P25,CSF1,CSF1R,CSF1 → CSF1R,0.0005212000502471032,2.588284758209404e-05,0.0005470828978291972
18,P25,CXCL13,CXCR5,CXCL13 → CXCR5,6.552779167279967e-05,0.0005661289775479543,0.000631656769220754
18,P25,CXCL16,CXCR6,CXCL16 → CXCR6,0.00019813381209067243,3.930578686588731e-05,0.00023743959895655974
18,P25,CXCL2,DPP4,CXCL2 → DPP4,2.3148297921319783e-07,3.5207890244362715e-05,3.5439373223575916e-05
18,P25,FASLG,FAS,FASLG → FAS,8.075360969499961e-05,1.2994379818900994e-05,9.374798951390061e-05
18,P25,HLA-B,KIR3DL2,HLA-B → KIR3DL2,1.6378523085438372e-05,0.15164346675508714,0.15165984527817258
18,P25,HLA-C,KIR2DL3,HLA-C → KIR2DL3,4.617733952521998e-05,0.03307159742394206,0.033117774763467285
18,P25,HLA-E,KLRC1,HLA-E → KLRC1,0.00011073403586605431,0.013127384428045927,0.013238118463911982
18,P25,HLA-E,KLRC2,HLA-E → KLRC2,3.4919467102705475e-05,0.01660455396068255,0.016639473427785254
18,P25,HLA-E,KLRK1,HLA-E → KLRK1,0.000970718485227775,0.007765891578018609,0.008736610063246384
18,P25,HLA-F,KIR3DL2,HLA-F → KIR3DL2,7.72287212254482e-06,0.032793755577169625,0.03280147844929217
18,P25,HLA-F,LILRB1,HLA-F → LILRB1,7.419881141548015e-05,0.001486774543728505,0.0015609733551439852
18,P25,HLA-F,LILRB2,HLA-F → LILRB2,0.00042241738489845915,0.042155325897741465,0.04257774328263993
18,P25,HLA-G,LILRB1,HLA-G → LILRB1,1.5633067946472915e-05,0.0016671933106178526,0.0016828263785643254
18,P25,HLA-G,LILRB2,HLA-G → LILRB2,0.00015102362937557078,0.01816899823170103,0.018320021861076598
18,P25,ICAM1,ITGAL,ICAM1 → ITGAL,0.00486351038960459,0.00013856047970637846,0.005002070869310968
18,P25,ICOSLG,ICOS,ICOSLG → ICOS,0.00015342959089097806,6.168224242659408e-05,0.00021511183331757215
18,P25,LGALS9,HAVCR2,LGALS9 → HAVCR2,0.0029912580810174606,0.006822734957634792,0.009813993038652253
18,P25,LGALS9,P4HB,LGALS9 → P4HB,0.010090513461152216,0.002672727932793664,0.012763241393945881
18,P25,LTA,TNFRSF14,LTA → TNFRSF14,0.00033215990465807534,0.00023797262624788808,0.0005701325309059634
18,P25,LTA,TNFRSF1A,LTA → TNFRSF1A,0.00012756407620065333,4.6290160302182504e-05,0.00017385423650283585
18,P25,LTA,TNFRSF1B,LTA → TNFRSF1B,0.0005346913110417861,6.625870335284388e-05,0.00060095001439463
18,P25,LTB,LTBR,LTB → LTBR,5.744505832417111e-05,0.0008917381304515659,0.0009491831887757369
18,P25,PVR,CD226,PVR → CD226,4.2203907475509267e-07,0.0,4.2203907475509267e-07
18,P25,PVR,CD96,PVR → CD96,0.0030457001064661256,5.552897923331813e-06,0.0030512530043894574
18,P25,PVR,TIGIT,PVR → TIGIT,0.003046061540020157,4.5817250678038015e-07,0.0030465197125269373
18,P25,SELPLG,SELL,SELPLG → SELL,0.0013107404594129568,0.0007376640365071659,0.002048404495920123
18,P25,TGFB1,TGFBR3,TGFB1 → TGFBR3,0.00019362390947255767,4.301669702615216e-05,0.00023664060649870983
18,P25,TNF,TNFRSF1A,TNF → TNFRSF1A,7.052159996006746e-05,0.00033256720191809864,0.0004030888018781661
18,P25,TNF,TNFRSF1B,TNF → TNFRSF1B,0.0017810744831527415,8.666802863240357e-06,0.0017897412860159818
18,P25,TNFSF10,TNFRSF10A,TNFSF10 → TNFRSF10A,0.0,0.00011990872666961011,0.00011990872666961011
18,P25,TNFSF10,TNFRSF10B,TNFSF10 → TNFRSF10B,1.5820428085299784e-05,5.5963737680249906e-05,7.178416576554969e-05
18,P25,TNFSF10,TNFRSF10D,TNFSF10 → TNFRSF10D,5.660470775517409e-07,6.593002310925346e-05,6.64960701868052e-05
18,P25,TNFSF12,TNFRSF12A,TNFSF12 → TNFRSF12A,2.3648235730563447e-06,7.2237898088958335e-06,9.588613381952178e-06
18,P25,TNFSF12,TNFRSF25,TNFSF12 → TNFRSF25,8.427423188069225e-05,3.6412720461698306e-05,0.00012068695234239055
18,P25,TNFSF14,LTBR,TNFSF14 → LTBR,0.0005258099353023089,9.217486934221147e-05,0.0006179848046445204
18,P25,TNFSF14,TNFRSF14,TNFSF14 → TNFRSF14,0.000803641129699063,4.002446465383582e-06,0.0008076435761644466
18,P25,TNFSF4,TNFRSF4,TNFSF4 → TNFRSF4,0.00013555614011815894,9.757231767297863e-05,0.00023312845779113755
18,P25,TNFSF9,TNFRSF9,TNFSF9 → TNFRSF9,0.0004952427754278287,7.736178521423065e-05,0.0005726045606420594
18,P25,VEGFA,NRP1,VEGFA → NRP1,0.00011910983548259417,4.771592066598761e-05,0.0001668257561485818
18,P25,VEGFA,NRP2,VEGFA → NRP2,2.1936541765977602e-07,2.4930960065482145e-05,2.5150325483141922e-05
18,P25,VEGFB,NRP1,VEGFB → NRP1,0.0001596114650986602,3.1605163821694375e-06,0.00016277198148082964
19,P26,BTLA,TNFRSF14,BTLA → TNFRSF14,0.005787437710213957,1.0998953424250554e-05,0.005798436663638208
19,P26,CCL2,CCR2,CCL2 → CCR2,0.00018233955677630253,6.276627305528577e-05,0.0002451058298315883
19,P26,CCL3,CCR1,CCL3 → CCR1,3.787879487777758e-05,0.004794331518968052,0.0048322103138458295
19,P26,CCL3,CCR5,CCL3 → CCR5,0.00360790449061178,0.00399374934343753,0.0076016538340493095
19,P26,CCL3L1,CCR1,CCL3L1 → CCR1,0.0005955965929028272,0.0005376252404790606,0.0011332218333818878
19,P26,CCL4,CCR5,CCL4 → CCR5,0.0007029755491359377,0.004813655373418109,0.005516630922554047
19,P26,CCL5,CCR1,CCL5 → CCR1,2.2347614032909376e-05,0.05211199198054178,0.05213433959457469
19,P26,CCL5,CCR4,CCL5 → CCR4,1.159057427220522e-05,0.00787523392870994,0.007886824502982144
19,P26,CCL5,CCR5,CCL5 → CCR5,0.0006703117697201494,0.013287192076775912,0.01395750384649606
19,P26,CD274,PDCD1,CD274 → PDCD1,0.001701920184268674,1.1149155846326273e-05,0.0017130693401150004
19,P26,CD40LG,CD40,CD40LG → CD40,5.509818550411022e-06,9.385663610625357e-05,9.93664546566646e-05
19,P26,CD86,CD28,CD86 → CD28,0.001401639032105751,3.357326003313253e-05,0.0014352122921388836
19,P26,CD86,CTLA4,CD86 → CTLA4,0.0030903219567449012,0.0003578344428076179,0.003448156399552519
19,P26,CSF1,CSF1R,CSF1 → CSF1R,0.0011861386515536595,0.00026427008811523423,0.0014504087396688937
19,P26,CXCL13,CXCR5,CXCL13 → CXCR5,4.218514814657233e-05,0.001085062064712719,0.0011272472128592914
19,P26,CXCL16,CXCR6,CXCL16 → CXCR6,0.0005372664337238445,0.00021120685060785493,0.0007484732843316994
19,P26,CXCL2,DPP4,CXCL2 → DPP4,0.00042006581435976204,0.0007246579818874476,0.0011447237962472097
19,P26,FASLG,FAS,FASLG → FAS,0.00029863618586960445,2.9485561253074072e-05,0.0003281217471226785
19,P26,HLA-B,KIR3DL2,HLA-B → KIR3DL2,2.158482383616898e-06,0.017702961804379132,0.01770512028676275
19,P26,HLA-C,KIR2DL3,HLA-C → KIR2DL3,0.0,0.037194688285955506,0.037194688285955506
19,P26,HLA-E,KLRC1,HLA-E → KLRC1,1.6438990592495676e-05,0.02835050607454919,0.028366945065141685
19,P26,HLA-E,KLRC2,HLA-E → KLRC2,2.2144216934188884e-05,0.02279791185725421,0.022820056074188397
19,P26,HLA-E,KLRK1,HLA-E → KLRK1,0.0003221661970651506,0.009177819501794552,0.009499985698859703
19,P26,HLA-F,KIR3DL2,HLA-F → KIR3DL2,4.165974143638966e-06,0.005319242291675241,0.00532340826581888
19,P26,HLA-F,LILRB1,HLA-F → LILRB1,0.00022296849762385126,0.004196105753886831,0.004419074251510682
19,P26,HLA-F,LILRB2,HLA-F → LILRB2,0.0007008479409565693,0.029336885509775475,0.030037733450732046
19,P26,HLA-G,LILRB1,HLA-G → LILRB1,2.046350401464929e-05,0.003324459028634832,0.003344922532649481
19,P26,HLA-G,LILRB2,HLA-G → LILRB2,0.0006899403615605929,0.009364663911658714,0.010054604273219307
19,P26,ICAM1,ITGAL,ICAM1 → ITGAL,0.012500510375917023,1.855745500863112e-05,0.012519067830925653
19,P26,ICOSLG,ICOS,ICOSLG → ICOS,0.0008402567412733121,7.010001015620606e-06,0.0008472667422889327
19,P26,LGALS9,HAVCR2,LGALS9 → HAVCR2,0.005409906148183825,0.007778808847408385,0.01318871499559221
19,P26,LGALS9,P4HB,LGALS9 → P4HB,0.016869183338698638,0.002187947067049161,0.0190571304057478
19,P26,LTA,TNFRSF14,LTA → TNFRSF14,0.0004899317753888951,6.149069967437978e-05,0.0005514224750632749
19,P26,LTA,TNFRSF1A,LTA → TNFRSF1A,5.2014218886437364e-05,5.994813195889383e-05,0.00011196235084533119
19,P26,LTA,TNFRSF1B,LTA → TNFRSF1B,0.002618988549282776,2.0428944148880556e-05,0.0026394174934316565
19,P26,LTB,LTBR,LTB → LTBR,0.00018174111127276086,0.0012561831195587153,0.001437924230831476
19,P26,PVR,CD226,PVR → CD226,3.0000816999371846e-05,0.0,3.0000816999371846e-05
19,P26,PVR,CD96,PVR → CD96,0.0033860798077280678,0.0,0.0033860798077280678
19,P26,PVR,TIGIT,PVR → TIGIT,0.002114773679833524,0.0,0.002114773679833524
19,P26,SELPLG,SELL,SELPLG → SELL,0.00039444546085810645,0.0028702430493283662,0.003264688510186473
19,P26,TGFB1,TGFBR3,TGFB1 → TGFBR3,5.893107734583522e-05,3.9102193059150805e-06,6.28412966517503e-05
19,P26,TNF,TNFRSF1A,TNF → TNFRSF1A,0.0011486631453712112,0.0008654050873881401,0.0020140682327593512
19,P26,TNF,TNFRSF1B,TNF → TNFRSF1B,0.0030763705977274367,0.00016363822806462168,0.0032400088257920584
19,P26,TNFSF10,TNFRSF10A,TNFSF10 → TNFRSF10A,1.213117146188419e-05,9.926197502687174e-05,0.00011139314648875594
19,P26,TNFSF10,TNFRSF10B,TNFSF10 → TNFRSF10B,5.994543310919587e-06,0.00019112272850169162,0.0001971172718126112
19,P26,TNFSF10,TNFRSF10D,TNFSF10 → TNFRSF10D,7.081103779014866e-06,0.00018779419767848437,0.00019487530145749924
19,P26,TNFSF12,TNFRSF12A,TNFSF12 → TNFRSF12A,3.1700236973826353e-06,2.6335862268488226e-06,5.803609924231458e-06
19,P26,TNFSF12,TNFRSF25,TNFSF12 → TNFRSF25,4.9261046218192307e-05,2.28045688899982e-05,7.20656151081905e-05
19,P26,TNFSF14,LTBR,TNFSF14 → LTBR,0.00013853323205122091,9.162125290160758e-06,0.00014769535734138168
19,P26,TNFSF14,TNFRSF14,TNFSF14 → TNFRSF14,0.0005946552992802021,7.292374379965128e-06,0.0006019476736601673
19,P26,TNFSF4,TNFRSF4,TNFSF4 → TNFRSF4,0.0002598977197715097,1.0464022370422216e-06,0.0002609441220085519
19,P26,TNFSF9,TNFRSF9,TNFSF9 → TNFRSF9,4.107753652974764e-05,8.326821046324764e-05,0.00012434574699299528
19,P26,VEGFA,NRP1,VEGFA → NRP1,0.00029976068043106207,0.00020925241713262553,0.0005090130975636876
19,P26,VEGFA,NRP2,VEGFA → NRP2,0.00010395410844604982,1.3205976434300072e-05,0.00011716008488034988
19,P26,VEGFB,NRP1,VEGFB → NRP1,2.087346118595508e-05,3.104362192284687e-05,5.191708310880195e-05
20,P27,BTLA,TNFRSF14,BTLA → TNFRSF14,0.003108735738880805,3.6524992480373126e-06,0.0031123882381288424
20,P27,CCL2,CCR2,CCL2 → CCR2,0.0001028428996968362,3.336092824355293e-05,0.00013620382794038912
20,P27,CCL3,CCR1,CCL3 → CCR1,0.0002717389801772911,0.009171120954398536,0.009442859934575826
20,P27,CCL3,CCR5,CCL3 → CCR5,0.009275917324196494,0.00797391091974381,0.017249828243940304
20,P27,CCL3L1,CCR1,CCL3L1 → CCR1,0.0007276637200674386,0.0005198659855985686,0.0012475297056660072
20,P27,CCL4,CCR5,CCL4 → CCR5,0.002817976445991674,0.014276509052747957,0.017094485498739632
20,P27,CCL5,CCR1,CCL5 → CCR1,0.0003090682641856868,0.08424495086647278,0.08455401913065846
20,P27,CCL5,CCR4,CCL5 → CCR4,2.465808429546577e-05,0.013029640440918581,0.013054298525214047
20,P27,CCL5,CCR5,CCL5 → CCR5,0.0019347989542512593,0.042632794316905434,0.0445675932711567
20,P27,CD274,PDCD1,CD274 → PDCD1,0.0033182953676637304,5.220517584393368e-06,0.003323515885248124
20,P27,CD40LG,CD40,CD40LG → CD40,8.569728163599395e-05,1.3402764470601874e-05,9.910004610659582e-05
20,P27,CD86,CD28,CD86 → CD28,0.0009795146125966552,0.00011304131846234293,0.0010925559310589982
20,P27,CD86,CTLA4,CD86 → CTLA4,0.002737595921392028,9.337889683397877e-05,0.002830974818226007
20,P27,CSF1,CSF1R,CSF1 → CSF1R,0.0010499250247266978,0.00022137498131907985,0.0012713000060457778
20,P27,CXCL13,CXCR5,CXCL13 → CXCR5,4.3020084280696224e-05,0.0006450633367821846,0.0006880834210628808
20,P27,CXCL16,CXCR6,CXCL16 → CXCR6,0.0002969055278591427,5.2059193718537445e-05,0.00034896472157768015
20,P27,CXCL2,DPP4,CXCL2 → DPP4,1.377477365240229e-05,0.00012858510811845637,0.00014235988177085866
20,P27,FASLG,FAS,FASLG → FAS,0.0004979614323544528,0.00010149144339082973,0.0005994528757452825
20,P27,HLA-B,KIR3DL2,HLA-B → KIR3DL2,3.6253919221929124e-05,0.002986291562256724,0.003022545481478653
20,P27,HLA-C,KIR2DL3,HLA-C → KIR2DL3,2.3814500968739676e-05,0.04111900578020433,0.041142820281173074
20,P27,HLA-E,KLRC1,HLA-E → KLRC1,6.677794946776445e-05,0.02100084533791275,0.021067623287380516
20,P27,HLA-E,KLRC2,HLA-E → KLRC2,1.833698090346599e-05,0.02037029050290429,0.020388627483807757
20,P27,HLA-E,KLRK1,HLA-E → KLRK1,0.00020119906968727317,0.017942095345099326,0.018143294414786598
20,P27,HLA-F,KIR3DL2,HLA-F → KIR3DL2,1.6409931334857096e-05,0.005123860476182114,0.00514027040751697
20,P27,HLA-F,LILRB1,HLA-F → LILRB1,0.00040378753048042897,0.001242231332796478,0.001646018863276907
20,P27,HLA-F,LILRB2,HLA-F → LILRB2,7.163559761304111e-05,0.006320942481404797,0.006392578079017838
20,P27,HLA-G,LILRB1,HLA-G → LILRB1,6.307552246342712e-05,0.003592009509893756,0.003655085032357183
20,P27,HLA-G,LILRB2,HLA-G → LILRB2,0.00020349715193917985,0.004493738369216424,0.004697235521155603
20,P27,ICAM1,ITGAL,ICAM1 → ITGAL,0.0026413808861591743,0.00013672975874609575,0.00277811064490527
20,P27,ICOSLG,ICOS,ICOSLG → ICOS,0.0005569819296123417,4.871294300834846e-06,0.0005618532239131765
20,P27,LGALS9,HAVCR2,LGALS9 → HAVCR2,0.013538623120408546,0.014070983177223292,0.027609606297631838
20,P27,LGALS9,P4HB,LGALS9 → P4HB,0.028986496092134106,0.0032445288692758596,0.03223102496140996
20,P27,LTA,TNFRSF14,LTA → TNFRSF14,0.0008858005434115273,4.9626149227783256e-05,0.0009354266926393105
20,P27,LTA,TNFRSF1A,LTA → TNFRSF1A,0.00029777129882832656,7.88142013646181e-05,0.00037658550019294465
20,P27,LTA,TNFRSF1B,LTA → TNFRSF1B,0.0017147791907697056,5.999297938458339e-05,0.001774772170154289
20,P27,LTB,LTBR,LTB → LTBR,6.752769793330533e-05,0.000603771750393058,0.0006712994483263633
20,P27,PVR,CD226,PVR → CD226,6.231216289912501e-06,1.0373000685760692e-05,1.6604216975673193e-05
20,P27,PVR,CD96,PVR → CD96,0.009079118498446814,7.319423814563103e-06,0.009086437922261378
20,P27,PVR,TIGIT,PVR → TIGIT,0.010177182937487067,0.0,0.010177182937487067
20,P27,SELPLG,SELL,SELPLG → SELL,0.000502133301727874,0.0023920681154217084,0.0028942014171495826
20,P27,TGFB1,TGFBR3,TGFB1 → TGFBR3,0.00022138731243513603,6.512516444288944e-05,0.00028651247687802546
20,P27,TNF,TNFRSF1A,TNF → TNFRSF1A,0.00016446977444759342,0.001198922010920885,0.0013633917853684784
20,P27,TNF,TNFRSF1B,TNF → TNFRSF1B,0.0017433419153199063,8.451001881412557e-05,0.0018278519341340318
20,P27,TNFSF10,TNFRSF10A,TNFSF10 → TNFRSF10A,3.263742694628754e-05,0.00017972912699035096,0.0002123665539366385
20,P27,TNFSF10,TNFRSF10B,TNFSF10 → TNFRSF10B,1.5035008331129287e-05,0.0002810372043013223,0.0002960722126324516
20,P27,TNFSF10,TNFRSF10D,TNFSF10 → TNFRSF10D,6.001554813465732e-06,0.0001552068977524685,0.00016120845256593422
20,P27,TNFSF12,TNFRSF12A,TNFSF12 → TNFRSF12A,8.475984786610457e-05,1.3664937007132815e-05,9.842478487323738e-05
20,P27,TNFSF12,TNFRSF25,TNFSF12 → TNFRSF25,0.0012481496834013262,8.711352481298904e-05,0.0013352632082143153
20,P27,TNFSF14,LTBR,TNFSF14 → LTBR,0.0003112271071145736,0.00027751344374445016,0.0005887405508590237
20,P27,TNFSF14,TNFRSF14,TNFSF14 → TNFRSF14,0.003568965538351913,0.0002039885902744963,0.0037729541286264092
20,P27,TNFSF4,TNFRSF4,TNFSF4 → TNFRSF4,0.001142083259590939,5.7382874270888495e-06,0.0011478215470180277
20,P27,TNFSF9,TNFRSF9,TNFSF9 → TNFRSF9,0.00027769571156179506,0.00017082066507735841,0.0004485163766391535
20,P27,VEGFA,NRP1,VEGFA → NRP1,0.00025510988910372576,1.920242753841629e-05,0.00027431231664214206
20,P27,VEGFA,NRP2,VEGFA → NRP2,2.9638576026839895e-06,8.081078798738146e-05,8.377464559006546e-05
20,P27,VEGFB,NRP1,VEGFB → NRP1,0.00011536528741939639,8.184913941256334e-06,0.00012355020136065273
21,P28,BTLA,TNFRSF14,BTLA → TNFRSF14,0.0013181902538264186,3.7997190660505456e-06,0.001321989972892469
21,P28,CCL2,CCR2,CCL2 → CCR2,0.0011779479260393927,0.0004346080054466295,0.001612555931486022
21,P28,CCL3,CCR1,CCL3 → CCR1,0.00018314579620357788,0.008063699791412028,0.008246845587615606
21,P28,CCL3,CCR5,CCL3 → CCR5,0.004557787417420044,0.004756411339498468,0.009314198756918511
21,P28,CCL3L1,CCR1,CCL3L1 → CCR1,0.001225103916675215,0.0010847904304902623,0.0023098943471654776
21,P28,CCL4,CCR5,CCL4 → CCR5,0.004186980528535218,0.014069571965319832,0.01825655249385505
21,P28,CCL5,CCR1,CCL5 → CCR1,0.00011809623537572404,0.04354478327982464,0.04366287951520036
21,P28,CCL5,CCR4,CCL5 → CCR4,5.2035847830705644e-05,0.009139592567661774,0.00919162841549248
21,P28,CCL5,CCR5,CCL5 → CCR5,0.0004042044633113273,0.0256219731742192,0.02602617763753053
21,P28,CD274,PDCD1,CD274 → PDCD1,0.004360157752007989,2.6860098637598903e-05,0.004387017850645588
21,P28,CD40LG,CD40,CD40LG → CD40,0.0003307117608288004,1.716506708101152e-05,0.0003478768279098119
21,P28,CD86,CD28,CD86 → CD28,0.0004773352696436872,0.00017002716833599762,0.0006473624379796848
21,P28,CD86,CTLA4,CD86 → CTLA4,0.0025926959866818234,0.00033909121526048085,0.0029317872019423044
21,P28,CSF1,CSF1R,CSF1 → CSF1R,0.0015998496638175497,0.00015427379111570655,0.0017541234549332562
21,P28,CXCL13,CXCR5,CXCL13 → CXCR5,0.00034576962166551567,0.0006347068739991144,0.00098047649566463
21,P28,CXCL16,CXCR6,CXCL16 → CXCR6,0.0010122902694753957,0.0015142782115811677,0.0025265684810565634
21,P28,CXCL2,DPP4,CXCL2 → DPP4,4.923386541667319e-05,0.0005967434976759926,0.0006459773630926658
21,P28,FASLG,FAS,FASLG → FAS,0.0003742107498929297,0.00027664856954401617,0.0006508593194369458
21,P28,HLA-B,KIR3DL2,HLA-B → KIR3DL2,6.744393259753875e-06,0.01104764831511391,0.011054392708373665
21,P28,HLA-C,KIR2DL3,HLA-C → KIR2DL3,1.2775123728544561e-05,0.06721043872134305,0.0672232138450716
21,P28,HLA-E,KLRC1,HLA-E → KLRC1,0.00010035967539324312,0.02294872132405041,0.023049080999443652
21,P28,HLA-E,KLRC2,HLA-E → KLRC2,7.090098436747466e-05,0.020307174149708507,0.020378075134075982
21,P28,HLA-E,KLRK1,HLA-E → KLRK1,0.0010960216308483419,0.011206280258421323,0.012302301889269665
21,P28,HLA-F,KIR3DL2,HLA-F → KIR3DL2,7.962043571030536e-06,0.0035335147563524192,0.00354147679992345
21,P28,HLA-F,LILRB1,HLA-F → LILRB1,0.0001657154911590417,0.014893396381431676,0.015059111872590718
21,P28,HLA-F,LILRB2,HLA-F → LILRB2,0.001100714815551921,0.06873035885801743,0.06983107367356935
21,P28,HLA-G,LILRB1,HLA-G → LILRB1,9.880386388694658e-05,0.006312756939152311,0.006411560803039258
21,P28,HLA-G,LILRB2,HLA-G → LILRB2,0.00034968667286365475,0.047831439136906254,0.04818112580976991
21,P28,ICAM1,ITGAL,ICAM1 → ITGAL,0.009776943704413383,0.0003936518713695158,0.0101705955757829
21,P28,ICOSLG,ICOS,ICOSLG → ICOS,0.0005991669636094059,0.0002565283367015685,0.0008556953003109743
21,P28,LGALS9,HAVCR2,LGALS9 → HAVCR2,0.006762884717919338,0.009677116819044986,0.016440001536964323
21,P28,LGALS9,P4HB,LGALS9 → P4HB,0.030564926035705996,0.010736961859857942,0.04130188789556394
21,P28,LTA,TNFRSF14,LTA → TNFRSF14,0.003401272253160752,6.701476284996041e-05,0.0034682870160107123
21,P28,LTA,TNFRSF1A,LTA → TNFRSF1A,0.001686649660747741,7.606367652038043e-05,0.0017627133372681214
21,P28,LTA,TNFRSF1B,LTA → TNFRSF1B,0.005628944030945707,2.8422323726489713e-05,0.005657366354672197
21,P28,LTB,LTBR,LTB → LTBR,0.0004554374648405367,0.00345782064599668,0.003913258110837217
21,P28,PVR,CD226,PVR → CD226,0.00046350920869851623,5.579977887111943e-05,0.0005193089875696357
21,P28,PVR,CD96,PVR → CD96,0.011558910938227307,1.7415370733092478e-05,0.0115763263089604
21,P28,PVR,TIGIT,PVR → TIGIT,0.008113200924104697,5.064476387405342e-06,0.008118265400492103
21,P28,SELPLG,SELL,SELPLG → SELL,0.002112644401378409,0.002658818437671099,0.004771462839049508
21,P28,TGFB1,TGFBR3,TGFB1 → TGFBR3,0.0004810627230582588,9.536512960177111e-05,0.0005764278526600299
21,P28,TNF,TNFRSF1A,TNF → TNFRSF1A,0.0015415465046747995,0.001574525221255134,0.0031160717259299336
21,P28,TNF,TNFRSF1B,TNF → TNFRSF1B,0.006838625586858216,0.0010159060342450391,0.007854531621103255
21,P28,TNFSF10,TNFRSF10A,TNFSF10 → TNFRSF10A,4.085844694430513e-05,0.00021213932571888513,0.00025299777266319024
21,P28,TNFSF10,TNFRSF10B,TNFSF10 → TNFRSF10B,0.00010778145704425303,0.0010407389178614741,0.0011485203749057272
21,P28,TNFSF10,TNFRSF10D,TNFSF10 → TNFRSF10D,4.521166159215712e-05,0.0013132373793567275,0.0013584490409488848
21,P28,TNFSF12,TNFRSF12A,TNFSF12 → TNFRSF12A,0.00023697121187596056,7.026834492157156e-05,0.00030723955679753213
21,P28,TNFSF12,TNFRSF25,TNFSF12 → TNFRSF25,0.00029554038542065465,9.260446043610882e-05,0.00038814484585676347
21,P28,TNFSF14,LTBR,TNFSF14 → LTBR,0.0011547425824968377,0.00013256667337476735,0.001287309255871605
21,P28,TNFSF14,TNFRSF14,TNFSF14 → TNFRSF14,0.007755921814072003,5.4514096667124047e-05,0.0078104359107391275
21,P28,TNFSF4,TNFRSF4,TNFSF4 → TNFRSF4,0.000515822397600004,1.1772169738534333e-05,0.0005275945673385384
21,P28,TNFSF9,TNFRSF9,TNFSF9 → TNFRSF9,0.00032122087323251884,0.0002422663593453768,0.0005634872325778956
21,P28,VEGFA,NRP1,VEGFA → NRP1,0.000638997408525453,0.0010549744181369222,0.0016939718266623751
21,P28,VEGFA,NRP2,VEGFA → NRP2,0.0008028032328219891,0.0003299060081134484,0.0011327092409354374
21,P28,VEGFB,NRP1,VEGFB → NRP1,9.670982606568509e-05,0.0009183690063698328,0.0010150788324355179
22,P29,BTLA,TNFRSF14,BTLA → TNFRSF14,9.128612480796865e-05,0.0,9.128612480796865e-05
22,P29,CCL2,CCR2,CCL2 → CCR2,1.7709508318450303e-05,0.00012138891165647092,0.00013909841997492123
22,P29,CCL3,CCR1,CCL3 → CCR1,0.0,0.01676767362063944,0.01676767362063944
22,P29,CCL3,CCR5,CCL3 → CCR5,0.007508994532876108,0.006987085997470633,0.01449608053034674
22,P29,CCL3L1,CCR1,CCL3L1 → CCR1,0.00067133870438141,0.0,0.00067133870438141
22,P29,CCL4,CCR5,CCL4 → CCR5,0.006556766317670301,0.021024733502461094,0.027581499820131396
22,P29,CCL5,CCR1,CCL5 → CCR1,0.00034397549685773746,0.08146839554418822,0.08181237104104595
22,P29,CCL5,CCR4,CCL5 → CCR4,0.0,0.006972749198462804,0.006972749198462804
22,P29,CCL5,CCR5,CCL5 → CCR5,0.00031768748813756876,0.026630794269098132,0.0269484817572357
22,P29,CD274,PDCD1,CD274 → PDCD1,0.004069175214575532,0.0,0.004069175214575532
22,P29,CD40LG,CD40,CD40LG → CD40,1.5787431062903427e-05,1.0915249485216899e-05,2.6702680548120326e-05
22,P29,CD86,CD28,CD86 → CD28,0.0019161657609534943,0.0,0.0019161657609534943
22,P29,CD86,CTLA4,CD86 → CTLA4,0.006963305588294587,0.0003150657172889767,0.007278371305583564
22,P29,CSF1,CSF1R,CSF1 → CSF1R,0.0007772905117069007,0.00035344444620670886,0.0011307349579136095
22,P29,CXCL13,CXCR5,CXCL13 → CXCR5,3.261501915268312e-05,0.00017798286429660535,0.00021059788344928847
22,P29,CXCL16,CXCR6,CXCL16 → CXCR6,0.0003655744792679901,5.452387675254634e-05,0.00042009835602053644
22,P29,CXCL2,DPP4,CXCL2 → DPP4,0.0,0.0,0.0
22,P29,FASLG,FAS,FASLG → FAS,7.020521548698251e-07,0.0,7.020521548698251e-07
22,P29,HLA-B,KIR3DL2,HLA-B → KIR3DL2,0.0,0.006723472947550468,0.006723472947550468
22,P29,HLA-C,KIR2DL3,HLA-C → KIR2DL3,0.0,0.00348375094707821,0.00348375094707821
22,P29,HLA-E,KLRC1,HLA-E → KLRC1,2.2264197635255308e-05,0.007607245552867904,0.007629509750503159
22,P29,HLA-E,KLRC2,HLA-E → KLRC2,0.0,0.010539376259628782,0.010539376259628782
22,P29,HLA-E,KLRK1,HLA-E → KLRK1,0.0002796870971652209,0.0035827334487740278,0.0038624205459392488
22,P29,HLA-F,KIR3DL2,HLA-F → KIR3DL2,8.971909645749779e-07,0.0009103036937448759,0.0009112008847094509
22,P29,HLA-F,LILRB1,HLA-F → LILRB1,2.2372734763671485e-05,0.0018577384849086124,0.001880111219672284
22,P29,HLA-F,LILRB2,HLA-F → LILRB2,0.00020982690615891855,0.03926818526560652,0.03947801217176544
22,P29,HLA-G,LILRB1,HLA-G → LILRB1,1.0795711777991653e-05,0.00114538904266036,0.0011561847544383516
22,P29,HLA-G,LILRB2,HLA-G → LILRB2,0.0002644207522974979,0.019095744918389793,0.01936016567068729
22,P29,ICAM1,ITGAL,ICAM1 → ITGAL,0.003864358527850022,3.89399173583625e-05,0.0039032984452083844
22,P29,ICOSLG,ICOS,ICOSLG → ICOS,0.0002699325220377321,6.121865427948894e-06,0.00027605438746568104
22,P29,LGALS9,HAVCR2,LGALS9 → HAVCR2,0.012824101279535144,0.010376221581667516,0.02320032286120266
22,P29,LGALS9,P4HB,LGALS9 → P4HB,0.030048830371983738,0.0030686047739681126,0.03311743514595185
22,P29,LTA,TNFRSF14,LTA → TNFRSF14,0.00011259822374838082,8.869856462677031e-07,0.00011348520939464853
22,P29,LTA,TNFRSF1A,LTA → TNFRSF1A,6.350082552734768e-05,6.001684770232339e-06,6.950251029758002e-05
22,P29,LTA,TNFRSF1B,LTA → TNFRSF1B,0.0014755884643928004,0.0,0.0014755884643928004
22,P29,LTB,LTBR,LTB → LTBR,7.187199885079875e-05,0.0019072542287368866,0.001979126227587685
22,P29,PVR,CD226,PVR → CD226,0.0,0.0,0.0
22,P29,PVR,CD96,PVR → CD96,0.001448850004390181,0.0,0.001448850004390181
22,P29,PVR,TIGIT,PVR → TIGIT,0.0009670529679530505,0.0,0.0009670529679530505
22,P29,SELPLG,SELL,SELPLG → SELL,1.2604509881003211e-05,0.001409662140642296,0.0014222666505232992
22,P29,TGFB1,TGFBR3,TGFB1 → TGFBR3,4.944495697592479e-05,4.473249096389976e-05,9.417744793982456e-05
22,P29,TNF,TNFRSF1A,TNF → TNFRSF1A,0.00012093167400736436,0.0004110660490099863,0.0005319977230173506
22,P29,TNF,TNFRSF1B,TNF → TNFRSF1B,0.0021976176578962702,0.0,0.0021976176578962702
22,P29,TNFSF10,TNFRSF10A,TNFSF10 → TNFRSF10A,2.078893945074479e-05,3.876684987911677e-05,5.955578932986156e-05
22,P29,TNFSF10,TNFRSF10B,TNFSF10 → TNFRSF10B,0.0,0.0003662493031924823,0.0003662493031924823
22,P29,TNFSF10,TNFRSF10D,TNFSF10 → TNFRSF10D,8.991639550606758e-06,0.0,8.991639550606758e-06
22,P29,TNFSF12,TNFRSF12A,TNFSF12 → TNFRSF12A,0.0,0.0,0.0
22,P29,TNFSF12,TNFRSF25,TNFSF12 → TNFRSF25,0.0,4.6335798639419716e-05,4.6335798639419716e-05
22,P29,TNFSF14,LTBR,TNFSF14 → LTBR,0.0008397070414825355,2.4190568007880125e-05,0.0008638976094904156
22,P29,TNFSF14,TNFRSF14,TNFSF14 → TNFRSF14,0.0015286381516888994,0.0,0.0015286381516888994
22,P29,TNFSF4,TNFRSF4,TNFSF4 → TNFRSF4,3.2694236980172054e-05,0.0,3.2694236980172054e-05
22,P29,TNFSF9,TNFRSF9,TNFSF9 → TNFRSF9,7.22558264046407e-05,8.420143868703813e-05,0.00015645726509167884
22,P29,VEGFA,NRP1,VEGFA → NRP1,0.0,0.0,0.0
22,P29,VEGFA,NRP2,VEGFA → NRP2,0.0,0.0,0.0
22,P29,VEGFB,NRP1,VEGFB → NRP1,3.120351738217521e-05,0.0,3.120351738217521e-05
23,P3,BTLA,TNFRSF14,BTLA → TNFRSF14,0.0026867116605504855,1.2793551914733736e-05,0.002699505212465219
23,P3,CCL2,CCR2,CCL2 → CCR2,0.000206630276566112,1.320930713182614e-05,0.00021983958369793812
23,P3,CCL3,CCR1,CCL3 → CCR1,5.446590627187863e-05,0.007335694754548,0.007390160660819879
23,P3,CCL3,CCR5,CCL3 → CCR5,0.005692988192635889,0.005077694817355826,0.010770683009991715
23,P3,CCL3L1,CCR1,CCL3L1 → CCR1,0.0004304042239295064,0.0002167893475285334,0.0006471935714580399
23,P3,CCL4,CCR5,CCL4 → CCR5,0.0032044635609706123,0.005882505694904895,0.009086969255875507
23,P3,CCL5,CCR1,CCL5 → CCR1,1.1881941440947042e-05,0.09251125685498286,0.0925231387964238
23,P3,CCL5,CCR4,CCL5 → CCR4,1.905028557096018e-05,0.012613998160371731,0.012633048445942692
23,P3,CCL5,CCR5,CCL5 → CCR5,0.0008542148766047616,0.024570161529455098,0.025424376406059858
23,P3,CD274,PDCD1,CD274 → PDCD1,0.0028740410554532283,7.0540276843555656e-06,0.002881095083137584
23,P3,CD40LG,CD40,CD40LG → CD40,2.6155972147445185e-05,3.3323162111865394e-05,5.947913425931058e-05
23,P3,CD86,CD28,CD86 → CD28,0.0017426047039784372,0.0003405137765440545,0.0020831184805224917
23,P3,CD86,CTLA4,CD86 → CTLA4,0.0035894906979076786,9.736260208009765e-06,0.0035992269581156884
23,P3,CSF1,CSF1R,CSF1 → CSF1R,0.0011244722107047987,0.00030283257152457783,0.0014273047822293767
23,P3,CXCL13,CXCR5,CXCL13 → CXCR5,6.271674749816623e-05,0.0003314871658677757,0.00039420391336594194
23,P3,CXCL16,CXCR6,CXCL16 → CXCR6,0.00027693712866541463,0.00016246434564768587,0.0004394014743131005
23,P3,CXCL2,DPP4,CXCL2 → DPP4,4.090874991027414e-05,2.9054793814989948e-05,6.99635437252641e-05
23,P3,FASLG,FAS,FASLG → FAS,0.0003781642162356289,4.678135025564743e-06,0.0003828423512611936
23,P3,HLA-B,KIR3DL2,HLA-B → KIR3DL2,4.876972880880621e-06,0.020938347344279046,0.020943224317159927
23,P3,HLA-C,KIR2DL3,HLA-C → KIR2DL3,7.395643184324985e-06,0.0086825172756281,0.008689912918812425
23,P3,HLA-E,KLRC1,HLA-E → KLRC1,5.933705885558025e-05,0.011600352196497049,0.011659689255352629
23,P3,HLA-E,KLRC2,HLA-E → KLRC2,6.996677310276058e-06,0.03154193114945111,0.03154892782676139
23,P3,HLA-E,KLRK1,HLA-E → KLRK1,0.0006801128803283532,0.01444609478333027,0.015126207663658624
23,P3,HLA-F,KIR3DL2,HLA-F → KIR3DL2,3.598500575266562e-06,0.00782541164167508,0.007829010142250346
23,P3,HLA-F,LILRB1,HLA-F → LILRB1,1.5309687497607826e-05,0.004629955148081395,0.004645264835579003
23,P3,HLA-F,LILRB2,HLA-F → LILRB2,0.00024205093963680305,0.04939560302759113,0.049637653967227933
23,P3,HLA-G,LILRB1,HLA-G → LILRB1,6.453593223479732e-05,0.005090182918729492,0.0051547188509642895
23,P3,HLA-G,LILRB2,HLA-G → LILRB2,0.0005123088286188404,0.027128916237621058,0.027641225066239897
23,P3,ICAM1,ITGAL,ICAM1 → ITGAL,0.005461041226047225,0.0002578263541402999,0.005718867580187525
23,P3,ICOSLG,ICOS,ICOSLG → ICOS,0.0005273617360667595,4.4799964764840715e-06,0.0005318417325432435
23,P3,LGALS9,HAVCR2,LGALS9 → HAVCR2,0.007874875625704436,0.00893713270724032,0.01681200833294476
23,P3,LGALS9,P4HB,LGALS9 → P4HB,0.018980729047860655,0.003079529449248013,0.022060258497108666
23,P3,LTA,TNFRSF14,LTA → TNFRSF14,0.00033698750432275675,2.314998320476745e-05,0.0003601374875275242
23,P3,LTA,TNFRSF1A,LTA → TNFRSF1A,9.865143191166767e-05,8.252210037260897e-05,0.00018117353228427663
23,P3,LTA,TNFRSF1B,LTA → TNFRSF1B,0.0030991718857401995,3.819887322639054e-05,0.00313737075896659
23,P3,LTB,LTBR,LTB → LTBR,8.099382809541804e-05,0.0010378898878632336,0.0011188837159586517
23,P3,PVR,CD226,PVR → CD226,4.70066268713367e-05,0.0,4.70066268713367e-05
23,P3,PVR,CD96,PVR → CD96,0.00837709248131606,1.926280113356618e-06,0.008379018761429418
23,P3,PVR,TIGIT,PVR → TIGIT,0.004333984702606966,0.0,0.004333984702606966
23,P3,SELPLG,SELL,SELPLG → SELL,0.0006562908803896432,0.0009109026814620188,0.001567193561851662
23,P3,TGFB1,TGFBR3,TGFB1 → TGFBR3,0.0011702986645862712,0.0001209594753998127,0.001291258139986084
23,P3,TNF,TNFRSF1A,TNF → TNFRSF1A,0.0014076384353445379,0.00044983807682537455,0.0018574765121699124
23,P3,TNF,TNFRSF1B,TNF → TNFRSF1B,0.003285786316138158,8.823702809996688e-05,0.003374023344238125
23,P3,TNFSF10,TNFRSF10A,TNFSF10 → TNFRSF10A,3.27827438164616e-05,6.413539004695384e-05,9.691813386341544e-05
23,P3,TNFSF10,TNFRSF10B,TNFSF10 → TNFRSF10B,1.4215035844647094e-05,0.0006382812129697582,0.0006524962488144053
23,P3,TNFSF10,TNFRSF10D,TNFSF10 → TNFRSF10D,3.1457022621623806e-05,4.5880625478364646e-05,7.733764809998845e-05
23,P3,TNFSF12,TNFRSF12A,TNFSF12 → TNFRSF12A,1.6734861565937388e-05,2.303247252015912e-05,3.976733408609651e-05
23,P3,TNFSF12,TNFRSF25,TNFSF12 → TNFRSF25,0.00017086663133951172,0.00015570054635730208,0.0003265671776968138
23,P3,TNFSF14,LTBR,TNFSF14 → LTBR,0.00033183478324441814,0.0001891758206512103,0.0005210106038956284
23,P3,TNFSF14,TNFRSF14,TNFSF14 → TNFRSF14,0.0015359286015556668,7.155572411178315e-05,0.00160748432566745
23,P3,TNFSF4,TNFRSF4,TNFSF4 → TNFRSF4,0.0009060486142764486,5.150673650688152e-06,0.0009111992879271368
23,P3,TNFSF9,TNFRSF9,TNFSF9 → TNFRSF9,0.0007850819326732748,0.0001731634918909915,0.0009582454245642664
23,P3,VEGFA,NRP1,VEGFA → NRP1,0.00043939876593794607,1.8272817624265602e-05,0.00045767158356221167
23,P3,VEGFA,NRP2,VEGFA → NRP2,6.485290077692242e-05,1.7026329200367388e-05,8.187922997728981e-05
23,P3,VEGFB,NRP1,VEGFB → NRP1,0.00023474004431978067,5.171808758419203e-06,0.00023991185307819986
24,P30,BTLA,TNFRSF14,BTLA → TNFRSF14,0.0029859558115336686,0.00012446853652495546,0.003110424348058624
24,P30,CCL2,CCR2,CCL2 → CCR2,0.0001944008310891944,1.28218115953944e-05,0.0002072226426845888
24,P30,CCL3,CCR1,CCL3 → CCR1,0.0002166859145934888,0.01296474121655751,0.013181427131150999
24,P30,CCL3,CCR5,CCL3 → CCR5,0.004210666269724331,0.004785375615922102,0.008996041885646433
24,P30,CCL3L1,CCR1,CCL3L1 → CCR1,0.0006433901858863881,0.00018220400917053523,0.0008255941950569233
24,P30,CCL4,CCR5,CCL4 → CCR5,0.004517450032932536,0.005605087110995477,0.010122537143928013
24,P30,CCL5,CCR1,CCL5 → CCR1,0.00016132534085903236,0.07707927630685835,0.07724060164771739
24,P30,CCL5,CCR4,CCL5 → CCR4,1.98429623224265e-05,0.014739608983057892,0.014759451945380317
24,P30,CCL5,CCR5,CCL5 → CCR5,0.0003322729008532031,0.02058626968713081,0.020918542587984014
24,P30,CD274,PDCD1,CD274 → PDCD1,0.002189893431728479,8.729184850454124e-06,0.002198622616578933
24,P30,CD40LG,CD40,CD40LG → CD40,9.152862950847053e-05,2.24817737102881e-05,0.00011401040321875864
24,P30,CD86,CD28,CD86 → CD28,0.001013605962374692,0.00035831576347673875,0.0013719217258514307
24,P30,CD86,CTLA4,CD86 → CTLA4,0.008917728166576964,0.0008752153072906434,0.009792943473867607
24,P30,CSF1,CSF1R,CSF1 → CSF1R,0.0018793240610497463,0.00023334773213549325,0.0021126717931852397
24,P30,CXCL13,CXCR5,CXCL13 → CXCR5,4.7482214625938004e-05,0.0002336621659161966,0.0002811443805421346
24,P30,CXCL16,CXCR6,CXCL16 → CXCR6,0.0009048461554871842,0.00010609593897622903,0.0010109420944634131
24,P30,CXCL2,DPP4,CXCL2 → DPP4,6.642745107458656e-06,1.5070943177464401e-05,2.1713688284923058e-05
24,P30,FASLG,FAS,FASLG → FAS,0.00025143224034796305,5.033173851561058e-05,0.0003017639788635736
24,P30,HLA-B,KIR3DL2,HLA-B → KIR3DL2,7.65242198214568e-06,0.011073837515517625,0.01108148993749977
24,P30,HLA-C,KIR2DL3,HLA-C → KIR2DL3,2.6809294060793075e-06,0.016516929442082624,0.0165196103714887
24,P30,HLA-E,KLRC1,HLA-E → KLRC1,3.767163325731106e-05,0.011270434126913925,0.011308105760171236
24,P30,HLA-E,KLRC2,HLA-E → KLRC2,4.129787030255212e-06,0.021934901986615355,0.02193903177364561
24,P30,HLA-E,KLRK1,HLA-E → KLRK1,0.00025572979343503816,0.006851295877464214,0.007107025670899251
24,P30,HLA-F,KIR3DL2,HLA-F → KIR3DL2,1.4286700647517115e-06,0.0029454448655722378,0.0029468735356369897
24,P30,HLA-F,LILRB1,HLA-F → LILRB1,1.023926234207003e-05,0.0051244390635772534,0.005134678325919324
24,P30,HLA-F,LILRB2,HLA-F → LILRB2,0.0005473900375436643,0.06209323053716768,0.06264062057471134
24,P30,HLA-G,LILRB1,HLA-G → LILRB1,5.499812100093558e-05,0.003471615696967274,0.0035266138179682097
24,P30,HLA-G,LILRB2,HLA-G → LILRB2,0.0013280104467882524,0.042696159947480314,0.044024170394268564
24,P30,ICAM1,ITGAL,ICAM1 → ITGAL,0.004318175515692186,0.0003612983428827017,0.004679473858574887
24,P30,ICOSLG,ICOS,ICOSLG → ICOS,0.0003439118183938084,1.4777650908930944e-05,0.00035868946930273934
24,P30,LGALS9,HAVCR2,LGALS9 → HAVCR2,0.010735873137320405,0.009162185876252928,0.019898059013573333
24,P30,LGALS9,P4HB,LGALS9 → P4HB,0.036399411278674965,0.006036872923553737,0.042436284202228704
24,P30,LTA,TNFRSF14,LTA → TNFRSF14,0.0014102694032074904,4.7378634966053504e-05,0.001457648038173544
24,P30,LTA,TNFRSF1A,LTA → TNFRSF1A,6.348847879267195e-05,1.2760034535205331e-05,7.624851332787728e-05
24,P30,LTA,TNFRSF1B,LTA → TNFRSF1B,0.0015109789508203093,0.00011000003878167075,0.00162097898960198
24,P30,LTB,LTBR,LTB → LTBR,0.00045116589551560477,0.0068351704175860905,0.007286336313101696
24,P30,PVR,CD226,PVR → CD226,1.301140945748957e-06,0.0,1.301140945748957e-06
24,P30,PVR,CD96,PVR → CD96,0.006947988136179167,1.3948870941438151e-05,0.006961937007120606
24,P30,PVR,TIGIT,PVR → TIGIT,0.007016332681667251,0.0,0.007016332681667251
24,P30,SELPLG,SELL,SELPLG → SELL,0.00044865288286266515,0.002726417604317504,0.0031750704871801694
24,P30,TGFB1,TGFBR3,TGFB1 → TGFBR3,5.1527155895538676e-05,1.8302228618820508e-05,6.982938451435918e-05
24,P30,TNF,TNFRSF1A,TNF → TNFRSF1A,0.0001980757909313533,0.001032382179419605,0.0012304579703509581
24,P30,TNF,TNFRSF1B,TNF → TNFRSF1B,0.006611887350633992,2.8567331075196954e-05,0.006640454681709189
24,P30,TNFSF10,TNFRSF10A,TNFSF10 → TNFRSF10A,7.804018265196178e-06,7.186208562730601e-05,7.966610389250219e-05
24,P30,TNFSF10,TNFRSF10B,TNFSF10 → TNFRSF10B,9.788331909989256e-06,4.251467778886223e-05,5.230300969885149e-05
24,P30,TNFSF10,TNFRSF10D,TNFSF10 → TNFRSF10D,2.8565645116947606e-06,0.00030622377553929896,0.0003090803400509937
24,P30,TNFSF12,TNFRSF12A,TNFSF12 → TNFRSF12A,4.058291435741743e-06,3.0867123154217834e-06,7.145003751163526e-06
24,P30,TNFSF12,TNFRSF25,TNFSF12 → TNFRSF25,0.00015317055462270526,2.9442522522279036e-05,0.0001826130771449843
24,P30,TNFSF14,LTBR,TNFSF14 → LTBR,0.0010542204784198457,6.857464933535645e-05,0.001122795127755202
24,P30,TNFSF14,TNFRSF14,TNFSF14 → TNFRSF14,0.001902989521805221,4.283823355263709e-06,0.0019072733451604847
24,P30,TNFSF4,TNFRSF4,TNFSF4 → TNFRSF4,0.0004085578995831156,2.31777378420798e-06,0.0004108756733673236
24,P30,TNFSF9,TNFRSF9,TNFSF9 → TNFRSF9,0.0002980429080284282,0.0001434326265251137,0.00044147553455354193
24,P30,VEGFA,NRP1,VEGFA → NRP1,0.0002273373773547507,5.474333424435842e-05,0.0002820807115991091
24,P30,VEGFA,NRP2,VEGFA → NRP2,4.708728934286114e-06,0.00023556156884375448,0.0002402702977780406
24,P30,VEGFB,NRP1,VEGFB → NRP1,0.0001302072232455864,8.96909624033752e-06,0.00013917631948592393
25,P31,BTLA,TNFRSF14,BTLA → TNFRSF14,0.0006126213815908474,3.94352957446934e-06,0.0006165649111653167
25,P31,CCL2,CCR2,CCL2 → CCR2,0.0001066541173772807,2.098073405588028e-06,0.00010875219078286873
25,P31,CCL3,CCR1,CCL3 → CCR1,6.728778173212435e-05,0.004476336034246331,0.004543623815978455
25,P31,CCL3,CCR5,CCL3 → CCR5,0.004758939812632583,0.004444108961369286,0.009203048774001868
25,P31,CCL3L1,CCR1,CCL3L1 → CCR1,0.00021743981548189207,0.0003270394299458721,0.0005444792454277641
25,P31,CCL4,CCR5,CCL4 → CCR5,0.0022619657905485354,0.00665002878863736,0.008911994579185895
25,P31,CCL5,CCR1,CCL5 → CCR1,0.00010623390525188383,0.06519248437137379,0.06529871827662567
25,P31,CCL5,CCR4,CCL5 → CCR4,3.993510881125131e-05,0.004472228553557531,0.004512163662368783
25,P31,CCL5,CCR5,CCL5 → CCR5,0.0008173435701106554,0.017821812016395072,0.018639155586505727
25,P31,CD274,PDCD1,CD274 → PDCD1,0.0031310698328585527,1.949465420104469e-05,0.0031505644870595973
25,P31,CD40LG,CD40,CD40LG → CD40,6.785215705124845e-06,1.2292056148494017e-05,1.907727185361886e-05
25,P31,CD86,CD28,CD86 → CD28,0.0016447092062746723,2.2401820383498206e-05,0.0016671110266581704
25,P31,CD86,CTLA4,CD86 → CTLA4,0.0021137354268393163,0.0003250341424847233,0.0024387695693240397
25,P31,CSF1,CSF1R,CSF1 → CSF1R,0.0007933070401225999,8.643983123651566e-05,0.0008797468713591155
25,P31,CXCL13,CXCR5,CXCL13 → CXCR5,7.171514679930007e-05,0.0001222980120781515,0.00019401315887745157
25,P31,CXCL16,CXCR6,CXCL16 → CXCR6,0.00025432480517191753,3.3716283423662713e-05,0.00028804108859558026
25,P31,CXCL2,DPP4,CXCL2 → DPP4,1.7040872402263677e-05,6.613544433889437e-06,2.3654416836153113e-05
25,P31,FASLG,FAS,FASLG → FAS,0.0012666868545749197,1.959229528598181e-05,0.0012862791498609014
25,P31,HLA-B,KIR3DL2,HLA-B → KIR3DL2,1.0883993027743521e-05,0.08659729485709447,0.08660817885012222
25,P31,HLA-C,KIR2DL3,HLA-C → KIR2DL3,0.00011127563379185833,0.031925657632439444,0.032036933266231304
25,P31,HLA-E,KLRC1,HLA-E → KLRC1,7.193340326615863e-05,0.01528502095958384,0.015356954362849997
25,P31,HLA-E,KLRC2,HLA-E → KLRC2,8.426210031810827e-05,0.02981416431966981,0.029898426419987918
25,P31,HLA-E,KLRK1,HLA-E → KLRK1,0.001826523031509334,0.02086787409782054,0.022694397129329875
25,P31,HLA-F,KIR3DL2,HLA-F → KIR3DL2,2.4678829498571024e-05,0.018263354434107395,0.018288033263605966
25,P31,HLA-F,LILRB1,HLA-F → LILRB1,7.185467108682044e-06,0.0058061858338696705,0.005813371300978353
25,P31,HLA-F,LILRB2,HLA-F → LILRB2,0.0006124412125419186,0.03461798489723415,0.03523042610977607
25,P31,HLA-G,LILRB1,HLA-G → LILRB1,2.3339722749870316e-05,0.002043754603167723,0.002067094325917593
25,P31,HLA-G,LILRB2,HLA-G → LILRB2,0.00025954643832345597,0.0225170950658267,0.022776641504150156
25,P31,ICAM1,ITGAL,ICAM1 → ITGAL,0.005531924054359688,0.00014172841535716138,0.00567365246971685
25,P31,ICOSLG,ICOS,ICOSLG → ICOS,0.0005406213497685717,0.0,0.0005406213497685717
25,P31,LGALS9,HAVCR2,LGALS9 → HAVCR2,0.007538446387500442,0.015853143693355966,0.02339159008085641
25,P31,LGALS9,P4HB,LGALS9 → P4HB,0.011736461874107464,0.0030438081920135603,0.014780270066121023
25,P31,LTA,TNFRSF14,LTA → TNFRSF14,0.0008392067208610439,3.7660238383748327e-06,0.0008429727446994188
25,P31,LTA,TNFRSF1A,LTA → TNFRSF1A,4.650808962566778e-05,6.6867350153073285e-06,5.319482464097511e-05
25,P31,LTA,TNFRSF1B,LTA → TNFRSF1B,0.0006661720189384451,5.533538635905876e-06,0.000671705557574351
25,P31,LTB,LTBR,LTB → LTBR,6.168481137335956e-05,0.0008138784191844239,0.0008755632305577835
25,P31,PVR,CD226,PVR → CD226,3.4536183769776356e-05,8.16329181912504e-06,4.2699475588901396e-05
25,P31,PVR,CD96,PVR → CD96,0.005603446242261917,7.583095860795525e-06,0.005611029338122712
25,P31,PVR,TIGIT,PVR → TIGIT,0.00878242100331698,0.0,0.00878242100331698
25,P31,SELPLG,SELL,SELPLG → SELL,0.0015137662619696228,0.001290471521558049,0.002804237783527672
25,P31,TGFB1,TGFBR3,TGFB1 → TGFBR3,4.645385590713556e-05,4.3962659553581574e-05,9.041651546071714e-05
25,P31,TNF,TNFRSF1A,TNF → TNFRSF1A,0.0002608038772145407,0.0004585759884028983,0.000719379865617439
25,P31,TNF,TNFRSF1B,TNF → TNFRSF1B,0.0025493965812849145,0.00012063678925549756,0.002670033370540412
25,P31,TNFSF10,TNFRSF10A,TNFSF10 → TNFRSF10A,7.534380602190809e-06,5.204381072718661e-06,1.273876167490947e-05
25,P31,TNFSF10,TNFRSF10B,TNFSF10 → TNFRSF10B,1.7958764353447604e-05,5.879316065693222e-05,7.675192501037983e-05
25,P31,TNFSF10,TNFRSF10D,TNFSF10 → TNFRSF10D,3.927627272258708e-07,8.291895358145786e-05,8.331171630868373e-05
25,P31,TNFSF12,TNFRSF12A,TNFSF12 → TNFRSF12A,1.2587255634057614e-06,9.759136117010883e-07,2.23463917510685e-06
25,P31,TNFSF12,TNFRSF25,TNFSF12 → TNFRSF25,0.0001664139580680271,3.444871748882343e-05,0.00020086267555685053
25,P31,TNFSF14,LTBR,TNFSF14 → LTBR,9.104664256072146e-05,4.4026370402765305e-06,9.5449279600998e-05
25,P31,TNFSF14,TNFRSF14,TNFSF14 → TNFRSF14,0.003108546027939057,9.92580479679678e-06,0.003118471832735854
25,P31,TNFSF4,TNFRSF4,TNFSF4 → TNFRSF4,0.002948859496163551,2.9794347270169886e-06,0.0029518389308905682
25,P31,TNFSF9,TNFRSF9,TNFSF9 → TNFRSF9,8.049032805140802e-05,0.0003764733156742118,0.0004569636437256198
25,P31,VEGFA,NRP1,VEGFA → NRP1,0.00031493969757195894,6.217799546354307e-05,0.000377117693035502
25,P31,VEGFA,NRP2,VEGFA → NRP2,7.681253171529027e-05,7.619426330180244e-05,0.0001530067950170927
25,P31,VEGFB,NRP1,VEGFB → NRP1,3.2105558701565066e-05,2.9864003296935154e-07,3.2404198734534414e-05
26,P33,BTLA,TNFRSF14,BTLA → TNFRSF14,0.00026449605769281593,2.8895118893665615e-07,0.0002647850088817526
26,P33,CCL2,CCR2,CCL2 → CCR2,0.0,2.11859006559826e-05,2.11859006559826e-05
26,P33,CCL3,CCR1,CCL3 → CCR1,4.287099319419797e-06,0.006617411584964407,0.006621698684283826
26,P33,CCL3,CCR5,CCL3 → CCR5,0.0015761171431229637,0.002756867654656294,0.004332984797779257
26,P33,CCL3L1,CCR1,CCL3L1 → CCR1,0.00038254607195374206,0.0003580053546669015,0.0007405514266206435
26,P33,CCL4,CCR5,CCL4 → CCR5,0.0012058667180673839,0.004909393210655463,0.006115259928722847
26,P33,CCL5,CCR1,CCL5 → CCR1,0.00015342157227401167,0.03934017289138475,0.039493594463658764
26,P33,CCL5,CCR4,CCL5 → CCR4,0.0,0.004202622046098723,0.004202622046098723
26,P33,CCL5,CCR5,CCL5 → CCR5,0.0005749565243063227,0.012049251984740937,0.012624208509047259
26,P33,CD274,PDCD1,CD274 → PDCD1,0.0012457441111926515,0.0,0.0012457441111926515
26,P33,CD40LG,CD40,CD40LG → CD40,2.2043757125825782e-05,0.0,2.2043757125825782e-05
26,P33,CD86,CD28,CD86 → CD28,0.00022933111126019538,8.566113299134162e-07,0.0002301877225901088
26,P33,CD86,CTLA4,CD86 → CTLA4,0.0006669711015025542,0.0002005645508019766,0.0008675356523045308
26,P33,CSF1,CSF1R,CSF1 → CSF1R,0.000824845842197935,8.078275817031844e-05,0.0009056286003682535
26,P33,CXCL13,CXCR5,CXCL13 → CXCR5,1.793517205278368e-05,0.00020710204452897995,0.00022503721658176363
26,P33,CXCL16,CXCR6,CXCL16 → CXCR6,0.0003196445975200142,0.0003746256390395665,0.0006942702365595807
26,P33,CXCL2,DPP4,CXCL2 → DPP4,0.0,0.0,0.0
26,P33,FASLG,FAS,FASLG → FAS,0.0,9.539738979928037e-07,9.539738979928037e-07
26,P33,HLA-B,KIR3DL2,HLA-B → KIR3DL2,2.3701248747043095e-07,0.013177535462756804,0.013177772475244275
26,P33,HLA-C,KIR2DL3,HLA-C → KIR2DL3,0.0,0.046534576309267314,0.046534576309267314
26,P33,HLA-E,KLRC1,HLA-E → KLRC1,8.35818975529853e-06,0.018356795225145835,0.018365153414901133
26,P33,HLA-E,KLRC2,HLA-E → KLRC2,1.1619769889679374e-06,0.017004111526555128,0.017005273503544097
26,P33,HLA-E,KLRK1,HLA-E → KLRK1,1.1565323486864513e-06,0.005348925375256718,0.0053500819076054045
26,P33,HLA-F,KIR3DL2,HLA-F → KIR3DL2,9.398297375677105e-07,0.0039908152034323525,0.00399175503316992
26,P33,HLA-F,LILRB1,HLA-F → LILRB1,0.0,0.0037826709318745455,0.0037826709318745455
26,P33,HLA-F,LILRB2,HLA-F → LILRB2,0.00014098257094332457,0.02822106372549354,0.028362046296436867
26,P33,HLA-G,LILRB1,HLA-G → LILRB1,2.7311542689538132e-06,0.0026968719765494797,0.0026996031308184334
26,P33,HLA-G,LILRB2,HLA-G → LILRB2,0.00017231650017713188,0.018895261795712034,0.019067578295889166
26,P33,ICAM1,ITGAL,ICAM1 → ITGAL,0.0028750576947318947,7.420702550302776e-06,0.0028824783972821975
26,P33,ICOSLG,ICOS,ICOSLG → ICOS,5.4113451159215816e-05,0.0,5.4113451159215816e-05
26,P33,LGALS9,HAVCR2,LGALS9 → HAVCR2,0.0048117798218555,0.005286851763665993,0.010098631585521493
26,P33,LGALS9,P4HB,LGALS9 → P4HB,0.010186434537302067,0.0018784971573211722,0.012064931694623238
26,P33,LTA,TNFRSF14,LTA → TNFRSF14,2.9758294652509174e-05,1.6170955585158726e-06,3.137539021102505e-05
26,P33,LTA,TNFRSF1A,LTA → TNFRSF1A,1.2168342567441671e-05,0.0,1.2168342567441671e-05
26,P33,LTA,TNFRSF1B,LTA → TNFRSF1B,0.0010568388824029886,2.137508056925544e-06,0.001058976390459914
26,P33,LTB,LTBR,LTB → LTBR,0.00036668184502721313,0.001209147885267336,0.0015758297302945492
26,P33,PVR,CD226,PVR → CD226,0.0,0.0,0.0
26,P33,PVR,CD96,PVR → CD96,0.0017158117142688657,0.0,0.0017158117142688657
26,P33,PVR,TIGIT,PVR → TIGIT,0.0010919879604133452,0.0,0.0010919879604133452
26,P33,SELPLG,SELL,SELPLG → SELL,0.00010277202749653578,0.002232048047923302,0.002334820075419838
26,P33,TGFB1,TGFBR3,TGFB1 → TGFBR3,2.9989147862413204e-06,8.268107368533117e-07,3.825725523094632e-06
26,P33,TNF,TNFRSF1A,TNF → TNFRSF1A,0.0003483922164987857,3.616888736873027e-05,0.00038456110386751594
26,P33,TNF,TNFRSF1B,TNF → TNFRSF1B,0.0022083348714010626,1.6326129305495503e-05,0.0022246610007065582
26,P33,TNFSF10,TNFRSF10A,TNFSF10 → TNFRSF10A,0.0,1.7074256197060602e-05,1.7074256197060602e-05
26,P33,TNFSF10,TNFRSF10B,TNFSF10 → TNFRSF10B,0.0,5.470411531377292e-05,5.470411531377292e-05
26,P33,TNFSF10,TNFRSF10D,TNFSF10 → TNFRSF10D,0.0,0.0,0.0
26,P33,TNFSF12,TNFRSF12A,TNFSF12 → TNFRSF12A,0.0,1.6006811851363679e-06,1.6006811851363679e-06
26,P33,TNFSF12,TNFRSF25,TNFSF12 → TNFRSF25,5.223571811556351e-06,2.4904100543140287e-06,7.71398186587038e-06
26,P33,TNFSF14,LTBR,TNFSF14 → LTBR,0.00023749989269972584,0.0,0.00023749989269972584
26,P33,TNFSF14,TNFRSF14,TNFSF14 → TNFRSF14,0.0007398777768493018,1.86343591074271e-06,0.0007417412127600445
26,P33,TNFSF4,TNFRSF4,TNFSF4 → TNFRSF4,0.0,0.0,0.0
26,P33,TNFSF9,TNFRSF9,TNFSF9 → TNFRSF9,4.657653335964141e-05,4.3160962382649665e-06,5.0892629597906375e-05
26,P33,VEGFA,NRP1,VEGFA → NRP1,0.00019625843058225428,0.0,0.00019625843058225428
26,P33,VEGFA,NRP2,VEGFA → NRP2,0.0,0.0,0.0
26,P33,VEGFB,NRP1,VEGFB → NRP1,0.00011333810017320101,0.0,0.00011333810017320101
27,P35,BTLA,TNFRSF14,BTLA → TNFRSF14,0.0010035616584121514,2.7354968100460764e-06,0.0010062971552221975
27,P35,CCL2,CCR2,CCL2 → CCR2,4.849396804275749e-05,1.9118261188287643e-06,5.0405794161586254e-05
27,P35,CCL3,CCR1,CCL3 → CCR1,2.437438107916848e-05,0.005835992979433413,0.005860367360512582
27,P35,CCL3,CCR5,CCL3 → CCR5,0.002662356293496662,0.002856364188705719,0.005518720482202382
27,P35,CCL3L1,CCR1,CCL3L1 → CCR1,0.0004641550497388165,0.0004327845544552426,0.0008969396041940591
27,P35,CCL4,CCR5,CCL4 → CCR5,0.002145445812290935,0.0064768419044324305,0.008622287716723366
27,P35,CCL5,CCR1,CCL5 → CCR1,1.861271053326232e-05,0.044977203598282695,0.04499581630881596
27,P35,CCL5,CCR4,CCL5 → CCR4,8.3634415440103e-07,0.006952667192482432,0.006953503536636833
27,P35,CCL5,CCR5,CCL5 → CCR5,0.00011053193384731322,0.019192725585297804,0.019303257519145117
27,P35,CD274,PDCD1,CD274 → PDCD1,0.001482893428150892,1.8595935563733961e-06,0.0014847530217072654
27,P35,CD40LG,CD40,CD40LG → CD40,2.116832609726712e-05,1.590751738067014e-05,3.707584347793726e-05
27,P35,CD86,CD28,CD86 → CD28,0.0004377294856465453,0.00020708785484930406,0.0006448173404958494
27,P35,CD86,CTLA4,CD86 → CTLA4,0.004462475481777312,0.0002037382782991616,0.004666213760076474
27,P35,CSF1,CSF1R,CSF1 → CSF1R,0.0012100964208447453,8.226797570376053e-05,0.0012923643965485057
27,P35,CXCL13,CXCR5,CXCL13 → CXCR5,2.072995317719445e-05,0.00011748975068030162,0.00013821970385749608
27,P35,CXCL16,CXCR6,CXCL16 → CXCR6,0.000540073511279276,7.95820821314092e-05,0.0006196555934106853
27,P35,CXCL2,DPP4,CXCL2 → DPP4,2.2415168893421986e-06,7.528634478990411e-06,9.77015136833261e-06
27,P35,FASLG,FAS,FASLG → FAS,0.00011323210948089987,0.00024475020117712033,0.0003579823106580202
27,P35,HLA-B,KIR3DL2,HLA-B → KIR3DL2,3.4637581429284262e-06,0.01618948295759728,0.01619294671574021
27,P35,HLA-C,KIR2DL3,HLA-C → KIR2DL3,5.94117037505022e-06,0.08728977431317575,0.0872957154835508
27,P35,HLA-E,KLRC1,HLA-E → KLRC1,2.275141843989097e-05,0.018909107262432567,0.01893185868087246
27,P35,HLA-E,KLRC2,HLA-E → KLRC2,3.5272764867201535e-06,0.026065243867789998,0.026068771144276717
27,P35,HLA-E,KLRK1,HLA-E → KLRK1,0.0002610248920210194,0.008661539761623257,0.008922564653644277
27,P35,HLA-F,KIR3DL2,HLA-F → KIR3DL2,5.536439642347049e-05,0.004809586482684234,0.004864950879107705
27,P35,HLA-F,LILRB1,HLA-F → LILRB1,6.546821323744355e-05,0.0023581289271767504,0.002423597140414194
27,P35,HLA-F,LILRB2,HLA-F → LILRB2,0.00028890534073199503,0.0327746113608555,0.0330635167015875
27,P35,HLA-G,LILRB1,HLA-G → LILRB1,3.365237628305935e-05,0.002810448238995863,0.0028441006152789224
27,P35,HLA-G,LILRB2,HLA-G → LILRB2,0.0005283607707390631,0.014490705513944583,0.015019066284683646
27,P35,ICAM1,ITGAL,ICAM1 → ITGAL,0.007900213280854653,8.478399662404709e-05,0.0079849972774787
27,P35,ICOSLG,ICOS,ICOSLG → ICOS,0.0014681875583347464,7.629996259995976e-06,0.0014758175545947425
27,P35,LGALS9,HAVCR2,LGALS9 → HAVCR2,0.0042499521862458915,0.00546089782465863,0.00971085001090452
27,P35,LGALS9,P4HB,LGALS9 → P4HB,0.008141830889130418,0.0022298801171514123,0.01037171100628183
27,P35,LTA,TNFRSF14,LTA → TNFRSF14,0.0005832318094970854,2.596331347592551e-06,0.000585828140844678
27,P35,LTA,TNFRSF1A,LTA → TNFRSF1A,2.8316196361295443e-05,7.4311621120233585e-06,3.57473584733188e-05
27,P35,LTA,TNFRSF1B,LTA → TNFRSF1B,0.0017296841761759068,5.175833065408234e-06,0.001734860009241315
27,P35,LTB,LTBR,LTB → LTBR,7.127092309225712e-05,0.001613909122870771,0.0016851800459630282
27,P35,PVR,CD226,PVR → CD226,3.5525180249466847e-06,0.0,3.5525180249466847e-06
27,P35,PVR,CD96,PVR → CD96,0.00201828757095685,2.0447550698576495e-06,0.002020332326026708
27,P35,PVR,TIGIT,PVR → TIGIT,0.0016949318541656599,0.0,0.0016949318541656599
27,P35,SELPLG,SELL,SELPLG → SELL,0.0003812853465215652,0.005489070783740463,0.005870356130262028
27,P35,TGFB1,TGFBR3,TGFB1 → TGFBR3,3.931539547171952e-05,4.300140748536598e-05,8.231680295708551e-05
27,P35,TNF,TNFRSF1A,TNF → TNFRSF1A,2.707621565402434e-05,0.00032891244615171084,0.00035598866180573517
27,P35,TNF,TNFRSF1B,TNF → TNFRSF1B,0.003937726249573193,1.0550690663013808e-05,0.003948276940236206
27,P35,TNFSF10,TNFRSF10A,TNFSF10 → TNFRSF10A,4.420467828408816e-06,1.314397120142013e-05,1.7564439029828947e-05
27,P35,TNFSF10,TNFRSF10B,TNFSF10 → TNFRSF10B,1.171442755815957e-05,0.00017476235062653312,0.0001864767781846927
27,P35,TNFSF10,TNFRSF10D,TNFSF10 → TNFRSF10D,6.003991806476098e-07,4.214277622500016e-05,4.274317540564777e-05
27,P35,TNFSF12,TNFRSF12A,TNFSF12 → TNFRSF12A,6.620136749314106e-06,2.934627388851979e-06,9.554764138166085e-06
27,P35,TNFSF12,TNFRSF25,TNFSF12 → TNFRSF25,0.0001368957702908719,6.753774918331934e-06,0.00014364954520920385
27,P35,TNFSF14,LTBR,TNFSF14 → LTBR,0.0009887478784584296,2.0583537289178117e-05,0.0010093314157476078
27,P35,TNFSF14,TNFRSF14,TNFSF14 → TNFRSF14,0.0008064455152442638,3.530847533859012e-06,0.0008099763627781229
27,P35,TNFSF4,TNFRSF4,TNFSF4 → TNFRSF4,8.50905180275299e-05,1.6177093659438905e-06,8.67082273934738e-05
27,P35,TNFSF9,TNFRSF9,TNFSF9 → TNFRSF9,0.00021678100254987644,4.301514899844277e-05,0.0002597961515483192
27,P35,VEGFA,NRP1,VEGFA → NRP1,0.00017375843607699302,0.00011993979686258353,0.00029369823293957654
27,P35,VEGFA,NRP2,VEGFA → NRP2,2.2359645379028014e-07,1.731908367854861e-05,1.754268013233889e-05
27,P35,VEGFB,NRP1,VEGFB → NRP1,0.00020677224726243257,2.53826926193803e-06,0.0002093105165243706
28,P4,BTLA,TNFRSF14,BTLA → TNFRSF14,0.0005052911577751723,0.0,0.0005052911577751723
28,P4,CCL2,CCR2,CCL2 → CCR2,0.0,0.0,0.0
28,P4,CCL3,CCR1,CCL3 → CCR1,0.0,0.007534783173319258,0.007534783173319258
28,P4,CCL3,CCR5,CCL3 → CCR5,0.0018657600817024932,0.005841295130013393,0.007707055211715886
28,P4,CCL3L1,CCR1,CCL3L1 → CCR1,0.0006684286789309004,0.0008138492602203052,0.0014822779391512057
28,P4,CCL4,CCR5,CCL4 → CCR5,0.0015669056279763326,0.00585924406914725,0.007426149697123583
28,P4,CCL5,CCR1,CCL5 → CCR1,0.0,0.04367670670158984,0.04367670670158984
28,P4,CCL5,CCR4,CCL5 → CCR4,6.148276287297658e-06,0.006157796470313604,0.006163944746600902
28,P4,CCL5,CCR5,CCL5 → CCR5,0.00045817450590345367,0.011453522540538476,0.011911697046441929
28,P4,CD274,PDCD1,CD274 → PDCD1,0.0016901736886532662,1.5380412518036645e-05,0.0017055541011713029
28,P4,CD40LG,CD40,CD40LG → CD40,3.0202327938146493e-05,0.0,3.0202327938146493e-05
28,P4,CD86,CD28,CD86 → CD28,0.0011696938755193112,1.4638712264500956e-06,0.0011711577467457613
28,P4,CD86,CTLA4,CD86 → CTLA4,0.0027034280659384807,0.0003902384696875861,0.0030936665356260666
28,P4,CSF1,CSF1R,CSF1 → CSF1R,0.0004681133241086233,4.3906455513555345e-05,0.0005120197796221786
28,P4,CXCL13,CXCR5,CXCL13 → CXCR5,1.5043535104962444e-05,0.0002429061607972821,0.00025794969590224457
28,P4,CXCL16,CXCR6,CXCL16 → CXCR6,0.0003544784034132,0.0001623029859136848,0.0005167813893268848
28,P4,CXCL2,DPP4,CXCL2 → DPP4,1.7873942174229768e-06,0.0,1.7873942174229768e-06
28,P4,FASLG,FAS,FASLG → FAS,0.0,4.934388417498039e-06,4.934388417498039e-06
28,P4,HLA-B,KIR3DL2,HLA-B → KIR3DL2,2.4359979959683847e-07,0.008203906056289054,0.008204149656088651
28,P4,HLA-C,KIR2DL3,HLA-C → KIR2DL3,7.404199060191656e-06,0.014739545127542471,0.014746949326602662
28,P4,HLA-E,KLRC1,HLA-E → KLRC1,8.489213621477424e-07,0.009871634523950207,0.009872483445312354
28,P4,HLA-E,KLRC2,HLA-E → KLRC2,0.0,0.011843076134870833,0.011843076134870833
28,P4,HLA-E,KLRK1,HLA-E → KLRK1,1.7647006929379544e-05,0.004811251249557411,0.004828898256486791
28,P4,HLA-F,KIR3DL2,HLA-F → KIR3DL2,5.619950598842135e-06,0.0024989724325494376,0.0025045923831482795
28,P4,HLA-F,LILRB1,HLA-F → LILRB1,0.00011666478992379436,0.022827027012036934,0.02294369180196073
28,P4,HLA-F,LILRB2,HLA-F → LILRB2,0.0004655945901125411,0.028464481428572174,0.028930076018684716
28,P4,HLA-G,LILRB1,HLA-G → LILRB1,0.00021690367434986624,0.007829194637650755,0.008046098312000621
28,P4,HLA-G,LILRB2,HLA-G → LILRB2,0.0005247640036405974,0.02089540232230685,0.021420166325947447
28,P4,ICAM1,ITGAL,ICAM1 → ITGAL,0.005911947087661676,0.00016866279698968023,0.006080609884651356
28,P4,ICOSLG,ICOS,ICOSLG → ICOS,0.00018910596156234034,0.0,0.00018910596156234034
28,P4,LGALS9,HAVCR2,LGALS9 → HAVCR2,0.008881972988457918,0.006297915336320871,0.01517988832477879
28,P4,LGALS9,P4HB,LGALS9 → P4HB,0.024871972562948742,0.0049687244929683475,0.02984069705591709
28,P4,LTA,TNFRSF14,LTA → TNFRSF14,0.00035856557610426074,0.0,0.00035856557610426074
28,P4,LTA,TNFRSF1A,LTA → TNFRSF1A,1.8132035879764914e-05,0.0,1.8132035879764914e-05
28,P4,LTA,TNFRSF1B,LTA → TNFRSF1B,0.001196579136130564,1.9227387631880633e-06,0.001198501874893752
28,P4,LTB,LTBR,LTB → LTBR,3.707628291008098e-05,0.0024118581025941955,0.0024489343855042763
28,P4,PVR,CD226,PVR → CD226,0.0,0.0,0.0
28,P4,PVR,CD96,PVR → CD96,0.0023063156035482806,0.0,0.0023063156035482806
28,P4,PVR,TIGIT,PVR → TIGIT,0.002005599382783664,0.0,0.002005599382783664
28,P4,SELPLG,SELL,SELPLG → SELL,0.0,0.002515386862642082,0.002515386862642082
28,P4,TGFB1,TGFBR3,TGFB1 → TGFBR3,7.53359848205693e-05,1.4717421123539426e-06,7.680772693292324e-05
28,P4,TNF,TNFRSF1A,TNF → TNFRSF1A,0.0007053420604547005,7.087887642634459e-05,0.0007762209368810451
28,P4,TNF,TNFRSF1B,TNF → TNFRSF1B,0.002553569695773806,6.013933925505532e-22,0.002553569695773806
28,P4,TNFSF10,TNFRSF10A,TNFSF10 → TNFRSF10A,0.0,0.00013060042060275432,0.00013060042060275432
28,P4,TNFSF10,TNFRSF10B,TNFSF10 → TNFRSF10B,4.911116121500953e-06,0.00014351197912053473,0.00014842309524203568
28,P4,TNFSF10,TNFRSF10D,TNFSF10 → TNFRSF10D,0.0,0.0,0.0
28,P4,TNFSF12,TNFRSF12A,TNFSF12 → TNFRSF12A,0.0,0.0,0.0
28,P4,TNFSF12,TNFRSF25,TNFSF12 → TNFRSF25,0.00014115705995665725,1.8697425470212065e-05,0.00015985448542686932
28,P4,TNFSF14,LTBR,TNFSF14 → LTBR,0.00046725384822026854,3.844375529804779e-05,0.0005056976035183163
28,P4,TNFSF14,TNFRSF14,TNFSF14 → TNFRSF14,0.0005122871611524236,2.876127269190846e-05,0.000541048433844332
28,P4,TNFSF4,TNFRSF4,TNFSF4 → TNFRSF4,9.504307883868595e-05,0.0,9.504307883868595e-05
28,P4,TNFSF9,TNFRSF9,TNFSF9 → TNFRSF9,2.6289630215558242e-05,2.7400085596618913e-05,5.368971581217716e-05
28,P4,VEGFA,NRP1,VEGFA → NRP1,3.932801812048268e-05,0.0,3.932801812048268e-05
28,P4,VEGFA,NRP2,VEGFA → NRP2,0.0,0.0,0.0
28,P4,VEGFB,NRP1,VEGFB → NRP1,0.00026611324022410916,6.192564752846065e-06,0.00027230580497695524
29,P5,BTLA,TNFRSF14,BTLA → TNFRSF14,0.0012811984806573036,4.452506736581961e-06,0.0012856509873938856
29,P5,CCL2,CCR2,CCL2 → CCR2,5.39696783048757e-05,1.1546381352241932e-06,5.512431644009989e-05
29,P5,CCL3,CCR1,CCL3 → CCR1,6.752095079910696e-05,0.005797582765448519,0.005865103716247625
29,P5,CCL3,CCR5,CCL3 → CCR5,0.002213732043491881,0.0030280453765690425,0.005241777420060923
29,P5,CCL3L1,CCR1,CCL3L1 → CCR1,0.00021244515720860637,0.0001282009324820782,0.00034064608969068457
29,P5,CCL4,CCR5,CCL4 → CCR5,0.008909105799385704,0.010627618391691183,0.01953672419107689
29,P5,CCL5,CCR1,CCL5 → CCR1,1.834906848597942e-05,0.06645203900607793,0.06647038807456392
29,P5,CCL5,CCR4,CCL5 → CCR4,9.006907649864964e-05,0.013234620560650143,0.013324689637148793
29,P5,CCL5,CCR5,CCL5 → CCR5,0.0012275802369714163,0.026557028677767488,0.027784608914738905
29,P5,CD274,PDCD1,CD274 → PDCD1,0.005353422739484402,7.546940299178255e-05,0.005428892142476184
29,P5,CD40LG,CD40,CD40LG → CD40,7.6850221389639e-06,1.1176909142299978e-05,1.8861931281263878e-05
29,P5,CD86,CD28,CD86 → CD28,0.0006629453450751777,0.00019109088844752016,0.0008540362335226979
29,P5,CD86,CTLA4,CD86 → CTLA4,0.003568904254596544,0.00027208610910229317,0.003840990363698837
29,P5,CSF1,CSF1R,CSF1 → CSF1R,0.0007841599467986514,4.039964041864245e-05,0.0008245595872172939
29,P5,CXCL13,CXCR5,CXCL13 → CXCR5,4.439701999834678e-06,0.0011859734933507538,0.0011904131953505885
29,P5,CXCL16,CXCR6,CXCL16 → CXCR6,0.0009814268875367796,0.00021810779946566393,0.0011995346870024436
29,P5,CXCL2,DPP4,CXCL2 → DPP4,2.1357794284758753e-05,2.7522760046247203e-06,2.4110070289383473e-05
29,P5,FASLG,FAS,FASLG → FAS,0.0005326300206746989,2.9856609698450394e-05,0.0005624866303731492
29,P5,HLA-B,KIR3DL2,HLA-B → KIR3DL2,1.352318735058967e-05,0.012552215420289323,0.012565738607639912
29,P5,HLA-C,KIR2DL3,HLA-C → KIR2DL3,1.3053038605441749e-06,0.043958733357282016,0.04396003866114256
29,P5,HLA-E,KLRC1,HLA-E → KLRC1,5.5989853568968635e-05,0.015608607523722845,0.015664597377291815
29,P5,HLA-E,KLRC2,HLA-E → KLRC2,2.3523334099604456e-05,0.03124613803498336,0.03126966136908296
29,P5,HLA-E,KLRK1,HLA-E → KLRK1,0.0007198857570228255,0.026178662335416655,0.02689854809243948
29,P5,HLA-F,KIR3DL2,HLA-F → KIR3DL2,3.790217038573972e-06,0.002899679929713473,0.0029034701467520467
29,P5,HLA-F,LILRB1,HLA-F → LILRB1,6.653876487274943e-05,0.003997314847718322,0.004063853612591071
29,P5,HLA-F,LILRB2,HLA-F → LILRB2,0.00016348786824149669,0.02942126556912017,0.029584753437361666
29,P5,HLA-G,LILRB1,HLA-G → LILRB1,3.5657165037757936e-05,0.0022378105498428447,0.0022734677148806026
29,P5,HLA-G,LILRB2,HLA-G → LILRB2,0.0005168352062123891,0.026423945638506495,0.026940780844718883
29,P5,ICAM1,ITGAL,ICAM1 → ITGAL,0.0026458366144497597,9.728942008365709e-05,0.0027431260345334167
29,P5,ICOSLG,ICOS,ICOSLG → ICOS,0.00045461376912730853,1.1437169225127954e-05,0.00046605093835243647
29,P5,LGALS9,HAVCR2,LGALS9 → HAVCR2,0.0028219214109601863,0.006794663592312243,0.00961658500327243
29,P5,LGALS9,P4HB,LGALS9 → P4HB,0.012135449138108307,0.0028071763841867456,0.014942625522295052
29,P5,LTA,TNFRSF14,LTA → TNFRSF14,0.0005778120402935127,5.169421697685688e-06,0.0005829814619911984
29,P5,LTA,TNFRSF1A,LTA → TNFRSF1A,3.385722709725271e-05,3.822693482034379e-05,7.20841619175965e-05
29,P5,LTA,TNFRSF1B,LTA → TNFRSF1B,0.0010837950720727306,2.7355182827238048e-05,0.0011111502548999687
29,P5,LTB,LTBR,LTB → LTBR,7.54798133538671e-05,0.003235534798601467,0.003311014611955334
29,P5,PVR,CD226,PVR → CD226,9.922878768046456e-05,0.0,9.922878768046456e-05
29,P5,PVR,CD96,PVR → CD96,0.010267684223320452,1.1745455947919267e-05,0.01027942967926837
29,P5,PVR,TIGIT,PVR → TIGIT,0.009473604170236873,3.16163052955184e-06,0.009476765800766425
29,P5,SELPLG,SELL,SELPLG → SELL,0.0002759988602497105,0.0011930945028245487,0.0014690933630742593
29,P5,TGFB1,TGFBR3,TGFB1 → TGFBR3,0.00016656951591830844,2.168421269413921e-05,0.00018825372861244765
29,P5,TNF,TNFRSF1A,TNF → TNFRSF1A,0.0002860404614170812,0.00021535235368079072,0.0005013928150978719
29,P5,TNF,TNFRSF1B,TNF → TNFRSF1B,0.0031564021494494185,5.813659236508458e-05,0.0032145387418145033
29,P5,TNFSF10,TNFRSF10A,TNFSF10 → TNFRSF10A,5.421582707157306e-06,2.359523439102415e-05,2.9016817098181455e-05
29,P5,TNFSF10,TNFRSF10B,TNFSF10 → TNFRSF10B,2.078069116223141e-05,0.00013907439324111398,0.00015985508440334538
29,P5,TNFSF10,TNFRSF10D,TNFSF10 → TNFRSF10D,1.66134132489096e-05,0.0003584825094799687,0.0003750959227288783
29,P5,TNFSF12,TNFRSF12A,TNFSF12 → TNFRSF12A,6.883088184403101e-06,0.0,6.883088184403101e-06
29,P5,TNFSF12,TNFRSF25,TNFSF12 → TNFRSF25,0.00028072268008330235,3.448607047078525e-05,0.0003152087505540876
29,P5,TNFSF14,LTBR,TNFSF14 → LTBR,0.00029815513719192604,7.212029746214471e-05,0.00037027543465407075
29,P5,TNFSF14,TNFRSF14,TNFSF14 → TNFRSF14,0.002151803732276557,4.561466700147133e-05,0.002197418399278028
29,P5,TNFSF4,TNFRSF4,TNFSF4 → TNFRSF4,0.0012782090015669614,4.464816803022748e-06,0.0012826738183699842
29,P5,TNFSF9,TNFRSF9,TNFSF9 → TNFRSF9,0.0005513874240499801,0.00022691190908679447,0.0007782993331367746
29,P5,VEGFA,NRP1,VEGFA → NRP1,0.0001385173532062965,1.5442447654968543e-05,0.00015395980086126503
29,P5,VEGFA,NRP2,VEGFA → NRP2,2.0591368283223203e-05,2.5900562521968963e-05,4.6491930805192166e-05
29,P5,VEGFB,NRP1,VEGFB → NRP1,0.0006683956745408043,3.308239747971367e-05,0.000701478072020518
30,P6,BTLA,TNFRSF14,BTLA → TNFRSF14,0.00012019131017132927,0.00011358043725340874,0.000233771747424738
30,P6,CCL2,CCR2,CCL2 → CCR2,1.9766456885352197e-05,0.0,1.9766456885352197e-05
30,P6,CCL3,CCR1,CCL3 → CCR1,0.0001978631851265412,0.008466399381761724,0.008664262566888264
30,P6,CCL3,CCR5,CCL3 → CCR5,0.0029891117524230527,0.007065708413891794,0.010054820166314846
30,P6,CCL3L1,CCR1,CCL3L1 → CCR1,0.0006921386996834248,0.000464004865215223,0.001156143564898648
30,P6,CCL4,CCR5,CCL4 → CCR5,0.002940540495702975,0.008477281644494475,0.01141782214019745
30,P6,CCL5,CCR1,CCL5 → CCR1,0.0005322131973287157,0.048505128788720604,0.04903734198604932
30,P6,CCL5,CCR4,CCL5 → CCR4,0.0,0.006727046431703516,0.006727046431703516
30,P6,CCL5,CCR5,CCL5 → CCR5,0.0003246423410816645,0.014973529695858776,0.01529817203694044
30,P6,CD274,PDCD1,CD274 → PDCD1,0.002032545472546791,0.0,0.002032545472546791
30,P6,CD40LG,CD40,CD40LG → CD40,0.0003291661682807238,0.0,0.0003291661682807238
30,P6,CD86,CD28,CD86 → CD28,0.00038511905719524627,1.1819440179520595e-05,0.00039693849737476686
30,P6,CD86,CTLA4,CD86 → CTLA4,0.003442555811227422,0.00046746094013401437,0.003910016751361436
30,P6,CSF1,CSF1R,CSF1 → CSF1R,0.001328721055503842,9.859085089690407e-05,0.001427311906400746
30,P6,CXCL13,CXCR5,CXCL13 → CXCR5,1.7699651975763167e-05,0.00033654475998378834,0.0003542444119595515
30,P6,CXCL16,CXCR6,CXCL16 → CXCR6,0.0004066718559383705,0.00012623725001520653,0.0005329091059535771
30,P6,CXCL2,DPP4,CXCL2 → DPP4,0.0,4.896939396752784e-06,4.896939396752784e-06
30,P6,FASLG,FAS,FASLG → FAS,0.0,0.0,0.0
30,P6,HLA-B,KIR3DL2,HLA-B → KIR3DL2,5.772788356528373e-07,0.03809643851637399,0.03809701579520964
30,P6,HLA-C,KIR2DL3,HLA-C → KIR2DL3,0.0,0.03085921844529577,0.03085921844529577
30,P6,HLA-E,KLRC1,HLA-E → KLRC1,2.6985108624707865e-05,0.011657892094591778,0.011684877203216487
30,P6,HLA-E,KLRC2,HLA-E → KLRC2,9.221394825702907e-06,0.019510140508777588,0.019519361903603292
30,P6,HLA-E,KLRK1,HLA-E → KLRK1,1.1436138695949293e-05,0.007076199049818676,0.007087635188514625
30,P6,HLA-F,KIR3DL2,HLA-F → KIR3DL2,1.831583555838425e-05,0.007995653536425017,0.008013969371983402
30,P6,HLA-F,LILRB1,HLA-F → LILRB1,0.00023265168673454933,0.012249235627115017,0.012481887313849567
30,P6,HLA-F,LILRB2,HLA-F → LILRB2,0.0002060502857622512,0.04172085865089226,0.04192690893665452
30,P6,HLA-G,LILRB1,HLA-G → LILRB1,0.00022596789630483709,0.008944519568037618,0.009170487464342455
30,P6,HLA-G,LILRB2,HLA-G → LILRB2,6.0282743658384685e-05,0.03521691280239041,0.035277195546048794
30,P6,ICAM1,ITGAL,ICAM1 → ITGAL,0.005890216290009669,0.00023157595097053323,0.006121792240980203
30,P6,ICOSLG,ICOS,ICOSLG → ICOS,0.00030518002620647406,0.0,0.00030518002620647406
30,P6,LGALS9,HAVCR2,LGALS9 → HAVCR2,0.00938285714326357,0.008533925795842107,0.017916782939105678
30,P6,LGALS9,P4HB,LGALS9 → P4HB,0.027674615514850207,0.005637325373755589,0.0333119408886058
30,P6,LTA,TNFRSF14,LTA → TNFRSF14,0.00020302915269679227,9.102099595312929e-06,0.0002121312522921052
30,P6,LTA,TNFRSF1A,LTA → TNFRSF1A,0.0,1.4648940154219793e-05,1.4648940154219793e-05
30,P6,LTA,TNFRSF1B,LTA → TNFRSF1B,0.0010073679983771877,1.0112758966467096e-05,0.0010174807573436549
30,P6,LTB,LTBR,LTB → LTBR,0.0005273327748389916,0.0036585896558913446,0.004185922430730336
30,P6,PVR,CD226,PVR → CD226,0.0,0.0,0.0
30,P6,PVR,CD96,PVR → CD96,0.004250559949433704,0.0,0.004250559949433704
30,P6,PVR,TIGIT,PVR → TIGIT,0.004859828969206241,0.0,0.004859828969206241
30,P6,SELPLG,SELL,SELPLG → SELL,7.183832503591321e-05,0.0011966280635238185,0.0012684663885597317
30,P6,TGFB1,TGFBR3,TGFB1 → TGFBR3,5.791221159448419e-06,6.921567535060013e-07,6.483377912954421e-06
30,P6,TNF,TNFRSF1A,TNF → TNFRSF1A,0.000710731597590548,0.00013026685019510624,0.0008409984477856543
30,P6,TNF,TNFRSF1B,TNF → TNFRSF1B,0.0018661717224611196,0.0,0.0018661717224611196
30,P6,TNFSF10,TNFRSF10A,TNFSF10 → TNFRSF10A,3.80162647361946e-06,1.35250547470011e-05,1.732668122062056e-05
30,P6,TNFSF10,TNFRSF10B,TNFSF10 → TNFRSF10B,0.0,8.248637848614128e-05,8.248637848614128e-05
30,P6,TNFSF10,TNFRSF10D,TNFSF10 → TNFRSF10D,0.0,0.00011350171588833816,0.00011350171588833816
30,P6,TNFSF12,TNFRSF12A,TNFSF12 → TNFRSF12A,0.0,0.0,0.0
30,P6,TNFSF12,TNFRSF25,TNFSF12 → TNFRSF25,3.339787055243772e-05,6.864552228455527e-06,4.026242278089325e-05
30,P6,TNFSF14,LTBR,TNFSF14 → LTBR,7.267201579656425e-05,0.0,7.267201579656425e-05
30,P6,TNFSF14,TNFRSF14,TNFSF14 → TNFRSF14,0.0008671583384104157,0.0,0.0008671583384104157
30,P6,TNFSF4,TNFRSF4,TNFSF4 → TNFRSF4,0.00010764338677462117,6.932645097325985e-06,0.00011457603187194716
30,P6,TNFSF9,TNFRSF9,TNFSF9 → TNFRSF9,0.0002568485975782352,7.944021041671023e-05,0.00033628880799494544
30,P6,VEGFA,NRP1,VEGFA → NRP1,0.0005545220906443682,0.0,0.0005545220906443682
30,P6,VEGFA,NRP2,VEGFA → NRP2,0.0,0.0,0.0
30,P6,VEGFB,NRP1,VEGFB → NRP1,0.00029790786712216436,0.0,0.00029790786712216436
31,P7,BTLA,TNFRSF14,BTLA → TNFRSF14,0.0046432684319920444,0.0012743582039402982,0.005917626635932343
31,P7,CCL2,CCR2,CCL2 → CCR2,0.0005599940459694876,2.7005098331178025e-05,0.0005869991443006656
31,P7,CCL3,CCR1,CCL3 → CCR1,0.00051128271752126,0.010603815426156661,0.01111509814367792
31,P7,CCL3,CCR5,CCL3 → CCR5,0.003408172630368246,0.0051344634276102264,0.008542636057978472
31,P7,CCL3L1,CCR1,CCL3L1 → CCR1,0.0004381922568944771,0.0005566599681593343,0.0009948522250538114
31,P7,CCL4,CCR5,CCL4 → CCR5,0.0030113358603243517,0.009174510584235534,0.012185846444559886
31,P7,CCL5,CCR1,CCL5 → CCR1,0.0001741445800387405,0.07059553234733146,0.0707696769273702
31,P7,CCL5,CCR4,CCL5 → CCR4,0.00017212874424773762,0.004080698623929762,0.0042528273681775
31,P7,CCL5,CCR5,CCL5 → CCR5,0.0011151971484215518,0.01982953835129136,0.020944735499712912
31,P7,CD274,PDCD1,CD274 → PDCD1,0.006213655936420986,0.00016265463022413132,0.006376310566645118
31,P7,CD40LG,CD40,CD40LG → CD40,0.00022643897464539675,8.633748063847072e-05,0.0003127764552838675
31,P7,CD86,CD28,CD86 → CD28,0.0007357227457083191,0.0004911905711323683,0.0012269133168406874
31,P7,CD86,CTLA4,CD86 → CTLA4,0.002269341454635741,0.0003880274826311272,0.0026573689372668685
31,P7,CSF1,CSF1R,CSF1 → CSF1R,0.0012640486773362076,0.00020267199065768303,0.0014667206679938906
31,P7,CXCL13,CXCR5,CXCL13 → CXCR5,0.0003455156437500011,0.0007660834664696596,0.0011115991102196607
31,P7,CXCL16,CXCR6,CXCL16 → CXCR6,0.0002797722366838067,0.00038475343756804706,0.0006645256742518538
31,P7,CXCL2,DPP4,CXCL2 → DPP4,0.00025130107042466247,0.00015004294187722617,0.00040134401230188866
31,P7,FASLG,FAS,FASLG → FAS,0.0007097560871701227,0.00010534486459599763,0.0008151009517661203
31,P7,HLA-B,KIR3DL2,HLA-B → KIR3DL2,0.0001264454982447241,0.01248021221583224,0.012606657714076965
31,P7,HLA-C,KIR2DL3,HLA-C → KIR2DL3,2.8174419119176253e-05,0.031093664826439073,0.03112183924555825
31,P7,HLA-E,KLRC1,HLA-E → KLRC1,7.827392542437156e-05,0.023143629203954772,0.023221903129379145
31,P7,HLA-E,KLRC2,HLA-E → KLRC2,5.743167402984267e-05,0.01547651711719772,0.015533948791227563
31,P7,HLA-E,KLRK1,HLA-E → KLRK1,0.0016422400713179705,0.02786442730104012,0.029506667372358093
31,P7,HLA-F,KIR3DL2,HLA-F → KIR3DL2,7.635935315875451e-05,0.011741614557950633,0.011817973911109387
31,P7,HLA-F,LILRB1,HLA-F → LILRB1,0.0001571409607292898,0.008196060552566714,0.008353201513296004
31,P7,HLA-F,LILRB2,HLA-F → LILRB2,0.00032517709882418886,0.07675951726370822,0.07708469436253242
31,P7,HLA-G,LILRB1,HLA-G → LILRB1,0.00010553061251680774,0.006133184217444672,0.00623871482996148
31,P7,HLA-G,LILRB2,HLA-G → LILRB2,0.0009980178880455112,0.039932419506533506,0.040930437394579015
31,P7,ICAM1,ITGAL,ICAM1 → ITGAL,0.006555848937824659,0.0011870580403072343,0.007742906978131893
31,P7,ICOSLG,ICOS,ICOSLG → ICOS,0.0008412258947097237,9.226383612146568e-05,0.0009334897308311893
31,P7,LGALS9,HAVCR2,LGALS9 → HAVCR2,0.010349947770805655,0.015697877961957662,0.02604782573276332
31,P7,LGALS9,P4HB,LGALS9 → P4HB,0.010188740423384999,0.002178944728795777,0.012367685152180776
31,P7,LTA,TNFRSF14,LTA → TNFRSF14,0.0042290698303782195,0.00020865905703841767,0.004437728887416637
31,P7,LTA,TNFRSF1A,LTA → TNFRSF1A,0.0004120232358882053,0.00017590069453627964,0.0005879239304244849
31,P7,LTA,TNFRSF1B,LTA → TNFRSF1B,0.002454822107917596,6.970757380262426e-05,0.0025245296817202204
31,P7,LTB,LTBR,LTB → LTBR,0.00010868202036308725,0.004581206784148218,0.004689888804511305
31,P7,PVR,CD226,PVR → CD226,0.00028946759612305436,4.1125386969084804e-05,0.00033059298309213916
31,P7,PVR,CD96,PVR → CD96,0.016693419599609922,1.1802413172543682e-05,0.016705222012782465
31,P7,PVR,TIGIT,PVR → TIGIT,0.008056042942220168,4.666442346120314e-06,0.008060709384566288
31,P7,SELPLG,SELL,SELPLG → SELL,0.002530617645319124,0.005497966098568754,0.008028583743887877
31,P7,TGFB1,TGFBR3,TGFB1 → TGFBR3,0.0004128264297117182,0.0005712658672146945,0.0009840922969264127
31,P7,TNF,TNFRSF1A,TNF → TNFRSF1A,0.003775717497729972,0.0033814204755207157,0.0071571379732506876
31,P7,TNF,TNFRSF1B,TNF → TNFRSF1B,0.007916564648890899,0.0009057530950769201,0.00882231774396782
31,P7,TNFSF10,TNFRSF10A,TNFSF10 → TNFRSF10A,0.00014091795868131086,0.00019841612636442463,0.0003393340850457355
31,P7,TNFSF10,TNFRSF10B,TNFSF10 → TNFRSF10B,0.00022155943169346954,0.0004960882492491879,0.0007176476809426575
31,P7,TNFSF10,TNFRSF10D,TNFSF10 → TNFRSF10D,3.147204996508744e-05,0.0003221015004994424,0.00035357355046452985
31,P7,TNFSF12,TNFRSF12A,TNFSF12 → TNFRSF12A,1.866076343088316e-05,2.223433761213597e-05,4.089510104301913e-05
31,P7,TNFSF12,TNFRSF25,TNFSF12 → TNFRSF25,0.0011123239008336107,8.244407007377979e-05,0.0011947679709073905
31,P7,TNFSF14,LTBR,TNFSF14 → LTBR,0.0005850731249587442,9.346700604513242e-05,0.0006785401310038766
31,P7,TNFSF14,TNFRSF14,TNFSF14 → TNFRSF14,0.005051320229644747,0.00027015950165894655,0.005321479731303694
31,P7,TNFSF4,TNFRSF4,TNFSF4 → TNFRSF4,0.0005095195403697315,8.049883469384867e-05,0.0005900183750635802
31,P7,TNFSF9,TNFRSF9,TNFSF9 → TNFRSF9,0.0006913466285178774,0.00039015369926110563,0.001081500327778983
31,P7,VEGFA,NRP1,VEGFA → NRP1,0.00030770565634631727,0.0002505097557642279,0.0005582154121105452
31,P7,VEGFA,NRP2,VEGFA → NRP2,3.9619146349284804e-05,0.00034742588784692836,0.00038704503419621317
31,P7,VEGFB,NRP1,VEGFB → NRP1,0.0003384186836706665,8.46895550129624e-05,0.0004231082386836289
32,P8,BTLA,TNFRSF14,BTLA → TNFRSF14,0.0024969445074907895,7.82864862357838e-06,0.002504773156114368
32,P8,CCL2,CCR2,CCL2 → CCR2,7.702406635361187e-05,2.804951113758492e-06,7.982901746737036e-05
32,P8,CCL3,CCR1,CCL3 → CCR1,0.00011579705721161391,0.004602278584383066,0.00471807564159468
32,P8,CCL3,CCR5,CCL3 → CCR5,0.002560519400743537,0.0032019268930568792,0.005762446293800416
32,P8,CCL3L1,CCR1,CCL3L1 → CCR1,0.0004887694032846551,0.0005005833759541148,0.00098935277923877
32,P8,CCL4,CCR5,CCL4 → CCR5,0.0011486056812890647,0.0054463563668739135,0.006594962048162978
32,P8,CCL5,CCR1,CCL5 → CCR1,0.0001794626534593362,0.03610492950036671,0.03628439215382604
32,P8,CCL5,CCR4,CCL5 → CCR4,7.809143732705418e-06,0.005044628649997588,0.005052437793730293
32,P8,CCL5,CCR5,CCL5 → CCR5,0.0003031737262200883,0.008356473054364533,0.008659646780584621
32,P8,CD274,PDCD1,CD274 → PDCD1,0.0014611035246472656,3.2181618555229897e-06,0.0014643216865027886
32,P8,CD40LG,CD40,CD40LG → CD40,1.504301824442545e-05,4.5353702069232304e-05,6.0396720313657756e-05
32,P8,CD86,CD28,CD86 → CD28,0.0010968235759311344,1.498727787889275e-05,0.0011118108538100272
32,P8,CD86,CTLA4,CD86 → CTLA4,0.0015713117587743976,6.552817371495628e-05,0.001636839932489354
32,P8,CSF1,CSF1R,CSF1 → CSF1R,0.001074771057332972,0.0002478923823012368,0.0013226634396342088
32,P8,CXCL13,CXCR5,CXCL13 → CXCR5,0.00019949690809987442,0.00045612752300379,0.0006556244311036644
32,P8,CXCL16,CXCR6,CXCL16 → CXCR6,0.00023893861898255681,4.1818697434969394e-05,0.0002807573164175262
32,P8,CXCL2,DPP4,CXCL2 → DPP4,3.3393627745829073e-06,0.0001736550359510761,0.000176994398725659
32,P8,FASLG,FAS,FASLG → FAS,0.00011566999562509957,1.3338057691178057e-06,0.00011700380139421738
32,P8,HLA-B,KIR3DL2,HLA-B → KIR3DL2,3.2524929458980746e-06,0.0814467561661095,0.0814500086590554
32,P8,HLA-C,KIR2DL3,HLA-C → KIR2DL3,1.162304419421706e-05,0.02002480645134726,0.020036429495541477
32,P8,HLA-E,KLRC1,HLA-E → KLRC1,0.00016218021323618101,0.02414362005779378,0.02430580027102996
32,P8,HLA-E,KLRC2,HLA-E → KLRC2,5.709237248405717e-06,0.05113898755579154,0.05114469679303995
32,P8,HLA-E,KLRK1,HLA-E → KLRK1,0.00031611817677547306,0.01718357990897594,0.017499698085751414
32,P8,HLA-F,KIR3DL2,HLA-F → KIR3DL2,2.3617667980485416e-05,0.025273708125590492,0.02529732579357098
32,P8,HLA-F,LILRB1,HLA-F → LILRB1,4.0850875799307605e-05,0.0024313309347952956,0.002472181810594603
32,P8,HLA-F,LILRB2,HLA-F → LILRB2,0.0006544894505130749,0.07770877042111288,0.07836325987162596
32,P8,HLA-G,LILRB1,HLA-G → LILRB1,6.525760997094901e-05,0.004234606683885322,0.0042998642938562705
32,P8,HLA-G,LILRB2,HLA-G → LILRB2,0.0008305519466720696,0.04882878202854831,0.049659333975220384
32,P8,ICAM1,ITGAL,ICAM1 → ITGAL,0.005316932677120732,0.00012004439175727085,0.005436977068878002
32,P8,ICOSLG,ICOS,ICOSLG → ICOS,0.001864937236840996,4.258256255379581e-05,0.0019075197993947918
32,P8,LGALS9,HAVCR2,LGALS9 → HAVCR2,0.00960140119278379,0.008838087408527413,0.018439488601311203
32,P8,LGALS9,P4HB,LGALS9 → P4HB,0.01138982535622742,0.0008204027453827851,0.012210228101610205
32,P8,LTA,TNFRSF14,LTA → TNFRSF14,0.000565181687040291,4.617152111907317e-07,0.0005656434022514817
32,P8,LTA,TNFRSF1A,LTA → TNFRSF1A,5.199042698901028e-05,4.0716145974740977e-05,9.270657296375125e-05
32,P8,LTA,TNFRSF1B,LTA → TNFRSF1B,0.0007353204253587155,2.78988235058953e-05,0.0007632192488646108
32,P8,LTB,LTBR,LTB → LTBR,0.00013238644572144965,0.0034703745990645133,0.003602761044785963
32,P8,PVR,CD226,PVR → CD226,2.720565578346313e-05,1.8676803166741905e-06,2.9073336100137323e-05
32,P8,PVR,CD96,PVR → CD96,0.0016244262380975666,0.0,0.0016244262380975666
32,P8,PVR,TIGIT,PVR → TIGIT,0.0011206621786685285,0.0,0.0011206621786685285
32,P8,SELPLG,SELL,SELPLG → SELL,0.0006655194037823135,0.004033319971910362,0.0046988393756926755
32,P8,TGFB1,TGFBR3,TGFB1 → TGFBR3,0.00015196500366160138,8.78558141566823e-05,0.00023982081781828368
32,P8,TNF,TNFRSF1A,TNF → TNFRSF1A,0.00015505088719042803,0.0004392358378056918,0.0005942867249961199
32,P8,TNF,TNFRSF1B,TNF → TNFRSF1B,0.0003103609184861164,0.00015179476832530514,0.00046215568681142155
32,P8,TNFSF10,TNFRSF10A,TNFSF10 → TNFRSF10A,2.8631382988731746e-05,0.0001420662120406237,0.00017069759502935547
32,P8,TNFSF10,TNFRSF10B,TNFSF10 → TNFRSF10B,9.851254479366757e-05,0.0004499432544065652,0.0005484557992002328
32,P8,TNFSF10,TNFRSF10D,TNFSF10 → TNFRSF10D,2.572808756882e-06,0.0003059941717145186,0.0003085669804714006
32,P8,TNFSF12,TNFRSF12A,TNFSF12 → TNFRSF12A,7.695582104576391e-05,4.555382883229553e-07,7.741135933408687e-05
32,P8,TNFSF12,TNFRSF25,TNFSF12 → TNFRSF25,0.0001941644790921579,5.2144843351066215e-05,0.00024630932244322414
32,P8,TNFSF14,LTBR,TNFSF14 → LTBR,0.00025128176542706907,9.835298374098967e-05,0.00034963474916805873
32,P8,TNFSF14,TNFRSF14,TNFSF14 → TNFRSF14,0.0021792779419973598,0.00015438233194656954,0.002333660273943929
32,P8,TNFSF4,TNFRSF4,TNFSF4 → TNFRSF4,0.00010922749704488602,3.922358365428914e-06,0.00011314985541031494
32,P8,TNFSF9,TNFRSF9,TNFSF9 → TNFRSF9,9.334608002859272e-05,0.00013283277109954166,0.0002261788511281344
32,P8,VEGFA,NRP1,VEGFA → NRP1,0.000294013485304774,3.7127948511586154e-05,0.00033114143381636013
32,P8,VEGFA,NRP2,VEGFA → NRP2,1.3360155082510336e-06,1.2948359969253124e-05,1.4284375477504158e-05
32,P8,VEGFB,NRP1,VEGFB → NRP1,0.00022699027484706356,4.474147490484221e-06,0.0002314644223375478
