fold,held_patient,patient_id,sample_id,true_label,cell_probability,cell_pred
1,P1,P1,Pre_P1,1,0.5164862275123596,1
1,P1,P1,Pre_P1,1,0.5954294800758362,1
1,P1,P1,Pre_P1,1,0.547400951385498,1
1,P1,P1,Pre_P1,1,0.44678717851638794,0
1,P1,P1,Pre_P1,1,0.48361045122146606,0
1,P1,P1,Pre_P1,1,0.44284194707870483,0
1,P1,P1,Pre_P1,1,0.5958433747291565,1
1,P1,P1,Pre_P1,1,0.4725339412689209,0
1,P1,P1,Pre_P1,1,0.5522228479385376,1
1,P1,P1,Pre_P1,1,0.3900718092918396,0
1,P1,P1,Pre_P1,1,0.3848755359649658,0
1,P1,P1,Pre_P1,1,0.5079315304756165,1
1,P1,P1,Pre_P1,1,0.48935261368751526,0
1,P1,P1,Pre_P1,1,0.5348556637763977,1
1,P1,P1,Pre_P1,1,0.4662855267524719,0
1,P1,P1,Pre_P1,1,0.4447261691093445,0
1,P1,P1,Pre_P1,1,0.4791114032268524,0
1,P1,P1,Pre_P1,1,0.3866202235221863,0
1,P1,P1,Pre_P1,1,0.5015575289726257,1
1,P1,P1,Pre_P1,1,0.6059837937355042,1
1,P1,P1,Pre_P1,1,0.4261820912361145,0
1,P1,P1,Pre_P1,1,0.5455345511436462,1
1,P1,P1,Pre_P1,1,0.4158320426940918,0
1,P1,P1,Pre_P1,1,0.47353649139404297,0
1,P1,P1,Pre_P1,1,0.5056288838386536,1
1,P1,P1,Pre_P1,1,0.586958110332489,1
1,P1,P1,Pre_P1,1,0.45735839009284973,0
1,P1,P1,Pre_P1,1,0.4071926474571228,0
1,P1,P1,Pre_P1,1,0.5918752551078796,1
1,P1,P1,Pre_P1,1,0.49189886450767517,0
1,P1,P1,Pre_P1,1,0.48049166798591614,0
1,P1,P1,Pre_P1,1,0.5748263001441956,1
1,P1,P1,Pre_P1,1,0.45830821990966797,0
1,P1,P1,Pre_P1,1,0.5726420283317566,1
1,P1,P1,Pre_P1,1,0.40351876616477966,0
1,P1,P1,Pre_P1,1,0.5779032111167908,1
1,P1,P1,Pre_P1,1,0.4042922556400299,0
1,P1,P1,Pre_P1,1,0.4636625647544861,0
1,P1,P1,Pre_P1,1,0.53798508644104,1
1,P1,P1,Pre_P1,1,0.4606717526912689,0
1,P1,P1,Pre_P1,1,0.5742281675338745,1
1,P1,P1,Pre_P1,1,0.4891725182533264,0
1,P1,P1,Pre_P1,1,0.40406617522239685,0
1,P1,P1,Pre_P1,1,0.41131919622421265,0
1,P1,P1,Pre_P1,1,0.4072469174861908,0
1,P1,P1,Pre_P1,1,0.5432286858558655,1
1,P1,P1,Pre_P1,1,0.47863587737083435,0
1,P1,P1,Pre_P1,1,0.5571725964546204,1
1,P1,P1,Pre_P1,1,0.4705408811569214,0
1,P1,P1,Pre_P1,1,0.4124614894390106,0
1,P1,P1,Pre_P1,1,0.48838725686073303,0
1,P1,P1,Pre_P1,1,0.4043792486190796,0
1,P1,P1,Pre_P1,1,0.48148366808891296,0
1,P1,P1,Pre_P1,1,0.37537524104118347,0
1,P1,P1,Pre_P1,1,0.5203115940093994,1
1,P1,P1,Pre_P1,1,0.4057510793209076,0
1,P1,P1,Pre_P1,1,0.5307595133781433,1
1,P1,P1,Pre_P1,1,0.4201815128326416,0
1,P1,P1,Pre_P1,1,0.5421585440635681,1
1,P1,P1,Pre_P1,1,0.39764630794525146,0
1,P1,P1,Pre_P1,1,0.4987514317035675,0
1,P1,P1,Pre_P1,1,0.5997229218482971,1
1,P1,P1,Pre_P1,1,0.5540727972984314,1
1,P1,P1,Pre_P1,1,0.5717313289642334,1
1,P1,P1,Pre_P1,1,0.49919378757476807,0
1,P1,P1,Pre_P1,1,0.3563254177570343,0
1,P1,P1,Pre_P1,1,0.5433304309844971,1
1,P1,P1,Pre_P1,1,0.5288422107696533,1
1,P1,P1,Pre_P1,1,0.5865969061851501,1
1,P1,P1,Pre_P1,1,0.6083444356918335,1
1,P1,P1,Pre_P1,1,0.5514249205589294,1
1,P1,P1,Pre_P1,1,0.4362490177154541,0
1,P1,P1,Pre_P1,1,0.4226478040218353,0
1,P1,P1,Pre_P1,1,0.5696328282356262,1
1,P1,P1,Pre_P1,1,0.5348466038703918,1
1,P1,P1,Pre_P1,1,0.526185929775238,1
1,P1,P1,Pre_P1,1,0.4544674754142761,0
1,P1,P1,Pre_P1,1,0.47139033675193787,0
1,P1,P1,Pre_P1,1,0.4392326772212982,0
1,P1,P1,Pre_P1,1,0.41877150535583496,0
1,P1,P1,Pre_P1,1,0.44740167260169983,0
1,P1,P1,Pre_P1,1,0.4130038022994995,0
1,P1,P1,Pre_P1,1,0.4628993272781372,0
1,P1,P1,Pre_P1,1,0.4118472933769226,0
1,P1,P1,Pre_P1,1,0.49455079436302185,0
1,P1,P1,Pre_P1,1,0.5469046831130981,1
1,P1,P1,Pre_P1,1,0.5108323097229004,1
1,P1,P1,Pre_P1,1,0.4820276200771332,0
1,P1,P1,Pre_P1,1,0.6091747283935547,1
1,P1,P1,Pre_P1,1,0.528871476650238,1
1,P1,P1,Pre_P1,1,0.5636804103851318,1
1,P1,P1,Pre_P1,1,0.5025357007980347,1
1,P1,P1,Pre_P1,1,0.422518253326416,0
1,P1,P1,Pre_P1,1,0.44483548402786255,0
1,P1,P1,Pre_P1,1,0.45977747440338135,0
1,P1,P1,Pre_P1,1,0.3675258755683899,0
1,P1,P1,Pre_P1,1,0.5345341563224792,1
1,P1,P1,Pre_P1,1,0.43988052010536194,0
1,P1,P1,Pre_P1,1,0.4659412205219269,0
1,P1,P1,Pre_P1,1,0.4646885097026825,0
1,P1,P1,Pre_P1,1,0.5786455869674683,1
1,P1,P1,Pre_P1,1,0.5712622404098511,1
1,P1,P1,Pre_P1,1,0.5519188642501831,1
1,P1,P1,Pre_P1,1,0.5386782288551331,1
1,P1,P1,Pre_P1,1,0.3897576332092285,0
1,P1,P1,Pre_P1,1,0.5014915466308594,1
1,P1,P1,Pre_P1,1,0.46000534296035767,0
1,P1,P1,Pre_P1,1,0.4606039822101593,0
1,P1,P1,Pre_P1,1,0.4590137302875519,0
1,P1,P1,Pre_P1,1,0.5287228226661682,1
1,P1,P1,Pre_P1,1,0.44529056549072266,0
1,P1,P1,Pre_P1,1,0.42002835869789124,0
1,P1,P1,Pre_P1,1,0.596648633480072,1
1,P1,P1,Pre_P1,1,0.42783647775650024,0
1,P1,P1,Pre_P1,1,0.43783167004585266,0
1,P1,P1,Pre_P1,1,0.43023887276649475,0
1,P1,P1,Pre_P1,1,0.5655146837234497,1
1,P1,P1,Pre_P1,1,0.5130749940872192,1
1,P1,P1,Pre_P1,1,0.5356194376945496,1
1,P1,P1,Pre_P1,1,0.4023529589176178,0
1,P1,P1,Pre_P1,1,0.5305390357971191,1
1,P1,P1,Pre_P1,1,0.4700242280960083,0
1,P1,P1,Pre_P1,1,0.576515793800354,1
1,P1,P1,Pre_P1,1,0.5646119713783264,1
1,P1,P1,Pre_P1,1,0.47657227516174316,0
1,P1,P1,Pre_P1,1,0.42602112889289856,0
1,P1,P1,Pre_P1,1,0.4426823854446411,0
1,P1,P1,Pre_P1,1,0.5239678025245667,1
1,P1,P1,Pre_P1,1,0.5835546255111694,1
1,P1,P1,Pre_P1,1,0.46570777893066406,0
1,P1,P1,Pre_P1,1,0.5823233127593994,1
1,P1,P1,Pre_P1,1,0.47199612855911255,0
1,P1,P1,Pre_P1,1,0.4577859044075012,0
1,P1,P1,Pre_P1,1,0.5463266372680664,1
1,P1,P1,Pre_P1,1,0.5107312798500061,1
1,P1,P1,Pre_P1,1,0.502891480922699,1
1,P1,P1,Pre_P1,1,0.4995787739753723,0
1,P1,P1,Pre_P1,1,0.4627443850040436,0
1,P1,P1,Pre_P1,1,0.3874901235103607,0
1,P1,P1,Pre_P1,1,0.5852885246276855,1
1,P1,P1,Pre_P1,1,0.46436649560928345,0
1,P1,P1,Pre_P1,1,0.5619930028915405,1
1,P1,P1,Pre_P1,1,0.5902660489082336,1
1,P1,P1,Pre_P1,1,0.41690337657928467,0
1,P1,P1,Pre_P1,1,0.5547637939453125,1
1,P1,P1,Pre_P1,1,0.4597533345222473,0
1,P1,P1,Pre_P1,1,0.516190230846405,1
1,P1,P1,Pre_P1,1,0.5029311776161194,1
1,P1,P1,Pre_P1,1,0.5749297738075256,1
1,P1,P1,Pre_P1,1,0.5659003257751465,1
1,P1,P1,Pre_P1,1,0.40851083397865295,0
1,P1,P1,Pre_P1,1,0.4515148997306824,0
1,P1,P1,Pre_P1,1,0.49689632654190063,0
1,P1,P1,Pre_P1,1,0.5351267457008362,1
1,P1,P1,Pre_P1,1,0.3619711697101593,0
1,P1,P1,Pre_P1,1,0.5812225341796875,1
1,P1,P1,Pre_P1,1,0.5926282405853271,1
1,P1,P1,Pre_P1,1,0.39778417348861694,0
1,P1,P1,Pre_P1,1,0.5541793704032898,1
1,P1,P1,Pre_P1,1,0.5790777206420898,1
1,P1,P1,Pre_P1,1,0.5747016668319702,1
1,P1,P1,Pre_P1,1,0.561330258846283,1
1,P1,P1,Pre_P1,1,0.5379254221916199,1
1,P1,P1,Pre_P1,1,0.38416430354118347,0
1,P1,P1,Pre_P1,1,0.5123765468597412,1
1,P1,P1,Pre_P1,1,0.5186856985092163,1
1,P1,P1,Pre_P1,1,0.510364294052124,1
1,P1,P1,Pre_P1,1,0.4582739770412445,0
1,P1,P1,Pre_P1,1,0.3576106131076813,0
1,P1,P1,Pre_P1,1,0.5425626635551453,1
1,P1,P1,Pre_P1,1,0.38494226336479187,0
1,P1,P1,Pre_P1,1,0.5787502527236938,1
1,P1,P1,Pre_P1,1,0.544360876083374,1
1,P1,P1,Pre_P1,1,0.5317063331604004,1
1,P1,P1,Pre_P1,1,0.5148698687553406,1
1,P1,P1,Pre_P1,1,0.5825347304344177,1
1,P1,P1,Pre_P1,1,0.4946008324623108,0
1,P1,P1,Pre_P1,1,0.536593496799469,1
1,P1,P1,Pre_P1,1,0.483386367559433,0
1,P1,P1,Pre_P1,1,0.48540931940078735,0
1,P1,P1,Pre_P1,1,0.4989534616470337,0
1,P1,P1,Pre_P1,1,0.5032815933227539,1
1,P1,P1,Pre_P1,1,0.4342106580734253,0
1,P1,P1,Pre_P1,1,0.5453055500984192,1
1,P1,P1,Pre_P1,1,0.49002107977867126,0
1,P1,P1,Pre_P1,1,0.38547664880752563,0
1,P1,P1,Pre_P1,1,0.4829856753349304,0
1,P1,P1,Pre_P1,1,0.5958433747291565,1
1,P1,P1,Pre_P1,1,0.4358069896697998,0
1,P1,P1,Pre_P1,1,0.4313366711139679,0
1,P1,P1,Pre_P1,1,0.3738514482975006,0
1,P1,P1,Pre_P1,1,0.41873010993003845,0
1,P1,P1,Pre_P1,1,0.46842828392982483,0
1,P1,P1,Pre_P1,1,0.5278788208961487,1
1,P1,P1,Pre_P1,1,0.423980176448822,0
1,P1,P1,Pre_P1,1,0.6007892489433289,1
1,P1,P1,Pre_P1,1,0.498334676027298,0
1,P1,P1,Pre_P1,1,0.44006186723709106,0
1,P1,P1,Pre_P1,1,0.45709842443466187,0
1,P1,P1,Pre_P1,1,0.5925225019454956,1
1,P1,P1,Pre_P1,1,0.5656444430351257,1
1,P1,P1,Pre_P1,1,0.6038684248924255,1
1,P1,P1,Pre_P1,1,0.5508795976638794,1
1,P1,P1,Pre_P1,1,0.4580024480819702,0
1,P1,P1,Pre_P1,1,0.470782071352005,0
1,P1,P1,Pre_P1,1,0.535625159740448,1
1,P1,P1,Pre_P1,1,0.44601547718048096,0
1,P1,P1,Pre_P1,1,0.5930649042129517,1
1,P1,P1,Pre_P1,1,0.4844239056110382,0
1,P1,P1,Pre_P1,1,0.5514620542526245,1
1,P1,P1,Pre_P1,1,0.5354434251785278,1
1,P1,P1,Pre_P1,1,0.4820142686367035,0
1,P1,P1,Pre_P1,1,0.5223287343978882,1
1,P1,P1,Pre_P1,1,0.44962969422340393,0
1,P1,P1,Pre_P1,1,0.5504084825515747,1
1,P1,P1,Pre_P1,1,0.45645612478256226,0
1,P1,P1,Pre_P1,1,0.3530035614967346,0
1,P1,P1,Pre_P1,1,0.46670296788215637,0
1,P1,P1,Pre_P1,1,0.4598349928855896,0
1,P1,P1,Pre_P1,1,0.5836986899375916,1
1,P1,P1,Pre_P1,1,0.580574095249176,1
1,P1,P1,Pre_P1,1,0.44497910141944885,0
1,P1,P1,Pre_P1,1,0.4053386151790619,0
1,P1,P1,Pre_P1,1,0.5520428419113159,1
1,P1,P1,Pre_P1,1,0.48532208800315857,0
1,P1,P1,Pre_P1,1,0.4998173713684082,0
1,P1,P1,Pre_P1,1,0.5017765164375305,1
1,P1,P1,Pre_P1,1,0.41798296570777893,0
1,P1,P1,Pre_P1,1,0.4143563508987427,0
1,P1,P1,Post_P1,1,0.4832843542098999,0
1,P1,P1,Post_P1,1,0.5029341578483582,1
1,P1,P1,Post_P1,1,0.5314577221870422,1
1,P1,P1,Post_P1,1,0.5402075052261353,1
1,P1,P1,Post_P1,1,0.3724888265132904,0
1,P1,P1,Post_P1,1,0.42701712250709534,0
1,P1,P1,Post_P1,1,0.4952397644519806,0
1,P1,P1,Post_P1,1,0.4817068576812744,0
1,P1,P1,Post_P1,1,0.4845312535762787,0
1,P1,P1,Post_P1,1,0.4605575501918793,0
1,P1,P1,Post_P1,1,0.5404828190803528,1
1,P1,P1,Post_P1,1,0.43427836894989014,0
1,P1,P1,Post_P1,1,0.42691102623939514,0
1,P1,P1,Post_P1,1,0.4574007987976074,0
1,P1,P1,Post_P1,1,0.5366336703300476,1
1,P1,P1,Post_P1,1,0.48506391048431396,0
1,P1,P1,Post_P1,1,0.5053483247756958,1
1,P1,P1,Post_P1,1,0.3785400092601776,0
1,P1,P1,Post_P1,1,0.3598947525024414,0
1,P1,P1,Post_P1,1,0.5177557468414307,1
1,P1,P1,Post_P1,1,0.38261497020721436,0
1,P1,P1,Post_P1,1,0.516662061214447,1
1,P1,P1,Post_P1,1,0.46240758895874023,0
1,P1,P1,Post_P1,1,0.4289507567882538,0
1,P1,P1,Post_P1,1,0.5024888515472412,1
1,P1,P1,Post_P1,1,0.5034617185592651,1
1,P1,P1,Post_P1,1,0.45246925950050354,0
1,P1,P1,Post_P1,1,0.4953133463859558,0
1,P1,P1,Post_P1,1,0.40432602167129517,0
1,P1,P1,Post_P1,1,0.4252467453479767,0
1,P1,P1,Post_P1,1,0.3946577310562134,0
1,P1,P1,Post_P1,1,0.5868046283721924,1
1,P1,P1,Post_P1,1,0.499532550573349,0
1,P1,P1,Post_P1,1,0.3518166244029999,0
1,P1,P1,Post_P1,1,0.4721885919570923,0
1,P1,P1,Post_P1,1,0.4470343291759491,0
1,P1,P1,Post_P1,1,0.41070303320884705,0
1,P1,P1,Post_P1,1,0.45414385199546814,0
1,P1,P1,Post_P1,1,0.4693450629711151,0
1,P1,P1,Post_P1,1,0.445031076669693,0
1,P1,P1,Post_P1,1,0.5512059330940247,1
1,P1,P1,Post_P1,1,0.5514687299728394,1
1,P1,P1,Post_P1,1,0.5584312677383423,1
1,P1,P1,Post_P1,1,0.4947454035282135,0
1,P1,P1,Post_P1,1,0.42909300327301025,0
1,P1,P1,Post_P1,1,0.40143048763275146,0
1,P1,P1,Post_P1,1,0.3955966532230377,0
1,P1,P1,Post_P1,1,0.5269198417663574,1
1,P1,P1,Post_P1,1,0.4369087219238281,0
1,P1,P1,Post_P1,1,0.430923193693161,0
1,P1,P1,Post_P1,1,0.3746795952320099,0
1,P1,P1,Post_P1,1,0.5527433753013611,1
1,P1,P1,Post_P1,1,0.5177745223045349,1
1,P1,P1,Post_P1,1,0.5502049326896667,1
1,P1,P1,Post_P1,1,0.5067043304443359,1
1,P1,P1,Post_P1,1,0.4567428231239319,0
1,P1,P1,Post_P1,1,0.3934516906738281,0
1,P1,P1,Post_P1,1,0.4073619842529297,0
1,P1,P1,Post_P1,1,0.5826446413993835,1
1,P1,P1,Post_P1,1,0.36487817764282227,0
1,P1,P1,Post_P1,1,0.4819256365299225,0
1,P1,P1,Post_P1,1,0.5749300122261047,1
1,P1,P1,Post_P1,1,0.5340297818183899,1
1,P1,P1,Post_P1,1,0.47461047768592834,0
1,P1,P1,Post_P1,1,0.3788047432899475,0
1,P1,P1,Post_P1,1,0.5472931265830994,1
1,P1,P1,Post_P1,1,0.5679739117622375,1
1,P1,P1,Post_P1,1,0.4838893413543701,0
1,P1,P1,Post_P1,1,0.4262719750404358,0
1,P1,P1,Post_P1,1,0.43066030740737915,0
1,P1,P1,Post_P1,1,0.5400007367134094,1
1,P1,P1,Post_P1,1,0.5198613405227661,1
1,P1,P1,Post_P1,1,0.456255704164505,0
1,P1,P1,Post_P1,1,0.4559398889541626,0
1,P1,P1,Post_P1,1,0.4978794753551483,0
1,P1,P1,Post_P1,1,0.4158676564693451,0
1,P1,P1,Post_P1,1,0.544500470161438,1
1,P1,P1,Post_P1,1,0.4365028440952301,0
1,P1,P1,Post_P1,1,0.39950767159461975,0
1,P1,P1,Post_P1,1,0.3414740562438965,0
1,P1,P1,Post_P1,1,0.3536831736564636,0
1,P1,P1,Post_P1,1,0.5008431673049927,1
1,P1,P1,Post_P1,1,0.44004714488983154,0
1,P1,P1,Post_P1,1,0.4745907485485077,0
1,P1,P1,Post_P1,1,0.4059450030326843,0
1,P1,P1,Post_P1,1,0.45864570140838623,0
1,P1,P1,Post_P1,1,0.4520733654499054,0
1,P1,P1,Post_P1,1,0.4406222105026245,0
1,P1,P1,Post_P1,1,0.4888990521430969,0
1,P1,P1,Post_P1,1,0.4345623850822449,0
1,P1,P1,Post_P1,1,0.4450892508029938,0
1,P1,P1,Post_P1,1,0.3565562963485718,0
1,P1,P1,Post_P1,1,0.48186230659484863,0
1,P1,P1,Post_P1,1,0.4340515434741974,0
1,P1,P1,Post_P1,1,0.47186964750289917,0
1,P1,P1,Post_P1,1,0.4799802899360657,0
1,P1,P1,Post_P1,1,0.3668038845062256,0
1,P1,P1,Post_P1,1,0.41048091650009155,0
1,P1,P1,Post_P1,1,0.4298948049545288,0
1,P1,P1,Post_P1,1,0.4077296853065491,0
1,P1,P1,Post_P1,1,0.5450636744499207,1
1,P1,P1,Post_P1,1,0.5389426350593567,1
1,P1,P1,Post_P1,1,0.5585936307907104,1
1,P1,P1,Post_P1,1,0.5415006875991821,1
1,P1,P1,Post_P1,1,0.4697570204734802,0
1,P1,P1,Post_P1,1,0.553686261177063,1
1,P1,P1,Post_P1,1,0.4082428216934204,0
1,P1,P1,Post_P1,1,0.3480415940284729,0
1,P1,P1,Post_P1,1,0.35102036595344543,0
1,P1,P1,Post_P1,1,0.4452662765979767,0
1,P1,P1,Post_P1,1,0.5438116788864136,1
1,P1,P1,Post_P1,1,0.5094321966171265,1
1,P1,P1,Post_P1,1,0.3912472128868103,0
1,P1,P1,Post_P1,1,0.3564838469028473,0
1,P1,P1,Post_P1,1,0.527292788028717,1
1,P1,P1,Post_P1,1,0.49084725975990295,0
1,P1,P1,Post_P1,1,0.45903024077415466,0
1,P1,P1,Post_P1,1,0.5089255571365356,1
1,P1,P1,Post_P1,1,0.44603970646858215,0
1,P1,P1,Post_P1,1,0.36441275477409363,0
1,P1,P1,Post_P1,1,0.39008522033691406,0
1,P1,P1,Post_P1,1,0.43794816732406616,0
1,P1,P1,Post_P1,1,0.44943466782569885,0
1,P1,P1,Post_P1,1,0.44587868452072144,0
1,P1,P1,Post_P1,1,0.5655761957168579,1
1,P1,P1,Post_P1,1,0.5538933873176575,1
1,P1,P1,Post_P1,1,0.41766852140426636,0
1,P1,P1,Post_P1,1,0.4523676633834839,0
1,P1,P1,Post_P1,1,0.4516496956348419,0
1,P1,P1,Post_P1,1,0.4548647403717041,0
1,P1,P1,Post_P1,1,0.3803766667842865,0
1,P1,P1,Post_P1,1,0.4640621244907379,0
1,P1,P1,Post_P1,1,0.48223960399627686,0
1,P1,P1,Post_P1,1,0.5417051911354065,1
1,P1,P1,Post_P1,1,0.5191397666931152,1
1,P1,P1,Post_P1,1,0.4352587163448334,0
1,P1,P1,Post_P1,1,0.4659944176673889,0
1,P1,P1,Post_P1,1,0.451715350151062,0
1,P1,P1,Post_P1,1,0.4269050061702728,0
1,P1,P1,Post_P1,1,0.3644583523273468,0
1,P1,P1,Post_P1,1,0.41673892736434937,0
1,P1,P1,Post_P1,1,0.4876728951931,0
1,P1,P1,Post_P1,1,0.4860416352748871,0
1,P1,P1,Post_P1,1,0.3536349833011627,0
1,P1,P1,Post_P1,1,0.49950599670410156,0
1,P1,P1,Post_P1,1,0.5241715312004089,1
1,P1,P1,Post_P1,1,0.4702366590499878,0
1,P1,P1,Post_P1,1,0.5072965621948242,1
1,P1,P1,Post_P1,1,0.4348267912864685,0
1,P1,P1,Post_P1,1,0.5502021312713623,1
1,P1,P1,Post_P1,1,0.3873228132724762,0
1,P1,P1,Post_P1,1,0.5520000457763672,1
1,P1,P1,Post_P1,1,0.37863126397132874,0
1,P1,P1,Post_P1,1,0.5374256372451782,1
1,P1,P1,Post_P1,1,0.47610709071159363,0
1,P1,P1,Post_P1,1,0.41787248849868774,0
1,P1,P1,Post_P1,1,0.5244476199150085,1
1,P1,P1,Post_P1,1,0.367898553609848,0
1,P1,P1,Post_P1,1,0.5071592926979065,1
1,P1,P1,Post_P1,1,0.5305308103561401,1
1,P1,P1,Post_P1,1,0.5404366254806519,1
1,P1,P1,Post_P1,1,0.3500518798828125,0
1,P1,P1,Post_P1,1,0.48997756838798523,0
1,P1,P1,Post_P1,1,0.552981972694397,1
1,P1,P1,Post_P1,1,0.3460931181907654,0
1,P1,P1,Post_P1,1,0.3969196677207947,0
1,P1,P1,Post_P1,1,0.41422486305236816,0
1,P1,P1,Post_P1,1,0.4992671012878418,0
1,P1,P1,Post_P1,1,0.47570669651031494,0
1,P1,P1,Post_P1,1,0.5355913043022156,1
1,P1,P1,Post_P1,1,0.4715191721916199,0
1,P1,P1,Post_P1,1,0.41930437088012695,0
1,P1,P1,Post_P1,1,0.5573780536651611,1
1,P1,P1,Post_P1,1,0.4147409200668335,0
1,P1,P1,Post_P1,1,0.5258908271789551,1
1,P1,P1,Post_P1,1,0.42167696356773376,0
1,P1,P1,Post_P1,1,0.5364320278167725,1
1,P1,P1,Post_P1,1,0.3990812599658966,0
1,P1,P1,Post_P1,1,0.36964842677116394,0
1,P1,P1,Post_P1,1,0.4721016585826874,0
1,P1,P1,Post_P1,1,0.3500089645385742,0
1,P1,P1,Post_P1,1,0.4273781478404999,0
1,P1,P1,Post_P1,1,0.54736328125,1
1,P1,P1,Post_P1,1,0.5283429622650146,1
1,P1,P1,Post_P1,1,0.5030414462089539,1
1,P1,P1,Post_P1,1,0.5596673488616943,1
1,P1,P1,Post_P1,1,0.48708879947662354,0
1,P1,P1,Post_P1,1,0.5274418592453003,1
1,P1,P1,Post_P1,1,0.3631465435028076,0
1,P1,P1,Post_P1,1,0.3569636940956116,0
1,P1,P1,Post_P1,1,0.5047338604927063,1
1,P1,P1,Post_P1,1,0.3825538754463196,0
1,P1,P1,Post_P1,1,0.461203396320343,0
1,P1,P1,Post_P1,1,0.5441902875900269,1
1,P1,P1,Post_P1,1,0.42242518067359924,0
1,P1,P1,Post_P1,1,0.4392487704753876,0
1,P1,P1,Post_P1,1,0.5451504588127136,1
1,P1,P1,Post_P1,1,0.49278324842453003,0
1,P1,P1,Post_P1,1,0.5125537514686584,1
1,P1,P1,Post_P1,1,0.5092452168464661,1
1,P1,P1,Post_P1,1,0.5097862482070923,1
1,P1,P1,Post_P1,1,0.5264618396759033,1
1,P1,P1,Post_P1,1,0.5023198127746582,1
1,P1,P1,Post_P1,1,0.41965988278388977,0
1,P1,P1,Post_P1,1,0.43322014808654785,0
1,P1,P1,Post_P1,1,0.4395972788333893,0
1,P1,P1,Post_P1,1,0.4043809175491333,0
1,P1,P1,Post_P1,1,0.42906346917152405,0
1,P1,P1,Post_P1,1,0.3904072940349579,0
1,P1,P1,Post_P1,1,0.5416231155395508,1
1,P1,P1,Post_P1,1,0.5660061240196228,1
1,P1,P1,Post_P1,1,0.35997244715690613,0
1,P1,P1,Post_P1,1,0.36228081583976746,0
1,P1,P1,Post_P1,1,0.4938955307006836,0
1,P1,P1,Post_P1,1,0.5689312815666199,1
1,P1,P1,Post_P1,1,0.3716689646244049,0
1,P1,P1,Post_P1,1,0.3899485766887665,0
1,P1,P1,Post_P1,1,0.5416048765182495,1
1,P1,P1,Post_P1,1,0.4365593194961548,0
1,P1,P1,Post_P1,1,0.47257548570632935,0
1,P1,P1,Post_P1,1,0.43317028880119324,0
1,P1,P1,Post_P1,1,0.5016254186630249,1
1,P1,P1,Post_P1,1,0.3831656873226166,0
1,P1,P1,Post_P1,1,0.5927743315696716,1
1,P1,P1,Post_P1,1,0.48225125670433044,0
1,P1,P1,Post_P1,1,0.5859164595603943,1
1,P1,P1,Post_P1,1,0.4575662612915039,0
1,P1,P1,Post_P1,1,0.4986383020877838,0
1,P1,P1,Post_P1,1,0.37085554003715515,0
1,P1,P1,Post_P1,1,0.4136672616004944,0
1,P1,P1,Post_P1,1,0.3496116101741791,0
1,P1,P1,Post_P1,1,0.4218442738056183,0
1,P1,P1,Post_P1,1,0.5371463298797607,1
1,P1,P1,Post_P1,1,0.5072996020317078,1
1,P1,P1,Post_P1,1,0.4011577367782593,0
1,P1,P1,Post_P1,1,0.4377172291278839,0
1,P1,P1,Post_P1,1,0.4643562138080597,0
1,P1,P1,Post_P1,1,0.36767539381980896,0
1,P1,P1,Post_P1,1,0.4226195216178894,0
1,P1,P1,Post_P1,1,0.40304020047187805,0
1,P1,P1,Post_P1,1,0.372160404920578,0
1,P1,P1,Post_P1,1,0.510260820388794,1
1,P1,P1,Post_P1,1,0.5125651955604553,1
1,P1,P1,Post_P1,1,0.46577513217926025,0
1,P1,P1,Post_P1,1,0.42451155185699463,0
1,P1,P1,Post_P1,1,0.45159050822257996,0
1,P1,P1,Post_P1,1,0.4942704141139984,0
1,P1,P1,Post_P1,1,0.4163811206817627,0
1,P1,P1,Post_P1,1,0.49255257844924927,0
1,P1,P1,Post_P1,1,0.5494716763496399,1
1,P1,P1,Post_P1,1,0.35403987765312195,0
1,P1,P1,Post_P1,1,0.5675221681594849,1
1,P1,P1,Post_P1,1,0.5468389987945557,1
1,P1,P1,Post_P1,1,0.3440399169921875,0
1,P1,P1,Post_P1,1,0.5171954035758972,1
1,P1,P1,Post_P1,1,0.550130307674408,1
1,P1,P1,Post_P1,1,0.41642439365386963,0
1,P1,P1,Post_P1,1,0.4256875813007355,0
1,P1,P1,Post_P1,1,0.5081407427787781,1
1,P1,P1,Post_P1,1,0.5124509334564209,1
1,P1,P1,Post_P1,1,0.5104875564575195,1
1,P1,P1,Post_P1,1,0.37688136100769043,0
1,P1,P1,Post_P1,1,0.40506210923194885,0
1,P1,P1,Post_P1,1,0.40335866808891296,0
1,P1,P1,Post_P1,1,0.5120446085929871,1
1,P1,P1,Post_P1,1,0.3719441890716553,0
1,P1,P1,Post_P1,1,0.4656694829463959,0
1,P1,P1,Post_P1,1,0.5493975281715393,1
1,P1,P1,Post_P1,1,0.4271174967288971,0
1,P1,P1,Post_P1,1,0.3978726267814636,0
1,P1,P1,Post_P1,1,0.41540881991386414,0
1,P1,P1,Post_P1,1,0.5418540835380554,1
1,P1,P1,Post_P1,1,0.5432220697402954,1
1,P1,P1,Post_P1,1,0.5354986786842346,1
1,P1,P1,Post_P1,1,0.5700078010559082,1
1,P1,P1,Post_P1,1,0.3628280758857727,0
1,P1,P1,Post_P1,1,0.46303924918174744,0
1,P1,P1,Post_P1,1,0.4611879289150238,0
1,P1,P1,Post_P1,1,0.4438258707523346,0
1,P1,P1,Post_P1,1,0.4564054608345032,0
1,P1,P1,Post_P1,1,0.38714921474456787,0
1,P1,P1,Post_P1,1,0.5160529017448425,1
1,P1,P1,Post_P1,1,0.5383305549621582,1
1,P1,P1,Post_P1,1,0.37901750206947327,0
1,P1,P1,Post_P1,1,0.5139706134796143,1
1,P1,P1,Post_P1,1,0.5062744617462158,1
1,P1,P1,Post_P1,1,0.4120231568813324,0
1,P1,P1,Post_P1,1,0.5242790579795837,1
1,P1,P1,Post_P1,1,0.4346361458301544,0
1,P1,P1,Post_P1,1,0.4376733601093292,0
1,P1,P1,Post_P1,1,0.552344024181366,1
1,P1,P1,Post_P1_2,0,0.44825366139411926,0
1,P1,P1,Post_P1_2,0,0.43916094303131104,0
1,P1,P1,Post_P1_2,0,0.521662175655365,1
1,P1,P1,Post_P1_2,0,0.4983084499835968,0
1,P1,P1,Post_P1_2,0,0.42777833342552185,0
1,P1,P1,Post_P1_2,0,0.350556880235672,0
1,P1,P1,Post_P1_2,0,0.43753260374069214,0
1,P1,P1,Post_P1_2,0,0.49791276454925537,0
1,P1,P1,Post_P1_2,0,0.4705059826374054,0
1,P1,P1,Post_P1_2,0,0.5168350338935852,1
1,P1,P1,Post_P1_2,0,0.546180248260498,1
1,P1,P1,Post_P1_2,0,0.5876116752624512,1
1,P1,P1,Post_P1_2,0,0.4362480342388153,0
1,P1,P1,Post_P1_2,0,0.5879141092300415,1
1,P1,P1,Post_P1_2,0,0.5708171725273132,1
1,P1,P1,Post_P1_2,0,0.45965448021888733,0
1,P1,P1,Post_P1_2,0,0.45935022830963135,0
1,P1,P1,Post_P1_2,0,0.4339022934436798,0
1,P1,P1,Post_P1_2,0,0.34316906332969666,0
1,P1,P1,Post_P1_2,0,0.470592200756073,0
1,P1,P1,Post_P1_2,0,0.5993590354919434,1
1,P1,P1,Post_P1_2,0,0.46281760931015015,0
1,P1,P1,Post_P1_2,0,0.5338303446769714,1
1,P1,P1,Post_P1_2,0,0.4335877299308777,0
1,P1,P1,Post_P1_2,0,0.47460827231407166,0
1,P1,P1,Post_P1_2,0,0.5850622057914734,1
1,P1,P1,Post_P1_2,0,0.36658886075019836,0
1,P1,P1,Post_P1_2,0,0.36844801902770996,0
1,P1,P1,Post_P1_2,0,0.3860201835632324,0
1,P1,P1,Post_P1_2,0,0.42454221844673157,0
1,P1,P1,Post_P1_2,0,0.6083444356918335,1
1,P1,P1,Post_P1_2,0,0.4715409576892853,0
1,P1,P1,Post_P1_2,0,0.44333362579345703,0
1,P1,P1,Post_P1_2,0,0.43441304564476013,0
1,P1,P1,Post_P1_2,0,0.5060960054397583,1
1,P1,P1,Post_P1_2,0,0.5341256260871887,1
1,P1,P1,Post_P1_2,0,0.5609709024429321,1
1,P1,P1,Post_P1_2,0,0.47464853525161743,0
1,P1,P1,Post_P1_2,0,0.5821806192398071,1
1,P1,P1,Post_P1_2,0,0.5079569816589355,1
1,P1,P1,Post_P1_2,0,0.5269370675086975,1
1,P1,P1,Post_P1_2,0,0.4697096347808838,0
1,P1,P1,Post_P1_2,0,0.5277157425880432,1
1,P1,P1,Post_P1_2,0,0.40992072224617004,0
1,P1,P1,Post_P1_2,0,0.4958674907684326,0
1,P1,P1,Post_P1_2,0,0.4624654948711395,0
1,P1,P1,Post_P1_2,0,0.3596459627151489,0
1,P1,P1,Post_P1_2,0,0.5867863297462463,1
1,P1,P1,Post_P1_2,0,0.42189520597457886,0
1,P1,P1,Post_P1_2,0,0.46337881684303284,0
1,P1,P1,Post_P1_2,0,0.5214702486991882,1
1,P1,P1,Post_P1_2,0,0.48900511860847473,0
1,P1,P1,Post_P1_2,0,0.4995226562023163,0
1,P1,P1,Post_P1_2,0,0.3989717960357666,0
1,P1,P1,Post_P1_2,0,0.5082541704177856,1
1,P1,P1,Post_P1_2,0,0.5074728727340698,1
1,P1,P1,Post_P1_2,0,0.5028723478317261,1
1,P1,P1,Post_P1_2,0,0.3927161991596222,0
1,P1,P1,Post_P1_2,0,0.47287479043006897,0
1,P1,P1,Post_P1_2,0,0.45222795009613037,0
1,P1,P1,Post_P1_2,0,0.44288206100463867,0
1,P1,P1,Post_P1_2,0,0.4829924404621124,0
1,P1,P1,Post_P1_2,0,0.5112305879592896,1
1,P1,P1,Post_P1_2,0,0.37351006269454956,0
1,P1,P1,Post_P1_2,0,0.4821849465370178,0
1,P1,P1,Post_P1_2,0,0.38128721714019775,0
1,P1,P1,Post_P1_2,0,0.4707418382167816,0
1,P1,P1,Post_P1_2,0,0.4481413960456848,0
1,P1,P1,Post_P1_2,0,0.4884392321109772,0
1,P1,P1,Post_P1_2,0,0.5772063732147217,1
1,P1,P1,Post_P1_2,0,0.5730748772621155,1
1,P1,P1,Post_P1_2,0,0.5843637585639954,1
1,P1,P1,Post_P1_2,0,0.4715770184993744,0
1,P1,P1,Post_P1_2,0,0.5706323385238647,1
1,P1,P1,Post_P1_2,0,0.42008891701698303,0
1,P1,P1,Post_P1_2,0,0.5961114764213562,1
1,P1,P1,Post_P1_2,0,0.4942884147167206,0
1,P1,P1,Post_P1_2,0,0.4239397644996643,0
1,P1,P1,Post_P1_2,0,0.41295039653778076,0
1,P1,P1,Post_P1_2,0,0.3417339026927948,0
1,P1,P1,Post_P1_2,0,0.48611170053482056,0
1,P1,P1,Post_P1_2,0,0.39213791489601135,0
1,P1,P1,Post_P1_2,0,0.506075918674469,1
1,P1,P1,Post_P1_2,0,0.48450034856796265,0
1,P1,P1,Post_P1_2,0,0.452953577041626,0
1,P1,P1,Post_P1_2,0,0.5141740441322327,1
1,P1,P1,Post_P1_2,0,0.4844549000263214,0
1,P1,P1,Post_P1_2,0,0.4976515769958496,0
1,P1,P1,Post_P1_2,0,0.4403442442417145,0
1,P1,P1,Post_P1_2,0,0.49627748131752014,0
1,P1,P1,Post_P1_2,0,0.5839847326278687,1
1,P1,P1,Post_P1_2,0,0.5194093585014343,1
1,P1,P1,Post_P1_2,0,0.5585072040557861,1
1,P1,P1,Post_P1_2,0,0.45824313163757324,0
1,P1,P1,Post_P1_2,0,0.5867863297462463,1
1,P1,P1,Post_P1_2,0,0.3872726857662201,0
1,P1,P1,Post_P1_2,0,0.4346946179866791,0
1,P1,P1,Post_P1_2,0,0.4364670217037201,0
1,P1,P1,Post_P1_2,0,0.46254444122314453,0
1,P1,P1,Post_P1_2,0,0.3785638213157654,0
1,P1,P1,Post_P1_2,0,0.5314710140228271,1
1,P1,P1,Post_P1_2,0,0.5326646566390991,1
1,P1,P1,Post_P1_2,0,0.5487444996833801,1
1,P1,P1,Post_P1_2,0,0.5099954605102539,1
1,P1,P1,Post_P1_2,0,0.534681499004364,1
1,P1,P1,Post_P1_2,0,0.5209928750991821,1
1,P1,P1,Post_P1_2,0,0.4892829954624176,0
1,P1,P1,Post_P1_2,0,0.4800264537334442,0
1,P1,P1,Post_P1_2,0,0.5487390160560608,1
1,P1,P1,Post_P1_2,0,0.39117497205734253,0
1,P1,P1,Post_P1_2,0,0.37453657388687134,0
1,P1,P1,Post_P1_2,0,0.4123470187187195,0
1,P1,P1,Post_P1_2,0,0.4639747738838196,0
1,P1,P1,Post_P1_2,0,0.5278995633125305,1
1,P1,P1,Post_P1_2,0,0.5652022361755371,1
1,P1,P1,Post_P1_2,0,0.5829617381095886,1
1,P1,P1,Post_P1_2,0,0.48933762311935425,0
1,P1,P1,Post_P1_2,0,0.500935971736908,1
1,P1,P1,Post_P1_2,0,0.605344831943512,1
1,P1,P1,Post_P1_2,0,0.4093761146068573,0
1,P1,P1,Post_P1_2,0,0.4353240430355072,0
1,P1,P1,Post_P1_2,0,0.45189985632896423,0
1,P1,P1,Post_P1_2,0,0.5139060020446777,1
1,P1,P1,Post_P1_2,0,0.4525127112865448,0
1,P1,P1,Post_P1_2,0,0.34895217418670654,0
1,P1,P1,Post_P1_2,0,0.5191755890846252,1
1,P1,P1,Post_P1_2,0,0.5390094518661499,1
1,P1,P1,Post_P1_2,0,0.5609709024429321,1
1,P1,P1,Post_P1_2,0,0.5704800486564636,1
1,P1,P1,Post_P1_2,0,0.3662863075733185,0
1,P1,P1,Post_P1_2,0,0.5176055431365967,1
1,P1,P1,Post_P1_2,0,0.4609161615371704,0
1,P1,P1,Post_P1_2,0,0.5704725980758667,1
1,P1,P1,Post_P1_2,0,0.4879993796348572,0
1,P1,P1,Post_P1_2,0,0.45979422330856323,0
1,P1,P1,Post_P1_2,0,0.5161325335502625,1
1,P1,P1,Post_P1_2,0,0.40037232637405396,0
1,P1,P1,Post_P1_2,0,0.4122232496738434,0
1,P1,P1,Post_P1_2,0,0.39618828892707825,0
1,P1,P1,Post_P1_2,0,0.4152226150035858,0
1,P1,P1,Post_P1_2,0,0.47097113728523254,0
1,P1,P1,Post_P1_2,0,0.42326346039772034,0
1,P1,P1,Post_P1_2,0,0.35401415824890137,0
1,P1,P1,Post_P1_2,0,0.45111533999443054,0
1,P1,P1,Post_P1_2,0,0.5222606062889099,1
1,P1,P1,Post_P1_2,0,0.5647420287132263,1
1,P1,P1,Post_P1_2,0,0.40034377574920654,0
1,P1,P1,Post_P1_2,0,0.5504732131958008,1
1,P1,P1,Post_P1_2,0,0.5923542976379395,1
1,P1,P1,Post_P1_2,0,0.4791308045387268,0
1,P1,P1,Post_P1_2,0,0.38540878891944885,0
1,P1,P1,Post_P1_2,0,0.5450096130371094,1
1,P1,P1,Post_P1_2,0,0.4604904353618622,0
1,P1,P1,Post_P1_2,0,0.5559998154640198,1
1,P1,P1,Post_P1_2,0,0.40708568692207336,0
1,P1,P1,Post_P1_2,0,0.5441100597381592,1
1,P1,P1,Post_P1_2,0,0.4891572892665863,0
1,P1,P1,Post_P1_2,0,0.47248178720474243,0
1,P1,P1,Post_P1_2,0,0.42816361784935,0
1,P1,P1,Post_P1_2,0,0.4171326756477356,0
1,P1,P1,Post_P1_2,0,0.4712526798248291,0
1,P1,P1,Post_P1_2,0,0.5179210305213928,1
1,P1,P1,Post_P1_2,0,0.47888436913490295,0
1,P1,P1,Post_P1_2,0,0.5866125822067261,1
1,P1,P1,Post_P1_2,0,0.5364535450935364,1
1,P1,P1,Post_P1_2,0,0.5534602403640747,1
1,P1,P1,Post_P1_2,0,0.4486469030380249,0
1,P1,P1,Post_P1_2,0,0.5128098130226135,1
1,P1,P1,Post_P1_2,0,0.5320835113525391,1
1,P1,P1,Post_P1_2,0,0.4805896580219269,0
1,P1,P1,Post_P1_2,0,0.5345003008842468,1
1,P1,P1,Post_P1_2,0,0.4984048902988434,0
1,P1,P1,Post_P1_2,0,0.6031065583229065,1
1,P1,P1,Post_P1_2,0,0.41996094584465027,0
1,P1,P1,Post_P1_2,0,0.4609606862068176,0
1,P1,P1,Post_P1_2,0,0.4338259994983673,0
1,P1,P1,Post_P1_2,0,0.4525146484375,0
1,P1,P1,Post_P1_2,0,0.49684053659439087,0
1,P1,P1,Post_P1_2,0,0.3881247937679291,0
1,P1,P1,Post_P1_2,0,0.43867847323417664,0
1,P1,P1,Post_P1_2,0,0.38535407185554504,0
1,P1,P1,Post_P1_2,0,0.5258790254592896,1
1,P1,P1,Post_P1_2,0,0.5313664674758911,1
1,P1,P1,Post_P1_2,0,0.3866085708141327,0
1,P1,P1,Post_P1_2,0,0.49849843978881836,0
1,P1,P1,Post_P1_2,0,0.4510570764541626,0
1,P1,P1,Post_P1_2,0,0.3825872838497162,0
1,P1,P1,Post_P1_2,0,0.39151814579963684,0
1,P1,P1,Post_P1_2,0,0.46821701526641846,0
1,P1,P1,Post_P1_2,0,0.555919349193573,1
1,P1,P1,Post_P1_2,0,0.4962579905986786,0
1,P1,P1,Post_P1_2,0,0.4545572102069855,0
1,P1,P1,Post_P1_2,0,0.5929974317550659,1
1,P1,P1,Post_P1_2,0,0.35350099205970764,0
1,P1,P1,Post_P1_2,0,0.43309837579727173,0
1,P1,P1,Post_P1_2,0,0.5699008703231812,1
1,P1,P1,Post_P1_2,0,0.5788266658782959,1
1,P1,P1,Post_P1_2,0,0.4776035249233246,0
1,P1,P1,Post_P1_2,0,0.5618180632591248,1
1,P1,P1,Post_P1_2,0,0.5727412700653076,1
1,P1,P1,Post_P1_2,0,0.43785518407821655,0
1,P1,P1,Post_P1_2,0,0.43274348974227905,0
1,P1,P1,Post_P1_2,0,0.4559185802936554,0
1,P1,P1,Post_P1_2,0,0.4587327539920807,0
1,P1,P1,Post_P1_2,0,0.4197143316268921,0
1,P1,P1,Post_P1_2,0,0.38722240924835205,0
1,P1,P1,Post_P1_2,0,0.48933762311935425,0
1,P1,P1,Post_P1_2,0,0.5785945057868958,1
1,P1,P1,Post_P1_2,0,0.3538518249988556,0
1,P1,P1,Post_P1_2,0,0.5742218494415283,1
1,P1,P1,Post_P1_2,0,0.5554426908493042,1
1,P1,P1,Post_P1_2,0,0.4180823266506195,0
1,P1,P1,Post_P1_2,0,0.38994109630584717,0
1,P1,P1,Post_P1_2,0,0.43007463216781616,0
1,P1,P1,Post_P1_2,0,0.48016002774238586,0
1,P1,P1,Post_P1_2,0,0.44842618703842163,0
1,P1,P1,Post_P1_2,0,0.5642399191856384,1
1,P1,P1,Post_P1_2,0,0.5266843438148499,1
1,P1,P1,Post_P1_2,0,0.4239719808101654,0
1,P1,P1,Post_P1_2,0,0.5532361268997192,1
1,P1,P1,Post_P1_2,0,0.43531304597854614,0
1,P1,P1,Post_P1_2,0,0.5074215531349182,1
1,P1,P1,Post_P1_2,0,0.6073143482208252,1
1,P1,P1,Post_P1_2,0,0.4841248691082001,0
1,P1,P1,Post_P1_2,0,0.41954973340034485,0
1,P1,P1,Post_P1_2,0,0.3513434827327728,0
1,P1,P1,Post_P1_2,0,0.5278130173683167,1
1,P1,P1,Post_P1_2,0,0.3808055520057678,0
1,P1,P1,Post_P1_2,0,0.5836986899375916,1
1,P1,P1,Post_P1_2,0,0.580966591835022,1
1,P1,P1,Post_P1_2,0,0.3733680546283722,0
1,P1,P1,Post_P1_2,0,0.5284239649772644,1
1,P1,P1,Post_P1_2,0,0.5968897342681885,1
1,P1,P1,Post_P1_2,0,0.5227822065353394,1
1,P1,P1,Post_P1_2,0,0.5815846920013428,1
1,P1,P1,Post_P1_2,0,0.42117974162101746,0
1,P1,P1,Post_P1_2,0,0.49153032898902893,0
1,P1,P1,Post_P1_2,0,0.4135517477989197,0
1,P1,P1,Post_P1_2,0,0.5677585005760193,1
1,P1,P1,Post_P1_2,0,0.5624831914901733,1
1,P1,P1,Post_P1_2,0,0.49594733119010925,0
1,P1,P1,Post_P1_2,0,0.603142261505127,1
1,P1,P1,Post_P1_2,0,0.5046328902244568,1
1,P1,P1,Post_P1_2,0,0.46145033836364746,0
1,P1,P1,Post_P1_2,0,0.5214265584945679,1
1,P1,P1,Post_P1_2,0,0.5397316217422485,1
1,P1,P1,Post_P1_2,0,0.504610002040863,1
1,P1,P1,Post_P1_2,0,0.5219184756278992,1
1,P1,P1,Post_P1_2,0,0.5648984909057617,1
1,P1,P1,Post_P1_2,0,0.5802689790725708,1
1,P1,P1,Post_P1_2,0,0.5170478820800781,1
1,P1,P1,Post_P1_2,0,0.5775046348571777,1
1,P1,P1,Post_P1_2,0,0.4944103956222534,0
1,P1,P1,Post_P1_2,0,0.4343462288379669,0
1,P1,P1,Post_P1_2,0,0.5836091637611389,1
1,P1,P1,Post_P1_2,0,0.4398737847805023,0
1,P1,P1,Post_P1_2,0,0.42588010430336,0
1,P1,P1,Post_P1_2,0,0.5074232220649719,1
1,P1,P1,Post_P1_2,0,0.6073143482208252,1
1,P1,P1,Post_P1_2,0,0.4478667080402374,0
1,P1,P1,Post_P1_2,0,0.4525146484375,0
1,P1,P1,Post_P1_2,0,0.4999958276748657,0
1,P1,P1,Post_P1_2,0,0.49793538451194763,0
1,P1,P1,Post_P1_2,0,0.4114270806312561,0
1,P1,P1,Post_P1_2,0,0.5858446955680847,1
1,P1,P1,Post_P1_2,0,0.3534696400165558,0
1,P1,P1,Post_P1_2,0,0.501993715763092,1
1,P1,P1,Post_P1_2,0,0.4227695167064667,0
1,P1,P1,Post_P1_2,0,0.4035102128982544,0
1,P1,P1,Post_P1_2,0,0.42689022421836853,0
1,P1,P1,Post_P1_2,0,0.5471656322479248,1
1,P1,P1,Post_P1_2,0,0.41179022192955017,0
1,P1,P1,Post_P1_2,0,0.49236640334129333,0
1,P1,P1,Post_P1_2,0,0.5970168113708496,1
1,P1,P1,Post_P1_2,0,0.4983300566673279,0
1,P1,P1,Post_P1_2,0,0.45344945788383484,0
1,P1,P1,Post_P1_2,0,0.46297305822372437,0
1,P1,P1,Post_P1_2,0,0.4176828861236572,0
1,P1,P1,Post_P1_2,0,0.35649752616882324,0
1,P1,P1,Post_P1_2,0,0.3598855435848236,0
1,P1,P1,Post_P1_2,0,0.5161102414131165,1
1,P1,P1,Post_P1_2,0,0.5240366458892822,1
1,P1,P1,Post_P1_2,0,0.4247938394546509,0
1,P1,P1,Post_P1_2,0,0.4139983654022217,0
1,P1,P1,Post_P1_2,0,0.580966591835022,1
1,P1,P1,Post_P1_2,0,0.5237787961959839,1
1,P1,P1,Post_P1_2,0,0.4966543912887573,0
1,P1,P1,Post_P1_2,0,0.4871459901332855,0
1,P1,P1,Post_P1_2,0,0.4094139337539673,0
1,P1,P1,Post_P1_2,0,0.5091733336448669,1
1,P1,P1,Post_P1_2,0,0.5221167802810669,1
1,P1,P1,Post_P1_2,0,0.6031065583229065,1
1,P1,P1,Post_P1_2,0,0.5179210305213928,1
1,P1,P1,Post_P1_2,0,0.49654820561408997,0
1,P1,P1,Post_P1_2,0,0.5281469821929932,1
1,P1,P1,Post_P1_2,0,0.4136424660682678,0
1,P1,P1,Post_P1_2,0,0.5193490386009216,1
1,P1,P1,Post_P1_2,0,0.5059241652488708,1
1,P1,P1,Post_P1_2,0,0.4977976381778717,0
1,P1,P1,Post_P1_2,0,0.43104287981987,0
1,P1,P1,Post_P1_2,0,0.3817700445652008,0
1,P1,P1,Post_P1_2,0,0.43407994508743286,0
1,P1,P1,Post_P1_2,0,0.5385477542877197,1
1,P1,P1,Post_P1_2,0,0.5359531044960022,1
1,P1,P1,Post_P1_2,0,0.4689176678657532,0
1,P1,P1,Post_P1_2,0,0.5377960801124573,1
1,P1,P1,Post_P1_2,0,0.4791065752506256,0
1,P1,P1,Post_P1_2,0,0.47594723105430603,0
1,P1,P1,Post_P1_2,0,0.43291088938713074,0
1,P1,P1,Post_P1_2,0,0.44336390495300293,0
1,P1,P1,Post_P1_2,0,0.5892939567565918,1
1,P1,P1,Post_P1_2,0,0.43454667925834656,0
1,P1,P1,Post_P1_2,0,0.47620174288749695,0
1,P1,P1,Post_P1_2,0,0.4514366686344147,0
1,P1,P1,Post_P1_2,0,0.5475255846977234,1
1,P1,P1,Post_P1_2,0,0.38713398575782776,0
1,P1,P1,Post_P1_2,0,0.47106072306632996,0
1,P1,P1,Post_P1_2,0,0.49496087431907654,0
1,P1,P1,Post_P1_2,0,0.5072171688079834,1
1,P1,P1,Post_P1_2,0,0.3927161991596222,0
1,P1,P1,Post_P1_2,0,0.4800869822502136,0
1,P1,P1,Post_P1_2,0,0.5447666049003601,1
1,P1,P1,Post_P1_2,0,0.4226585030555725,0
1,P1,P1,Post_P1_2,0,0.4408007860183716,0
1,P1,P1,Post_P1_2,0,0.5720961689949036,1
1,P1,P1,Post_P1_2,0,0.4618992209434509,0
1,P1,P1,Post_P1_2,0,0.5100290179252625,1
1,P1,P1,Post_P1_2,0,0.5010548233985901,1
1,P1,P1,Post_P1_2,0,0.5720961689949036,1
1,P1,P1,Post_P1_2,0,0.5075229406356812,1
1,P1,P1,Post_P1_2,0,0.5831958651542664,1
1,P1,P1,Post_P1_2,0,0.46145033836364746,0
1,P1,P1,Post_P1_2,0,0.5139666795730591,1
1,P1,P1,Post_P1_2,0,0.41208773851394653,0
1,P1,P1,Post_P1_2,0,0.4507710635662079,0
1,P1,P1,Post_P1_2,0,0.5019792914390564,1
1,P1,P1,Post_P1_2,0,0.362628310918808,0
1,P1,P1,Post_P1_2,0,0.5818901658058167,1
1,P1,P1,Post_P1_2,0,0.44559693336486816,0
1,P1,P1,Post_P1_2,0,0.4353240430355072,0
1,P1,P1,Post_P1_2,0,0.48040613532066345,0
1,P1,P1,Post_P1_2,0,0.44975152611732483,0
1,P1,P1,Post_P1_2,0,0.5421906113624573,1
1,P1,P1,Post_P1_2,0,0.5647692680358887,1
1,P1,P1,Post_P1_2,0,0.5404790043830872,1
1,P1,P1,Post_P1_2,0,0.5165706872940063,1
1,P1,P1,Post_P1_2,0,0.5269923210144043,1
1,P1,P1,Post_P1_2,0,0.41332054138183594,0
1,P1,P1,Post_P1_2,0,0.3679013252258301,0
1,P1,P1,Post_P1_2,0,0.6083444356918335,1
1,P1,P1,Post_P1_2,0,0.44230368733406067,0
1,P1,P1,Post_P1_2,0,0.44327035546302795,0
1,P1,P1,Post_P1_2,0,0.38645631074905396,0
2,P10,P10,Post_P10,0,0.4937402904033661,0
2,P10,P10,Post_P10,0,0.5197237133979797,1
2,P10,P10,Post_P10,0,0.5712652802467346,1
2,P10,P10,Post_P10,0,0.43608900904655457,0
2,P10,P10,Post_P10,0,0.35294240713119507,0
2,P10,P10,Post_P10,0,0.5191493034362793,1
2,P10,P10,Post_P10,0,0.48748302459716797,0
2,P10,P10,Post_P10,0,0.5438902378082275,1
2,P10,P10,Post_P10,0,0.38232800364494324,0
2,P10,P10,Post_P10,0,0.5715290904045105,1
2,P10,P10,Post_P10,0,0.43436455726623535,0
2,P10,P10,Post_P10,0,0.4455701410770416,0
2,P10,P10,Post_P10,0,0.40254640579223633,0
2,P10,P10,Post_P10,0,0.43778395652770996,0
2,P10,P10,Post_P10,0,0.4020969569683075,0
2,P10,P10,Post_P10,0,0.38379910588264465,0
2,P10,P10,Post_P10,0,0.561135470867157,1
2,P10,P10,Post_P10,0,0.4616599678993225,0
2,P10,P10,Post_P10,0,0.41308051347732544,0
2,P10,P10,Post_P10,0,0.438956081867218,0
2,P10,P10,Post_P10,0,0.49504414200782776,0
2,P10,P10,Post_P10,0,0.47677335143089294,0
2,P10,P10,Post_P10,0,0.45717853307724,0
2,P10,P10,Post_P10,0,0.40909597277641296,0
2,P10,P10,Post_P10,0,0.3560223877429962,0
2,P10,P10,Post_P10,0,0.4922291040420532,0
2,P10,P10,Post_P10,0,0.4444834291934967,0
2,P10,P10,Post_P10,0,0.4255228638648987,0
2,P10,P10,Post_P10,0,0.5501192808151245,1
2,P10,P10,Post_P10,0,0.491639107465744,0
2,P10,P10,Post_P10,0,0.3813007175922394,0
2,P10,P10,Post_P10,0,0.48861801624298096,0
2,P10,P10,Post_P10,0,0.5565096139907837,1
2,P10,P10,Post_P10,0,0.3847475051879883,0
2,P10,P10,Post_P10,0,0.5069488883018494,1
2,P10,P10,Post_P10,0,0.5429121255874634,1
2,P10,P10,Post_P10,0,0.4854018986225128,0
2,P10,P10,Post_P10,0,0.5152310729026794,1
2,P10,P10,Post_P10,0,0.5786985158920288,1
2,P10,P10,Post_P10,0,0.5015851855278015,1
2,P10,P10,Post_P10,0,0.5163350701332092,1
2,P10,P10,Post_P10,0,0.4613943099975586,0
2,P10,P10,Post_P10,0,0.48211732506752014,0
2,P10,P10,Post_P10,0,0.36546260118484497,0
2,P10,P10,Post_P10,0,0.4706481099128723,0
2,P10,P10,Post_P10,0,0.41650107502937317,0
2,P10,P10,Post_P10,0,0.5498472452163696,1
2,P10,P10,Post_P10,0,0.38537147641181946,0
2,P10,P10,Post_P10,0,0.3891352713108063,0
2,P10,P10,Post_P10,0,0.44344714283943176,0
2,P10,P10,Post_P10,0,0.39435145258903503,0
2,P10,P10,Post_P10,0,0.5505367517471313,1
2,P10,P10,Post_P10,0,0.39159539341926575,0
2,P10,P10,Post_P10,0,0.3945479989051819,0
2,P10,P10,Post_P10,0,0.3811458945274353,0
2,P10,P10,Post_P10,0,0.576693594455719,1
2,P10,P10,Post_P10,0,0.4868369698524475,0
2,P10,P10,Post_P10,0,0.43196773529052734,0
2,P10,P10,Post_P10,0,0.3917728066444397,0
2,P10,P10,Post_P10,0,0.5006340742111206,1
2,P10,P10,Post_P10,0,0.480216920375824,0
2,P10,P10,Post_P10,0,0.3815962076187134,0
2,P10,P10,Post_P10,0,0.3923059105873108,0
2,P10,P10,Post_P10,0,0.4996212124824524,0
2,P10,P10,Post_P10,0,0.44423404335975647,0
2,P10,P10,Post_P10,0,0.548714280128479,1
2,P10,P10,Post_P10,0,0.4861712157726288,0
2,P10,P10,Post_P10,0,0.4296976923942566,0
2,P10,P10,Post_P10,0,0.492036372423172,0
2,P10,P10,Post_P10,0,0.48436617851257324,0
2,P10,P10,Post_P10,0,0.48043376207351685,0
2,P10,P10,Post_P10,0,0.412753701210022,0
2,P10,P10,Post_P10,0,0.4841597378253937,0
2,P10,P10,Post_P10,0,0.41833871603012085,0
2,P10,P10,Post_P10,0,0.38581886887550354,0
2,P10,P10,Post_P10,0,0.39683178067207336,0
2,P10,P10,Post_P10,0,0.423215389251709,0
2,P10,P10,Post_P10,0,0.5509968400001526,1
2,P10,P10,Post_P10,0,0.3997078835964203,0
2,P10,P10,Post_P10,0,0.43472519516944885,0
2,P10,P10,Post_P10,0,0.42556172609329224,0
2,P10,P10,Post_P10,0,0.4831882417201996,0
2,P10,P10,Post_P10,0,0.37403222918510437,0
2,P10,P10,Post_P10,0,0.4860105514526367,0
2,P10,P10,Post_P10,0,0.37442389130592346,0
2,P10,P10,Post_P10,0,0.35383081436157227,0
2,P10,P10,Post_P10,0,0.49397021532058716,0
2,P10,P10,Post_P10,0,0.4462786018848419,0
2,P10,P10,Post_P10,0,0.3945808410644531,0
2,P10,P10,Post_P10,0,0.394765168428421,0
2,P10,P10,Post_P10,0,0.49021223187446594,0
2,P10,P10,Post_P10,0,0.44247812032699585,0
2,P10,P10,Post_P10,0,0.5026681423187256,1
2,P10,P10,Post_P10,0,0.4969484508037567,0
2,P10,P10,Post_P10,0,0.38303467631340027,0
2,P10,P10,Post_P10,0,0.47446373105049133,0
2,P10,P10,Post_P10,0,0.5221601128578186,1
2,P10,P10,Post_P10,0,0.4031088352203369,0
2,P10,P10,Post_P10,0,0.4823358654975891,0
2,P10,P10,Post_P10,0,0.4237324595451355,0
2,P10,P10,Post_P10,0,0.40467923879623413,0
2,P10,P10,Post_P10,0,0.39476150274276733,0
2,P10,P10,Post_P10,0,0.536794900894165,1
2,P10,P10,Post_P10,0,0.4655206799507141,0
2,P10,P10,Post_P10,0,0.4315790832042694,0
2,P10,P10,Post_P10,0,0.5780988931655884,1
2,P10,P10,Post_P10,0,0.47653907537460327,0
2,P10,P10,Post_P10,0,0.5040082931518555,1
2,P10,P10,Post_P10,0,0.5466932058334351,1
2,P10,P10,Post_P10,0,0.440098375082016,0
2,P10,P10,Post_P10,0,0.5301684737205505,1
2,P10,P10,Post_P10,0,0.49823492765426636,0
2,P10,P10,Post_P10,0,0.4056547284126282,0
2,P10,P10,Post_P10,0,0.5347194075584412,1
2,P10,P10,Post_P10,0,0.3999680280685425,0
2,P10,P10,Post_P10,0,0.4450668692588806,0
2,P10,P10,Post_P10,0,0.40093719959259033,0
2,P10,P10,Post_P10,0,0.40771713852882385,0
2,P10,P10,Post_P10,0,0.40785759687423706,0
2,P10,P10,Post_P10,0,0.4137742817401886,0
2,P10,P10,Post_P10,0,0.37881040573120117,0
2,P10,P10,Post_P10,0,0.5505569577217102,1
2,P10,P10,Post_P10,0,0.4954036772251129,0
2,P10,P10,Post_P10,0,0.530300498008728,1
2,P10,P10,Post_P10,0,0.6018533706665039,1
2,P10,P10,Post_P10,0,0.38744786381721497,0
2,P10,P10,Post_P10,0,0.5044596195220947,1
2,P10,P10,Post_P10,0,0.5320594310760498,1
2,P10,P10,Post_P10,0,0.4888104498386383,0
2,P10,P10,Post_P10,0,0.48273083567619324,0
2,P10,P10,Post_P10,0,0.35307860374450684,0
2,P10,P10,Post_P10,0,0.44803792238235474,0
2,P10,P10,Post_P10,0,0.48412689566612244,0
2,P10,P10,Post_P10,0,0.43863213062286377,0
2,P10,P10,Post_P10,0,0.5651630163192749,1
2,P10,P10,Post_P10,0,0.36435091495513916,0
2,P10,P10,Post_P10,0,0.5633178353309631,1
2,P10,P10,Post_P10,0,0.48447898030281067,0
2,P10,P10,Post_P10,0,0.5775266289710999,1
2,P10,P10,Post_P10,0,0.49921491742134094,0
2,P10,P10,Post_P10,0,0.4538624584674835,0
2,P10,P10,Post_P10,0,0.48772305250167847,0
2,P10,P10,Post_P10,0,0.5024392008781433,1
2,P10,P10,Post_P10,0,0.38452503085136414,0
2,P10,P10,Post_P10,0,0.48325788974761963,0
2,P10,P10,Post_P10,0,0.42027023434638977,0
2,P10,P10,Post_P10,0,0.5775084495544434,1
2,P10,P10,Post_P10,0,0.4073837101459503,0
2,P10,P10,Post_P10,0,0.4795379936695099,0
2,P10,P10,Post_P10,0,0.44201529026031494,0
2,P10,P10,Post_P10,0,0.5700927972793579,1
2,P10,P10,Post_P10,0,0.4949227571487427,0
2,P10,P10,Post_P10,0,0.5276606678962708,1
2,P10,P10,Post_P10,0,0.3550019860267639,0
2,P10,P10,Post_P10,0,0.38110074400901794,0
2,P10,P10,Post_P10,0,0.40723809599876404,0
2,P10,P10,Post_P10,0,0.4113234579563141,0
2,P10,P10,Post_P10,0,0.36309850215911865,0
2,P10,P10,Post_P10,0,0.5348641276359558,1
2,P10,P10,Post_P10,0,0.4899161458015442,0
2,P10,P10,Post_P10,0,0.3931099474430084,0
2,P10,P10,Post_P10,0,0.3527686595916748,0
2,P10,P10,Post_P10,0,0.4087233245372772,0
2,P10,P10,Post_P10,0,0.5111716389656067,1
2,P10,P10,Post_P10,0,0.42733168601989746,0
2,P10,P10,Post_P10,0,0.45311370491981506,0
2,P10,P10,Post_P10,0,0.5176377296447754,1
2,P10,P10,Post_P10,0,0.47648608684539795,0
2,P10,P10,Post_P10,0,0.4809473156929016,0
2,P10,P10,Post_P10,0,0.44091373682022095,0
2,P10,P10,Post_P10,0,0.4246187210083008,0
2,P10,P10,Post_P10,0,0.38563838601112366,0
2,P10,P10,Post_P10,0,0.45661601424217224,0
2,P10,P10,Post_P10,0,0.446279376745224,0
2,P10,P10,Post_P10,0,0.4770730435848236,0
2,P10,P10,Post_P10,0,0.49052244424819946,0
2,P10,P10,Post_P10,0,0.4078856110572815,0
2,P10,P10,Post_P10,0,0.4071759581565857,0
2,P10,P10,Post_P10,0,0.4143681526184082,0
2,P10,P10,Post_P10,0,0.5031810402870178,1
2,P10,P10,Post_P10,0,0.4664355218410492,0
2,P10,P10,Post_P10,0,0.5569112300872803,1
2,P10,P10,Post_P10,0,0.4493948817253113,0
2,P10,P10,Post_P10,0,0.5345878601074219,1
2,P10,P10,Post_P10,0,0.44951707124710083,0
2,P10,P10,Post_P10,0,0.5769328474998474,1
2,P10,P10,Post_P10,0,0.46139755845069885,0
2,P10,P10,Post_P10,0,0.5135564804077148,1
2,P10,P10,Post_P10,0,0.4997597932815552,0
2,P10,P10,Post_P10,0,0.4901774227619171,0
2,P10,P10,Post_P10,0,0.39978665113449097,0
2,P10,P10,Post_P10,0,0.4204338490962982,0
2,P10,P10,Post_P10,0,0.5425259470939636,1
2,P10,P10,Post_P10,0,0.5773816108703613,1
2,P10,P10,Post_P10,0,0.39827853441238403,0
2,P10,P10,Post_P10,0,0.48795533180236816,0
2,P10,P10,Post_P10,0,0.5771083235740662,1
2,P10,P10,Post_P10,0,0.45975345373153687,0
2,P10,P10,Post_P10,0,0.48367300629615784,0
2,P10,P10,Post_P10,0,0.41378340125083923,0
2,P10,P10,Post_P10,0,0.42215797305107117,0
2,P10,P10,Post_P10,0,0.4949074387550354,0
2,P10,P10,Post_P10,0,0.5787977576255798,1
2,P10,P10,Post_P10,0,0.41718801856040955,0
2,P10,P10,Post_P10,0,0.43955931067466736,0
2,P10,P10,Post_P10,0,0.5616037845611572,1
2,P10,P10,Post_P10,0,0.4855932593345642,0
2,P10,P10,Post_P10,0,0.4060908854007721,0
2,P10,P10,Post_P10,0,0.5735855102539062,1
2,P10,P10,Post_P10,0,0.39381933212280273,0
2,P10,P10,Post_P10,0,0.5384204983711243,1
2,P10,P10,Post_P10,0,0.40776482224464417,0
2,P10,P10,Post_P10,0,0.4158453941345215,0
2,P10,P10,Post_P10,0,0.5775268077850342,1
2,P10,P10,Post_P10,0,0.49070316553115845,0
2,P10,P10,Post_P10,0,0.37832021713256836,0
2,P10,P10,Post_P10,0,0.4165997803211212,0
2,P10,P10,Post_P10,0,0.5735517144203186,1
2,P10,P10,Post_P10,0,0.508452832698822,1
2,P10,P10,Post_P10,0,0.4273408353328705,0
2,P10,P10,Post_P10,0,0.45365259051322937,0
2,P10,P10,Post_P10,0,0.3754965662956238,0
2,P10,P10,Post_P10,0,0.5707625150680542,1
2,P10,P10,Post_P10,0,0.4089556038379669,0
2,P10,P10,Post_P10,0,0.4863220453262329,0
2,P10,P10,Post_P10,0,0.4290773570537567,0
2,P10,P10,Post_P10,0,0.4091223180294037,0
2,P10,P10,Post_P10,0,0.4245496988296509,0
2,P10,P10,Post_P10,0,0.4887687563896179,0
2,P10,P10,Post_P10,0,0.4206182360649109,0
2,P10,P10,Post_P10,0,0.553538978099823,1
2,P10,P10,Post_P10,0,0.48315364122390747,0
2,P10,P10,Post_P10,0,0.4178215265274048,0
2,P10,P10,Post_P10,0,0.39142292737960815,0
2,P10,P10,Post_P10,0,0.47335344552993774,0
2,P10,P10,Post_P10,0,0.4643370509147644,0
2,P10,P10,Post_P10,0,0.3870745897293091,0
2,P10,P10,Post_P10,0,0.38885197043418884,0
2,P10,P10,Post_P10,0,0.4387163817882538,0
2,P10,P10,Post_P10,0,0.37595847249031067,0
2,P10,P10,Post_P10,0,0.48925089836120605,0
2,P10,P10,Post_P10,0,0.42628324031829834,0
2,P10,P10,Post_P10,0,0.5174257159233093,1
2,P10,P10,Post_P10,0,0.4951719045639038,0
2,P10,P10,Post_P10,0,0.45475488901138306,0
2,P10,P10,Post_P10,0,0.49196481704711914,0
2,P10,P10,Post_P10,0,0.4113360345363617,0
2,P10,P10,Post_P10,0,0.4784643352031708,0
2,P10,P10,Post_P10,0,0.396403968334198,0
2,P10,P10,Post_P10,0,0.40503406524658203,0
2,P10,P10,Post_P10,0,0.37617385387420654,0
2,P10,P10,Post_P10,0,0.514340877532959,1
2,P10,P10,Post_P10,0,0.42440587282180786,0
2,P10,P10,Post_P10,0,0.3904253840446472,0
2,P10,P10,Post_P10,0,0.4149095416069031,0
2,P10,P10,Post_P10,0,0.5789511203765869,1
2,P10,P10,Post_P10,0,0.5453816056251526,1
2,P10,P10,Post_P10,0,0.4972624182701111,0
2,P10,P10,Post_P10,0,0.49898165464401245,0
2,P10,P10,Post_P10,0,0.4171091318130493,0
2,P10,P10,Post_P10,0,0.5575899481773376,1
2,P10,P10,Post_P10,0,0.5775114297866821,1
2,P10,P10,Post_P10,0,0.4983678162097931,0
2,P10,P10,Post_P10,0,0.5770115852355957,1
2,P10,P10,Post_P10,0,0.38986092805862427,0
2,P10,P10,Post_P10,0,0.35415419936180115,0
2,P10,P10,Post_P10,0,0.37015941739082336,0
2,P10,P10,Post_P10,0,0.40041616559028625,0
2,P10,P10,Post_P10,0,0.4909989535808563,0
2,P10,P10,Post_P10,0,0.5334444642066956,1
2,P10,P10,Post_P10,0,0.5488086342811584,1
2,P10,P10,Post_P10,0,0.4335951805114746,0
2,P10,P10,Post_P10,0,0.5712529420852661,1
2,P10,P10,Post_P10,0,0.4425005316734314,0
2,P10,P10,Post_P10,0,0.5806885361671448,1
2,P10,P10,Post_P10,0,0.40416282415390015,0
2,P10,P10,Post_P10,0,0.3886442482471466,0
2,P10,P10,Post_P10,0,0.5025666356086731,1
2,P10,P10,Post_P10,0,0.48277947306632996,0
2,P10,P10,Post_P10,0,0.5447546243667603,1
2,P10,P10,Post_P10,0,0.38620269298553467,0
2,P10,P10,Post_P10,0,0.41709285974502563,0
2,P10,P10,Post_P10,0,0.5669378638267517,1
2,P10,P10,Post_P10,0,0.5626721382141113,1
2,P10,P10,Post_P10,0,0.39802879095077515,0
2,P10,P10,Post_P10,0,0.5420763492584229,1
2,P10,P10,Post_P10,0,0.39787572622299194,0
2,P10,P10,Post_P10,0,0.4045422077178955,0
2,P10,P10,Post_P10,0,0.39036375284194946,0
2,P10,P10,Post_P10,0,0.5103411078453064,1
2,P10,P10,Post_P10,0,0.53961181640625,1
2,P10,P10,Post_P10,0,0.3755814731121063,0
2,P10,P10,Post_P10,0,0.5118411183357239,1
2,P10,P10,Post_P10,0,0.35459011793136597,0
2,P10,P10,Post_P10,0,0.5038090348243713,1
2,P10,P10,Post_P10,0,0.3977002799510956,0
2,P10,P10,Post_P10,0,0.3644574284553528,0
2,P10,P10,Post_P10,0,0.48771917819976807,0
2,P10,P10,Post_P10,0,0.4182533621788025,0
2,P10,P10,Post_P10,0,0.46132808923721313,0
2,P10,P10,Post_P10,0,0.4021635353565216,0
2,P10,P10,Post_P10,0,0.3987882733345032,0
2,P10,P10,Post_P10,0,0.38617900013923645,0
2,P10,P10,Post_P10,0,0.4545336365699768,0
2,P10,P10,Post_P10,0,0.42103108763694763,0
2,P10,P10,Post_P10,0,0.42881545424461365,0
2,P10,P10,Post_P10,0,0.45615002512931824,0
2,P10,P10,Post_P10,0,0.568273663520813,1
2,P10,P10,Post_P10,0,0.5706615447998047,1
2,P10,P10,Post_P10,0,0.47645437717437744,0
2,P10,P10,Post_P10,0,0.43506741523742676,0
2,P10,P10,Post_P10,0,0.47601187229156494,0
2,P10,P10,Post_P10,0,0.49013662338256836,0
2,P10,P10,Post_P10,0,0.471636027097702,0
2,P10,P10,Post_P10,0,0.4468644857406616,0
2,P10,P10,Post_P10,0,0.5285726189613342,1
2,P10,P10,Post_P10,0,0.44151726365089417,0
2,P10,P10,Post_P10,0,0.4200232923030853,0
2,P10,P10,Post_P10,0,0.5323880314826965,1
2,P10,P10,Post_P10,0,0.4917626976966858,0
2,P10,P10,Post_P10,0,0.4018576443195343,0
2,P10,P10,Post_P10,0,0.4210813045501709,0
2,P10,P10,Post_P10,0,0.4911593496799469,0
2,P10,P10,Post_P10,0,0.38917142152786255,0
2,P10,P10,Post_P10,0,0.49343615770339966,0
2,P10,P10,Post_P10,0,0.49536365270614624,0
2,P10,P10,Post_P10,0,0.4394870102405548,0
2,P10,P10,Post_P10,0,0.4485381841659546,0
2,P10,P10,Post_P10,0,0.37848252058029175,0
2,P10,P10,Post_P10,0,0.4200232923030853,0
2,P10,P10,Post_P10,0,0.4913860261440277,0
2,P10,P10,Post_P10,0,0.45172256231307983,0
2,P10,P10,Post_P10,0,0.4135826826095581,0
2,P10,P10,Post_P10,0,0.49476441740989685,0
2,P10,P10,Post_P10,0,0.46092796325683594,0
2,P10,P10,Post_P10,0,0.5239939093589783,1
2,P10,P10,Post_P10,0,0.48970937728881836,0
2,P10,P10,Post_P10,0,0.45627397298812866,0
2,P10,P10,Post_P10,0,0.42407238483428955,0
2,P10,P10,Post_P10,0,0.40734219551086426,0
2,P10,P10,Post_P10,0,0.47435179352760315,0
2,P10,P10,Post_P10,0,0.44780445098876953,0
2,P10,P10,Post_P10,0,0.4936525523662567,0
2,P10,P10,Post_P10,0,0.4490456283092499,0
2,P10,P10,Post_P10,0,0.5700549483299255,1
2,P10,P10,Post_P10,0,0.43212011456489563,0
2,P10,P10,Post_P10,0,0.4936525523662567,0
2,P10,P10,Post_P10,0,0.4316294491291046,0
2,P10,P10,Post_P10,0,0.4763735234737396,0
2,P10,P10,Post_P10,0,0.44438472390174866,0
2,P10,P10,Post_P10,0,0.5131685137748718,1
2,P10,P10,Post_P10,0,0.5225464105606079,1
2,P10,P10,Post_P10,0,0.4334504306316376,0
2,P10,P10,Post_P10,0,0.4607546031475067,0
2,P10,P10,Post_P10,0,0.41271620988845825,0
2,P10,P10,Post_P10,0,0.42787110805511475,0
2,P10,P10,Post_P10,0,0.39914393424987793,0
2,P10,P10,Post_P10,0,0.3933509290218353,0
2,P10,P10,Post_P10,0,0.4279470145702362,0
2,P10,P10,Post_P10,0,0.5524044632911682,1
2,P10,P10,Post_P10,0,0.4086472690105438,0
2,P10,P10,Post_P10,0,0.4324873983860016,0
2,P10,P10,Post_P10,0,0.5130515694618225,1
2,P10,P10,Post_P10,0,0.3894636034965515,0
2,P10,P10,Post_P10,0,0.43195652961730957,0
2,P10,P10,Post_P10,0,0.47415971755981445,0
2,P10,P10,Post_P10,0,0.4742918312549591,0
2,P10,P10,Post_P10,0,0.49843859672546387,0
2,P10,P10,Post_P10,0,0.4932120740413666,0
2,P10,P10,Post_P10,0,0.4189540147781372,0
2,P10,P10,Post_P10,0,0.46742093563079834,0
2,P10,P10,Post_P10,0,0.39980798959732056,0
2,P10,P10,Post_P10,0,0.40493565797805786,0
2,P10,P10,Post_P10,0,0.6019495129585266,1
2,P10,P10,Post_P10,0,0.4718569219112396,0
2,P10,P10,Post_P10,0,0.4541098475456238,0
2,P10,P10,Post_P10,0,0.41310250759124756,0
2,P10,P10,Post_P10,0,0.3933509290218353,0
2,P10,P10,Post_P10,0,0.42173314094543457,0
2,P10,P10,Post_P10,0,0.4908704459667206,0
2,P10,P10,Post_P10,0,0.5474843382835388,1
2,P10,P10,Post_P10,0,0.4183533191680908,0
2,P10,P10,Post_P10,0,0.461101233959198,0
2,P10,P10,Post_P10,0,0.4695744812488556,0
2,P10,P10,Post_P10,0,0.4069417715072632,0
2,P10,P10,Post_P10,0,0.48223936557769775,0
2,P10,P10,Post_P10,0,0.4175233244895935,0
2,P10,P10,Post_P10,0,0.5634066462516785,1
2,P10,P10,Post_P10,0,0.37861168384552,0
2,P10,P10,Post_P10,0,0.4189540147781372,0
2,P10,P10,Post_P10,0,0.5839748382568359,1
2,P10,P10,Post_P10,0,0.5609042644500732,1
2,P10,P10,Post_P10,0,0.5451115369796753,1
2,P10,P10,Post_P10,0,0.6019495129585266,1
2,P10,P10,Post_P10,0,0.5065695643424988,1
2,P10,P10,Post_P10,0,0.4026947021484375,0
3,P11,P11,Post_P11,0,0.4632483720779419,0
3,P11,P11,Post_P11,0,0.4960922300815582,0
3,P11,P11,Post_P11,0,0.4878475069999695,0
3,P11,P11,Post_P11,0,0.3845709562301636,0
3,P11,P11,Post_P11,0,0.5003718137741089,1
3,P11,P11,Post_P11,0,0.49741432070732117,0
3,P11,P11,Post_P11,0,0.5425961017608643,1
3,P11,P11,Post_P11,0,0.3685474693775177,0
3,P11,P11,Post_P11,0,0.5219216346740723,1
3,P11,P11,Post_P11,0,0.4545440077781677,0
3,P11,P11,Post_P11,0,0.3956972658634186,0
3,P11,P11,Post_P11,0,0.4684426784515381,0
3,P11,P11,Post_P11,0,0.45867103338241577,0
3,P11,P11,Post_P11,0,0.5115298628807068,1
3,P11,P11,Post_P11,0,0.5550790429115295,1
3,P11,P11,Post_P11,0,0.5200472474098206,1
3,P11,P11,Post_P11,0,0.5171804428100586,1
3,P11,P11,Post_P11,0,0.3919062614440918,0
3,P11,P11,Post_P11,0,0.5363625884056091,1
3,P11,P11,Post_P11,0,0.39087510108947754,0
3,P11,P11,Post_P11,0,0.5159636735916138,1
3,P11,P11,Post_P11,0,0.4285040497779846,0
3,P11,P11,Post_P11,0,0.45760229229927063,0
3,P11,P11,Post_P11,0,0.5078235864639282,1
3,P11,P11,Post_P11,0,0.5080522894859314,1
3,P11,P11,Post_P11,0,0.5107225179672241,1
3,P11,P11,Post_P11,0,0.5038430094718933,1
3,P11,P11,Post_P11,0,0.4930230677127838,0
3,P11,P11,Post_P11,0,0.5097578167915344,1
3,P11,P11,Post_P11,0,0.41211163997650146,0
3,P11,P11,Post_P11,0,0.4906792938709259,0
3,P11,P11,Post_P11,0,0.4679213762283325,0
3,P11,P11,Post_P11,0,0.5485876202583313,1
3,P11,P11,Post_P11,0,0.5252808332443237,1
3,P11,P11,Post_P11,0,0.45654505491256714,0
3,P11,P11,Post_P11,0,0.45910024642944336,0
3,P11,P11,Post_P11,0,0.5820563435554504,1
3,P11,P11,Post_P11,0,0.47221651673316956,0
3,P11,P11,Post_P11,0,0.4688931405544281,0
3,P11,P11,Post_P11,0,0.5806383490562439,1
3,P11,P11,Post_P11,0,0.46070364117622375,0
3,P11,P11,Post_P11,0,0.5854173302650452,1
3,P11,P11,Post_P11,0,0.54278165102005,1
3,P11,P11,Post_P11,0,0.47527459263801575,0
3,P11,P11,Post_P11,0,0.5828068256378174,1
3,P11,P11,Post_P11,0,0.45589685440063477,0
3,P11,P11,Post_P11,0,0.47346967458724976,0
3,P11,P11,Post_P11,0,0.5003011226654053,1
3,P11,P11,Post_P11,0,0.49280908703804016,0
3,P11,P11,Post_P11,0,0.5801382660865784,1
3,P11,P11,Post_P11,0,0.5098389387130737,1
3,P11,P11,Post_P11,0,0.45722198486328125,0
3,P11,P11,Post_P11,0,0.5154416561126709,1
3,P11,P11,Post_P11,0,0.5546872019767761,1
3,P11,P11,Post_P11,0,0.3893698751926422,0
3,P11,P11,Post_P11,0,0.4833487272262573,0
3,P11,P11,Post_P11,0,0.5051125288009644,1
3,P11,P11,Post_P11,0,0.4518013894557953,0
3,P11,P11,Post_P11,0,0.5113933682441711,1
3,P11,P11,Post_P11,0,0.490176260471344,0
3,P11,P11,Post_P11,0,0.5496294498443604,1
3,P11,P11,Post_P11,0,0.4634154736995697,0
3,P11,P11,Post_P11,0,0.5503031611442566,1
3,P11,P11,Post_P11,0,0.41716137528419495,0
3,P11,P11,Post_P11,0,0.5626162886619568,1
3,P11,P11,Post_P11,0,0.45998498797416687,0
3,P11,P11,Post_P11,0,0.3606114983558655,0
3,P11,P11,Post_P11,0,0.47801458835601807,0
3,P11,P11,Post_P11,0,0.579090416431427,1
3,P11,P11,Post_P11,0,0.46193593740463257,0
3,P11,P11,Post_P11,0,0.5869632959365845,1
3,P11,P11,Post_P11,0,0.5815146565437317,1
3,P11,P11,Post_P11,0,0.5004488825798035,1
3,P11,P11,Post_P11,0,0.5760221481323242,1
3,P11,P11,Post_P11,0,0.43209728598594666,0
3,P11,P11,Post_P11,0,0.5061336755752563,1
3,P11,P11,Post_P11,0,0.5189632773399353,1
3,P11,P11,Post_P11,0,0.4861058294773102,0
3,P11,P11,Post_P11,0,0.5577487349510193,1
3,P11,P11,Post_P11,0,0.48091432452201843,0
3,P11,P11,Post_P11,0,0.37554335594177246,0
3,P11,P11,Post_P11,0,0.488212913274765,0
3,P11,P11,Post_P11,0,0.5564013123512268,1
3,P11,P11,Post_P11,0,0.5588545799255371,1
3,P11,P11,Post_P11,0,0.5713568925857544,1
3,P11,P11,Post_P11,0,0.5806383490562439,1
3,P11,P11,Post_P11,0,0.5246405601501465,1
3,P11,P11,Post_P11,0,0.41786298155784607,0
3,P11,P11,Post_P11,0,0.5095306634902954,1
3,P11,P11,Post_P11,0,0.5193730592727661,1
3,P11,P11,Post_P11,0,0.4493327736854553,0
3,P11,P11,Post_P11,0,0.49133455753326416,0
3,P11,P11,Post_P11,0,0.4637022912502289,0
3,P11,P11,Post_P11,0,0.36686596274375916,0
3,P11,P11,Post_P11,0,0.5003283619880676,1
3,P11,P11,Post_P11,0,0.4830075204372406,0
3,P11,P11,Post_P11,0,0.45351701974868774,0
3,P11,P11,Post_P11,0,0.522975742816925,1
3,P11,P11,Post_P11,0,0.4358479976654053,0
3,P11,P11,Post_P11,0,0.48021066188812256,0
3,P11,P11,Post_P11,0,0.5554423928260803,1
3,P11,P11,Post_P11,0,0.5188053846359253,1
3,P11,P11,Post_P11,0,0.5663314461708069,1
3,P11,P11,Post_P11,0,0.5566366910934448,1
3,P11,P11,Post_P11,0,0.5188213586807251,1
3,P11,P11,Post_P11,0,0.5189152956008911,1
3,P11,P11,Post_P11,0,0.5762505531311035,1
3,P11,P11,Post_P11,0,0.4667063057422638,0
3,P11,P11,Post_P11,0,0.5085354447364807,1
3,P11,P11,Post_P11,0,0.35162782669067383,0
3,P11,P11,Post_P11,0,0.5529919862747192,1
3,P11,P11,Post_P11,0,0.587268590927124,1
3,P11,P11,Post_P11,0,0.5859058499336243,1
3,P11,P11,Post_P11,0,0.408378005027771,0
3,P11,P11,Post_P11,0,0.4098016321659088,0
3,P11,P11,Post_P11,0,0.4152756631374359,0
3,P11,P11,Post_P11,0,0.5271422266960144,1
3,P11,P11,Post_P11,0,0.5291877388954163,1
3,P11,P11,Post_P11,0,0.5127496719360352,1
3,P11,P11,Post_P11,0,0.546513020992279,1
3,P11,P11,Post_P11,0,0.4520048499107361,0
3,P11,P11,Post_P11,0,0.36712974309921265,0
3,P11,P11,Post_P11,0,0.44839128851890564,0
3,P11,P11,Post_P11,0,0.4327434003353119,0
3,P11,P11,Post_P11,0,0.42442628741264343,0
3,P11,P11,Post_P11,0,0.5809835195541382,1
3,P11,P11,Post_P11,0,0.4537303149700165,0
3,P11,P11,Post_P11,0,0.5338528156280518,1
3,P11,P11,Post_P11,0,0.5228067636489868,1
3,P11,P11,Post_P11,0,0.5071547031402588,1
3,P11,P11,Post_P11,0,0.5494930148124695,1
3,P11,P11,Post_P11,0,0.4963248074054718,0
3,P11,P11,Post_P11,0,0.5586674213409424,1
3,P11,P11,Post_P11,0,0.45711126923561096,0
3,P11,P11,Post_P11,0,0.5454331040382385,1
3,P11,P11,Post_P11,0,0.45218729972839355,0
3,P11,P11,Post_P11,0,0.5280226469039917,1
3,P11,P11,Post_P11,0,0.5185824632644653,1
3,P11,P11,Post_P11,0,0.4910484254360199,0
3,P11,P11,Post_P11,0,0.5529919862747192,1
3,P11,P11,Post_P11,0,0.5434465408325195,1
3,P11,P11,Post_P11,0,0.574006974697113,1
3,P11,P11,Post_P11,0,0.5825453400611877,1
3,P11,P11,Post_P11,0,0.4098016321659088,0
3,P11,P11,Post_P11,0,0.5124395489692688,1
3,P11,P11,Post_P11,0,0.4667339324951172,0
3,P11,P11,Post_P11,0,0.37213805317878723,0
3,P11,P11,Post_P11,0,0.5275124311447144,1
3,P11,P11,Post_P11,0,0.415732204914093,0
3,P11,P11,Post_P11,0,0.5507714152336121,1
3,P11,P11,Post_P11,0,0.5050305724143982,1
3,P11,P11,Post_P11,0,0.4757869839668274,0
3,P11,P11,Post_P11,0,0.500977098941803,1
3,P11,P11,Post_P11,0,0.5811039209365845,1
3,P11,P11,Post_P11,0,0.4767768979072571,0
3,P11,P11,Post_P11,0,0.5314159989356995,1
3,P11,P11,Post_P11,0,0.471221923828125,0
3,P11,P11,Post_P11,0,0.5640291571617126,1
3,P11,P11,Post_P11,0,0.5843402147293091,1
3,P11,P11,Post_P11,0,0.5822374820709229,1
3,P11,P11,Post_P11,0,0.4551096260547638,0
3,P11,P11,Post_P11,0,0.4941598176956177,0
3,P11,P11,Post_P11,0,0.511667013168335,1
3,P11,P11,Post_P11,0,0.5633041262626648,1
3,P11,P11,Post_P11,0,0.49470534920692444,0
3,P11,P11,Post_P11,0,0.5171621441841125,1
3,P11,P11,Post_P11,0,0.5165295600891113,1
3,P11,P11,Post_P11,0,0.47937148809432983,0
3,P11,P11,Post_P11,0,0.5176746249198914,1
3,P11,P11,Post_P11,0,0.542544424533844,1
3,P11,P11,Post_P11,0,0.540571928024292,1
3,P11,P11,Post_P11,0,0.3963640034198761,0
3,P11,P11,Post_P11,0,0.5023940801620483,1
3,P11,P11,Post_P11,0,0.5052013397216797,1
3,P11,P11,Post_P11,0,0.3964942693710327,0
3,P11,P11,Post_P11,0,0.4919358491897583,0
3,P11,P11,Post_P11,0,0.4042803943157196,0
3,P11,P11,Post_P11,0,0.4899507761001587,0
3,P11,P11,Post_P11,0,0.39440542459487915,0
3,P11,P11,Post_P11,0,0.4830836355686188,0
3,P11,P11,Post_P11,0,0.5255785584449768,1
3,P11,P11,Post_P11,0,0.4840977191925049,0
3,P11,P11,Post_P11,0,0.5868986248970032,1
3,P11,P11,Post_P11,0,0.5110148191452026,1
3,P11,P11,Post_P11,0,0.46233606338500977,0
3,P11,P11,Post_P11,0,0.46401119232177734,0
3,P11,P11,Post_P11,0,0.5772556662559509,1
3,P11,P11,Post_P11,0,0.5118589997291565,1
3,P11,P11,Post_P11,0,0.5568110346794128,1
3,P11,P11,Post_P11,0,0.3837212026119232,0
3,P11,P11,Post_P11,0,0.4112844169139862,0
3,P11,P11,Post_P11,0,0.40589243173599243,0
3,P11,P11,Post_P11,0,0.4889402985572815,0
3,P11,P11,Post_P11,0,0.41063234210014343,0
3,P11,P11,Post_P11,0,0.5117709636688232,1
3,P11,P11,Post_P11,0,0.45965489745140076,0
3,P11,P11,Post_P11,0,0.5430644750595093,1
3,P11,P11,Post_P11,0,0.4821231961250305,0
3,P11,P11,Post_P11,0,0.4112844169139862,0
3,P11,P11,Post_P11,0,0.5353399515151978,1
3,P11,P11,Post_P11,0,0.367706835269928,0
3,P11,P11,Post_P11,0,0.5061830878257751,1
3,P11,P11,Post_P11,0,0.5839663743972778,1
3,P11,P11,Post_P11,0,0.49428367614746094,0
3,P11,P11,Post_P11,0,0.5435389876365662,1
3,P11,P11,Post_P11,0,0.5442128777503967,1
3,P11,P11,Post_P11,0,0.5831961631774902,1
3,P11,P11,Post_P11,0,0.41635197401046753,0
3,P11,P11,Post_P11,0,0.46801087260246277,0
3,P11,P11,Post_P11,0,0.46018946170806885,0
3,P11,P11,Post_P11,0,0.396244615316391,0
3,P11,P11,Post_P11,0,0.5435389876365662,1
3,P11,P11,Post_P11,0,0.49975550174713135,0
3,P11,P11,Post_P11,0,0.5754160284996033,1
3,P11,P11,Post_P11,0,0.5147955417633057,1
3,P11,P11,Post_P11,0,0.4918253719806671,0
3,P11,P11,Post_P11,0,0.47236111760139465,0
3,P11,P11,Post_P11,0,0.4665165841579437,0
3,P11,P11,Post_P11,0,0.5241947770118713,1
3,P11,P11,Post_P11,0,0.5950095057487488,1
3,P11,P11,Post_P11,0,0.5348254442214966,1
3,P11,P11,Post_P11,0,0.5439849495887756,1
3,P11,P11,Post_P11,0,0.5603922605514526,1
3,P11,P11,Post_P11,0,0.508156955242157,1
3,P11,P11,Post_P11,0,0.5202022194862366,1
3,P11,P11,Post_P11,0,0.4604892432689667,0
3,P11,P11,Post_P11,0,0.44433051347732544,0
3,P11,P11,Post_P11,0,0.564204216003418,1
3,P11,P11,Post_P11,0,0.4421404004096985,0
3,P11,P11,Post_P11,0,0.5045075416564941,1
3,P11,P11,Post_P11,0,0.4612385928630829,0
3,P11,P11,Post_P11,0,0.5100587606430054,1
3,P11,P11,Post_P11,0,0.49903109669685364,0
3,P11,P11,Post_P11,0,0.4949922561645508,0
3,P11,P11,Post_P11,0,0.4433750510215759,0
3,P11,P11,Post_P11,0,0.4257681369781494,0
3,P11,P11,Post_P11,0,0.44065243005752563,0
3,P11,P11,Post_P11,0,0.465107798576355,0
3,P11,P11,Post_P11,0,0.5828948616981506,1
3,P11,P11,Post_P11,0,0.49996519088745117,0
3,P11,P11,Post_P11,0,0.4528207778930664,0
3,P11,P11,Post_P11,0,0.3765535354614258,0
3,P11,P11,Post_P11,0,0.4799804091453552,0
3,P11,P11,Post_P11,0,0.5122844576835632,1
3,P11,P11,Post_P11,0,0.5602983832359314,1
3,P11,P11,Post_P11,0,0.5847890973091125,1
3,P11,P11,Post_P11,0,0.4654175043106079,0
3,P11,P11,Post_P11,0,0.49593719840049744,0
3,P11,P11,Post_P11,0,0.5316833257675171,1
3,P11,P11,Post_P11,0,0.5627366304397583,1
3,P11,P11,Post_P11,0,0.512467086315155,1
3,P11,P11,Post_P11,0,0.5168935656547546,1
3,P11,P11,Post_P11,0,0.5281727910041809,1
3,P11,P11,Post_P11,0,0.43605709075927734,0
3,P11,P11,Post_P11,0,0.41956233978271484,0
3,P11,P11,Post_P11,0,0.5457161664962769,1
3,P11,P11,Post_P11,0,0.5501929521560669,1
3,P11,P11,Post_P11,0,0.5979623198509216,1
3,P11,P11,Post_P11,0,0.5581458806991577,1
3,P11,P11,Post_P11,0,0.40693825483322144,0
3,P11,P11,Post_P11,0,0.48383402824401855,0
3,P11,P11,Post_P11,0,0.49668699502944946,0
3,P11,P11,Post_P11,0,0.5055264830589294,1
3,P11,P11,Post_P11,0,0.518294095993042,1
3,P11,P11,Post_P11,0,0.5083062648773193,1
3,P11,P11,Post_P11,0,0.4674855172634125,0
3,P11,P11,Post_P11,0,0.5329105257987976,1
3,P11,P11,Post_P11,0,0.5732995867729187,1
3,P11,P11,Post_P11,0,0.38021397590637207,0
3,P11,P11,Post_P11,0,0.5346702337265015,1
3,P11,P11,Post_P11,0,0.4650964140892029,0
3,P11,P11,Post_P11,0,0.5316135883331299,1
3,P11,P11,Post_P11,0,0.5323067307472229,1
3,P11,P11,Post_P11,0,0.5142467617988586,1
3,P11,P11,Post_P11,0,0.4062246084213257,0
3,P11,P11,Post_P11,0,0.48903602361679077,0
3,P11,P11,Post_P11,0,0.5291496515274048,1
3,P11,P11,Post_P11,0,0.5593003630638123,1
3,P11,P11,Post_P11,0,0.5586669445037842,1
3,P11,P11,Post_P11,0,0.3588501811027527,0
3,P11,P11,Post_P11,0,0.47364792227745056,0
3,P11,P11,Post_P11,0,0.4878016412258148,0
3,P11,P11,Post_P11,0,0.5129711627960205,1
3,P11,P11,Post_P11,0,0.5384324789047241,1
3,P11,P11,Post_P11,0,0.5770772099494934,1
3,P11,P11,Post_P11,0,0.3846282362937927,0
3,P11,P11,Post_P11,0,0.5482829213142395,1
3,P11,P11,Post_P11,0,0.5194004774093628,1
3,P11,P11,Post_P11,0,0.45788905024528503,0
3,P11,P11,Post_P11,0,0.5553461313247681,1
3,P11,P11,Post_P11,0,0.4917312264442444,0
3,P11,P11,Post_P11,0,0.536321759223938,1
3,P11,P11,Post_P11,0,0.44557392597198486,0
3,P11,P11,Post_P11,0,0.5035436153411865,1
3,P11,P11,Post_P11,0,0.5790205001831055,1
3,P11,P11,Post_P11,0,0.3948688507080078,0
3,P11,P11,Post_P11,0,0.505059003829956,1
3,P11,P11,Post_P11,0,0.41562947630882263,0
3,P11,P11,Post_P11,0,0.5120808482170105,1
3,P11,P11,Post_P11,0,0.5202041268348694,1
3,P11,P11,Post_P11,0,0.45806583762168884,0
3,P11,P11,Post_P11,0,0.5740907192230225,1
3,P11,P11,Post_P11,0,0.4359242618083954,0
3,P11,P11,Post_P11,0,0.5311722755432129,1
3,P11,P11,Post_P11,0,0.5806951522827148,1
3,P11,P11,Post_P11,0,0.5871396660804749,1
3,P11,P11,Post_P11,0,0.5126174092292786,1
3,P11,P11,Post_P11,0,0.4300578236579895,0
3,P11,P11,Post_P11,0,0.4889354109764099,0
3,P11,P11,Post_P11,0,0.5682882070541382,1
3,P11,P11,Post_P11,0,0.4554240107536316,0
3,P11,P11,Post_P11,0,0.4501952528953552,0
3,P11,P11,Post_P11,0,0.5083622932434082,1
4,P12,P12,Pre_P12,0,0.486837774515152,0
4,P12,P12,Pre_P12,0,0.4617079198360443,0
4,P12,P12,Pre_P12,0,0.5238204002380371,1
4,P12,P12,Pre_P12,0,0.5118638873100281,1
4,P12,P12,Pre_P12,0,0.491973340511322,0
4,P12,P12,Pre_P12,0,0.4879452884197235,0
4,P12,P12,Pre_P12,0,0.4925799071788788,0
4,P12,P12,Pre_P12,0,0.49215298891067505,0
4,P12,P12,Pre_P12,0,0.4871964454650879,0
4,P12,P12,Pre_P12,0,0.4987052381038666,0
4,P12,P12,Pre_P12,0,0.5203034281730652,1
4,P12,P12,Pre_P12,0,0.4987052381038666,0
4,P12,P12,Pre_P12,0,0.5079740285873413,1
4,P12,P12,Pre_P12,0,0.4925799071788788,0
4,P12,P12,Pre_P12,0,0.4998425841331482,0
4,P12,P12,Pre_P12,0,0.5060424208641052,1
4,P12,P12,Pre_P12,0,0.49063387513160706,0
4,P12,P12,Pre_P12,0,0.48946866393089294,0
4,P12,P12,Pre_P12,0,0.4871964454650879,0
4,P12,P12,Pre_P12,0,0.490797221660614,0
4,P12,P12,Pre_P12,0,0.49892300367355347,0
4,P12,P12,Pre_P12,0,0.5109708905220032,1
4,P12,P12,Pre_P12,0,0.5079015493392944,1
4,P12,P12,Pre_P12,0,0.5203034281730652,1
4,P12,P12,Pre_P12,0,0.4880965054035187,0
4,P12,P12,Pre_P12,0,0.501627504825592,1
4,P12,P12,Pre_P12,0,0.491973340511322,0
4,P12,P12,Pre_P12,0,0.4925799071788788,0
4,P12,P12,Pre_P12,0,0.4747566282749176,0
4,P12,P12,Pre_P12,0,0.4987052381038666,0
4,P12,P12,Pre_P12,0,0.48855867981910706,0
4,P12,P12,Pre_P12,0,0.49274325370788574,0
4,P12,P12,Pre_P12,0,0.491973340511322,0
4,P12,P12,Pre_P12,0,0.49300023913383484,0
4,P12,P12,Pre_P12,0,0.5037426948547363,1
4,P12,P12,Pre_P12,0,0.4775583744049072,0
4,P12,P12,Pre_P12,0,0.4617079198360443,0
4,P12,P12,Pre_P12,0,0.4860208034515381,0
4,P12,P12,Pre_P12,0,0.491973340511322,0
4,P12,P12,Pre_P12,0,0.491973340511322,0
4,P12,P12,Pre_P12,0,0.5079015493392944,1
4,P12,P12,Pre_P12,0,0.503326416015625,1
4,P12,P12,Pre_P12,0,0.5044514536857605,1
4,P12,P12,Pre_P12,0,0.4880965054035187,0
4,P12,P12,Pre_P12,0,0.4925799071788788,0
4,P12,P12,Pre_P12,0,0.49063387513160706,0
4,P12,P12,Pre_P12,0,0.491973340511322,0
4,P12,P12,Pre_P12,0,0.5198912024497986,1
4,P12,P12,Pre_P12,0,0.48521700501441956,0
4,P12,P12,Pre_P12,0,0.5001278519630432,1
4,P12,P12,Pre_P12,0,0.501543402671814,1
4,P12,P12,Pre_P12,0,0.490797221660614,0
4,P12,P12,Pre_P12,0,0.4623234272003174,0
4,P12,P12,Pre_P12,0,0.4617079198360443,0
4,P12,P12,Pre_P12,0,0.46476081013679504,0
4,P12,P12,Pre_P12,0,0.491973340511322,0
4,P12,P12,Pre_P12,0,0.477111279964447,0
4,P12,P12,Pre_P12,0,0.490797221660614,0
4,P12,P12,Pre_P12,0,0.490797221660614,0
4,P12,P12,Pre_P12,0,0.5238204002380371,1
4,P12,P12,Pre_P12,0,0.49063387513160706,0
4,P12,P12,Pre_P12,0,0.5079015493392944,1
4,P12,P12,Pre_P12,0,0.49287375807762146,0
4,P12,P12,Pre_P12,0,0.491973340511322,0
4,P12,P12,Pre_P12,0,0.4987052381038666,0
4,P12,P12,Pre_P12,0,0.5037426948547363,1
4,P12,P12,Pre_P12,0,0.491973340511322,0
4,P12,P12,Pre_P12,0,0.4880965054035187,0
4,P12,P12,Pre_P12,0,0.5041036009788513,1
4,P12,P12,Pre_P12,0,0.47666022181510925,0
4,P12,P12,Pre_P12,0,0.4987052381038666,0
4,P12,P12,Pre_P12,0,0.49287375807762146,0
4,P12,P12,Pre_P12,0,0.49892300367355347,0
4,P12,P12,Pre_P12,0,0.49147987365722656,0
4,P12,P12,Pre_P12,0,0.5203034281730652,1
4,P12,P12,Pre_P12,0,0.5079015493392944,1
4,P12,P12,Pre_P12,0,0.4858575165271759,0
4,P12,P12,Pre_P12,0,0.5077768564224243,1
4,P12,P12,Pre_P12,0,0.491973340511322,0
4,P12,P12,Pre_P12,0,0.49300023913383484,0
4,P12,P12,Pre_P12,0,0.4987052381038666,0
4,P12,P12,Pre_P12,0,0.49669528007507324,0
4,P12,P12,Pre_P12,0,0.49892300367355347,0
4,P12,P12,Pre_P12,0,0.4987052381038666,0
4,P12,P12,Pre_P12,0,0.49287375807762146,0
4,P12,P12,Pre_P12,0,0.503128170967102,1
4,P12,P12,Pre_P12,0,0.47666022181510925,0
4,P12,P12,Pre_P12,0,0.491973340511322,0
4,P12,P12,Pre_P12,0,0.49287375807762146,0
4,P12,P12,Pre_P12,0,0.5021059513092041,1
4,P12,P12,Pre_P12,0,0.4871964454650879,0
4,P12,P12,Pre_P12,0,0.5203034281730652,1
4,P12,P12,Pre_P12,0,0.49892300367355347,0
4,P12,P12,Pre_P12,0,0.49287375807762146,0
4,P12,P12,Pre_P12,0,0.4987052381038666,0
4,P12,P12,Pre_P12,0,0.4987052381038666,0
4,P12,P12,Pre_P12,0,0.491973340511322,0
4,P12,P12,Pre_P12,0,0.47564032673835754,0
4,P12,P12,Pre_P12,0,0.504202663898468,1
4,P12,P12,Pre_P12,0,0.4987052381038666,0
4,P12,P12,Pre_P12,0,0.4795520305633545,0
4,P12,P12,Pre_P12,0,0.49892210960388184,0
4,P12,P12,Pre_P12,0,0.49063387513160706,0
4,P12,P12,Pre_P12,0,0.4987052381038666,0
4,P12,P12,Pre_P12,0,0.49287375807762146,0
4,P12,P12,Pre_P12,0,0.503326416015625,1
4,P12,P12,Pre_P12,0,0.491973340511322,0
4,P12,P12,Pre_P12,0,0.49287375807762146,0
4,P12,P12,Pre_P12,0,0.490797221660614,0
4,P12,P12,Pre_P12,0,0.4987052381038666,0
4,P12,P12,Pre_P12,0,0.4925799071788788,0
4,P12,P12,Pre_P12,0,0.4617079198360443,0
4,P12,P12,Pre_P12,0,0.47590532898902893,0
4,P12,P12,Pre_P12,0,0.49287375807762146,0
4,P12,P12,Pre_P12,0,0.49892300367355347,0
4,P12,P12,Pre_P12,0,0.47590532898902893,0
4,P12,P12,Pre_P12,0,0.5238204002380371,1
4,P12,P12,Pre_P12,0,0.5050630569458008,1
4,P12,P12,Pre_P12,0,0.477111279964447,0
4,P12,P12,Pre_P12,0,0.49147987365722656,0
4,P12,P12,Pre_P12,0,0.4937604069709778,0
4,P12,P12,Pre_P12,0,0.4858575165271759,0
4,P12,P12,Pre_P12,0,0.49326711893081665,0
4,P12,P12,Pre_P12,0,0.49274325370788574,0
4,P12,P12,Pre_P12,0,0.5163719654083252,1
4,P12,P12,Pre_P12,0,0.5142467021942139,1
4,P12,P12,Pre_P12,0,0.4865398108959198,0
4,P12,P12,Pre_P12,0,0.4617079198360443,0
4,P12,P12,Pre_P12,0,0.49287375807762146,0
4,P12,P12,Pre_P12,0,0.5096796751022339,1
4,P12,P12,Pre_P12,0,0.491973340511322,0
4,P12,P12,Pre_P12,0,0.49147987365722656,0
4,P12,P12,Pre_P12,0,0.5203034281730652,1
4,P12,P12,Pre_P12,0,0.5032128691673279,1
4,P12,P12,Pre_P12,0,0.491973340511322,0
4,P12,P12,Pre_P12,0,0.4621269702911377,0
4,P12,P12,Pre_P12,0,0.4858575165271759,0
4,P12,P12,Pre_P12,0,0.5079015493392944,1
4,P12,P12,Pre_P12,0,0.491973340511322,0
4,P12,P12,Pre_P12,0,0.490797221660614,0
4,P12,P12,Pre_P12,0,0.4761226177215576,0
4,P12,P12,Pre_P12,0,0.4987052381038666,0
4,P12,P12,Pre_P12,0,0.4871964454650879,0
4,P12,P12,Pre_P12,0,0.4987052381038666,0
4,P12,P12,Pre_P12,0,0.49063387513160706,0
4,P12,P12,Pre_P12,0,0.48855605721473694,0
4,P12,P12,Pre_P12,0,0.491973340511322,0
4,P12,P12,Pre_P12,0,0.47613903880119324,0
4,P12,P12,Pre_P12,0,0.5137155652046204,1
4,P12,P12,Pre_P12,0,0.5079015493392944,1
4,P12,P12,Pre_P12,0,0.4871964454650879,0
4,P12,P12,Pre_P12,0,0.5163719654083252,1
4,P12,P12,Pre_P12,0,0.4987052381038666,0
4,P12,P12,Pre_P12,0,0.490797221660614,0
4,P12,P12,Pre_P12,0,0.503227710723877,1
4,P12,P12,Pre_P12,0,0.5007817149162292,1
4,P12,P12,Pre_P12,0,0.4983515441417694,0
4,P12,P12,Pre_P12,0,0.49063387513160706,0
4,P12,P12,Pre_P12,0,0.47666022181510925,0
4,P12,P12,Pre_P12,0,0.47590532898902893,0
4,P12,P12,Pre_P12,0,0.49892300367355347,0
4,P12,P12,Pre_P12,0,0.491973340511322,0
4,P12,P12,Pre_P12,0,0.5041036009788513,1
4,P12,P12,Pre_P12,0,0.503145158290863,1
4,P12,P12,Pre_P12,0,0.4761226177215576,0
4,P12,P12,Pre_P12,0,0.491973340511322,0
4,P12,P12,Pre_P12,0,0.4871964454650879,0
4,P12,P12,Pre_P12,0,0.4818079471588135,0
4,P12,P12,Pre_P12,0,0.4987052381038666,0
4,P12,P12,Pre_P12,0,0.47666022181510925,0
4,P12,P12,Pre_P12,0,0.4871964454650879,0
4,P12,P12,Pre_P12,0,0.49147987365722656,0
4,P12,P12,Pre_P12,0,0.4621198773384094,0
4,P12,P12,Pre_P12,0,0.4925799071788788,0
4,P12,P12,Pre_P12,0,0.5127601623535156,1
4,P12,P12,Pre_P12,0,0.4871964454650879,0
4,P12,P12,Pre_P12,0,0.49287375807762146,0
4,P12,P12,Pre_P12,0,0.49274325370788574,0
4,P12,P12,Pre_P12,0,0.4871964454650879,0
4,P12,P12,Pre_P12,0,0.5047765970230103,1
4,P12,P12,Pre_P12,0,0.46948176622390747,0
4,P12,P12,Pre_P12,0,0.4910154342651367,0
4,P12,P12,Pre_P12,0,0.5142467021942139,1
4,P12,P12,Pre_P12,0,0.5163719654083252,1
4,P12,P12,Pre_P12,0,0.5163719654083252,1
4,P12,P12,Pre_P12,0,0.4925799071788788,0
4,P12,P12,Pre_P12,0,0.47786229848861694,0
4,P12,P12,Pre_P12,0,0.4737856388092041,0
4,P12,P12,Pre_P12,0,0.4858575165271759,0
4,P12,P12,Pre_P12,0,0.4888174533843994,0
4,P12,P12,Pre_P12,0,0.49892300367355347,0
4,P12,P12,Pre_P12,0,0.4987052381038666,0
4,P12,P12,Pre_P12,0,0.5022261738777161,1
4,P12,P12,Pre_P12,0,0.4925799071788788,0
4,P12,P12,Pre_P12,0,0.4880965054035187,0
4,P12,P12,Pre_P12,0,0.49287375807762146,0
4,P12,P12,Pre_P12,0,0.477111279964447,0
4,P12,P12,Pre_P12,0,0.4987052381038666,0
4,P12,P12,Pre_P12,0,0.49377790093421936,0
4,P12,P12,Pre_P12,0,0.49892300367355347,0
4,P12,P12,Pre_P12,0,0.4880965054035187,0
4,P12,P12,Pre_P12,0,0.4847162365913391,0
4,P12,P12,Pre_P12,0,0.47590532898902893,0
4,P12,P12,Pre_P12,0,0.4871964454650879,0
4,P12,P12,Pre_P12,0,0.490797221660614,0
4,P12,P12,Pre_P12,0,0.49063387513160706,0
4,P12,P12,Pre_P12,0,0.4871964454650879,0
4,P12,P12,Pre_P12,0,0.491973340511322,0
4,P12,P12,Pre_P12,0,0.491973340511322,0
4,P12,P12,Pre_P12,0,0.49274325370788574,0
4,P12,P12,Pre_P12,0,0.4793660640716553,0
4,P12,P12,Pre_P12,0,0.49287375807762146,0
4,P12,P12,Pre_P12,0,0.4925799071788788,0
4,P12,P12,Pre_P12,0,0.48606258630752563,0
4,P12,P12,Pre_P12,0,0.48606258630752563,0
4,P12,P12,Pre_P12,0,0.48876169323921204,0
4,P12,P12,Pre_P12,0,0.4818079471588135,0
4,P12,P12,Pre_P12,0,0.4999980926513672,0
4,P12,P12,Pre_P12,0,0.4987052381038666,0
4,P12,P12,Pre_P12,0,0.4617079198360443,0
4,P12,P12,Pre_P12,0,0.5017514824867249,1
4,P12,P12,Pre_P12,0,0.4780961573123932,0
4,P12,P12,Pre_P12,0,0.49063387513160706,0
4,P12,P12,Pre_P12,0,0.491973340511322,0
4,P12,P12,Pre_P12,0,0.5118638873100281,1
4,P12,P12,Pre_P12,0,0.4771072268486023,0
4,P12,P12,Pre_P12,0,0.49362343549728394,0
4,P12,P12,Pre_P12,0,0.5003305077552795,1
4,P12,P12,Pre_P12,0,0.4886193871498108,0
4,P12,P12,Pre_P12,0,0.491973340511322,0
4,P12,P12,Pre_P12,0,0.4925799071788788,0
4,P12,P12,Pre_P12,0,0.4925799071788788,0
4,P12,P12,Pre_P12,0,0.5142467021942139,1
4,P12,P12,Pre_P12,0,0.4987052381038666,0
4,P12,P12,Pre_P12,0,0.505452036857605,1
4,P12,P12,Pre_P12,0,0.5010695457458496,1
4,P12,P12,Pre_P12,0,0.47666022181510925,0
4,P12,P12,Pre_P12,0,0.49248215556144714,0
4,P12,P12,Pre_P12,0,0.49892300367355347,0
4,P12,P12,Pre_P12,0,0.4617079198360443,0
4,P12,P12,Pre_P12,0,0.5039653182029724,1
4,P12,P12,Pre_P12,0,0.4617079198360443,0
4,P12,P12,Pre_P12,0,0.46194082498550415,0
4,P12,P12,Pre_P12,0,0.4987052381038666,0
4,P12,P12,Pre_P12,0,0.49688467383384705,0
4,P12,P12,Pre_P12,0,0.4987052381038666,0
4,P12,P12,Pre_P12,0,0.47869187593460083,0
4,P12,P12,Pre_P12,0,0.4987052381038666,0
4,P12,P12,Pre_P12,0,0.4871964454650879,0
4,P12,P12,Pre_P12,0,0.49892300367355347,0
4,P12,P12,Pre_P12,0,0.5226006507873535,1
4,P12,P12,Pre_P12,0,0.47689393162727356,0
4,P12,P12,Pre_P12,0,0.5041561126708984,1
4,P12,P12,Pre_P12,0,0.4910154342651367,0
4,P12,P12,Pre_P12,0,0.4922235608100891,0
4,P12,P12,Pre_P12,0,0.491973340511322,0
4,P12,P12,Pre_P12,0,0.49063387513160706,0
4,P12,P12,Pre_P12,0,0.4877510666847229,0
4,P12,P12,Pre_P12,0,0.49274325370788574,0
4,P12,P12,Pre_P12,0,0.491973340511322,0
4,P12,P12,Pre_P12,0,0.49234896898269653,0
4,P12,P12,Pre_P12,0,0.4925799071788788,0
4,P12,P12,Pre_P12,0,0.46331626176834106,0
4,P12,P12,Pre_P12,0,0.5050709843635559,1
4,P12,P12,Pre_P12,0,0.49063387513160706,0
4,P12,P12,Pre_P12,0,0.4617079198360443,0
4,P12,P12,Pre_P12,0,0.47924354672431946,0
4,P12,P12,Pre_P12,0,0.47530755400657654,0
4,P12,P12,Pre_P12,0,0.49505624175071716,0
4,P12,P12,Pre_P12,0,0.4858575165271759,0
4,P12,P12,Pre_P12,0,0.47732457518577576,0
4,P12,P12,Pre_P12,0,0.49287375807762146,0
4,P12,P12,Pre_P12,0,0.49147987365722656,0
4,P12,P12,Pre_P12,0,0.47786229848861694,0
4,P12,P12,Pre_P12,0,0.4871964454650879,0
4,P12,P12,Pre_P12,0,0.5023605823516846,1
4,P12,P12,Pre_P12,0,0.48721784353256226,0
4,P12,P12,Pre_P12,0,0.5007284879684448,1
4,P12,P12,Pre_P12,0,0.5014582872390747,1
4,P12,P12,Pre_P12,0,0.49287375807762146,0
4,P12,P12,Pre_P12,0,0.47590532898902893,0
4,P12,P12,Pre_P12,0,0.5037426948547363,1
4,P12,P12,Pre_P12,0,0.4925799071788788,0
4,P12,P12,Pre_P12,0,0.49287375807762146,0
4,P12,P12,Pre_P12,0,0.5190829038619995,1
4,P12,P12,Pre_P12,0,0.490797221660614,0
4,P12,P12,Pre_P12,0,0.4987052381038666,0
4,P12,P12,Pre_P12,0,0.491973340511322,0
4,P12,P12,Pre_P12,0,0.4880965054035187,0
4,P12,P12,Pre_P12,0,0.5021571516990662,1
4,P12,P12,Pre_P12,0,0.5040682554244995,1
4,P12,P12,Pre_P12,0,0.4780961573123932,0
4,P12,P12,Pre_P12,0,0.49287375807762146,0
4,P12,P12,Pre_P12,0,0.5019079446792603,1
4,P12,P12,Pre_P12,0,0.4925799071788788,0
4,P12,P12,Pre_P12,0,0.4925799071788788,0
4,P12,P12,Pre_P12,0,0.4761226177215576,0
4,P12,P12,Pre_P12,0,0.4854333698749542,0
4,P12,P12,Pre_P12,0,0.4973803460597992,0
4,P12,P12,Pre_P12,0,0.46311983466148376,0
4,P12,P12,Pre_P12,0,0.5001875758171082,1
4,P12,P12,Pre_P12,0,0.49892300367355347,0
4,P12,P12,Pre_P12,0,0.49892300367355347,0
4,P12,P12,Pre_P12,0,0.49892300367355347,0
4,P12,P12,Pre_P12,0,0.5081638097763062,1
4,P12,P12,Pre_P12,0,0.4855753779411316,0
4,P12,P12,Pre_P12,0,0.4878520369529724,0
4,P12,P12,Pre_P12,0,0.5039271712303162,1
4,P12,P12,Pre_P12,0,0.4932982623577118,0
4,P12,P12,Pre_P12,0,0.49287375807762146,0
4,P12,P12,Pre_P12,0,0.4751914441585541,0
4,P12,P12,Pre_P12,0,0.4987052381038666,0
4,P12,P12,Pre_P12,0,0.4766823351383209,0
4,P12,P12,Pre_P12,0,0.49927565455436707,0
4,P12,P12,Pre_P12,0,0.4987052381038666,0
4,P12,P12,Pre_P12,0,0.491973340511322,0
4,P12,P12,Pre_P12,0,0.4758475422859192,0
4,P12,P12,Pre_P12,0,0.4871964454650879,0
4,P12,P12,Pre_P12,0,0.4903363883495331,0
4,P12,P12,Pre_P12,0,0.4925799071788788,0
4,P12,P12,Pre_P12,0,0.5149926543235779,1
4,P12,P12,Pre_P12,0,0.5203034281730652,1
4,P12,P12,Pre_P12,0,0.488078773021698,0
4,P12,P12,Pre_P12,0,0.4948335289955139,0
4,P12,P12,Pre_P12,0,0.491973340511322,0
4,P12,P12,Pre_P12,0,0.4871964454650879,0
4,P12,P12,Pre_P12,0,0.490797221660614,0
4,P12,P12,Pre_P12,0,0.5159314870834351,1
4,P12,P12,Pre_P12,0,0.491973340511322,0
4,P12,P12,Pre_P12,0,0.491973340511322,0
4,P12,P12,Post_P12,0,0.4925799071788788,0
4,P12,P12,Post_P12,0,0.4862765967845917,0
4,P12,P12,Post_P12,0,0.4918331503868103,0
4,P12,P12,Post_P12,0,0.5050630569458008,1
4,P12,P12,Post_P12,0,0.491973340511322,0
4,P12,P12,Post_P12,0,0.4870201349258423,0
4,P12,P12,Post_P12,0,0.503940224647522,1
4,P12,P12,Post_P12,0,0.4775583744049072,0
4,P12,P12,Post_P12,0,0.47666022181510925,0
4,P12,P12,Post_P12,0,0.502983808517456,1
4,P12,P12,Post_P12,0,0.47689393162727356,0
4,P12,P12,Post_P12,0,0.490797221660614,0
4,P12,P12,Post_P12,0,0.4617079198360443,0
4,P12,P12,Post_P12,0,0.5126658082008362,1
4,P12,P12,Post_P12,0,0.5070859789848328,1
4,P12,P12,Post_P12,0,0.4763563275337219,0
4,P12,P12,Post_P12,0,0.4621269702911377,0
4,P12,P12,Post_P12,0,0.47666022181510925,0
4,P12,P12,Post_P12,0,0.4617079198360443,0
4,P12,P12,Post_P12,0,0.47689393162727356,0
4,P12,P12,Post_P12,0,0.496173620223999,0
4,P12,P12,Post_P12,0,0.49147987365722656,0
4,P12,P12,Post_P12,0,0.5142467021942139,1
4,P12,P12,Post_P12,0,0.4975489675998688,0
4,P12,P12,Post_P12,0,0.4817044734954834,0
4,P12,P12,Post_P12,0,0.5203034281730652,1
4,P12,P12,Post_P12,0,0.47734102606773376,0
4,P12,P12,Post_P12,0,0.4862765967845917,0
4,P12,P12,Post_P12,0,0.4987052381038666,0
4,P12,P12,Post_P12,0,0.47613903880119324,0
4,P12,P12,Post_P12,0,0.4617079198360443,0
4,P12,P12,Post_P12,0,0.49248215556144714,0
4,P12,P12,Post_P12,0,0.49892300367355347,0
4,P12,P12,Post_P12,0,0.4959069490432739,0
4,P12,P12,Post_P12,0,0.5042745471000671,1
4,P12,P12,Post_P12,0,0.5118551254272461,1
4,P12,P12,Post_P12,0,0.4987052381038666,0
4,P12,P12,Post_P12,0,0.4734123945236206,0
4,P12,P12,Post_P12,0,0.491973340511322,0
4,P12,P12,Post_P12,0,0.4617079198360443,0
4,P12,P12,Post_P12,0,0.49892300367355347,0
4,P12,P12,Post_P12,0,0.4994845986366272,0
4,P12,P12,Post_P12,0,0.46311983466148376,0
4,P12,P12,Post_P12,0,0.5142467021942139,1
4,P12,P12,Post_P12,0,0.49892300367355347,0
4,P12,P12,Post_P12,0,0.4880965054035187,0
4,P12,P12,Post_P12,0,0.5018854141235352,1
4,P12,P12,Post_P12,0,0.4878520369529724,0
4,P12,P12,Post_P12,0,0.49063387513160706,0
4,P12,P12,Post_P12,0,0.4617079198360443,0
4,P12,P12,Post_P12,0,0.4925799071788788,0
4,P12,P12,Post_P12,0,0.49892300367355347,0
4,P12,P12,Post_P12,0,0.5009284615516663,1
4,P12,P12,Post_P12,0,0.5142467021942139,1
4,P12,P12,Post_P12,0,0.4987052381038666,0
4,P12,P12,Post_P12,0,0.4987052381038666,0
4,P12,P12,Post_P12,0,0.491973340511322,0
4,P12,P12,Post_P12,0,0.49892300367355347,0
4,P12,P12,Post_P12,0,0.47831347584724426,0
4,P12,P12,Post_P12,0,0.5034486651420593,1
4,P12,P12,Post_P12,0,0.4988899528980255,0
4,P12,P12,Post_P12,0,0.4818079471588135,0
4,P12,P12,Post_P12,0,0.480412095785141,0
4,P12,P12,Post_P12,0,0.4652799069881439,0
4,P12,P12,Post_P12,0,0.4925799071788788,0
4,P12,P12,Post_P12,0,0.5077768564224243,1
4,P12,P12,Post_P12,0,0.486205130815506,0
4,P12,P12,Post_P12,0,0.46311983466148376,0
4,P12,P12,Post_P12,0,0.49127089977264404,0
4,P12,P12,Post_P12,0,0.491973340511322,0
4,P12,P12,Post_P12,0,0.4858575165271759,0
4,P12,P12,Post_P12,0,0.49892300367355347,0
4,P12,P12,Post_P12,0,0.4617079198360443,0
4,P12,P12,Post_P12,0,0.47732457518577576,0
4,P12,P12,Post_P12,0,0.5030690431594849,1
4,P12,P12,Post_P12,0,0.49892300367355347,0
4,P12,P12,Post_P12,0,0.49147987365722656,0
4,P12,P12,Post_P12,0,0.4865398108959198,0
4,P12,P12,Post_P12,0,0.501227617263794,1
4,P12,P12,Post_P12,0,0.49287375807762146,0
4,P12,P12,Post_P12,0,0.4781656861305237,0
4,P12,P12,Post_P12,0,0.4817924499511719,0
4,P12,P12,Post_P12,0,0.4987052381038666,0
4,P12,P12,Post_P12,0,0.4810532331466675,0
4,P12,P12,Post_P12,0,0.4871964454650879,0
4,P12,P12,Post_P12,0,0.48056355118751526,0
4,P12,P12,Post_P12,0,0.49287375807762146,0
4,P12,P12,Post_P12,0,0.4987052381038666,0
4,P12,P12,Post_P12,0,0.4988899528980255,0
4,P12,P12,Post_P12,0,0.5015549063682556,1
4,P12,P12,Post_P12,0,0.4794842600822449,0
4,P12,P12,Post_P12,0,0.4959122836589813,0
4,P12,P12,Post_P12,0,0.4934600591659546,0
4,P12,P12,Post_P12,0,0.5083797574043274,1
4,P12,P12,Post_P12,0,0.4635390043258667,0
4,P12,P12,Post_P12,0,0.47926193475723267,0
4,P12,P12,Post_P12,0,0.4795520305633545,0
4,P12,P12,Post_P12,0,0.47786229848861694,0
4,P12,P12,Post_P12,0,0.4874224066734314,0
4,P12,P12,Post_P12,0,0.49274325370788574,0
4,P12,P12,Post_P12,0,0.5032111406326294,1
4,P12,P12,Post_P12,0,0.4731740653514862,0
4,P12,P12,Post_P12,0,0.46311983466148376,0
4,P12,P12,Post_P12,0,0.47786229848861694,0
4,P12,P12,Post_P12,0,0.4987052381038666,0
4,P12,P12,Post_P12,0,0.4880965054035187,0
4,P12,P12,Post_P12,0,0.4780796766281128,0
4,P12,P12,Post_P12,0,0.5158426761627197,1
4,P12,P12,Post_P12,0,0.49892300367355347,0
4,P12,P12,Post_P12,0,0.47666022181510925,0
4,P12,P12,Post_P12,0,0.5200401544570923,1
4,P12,P12,Post_P12,0,0.5142467021942139,1
4,P12,P12,Post_P12,0,0.4635390043258667,0
4,P12,P12,Post_P12,0,0.49063387513160706,0
4,P12,P12,Post_P12,0,0.49892300367355347,0
4,P12,P12,Post_P12,0,0.4987052381038666,0
4,P12,P12,Post_P12,0,0.49232134222984314,0
4,P12,P12,Post_P12,0,0.480314701795578,0
4,P12,P12,Post_P12,0,0.4994390308856964,0
4,P12,P12,Post_P12,0,0.49274325370788574,0
4,P12,P12,Post_P12,0,0.4910024404525757,0
4,P12,P12,Post_P12,0,0.4925799071788788,0
4,P12,P12,Post_P12,0,0.4886871874332428,0
4,P12,P12,Post_P12,0,0.4862765967845917,0
4,P12,P12,Post_P12,0,0.49892300367355347,0
4,P12,P12,Post_P12,0,0.4842531085014343,0
4,P12,P12,Post_P12,0,0.46311983466148376,0
4,P12,P12,Post_P12,0,0.4617079198360443,0
4,P12,P12,Post_P12,0,0.5000152587890625,1
4,P12,P12,Post_P12,0,0.4778803884983063,0
4,P12,P12,Post_P12,0,0.4858575165271759,0
4,P12,P12,Post_P12,0,0.4987052381038666,0
4,P12,P12,Post_P12,0,0.4910024404525757,0
4,P12,P12,Post_P12,0,0.4803142547607422,0
4,P12,P12,Post_P12,0,0.49315622448921204,0
4,P12,P12,Post_P12,0,0.5112916231155396,1
4,P12,P12,Post_P12,0,0.4817044734954834,0
4,P12,P12,Post_P12,0,0.4925799071788788,0
4,P12,P12,Post_P12,0,0.477111279964447,0
4,P12,P12,Post_P12,0,0.47389131784439087,0
4,P12,P12,Post_P12,0,0.46311983466148376,0
4,P12,P12,Post_P12,0,0.491973340511322,0
4,P12,P12,Post_P12,0,0.4858575165271759,0
4,P12,P12,Post_P12,0,0.4746459126472473,0
4,P12,P12,Post_P12,0,0.4987052381038666,0
4,P12,P12,Post_P12,0,0.4988664388656616,0
4,P12,P12,Post_P12,0,0.4926750063896179,0
4,P12,P12,Post_P12,0,0.4987052381038666,0
4,P12,P12,Post_P12,0,0.46311983466148376,0
4,P12,P12,Post_P12,0,0.5002789497375488,1
4,P12,P12,Post_P12,0,0.49892300367355347,0
4,P12,P12,Post_P12,0,0.48056355118751526,0
4,P12,P12,Post_P12,0,0.4621269702911377,0
4,P12,P12,Post_P12,0,0.47666022181510925,0
4,P12,P12,Post_P12,0,0.47666022181510925,0
4,P12,P12,Post_P12,0,0.4987052381038666,0
4,P12,P12,Post_P12,0,0.4925799071788788,0
4,P12,P12,Post_P12,0,0.47666022181510925,0
4,P12,P12,Post_P12,0,0.5034355521202087,1
4,P12,P12,Post_P12,0,0.49321797490119934,0
4,P12,P12,Post_P12,0,0.4876921772956848,0
4,P12,P12,Post_P12,0,0.4635390043258667,0
4,P12,P12,Post_P12,0,0.4925799071788788,0
4,P12,P12,Post_P12,0,0.5131741762161255,1
4,P12,P12,Post_P12,0,0.5029358863830566,1
4,P12,P12,Post_P12,0,0.49321797490119934,0
4,P12,P12,Post_P12,0,0.5001638531684875,1
4,P12,P12,Post_P12,0,0.4878520369529724,0
4,P12,P12,Post_P12,0,0.49833840131759644,0
4,P12,P12,Post_P12,0,0.4617079198360443,0
4,P12,P12,Post_P12,0,0.48764273524284363,0
4,P12,P12,Post_P12,0,0.49287375807762146,0
4,P12,P12,Post_P12,0,0.47588837146759033,0
4,P12,P12,Post_P12,0,0.46311983466148376,0
4,P12,P12,Post_P12,0,0.4770370125770569,0
4,P12,P12,Post_P12,0,0.4769279658794403,0
4,P12,P12,Post_P12,0,0.49287375807762146,0
4,P12,P12,Post_P12,0,0.49892300367355347,0
4,P12,P12,Post_P12,0,0.5050709843635559,1
4,P12,P12,Post_P12,0,0.49274325370788574,0
4,P12,P12,Post_P12,0,0.49063387513160706,0
4,P12,P12,Post_P12,0,0.46311983466148376,0
4,P12,P12,Post_P12,0,0.47442272305488586,0
4,P12,P12,Post_P12,0,0.5037426948547363,1
4,P12,P12,Post_P12,0,0.4979068338871002,0
4,P12,P12,Post_P12,0,0.4925799071788788,0
4,P12,P12,Post_P12,0,0.4773848354816437,0
4,P12,P12,Post_P12,0,0.4784356951713562,0
4,P12,P12,Post_P12,0,0.49274325370788574,0
4,P12,P12,Post_P12,0,0.4621269702911377,0
4,P12,P12,Post_P12,0,0.48082149028778076,0
4,P12,P12,Post_P12,0,0.4742404520511627,0
4,P12,P12,Post_P12,0,0.4987052381038666,0
4,P12,P12,Post_P12,0,0.5200401544570923,1
4,P12,P12,Post_P12,0,0.5036848187446594,1
4,P12,P12,Post_P12,0,0.47666022181510925,0
4,P12,P12,Post_P12,0,0.4780796766281128,0
4,P12,P12,Post_P12,0,0.4617079198360443,0
4,P12,P12,Post_P12,0,0.47826480865478516,0
4,P12,P12,Post_P12,0,0.4987052381038666,0
4,P12,P12,Post_P12,0,0.49287375807762146,0
4,P12,P12,Post_P12,0,0.4961746335029602,0
4,P12,P12,Post_P12,0,0.4621269702911377,0
4,P12,P12,Post_P12,0,0.4709004759788513,0
4,P12,P12,Post_P12,0,0.48936495184898376,0
4,P12,P12,Post_P12,0,0.49892300367355347,0
4,P12,P12,Post_P12,0,0.4865398108959198,0
4,P12,P12,Post_P12,0,0.49892300367355347,0
4,P12,P12,Post_P12,0,0.47689393162727356,0
4,P12,P12,Post_P12,0,0.49147987365722656,0
4,P12,P12,Post_P12,0,0.4619043469429016,0
4,P12,P12,Post_P12,0,0.4743137061595917,0
4,P12,P12,Post_P12,0,0.4858575165271759,0
4,P12,P12,Post_P12,0,0.4617079198360443,0
4,P12,P12,Post_P12,0,0.47666022181510925,0
4,P12,P12,Post_P12,0,0.4913164973258972,0
4,P12,P12,Post_P12,0,0.4617079198360443,0
4,P12,P12,Post_P12,0,0.48010820150375366,0
4,P12,P12,Post_P12,0,0.47389131784439087,0
4,P12,P12,Post_P12,0,0.5163719654083252,1
4,P12,P12,Post_P12,0,0.4987052381038666,0
4,P12,P12,Post_P12,0,0.4617079198360443,0
4,P12,P12,Post_P12,0,0.4770370125770569,0
4,P12,P12,Post_P12,0,0.477111279964447,0
4,P12,P12,Post_P12,0,0.4732724726200104,0
4,P12,P12,Post_P12,0,0.47666022181510925,0
4,P12,P12,Post_P12,0,0.4761226177215576,0
4,P12,P12,Post_P12,0,0.4926464855670929,0
4,P12,P12,Post_P12,0,0.47784101963043213,0
4,P12,P12,Post_P12,0,0.4893253445625305,0
4,P12,P12,Post_P12,0,0.4987052381038666,0
4,P12,P12,Post_P12,0,0.4880965054035187,0
4,P12,P12,Post_P12,0,0.4925799071788788,0
4,P12,P12,Post_P12,0,0.46373555064201355,0
4,P12,P12,Post_P12,0,0.4913164973258972,0
4,P12,P12,Post_P12,0,0.4747829735279083,0
4,P12,P12,Post_P12,0,0.49287375807762146,0
4,P12,P12,Post_P12,0,0.49892300367355347,0
4,P12,P12,Post_P12,0,0.47989746928215027,0
4,P12,P12,Post_P12,0,0.4617079198360443,0
4,P12,P12,Post_P12,0,0.497227281332016,0
4,P12,P12,Post_P12,0,0.4880965054035187,0
4,P12,P12,Post_P12,0,0.5115844011306763,1
4,P12,P12,Post_P12,0,0.4699016809463501,0
4,P12,P12,Post_P12,0,0.5137012004852295,1
4,P12,P12,Post_P12,0,0.477111279964447,0
4,P12,P12,Post_P12,0,0.47835737466812134,0
4,P12,P12,Post_P12,0,0.477111279964447,0
4,P12,P12,Post_P12,0,0.4858575165271759,0
4,P12,P12,Post_P12,0,0.5029358863830566,1
4,P12,P12,Post_P12,0,0.491973340511322,0
4,P12,P12,Post_P12,0,0.4617079198360443,0
4,P12,P12,Post_P12,0,0.4987052381038666,0
4,P12,P12,Post_P12,0,0.49892300367355347,0
4,P12,P12,Post_P12,0,0.5021018385887146,1
4,P12,P12,Post_P12,0,0.4862765967845917,0
4,P12,P12,Post_P12,0,0.5036646723747253,1
4,P12,P12,Post_P12,0,0.5089989900588989,1
4,P12,P12,Post_P12,0,0.4987052381038666,0
4,P12,P12,Post_P12,0,0.5048701167106628,1
4,P12,P12,Post_P12,0,0.4852421283721924,0
4,P12,P12,Post_P12,0,0.4747829735279083,0
4,P12,P12,Post_P12,0,0.4820835292339325,0
4,P12,P12,Post_P12,0,0.4747829735279083,0
4,P12,P12,Post_P12,0,0.4927864968776703,0
4,P12,P12,Post_P12,0,0.4921082854270935,0
4,P12,P12,Post_P12,0,0.4818079471588135,0
4,P12,P12,Post_P12,0,0.49892300367355347,0
4,P12,P12,Post_P12,0,0.4621269702911377,0
4,P12,P12,Post_P12,0,0.4871964454650879,0
4,P12,P12,Post_P12,0,0.4925799071788788,0
4,P12,P12,Post_P12,0,0.49892300367355347,0
4,P12,P12,Post_P12,0,0.4987052381038666,0
4,P12,P12,Post_P12,0,0.4913164973258972,0
4,P12,P12,Post_P12,0,0.4795520305633545,0
4,P12,P12,Post_P12,0,0.47786229848861694,0
4,P12,P12,Post_P12,0,0.4916417598724365,0
4,P12,P12,Post_P12,0,0.5079015493392944,1
4,P12,P12,Post_P12,0,0.47666022181510925,0
4,P12,P12,Post_P12,0,0.46311983466148376,0
4,P12,P12,Post_P12,0,0.49992382526397705,0
4,P12,P12,Post_P12,0,0.49063387513160706,0
4,P12,P12,Post_P12,0,0.4617079198360443,0
4,P12,P12,Post_P12,0,0.47896629571914673,0
4,P12,P12,Post_P12,0,0.47590532898902893,0
4,P12,P12,Post_P12,0,0.5050630569458008,1
4,P12,P12,Post_P12,0,0.491973340511322,0
4,P12,P12,Post_P12,0,0.4768775403499603,0
4,P12,P12,Post_P12,0,0.5089989900588989,1
4,P12,P12,Post_P12,0,0.4858575165271759,0
4,P12,P12,Post_P12,0,0.5163719654083252,1
4,P12,P12,Post_P12,0,0.4987052381038666,0
4,P12,P12,Post_P12,0,0.49771901965141296,0
4,P12,P12,Post_P12,0,0.4858575165271759,0
4,P12,P12,Post_P12,0,0.4780961573123932,0
4,P12,P12,Post_P12,0,0.5024043321609497,1
4,P12,P12,Post_P12,0,0.4913164973258972,0
4,P12,P12,Post_P12,0,0.4987052381038666,0
4,P12,P12,Post_P12,0,0.49274325370788574,0
4,P12,P12,Post_P12,0,0.49892300367355347,0
4,P12,P12,Post_P12,0,0.47666022181510925,0
4,P12,P12,Post_P12,0,0.5048564076423645,1
4,P12,P12,Post_P12,0,0.5142467021942139,1
4,P12,P12,Post_P12,0,0.4807267189025879,0
4,P12,P12,Post_P12,0,0.47666022181510925,0
4,P12,P12,Post_P12,0,0.4830266535282135,0
4,P12,P12,Post_P12,0,0.48345035314559937,0
4,P12,P12,Post_P12,0,0.5005196928977966,1
4,P12,P12,Post_P12,0,0.4880965054035187,0
4,P12,P12,Post_P12,0,0.48939716815948486,0
4,P12,P12,Post_P12,0,0.4987052381038666,0
4,P12,P12,Post_P12,0,0.49892300367355347,0
4,P12,P12,Post_P12,0,0.48855701088905334,0
4,P12,P12,Post_P12,0,0.49567118287086487,0
4,P12,P12,Post_P12,0,0.489116370677948,0
4,P12,P12,Post_P12,0,0.4893360733985901,0
4,P12,P12,Post_P12,0,0.48033297061920166,0
4,P12,P12,Post_P12,0,0.4806583523750305,0
4,P12,P12,Post_P12,0,0.4862765967845917,0
4,P12,P12,Post_P12,0,0.4925799071788788,0
4,P12,P12,Post_P12,0,0.4988389313220978,0
4,P12,P12,Post_P12,0,0.5027793645858765,1
4,P12,P12,Post_P12,0,0.47734102606773376,0
5,P13,P13,Post_P13,0,0.5745248198509216,1
5,P13,P13,Post_P13,0,0.574888288974762,1
5,P13,P13,Post_P13,0,0.4973587095737457,0
5,P13,P13,Post_P13,0,0.571621298789978,1
5,P13,P13,Post_P13,0,0.48322832584381104,0
5,P13,P13,Post_P13,0,0.510453462600708,1
5,P13,P13,Post_P13,0,0.426480233669281,0
5,P13,P13,Post_P13,0,0.4222278296947479,0
5,P13,P13,Post_P13,0,0.4405723214149475,0
5,P13,P13,Post_P13,0,0.4198475182056427,0
5,P13,P13,Post_P13,0,0.4870109558105469,0
5,P13,P13,Post_P13,0,0.5948944687843323,1
5,P13,P13,Post_P13,0,0.401797890663147,0
5,P13,P13,Post_P13,0,0.6124523878097534,1
5,P13,P13,Post_P13,0,0.46110036969184875,0
5,P13,P13,Post_P13,0,0.4798867106437683,0
5,P13,P13,Post_P13,0,0.590043306350708,1
5,P13,P13,Post_P13,0,0.575623631477356,1
5,P13,P13,Post_P13,0,0.5924614071846008,1
5,P13,P13,Post_P13,0,0.45482757687568665,0
5,P13,P13,Post_P13,0,0.5784245729446411,1
5,P13,P13,Post_P13,0,0.5963616371154785,1
5,P13,P13,Post_P13,0,0.5905477404594421,1
5,P13,P13,Post_P13,0,0.5199089050292969,1
5,P13,P13,Post_P13,0,0.5015782713890076,1
5,P13,P13,Post_P13,0,0.6186968088150024,1
5,P13,P13,Post_P13,0,0.5966451168060303,1
5,P13,P13,Post_P13,0,0.5015242695808411,1
5,P13,P13,Post_P13,0,0.5090782642364502,1
5,P13,P13,Post_P13,0,0.438340961933136,0
5,P13,P13,Post_P13,0,0.5178223252296448,1
5,P13,P13,Post_P13,0,0.5033053755760193,1
5,P13,P13,Post_P13,0,0.6232216358184814,1
5,P13,P13,Post_P13,0,0.3914867639541626,0
5,P13,P13,Post_P13,0,0.5948010087013245,1
5,P13,P13,Post_P13,0,0.5365890264511108,1
5,P13,P13,Post_P13,0,0.48935994505882263,0
5,P13,P13,Post_P13,0,0.5928236842155457,1
5,P13,P13,Post_P13,0,0.5680027604103088,1
5,P13,P13,Post_P13,0,0.49989715218544006,0
5,P13,P13,Post_P13,0,0.5134956240653992,1
5,P13,P13,Post_P13,0,0.4324294924736023,0
5,P13,P13,Post_P13,0,0.498321533203125,0
5,P13,P13,Post_P13,0,0.48168057203292847,0
5,P13,P13,Post_P13,0,0.5234596133232117,1
5,P13,P13,Post_P13,0,0.5084032416343689,1
5,P13,P13,Post_P13,0,0.4962509274482727,0
5,P13,P13,Post_P13,0,0.36511287093162537,0
5,P13,P13,Post_P13,0,0.40648776292800903,0
5,P13,P13,Post_P13,0,0.5446428060531616,1
5,P13,P13,Post_P13,0,0.3976304829120636,0
5,P13,P13,Post_P13,0,0.5758888721466064,1
5,P13,P13,Post_P13,0,0.48167240619659424,0
5,P13,P13,Post_P13,0,0.5847780108451843,1
5,P13,P13,Post_P13,0,0.5322374701499939,1
5,P13,P13,Post_P13,0,0.3622960150241852,0
5,P13,P13,Post_P13,0,0.5610093474388123,1
5,P13,P13,Post_P13,0,0.5649582147598267,1
5,P13,P13,Post_P13,0,0.505016028881073,1
5,P13,P13,Post_P13,0,0.5956934094429016,1
5,P13,P13,Post_P13,0,0.4027611315250397,0
5,P13,P13,Post_P13,0,0.5243571400642395,1
5,P13,P13,Post_P13,0,0.5918931365013123,1
5,P13,P13,Post_P13,0,0.5061618089675903,1
5,P13,P13,Post_P13,0,0.4730374217033386,0
5,P13,P13,Post_P13,0,0.6187981963157654,1
5,P13,P13,Post_P13,0,0.46216845512390137,0
5,P13,P13,Post_P13,0,0.598615825176239,1
5,P13,P13,Post_P13,0,0.45708146691322327,0
5,P13,P13,Post_P13,0,0.5834642052650452,1
5,P13,P13,Post_P13,0,0.4937591254711151,0
5,P13,P13,Post_P13,0,0.618448793888092,1
5,P13,P13,Post_P13,0,0.5626574158668518,1
5,P13,P13,Post_P13,0,0.6103764772415161,1
5,P13,P13,Post_P13,0,0.6181364059448242,1
5,P13,P13,Post_P13,0,0.5191231966018677,1
5,P13,P13,Post_P13,0,0.5839645862579346,1
5,P13,P13,Post_P13,0,0.4562958776950836,0
5,P13,P13,Post_P13,0,0.44349244236946106,0
5,P13,P13,Post_P13,0,0.44139114022254944,0
5,P13,P13,Post_P13,0,0.4662567973136902,0
5,P13,P13,Post_P13,0,0.46822988986968994,0
5,P13,P13,Post_P13,0,0.38095352053642273,0
5,P13,P13,Post_P13,0,0.5146740674972534,1
5,P13,P13,Post_P13,0,0.6101837754249573,1
5,P13,P13,Post_P13,0,0.5964547395706177,1
5,P13,P13,Post_P13,0,0.6179102063179016,1
5,P13,P13,Post_P13,0,0.6207612752914429,1
5,P13,P13,Post_P13,0,0.5159801244735718,1
5,P13,P13,Post_P13,0,0.6158816814422607,1
5,P13,P13,Post_P13,0,0.6218657493591309,1
5,P13,P13,Post_P13,0,0.423018217086792,0
5,P13,P13,Post_P13,0,0.6169362664222717,1
5,P13,P13,Post_P13,0,0.4908369779586792,0
5,P13,P13,Post_P13,0,0.49366405606269836,0
5,P13,P13,Post_P13,0,0.4939351975917816,0
5,P13,P13,Post_P13,0,0.6091403365135193,1
5,P13,P13,Post_P13,0,0.5969850420951843,1
5,P13,P13,Post_P13,0,0.49035948514938354,0
5,P13,P13,Post_P13,0,0.5651760697364807,1
5,P13,P13,Post_P13,0,0.440599262714386,0
5,P13,P13,Post_P13,0,0.5763925313949585,1
5,P13,P13,Post_P13,0,0.5202015042304993,1
5,P13,P13,Post_P13,0,0.5019031763076782,1
5,P13,P13,Post_P13,0,0.6217843890190125,1
5,P13,P13,Post_P13,0,0.5041585564613342,1
5,P13,P13,Post_P13,0,0.5777713060379028,1
5,P13,P13,Post_P13,0,0.5973128080368042,1
5,P13,P13,Post_P13,0,0.5018389821052551,1
5,P13,P13,Post_P13,0,0.4994022846221924,0
5,P13,P13,Post_P13,0,0.6210159659385681,1
5,P13,P13,Post_P13,0,0.6122024059295654,1
5,P13,P13,Post_P13,0,0.5958173871040344,1
5,P13,P13,Post_P13,0,0.5927857160568237,1
5,P13,P13,Post_P13,0,0.594411313533783,1
5,P13,P13,Post_P13,0,0.5756933689117432,1
5,P13,P13,Post_P13,0,0.537316083908081,1
5,P13,P13,Post_P13,0,0.5133571624755859,1
5,P13,P13,Post_P13,0,0.37664341926574707,0
5,P13,P13,Post_P13,0,0.5233067274093628,1
5,P13,P13,Post_P13,0,0.5303381681442261,1
5,P13,P13,Post_P13,0,0.4838830530643463,0
5,P13,P13,Post_P13,0,0.3803882896900177,0
5,P13,P13,Post_P13,0,0.45780637860298157,0
5,P13,P13,Post_P13,0,0.4627346396446228,0
5,P13,P13,Post_P13,0,0.45125091075897217,0
5,P13,P13,Post_P13,0,0.5449357032775879,1
5,P13,P13,Post_P13,0,0.48351171612739563,0
5,P13,P13,Post_P13,0,0.5797978043556213,1
5,P13,P13,Post_P13,0,0.509443998336792,1
5,P13,P13,Post_P13,0,0.4588663876056671,0
5,P13,P13,Post_P13,0,0.5921164751052856,1
5,P13,P13,Post_P13,0,0.4867195785045624,0
5,P13,P13,Post_P13,0,0.5755813121795654,1
5,P13,P13,Post_P13,0,0.5667215585708618,1
5,P13,P13,Post_P13,0,0.5846879482269287,1
5,P13,P13,Post_P13,0,0.5375344753265381,1
5,P13,P13,Post_P13,0,0.5937840938568115,1
5,P13,P13,Post_P13,0,0.4596315324306488,0
5,P13,P13,Post_P13,0,0.5189536809921265,1
5,P13,P13,Post_P13,0,0.5943825840950012,1
5,P13,P13,Post_P13,0,0.5802222490310669,1
5,P13,P13,Post_P13,0,0.6195200681686401,1
5,P13,P13,Post_P13,0,0.4818917512893677,0
5,P13,P13,Post_P13,0,0.5825852751731873,1
5,P13,P13,Post_P13,0,0.4802999794483185,0
5,P13,P13,Post_P13,0,0.44259604811668396,0
5,P13,P13,Post_P13,0,0.4640253782272339,0
5,P13,P13,Post_P13,0,0.5050829648971558,1
5,P13,P13,Post_P13,0,0.40139779448509216,0
5,P13,P13,Post_P13,0,0.45835551619529724,0
5,P13,P13,Post_P13,0,0.4625835120677948,0
5,P13,P13,Post_P13,0,0.39290210604667664,0
5,P13,P13,Post_P13,0,0.4326345920562744,0
5,P13,P13,Post_P13,0,0.5686124563217163,1
5,P13,P13,Post_P13,0,0.5581544637680054,1
5,P13,P13,Post_P13,0,0.46733763813972473,0
5,P13,P13,Post_P13,0,0.6184008121490479,1
5,P13,P13,Post_P13,0,0.5741192698478699,1
5,P13,P13,Post_P13,0,0.4601869583129883,0
5,P13,P13,Post_P13,0,0.5350055694580078,1
5,P13,P13,Post_P13,0,0.5186492204666138,1
5,P13,P13,Post_P13,0,0.4854366183280945,0
5,P13,P13,Post_P13,0,0.4603998064994812,0
5,P13,P13,Post_P13,0,0.5262647867202759,1
5,P13,P13,Post_P13,0,0.5625792145729065,1
5,P13,P13,Post_P13,0,0.5820351243019104,1
5,P13,P13,Post_P13,0,0.5502061247825623,1
5,P13,P13,Post_P13,0,0.45580992102622986,0
5,P13,P13,Post_P13,0,0.620567262172699,1
5,P13,P13,Post_P13,0,0.46574872732162476,0
5,P13,P13,Post_P13,0,0.40801623463630676,0
5,P13,P13,Post_P13,0,0.5030935406684875,1
5,P13,P13,Post_P13,0,0.4837161898612976,0
5,P13,P13,Post_P13,0,0.5793424844741821,1
5,P13,P13,Post_P13,0,0.5939069390296936,1
5,P13,P13,Post_P13,0,0.48049017786979675,0
5,P13,P13,Post_P13,0,0.4724464416503906,0
5,P13,P13,Post_P13,0,0.428999662399292,0
5,P13,P13,Post_P13,0,0.46755853295326233,0
5,P13,P13,Post_P13,0,0.47617632150650024,0
5,P13,P13,Post_P13,0,0.4751012325286865,0
5,P13,P13,Post_P13,0,0.4508114755153656,0
5,P13,P13,Post_P13,0,0.4774128496646881,0
5,P13,P13,Post_P13,0,0.45855122804641724,0
5,P13,P13,Post_P13,0,0.5786451101303101,1
5,P13,P13,Post_P13,0,0.532717227935791,1
5,P13,P13,Post_P13,0,0.5734421014785767,1
5,P13,P13,Post_P13,0,0.6222522854804993,1
5,P13,P13,Post_P13,0,0.4848373830318451,0
5,P13,P13,Post_P13,0,0.5268366932868958,1
5,P13,P13,Post_P13,0,0.4553556442260742,0
5,P13,P13,Post_P13,0,0.5398094058036804,1
5,P13,P13,Post_P13,0,0.591183602809906,1
5,P13,P13,Post_P13,0,0.5170512199401855,1
5,P13,P13,Post_P13,0,0.4612114131450653,0
5,P13,P13,Post_P13,0,0.6145917177200317,1
5,P13,P13,Post_P13,0,0.5740251541137695,1
5,P13,P13,Post_P13,0,0.35267364978790283,0
5,P13,P13,Post_P13,0,0.40658634901046753,0
5,P13,P13,Post_P13,0,0.5932798385620117,1
5,P13,P13,Post_P13,0,0.4432311952114105,0
5,P13,P13,Post_P13,0,0.5786370038986206,1
5,P13,P13,Post_P13,0,0.4129757583141327,0
5,P13,P13,Post_P13,0,0.5622533559799194,1
5,P13,P13,Post_P13,0,0.5895320773124695,1
5,P13,P13,Post_P13,0,0.5939486622810364,1
5,P13,P13,Post_P13,0,0.5199089050292969,1
5,P13,P13,Post_P13,0,0.5740251541137695,1
5,P13,P13,Post_P13,0,0.5497538447380066,1
5,P13,P13,Post_P13,0,0.596167802810669,1
5,P13,P13,Post_P13,0,0.5874703526496887,1
5,P13,P13,Post_P13,0,0.43522778153419495,0
5,P13,P13,Post_P13,0,0.45400771498680115,0
5,P13,P13,Post_P13,0,0.5545958280563354,1
5,P13,P13,Post_P13,0,0.6232216358184814,1
5,P13,P13,Post_P13,0,0.5960855484008789,1
5,P13,P13,Post_P13,0,0.6213900446891785,1
5,P13,P13,Post_P13,0,0.5963616371154785,1
5,P13,P13,Post_P13,0,0.580427348613739,1
5,P13,P13,Post_P13,0,0.6144771575927734,1
5,P13,P13,Post_P13,0,0.5168304443359375,1
5,P13,P13,Post_P13,0,0.47468098998069763,0
5,P13,P13,Post_P13,0,0.49698755145072937,0
5,P13,P13,Post_P13,0,0.490339457988739,0
5,P13,P13,Post_P13,0,0.4099827706813812,0
5,P13,P13,Post_P13,0,0.5871656537055969,1
5,P13,P13,Post_P13,0,0.4032941460609436,0
5,P13,P13,Post_P13,0,0.5533584952354431,1
5,P13,P13,Post_P13,0,0.5292658805847168,1
5,P13,P13,Post_P13,0,0.4867344796657562,0
5,P13,P13,Post_P13,0,0.4562172591686249,0
5,P13,P13,Post_P13,0,0.4611302316188812,0
5,P13,P13,Post_P13,0,0.5894233584403992,1
5,P13,P13,Post_P13,0,0.4986896514892578,0
5,P13,P13,Post_P13,0,0.5892309546470642,1
5,P13,P13,Post_P13,0,0.5609234571456909,1
5,P13,P13,Post_P13,0,0.5950953364372253,1
5,P13,P13,Post_P13,0,0.5936391353607178,1
5,P13,P13,Post_P13,0,0.5655685663223267,1
5,P13,P13,Post_P13,0,0.5509623885154724,1
5,P13,P13,Post_P13,0,0.46394097805023193,0
5,P13,P13,Post_P13,0,0.6187673807144165,1
5,P13,P13,Post_P13,0,0.4626522958278656,0
5,P13,P13,Post_P13,0,0.5014244914054871,1
5,P13,P13,Post_P13,0,0.5609884858131409,1
5,P13,P13,Post_P13,0,0.5762627720832825,1
5,P13,P13,Post_P13,0,0.4955904483795166,0
5,P13,P13,Post_P13,0,0.4898110032081604,0
5,P13,P13,Post_P13,0,0.5947144031524658,1
5,P13,P13,Post_P13,0,0.4922642409801483,0
5,P13,P13,Post_P13,0,0.5118618011474609,1
5,P13,P13,Post_P13,0,0.5206853151321411,1
5,P13,P13,Post_P13,0,0.5438722968101501,1
5,P13,P13,Post_P13,0,0.4493999779224396,0
5,P13,P13,Post_P13,0,0.5918189287185669,1
5,P13,P13,Post_P13,0,0.5547141432762146,1
5,P13,P13,Post_P13,0,0.5784024596214294,1
5,P13,P13,Post_P13,0,0.4744299650192261,0
5,P13,P13,Post_P13,0,0.475425660610199,0
5,P13,P13,Post_P13,0,0.5556250214576721,1
5,P13,P13,Post_P13,0,0.5160630345344543,1
5,P13,P13,Post_P13,0,0.47069311141967773,0
5,P13,P13,Post_P13,0,0.43680527806282043,0
5,P13,P13,Post_P13,0,0.4055218994617462,0
5,P13,P13,Post_P13,0,0.4430939257144928,0
5,P13,P13,Post_P13,0,0.513332188129425,1
5,P13,P13,Post_P13,0,0.4577975869178772,0
5,P13,P13,Post_P13,0,0.5452885627746582,1
5,P13,P13,Post_P13,0,0.4760044813156128,0
5,P13,P13,Post_P13,0,0.45372453331947327,0
5,P13,P13,Post_P13,0,0.4331623315811157,0
5,P13,P13,Post_P13,0,0.48618945479393005,0
5,P13,P13,Post_P13,0,0.5460572242736816,1
5,P13,P13,Post_P13,0,0.41401466727256775,0
5,P13,P13,Post_P13,0,0.4851875901222229,0
5,P13,P13,Post_P13,0,0.40328449010849,0
5,P13,P13,Post_P13,0,0.42081382870674133,0
5,P13,P13,Post_P13,0,0.44771403074264526,0
5,P13,P13,Post_P13,0,0.513728141784668,1
5,P13,P13,Post_P13,0,0.440711110830307,0
5,P13,P13,Post_P13,0,0.5152572393417358,1
5,P13,P13,Post_P13,0,0.5164934396743774,1
5,P13,P13,Post_P13,0,0.4897836148738861,0
5,P13,P13,Post_P13,0,0.4330729842185974,0
5,P13,P13,Post_P13,0,0.4780822992324829,0
5,P13,P13,Post_P13,0,0.5659564733505249,1
5,P13,P13,Post_P13,0,0.5427553653717041,1
5,P13,P13,Post_P13,0,0.4221740663051605,0
5,P13,P13,Post_P13,0,0.517798900604248,1
5,P13,P13,Post_P13,0,0.5644611716270447,1
5,P13,P13,Post_P13,0,0.44050782918930054,0
5,P13,P13,Post_P13,0,0.4265652596950531,0
5,P13,P13,Post_P13,0,0.46549639105796814,0
5,P13,P13,Post_P13,0,0.4827873706817627,0
5,P13,P13,Post_P13,0,0.5458264350891113,1
5,P13,P13,Post_P13,0,0.48725762963294983,0
5,P13,P13,Post_P13,0,0.44822126626968384,0
5,P13,P13,Post_P13,0,0.3828980028629303,0
5,P13,P13,Post_P13,0,0.47527533769607544,0
5,P13,P13,Post_P13,0,0.527226984500885,1
5,P13,P13,Post_P13,0,0.44009456038475037,0
5,P13,P13,Post_P13,0,0.47608649730682373,0
5,P13,P13,Post_P13,0,0.4416045546531677,0
5,P13,P13,Post_P13,0,0.46261200308799744,0
5,P13,P13,Post_P13,0,0.40752944350242615,0
5,P13,P13,Post_P13,0,0.48963242769241333,0
5,P13,P13,Post_P13,0,0.466284841299057,0
5,P13,P13,Post_P13,0,0.4643130898475647,0
5,P13,P13,Post_P13,0,0.3679799437522888,0
5,P13,P13,Post_P13,0,0.5313720703125,1
5,P13,P13,Post_P13,0,0.4578514099121094,0
5,P13,P13,Post_P13,0,0.3514281213283539,0
5,P13,P13,Post_P13,0,0.47271496057510376,0
5,P13,P13,Post_P13,0,0.395435094833374,0
5,P13,P13,Post_P13,0,0.4324783980846405,0
5,P13,P13,Post_P13,0,0.4649623930454254,0
5,P13,P13,Post_P13,0,0.3880872428417206,0
5,P13,P13,Post_P13,0,0.4862845540046692,0
5,P13,P13,Post_P13,0,0.43929633498191833,0
5,P13,P13,Post_P13,0,0.47441452741622925,0
5,P13,P13,Post_P13,0,0.46295881271362305,0
5,P13,P13,Post_P13,0,0.37129443883895874,0
5,P13,P13,Post_P13,0,0.4387495517730713,0
5,P13,P13,Post_P13,0,0.440711110830307,0
5,P13,P13,Post_P13,0,0.5150837302207947,1
5,P13,P13,Post_P13,0,0.42842745780944824,0
5,P13,P13,Post_P13,0,0.4578514099121094,0
5,P13,P13,Post_P13,0,0.4234139621257782,0
5,P13,P13,Post_P13,0,0.5290042757987976,1
5,P13,P13,Post_P13,0,0.5413725972175598,1
5,P13,P13,Post_P13,0,0.4525876045227051,0
5,P13,P13,Post_P13,0,0.5175567865371704,1
5,P13,P13,Post_P13,0,0.4578514099121094,0
5,P13,P13,Post_P13,0,0.4241030812263489,0
5,P13,P13,Post_P13,0,0.4766671657562256,0
5,P13,P13,Post_P13,0,0.39679980278015137,0
5,P13,P13,Post_P13,0,0.44042161107063293,0
5,P13,P13,Post_P13,0,0.4203508794307709,0
5,P13,P13,Post_P13,0,0.5426563024520874,1
5,P13,P13,Post_P13,0,0.3514281213283539,0
5,P13,P13,Post_P13,0,0.45145872235298157,0
5,P13,P13,Post_P13,0,0.4611981213092804,0
5,P13,P13,Post_P13,0,0.5146492123603821,1
5,P13,P13,Post_P13,0,0.5255898237228394,1
5,P13,P13,Post_P13,0,0.44878748059272766,0
5,P13,P13,Post_P13,0,0.4866945445537567,0
5,P13,P13,Post_P13,0,0.4010598957538605,0
5,P13,P13,Post_P13,0,0.43982312083244324,0
5,P13,P13,Post_P13,0,0.4415278136730194,0
5,P13,P13,Post_P13,0,0.5270223021507263,1
5,P13,P13,Post_P13,0,0.4749393165111542,0
5,P13,P13,Post_P13,0,0.4977993369102478,0
5,P13,P13,Post_P13,0,0.5432024598121643,1
5,P13,P13,Post_P13,0,0.5022491812705994,1
5,P13,P13,Post_P13,0,0.4715745151042938,0
5,P13,P13,Post_P13,0,0.45865941047668457,0
5,P13,P13,Post_P13,0,0.450130820274353,0
5,P13,P13,Post_P13,0,0.4470709264278412,0
5,P13,P13,Post_P13,0,0.457240492105484,0
5,P13,P13,Post_P13,0,0.45318493247032166,0
5,P13,P13,Post_P13,0,0.47220486402511597,0
5,P13,P13,Post_P13,0,0.4387730062007904,0
5,P13,P13,Post_P13,0,0.3654017448425293,0
5,P13,P13,Post_P13,0,0.45349591970443726,0
5,P13,P13,Post_P13,0,0.5395449995994568,1
5,P13,P13,Post_P13,0,0.497843474149704,0
5,P13,P13,Post_P13,0,0.39365652203559875,0
5,P13,P13,Post_P13,0,0.42204004526138306,0
5,P13,P13,Post_P13,0,0.4773391783237457,0
5,P13,P13,Post_P13,0,0.4217075705528259,0
5,P13,P13,Post_P13,0,0.44135811924934387,0
5,P13,P13,Post_P13,0,0.35410377383232117,0
5,P13,P13,Post_P13,0,0.4433641731739044,0
5,P13,P13,Post_P13,0,0.45130303502082825,0
5,P13,P13,Post_P13,0,0.4891979396343231,0
5,P13,P13,Post_P13,0,0.46150118112564087,0
5,P13,P13,Post_P13,0,0.560330867767334,1
5,P13,P13,Post_P13,0,0.430501252412796,0
5,P13,P13,Post_P13,0,0.5429288744926453,1
5,P13,P13,Post_P13,0,0.42230895161628723,0
5,P13,P13,Post_P13,0,0.5064780116081238,1
5,P13,P13,Post_P13,0,0.4217075705528259,0
5,P13,P13,Post_P13,0,0.4449249505996704,0
5,P13,P13,Post_P13,0,0.4561702609062195,0
5,P13,P13,Post_P13,0,0.4329987168312073,0
5,P13,P13,Post_P13,0,0.454984188079834,0
5,P13,P13,Post_P13,0,0.4346827268600464,0
5,P13,P13,Post_P13,0,0.4369475543498993,0
5,P13,P13,Post_P13,0,0.5718019008636475,1
5,P13,P13,Post_P13,0,0.43341052532196045,0
5,P13,P13,Post_P13,0,0.4989130198955536,0
5,P13,P13,Post_P13,0,0.5655273795127869,1
5,P13,P13,Post_P13,0,0.4519449472427368,0
5,P13,P13,Post_P13,0,0.4532817006111145,0
5,P13,P13,Post_P13,0,0.4353436529636383,0
5,P13,P13,Post_P13,0,0.43836578726768494,0
5,P13,P13,Post_P13,0,0.4523794949054718,0
5,P13,P13,Post_P13,0,0.48524606227874756,0
5,P13,P13,Post_P13,0,0.5409911274909973,1
5,P13,P13,Post_P13,0,0.5670260787010193,1
5,P13,P13,Post_P13,0,0.4579753577709198,0
5,P13,P13,Post_P13,0,0.4826044738292694,0
5,P13,P13,Post_P13,0,0.4143906533718109,0
5,P13,P13,Post_P13,0,0.44928112626075745,0
5,P13,P13,Post_P13,0,0.4179419279098511,0
5,P13,P13,Post_P13,0,0.4482959508895874,0
5,P13,P13,Post_P13,0,0.4898960590362549,0
5,P13,P13,Post_P13,0,0.426655113697052,0
5,P13,P13,Post_P13,0,0.47483012080192566,0
5,P13,P13,Post_P13,0,0.4946127235889435,0
5,P13,P13,Post_P13,0,0.5924898982048035,1
5,P13,P13,Post_P13,0,0.5306612253189087,1
5,P13,P13,Post_P13,0,0.4216068685054779,0
5,P13,P13,Post_P13,0,0.4456808269023895,0
5,P13,P13,Post_P13,0,0.38267403841018677,0
5,P13,P13,Post_P13,0,0.3867200016975403,0
5,P13,P13,Post_P13,0,0.485624223947525,0
5,P13,P13,Post_P13,0,0.5065914988517761,1
5,P13,P13,Post_P13,0,0.4747351408004761,0
5,P13,P13,Post_P13,0,0.5022662281990051,1
5,P13,P13,Post_P13,0,0.48122289776802063,0
5,P13,P13,Post_P13,0,0.4686034321784973,0
5,P13,P13,Post_P13,0,0.48780375719070435,0
5,P13,P13,Post_P13,0,0.41745853424072266,0
5,P13,P13,Post_P13,0,0.4648999273777008,0
5,P13,P13,Post_P13,0,0.3833507299423218,0
5,P13,P13,Post_P13,0,0.47058090567588806,0
5,P13,P13,Post_P13,0,0.43087583780288696,0
5,P13,P13,Post_P13,0,0.4372367858886719,0
5,P13,P13,Post_P13,0,0.3867200016975403,0
5,P13,P13,Post_P13,0,0.4136871099472046,0
5,P13,P13,Post_P13,0,0.3573527932167053,0
5,P13,P13,Post_P13,0,0.40226873755455017,0
5,P13,P13,Post_P13,0,0.5060105323791504,1
5,P13,P13,Post_P13,0,0.43185219168663025,0
5,P13,P13,Post_P13,0,0.4793265163898468,0
5,P13,P13,Post_P13,0,0.49197229743003845,0
5,P13,P13,Post_P13,0,0.4351102411746979,0
5,P13,P13,Post_P13,0,0.475784033536911,0
5,P13,P13,Post_P13,0,0.39767691493034363,0
5,P13,P13,Post_P13,0,0.45820868015289307,0
5,P13,P13,Post_P13,0,0.46544069051742554,0
5,P13,P13,Post_P13,0,0.49823054671287537,0
5,P13,P13,Post_P13,0,0.47541379928588867,0
5,P13,P13,Post_P13,0,0.3856150507926941,0
5,P13,P13,Post_P13,0,0.4719395637512207,0
5,P13,P13,Post_P13,0,0.4744676947593689,0
5,P13,P13,Post_P13,0,0.4390254318714142,0
6,P14,P14,Post_P14,0,0.4759851396083832,0
6,P14,P14,Post_P14,0,0.3963233232498169,0
6,P14,P14,Post_P14,0,0.4522191882133484,0
6,P14,P14,Post_P14,0,0.4791810214519501,0
6,P14,P14,Post_P14,0,0.5032906532287598,1
6,P14,P14,Post_P14,0,0.4094296991825104,0
6,P14,P14,Post_P14,0,0.4366947412490845,0
6,P14,P14,Post_P14,0,0.5502222180366516,1
6,P14,P14,Post_P14,0,0.42685580253601074,0
6,P14,P14,Post_P14,0,0.6000130772590637,1
6,P14,P14,Post_P14,0,0.3237491846084595,0
6,P14,P14,Post_P14,0,0.3824831545352936,0
6,P14,P14,Post_P14,0,0.4922846853733063,0
6,P14,P14,Post_P14,0,0.6400723457336426,1
6,P14,P14,Post_P14,0,0.5699782967567444,1
6,P14,P14,Post_P14,0,0.46922680735588074,0
6,P14,P14,Post_P14,0,0.47406765818595886,0
6,P14,P14,Post_P14,0,0.6041361689567566,1
6,P14,P14,Post_P14,0,0.4019014239311218,0
6,P14,P14,Post_P14,0,0.5365999341011047,1
6,P14,P14,Post_P14,0,0.43803414702415466,0
6,P14,P14,Post_P14,0,0.34820058941841125,0
6,P14,P14,Post_P14,0,0.4418497085571289,0
6,P14,P14,Post_P14,0,0.5066453218460083,1
6,P14,P14,Post_P14,0,0.3630979359149933,0
6,P14,P14,Post_P14,0,0.4662931263446808,0
6,P14,P14,Post_P14,0,0.603184700012207,1
6,P14,P14,Post_P14,0,0.515083372592926,1
6,P14,P14,Post_P14,0,0.4864588975906372,0
6,P14,P14,Post_P14,0,0.5905614495277405,1
6,P14,P14,Post_P14,0,0.5852373838424683,1
6,P14,P14,Post_P14,0,0.6400628089904785,1
6,P14,P14,Post_P14,0,0.5123434662818909,1
6,P14,P14,Post_P14,0,0.43079352378845215,0
6,P14,P14,Post_P14,0,0.34398171305656433,0
6,P14,P14,Post_P14,0,0.4695832133293152,0
6,P14,P14,Post_P14,0,0.46663790941238403,0
6,P14,P14,Post_P14,0,0.34961438179016113,0
6,P14,P14,Post_P14,0,0.3676241636276245,0
6,P14,P14,Post_P14,0,0.38516372442245483,0
6,P14,P14,Post_P14,0,0.3178991675376892,0
6,P14,P14,Post_P14,0,0.3914530277252197,0
6,P14,P14,Post_P14,0,0.46865835785865784,0
6,P14,P14,Post_P14,0,0.6010351777076721,1
6,P14,P14,Post_P14,0,0.587088406085968,1
6,P14,P14,Post_P14,0,0.5144012570381165,1
6,P14,P14,Post_P14,0,0.29990097880363464,0
6,P14,P14,Post_P14,0,0.4711465537548065,0
6,P14,P14,Post_P14,0,0.6421009302139282,1
6,P14,P14,Post_P14,0,0.6376634240150452,1
6,P14,P14,Post_P14,0,0.5655146837234497,1
6,P14,P14,Post_P14,0,0.5827078223228455,1
6,P14,P14,Post_P14,0,0.5862082839012146,1
6,P14,P14,Post_P14,0,0.3868124485015869,0
6,P14,P14,Post_P14,0,0.6436552405357361,1
6,P14,P14,Post_P14,0,0.48566949367523193,0
6,P14,P14,Post_P14,0,0.6250529885292053,1
6,P14,P14,Post_P14,0,0.38112276792526245,0
6,P14,P14,Post_P14,0,0.520312488079071,1
6,P14,P14,Post_P14,0,0.5019724369049072,1
6,P14,P14,Post_P14,0,0.5958875417709351,1
6,P14,P14,Post_P14,0,0.3675072193145752,0
6,P14,P14,Post_P14,0,0.6043482422828674,1
6,P14,P14,Post_P14,0,0.4511902332305908,0
6,P14,P14,Post_P14,0,0.6053052544593811,1
6,P14,P14,Post_P14,0,0.5610985159873962,1
6,P14,P14,Post_P14,0,0.5796592831611633,1
6,P14,P14,Post_P14,0,0.566862940788269,1
6,P14,P14,Post_P14,0,0.5470333099365234,1
6,P14,P14,Post_P14,0,0.45426782965660095,0
6,P14,P14,Post_P14,0,0.55487459897995,1
6,P14,P14,Post_P14,0,0.5369389653205872,1
6,P14,P14,Post_P14,0,0.4688062071800232,0
6,P14,P14,Post_P14,0,0.39134809374809265,0
6,P14,P14,Post_P14,0,0.5549184083938599,1
6,P14,P14,Post_P14,0,0.5697425603866577,1
6,P14,P14,Post_P14,0,0.5588034987449646,1
6,P14,P14,Post_P14,0,0.45489442348480225,0
6,P14,P14,Post_P14,0,0.42660197615623474,0
6,P14,P14,Post_P14,0,0.5131532549858093,1
6,P14,P14,Post_P14,0,0.5641612410545349,1
6,P14,P14,Post_P14,0,0.5804383158683777,1
6,P14,P14,Post_P14,0,0.6374161243438721,1
6,P14,P14,Post_P14,0,0.6057658791542053,1
6,P14,P14,Post_P14,0,0.5660991668701172,1
6,P14,P14,Post_P14,0,0.4951724708080292,0
6,P14,P14,Post_P14,0,0.6445722579956055,1
6,P14,P14,Post_P14,0,0.38359567523002625,0
6,P14,P14,Post_P14,0,0.48347458243370056,0
6,P14,P14,Post_P14,0,0.45584210753440857,0
6,P14,P14,Post_P14,0,0.41887974739074707,0
6,P14,P14,Post_P14,0,0.487186998128891,0
6,P14,P14,Post_P14,0,0.5161418914794922,1
6,P14,P14,Post_P14,0,0.5049953460693359,1
6,P14,P14,Post_P14,0,0.5048437714576721,1
6,P14,P14,Post_P14,0,0.4395168423652649,0
6,P14,P14,Post_P14,0,0.4100944399833679,0
6,P14,P14,Post_P14,0,0.4970310628414154,0
6,P14,P14,Post_P14,0,0.45985496044158936,0
6,P14,P14,Post_P14,0,0.5145671367645264,1
6,P14,P14,Post_P14,0,0.544803261756897,1
6,P14,P14,Post_P14,0,0.4285191595554352,0
6,P14,P14,Post_P14,0,0.5090532302856445,1
6,P14,P14,Post_P14,0,0.5100756883621216,1
6,P14,P14,Post_P14,0,0.49503418803215027,0
6,P14,P14,Post_P14,0,0.4622061848640442,0
6,P14,P14,Post_P14,0,0.4211452305316925,0
6,P14,P14,Post_P14,0,0.556833028793335,1
6,P14,P14,Post_P14,0,0.5289338231086731,1
6,P14,P14,Post_P14,0,0.6074513792991638,1
6,P14,P14,Post_P14,0,0.5783094167709351,1
6,P14,P14,Post_P14,0,0.5548015832901001,1
6,P14,P14,Post_P14,0,0.5287001132965088,1
6,P14,P14,Post_P14,0,0.3603050112724304,0
6,P14,P14,Post_P14,0,0.6358761787414551,1
6,P14,P14,Post_P14,0,0.5112897753715515,1
6,P14,P14,Post_P14,0,0.5195562243461609,1
6,P14,P14,Post_P14,0,0.38089442253112793,0
6,P14,P14,Post_P14,0,0.3959733843803406,0
6,P14,P14,Post_P14,0,0.6053559184074402,1
6,P14,P14,Post_P14,0,0.33970969915390015,0
6,P14,P14,Post_P14,0,0.5500398874282837,1
6,P14,P14,Post_P14,0,0.3503384590148926,0
6,P14,P14,Post_P14,0,0.5154985189437866,1
6,P14,P14,Post_P14,0,0.5754238963127136,1
6,P14,P14,Post_P14,0,0.4375350773334503,0
6,P14,P14,Post_P14,0,0.4834538996219635,0
6,P14,P14,Post_P14,0,0.5998082756996155,1
6,P14,P14,Post_P14,0,0.4354138672351837,0
6,P14,P14,Post_P14,0,0.4632208049297333,0
6,P14,P14,Post_P14,0,0.5264890789985657,1
6,P14,P14,Post_P14,0,0.3893857002258301,0
6,P14,P14,Post_P14,0,0.36173516511917114,0
6,P14,P14,Post_P14,0,0.38970234990119934,0
6,P14,P14,Post_P14,0,0.5690264105796814,1
6,P14,P14,Post_P14,0,0.46782419085502625,0
6,P14,P14,Post_P14,0,0.5828496813774109,1
6,P14,P14,Post_P14,0,0.4688580632209778,0
6,P14,P14,Post_P14,0,0.49486657977104187,0
6,P14,P14,Post_P14,0,0.41601401567459106,0
6,P14,P14,Post_P14,0,0.5165858268737793,1
6,P14,P14,Post_P14,0,0.5219996571540833,1
6,P14,P14,Post_P14,0,0.5215674638748169,1
6,P14,P14,Post_P14,0,0.47998765110969543,0
6,P14,P14,Post_P14,0,0.5213863253593445,1
6,P14,P14,Post_P14,0,0.5573374629020691,1
6,P14,P14,Post_P14,0,0.3818860352039337,0
6,P14,P14,Post_P14,0,0.5356106758117676,1
6,P14,P14,Post_P14,0,0.5663162469863892,1
6,P14,P14,Post_P14,0,0.5978356003761292,1
6,P14,P14,Post_P14,0,0.5857314467430115,1
6,P14,P14,Post_P14,0,0.5120233297348022,1
6,P14,P14,Post_P14,0,0.35085365176200867,0
6,P14,P14,Post_P14,0,0.34236791729927063,0
6,P14,P14,Post_P14,0,0.47405391931533813,0
6,P14,P14,Post_P14,0,0.4925938844680786,0
6,P14,P14,Post_P14,0,0.4969627559185028,0
6,P14,P14,Post_P14,0,0.3187619745731354,0
6,P14,P14,Post_P14,0,0.5979076623916626,1
6,P14,P14,Post_P14,0,0.49805212020874023,0
6,P14,P14,Post_P14,0,0.5747798085212708,1
6,P14,P14,Post_P14,0,0.3458719253540039,0
6,P14,P14,Post_P14,0,0.4069382846355438,0
6,P14,P14,Post_P14,0,0.6027353405952454,1
6,P14,P14,Post_P14,0,0.5501908659934998,1
6,P14,P14,Post_P14,0,0.300312340259552,0
6,P14,P14,Post_P14,0,0.5596207976341248,1
6,P14,P14,Post_P14,0,0.5045624375343323,1
6,P14,P14,Post_P14,0,0.5773448348045349,1
6,P14,P14,Post_P14,0,0.6406465172767639,1
6,P14,P14,Post_P14,0,0.4522109925746918,0
6,P14,P14,Post_P14,0,0.44254133105278015,0
6,P14,P14,Post_P14,0,0.570429265499115,1
6,P14,P14,Post_P14,0,0.5504246354103088,1
6,P14,P14,Post_P14,0,0.5172125697135925,1
6,P14,P14,Post_P14,0,0.4359949231147766,0
6,P14,P14,Post_P14,0,0.46976253390312195,0
6,P14,P14,Post_P14,0,0.5679633021354675,1
6,P14,P14,Post_P14,0,0.3810601234436035,0
6,P14,P14,Post_P14,0,0.47317013144493103,0
6,P14,P14,Post_P14,0,0.4990684986114502,0
6,P14,P14,Post_P14,0,0.5526323318481445,1
6,P14,P14,Post_P14,0,0.42152512073516846,0
6,P14,P14,Post_P14,0,0.5831847786903381,1
6,P14,P14,Post_P14,0,0.39517295360565186,0
6,P14,P14,Post_P14,0,0.508025050163269,1
6,P14,P14,Post_P14,0,0.5910706520080566,1
6,P14,P14,Post_P14,0,0.5199369788169861,1
6,P14,P14,Post_P14,0,0.6316182613372803,1
6,P14,P14,Post_P14,0,0.5454583168029785,1
6,P14,P14,Post_P14,0,0.6017904281616211,1
6,P14,P14,Post_P14,0,0.574543833732605,1
6,P14,P14,Post_P14,0,0.4995984733104706,0
6,P14,P14,Post_P14,0,0.37458956241607666,0
6,P14,P14,Post_P14,0,0.4987238049507141,0
6,P14,P14,Post_P14,0,0.4811352789402008,0
6,P14,P14,Post_P14,0,0.48911723494529724,0
6,P14,P14,Post_P14,0,0.45065757632255554,0
6,P14,P14,Post_P14,0,0.43871399760246277,0
6,P14,P14,Post_P14,0,0.4870985746383667,0
6,P14,P14,Post_P14,0,0.5195034742355347,1
6,P14,P14,Post_P14,0,0.3987933099269867,0
6,P14,P14,Post_P14,0,0.34565335512161255,0
6,P14,P14,Post_P14,0,0.5888341665267944,1
6,P14,P14,Post_P14,0,0.5994634032249451,1
6,P14,P14,Post_P14,0,0.37704405188560486,0
6,P14,P14,Post_P14,0,0.6104690432548523,1
6,P14,P14,Post_P14,0,0.4614684581756592,0
6,P14,P14,Post_P14,0,0.5667904019355774,1
6,P14,P14,Post_P14,0,0.42625248432159424,0
6,P14,P14,Post_P14,0,0.4218849837779999,0
6,P14,P14,Post_P14,0,0.5545340180397034,1
6,P14,P14,Post_P14,0,0.44640228152275085,0
6,P14,P14,Post_P14,0,0.4705715477466583,0
6,P14,P14,Post_P14,0,0.6023383736610413,1
6,P14,P14,Post_P14,0,0.4671962559223175,0
6,P14,P14,Post_P14,0,0.44403275847435,0
6,P14,P14,Post_P14,0,0.48578330874443054,0
6,P14,P14,Post_P14,0,0.560609757900238,1
6,P14,P14,Post_P14,0,0.5678384900093079,1
6,P14,P14,Post_P14,0,0.4791569709777832,0
6,P14,P14,Post_P14,0,0.44594883918762207,0
6,P14,P14,Post_P14,0,0.38475313782691956,0
6,P14,P14,Post_P14,0,0.5903226733207703,1
6,P14,P14,Post_P14,0,0.43539389967918396,0
6,P14,P14,Post_P14,0,0.4849947988986969,0
6,P14,P14,Post_P14,0,0.6015362739562988,1
6,P14,P14,Post_P14,0,0.4509487450122833,0
6,P14,P14,Post_P14,0,0.47065097093582153,0
6,P14,P14,Post_P14,0,0.5253429412841797,1
6,P14,P14,Post_P14,0,0.48979389667510986,0
6,P14,P14,Post_P14,0,0.345915824174881,0
6,P14,P14,Post_P14,0,0.5146288871765137,1
6,P14,P14,Post_P14,0,0.6016740798950195,1
6,P14,P14,Post_P14,0,0.5555265545845032,1
6,P14,P14,Post_P14,0,0.6072720289230347,1
6,P14,P14,Post_P14,0,0.5125802159309387,1
6,P14,P14,Post_P14,0,0.5750576853752136,1
6,P14,P14,Post_P14,0,0.5963166952133179,1
6,P14,P14,Post_P14,0,0.556700587272644,1
6,P14,P14,Post_P14,0,0.39570918679237366,0
6,P14,P14,Post_P14,0,0.4996744692325592,0
6,P14,P14,Post_P14,0,0.3796316385269165,0
6,P14,P14,Post_P14,0,0.5649353265762329,1
6,P14,P14,Post_P14,0,0.5382875204086304,1
6,P14,P14,Post_P14,0,0.5071921348571777,1
6,P14,P14,Post_P14,0,0.45493650436401367,0
6,P14,P14,Post_P14,0,0.45628800988197327,0
6,P14,P14,Post_P14,0,0.5551134943962097,1
6,P14,P14,Post_P14,0,0.4590221047401428,0
6,P14,P14,Post_P14,0,0.5637766718864441,1
6,P14,P14,Post_P14,0,0.49894994497299194,0
6,P14,P14,Post_P14,0,0.6012024879455566,1
6,P14,P14,Post_P14,0,0.46219488978385925,0
6,P14,P14,Post_P14,0,0.4687274098396301,0
6,P14,P14,Post_P14,0,0.42478084564208984,0
6,P14,P14,Post_P14,0,0.4123389422893524,0
6,P14,P14,Post_P14,0,0.45333877205848694,0
6,P14,P14,Post_P14,0,0.4346446096897125,0
6,P14,P14,Post_P14,0,0.5611638426780701,1
6,P14,P14,Post_P14,0,0.5000349283218384,1
6,P14,P14,Post_P14,0,0.48488548398017883,0
6,P14,P14,Post_P14,0,0.5786106586456299,1
6,P14,P14,Post_P14,0,0.4548272490501404,0
6,P14,P14,Post_P14,0,0.418820858001709,0
6,P14,P14,Post_P14,0,0.47401657700538635,0
6,P14,P14,Post_P14,0,0.3830115795135498,0
6,P14,P14,Post_P14,0,0.511827290058136,1
6,P14,P14,Post_P14,0,0.5045949816703796,1
6,P14,P14,Post_P14,0,0.47115767002105713,0
6,P14,P14,Post_P14,0,0.3377958834171295,0
6,P14,P14,Post_P14,0,0.49924415349960327,0
6,P14,P14,Post_P14,0,0.6005563139915466,1
6,P14,P14,Post_P14,0,0.5422885417938232,1
6,P14,P14,Post_P14,0,0.46026936173439026,0
6,P14,P14,Post_P14,0,0.5222407579421997,1
6,P14,P14,Post_P14,0,0.34479475021362305,0
6,P14,P14,Post_P14,0,0.45981043577194214,0
6,P14,P14,Post_P14,0,0.44715335965156555,0
6,P14,P14,Post_P14,0,0.598471462726593,1
6,P14,P14,Post_P14,0,0.4218791127204895,0
6,P14,P14,Post_P14,0,0.5304234623908997,1
6,P14,P14,Post_P14,0,0.4157509207725525,0
6,P14,P14,Post_P14,0,0.45165956020355225,0
6,P14,P14,Post_P14,0,0.6495720148086548,1
6,P14,P14,Post_P14,0,0.4565500020980835,0
6,P14,P14,Post_P14,0,0.4705426096916199,0
6,P14,P14,Post_P14,0,0.4886437654495239,0
6,P14,P14,Post_P14,0,0.65354323387146,1
6,P14,P14,Post_P14,0,0.5606300234794617,1
6,P14,P14,Post_P14,0,0.5231284499168396,1
6,P14,P14,Post_P14,0,0.6149237751960754,1
6,P14,P14,Post_P14,0,0.5272864699363708,1
6,P14,P14,Post_P14,0,0.4539479613304138,0
6,P14,P14,Post_P14,0,0.3377697765827179,0
6,P14,P14,Post_P14,0,0.5095162391662598,1
6,P14,P14,Post_P14,0,0.38022518157958984,0
6,P14,P14,Post_P14,0,0.513059139251709,1
6,P14,P14,Post_P14,0,0.4969010353088379,0
6,P14,P14,Post_P14,0,0.48945164680480957,0
6,P14,P14,Post_P14,0,0.5030454397201538,1
6,P14,P14,Post_P14,0,0.5338452458381653,1
6,P14,P14,Post_P14,0,0.5081304907798767,1
6,P14,P14,Post_P14,0,0.48394691944122314,0
6,P14,P14,Post_P14,0,0.514415979385376,1
6,P14,P14,Post_P14,0,0.4481416642665863,0
6,P14,P14,Post_P14,0,0.5762516260147095,1
6,P14,P14,Post_P14,0,0.4020431935787201,0
6,P14,P14,Post_P14,0,0.31421735882759094,0
6,P14,P14,Post_P14,0,0.3994247615337372,0
6,P14,P14,Post_P14,0,0.5518430471420288,1
6,P14,P14,Post_P14,0,0.557844340801239,1
6,P14,P14,Post_P14,0,0.4961755573749542,0
6,P14,P14,Post_P14,0,0.3197491765022278,0
6,P14,P14,Post_P14,0,0.467783123254776,0
6,P14,P14,Post_P14,0,0.36517980694770813,0
6,P14,P14,Post_P14,0,0.5494418740272522,1
6,P14,P14,Post_P14,0,0.611610472202301,1
6,P14,P14,Post_P14,0,0.6385220885276794,1
6,P14,P14,Post_P14,0,0.5419528484344482,1
6,P14,P14,Post_P14,0,0.3517405390739441,0
6,P14,P14,Post_P14,0,0.547924816608429,1
6,P14,P14,Post_P14,0,0.4394005537033081,0
6,P14,P14,Post_P14,0,0.38864681124687195,0
6,P14,P14,Post_P14,0,0.583532989025116,1
6,P14,P14,Post_P14,0,0.3931069076061249,0
6,P14,P14,Post_P14,0,0.43681856989860535,0
6,P14,P14,Post_P14,0,0.6484507322311401,1
6,P14,P14,Post_P14,0,0.37940478324890137,0
7,P15,P15,Pre_P15,0,0.5182574987411499,1
7,P15,P15,Pre_P15,0,0.46438315510749817,0
7,P15,P15,Pre_P15,0,0.48643383383750916,0
7,P15,P15,Pre_P15,0,0.501382052898407,1
7,P15,P15,Pre_P15,0,0.5182574987411499,1
7,P15,P15,Pre_P15,0,0.49660488963127136,0
7,P15,P15,Pre_P15,0,0.5109587907791138,1
7,P15,P15,Pre_P15,0,0.5270068049430847,1
7,P15,P15,Pre_P15,0,0.5182574987411499,1
7,P15,P15,Pre_P15,0,0.49657055735588074,0
7,P15,P15,Pre_P15,0,0.49657055735588074,0
7,P15,P15,Pre_P15,0,0.5182574987411499,1
7,P15,P15,Pre_P15,0,0.5171448588371277,1
7,P15,P15,Pre_P15,0,0.4902119040489197,0
7,P15,P15,Pre_P15,0,0.514345645904541,1
7,P15,P15,Pre_P15,0,0.4734378755092621,0
7,P15,P15,Pre_P15,0,0.48079460859298706,0
7,P15,P15,Pre_P15,0,0.4641760289669037,0
7,P15,P15,Pre_P15,0,0.4705996513366699,0
7,P15,P15,Pre_P15,0,0.496995210647583,0
7,P15,P15,Pre_P15,0,0.511522650718689,1
7,P15,P15,Pre_P15,0,0.49043339490890503,0
7,P15,P15,Pre_P15,0,0.5104804039001465,1
7,P15,P15,Pre_P15,0,0.47809046506881714,0
7,P15,P15,Pre_P15,0,0.5270068049430847,1
7,P15,P15,Pre_P15,0,0.5270068049430847,1
7,P15,P15,Pre_P15,0,0.49657055735588074,0
7,P15,P15,Pre_P15,0,0.5200570821762085,1
7,P15,P15,Pre_P15,0,0.47920191287994385,0
7,P15,P15,Pre_P15,0,0.5109587907791138,1
7,P15,P15,Pre_P15,0,0.468196839094162,0
7,P15,P15,Pre_P15,0,0.47809046506881714,0
7,P15,P15,Pre_P15,0,0.5182574987411499,1
7,P15,P15,Pre_P15,0,0.5101174712181091,1
7,P15,P15,Pre_P15,0,0.488813579082489,0
7,P15,P15,Pre_P15,0,0.5109587907791138,1
7,P15,P15,Pre_P15,0,0.46438315510749817,0
7,P15,P15,Pre_P15,0,0.5087149143218994,1
7,P15,P15,Pre_P15,0,0.4947739839553833,0
7,P15,P15,Pre_P15,0,0.5270068049430847,1
7,P15,P15,Pre_P15,0,0.511522650718689,1
7,P15,P15,Pre_P15,0,0.51057368516922,1
7,P15,P15,Pre_P15,0,0.5027320384979248,1
7,P15,P15,Pre_P15,0,0.4983951151371002,0
7,P15,P15,Pre_P15,0,0.5001541376113892,1
7,P15,P15,Pre_P15,0,0.5087149143218994,1
7,P15,P15,Pre_P15,0,0.46807169914245605,0
7,P15,P15,Pre_P15,0,0.49631601572036743,0
7,P15,P15,Pre_P15,0,0.48166123032569885,0
7,P15,P15,Pre_P15,0,0.49010562896728516,0
7,P15,P15,Pre_P15,0,0.5143060088157654,1
7,P15,P15,Pre_P15,0,0.4734378755092621,0
7,P15,P15,Pre_P15,0,0.5171448588371277,1
7,P15,P15,Pre_P15,0,0.511522650718689,1
7,P15,P15,Pre_P15,0,0.4717549681663513,0
7,P15,P15,Pre_P15,0,0.47809046506881714,0
7,P15,P15,Pre_P15,0,0.49125733971595764,0
7,P15,P15,Pre_P15,0,0.5270068049430847,1
7,P15,P15,Pre_P15,0,0.5182574987411499,1
7,P15,P15,Pre_P15,0,0.5109587907791138,1
7,P15,P15,Pre_P15,0,0.49657055735588074,0
7,P15,P15,Pre_P15,0,0.4906238913536072,0
7,P15,P15,Pre_P15,0,0.47461941838264465,0
7,P15,P15,Pre_P15,0,0.5200570821762085,1
7,P15,P15,Pre_P15,0,0.5182574987411499,1
7,P15,P15,Pre_P15,0,0.468196839094162,0
7,P15,P15,Pre_P15,0,0.46438315510749817,0
7,P15,P15,Pre_P15,0,0.5057082176208496,1
7,P15,P15,Pre_P15,0,0.49660488963127136,0
7,P15,P15,Pre_P15,0,0.468196839094162,0
7,P15,P15,Pre_P15,0,0.49327343702316284,0
7,P15,P15,Pre_P15,0,0.5097924470901489,1
7,P15,P15,Pre_P15,0,0.5109587907791138,1
7,P15,P15,Pre_P15,0,0.5182574987411499,1
7,P15,P15,Pre_P15,0,0.4954293668270111,0
7,P15,P15,Pre_P15,0,0.5200570821762085,1
7,P15,P15,Pre_P15,0,0.5182574987411499,1
7,P15,P15,Pre_P15,0,0.4954293668270111,0
7,P15,P15,Pre_P15,0,0.5200570821762085,1
7,P15,P15,Pre_P15,0,0.5084993839263916,1
7,P15,P15,Pre_P15,0,0.48224592208862305,0
7,P15,P15,Pre_P15,0,0.5025196075439453,1
7,P15,P15,Pre_P15,0,0.5074946880340576,1
7,P15,P15,Pre_P15,0,0.48079460859298706,0
7,P15,P15,Pre_P15,0,0.4648425281047821,0
7,P15,P15,Pre_P15,0,0.47658777236938477,0
7,P15,P15,Pre_P15,0,0.5182574987411499,1
7,P15,P15,Pre_P15,0,0.48260498046875,0
7,P15,P15,Pre_P15,0,0.49657055735588074,0
7,P15,P15,Pre_P15,0,0.5048450827598572,1
7,P15,P15,Pre_P15,0,0.49467501044273376,0
7,P15,P15,Pre_P15,0,0.5182574987411499,1
7,P15,P15,Pre_P15,0,0.48824092745780945,0
7,P15,P15,Pre_P15,0,0.5270068049430847,1
7,P15,P15,Pre_P15,0,0.5145365595817566,1
7,P15,P15,Pre_P15,0,0.48683351278305054,0
7,P15,P15,Pre_P15,0,0.49660488963127136,0
7,P15,P15,Pre_P15,0,0.4696192145347595,0
7,P15,P15,Pre_P15,0,0.5014390349388123,1
7,P15,P15,Pre_P15,0,0.5182574987411499,1
7,P15,P15,Pre_P15,0,0.4947739839553833,0
7,P15,P15,Pre_P15,0,0.4696192145347595,0
7,P15,P15,Pre_P15,0,0.4818156957626343,0
7,P15,P15,Pre_P15,0,0.46438315510749817,0
7,P15,P15,Pre_P15,0,0.496995210647583,0
7,P15,P15,Pre_P15,0,0.5111976861953735,1
7,P15,P15,Pre_P15,0,0.5182574987411499,1
7,P15,P15,Pre_P15,0,0.48950356245040894,0
7,P15,P15,Pre_P15,0,0.524015486240387,1
7,P15,P15,Pre_P15,0,0.5270068049430847,1
7,P15,P15,Pre_P15,0,0.5270068049430847,1
7,P15,P15,Pre_P15,0,0.4734378755092621,0
7,P15,P15,Pre_P15,0,0.5182574987411499,1
7,P15,P15,Pre_P15,0,0.5197324752807617,1
7,P15,P15,Pre_P15,0,0.4641760289669037,0
7,P15,P15,Pre_P15,0,0.4954293668270111,0
7,P15,P15,Pre_P15,0,0.4734378755092621,0
7,P15,P15,Pre_P15,0,0.5171448588371277,1
7,P15,P15,Pre_P15,0,0.4641760289669037,0
7,P15,P15,Pre_P15,0,0.48809105157852173,0
7,P15,P15,Pre_P15,0,0.48079460859298706,0
7,P15,P15,Pre_P15,0,0.49726027250289917,0
7,P15,P15,Pre_P15,0,0.5171448588371277,1
7,P15,P15,Pre_P15,0,0.5200570821762085,1
7,P15,P15,Pre_P15,0,0.5182574987411499,1
7,P15,P15,Pre_P15,0,0.46438315510749817,0
7,P15,P15,Pre_P15,0,0.49953439831733704,0
7,P15,P15,Pre_P15,0,0.4868009090423584,0
7,P15,P15,Pre_P15,0,0.49499598145484924,0
7,P15,P15,Pre_P15,0,0.5103065371513367,1
7,P15,P15,Pre_P15,0,0.4641760289669037,0
7,P15,P15,Pre_P15,0,0.5072146058082581,1
7,P15,P15,Pre_P15,0,0.5025196075439453,1
7,P15,P15,Pre_P15,0,0.5272195935249329,1
7,P15,P15,Pre_P15,0,0.4902891516685486,0
7,P15,P15,Pre_P15,0,0.4696192145347595,0
7,P15,P15,Pre_P15,0,0.49657055735588074,0
7,P15,P15,Pre_P15,0,0.4696192145347595,0
7,P15,P15,Pre_P15,0,0.5276207327842712,1
7,P15,P15,Pre_P15,0,0.4641760289669037,0
7,P15,P15,Pre_P15,0,0.5143060088157654,1
7,P15,P15,Pre_P15,0,0.4803038239479065,0
7,P15,P15,Pre_P15,0,0.46792611479759216,0
7,P15,P15,Pre_P15,0,0.49660488963127136,0
7,P15,P15,Pre_P15,0,0.5197427272796631,1
7,P15,P15,Pre_P15,0,0.48224592208862305,0
7,P15,P15,Pre_P15,0,0.5270068049430847,1
7,P15,P15,Pre_P15,0,0.49726027250289917,0
7,P15,P15,Pre_P15,0,0.5182574987411499,1
7,P15,P15,Pre_P15,0,0.4641760289669037,0
7,P15,P15,Pre_P15,0,0.4726489782333374,0
7,P15,P15,Pre_P15,0,0.4641760289669037,0
7,P15,P15,Pre_P15,0,0.5200570821762085,1
7,P15,P15,Pre_P15,0,0.47028663754463196,0
7,P15,P15,Pre_P15,0,0.491253137588501,0
7,P15,P15,Pre_P15,0,0.5182574987411499,1
7,P15,P15,Pre_P15,0,0.4947739839553833,0
7,P15,P15,Pre_P15,0,0.5270068049430847,1
7,P15,P15,Pre_P15,0,0.47841569781303406,0
7,P15,P15,Pre_P15,0,0.4641760289669037,0
7,P15,P15,Pre_P15,0,0.4741058945655823,0
7,P15,P15,Pre_P15,0,0.5270068049430847,1
7,P15,P15,Pre_P15,0,0.5152051448822021,1
7,P15,P15,Pre_P15,0,0.5056927800178528,1
7,P15,P15,Pre_P15,0,0.5270068049430847,1
7,P15,P15,Pre_P15,0,0.5034171342849731,1
7,P15,P15,Pre_P15,0,0.46438315510749817,0
7,P15,P15,Pre_P15,0,0.491253137588501,0
7,P15,P15,Pre_P15,0,0.49660488963127136,0
7,P15,P15,Pre_P15,0,0.49108007550239563,0
7,P15,P15,Pre_P15,0,0.46720731258392334,0
7,P15,P15,Pre_P15,0,0.507649302482605,1
7,P15,P15,Pre_P15,0,0.5200570821762085,1
7,P15,P15,Pre_P15,0,0.5109587907791138,1
7,P15,P15,Pre_P15,0,0.5200570821762085,1
7,P15,P15,Pre_P15,0,0.49108633399009705,0
7,P15,P15,Pre_P15,0,0.49657055735588074,0
7,P15,P15,Pre_P15,0,0.5182574987411499,1
7,P15,P15,Pre_P15,0,0.5182574987411499,1
7,P15,P15,Pre_P15,0,0.4780561327934265,0
7,P15,P15,Pre_P15,0,0.5182574987411499,1
7,P15,P15,Pre_P15,0,0.5110443234443665,1
7,P15,P15,Pre_P15,0,0.4947739839553833,0
7,P15,P15,Pre_P15,0,0.4947739839553833,0
7,P15,P15,Pre_P15,0,0.467414528131485,0
7,P15,P15,Pre_P15,0,0.501108705997467,1
7,P15,P15,Pre_P15,0,0.49085310101509094,0
7,P15,P15,Pre_P15,0,0.511522650718689,1
7,P15,P15,Pre_P15,0,0.5032491087913513,1
7,P15,P15,Pre_P15,0,0.5145365595817566,1
7,P15,P15,Pre_P15,0,0.5270068049430847,1
7,P15,P15,Pre_P15,0,0.49251845479011536,0
7,P15,P15,Pre_P15,0,0.5197324752807617,1
7,P15,P15,Pre_P15,0,0.498198002576828,0
7,P15,P15,Pre_P15,0,0.5142716765403748,1
7,P15,P15,Pre_P15,0,0.4668688476085663,0
7,P15,P15,Pre_P15,0,0.48946917057037354,0
7,P15,P15,Pre_P15,0,0.4902119040489197,0
7,P15,P15,Pre_P15,0,0.5106337666511536,1
7,P15,P15,Pre_P15,0,0.5016606450080872,1
7,P15,P15,Pre_P15,0,0.4854985475540161,0
7,P15,P15,Pre_P15,0,0.46827903389930725,0
7,P15,P15,Pre_P15,0,0.5171448588371277,1
7,P15,P15,Pre_P15,0,0.49726027250289917,0
7,P15,P15,Pre_P15,0,0.5270068049430847,1
7,P15,P15,Pre_P15,0,0.5032491087913513,1
7,P15,P15,Pre_P15,0,0.5111976861953735,1
7,P15,P15,Pre_P15,0,0.5200570821762085,1
7,P15,P15,Pre_P15,0,0.47809046506881714,0
7,P15,P15,Pre_P15,0,0.4890364110469818,0
7,P15,P15,Pre_P15,0,0.49425041675567627,0
7,P15,P15,Pre_P15,0,0.4845699667930603,0
7,P15,P15,Pre_P15,0,0.5270068049430847,1
7,P15,P15,Pre_P15,0,0.5106337666511536,1
7,P15,P15,Pre_P15,0,0.47809046506881714,0
7,P15,P15,Pre_P15,0,0.5109587907791138,1
7,P15,P15,Pre_P15,0,0.496995210647583,0
7,P15,P15,Pre_P15,0,0.5182574987411499,1
7,P15,P15,Pre_P15,0,0.5143060088157654,1
7,P15,P15,Pre_P15,0,0.49726027250289917,0
7,P15,P15,Pre_P15,0,0.5104804039001465,1
7,P15,P15,Pre_P15,0,0.4930388331413269,0
7,P15,P15,Pre_P15,0,0.5142478942871094,1
7,P15,P15,Pre_P15,0,0.5111216306686401,1
7,P15,P15,Pre_P15,0,0.4962816536426544,0
7,P15,P15,Pre_P15,0,0.47229620814323425,0
7,P15,P15,Pre_P15,0,0.49683454632759094,0
7,P15,P15,Pre_P15,0,0.5270068049430847,1
7,P15,P15,Pre_P15,0,0.47795143723487854,0
7,P15,P15,Pre_P15,0,0.5113522410392761,1
7,P15,P15,Pre_P15,0,0.49564340710639954,0
7,P15,P15,Pre_P15,0,0.49631601572036743,0
7,P15,P15,Pre_P15,0,0.49732914566993713,0
7,P15,P15,Pre_P15,0,0.5168800950050354,1
7,P15,P15,Pre_P15,0,0.499336838722229,0
7,P15,P15,Pre_P15,0,0.517658531665802,1
7,P15,P15,Pre_P15,0,0.5182574987411499,1
7,P15,P15,Pre_P15,0,0.47809046506881714,0
7,P15,P15,Pre_P15,0,0.5142716765403748,1
7,P15,P15,Pre_P15,0,0.4641760289669037,0
7,P15,P15,Pre_P15,0,0.49027034640312195,0
7,P15,P15,Pre_P15,0,0.5182574987411499,1
7,P15,P15,Pre_P15,0,0.48736464977264404,0
7,P15,P15,Pre_P15,0,0.5182574987411499,1
7,P15,P15,Pre_P15,0,0.4641760289669037,0
7,P15,P15,Pre_P15,0,0.5182574987411499,1
7,P15,P15,Pre_P15,0,0.5182574987411499,1
7,P15,P15,Pre_P15,0,0.5106337666511536,1
7,P15,P15,Pre_P15,0,0.49629873037338257,0
7,P15,P15,Pre_P15,0,0.5109587907791138,1
7,P15,P15,Pre_P15,0,0.4808485507965088,0
7,P15,P15,Pre_P15,0,0.5182574987411499,1
7,P15,P15,Pre_P15,0,0.517658531665802,1
7,P15,P15,Pre_P15,0,0.49726027250289917,0
7,P15,P15,Pre_P15,0,0.47809046506881714,0
7,P15,P15,Pre_P15,0,0.48946917057037354,0
7,P15,P15,Pre_P15,0,0.48946917057037354,0
7,P15,P15,Pre_P15,0,0.5182574987411499,1
7,P15,P15,Pre_P15,0,0.5109587907791138,1
7,P15,P15,Pre_P15,0,0.4962655007839203,0
7,P15,P15,Pre_P15,0,0.5182574987411499,1
7,P15,P15,Pre_P15,0,0.5182574987411499,1
7,P15,P15,Pre_P15,0,0.49728164076805115,0
7,P15,P15,Pre_P15,0,0.4801943898200989,0
7,P15,P15,Pre_P15,0,0.5103347897529602,1
7,P15,P15,Pre_P15,0,0.5182574987411499,1
7,P15,P15,Pre_P15,0,0.4702514111995697,0
7,P15,P15,Pre_P15,0,0.511522650718689,1
7,P15,P15,Pre_P15,0,0.5109587907791138,1
7,P15,P15,Pre_P15,0,0.49660488963127136,0
7,P15,P15,Pre_P15,0,0.496995210647583,0
7,P15,P15,Pre_P15,0,0.511522650718689,1
7,P15,P15,Pre_P15,0,0.5182574987411499,1
7,P15,P15,Pre_P15,0,0.4641760289669037,0
7,P15,P15,Pre_P15,0,0.4641760289669037,0
7,P15,P15,Pre_P15,0,0.47963616251945496,0
7,P15,P15,Pre_P15,0,0.49660488963127136,0
7,P15,P15,Pre_P15,0,0.4981428384780884,0
7,P15,P15,Pre_P15,0,0.5200570821762085,1
7,P15,P15,Pre_P15,0,0.5050613880157471,1
7,P15,P15,Pre_P15,0,0.49660488963127136,0
7,P15,P15,Pre_P15,0,0.4945392906665802,0
7,P15,P15,Pre_P15,0,0.47875067591667175,0
7,P15,P15,Pre_P15,0,0.49868395924568176,0
7,P15,P15,Pre_P15,0,0.5145365595817566,1
7,P15,P15,Pre_P15,0,0.5149745941162109,1
7,P15,P15,Pre_P15,0,0.5145365595817566,1
7,P15,P15,Pre_P15,0,0.5113522410392761,1
7,P15,P15,Pre_P15,0,0.5061131715774536,1
7,P15,P15,Pre_P15,0,0.48052987456321716,0
7,P15,P15,Pre_P15,0,0.497377872467041,0
7,P15,P15,Pre_P15,0,0.5182574987411499,1
7,P15,P15,Pre_P15,0,0.5105422735214233,1
7,P15,P15,Pre_P15,0,0.5182574987411499,1
7,P15,P15,Pre_P15,0,0.46844935417175293,0
7,P15,P15,Pre_P15,0,0.5270068049430847,1
7,P15,P15,Pre_P15,0,0.5182574987411499,1
7,P15,P15,Pre_P15,0,0.5109587907791138,1
7,P15,P15,Pre_P15,0,0.5011867880821228,1
7,P15,P15,Pre_P15,0,0.49660488963127136,0
7,P15,P15,Pre_P15,0,0.5105422735214233,1
7,P15,P15,Pre_P15,0,0.49726027250289917,0
7,P15,P15,Pre_P15,0,0.5123431086540222,1
7,P15,P15,Pre_P15,0,0.4775654971599579,0
7,P15,P15,Post_P15,0,0.5182574987411499,1
7,P15,P15,Post_P15,0,0.46438315510749817,0
7,P15,P15,Post_P15,0,0.5171448588371277,1
7,P15,P15,Post_P15,0,0.5140173435211182,1
7,P15,P15,Post_P15,0,0.468196839094162,0
7,P15,P15,Post_P15,0,0.4885111451148987,0
7,P15,P15,Post_P15,0,0.5027412176132202,1
7,P15,P15,Post_P15,0,0.48052987456321716,0
7,P15,P15,Post_P15,0,0.4803072214126587,0
7,P15,P15,Post_P15,0,0.49923864006996155,0
7,P15,P15,Post_P15,0,0.5170215368270874,1
7,P15,P15,Post_P15,0,0.5021029710769653,1
7,P15,P15,Post_P15,0,0.4928462505340576,0
7,P15,P15,Post_P15,0,0.49659329652786255,0
7,P15,P15,Post_P15,0,0.5171448588371277,1
7,P15,P15,Post_P15,0,0.5108328461647034,1
7,P15,P15,Post_P15,0,0.4700792133808136,0
7,P15,P15,Post_P15,0,0.4843261241912842,0
7,P15,P15,Post_P15,0,0.4696192145347595,0
7,P15,P15,Post_P15,0,0.4686566889286041,0
7,P15,P15,Post_P15,0,0.5270068049430847,1
7,P15,P15,Post_P15,0,0.5182574987411499,1
7,P15,P15,Post_P15,0,0.491915762424469,0
7,P15,P15,Post_P15,0,0.511522650718689,1
7,P15,P15,Post_P15,0,0.519579291343689,1
7,P15,P15,Post_P15,0,0.5152145624160767,1
7,P15,P15,Post_P15,0,0.5101174712181091,1
7,P15,P15,Post_P15,0,0.519579291343689,1
7,P15,P15,Post_P15,0,0.5149745941162109,1
7,P15,P15,Post_P15,0,0.511522650718689,1
7,P15,P15,Post_P15,0,0.5270068049430847,1
7,P15,P15,Post_P15,0,0.4763534367084503,0
7,P15,P15,Post_P15,0,0.4641760289669037,0
7,P15,P15,Post_P15,0,0.496487021446228,0
7,P15,P15,Post_P15,0,0.48052987456321716,0
7,P15,P15,Post_P15,0,0.5270068049430847,1
7,P15,P15,Post_P15,0,0.46438315510749817,0
7,P15,P15,Post_P15,0,0.49660488963127136,0
7,P15,P15,Post_P15,0,0.4803297817707062,0
7,P15,P15,Post_P15,0,0.46438315510749817,0
7,P15,P15,Post_P15,0,0.49657055735588074,0
7,P15,P15,Post_P15,0,0.49692365527153015,0
7,P15,P15,Post_P15,0,0.49002841114997864,0
7,P15,P15,Post_P15,0,0.500816822052002,1
7,P15,P15,Post_P15,0,0.46844935417175293,0
7,P15,P15,Post_P15,0,0.5182574987411499,1
7,P15,P15,Post_P15,0,0.4774057865142822,0
7,P15,P15,Post_P15,0,0.47072577476501465,0
7,P15,P15,Post_P15,0,0.4908585548400879,0
7,P15,P15,Post_P15,0,0.5182574987411499,1
7,P15,P15,Post_P15,0,0.496995210647583,0
7,P15,P15,Post_P15,0,0.5270068049430847,1
7,P15,P15,Post_P15,0,0.5109587907791138,1
7,P15,P15,Post_P15,0,0.5182574987411499,1
7,P15,P15,Post_P15,0,0.4641760289669037,0
7,P15,P15,Post_P15,0,0.5037118196487427,1
7,P15,P15,Post_P15,0,0.5200570821762085,1
7,P15,P15,Post_P15,0,0.5182574987411499,1
7,P15,P15,Post_P15,0,0.5109587907791138,1
7,P15,P15,Post_P15,0,0.49024662375450134,0
7,P15,P15,Post_P15,0,0.5113522410392761,1
7,P15,P15,Post_P15,0,0.5182574987411499,1
7,P15,P15,Post_P15,0,0.47144466638565063,0
7,P15,P15,Post_P15,0,0.5182574987411499,1
7,P15,P15,Post_P15,0,0.4954293668270111,0
7,P15,P15,Post_P15,0,0.5031664967536926,1
7,P15,P15,Post_P15,0,0.4738982915878296,0
7,P15,P15,Post_P15,0,0.47229620814323425,0
7,P15,P15,Post_P15,0,0.5109587907791138,1
7,P15,P15,Post_P15,0,0.4803072214126587,0
7,P15,P15,Post_P15,0,0.5025196075439453,1
7,P15,P15,Post_P15,0,0.5109587907791138,1
7,P15,P15,Post_P15,0,0.49629873037338257,0
7,P15,P15,Post_P15,0,0.5270068049430847,1
7,P15,P15,Post_P15,0,0.5270068049430847,1
7,P15,P15,Post_P15,0,0.517658531665802,1
7,P15,P15,Post_P15,0,0.5200570821762085,1
7,P15,P15,Post_P15,0,0.4780561327934265,0
7,P15,P15,Post_P15,0,0.5109587907791138,1
7,P15,P15,Post_P15,0,0.5200570821762085,1
7,P15,P15,Post_P15,0,0.4984340965747833,0
7,P15,P15,Post_P15,0,0.4811199903488159,0
7,P15,P15,Post_P15,0,0.5004302859306335,1
7,P15,P15,Post_P15,0,0.5109587907791138,1
7,P15,P15,Post_P15,0,0.5182574987411499,1
7,P15,P15,Post_P15,0,0.4945392906665802,0
7,P15,P15,Post_P15,0,0.5191813111305237,1
7,P15,P15,Post_P15,0,0.49657055735588074,0
7,P15,P15,Post_P15,0,0.4641760289669037,0
7,P15,P15,Post_P15,0,0.5270068049430847,1
7,P15,P15,Post_P15,0,0.5270068049430847,1
7,P15,P15,Post_P15,0,0.49221131205558777,0
7,P15,P15,Post_P15,0,0.5109587907791138,1
7,P15,P15,Post_P15,0,0.46438315510749817,0
7,P15,P15,Post_P15,0,0.5027412176132202,1
7,P15,P15,Post_P15,0,0.5200570821762085,1
7,P15,P15,Post_P15,0,0.48998764157295227,0
7,P15,P15,Post_P15,0,0.5109587907791138,1
7,P15,P15,Post_P15,0,0.46438315510749817,0
7,P15,P15,Post_P15,0,0.5200570821762085,1
7,P15,P15,Post_P15,0,0.510009765625,1
7,P15,P15,Post_P15,0,0.4641760289669037,0
7,P15,P15,Post_P15,0,0.4705134928226471,0
7,P15,P15,Post_P15,0,0.5110635161399841,1
7,P15,P15,Post_P15,0,0.5111954808235168,1
7,P15,P15,Post_P15,0,0.47809046506881714,0
7,P15,P15,Post_P15,0,0.5274367332458496,1
7,P15,P15,Post_P15,0,0.5182574987411499,1
7,P15,P15,Post_P15,0,0.5109587907791138,1
7,P15,P15,Post_P15,0,0.4780561327934265,0
7,P15,P15,Post_P15,0,0.47352901101112366,0
7,P15,P15,Post_P15,0,0.47809046506881714,0
7,P15,P15,Post_P15,0,0.510388195514679,1
7,P15,P15,Post_P15,0,0.4708486795425415,0
7,P15,P15,Post_P15,0,0.49477946758270264,0
7,P15,P15,Post_P15,0,0.4803038239479065,0
7,P15,P15,Post_P15,0,0.5025677680969238,1
7,P15,P15,Post_P15,0,0.5182574987411499,1
7,P15,P15,Post_P15,0,0.5182574987411499,1
7,P15,P15,Post_P15,0,0.4698266386985779,0
7,P15,P15,Post_P15,0,0.4780638813972473,0
7,P15,P15,Post_P15,0,0.5133345127105713,1
7,P15,P15,Post_P15,0,0.5140173435211182,1
7,P15,P15,Post_P15,0,0.5261041522026062,1
7,P15,P15,Post_P15,0,0.48079460859298706,0
7,P15,P15,Post_P15,0,0.5014390349388123,1
7,P15,P15,Post_P15,0,0.5270068049430847,1
7,P15,P15,Post_P15,0,0.511522650718689,1
7,P15,P15,Post_P15,0,0.5109587907791138,1
7,P15,P15,Post_P15,0,0.5025196075439453,1
7,P15,P15,Post_P15,0,0.4945392906665802,0
7,P15,P15,Post_P15,0,0.49425041675567627,0
7,P15,P15,Post_P15,0,0.49108007550239563,0
7,P15,P15,Post_P15,0,0.5182574987411499,1
7,P15,P15,Post_P15,0,0.5241066217422485,1
7,P15,P15,Post_P15,0,0.47711873054504395,0
7,P15,P15,Post_P15,0,0.5200570821762085,1
7,P15,P15,Post_P15,0,0.5200570821762085,1
7,P15,P15,Post_P15,0,0.49043339490890503,0
7,P15,P15,Post_P15,0,0.4738982915878296,0
7,P15,P15,Post_P15,0,0.4738982915878296,0
7,P15,P15,Post_P15,0,0.506618082523346,1
7,P15,P15,Post_P15,0,0.5270068049430847,1
7,P15,P15,Post_P15,0,0.5039200186729431,1
7,P15,P15,Post_P15,0,0.46438315510749817,0
7,P15,P15,Post_P15,0,0.5101174712181091,1
7,P15,P15,Post_P15,0,0.4641760289669037,0
7,P15,P15,Post_P15,0,0.4712989330291748,0
7,P15,P15,Post_P15,0,0.5182574987411499,1
7,P15,P15,Post_P15,0,0.48950356245040894,0
7,P15,P15,Post_P15,0,0.5142716765403748,1
7,P15,P15,Post_P15,0,0.48022451996803284,0
7,P15,P15,Post_P15,0,0.5182574987411499,1
7,P15,P15,Post_P15,0,0.47345373034477234,0
7,P15,P15,Post_P15,0,0.4854460060596466,0
7,P15,P15,Post_P15,0,0.5110443234443665,1
7,P15,P15,Post_P15,0,0.47676944732666016,0
7,P15,P15,Post_P15,0,0.49660488963127136,0
7,P15,P15,Post_P15,0,0.4945392906665802,0
7,P15,P15,Post_P15,0,0.478181391954422,0
7,P15,P15,Post_P15,0,0.46438315510749817,0
7,P15,P15,Post_P15,0,0.5182574987411499,1
7,P15,P15,Post_P15,0,0.5082778930664062,1
7,P15,P15,Post_P15,0,0.5200570821762085,1
7,P15,P15,Post_P15,0,0.5038424134254456,1
7,P15,P15,Post_P15,0,0.49657055735588074,0
7,P15,P15,Post_P15,0,0.4898497760295868,0
7,P15,P15,Post_P15,0,0.511522650718689,1
7,P15,P15,Post_P15,0,0.5270068049430847,1
7,P15,P15,Post_P15,0,0.5270068049430847,1
7,P15,P15,Post_P15,0,0.49726027250289917,0
7,P15,P15,Post_P15,0,0.4954293668270111,0
7,P15,P15,Post_P15,0,0.5145365595817566,1
7,P15,P15,Post_P15,0,0.49333086609840393,0
7,P15,P15,Post_P15,0,0.5270068049430847,1
7,P15,P15,Post_P15,0,0.5270068049430847,1
7,P15,P15,Post_P15,0,0.5270068049430847,1
7,P15,P15,Post_P15,0,0.4700792133808136,0
7,P15,P15,Post_P15,0,0.4945392906665802,0
7,P15,P15,Post_P15,0,0.47028663754463196,0
7,P15,P15,Post_P15,0,0.49631601572036743,0
7,P15,P15,Post_P15,0,0.47183048725128174,0
7,P15,P15,Post_P15,0,0.5200570821762085,1
7,P15,P15,Post_P15,0,0.48661500215530396,0
7,P15,P15,Post_P15,0,0.48224592208862305,0
7,P15,P15,Post_P15,0,0.5084993839263916,1
7,P15,P15,Post_P15,0,0.4641760289669037,0
7,P15,P15,Post_P15,0,0.5182574987411499,1
7,P15,P15,Post_P15,0,0.5270068049430847,1
7,P15,P15,Post_P15,0,0.47841569781303406,0
7,P15,P15,Post_P15,0,0.4698266386985779,0
7,P15,P15,Post_P15,0,0.5046181082725525,1
7,P15,P15,Post_P15,0,0.511522650718689,1
7,P15,P15,Post_P15,0,0.5182574987411499,1
7,P15,P15,Post_P15,0,0.5270068049430847,1
7,P15,P15,Post_P15,0,0.47955334186553955,0
7,P15,P15,Post_P15,0,0.5182574987411499,1
7,P15,P15,Post_P15,0,0.5200570821762085,1
7,P15,P15,Post_P15,0,0.4917459785938263,0
7,P15,P15,Post_P15,0,0.467414528131485,0
7,P15,P15,Post_P15,0,0.5031664967536926,1
7,P15,P15,Post_P15,0,0.511522650718689,1
7,P15,P15,Post_P15,0,0.4951404929161072,0
7,P15,P15,Post_P15,0,0.4845699667930603,0
7,P15,P15,Post_P15,0,0.496995210647583,0
7,P15,P15,Post_P15,0,0.500715434551239,1
7,P15,P15,Post_P15,0,0.5248764753341675,1
7,P15,P15,Post_P15,0,0.5106337666511536,1
7,P15,P15,Post_P15,0,0.5270068049430847,1
7,P15,P15,Post_P15,0,0.47955334186553955,0
7,P15,P15,Post_P15,0,0.5027412176132202,1
7,P15,P15,Post_P15,0,0.4969465136528015,0
7,P15,P15,Post_P15,0,0.5182574987411499,1
7,P15,P15,Post_P15,0,0.5182574987411499,1
7,P15,P15,Post_P15,0,0.5182574987411499,1
7,P15,P15,Post_P15,0,0.46463543176651,0
7,P15,P15,Post_P15,0,0.5270068049430847,1
7,P15,P15,Post_P15,0,0.5270068049430847,1
7,P15,P15,Post_P15,0,0.5049447417259216,1
7,P15,P15,Post_P15,0,0.5270068049430847,1
7,P15,P15,Post_P15,0,0.4783814549446106,0
7,P15,P15,Post_P15,0,0.4772155284881592,0
7,P15,P15,Post_P15,0,0.5270068049430847,1
7,P15,P15,Post_P15,0,0.49528393149375916,0
7,P15,P15,Post_P15,0,0.47439005970954895,0
7,P15,P15,Post_P15,0,0.49726027250289917,0
7,P15,P15,Post_P15,0,0.5182574987411499,1
7,P15,P15,Post_P15,0,0.5197324752807617,1
7,P15,P15,Post_P15,0,0.4983854293823242,0
7,P15,P15,Post_P15,0,0.482619047164917,0
7,P15,P15,Post_P15,0,0.4805116057395935,0
7,P15,P15,Post_P15,0,0.5276207327842712,1
7,P15,P15,Post_P15,0,0.511522650718689,1
7,P15,P15,Post_P15,0,0.49660488963127136,0
7,P15,P15,Post_P15,0,0.50065016746521,1
7,P15,P15,Post_P15,0,0.46766698360443115,0
7,P15,P15,Post_P15,0,0.4947739839553833,0
7,P15,P15,Post_P15,0,0.49726027250289917,0
7,P15,P15,Post_P15,0,0.5034171342849731,1
7,P15,P15,Post_P15,0,0.4962816536426544,0
7,P15,P15,Post_P15,0,0.48156842589378357,0
7,P15,P15,Post_P15,0,0.5108328461647034,1
7,P15,P15,Post_P15,0,0.49697139859199524,0
7,P15,P15,Post_P15,0,0.5270068049430847,1
7,P15,P15,Post_P15,0,0.49448513984680176,0
7,P15,P15,Post_P15,0,0.5109587907791138,1
7,P15,P15,Post_P15,0,0.524015486240387,1
7,P15,P15,Post_P15,0,0.4763600528240204,0
7,P15,P15,Post_P15,0,0.49660488963127136,0
7,P15,P15,Post_P15,0,0.5182574987411499,1
7,P15,P15,Post_P15,0,0.4734378755092621,0
7,P15,P15,Post_P15,0,0.5200570821762085,1
7,P15,P15,Post_P15,0,0.49448513984680176,0
7,P15,P15,Post_P15,0,0.49448513984680176,0
7,P15,P15,Post_P15,0,0.5270068049430847,1
7,P15,P15,Post_P15,0,0.5195049047470093,1
7,P15,P15,Post_P15,0,0.5109587907791138,1
7,P15,P15,Post_P15,0,0.49908947944641113,0
7,P15,P15,Post_P15,0,0.510581374168396,1
7,P15,P15,Post_P15,0,0.5182574987411499,1
7,P15,P15,Post_P15,0,0.4954293668270111,0
7,P15,P15,Post_P15,0,0.48079460859298706,0
7,P15,P15,Post_P15,0,0.5276207327842712,1
7,P15,P15,Post_P15,0,0.4696659743785858,0
7,P15,P15,Post_P15,0,0.5270068049430847,1
7,P15,P15,Post_P15,0,0.5002162456512451,1
7,P15,P15,Post_P15,0,0.49660488963127136,0
7,P15,P15,Post_P15,0,0.5145365595817566,1
7,P15,P15,Post_P15,0,0.511522650718689,1
7,P15,P15,Post_P15,0,0.46438315510749817,0
7,P15,P15,Post_P15,0,0.4770700931549072,0
7,P15,P15,Post_P15,0,0.46995222568511963,0
7,P15,P15,Post_P15,0,0.4641760289669037,0
7,P15,P15,Post_P15,0,0.4830036163330078,0
7,P15,P15,Post_P15,0,0.4700170159339905,0
7,P15,P15,Post_P15,0,0.5182574987411499,1
7,P15,P15,Post_P15,0,0.4648425281047821,0
7,P15,P15,Post_P15,0,0.5270068049430847,1
7,P15,P15,Post_P15,0,0.4730711281299591,0
7,P15,P15,Post_P15,0,0.49987712502479553,0
7,P15,P15,Post_P15,0,0.5182574987411499,1
7,P15,P15,Post_P15,0,0.5182574987411499,1
7,P15,P15,Post_P15,0,0.5109587907791138,1
7,P15,P15,Post_P15,0,0.47364547848701477,0
7,P15,P15,Post_P15,0,0.49024340510368347,0
7,P15,P15,Post_P15,0,0.511522650718689,1
7,P15,P15,Post_P15,0,0.5182574987411499,1
7,P15,P15,Post_P15,0,0.5033881068229675,1
7,P15,P15,Post_P15,0,0.490911602973938,0
7,P15,P15,Post_P15,0,0.5270693302154541,1
7,P15,P15,Post_P15,0,0.5056217312812805,1
7,P15,P15,Post_P15,0,0.4746668040752411,0
7,P15,P15,Post_P15,0,0.4966256320476532,0
7,P15,P15,Post_P15,0,0.4734378755092621,0
7,P15,P15,Post_P15,0,0.46792611479759216,0
7,P15,P15,Post_P15,0,0.5111216306686401,1
7,P15,P15,Post_P15,0,0.5106337666511536,1
7,P15,P15,Post_P15,0,0.5104804039001465,1
7,P15,P15,Post_P15,0,0.48839521408081055,0
7,P15,P15,Post_P15,0,0.5197324752807617,1
7,P15,P15,Post_P15,0,0.48963698744773865,0
7,P15,P15,Post_P15,0,0.5257799029350281,1
7,P15,P15,Post_P15,0,0.47987672686576843,0
7,P15,P15,Post_P15,0,0.49697139859199524,0
8,P16,P16,Post_P16,0,0.5179921984672546,1
8,P16,P16,Post_P16,0,0.47383981943130493,0
8,P16,P16,Post_P16,0,0.5108081102371216,1
8,P16,P16,Post_P16,0,0.4987880289554596,0
8,P16,P16,Post_P16,0,0.5248223543167114,1
8,P16,P16,Post_P16,0,0.5243635177612305,1
8,P16,P16,Post_P16,0,0.49837812781333923,0
8,P16,P16,Post_P16,0,0.5051324367523193,1
8,P16,P16,Post_P16,0,0.49837812781333923,0
8,P16,P16,Post_P16,0,0.49772992730140686,0
8,P16,P16,Post_P16,0,0.5191200971603394,1
8,P16,P16,Post_P16,0,0.520638644695282,1
8,P16,P16,Post_P16,0,0.5192533731460571,1
8,P16,P16,Post_P16,0,0.5047460198402405,1
8,P16,P16,Post_P16,0,0.5054162740707397,1
8,P16,P16,Post_P16,0,0.5016611814498901,1
8,P16,P16,Post_P16,0,0.504666268825531,1
8,P16,P16,Post_P16,0,0.4938957691192627,0
8,P16,P16,Post_P16,0,0.520638644695282,1
8,P16,P16,Post_P16,0,0.5024144649505615,1
8,P16,P16,Post_P16,0,0.48429709672927856,0
8,P16,P16,Post_P16,0,0.5243295431137085,1
8,P16,P16,Post_P16,0,0.47256025671958923,0
8,P16,P16,Post_P16,0,0.49772992730140686,0
8,P16,P16,Post_P16,0,0.5240950584411621,1
8,P16,P16,Post_P16,0,0.5013914108276367,1
8,P16,P16,Post_P16,0,0.4909961223602295,0
8,P16,P16,Post_P16,0,0.4838269352912903,0
8,P16,P16,Post_P16,0,0.4950559437274933,0
8,P16,P16,Post_P16,0,0.4636740982532501,0
8,P16,P16,Post_P16,0,0.49772992730140686,0
8,P16,P16,Post_P16,0,0.4762885868549347,0
8,P16,P16,Post_P16,0,0.5003424286842346,1
8,P16,P16,Post_P16,0,0.4977432191371918,0
8,P16,P16,Post_P16,0,0.5179921984672546,1
8,P16,P16,Post_P16,0,0.5191200971603394,1
8,P16,P16,Post_P16,0,0.5022035241127014,1
8,P16,P16,Post_P16,0,0.49081283807754517,0
8,P16,P16,Post_P16,0,0.49837812781333923,0
8,P16,P16,Post_P16,0,0.5167222023010254,1
8,P16,P16,Post_P16,0,0.5016611814498901,1
8,P16,P16,Post_P16,0,0.47408178448677063,0
8,P16,P16,Post_P16,0,0.4762885868549347,0
8,P16,P16,Post_P16,0,0.5039952993392944,1
8,P16,P16,Post_P16,0,0.49772992730140686,0
8,P16,P16,Post_P16,0,0.47165772318840027,0
8,P16,P16,Post_P16,0,0.47506895661354065,0
8,P16,P16,Post_P16,0,0.4909939467906952,0
8,P16,P16,Post_P16,0,0.4905140697956085,0
8,P16,P16,Post_P16,0,0.47530120611190796,0
8,P16,P16,Post_P16,0,0.5243635177612305,1
8,P16,P16,Post_P16,0,0.49837812781333923,0
8,P16,P16,Post_P16,0,0.5035984516143799,1
8,P16,P16,Post_P16,0,0.5054960250854492,1
8,P16,P16,Post_P16,0,0.5030948519706726,1
8,P16,P16,Post_P16,0,0.47360390424728394,0
8,P16,P16,Post_P16,0,0.49772992730140686,0
8,P16,P16,Post_P16,0,0.5082001686096191,1
8,P16,P16,Post_P16,0,0.5079447627067566,1
8,P16,P16,Post_P16,0,0.4682043790817261,0
8,P16,P16,Post_P16,0,0.5054357051849365,1
8,P16,P16,Post_P16,0,0.5025876760482788,1
8,P16,P16,Post_P16,0,0.46582210063934326,0
8,P16,P16,Post_P16,0,0.49772992730140686,0
8,P16,P16,Post_P16,0,0.5024269819259644,1
8,P16,P16,Post_P16,0,0.49772992730140686,0
8,P16,P16,Post_P16,0,0.49837812781333923,0
8,P16,P16,Post_P16,0,0.49004092812538147,0
8,P16,P16,Post_P16,0,0.522287905216217,1
8,P16,P16,Post_P16,0,0.5031421780586243,1
8,P16,P16,Post_P16,0,0.4847189486026764,0
8,P16,P16,Post_P16,0,0.47577348351478577,0
8,P16,P16,Post_P16,0,0.5063893795013428,1
8,P16,P16,Post_P16,0,0.471674382686615,0
8,P16,P16,Post_P16,0,0.47810235619544983,0
8,P16,P16,Post_P16,0,0.48693549633026123,0
8,P16,P16,Post_P16,0,0.49592623114585876,0
8,P16,P16,Post_P16,0,0.49837812781333923,0
8,P16,P16,Post_P16,0,0.4980247914791107,0
8,P16,P16,Post_P16,0,0.5243635177612305,1
8,P16,P16,Post_P16,0,0.4985274076461792,0
8,P16,P16,Post_P16,0,0.4718995988368988,0
8,P16,P16,Post_P16,0,0.5225929617881775,1
8,P16,P16,Post_P16,0,0.520638644695282,1
8,P16,P16,Post_P16,0,0.47395676374435425,0
8,P16,P16,Post_P16,0,0.5055149793624878,1
8,P16,P16,Post_P16,0,0.4944078326225281,0
8,P16,P16,Post_P16,0,0.49837812781333923,0
8,P16,P16,Post_P16,0,0.5070382356643677,1
8,P16,P16,Post_P16,0,0.4901523292064667,0
8,P16,P16,Post_P16,0,0.5133928656578064,1
8,P16,P16,Post_P16,0,0.4985274076461792,0
8,P16,P16,Post_P16,0,0.4740651845932007,0
8,P16,P16,Post_P16,0,0.4658588171005249,0
8,P16,P16,Post_P16,0,0.48492711782455444,0
8,P16,P16,Post_P16,0,0.5179921984672546,1
8,P16,P16,Post_P16,0,0.46672630310058594,0
8,P16,P16,Post_P16,0,0.49837812781333923,0
8,P16,P16,Post_P16,0,0.50593501329422,1
8,P16,P16,Post_P16,0,0.5020812749862671,1
8,P16,P16,Post_P16,0,0.5193691253662109,1
8,P16,P16,Post_P16,0,0.49014413356781006,0
8,P16,P16,Post_P16,0,0.517983615398407,1
8,P16,P16,Post_P16,0,0.520638644695282,1
8,P16,P16,Post_P16,0,0.5133928656578064,1
8,P16,P16,Post_P16,0,0.5230948328971863,1
8,P16,P16,Post_P16,0,0.49837812781333923,0
8,P16,P16,Post_P16,0,0.49837812781333923,0
8,P16,P16,Post_P16,0,0.47577348351478577,0
8,P16,P16,Post_P16,0,0.4762885868549347,0
8,P16,P16,Post_P16,0,0.4740651845932007,0
8,P16,P16,Post_P16,0,0.4838269352912903,0
8,P16,P16,Post_P16,0,0.5182085633277893,1
8,P16,P16,Post_P16,0,0.5220193266868591,1
8,P16,P16,Post_P16,0,0.5060181021690369,1
8,P16,P16,Post_P16,0,0.507226824760437,1
8,P16,P16,Post_P16,0,0.5090938210487366,1
8,P16,P16,Post_P16,0,0.4985274076461792,0
8,P16,P16,Post_P16,0,0.49236419796943665,0
8,P16,P16,Post_P16,0,0.4944078326225281,0
8,P16,P16,Post_P16,0,0.5127451419830322,1
8,P16,P16,Post_P16,0,0.4938957691192627,0
8,P16,P16,Post_P16,0,0.5020588636398315,1
8,P16,P16,Post_P16,0,0.46939465403556824,0
8,P16,P16,Post_P16,0,0.46391552686691284,0
8,P16,P16,Post_P16,0,0.5208988189697266,1
8,P16,P16,Post_P16,0,0.4987930655479431,0
8,P16,P16,Post_P16,0,0.5024144649505615,1
8,P16,P16,Post_P16,0,0.4714324176311493,0
8,P16,P16,Post_P16,0,0.49837812781333923,0
8,P16,P16,Post_P16,0,0.49837812781333923,0
8,P16,P16,Post_P16,0,0.5025876760482788,1
8,P16,P16,Post_P16,0,0.4985274076461792,0
8,P16,P16,Post_P16,0,0.49837812781333923,0
8,P16,P16,Post_P16,0,0.47317183017730713,0
8,P16,P16,Post_P16,0,0.49837812781333923,0
8,P16,P16,Post_P16,0,0.4660470485687256,0
8,P16,P16,Post_P16,0,0.49856242537498474,0
8,P16,P16,Post_P16,0,0.49837812781333923,0
8,P16,P16,Post_P16,0,0.46523192524909973,0
8,P16,P16,Post_P16,0,0.5069289207458496,1
8,P16,P16,Post_P16,0,0.46523192524909973,0
8,P16,P16,Post_P16,0,0.4658588171005249,0
8,P16,P16,Post_P16,0,0.4949699342250824,0
8,P16,P16,Post_P16,0,0.5047460198402405,1
8,P16,P16,Post_P16,0,0.4838269352912903,0
8,P16,P16,Post_P16,0,0.4734904170036316,0
8,P16,P16,Post_P16,0,0.4944078326225281,0
8,P16,P16,Post_P16,0,0.47632071375846863,0
8,P16,P16,Post_P16,0,0.520638644695282,1
8,P16,P16,Post_P16,0,0.5238544940948486,1
8,P16,P16,Post_P16,0,0.520638644695282,1
8,P16,P16,Post_P16,0,0.5179921984672546,1
8,P16,P16,Post_P16,0,0.4957472085952759,0
8,P16,P16,Post_P16,0,0.4696761667728424,0
8,P16,P16,Post_P16,0,0.473857045173645,0
8,P16,P16,Post_P16,0,0.5127451419830322,1
8,P16,P16,Post_P16,0,0.4963220953941345,0
8,P16,P16,Post_P16,0,0.504489541053772,1
8,P16,P16,Post_P16,0,0.5137497186660767,1
8,P16,P16,Post_P16,0,0.49837812781333923,0
8,P16,P16,Post_P16,0,0.49814391136169434,0
8,P16,P16,Post_P16,0,0.4714324176311493,0
8,P16,P16,Post_P16,0,0.5133928656578064,1
8,P16,P16,Post_P16,0,0.4714914560317993,0
8,P16,P16,Post_P16,0,0.49837812781333923,0
8,P16,P16,Post_P16,0,0.4838269352912903,0
8,P16,P16,Post_P16,0,0.5243635177612305,1
8,P16,P16,Post_P16,0,0.49837812781333923,0
8,P16,P16,Post_P16,0,0.485227108001709,0
8,P16,P16,Post_P16,0,0.5020758509635925,1
8,P16,P16,Post_P16,0,0.49837812781333923,0
8,P16,P16,Post_P16,0,0.5052263736724854,1
8,P16,P16,Post_P16,0,0.5047460198402405,1
8,P16,P16,Post_P16,0,0.49837812781333923,0
8,P16,P16,Post_P16,0,0.5137497186660767,1
8,P16,P16,Post_P16,0,0.520638644695282,1
8,P16,P16,Post_P16,0,0.5133928656578064,1
8,P16,P16,Post_P16,0,0.50593501329422,1
8,P16,P16,Post_P16,0,0.48019659519195557,0
8,P16,P16,Post_P16,0,0.5016611814498901,1
8,P16,P16,Post_P16,0,0.5239249467849731,1
8,P16,P16,Post_P16,0,0.4990178644657135,0
8,P16,P16,Post_P16,0,0.4985274076461792,0
8,P16,P16,Post_P16,0,0.5034356117248535,1
8,P16,P16,Post_P16,0,0.4654568135738373,0
8,P16,P16,Post_P16,0,0.49837812781333923,0
8,P16,P16,Post_P16,0,0.4918093979358673,0
8,P16,P16,Post_P16,0,0.4636740982532501,0
8,P16,P16,Post_P16,0,0.5024144649505615,1
8,P16,P16,Post_P16,0,0.5243635177612305,1
8,P16,P16,Post_P16,0,0.49837812781333923,0
8,P16,P16,Post_P16,0,0.49837812781333923,0
8,P16,P16,Post_P16,0,0.49772992730140686,0
8,P16,P16,Post_P16,0,0.49748820066452026,0
8,P16,P16,Post_P16,0,0.5193691253662109,1
8,P16,P16,Post_P16,0,0.49772992730140686,0
8,P16,P16,Post_P16,0,0.4944078326225281,0
8,P16,P16,Post_P16,0,0.4882107973098755,0
8,P16,P16,Post_P16,0,0.5049066543579102,1
8,P16,P16,Post_P16,0,0.49772992730140686,0
8,P16,P16,Post_P16,0,0.4838269352912903,0
8,P16,P16,Post_P16,0,0.4762885868549347,0
8,P16,P16,Post_P16,0,0.46566951274871826,0
8,P16,P16,Post_P16,0,0.4944078326225281,0
8,P16,P16,Post_P16,0,0.5095165371894836,1
8,P16,P16,Post_P16,0,0.4838269352912903,0
8,P16,P16,Post_P16,0,0.520638644695282,1
8,P16,P16,Post_P16,0,0.507436990737915,1
8,P16,P16,Post_P16,0,0.5133928656578064,1
8,P16,P16,Post_P16,0,0.520638644695282,1
8,P16,P16,Post_P16,0,0.49772992730140686,0
8,P16,P16,Post_P16,0,0.4638989269733429,0
8,P16,P16,Post_P16,0,0.49837812781333923,0
8,P16,P16,Post_P16,0,0.48331373929977417,0
8,P16,P16,Post_P16,0,0.484130859375,0
8,P16,P16,Post_P16,0,0.5069590210914612,1
8,P16,P16,Post_P16,0,0.490148663520813,0
8,P16,P16,Post_P16,0,0.5024144649505615,1
8,P16,P16,Post_P16,0,0.4950559437274933,0
8,P16,P16,Post_P16,0,0.49837812781333923,0
8,P16,P16,Post_P16,0,0.4944078326225281,0
8,P16,P16,Post_P16,0,0.5112677216529846,1
8,P16,P16,Post_P16,0,0.49837812781333923,0
8,P16,P16,Post_P16,0,0.5127451419830322,1
8,P16,P16,Post_P16,0,0.47430717945098877,0
8,P16,P16,Post_P16,0,0.5127451419830322,1
8,P16,P16,Post_P16,0,0.49837812781333923,0
8,P16,P16,Post_P16,0,0.5127451419830322,1
8,P16,P16,Post_P16,0,0.5024144649505615,1
8,P16,P16,Post_P16,0,0.4762885868549347,0
8,P16,P16,Post_P16,0,0.5069289207458496,1
8,P16,P16,Post_P16,0,0.5074021220207214,1
8,P16,P16,Post_P16,0,0.5127451419830322,1
8,P16,P16,Post_P16,0,0.46582210063934326,0
8,P16,P16,Post_P16,0,0.48880332708358765,0
8,P16,P16,Post_P16,0,0.5097854733467102,1
8,P16,P16,Post_P16,0,0.47383981943130493,0
8,P16,P16,Post_P16,0,0.492620050907135,0
8,P16,P16,Post_P16,0,0.5133928656578064,1
8,P16,P16,Post_P16,0,0.4715791344642639,0
8,P16,P16,Post_P16,0,0.49084362387657166,0
8,P16,P16,Post_P16,0,0.5060181021690369,1
8,P16,P16,Post_P16,0,0.47314003109931946,0
8,P16,P16,Post_P16,0,0.49837812781333923,0
8,P16,P16,Post_P16,0,0.4742008447647095,0
8,P16,P16,Post_P16,0,0.4762885868549347,0
8,P16,P16,Post_P16,0,0.4822944402694702,0
8,P16,P16,Post_P16,0,0.4958251714706421,0
8,P16,P16,Post_P16,0,0.5057277679443359,1
8,P16,P16,Post_P16,0,0.49837812781333923,0
8,P16,P16,Post_P16,0,0.49772992730140686,0
8,P16,P16,Post_P16,0,0.5191200971603394,1
8,P16,P16,Post_P16,0,0.5024144649505615,1
8,P16,P16,Post_P16,0,0.49837812781333923,0
8,P16,P16,Post_P16,0,0.4940285086631775,0
8,P16,P16,Post_P16,0,0.5132945775985718,1
8,P16,P16,Post_P16,0,0.5127451419830322,1
8,P16,P16,Post_P16,0,0.46606364846229553,0
8,P16,P16,Post_P16,0,0.495636910200119,0
8,P16,P16,Post_P16,0,0.5012667179107666,1
8,P16,P16,Post_P16,0,0.4733653664588928,0
8,P16,P16,Post_P16,0,0.5127451419830322,1
8,P16,P16,Post_P16,0,0.4887106120586395,0
8,P16,P16,Post_P16,0,0.4935324192047119,0
8,P16,P16,Post_P16,0,0.49772992730140686,0
8,P16,P16,Post_P16,0,0.5125021934509277,1
8,P16,P16,Post_P16,0,0.5127451419830322,1
8,P16,P16,Post_P16,0,0.4638989269733429,0
8,P16,P16,Post_P16,0,0.49837812781333923,0
8,P16,P16,Post_P16,0,0.4944078326225281,0
8,P16,P16,Post_P16,0,0.49837812781333923,0
8,P16,P16,Post_P16,0,0.5019100904464722,1
8,P16,P16,Post_P16,0,0.5243635177612305,1
8,P16,P16,Post_P16,0,0.522634744644165,1
8,P16,P16,Post_P16,0,0.5204057097434998,1
8,P16,P16,Post_P16,0,0.49082961678504944,0
8,P16,P16,Post_P16,0,0.49772992730140686,0
8,P16,P16,Post_P16,0,0.5133928656578064,1
8,P16,P16,Post_P16,0,0.49878451228141785,0
8,P16,P16,Post_P16,0,0.4959850013256073,0
8,P16,P16,Post_P16,0,0.49772992730140686,0
8,P16,P16,Post_P16,0,0.49878451228141785,0
8,P16,P16,Post_P16,0,0.4638989269733429,0
8,P16,P16,Post_P16,0,0.5137497186660767,1
8,P16,P16,Post_P16,0,0.4838269352912903,0
8,P16,P16,Post_P16,0,0.46601468324661255,0
8,P16,P16,Post_P16,0,0.4762885868549347,0
8,P16,P16,Post_P16,0,0.4822944402694702,0
8,P16,P16,Post_P16,0,0.47408178448677063,0
8,P16,P16,Post_P16,0,0.4838269352912903,0
8,P16,P16,Post_P16,0,0.4963555932044983,0
8,P16,P16,Post_P16,0,0.4986954629421234,0
8,P16,P16,Post_P16,0,0.5179921984672546,1
8,P16,P16,Post_P16,0,0.485990047454834,0
8,P16,P16,Post_P16,0,0.49587708711624146,0
8,P16,P16,Post_P16,0,0.48657724261283875,0
8,P16,P16,Post_P16,0,0.5024144649505615,1
8,P16,P16,Post_P16,0,0.4762885868549347,0
8,P16,P16,Post_P16,0,0.49856242537498474,0
8,P16,P16,Post_P16,0,0.4762885868549347,0
8,P16,P16,Post_P16,0,0.49837812781333923,0
8,P16,P16,Post_P16,0,0.49837812781333923,0
8,P16,P16,Post_P16,0,0.520638644695282,1
8,P16,P16,Post_P16,0,0.4714324176311493,0
8,P16,P16,Post_P16,0,0.47577348351478577,0
8,P16,P16,Post_P16,0,0.5049066543579102,1
8,P16,P16,Post_P16,0,0.4852151870727539,0
8,P16,P16,Post_P16,0,0.4636740982532501,0
8,P16,P16,Post_P16,0,0.4985274076461792,0
8,P16,P16,Post_P16,0,0.4834984838962555,0
8,P16,P16,Post_P16,0,0.49246519804000854,0
8,P16,P16,Post_P16,0,0.5009520053863525,1
8,P16,P16,Post_P16,0,0.46494632959365845,0
8,P16,P16,Post_P16,0,0.4636740982532501,0
8,P16,P16,Post_P16,0,0.520638644695282,1
8,P16,P16,Post_P16,0,0.50593501329422,1
8,P16,P16,Post_P16,0,0.49837812781333923,0
8,P16,P16,Post_P16,0,0.504221498966217,1
8,P16,P16,Post_P16,0,0.48849543929100037,0
8,P16,P16,Post_P16,0,0.520638644695282,1
8,P16,P16,Post_P16,0,0.49837812781333923,0
8,P16,P16,Post_P16,0,0.5024144649505615,1
8,P16,P16,Post_P16,0,0.5064074397087097,1
8,P16,P16,Post_P16,0,0.49772992730140686,0
8,P16,P16,Post_P16,0,0.4950559437274933,0
8,P16,P16,Post_P16,0,0.4638989269733429,0
8,P16,P16,Post_P16,0,0.4740651845932007,0
8,P16,P16,Post_P16,0,0.4838269352912903,0
8,P16,P16,Post_P16,0,0.4864031672477722,0
8,P16,P16,Post_P16,0,0.47383981943130493,0
8,P16,P16,Post_P16,0,0.50593501329422,1
8,P16,P16,Post_P16,0,0.49772992730140686,0
8,P16,P16,Post_P16,0,0.46628856658935547,0
8,P16,P16,Post_P16,0,0.4734737277030945,0
8,P16,P16,Post_P16,0,0.49772992730140686,0
8,P16,P16,Post_P16,0,0.5056891441345215,1
8,P16,P16,Post_P16,0,0.4976087808609009,0
8,P16,P16,Post_P16,0,0.5248223543167114,1
8,P16,P16,Post_P16,0,0.4986245334148407,0
8,P16,P16,Post_P16,0,0.49738186597824097,0
8,P16,P16,Post_P16,0,0.49837812781333923,0
8,P16,P16,Post_P16,0,0.4762885868549347,0
8,P16,P16,Post_P16,0,0.49837812781333923,0
8,P16,P16,Post_P16,0,0.5137497186660767,1
8,P16,P16,Post_P16,0,0.4838269352912903,0
8,P16,P16,Post_P16,0,0.49772992730140686,0
8,P16,P16,Post_P16,0,0.5127451419830322,1
8,P16,P16,Post_P16,0,0.5230948328971863,1
8,P16,P16,Post_P16,0,0.4645405411720276,0
8,P16,P16,Post_P16,0,0.4838269352912903,0
8,P16,P16,Post_P16,0,0.49837812781333923,0
8,P16,P16,Post_P16,0,0.49837812781333923,0
8,P16,P16,Post_P16,0,0.49837812781333923,0
8,P16,P16,Post_P16,0,0.5067135691642761,1
8,P16,P16,Post_P16,0,0.520638644695282,1
8,P16,P16,Post_P16,0,0.5133928656578064,1
8,P16,P16,Post_P16,0,0.5078954696655273,1
8,P16,P16,Post_P16,0,0.4638989269733429,0
8,P16,P16,Post_P16,0,0.5192533731460571,1
8,P16,P16,Post_P16,0,0.49837812781333923,0
8,P16,P16,Post_P16,0,0.47577348351478577,0
8,P16,P16,Post_P16,0,0.5179921984672546,1
8,P16,P16,Post_P16,0,0.4838269352912903,0
8,P16,P16,Post_P16,0,0.49772992730140686,0
8,P16,P16,Post_P16,0,0.49856242537498474,0
8,P16,P16,Post_P16,0,0.4641403555870056,0
8,P16,P16,Post_P16,0,0.48331373929977417,0
8,P16,P16,Post_P16,0,0.49772992730140686,0
8,P16,P16,Post_P16,0,0.506668746471405,1
8,P16,P16,Post_P16,0,0.4944078326225281,0
8,P16,P16,Post_P16,0,0.4944078326225281,0
8,P16,P16,Post_P16,0,0.4838269352912903,0
8,P16,P16,Post_P16,0,0.5193691253662109,1
8,P16,P16,Post_P16,0,0.49837812781333923,0
8,P16,P16,Post_P16,0,0.4762885868549347,0
8,P16,P16,Post_P16,0,0.5025876760482788,1
8,P16,P16,Post_P16,0,0.49772992730140686,0
8,P16,P16,Post_P16,0,0.5082001686096191,1
8,P16,P16,Post_P16,0,0.4762885868549347,0
8,P16,P16,Post_P16,0,0.5089495182037354,1
8,P16,P16,Post_P16,0,0.4829736053943634,0
8,P16,P16,Post_P16,0,0.47408178448677063,0
8,P16,P16,Post_P16,0,0.4944078326225281,0
8,P16,P16,Post_P16,0,0.4638989269733429,0
8,P16,P16,Post_P16,0,0.50068199634552,1
8,P16,P16,Post_P16,0,0.46582210063934326,0
8,P16,P16,Post_P16,0,0.49772992730140686,0
8,P16,P16,Post_P16,0,0.5133928656578064,1
8,P16,P16,Post_P16,0,0.5082001686096191,1
8,P16,P16,Post_P16,0,0.4906729757785797,0
8,P16,P16,Post_P16,0,0.49772992730140686,0
8,P16,P16,Post_P16,0,0.49772992730140686,0
8,P16,P16,Post_P16,0,0.49772992730140686,0
8,P16,P16,Post_P16,0,0.49457597732543945,0
8,P16,P16,Post_P16,0,0.4838269352912903,0
8,P16,P16,Post_P16,0,0.471674382686615,0
8,P16,P16,Post_P16,0,0.4636740982532501,0
8,P16,P16,Post_P16,0,0.4762885868549347,0
8,P16,P16,Post_P16,0,0.49837812781333923,0
8,P16,P16,Post_P16,0,0.49772992730140686,0
8,P16,P16,Post_P16,0,0.49837812781333923,0
8,P16,P16,Post_P16,0,0.4829736053943634,0
8,P16,P16,Post_P16,0,0.49737903475761414,0
8,P16,P16,Post_P16,0,0.4654568135738373,0
8,P16,P16,Post_P16,0,0.49772992730140686,0
8,P16,P16,Post_P16,0,0.5096248984336853,1
8,P16,P16,Post_P16,0,0.5094244480133057,1
8,P16,P16,Post_P16,0,0.46582210063934326,0
8,P16,P16,Post_P16,0,0.4944078326225281,0
8,P16,P16,Post_P16,0,0.4944078326225281,0
8,P16,P16,Post_P16,0,0.49837812781333923,0
8,P16,P16,Post_P16,0,0.4638989269733429,0
8,P16,P16,Post_P16,0,0.47395676374435425,0
8,P16,P16,Post_P16,0,0.4766908884048462,0
8,P16,P16,Post_P16,0,0.49772992730140686,0
8,P16,P16,Post_P16,0,0.4645443856716156,0
8,P16,P16,Post_P16,0,0.4944078326225281,0
8,P16,P16,Post_P16,0,0.4762885868549347,0
8,P16,P16,Post_P16,0,0.49772992730140686,0
8,P16,P16,Post_P16,0,0.5066795349121094,1
8,P16,P16,Post_P16,0,0.520638644695282,1
8,P16,P16,Post_P16,0,0.4733653664588928,0
8,P16,P16,Post_P16,0,0.4638989269733429,0
8,P16,P16,Post_P16,0,0.4822944402694702,0
8,P16,P16,Post_P16,0,0.5190203785896301,1
8,P16,P16,Post_P16,0,0.5127451419830322,1
8,P16,P16,Post_P16,0,0.520638644695282,1
8,P16,P16,Post_P16,0,0.4976087808609009,0
8,P16,P16,Post_P16,0,0.49772992730140686,0
8,P16,P16,Post_P16,0,0.5049066543579102,1
8,P16,P16,Post_P16,0,0.49772992730140686,0
8,P16,P16,Post_P16,0,0.4957472085952759,0
8,P16,P16,Post_P16,0,0.4636740982532501,0
8,P16,P16,Post_P16,0,0.5127451419830322,1
8,P16,P16,Post_P16,0,0.5127451419830322,1
8,P16,P16,Post_P16,0,0.4762885868549347,0
8,P16,P16,Post_P16,0,0.48295408487319946,0
8,P16,P16,Post_P16,0,0.4950559437274933,0
8,P16,P16,Post_P16,0,0.498480886220932,0
8,P16,P16,Post_P16,0,0.49772992730140686,0
8,P16,P16,Post_P16,0,0.5177592039108276,1
8,P16,P16,Post_P16,0,0.4960843622684479,0
8,P16,P16,Post_P16,0,0.5014418959617615,1
8,P16,P16,Post_P16,0,0.4891800284385681,0
8,P16,P16,Post_P16,0,0.48769626021385193,0
8,P16,P16,Post_P16,0,0.4944078326225281,0
8,P16,P16,Post_P16,0,0.5069289207458496,1
8,P16,P16,Post_P16,0,0.4951329529285431,0
8,P16,P16,Post_P16,0,0.49236419796943665,0
8,P16,P16,Post_P16,0,0.5082001686096191,1
8,P16,P16,Post_P16,0,0.4989645481109619,0
8,P16,P16,Post_P16,0,0.4762885868549347,0
8,P16,P16,Post_P16,0,0.5236921310424805,1
8,P16,P16,Post_P16,0,0.4838269352912903,0
8,P16,P16,Post_P16,0,0.49772992730140686,0
8,P16,P16,Post_P16,0,0.5094244480133057,1
8,P16,P16,Post_P16,0,0.4636740982532501,0
8,P16,P16,Post_P16,0,0.5061489343643188,1
8,P16,P16,Post_P16,0,0.49581462144851685,0
8,P16,P16,Post_P16,0,0.506668746471405,1
8,P16,P16,Post_P16,0,0.49772992730140686,0
8,P16,P16,Post_P16,0,0.4922870695590973,0
9,P17,P17,Post_P17,1,0.503700315952301,1
9,P17,P17,Post_P17,1,0.5180714726448059,1
9,P17,P17,Post_P17,1,0.5178204774856567,1
9,P17,P17,Post_P17,1,0.5181286931037903,1
9,P17,P17,Post_P17,1,0.4960862398147583,0
9,P17,P17,Post_P17,1,0.4651252329349518,0
9,P17,P17,Post_P17,1,0.5180714726448059,1
9,P17,P17,Post_P17,1,0.5020762085914612,1
9,P17,P17,Post_P17,1,0.48635023832321167,0
9,P17,P17,Post_P17,1,0.5011473894119263,1
9,P17,P17,Post_P17,1,0.5180714726448059,1
9,P17,P17,Post_P17,1,0.5262279510498047,1
9,P17,P17,Post_P17,1,0.5064821243286133,1
9,P17,P17,Post_P17,1,0.503700315952301,1
9,P17,P17,Post_P17,1,0.503700315952301,1
9,P17,P17,Post_P17,1,0.5181685090065002,1
9,P17,P17,Post_P17,1,0.4964752197265625,0
9,P17,P17,Post_P17,1,0.503700315952301,1
9,P17,P17,Post_P17,1,0.5163009762763977,1
9,P17,P17,Post_P17,1,0.4958544671535492,0
9,P17,P17,Post_P17,1,0.5180714726448059,1
9,P17,P17,Post_P17,1,0.5180714726448059,1
9,P17,P17,Post_P17,1,0.4963422119617462,0
9,P17,P17,Post_P17,1,0.5180714726448059,1
9,P17,P17,Post_P17,1,0.5178204774856567,1
9,P17,P17,Post_P17,1,0.5259652137756348,1
9,P17,P17,Post_P17,1,0.4928467273712158,0
9,P17,P17,Post_P17,1,0.503700315952301,1
9,P17,P17,Post_P17,1,0.4960862398147583,0
9,P17,P17,Post_P17,1,0.5180714726448059,1
9,P17,P17,Post_P17,1,0.4963422119617462,0
9,P17,P17,Post_P17,1,0.5178204774856567,1
9,P17,P17,Post_P17,1,0.5178204774856567,1
9,P17,P17,Post_P17,1,0.503700315952301,1
9,P17,P17,Post_P17,1,0.5180714726448059,1
9,P17,P17,Post_P17,1,0.5180714726448059,1
9,P17,P17,Post_P17,1,0.5178204774856567,1
9,P17,P17,Post_P17,1,0.5180714726448059,1
9,P17,P17,Post_P17,1,0.5178204774856567,1
9,P17,P17,Post_P17,1,0.5177800059318542,1
9,P17,P17,Post_P17,1,0.5178204774856567,1
9,P17,P17,Post_P17,1,0.503700315952301,1
9,P17,P17,Post_P17,1,0.5180714726448059,1
9,P17,P17,Post_P17,1,0.5011473894119263,1
9,P17,P17,Post_P17,1,0.503700315952301,1
9,P17,P17,Post_P17,1,0.5255016088485718,1
9,P17,P17,Post_P17,1,0.5068928599357605,1
9,P17,P17,Post_P17,1,0.5178204774856567,1
9,P17,P17,Post_P17,1,0.5180714726448059,1
9,P17,P17,Post_P17,1,0.4960862398147583,0
9,P17,P17,Post_P17,1,0.5180714726448059,1
9,P17,P17,Post_P17,1,0.5178204774856567,1
9,P17,P17,Post_P17,1,0.4859720766544342,0
9,P17,P17,Post_P17,1,0.5212988257408142,1
9,P17,P17,Post_P17,1,0.5180714726448059,1
9,P17,P17,Post_P17,1,0.5011473894119263,1
9,P17,P17,Post_P17,1,0.5180714726448059,1
9,P17,P17,Post_P17,1,0.503700315952301,1
9,P17,P17,Post_P17,1,0.49477094411849976,0
9,P17,P17,Post_P17,1,0.472634494304657,0
9,P17,P17,Post_P17,1,0.5013524889945984,1
9,P17,P17,Post_P17,1,0.4943905472755432,0
9,P17,P17,Post_P17,1,0.5252509117126465,1
9,P17,P17,Post_P17,1,0.4890839755535126,0
9,P17,P17,Post_P17,1,0.5180714726448059,1
9,P17,P17,Post_P17,1,0.5180714726448059,1
9,P17,P17,Post_P17,1,0.503700315952301,1
9,P17,P17,Post_P17,1,0.5180714726448059,1
9,P17,P17,Post_P17,1,0.5232123136520386,1
9,P17,P17,Post_P17,1,0.5178204774856567,1
9,P17,P17,Post_P17,1,0.5039373636245728,1
9,P17,P17,Post_P17,1,0.5252509117126465,1
9,P17,P17,Post_P17,1,0.4963422119617462,0
9,P17,P17,Post_P17,1,0.5180714726448059,1
9,P17,P17,Post_P17,1,0.4890839755535126,0
9,P17,P17,Post_P17,1,0.5180714726448059,1
9,P17,P17,Post_P17,1,0.5180714726448059,1
9,P17,P17,Post_P17,1,0.503700315952301,1
9,P17,P17,Post_P17,1,0.503700315952301,1
9,P17,P17,Post_P17,1,0.5178204774856567,1
9,P17,P17,Post_P17,1,0.5215495824813843,1
9,P17,P17,Post_P17,1,0.5180714726448059,1
9,P17,P17,Post_P17,1,0.49477094411849976,0
9,P17,P17,Post_P17,1,0.5006284713745117,1
9,P17,P17,Post_P17,1,0.5043401718139648,1
9,P17,P17,Post_P17,1,0.49477094411849976,0
9,P17,P17,Post_P17,1,0.5027188658714294,1
9,P17,P17,Post_P17,1,0.5180714726448059,1
9,P17,P17,Post_P17,1,0.5180714726448059,1
9,P17,P17,Post_P17,1,0.4859720766544342,0
9,P17,P17,Post_P17,1,0.4890839755535126,0
9,P17,P17,Post_P17,1,0.503132700920105,1
9,P17,P17,Post_P17,1,0.5178204774856567,1
9,P17,P17,Post_P17,1,0.503700315952301,1
9,P17,P17,Post_P17,1,0.4956282377243042,0
9,P17,P17,Post_P17,1,0.5178204774856567,1
9,P17,P17,Post_P17,1,0.5181286931037903,1
9,P17,P17,Post_P17,1,0.5255016088485718,1
9,P17,P17,Post_P17,1,0.5180714726448059,1
9,P17,P17,Post_P17,1,0.5178204774856567,1
9,P17,P17,Post_P17,1,0.503700315952301,1
9,P17,P17,Post_P17,1,0.4964752197265625,0
9,P17,P17,Post_P17,1,0.4951493740081787,0
9,P17,P17,Post_P17,1,0.5146135091781616,1
9,P17,P17,Post_P17,1,0.5180714726448059,1
9,P17,P17,Post_P17,1,0.5180714726448059,1
9,P17,P17,Post_P17,1,0.507827877998352,1
9,P17,P17,Post_P17,1,0.5011473894119263,1
9,P17,P17,Post_P17,1,0.5074118375778198,1
9,P17,P17,Post_P17,1,0.5178204774856567,1
9,P17,P17,Post_P17,1,0.503132700920105,1
9,P17,P17,Post_P17,1,0.5215495824813843,1
9,P17,P17,Post_P17,1,0.5255016088485718,1
9,P17,P17,Post_P17,1,0.4963422119617462,0
9,P17,P17,Post_P17,1,0.4960862398147583,0
9,P17,P17,Post_P17,1,0.4928467273712158,0
9,P17,P17,Post_P17,1,0.5043401718139648,1
9,P17,P17,Post_P17,1,0.5180714726448059,1
9,P17,P17,Post_P17,1,0.5180714726448059,1
9,P17,P17,Post_P17,1,0.5160499811172485,1
9,P17,P17,Post_P17,1,0.4723877012729645,0
9,P17,P17,Post_P17,1,0.5178204774856567,1
9,P17,P17,Post_P17,1,0.5180714726448059,1
9,P17,P17,Post_P17,1,0.5180714726448059,1
9,P17,P17,Post_P17,1,0.4958544671535492,0
9,P17,P17,Post_P17,1,0.4852762818336487,0
9,P17,P17,Post_P17,1,0.4928467273712158,0
9,P17,P17,Post_P17,1,0.5180714726448059,1
9,P17,P17,Post_P17,1,0.503700315952301,1
9,P17,P17,Post_P17,1,0.503700315952301,1
9,P17,P17,Post_P17,1,0.5011473894119263,1
9,P17,P17,Post_P17,1,0.5180714726448059,1
9,P17,P17,Post_P17,1,0.503700315952301,1
9,P17,P17,Post_P17,1,0.503700315952301,1
9,P17,P17,Post_P17,1,0.48857808113098145,0
9,P17,P17,Post_P17,1,0.5180714726448059,1
9,P17,P17,Post_P17,1,0.5178204774856567,1
9,P17,P17,Post_P17,1,0.49477094411849976,0
9,P17,P17,Post_P17,1,0.49308374524116516,0
9,P17,P17,Post_P17,1,0.4964752197265625,0
9,P17,P17,Post_P17,1,0.5215495824813843,1
9,P17,P17,Post_P17,1,0.5178204774856567,1
9,P17,P17,Post_P17,1,0.5031105279922485,1
9,P17,P17,Post_P17,1,0.503132700920105,1
9,P17,P17,Post_P17,1,0.5034515857696533,1
9,P17,P17,Post_P17,1,0.5067333579063416,1
9,P17,P17,Post_P17,1,0.5178204774856567,1
9,P17,P17,Post_P17,1,0.46948301792144775,0
9,P17,P17,Post_P17,1,0.5177800059318542,1
9,P17,P17,Post_P17,1,0.503700315952301,1
9,P17,P17,Post_P17,1,0.49999022483825684,0
9,P17,P17,Post_P17,1,0.5255016088485718,1
9,P17,P17,Post_P17,1,0.4960862398147583,0
9,P17,P17,Post_P17,1,0.5163009762763977,1
9,P17,P17,Post_P17,1,0.503700315952301,1
9,P17,P17,Post_P17,1,0.5180714726448059,1
9,P17,P17,Post_P17,1,0.5178204774856567,1
9,P17,P17,Post_P17,1,0.5255016088485718,1
9,P17,P17,Post_P17,1,0.5152940154075623,1
9,P17,P17,Post_P17,1,0.4960862398147583,0
9,P17,P17,Post_P17,1,0.4890839755535126,0
9,P17,P17,Post_P17,1,0.4951493740081787,0
9,P17,P17,Post_P17,1,0.4906761944293976,0
9,P17,P17,Post_P17,1,0.503700315952301,1
9,P17,P17,Post_P17,1,0.503700315952301,1
9,P17,P17,Post_P17,1,0.4650998115539551,0
9,P17,P17,Post_P17,1,0.5180714726448059,1
9,P17,P17,Post_P17,1,0.5180714726448059,1
9,P17,P17,Post_P17,1,0.49476897716522217,0
9,P17,P17,Post_P17,1,0.503700315952301,1
9,P17,P17,Post_P17,1,0.5009093880653381,1
9,P17,P17,Post_P17,1,0.518210232257843,1
9,P17,P17,Post_P17,1,0.4960862398147583,0
9,P17,P17,Post_P17,1,0.5041455030441284,1
9,P17,P17,Post_P17,1,0.5180714726448059,1
9,P17,P17,Post_P17,1,0.5235215425491333,1
9,P17,P17,Post_P17,1,0.5180714726448059,1
9,P17,P17,Post_P17,1,0.5180714726448059,1
9,P17,P17,Post_P17,1,0.5090641975402832,1
9,P17,P17,Post_P17,1,0.5180714726448059,1
9,P17,P17,Post_P17,1,0.5017963647842407,1
9,P17,P17,Post_P17,1,0.5259652137756348,1
9,P17,P17,Post_P17,1,0.5252509117126465,1
9,P17,P17,Post_P17,1,0.5180714726448059,1
9,P17,P17,Post_P17,1,0.5255016088485718,1
9,P17,P17,Post_P17,1,0.5178204774856567,1
9,P17,P17,Post_P17,1,0.5011473894119263,1
9,P17,P17,Post_P17,1,0.5180714726448059,1
9,P17,P17,Post_P17,1,0.5180714726448059,1
9,P17,P17,Post_P17,1,0.503700315952301,1
9,P17,P17,Post_P17,1,0.503700315952301,1
9,P17,P17,Post_P17,1,0.5180714726448059,1
9,P17,P17,Post_P17,1,0.5180714726448059,1
9,P17,P17,Post_P17,1,0.5215495824813843,1
9,P17,P17,Post_P17,1,0.5163009762763977,1
9,P17,P17,Post_P17,1,0.5163009762763977,1
9,P17,P17,Post_P17,1,0.4960862398147583,0
9,P17,P17,Post_P17,1,0.503700315952301,1
9,P17,P17,Post_P17,1,0.5180714726448059,1
9,P17,P17,Post_P17,1,0.5252509117126465,1
9,P17,P17,Post_P17,1,0.5011473894119263,1
9,P17,P17,Post_P17,1,0.503700315952301,1
9,P17,P17,Post_P17,1,0.5178204774856567,1
9,P17,P17,Post_P17,1,0.5252509117126465,1
9,P17,P17,Post_P17,1,0.5025432705879211,1
9,P17,P17,Post_P17,1,0.5180714726448059,1
9,P17,P17,Post_P17,1,0.5042193531990051,1
9,P17,P17,Post_P17,1,0.5178204774856567,1
9,P17,P17,Post_P17,1,0.49620145559310913,0
9,P17,P17,Post_P17,1,0.5180714726448059,1
9,P17,P17,Post_P17,1,0.5011473894119263,1
9,P17,P17,Post_P17,1,0.4951493740081787,0
9,P17,P17,Post_P17,1,0.5068928599357605,1
9,P17,P17,Post_P17,1,0.5178204774856567,1
9,P17,P17,Post_P17,1,0.5029325485229492,1
9,P17,P17,Post_P17,1,0.5180714726448059,1
9,P17,P17,Post_P17,1,0.5180714726448059,1
9,P17,P17,Post_P17,1,0.503700315952301,1
9,P17,P17,Post_P17,1,0.503700315952301,1
9,P17,P17,Post_P17,1,0.5181286931037903,1
9,P17,P17,Post_P17,1,0.5163009762763977,1
9,P17,P17,Post_P17,1,0.5215495824813843,1
9,P17,P17,Post_P17,1,0.5068928599357605,1
9,P17,P17,Post_P17,1,0.5178204774856567,1
9,P17,P17,Post_P17,1,0.5178204774856567,1
9,P17,P17,Post_P17,1,0.47241318225860596,0
9,P17,P17,Post_P17,1,0.5178204774856567,1
9,P17,P17,Post_P17,1,0.5180714726448059,1
9,P17,P17,Post_P17,1,0.503700315952301,1
9,P17,P17,Post_P17,1,0.4960862398147583,0
9,P17,P17,Post_P17,1,0.5180714726448059,1
9,P17,P17,Post_P17,1,0.503700315952301,1
9,P17,P17,Post_P17,1,0.5180714726448059,1
9,P17,P17,Post_P17,1,0.5178204774856567,1
9,P17,P17,Post_P17,1,0.5178204774856567,1
9,P17,P17,Post_P17,1,0.5180714726448059,1
9,P17,P17,Post_P17,1,0.5180714726448059,1
9,P17,P17,Post_P17,1,0.5000629425048828,1
9,P17,P17,Post_P17,1,0.5183917284011841,1
9,P17,P17,Post_P17,1,0.5181286931037903,1
9,P17,P17,Post_P17,1,0.5181286931037903,1
9,P17,P17,Post_P17,1,0.49130451679229736,0
9,P17,P17,Post_P17,1,0.5252509117126465,1
9,P17,P17,Post_P17,1,0.5181286931037903,1
9,P17,P17,Post_P17,1,0.5148930549621582,1
9,P17,P17,Post_P17,1,0.5181286931037903,1
9,P17,P17,Post_P17,1,0.5180714726448059,1
9,P17,P17,Post_P17,1,0.5180714726448059,1
9,P17,P17,Post_P17,1,0.5178204774856567,1
9,P17,P17,Post_P17,1,0.5177800059318542,1
9,P17,P17,Post_P17,1,0.5259652137756348,1
9,P17,P17,Post_P17,1,0.5181286931037903,1
9,P17,P17,Post_P17,1,0.5070131421089172,1
9,P17,P17,Post_P17,1,0.5183917284011841,1
9,P17,P17,Post_P17,1,0.5185986757278442,1
9,P17,P17,Post_P17,1,0.4961104094982147,0
9,P17,P17,Post_P17,1,0.49180254340171814,0
9,P17,P17,Post_P17,1,0.5180714726448059,1
9,P17,P17,Post_P17,1,0.5183917284011841,1
9,P17,P17,Post_P17,1,0.46948301792144775,0
9,P17,P17,Post_P17,1,0.5178204774856567,1
9,P17,P17,Post_P17,1,0.5183917284011841,1
9,P17,P17,Post_P17,1,0.4964752197265625,0
9,P17,P17,Post_P17,1,0.5181286931037903,1
9,P17,P17,Post_P17,1,0.5180714726448059,1
9,P17,P17,Post_P17,1,0.5178204774856567,1
9,P17,P17,Post_P17,1,0.5180714726448059,1
9,P17,P17,Post_P17,1,0.5255016088485718,1
9,P17,P17,Post_P17,1,0.47332924604415894,0
9,P17,P17,Post_P17,1,0.5178204774856567,1
9,P17,P17,Post_P17,1,0.5262279510498047,1
9,P17,P17,Post_P17,1,0.5181286931037903,1
9,P17,P17,Post_P17,1,0.5183807015419006,1
9,P17,P17,Post_P17,1,0.4958544671535492,0
9,P17,P17,Post_P17,1,0.5262279510498047,1
9,P17,P17,Post_P17,1,0.5183917284011841,1
9,P17,P17,Post_P17,1,0.5180714726448059,1
9,P17,P17,Post_P17,1,0.5180714726448059,1
9,P17,P17,Post_P17,1,0.5180714726448059,1
9,P17,P17,Post_P17,1,0.5181286931037903,1
9,P17,P17,Post_P17,1,0.47332924604415894,0
10,P18,P18,Post_P18,0,0.6858962178230286,1
10,P18,P18,Post_P18,0,0.5362263917922974,1
10,P18,P18,Post_P18,0,0.6866236329078674,1
10,P18,P18,Post_P18,0,0.46839991211891174,0
10,P18,P18,Post_P18,0,0.6757378578186035,1
10,P18,P18,Post_P18,0,0.44600120186805725,0
10,P18,P18,Post_P18,0,0.677088737487793,1
10,P18,P18,Post_P18,0,0.4951125681400299,0
10,P18,P18,Post_P18,0,0.5243000984191895,1
10,P18,P18,Post_P18,0,0.6838691830635071,1
10,P18,P18,Post_P18,0,0.4494325518608093,0
10,P18,P18,Post_P18,0,0.5253227353096008,1
10,P18,P18,Post_P18,0,0.6036830544471741,1
10,P18,P18,Post_P18,0,0.6435697078704834,1
10,P18,P18,Post_P18,0,0.6845991015434265,1
10,P18,P18,Post_P18,0,0.6061413288116455,1
10,P18,P18,Post_P18,0,0.6028246879577637,1
10,P18,P18,Post_P18,0,0.5971626043319702,1
10,P18,P18,Post_P18,0,0.31496426463127136,0
10,P18,P18,Post_P18,0,0.6968282461166382,1
10,P18,P18,Post_P18,0,0.6984482407569885,1
10,P18,P18,Post_P18,0,0.4255603849887848,0
10,P18,P18,Post_P18,0,0.661891758441925,1
10,P18,P18,Post_P18,0,0.4570007026195526,0
10,P18,P18,Post_P18,0,0.6747547388076782,1
10,P18,P18,Post_P18,0,0.5034034848213196,1
10,P18,P18,Post_P18,0,0.6799331307411194,1
10,P18,P18,Post_P18,0,0.6847277283668518,1
10,P18,P18,Post_P18,0,0.6967681646347046,1
10,P18,P18,Post_P18,0,0.5982560515403748,1
10,P18,P18,Post_P18,0,0.5711361765861511,1
10,P18,P18,Post_P18,0,0.6736158132553101,1
10,P18,P18,Post_P18,0,0.4208489954471588,0
10,P18,P18,Post_P18,0,0.6040084362030029,1
10,P18,P18,Post_P18,0,0.4210452437400818,0
10,P18,P18,Post_P18,0,0.5738301873207092,1
10,P18,P18,Post_P18,0,0.5706772804260254,1
10,P18,P18,Post_P18,0,0.42429107427597046,0
10,P18,P18,Post_P18,0,0.6823641061782837,1
10,P18,P18,Post_P18,0,0.6813926100730896,1
10,P18,P18,Post_P18,0,0.5945889949798584,1
10,P18,P18,Post_P18,0,0.5788373351097107,1
10,P18,P18,Post_P18,0,0.5502089262008667,1
10,P18,P18,Post_P18,0,0.6698694825172424,1
10,P18,P18,Post_P18,0,0.4807083010673523,0
10,P18,P18,Post_P18,0,0.6525899767875671,1
10,P18,P18,Post_P18,0,0.600715696811676,1
10,P18,P18,Post_P18,0,0.6798076033592224,1
10,P18,P18,Post_P18,0,0.48040780425071716,0
10,P18,P18,Post_P18,0,0.678494930267334,1
10,P18,P18,Post_P18,0,0.5943613648414612,1
10,P18,P18,Post_P18,0,0.5592425465583801,1
10,P18,P18,Post_P18,0,0.5981397032737732,1
10,P18,P18,Post_P18,0,0.5855404138565063,1
10,P18,P18,Post_P18,0,0.5958923697471619,1
10,P18,P18,Post_P18,0,0.641587495803833,1
10,P18,P18,Post_P18,0,0.46727412939071655,0
10,P18,P18,Post_P18,0,0.5578134059906006,1
10,P18,P18,Post_P18,0,0.6940049529075623,1
10,P18,P18,Post_P18,0,0.5745213627815247,1
10,P18,P18,Post_P18,0,0.6934894323348999,1
10,P18,P18,Post_P18,0,0.6118963956832886,1
10,P18,P18,Post_P18,0,0.6781535744667053,1
10,P18,P18,Post_P18,0,0.48087722063064575,0
10,P18,P18,Post_P18,0,0.699284553527832,1
10,P18,P18,Post_P18,0,0.6920956969261169,1
10,P18,P18,Post_P18,0,0.657035768032074,1
10,P18,P18,Post_P18,0,0.6494320631027222,1
10,P18,P18,Post_P18,0,0.5990439057350159,1
10,P18,P18,Post_P18,0,0.6771975755691528,1
10,P18,P18,Post_P18,0,0.6754990220069885,1
10,P18,P18,Post_P18,0,0.5474355816841125,1
10,P18,P18,Post_P18,0,0.5345138907432556,1
10,P18,P18,Post_P18,0,0.4856322705745697,0
10,P18,P18,Post_P18,0,0.444269597530365,0
10,P18,P18,Post_P18,0,0.44793760776519775,0
10,P18,P18,Post_P18,0,0.6706857085227966,1
10,P18,P18,Post_P18,0,0.617414653301239,1
10,P18,P18,Post_P18,0,0.684089183807373,1
10,P18,P18,Post_P18,0,0.6852589845657349,1
10,P18,P18,Post_P18,0,0.6757991909980774,1
10,P18,P18,Post_P18,0,0.6974815130233765,1
10,P18,P18,Post_P18,0,0.4471765458583832,0
10,P18,P18,Post_P18,0,0.5944159030914307,1
10,P18,P18,Post_P18,0,0.6922255754470825,1
10,P18,P18,Post_P18,0,0.5231310129165649,1
10,P18,P18,Post_P18,0,0.5915042161941528,1
10,P18,P18,Post_P18,0,0.6049125790596008,1
10,P18,P18,Post_P18,0,0.675016462802887,1
10,P18,P18,Post_P18,0,0.5992597341537476,1
10,P18,P18,Post_P18,0,0.6781261563301086,1
10,P18,P18,Post_P18,0,0.6854565739631653,1
10,P18,P18,Post_P18,0,0.642756998538971,1
10,P18,P18,Post_P18,0,0.5808165669441223,1
10,P18,P18,Post_P18,0,0.6781261563301086,1
10,P18,P18,Post_P18,0,0.6866236329078674,1
10,P18,P18,Post_P18,0,0.5964325666427612,1
10,P18,P18,Post_P18,0,0.5341614484786987,1
10,P18,P18,Post_P18,0,0.5902162790298462,1
10,P18,P18,Post_P18,0,0.6798790097236633,1
10,P18,P18,Post_P18,0,0.6833586096763611,1
10,P18,P18,Post_P18,0,0.5433779358863831,1
10,P18,P18,Post_P18,0,0.5590066313743591,1
10,P18,P18,Post_P18,0,0.6960512399673462,1
10,P18,P18,Post_P18,0,0.5842372179031372,1
10,P18,P18,Post_P18,0,0.6781927347183228,1
10,P18,P18,Post_P18,0,0.6968560218811035,1
10,P18,P18,Post_P18,0,0.6812048554420471,1
10,P18,P18,Post_P18,0,0.4108518958091736,0
10,P18,P18,Post_P18,0,0.6833586096763611,1
10,P18,P18,Post_P18,0,0.5847899317741394,1
10,P18,P18,Post_P18,0,0.5671484470367432,1
10,P18,P18,Post_P18,0,0.5986782908439636,1
10,P18,P18,Post_P18,0,0.6850394606590271,1
10,P18,P18,Post_P18,0,0.5967968106269836,1
10,P18,P18,Post_P18,0,0.604503333568573,1
10,P18,P18,Post_P18,0,0.3611760437488556,0
10,P18,P18,Post_P18,0,0.6825992465019226,1
10,P18,P18,Post_P18,0,0.47435566782951355,0
10,P18,P18,Post_P18,0,0.4191277027130127,0
10,P18,P18,Post_P18,0,0.5629573464393616,1
10,P18,P18,Post_P18,0,0.4975786507129669,0
10,P18,P18,Post_P18,0,0.39848601818084717,0
10,P18,P18,Post_P18,0,0.3586490750312805,0
10,P18,P18,Post_P18,0,0.5072367191314697,1
10,P18,P18,Post_P18,0,0.5809785723686218,1
10,P18,P18,Post_P18,0,0.6747018098831177,1
10,P18,P18,Post_P18,0,0.5314973592758179,1
10,P18,P18,Post_P18,0,0.424270898103714,0
10,P18,P18,Post_P18,0,0.6424764394760132,1
10,P18,P18,Post_P18,0,0.5959993004798889,1
10,P18,P18,Post_P18,0,0.6035379767417908,1
10,P18,P18,Post_P18,0,0.5091620683670044,1
10,P18,P18,Post_P18,0,0.49476325511932373,0
10,P18,P18,Post_P18,0,0.4355890154838562,0
10,P18,P18,Post_P18,0,0.5899724364280701,1
10,P18,P18,Post_P18,0,0.49008908867836,0
10,P18,P18,Post_P18,0,0.4703414738178253,0
10,P18,P18,Post_P18,0,0.6505048871040344,1
10,P18,P18,Post_P18,0,0.699284553527832,1
10,P18,P18,Post_P18,0,0.6001290678977966,1
10,P18,P18,Post_P18,0,0.699284553527832,1
10,P18,P18,Post_P18,0,0.6801010966300964,1
10,P18,P18,Post_P18,0,0.6820509433746338,1
10,P18,P18,Post_P18,0,0.4591370224952698,0
10,P18,P18,Post_P18,0,0.589904248714447,1
10,P18,P18,Post_P18,0,0.5323137044906616,1
10,P18,P18,Post_P18,0,0.6476973295211792,1
10,P18,P18,Post_P18,0,0.65101557970047,1
10,P18,P18,Post_P18,0,0.5283024311065674,1
10,P18,P18,Post_P18,0,0.5070078372955322,1
10,P18,P18,Post_P18,0,0.6833586096763611,1
10,P18,P18,Post_P18,0,0.4785519540309906,0
10,P18,P18,Post_P18,0,0.6705427765846252,1
10,P18,P18,Post_P18,0,0.6805999279022217,1
10,P18,P18,Post_P18,0,0.5085049867630005,1
10,P18,P18,Post_P18,0,0.6803625226020813,1
10,P18,P18,Post_P18,0,0.5611311197280884,1
10,P18,P18,Post_P18,0,0.6854565739631653,1
10,P18,P18,Post_P18,0,0.6026524305343628,1
10,P18,P18,Post_P18,0,0.6001635193824768,1
10,P18,P18,Post_P18,0,0.6845298409461975,1
10,P18,P18,Post_P18,0,0.6854565739631653,1
10,P18,P18,Post_P18,0,0.5888627171516418,1
10,P18,P18,Post_P18,0,0.6805999279022217,1
10,P18,P18,Post_P18,0,0.5784552097320557,1
10,P18,P18,Post_P18,0,0.669427216053009,1
10,P18,P18,Post_P18,0,0.6973849534988403,1
10,P18,P18,Post_P18,0,0.5545881986618042,1
10,P18,P18,Post_P18,0,0.6039031744003296,1
10,P18,P18,Post_P18,0,0.6746389269828796,1
10,P18,P18,Post_P18,0,0.4768889844417572,0
10,P18,P18,Post_P18,0,0.47834792733192444,0
10,P18,P18,Post_P18,0,0.46471697092056274,0
10,P18,P18,Post_P18,0,0.4661315083503723,0
10,P18,P18,Post_P18,0,0.6296887397766113,1
10,P18,P18,Post_P18,0,0.4687444865703583,0
10,P18,P18,Post_P18,0,0.5956329703330994,1
10,P18,P18,Post_P18,0,0.49747639894485474,0
10,P18,P18,Post_P18,0,0.5933765769004822,1
10,P18,P18,Post_P18,0,0.6803412437438965,1
10,P18,P18,Post_P18,0,0.5243151187896729,1
10,P18,P18,Post_P18,0,0.5165709257125854,1
10,P18,P18,Post_P18,0,0.5744796395301819,1
10,P18,P18,Post_P18,0,0.6866236329078674,1
10,P18,P18,Post_P18,0,0.46899521350860596,0
10,P18,P18,Post_P18,0,0.4206356108188629,0
10,P18,P18,Post_P18,0,0.4989938735961914,0
10,P18,P18,Post_P18,0,0.5229796171188354,1
10,P18,P18,Post_P18,0,0.6183419823646545,1
10,P18,P18,Post_P18,0,0.6869871616363525,1
10,P18,P18,Post_P18,0,0.4746752977371216,0
10,P18,P18,Post_P18,0,0.6948595643043518,1
10,P18,P18,Post_P18,0,0.6258769035339355,1
10,P18,P18,Post_P18,0,0.5456510186195374,1
10,P18,P18,Post_P18,0,0.6984482407569885,1
10,P18,P18,Post_P18,0,0.6124200820922852,1
10,P18,P18,Post_P18,0,0.3082866668701172,0
10,P18,P18,Post_P18,0,0.6847277283668518,1
10,P18,P18,Post_P18,0,0.4670085310935974,0
10,P18,P18,Post_P18,0,0.6426603198051453,1
10,P18,P18,Post_P18,0,0.6824336051940918,1
10,P18,P18,Post_P18,0,0.5912407040596008,1
10,P18,P18,Post_P18,0,0.5513814091682434,1
10,P18,P18,Post_P18,0,0.5882850885391235,1
10,P18,P18,Post_P18,0,0.5524188280105591,1
10,P18,P18,Post_P18,0,0.44970017671585083,0
10,P18,P18,Post_P18,0,0.5393487811088562,1
10,P18,P18,Post_P18,0,0.49415645003318787,0
10,P18,P18,Post_P18,0,0.677161693572998,1
10,P18,P18,Post_P18,0,0.6838691830635071,1
10,P18,P18,Post_P18,0,0.5776501893997192,1
10,P18,P18,Post_P18,0,0.6032363176345825,1
10,P18,P18,Post_P18,0,0.6835752129554749,1
10,P18,P18,Post_P18,0,0.6712457537651062,1
10,P18,P18,Post_P18,0,0.6801813244819641,1
10,P18,P18,Post_P18,0,0.681870698928833,1
10,P18,P18,Post_P18,0,0.49661606550216675,0
10,P18,P18,Post_P18,0,0.591399073600769,1
10,P18,P18,Post_P18,0,0.6011757850646973,1
10,P18,P18,Post_P18,0,0.6646069288253784,1
10,P18,P18,Post_P18,0,0.46997013688087463,0
10,P18,P18,Post_P18,0,0.6772221326828003,1
10,P18,P18,Post_P18,0,0.6824980974197388,1
10,P18,P18,Post_P18,0,0.6555666327476501,1
10,P18,P18,Post_P18,0,0.5608749389648438,1
10,P18,P18,Post_P18,0,0.5574999451637268,1
10,P18,P18,Post_P18,0,0.5834218263626099,1
10,P18,P18,Post_P18,0,0.6007633805274963,1
10,P18,P18,Post_P18,0,0.6847277283668518,1
10,P18,P18,Post_P18,0,0.6980909705162048,1
10,P18,P18,Post_P18,0,0.4653652012348175,0
10,P18,P18,Post_P18,0,0.6828805804252625,1
10,P18,P18,Post_P18,0,0.4397432804107666,0
10,P18,P18,Post_P18,0,0.6847277283668518,1
10,P18,P18,Post_P18,0,0.45198288559913635,0
10,P18,P18,Post_P18,0,0.6302472949028015,1
10,P18,P18,Post_P18,0,0.5644659996032715,1
10,P18,P18,Post_P18,0,0.5396105647087097,1
10,P18,P18,Post_P18,0,0.6858962178230286,1
10,P18,P18,Post_P18,0,0.6180172562599182,1
10,P18,P18,Post_P18,0,0.6073634624481201,1
10,P18,P18,Post_P18,0,0.6482666730880737,1
10,P18,P18,Post_P18,0,0.4960794448852539,0
10,P18,P18,Post_P18,0,0.4857698082923889,0
10,P18,P18,Post_P18,0,0.5051469802856445,1
10,P18,P18,Post_P18,0,0.46941712498664856,0
10,P18,P18,Post_P18,0,0.5870826244354248,1
10,P18,P18,Post_P18,0,0.5890006422996521,1
10,P18,P18,Post_P18,0,0.6847277283668518,1
10,P18,P18,Post_P18,0,0.48869961500167847,0
10,P18,P18,Post_P18,0,0.5836948156356812,1
10,P18,P18,Post_P18,0,0.6805292963981628,1
10,P18,P18,Post_P18,0,0.6112533807754517,1
10,P18,P18,Post_P18,0,0.516872227191925,1
10,P18,P18,Post_P18,0,0.6337987184524536,1
10,P18,P18,Post_P18,0,0.5007461905479431,1
10,P18,P18,Post_P18,0,0.5703940987586975,1
10,P18,P18,Post_P18,0,0.6847277283668518,1
10,P18,P18,Post_P18,0,0.6837476491928101,1
10,P18,P18,Post_P18,0,0.4261534810066223,0
10,P18,P18,Post_P18,0,0.5900790095329285,1
10,P18,P18,Post_P18,0,0.6854565739631653,1
10,P18,P18,Post_P18,0,0.676149308681488,1
10,P18,P18,Post_P18,0,0.5981314778327942,1
10,P18,P18,Post_P18,0,0.6847277283668518,1
10,P18,P18,Post_P18,0,0.4836004674434662,0
10,P18,P18,Post_P18,0,0.44723522663116455,0
10,P18,P18,Post_P18,0,0.5457174181938171,1
10,P18,P18,Post_P18,0,0.4107147753238678,0
10,P18,P18,Post_P18,0,0.6787523627281189,1
10,P18,P18,Post_P18,0,0.6613621115684509,1
10,P18,P18,Post_P18,0,0.6199033856391907,1
10,P18,P18,Post_P18,0,0.5334762334823608,1
10,P18,P18,Post_P18,0,0.6039555668830872,1
10,P18,P18,Post_P18,0,0.5114327073097229,1
10,P18,P18,Post_P18,0,0.6664873957633972,1
10,P18,P18,Post_P18,0,0.5374926924705505,1
10,P18,P18,Post_P18,0,0.5853423476219177,1
10,P18,P18,Post_P18,0,0.572192370891571,1
10,P18,P18,Post_P18,0,0.5951431393623352,1
10,P18,P18,Post_P18,0,0.5614709258079529,1
10,P18,P18,Post_P18,0,0.6645146608352661,1
10,P18,P18,Post_P18,0,0.4438505172729492,0
10,P18,P18,Post_P18,0,0.435039222240448,0
10,P18,P18,Post_P18,0,0.4627649188041687,0
10,P18,P18,Post_P18,0,0.5555470585823059,1
10,P18,P18,Post_P18,0,0.531187117099762,1
10,P18,P18,Post_P18,0,0.6832297444343567,1
10,P18,P18,Post_P18,0,0.696536123752594,1
10,P18,P18,Post_P18,0,0.6826602220535278,1
10,P18,P18,Post_P18,0,0.6743218302726746,1
10,P18,P18,Post_P18,0,0.5652617812156677,1
10,P18,P18,Post_P18,0,0.6960922479629517,1
10,P18,P18,Post_P18,0,0.5653509497642517,1
10,P18,P18,Post_P18,0,0.699284553527832,1
10,P18,P18,Post_P18,0,0.691095769405365,1
10,P18,P18,Post_P18,0,0.6742338538169861,1
10,P18,P18,Post_P18,0,0.5943561792373657,1
10,P18,P18,Post_P18,0,0.699284553527832,1
10,P18,P18,Post_P18,0,0.6801512837409973,1
10,P18,P18,Post_P18,0,0.46440228819847107,0
10,P18,P18,Post_P18,0,0.5691295266151428,1
10,P18,P18,Post_P18,0,0.6922298073768616,1
10,P18,P18,Post_P18,0,0.6847277283668518,1
10,P18,P18,Post_P18,0,0.3134395182132721,0
10,P18,P18,Post_P18,0,0.4590165317058563,0
10,P18,P18,Post_P18,0,0.6833586096763611,1
10,P18,P18,Post_P18,0,0.3895203173160553,0
10,P18,P18,Post_P18,0,0.57942795753479,1
10,P18,P18,Post_P18,0,0.5760015845298767,1
10,P18,P18,Post_P18,0,0.6854565739631653,1
10,P18,P18,Post_P18,0,0.5802323222160339,1
10,P18,P18,Post_P18,0,0.532551109790802,1
10,P18,P18,Post_P18,0,0.3557238280773163,0
10,P18,P18,Post_P18,0,0.5070077776908875,1
10,P18,P18,Post_P18,0,0.4669337272644043,0
10,P18,P18,Post_P18,0,0.4785165786743164,0
10,P18,P18,Post_P18,0,0.6400177478790283,1
10,P18,P18,Post_P18,0,0.6134706139564514,1
10,P18,P18,Post_P18,0,0.5685452818870544,1
10,P18,P18,Post_P18,0,0.6788160800933838,1
10,P18,P18,Post_P18,0,0.5768462419509888,1
10,P18,P18,Post_P18,0,0.695549726486206,1
10,P18,P18,Post_P18,0,0.5280315279960632,1
10,P18,P18,Post_P18,0,0.6741790771484375,1
10,P18,P18,Post_P18,0,0.6915869116783142,1
10,P18,P18,Post_P18,0,0.6651321649551392,1
10,P18,P18,Post_P18,0,0.6966714859008789,1
10,P18,P18,Post_P18,0,0.6660904288291931,1
10,P18,P18,Post_P18,0,0.5110131502151489,1
10,P18,P18,Post_P18,0,0.684089183807373,1
10,P18,P18,Post_P18,0,0.46370401978492737,0
10,P18,P18,Post_P18,0,0.5987478494644165,1
10,P18,P18,Post_P18,0,0.40046584606170654,0
10,P18,P18,Post_P18,0,0.5505942106246948,1
10,P18,P18,Post_P18,0,0.6125547885894775,1
10,P18,P18,Post_P18,0,0.45040056109428406,0
10,P18,P18,Post_P18,0,0.606970489025116,1
10,P18,P18,Post_P18,0,0.6827462315559387,1
10,P18,P18,Post_P18,0,0.6971892714500427,1
10,P18,P18,Post_P18,0,0.6729164719581604,1
10,P18,P18,Post_P18,0,0.47029000520706177,0
10,P18,P18,Post_P18,0,0.5601715445518494,1
10,P18,P18,Post_P18,0,0.6838691830635071,1
10,P18,P18,Post_P18,0,0.48068055510520935,0
10,P18,P18,Post_P18,0,0.6720535755157471,1
10,P18,P18,Post_P18,0,0.47995129227638245,0
10,P18,P18,Post_P18,0,0.5512261390686035,1
10,P18,P18,Post_P18,0,0.5663890242576599,1
10,P18,P18,Post_P18,0,0.47563353180885315,0
10,P18,P18,Post_P18,0,0.5374945998191833,1
10,P18,P18,Post_P18,0,0.6164171695709229,1
10,P18,P18,Post_P18,0,0.691062331199646,1
10,P18,P18,Post_P18,0,0.5667293667793274,1
10,P18,P18,Post_P18,0,0.38320741057395935,0
10,P18,P18,Post_P18,0,0.4753507673740387,0
11,P19,P19,Post_P19,1,0.4693188965320587,0
11,P19,P19,Post_P19,1,0.546542227268219,1
11,P19,P19,Post_P19,1,0.5254173278808594,1
11,P19,P19,Post_P19,1,0.5839003920555115,1
11,P19,P19,Post_P19,1,0.5978499054908752,1
11,P19,P19,Post_P19,1,0.5721652507781982,1
11,P19,P19,Post_P19,1,0.5856605172157288,1
11,P19,P19,Post_P19,1,0.5584077835083008,1
11,P19,P19,Post_P19,1,0.48324838280677795,0
11,P19,P19,Post_P19,1,0.5974514484405518,1
11,P19,P19,Post_P19,1,0.4762415289878845,0
11,P19,P19,Post_P19,1,0.4532194435596466,0
11,P19,P19,Post_P19,1,0.4331398904323578,0
11,P19,P19,Post_P19,1,0.5515910387039185,1
11,P19,P19,Post_P19,1,0.5862277746200562,1
11,P19,P19,Post_P19,1,0.5436737537384033,1
11,P19,P19,Post_P19,1,0.5093165040016174,1
11,P19,P19,Post_P19,1,0.5428034067153931,1
11,P19,P19,Post_P19,1,0.5637103915214539,1
11,P19,P19,Post_P19,1,0.5695813894271851,1
11,P19,P19,Post_P19,1,0.5830994248390198,1
11,P19,P19,Post_P19,1,0.6000069975852966,1
11,P19,P19,Post_P19,1,0.572050929069519,1
11,P19,P19,Post_P19,1,0.5394638180732727,1
11,P19,P19,Post_P19,1,0.45466336607933044,0
11,P19,P19,Post_P19,1,0.48505067825317383,0
11,P19,P19,Post_P19,1,0.4522264003753662,0
11,P19,P19,Post_P19,1,0.5978499054908752,1
11,P19,P19,Post_P19,1,0.47393178939819336,0
11,P19,P19,Post_P19,1,0.44308120012283325,0
11,P19,P19,Post_P19,1,0.4695466160774231,0
11,P19,P19,Post_P19,1,0.5379089117050171,1
11,P19,P19,Post_P19,1,0.5385032296180725,1
11,P19,P19,Post_P19,1,0.48573508858680725,0
11,P19,P19,Post_P19,1,0.5251665115356445,1
11,P19,P19,Post_P19,1,0.5519666075706482,1
11,P19,P19,Post_P19,1,0.5834273099899292,1
11,P19,P19,Post_P19,1,0.512450098991394,1
11,P19,P19,Post_P19,1,0.5703228116035461,1
11,P19,P19,Post_P19,1,0.5934145450592041,1
11,P19,P19,Post_P19,1,0.5835504531860352,1
11,P19,P19,Post_P19,1,0.48148152232170105,0
11,P19,P19,Post_P19,1,0.5131819844245911,1
11,P19,P19,Post_P19,1,0.5639702081680298,1
11,P19,P19,Post_P19,1,0.5763524174690247,1
11,P19,P19,Post_P19,1,0.4753599166870117,0
11,P19,P19,Post_P19,1,0.5828711986541748,1
11,P19,P19,Post_P19,1,0.5298569798469543,1
11,P19,P19,Post_P19,1,0.5719598531723022,1
11,P19,P19,Post_P19,1,0.5852388143539429,1
11,P19,P19,Post_P19,1,0.5761946439743042,1
11,P19,P19,Post_P19,1,0.49383366107940674,0
11,P19,P19,Post_P19,1,0.4999580383300781,0
11,P19,P19,Post_P19,1,0.5857637524604797,1
11,P19,P19,Post_P19,1,0.4839189946651459,0
11,P19,P19,Post_P19,1,0.5172624588012695,1
11,P19,P19,Post_P19,1,0.5866102576255798,1
11,P19,P19,Post_P19,1,0.5855507254600525,1
11,P19,P19,Post_P19,1,0.5164953470230103,1
11,P19,P19,Post_P19,1,0.5805139541625977,1
11,P19,P19,Post_P19,1,0.49955299496650696,0
11,P19,P19,Post_P19,1,0.46907326579093933,0
11,P19,P19,Post_P19,1,0.5405099987983704,1
11,P19,P19,Post_P19,1,0.5833331942558289,1
11,P19,P19,Post_P19,1,0.5996137857437134,1
11,P19,P19,Post_P19,1,0.5802914500236511,1
11,P19,P19,Post_P19,1,0.5974514484405518,1
11,P19,P19,Post_P19,1,0.5749576687812805,1
11,P19,P19,Post_P19,1,0.5275448560714722,1
11,P19,P19,Post_P19,1,0.5862277746200562,1
11,P19,P19,Post_P19,1,0.5290274620056152,1
11,P19,P19,Post_P19,1,0.5974514484405518,1
11,P19,P19,Post_P19,1,0.5471762418746948,1
11,P19,P19,Post_P19,1,0.5762677192687988,1
11,P19,P19,Post_P19,1,0.5856240391731262,1
11,P19,P19,Post_P19,1,0.4065552055835724,0
11,P19,P19,Post_P19,1,0.43914470076560974,0
11,P19,P19,Post_P19,1,0.5691182017326355,1
11,P19,P19,Post_P19,1,0.600172758102417,1
11,P19,P19,Post_P19,1,0.4818025827407837,0
11,P19,P19,Post_P19,1,0.5999775528907776,1
11,P19,P19,Post_P19,1,0.43602675199508667,0
11,P19,P19,Post_P19,1,0.5835504531860352,1
11,P19,P19,Post_P19,1,0.48464569449424744,0
11,P19,P19,Post_P19,1,0.45049017667770386,0
11,P19,P19,Post_P19,1,0.5785014629364014,1
11,P19,P19,Post_P19,1,0.5978499054908752,1
11,P19,P19,Post_P19,1,0.4484092891216278,0
11,P19,P19,Post_P19,1,0.5461589097976685,1
11,P19,P19,Post_P19,1,0.5859467387199402,1
11,P19,P19,Post_P19,1,0.4877454936504364,0
11,P19,P19,Post_P19,1,0.5410241484642029,1
11,P19,P19,Post_P19,1,0.4273644983768463,0
11,P19,P19,Post_P19,1,0.506692111492157,1
11,P19,P19,Post_P19,1,0.5429615378379822,1
11,P19,P19,Post_P19,1,0.5926740765571594,1
11,P19,P19,Post_P19,1,0.5974514484405518,1
11,P19,P19,Post_P19,1,0.5547536015510559,1
11,P19,P19,Post_P19,1,0.5096549391746521,1
11,P19,P19,Post_P19,1,0.4861406683921814,0
11,P19,P19,Post_P19,1,0.48189762234687805,0
11,P19,P19,Post_P19,1,0.5899800658226013,1
11,P19,P19,Post_P19,1,0.5774253606796265,1
11,P19,P19,Post_P19,1,0.5832740068435669,1
11,P19,P19,Post_P19,1,0.5540832877159119,1
11,P19,P19,Post_P19,1,0.486820250749588,0
11,P19,P19,Post_P19,1,0.4396038055419922,0
11,P19,P19,Post_P19,1,0.5144397616386414,1
11,P19,P19,Post_P19,1,0.5169781446456909,1
11,P19,P19,Post_P19,1,0.538174033164978,1
11,P19,P19,Post_P19,1,0.5198706984519958,1
11,P19,P19,Post_P19,1,0.5176900625228882,1
11,P19,P19,Post_P19,1,0.5824061036109924,1
11,P19,P19,Post_P19,1,0.5562869310379028,1
11,P19,P19,Post_P19,1,0.5268843173980713,1
11,P19,P19,Post_P19,1,0.5829616189002991,1
11,P19,P19,Post_P19,1,0.5938919186592102,1
11,P19,P19,Post_P19,1,0.585887610912323,1
11,P19,P19,Post_P19,1,0.5828711986541748,1
11,P19,P19,Post_P19,1,0.5184652209281921,1
11,P19,P19,Post_P19,1,0.5880074501037598,1
11,P19,P19,Post_P19,1,0.5937670469284058,1
11,P19,P19,Post_P19,1,0.42128750681877136,0
11,P19,P19,Post_P19,1,0.567511796951294,1
11,P19,P19,Post_P19,1,0.5762677192687988,1
11,P19,P19,Post_P19,1,0.5217503905296326,1
11,P19,P19,Post_P19,1,0.5987061858177185,1
11,P19,P19,Post_P19,1,0.5909054279327393,1
11,P19,P19,Post_P19,1,0.5502967238426208,1
11,P19,P19,Post_P19,1,0.4896523654460907,0
11,P19,P19,Post_P19,1,0.5516043901443481,1
11,P19,P19,Post_P19,1,0.49546822905540466,0
11,P19,P19,Post_P19,1,0.5966669321060181,1
11,P19,P19,Post_P19,1,0.4807493984699249,0
11,P19,P19,Post_P19,1,0.5796627402305603,1
11,P19,P19,Post_P19,1,0.5553998351097107,1
11,P19,P19,Post_P19,1,0.5750810503959656,1
11,P19,P19,Post_P19,1,0.47061431407928467,0
11,P19,P19,Post_P19,1,0.40734946727752686,0
11,P19,P19,Post_P19,1,0.42034733295440674,0
11,P19,P19,Post_P19,1,0.5179877281188965,1
11,P19,P19,Post_P19,1,0.46900299191474915,0
11,P19,P19,Post_P19,1,0.5771580338478088,1
11,P19,P19,Post_P19,1,0.5044353008270264,1
11,P19,P19,Post_P19,1,0.5762677192687988,1
11,P19,P19,Post_P19,1,0.4505346715450287,0
11,P19,P19,Post_P19,1,0.5118932127952576,1
11,P19,P19,Post_P19,1,0.5339073538780212,1
11,P19,P19,Post_P19,1,0.5761768817901611,1
11,P19,P19,Post_P19,1,0.5210798382759094,1
11,P19,P19,Post_P19,1,0.43459638953208923,0
11,P19,P19,Post_P19,1,0.5656822323799133,1
11,P19,P19,Post_P19,1,0.5078158378601074,1
11,P19,P19,Post_P19,1,0.5244770646095276,1
11,P19,P19,Post_P19,1,0.5752426385879517,1
11,P19,P19,Post_P19,1,0.42561569809913635,0
11,P19,P19,Post_P19,1,0.4591738283634186,0
11,P19,P19,Post_P19,1,0.4868554472923279,0
11,P19,P19,Post_P19,1,0.5815832614898682,1
11,P19,P19,Post_P19,1,0.5799111723899841,1
11,P19,P19,Post_P19,1,0.5717235803604126,1
11,P19,P19,Post_P19,1,0.5886842608451843,1
11,P19,P19,Post_P19,1,0.5285597443580627,1
11,P19,P19,Post_P19,1,0.4923774003982544,0
11,P19,P19,Post_P19,1,0.5963806509971619,1
11,P19,P19,Post_P19,1,0.5716555118560791,1
11,P19,P19,Post_P19,1,0.5274112820625305,1
11,P19,P19,Post_P19,1,0.5130103230476379,1
11,P19,P19,Post_P19,1,0.6024415493011475,1
11,P19,P19,Post_P19,1,0.5410485863685608,1
11,P19,P19,Post_P19,1,0.5861077308654785,1
11,P19,P19,Post_P19,1,0.4940216541290283,0
11,P19,P19,Post_P19,1,0.5375263094902039,1
11,P19,P19,Post_P19,1,0.4579985439777374,0
11,P19,P19,Post_P19,1,0.6010792851448059,1
11,P19,P19,Post_P19,1,0.4831814467906952,0
11,P19,P19,Post_P19,1,0.5772218108177185,1
11,P19,P19,Post_P19,1,0.5523830652236938,1
11,P19,P19,Post_P19,1,0.5758630037307739,1
11,P19,P19,Post_P19,1,0.5920891761779785,1
11,P19,P19,Post_P19,1,0.42808565497398376,0
11,P19,P19,Post_P19,1,0.6008340716362,1
11,P19,P19,Post_P19,1,0.5442673563957214,1
11,P19,P19,Post_P19,1,0.5965422987937927,1
11,P19,P19,Post_P19,1,0.5364553928375244,1
11,P19,P19,Post_P19,1,0.5947300791740417,1
11,P19,P19,Post_P19,1,0.5414783954620361,1
11,P19,P19,Post_P19,1,0.4487689435482025,0
11,P19,P19,Post_P19,1,0.41562896966934204,0
11,P19,P19,Post_P19,1,0.5393906235694885,1
11,P19,P19,Post_P19,1,0.5995986461639404,1
11,P19,P19,Post_P19,1,0.5360760688781738,1
11,P19,P19,Post_P19,1,0.4850251078605652,0
11,P19,P19,Post_P19,1,0.5315625667572021,1
11,P19,P19,Post_P19,1,0.5477442145347595,1
11,P19,P19,Post_P19,1,0.5974514484405518,1
11,P19,P19,Post_P19,1,0.42906826734542847,0
11,P19,P19,Post_P19,1,0.5086321830749512,1
11,P19,P19,Post_P19,1,0.6028382778167725,1
11,P19,P19,Post_P19,1,0.5953404903411865,1
11,P19,P19,Post_P19,1,0.5828711986541748,1
11,P19,P19,Post_P19,1,0.5853445529937744,1
11,P19,P19,Post_P19,1,0.4831846356391907,0
11,P19,P19,Post_P19,1,0.581850528717041,1
11,P19,P19,Post_P19,1,0.5887686014175415,1
11,P19,P19,Post_P19,1,0.4606015980243683,0
11,P19,P19,Post_P19,1,0.5770004391670227,1
11,P19,P19,Post_P19,1,0.5730682611465454,1
11,P19,P19,Post_P19,1,0.5376796126365662,1
11,P19,P19,Post_P19,1,0.5720118284225464,1
11,P19,P19,Post_P19,1,0.5735859870910645,1
11,P19,P19,Post_P19,1,0.41117507219314575,0
11,P19,P19,Post_P19,1,0.4944445490837097,0
11,P19,P19,Post_P19,1,0.48671755194664,0
11,P19,P19,Post_P19,1,0.5446448922157288,1
11,P19,P19,Post_P19,1,0.5326020121574402,1
11,P19,P19,Post_P19,1,0.5863223671913147,1
11,P19,P19,Post_P19,1,0.5407575368881226,1
11,P19,P19,Post_P19,1,0.5835504531860352,1
11,P19,P19,Post_P19,1,0.5632821917533875,1
11,P19,P19,Post_P19,1,0.5839061141014099,1
11,P19,P19,Post_P19,1,0.526743471622467,1
11,P19,P19,Post_P19,1,0.5521079301834106,1
11,P19,P19,Post_P19,1,0.5544887781143188,1
11,P19,P19,Post_P19,1,0.5708845257759094,1
11,P19,P19,Post_P19,1,0.5431131720542908,1
11,P19,P19,Post_P19,1,0.4398921728134155,0
11,P19,P19,Post_P19,1,0.5586521029472351,1
11,P19,P19,Post_P19,1,0.5606348514556885,1
11,P19,P19,Post_P19,1,0.5849635004997253,1
11,P19,P19,Post_P19,1,0.593567967414856,1
11,P19,P19,Post_P19,1,0.5399860143661499,1
11,P19,P19,Post_P19,1,0.47697076201438904,0
11,P19,P19,Post_P19,1,0.5021795630455017,1
11,P19,P19,Post_P19,1,0.5113108158111572,1
11,P19,P19,Post_P19,1,0.5974514484405518,1
11,P19,P19,Post_P19,1,0.41112664341926575,0
11,P19,P19,Post_P19,1,0.5950775146484375,1
11,P19,P19,Post_P19,1,0.5459314584732056,1
11,P19,P19,Post_P19,1,0.4638802409172058,0
11,P19,P19,Post_P19,1,0.4733302593231201,0
11,P19,P19,Post_P19,1,0.4868300259113312,0
11,P19,P19,Post_P19,1,0.48234930634498596,0
11,P19,P19,Post_P19,1,0.4933600127696991,0
11,P19,P19,Post_P19,1,0.5777388215065002,1
11,P19,P19,Post_P19,1,0.5974514484405518,1
11,P19,P19,Post_P19,1,0.5362057089805603,1
11,P19,P19,Post_P19,1,0.4498904049396515,0
11,P19,P19,Post_P19,1,0.5979822278022766,1
11,P19,P19,Post_P19,1,0.4127372205257416,0
11,P19,P19,Post_P19,1,0.5469955205917358,1
11,P19,P19,Post_P19,1,0.5408768057823181,1
11,P19,P19,Post_P19,1,0.5974514484405518,1
11,P19,P19,Post_P19,1,0.5974514484405518,1
11,P19,P19,Post_P19,1,0.531684935092926,1
11,P19,P19,Post_P19,1,0.5896683931350708,1
11,P19,P19,Post_P19,1,0.5946006774902344,1
11,P19,P19,Post_P19,1,0.5157902836799622,1
11,P19,P19,Post_P19,1,0.6016276478767395,1
11,P19,P19,Post_P19,1,0.5966669321060181,1
11,P19,P19,Post_P19,1,0.5937413573265076,1
11,P19,P19,Post_P19,1,0.5876060128211975,1
11,P19,P19,Post_P19,1,0.4350539743900299,0
11,P19,P19,Post_P19,1,0.5974514484405518,1
11,P19,P19,Post_P19,1,0.6010792851448059,1
11,P19,P19,Post_P19,1,0.5966669321060181,1
11,P19,P19,Post_P19,1,0.5167391896247864,1
11,P19,P19,Post_P19,1,0.5918495655059814,1
11,P19,P19,Post_P19,1,0.5087499618530273,1
11,P19,P19,Post_P19,1,0.5390076041221619,1
11,P19,P19,Post_P19,1,0.5829616189002991,1
11,P19,P19,Post_P19,1,0.569713294506073,1
11,P19,P19,Post_P19,1,0.5049872398376465,1
11,P19,P19,Post_P19,1,0.45665913820266724,0
11,P19,P19,Post_P19,1,0.5886108875274658,1
11,P19,P19,Post_P19,1,0.5875692963600159,1
11,P19,P19,Post_P19,1,0.533959686756134,1
11,P19,P19,Post_P19,1,0.5057114362716675,1
11,P19,P19,Post_P19,1,0.4668239653110504,0
11,P19,P19,Post_P19,1,0.5775041580200195,1
11,P19,P19,Post_P19,1,0.5572298765182495,1
11,P19,P19,Post_P19,1,0.49553775787353516,0
11,P19,P19,Post_P19,1,0.38086313009262085,0
11,P19,P19,Post_P19,1,0.5294567346572876,1
11,P19,P19,Post_P19,1,0.5707130432128906,1
11,P19,P19,Post_P19,1,0.5541036128997803,1
11,P19,P19,Post_P19,1,0.5090680718421936,1
11,P19,P19,Post_P19,1,0.5974514484405518,1
11,P19,P19,Post_P19,1,0.47444742918014526,0
11,P19,P19,Post_P19,1,0.5951656103134155,1
11,P19,P19,Post_P19,1,0.4288236200809479,0
11,P19,P19,Post_P19,1,0.4378291964530945,0
11,P19,P19,Post_P19,1,0.5075374841690063,1
11,P19,P19,Post_P19,1,0.49767306447029114,0
11,P19,P19,Post_P19,1,0.4617055356502533,0
11,P19,P19,Post_P19,1,0.6010792851448059,1
11,P19,P19,Post_P19,1,0.5799784660339355,1
11,P19,P19,Post_P19,1,0.544465959072113,1
11,P19,P19,Post_P19,1,0.5789149403572083,1
11,P19,P19,Post_P19,1,0.5075080394744873,1
11,P19,P19,Post_P19,1,0.4371565878391266,0
11,P19,P19,Post_P19,1,0.5835504531860352,1
11,P19,P19,Post_P19,1,0.5638908743858337,1
11,P19,P19,Post_P19,1,0.5946006774902344,1
11,P19,P19,Post_P19,1,0.5975409746170044,1
11,P19,P19,Post_P19,1,0.5917559266090393,1
11,P19,P19,Post_P19,1,0.5912038683891296,1
11,P19,P19,Post_P19,1,0.5365214943885803,1
11,P19,P19,Post_P19,1,0.5810464024543762,1
11,P19,P19,Post_P19,1,0.49930253624916077,0
11,P19,P19,Post_P19,1,0.5847454071044922,1
11,P19,P19,Post_P19,1,0.5425068736076355,1
11,P19,P19,Post_P19,1,0.4531541168689728,0
11,P19,P19,Post_P19,1,0.5273021459579468,1
11,P19,P19,Post_P19,1,0.5665629506111145,1
11,P19,P19,Post_P19,1,0.49803754687309265,0
11,P19,P19,Post_P19,1,0.5230112671852112,1
11,P19,P19,Post_P19,1,0.5689658522605896,1
11,P19,P19,Post_P19,1,0.5257474184036255,1
11,P19,P19,Post_P19,1,0.5819002985954285,1
11,P19,P19,Post_P19,1,0.5444536209106445,1
11,P19,P19,Post_P19,1,0.56322181224823,1
11,P19,P19,Post_P19,1,0.5012907981872559,1
11,P19,P19,Post_P19,1,0.4395837187767029,0
11,P19,P19,Post_P19,1,0.5637525916099548,1
11,P19,P19,Post_P19,1,0.5260645151138306,1
11,P19,P19,Post_P19,1,0.4672618508338928,0
11,P19,P19,Post_P19,1,0.5850216150283813,1
11,P19,P19,Post_P19,1,0.598399817943573,1
11,P19,P19,Post_P19,1,0.5978499054908752,1
11,P19,P19,Post_P19,1,0.5372271537780762,1
11,P19,P19,Post_P19,1,0.5235822200775146,1
11,P19,P19,Post_P19,1,0.4409582316875458,0
11,P19,P19,Post_P19,1,0.513257622718811,1
11,P19,P19,Post_P19,1,0.5612255334854126,1
11,P19,P19,Post_P19,1,0.5587177276611328,1
11,P19,P19,Post_P19,1,0.5880074501037598,1
11,P19,P19,Post_P19,1,0.5853615403175354,1
11,P19,P19,Post_P19,1,0.5996137857437134,1
11,P19,P19,Post_P19,1,0.4616338908672333,0
11,P19,P19,Post_P19,1,0.5361225605010986,1
11,P19,P19,Post_P19,1,0.6010478138923645,1
11,P19,P19,Post_P19,1,0.5950775146484375,1
11,P19,P19,Post_P19,1,0.5880074501037598,1
11,P19,P19,Post_P19,1,0.45415636897087097,0
11,P19,P19,Post_P19,1,0.5533133745193481,1
11,P19,P19,Post_P19,1,0.5110465884208679,1
11,P19,P19,Post_P19,1,0.5962160229682922,1
11,P19,P19,Post_P19,1,0.5950775146484375,1
11,P19,P19,Post_P19,1,0.5472447872161865,1
11,P19,P19,Post_P19,1,0.6013085246086121,1
11,P19,P19,Post_P19,1,0.5850449800491333,1
11,P19,P19,Post_P19,1,0.5135442614555359,1
11,P19,P19,Post_P19,1,0.5946722030639648,1
11,P19,P19,Post_P19,1,0.44498369097709656,0
11,P19,P19,Post_P19,1,0.5762677192687988,1
11,P19,P19,Post_P19,1,0.48049160838127136,0
11,P19,P19,Post_P19,1,0.5968796610832214,1
11,P19,P19,Post_P19,1,0.46078208088874817,0
11,P19,P19,Post_P19,1,0.44829240441322327,0
11,P19,P19,Post_P19,1,0.4763779640197754,0
11,P19,P19,Post_P19,1,0.5767614245414734,1
11,P19,P19,Post_P19,1,0.6010792851448059,1
11,P19,P19,Post_P19,1,0.545498251914978,1
11,P19,P19,Post_P19,1,0.47745752334594727,0
11,P19,P19,Post_P19,1,0.5767675638198853,1
11,P19,P19,Post_P19,1,0.5278841853141785,1
11,P19,P19,Post_P19,1,0.5750455260276794,1
11,P19,P19,Post_P19,1,0.5401602983474731,1
11,P19,P19,Post_P19,1,0.5624773502349854,1
11,P19,P19,Post_P19,1,0.4409503638744354,0
11,P19,P19,Post_P19,1,0.5836408734321594,1
11,P19,P19,Post_P19,1,0.583189070224762,1
11,P19,P19,Post_P19,1,0.6028382778167725,1
11,P19,P19,Post_P19,1,0.5678585767745972,1
11,P19,P19,Post_P19,1,0.5841966867446899,1
11,P19,P19,Post_P19,1,0.45958781242370605,0
11,P19,P19,Post_P19,1,0.5299822092056274,1
11,P19,P19,Post_P19,1,0.5869054794311523,1
11,P19,P19,Post_P19,1,0.38607484102249146,0
11,P19,P19,Post_P19,1,0.5968796610832214,1
11,P19,P19,Post_P19,1,0.42819690704345703,0
11,P19,P19,Post_P19,1,0.5921677350997925,1
11,P19,P19,Post_P19,1,0.4738958775997162,0
11,P19,P19,Post_P19,1,0.45843908190727234,0
11,P19,P19,Post_P19,1,0.5853445529937744,1
11,P19,P19,Post_P19,1,0.5916731953620911,1
11,P19,P19,Post_P19,1,0.40466946363449097,0
11,P19,P19,Post_P19,1,0.47405940294265747,0
11,P19,P19,Post_P19,1,0.3727574646472931,0
11,P19,P19,Post_P19,1,0.4787917733192444,0
11,P19,P19,Post_P19,1,0.46070054173469543,0
11,P19,P19,Post_P19,1,0.5825587511062622,1
11,P19,P19,Post_P19,1,0.48948872089385986,0
11,P19,P19,Post_P19,1,0.503716230392456,1
11,P19,P19,Post_P19,1,0.5788927674293518,1
11,P19,P19,Post_P19,1,0.5756966471672058,1
11,P19,P19,Post_P19,1,0.5875778198242188,1
11,P19,P19,Post_P19,1,0.5943171381950378,1
11,P19,P19,Post_P19,1,0.5992159247398376,1
11,P19,P19,Post_P19,1,0.46172577142715454,0
11,P19,P19,Post_P19,1,0.6010792851448059,1
11,P19,P19,Post_P19,1,0.5829616189002991,1
12,P2,P2,Pre_P2,0,0.503480076789856,1
12,P2,P2,Pre_P2,0,0.5220726728439331,1
12,P2,P2,Pre_P2,0,0.4778290390968323,0
12,P2,P2,Pre_P2,0,0.4778290390968323,0
12,P2,P2,Pre_P2,0,0.4719279408454895,0
12,P2,P2,Pre_P2,0,0.4778290390968323,0
12,P2,P2,Pre_P2,0,0.4786335527896881,0
12,P2,P2,Pre_P2,0,0.4778290390968323,0
12,P2,P2,Pre_P2,0,0.4634954333305359,0
12,P2,P2,Pre_P2,0,0.4778290390968323,0
12,P2,P2,Pre_P2,0,0.50196772813797,1
12,P2,P2,Pre_P2,0,0.5023259520530701,1
12,P2,P2,Pre_P2,0,0.49156293272972107,0
12,P2,P2,Pre_P2,0,0.4634954333305359,0
12,P2,P2,Pre_P2,0,0.50196772813797,1
12,P2,P2,Pre_P2,0,0.5051552653312683,1
12,P2,P2,Pre_P2,0,0.5033413171768188,1
12,P2,P2,Pre_P2,0,0.49977847933769226,0
12,P2,P2,Pre_P2,0,0.5220726728439331,1
12,P2,P2,Pre_P2,0,0.48237869143486023,0
12,P2,P2,Pre_P2,0,0.50196772813797,1
12,P2,P2,Pre_P2,0,0.49468785524368286,0
12,P2,P2,Pre_P2,0,0.49406230449676514,0
12,P2,P2,Pre_P2,0,0.4932752847671509,0
12,P2,P2,Pre_P2,0,0.506176233291626,1
12,P2,P2,Pre_P2,0,0.4826103746891022,0
12,P2,P2,Pre_P2,0,0.5011806488037109,1
12,P2,P2,Pre_P2,0,0.4973914325237274,0
12,P2,P2,Pre_P2,0,0.505110502243042,1
12,P2,P2,Pre_P2,0,0.49443319439888,0
12,P2,P2,Pre_P2,0,0.5022798776626587,1
12,P2,P2,Pre_P2,0,0.48237869143486023,0
12,P2,P2,Pre_P2,0,0.4778290390968323,0
12,P2,P2,Pre_P2,0,0.48237869143486023,0
12,P2,P2,Pre_P2,0,0.5050183534622192,1
12,P2,P2,Pre_P2,0,0.49955740571022034,0
12,P2,P2,Pre_P2,0,0.49630624055862427,0
12,P2,P2,Pre_P2,0,0.5048665404319763,1
12,P2,P2,Pre_P2,0,0.47613653540611267,0
12,P2,P2,Pre_P2,0,0.4811118245124817,0
12,P2,P2,Pre_P2,0,0.5022798776626587,1
12,P2,P2,Pre_P2,0,0.4845937192440033,0
12,P2,P2,Pre_P2,0,0.464510440826416,0
12,P2,P2,Pre_P2,0,0.5220726728439331,1
12,P2,P2,Pre_P2,0,0.502708375453949,1
12,P2,P2,Pre_P2,0,0.4993366003036499,0
12,P2,P2,Pre_P2,0,0.4993366003036499,0
12,P2,P2,Pre_P2,0,0.5000225901603699,1
12,P2,P2,Pre_P2,0,0.5015943646430969,1
12,P2,P2,Pre_P2,0,0.50196772813797,1
12,P2,P2,Pre_P2,0,0.4993366003036499,0
12,P2,P2,Pre_P2,0,0.48237869143486023,0
12,P2,P2,Pre_P2,0,0.4778290390968323,0
12,P2,P2,Pre_P2,0,0.5011806488037109,1
12,P2,P2,Pre_P2,0,0.5220726728439331,1
12,P2,P2,Pre_P2,0,0.48237869143486023,0
12,P2,P2,Pre_P2,0,0.48443320393562317,0
12,P2,P2,Pre_P2,0,0.4883160889148712,0
12,P2,P2,Pre_P2,0,0.49522024393081665,0
12,P2,P2,Pre_P2,0,0.49282148480415344,0
12,P2,P2,Pre_P2,0,0.4778290390968323,0
12,P2,P2,Pre_P2,0,0.465962290763855,0
12,P2,P2,Pre_P2,0,0.4996119737625122,0
12,P2,P2,Pre_P2,0,0.49180254340171814,0
12,P2,P2,Pre_P2,0,0.5031536221504211,1
12,P2,P2,Pre_P2,0,0.48237869143486023,0
12,P2,P2,Pre_P2,0,0.4826103746891022,0
12,P2,P2,Pre_P2,0,0.4778290390968323,0
12,P2,P2,Pre_P2,0,0.4997504949569702,0
12,P2,P2,Pre_P2,0,0.4634954333305359,0
12,P2,P2,Pre_P2,0,0.49522438645362854,0
12,P2,P2,Pre_P2,0,0.5224661827087402,1
12,P2,P2,Pre_P2,0,0.4778290390968323,0
12,P2,P2,Pre_P2,0,0.5025155544281006,1
12,P2,P2,Pre_P2,0,0.5220726728439331,1
12,P2,P2,Pre_P2,0,0.500677227973938,1
12,P2,P2,Pre_P2,0,0.5034782290458679,1
12,P2,P2,Pre_P2,0,0.50196772813797,1
12,P2,P2,Pre_P2,0,0.48970502614974976,0
12,P2,P2,Pre_P2,0,0.5028774738311768,1
12,P2,P2,Pre_P2,0,0.4826103746891022,0
12,P2,P2,Pre_P2,0,0.5220726728439331,1
12,P2,P2,Pre_P2,0,0.5032645463943481,1
12,P2,P2,Pre_P2,0,0.49887368083000183,0
12,P2,P2,Pre_P2,0,0.4954349100589752,0
12,P2,P2,Pre_P2,0,0.4873267114162445,0
12,P2,P2,Pre_P2,0,0.4636840224266052,0
12,P2,P2,Pre_P2,0,0.49854952096939087,0
12,P2,P2,Pre_P2,0,0.49854952096939087,0
12,P2,P2,Pre_P2,0,0.50196772813797,1
12,P2,P2,Pre_P2,0,0.48004260659217834,0
12,P2,P2,Pre_P2,0,0.4984820783138275,0
12,P2,P2,Pre_P2,0,0.5046706795692444,1
12,P2,P2,Pre_P2,0,0.4961526691913605,0
12,P2,P2,Pre_P2,0,0.49309399724006653,0
12,P2,P2,Pre_P2,0,0.5046706795692444,1
12,P2,P2,Pre_P2,0,0.4993366003036499,0
12,P2,P2,Pre_P2,0,0.48237869143486023,0
12,P2,P2,Pre_P2,0,0.503970205783844,1
12,P2,P2,Pre_P2,0,0.5009899139404297,1
12,P2,P2,Pre_P2,0,0.5205696225166321,1
12,P2,P2,Pre_P2,0,0.5009034276008606,1
12,P2,P2,Pre_P2,0,0.4778290390968323,0
12,P2,P2,Pre_P2,0,0.49854952096939087,0
12,P2,P2,Pre_P2,0,0.4826103746891022,0
12,P2,P2,Pre_P2,0,0.4778290390968323,0
12,P2,P2,Pre_P2,0,0.4822182059288025,0
12,P2,P2,Pre_P2,0,0.5000225901603699,1
12,P2,P2,Pre_P2,0,0.503618597984314,1
12,P2,P2,Pre_P2,0,0.4895554482936859,0
12,P2,P2,Pre_P2,0,0.4778290390968323,0
12,P2,P2,Pre_P2,0,0.5014929175376892,1
12,P2,P2,Pre_P2,0,0.5046706795692444,1
12,P2,P2,Pre_P2,0,0.4932752847671509,0
12,P2,P2,Pre_P2,0,0.48237869143486023,0
12,P2,P2,Pre_P2,0,0.5010799169540405,1
12,P2,P2,Pre_P2,0,0.503618597984314,1
12,P2,P2,Pre_P2,0,0.4636840224266052,0
12,P2,P2,Pre_P2,0,0.49522024393081665,0
12,P2,P2,Pre_P2,0,0.464510440826416,0
12,P2,P2,Pre_P2,0,0.4778290390968323,0
12,P2,P2,Pre_P2,0,0.48004260659217834,0
12,P2,P2,Pre_P2,0,0.48237869143486023,0
12,P2,P2,Pre_P2,0,0.4778290390968323,0
12,P2,P2,Pre_P2,0,0.4991759657859802,0
12,P2,P2,Pre_P2,0,0.4778290390968323,0
12,P2,P2,Pre_P2,0,0.4826103746891022,0
12,P2,P2,Pre_P2,0,0.4746467173099518,0
12,P2,P2,Pre_P2,0,0.4826103746891022,0
12,P2,P2,Pre_P2,0,0.5018583536148071,1
12,P2,P2,Pre_P2,0,0.4870361387729645,0
12,P2,P2,Pre_P2,0,0.4826103746891022,0
12,P2,P2,Pre_P2,0,0.49468785524368286,0
12,P2,P2,Pre_P2,0,0.465656042098999,0
12,P2,P2,Pre_P2,0,0.503618597984314,1
12,P2,P2,Pre_P2,0,0.5205696225166321,1
12,P2,P2,Pre_P2,0,0.49854952096939087,0
12,P2,P2,Pre_P2,0,0.503618597984314,1
12,P2,P2,Pre_P2,0,0.5029213428497314,1
12,P2,P2,Pre_P2,0,0.4776865839958191,0
12,P2,P2,Pre_P2,0,0.503480076789856,1
12,P2,P2,Pre_P2,0,0.5039751529693604,1
12,P2,P2,Pre_P2,0,0.4826103746891022,0
12,P2,P2,Pre_P2,0,0.49180254340171814,0
12,P2,P2,Pre_P2,0,0.5011806488037109,1
12,P2,P2,Pre_P2,0,0.48004260659217834,0
12,P2,P2,Pre_P2,0,0.5045057535171509,1
12,P2,P2,Pre_P2,0,0.5009874701499939,1
12,P2,P2,Pre_P2,0,0.4778290390968323,0
12,P2,P2,Pre_P2,0,0.5220726728439331,1
12,P2,P2,Pre_P2,0,0.48237869143486023,0
12,P2,P2,Pre_P2,0,0.48237869143486023,0
12,P2,P2,Pre_P2,0,0.4778290390968323,0
12,P2,P2,Pre_P2,0,0.4973914325237274,0
12,P2,P2,Pre_P2,0,0.4726383686065674,0
12,P2,P2,Pre_P2,0,0.46892261505126953,0
12,P2,P2,Pre_P2,0,0.4719279408454895,0
12,P2,P2,Pre_P2,0,0.50196772813797,1
12,P2,P2,Pre_P2,0,0.4636840224266052,0
12,P2,P2,Pre_P2,0,0.5025994777679443,1
12,P2,P2,Pre_P2,0,0.5044112205505371,1
12,P2,P2,Pre_P2,0,0.4634954333305359,0
12,P2,P2,Pre_P2,0,0.48004260659217834,0
12,P2,P2,Pre_P2,0,0.5011806488037109,1
12,P2,P2,Pre_P2,0,0.47316741943359375,0
12,P2,P2,Pre_P2,0,0.5220726728439331,1
12,P2,P2,Pre_P2,0,0.503480076789856,1
12,P2,P2,Pre_P2,0,0.5224661827087402,1
12,P2,P2,Pre_P2,0,0.4778290390968323,0
12,P2,P2,Pre_P2,0,0.4634954333305359,0
12,P2,P2,Pre_P2,0,0.4845937192440033,0
12,P2,P2,Pre_P2,0,0.5224661827087402,1
12,P2,P2,Pre_P2,0,0.4948514997959137,0
12,P2,P2,Pre_P2,0,0.4778290390968323,0
12,P2,P2,Pre_P2,0,0.4778290390968323,0
12,P2,P2,Pre_P2,0,0.46351560950279236,0
12,P2,P2,Pre_P2,0,0.5011806488037109,1
12,P2,P2,Pre_P2,0,0.4895554482936859,0
12,P2,P2,Pre_P2,0,0.4778290390968323,0
12,P2,P2,Pre_P2,0,0.5034782290458679,1
12,P2,P2,Pre_P2,0,0.4778290390968323,0
12,P2,P2,Pre_P2,0,0.4878610074520111,0
12,P2,P2,Pre_P2,0,0.48237869143486023,0
12,P2,P2,Pre_P2,0,0.5007587671279907,1
12,P2,P2,Pre_P2,0,0.5028774738311768,1
12,P2,P2,Pre_P2,0,0.5173946022987366,1
12,P2,P2,Pre_P2,0,0.4993366003036499,0
12,P2,P2,Pre_P2,0,0.4993366003036499,0
12,P2,P2,Pre_P2,0,0.503618597984314,1
12,P2,P2,Pre_P2,0,0.48004260659217834,0
12,P2,P2,Pre_P2,0,0.4973914325237274,0
12,P2,P2,Pre_P2,0,0.4899000823497772,0
12,P2,P2,Pre_P2,0,0.49854952096939087,0
12,P2,P2,Pre_P2,0,0.50196772813797,1
12,P2,P2,Pre_P2,0,0.5220726728439331,1
12,P2,P2,Pre_P2,0,0.5000225901603699,1
12,P2,P2,Pre_P2,0,0.5049673914909363,1
12,P2,P2,Pre_P2,0,0.464510440826416,0
12,P2,P2,Pre_P2,0,0.4909098744392395,0
12,P2,P2,Pre_P2,0,0.5224661827087402,1
12,P2,P2,Pre_P2,0,0.5023193955421448,1
12,P2,P2,Pre_P2,0,0.4948514997959137,0
12,P2,P2,Pre_P2,0,0.4995686113834381,0
12,P2,P2,Pre_P2,0,0.4778290390968323,0
12,P2,P2,Pre_P2,0,0.4778290390968323,0
12,P2,P2,Pre_P2,0,0.4995686113834381,0
12,P2,P2,Pre_P2,0,0.4778290390968323,0
12,P2,P2,Pre_P2,0,0.5010799169540405,1
12,P2,P2,Pre_P2,0,0.5021997690200806,1
12,P2,P2,Pre_P2,0,0.4826103746891022,0
12,P2,P2,Pre_P2,0,0.4778290390968323,0
12,P2,P2,Pre_P2,0,0.4772339165210724,0
12,P2,P2,Pre_P2,0,0.48237869143486023,0
12,P2,P2,Pre_P2,0,0.47604596614837646,0
12,P2,P2,Pre_P2,0,0.48237869143486023,0
12,P2,P2,Pre_P2,0,0.48237869143486023,0
12,P2,P2,Pre_P2,0,0.49143174290657043,0
12,P2,P2,Pre_P2,0,0.49180254340171814,0
12,P2,P2,Pre_P2,0,0.4733612537384033,0
12,P2,P2,Pre_P2,0,0.4778290390968323,0
12,P2,P2,Pre_P2,0,0.4803687334060669,0
12,P2,P2,Pre_P2,0,0.4778290390968323,0
12,P2,P2,Pre_P2,0,0.4778290390968323,0
12,P2,P2,Pre_P2,0,0.467812180519104,0
12,P2,P2,Pre_P2,0,0.50196772813797,1
12,P2,P2,Pre_P2,0,0.5040251016616821,1
12,P2,P2,Pre_P2,0,0.4642043113708496,0
12,P2,P2,Pre_P2,0,0.506176233291626,1
12,P2,P2,Pre_P2,0,0.5032410025596619,1
12,P2,P2,Pre_P2,0,0.4932752847671509,0
12,P2,P2,Pre_P2,0,0.49854952096939087,0
12,P2,P2,Pre_P2,0,0.48270490765571594,0
12,P2,P2,Pre_P2,0,0.4781911373138428,0
12,P2,P2,Pre_P2,0,0.503618597984314,1
12,P2,P2,Pre_P2,0,0.47965145111083984,0
12,P2,P2,Pre_P2,0,0.501441478729248,1
12,P2,P2,Pre_P2,0,0.5047149062156677,1
12,P2,P2,Pre_P2,0,0.5013864040374756,1
12,P2,P2,Pre_P2,0,0.5047149062156677,1
12,P2,P2,Pre_P2,0,0.48237869143486023,0
12,P2,P2,Pre_P2,0,0.5021997690200806,1
12,P2,P2,Pre_P2,0,0.4993366003036499,0
12,P2,P2,Pre_P2,0,0.5044811367988586,1
12,P2,P2,Pre_P2,0,0.4801410138607025,0
12,P2,P2,Pre_P2,0,0.4993366003036499,0
12,P2,P2,Pre_P2,0,0.5217856168746948,1
12,P2,P2,Pre_P2,0,0.5027661919593811,1
12,P2,P2,Pre_P2,0,0.5028350949287415,1
12,P2,P2,Pre_P2,0,0.47928011417388916,0
12,P2,P2,Pre_P2,0,0.46912682056427,0
12,P2,P2,Pre_P2,0,0.50196772813797,1
12,P2,P2,Pre_P2,0,0.47613653540611267,0
12,P2,P2,Pre_P2,0,0.5220726728439331,1
12,P2,P2,Pre_P2,0,0.5220726728439331,1
12,P2,P2,Pre_P2,0,0.5205696225166321,1
12,P2,P2,Pre_P2,0,0.46615102887153625,0
12,P2,P2,Pre_P2,0,0.4973914325237274,0
12,P2,P2,Pre_P2,0,0.4826103746891022,0
12,P2,P2,Pre_P2,0,0.4803687334060669,0
12,P2,P2,Pre_P2,0,0.49911627173423767,0
12,P2,P2,Pre_P2,0,0.5048665404319763,1
12,P2,P2,Pre_P2,0,0.4778290390968323,0
12,P2,P2,Pre_P2,0,0.48277390003204346,0
12,P2,P2,Pre_P2,0,0.4881111681461334,0
12,P2,P2,Pre_P2,0,0.4719279408454895,0
12,P2,P2,Pre_P2,0,0.5025994777679443,1
12,P2,P2,Pre_P2,0,0.5050183534622192,1
12,P2,P2,Pre_P2,0,0.4826103746891022,0
12,P2,P2,Pre_P2,0,0.5011806488037109,1
12,P2,P2,Pre_P2,0,0.4634954333305359,0
12,P2,P2,Pre_P2,0,0.4925895035266876,0
12,P2,P2,Pre_P2,0,0.4947979748249054,0
12,P2,P2,Pre_P2,0,0.49854952096939087,0
12,P2,P2,Pre_P2,0,0.48277390003204346,0
12,P2,P2,Pre_P2,0,0.5207652449607849,1
12,P2,P2,Pre_P2,0,0.4826103746891022,0
12,P2,P2,Pre_P2,0,0.4778290390968323,0
12,P2,P2,Pre_P2,0,0.4920632541179657,0
12,P2,P2,Pre_P2,0,0.5220726728439331,1
12,P2,P2,Pre_P2,0,0.5033413171768188,1
12,P2,P2,Pre_P2,0,0.5021997690200806,1
12,P2,P2,Pre_P2,0,0.5022014379501343,1
12,P2,P2,Pre_P2,0,0.49908193945884705,0
12,P2,P2,Pre_P2,0,0.4778290390968323,0
12,P2,P2,Pre_P2,0,0.4712798595428467,0
12,P2,P2,Pre_P2,0,0.4642043113708496,0
12,P2,P2,Pre_P2,0,0.47604596614837646,0
12,P2,P2,Pre_P2,0,0.50196772813797,1
12,P2,P2,Pre_P2,0,0.4826103746891022,0
12,P2,P2,Pre_P2,0,0.4973914325237274,0
12,P2,P2,Pre_P2,0,0.488598495721817,0
12,P2,P2,Pre_P2,0,0.49854952096939087,0
12,P2,P2,Pre_P2,0,0.48231467604637146,0
12,P2,P2,Pre_P2,0,0.48237869143486023,0
12,P2,P2,Pre_P2,0,0.5008096694946289,1
12,P2,P2,Pre_P2,0,0.503618597984314,1
12,P2,P2,Pre_P2,0,0.48004260659217834,0
12,P2,P2,Pre_P2,0,0.5220726728439331,1
12,P2,P2,Pre_P2,0,0.5035811066627502,1
12,P2,P2,Pre_P2,0,0.46494683623313904,0
12,P2,P2,Pre_P2,0,0.5220726728439331,1
12,P2,P2,Pre_P2,0,0.5039024949073792,1
12,P2,P2,Pre_P2,0,0.4778290390968323,0
12,P2,P2,Pre_P2,0,0.465656042098999,0
12,P2,P2,Pre_P2,0,0.504207193851471,1
12,P2,P2,Pre_P2,0,0.503480076789856,1
12,P2,P2,Pre_P2,0,0.49143174290657043,0
12,P2,P2,Pre_P2,0,0.49282148480415344,0
12,P2,P2,Pre_P2,0,0.4634954333305359,0
12,P2,P2,Pre_P2,0,0.4993366003036499,0
12,P2,P2,Pre_P2,0,0.5033933520317078,1
12,P2,P2,Pre_P2,0,0.4719279408454895,0
12,P2,P2,Pre_P2,0,0.4950595498085022,0
12,P2,P2,Pre_P2,0,0.4999682903289795,0
12,P2,P2,Pre_P2,0,0.4778290390968323,0
12,P2,P2,Pre_P2,0,0.4994082450866699,0
12,P2,P2,Pre_P2,0,0.5057209730148315,1
12,P2,P2,Pre_P2,0,0.50196772813797,1
12,P2,P2,Pre_P2,0,0.4642043113708496,0
12,P2,P2,Pre_P2,0,0.4995686113834381,0
12,P2,P2,Pre_P2,0,0.5021997690200806,1
12,P2,P2,Pre_P2,0,0.501239538192749,1
12,P2,P2,Pre_P2,0,0.47213518619537354,0
12,P2,P2,Pre_P2,0,0.4634954333305359,0
12,P2,P2,Pre_P2,0,0.48237869143486023,0
12,P2,P2,Pre_P2,0,0.5072561502456665,1
12,P2,P2,Pre_P2,0,0.4992271661758423,0
12,P2,P2,Pre_P2,0,0.5000225901603699,1
12,P2,P2,Pre_P2,0,0.465962290763855,0
12,P2,P2,Pre_P2,0,0.48237869143486023,0
12,P2,P2,Pre_P2,0,0.47809866070747375,0
12,P2,P2,Pre_P2,0,0.4899000823497772,0
12,P2,P2,Pre_P2,0,0.4781550168991089,0
12,P2,P2,Pre_P2,0,0.4743397831916809,0
12,P2,P2,Pre_P2,0,0.4981785714626312,0
12,P2,P2,Pre_P2,0,0.48004260659217834,0
12,P2,P2,Pre_P2,0,0.5029874444007874,1
12,P2,P2,Post_P2,0,0.4719279408454895,0
12,P2,P2,Post_P2,0,0.503624677658081,1
12,P2,P2,Post_P2,0,0.50391685962677,1
12,P2,P2,Post_P2,0,0.4728849232196808,0
12,P2,P2,Post_P2,0,0.46912682056427,0
12,P2,P2,Post_P2,0,0.47809866070747375,0
12,P2,P2,Post_P2,0,0.503480076789856,1
12,P2,P2,Post_P2,0,0.47809866070747375,0
12,P2,P2,Post_P2,0,0.501441478729248,1
12,P2,P2,Post_P2,0,0.5203803777694702,1
12,P2,P2,Post_P2,0,0.5029992461204529,1
12,P2,P2,Post_P2,0,0.5025994777679443,1
12,P2,P2,Post_P2,0,0.503480076789856,1
12,P2,P2,Post_P2,0,0.503913938999176,1
12,P2,P2,Post_P2,0,0.5220726728439331,1
12,P2,P2,Post_P2,0,0.5220726728439331,1
12,P2,P2,Post_P2,0,0.4920123517513275,0
12,P2,P2,Post_P2,0,0.48858508467674255,0
12,P2,P2,Post_P2,0,0.49143174290657043,0
12,P2,P2,Post_P2,0,0.49875932931900024,0
12,P2,P2,Post_P2,0,0.4826103746891022,0
12,P2,P2,Post_P2,0,0.47825881838798523,0
12,P2,P2,Post_P2,0,0.5220726728439331,1
12,P2,P2,Post_P2,0,0.49443319439888,0
12,P2,P2,Post_P2,0,0.4826103746891022,0
12,P2,P2,Post_P2,0,0.5030385255813599,1
12,P2,P2,Post_P2,0,0.4634954333305359,0
12,P2,P2,Post_P2,0,0.49543124437332153,0
12,P2,P2,Post_P2,0,0.4826103746891022,0
12,P2,P2,Post_P2,0,0.4778290390968323,0
12,P2,P2,Post_P2,0,0.49443319439888,0
12,P2,P2,Post_P2,0,0.46494683623313904,0
12,P2,P2,Post_P2,0,0.5220726728439331,1
12,P2,P2,Post_P2,0,0.4778290390968323,0
12,P2,P2,Post_P2,0,0.46494683623313904,0
12,P2,P2,Post_P2,0,0.49180254340171814,0
12,P2,P2,Post_P2,0,0.49760597944259644,0
12,P2,P2,Post_P2,0,0.5017821192741394,1
12,P2,P2,Post_P2,0,0.4778290390968323,0
12,P2,P2,Post_P2,0,0.5224661827087402,1
12,P2,P2,Post_P2,0,0.503618597984314,1
12,P2,P2,Post_P2,0,0.4642043113708496,0
12,P2,P2,Post_P2,0,0.5052837133407593,1
12,P2,P2,Post_P2,0,0.49235865473747253,0
12,P2,P2,Post_P2,0,0.4906448423862457,0
12,P2,P2,Post_P2,0,0.5044811367988586,1
12,P2,P2,Post_P2,0,0.4993366003036499,0
12,P2,P2,Post_P2,0,0.4921168386936188,0
12,P2,P2,Post_P2,0,0.47338247299194336,0
12,P2,P2,Post_P2,0,0.5021997690200806,1
12,P2,P2,Post_P2,0,0.5220726728439331,1
12,P2,P2,Post_P2,0,0.5025994777679443,1
12,P2,P2,Post_P2,0,0.4892440140247345,0
12,P2,P2,Post_P2,0,0.4994082450866699,0
12,P2,P2,Post_P2,0,0.4826103746891022,0
12,P2,P2,Post_P2,0,0.487885057926178,0
12,P2,P2,Post_P2,0,0.4781550168991089,0
12,P2,P2,Post_P2,0,0.4778290390968323,0
12,P2,P2,Post_P2,0,0.507007896900177,1
12,P2,P2,Post_P2,0,0.49443319439888,0
12,P2,P2,Post_P2,0,0.5034782290458679,1
12,P2,P2,Post_P2,0,0.48742014169692993,0
12,P2,P2,Post_P2,0,0.4876531660556793,0
12,P2,P2,Post_P2,0,0.4663880169391632,0
12,P2,P2,Post_P2,0,0.46615102887153625,0
12,P2,P2,Post_P2,0,0.5034782290458679,1
12,P2,P2,Post_P2,0,0.4973914325237274,0
12,P2,P2,Post_P2,0,0.50391685962677,1
12,P2,P2,Post_P2,0,0.4719279408454895,0
12,P2,P2,Post_P2,0,0.48277390003204346,0
12,P2,P2,Post_P2,0,0.47338247299194336,0
12,P2,P2,Post_P2,0,0.50196772813797,1
12,P2,P2,Post_P2,0,0.4827744662761688,0
12,P2,P2,Post_P2,0,0.5024605989456177,1
12,P2,P2,Post_P2,0,0.5010417103767395,1
12,P2,P2,Post_P2,0,0.47338247299194336,0
12,P2,P2,Post_P2,0,0.4932752847671509,0
12,P2,P2,Post_P2,0,0.5025994777679443,1
12,P2,P2,Post_P2,0,0.497822642326355,0
12,P2,P2,Post_P2,0,0.5035836100578308,1
12,P2,P2,Post_P2,0,0.4992709159851074,0
12,P2,P2,Post_P2,0,0.49180254340171814,0
12,P2,P2,Post_P2,0,0.5023193955421448,1
12,P2,P2,Post_P2,0,0.49854952096939087,0
12,P2,P2,Post_P2,0,0.48004260659217834,0
12,P2,P2,Post_P2,0,0.4973914325237274,0
12,P2,P2,Post_P2,0,0.5017194747924805,1
12,P2,P2,Post_P2,0,0.5021997690200806,1
12,P2,P2,Post_P2,0,0.48004260659217834,0
12,P2,P2,Post_P2,0,0.4719279408454895,0
12,P2,P2,Post_P2,0,0.5046663284301758,1
12,P2,P2,Post_P2,0,0.464510440826416,0
12,P2,P2,Post_P2,0,0.4803687334060669,0
12,P2,P2,Post_P2,0,0.5181304812431335,1
12,P2,P2,Post_P2,0,0.46494683623313904,0
12,P2,P2,Post_P2,0,0.4778290390968323,0
12,P2,P2,Post_P2,0,0.4778290390968323,0
12,P2,P2,Post_P2,0,0.48972824215888977,0
12,P2,P2,Post_P2,0,0.4849332571029663,0
12,P2,P2,Post_P2,0,0.506176233291626,1
12,P2,P2,Post_P2,0,0.46912682056427,0
12,P2,P2,Post_P2,0,0.5057002305984497,1
12,P2,P2,Post_P2,0,0.4921168386936188,0
12,P2,P2,Post_P2,0,0.48787155747413635,0
12,P2,P2,Post_P2,0,0.5205478668212891,1
12,P2,P2,Post_P2,0,0.4634954333305359,0
12,P2,P2,Post_P2,0,0.4925895035266876,0
12,P2,P2,Post_P2,0,0.5011806488037109,1
12,P2,P2,Post_P2,0,0.5182283520698547,1
12,P2,P2,Post_P2,0,0.48237869143486023,0
12,P2,P2,Post_P2,0,0.48237869143486023,0
12,P2,P2,Post_P2,0,0.5034782290458679,1
12,P2,P2,Post_P2,0,0.49732401967048645,0
12,P2,P2,Post_P2,0,0.499971866607666,0
12,P2,P2,Post_P2,0,0.5220726728439331,1
12,P2,P2,Post_P2,0,0.46494683623313904,0
12,P2,P2,Post_P2,0,0.4826103746891022,0
12,P2,P2,Post_P2,0,0.5000225901603699,1
12,P2,P2,Post_P2,0,0.5194671154022217,1
12,P2,P2,Post_P2,0,0.4892440140247345,0
12,P2,P2,Post_P2,0,0.5018583536148071,1
12,P2,P2,Post_P2,0,0.4651355445384979,0
12,P2,P2,Post_P2,0,0.4746467173099518,0
12,P2,P2,Post_P2,0,0.5035922527313232,1
12,P2,P2,Post_P2,0,0.47338247299194336,0
12,P2,P2,Post_P2,0,0.4636840224266052,0
12,P2,P2,Post_P2,0,0.4948514997959137,0
12,P2,P2,Post_P2,0,0.49854952096939087,0
12,P2,P2,Post_P2,0,0.4848255515098572,0
12,P2,P2,Post_P2,0,0.4860541820526123,0
12,P2,P2,Post_P2,0,0.48237869143486023,0
12,P2,P2,Post_P2,0,0.47965940833091736,0
12,P2,P2,Post_P2,0,0.48848146200180054,0
12,P2,P2,Post_P2,0,0.47454833984375,0
12,P2,P2,Post_P2,0,0.48257216811180115,0
12,P2,P2,Post_P2,0,0.4634954333305359,0
12,P2,P2,Post_P2,0,0.4826103746891022,0
12,P2,P2,Post_P2,0,0.5033627152442932,1
12,P2,P2,Post_P2,0,0.46494683623313904,0
12,P2,P2,Post_P2,0,0.5220726728439331,1
12,P2,P2,Post_P2,0,0.48277390003204346,0
12,P2,P2,Post_P2,0,0.4826103746891022,0
12,P2,P2,Post_P2,0,0.4778290390968323,0
12,P2,P2,Post_P2,0,0.49545225501060486,0
12,P2,P2,Post_P2,0,0.5217856168746948,1
12,P2,P2,Post_P2,0,0.5038865804672241,1
12,P2,P2,Post_P2,0,0.4873860478401184,0
12,P2,P2,Post_P2,0,0.4845937192440033,0
12,P2,P2,Post_P2,0,0.4634954333305359,0
12,P2,P2,Post_P2,0,0.5217856168746948,1
12,P2,P2,Post_P2,0,0.4803687334060669,0
12,P2,P2,Post_P2,0,0.5028774738311768,1
12,P2,P2,Post_P2,0,0.48237869143486023,0
12,P2,P2,Post_P2,0,0.48820045590400696,0
12,P2,P2,Post_P2,0,0.46494683623313904,0
12,P2,P2,Post_P2,0,0.4746467173099518,0
12,P2,P2,Post_P2,0,0.49831968545913696,0
12,P2,P2,Post_P2,0,0.5048665404319763,1
12,P2,P2,Post_P2,0,0.5220726728439331,1
12,P2,P2,Post_P2,0,0.47338247299194336,0
12,P2,P2,Post_P2,0,0.5220726728439331,1
12,P2,P2,Post_P2,0,0.5009559392929077,1
12,P2,P2,Post_P2,0,0.48612385988235474,0
12,P2,P2,Post_P2,0,0.4731917977333069,0
12,P2,P2,Post_P2,0,0.501441478729248,1
12,P2,P2,Post_P2,0,0.5220726728439331,1
12,P2,P2,Post_P2,0,0.4826103746891022,0
12,P2,P2,Post_P2,0,0.5048974752426147,1
12,P2,P2,Post_P2,0,0.4778290390968323,0
12,P2,P2,Post_P2,0,0.4873690605163574,0
12,P2,P2,Post_P2,0,0.5008096694946289,1
12,P2,P2,Post_P2,0,0.4651355445384979,0
12,P2,P2,Post_P2,0,0.49180254340171814,0
12,P2,P2,Post_P2,0,0.5217856168746948,1
12,P2,P2,Post_P2,0,0.4848448932170868,0
12,P2,P2,Post_P2,0,0.4719279408454895,0
12,P2,P2,Post_P2,0,0.5203803777694702,1
12,P2,P2,Post_P2,0,0.4634954333305359,0
12,P2,P2,Post_P2,0,0.5203803777694702,1
12,P2,P2,Post_P2,0,0.4642043113708496,0
12,P2,P2,Post_P2,0,0.4973914325237274,0
12,P2,P2,Post_P2,0,0.46446338295936584,0
12,P2,P2,Post_P2,0,0.4932752847671509,0
12,P2,P2,Post_P2,0,0.4878697395324707,0
12,P2,P2,Post_P2,0,0.4778290390968323,0
12,P2,P2,Post_P2,0,0.4634954333305359,0
12,P2,P2,Post_P2,0,0.4973914325237274,0
12,P2,P2,Post_P2,0,0.5038107633590698,1
12,P2,P2,Post_P2,0,0.5211588144302368,1
12,P2,P2,Post_P2,0,0.48647186160087585,0
12,P2,P2,Post_P2,0,0.5034782290458679,1
12,P2,P2,Post_P2,0,0.4781550168991089,0
12,P2,P2,Post_P2,0,0.4826103746891022,0
12,P2,P2,Post_P2,0,0.4866391718387604,0
12,P2,P2,Post_P2,0,0.4873267114162445,0
12,P2,P2,Post_P2,0,0.4778290390968323,0
12,P2,P2,Post_P2,0,0.48004260659217834,0
12,P2,P2,Post_P2,0,0.4778290390968323,0
12,P2,P2,Post_P2,0,0.4973914325237274,0
12,P2,P2,Post_P2,0,0.47446030378341675,0
12,P2,P2,Post_P2,0,0.5000225901603699,1
12,P2,P2,Post_P2,0,0.4719279408454895,0
12,P2,P2,Post_P2,0,0.5011806488037109,1
12,P2,P2,Post_P2,0,0.4746467173099518,0
12,P2,P2,Post_P2,0,0.5208349823951721,1
12,P2,P2,Post_P2,0,0.5011806488037109,1
12,P2,P2,Post_P2,0,0.4634954333305359,0
12,P2,P2,Post_P2,0,0.4634954333305359,0
12,P2,P2,Post_P2,0,0.5044811367988586,1
12,P2,P2,Post_P2,0,0.4778290390968323,0
12,P2,P2,Post_P2,0,0.4778290390968323,0
12,P2,P2,Post_P2,0,0.5042737722396851,1
12,P2,P2,Post_P2,0,0.5039024949073792,1
12,P2,P2,Post_P2,0,0.5000225901603699,1
12,P2,P2,Post_P2,0,0.5220726728439331,1
12,P2,P2,Post_P2,0,0.4776865839958191,0
12,P2,P2,Post_P2,0,0.47965940833091736,0
12,P2,P2,Post_P2,0,0.48335662484169006,0
12,P2,P2,Post_P2,0,0.4954349100589752,0
12,P2,P2,Post_P2,0,0.49854952096939087,0
12,P2,P2,Post_P2,0,0.4778290390968323,0
12,P2,P2,Post_P2,0,0.4826103746891022,0
12,P2,P2,Post_P2,0,0.47338247299194336,0
12,P2,P2,Post_P2,0,0.4781550168991089,0
12,P2,P2,Post_P2,0,0.5220726728439331,1
12,P2,P2,Post_P2,0,0.4713994562625885,0
12,P2,P2,Post_P2,0,0.5040268898010254,1
12,P2,P2,Post_P2,0,0.5217856168746948,1
12,P2,P2,Post_P2,0,0.5052837133407593,1
12,P2,P2,Post_P2,0,0.5046706795692444,1
12,P2,P2,Post_P2,0,0.49841052293777466,0
12,P2,P2,Post_P2,0,0.4906448423862457,0
12,P2,P2,Post_P2,0,0.5021997690200806,1
12,P2,P2,Post_P2,0,0.5220726728439331,1
12,P2,P2,Post_P2,0,0.49236154556274414,0
12,P2,P2,Post_P2,0,0.47440004348754883,0
12,P2,P2,Post_P2,0,0.49180254340171814,0
12,P2,P2,Post_P2,0,0.48413002490997314,0
12,P2,P2,Post_P2,0,0.4969051778316498,0
12,P2,P2,Post_P2,0,0.4932752847671509,0
12,P2,P2,Post_P2,0,0.4742784798145294,0
12,P2,P2,Post_P2,0,0.50196772813797,1
12,P2,P2,Post_P2,0,0.5011897683143616,1
12,P2,P2,Post_P2,0,0.49904316663742065,0
12,P2,P2,Post_P2,0,0.5000225901603699,1
12,P2,P2,Post_P2,0,0.5059244632720947,1
12,P2,P2,Post_P2,0,0.4826103746891022,0
12,P2,P2,Post_P2,0,0.5038142204284668,1
12,P2,P2,Post_P2,0,0.5046663284301758,1
12,P2,P2,Post_P2,0,0.4781550168991089,0
12,P2,P2,Post_P2,0,0.5039186477661133,1
12,P2,P2,Post_P2,0,0.4928852915763855,0
12,P2,P2,Post_P2,0,0.4778290390968323,0
12,P2,P2,Post_P2,0,0.4993366003036499,0
12,P2,P2,Post_P2,0,0.5048665404319763,1
12,P2,P2,Post_P2,0,0.48515188694000244,0
12,P2,P2,Post_P2,0,0.500820517539978,1
12,P2,P2,Post_P2,0,0.5030385255813599,1
12,P2,P2,Post_P2,0,0.5008096694946289,1
12,P2,P2,Post_P2,0,0.4877910912036896,0
12,P2,P2,Post_P2,0,0.4653724431991577,0
12,P2,P2,Post_P2,0,0.49854952096939087,0
12,P2,P2,Post_P2,0,0.5033353567123413,1
12,P2,P2,Post_P2,0,0.4998425245285034,0
12,P2,P2,Post_P2,0,0.49854952096939087,0
12,P2,P2,Post_P2,0,0.5224661827087402,1
12,P2,P2,Post_P2,0,0.4906448423862457,0
12,P2,P2,Post_P2,0,0.5017971396446228,1
12,P2,P2,Post_P2,0,0.487885057926178,0
12,P2,P2,Post_P2,0,0.4634954333305359,0
12,P2,P2,Post_P2,0,0.4778290390968323,0
12,P2,P2,Post_P2,0,0.5021997690200806,1
12,P2,P2,Post_P2,0,0.5026984214782715,1
12,P2,P2,Post_P2,0,0.5021587610244751,1
12,P2,P2,Post_P2,0,0.5200932621955872,1
12,P2,P2,Post_P2,0,0.49429434537887573,0
12,P2,P2,Post_P2,0,0.5032548308372498,1
12,P2,P2,Post_P2,0,0.467812180519104,0
12,P2,P2,Post_P2,0,0.5200234651565552,1
12,P2,P2,Post_P2,0,0.48004260659217834,0
12,P2,P2,Post_P2,0,0.4883582592010498,0
12,P2,P2,Post_P2,0,0.4719279408454895,0
12,P2,P2,Post_P2,0,0.48004260659217834,0
12,P2,P2,Post_P2,0,0.47338247299194336,0
12,P2,P2,Post_P2,0,0.4778290390968323,0
12,P2,P2,Post_P2,0,0.47338247299194336,0
12,P2,P2,Post_P2,0,0.5044811367988586,1
12,P2,P2,Post_P2,0,0.5052837133407593,1
12,P2,P2,Post_P2,0,0.48237869143486023,0
12,P2,P2,Post_P2,0,0.5019717216491699,1
12,P2,P2,Post_P2,0,0.4634954333305359,0
12,P2,P2,Post_P2,0,0.4640401601791382,0
12,P2,P2,Post_P2,0,0.4746467173099518,0
12,P2,P2,Post_P2,0,0.48599758744239807,0
12,P2,P2,Post_P2,0,0.49468785524368286,0
12,P2,P2,Post_P2,0,0.5039186477661133,1
12,P2,P2,Post_P2,0,0.50196772813797,1
12,P2,P2,Post_P2,0,0.5035514235496521,1
12,P2,P2,Post_P2,0,0.5042737722396851,1
12,P2,P2,Post_P2,0,0.49522024393081665,0
12,P2,P2,Post_P2,0,0.4993366003036499,0
12,P2,P2,Post_P2,0,0.4895554482936859,0
12,P2,P2,Post_P2,0,0.4642043113708496,0
12,P2,P2,Post_P2,0,0.5044636726379395,1
12,P2,P2,Post_P2,0,0.5220726728439331,1
12,P2,P2,Post_P2,0,0.501441478729248,1
12,P2,P2,Post_P2,0,0.5200867652893066,1
12,P2,P2,Post_P2,0,0.5047149062156677,1
12,P2,P2,Post_P2,0,0.5220726728439331,1
12,P2,P2,Post_P2,0,0.5034782290458679,1
12,P2,P2,Post_P2,0,0.4642043113708496,0
12,P2,P2,Post_P2,0,0.5024605989456177,1
12,P2,P2,Post_P2,0,0.5220726728439331,1
12,P2,P2,Post_P2,0,0.48473864793777466,0
12,P2,P2,Post_P2,0,0.50391685962677,1
12,P2,P2,Post_P2,0,0.5207652449607849,1
12,P2,P2,Post_P2,0,0.5010417103767395,1
12,P2,P2,Post_P2,0,0.4969051778316498,0
12,P2,P2,Post_P2,0,0.4718284606933594,0
12,P2,P2,Post_P2,0,0.5078602433204651,1
12,P2,P2,Post_P2,0,0.5066563487052917,1
12,P2,P2,Post_P2,0,0.4778290390968323,0
12,P2,P2,Post_P2,0,0.506176233291626,1
12,P2,P2,Post_P2,0,0.50251305103302,1
12,P2,P2,Post_P2,0,0.4746467173099518,0
12,P2,P2,Post_P2,0,0.5057209730148315,1
12,P2,P2,Post_P2,0,0.5040251016616821,1
12,P2,P2,Post_P2,0,0.4719279408454895,0
12,P2,P2,Post_P2,0,0.5220726728439331,1
12,P2,P2,Post_P2,0,0.5189482569694519,1
12,P2,P2,Post_P2,0,0.4951969087123871,0
12,P2,P2,Post_P2,0,0.5024605989456177,1
12,P2,P2,Post_P2,0,0.5009874701499939,1
12,P2,P2,Post_P2,0,0.5046706795692444,1
12,P2,P2,Post_P2,0,0.490835577249527,0
12,P2,P2,Post_P2,0,0.5224661827087402,1
12,P2,P2,Post_P2,0,0.5041594505310059,1
12,P2,P2,Post_P2,0,0.5224661827087402,1
12,P2,P2,Post_P2,0,0.5016763210296631,1
12,P2,P2,Post_P2,0,0.5057002305984497,1
12,P2,P2,Post_P2,0,0.5220726728439331,1
12,P2,P2,Post_P2,0,0.5220726728439331,1
12,P2,P2,Post_P2,0,0.5200867652893066,1
12,P2,P2,Post_P2,0,0.5220726728439331,1
12,P2,P2,Post_P2,0,0.5220726728439331,1
12,P2,P2,Post_P2,0,0.4973914325237274,0
12,P2,P2,Post_P2,0,0.5028774738311768,1
12,P2,P2,Post_P2,0,0.49314481019973755,0
12,P2,P2,Post_P2,0,0.5220726728439331,1
12,P2,P2,Post_P2,0,0.48277390003204346,0
12,P2,P2,Post_P2,0,0.5220726728439331,1
12,P2,P2,Post_P2,0,0.5220726728439331,1
12,P2,P2,Post_P2,0,0.5034782290458679,1
12,P2,P2,Post_P2,0,0.47338247299194336,0
12,P2,P2,Post_P2,0,0.5020098090171814,1
12,P2,P2,Post_P2,0,0.49585193395614624,0
12,P2,P2,Post_P2,0,0.502785325050354,1
12,P2,P2,Post_P2,0,0.5217856168746948,1
12,P2,P2,Post_P2,0,0.5047149062156677,1
12,P2,P2,Post_P2,0,0.5220726728439331,1
12,P2,P2,Post_P2,0,0.4778290390968323,0
12,P2,P2,Post_P2,0,0.5217856168746948,1
12,P2,P2,Post_P2,0,0.5051534175872803,1
12,P2,P2,Post_P2,0,0.5220726728439331,1
12,P2,P2,Post_P2,0,0.5001767873764038,1
12,P2,P2,Post_P2,0,0.5220726728439331,1
12,P2,P2,Post_P2,0,0.5052616596221924,1
12,P2,P2,Post_P2,0,0.5040251016616821,1
12,P2,P2,Post_P2,0,0.4988102614879608,0
12,P2,P2,Post_P2,0,0.5205696225166321,1
12,P2,P2,Post_P2,0,0.47111812233924866,0
12,P2,P2,Post_P2,0,0.5205696225166321,1
12,P2,P2,Post_P2,0,0.47111812233924866,0
12,P2,P2,Post_P2,0,0.5044112205505371,1
12,P2,P2,Post_P2,0,0.5194671154022217,1
12,P2,P2,Post_P2,0,0.5034782290458679,1
12,P2,P2,Post_P2,0,0.506176233291626,1
12,P2,P2,Post_P2,0,0.5224661827087402,1
12,P2,P2,Post_P2,0,0.47213518619537354,0
12,P2,P2,Post_P2,0,0.5220726728439331,1
13,P20,P20,Pre_P20,0,0.4669845700263977,0
13,P20,P20,Pre_P20,0,0.4809136688709259,0
13,P20,P20,Pre_P20,0,0.5214439034461975,1
13,P20,P20,Pre_P20,0,0.4576091468334198,0
13,P20,P20,Pre_P20,0,0.4735484719276428,0
13,P20,P20,Pre_P20,0,0.4430926442146301,0
13,P20,P20,Pre_P20,0,0.43913841247558594,0
13,P20,P20,Pre_P20,0,0.45767998695373535,0
13,P20,P20,Pre_P20,0,0.48794761300086975,0
13,P20,P20,Pre_P20,0,0.5181612372398376,1
13,P20,P20,Pre_P20,0,0.44838014245033264,0
13,P20,P20,Pre_P20,0,0.46820229291915894,0
13,P20,P20,Pre_P20,0,0.5103266835212708,1
13,P20,P20,Pre_P20,0,0.4856649935245514,0
13,P20,P20,Pre_P20,0,0.44237983226776123,0
13,P20,P20,Pre_P20,0,0.48585426807403564,0
13,P20,P20,Pre_P20,0,0.5320860743522644,1
13,P20,P20,Pre_P20,0,0.4421699643135071,0
13,P20,P20,Pre_P20,0,0.5255767703056335,1
13,P20,P20,Pre_P20,0,0.46768397092819214,0
13,P20,P20,Pre_P20,0,0.44992583990097046,0
13,P20,P20,Pre_P20,0,0.4693431258201599,0
13,P20,P20,Pre_P20,0,0.4796207845211029,0
13,P20,P20,Pre_P20,0,0.4455741047859192,0
13,P20,P20,Pre_P20,0,0.47746047377586365,0
13,P20,P20,Pre_P20,0,0.48161211609840393,0
13,P20,P20,Pre_P20,0,0.459349125623703,0
13,P20,P20,Pre_P20,0,0.4682029187679291,0
13,P20,P20,Pre_P20,0,0.5147089958190918,1
13,P20,P20,Pre_P20,0,0.46820083260536194,0
13,P20,P20,Pre_P20,0,0.46525803208351135,0
13,P20,P20,Pre_P20,0,0.4910437762737274,0
13,P20,P20,Pre_P20,0,0.5101895332336426,1
13,P20,P20,Pre_P20,0,0.5146586298942566,1
13,P20,P20,Pre_P20,0,0.5107855796813965,1
13,P20,P20,Pre_P20,0,0.5209827423095703,1
13,P20,P20,Pre_P20,0,0.4607110917568207,0
13,P20,P20,Pre_P20,0,0.5392746329307556,1
13,P20,P20,Pre_P20,0,0.4966314733028412,0
13,P20,P20,Pre_P20,0,0.4864799976348877,0
13,P20,P20,Pre_P20,0,0.45158204436302185,0
13,P20,P20,Pre_P20,0,0.47136130928993225,0
13,P20,P20,Pre_P20,0,0.4501672685146332,0
13,P20,P20,Pre_P20,0,0.48888787627220154,0
13,P20,P20,Pre_P20,0,0.5221917629241943,1
13,P20,P20,Pre_P20,0,0.43885353207588196,0
13,P20,P20,Pre_P20,0,0.44762542843818665,0
13,P20,P20,Pre_P20,0,0.44930967688560486,0
13,P20,P20,Pre_P20,0,0.5048860907554626,1
13,P20,P20,Pre_P20,0,0.5209140777587891,1
13,P20,P20,Pre_P20,0,0.5022690296173096,1
13,P20,P20,Pre_P20,0,0.4610614776611328,0
13,P20,P20,Pre_P20,0,0.46273931860923767,0
13,P20,P20,Pre_P20,0,0.5363510847091675,1
13,P20,P20,Pre_P20,0,0.4366483986377716,0
13,P20,P20,Pre_P20,0,0.4721634089946747,0
13,P20,P20,Pre_P20,0,0.48948317766189575,0
13,P20,P20,Pre_P20,0,0.45912063121795654,0
13,P20,P20,Pre_P20,0,0.4367937445640564,0
13,P20,P20,Pre_P20,0,0.47949379682540894,0
13,P20,P20,Pre_P20,0,0.5061341524124146,1
13,P20,P20,Pre_P20,0,0.4872661828994751,0
13,P20,P20,Pre_P20,0,0.5161854028701782,1
13,P20,P20,Pre_P20,0,0.4367937445640564,0
13,P20,P20,Pre_P20,0,0.4513823688030243,0
13,P20,P20,Pre_P20,0,0.4706045389175415,0
13,P20,P20,Pre_P20,0,0.5270354747772217,1
13,P20,P20,Pre_P20,0,0.4685228765010834,0
13,P20,P20,Pre_P20,0,0.5289172530174255,1
13,P20,P20,Pre_P20,0,0.4928280711174011,0
13,P20,P20,Pre_P20,0,0.49209901690483093,0
13,P20,P20,Pre_P20,0,0.47713109850883484,0
13,P20,P20,Pre_P20,0,0.5232812762260437,1
13,P20,P20,Pre_P20,0,0.5297949910163879,1
13,P20,P20,Pre_P20,0,0.43631410598754883,0
13,P20,P20,Pre_P20,0,0.4913252294063568,0
13,P20,P20,Pre_P20,0,0.48621854186058044,0
13,P20,P20,Pre_P20,0,0.4365786015987396,0
13,P20,P20,Pre_P20,0,0.4365592300891876,0
13,P20,P20,Pre_P20,0,0.43885353207588196,0
13,P20,P20,Pre_P20,0,0.47971421480178833,0
13,P20,P20,Pre_P20,0,0.4629952013492584,0
13,P20,P20,Pre_P20,0,0.5105854868888855,1
13,P20,P20,Pre_P20,0,0.4884171783924103,0
13,P20,P20,Pre_P20,0,0.505428671836853,1
13,P20,P20,Pre_P20,0,0.539901077747345,1
13,P20,P20,Pre_P20,0,0.5052937269210815,1
13,P20,P20,Pre_P20,0,0.5240675806999207,1
13,P20,P20,Pre_P20,0,0.4367937445640564,0
13,P20,P20,Pre_P20,0,0.5316131711006165,1
13,P20,P20,Pre_P20,0,0.4966734051704407,0
13,P20,P20,Pre_P20,0,0.4366644620895386,0
13,P20,P20,Pre_P20,0,0.4821176528930664,0
13,P20,P20,Pre_P20,0,0.4699062705039978,0
13,P20,P20,Pre_P20,0,0.5183414220809937,1
13,P20,P20,Pre_P20,0,0.4607861340045929,0
13,P20,P20,Pre_P20,0,0.4983663558959961,0
13,P20,P20,Pre_P20,0,0.4419170022010803,0
13,P20,P20,Pre_P20,0,0.4367937445640564,0
13,P20,P20,Pre_P20,0,0.4729585349559784,0
13,P20,P20,Pre_P20,0,0.47828781604766846,0
13,P20,P20,Pre_P20,0,0.5028441548347473,1
13,P20,P20,Pre_P20,0,0.46293142437934875,0
13,P20,P20,Pre_P20,0,0.5150858163833618,1
13,P20,P20,Pre_P20,0,0.444883793592453,0
13,P20,P20,Pre_P20,0,0.4867594540119171,0
13,P20,P20,Pre_P20,0,0.491559237241745,0
13,P20,P20,Pre_P20,0,0.4923431873321533,0
13,P20,P20,Pre_P20,0,0.4399806559085846,0
13,P20,P20,Pre_P20,0,0.54227614402771,1
13,P20,P20,Pre_P20,0,0.48908546566963196,0
13,P20,P20,Pre_P20,0,0.4647100269794464,0
13,P20,P20,Pre_P20,0,0.49026381969451904,0
13,P20,P20,Pre_P20,0,0.43700936436653137,0
13,P20,P20,Pre_P20,0,0.47581344842910767,0
13,P20,P20,Pre_P20,0,0.5149041414260864,1
13,P20,P20,Pre_P20,0,0.5371991991996765,1
13,P20,P20,Pre_P20,0,0.5018296837806702,1
13,P20,P20,Pre_P20,0,0.4681152403354645,0
13,P20,P20,Pre_P20,0,0.4946582317352295,0
13,P20,P20,Pre_P20,0,0.5048661828041077,1
13,P20,P20,Pre_P20,0,0.4738156199455261,0
13,P20,P20,Pre_P20,0,0.5124553442001343,1
13,P20,P20,Pre_P20,0,0.4861047863960266,0
13,P20,P20,Pre_P20,0,0.49880456924438477,0
13,P20,P20,Pre_P20,0,0.5069627165794373,1
13,P20,P20,Pre_P20,0,0.4367937445640564,0
13,P20,P20,Pre_P20,0,0.47257453203201294,0
13,P20,P20,Pre_P20,0,0.46105003356933594,0
13,P20,P20,Pre_P20,0,0.49101221561431885,0
13,P20,P20,Pre_P20,0,0.5164301991462708,1
13,P20,P20,Pre_P20,0,0.47656670212745667,0
13,P20,P20,Pre_P20,0,0.5322477221488953,1
13,P20,P20,Pre_P20,0,0.4807596504688263,0
13,P20,P20,Pre_P20,0,0.47676339745521545,0
13,P20,P20,Pre_P20,0,0.44889867305755615,0
13,P20,P20,Pre_P20,0,0.47314590215682983,0
13,P20,P20,Pre_P20,0,0.48282426595687866,0
13,P20,P20,Pre_P20,0,0.5223284959793091,1
13,P20,P20,Pre_P20,0,0.5093212723731995,1
13,P20,P20,Pre_P20,0,0.4971093535423279,0
13,P20,P20,Pre_P20,0,0.4395802319049835,0
13,P20,P20,Pre_P20,0,0.4501672685146332,0
13,P20,P20,Pre_P20,0,0.4576498866081238,0
13,P20,P20,Pre_P20,0,0.45767998695373535,0
13,P20,P20,Pre_P20,0,0.49322158098220825,0
13,P20,P20,Pre_P20,0,0.4468556344509125,0
13,P20,P20,Pre_P20,0,0.45958104729652405,0
13,P20,P20,Pre_P20,0,0.4367937445640564,0
13,P20,P20,Pre_P20,0,0.5040003061294556,1
13,P20,P20,Pre_P20,0,0.47113534808158875,0
13,P20,P20,Pre_P20,0,0.44545069336891174,0
13,P20,P20,Pre_P20,0,0.47189512848854065,0
13,P20,P20,Pre_P20,0,0.4471517503261566,0
13,P20,P20,Pre_P20,0,0.46205344796180725,0
13,P20,P20,Pre_P20,0,0.4798206090927124,0
13,P20,P20,Pre_P20,0,0.5315179228782654,1
13,P20,P20,Pre_P20,0,0.5348873734474182,1
13,P20,P20,Pre_P20,0,0.5314423441886902,1
13,P20,P20,Pre_P20,0,0.4462412893772125,0
13,P20,P20,Pre_P20,0,0.44589316844940186,0
13,P20,P20,Pre_P20,0,0.4501672685146332,0
13,P20,P20,Pre_P20,0,0.4954655170440674,0
13,P20,P20,Pre_P20,0,0.49122270941734314,0
13,P20,P20,Pre_P20,0,0.47812360525131226,0
13,P20,P20,Pre_P20,0,0.48540326952934265,0
13,P20,P20,Pre_P20,0,0.4924972951412201,0
13,P20,P20,Pre_P20,0,0.4370030462741852,0
13,P20,P20,Pre_P20,0,0.5310677886009216,1
13,P20,P20,Pre_P20,0,0.4958699345588684,0
13,P20,P20,Pre_P20,0,0.43885353207588196,0
13,P20,P20,Pre_P20,0,0.4725947976112366,0
13,P20,P20,Pre_P20,0,0.44852614402770996,0
13,P20,P20,Pre_P20,0,0.44915395975112915,0
13,P20,P20,Pre_P20,0,0.4386253356933594,0
13,P20,P20,Pre_P20,0,0.45632511377334595,0
13,P20,P20,Pre_P20,0,0.47068846225738525,0
13,P20,P20,Pre_P20,0,0.4669725000858307,0
13,P20,P20,Pre_P20,0,0.48070743680000305,0
13,P20,P20,Pre_P20,0,0.4514513909816742,0
13,P20,P20,Pre_P20,0,0.4811331331729889,0
13,P20,P20,Pre_P20,0,0.4761359691619873,0
13,P20,P20,Pre_P20,0,0.4370030462741852,0
13,P20,P20,Pre_P20,0,0.5295954942703247,1
13,P20,P20,Pre_P20,0,0.4975506365299225,0
13,P20,P20,Pre_P20,0,0.5076183080673218,1
13,P20,P20,Pre_P20,0,0.4911327362060547,0
13,P20,P20,Pre_P20,0,0.4573115110397339,0
13,P20,P20,Pre_P20,0,0.5178292393684387,1
13,P20,P20,Pre_P20,0,0.4847591519355774,0
13,P20,P20,Pre_P20,0,0.4902168810367584,0
13,P20,P20,Pre_P20,0,0.5318348407745361,1
13,P20,P20,Pre_P20,0,0.4958748519420624,0
13,P20,P20,Pre_P20,0,0.4367097020149231,0
13,P20,P20,Pre_P20,0,0.4367937445640564,0
13,P20,P20,Pre_P20,0,0.5286161303520203,1
13,P20,P20,Pre_P20,0,0.5259115099906921,1
13,P20,P20,Pre_P20,0,0.4801934063434601,0
13,P20,P20,Pre_P20,0,0.45786991715431213,0
13,P20,P20,Pre_P20,0,0.45462876558303833,0
13,P20,P20,Pre_P20,0,0.4367937445640564,0
13,P20,P20,Pre_P20,0,0.4961743950843811,0
13,P20,P20,Pre_P20,0,0.4701719284057617,0
13,P20,P20,Pre_P20,0,0.4806557595729828,0
13,P20,P20,Pre_P20,0,0.4638141691684723,0
13,P20,P20,Pre_P20,0,0.45106804370880127,0
13,P20,P20,Pre_P20,0,0.43885353207588196,0
13,P20,P20,Pre_P20,0,0.491524338722229,0
13,P20,P20,Pre_P20,0,0.523184061050415,1
13,P20,P20,Pre_P20,0,0.478286474943161,0
13,P20,P20,Pre_P20,0,0.49355244636535645,0
13,P20,P20,Pre_P20,0,0.518991231918335,1
13,P20,P20,Pre_P20,0,0.4757698178291321,0
13,P20,P20,Pre_P20,0,0.4473203718662262,0
13,P20,P20,Pre_P20,0,0.4894760847091675,0
13,P20,P20,Pre_P20,0,0.49086225032806396,0
13,P20,P20,Pre_P20,0,0.4573115110397339,0
13,P20,P20,Pre_P20,0,0.4573213458061218,0
13,P20,P20,Pre_P20,0,0.47308987379074097,0
13,P20,P20,Pre_P20,0,0.5075393319129944,1
13,P20,P20,Pre_P20,0,0.4982912838459015,0
13,P20,P20,Pre_P20,0,0.5092324614524841,1
13,P20,P20,Pre_P20,0,0.44790515303611755,0
13,P20,P20,Pre_P20,0,0.45044857263565063,0
13,P20,P20,Pre_P20,0,0.47951462864875793,0
13,P20,P20,Pre_P20,0,0.5163093209266663,1
13,P20,P20,Pre_P20,0,0.45818766951560974,0
13,P20,P20,Pre_P20,0,0.4569130837917328,0
13,P20,P20,Pre_P20,0,0.47041454911231995,0
13,P20,P20,Pre_P20,0,0.5208038687705994,1
13,P20,P20,Pre_P20,0,0.4977489709854126,0
13,P20,P20,Pre_P20,0,0.4922942817211151,0
13,P20,P20,Pre_P20,0,0.4367937445640564,0
13,P20,P20,Pre_P20,0,0.4659223258495331,0
13,P20,P20,Pre_P20,0,0.4767870604991913,0
13,P20,P20,Pre_P20,0,0.5068820118904114,1
13,P20,P20,Pre_P20,0,0.5322477221488953,1
13,P20,P20,Pre_P20,0,0.49867409467697144,0
13,P20,P20,Pre_P20,0,0.45979687571525574,0
13,P20,P20,Pre_P20,0,0.4374081492424011,0
13,P20,P20,Pre_P20,0,0.4961320161819458,0
13,P20,P20,Pre_P20,0,0.4573115110397339,0
13,P20,P20,Pre_P20,0,0.5317537188529968,1
13,P20,P20,Pre_P20,0,0.48684364557266235,0
13,P20,P20,Pre_P20,0,0.535385012626648,1
13,P20,P20,Pre_P20,0,0.4367937445640564,0
13,P20,P20,Pre_P20,0,0.47851330041885376,0
13,P20,P20,Pre_P20,0,0.4939973056316376,0
13,P20,P20,Pre_P20,0,0.47294098138809204,0
13,P20,P20,Pre_P20,0,0.4511999189853668,0
13,P20,P20,Pre_P20,0,0.4621436595916748,0
13,P20,P20,Pre_P20,0,0.4370030462741852,0
13,P20,P20,Pre_P20,0,0.4372793436050415,0
13,P20,P20,Pre_P20,0,0.5096198320388794,1
13,P20,P20,Pre_P20,0,0.5290297865867615,1
13,P20,P20,Pre_P20,0,0.44992583990097046,0
13,P20,P20,Pre_P20,0,0.5033395290374756,1
13,P20,P20,Pre_P20,0,0.445561945438385,0
13,P20,P20,Pre_P20,0,0.497989296913147,0
13,P20,P20,Pre_P20,0,0.44259560108184814,0
13,P20,P20,Pre_P20,0,0.4376847743988037,0
13,P20,P20,Pre_P20,0,0.459434449672699,0
13,P20,P20,Pre_P20,0,0.4847218990325928,0
13,P20,P20,Pre_P20,0,0.45832881331443787,0
13,P20,P20,Pre_P20,0,0.476122111082077,0
13,P20,P20,Pre_P20,0,0.48643168807029724,0
13,P20,P20,Pre_P20,0,0.46417707204818726,0
13,P20,P20,Pre_P20,0,0.5161599516868591,1
13,P20,P20,Pre_P20,0,0.4471517503261566,0
13,P20,P20,Pre_P20,0,0.4378231167793274,0
13,P20,P20,Pre_P20,0,0.49178415536880493,0
13,P20,P20,Pre_P20,0,0.44123268127441406,0
13,P20,P20,Pre_P20,0,0.5200044512748718,1
13,P20,P20,Pre_P20,0,0.4572957754135132,0
13,P20,P20,Pre_P20,0,0.5131716728210449,1
13,P20,P20,Pre_P20,0,0.5322477221488953,1
13,P20,P20,Pre_P20,0,0.45294061303138733,0
13,P20,P20,Pre_P20,0,0.4930100739002228,0
13,P20,P20,Pre_P20,0,0.48643022775650024,0
13,P20,P20,Pre_P20,0,0.4950905442237854,0
13,P20,P20,Pre_P20,0,0.4751635789871216,0
13,P20,P20,Pre_P20,0,0.5381048917770386,1
13,P20,P20,Pre_P20,0,0.4729207158088684,0
13,P20,P20,Pre_P20,0,0.43823516368865967,0
13,P20,P20,Pre_P20,0,0.48804447054862976,0
13,P20,P20,Pre_P20,0,0.49858009815216064,0
13,P20,P20,Pre_P20,0,0.5161111354827881,1
13,P20,P20,Pre_P20,0,0.47796550393104553,0
13,P20,P20,Pre_P20,0,0.49031299352645874,0
13,P20,P20,Pre_P20,0,0.47379764914512634,0
13,P20,P20,Pre_P20,0,0.49651095271110535,0
13,P20,P20,Pre_P20,0,0.4550861716270447,0
13,P20,P20,Pre_P20,0,0.44778695702552795,0
13,P20,P20,Pre_P20,0,0.49714335799217224,0
13,P20,P20,Pre_P20,0,0.4688774049282074,0
13,P20,P20,Pre_P20,0,0.48232677578926086,0
13,P20,P20,Pre_P20,0,0.49710941314697266,0
13,P20,P20,Pre_P20,0,0.4743780791759491,0
13,P20,P20,Pre_P20,0,0.479452908039093,0
13,P20,P20,Pre_P20,0,0.5322477221488953,1
13,P20,P20,Pre_P20,0,0.45573854446411133,0
13,P20,P20,Pre_P20,0,0.5036372542381287,1
13,P20,P20,Pre_P20,0,0.4769562780857086,0
13,P20,P20,Pre_P20,0,0.46112316846847534,0
13,P20,P20,Pre_P20,0,0.45974114537239075,0
13,P20,P20,Pre_P20,0,0.5054031610488892,1
13,P20,P20,Pre_P20,0,0.49696052074432373,0
13,P20,P20,Pre_P20,0,0.44808316230773926,0
13,P20,P20,Pre_P20,0,0.5085256695747375,1
13,P20,P20,Pre_P20,0,0.4782972037792206,0
13,P20,P20,Pre_P20,0,0.48046886920928955,0
13,P20,P20,Pre_P20,0,0.5178372263908386,1
13,P20,P20,Pre_P20,0,0.5037373900413513,1
13,P20,P20,Pre_P20,0,0.4655061960220337,0
13,P20,P20,Pre_P20,0,0.4609435796737671,0
13,P20,P20,Pre_P20,0,0.5194995999336243,1
13,P20,P20,Pre_P20,0,0.4367937445640564,0
13,P20,P20,Pre_P20,0,0.4872635304927826,0
13,P20,P20,Pre_P20,0,0.4428679347038269,0
13,P20,P20,Pre_P20,0,0.4854383170604706,0
13,P20,P20,Pre_P20,0,0.47928789258003235,0
13,P20,P20,Pre_P20,0,0.4436088502407074,0
13,P20,P20,Pre_P20,0,0.4923340380191803,0
13,P20,P20,Post_P20,0,0.4885466694831848,0
13,P20,P20,Post_P20,0,0.4383132755756378,0
13,P20,P20,Post_P20,0,0.46118661761283875,0
13,P20,P20,Post_P20,0,0.5133525133132935,1
13,P20,P20,Post_P20,0,0.4428679347038269,0
13,P20,P20,Post_P20,0,0.48580247163772583,0
13,P20,P20,Post_P20,0,0.49105167388916016,0
13,P20,P20,Post_P20,0,0.45629820227622986,0
13,P20,P20,Post_P20,0,0.4466758370399475,0
13,P20,P20,Post_P20,0,0.5106855630874634,1
13,P20,P20,Post_P20,0,0.4367937445640564,0
13,P20,P20,Post_P20,0,0.5050430297851562,1
13,P20,P20,Post_P20,0,0.48375874757766724,0
13,P20,P20,Post_P20,0,0.44762036204338074,0
13,P20,P20,Post_P20,0,0.4752492904663086,0
13,P20,P20,Post_P20,0,0.47752928733825684,0
13,P20,P20,Post_P20,0,0.4990776479244232,0
13,P20,P20,Post_P20,0,0.5018565058708191,1
13,P20,P20,Post_P20,0,0.5032685399055481,1
13,P20,P20,Post_P20,0,0.47121578454971313,0
13,P20,P20,Post_P20,0,0.4581388235092163,0
13,P20,P20,Post_P20,0,0.4740692377090454,0
13,P20,P20,Post_P20,0,0.43952444195747375,0
13,P20,P20,Post_P20,0,0.5421195030212402,1
13,P20,P20,Post_P20,0,0.4807744324207306,0
13,P20,P20,Post_P20,0,0.458066463470459,0
13,P20,P20,Post_P20,0,0.4421699643135071,0
13,P20,P20,Post_P20,0,0.47659555077552795,0
13,P20,P20,Post_P20,0,0.43723559379577637,0
13,P20,P20,Post_P20,0,0.4486677348613739,0
13,P20,P20,Post_P20,0,0.4571636915206909,0
13,P20,P20,Post_P20,0,0.539901077747345,1
13,P20,P20,Post_P20,0,0.4593215584754944,0
13,P20,P20,Post_P20,0,0.4508078992366791,0
13,P20,P20,Post_P20,0,0.49048149585723877,0
13,P20,P20,Post_P20,0,0.5390529036521912,1
13,P20,P20,Post_P20,0,0.4902161955833435,0
13,P20,P20,Post_P20,0,0.4803536534309387,0
13,P20,P20,Post_P20,0,0.4519873261451721,0
13,P20,P20,Post_P20,0,0.5486752390861511,1
13,P20,P20,Post_P20,0,0.4506889581680298,0
13,P20,P20,Post_P20,0,0.44918909668922424,0
13,P20,P20,Post_P20,0,0.521449089050293,1
13,P20,P20,Post_P20,0,0.4806557595729828,0
13,P20,P20,Post_P20,0,0.5096501708030701,1
13,P20,P20,Post_P20,0,0.47952800989151,0
13,P20,P20,Post_P20,0,0.48645099997520447,0
13,P20,P20,Post_P20,0,0.4710828363895416,0
13,P20,P20,Post_P20,0,0.5356053709983826,1
13,P20,P20,Post_P20,0,0.4799356460571289,0
13,P20,P20,Post_P20,0,0.5278445482254028,1
13,P20,P20,Post_P20,0,0.49196168780326843,0
13,P20,P20,Post_P20,0,0.4583108425140381,0
13,P20,P20,Post_P20,0,0.5000324249267578,1
13,P20,P20,Post_P20,0,0.4916256368160248,0
13,P20,P20,Post_P20,0,0.4535159170627594,0
13,P20,P20,Post_P20,0,0.5373754501342773,1
13,P20,P20,Post_P20,0,0.452867329120636,0
13,P20,P20,Post_P20,0,0.5360756516456604,1
13,P20,P20,Post_P20,0,0.5005379915237427,1
13,P20,P20,Post_P20,0,0.5080307722091675,1
13,P20,P20,Post_P20,0,0.4595465064048767,0
13,P20,P20,Post_P20,0,0.4759272038936615,0
13,P20,P20,Post_P20,0,0.48096799850463867,0
13,P20,P20,Post_P20,0,0.49750086665153503,0
13,P20,P20,Post_P20,0,0.44790515303611755,0
13,P20,P20,Post_P20,0,0.4367937445640564,0
13,P20,P20,Post_P20,0,0.5316750407218933,1
13,P20,P20,Post_P20,0,0.4658583700656891,0
13,P20,P20,Post_P20,0,0.436845064163208,0
13,P20,P20,Post_P20,0,0.46480947732925415,0
13,P20,P20,Post_P20,0,0.4621855318546295,0
13,P20,P20,Post_P20,0,0.4553663730621338,0
13,P20,P20,Post_P20,0,0.4486677348613739,0
13,P20,P20,Post_P20,0,0.47208845615386963,0
13,P20,P20,Post_P20,0,0.5256288051605225,1
13,P20,P20,Post_P20,0,0.48780256509780884,0
13,P20,P20,Post_P20,0,0.447873592376709,0
13,P20,P20,Post_P20,0,0.4486677348613739,0
13,P20,P20,Post_P20,0,0.4486677348613739,0
13,P20,P20,Post_P20,0,0.49484673142433167,0
13,P20,P20,Post_P20,0,0.4489956498146057,0
13,P20,P20,Post_P20,0,0.49338558316230774,0
13,P20,P20,Post_P20,0,0.4766877591609955,0
13,P20,P20,Post_P20,0,0.4910908639431,0
13,P20,P20,Post_P20,0,0.5119730234146118,1
13,P20,P20,Post_P20,0,0.45695066452026367,0
13,P20,P20,Post_P20,0,0.478045254945755,0
13,P20,P20,Post_P20,0,0.43786388635635376,0
13,P20,P20,Post_P20,0,0.4782176911830902,0
13,P20,P20,Post_P20,0,0.47820329666137695,0
13,P20,P20,Post_P20,0,0.47807303071022034,0
13,P20,P20,Post_P20,0,0.5259913802146912,1
13,P20,P20,Post_P20,0,0.4677715003490448,0
13,P20,P20,Post_P20,0,0.45489397644996643,0
13,P20,P20,Post_P20,0,0.48427456617355347,0
13,P20,P20,Post_P20,0,0.4871903955936432,0
13,P20,P20,Post_P20,0,0.4845302999019623,0
13,P20,P20,Post_P20,0,0.5173635482788086,1
13,P20,P20,Post_P20,0,0.5217581391334534,1
13,P20,P20,Post_P20,0,0.5325706601142883,1
13,P20,P20,Post_P20,0,0.4474811255931854,0
13,P20,P20,Post_P20,0,0.4853954613208771,0
13,P20,P20,Post_P20,0,0.4576038122177124,0
13,P20,P20,Post_P20,0,0.5085749626159668,1
13,P20,P20,Post_P20,0,0.5296691060066223,1
13,P20,P20,Post_P20,0,0.4503755569458008,0
13,P20,P20,Post_P20,0,0.4751468896865845,0
13,P20,P20,Post_P20,0,0.45396584272384644,0
13,P20,P20,Post_P20,0,0.46876999735832214,0
13,P20,P20,Post_P20,0,0.5325289368629456,1
13,P20,P20,Post_P20,0,0.44801560044288635,0
13,P20,P20,Post_P20,0,0.47535571455955505,0
13,P20,P20,Post_P20,0,0.5437694787979126,1
13,P20,P20,Post_P20,0,0.4596497416496277,0
13,P20,P20,Post_P20,0,0.46698904037475586,0
13,P20,P20,Post_P20,0,0.4447442293167114,0
13,P20,P20,Post_P20,0,0.44597724080085754,0
13,P20,P20,Post_P20,0,0.4968509078025818,0
13,P20,P20,Post_P20,0,0.437386691570282,0
13,P20,P20,Post_P20,0,0.4895547032356262,0
13,P20,P20,Post_P20,0,0.4916243553161621,0
13,P20,P20,Post_P20,0,0.437594473361969,0
13,P20,P20,Post_P20,0,0.49230849742889404,0
13,P20,P20,Post_P20,0,0.5318165421485901,1
13,P20,P20,Post_P20,0,0.4685669541358948,0
13,P20,P20,Post_P20,0,0.4618811011314392,0
13,P20,P20,Post_P20,0,0.4718569219112396,0
13,P20,P20,Post_P20,0,0.49647286534309387,0
13,P20,P20,Post_P20,0,0.4584003984928131,0
13,P20,P20,Post_P20,0,0.46134161949157715,0
13,P20,P20,Post_P20,0,0.45982611179351807,0
13,P20,P20,Post_P20,0,0.4530702233314514,0
13,P20,P20,Post_P20,0,0.4800644516944885,0
13,P20,P20,Post_P20,0,0.4504874050617218,0
13,P20,P20,Post_P20,0,0.4367937445640564,0
13,P20,P20,Post_P20,0,0.499594122171402,0
13,P20,P20,Post_P20,0,0.44011190533638,0
13,P20,P20,Post_P20,0,0.4867585599422455,0
13,P20,P20,Post_P20,0,0.5060226321220398,1
13,P20,P20,Post_P20,0,0.440365731716156,0
13,P20,P20,Post_P20,0,0.47614753246307373,0
13,P20,P20,Post_P20,0,0.4520406126976013,0
13,P20,P20,Post_P20,0,0.4367937445640564,0
13,P20,P20,Post_P20,0,0.4535772502422333,0
13,P20,P20,Post_P20,0,0.47630923986434937,0
13,P20,P20,Post_P20,0,0.49618613719940186,0
13,P20,P20,Post_P20,0,0.49220162630081177,0
13,P20,P20,Post_P20,0,0.5034428238868713,1
13,P20,P20,Post_P20,0,0.5262581706047058,1
13,P20,P20,Post_P20,0,0.46839386224746704,0
13,P20,P20,Post_P20,0,0.47181236743927,0
13,P20,P20,Post_P20,0,0.4785025417804718,0
13,P20,P20,Post_P20,0,0.5107648968696594,1
13,P20,P20,Post_P20,0,0.49026748538017273,0
13,P20,P20,Post_P20,0,0.511659562587738,1
13,P20,P20,Post_P20,0,0.4447663426399231,0
13,P20,P20,Post_P20,0,0.4814392924308777,0
13,P20,P20,Post_P20,0,0.4676823616027832,0
13,P20,P20,Post_P20,0,0.4952617585659027,0
13,P20,P20,Post_P20,0,0.4700864553451538,0
13,P20,P20,Post_P20,0,0.4614819288253784,0
13,P20,P20,Post_P20,0,0.44334977865219116,0
13,P20,P20,Post_P20,0,0.485616534948349,0
13,P20,P20,Post_P20,0,0.48426684737205505,0
13,P20,P20,Post_P20,0,0.5253562927246094,1
13,P20,P20,Post_P20,0,0.516153872013092,1
13,P20,P20,Post_P20,0,0.46764257550239563,0
13,P20,P20,Post_P20,0,0.4447442293167114,0
13,P20,P20,Post_P20,0,0.47373726963996887,0
13,P20,P20,Post_P20,0,0.4836539328098297,0
13,P20,P20,Post_P20,0,0.4715031087398529,0
13,P20,P20,Post_P20,0,0.4902009069919586,0
13,P20,P20,Post_P20,0,0.4522510766983032,0
13,P20,P20,Post_P20,0,0.4776081442832947,0
13,P20,P20,Post_P20,0,0.48112252354621887,0
13,P20,P20,Post_P20,0,0.5023473501205444,1
13,P20,P20,Post_P20,0,0.43801942467689514,0
13,P20,P20,Post_P20,0,0.5074213743209839,1
13,P20,P20,Post_P20,0,0.4367937445640564,0
13,P20,P20,Post_P20,0,0.5202074646949768,1
13,P20,P20,Post_P20,0,0.48126909136772156,0
13,P20,P20,Post_P20,0,0.4792480766773224,0
13,P20,P20,Post_P20,0,0.4451002776622772,0
13,P20,P20,Post_P20,0,0.4966292977333069,0
13,P20,P20,Post_P20,0,0.5024480819702148,1
13,P20,P20,Post_P20,0,0.4991036653518677,0
13,P20,P20,Post_P20,0,0.45802655816078186,0
13,P20,P20,Post_P20,0,0.482245534658432,0
13,P20,P20,Post_P20,0,0.44842636585235596,0
13,P20,P20,Post_P20,0,0.4991874694824219,0
13,P20,P20,Post_P20,0,0.441089004278183,0
13,P20,P20,Post_P20,0,0.4611968398094177,0
13,P20,P20,Post_P20,0,0.4553774297237396,0
13,P20,P20,Post_P20,0,0.539901077747345,1
13,P20,P20,Post_P20,0,0.45054301619529724,0
13,P20,P20,Post_P20,0,0.48447293043136597,0
13,P20,P20,Post_P20,0,0.448227196931839,0
13,P20,P20,Post_P20,0,0.43700936436653137,0
13,P20,P20,Post_P20,0,0.46943944692611694,0
13,P20,P20,Post_P20,0,0.44102010130882263,0
13,P20,P20,Post_P20,0,0.48693543672561646,0
13,P20,P20,Post_P20,0,0.4561351239681244,0
13,P20,P20,Post_P20,0,0.45230403542518616,0
13,P20,P20,Post_P20,0,0.5050378441810608,1
13,P20,P20,Post_P20,0,0.5337473154067993,1
13,P20,P20,Post_P20,0,0.507269024848938,1
13,P20,P20,Post_P20,0,0.49069157242774963,0
13,P20,P20,Post_P20,0,0.44716328382492065,0
13,P20,P20,Post_P20,0,0.46112555265426636,0
13,P20,P20,Post_P20,0,0.4991801083087921,0
13,P20,P20,Post_P20,0,0.5295488834381104,1
13,P20,P20,Post_P20,0,0.4833395481109619,0
13,P20,P20,Post_P20,0,0.4649137556552887,0
13,P20,P20,Post_P20,0,0.5168038010597229,1
13,P20,P20,Post_P20,0,0.48559337854385376,0
13,P20,P20,Post_P20,0,0.44886037707328796,0
13,P20,P20,Post_P20,0,0.4580025374889374,0
13,P20,P20,Post_P20,0,0.48147299885749817,0
13,P20,P20,Post_P20,0,0.4615473747253418,0
13,P20,P20,Post_P20,0,0.48335903882980347,0
13,P20,P20,Post_P20,0,0.4447442293167114,0
13,P20,P20,Post_P20,0,0.47906064987182617,0
13,P20,P20,Post_P20,0,0.4946012794971466,0
13,P20,P20,Post_P20,0,0.5088590979576111,1
13,P20,P20,Post_P20,0,0.5583854913711548,1
13,P20,P20,Post_P20,0,0.485018253326416,0
13,P20,P20,Post_P20,0,0.4464515149593353,0
13,P20,P20,Post_P20,0,0.4449159801006317,0
13,P20,P20,Post_P20,0,0.502936065196991,1
13,P20,P20,Post_P20,0,0.5318348407745361,1
13,P20,P20,Post_P20,0,0.4543529152870178,0
13,P20,P20,Post_P20,0,0.4536508321762085,0
13,P20,P20,Post_P20,0,0.5163145661354065,1
13,P20,P20,Post_P20,0,0.4367937445640564,0
13,P20,P20,Post_P20,0,0.45579108595848083,0
13,P20,P20,Post_P20,0,0.44728222489356995,0
13,P20,P20,Post_P20,0,0.5047658085823059,1
13,P20,P20,Post_P20,0,0.5565350651741028,1
13,P20,P20,Post_P20,0,0.4744561016559601,0
13,P20,P20,Post_P20,0,0.5437694787979126,1
13,P20,P20,Post_P20,0,0.4367937445640564,0
13,P20,P20,Post_P20,0,0.49536436796188354,0
13,P20,P20,Post_P20,0,0.4542875289916992,0
13,P20,P20,Post_P20,0,0.4456278681755066,0
13,P20,P20,Post_P20,0,0.46396157145500183,0
13,P20,P20,Post_P20,0,0.5053420662879944,1
13,P20,P20,Post_P20,0,0.44776058197021484,0
13,P20,P20,Post_P20,0,0.45590049028396606,0
13,P20,P20,Post_P20,0,0.5294201374053955,1
13,P20,P20,Post_P20,0,0.4756942689418793,0
13,P20,P20,Post_P20,0,0.44285231828689575,0
13,P20,P20,Post_P20,0,0.4455028176307678,0
13,P20,P20,Post_P20,0,0.4745751917362213,0
13,P20,P20,Post_P20,0,0.4999196529388428,0
13,P20,P20,Post_P20,0,0.46913087368011475,0
13,P20,P20,Post_P20,0,0.4808644950389862,0
13,P20,P20,Post_P20,0,0.47709864377975464,0
13,P20,P20,Post_P20,0,0.5201076865196228,1
13,P20,P20,Post_P20,0,0.44790515303611755,0
13,P20,P20,Post_P20,0,0.5380241274833679,1
13,P20,P20,Post_P20,0,0.5125385522842407,1
13,P20,P20,Post_P20,0,0.44702279567718506,0
13,P20,P20,Post_P20,0,0.4976200461387634,0
13,P20,P20,Post_P20,0,0.4644903242588043,0
13,P20,P20,Post_P20,0,0.4922522306442261,0
13,P20,P20,Post_P20,0,0.5334906578063965,1
13,P20,P20,Post_P20,0,0.43700936436653137,0
13,P20,P20,Post_P20,0,0.4874947667121887,0
13,P20,P20,Post_P20,0,0.4965190589427948,0
13,P20,P20,Post_P20,0,0.47714075446128845,0
13,P20,P20,Post_P20,0,0.5445378422737122,1
13,P20,P20,Post_P20,0,0.44915589690208435,0
13,P20,P20,Post_P20,0,0.468612402677536,0
13,P20,P20,Post_P20,0,0.5098994374275208,1
13,P20,P20,Post_P20,0,0.466265469789505,0
13,P20,P20,Post_P20,0,0.4929541051387787,0
13,P20,P20,Post_P20,0,0.4367937445640564,0
13,P20,P20,Post_P20,0,0.501176655292511,1
13,P20,P20,Post_P20,0,0.5227842926979065,1
13,P20,P20,Post_P20,0,0.5185074210166931,1
13,P20,P20,Post_P20,0,0.44817912578582764,0
13,P20,P20,Post_P20,0,0.5397546291351318,1
13,P20,P20,Post_P20,0,0.5015067458152771,1
13,P20,P20,Post_P20,0,0.47517260909080505,0
13,P20,P20,Post_P20,0,0.45758384466171265,0
13,P20,P20,Post_P20,0,0.46706828474998474,0
13,P20,P20,Post_P20,0,0.45938554406166077,0
13,P20,P20,Post_P20,0,0.4709072411060333,0
13,P20,P20,Post_P20,0,0.4956570565700531,0
13,P20,P20,Post_P20,0,0.5379424691200256,1
13,P20,P20,Post_P20,0,0.49789223074913025,0
13,P20,P20,Post_P20,0,0.4980180561542511,0
13,P20,P20,Post_P20,0,0.49577686190605164,0
13,P20,P20,Post_P20,0,0.48147720098495483,0
13,P20,P20,Post_P20,0,0.539901077747345,1
13,P20,P20,Post_P20,0,0.5245654582977295,1
13,P20,P20,Post_P20,0,0.48980435729026794,0
13,P20,P20,Post_P20,0,0.5180980563163757,1
13,P20,P20,Post_P20,0,0.5433921217918396,1
13,P20,P20,Post_P20,0,0.4724702835083008,0
13,P20,P20,Post_P20,0,0.44935375452041626,0
13,P20,P20,Post_P20,0,0.4737572968006134,0
13,P20,P20,Post_P20,0,0.46943941712379456,0
13,P20,P20,Post_P20,0,0.43913841247558594,0
13,P20,P20,Post_P20,0,0.4778805375099182,0
13,P20,P20,Post_P20,0,0.44612017273902893,0
13,P20,P20,Post_P20,0,0.44613903760910034,0
13,P20,P20,Post_P20,0,0.5104565620422363,1
13,P20,P20,Post_P20,0,0.4800674319267273,0
13,P20,P20,Post_P20,0,0.49487170577049255,0
13,P20,P20,Post_P20,0,0.4822489619255066,0
13,P20,P20,Post_P20,0,0.43793943524360657,0
13,P20,P20,Post_P20,0,0.44842636585235596,0
13,P20,P20,Post_P20,0,0.4367937445640564,0
13,P20,P20,Post_P20,0,0.539901077747345,1
13,P20,P20,Post_P20,0,0.49418777227401733,0
13,P20,P20,Post_P20,0,0.5293009281158447,1
13,P20,P20,Post_P20,0,0.46066194772720337,0
13,P20,P20,Post_P20,0,0.4792289733886719,0
13,P20,P20,Post_P20,0,0.46499475836753845,0
13,P20,P20,Post_P20,0,0.461823433637619,0
13,P20,P20,Post_P20,0,0.4447442293167114,0
13,P20,P20,Post_P20,0,0.5132089257240295,1
13,P20,P20,Post_P20,0,0.45524245500564575,0
13,P20,P20,Post_P20,0,0.4813811779022217,0
13,P20,P20,Post_P20,0,0.47783568501472473,0
13,P20,P20,Post_P20,0,0.4367937445640564,0
13,P20,P20,Post_P20,0,0.4615463316440582,0
13,P20,P20,Post_P20,0,0.4367937445640564,0
13,P20,P20,Post_P20,0,0.47168248891830444,0
13,P20,P20,Post_P20,0,0.49733734130859375,0
13,P20,P20,Post_P20,0,0.49706193804740906,0
13,P20,P20,Post_P20,0,0.4804937541484833,0
13,P20,P20,Post_P20,0,0.5199798941612244,1
13,P20,P20,Post_P20,0,0.5023062825202942,1
13,P20,P20,Post_P20,0,0.4378231167793274,0
13,P20,P20,Post_P20,0,0.5498172044754028,1
13,P20,P20,Post_P20,0,0.5432947874069214,1
13,P20,P20,Post_P20,0,0.46316733956336975,0
13,P20,P20,Post_P20,0,0.5381364226341248,1
13,P20,P20,Post_P20,0,0.43860864639282227,0
13,P20,P20,Post_P20,0,0.45118677616119385,0
13,P20,P20,Post_P20,0,0.4594052731990814,0
13,P20,P20,Post_P20,0,0.5166303515434265,1
13,P20,P20,Post_P20,0,0.4613312780857086,0
13,P20,P20,Post_P20,0,0.44755542278289795,0
13,P20,P20,Post_P20,0,0.4857316017150879,0
13,P20,P20,Post_P20,0,0.47752130031585693,0
13,P20,P20,Post_P20,0,0.48164102435112,0
13,P20,P20,Post_P20,0,0.46091142296791077,0
13,P20,P20,Post_P20,0,0.5060226917266846,1
13,P20,P20,Post_P20,0,0.4418288767337799,0
13,P20,P20,Post_P20,0,0.4369576871395111,0
13,P20,P20,Post_P20,0,0.4471627175807953,0
13,P20,P20,Post_P20,0,0.49661582708358765,0
13,P20,P20,Post_P20,0,0.4772721529006958,0
13,P20,P20,Post_P20,0,0.4593782126903534,0
14,P21,P21,Post_P21,1,0.5164219737052917,1
14,P21,P21,Post_P21,1,0.5126076340675354,1
14,P21,P21,Post_P21,1,0.5224854350090027,1
14,P21,P21,Post_P21,1,0.5164219737052917,1
14,P21,P21,Post_P21,1,0.4944659471511841,0
14,P21,P21,Post_P21,1,0.5164219737052917,1
14,P21,P21,Post_P21,1,0.506935179233551,1
14,P21,P21,Post_P21,1,0.5164219737052917,1
14,P21,P21,Post_P21,1,0.5126076340675354,1
14,P21,P21,Post_P21,1,0.4950634241104126,0
14,P21,P21,Post_P21,1,0.5164219737052917,1
14,P21,P21,Post_P21,1,0.5038331151008606,1
14,P21,P21,Post_P21,1,0.49622100591659546,0
14,P21,P21,Post_P21,1,0.5279033184051514,1
14,P21,P21,Post_P21,1,0.4860008955001831,0
14,P21,P21,Post_P21,1,0.5270097851753235,1
14,P21,P21,Post_P21,1,0.5164219737052917,1
14,P21,P21,Post_P21,1,0.5161644816398621,1
14,P21,P21,Post_P21,1,0.5058237314224243,1
14,P21,P21,Post_P21,1,0.5164219737052917,1
14,P21,P21,Post_P21,1,0.48353639245033264,0
14,P21,P21,Post_P21,1,0.5164219737052917,1
14,P21,P21,Post_P21,1,0.5164219737052917,1
14,P21,P21,Post_P21,1,0.5164219737052917,1
14,P21,P21,Post_P21,1,0.5058237314224243,1
14,P21,P21,Post_P21,1,0.5126076340675354,1
14,P21,P21,Post_P21,1,0.5126076340675354,1
14,P21,P21,Post_P21,1,0.5161210894584656,1
14,P21,P21,Post_P21,1,0.5126076340675354,1
14,P21,P21,Post_P21,1,0.5126076340675354,1
14,P21,P21,Post_P21,1,0.5134018659591675,1
14,P21,P21,Post_P21,1,0.5126076340675354,1
14,P21,P21,Post_P21,1,0.5270097851753235,1
14,P21,P21,Post_P21,1,0.5164219737052917,1
14,P21,P21,Post_P21,1,0.5126076340675354,1
14,P21,P21,Post_P21,1,0.494431734085083,0
14,P21,P21,Post_P21,1,0.5150966644287109,1
14,P21,P21,Post_P21,1,0.4719366133213043,0
14,P21,P21,Post_P21,1,0.5164219737052917,1
14,P21,P21,Post_P21,1,0.4872954487800598,0
14,P21,P21,Post_P21,1,0.5126076340675354,1
14,P21,P21,Post_P21,1,0.4955938458442688,0
14,P21,P21,Post_P21,1,0.5164219737052917,1
14,P21,P21,Post_P21,1,0.5061395764350891,1
14,P21,P21,Post_P21,1,0.5161644816398621,1
14,P21,P21,Post_P21,1,0.5045464038848877,1
14,P21,P21,Post_P21,1,0.5164219737052917,1
14,P21,P21,Post_P21,1,0.5279033184051514,1
14,P21,P21,Post_P21,1,0.5126076340675354,1
14,P21,P21,Post_P21,1,0.5031180381774902,1
14,P21,P21,Post_P21,1,0.5083832144737244,1
14,P21,P21,Post_P21,1,0.49622100591659546,0
14,P21,P21,Post_P21,1,0.49622100591659546,0
14,P21,P21,Post_P21,1,0.5279033184051514,1
14,P21,P21,Post_P21,1,0.49622100591659546,0
14,P21,P21,Post_P21,1,0.512981653213501,1
14,P21,P21,Post_P21,1,0.4944659471511841,0
14,P21,P21,Post_P21,1,0.49622100591659546,0
14,P21,P21,Post_P21,1,0.49622100591659546,0
14,P21,P21,Post_P21,1,0.5164219737052917,1
14,P21,P21,Post_P21,1,0.5161644816398621,1
14,P21,P21,Post_P21,1,0.49622100591659546,0
14,P21,P21,Post_P21,1,0.49460187554359436,0
14,P21,P21,Post_P21,1,0.4990805685520172,0
14,P21,P21,Post_P21,1,0.5270097851753235,1
14,P21,P21,Post_P21,1,0.49622100591659546,0
14,P21,P21,Post_P21,1,0.5126076340675354,1
14,P21,P21,Post_P21,1,0.5164219737052917,1
14,P21,P21,Post_P21,1,0.494431734085083,0
14,P21,P21,Post_P21,1,0.5164219737052917,1
14,P21,P21,Post_P21,1,0.4857982099056244,0
14,P21,P21,Post_P21,1,0.4932711124420166,0
14,P21,P21,Post_P21,1,0.5164219737052917,1
14,P21,P21,Post_P21,1,0.4957878887653351,0
14,P21,P21,Post_P21,1,0.5126076340675354,1
14,P21,P21,Post_P21,1,0.5027235746383667,1
14,P21,P21,Post_P21,1,0.5112178325653076,1
14,P21,P21,Post_P21,1,0.49911561608314514,0
14,P21,P21,Post_P21,1,0.5090598464012146,1
14,P21,P21,Post_P21,1,0.5164219737052917,1
14,P21,P21,Post_P21,1,0.5126076340675354,1
14,P21,P21,Post_P21,1,0.5126076340675354,1
14,P21,P21,Post_P21,1,0.5144860744476318,1
14,P21,P21,Post_P21,1,0.5164219737052917,1
14,P21,P21,Post_P21,1,0.5270834565162659,1
14,P21,P21,Post_P21,1,0.4685673713684082,0
14,P21,P21,Post_P21,1,0.5066774487495422,1
14,P21,P21,Post_P21,1,0.49622100591659546,0
14,P21,P21,Post_P21,1,0.5083015561103821,1
14,P21,P21,Post_P21,1,0.4719366133213043,0
14,P21,P21,Post_P21,1,0.4846252501010895,0
14,P21,P21,Post_P21,1,0.5073456168174744,1
14,P21,P21,Post_P21,1,0.5118244290351868,1
14,P21,P21,Post_P21,1,0.5090598464012146,1
14,P21,P21,Post_P21,1,0.5126076340675354,1
14,P21,P21,Post_P21,1,0.5090598464012146,1
14,P21,P21,Post_P21,1,0.5161644816398621,1
14,P21,P21,Post_P21,1,0.46892982721328735,0
14,P21,P21,Post_P21,1,0.5090598464012146,1
14,P21,P21,Post_P21,1,0.5087587237358093,1
14,P21,P21,Post_P21,1,0.4685347080230713,0
14,P21,P21,Post_P21,1,0.506935179233551,1
14,P21,P21,Post_P21,1,0.5080084204673767,1
14,P21,P21,Post_P21,1,0.49498045444488525,0
14,P21,P21,Post_P21,1,0.5164219737052917,1
14,P21,P21,Post_P21,1,0.5164219737052917,1
14,P21,P21,Post_P21,1,0.4857982099056244,0
14,P21,P21,Post_P21,1,0.5164219737052917,1
14,P21,P21,Post_P21,1,0.5164219737052917,1
14,P21,P21,Post_P21,1,0.5027235746383667,1
14,P21,P21,Post_P21,1,0.506935179233551,1
14,P21,P21,Post_P21,1,0.49656912684440613,0
14,P21,P21,Post_P21,1,0.47313371300697327,0
14,P21,P21,Post_P21,1,0.4989957809448242,0
14,P21,P21,Post_P21,1,0.5164219737052917,1
14,P21,P21,Post_P21,1,0.5126076340675354,1
14,P21,P21,Post_P21,1,0.5066774487495422,1
14,P21,P21,Post_P21,1,0.5164219737052917,1
14,P21,P21,Post_P21,1,0.5168386697769165,1
14,P21,P21,Post_P21,1,0.4685347080230713,0
14,P21,P21,Post_P21,1,0.5276671648025513,1
14,P21,P21,Post_P21,1,0.5270097851753235,1
14,P21,P21,Post_P21,1,0.49622100591659546,0
14,P21,P21,Post_P21,1,0.49622100591659546,0
14,P21,P21,Post_P21,1,0.4685347080230713,0
14,P21,P21,Post_P21,1,0.5279033184051514,1
14,P21,P21,Post_P21,1,0.5081039667129517,1
14,P21,P21,Post_P21,1,0.5164219737052917,1
14,P21,P21,Post_P21,1,0.4865047037601471,0
14,P21,P21,Post_P21,1,0.5161644816398621,1
14,P21,P21,Post_P21,1,0.46908608078956604,0
14,P21,P21,Post_P21,1,0.5126076340675354,1
14,P21,P21,Post_P21,1,0.5126076340675354,1
14,P21,P21,Post_P21,1,0.5066078305244446,1
14,P21,P21,Post_P21,1,0.5126076340675354,1
14,P21,P21,Post_P21,1,0.49406784772872925,0
14,P21,P21,Post_P21,1,0.49622100591659546,0
14,P21,P21,Post_P21,1,0.5164219737052917,1
14,P21,P21,Post_P21,1,0.49502572417259216,0
14,P21,P21,Post_P21,1,0.506935179233551,1
14,P21,P21,Post_P21,1,0.5164219737052917,1
14,P21,P21,Post_P21,1,0.5161644816398621,1
14,P21,P21,Post_P21,1,0.5126076340675354,1
14,P21,P21,Post_P21,1,0.5168386697769165,1
14,P21,P21,Post_P21,1,0.5164219737052917,1
14,P21,P21,Post_P21,1,0.5164219737052917,1
14,P21,P21,Post_P21,1,0.5126076340675354,1
14,P21,P21,Post_P21,1,0.5126076340675354,1
14,P21,P21,Post_P21,1,0.49911561608314514,0
14,P21,P21,Post_P21,1,0.5161644816398621,1
14,P21,P21,Post_P21,1,0.5164219737052917,1
14,P21,P21,Post_P21,1,0.49622100591659546,0
14,P21,P21,Post_P21,1,0.49622100591659546,0
14,P21,P21,Post_P21,1,0.4989919066429138,0
14,P21,P21,Post_P21,1,0.5164219737052917,1
14,P21,P21,Post_P21,1,0.5164219737052917,1
14,P21,P21,Post_P21,1,0.5164219737052917,1
14,P21,P21,Post_P21,1,0.5270097851753235,1
14,P21,P21,Post_P21,1,0.5270097851753235,1
14,P21,P21,Post_P21,1,0.5164219737052917,1
14,P21,P21,Post_P21,1,0.494431734085083,0
14,P21,P21,Post_P21,1,0.5126076340675354,1
14,P21,P21,Post_P21,1,0.4664273262023926,0
14,P21,P21,Post_P21,1,0.49656912684440613,0
14,P21,P21,Post_P21,1,0.526333212852478,1
14,P21,P21,Post_P21,1,0.5161644816398621,1
14,P21,P21,Post_P21,1,0.49622100591659546,0
14,P21,P21,Post_P21,1,0.5083832144737244,1
14,P21,P21,Post_P21,1,0.5164219737052917,1
14,P21,P21,Post_P21,1,0.5164219737052917,1
14,P21,P21,Post_P21,1,0.5164219737052917,1
14,P21,P21,Post_P21,1,0.5126076340675354,1
14,P21,P21,Post_P21,1,0.5164219737052917,1
14,P21,P21,Post_P21,1,0.506935179233551,1
14,P21,P21,Post_P21,1,0.5090598464012146,1
14,P21,P21,Post_P21,1,0.5027235746383667,1
14,P21,P21,Post_P21,1,0.5083832144737244,1
14,P21,P21,Post_P21,1,0.49622100591659546,0
14,P21,P21,Post_P21,1,0.5164219737052917,1
14,P21,P21,Post_P21,1,0.49412262439727783,0
14,P21,P21,Post_P21,1,0.5083832144737244,1
14,P21,P21,Post_P21,1,0.494431734085083,0
14,P21,P21,Post_P21,1,0.5164219737052917,1
14,P21,P21,Post_P21,1,0.5164219737052917,1
14,P21,P21,Post_P21,1,0.5164219737052917,1
14,P21,P21,Post_P21,1,0.5164219737052917,1
14,P21,P21,Post_P21,1,0.5126076340675354,1
14,P21,P21,Post_P21,1,0.5090598464012146,1
14,P21,P21,Post_P21,1,0.5071828961372375,1
14,P21,P21,Post_P21,1,0.49656912684440613,0
14,P21,P21,Post_P21,1,0.49622100591659546,0
14,P21,P21,Post_P21,1,0.5164219737052917,1
14,P21,P21,Post_P21,1,0.4685347080230713,0
14,P21,P21,Post_P21,1,0.4942019581794739,0
14,P21,P21,Post_P21,1,0.49622100591659546,0
14,P21,P21,Post_P21,1,0.5069369673728943,1
14,P21,P21,Post_P21,1,0.5164219737052917,1
14,P21,P21,Post_P21,1,0.46913161873817444,0
14,P21,P21,Post_P21,1,0.5164219737052917,1
14,P21,P21,Post_P21,1,0.5126076340675354,1
14,P21,P21,Post_P21,1,0.5126076340675354,1
14,P21,P21,Post_P21,1,0.5027235746383667,1
14,P21,P21,Post_P21,1,0.5164219737052917,1
14,P21,P21,Post_P21,1,0.5164219737052917,1
14,P21,P21,Post_P21,1,0.5126076340675354,1
14,P21,P21,Post_P21,1,0.5279033184051514,1
14,P21,P21,Post_P21,1,0.5164219737052917,1
14,P21,P21,Post_P21,1,0.5126076340675354,1
14,P21,P21,Post_P21,1,0.5164219737052917,1
14,P21,P21,Post_P21,1,0.5276671648025513,1
14,P21,P21,Post_P21,1,0.5126076340675354,1
14,P21,P21,Post_P21,1,0.5164219737052917,1
14,P21,P21,Post_P21,1,0.4953710734844208,0
15,P22,P22,Post_P22,0,0.49483564496040344,0
15,P22,P22,Post_P22,0,0.4585971236228943,0
15,P22,P22,Post_P22,0,0.39376792311668396,0
15,P22,P22,Post_P22,0,0.47050735354423523,0
15,P22,P22,Post_P22,0,0.5788604021072388,1
15,P22,P22,Post_P22,0,0.4807523787021637,0
15,P22,P22,Post_P22,0,0.5054894089698792,1
15,P22,P22,Post_P22,0,0.4872695207595825,0
15,P22,P22,Post_P22,0,0.4688064157962799,0
15,P22,P22,Post_P22,0,0.5420421957969666,1
15,P22,P22,Post_P22,0,0.5718258023262024,1
15,P22,P22,Post_P22,0,0.5296501517295837,1
15,P22,P22,Post_P22,0,0.5078569650650024,1
15,P22,P22,Post_P22,0,0.5132672786712646,1
15,P22,P22,Post_P22,0,0.5459953546524048,1
15,P22,P22,Post_P22,0,0.5153351426124573,1
15,P22,P22,Post_P22,0,0.46805980801582336,0
15,P22,P22,Post_P22,0,0.4858977496623993,0
15,P22,P22,Post_P22,0,0.39132168889045715,0
15,P22,P22,Post_P22,0,0.4361077845096588,0
15,P22,P22,Post_P22,0,0.5009424686431885,1
15,P22,P22,Post_P22,0,0.5069221258163452,1
15,P22,P22,Post_P22,0,0.5081104040145874,1
15,P22,P22,Post_P22,0,0.5573487877845764,1
15,P22,P22,Post_P22,0,0.5523577332496643,1
15,P22,P22,Post_P22,0,0.5108036398887634,1
15,P22,P22,Post_P22,0,0.5166853070259094,1
15,P22,P22,Post_P22,0,0.5784913301467896,1
15,P22,P22,Post_P22,0,0.5266158580780029,1
15,P22,P22,Post_P22,0,0.5713022351264954,1
15,P22,P22,Post_P22,0,0.47133514285087585,0
15,P22,P22,Post_P22,0,0.46043968200683594,0
15,P22,P22,Post_P22,0,0.475464791059494,0
15,P22,P22,Post_P22,0,0.4748685359954834,0
15,P22,P22,Post_P22,0,0.4934164583683014,0
15,P22,P22,Post_P22,0,0.502897322177887,1
15,P22,P22,Post_P22,0,0.4689043164253235,0
15,P22,P22,Post_P22,0,0.5453410744667053,1
15,P22,P22,Post_P22,0,0.4887598156929016,0
15,P22,P22,Post_P22,0,0.5132245421409607,1
15,P22,P22,Post_P22,0,0.5205218195915222,1
15,P22,P22,Post_P22,0,0.45503535866737366,0
15,P22,P22,Post_P22,0,0.385701060295105,0
15,P22,P22,Post_P22,0,0.3697574734687805,0
15,P22,P22,Post_P22,0,0.5696982741355896,1
15,P22,P22,Post_P22,0,0.5456103682518005,1
15,P22,P22,Post_P22,0,0.524980902671814,1
15,P22,P22,Post_P22,0,0.44684574007987976,0
15,P22,P22,Post_P22,0,0.5348895192146301,1
15,P22,P22,Post_P22,0,0.5109946727752686,1
15,P22,P22,Post_P22,0,0.49973514676094055,0
15,P22,P22,Post_P22,0,0.4419552683830261,0
15,P22,P22,Post_P22,0,0.482276976108551,0
15,P22,P22,Post_P22,0,0.4068309962749481,0
15,P22,P22,Post_P22,0,0.5325011014938354,1
15,P22,P22,Post_P22,0,0.4791612923145294,0
15,P22,P22,Post_P22,0,0.4540187418460846,0
15,P22,P22,Post_P22,0,0.4943827986717224,0
15,P22,P22,Post_P22,0,0.4856264889240265,0
15,P22,P22,Post_P22,0,0.559944748878479,1
15,P22,P22,Post_P22,0,0.4632629454135895,0
15,P22,P22,Post_P22,0,0.5702803730964661,1
15,P22,P22,Post_P22,0,0.5906692743301392,1
15,P22,P22,Post_P22,0,0.5023342370986938,1
15,P22,P22,Post_P22,0,0.4990684390068054,0
15,P22,P22,Post_P22,0,0.5374462008476257,1
15,P22,P22,Post_P22,0,0.5341975092887878,1
15,P22,P22,Post_P22,0,0.4233948886394501,0
15,P22,P22,Post_P22,0,0.5376080870628357,1
15,P22,P22,Post_P22,0,0.5731603503227234,1
15,P22,P22,Post_P22,0,0.5246642827987671,1
15,P22,P22,Post_P22,0,0.3550352156162262,0
15,P22,P22,Post_P22,0,0.45556095242500305,0
15,P22,P22,Post_P22,0,0.4953666925430298,0
15,P22,P22,Post_P22,0,0.44767653942108154,0
15,P22,P22,Post_P22,0,0.4784683585166931,0
15,P22,P22,Post_P22,0,0.5534911751747131,1
15,P22,P22,Post_P22,0,0.4522314667701721,0
15,P22,P22,Post_P22,0,0.45424792170524597,0
15,P22,P22,Post_P22,0,0.5409280061721802,1
15,P22,P22,Post_P22,0,0.38738325238227844,0
15,P22,P22,Post_P22,0,0.4763554036617279,0
15,P22,P22,Post_P22,0,0.47290006279945374,0
15,P22,P22,Post_P22,0,0.5104102492332458,1
15,P22,P22,Post_P22,0,0.5434544682502747,1
15,P22,P22,Post_P22,0,0.4693237841129303,0
15,P22,P22,Post_P22,0,0.4237663745880127,0
15,P22,P22,Post_P22,0,0.508147120475769,1
15,P22,P22,Post_P22,0,0.5245155096054077,1
15,P22,P22,Post_P22,0,0.4959588348865509,0
15,P22,P22,Post_P22,0,0.4404861330986023,0
15,P22,P22,Post_P22,0,0.49880871176719666,0
15,P22,P22,Post_P22,0,0.5152037143707275,1
15,P22,P22,Post_P22,0,0.47052547335624695,0
15,P22,P22,Post_P22,0,0.48039931058883667,0
15,P22,P22,Post_P22,0,0.5257450342178345,1
15,P22,P22,Post_P22,0,0.5124346613883972,1
15,P22,P22,Post_P22,0,0.42848262190818787,0
15,P22,P22,Post_P22,0,0.5213156938552856,1
15,P22,P22,Post_P22,0,0.5169417858123779,1
15,P22,P22,Post_P22,0,0.45591023564338684,0
15,P22,P22,Post_P22,0,0.5007135272026062,1
15,P22,P22,Post_P22,0,0.48134416341781616,0
15,P22,P22,Post_P22,0,0.5388287901878357,1
15,P22,P22,Post_P22,0,0.41072556376457214,0
15,P22,P22,Post_P22,0,0.46739858388900757,0
15,P22,P22,Post_P22,0,0.49872368574142456,0
15,P22,P22,Post_P22,0,0.5573344230651855,1
15,P22,P22,Post_P22,0,0.579581618309021,1
15,P22,P22,Post_P22,0,0.42378127574920654,0
15,P22,P22,Post_P22,0,0.5771830081939697,1
15,P22,P22,Post_P22,0,0.47721824049949646,0
15,P22,P22,Post_P22,0,0.49935734272003174,0
15,P22,P22,Post_P22,0,0.5366886854171753,1
15,P22,P22,Post_P22,0,0.5355910658836365,1
15,P22,P22,Post_P22,0,0.47399649024009705,0
15,P22,P22,Post_P22,0,0.501008152961731,1
15,P22,P22,Post_P22,0,0.45128247141838074,0
15,P22,P22,Post_P22,0,0.5389688611030579,1
15,P22,P22,Post_P22,0,0.570978581905365,1
15,P22,P22,Post_P22,0,0.4368916153907776,0
15,P22,P22,Post_P22,0,0.5381721258163452,1
15,P22,P22,Post_P22,0,0.5124693512916565,1
15,P22,P22,Post_P22,0,0.5768173933029175,1
15,P22,P22,Post_P22,0,0.5407297611236572,1
15,P22,P22,Post_P22,0,0.47433850169181824,0
15,P22,P22,Post_P22,0,0.48988857865333557,0
15,P22,P22,Post_P22,0,0.47075197100639343,0
15,P22,P22,Post_P22,0,0.5622124671936035,1
15,P22,P22,Post_P22,0,0.5784913301467896,1
15,P22,P22,Post_P22,0,0.5245178937911987,1
15,P22,P22,Post_P22,0,0.5266318917274475,1
15,P22,P22,Post_P22,0,0.5295763611793518,1
15,P22,P22,Post_P22,0,0.495431125164032,0
15,P22,P22,Post_P22,0,0.4112372100353241,0
15,P22,P22,Post_P22,0,0.5233397483825684,1
15,P22,P22,Post_P22,0,0.50592041015625,1
15,P22,P22,Post_P22,0,0.4070161283016205,0
15,P22,P22,Post_P22,0,0.5002140402793884,1
15,P22,P22,Post_P22,0,0.5166143178939819,1
15,P22,P22,Post_P22,0,0.5117127299308777,1
15,P22,P22,Post_P22,0,0.44803014397621155,0
15,P22,P22,Post_P22,0,0.4981699585914612,0
15,P22,P22,Post_P22,0,0.48188871145248413,0
15,P22,P22,Post_P22,0,0.5568111538887024,1
15,P22,P22,Post_P22,0,0.5053235292434692,1
15,P22,P22,Post_P22,0,0.39890915155410767,0
15,P22,P22,Post_P22,0,0.496933251619339,0
15,P22,P22,Post_P22,0,0.4753550589084625,0
15,P22,P22,Post_P22,0,0.4635779857635498,0
15,P22,P22,Post_P22,0,0.4677753150463104,0
15,P22,P22,Post_P22,0,0.5078905820846558,1
15,P22,P22,Post_P22,0,0.49895429611206055,0
15,P22,P22,Post_P22,0,0.4689348042011261,0
15,P22,P22,Post_P22,0,0.4810980260372162,0
15,P22,P22,Post_P22,0,0.4858722686767578,0
15,P22,P22,Post_P22,0,0.4769495129585266,0
15,P22,P22,Post_P22,0,0.5302070379257202,1
15,P22,P22,Post_P22,0,0.5225040912628174,1
15,P22,P22,Post_P22,0,0.5760644674301147,1
15,P22,P22,Post_P22,0,0.4939539134502411,0
15,P22,P22,Post_P22,0,0.5648086071014404,1
15,P22,P22,Post_P22,0,0.5262336730957031,1
15,P22,P22,Post_P22,0,0.4836839437484741,0
15,P22,P22,Post_P22,0,0.5388237833976746,1
15,P22,P22,Post_P22,0,0.5099993348121643,1
15,P22,P22,Post_P22,0,0.46505969762802124,0
15,P22,P22,Post_P22,0,0.5028854608535767,1
15,P22,P22,Post_P22,0,0.45824524760246277,0
15,P22,P22,Post_P22,0,0.5304732918739319,1
15,P22,P22,Post_P22,0,0.5399816036224365,1
15,P22,P22,Post_P22,0,0.5725021362304688,1
15,P22,P22,Post_P22,0,0.5486506819725037,1
15,P22,P22,Post_P22,0,0.5117008090019226,1
15,P22,P22,Post_P22,0,0.49179959297180176,0
15,P22,P22,Post_P22,0,0.5005558729171753,1
15,P22,P22,Post_P22,0,0.4492202699184418,0
15,P22,P22,Post_P22,0,0.5450301170349121,1
15,P22,P22,Post_P22,0,0.44743871688842773,0
15,P22,P22,Post_P22,0,0.4644058346748352,0
15,P22,P22,Post_P22,0,0.5139408707618713,1
15,P22,P22,Post_P22,0,0.5392661690711975,1
15,P22,P22,Post_P22,0,0.5078285932540894,1
15,P22,P22,Post_P22,0,0.5105242133140564,1
15,P22,P22,Post_P22,0,0.5005800724029541,1
15,P22,P22,Post_P22,0,0.5420936346054077,1
15,P22,P22,Post_P22,0,0.5644157528877258,1
15,P22,P22,Post_P22,0,0.5566797852516174,1
15,P22,P22,Post_P22,0,0.5045729875564575,1
15,P22,P22,Post_P22,0,0.46152716875076294,0
15,P22,P22,Post_P22,0,0.5169472098350525,1
15,P22,P22,Post_P22,0,0.4449108839035034,0
15,P22,P22,Post_P22,0,0.5030553340911865,1
15,P22,P22,Post_P22,0,0.49890413880348206,0
15,P22,P22,Post_P22,0,0.5388205051422119,1
15,P22,P22,Post_P22,0,0.37003758549690247,0
15,P22,P22,Post_P22,0,0.5716986656188965,1
15,P22,P22,Post_P22,0,0.5101283192634583,1
15,P22,P22,Post_P22,0,0.48512473702430725,0
15,P22,P22,Post_P22,0,0.5688261389732361,1
15,P22,P22,Post_P22,0,0.5218939185142517,1
15,P22,P22,Post_P22,0,0.5522875189781189,1
15,P22,P22,Post_P22,0,0.513583779335022,1
15,P22,P22,Post_P22,0,0.5011782050132751,1
15,P22,P22,Post_P22,0,0.5071455240249634,1
15,P22,P22,Post_P22,0,0.5321269631385803,1
15,P22,P22,Post_P22,0,0.527596652507782,1
15,P22,P22,Post_P22,0,0.532913327217102,1
15,P22,P22,Post_P22,0,0.5255268812179565,1
15,P22,P22,Post_P22,0,0.3928619921207428,0
15,P22,P22,Post_P22,0,0.48807191848754883,0
15,P22,P22,Post_P22,0,0.5917223691940308,1
15,P22,P22,Post_P22,0,0.508651852607727,1
15,P22,P22,Post_P22,0,0.5695716738700867,1
15,P22,P22,Post_P22,0,0.3999919593334198,0
15,P22,P22,Post_P22,0,0.5670509934425354,1
15,P22,P22,Post_P22,0,0.564745306968689,1
15,P22,P22,Post_P22,0,0.3647933900356293,0
15,P22,P22,Post_P22,0,0.4639168083667755,0
15,P22,P22,Post_P22,0,0.4596146047115326,0
15,P22,P22,Post_P22,0,0.47140198945999146,0
15,P22,P22,Post_P22,0,0.4643411636352539,0
15,P22,P22,Post_P22,0,0.493897020816803,0
15,P22,P22,Post_P22,0,0.49790140986442566,0
15,P22,P22,Post_P22,0,0.5435587763786316,1
15,P22,P22,Post_P22,0,0.5214067101478577,1
15,P22,P22,Post_P22,0,0.4433624744415283,0
15,P22,P22,Post_P22,0,0.45857229828834534,0
15,P22,P22,Post_P22,0,0.4022197425365448,0
15,P22,P22,Post_P22,0,0.4460841119289398,0
15,P22,P22,Post_P22,0,0.3742178678512573,0
15,P22,P22,Post_P22,0,0.5026542544364929,1
15,P22,P22,Post_P22,0,0.5258293747901917,1
15,P22,P22,Post_P22,0,0.36020734906196594,0
15,P22,P22,Post_P22,0,0.43359193205833435,0
15,P22,P22,Post_P22,0,0.4552016854286194,0
15,P22,P22,Post_P22,0,0.34827592968940735,0
15,P22,P22,Post_P22,0,0.41159194707870483,0
15,P22,P22,Post_P22,0,0.4993962049484253,0
15,P22,P22,Post_P22,0,0.5622034072875977,1
15,P22,P22,Post_P22,0,0.3720710277557373,0
15,P22,P22,Post_P22,0,0.4473418593406677,0
15,P22,P22,Post_P22,0,0.5727935433387756,1
15,P22,P22,Post_P22,0,0.47288280725479126,0
15,P22,P22,Post_P22,0,0.40491536259651184,0
15,P22,P22,Post_P22,0,0.5676561594009399,1
15,P22,P22,Post_P22,0,0.4858979284763336,0
15,P22,P22,Post_P22,0,0.4707344174385071,0
15,P22,P22,Post_P22,0,0.48840364813804626,0
15,P22,P22,Post_P22,0,0.5402393341064453,1
15,P22,P22,Post_P22,0,0.36331918835639954,0
15,P22,P22,Post_P22,0,0.4855380654335022,0
15,P22,P22,Post_P22,0,0.4906231462955475,0
15,P22,P22,Post_P22,0,0.47982072830200195,0
15,P22,P22,Post_P22,0,0.4605185091495514,0
15,P22,P22,Post_P22,0,0.4866386950016022,0
15,P22,P22,Post_P22,0,0.5285109877586365,1
15,P22,P22,Post_P22,0,0.5331450700759888,1
15,P22,P22,Post_P22,0,0.4687720835208893,0
15,P22,P22,Post_P22,0,0.5167647004127502,1
16,P23,P23,Post_P23,0,0.23142310976982117,0
16,P23,P23,Post_P23,0,0.2406194508075714,0
16,P23,P23,Post_P23,0,0.2532396614551544,0
16,P23,P23,Post_P23,0,0.4328747093677521,0
16,P23,P23,Post_P23,0,0.5004702210426331,1
16,P23,P23,Post_P23,0,0.20242497324943542,0
16,P23,P23,Post_P23,0,0.3182174563407898,0
16,P23,P23,Post_P23,0,0.3260083794593811,0
16,P23,P23,Post_P23,0,0.33424410223960876,0
16,P23,P23,Post_P23,0,0.33235684037208557,0
16,P23,P23,Post_P23,0,0.356344997882843,0
16,P23,P23,Post_P23,0,0.5194483995437622,1
16,P23,P23,Post_P23,0,0.48584067821502686,0
16,P23,P23,Post_P23,0,0.38149192929267883,0
16,P23,P23,Post_P23,0,0.23403601348400116,0
16,P23,P23,Post_P23,0,0.23876912891864777,0
16,P23,P23,Post_P23,0,0.27213937044143677,0
16,P23,P23,Post_P23,0,0.38790905475616455,0
16,P23,P23,Post_P23,0,0.2823336720466614,0
16,P23,P23,Post_P23,0,0.6708055138587952,1
16,P23,P23,Post_P23,0,0.21976833045482635,0
16,P23,P23,Post_P23,0,0.35886049270629883,0
16,P23,P23,Post_P23,0,0.5140640735626221,1
16,P23,P23,Post_P23,0,0.3290258049964905,0
16,P23,P23,Post_P23,0,0.46861961483955383,0
16,P23,P23,Post_P23,0,0.27887389063835144,0
16,P23,P23,Post_P23,0,0.46425947546958923,0
16,P23,P23,Post_P23,0,0.23279030621051788,0
16,P23,P23,Post_P23,0,0.5137006044387817,1
16,P23,P23,Post_P23,0,0.2983526289463043,0
16,P23,P23,Post_P23,0,0.3357006907463074,0
16,P23,P23,Post_P23,0,0.5182957053184509,1
16,P23,P23,Post_P23,0,0.5400981903076172,1
16,P23,P23,Post_P23,0,0.5575927495956421,1
16,P23,P23,Post_P23,0,0.32662495970726013,0
16,P23,P23,Post_P23,0,0.4328537881374359,0
16,P23,P23,Post_P23,0,0.3396369218826294,0
16,P23,P23,Post_P23,0,0.5681819915771484,1
16,P23,P23,Post_P23,0,0.2816005349159241,0
16,P23,P23,Post_P23,0,0.22318026423454285,0
16,P23,P23,Post_P23,0,0.3091781735420227,0
16,P23,P23,Post_P23,0,0.32067012786865234,0
16,P23,P23,Post_P23,0,0.34353286027908325,0
16,P23,P23,Post_P23,0,0.2572178244590759,0
16,P23,P23,Post_P23,0,0.29281190037727356,0
16,P23,P23,Post_P23,0,0.6338313221931458,1
16,P23,P23,Post_P23,0,0.24222968518733978,0
16,P23,P23,Post_P23,0,0.23889155685901642,0
16,P23,P23,Post_P23,0,0.45425745844841003,0
16,P23,P23,Post_P23,0,0.4823594391345978,0
16,P23,P23,Post_P23,0,0.36249616742134094,0
16,P23,P23,Post_P23,0,0.5152798891067505,1
16,P23,P23,Post_P23,0,0.4392535090446472,0
16,P23,P23,Post_P23,0,0.2427041232585907,0
16,P23,P23,Post_P23,0,0.2610624134540558,0
16,P23,P23,Post_P23,0,0.22919197380542755,0
16,P23,P23,Post_P23,0,0.4385108947753906,0
16,P23,P23,Post_P23,0,0.5833868384361267,1
16,P23,P23,Post_P23,0,0.31307071447372437,0
16,P23,P23,Post_P23,0,0.2392301708459854,0
16,P23,P23,Post_P23,0,0.21159027516841888,0
16,P23,P23,Post_P23,0,0.4361211955547333,0
16,P23,P23,Post_P23,0,0.28388553857803345,0
16,P23,P23,Post_P23,0,0.507138729095459,1
16,P23,P23,Post_P23,0,0.3662627041339874,0
16,P23,P23,Post_P23,0,0.3192666172981262,0
16,P23,P23,Post_P23,0,0.40458667278289795,0
16,P23,P23,Post_P23,0,0.318302720785141,0
16,P23,P23,Post_P23,0,0.5603792667388916,1
16,P23,P23,Post_P23,0,0.31129190325737,0
16,P23,P23,Post_P23,0,0.3425821363925934,0
16,P23,P23,Post_P23,0,0.415377140045166,0
16,P23,P23,Post_P23,0,0.23826664686203003,0
16,P23,P23,Post_P23,0,0.3112991154193878,0
16,P23,P23,Post_P23,0,0.30744796991348267,0
16,P23,P23,Post_P23,0,0.24119311571121216,0
16,P23,P23,Post_P23,0,0.27634191513061523,0
16,P23,P23,Post_P23,0,0.2791944146156311,0
16,P23,P23,Post_P23,0,0.4129599332809448,0
16,P23,P23,Post_P23,0,0.2532396912574768,0
16,P23,P23,Post_P23,0,0.3337365984916687,0
16,P23,P23,Post_P23,0,0.23275119066238403,0
16,P23,P23,Post_P23,0,0.3926711976528168,0
16,P23,P23,Post_P23,0,0.46607521176338196,0
16,P23,P23,Post_P23,0,0.3173084855079651,0
16,P23,P23,Post_P23,0,0.4159083366394043,0
16,P23,P23,Post_P23,0,0.3289325535297394,0
16,P23,P23,Post_P23,0,0.2525084912776947,0
16,P23,P23,Post_P23,0,0.3977966606616974,0
16,P23,P23,Post_P23,0,0.30735376477241516,0
16,P23,P23,Post_P23,0,0.26202428340911865,0
16,P23,P23,Post_P23,0,0.35923638939857483,0
16,P23,P23,Post_P23,0,0.448846697807312,0
16,P23,P23,Post_P23,0,0.22731837630271912,0
16,P23,P23,Post_P23,0,0.25274550914764404,0
16,P23,P23,Post_P23,0,0.3711695075035095,0
16,P23,P23,Post_P23,0,0.5080203413963318,1
16,P23,P23,Post_P23,0,0.2734336256980896,0
16,P23,P23,Post_P23,0,0.7026553153991699,1
16,P23,P23,Post_P23,0,0.3468898832798004,0
16,P23,P23,Post_P23,0,0.20253504812717438,0
16,P23,P23,Post_P23,0,0.42251431941986084,0
16,P23,P23,Post_P23,0,0.392421156167984,0
16,P23,P23,Post_P23,0,0.4446263909339905,0
16,P23,P23,Post_P23,0,0.23617355525493622,0
16,P23,P23,Post_P23,0,0.4017150104045868,0
16,P23,P23,Post_P23,0,0.3476457893848419,0
16,P23,P23,Post_P23,0,0.5357778668403625,1
16,P23,P23,Post_P23,0,0.3714943826198578,0
16,P23,P23,Post_P23,0,0.2864014208316803,0
16,P23,P23,Post_P23,0,0.3168184161186218,0
16,P23,P23,Post_P23,0,0.6927580833435059,1
16,P23,P23,Post_P23,0,0.2897797226905823,0
16,P23,P23,Post_P23,0,0.33823877573013306,0
16,P23,P23,Post_P23,0,0.5464714169502258,1
16,P23,P23,Post_P23,0,0.279238224029541,0
16,P23,P23,Post_P23,0,0.27634966373443604,0
16,P23,P23,Post_P23,0,0.3784210681915283,0
16,P23,P23,Post_P23,0,0.23517929017543793,0
16,P23,P23,Post_P23,0,0.33400988578796387,0
16,P23,P23,Post_P23,0,0.23490841686725616,0
16,P23,P23,Post_P23,0,0.21667353808879852,0
16,P23,P23,Post_P23,0,0.2175350934267044,0
16,P23,P23,Post_P23,0,0.4334369897842407,0
16,P23,P23,Post_P23,0,0.48282259702682495,0
16,P23,P23,Post_P23,0,0.2789686918258667,0
16,P23,P23,Post_P23,0,0.4500398635864258,0
16,P23,P23,Post_P23,0,0.48382341861724854,0
16,P23,P23,Post_P23,0,0.3174755871295929,0
16,P23,P23,Post_P23,0,0.42128583788871765,0
16,P23,P23,Post_P23,0,0.22958819568157196,0
16,P23,P23,Post_P23,0,0.3728366196155548,0
16,P23,P23,Post_P23,0,0.28240978717803955,0
16,P23,P23,Post_P23,0,0.3960154354572296,0
16,P23,P23,Post_P23,0,0.4178372323513031,0
16,P23,P23,Post_P23,0,0.49345090985298157,0
16,P23,P23,Post_P23,0,0.22546353936195374,0
16,P23,P23,Post_P23,0,0.5656386613845825,1
16,P23,P23,Post_P23,0,0.21929194033145905,0
16,P23,P23,Post_P23,0,0.4555663764476776,0
16,P23,P23,Post_P23,0,0.49836504459381104,0
16,P23,P23,Post_P23,0,0.3392527401447296,0
16,P23,P23,Post_P23,0,0.41997209191322327,0
16,P23,P23,Post_P23,0,0.24453508853912354,0
16,P23,P23,Post_P23,0,0.2543790340423584,0
16,P23,P23,Post_P23,0,0.2258552759885788,0
16,P23,P23,Post_P23,0,0.5694401264190674,1
16,P23,P23,Post_P23,0,0.2911207675933838,0
16,P23,P23,Post_P23,0,0.44959160685539246,0
16,P23,P23,Post_P23,0,0.3373416066169739,0
16,P23,P23,Post_P23,0,0.30347171425819397,0
16,P23,P23,Post_P23,0,0.29711490869522095,0
16,P23,P23,Post_P23,0,0.3399714529514313,0
16,P23,P23,Post_P23,0,0.2506179213523865,0
16,P23,P23,Post_P23,0,0.23480674624443054,0
16,P23,P23,Post_P23,0,0.3869830369949341,0
16,P23,P23,Post_P23,0,0.4518888592720032,0
16,P23,P23,Post_P23,0,0.39304274320602417,0
16,P23,P23,Post_P23,0,0.31554681062698364,0
16,P23,P23,Post_P23,0,0.44464540481567383,0
16,P23,P23,Post_P23,0,0.31544044613838196,0
16,P23,P23,Post_P23,0,0.6695709824562073,1
16,P23,P23,Post_P23,0,0.5185438990592957,1
16,P23,P23,Post_P23,0,0.6116918325424194,1
16,P23,P23,Post_P23,0,0.32227879762649536,0
16,P23,P23,Post_P23,0,0.4618520140647888,0
16,P23,P23,Post_P23,0,0.4684195816516876,0
16,P23,P23,Post_P23,0,0.32679298520088196,0
16,P23,P23,Post_P23,0,0.3322151303291321,0
16,P23,P23,Post_P23,0,0.24478964507579803,0
16,P23,P23,Post_P23,0,0.5587911009788513,1
16,P23,P23,Post_P23,0,0.4293266236782074,0
16,P23,P23,Post_P23,0,0.5881505608558655,1
16,P23,P23,Post_P23,0,0.41507837176322937,0
16,P23,P23,Post_P23,0,0.30973368883132935,0
16,P23,P23,Post_P23,0,0.3664276599884033,0
16,P23,P23,Post_P23,0,0.2707339823246002,0
16,P23,P23,Post_P23,0,0.48112496733665466,0
16,P23,P23,Post_P23,0,0.5488279461860657,1
16,P23,P23,Post_P23,0,0.346102774143219,0
16,P23,P23,Post_P23,0,0.2290544956922531,0
16,P23,P23,Post_P23,0,0.3663289248943329,0
16,P23,P23,Post_P23,0,0.23866143822669983,0
16,P23,P23,Post_P23,0,0.501048743724823,1
16,P23,P23,Post_P23,0,0.33987054228782654,0
16,P23,P23,Post_P23,0,0.3995147943496704,0
16,P23,P23,Post_P23,0,0.4237796366214752,0
16,P23,P23,Post_P23,0,0.6483733654022217,1
16,P23,P23,Post_P23,0,0.5536982417106628,1
16,P23,P23,Post_P23,0,0.2290155291557312,0
16,P23,P23,Post_P23,0,0.25114476680755615,0
16,P23,P23,Post_P23,0,0.20237724483013153,0
16,P23,P23,Post_P23,0,0.5952326655387878,1
16,P23,P23,Post_P23,0,0.2382984310388565,0
16,P23,P23,Post_P23,0,0.2559340298175812,0
16,P23,P23,Post_P23,0,0.2796062231063843,0
16,P23,P23,Post_P23,0,0.3401232063770294,0
16,P23,P23,Post_P23,0,0.4022119343280792,0
16,P23,P23,Post_P23,0,0.24913829565048218,0
16,P23,P23,Post_P23,0,0.6899244785308838,1
16,P23,P23,Post_P23,0,0.3180486261844635,0
16,P23,P23,Post_P23,0,0.2509855628013611,0
16,P23,P23,Post_P23,0,0.5274679660797119,1
16,P23,P23,Post_P23,0,0.21652372181415558,0
16,P23,P23,Post_P23,0,0.34576666355133057,0
16,P23,P23,Post_P23,0,0.586458683013916,1
16,P23,P23,Post_P23,0,0.3453981280326843,0
16,P23,P23,Post_P23,0,0.23230011761188507,0
16,P23,P23,Post_P23,0,0.24805127084255219,0
16,P23,P23,Post_P23,0,0.39381590485572815,0
16,P23,P23,Post_P23,0,0.31418344378471375,0
16,P23,P23,Post_P23,0,0.364326536655426,0
16,P23,P23,Post_P23,0,0.46764904260635376,0
16,P23,P23,Post_P23,0,0.590164303779602,1
16,P23,P23,Post_P23,0,0.21853365004062653,0
16,P23,P23,Post_P23,0,0.2746163308620453,0
16,P23,P23,Post_P23,0,0.40104055404663086,0
16,P23,P23,Post_P23,0,0.22719646990299225,0
16,P23,P23,Post_P23,0,0.2258317768573761,0
16,P23,P23,Post_P23,0,0.44852304458618164,0
16,P23,P23,Post_P23,0,0.22783847153186798,0
16,P23,P23,Post_P23,0,0.2608925402164459,0
16,P23,P23,Post_P23,0,0.2459235042333603,0
16,P23,P23,Post_P23,0,0.45828157663345337,0
16,P23,P23,Post_P23,0,0.45694345235824585,0
16,P23,P23,Post_P23,0,0.48767590522766113,0
16,P23,P23,Post_P23,0,0.2668405771255493,0
16,P23,P23,Post_P23,0,0.2774604558944702,0
16,P23,P23,Post_P23,0,0.31444019079208374,0
16,P23,P23,Post_P23,0,0.37976768612861633,0
16,P23,P23,Post_P23,0,0.28923216462135315,0
16,P23,P23,Post_P23,0,0.36194318532943726,0
16,P23,P23,Post_P23,0,0.35652315616607666,0
16,P23,P23,Post_P23,0,0.28882163763046265,0
16,P23,P23,Post_P23,0,0.40546682476997375,0
16,P23,P23,Post_P23,0,0.5137669444084167,1
16,P23,P23,Post_P23,0,0.44396185874938965,0
16,P23,P23,Post_P23,0,0.3844691514968872,0
16,P23,P23,Post_P23,0,0.503220796585083,1
16,P23,P23,Post_P23,0,0.2746380865573883,0
16,P23,P23,Post_P23,0,0.3379431664943695,0
16,P23,P23,Post_P23,0,0.4905984699726105,0
16,P23,P23,Post_P23,0,0.24951955676078796,0
16,P23,P23,Post_P23,0,0.37776443362236023,0
16,P23,P23,Post_P23,0,0.40726274251937866,0
16,P23,P23,Post_P23,0,0.2678666412830353,0
16,P23,P23,Post_P23,0,0.40916046500205994,0
16,P23,P23,Post_P23,0,0.21686695516109467,0
16,P23,P23,Post_P23,0,0.25465211272239685,0
16,P23,P23,Post_P23,0,0.22064219415187836,0
16,P23,P23,Post_P23,0,0.38441523909568787,0
16,P23,P23,Post_P23,0,0.3100023567676544,0
16,P23,P23,Post_P23,0,0.4020884037017822,0
16,P23,P23,Post_P23,0,0.6073379516601562,1
16,P23,P23,Post_P23,0,0.4118286669254303,0
16,P23,P23,Post_P23,0,0.2389897257089615,0
16,P23,P23,Post_P23,0,0.23767995834350586,0
16,P23,P23,Post_P23,0,0.613578200340271,1
16,P23,P23,Post_P23,0,0.25599098205566406,0
16,P23,P23,Post_P23,0,0.336168497800827,0
16,P23,P23,Post_P23,0,0.6073498129844666,1
16,P23,P23,Post_P23,0,0.26799723505973816,0
16,P23,P23,Post_P23,0,0.2654280662536621,0
16,P23,P23,Post_P23,0,0.2902357280254364,0
16,P23,P23,Post_P23,0,0.5938023924827576,1
16,P23,P23,Post_P23,0,0.37939414381980896,0
16,P23,P23,Post_P23,0,0.34397631883621216,0
16,P23,P23,Post_P23,0,0.32562246918678284,0
16,P23,P23,Post_P23,0,0.4163685142993927,0
16,P23,P23,Post_P23,0,0.22565552592277527,0
16,P23,P23,Post_P23,0,0.26393869519233704,0
16,P23,P23,Post_P23,0,0.34976038336753845,0
16,P23,P23,Post_P23,0,0.32879847288131714,0
16,P23,P23,Post_P23,0,0.2507585287094116,0
16,P23,P23,Post_P23,0,0.28855228424072266,0
16,P23,P23,Post_P23,0,0.29959025979042053,0
16,P23,P23,Post_P23,0,0.2742024064064026,0
16,P23,P23,Post_P23,0,0.560583233833313,1
16,P23,P23,Post_P23,0,0.2089085578918457,0
16,P23,P23,Post_P23,0,0.2394205927848816,0
16,P23,P23,Post_P23,0,0.6232484579086304,1
16,P23,P23,Post_P23,0,0.21769589185714722,0
16,P23,P23,Post_P23,0,0.270832359790802,0
16,P23,P23,Post_P23,0,0.5120059251785278,1
16,P23,P23,Post_P23,0,0.23406121134757996,0
16,P23,P23,Post_P23,0,0.49193307757377625,0
16,P23,P23,Post_P23,0,0.4711644947528839,0
16,P23,P23,Post_P23,0,0.5588558316230774,1
16,P23,P23,Post_P23,0,0.3329547941684723,0
16,P23,P23,Post_P23,0,0.35897788405418396,0
16,P23,P23,Post_P23,0,0.5099396705627441,1
16,P23,P23,Post_P23,0,0.6062613725662231,1
16,P23,P23,Post_P23,0,0.6195670962333679,1
16,P23,P23,Post_P23,0,0.418481707572937,0
16,P23,P23,Post_P23,0,0.4535523056983948,0
16,P23,P23,Post_P23,0,0.3101953864097595,0
16,P23,P23,Post_P23,0,0.382174015045166,0
16,P23,P23,Post_P23,0,0.479704886674881,0
16,P23,P23,Post_P23,0,0.30284711718559265,0
16,P23,P23,Post_P23,0,0.23233619332313538,0
16,P23,P23,Post_P23,0,0.20403121411800385,0
16,P23,P23,Post_P23,0,0.29483896493911743,0
16,P23,P23,Post_P23,0,0.43013331294059753,0
16,P23,P23,Post_P23,0,0.3346973955631256,0
16,P23,P23,Post_P23,0,0.253620982170105,0
16,P23,P23,Post_P23,0,0.3684428930282593,0
16,P23,P23,Post_P23,0,0.23580844700336456,0
16,P23,P23,Post_P23,0,0.3151991367340088,0
16,P23,P23,Post_P23,0,0.23379220068454742,0
16,P23,P23,Post_P23,0,0.23277626931667328,0
16,P23,P23,Post_P23,0,0.34524038434028625,0
16,P23,P23,Post_P23,0,0.25366345047950745,0
16,P23,P23,Post_P23,0,0.4024212658405304,0
16,P23,P23,Post_P23,0,0.30070438981056213,0
16,P23,P23,Post_P23,0,0.2352784425020218,0
16,P23,P23,Post_P23,0,0.22636327147483826,0
16,P23,P23,Post_P23,0,0.462360680103302,0
16,P23,P23,Post_P23,0,0.5909634232521057,1
16,P23,P23,Post_P23,0,0.2832234799861908,0
16,P23,P23,Post_P23,0,0.3897152245044708,0
16,P23,P23,Post_P23,0,0.4211808145046234,0
16,P23,P23,Post_P23,0,0.3374815583229065,0
16,P23,P23,Post_P23,0,0.4369552433490753,0
16,P23,P23,Post_P23,0,0.3532402515411377,0
16,P23,P23,Post_P23,0,0.44878309965133667,0
16,P23,P23,Post_P23,0,0.34020811319351196,0
16,P23,P23,Post_P23,0,0.5006905794143677,1
16,P23,P23,Post_P23,0,0.49261337518692017,0
16,P23,P23,Post_P23,0,0.247190922498703,0
16,P23,P23,Post_P23,0,0.43607649207115173,0
16,P23,P23,Post_P23,0,0.2950891852378845,0
16,P23,P23,Post_P23,0,0.5139684081077576,1
16,P23,P23,Post_P23,0,0.43861791491508484,0
16,P23,P23,Post_P23,0,0.2560579180717468,0
16,P23,P23,Post_P23,0,0.5091686844825745,1
16,P23,P23,Post_P23,0,0.5777882933616638,1
16,P23,P23,Post_P23,0,0.2987377643585205,0
16,P23,P23,Post_P23,0,0.25722625851631165,0
16,P23,P23,Post_P23,0,0.5682607889175415,1
16,P23,P23,Post_P23,0,0.23503510653972626,0
16,P23,P23,Post_P23,0,0.25452494621276855,0
16,P23,P23,Post_P23,0,0.43575021624565125,0
16,P23,P23,Post_P23,0,0.5305079817771912,1
16,P23,P23,Post_P23,0,0.4255809783935547,0
16,P23,P23,Post_P23,0,0.22815659642219543,0
16,P23,P23,Post_P23,0,0.3383543789386749,0
16,P23,P23,Post_P23,0,0.30125972628593445,0
16,P23,P23,Post_P23,0,0.4310566782951355,0
16,P23,P23,Post_P23,0,0.23416738212108612,0
16,P23,P23,Post_P23,0,0.2555839419364929,0
16,P23,P23,Post_P23,0,0.4994603991508484,0
16,P23,P23,Post_P23,0,0.4471763074398041,0
16,P23,P23,Post_P23,0,0.33667871356010437,0
16,P23,P23,Post_P23,0,0.49760374426841736,0
16,P23,P23,Post_P23,0,0.5097423791885376,1
16,P23,P23,Post_P23,0,0.35951346158981323,0
16,P23,P23,Post_P23,0,0.30936357378959656,0
16,P23,P23,Post_P23,0,0.5691575407981873,1
16,P23,P23,Post_P23_2,0,0.5276862978935242,1
16,P23,P23,Post_P23_2,0,0.5116803050041199,1
16,P23,P23,Post_P23_2,0,0.4287164807319641,0
16,P23,P23,Post_P23_2,0,0.22880786657333374,0
16,P23,P23,Post_P23_2,0,0.5979506373405457,1
16,P23,P23,Post_P23_2,0,0.4208938479423523,0
16,P23,P23,Post_P23_2,0,0.2943250834941864,0
16,P23,P23,Post_P23_2,0,0.4334471821784973,0
16,P23,P23,Post_P23_2,0,0.25930604338645935,0
16,P23,P23,Post_P23_2,0,0.5083017945289612,1
16,P23,P23,Post_P23_2,0,0.3229190409183502,0
16,P23,P23,Post_P23_2,0,0.38887977600097656,0
16,P23,P23,Post_P23_2,0,0.4796142280101776,0
16,P23,P23,Post_P23_2,0,0.3212388753890991,0
16,P23,P23,Post_P23_2,0,0.5093566179275513,1
16,P23,P23,Post_P23_2,0,0.5588895678520203,1
16,P23,P23,Post_P23_2,0,0.5362848043441772,1
16,P23,P23,Post_P23_2,0,0.4009597897529602,0
16,P23,P23,Post_P23_2,0,0.5410134196281433,1
16,P23,P23,Post_P23_2,0,0.38911131024360657,0
16,P23,P23,Post_P23_2,0,0.296784907579422,0
16,P23,P23,Post_P23_2,0,0.3398410379886627,0
16,P23,P23,Post_P23_2,0,0.4804033935070038,0
16,P23,P23,Post_P23_2,0,0.2400050014257431,0
16,P23,P23,Post_P23_2,0,0.39509186148643494,0
16,P23,P23,Post_P23_2,0,0.39530235528945923,0
16,P23,P23,Post_P23_2,0,0.4394620954990387,0
16,P23,P23,Post_P23_2,0,0.402797132730484,0
16,P23,P23,Post_P23_2,0,0.25545498728752136,0
16,P23,P23,Post_P23_2,0,0.37796854972839355,0
16,P23,P23,Post_P23_2,0,0.43423521518707275,0
16,P23,P23,Post_P23_2,0,0.28547558188438416,0
16,P23,P23,Post_P23_2,0,0.6158365607261658,1
16,P23,P23,Post_P23_2,0,0.31481364369392395,0
16,P23,P23,Post_P23_2,0,0.4865010380744934,0
16,P23,P23,Post_P23_2,0,0.40412381291389465,0
16,P23,P23,Post_P23_2,0,0.5630983710289001,1
16,P23,P23,Post_P23_2,0,0.5556551218032837,1
16,P23,P23,Post_P23_2,0,0.5832898616790771,1
16,P23,P23,Post_P23_2,0,0.28578802943229675,0
16,P23,P23,Post_P23_2,0,0.5295483469963074,1
16,P23,P23,Post_P23_2,0,0.4561794400215149,0
16,P23,P23,Post_P23_2,0,0.640478789806366,1
16,P23,P23,Post_P23_2,0,0.2862306237220764,0
16,P23,P23,Post_P23_2,0,0.28837329149246216,0
16,P23,P23,Post_P23_2,0,0.4571722447872162,0
16,P23,P23,Post_P23_2,0,0.36035898327827454,0
16,P23,P23,Post_P23_2,0,0.42293834686279297,0
16,P23,P23,Post_P23_2,0,0.5491341352462769,1
16,P23,P23,Post_P23_2,0,0.64702969789505,1
16,P23,P23,Post_P23_2,0,0.483814001083374,0
16,P23,P23,Post_P23_2,0,0.3147014379501343,0
16,P23,P23,Post_P23_2,0,0.529583215713501,1
16,P23,P23,Post_P23_2,0,0.36016806960105896,0
16,P23,P23,Post_P23_2,0,0.5197969675064087,1
16,P23,P23,Post_P23_2,0,0.4552364647388458,0
16,P23,P23,Post_P23_2,0,0.45086100697517395,0
16,P23,P23,Post_P23_2,0,0.2937774062156677,0
16,P23,P23,Post_P23_2,0,0.5810866951942444,1
16,P23,P23,Post_P23_2,0,0.4618625044822693,0
16,P23,P23,Post_P23_2,0,0.5350970029830933,1
16,P23,P23,Post_P23_2,0,0.26551997661590576,0
16,P23,P23,Post_P23_2,0,0.4971418082714081,0
16,P23,P23,Post_P23_2,0,0.4052596092224121,0
16,P23,P23,Post_P23_2,0,0.511172890663147,1
16,P23,P23,Post_P23_2,0,0.3037528991699219,0
16,P23,P23,Post_P23_2,0,0.2506841719150543,0
16,P23,P23,Post_P23_2,0,0.559567391872406,1
16,P23,P23,Post_P23_2,0,0.6128725409507751,1
16,P23,P23,Post_P23_2,0,0.37363195419311523,0
16,P23,P23,Post_P23_2,0,0.5627692937850952,1
16,P23,P23,Post_P23_2,0,0.4178348481655121,0
16,P23,P23,Post_P23_2,0,0.32901090383529663,0
16,P23,P23,Post_P23_2,0,0.39900150895118713,0
16,P23,P23,Post_P23_2,0,0.3765811324119568,0
16,P23,P23,Post_P23_2,0,0.4622442424297333,0
16,P23,P23,Post_P23_2,0,0.694040834903717,1
16,P23,P23,Post_P23_2,0,0.5360555648803711,1
16,P23,P23,Post_P23_2,0,0.42269524931907654,0
16,P23,P23,Post_P23_2,0,0.32839787006378174,0
16,P23,P23,Post_P23_2,0,0.387388676404953,0
16,P23,P23,Post_P23_2,0,0.36383286118507385,0
16,P23,P23,Post_P23_2,0,0.24557539820671082,0
16,P23,P23,Post_P23_2,0,0.31879687309265137,0
16,P23,P23,Post_P23_2,0,0.5555208921432495,1
16,P23,P23,Post_P23_2,0,0.2562105059623718,0
16,P23,P23,Post_P23_2,0,0.25355497002601624,0
16,P23,P23,Post_P23_2,0,0.5002309083938599,1
16,P23,P23,Post_P23_2,0,0.24348947405815125,0
16,P23,P23,Post_P23_2,0,0.5348641872406006,1
16,P23,P23,Post_P23_2,0,0.38470903038978577,0
16,P23,P23,Post_P23_2,0,0.4233415722846985,0
16,P23,P23,Post_P23_2,0,0.2617081105709076,0
16,P23,P23,Post_P23_2,0,0.4938160181045532,0
16,P23,P23,Post_P23_2,0,0.34591615200042725,0
16,P23,P23,Post_P23_2,0,0.35858190059661865,0
16,P23,P23,Post_P23_2,0,0.4936922788619995,0
16,P23,P23,Post_P23_2,0,0.4507262110710144,0
16,P23,P23,Post_P23_2,0,0.35328641533851624,0
16,P23,P23,Post_P23_2,0,0.28303250670433044,0
16,P23,P23,Post_P23_2,0,0.5379822850227356,1
16,P23,P23,Post_P23_2,0,0.28585439920425415,0
16,P23,P23,Post_P23_2,0,0.2582601010799408,0
16,P23,P23,Post_P23_2,0,0.2759019136428833,0
16,P23,P23,Post_P23_2,0,0.4874119460582733,0
16,P23,P23,Post_P23_2,0,0.3602096438407898,0
16,P23,P23,Post_P23_2,0,0.5518940687179565,1
16,P23,P23,Post_P23_2,0,0.5516380071640015,1
16,P23,P23,Post_P23_2,0,0.43552088737487793,0
16,P23,P23,Post_P23_2,0,0.2576010227203369,0
16,P23,P23,Post_P23_2,0,0.26809147000312805,0
16,P23,P23,Post_P23_2,0,0.45935484766960144,0
16,P23,P23,Post_P23_2,0,0.4817543923854828,0
16,P23,P23,Post_P23_2,0,0.501501739025116,1
16,P23,P23,Post_P23_2,0,0.517296314239502,1
16,P23,P23,Post_P23_2,0,0.5073667764663696,1
16,P23,P23,Post_P23_2,0,0.3630092442035675,0
16,P23,P23,Post_P23_2,0,0.5690131187438965,1
16,P23,P23,Post_P23_2,0,0.3401986062526703,0
16,P23,P23,Post_P23_2,0,0.291718453168869,0
16,P23,P23,Post_P23_2,0,0.41533923149108887,0
16,P23,P23,Post_P23_2,0,0.42985647916793823,0
16,P23,P23,Post_P23_2,0,0.6452592015266418,1
16,P23,P23,Post_P23_2,0,0.3284842073917389,0
16,P23,P23,Post_P23_2,0,0.5627683401107788,1
16,P23,P23,Post_P23_2,0,0.4938887059688568,0
16,P23,P23,Post_P23_2,0,0.3770654499530792,0
16,P23,P23,Post_P23_2,0,0.307709664106369,0
16,P23,P23,Post_P23_2,0,0.4195523262023926,0
16,P23,P23,Post_P23_2,0,0.25081637501716614,0
16,P23,P23,Post_P23_2,0,0.48303666710853577,0
16,P23,P23,Post_P23_2,0,0.33852556347846985,0
16,P23,P23,Post_P23_2,0,0.42129725217819214,0
16,P23,P23,Post_P23_2,0,0.25549063086509705,0
16,P23,P23,Post_P23_2,0,0.4625139534473419,0
16,P23,P23,Post_P23_2,0,0.4656609296798706,0
16,P23,P23,Post_P23_2,0,0.4303305745124817,0
16,P23,P23,Post_P23_2,0,0.273346483707428,0
16,P23,P23,Post_P23_2,0,0.5405415892601013,1
16,P23,P23,Post_P23_2,0,0.4888128936290741,0
16,P23,P23,Post_P23_2,0,0.24718649685382843,0
16,P23,P23,Post_P23_2,0,0.5650678873062134,1
16,P23,P23,Post_P23_2,0,0.43748506903648376,0
16,P23,P23,Post_P23_2,0,0.47060060501098633,0
16,P23,P23,Post_P23_2,0,0.4268926680088043,0
16,P23,P23,Post_P23_2,0,0.40874868631362915,0
16,P23,P23,Post_P23_2,0,0.4968593716621399,0
16,P23,P23,Post_P23_2,0,0.6013579368591309,1
16,P23,P23,Post_P23_2,0,0.4289311468601227,0
16,P23,P23,Post_P23_2,0,0.5311421155929565,1
16,P23,P23,Post_P23_2,0,0.5468168258666992,1
16,P23,P23,Post_P23_2,0,0.5758635401725769,1
16,P23,P23,Post_P23_2,0,0.5720515847206116,1
16,P23,P23,Post_P23_2,0,0.5280405879020691,1
16,P23,P23,Post_P23_2,0,0.42500701546669006,0
16,P23,P23,Post_P23_2,0,0.42646145820617676,0
16,P23,P23,Post_P23_2,0,0.4122310280799866,0
16,P23,P23,Post_P23_2,0,0.37397468090057373,0
16,P23,P23,Post_P23_2,0,0.33745309710502625,0
16,P23,P23,Post_P23_2,0,0.3368459939956665,0
16,P23,P23,Post_P23_2,0,0.4052111804485321,0
16,P23,P23,Post_P23_2,0,0.3582896292209625,0
16,P23,P23,Post_P23_2,0,0.6204664707183838,1
16,P23,P23,Post_P23_2,0,0.4668981730937958,0
16,P23,P23,Post_P23_2,0,0.45541396737098694,0
16,P23,P23,Post_P23_2,0,0.4840456545352936,0
16,P23,P23,Post_P23_2,0,0.3135496973991394,0
16,P23,P23,Post_P23_2,0,0.4348410665988922,0
16,P23,P23,Post_P23_2,0,0.436572790145874,0
16,P23,P23,Post_P23_2,0,0.25765088200569153,0
16,P23,P23,Post_P23_2,0,0.43555015325546265,0
16,P23,P23,Post_P23_2,0,0.31774258613586426,0
16,P23,P23,Post_P23_2,0,0.2536422312259674,0
16,P23,P23,Post_P23_2,0,0.4620334804058075,0
16,P23,P23,Post_P23_2,0,0.22211743891239166,0
16,P23,P23,Post_P23_2,0,0.4854269027709961,0
16,P23,P23,Post_P23_2,0,0.537098228931427,1
16,P23,P23,Post_P23_2,0,0.3945503830909729,0
16,P23,P23,Post_P23_2,0,0.507666289806366,1
16,P23,P23,Post_P23_2,0,0.5588628649711609,1
16,P23,P23,Post_P23_2,0,0.42990952730178833,0
16,P23,P23,Post_P23_2,0,0.25112199783325195,0
16,P23,P23,Post_P23_2,0,0.6133823990821838,1
16,P23,P23,Post_P23_2,0,0.3888188600540161,0
16,P23,P23,Post_P23_2,0,0.4909861981868744,0
16,P23,P23,Post_P23_2,0,0.5564886927604675,1
16,P23,P23,Post_P23_2,0,0.337873637676239,0
16,P23,P23,Post_P23_2,0,0.47576287388801575,0
16,P23,P23,Post_P23_2,0,0.3816399574279785,0
16,P23,P23,Post_P23_2,0,0.37250465154647827,0
16,P23,P23,Post_P23_2,0,0.28865018486976624,0
16,P23,P23,Post_P23_2,0,0.587517499923706,1
16,P23,P23,Post_P23_2,0,0.511989414691925,1
16,P23,P23,Post_P23_2,0,0.3424915075302124,0
16,P23,P23,Post_P23_2,0,0.4126366674900055,0
16,P23,P23,Post_P23_2,0,0.4580279588699341,0
16,P23,P23,Post_P23_2,0,0.29428282380104065,0
16,P23,P23,Post_P23_2,0,0.2934938967227936,0
16,P23,P23,Post_P23_2,0,0.39011627435684204,0
16,P23,P23,Post_P23_2,0,0.23570746183395386,0
16,P23,P23,Post_P23_2,0,0.49323490262031555,0
16,P23,P23,Post_P23_2,0,0.4638911187648773,0
16,P23,P23,Post_P23_2,0,0.3110712170600891,0
16,P23,P23,Post_P23_2,0,0.30109289288520813,0
16,P23,P23,Post_P23_2,0,0.38456761837005615,0
16,P23,P23,Post_P23_2,0,0.2881907522678375,0
16,P23,P23,Post_P23_2,0,0.4070584177970886,0
16,P23,P23,Post_P23_2,0,0.5490272641181946,1
16,P23,P23,Post_P23_2,0,0.5996035933494568,1
16,P23,P23,Post_P23_2,0,0.40909120440483093,0
16,P23,P23,Post_P23_2,0,0.331868439912796,0
16,P23,P23,Post_P23_2,0,0.2675326466560364,0
16,P23,P23,Post_P23_2,0,0.2293684482574463,0
16,P23,P23,Post_P23_2,0,0.3426859378814697,0
16,P23,P23,Post_P23_2,0,0.42215293645858765,0
16,P23,P23,Post_P23_2,0,0.28866422176361084,0
16,P23,P23,Post_P23_2,0,0.4450468122959137,0
16,P23,P23,Post_P23_2,0,0.2417295128107071,0
16,P23,P23,Post_P23_2,0,0.4848348796367645,0
16,P23,P23,Post_P23_2,0,0.22960048913955688,0
16,P23,P23,Post_P23_2,0,0.26599186658859253,0
16,P23,P23,Post_P23_2,0,0.5249367356300354,1
16,P23,P23,Post_P23_2,0,0.45710334181785583,0
16,P23,P23,Post_P23_2,0,0.43993425369262695,0
16,P23,P23,Post_P23_2,0,0.3393256366252899,0
16,P23,P23,Post_P23_2,0,0.387519896030426,0
16,P23,P23,Post_P23_2,0,0.25483888387680054,0
16,P23,P23,Post_P23_2,0,0.39064204692840576,0
16,P23,P23,Post_P23_2,0,0.44654691219329834,0
16,P23,P23,Post_P23_2,0,0.46537232398986816,0
16,P23,P23,Post_P23_2,0,0.25672876834869385,0
16,P23,P23,Post_P23_2,0,0.6384239792823792,1
16,P23,P23,Post_P23_2,0,0.2693100869655609,0
16,P23,P23,Post_P23_2,0,0.4296589493751526,0
16,P23,P23,Post_P23_2,0,0.5413564443588257,1
16,P23,P23,Post_P23_2,0,0.4420633316040039,0
16,P23,P23,Post_P23_2,0,0.387241929769516,0
16,P23,P23,Post_P23_2,0,0.6354406476020813,1
16,P23,P23,Post_P23_2,0,0.5078511238098145,1
16,P23,P23,Post_P23_2,0,0.4380215108394623,0
16,P23,P23,Post_P23_2,0,0.5009442567825317,1
16,P23,P23,Post_P23_2,0,0.40117889642715454,0
16,P23,P23,Post_P23_2,0,0.27569422125816345,0
16,P23,P23,Post_P23_2,0,0.5147719383239746,1
16,P23,P23,Post_P23_2,0,0.4049396216869354,0
16,P23,P23,Post_P23_2,0,0.5413618087768555,1
16,P23,P23,Post_P23_2,0,0.5124202966690063,1
16,P23,P23,Post_P23_2,0,0.35108134150505066,0
16,P23,P23,Post_P23_2,0,0.25825223326683044,0
16,P23,P23,Post_P23_2,0,0.2441159188747406,0
16,P23,P23,Post_P23_2,0,0.5135396122932434,1
16,P23,P23,Post_P23_2,0,0.4040447771549225,0
16,P23,P23,Post_P23_2,0,0.32696211338043213,0
16,P23,P23,Post_P23_2,0,0.31451696157455444,0
16,P23,P23,Post_P23_2,0,0.3952502906322479,0
16,P23,P23,Post_P23_2,0,0.5088096261024475,1
16,P23,P23,Post_P23_2,0,0.4805968701839447,0
16,P23,P23,Post_P23_2,0,0.3143024742603302,0
16,P23,P23,Post_P23_2,0,0.46718618273735046,0
16,P23,P23,Post_P23_2,0,0.2545519769191742,0
16,P23,P23,Post_P23_2,0,0.4804260730743408,0
16,P23,P23,Post_P23_2,0,0.2538850009441376,0
16,P23,P23,Post_P23_2,0,0.22748525440692902,0
16,P23,P23,Post_P23_2,0,0.2640342712402344,0
16,P23,P23,Post_P23_2,0,0.3577251136302948,0
16,P23,P23,Post_P23_2,0,0.27915865182876587,0
16,P23,P23,Post_P23_2,0,0.2922520935535431,0
16,P23,P23,Post_P23_2,0,0.6283056735992432,1
16,P23,P23,Post_P23_2,0,0.3220737874507904,0
16,P23,P23,Post_P23_2,0,0.623271644115448,1
16,P23,P23,Post_P23_2,0,0.21961341798305511,0
16,P23,P23,Post_P23_2,0,0.3200203478336334,0
16,P23,P23,Post_P23_2,0,0.38686588406562805,0
16,P23,P23,Post_P23_2,0,0.4700918197631836,0
16,P23,P23,Post_P23_2,0,0.5774847269058228,1
16,P23,P23,Post_P23_2,0,0.4218491017818451,0
16,P23,P23,Post_P23_2,0,0.41319364309310913,0
16,P23,P23,Post_P23_2,0,0.39985334873199463,0
16,P23,P23,Post_P23_2,0,0.4115124046802521,0
16,P23,P23,Post_P23_2,0,0.4481526017189026,0
16,P23,P23,Post_P23_2,0,0.38322094082832336,0
16,P23,P23,Post_P23_2,0,0.47250330448150635,0
16,P23,P23,Post_P23_2,0,0.5102069973945618,1
16,P23,P23,Post_P23_2,0,0.41914528608322144,0
16,P23,P23,Post_P23_2,0,0.389686644077301,0
16,P23,P23,Post_P23_2,0,0.6478652358055115,1
16,P23,P23,Post_P23_2,0,0.5701724886894226,1
16,P23,P23,Post_P23_2,0,0.297832727432251,0
16,P23,P23,Post_P23_2,0,0.423831969499588,0
16,P23,P23,Post_P23_2,0,0.394453227519989,0
16,P23,P23,Post_P23_2,0,0.4832928776741028,0
16,P23,P23,Post_P23_2,0,0.44916388392448425,0
16,P23,P23,Post_P23_2,0,0.2787117660045624,0
16,P23,P23,Post_P23_2,0,0.31554242968559265,0
16,P23,P23,Post_P23_2,0,0.5145069360733032,1
16,P23,P23,Post_P23_2,0,0.4211026430130005,0
16,P23,P23,Post_P23_2,0,0.35462114214897156,0
16,P23,P23,Post_P23_2,0,0.2715440094470978,0
16,P23,P23,Post_P23_2,0,0.5570026636123657,1
16,P23,P23,Post_P23_2,0,0.3030658960342407,0
16,P23,P23,Post_P23_2,0,0.23323386907577515,0
16,P23,P23,Post_P23_2,0,0.2601695954799652,0
16,P23,P23,Post_P23_2,0,0.23109281063079834,0
16,P23,P23,Post_P23_2,0,0.24195368587970734,0
16,P23,P23,Post_P23_2,0,0.41312089562416077,0
16,P23,P23,Post_P23_2,0,0.23959538340568542,0
16,P23,P23,Post_P23_2,0,0.3562449514865875,0
16,P23,P23,Post_P23_2,0,0.23779913783073425,0
16,P23,P23,Post_P23_2,0,0.5530474781990051,1
16,P23,P23,Post_P23_2,0,0.5035638809204102,1
16,P23,P23,Post_P23_2,0,0.6623227596282959,1
16,P23,P23,Post_P23_2,0,0.25814196467399597,0
16,P23,P23,Post_P23_2,0,0.2685414254665375,0
16,P23,P23,Post_P23_2,0,0.43583840131759644,0
16,P23,P23,Post_P23_2,0,0.2602637708187103,0
16,P23,P23,Post_P23_2,0,0.32180431485176086,0
16,P23,P23,Post_P23_2,0,0.21602948009967804,0
16,P23,P23,Post_P23_2,0,0.3521517217159271,0
16,P23,P23,Post_P23_2,0,0.2970644533634186,0
16,P23,P23,Post_P23_2,0,0.4330168664455414,0
16,P23,P23,Post_P23_2,0,0.2696497142314911,0
16,P23,P23,Post_P23_2,0,0.32578301429748535,0
16,P23,P23,Post_P23_2,0,0.4624834954738617,0
16,P23,P23,Post_P23_2,0,0.4258570373058319,0
16,P23,P23,Post_P23_2,0,0.27897945046424866,0
16,P23,P23,Post_P23_2,0,0.24788972735404968,0
16,P23,P23,Post_P23_2,0,0.4543696939945221,0
16,P23,P23,Post_P23_2,0,0.45070675015449524,0
16,P23,P23,Post_P23_2,0,0.4473385214805603,0
16,P23,P23,Post_P23_2,0,0.34801170229911804,0
16,P23,P23,Post_P23_2,0,0.287448912858963,0
16,P23,P23,Post_P23_2,0,0.6262432932853699,1
16,P23,P23,Post_P23_2,0,0.4432651996612549,0
16,P23,P23,Post_P23_2,0,0.27501776814460754,0
16,P23,P23,Post_P23_2,0,0.519006609916687,1
16,P23,P23,Post_P23_2,0,0.2522587478160858,0
16,P23,P23,Post_P23_2,0,0.443731427192688,0
16,P23,P23,Post_P23_2,0,0.3503401577472687,0
16,P23,P23,Post_P23_2,0,0.27056407928466797,0
16,P23,P23,Post_P23_2,0,0.5448662638664246,1
16,P23,P23,Post_P23_2,0,0.5214440226554871,1
16,P23,P23,Post_P23_2,0,0.632841944694519,1
16,P23,P23,Post_P23_2,0,0.43036457896232605,0
16,P23,P23,Post_P23_2,0,0.47234201431274414,0
16,P23,P23,Post_P23_2,0,0.2301204353570938,0
16,P23,P23,Post_P23_2,0,0.46750882267951965,0
16,P23,P23,Post_P23_2,0,0.629514753818512,1
16,P23,P23,Post_P23_2,0,0.5331313610076904,1
16,P23,P23,Post_P23_2,0,0.4648607671260834,0
16,P23,P23,Post_P23_2,0,0.4295143783092499,0
16,P23,P23,Post_P23_2,0,0.38684454560279846,0
16,P23,P23,Post_P23_2,0,0.4669625759124756,0
16,P23,P23,Post_P23_2,0,0.4144671559333801,0
16,P23,P23,Post_P23_2,0,0.38371047377586365,0
16,P23,P23,Post_P23_2,0,0.3445923924446106,0
16,P23,P23,Post_P23_2,0,0.3767026662826538,0
16,P23,P23,Post_P23_2,0,0.5326095819473267,1
16,P23,P23,Post_P23_2,0,0.3983886241912842,0
16,P23,P23,Post_P23_2,0,0.40507587790489197,0
16,P23,P23,Post_P23_2,0,0.32558226585388184,0
16,P23,P23,Post_P23_2,0,0.41854947805404663,0
16,P23,P23,Post_P23_2,0,0.4995098114013672,0
17,P24,P24,Pre_P24,1,0.5145395994186401,1
17,P24,P24,Pre_P24,1,0.5161466002464294,1
17,P24,P24,Pre_P24,1,0.4996817409992218,0
17,P24,P24,Pre_P24,1,0.5309932231903076,1
17,P24,P24,Pre_P24,1,0.5154725909233093,1
17,P24,P24,Pre_P24,1,0.4949122965335846,0
17,P24,P24,Pre_P24,1,0.5407258868217468,1
17,P24,P24,Pre_P24,1,0.5306313037872314,1
17,P24,P24,Pre_P24,1,0.48012226819992065,0
17,P24,P24,Pre_P24,1,0.502596378326416,1
17,P24,P24,Pre_P24,1,0.49507710337638855,0
17,P24,P24,Pre_P24,1,0.5037928819656372,1
17,P24,P24,Pre_P24,1,0.4737926721572876,0
17,P24,P24,Pre_P24,1,0.5109629034996033,1
17,P24,P24,Pre_P24,1,0.5309646725654602,1
17,P24,P24,Pre_P24,1,0.5246487855911255,1
17,P24,P24,Pre_P24,1,0.5309646725654602,1
17,P24,P24,Pre_P24,1,0.5342252254486084,1
17,P24,P24,Pre_P24,1,0.5308334231376648,1
17,P24,P24,Pre_P24,1,0.5304392576217651,1
17,P24,P24,Pre_P24,1,0.4908542037010193,0
17,P24,P24,Pre_P24,1,0.5107913017272949,1
17,P24,P24,Pre_P24,1,0.4414699077606201,0
17,P24,P24,Pre_P24,1,0.5100709199905396,1
17,P24,P24,Pre_P24,1,0.5309646725654602,1
17,P24,P24,Pre_P24,1,0.4354662299156189,0
17,P24,P24,Pre_P24,1,0.5297462344169617,1
17,P24,P24,Pre_P24,1,0.5164037346839905,1
17,P24,P24,Pre_P24,1,0.5175569653511047,1
17,P24,P24,Pre_P24,1,0.5453049540519714,1
17,P24,P24,Pre_P24,1,0.5251511335372925,1
17,P24,P24,Pre_P24,1,0.4778364896774292,0
17,P24,P24,Pre_P24,1,0.531195342540741,1
17,P24,P24,Pre_P24,1,0.5434355735778809,1
17,P24,P24,Pre_P24,1,0.44761720299720764,0
17,P24,P24,Pre_P24,1,0.5308334231376648,1
17,P24,P24,Pre_P24,1,0.44761720299720764,0
17,P24,P24,Pre_P24,1,0.4769827723503113,0
17,P24,P24,Pre_P24,1,0.4483637511730194,0
17,P24,P24,Pre_P24,1,0.48817479610443115,0
17,P24,P24,Pre_P24,1,0.44880035519599915,0
17,P24,P24,Pre_P24,1,0.500454843044281,1
17,P24,P24,Pre_P24,1,0.5245925784111023,1
17,P24,P24,Pre_P24,1,0.49992644786834717,0
17,P24,P24,Pre_P24,1,0.5373594164848328,1
17,P24,P24,Pre_P24,1,0.5246487855911255,1
17,P24,P24,Pre_P24,1,0.4780747890472412,0
17,P24,P24,Pre_P24,1,0.5309646725654602,1
17,P24,P24,Pre_P24,1,0.49581554532051086,0
17,P24,P24,Pre_P24,1,0.46737369894981384,0
17,P24,P24,Pre_P24,1,0.5309646725654602,1
17,P24,P24,Pre_P24,1,0.43692097067832947,0
17,P24,P24,Pre_P24,1,0.5309646725654602,1
17,P24,P24,Pre_P24,1,0.5306313037872314,1
17,P24,P24,Pre_P24,1,0.5253955125808716,1
17,P24,P24,Pre_P24,1,0.5115308165550232,1
17,P24,P24,Pre_P24,1,0.5309646725654602,1
17,P24,P24,Pre_P24,1,0.4830731749534607,0
17,P24,P24,Pre_P24,1,0.5429801940917969,1
17,P24,P24,Pre_P24,1,0.5309646725654602,1
17,P24,P24,Pre_P24,1,0.48028016090393066,0
17,P24,P24,Pre_P24,1,0.4782698452472687,0
17,P24,P24,Pre_P24,1,0.5150681138038635,1
17,P24,P24,Pre_P24,1,0.5111381411552429,1
17,P24,P24,Pre_P24,1,0.5395277142524719,1
17,P24,P24,Pre_P24,1,0.5228947997093201,1
17,P24,P24,Pre_P24,1,0.5246926546096802,1
17,P24,P24,Pre_P24,1,0.5243826508522034,1
17,P24,P24,Pre_P24,1,0.5292099714279175,1
17,P24,P24,Pre_P24,1,0.5247266888618469,1
17,P24,P24,Pre_P24,1,0.5449473857879639,1
17,P24,P24,Pre_P24,1,0.48220643401145935,0
17,P24,P24,Pre_P24,1,0.5226056575775146,1
17,P24,P24,Pre_P24,1,0.5059202313423157,1
17,P24,P24,Pre_P24,1,0.5609995722770691,1
17,P24,P24,Pre_P24,1,0.5018954277038574,1
17,P24,P24,Pre_P24,1,0.5373594164848328,1
17,P24,P24,Pre_P24,1,0.5308334231376648,1
17,P24,P24,Pre_P24,1,0.5309646725654602,1
17,P24,P24,Pre_P24,1,0.5167146921157837,1
17,P24,P24,Pre_P24,1,0.4753899872303009,0
17,P24,P24,Pre_P24,1,0.4416603147983551,0
17,P24,P24,Pre_P24,1,0.5246487855911255,1
17,P24,P24,Pre_P24,1,0.47806814312934875,0
17,P24,P24,Pre_P24,1,0.5304417014122009,1
17,P24,P24,Pre_P24,1,0.5181204080581665,1
17,P24,P24,Pre_P24,1,0.5371062755584717,1
17,P24,P24,Pre_P24,1,0.545174241065979,1
17,P24,P24,Pre_P24,1,0.44761720299720764,0
17,P24,P24,Pre_P24,1,0.5153512954711914,1
17,P24,P24,Pre_P24,1,0.5125491619110107,1
17,P24,P24,Pre_P24,1,0.5253955125808716,1
17,P24,P24,Pre_P24,1,0.5140587687492371,1
17,P24,P24,Pre_P24,1,0.48243990540504456,0
17,P24,P24,Pre_P24,1,0.5453144311904907,1
17,P24,P24,Pre_P24,1,0.4966644048690796,0
17,P24,P24,Pre_P24,1,0.4590613543987274,0
17,P24,P24,Pre_P24,1,0.5283516049385071,1
17,P24,P24,Pre_P24,1,0.5308334231376648,1
17,P24,P24,Pre_P24,1,0.5373594164848328,1
17,P24,P24,Pre_P24,1,0.5137863159179688,1
17,P24,P24,Pre_P24,1,0.49030497670173645,0
17,P24,P24,Pre_P24,1,0.5302662253379822,1
17,P24,P24,Pre_P24,1,0.5040287971496582,1
17,P24,P24,Pre_P24,1,0.44880035519599915,0
17,P24,P24,Pre_P24,1,0.5289760828018188,1
17,P24,P24,Pre_P24,1,0.43692097067832947,0
17,P24,P24,Pre_P24,1,0.5231729745864868,1
17,P24,P24,Pre_P24,1,0.4944190979003906,0
17,P24,P24,Pre_P24,1,0.5309646725654602,1
17,P24,P24,Pre_P24,1,0.5251418948173523,1
17,P24,P24,Pre_P24,1,0.4812004268169403,0
17,P24,P24,Pre_P24,1,0.5005699992179871,1
17,P24,P24,Pre_P24,1,0.49747568368911743,0
17,P24,P24,Pre_P24,1,0.5309646725654602,1
17,P24,P24,Pre_P24,1,0.5156624913215637,1
17,P24,P24,Pre_P24,1,0.5133621096611023,1
17,P24,P24,Pre_P24,1,0.5160322785377502,1
17,P24,P24,Pre_P24,1,0.48650601506233215,0
17,P24,P24,Pre_P24,1,0.5076106786727905,1
17,P24,P24,Pre_P24,1,0.4942323565483093,0
17,P24,P24,Pre_P24,1,0.5373594164848328,1
17,P24,P24,Pre_P24,1,0.5269510746002197,1
17,P24,P24,Pre_P24,1,0.5166520476341248,1
17,P24,P24,Pre_P24,1,0.5015088319778442,1
17,P24,P24,Pre_P24,1,0.5097429752349854,1
17,P24,P24,Pre_P24,1,0.527921199798584,1
17,P24,P24,Pre_P24,1,0.5050438046455383,1
17,P24,P24,Pre_P24,1,0.5451338291168213,1
17,P24,P24,Pre_P24,1,0.4997450113296509,0
17,P24,P24,Pre_P24,1,0.4987420439720154,0
17,P24,P24,Pre_P24,1,0.5308334231376648,1
17,P24,P24,Pre_P24,1,0.5454451441764832,1
17,P24,P24,Pre_P24,1,0.5417752265930176,1
17,P24,P24,Pre_P24,1,0.5011100769042969,1
17,P24,P24,Pre_P24,1,0.5307663083076477,1
17,P24,P24,Pre_P24,1,0.43547123670578003,0
17,P24,P24,Pre_P24,1,0.5292099714279175,1
17,P24,P24,Pre_P24,1,0.5309646725654602,1
17,P24,P24,Pre_P24,1,0.44880035519599915,0
17,P24,P24,Pre_P24,1,0.5453049540519714,1
17,P24,P24,Pre_P24,1,0.5308334231376648,1
17,P24,P24,Pre_P24,1,0.5197921991348267,1
17,P24,P24,Pre_P24,1,0.5308334231376648,1
17,P24,P24,Pre_P24,1,0.49984341859817505,0
17,P24,P24,Pre_P24,1,0.4721386432647705,0
17,P24,P24,Pre_P24,1,0.5000776648521423,1
17,P24,P24,Pre_P24,1,0.5057993531227112,1
17,P24,P24,Pre_P24,1,0.48667383193969727,0
17,P24,P24,Pre_P24,1,0.5036824345588684,1
17,P24,P24,Pre_P24,1,0.47401952743530273,0
17,P24,P24,Pre_P24,1,0.5309646725654602,1
17,P24,P24,Pre_P24,1,0.4784468114376068,0
17,P24,P24,Pre_P24,1,0.4959492087364197,0
17,P24,P24,Pre_P24,1,0.49407610297203064,0
17,P24,P24,Pre_P24,1,0.5254700779914856,1
17,P24,P24,Pre_P24,1,0.5214512944221497,1
17,P24,P24,Pre_P24,1,0.49448373913764954,0
17,P24,P24,Pre_P24,1,0.5331308841705322,1
17,P24,P24,Pre_P24,1,0.5430198311805725,1
17,P24,P24,Pre_P24,1,0.525327742099762,1
17,P24,P24,Pre_P24,1,0.4948957562446594,0
17,P24,P24,Pre_P24,1,0.4748966097831726,0
17,P24,P24,Pre_P24,1,0.5107327103614807,1
17,P24,P24,Pre_P24,1,0.5248643755912781,1
17,P24,P24,Pre_P24,1,0.47705334424972534,0
17,P24,P24,Pre_P24,1,0.5341321229934692,1
17,P24,P24,Pre_P24,1,0.47467195987701416,0
17,P24,P24,Pre_P24,1,0.47976967692375183,0
17,P24,P24,Pre_P24,1,0.523977518081665,1
17,P24,P24,Pre_P24,1,0.5361600518226624,1
17,P24,P24,Pre_P24,1,0.5232250094413757,1
17,P24,P24,Pre_P24,1,0.5309646725654602,1
17,P24,P24,Pre_P24,1,0.5060520768165588,1
17,P24,P24,Pre_P24,1,0.5415473580360413,1
17,P24,P24,Pre_P24,1,0.5254700779914856,1
17,P24,P24,Pre_P24,1,0.4971460700035095,0
17,P24,P24,Pre_P24,1,0.5454451441764832,1
17,P24,P24,Pre_P24,1,0.5241162180900574,1
17,P24,P24,Pre_P24,1,0.49603894352912903,0
17,P24,P24,Pre_P24,1,0.5373594164848328,1
17,P24,P24,Pre_P24,1,0.5309646725654602,1
17,P24,P24,Pre_P24,1,0.5430198311805725,1
17,P24,P24,Pre_P24,1,0.5309646725654602,1
17,P24,P24,Pre_P24,1,0.5373594164848328,1
17,P24,P24,Pre_P24,1,0.5253386497497559,1
17,P24,P24,Pre_P24,1,0.5077452659606934,1
17,P24,P24,Pre_P24,1,0.5273385643959045,1
17,P24,P24,Pre_P24,1,0.4694817066192627,0
17,P24,P24,Pre_P24,1,0.5367171168327332,1
17,P24,P24,Pre_P24,1,0.46346309781074524,0
17,P24,P24,Pre_P24,1,0.5313265919685364,1
17,P24,P24,Pre_P24,1,0.46518033742904663,0
17,P24,P24,Pre_P24,1,0.5137918591499329,1
17,P24,P24,Pre_P24,1,0.49655860662460327,0
17,P24,P24,Pre_P24,1,0.505792498588562,1
17,P24,P24,Pre_P24,1,0.4673624336719513,0
17,P24,P24,Pre_P24,1,0.50947505235672,1
17,P24,P24,Pre_P24,1,0.5176529288291931,1
17,P24,P24,Pre_P24,1,0.4537428021430969,0
17,P24,P24,Pre_P24,1,0.5309646725654602,1
17,P24,P24,Pre_P24,1,0.5191471576690674,1
17,P24,P24,Pre_P24,1,0.507472038269043,1
17,P24,P24,Pre_P24,1,0.5109666585922241,1
17,P24,P24,Pre_P24,1,0.5215103626251221,1
17,P24,P24,Pre_P24,1,0.5438731908798218,1
17,P24,P24,Pre_P24,1,0.49282848834991455,0
17,P24,P24,Pre_P24,1,0.5045334696769714,1
17,P24,P24,Pre_P24,1,0.518429696559906,1
17,P24,P24,Pre_P24,1,0.5232540369033813,1
17,P24,P24,Pre_P24,1,0.5240209698677063,1
17,P24,P24,Pre_P24,1,0.5053444504737854,1
17,P24,P24,Pre_P24,1,0.5236436128616333,1
17,P24,P24,Pre_P24,1,0.44761720299720764,0
17,P24,P24,Pre_P24,1,0.4953652322292328,0
17,P24,P24,Pre_P24,1,0.5450351238250732,1
17,P24,P24,Pre_P24,1,0.5480355620384216,1
17,P24,P24,Pre_P24,1,0.5309646725654602,1
17,P24,P24,Pre_P24,1,0.5284863114356995,1
17,P24,P24,Pre_P24,1,0.4966345727443695,0
17,P24,P24,Pre_P24,1,0.5309646725654602,1
17,P24,P24,Pre_P24,1,0.5165525674819946,1
17,P24,P24,Pre_P24,1,0.44881686568260193,0
17,P24,P24,Pre_P24,1,0.5453144311904907,1
17,P24,P24,Pre_P24,1,0.5048158168792725,1
17,P24,P24,Pre_P24,1,0.5003985166549683,1
17,P24,P24,Pre_P24,1,0.5253955125808716,1
17,P24,P24,Pre_P24,1,0.512014627456665,1
17,P24,P24,Pre_P24,1,0.49356725811958313,0
17,P24,P24,Pre_P24,1,0.5039495229721069,1
17,P24,P24,Pre_P24,1,0.4553566873073578,0
17,P24,P24,Pre_P24,1,0.5443171858787537,1
17,P24,P24,Pre_P24,1,0.44692590832710266,0
17,P24,P24,Pre_P24,1,0.5369108319282532,1
17,P24,P24,Pre_P24,1,0.5180321335792542,1
17,P24,P24,Pre_P24,1,0.5468701720237732,1
17,P24,P24,Pre_P24,1,0.5315839052200317,1
17,P24,P24,Pre_P24,1,0.49175554513931274,0
17,P24,P24,Pre_P24,1,0.5253955125808716,1
17,P24,P24,Pre_P24,1,0.5361600518226624,1
17,P24,P24,Pre_P24,1,0.5236045122146606,1
17,P24,P24,Pre_P24,1,0.4996177554130554,0
17,P24,P24,Pre_P24,1,0.5309646725654602,1
17,P24,P24,Pre_P24,1,0.5304999947547913,1
17,P24,P24,Pre_P24,1,0.5475180745124817,1
17,P24,P24,Pre_P24,1,0.5251116752624512,1
17,P24,P24,Pre_P24,1,0.4845561385154724,0
17,P24,P24,Pre_P24,1,0.5190155506134033,1
17,P24,P24,Pre_P24,1,0.5140936374664307,1
17,P24,P24,Pre_P24,1,0.49040475487709045,0
17,P24,P24,Pre_P24,1,0.48479974269866943,0
17,P24,P24,Pre_P24,1,0.5326130986213684,1
17,P24,P24,Pre_P24,1,0.5254700779914856,1
17,P24,P24,Pre_P24,1,0.5444919466972351,1
17,P24,P24,Pre_P24,1,0.5005699992179871,1
17,P24,P24,Pre_P24,1,0.5005069971084595,1
17,P24,P24,Pre_P24,1,0.5454451441764832,1
17,P24,P24,Pre_P24,1,0.4819118082523346,0
17,P24,P24,Pre_P24,1,0.4991348385810852,0
17,P24,P24,Pre_P24,1,0.5331732630729675,1
17,P24,P24,Pre_P24,1,0.5315016508102417,1
17,P24,P24,Pre_P24,1,0.4959900975227356,0
17,P24,P24,Pre_P24,1,0.5476129651069641,1
17,P24,P24,Pre_P24,1,0.5284863114356995,1
17,P24,P24,Pre_P24,1,0.5124728083610535,1
17,P24,P24,Pre_P24,1,0.4799879193305969,0
17,P24,P24,Pre_P24,1,0.5165542960166931,1
17,P24,P24,Pre_P24,1,0.5364897847175598,1
17,P24,P24,Pre_P24,1,0.4965619742870331,0
17,P24,P24,Pre_P24,1,0.482214093208313,0
17,P24,P24,Pre_P24,1,0.5187885761260986,1
17,P24,P24,Pre_P24,1,0.5110015869140625,1
17,P24,P24,Pre_P24,1,0.5309646725654602,1
17,P24,P24,Pre_P24,1,0.5437142252922058,1
17,P24,P24,Pre_P24,1,0.5309646725654602,1
17,P24,P24,Pre_P24,1,0.5308334231376648,1
17,P24,P24,Pre_P24,1,0.5298629403114319,1
17,P24,P24,Pre_P24,1,0.4939654469490051,0
17,P24,P24,Pre_P24,1,0.5373594164848328,1
17,P24,P24,Pre_P24,1,0.4481099843978882,0
17,P24,P24,Pre_P24,1,0.4775557518005371,0
17,P24,P24,Pre_P24,1,0.517177164554596,1
17,P24,P24,Pre_P24,1,0.5423253178596497,1
17,P24,P24,Pre_P24,1,0.5313265919685364,1
17,P24,P24,Pre_P24,1,0.4456862211227417,0
17,P24,P24,Pre_P24,1,0.4999361038208008,0
17,P24,P24,Pre_P24,1,0.513536274433136,1
17,P24,P24,Pre_P24,1,0.5475180745124817,1
17,P24,P24,Pre_P24,1,0.5361600518226624,1
17,P24,P24,Pre_P24,1,0.511164128780365,1
17,P24,P24,Pre_P24,1,0.4872448444366455,0
17,P24,P24,Pre_P24,1,0.5308334231376648,1
17,P24,P24,Pre_P24,1,0.5309932231903076,1
17,P24,P24,Pre_P24,1,0.5086967945098877,1
17,P24,P24,Pre_P24,1,0.4935912489891052,0
17,P24,P24,Pre_P24,1,0.5452645421028137,1
17,P24,P24,Pre_P24,1,0.527921199798584,1
17,P24,P24,Pre_P24,1,0.5398571491241455,1
17,P24,P24,Pre_P24,1,0.5308334231376648,1
17,P24,P24,Pre_P24,1,0.5084596276283264,1
17,P24,P24,Pre_P24,1,0.5407258868217468,1
17,P24,P24,Pre_P24,1,0.4373722970485687,0
17,P24,P24,Pre_P24,1,0.49517586827278137,0
17,P24,P24,Pre_P24,1,0.49572980403900146,0
17,P24,P24,Pre_P24,1,0.5101734399795532,1
17,P24,P24,Pre_P24,1,0.5329897999763489,1
17,P24,P24,Pre_P24,1,0.47673699259757996,0
17,P24,P24,Pre_P24,1,0.48622986674308777,0
17,P24,P24,Pre_P24,1,0.5153183937072754,1
17,P24,P24,Pre_P24,1,0.5452645421028137,1
17,P24,P24,Pre_P24,1,0.5452645421028137,1
17,P24,P24,Pre_P24,1,0.5245121717453003,1
17,P24,P24,Pre_P24,1,0.5484428405761719,1
17,P24,P24,Pre_P24,1,0.5102584958076477,1
17,P24,P24,Pre_P24,1,0.5130307674407959,1
17,P24,P24,Pre_P24,1,0.46586400270462036,0
17,P24,P24,Pre_P24,1,0.5190724730491638,1
17,P24,P24,Pre_P24,1,0.4697597622871399,0
17,P24,P24,Pre_P24,1,0.5308334231376648,1
17,P24,P24,Pre_P24,1,0.5454451441764832,1
17,P24,P24,Pre_P24,1,0.5246445536613464,1
17,P24,P24,Pre_P24,1,0.5452744364738464,1
17,P24,P24,Pre_P24,1,0.48629340529441833,0
17,P24,P24,Pre_P24,1,0.44761720299720764,0
17,P24,P24,Pre_P24,1,0.48532626032829285,0
17,P24,P24,Pre_P24,1,0.5308334231376648,1
17,P24,P24,Pre_P24,1,0.545174241065979,1
17,P24,P24,Pre_P24,1,0.4959816336631775,0
17,P24,P24,Pre_P24,1,0.5410815477371216,1
17,P24,P24,Pre_P24,1,0.4999644160270691,0
17,P24,P24,Pre_P24,1,0.4943147301673889,0
17,P24,P24,Pre_P24,1,0.4481099843978882,0
17,P24,P24,Pre_P24,1,0.5059577226638794,1
17,P24,P24,Pre_P24,1,0.5301349759101868,1
17,P24,P24,Pre_P24,1,0.5453144311904907,1
17,P24,P24,Pre_P24,1,0.4481099843978882,0
17,P24,P24,Pre_P24,1,0.5223098993301392,1
17,P24,P24,Pre_P24,1,0.47142064571380615,0
18,P25,P25,Pre_P25,0,0.1156402975320816,0
18,P25,P25,Pre_P25,0,0.10555218905210495,0
18,P25,P25,Pre_P25,0,0.12876427173614502,0
18,P25,P25,Pre_P25,0,0.3229997456073761,0
18,P25,P25,Pre_P25,0,0.8102542757987976,1
18,P25,P25,Pre_P25,0,0.2940739691257477,0
18,P25,P25,Pre_P25,0,0.10148119926452637,0
18,P25,P25,Pre_P25,0,0.37978166341781616,0
18,P25,P25,Pre_P25,0,0.42068639397621155,0
18,P25,P25,Pre_P25,0,0.25260844826698303,0
18,P25,P25,Pre_P25,0,0.15493114292621613,0
18,P25,P25,Pre_P25,0,0.5430891513824463,1
18,P25,P25,Pre_P25,0,0.7068615555763245,1
18,P25,P25,Pre_P25,0,0.6228619813919067,1
18,P25,P25,Pre_P25,0,0.4154960811138153,0
18,P25,P25,Pre_P25,0,0.0677090510725975,0
18,P25,P25,Pre_P25,0,0.29940494894981384,0
18,P25,P25,Pre_P25,0,0.3239107131958008,0
18,P25,P25,Pre_P25,0,0.32719728350639343,0
18,P25,P25,Pre_P25,0,0.10802798718214035,0
18,P25,P25,Pre_P25,0,0.29414641857147217,0
18,P25,P25,Pre_P25,0,0.10395631939172745,0
18,P25,P25,Pre_P25,0,0.12158434838056564,0
18,P25,P25,Pre_P25,0,0.06446942687034607,0
18,P25,P25,Pre_P25,0,0.032031744718551636,0
18,P25,P25,Pre_P25,0,0.5758596658706665,1
18,P25,P25,Pre_P25,0,0.7187727093696594,1
18,P25,P25,Pre_P25,0,0.8905556201934814,1
18,P25,P25,Pre_P25,0,0.05045057088136673,0
18,P25,P25,Pre_P25,0,0.01261774729937315,0
18,P25,P25,Pre_P25,0,0.5043133497238159,1
18,P25,P25,Pre_P25,0,0.08500749617815018,0
18,P25,P25,Pre_P25,0,0.05101165920495987,0
18,P25,P25,Pre_P25,0,0.3071870803833008,0
18,P25,P25,Pre_P25,0,0.323009729385376,0
18,P25,P25,Pre_P25,0,0.11825758218765259,0
18,P25,P25,Pre_P25,0,0.022871242836117744,0
18,P25,P25,Pre_P25,0,0.19772066175937653,0
18,P25,P25,Pre_P25,0,0.2447761744260788,0
18,P25,P25,Pre_P25,0,0.6401129364967346,1
18,P25,P25,Pre_P25,0,0.5610083341598511,1
18,P25,P25,Pre_P25,0,0.11851675063371658,0
18,P25,P25,Pre_P25,0,0.7018346190452576,1
18,P25,P25,Pre_P25,0,0.2338138073682785,0
18,P25,P25,Pre_P25,0,0.021785687655210495,0
18,P25,P25,Pre_P25,0,0.21570836007595062,0
18,P25,P25,Pre_P25,0,0.2496018260717392,0
18,P25,P25,Pre_P25,0,0.11019441485404968,0
18,P25,P25,Pre_P25,0,0.358517050743103,0
18,P25,P25,Pre_P25,0,0.2650119960308075,0
18,P25,P25,Pre_P25,0,0.4794474244117737,0
18,P25,P25,Pre_P25,0,0.32983097434043884,0
18,P25,P25,Pre_P25,0,0.5782104134559631,1
18,P25,P25,Pre_P25,0,0.20538321137428284,0
18,P25,P25,Pre_P25,0,0.2532983124256134,0
18,P25,P25,Pre_P25,0,0.6223914623260498,1
18,P25,P25,Pre_P25,0,0.1104520857334137,0
18,P25,P25,Pre_P25,0,0.6004016399383545,1
18,P25,P25,Pre_P25,0,0.2002951204776764,0
18,P25,P25,Pre_P25,0,0.5054883360862732,1
18,P25,P25,Pre_P25,0,0.030457550659775734,0
18,P25,P25,Pre_P25,0,0.23735438287258148,0
18,P25,P25,Pre_P25,0,0.6012734174728394,1
18,P25,P25,Pre_P25,0,0.3845413625240326,0
18,P25,P25,Pre_P25,0,0.07223977148532867,0
18,P25,P25,Pre_P25,0,0.5923157334327698,1
18,P25,P25,Pre_P25,0,0.5735676884651184,1
18,P25,P25,Pre_P25,0,0.3286934792995453,0
18,P25,P25,Pre_P25,0,0.10732879489660263,0
18,P25,P25,Pre_P25,0,0.378083735704422,0
18,P25,P25,Pre_P25,0,0.5157883167266846,1
18,P25,P25,Pre_P25,0,0.05298720672726631,0
18,P25,P25,Pre_P25,0,0.028382176533341408,0
18,P25,P25,Pre_P25,0,0.1500832438468933,0
18,P25,P25,Pre_P25,0,0.6606213450431824,1
18,P25,P25,Pre_P25,0,0.49667686223983765,0
18,P25,P25,Pre_P25,0,0.18944796919822693,0
18,P25,P25,Pre_P25,0,0.264618843793869,0
18,P25,P25,Pre_P25,0,0.015642166137695312,0
18,P25,P25,Pre_P25,0,0.10513070970773697,0
18,P25,P25,Pre_P25,0,0.15066644549369812,0
18,P25,P25,Pre_P25,0,0.19478988647460938,0
18,P25,P25,Pre_P25,0,0.2126312255859375,0
18,P25,P25,Pre_P25,0,0.06390363723039627,0
18,P25,P25,Pre_P25,0,0.32650893926620483,0
18,P25,P25,Pre_P25,0,0.8385820388793945,1
18,P25,P25,Pre_P25,0,0.2871913015842438,0
18,P25,P25,Pre_P25,0,0.06343434005975723,0
18,P25,P25,Pre_P25,0,0.8731790781021118,1
18,P25,P25,Pre_P25,0,0.1153276190161705,0
18,P25,P25,Pre_P25,0,0.23938985168933868,0
18,P25,P25,Pre_P25,0,0.5709196329116821,1
18,P25,P25,Pre_P25,0,0.748931884765625,1
18,P25,P25,Pre_P25,0,0.41684678196907043,0
18,P25,P25,Pre_P25,0,0.5409632325172424,1
18,P25,P25,Pre_P25,0,0.45112064480781555,0
18,P25,P25,Pre_P25,0,0.7159911394119263,1
18,P25,P25,Pre_P25,0,0.31276610493659973,0
18,P25,P25,Pre_P25,0,0.34117940068244934,0
18,P25,P25,Pre_P25,0,0.20148354768753052,0
18,P25,P25,Pre_P25,0,0.7747983336448669,1
18,P25,P25,Pre_P25,0,0.15136390924453735,0
18,P25,P25,Pre_P25,0,0.22535818815231323,0
18,P25,P25,Pre_P25,0,0.04629695415496826,0
18,P25,P25,Pre_P25,0,0.10040547698736191,0
18,P25,P25,Pre_P25,0,0.1669965386390686,0
18,P25,P25,Pre_P25,0,0.49294281005859375,0
18,P25,P25,Pre_P25,0,0.1915631741285324,0
18,P25,P25,Pre_P25,0,0.13254870474338531,0
18,P25,P25,Pre_P25,0,0.013541954569518566,0
18,P25,P25,Pre_P25,0,0.3216841220855713,0
18,P25,P25,Pre_P25,0,0.19211338460445404,0
18,P25,P25,Pre_P25,0,0.042840901762247086,0
18,P25,P25,Pre_P25,0,0.3137260675430298,0
18,P25,P25,Pre_P25,0,0.10625725984573364,0
18,P25,P25,Pre_P25,0,0.3183692991733551,0
18,P25,P25,Pre_P25,0,0.03816413879394531,0
18,P25,P25,Pre_P25,0,0.0935833528637886,0
18,P25,P25,Pre_P25,0,0.1709417700767517,0
18,P25,P25,Pre_P25,0,0.04884868487715721,0
18,P25,P25,Pre_P25,0,0.16502714157104492,0
18,P25,P25,Pre_P25,0,0.8677076697349548,1
18,P25,P25,Pre_P25,0,0.3296097218990326,0
18,P25,P25,Pre_P25,0,0.2978195548057556,0
18,P25,P25,Pre_P25,0,0.06968183070421219,0
18,P25,P25,Pre_P25,0,0.20597688853740692,0
18,P25,P25,Pre_P25,0,0.009414590895175934,0
18,P25,P25,Pre_P25,0,0.34753477573394775,0
18,P25,P25,Pre_P25,0,0.2520548105239868,0
18,P25,P25,Pre_P25,0,0.3413127660751343,0
18,P25,P25,Pre_P25,0,0.723860502243042,1
18,P25,P25,Pre_P25,0,0.41300609707832336,0
18,P25,P25,Pre_P25,0,0.38341274857521057,0
18,P25,P25,Pre_P25,0,0.17088550329208374,0
18,P25,P25,Pre_P25,0,0.44526806473731995,0
18,P25,P25,Pre_P25,0,0.2516835331916809,0
18,P25,P25,Pre_P25,0,0.30792436003685,0
18,P25,P25,Pre_P25,0,0.9259924292564392,1
18,P25,P25,Pre_P25,0,0.14725734293460846,0
18,P25,P25,Pre_P25,0,0.6481702327728271,1
18,P25,P25,Pre_P25,0,0.01519948709756136,0
18,P25,P25,Pre_P25,0,0.07045712321996689,0
18,P25,P25,Pre_P25,0,0.17693674564361572,0
18,P25,P25,Pre_P25,0,0.2495981603860855,0
18,P25,P25,Pre_P25,0,0.5363954305648804,1
18,P25,P25,Pre_P25,0,0.030763201415538788,0
18,P25,P25,Pre_P25,0,0.34049689769744873,0
18,P25,P25,Pre_P25,0,0.32276320457458496,0
18,P25,P25,Pre_P25,0,0.6182549595832825,1
18,P25,P25,Pre_P25,0,0.40194714069366455,0
18,P25,P25,Pre_P25,0,0.6599469184875488,1
18,P25,P25,Pre_P25,0,0.2260964810848236,0
18,P25,P25,Pre_P25,0,0.06157636269927025,0
18,P25,P25,Pre_P25,0,0.8319196105003357,1
18,P25,P25,Pre_P25,0,0.21742378175258636,0
18,P25,P25,Pre_P25,0,0.0441552996635437,0
18,P25,P25,Pre_P25,0,0.12131603807210922,0
18,P25,P25,Pre_P25,0,0.3892020881175995,0
18,P25,P25,Pre_P25,0,0.1241796687245369,0
18,P25,P25,Pre_P25,0,0.3886009752750397,0
18,P25,P25,Pre_P25,0,0.9312732815742493,1
18,P25,P25,Pre_P25,0,0.5494231581687927,1
18,P25,P25,Pre_P25,0,0.10400818288326263,0
18,P25,P25,Pre_P25,0,0.4130622148513794,0
18,P25,P25,Pre_P25,0,0.03231201320886612,0
18,P25,P25,Pre_P25,0,0.17552891373634338,0
18,P25,P25,Pre_P25,0,0.03694407641887665,0
18,P25,P25,Pre_P25,0,0.461826890707016,0
18,P25,P25,Pre_P25,0,0.20863009989261627,0
18,P25,P25,Pre_P25,0,0.04824059084057808,0
18,P25,P25,Pre_P25,0,0.48775535821914673,0
18,P25,P25,Pre_P25,0,0.49286410212516785,0
18,P25,P25,Pre_P25,0,0.14880481362342834,0
18,P25,P25,Pre_P25,0,0.7596156001091003,1
18,P25,P25,Pre_P25,0,0.5019317269325256,1
18,P25,P25,Pre_P25,0,0.32430368661880493,0
18,P25,P25,Pre_P25,0,0.7923429608345032,1
18,P25,P25,Pre_P25,0,0.7892895936965942,1
18,P25,P25,Pre_P25,0,0.2878084182739258,0
18,P25,P25,Pre_P25,0,0.33907023072242737,0
18,P25,P25,Pre_P25,0,0.452059268951416,0
18,P25,P25,Pre_P25,0,0.20151133835315704,0
18,P25,P25,Pre_P25,0,0.017404256388545036,0
18,P25,P25,Pre_P25,0,0.03429422527551651,0
18,P25,P25,Pre_P25,0,0.31773218512535095,0
18,P25,P25,Pre_P25,0,0.43794670701026917,0
18,P25,P25,Pre_P25,0,0.1901838183403015,0
18,P25,P25,Pre_P25,0,0.05929051339626312,0
18,P25,P25,Pre_P25,0,0.07878439873456955,0
18,P25,P25,Pre_P25,0,0.33408722281455994,0
18,P25,P25,Pre_P25,0,0.08421904593706131,0
18,P25,P25,Pre_P25,0,0.46058180928230286,0
18,P25,P25,Pre_P25,0,0.9253419637680054,1
18,P25,P25,Pre_P25,0,0.0878613069653511,0
18,P25,P25,Pre_P25,0,0.12262208014726639,0
18,P25,P25,Pre_P25,0,0.2623884379863739,0
18,P25,P25,Pre_P25,0,0.20348498225212097,0
18,P25,P25,Pre_P25,0,0.8393974304199219,1
18,P25,P25,Pre_P25,0,0.29668566584587097,0
18,P25,P25,Pre_P25,0,0.4077620506286621,0
18,P25,P25,Pre_P25,0,0.5157831907272339,1
18,P25,P25,Pre_P25,0,0.1456679105758667,0
18,P25,P25,Pre_P25,0,0.24388332664966583,0
18,P25,P25,Pre_P25,0,0.15461429953575134,0
18,P25,P25,Pre_P25,0,0.535789430141449,1
18,P25,P25,Pre_P25,0,0.31798121333122253,0
18,P25,P25,Pre_P25,0,0.16838929057121277,0
18,P25,P25,Pre_P25,0,0.3361015021800995,0
18,P25,P25,Pre_P25,0,0.31356412172317505,0
18,P25,P25,Pre_P25,0,0.13289742171764374,0
18,P25,P25,Pre_P25,0,0.4937666654586792,0
18,P25,P25,Pre_P25,0,0.305525004863739,0
18,P25,P25,Pre_P25,0,0.8112906813621521,1
18,P25,P25,Pre_P25,0,0.21532019972801208,0
18,P25,P25,Pre_P25,0,0.15867017209529877,0
18,P25,P25,Pre_P25,0,0.0968165248632431,0
18,P25,P25,Pre_P25,0,0.36962074041366577,0
18,P25,P25,Pre_P25,0,0.31600672006607056,0
18,P25,P25,Pre_P25,0,0.31106895208358765,0
18,P25,P25,Pre_P25,0,0.046653956174850464,0
18,P25,P25,Pre_P25,0,0.42685720324516296,0
18,P25,P25,Pre_P25,0,0.1811991035938263,0
18,P25,P25,Pre_P25,0,0.06358260661363602,0
18,P25,P25,Pre_P25,0,0.016939574852585793,0
18,P25,P25,Pre_P25,0,0.4715856909751892,0
18,P25,P25,Pre_P25,0,0.20830923318862915,0
18,P25,P25,Pre_P25,0,0.016353897750377655,0
18,P25,P25,Pre_P25,0,0.46247172355651855,0
18,P25,P25,Pre_P25,0,0.1904175728559494,0
18,P25,P25,Pre_P25,0,0.10012698918581009,0
18,P25,P25,Pre_P25,0,0.26251259446144104,0
18,P25,P25,Pre_P25,0,0.26209157705307007,0
18,P25,P25,Pre_P25,0,0.15358097851276398,0
18,P25,P25,Pre_P25,0,0.5280784368515015,1
18,P25,P25,Pre_P25,0,0.537993848323822,1
18,P25,P25,Pre_P25,0,0.4055759906768799,0
18,P25,P25,Pre_P25,0,0.21911771595478058,0
18,P25,P25,Pre_P25,0,0.03444485738873482,0
18,P25,P25,Pre_P25,0,0.6137406826019287,1
18,P25,P25,Pre_P25,0,0.09060659259557724,0
18,P25,P25,Pre_P25,0,0.19414998590946198,0
18,P25,P25,Pre_P25,0,0.685356080532074,1
18,P25,P25,Pre_P25,0,0.1490561068058014,0
18,P25,P25,Pre_P25,0,0.15733273327350616,0
18,P25,P25,Pre_P25,0,0.7157660722732544,1
18,P25,P25,Pre_P25,0,0.40922003984451294,0
18,P25,P25,Pre_P25,0,0.08836464583873749,0
18,P25,P25,Pre_P25,0,0.6319801807403564,1
18,P25,P25,Pre_P25,0,0.026087559759616852,0
18,P25,P25,Pre_P25,0,0.47262251377105713,0
18,P25,P25,Pre_P25,0,0.13428731262683868,0
18,P25,P25,Pre_P25,0,0.04697326570749283,0
18,P25,P25,Pre_P25,0,0.5693238973617554,1
18,P25,P25,Pre_P25,0,0.38903695344924927,0
18,P25,P25,Pre_P25,0,0.054760124534368515,0
18,P25,P25,Pre_P25,0,0.3065096437931061,0
18,P25,P25,Pre_P25,0,0.45927268266677856,0
18,P25,P25,Pre_P25,0,0.07724285125732422,0
18,P25,P25,Pre_P25,0,0.6617019772529602,1
18,P25,P25,Pre_P25,0,0.3085729777812958,0
18,P25,P25,Pre_P25,0,0.26338598132133484,0
18,P25,P25,Pre_P25,0,0.037950173020362854,0
18,P25,P25,Pre_P25,0,0.05614425987005234,0
18,P25,P25,Pre_P25,0,0.39311349391937256,0
18,P25,P25,Pre_P25,0,0.40642794966697693,0
18,P25,P25,Pre_P25,0,0.1072535440325737,0
18,P25,P25,Pre_P25,0,0.8851962089538574,1
18,P25,P25,Pre_P25,0,0.07400254160165787,0
18,P25,P25,Pre_P25,0,0.4766491651535034,0
18,P25,P25,Pre_P25,0,0.47225871682167053,0
18,P25,P25,Pre_P25,0,0.7824326753616333,1
18,P25,P25,Pre_P25,0,0.08478423207998276,0
18,P25,P25,Pre_P25,0,0.4839974045753479,0
18,P25,P25,Pre_P25,0,0.5460895895957947,1
18,P25,P25,Pre_P25,0,0.02801152504980564,0
18,P25,P25,Pre_P25,0,0.21824997663497925,0
18,P25,P25,Pre_P25,0,0.2601763606071472,0
18,P25,P25,Pre_P25,0,0.025964489206671715,0
18,P25,P25,Pre_P25,0,0.0427887849509716,0
18,P25,P25,Pre_P25,0,0.46906551718711853,0
18,P25,P25,Pre_P25,0,0.5427340269088745,1
18,P25,P25,Pre_P25,0,0.5367974042892456,1
18,P25,P25,Pre_P25,0,0.22086316347122192,0
18,P25,P25,Pre_P25,0,0.37618330121040344,0
18,P25,P25,Pre_P25,0,0.6833871006965637,1
18,P25,P25,Pre_P25,0,0.13818855583667755,0
18,P25,P25,Pre_P25,0,0.05541989579796791,0
18,P25,P25,Pre_P25,0,0.008778378367424011,0
18,P25,P25,Pre_P25,0,0.3402671217918396,0
18,P25,P25,Pre_P25,0,0.162143275141716,0
18,P25,P25,Pre_P25,0,0.2272738367319107,0
18,P25,P25,Pre_P25,0,0.11247511208057404,0
18,P25,P25,Pre_P25,0,0.2552103102207184,0
18,P25,P25,Pre_P25,0,0.9234399795532227,1
18,P25,P25,Pre_P25,0,0.9341382384300232,1
18,P25,P25,Pre_P25,0,0.12065181881189346,0
18,P25,P25,Pre_P25,0,0.322781503200531,0
18,P25,P25,Pre_P25,0,0.03192741796374321,0
18,P25,P25,Pre_P25,0,0.06684955954551697,0
18,P25,P25,Pre_P25,0,0.6639475226402283,1
18,P25,P25,Pre_P25,0,0.8557503819465637,1
18,P25,P25,Pre_P25,0,0.2302112728357315,0
18,P25,P25,Pre_P25,0,0.02082601748406887,0
18,P25,P25,Pre_P25,0,0.05022772401571274,0
18,P25,P25,Pre_P25,0,0.6442559361457825,1
18,P25,P25,Pre_P25,0,0.30112674832344055,0
18,P25,P25,Pre_P25,0,0.5233578681945801,1
18,P25,P25,Pre_P25,0,0.08263836801052094,0
18,P25,P25,Pre_P25,0,0.48880571126937866,0
18,P25,P25,Pre_P25,0,0.6440972685813904,1
18,P25,P25,Pre_P25,0,0.5663078427314758,1
18,P25,P25,Pre_P25,0,0.3770112693309784,0
18,P25,P25,Pre_P25,0,0.3539671003818512,0
18,P25,P25,Pre_P25,0,0.09022989869117737,0
18,P25,P25,Pre_P25,0,0.18914832174777985,0
18,P25,P25,Pre_P25,0,0.30222287774086,0
18,P25,P25,Pre_P25,0,0.21842233836650848,0
18,P25,P25,Pre_P25,0,0.20891758799552917,0
18,P25,P25,Pre_P25,0,0.24002206325531006,0
18,P25,P25,Pre_P25,0,0.12920978665351868,0
18,P25,P25,Pre_P25,0,0.6419222950935364,1
18,P25,P25,Pre_P25,0,0.18925119936466217,0
18,P25,P25,Pre_P25,0,0.4863094091415405,0
18,P25,P25,Pre_P25,0,0.07186789810657501,0
18,P25,P25,Pre_P25,0,0.14334125816822052,0
18,P25,P25,Pre_P25,0,0.4001868665218353,0
18,P25,P25,Pre_P25,0,0.05571017786860466,0
18,P25,P25,Pre_P25,0,0.3566177189350128,0
18,P25,P25,Pre_P25,0,0.2338155061006546,0
18,P25,P25,Pre_P25,0,0.038493186235427856,0
18,P25,P25,Pre_P25,0,0.6703351140022278,1
18,P25,P25,Pre_P25,0,0.05137638375163078,0
18,P25,P25,Pre_P25,0,0.2772349417209625,0
18,P25,P25,Pre_P25,0,0.6977542638778687,1
18,P25,P25,Pre_P25,0,0.24873778223991394,0
18,P25,P25,Pre_P25,0,0.27807074785232544,0
18,P25,P25,Pre_P25,0,0.6423075795173645,1
18,P25,P25,Pre_P25,0,0.2716151177883148,0
18,P25,P25,Pre_P25,0,0.14315681159496307,0
18,P25,P25,Pre_P25,0,0.636320173740387,1
18,P25,P25,Pre_P25,0,0.5144242644309998,1
18,P25,P25,Pre_P25,0,0.1975107342004776,0
18,P25,P25,Pre_P25,0,0.3913581967353821,0
18,P25,P25,Pre_P25,0,0.1904536336660385,0
18,P25,P25,Pre_P25,0,0.020313607528805733,0
18,P25,P25,Pre_P25,0,0.18072731792926788,0
18,P25,P25,Pre_P25,0,0.33859536051750183,0
18,P25,P25,Pre_P25,0,0.6676181554794312,1
18,P25,P25,Pre_P25,0,0.16791082918643951,0
18,P25,P25,Pre_P25,0,0.02742074616253376,0
18,P25,P25,Pre_P25,0,0.1995818167924881,0
18,P25,P25,Pre_P25,0,0.8820567727088928,1
18,P25,P25,Pre_P25,0,0.8257610201835632,1
18,P25,P25,Pre_P25,0,0.26916784048080444,0
18,P25,P25,Pre_P25,0,0.4815899431705475,0
18,P25,P25,Pre_P25,0,0.6449358463287354,1
18,P25,P25,Pre_P25,0,0.06421007215976715,0
18,P25,P25,Pre_P25,0,0.3308706283569336,0
18,P25,P25,Pre_P25,0,0.12130739539861679,0
18,P25,P25,Pre_P25,0,0.0470828078687191,0
18,P25,P25,Pre_P25,0,0.12835456430912018,0
18,P25,P25,Pre_P25,0,0.020938487723469734,0
18,P25,P25,Pre_P25,0,0.5976815819740295,1
18,P25,P25,Pre_P25,0,0.5877602696418762,1
18,P25,P25,Pre_P25,0,0.23455457389354706,0
18,P25,P25,Pre_P25,0,0.6472837328910828,1
18,P25,P25,Pre_P25,0,0.11730635911226273,0
18,P25,P25,Pre_P25,0,0.24527135491371155,0
18,P25,P25,Pre_P25,0,0.07074656337499619,0
18,P25,P25,Pre_P25,0,0.9384050369262695,1
18,P25,P25,Pre_P25,0,0.04600667580962181,0
19,P26,P26,Pre_P26,1,0.48942074179649353,0
19,P26,P26,Pre_P26,1,0.545268177986145,1
19,P26,P26,Pre_P26,1,0.5345486402511597,1
19,P26,P26,Pre_P26,1,0.4768953323364258,0
19,P26,P26,Pre_P26,1,0.4510538876056671,0
19,P26,P26,Pre_P26,1,0.5344768762588501,1
19,P26,P26,Pre_P26,1,0.48224347829818726,0
19,P26,P26,Pre_P26,1,0.5343269109725952,1
19,P26,P26,Pre_P26,1,0.545268177986145,1
19,P26,P26,Pre_P26,1,0.5093513131141663,1
19,P26,P26,Pre_P26,1,0.5304824709892273,1
19,P26,P26,Pre_P26,1,0.4728332757949829,0
19,P26,P26,Pre_P26,1,0.5074569582939148,1
19,P26,P26,Pre_P26,1,0.5169140696525574,1
19,P26,P26,Pre_P26,1,0.5277998447418213,1
19,P26,P26,Pre_P26,1,0.5497477054595947,1
19,P26,P26,Pre_P26,1,0.5473362803459167,1
19,P26,P26,Pre_P26,1,0.5052568316459656,1
19,P26,P26,Pre_P26,1,0.496622771024704,0
19,P26,P26,Pre_P26,1,0.5500653982162476,1
19,P26,P26,Pre_P26,1,0.5238546133041382,1
19,P26,P26,Pre_P26,1,0.5213407874107361,1
19,P26,P26,Pre_P26,1,0.5500653982162476,1
19,P26,P26,Pre_P26,1,0.5485607981681824,1
19,P26,P26,Pre_P26,1,0.5119399428367615,1
19,P26,P26,Pre_P26,1,0.49285128712654114,0
19,P26,P26,Pre_P26,1,0.5291392803192139,1
19,P26,P26,Pre_P26,1,0.47851699590682983,0
19,P26,P26,Pre_P26,1,0.5310197472572327,1
19,P26,P26,Pre_P26,1,0.4491128921508789,0
19,P26,P26,Pre_P26,1,0.5500653982162476,1
19,P26,P26,Pre_P26,1,0.51436448097229,1
19,P26,P26,Pre_P26,1,0.5429065823554993,1
19,P26,P26,Pre_P26,1,0.524917483329773,1
19,P26,P26,Pre_P26,1,0.5263015627861023,1
19,P26,P26,Pre_P26,1,0.5487269163131714,1
19,P26,P26,Pre_P26,1,0.5500653982162476,1
19,P26,P26,Pre_P26,1,0.5202780961990356,1
19,P26,P26,Pre_P26,1,0.5345486402511597,1
19,P26,P26,Pre_P26,1,0.5500653982162476,1
19,P26,P26,Pre_P26,1,0.5500653982162476,1
19,P26,P26,Pre_P26,1,0.5345486402511597,1
19,P26,P26,Pre_P26,1,0.5500653982162476,1
19,P26,P26,Pre_P26,1,0.5042031407356262,1
19,P26,P26,Pre_P26,1,0.5345486402511597,1
19,P26,P26,Pre_P26,1,0.5500653982162476,1
19,P26,P26,Pre_P26,1,0.5500653982162476,1
19,P26,P26,Pre_P26,1,0.5165480375289917,1
19,P26,P26,Pre_P26,1,0.520941972732544,1
19,P26,P26,Pre_P26,1,0.49633386731147766,0
19,P26,P26,Pre_P26,1,0.5458499789237976,1
19,P26,P26,Pre_P26,1,0.5495588779449463,1
19,P26,P26,Pre_P26,1,0.5359538793563843,1
19,P26,P26,Pre_P26,1,0.486636221408844,0
19,P26,P26,Pre_P26,1,0.4710051715373993,0
19,P26,P26,Pre_P26,1,0.530092716217041,1
19,P26,P26,Pre_P26,1,0.5429806709289551,1
19,P26,P26,Pre_P26,1,0.5146386027336121,1
19,P26,P26,Pre_P26,1,0.5343323945999146,1
19,P26,P26,Pre_P26,1,0.4838517904281616,0
19,P26,P26,Pre_P26,1,0.46825236082077026,0
19,P26,P26,Pre_P26,1,0.5353074073791504,1
19,P26,P26,Pre_P26,1,0.5310887098312378,1
19,P26,P26,Pre_P26,1,0.5487269163131714,1
19,P26,P26,Pre_P26,1,0.5236175656318665,1
19,P26,P26,Pre_P26,1,0.5500653982162476,1
19,P26,P26,Pre_P26,1,0.5297186970710754,1
19,P26,P26,Pre_P26,1,0.5217456817626953,1
19,P26,P26,Pre_P26,1,0.511317789554596,1
19,P26,P26,Pre_P26,1,0.51434326171875,1
19,P26,P26,Pre_P26,1,0.545176088809967,1
19,P26,P26,Pre_P26,1,0.4792030155658722,0
19,P26,P26,Pre_P26,1,0.5410528182983398,1
19,P26,P26,Pre_P26,1,0.5032511949539185,1
19,P26,P26,Pre_P26,1,0.47648781538009644,0
19,P26,P26,Pre_P26,1,0.49359166622161865,0
19,P26,P26,Pre_P26,1,0.5448904633522034,1
19,P26,P26,Pre_P26,1,0.5485380291938782,1
19,P26,P26,Pre_P26,1,0.5254650712013245,1
19,P26,P26,Pre_P26,1,0.5301769971847534,1
19,P26,P26,Pre_P26,1,0.4976273775100708,0
19,P26,P26,Pre_P26,1,0.528626561164856,1
19,P26,P26,Pre_P26,1,0.5459199547767639,1
19,P26,P26,Pre_P26,1,0.5336118936538696,1
19,P26,P26,Pre_P26,1,0.5500653982162476,1
19,P26,P26,Pre_P26,1,0.5264082551002502,1
19,P26,P26,Pre_P26,1,0.5344768762588501,1
19,P26,P26,Pre_P26,1,0.4479808509349823,0
19,P26,P26,Pre_P26,1,0.5495588779449463,1
19,P26,P26,Pre_P26,1,0.5445438027381897,1
19,P26,P26,Pre_P26,1,0.5418883562088013,1
19,P26,P26,Pre_P26,1,0.5500653982162476,1
19,P26,P26,Pre_P26,1,0.525423526763916,1
19,P26,P26,Pre_P26,1,0.5500653982162476,1
19,P26,P26,Pre_P26,1,0.49324309825897217,0
19,P26,P26,Pre_P26,1,0.5425173044204712,1
19,P26,P26,Pre_P26,1,0.5500653982162476,1
19,P26,P26,Pre_P26,1,0.5413054823875427,1
19,P26,P26,Pre_P26,1,0.5097697377204895,1
19,P26,P26,Pre_P26,1,0.5497477054595947,1
19,P26,P26,Pre_P26,1,0.5043475031852722,1
19,P26,P26,Pre_P26,1,0.5021345019340515,1
19,P26,P26,Pre_P26,1,0.5343269109725952,1
19,P26,P26,Pre_P26,1,0.5437405109405518,1
19,P26,P26,Pre_P26,1,0.52423495054245,1
19,P26,P26,Pre_P26,1,0.5339552164077759,1
19,P26,P26,Pre_P26,1,0.5363662838935852,1
19,P26,P26,Pre_P26,1,0.5500653982162476,1
19,P26,P26,Pre_P26,1,0.5487269163131714,1
19,P26,P26,Pre_P26,1,0.4672316610813141,0
19,P26,P26,Pre_P26,1,0.4907938241958618,0
19,P26,P26,Pre_P26,1,0.5497477054595947,1
19,P26,P26,Pre_P26,1,0.527135968208313,1
19,P26,P26,Pre_P26,1,0.538162887096405,1
19,P26,P26,Pre_P26,1,0.5040554404258728,1
19,P26,P26,Pre_P26,1,0.46601784229278564,0
19,P26,P26,Pre_P26,1,0.4824599325656891,0
19,P26,P26,Pre_P26,1,0.5259433388710022,1
19,P26,P26,Pre_P26,1,0.5300241112709045,1
19,P26,P26,Pre_P26,1,0.5497477054595947,1
19,P26,P26,Pre_P26,1,0.5092318058013916,1
19,P26,P26,Pre_P26,1,0.5495588779449463,1
19,P26,P26,Pre_P26,1,0.5500653982162476,1
19,P26,P26,Pre_P26,1,0.4974100589752197,0
19,P26,P26,Pre_P26,1,0.5356696844100952,1
19,P26,P26,Pre_P26,1,0.5152142643928528,1
19,P26,P26,Pre_P26,1,0.5049224495887756,1
19,P26,P26,Pre_P26,1,0.47422105073928833,0
19,P26,P26,Pre_P26,1,0.5500653982162476,1
19,P26,P26,Pre_P26,1,0.5320024490356445,1
19,P26,P26,Pre_P26,1,0.5344768762588501,1
19,P26,P26,Pre_P26,1,0.5495588779449463,1
19,P26,P26,Pre_P26,1,0.522274911403656,1
19,P26,P26,Pre_P26,1,0.5366920232772827,1
19,P26,P26,Pre_P26,1,0.5416898131370544,1
19,P26,P26,Pre_P26,1,0.43627360463142395,0
19,P26,P26,Pre_P26,1,0.5500653982162476,1
19,P26,P26,Pre_P26,1,0.5275355577468872,1
19,P26,P26,Pre_P26,1,0.5207356810569763,1
19,P26,P26,Pre_P26,1,0.5085121393203735,1
19,P26,P26,Pre_P26,1,0.5470587015151978,1
19,P26,P26,Pre_P26,1,0.5500653982162476,1
19,P26,P26,Pre_P26,1,0.487301230430603,0
19,P26,P26,Pre_P26,1,0.5500653982162476,1
19,P26,P26,Pre_P26,1,0.5340843200683594,1
19,P26,P26,Pre_P26,1,0.5398088097572327,1
19,P26,P26,Pre_P26,1,0.5022768378257751,1
19,P26,P26,Pre_P26,1,0.5054695010185242,1
19,P26,P26,Pre_P26,1,0.5384907126426697,1
19,P26,P26,Pre_P26,1,0.5253533124923706,1
19,P26,P26,Pre_P26,1,0.5500653982162476,1
19,P26,P26,Pre_P26,1,0.5095471143722534,1
19,P26,P26,Pre_P26,1,0.5345486402511597,1
19,P26,P26,Pre_P26,1,0.5286984443664551,1
19,P26,P26,Pre_P26,1,0.473471075296402,0
19,P26,P26,Pre_P26,1,0.5131805539131165,1
19,P26,P26,Pre_P26,1,0.5495588779449463,1
19,P26,P26,Pre_P26,1,0.5492411851882935,1
19,P26,P26,Pre_P26,1,0.5286656618118286,1
19,P26,P26,Pre_P26,1,0.5500653982162476,1
19,P26,P26,Pre_P26,1,0.514292299747467,1
19,P26,P26,Pre_P26,1,0.5500653982162476,1
19,P26,P26,Pre_P26,1,0.5049224495887756,1
19,P26,P26,Pre_P26,1,0.5269590020179749,1
19,P26,P26,Pre_P26,1,0.5500653982162476,1
19,P26,P26,Pre_P26,1,0.5191164612770081,1
19,P26,P26,Pre_P26,1,0.5492411851882935,1
19,P26,P26,Pre_P26,1,0.5345486402511597,1
19,P26,P26,Pre_P26,1,0.5081674456596375,1
19,P26,P26,Pre_P26,1,0.4605529010295868,0
19,P26,P26,Pre_P26,1,0.5500653982162476,1
19,P26,P26,Pre_P26,1,0.5083993077278137,1
19,P26,P26,Pre_P26,1,0.5364627242088318,1
19,P26,P26,Pre_P26,1,0.5500653982162476,1
19,P26,P26,Pre_P26,1,0.4873492419719696,0
19,P26,P26,Pre_P26,1,0.5500653982162476,1
19,P26,P26,Pre_P26,1,0.5344768762588501,1
19,P26,P26,Pre_P26,1,0.5062586069107056,1
19,P26,P26,Pre_P26,1,0.5495588779449463,1
19,P26,P26,Pre_P26,1,0.5344768762588501,1
19,P26,P26,Pre_P26,1,0.5345486402511597,1
19,P26,P26,Pre_P26,1,0.5345486402511597,1
19,P26,P26,Pre_P26,1,0.5258132219314575,1
19,P26,P26,Pre_P26,1,0.4427066743373871,0
19,P26,P26,Pre_P26,1,0.5194817185401917,1
19,P26,P26,Pre_P26,1,0.546154260635376,1
19,P26,P26,Pre_P26,1,0.5036121010780334,1
19,P26,P26,Pre_P26,1,0.5344768762588501,1
19,P26,P26,Pre_P26,1,0.46414080262184143,0
19,P26,P26,Pre_P26,1,0.5365610122680664,1
19,P26,P26,Pre_P26,1,0.5497477054595947,1
19,P26,P26,Pre_P26,1,0.5366920232772827,1
19,P26,P26,Pre_P26,1,0.5291392803192139,1
19,P26,P26,Pre_P26,1,0.5452274680137634,1
19,P26,P26,Pre_P26,1,0.5468631386756897,1
19,P26,P26,Pre_P26,1,0.5253617167472839,1
19,P26,P26,Pre_P26,1,0.5491698384284973,1
19,P26,P26,Pre_P26,1,0.508150041103363,1
19,P26,P26,Pre_P26,1,0.5345486402511597,1
19,P26,P26,Pre_P26,1,0.5490447282791138,1
19,P26,P26,Pre_P26,1,0.4936838150024414,0
19,P26,P26,Pre_P26,1,0.5345486402511597,1
19,P26,P26,Pre_P26,1,0.5500653982162476,1
19,P26,P26,Pre_P26,1,0.5012159943580627,1
19,P26,P26,Pre_P26,1,0.5500653982162476,1
19,P26,P26,Pre_P26,1,0.5500653982162476,1
19,P26,P26,Pre_P26,1,0.5500653982162476,1
19,P26,P26,Pre_P26,1,0.5270941853523254,1
19,P26,P26,Pre_P26,1,0.5345486402511597,1
19,P26,P26,Pre_P26,1,0.5061860084533691,1
19,P26,P26,Pre_P26,1,0.5495588779449463,1
19,P26,P26,Pre_P26,1,0.48372387886047363,0
19,P26,P26,Pre_P26,1,0.5093556642532349,1
19,P26,P26,Pre_P26,1,0.5471287369728088,1
19,P26,P26,Pre_P26,1,0.5500653982162476,1
19,P26,P26,Pre_P26,1,0.5122029781341553,1
19,P26,P26,Pre_P26,1,0.5366920232772827,1
19,P26,P26,Pre_P26,1,0.5500653982162476,1
19,P26,P26,Pre_P26,1,0.43602240085601807,0
19,P26,P26,Pre_P26,1,0.518986701965332,1
19,P26,P26,Pre_P26,1,0.5500653982162476,1
19,P26,P26,Pre_P26,1,0.5255548357963562,1
19,P26,P26,Pre_P26,1,0.5500653982162476,1
19,P26,P26,Pre_P26,1,0.4897705614566803,0
19,P26,P26,Pre_P26,1,0.5345486402511597,1
19,P26,P26,Pre_P26,1,0.5344768762588501,1
19,P26,P26,Pre_P26,1,0.5274516940116882,1
19,P26,P26,Pre_P26,1,0.49885469675064087,0
19,P26,P26,Pre_P26,1,0.5091426372528076,1
19,P26,P26,Pre_P26,1,0.5368461608886719,1
19,P26,P26,Pre_P26,1,0.4944906234741211,0
19,P26,P26,Pre_P26,1,0.5281566381454468,1
19,P26,P26,Pre_P26,1,0.4925749897956848,0
19,P26,P26,Pre_P26,1,0.5075446367263794,1
19,P26,P26,Pre_P26,1,0.5212439894676208,1
19,P26,P26,Pre_P26,1,0.5235105156898499,1
19,P26,P26,Pre_P26,1,0.5500653982162476,1
19,P26,P26,Pre_P26,1,0.5205321907997131,1
19,P26,P26,Pre_P26,1,0.5500653982162476,1
19,P26,P26,Pre_P26,1,0.5296292901039124,1
19,P26,P26,Pre_P26,1,0.5234605669975281,1
19,P26,P26,Pre_P26,1,0.5500653982162476,1
19,P26,P26,Pre_P26,1,0.5348067283630371,1
19,P26,P26,Pre_P26,1,0.5495588779449463,1
19,P26,P26,Pre_P26,1,0.5495588779449463,1
19,P26,P26,Pre_P26,1,0.5295339226722717,1
19,P26,P26,Pre_P26,1,0.5380849838256836,1
19,P26,P26,Pre_P26,1,0.4744311571121216,0
19,P26,P26,Pre_P26,1,0.5497477054595947,1
19,P26,P26,Pre_P26,1,0.5500653982162476,1
19,P26,P26,Pre_P26,1,0.5495588779449463,1
19,P26,P26,Pre_P26,1,0.5304824709892273,1
19,P26,P26,Pre_P26,1,0.543020486831665,1
19,P26,P26,Pre_P26,1,0.5410385727882385,1
19,P26,P26,Pre_P26,1,0.5217428207397461,1
19,P26,P26,Pre_P26,1,0.5500653982162476,1
19,P26,P26,Pre_P26,1,0.5095388889312744,1
19,P26,P26,Pre_P26,1,0.5495588779449463,1
19,P26,P26,Pre_P26,1,0.5246208310127258,1
19,P26,P26,Pre_P26,1,0.5040950179100037,1
19,P26,P26,Pre_P26,1,0.5056828856468201,1
19,P26,P26,Pre_P26,1,0.505174458026886,1
19,P26,P26,Pre_P26,1,0.5500653982162476,1
19,P26,P26,Pre_P26,1,0.5500653982162476,1
19,P26,P26,Pre_P26,1,0.4884337782859802,0
19,P26,P26,Pre_P26,1,0.49692636728286743,0
19,P26,P26,Pre_P26,1,0.5263690948486328,1
19,P26,P26,Pre_P26,1,0.5364704132080078,1
19,P26,P26,Pre_P26,1,0.5497477054595947,1
19,P26,P26,Pre_P26,1,0.5043559670448303,1
19,P26,P26,Pre_P26,1,0.48866578936576843,0
19,P26,P26,Pre_P26,1,0.5500653982162476,1
19,P26,P26,Pre_P26,1,0.48063328862190247,0
19,P26,P26,Pre_P26,1,0.5500653982162476,1
19,P26,P26,Pre_P26,1,0.5003960132598877,1
19,P26,P26,Pre_P26,1,0.5500653982162476,1
19,P26,P26,Pre_P26,1,0.4590289890766144,0
19,P26,P26,Pre_P26,1,0.5247978568077087,1
19,P26,P26,Pre_P26,1,0.5500653982162476,1
19,P26,P26,Pre_P26,1,0.5495588779449463,1
19,P26,P26,Pre_P26,1,0.5045304298400879,1
19,P26,P26,Pre_P26,1,0.5385838150978088,1
19,P26,P26,Pre_P26,1,0.5358214378356934,1
19,P26,P26,Pre_P26,1,0.52336186170578,1
19,P26,P26,Pre_P26,1,0.5453469753265381,1
19,P26,P26,Pre_P26,1,0.5399728417396545,1
19,P26,P26,Pre_P26,1,0.5495588779449463,1
19,P26,P26,Pre_P26,1,0.4947432279586792,0
19,P26,P26,Pre_P26,1,0.5500653982162476,1
19,P26,P26,Pre_P26,1,0.4771058261394501,0
19,P26,P26,Pre_P26,1,0.5500653982162476,1
19,P26,P26,Pre_P26,1,0.5319346785545349,1
19,P26,P26,Pre_P26,1,0.5319532752037048,1
19,P26,P26,Pre_P26,1,0.5485380291938782,1
19,P26,P26,Pre_P26,1,0.5304827690124512,1
19,P26,P26,Pre_P26,1,0.5226848721504211,1
19,P26,P26,Pre_P26,1,0.5366920232772827,1
19,P26,P26,Pre_P26,1,0.5059624314308167,1
19,P26,P26,Pre_P26,1,0.45520713925361633,0
19,P26,P26,Pre_P26,1,0.5315293073654175,1
19,P26,P26,Pre_P26,1,0.49076712131500244,0
19,P26,P26,Pre_P26,1,0.5220164656639099,1
19,P26,P26,Pre_P26,1,0.5500653982162476,1
19,P26,P26,Pre_P26,1,0.5345486402511597,1
19,P26,P26,Pre_P26,1,0.5500653982162476,1
19,P26,P26,Pre_P26,1,0.529703676700592,1
19,P26,P26,Pre_P26,1,0.5416898131370544,1
19,P26,P26,Pre_P26,1,0.5299647450447083,1
19,P26,P26,Pre_P26,1,0.49009132385253906,0
19,P26,P26,Pre_P26,1,0.5398943424224854,1
19,P26,P26,Pre_P26,1,0.5379601716995239,1
19,P26,P26,Pre_P26,1,0.5345486402511597,1
19,P26,P26,Pre_P26,1,0.5080221891403198,1
19,P26,P26,Pre_P26,1,0.5304824709892273,1
19,P26,P26,Pre_P26,1,0.5296939015388489,1
19,P26,P26,Pre_P26,1,0.5500653982162476,1
19,P26,P26,Pre_P26,1,0.5304105281829834,1
19,P26,P26,Pre_P26,1,0.5457947850227356,1
19,P26,P26,Pre_P26,1,0.5243933200836182,1
19,P26,P26,Pre_P26,1,0.5345486402511597,1
19,P26,P26,Pre_P26,1,0.5490447282791138,1
19,P26,P26,Pre_P26,1,0.5104331374168396,1
19,P26,P26,Pre_P26,1,0.5477399230003357,1
19,P26,P26,Pre_P26,1,0.5345486402511597,1
19,P26,P26,Pre_P26,1,0.549139678478241,1
19,P26,P26,Pre_P26,1,0.5209899544715881,1
19,P26,P26,Pre_P26,1,0.5327506065368652,1
19,P26,P26,Pre_P26,1,0.5345486402511597,1
19,P26,P26,Pre_P26,1,0.4712161123752594,0
19,P26,P26,Pre_P26,1,0.4973270297050476,0
19,P26,P26,Pre_P26,1,0.5348067283630371,1
19,P26,P26,Pre_P26,1,0.5495588779449463,1
19,P26,P26,Pre_P26,1,0.4840202331542969,0
20,P27,P27,Pre_P27,0,0.4913473427295685,0
20,P27,P27,Pre_P27,0,0.488693505525589,0
20,P27,P27,Pre_P27,0,0.49283352494239807,0
20,P27,P27,Pre_P27,0,0.46250012516975403,0
20,P27,P27,Pre_P27,0,0.4946343004703522,0
20,P27,P27,Pre_P27,0,0.49119243025779724,0
20,P27,P27,Pre_P27,0,0.4738469421863556,0
20,P27,P27,Pre_P27,0,0.4710262417793274,0
20,P27,P27,Pre_P27,0,0.4897388219833374,0
20,P27,P27,Pre_P27,0,0.49180617928504944,0
20,P27,P27,Pre_P27,0,0.47739025950431824,0
20,P27,P27,Pre_P27,0,0.47739025950431824,0
20,P27,P27,Pre_P27,0,0.46250012516975403,0
20,P27,P27,Pre_P27,0,0.4665534198284149,0
20,P27,P27,Pre_P27,0,0.5036963820457458,1
20,P27,P27,Pre_P27,0,0.5218042731285095,1
20,P27,P27,Pre_P27,0,0.46250012516975403,0
20,P27,P27,Pre_P27,0,0.5039380788803101,1
20,P27,P27,Pre_P27,0,0.47536391019821167,0
20,P27,P27,Pre_P27,0,0.4676212966442108,0
20,P27,P27,Pre_P27,0,0.503812313079834,1
20,P27,P27,Pre_P27,0,0.49381619691848755,0
20,P27,P27,Pre_P27,0,0.46404436230659485,0
20,P27,P27,Pre_P27,0,0.4676212966442108,0
20,P27,P27,Pre_P27,0,0.4907572567462921,0
20,P27,P27,Pre_P27,0,0.49156075716018677,0
20,P27,P27,Pre_P27,0,0.46356678009033203,0
20,P27,P27,Pre_P27,0,0.4932023882865906,0
20,P27,P27,Pre_P27,0,0.49617645144462585,0
20,P27,P27,Pre_P27,0,0.4776138961315155,0
20,P27,P27,Pre_P27,0,0.4917536973953247,0
20,P27,P27,Pre_P27,0,0.5009666681289673,1
20,P27,P27,Pre_P27,0,0.4884577989578247,0
20,P27,P27,Pre_P27,0,0.5204956531524658,1
20,P27,P27,Pre_P27,0,0.5015037655830383,1
20,P27,P27,Pre_P27,0,0.47739025950431824,0
20,P27,P27,Pre_P27,0,0.4926261901855469,0
20,P27,P27,Pre_P27,0,0.47739025950431824,0
20,P27,P27,Pre_P27,0,0.4781780242919922,0
20,P27,P27,Pre_P27,0,0.4750882089138031,0
20,P27,P27,Pre_P27,0,0.4676212966442108,0
20,P27,P27,Pre_P27,0,0.5007425546646118,1
20,P27,P27,Pre_P27,0,0.49176904559135437,0
20,P27,P27,Pre_P27,0,0.47332632541656494,0
20,P27,P27,Pre_P27,0,0.5033131241798401,1
20,P27,P27,Pre_P27,0,0.4782266318798065,0
20,P27,P27,Pre_P27,0,0.487203985452652,0
20,P27,P27,Pre_P27,0,0.48110491037368774,0
20,P27,P27,Pre_P27,0,0.4765850603580475,0
20,P27,P27,Pre_P27,0,0.47739025950431824,0
20,P27,P27,Pre_P27,0,0.47739025950431824,0
20,P27,P27,Pre_P27,0,0.5000268220901489,1
20,P27,P27,Pre_P27,0,0.47739025950431824,0
20,P27,P27,Pre_P27,0,0.4911399781703949,0
20,P27,P27,Pre_P27,0,0.46250012516975403,0
20,P27,P27,Pre_P27,0,0.4915752112865448,0
20,P27,P27,Pre_P27,0,0.5148913860321045,1
20,P27,P27,Pre_P27,0,0.48890694975852966,0
20,P27,P27,Pre_P27,0,0.4782266318798065,0
20,P27,P27,Pre_P27,0,0.5062296986579895,1
20,P27,P27,Pre_P27,0,0.4955177307128906,0
20,P27,P27,Pre_P27,0,0.49283352494239807,0
20,P27,P27,Pre_P27,0,0.4727691113948822,0
20,P27,P27,Pre_P27,0,0.49283352494239807,0
20,P27,P27,Pre_P27,0,0.4665534198284149,0
20,P27,P27,Pre_P27,0,0.4911399781703949,0
20,P27,P27,Pre_P27,0,0.5017531514167786,1
20,P27,P27,Pre_P27,0,0.4955177307128906,0
20,P27,P27,Pre_P27,0,0.46932268142700195,0
20,P27,P27,Pre_P27,0,0.49283352494239807,0
20,P27,P27,Pre_P27,0,0.47739025950431824,0
20,P27,P27,Pre_P27,0,0.49283352494239807,0
20,P27,P27,Pre_P27,0,0.5089238882064819,1
20,P27,P27,Pre_P27,0,0.5007184147834778,1
20,P27,P27,Pre_P27,0,0.4923982620239258,0
20,P27,P27,Pre_P27,0,0.5218042731285095,1
20,P27,P27,Pre_P27,0,0.49363768100738525,0
20,P27,P27,Pre_P27,0,0.46250012516975403,0
20,P27,P27,Pre_P27,0,0.5062296986579895,1
20,P27,P27,Pre_P27,0,0.4874832034111023,0
20,P27,P27,Pre_P27,0,0.4915752112865448,0
20,P27,P27,Pre_P27,0,0.4907572567462921,0
20,P27,P27,Pre_P27,0,0.481717973947525,0
20,P27,P27,Pre_P27,0,0.46250012516975403,0
20,P27,P27,Pre_P27,0,0.47739025950431824,0
20,P27,P27,Pre_P27,0,0.4782266318798065,0
20,P27,P27,Pre_P27,0,0.4931662976741791,0
20,P27,P27,Pre_P27,0,0.49119243025779724,0
20,P27,P27,Pre_P27,0,0.4907572567462921,0
20,P27,P27,Pre_P27,0,0.4932316541671753,0
20,P27,P27,Pre_P27,0,0.49137094616889954,0
20,P27,P27,Pre_P27,0,0.4955177307128906,0
20,P27,P27,Pre_P27,0,0.4955177307128906,0
20,P27,P27,Pre_P27,0,0.4926261901855469,0
20,P27,P27,Pre_P27,0,0.4955177307128906,0
20,P27,P27,Pre_P27,0,0.4941990077495575,0
20,P27,P27,Pre_P27,0,0.47332632541656494,0
20,P27,P27,Pre_P27,0,0.4917536973953247,0
20,P27,P27,Pre_P27,0,0.491538405418396,0
20,P27,P27,Pre_P27,0,0.4998754560947418,0
20,P27,P27,Pre_P27,0,0.4926261901855469,0
20,P27,P27,Pre_P27,0,0.47860875725746155,0
20,P27,P27,Pre_P27,0,0.49283352494239807,0
20,P27,P27,Pre_P27,0,0.47723913192749023,0
20,P27,P27,Pre_P27,0,0.47739025950431824,0
20,P27,P27,Pre_P27,0,0.4927310347557068,0
20,P27,P27,Pre_P27,0,0.49283352494239807,0
20,P27,P27,Pre_P27,0,0.4926261901855469,0
20,P27,P27,Pre_P27,0,0.48210036754608154,0
20,P27,P27,Pre_P27,0,0.5204956531524658,1
20,P27,P27,Pre_P27,0,0.4917536973953247,0
20,P27,P27,Pre_P27,0,0.5218042731285095,1
20,P27,P27,Pre_P27,0,0.5218042731285095,1
20,P27,P27,Pre_P27,0,0.5032300353050232,1
20,P27,P27,Pre_P27,0,0.5225660800933838,1
20,P27,P27,Pre_P27,0,0.4787166714668274,0
20,P27,P27,Pre_P27,0,0.5060164332389832,1
20,P27,P27,Pre_P27,0,0.49283352494239807,0
20,P27,P27,Pre_P27,0,0.4746517241001129,0
20,P27,P27,Pre_P27,0,0.47332632541656494,0
20,P27,P27,Pre_P27,0,0.4665534198284149,0
20,P27,P27,Pre_P27,0,0.4932023882865906,0
20,P27,P27,Pre_P27,0,0.4955177307128906,0
20,P27,P27,Pre_P27,0,0.49137094616889954,0
20,P27,P27,Pre_P27,0,0.4926261901855469,0
20,P27,P27,Pre_P27,0,0.4911399781703949,0
20,P27,P27,Pre_P27,0,0.49137094616889954,0
20,P27,P27,Pre_P27,0,0.4917536973953247,0
20,P27,P27,Pre_P27,0,0.4787166714668274,0
20,P27,P27,Pre_P27,0,0.5071929693222046,1
20,P27,P27,Pre_P27,0,0.4665534198284149,0
20,P27,P27,Pre_P27,0,0.5039380788803101,1
20,P27,P27,Pre_P27,0,0.5032300353050232,1
20,P27,P27,Pre_P27,0,0.4665534198284149,0
20,P27,P27,Pre_P27,0,0.49283352494239807,0
20,P27,P27,Pre_P27,0,0.491538405418396,0
20,P27,P27,Pre_P27,0,0.49137094616889954,0
20,P27,P27,Pre_P27,0,0.46356678009033203,0
20,P27,P27,Pre_P27,0,0.47484827041625977,0
20,P27,P27,Pre_P27,0,0.4870273768901825,0
20,P27,P27,Pre_P27,0,0.49283352494239807,0
20,P27,P27,Pre_P27,0,0.4926261901855469,0
20,P27,P27,Pre_P27,0,0.4931662976741791,0
20,P27,P27,Pre_P27,0,0.5073404312133789,1
20,P27,P27,Pre_P27,0,0.4787166714668274,0
20,P27,P27,Pre_P27,0,0.49137094616889954,0
20,P27,P27,Pre_P27,0,0.4665534198284149,0
20,P27,P27,Pre_P27,0,0.4917536973953247,0
20,P27,P27,Pre_P27,0,0.502144455909729,1
20,P27,P27,Pre_P27,0,0.4921889007091522,0
20,P27,P27,Pre_P27,0,0.46250012516975403,0
20,P27,P27,Pre_P27,0,0.4917536973953247,0
20,P27,P27,Pre_P27,0,0.4665534198284149,0
20,P27,P27,Pre_P27,0,0.49283352494239807,0
20,P27,P27,Pre_P27,0,0.49794018268585205,0
20,P27,P27,Pre_P27,0,0.48221713304519653,0
20,P27,P27,Pre_P27,0,0.4907572567462921,0
20,P27,P27,Pre_P27,0,0.5090541243553162,1
20,P27,P27,Pre_P27,0,0.47739025950431824,0
20,P27,P27,Pre_P27,0,0.4955177307128906,0
20,P27,P27,Pre_P27,0,0.4665534198284149,0
20,P27,P27,Pre_P27,0,0.4665534198284149,0
20,P27,P27,Pre_P27,0,0.49283352494239807,0
20,P27,P27,Pre_P27,0,0.49231526255607605,0
20,P27,P27,Pre_P27,0,0.49137094616889954,0
20,P27,P27,Pre_P27,0,0.4710262417793274,0
20,P27,P27,Pre_P27,0,0.47332632541656494,0
20,P27,P27,Pre_P27,0,0.5043916702270508,1
20,P27,P27,Pre_P27,0,0.46250012516975403,0
20,P27,P27,Pre_P27,0,0.4784606695175171,0
20,P27,P27,Pre_P27,0,0.4917536973953247,0
20,P27,P27,Pre_P27,0,0.46250012516975403,0
20,P27,P27,Pre_P27,0,0.48841479420661926,0
20,P27,P27,Pre_P27,0,0.5218042731285095,1
20,P27,P27,Pre_P27,0,0.4917536973953247,0
20,P27,P27,Pre_P27,0,0.4676212966442108,0
20,P27,P27,Pre_P27,0,0.4907572567462921,0
20,P27,P27,Pre_P27,0,0.4941990077495575,0
20,P27,P27,Pre_P27,0,0.5218042731285095,1
20,P27,P27,Pre_P27,0,0.47353851795196533,0
20,P27,P27,Pre_P27,0,0.4955177307128906,0
20,P27,P27,Pre_P27,0,0.5218042731285095,1
20,P27,P27,Pre_P27,0,0.4917536973953247,0
20,P27,P27,Pre_P27,0,0.4983261525630951,0
20,P27,P27,Pre_P27,0,0.4665534198284149,0
20,P27,P27,Pre_P27,0,0.49283352494239807,0
20,P27,P27,Pre_P27,0,0.4779960513114929,0
20,P27,P27,Pre_P27,0,0.4911399781703949,0
20,P27,P27,Pre_P27,0,0.4917536973953247,0
20,P27,P27,Pre_P27,0,0.49160435795783997,0
20,P27,P27,Pre_P27,0,0.49425145983695984,0
20,P27,P27,Pre_P27,0,0.4765850603580475,0
20,P27,P27,Pre_P27,0,0.49363768100738525,0
20,P27,P27,Pre_P27,0,0.49283352494239807,0
20,P27,P27,Pre_P27,0,0.4907572567462921,0
20,P27,P27,Pre_P27,0,0.4941990077495575,0
20,P27,P27,Pre_P27,0,0.488693505525589,0
20,P27,P27,Pre_P27,0,0.4762764871120453,0
20,P27,P27,Pre_P27,0,0.49283352494239807,0
20,P27,P27,Pre_P27,0,0.4926261901855469,0
20,P27,P27,Pre_P27,0,0.47477346658706665,0
20,P27,P27,Pre_P27,0,0.5204956531524658,1
20,P27,P27,Pre_P27,0,0.4676212966442108,0
20,P27,P27,Pre_P27,0,0.4665534198284149,0
20,P27,P27,Pre_P27,0,0.4923982620239258,0
20,P27,P27,Pre_P27,0,0.4665534198284149,0
20,P27,P27,Pre_P27,0,0.4665534198284149,0
20,P27,P27,Pre_P27,0,0.49180617928504944,0
20,P27,P27,Pre_P27,0,0.4932023882865906,0
20,P27,P27,Pre_P27,0,0.48221713304519653,0
20,P27,P27,Pre_P27,0,0.4984893798828125,0
20,P27,P27,Pre_P27,0,0.4676212966442108,0
20,P27,P27,Pre_P27,0,0.49137094616889954,0
20,P27,P27,Pre_P27,0,0.5062296986579895,1
20,P27,P27,Pre_P27,0,0.4941990077495575,0
20,P27,P27,Pre_P27,0,0.5073404312133789,1
20,P27,P27,Pre_P27,0,0.4665534198284149,0
20,P27,P27,Pre_P27,0,0.49388545751571655,0
20,P27,P27,Pre_P27,0,0.4787166714668274,0
20,P27,P27,Pre_P27,0,0.47288286685943604,0
20,P27,P27,Pre_P27,0,0.4941990077495575,0
20,P27,P27,Pre_P27,0,0.48221713304519653,0
20,P27,P27,Pre_P27,0,0.4926261901855469,0
20,P27,P27,Pre_P27,0,0.4911399781703949,0
20,P27,P27,Pre_P27,0,0.49137094616889954,0
20,P27,P27,Pre_P27,0,0.4765850603580475,0
20,P27,P27,Pre_P27,0,0.47332632541656494,0
20,P27,P27,Pre_P27,0,0.47332632541656494,0
20,P27,P27,Pre_P27,0,0.4665534198284149,0
20,P27,P27,Pre_P27,0,0.47739025950431824,0
20,P27,P27,Pre_P27,0,0.4941990077495575,0
20,P27,P27,Pre_P27,0,0.49283352494239807,0
20,P27,P27,Pre_P27,0,0.49137094616889954,0
20,P27,P27,Pre_P27,0,0.49137094616889954,0
20,P27,P27,Pre_P27,0,0.5048233270645142,1
20,P27,P27,Pre_P27,0,0.4906400442123413,0
20,P27,P27,Pre_P27,0,0.5062296986579895,1
20,P27,P27,Pre_P27,0,0.472213476896286,0
20,P27,P27,Pre_P27,0,0.5071929693222046,1
20,P27,P27,Pre_P27,0,0.5062296986579895,1
20,P27,P27,Pre_P27,0,0.49283352494239807,0
20,P27,P27,Pre_P27,0,0.5225660800933838,1
20,P27,P27,Pre_P27,0,0.4944106340408325,0
20,P27,P27,Pre_P27,0,0.4665534198284149,0
20,P27,P27,Pre_P27,0,0.4917536973953247,0
20,P27,P27,Pre_P27,0,0.48210036754608154,0
20,P27,P27,Pre_P27,0,0.49425145983695984,0
20,P27,P27,Pre_P27,0,0.5054457187652588,1
20,P27,P27,Pre_P27,0,0.49283352494239807,0
20,P27,P27,Pre_P27,0,0.46250012516975403,0
20,P27,P27,Pre_P27,0,0.4917536973953247,0
20,P27,P27,Pre_P27,0,0.46250012516975403,0
20,P27,P27,Pre_P27,0,0.4788193702697754,0
20,P27,P27,Pre_P27,0,0.5218042731285095,1
20,P27,P27,Pre_P27,0,0.5026853680610657,1
20,P27,P27,Pre_P27,0,0.49283352494239807,0
20,P27,P27,Pre_P27,0,0.475630521774292,0
20,P27,P27,Pre_P27,0,0.4935851991176605,0
20,P27,P27,Pre_P27,0,0.5062296986579895,1
20,P27,P27,Pre_P27,0,0.49137094616889954,0
20,P27,P27,Pre_P27,0,0.49609798192977905,0
20,P27,P27,Pre_P27,0,0.4676212966442108,0
20,P27,P27,Pre_P27,0,0.47048836946487427,0
20,P27,P27,Pre_P27,0,0.503812313079834,1
20,P27,P27,Pre_P27,0,0.4680315852165222,0
20,P27,P27,Pre_P27,0,0.48687946796417236,0
20,P27,P27,Pre_P27,0,0.4765850603580475,0
20,P27,P27,Pre_P27,0,0.5218042731285095,1
20,P27,P27,Pre_P27,0,0.4676212966442108,0
20,P27,P27,Pre_P27,0,0.4926261901855469,0
20,P27,P27,Pre_P27,0,0.4917536973953247,0
20,P27,P27,Pre_P27,0,0.4935851991176605,0
20,P27,P27,Pre_P27,0,0.46250012516975403,0
20,P27,P27,Pre_P27,0,0.5072412490844727,1
20,P27,P27,Pre_P27,0,0.4888348877429962,0
20,P27,P27,Pre_P27,0,0.49283352494239807,0
20,P27,P27,Pre_P27,0,0.49137094616889954,0
20,P27,P27,Pre_P27,0,0.4955177307128906,0
20,P27,P27,Pre_P27,0,0.5044297575950623,1
20,P27,P27,Pre_P27,0,0.5204956531524658,1
20,P27,P27,Pre_P27,0,0.4917536973953247,0
20,P27,P27,Pre_P27,0,0.5042175054550171,1
20,P27,P27,Pre_P27,0,0.47739025950431824,0
20,P27,P27,Pre_P27,0,0.4917536973953247,0
20,P27,P27,Pre_P27,0,0.46250012516975403,0
20,P27,P27,Pre_P27,0,0.49425145983695984,0
20,P27,P27,Pre_P27,0,0.5204956531524658,1
20,P27,P27,Pre_P27,0,0.46356678009033203,0
20,P27,P27,Pre_P27,0,0.4887159466743469,0
20,P27,P27,Pre_P27,0,0.4676212966442108,0
20,P27,P27,Pre_P27,0,0.46250012516975403,0
20,P27,P27,Pre_P27,0,0.4765850603580475,0
20,P27,P27,Pre_P27,0,0.48783501982688904,0
20,P27,P27,Pre_P27,0,0.5148913860321045,1
20,P27,P27,Pre_P27,0,0.478487104177475,0
20,P27,P27,Pre_P27,0,0.5204956531524658,1
20,P27,P27,Pre_P27,0,0.47739025950431824,0
20,P27,P27,Pre_P27,0,0.47860875725746155,0
20,P27,P27,Pre_P27,0,0.4923982620239258,0
20,P27,P27,Pre_P27,0,0.4881318211555481,0
20,P27,P27,Pre_P27,0,0.4665534198284149,0
20,P27,P27,Pre_P27,0,0.5019120573997498,1
20,P27,P27,Pre_P27,0,0.47828009724617004,0
20,P27,P27,Pre_P27,0,0.4911399781703949,0
20,P27,P27,Pre_P27,0,0.4917536973953247,0
20,P27,P27,Pre_P27,0,0.4926261901855469,0
20,P27,P27,Pre_P27,0,0.49283352494239807,0
20,P27,P27,Pre_P27,0,0.4917536973953247,0
20,P27,P27,Pre_P27,0,0.4714091122150421,0
20,P27,P27,Pre_P27,0,0.4932161271572113,0
20,P27,P27,Pre_P27,0,0.46356678009033203,0
20,P27,P27,Pre_P27,0,0.4907572567462921,0
20,P27,P27,Pre_P27,0,0.4665534198284149,0
20,P27,P27,Pre_P27,0,0.4954991340637207,0
20,P27,P27,Pre_P27,0,0.4665534198284149,0
20,P27,P27,Pre_P27,0,0.49283352494239807,0
20,P27,P27,Pre_P27,0,0.512748658657074,1
20,P27,P27,Pre_P27,0,0.49531036615371704,0
20,P27,P27,Pre_P27,0,0.49283352494239807,0
20,P27,P27,Pre_P27,0,0.47739025950431824,0
20,P27,P27,Pre_P27,0,0.4676212966442108,0
20,P27,P27,Pre_P27,0,0.49096453189849854,0
20,P27,P27,Pre_P27,0,0.47739025950431824,0
20,P27,P27,Pre_P27,0,0.4955177307128906,0
20,P27,P27,Pre_P27,0,0.49283352494239807,0
20,P27,P27,Pre_P27,0,0.4665534198284149,0
20,P27,P27,Pre_P27,0,0.48210036754608154,0
20,P27,P27,Pre_P27,0,0.47739025950431824,0
20,P27,P27,Pre_P27,0,0.47739025950431824,0
20,P27,P27,Pre_P27,0,0.4917536973953247,0
20,P27,P27,Pre_P27,0,0.46250012516975403,0
20,P27,P27,Pre_P27,0,0.5218042731285095,1
20,P27,P27,Pre_P27,0,0.4665534198284149,0
20,P27,P27,Pre_P27,0,0.4776138961315155,0
20,P27,P27,Pre_P27,0,0.488849937915802,0
20,P27,P27,Pre_P27,0,0.4915752112865448,0
20,P27,P27,Pre_P27,0,0.47739025950431824,0
20,P27,P27,Pre_P27,0,0.4725387990474701,0
20,P27,P27,Pre_P27,0,0.4787166714668274,0
20,P27,P27,Pre_P27,0,0.4917536973953247,0
20,P27,P27,Pre_P27,0,0.46250012516975403,0
20,P27,P27,Pre_P27,0,0.5062296986579895,1
20,P27,P27,Pre_P27,0,0.4917536973953247,0
21,P28,P28,Pre_P28,1,0.502714216709137,1
21,P28,P28,Pre_P28,1,0.5172134637832642,1
21,P28,P28,Pre_P28,1,0.5099062919616699,1
21,P28,P28,Pre_P28,1,0.49105924367904663,0
21,P28,P28,Pre_P28,1,0.5061115026473999,1
21,P28,P28,Pre_P28,1,0.505547821521759,1
21,P28,P28,Pre_P28,1,0.48564964532852173,0
21,P28,P28,Pre_P28,1,0.4944789409637451,0
21,P28,P28,Pre_P28,1,0.5051172971725464,1
21,P28,P28,Pre_P28,1,0.5228053331375122,1
21,P28,P28,Pre_P28,1,0.4883301854133606,0
21,P28,P28,Pre_P28,1,0.4869612157344818,0
21,P28,P28,Pre_P28,1,0.4943827986717224,0
21,P28,P28,Pre_P28,1,0.4918080270290375,0
21,P28,P28,Pre_P28,1,0.48989754915237427,0
21,P28,P28,Pre_P28,1,0.5021148324012756,1
21,P28,P28,Pre_P28,1,0.5061115026473999,1
21,P28,P28,Pre_P28,1,0.5022076964378357,1
21,P28,P28,Pre_P28,1,0.5051172971725464,1
21,P28,P28,Pre_P28,1,0.4994432032108307,0
21,P28,P28,Pre_P28,1,0.5038453340530396,1
21,P28,P28,Pre_P28,1,0.4944789409637451,0
21,P28,P28,Pre_P28,1,0.5012202858924866,1
21,P28,P28,Pre_P28,1,0.5228053331375122,1
21,P28,P28,Pre_P28,1,0.49825894832611084,0
21,P28,P28,Pre_P28,1,0.4945339262485504,0
21,P28,P28,Pre_P28,1,0.5228053331375122,1
21,P28,P28,Pre_P28,1,0.5053927302360535,1
21,P28,P28,Pre_P28,1,0.5022076964378357,1
21,P28,P28,Pre_P28,1,0.49655643105506897,0
21,P28,P28,Pre_P28,1,0.5172234177589417,1
21,P28,P28,Pre_P28,1,0.5228053331375122,1
21,P28,P28,Pre_P28,1,0.4784282445907593,0
21,P28,P28,Pre_P28,1,0.5023484826087952,1
21,P28,P28,Pre_P28,1,0.5061115026473999,1
21,P28,P28,Pre_P28,1,0.49737510085105896,0
21,P28,P28,Pre_P28,1,0.5064204931259155,1
21,P28,P28,Pre_P28,1,0.4949986934661865,0
21,P28,P28,Pre_P28,1,0.47840648889541626,0
21,P28,P28,Pre_P28,1,0.4803171157836914,0
21,P28,P28,Pre_P28,1,0.4900098443031311,0
21,P28,P28,Pre_P28,1,0.4935305714607239,0
21,P28,P28,Pre_P28,1,0.5228053331375122,1
21,P28,P28,Pre_P28,1,0.5041810274124146,1
21,P28,P28,Pre_P28,1,0.5061115026473999,1
21,P28,P28,Pre_P28,1,0.49786823987960815,0
21,P28,P28,Pre_P28,1,0.49652257561683655,0
21,P28,P28,Pre_P28,1,0.49605709314346313,0
21,P28,P28,Pre_P28,1,0.5051172971725464,1
21,P28,P28,Pre_P28,1,0.5010961890220642,1
21,P28,P28,Pre_P28,1,0.49890846014022827,0
21,P28,P28,Pre_P28,1,0.5164066553115845,1
21,P28,P28,Pre_P28,1,0.4981648623943329,0
21,P28,P28,Pre_P28,1,0.5228053331375122,1
21,P28,P28,Pre_P28,1,0.4784282445907593,0
21,P28,P28,Pre_P28,1,0.5092739462852478,1
21,P28,P28,Pre_P28,1,0.5030564069747925,1
21,P28,P28,Pre_P28,1,0.5012202858924866,1
21,P28,P28,Pre_P28,1,0.5097030997276306,1
21,P28,P28,Pre_P28,1,0.49238646030426025,0
21,P28,P28,Pre_P28,1,0.4990859031677246,0
21,P28,P28,Pre_P28,1,0.487655907869339,0
21,P28,P28,Pre_P28,1,0.5092739462852478,1
21,P28,P28,Pre_P28,1,0.5015292763710022,1
21,P28,P28,Pre_P28,1,0.4959052503108978,0
21,P28,P28,Pre_P28,1,0.4784282445907593,0
21,P28,P28,Pre_P28,1,0.5051172971725464,1
21,P28,P28,Pre_P28,1,0.49605709314346313,0
21,P28,P28,Pre_P28,1,0.5022076964378357,1
21,P28,P28,Pre_P28,1,0.5228053331375122,1
21,P28,P28,Pre_P28,1,0.49607861042022705,0
21,P28,P28,Pre_P28,1,0.5061115026473999,1
21,P28,P28,Pre_P28,1,0.5228053331375122,1
21,P28,P28,Pre_P28,1,0.5022076964378357,1
21,P28,P28,Pre_P28,1,0.4843951463699341,0
21,P28,P28,Pre_P28,1,0.464148610830307,0
21,P28,P28,Pre_P28,1,0.5061115026473999,1
21,P28,P28,Pre_P28,1,0.5043346285820007,1
21,P28,P28,Pre_P28,1,0.5228053331375122,1
21,P28,P28,Pre_P28,1,0.5207066535949707,1
21,P28,P28,Pre_P28,1,0.5051172971725464,1
21,P28,P28,Pre_P28,1,0.49230167269706726,0
21,P28,P28,Pre_P28,1,0.5051172971725464,1
21,P28,P28,Pre_P28,1,0.4874263107776642,0
21,P28,P28,Pre_P28,1,0.49478793144226074,0
21,P28,P28,Pre_P28,1,0.48109951615333557,0
21,P28,P28,Pre_P28,1,0.503456175327301,1
21,P28,P28,Pre_P28,1,0.5026077628135681,1
21,P28,P28,Pre_P28,1,0.5228053331375122,1
21,P28,P28,Pre_P28,1,0.4995788335800171,0
21,P28,P28,Pre_P28,1,0.49546319246292114,0
21,P28,P28,Pre_P28,1,0.49230167269706726,0
21,P28,P28,Pre_P28,1,0.5012202858924866,1
21,P28,P28,Pre_P28,1,0.48564964532852173,0
21,P28,P28,Pre_P28,1,0.48918139934539795,0
21,P28,P28,Pre_P28,1,0.5051172971725464,1
21,P28,P28,Pre_P28,1,0.5011667609214783,1
21,P28,P28,Pre_P28,1,0.5012202858924866,1
21,P28,P28,Pre_P28,1,0.4919953942298889,0
21,P28,P28,Pre_P28,1,0.4956596791744232,0
21,P28,P28,Pre_P28,1,0.5199071764945984,1
21,P28,P28,Pre_P28,1,0.4783869981765747,0
21,P28,P28,Pre_P28,1,0.4995788335800171,0
21,P28,P28,Pre_P28,1,0.49352893233299255,0
21,P28,P28,Pre_P28,1,0.5038453340530396,1
21,P28,P28,Pre_P28,1,0.5228053331375122,1
21,P28,P28,Pre_P28,1,0.5041810274124146,1
21,P28,P28,Pre_P28,1,0.5064204931259155,1
21,P28,P28,Pre_P28,1,0.4959052503108978,0
21,P28,P28,Pre_P28,1,0.4965006709098816,0
21,P28,P28,Pre_P28,1,0.4986180365085602,0
21,P28,P28,Pre_P28,1,0.5228053331375122,1
21,P28,P28,Pre_P28,1,0.5012202858924866,1
21,P28,P28,Pre_P28,1,0.5228053331375122,1
21,P28,P28,Pre_P28,1,0.5090416669845581,1
21,P28,P28,Pre_P28,1,0.4906829595565796,0
21,P28,P28,Pre_P28,1,0.5041810274124146,1
21,P28,P28,Pre_P28,1,0.49737510085105896,0
21,P28,P28,Pre_P28,1,0.4994432032108307,0
21,P28,P28,Pre_P28,1,0.47276750206947327,0
21,P28,P28,Pre_P28,1,0.4949986934661865,0
21,P28,P28,Pre_P28,1,0.5228053331375122,1
21,P28,P28,Pre_P28,1,0.5092739462852478,1
21,P28,P28,Pre_P28,1,0.49949774146080017,0
21,P28,P28,Pre_P28,1,0.49478793144226074,0
21,P28,P28,Pre_P28,1,0.5090416669845581,1
21,P28,P28,Pre_P28,1,0.4897133708000183,0
21,P28,P28,Pre_P28,1,0.4857701361179352,0
21,P28,P28,Pre_P28,1,0.5063714981079102,1
21,P28,P28,Pre_P28,1,0.5164066553115845,1
21,P28,P28,Pre_P28,1,0.4949986934661865,0
21,P28,P28,Pre_P28,1,0.5228053331375122,1
21,P28,P28,Pre_P28,1,0.5061115026473999,1
21,P28,P28,Pre_P28,1,0.5228053331375122,1
21,P28,P28,Pre_P28,1,0.5228053331375122,1
21,P28,P28,Pre_P28,1,0.4952563941478729,0
21,P28,P28,Pre_P28,1,0.5006267428398132,1
21,P28,P28,Pre_P28,1,0.5228053331375122,1
21,P28,P28,Pre_P28,1,0.49865928292274475,0
21,P28,P28,Pre_P28,1,0.5041810274124146,1
21,P28,P28,Pre_P28,1,0.4767099618911743,0
21,P28,P28,Pre_P28,1,0.5051172971725464,1
21,P28,P28,Pre_P28,1,0.5051172971725464,1
21,P28,P28,Pre_P28,1,0.5023754239082336,1
21,P28,P28,Pre_P28,1,0.4944789409637451,0
21,P28,P28,Pre_P28,1,0.5061115026473999,1
21,P28,P28,Pre_P28,1,0.49786823987960815,0
21,P28,P28,Pre_P28,1,0.5051172971725464,1
21,P28,P28,Pre_P28,1,0.5003475546836853,1
21,P28,P28,Pre_P28,1,0.4965006709098816,0
21,P28,P28,Pre_P28,1,0.49008771777153015,0
21,P28,P28,Pre_P28,1,0.4900098443031311,0
21,P28,P28,Pre_P28,1,0.48010632395744324,0
21,P28,P28,Pre_P28,1,0.4981088936328888,0
21,P28,P28,Pre_P28,1,0.4904075860977173,0
21,P28,P28,Pre_P28,1,0.49352893233299255,0
21,P28,P28,Pre_P28,1,0.5015292763710022,1
21,P28,P28,Pre_P28,1,0.4965006709098816,0
21,P28,P28,Pre_P28,1,0.5012202858924866,1
21,P28,P28,Pre_P28,1,0.4995788335800171,0
21,P28,P28,Pre_P28,1,0.4981648623943329,0
21,P28,P28,Pre_P28,1,0.48958876729011536,0
21,P28,P28,Pre_P28,1,0.494439959526062,0
21,P28,P28,Pre_P28,1,0.502714216709137,1
21,P28,P28,Pre_P28,1,0.48688456416130066,0
21,P28,P28,Pre_P28,1,0.49391528964042664,0
21,P28,P28,Pre_P28,1,0.4959052503108978,0
21,P28,P28,Pre_P28,1,0.5024176239967346,1
21,P28,P28,Pre_P28,1,0.4921469986438751,0
21,P28,P28,Pre_P28,1,0.5030564069747925,1
21,P28,P28,Pre_P28,1,0.49388551712036133,0
21,P28,P28,Pre_P28,1,0.5018972158432007,1
21,P28,P28,Pre_P28,1,0.5052388906478882,1
21,P28,P28,Pre_P28,1,0.4944789409637451,0
21,P28,P28,Pre_P28,1,0.5226362347602844,1
21,P28,P28,Pre_P28,1,0.4965567886829376,0
21,P28,P28,Pre_P28,1,0.4643467664718628,0
21,P28,P28,Pre_P28,1,0.4783869981765747,0
21,P28,P28,Pre_P28,1,0.5228053331375122,1
21,P28,P28,Pre_P28,1,0.5228053331375122,1
21,P28,P28,Pre_P28,1,0.5022076964378357,1
21,P28,P28,Pre_P28,1,0.46372926235198975,0
21,P28,P28,Pre_P28,1,0.5061115026473999,1
21,P28,P28,Pre_P28,1,0.4848250448703766,0
21,P28,P28,Pre_P28,1,0.5228053331375122,1
21,P28,P28,Pre_P28,1,0.49737510085105896,0
21,P28,P28,Pre_P28,1,0.4995788335800171,0
21,P28,P28,Pre_P28,1,0.5026744604110718,1
21,P28,P28,Pre_P28,1,0.5051172971725464,1
21,P28,P28,Pre_P28,1,0.5061115026473999,1
21,P28,P28,Pre_P28,1,0.49185046553611755,0
21,P28,P28,Pre_P28,1,0.4981088936328888,0
21,P28,P28,Pre_P28,1,0.5061115026473999,1
21,P28,P28,Pre_P28,1,0.5012202858924866,1
21,P28,P28,Pre_P28,1,0.5022076964378357,1
21,P28,P28,Pre_P28,1,0.4964812099933624,0
21,P28,P28,Pre_P28,1,0.5092739462852478,1
21,P28,P28,Pre_P28,1,0.48918139934539795,0
21,P28,P28,Pre_P28,1,0.5052388906478882,1
21,P28,P28,Pre_P28,1,0.4944789409637451,0
21,P28,P28,Pre_P28,1,0.4994432032108307,0
21,P28,P28,Pre_P28,1,0.5012202858924866,1
21,P28,P28,Pre_P28,1,0.4858478307723999,0
21,P28,P28,Pre_P28,1,0.49737510085105896,0
21,P28,P28,Pre_P28,1,0.5022076964378357,1
21,P28,P28,Pre_P28,1,0.5228053331375122,1
21,P28,P28,Pre_P28,1,0.5022076964378357,1
21,P28,P28,Pre_P28,1,0.49059435725212097,0
21,P28,P28,Pre_P28,1,0.4678875505924225,0
21,P28,P28,Pre_P28,1,0.48381853103637695,0
21,P28,P28,Pre_P28,1,0.49605709314346313,0
21,P28,P28,Pre_P28,1,0.4770195484161377,0
21,P28,P28,Pre_P28,1,0.517087996006012,1
21,P28,P28,Pre_P28,1,0.5088242292404175,1
21,P28,P28,Pre_P28,1,0.5228053331375122,1
21,P28,P28,Pre_P28,1,0.5228053331375122,1
21,P28,P28,Pre_P28,1,0.5012202858924866,1
21,P28,P28,Pre_P28,1,0.5228053331375122,1
21,P28,P28,Pre_P28,1,0.5041810274124146,1
21,P28,P28,Pre_P28,1,0.5228053331375122,1
21,P28,P28,Pre_P28,1,0.49737510085105896,0
21,P28,P28,Pre_P28,1,0.4784282445907593,0
21,P28,P28,Pre_P28,1,0.4944789409637451,0
21,P28,P28,Pre_P28,1,0.5012202858924866,1
21,P28,P28,Pre_P28,1,0.4808169901371002,0
21,P28,P28,Pre_P28,1,0.5028671622276306,1
21,P28,P28,Pre_P28,1,0.5020394921302795,1
21,P28,P28,Pre_P28,1,0.5040776133537292,1
21,P28,P28,Pre_P28,1,0.5228053331375122,1
21,P28,P28,Pre_P28,1,0.5228053331375122,1
21,P28,P28,Pre_P28,1,0.49478793144226074,0
21,P28,P28,Pre_P28,1,0.5022076964378357,1
21,P28,P28,Pre_P28,1,0.4824739098548889,0
21,P28,P28,Pre_P28,1,0.5022076964378357,1
21,P28,P28,Pre_P28,1,0.4858478307723999,0
21,P28,P28,Pre_P28,1,0.5022076964378357,1
21,P28,P28,Pre_P28,1,0.48564964532852173,0
21,P28,P28,Pre_P28,1,0.5061115026473999,1
21,P28,P28,Pre_P28,1,0.5228053331375122,1
21,P28,P28,Pre_P28,1,0.5022076964378357,1
21,P28,P28,Pre_P28,1,0.5227794051170349,1
21,P28,P28,Pre_P28,1,0.4975261390209198,0
21,P28,P28,Pre_P28,1,0.5228053331375122,1
21,P28,P28,Pre_P28,1,0.4906829595565796,0
21,P28,P28,Pre_P28,1,0.5092739462852478,1
21,P28,P28,Pre_P28,1,0.5105865597724915,1
21,P28,P28,Pre_P28,1,0.5228053331375122,1
21,P28,P28,Pre_P28,1,0.5225309133529663,1
21,P28,P28,Pre_P28,1,0.4903317391872406,0
21,P28,P28,Pre_P28,1,0.5228053331375122,1
21,P28,P28,Pre_P28,1,0.4994432032108307,0
21,P28,P28,Pre_P28,1,0.5228053331375122,1
21,P28,P28,Pre_P28,1,0.4995788335800171,0
21,P28,P28,Pre_P28,1,0.5012202858924866,1
21,P28,P28,Pre_P28,1,0.5030564069747925,1
21,P28,P28,Pre_P28,1,0.4900553226470947,0
21,P28,P28,Pre_P28,1,0.5014459490776062,1
21,P28,P28,Pre_P28,1,0.4783869981765747,0
21,P28,P28,Pre_P28,1,0.4981088936328888,0
21,P28,P28,Pre_P28,1,0.49453794956207275,0
21,P28,P28,Pre_P28,1,0.489533007144928,0
21,P28,P28,Pre_P28,1,0.5015292763710022,1
21,P28,P28,Pre_P28,1,0.5088242292404175,1
21,P28,P28,Pre_P28,1,0.4954163730144501,0
21,P28,P28,Pre_P28,1,0.5012202858924866,1
21,P28,P28,Pre_P28,1,0.4917639493942261,0
21,P28,P28,Pre_P28,1,0.494945764541626,0
21,P28,P28,Pre_P28,1,0.5108348727226257,1
21,P28,P28,Pre_P28,1,0.49180495738983154,0
21,P28,P28,Pre_P28,1,0.5030564069747925,1
21,P28,P28,Pre_P28,1,0.5228053331375122,1
21,P28,P28,Pre_P28,1,0.49737510085105896,0
21,P28,P28,Pre_P28,1,0.4986875057220459,0
21,P28,P28,Pre_P28,1,0.4761723279953003,0
21,P28,P28,Pre_P28,1,0.5027597546577454,1
21,P28,P28,Pre_P28,1,0.4966168701648712,0
21,P28,P28,Pre_P28,1,0.5228053331375122,1
21,P28,P28,Pre_P28,1,0.4995788335800171,0
21,P28,P28,Pre_P28,1,0.503456175327301,1
21,P28,P28,Pre_P28,1,0.5228053331375122,1
21,P28,P28,Pre_P28,1,0.4882339835166931,0
21,P28,P28,Pre_P28,1,0.4949986934661865,0
21,P28,P28,Pre_P28,1,0.4949986934661865,0
21,P28,P28,Pre_P28,1,0.49478793144226074,0
21,P28,P28,Pre_P28,1,0.5014069080352783,1
21,P28,P28,Pre_P28,1,0.5155348181724548,1
21,P28,P28,Pre_P28,1,0.5041810274124146,1
21,P28,P28,Pre_P28,1,0.5092739462852478,1
21,P28,P28,Pre_P28,1,0.4965974688529968,0
21,P28,P28,Pre_P28,1,0.4834023118019104,0
21,P28,P28,Pre_P28,1,0.4783869981765747,0
21,P28,P28,Pre_P28,1,0.4919953942298889,0
21,P28,P28,Pre_P28,1,0.4994432032108307,0
21,P28,P28,Pre_P28,1,0.5228053331375122,1
21,P28,P28,Pre_P28,1,0.4921242296695709,0
21,P28,P28,Pre_P28,1,0.5012202858924866,1
21,P28,P28,Pre_P28,1,0.5012202858924866,1
21,P28,P28,Pre_P28,1,0.48564964532852173,0
21,P28,P28,Pre_P28,1,0.4936063587665558,0
21,P28,P28,Pre_P28,1,0.494687557220459,0
21,P28,P28,Pre_P28,1,0.48741528391838074,0
21,P28,P28,Pre_P28,1,0.5061115026473999,1
21,P28,P28,Pre_P28,1,0.5228053331375122,1
21,P28,P28,Pre_P28,1,0.5061115026473999,1
21,P28,P28,Pre_P28,1,0.5228053331375122,1
21,P28,P28,Pre_P28,1,0.4784282445907593,0
21,P28,P28,Pre_P28,1,0.4975261390209198,0
21,P28,P28,Pre_P28,1,0.5052388906478882,1
21,P28,P28,Pre_P28,1,0.49605709314346313,0
21,P28,P28,Pre_P28,1,0.4919953942298889,0
21,P28,P28,Pre_P28,1,0.5022076964378357,1
21,P28,P28,Pre_P28,1,0.48639199137687683,0
21,P28,P28,Pre_P28,1,0.49737510085105896,0
21,P28,P28,Pre_P28,1,0.4974176287651062,0
21,P28,P28,Pre_P28,1,0.4960077404975891,0
21,P28,P28,Pre_P28,1,0.49352893233299255,0
21,P28,P28,Pre_P28,1,0.5022076964378357,1
21,P28,P28,Pre_P28,1,0.5024176239967346,1
21,P28,P28,Pre_P28,1,0.5046032667160034,1
21,P28,P28,Pre_P28,1,0.5180231928825378,1
21,P28,P28,Pre_P28,1,0.5228053331375122,1
21,P28,P28,Pre_P28,1,0.5228053331375122,1
21,P28,P28,Pre_P28,1,0.5115189552307129,1
21,P28,P28,Pre_P28,1,0.4965006709098816,0
21,P28,P28,Pre_P28,1,0.5228053331375122,1
21,P28,P28,Pre_P28,1,0.5051172971725464,1
21,P28,P28,Pre_P28,1,0.5092739462852478,1
21,P28,P28,Pre_P28,1,0.5228053331375122,1
21,P28,P28,Pre_P28,1,0.49155712127685547,0
21,P28,P28,Pre_P28,1,0.49352893233299255,0
21,P28,P28,Pre_P28,1,0.49786823987960815,0
21,P28,P28,Pre_P28,1,0.5022076964378357,1
21,P28,P28,Pre_P28,1,0.4936063587665558,0
21,P28,P28,Pre_P28,1,0.4877667725086212,0
21,P28,P28,Pre_P28,1,0.5228053331375122,1
21,P28,P28,Pre_P28,1,0.5061115026473999,1
21,P28,P28,Pre_P28,1,0.5228053331375122,1
21,P28,P28,Post_P28,0,0.46372926235198975,0
21,P28,P28,Post_P28,0,0.46993324160575867,0
21,P28,P28,Post_P28,0,0.5228053331375122,1
21,P28,P28,Post_P28,0,0.4848940074443817,0
21,P28,P28,Post_P28,0,0.4700835347175598,0
21,P28,P28,Post_P28,0,0.48047536611557007,0
21,P28,P28,Post_P28,0,0.4793519377708435,0
21,P28,P28,Post_P28,0,0.4680151045322418,0
21,P28,P28,Post_P28,0,0.4739812910556793,0
21,P28,P28,Post_P28,0,0.4793519377708435,0
21,P28,P28,Post_P28,0,0.46372926235198975,0
21,P28,P28,Post_P28,0,0.4767099618911743,0
21,P28,P28,Post_P28,0,0.46460968255996704,0
21,P28,P28,Post_P28,0,0.4645894765853882,0
21,P28,P28,Post_P28,0,0.46372926235198975,0
21,P28,P28,Post_P28,0,0.4666042923927307,0
21,P28,P28,Post_P28,0,0.46993324160575867,0
21,P28,P28,Post_P28,0,0.4825708270072937,0
21,P28,P28,Post_P28,0,0.4676632285118103,0
21,P28,P28,Post_P28,0,0.4793519377708435,0
21,P28,P28,Post_P28,0,0.48087331652641296,0
21,P28,P28,Post_P28,0,0.4797498285770416,0
21,P28,P28,Post_P28,0,0.4671337604522705,0
21,P28,P28,Post_P28,0,0.46372926235198975,0
21,P28,P28,Post_P28,0,0.46372926235198975,0
21,P28,P28,Post_P28,0,0.4752994775772095,0
21,P28,P28,Post_P28,0,0.4686228632926941,0
21,P28,P28,Post_P28,0,0.4900098443031311,0
21,P28,P28,Post_P28,0,0.46372926235198975,0
21,P28,P28,Post_P28,0,0.4739812910556793,0
21,P28,P28,Post_P28,0,0.4825708270072937,0
21,P28,P28,Post_P28,0,0.46614378690719604,0
21,P28,P28,Post_P28,0,0.4825708270072937,0
21,P28,P28,Post_P28,0,0.4881766140460968,0
21,P28,P28,Post_P28,0,0.47986871004104614,0
21,P28,P28,Post_P28,0,0.46372926235198975,0
21,P28,P28,Post_P28,0,0.48087331652641296,0
21,P28,P28,Post_P28,0,0.47143739461898804,0
21,P28,P28,Post_P28,0,0.4797498285770416,0
21,P28,P28,Post_P28,0,0.4671337604522705,0
21,P28,P28,Post_P28,0,0.46372926235198975,0
21,P28,P28,Post_P28,0,0.47206801176071167,0
21,P28,P28,Post_P28,0,0.46372926235198975,0
21,P28,P28,Post_P28,0,0.4877122640609741,0
21,P28,P28,Post_P28,0,0.47276750206947327,0
21,P28,P28,Post_P28,0,0.5012202858924866,1
21,P28,P28,Post_P28,0,0.49782276153564453,0
21,P28,P28,Post_P28,0,0.4671337604522705,0
21,P28,P28,Post_P28,0,0.48625001311302185,0
21,P28,P28,Post_P28,0,0.46395260095596313,0
21,P28,P28,Post_P28,0,0.4671337604522705,0
21,P28,P28,Post_P28,0,0.46372926235198975,0
21,P28,P28,Post_P28,0,0.4671337604522705,0
21,P28,P28,Post_P28,0,0.4952563941478729,0
21,P28,P28,Post_P28,0,0.46372926235198975,0
21,P28,P28,Post_P28,0,0.48668909072875977,0
21,P28,P28,Post_P28,0,0.4676632285118103,0
21,P28,P28,Post_P28,0,0.4654916226863861,0
21,P28,P28,Post_P28,0,0.4952563941478729,0
21,P28,P28,Post_P28,0,0.4671337604522705,0
21,P28,P28,Post_P28,0,0.4671337604522705,0
21,P28,P28,Post_P28,0,0.46372926235198975,0
21,P28,P28,Post_P28,0,0.48755142092704773,0
21,P28,P28,Post_P28,0,0.46372926235198975,0
21,P28,P28,Post_P28,0,0.46372926235198975,0
21,P28,P28,Post_P28,0,0.4857952892780304,0
21,P28,P28,Post_P28,0,0.46920058131217957,0
21,P28,P28,Post_P28,0,0.4671337604522705,0
21,P28,P28,Post_P28,0,0.4793519377708435,0
21,P28,P28,Post_P28,0,0.4793519377708435,0
21,P28,P28,Post_P28,0,0.4671337604522705,0
21,P28,P28,Post_P28,0,0.46460968255996704,0
21,P28,P28,Post_P28,0,0.4671337604522705,0
21,P28,P28,Post_P28,0,0.46831896901130676,0
21,P28,P28,Post_P28,0,0.48590806126594543,0
21,P28,P28,Post_P28,0,0.46460968255996704,0
21,P28,P28,Post_P28,0,0.47103533148765564,0
21,P28,P28,Post_P28,0,0.5003475546836853,1
21,P28,P28,Post_P28,0,0.4717778265476227,0
21,P28,P28,Post_P28,0,0.4808169901371002,0
21,P28,P28,Post_P28,0,0.4671337604522705,0
21,P28,P28,Post_P28,0,0.48087331652641296,0
21,P28,P28,Post_P28,0,0.4744460880756378,0
21,P28,P28,Post_P28,0,0.48047536611557007,0
21,P28,P28,Post_P28,0,0.46372926235198975,0
21,P28,P28,Post_P28,0,0.46372926235198975,0
21,P28,P28,Post_P28,0,0.46372926235198975,0
21,P28,P28,Post_P28,0,0.46460968255996704,0
21,P28,P28,Post_P28,0,0.48087331652641296,0
21,P28,P28,Post_P28,0,0.46460968255996704,0
21,P28,P28,Post_P28,0,0.4825708270072937,0
21,P28,P28,Post_P28,0,0.4671337604522705,0
21,P28,P28,Post_P28,0,0.48087331652641296,0
21,P28,P28,Post_P28,0,0.4671337604522705,0
21,P28,P28,Post_P28,0,0.46395260095596313,0
21,P28,P28,Post_P28,0,0.4825708270072937,0
21,P28,P28,Post_P28,0,0.4671337604522705,0
21,P28,P28,Post_P28,0,0.46372926235198975,0
21,P28,P28,Post_P28,0,0.482939213514328,0
21,P28,P28,Post_P28,0,0.4881766140460968,0
21,P28,P28,Post_P28,0,0.4671337604522705,0
21,P28,P28,Post_P28,0,0.4793519377708435,0
21,P28,P28,Post_P28,0,0.4825708270072937,0
21,P28,P28,Post_P28,0,0.46372926235198975,0
21,P28,P28,Post_P28,0,0.4739812910556793,0
21,P28,P28,Post_P28,0,0.4671337604522705,0
21,P28,P28,Post_P28,0,0.4812707006931305,0
21,P28,P28,Post_P28,0,0.46372926235198975,0
21,P28,P28,Post_P28,0,0.48087331652641296,0
21,P28,P28,Post_P28,0,0.4671337604522705,0
21,P28,P28,Post_P28,0,0.4680151045322418,0
21,P28,P28,Post_P28,0,0.46372926235198975,0
21,P28,P28,Post_P28,0,0.4671337604522705,0
21,P28,P28,Post_P28,0,0.48028314113616943,0
21,P28,P28,Post_P28,0,0.4671337604522705,0
21,P28,P28,Post_P28,0,0.46372926235198975,0
21,P28,P28,Post_P28,0,0.4748484492301941,0
21,P28,P28,Post_P28,0,0.46372926235198975,0
21,P28,P28,Post_P28,0,0.4671337604522705,0
21,P28,P28,Post_P28,0,0.4671337604522705,0
21,P28,P28,Post_P28,0,0.47154510021209717,0
21,P28,P28,Post_P28,0,0.4676632285118103,0
21,P28,P28,Post_P28,0,0.4793519377708435,0
21,P28,P28,Post_P28,0,0.48531755805015564,0
21,P28,P28,Post_P28,0,0.4671337604522705,0
21,P28,P28,Post_P28,0,0.4671337604522705,0
21,P28,P28,Post_P28,0,0.4672631025314331,0
21,P28,P28,Post_P28,0,0.47159451246261597,0
21,P28,P28,Post_P28,0,0.4825708270072937,0
21,P28,P28,Post_P28,0,0.47206801176071167,0
21,P28,P28,Post_P28,0,0.4825708270072937,0
21,P28,P28,Post_P28,0,0.4713088870048523,0
21,P28,P28,Post_P28,0,0.4713088870048523,0
21,P28,P28,Post_P28,0,0.4825708270072937,0
21,P28,P28,Post_P28,0,0.4815766215324402,0
21,P28,P28,Post_P28,0,0.4932878315448761,0
21,P28,P28,Post_P28,0,0.46372926235198975,0
21,P28,P28,Post_P28,0,0.46372926235198975,0
21,P28,P28,Post_P28,0,0.4671337604522705,0
21,P28,P28,Post_P28,0,0.4857952892780304,0
21,P28,P28,Post_P28,0,0.4877122640609741,0
21,P28,P28,Post_P28,0,0.4705709218978882,0
21,P28,P28,Post_P28,0,0.48580777645111084,0
21,P28,P28,Post_P28,0,0.46831896901130676,0
21,P28,P28,Post_P28,0,0.46372926235198975,0
21,P28,P28,Post_P28,0,0.4671337604522705,0
21,P28,P28,Post_P28,0,0.48087331652641296,0
21,P28,P28,Post_P28,0,0.4825708270072937,0
21,P28,P28,Post_P28,0,0.4797498285770416,0
21,P28,P28,Post_P28,0,0.46460968255996704,0
21,P28,P28,Post_P28,0,0.4825708270072937,0
21,P28,P28,Post_P28,0,0.4676632285118103,0
21,P28,P28,Post_P28,0,0.46372926235198975,0
21,P28,P28,Post_P28,0,0.4783869981765747,0
21,P28,P28,Post_P28,0,0.4671337604522705,0
21,P28,P28,Post_P28,0,0.4671337604522705,0
21,P28,P28,Post_P28,0,0.4825708270072937,0
21,P28,P28,Post_P28,0,0.4797498285770416,0
21,P28,P28,Post_P28,0,0.4881766140460968,0
21,P28,P28,Post_P28,0,0.4876369535923004,0
21,P28,P28,Post_P28,0,0.46372926235198975,0
21,P28,P28,Post_P28,0,0.46372926235198975,0
21,P28,P28,Post_P28,0,0.46372926235198975,0
21,P28,P28,Post_P28,0,0.46395260095596313,0
21,P28,P28,Post_P28,0,0.46372926235198975,0
21,P28,P28,Post_P28,0,0.47143739461898804,0
21,P28,P28,Post_P28,0,0.4845201075077057,0
21,P28,P28,Post_P28,0,0.48872095346450806,0
21,P28,P28,Post_P28,0,0.4903874099254608,0
21,P28,P28,Post_P28,0,0.4809839427471161,0
21,P28,P28,Post_P28,0,0.4981967508792877,0
21,P28,P28,Post_P28,0,0.4887164235115051,0
21,P28,P28,Post_P28,0,0.4856228232383728,0
21,P28,P28,Post_P28,0,0.46372926235198975,0
21,P28,P28,Post_P28,0,0.46460968255996704,0
21,P28,P28,Post_P28,0,0.4818526804447174,0
21,P28,P28,Post_P28,0,0.48087331652641296,0
21,P28,P28,Post_P28,0,0.48688456416130066,0
21,P28,P28,Post_P28,0,0.46372926235198975,0
21,P28,P28,Post_P28,0,0.46372926235198975,0
21,P28,P28,Post_P28,0,0.46372926235198975,0
21,P28,P28,Post_P28,0,0.4725927412509918,0
21,P28,P28,Post_P28,0,0.48047536611557007,0
21,P28,P28,Post_P28,0,0.4866192936897278,0
21,P28,P28,Post_P28,0,0.4854948818683624,0
21,P28,P28,Post_P28,0,0.5014069080352783,1
21,P28,P28,Post_P28,0,0.46372926235198975,0
21,P28,P28,Post_P28,0,0.48166874051094055,0
21,P28,P28,Post_P28,0,0.48100876808166504,0
21,P28,P28,Post_P28,0,0.46572330594062805,0
21,P28,P28,Post_P28,0,0.4671337604522705,0
21,P28,P28,Post_P28,0,0.46372926235198975,0
21,P28,P28,Post_P28,0,0.4947015047073364,0
21,P28,P28,Post_P28,0,0.46460968255996704,0
21,P28,P28,Post_P28,0,0.46372926235198975,0
21,P28,P28,Post_P28,0,0.46372926235198975,0
21,P28,P28,Post_P28,0,0.49503082036972046,0
21,P28,P28,Post_P28,0,0.48087331652641296,0
21,P28,P28,Post_P28,0,0.4676632285118103,0
21,P28,P28,Post_P28,0,0.46572330594062805,0
21,P28,P28,Post_P28,0,0.46572330594062805,0
21,P28,P28,Post_P28,0,0.46372926235198975,0
21,P28,P28,Post_P28,0,0.4671337604522705,0
21,P28,P28,Post_P28,0,0.4825708270072937,0
21,P28,P28,Post_P28,0,0.48819437623023987,0
21,P28,P28,Post_P28,0,0.46372926235198975,0
21,P28,P28,Post_P28,0,0.4705709218978882,0
21,P28,P28,Post_P28,0,0.4793519377708435,0
21,P28,P28,Post_P28,0,0.47547948360443115,0
21,P28,P28,Post_P28,0,0.46372926235198975,0
21,P28,P28,Post_P28,0,0.4671337604522705,0
21,P28,P28,Post_P28,0,0.46372926235198975,0
21,P28,P28,Post_P28,0,0.46372926235198975,0
21,P28,P28,Post_P28,0,0.48047536611557007,0
21,P28,P28,Post_P28,0,0.4705709218978882,0
21,P28,P28,Post_P28,0,0.46372926235198975,0
21,P28,P28,Post_P28,0,0.46460968255996704,0
21,P28,P28,Post_P28,0,0.46814125776290894,0
21,P28,P28,Post_P28,0,0.4825708270072937,0
21,P28,P28,Post_P28,0,0.4851582944393158,0
21,P28,P28,Post_P28,0,0.46460968255996704,0
21,P28,P28,Post_P28,0,0.4793519377708435,0
21,P28,P28,Post_P28,0,0.4671337604522705,0
21,P28,P28,Post_P28,0,0.491033673286438,0
21,P28,P28,Post_P28,0,0.46372926235198975,0
21,P28,P28,Post_P28,0,0.4671337604522705,0
21,P28,P28,Post_P28,0,0.4671337604522705,0
21,P28,P28,Post_P28,0,0.4862864315509796,0
21,P28,P28,Post_P28,0,0.4776493012905121,0
21,P28,P28,Post_P28,0,0.46372926235198975,0
21,P28,P28,Post_P28,0,0.4674990177154541,0
21,P28,P28,Post_P28,0,0.46395260095596313,0
21,P28,P28,Post_P28,0,0.46372926235198975,0
21,P28,P28,Post_P28,0,0.47378024458885193,0
21,P28,P28,Post_P28,0,0.46372926235198975,0
21,P28,P28,Post_P28,0,0.48047536611557007,0
21,P28,P28,Post_P28,0,0.5014069080352783,1
21,P28,P28,Post_P28,0,0.48087331652641296,0
21,P28,P28,Post_P28,0,0.4897274971008301,0
21,P28,P28,Post_P28,0,0.4793519377708435,0
21,P28,P28,Post_P28,0,0.46372926235198975,0
21,P28,P28,Post_P28,0,0.4671337604522705,0
21,P28,P28,Post_P28,0,0.46372926235198975,0
21,P28,P28,Post_P28,0,0.4825708270072937,0
21,P28,P28,Post_P28,0,0.46372926235198975,0
21,P28,P28,Post_P28,0,0.46372926235198975,0
21,P28,P28,Post_P28,0,0.46372926235198975,0
21,P28,P28,Post_P28,0,0.4844832122325897,0
21,P28,P28,Post_P28,0,0.4880056381225586,0
21,P28,P28,Post_P28,0,0.4886365830898285,0
21,P28,P28,Post_P28,0,0.48608702421188354,0
21,P28,P28,Post_P28,0,0.47206801176071167,0
21,P28,P28,Post_P28,0,0.46372926235198975,0
21,P28,P28,Post_P28,0,0.4877122640609741,0
21,P28,P28,Post_P28,0,0.46372926235198975,0
21,P28,P28,Post_P28,0,0.4785545766353607,0
21,P28,P28,Post_P28,0,0.4671337604522705,0
21,P28,P28,Post_P28,0,0.48087331652641296,0
21,P28,P28,Post_P28,0,0.46372926235198975,0
21,P28,P28,Post_P28,0,0.46372926235198975,0
21,P28,P28,Post_P28,0,0.4855283796787262,0
21,P28,P28,Post_P28,0,0.4671337604522705,0
21,P28,P28,Post_P28,0,0.4881766140460968,0
21,P28,P28,Post_P28,0,0.46372926235198975,0
21,P28,P28,Post_P28,0,0.4878906309604645,0
21,P28,P28,Post_P28,0,0.5099062919616699,1
21,P28,P28,Post_P28,0,0.49352893233299255,0
21,P28,P28,Post_P28,0,0.4671337604522705,0
21,P28,P28,Post_P28,0,0.46372926235198975,0
21,P28,P28,Post_P28,0,0.46460968255996704,0
21,P28,P28,Post_P28,0,0.46372926235198975,0
21,P28,P28,Post_P28,0,0.48047536611557007,0
21,P28,P28,Post_P28,0,0.46372926235198975,0
21,P28,P28,Post_P28,0,0.46372926235198975,0
21,P28,P28,Post_P28,0,0.4671337604522705,0
21,P28,P28,Post_P28,0,0.4796934723854065,0
21,P28,P28,Post_P28,0,0.48087331652641296,0
21,P28,P28,Post_P28,0,0.4858931601047516,0
21,P28,P28,Post_P28,0,0.4671337604522705,0
21,P28,P28,Post_P28,0,0.4671337604522705,0
21,P28,P28,Post_P28,0,0.46372926235198975,0
21,P28,P28,Post_P28,0,0.46605002880096436,0
21,P28,P28,Post_P28,0,0.4671337604522705,0
21,P28,P28,Post_P28,0,0.46372926235198975,0
21,P28,P28,Post_P28,0,0.46372926235198975,0
21,P28,P28,Post_P28,0,0.46372926235198975,0
21,P28,P28,Post_P28,0,0.4675535261631012,0
21,P28,P28,Post_P28,0,0.5019863247871399,1
21,P28,P28,Post_P28,0,0.4671337604522705,0
21,P28,P28,Post_P28,0,0.46460968255996704,0
21,P28,P28,Post_P28,0,0.4825708270072937,0
21,P28,P28,Post_P28,0,0.4871531128883362,0
21,P28,P28,Post_P28,0,0.46460968255996704,0
21,P28,P28,Post_P28,0,0.48087331652641296,0
21,P28,P28,Post_P28,0,0.4671337604522705,0
21,P28,P28,Post_P28,0,0.46372926235198975,0
21,P28,P28,Post_P28,0,0.4739812910556793,0
21,P28,P28,Post_P28,0,0.4808169901371002,0
21,P28,P28,Post_P28,0,0.4671337604522705,0
21,P28,P28,Post_P28,0,0.48166874051094055,0
21,P28,P28,Post_P28,0,0.46372926235198975,0
21,P28,P28,Post_P28,0,0.4797498285770416,0
21,P28,P28,Post_P28,0,0.4877122640609741,0
21,P28,P28,Post_P28,0,0.4825708270072937,0
21,P28,P28,Post_P28,0,0.4671337604522705,0
21,P28,P28,Post_P28,0,0.4671337604522705,0
21,P28,P28,Post_P28,0,0.4671337604522705,0
21,P28,P28,Post_P28,0,0.48047536611557007,0
21,P28,P28,Post_P28,0,0.4797498285770416,0
21,P28,P28,Post_P28,0,0.48913872241973877,0
21,P28,P28,Post_P28,0,0.4749947190284729,0
21,P28,P28,Post_P28,0,0.46572330594062805,0
21,P28,P28,Post_P28,0,0.4671337604522705,0
21,P28,P28,Post_P28,0,0.46372926235198975,0
21,P28,P28,Post_P28,0,0.4671337604522705,0
21,P28,P28,Post_P28,0,0.48262104392051697,0
21,P28,P28,Post_P28,0,0.4855322241783142,0
21,P28,P28,Post_P28,0,0.4969545006752014,0
21,P28,P28,Post_P28,0,0.47143739461898804,0
21,P28,P28,Post_P28,0,0.4643467664718628,0
21,P28,P28,Post_P28,0,0.4783869981765747,0
21,P28,P28,Post_P28,0,0.4825708270072937,0
21,P28,P28,Post_P28,0,0.46372926235198975,0
21,P28,P28,Post_P28,0,0.46372926235198975,0
21,P28,P28,Post_P28,0,0.4881766140460968,0
21,P28,P28,Post_P28,0,0.4825708270072937,0
21,P28,P28,Post_P28,0,0.4671337604522705,0
21,P28,P28,Post_P28,0,0.4880050718784332,0
21,P28,P28,Post_P28,0,0.4671337604522705,0
21,P28,P28,Post_P28,0,0.4671337604522705,0
21,P28,P28,Post_P28,0,0.49478793144226074,0
21,P28,P28,Post_P28,0,0.46372926235198975,0
21,P28,P28,Post_P28,0,0.4825708270072937,0
21,P28,P28,Post_P28,0,0.46372926235198975,0
21,P28,P28,Post_P28,0,0.46460968255996704,0
21,P28,P28,Post_P28,0,0.4671337604522705,0
21,P28,P28,Post_P28,0,0.4856228232383728,0
21,P28,P28,Post_P28,0,0.48129335045814514,0
21,P28,P28,Post_P28,0,0.48047536611557007,0
21,P28,P28,Post_P28,0,0.4887164235115051,0
21,P28,P28,Post_P28,0,0.4680151045322418,0
21,P28,P28,Post_P28,0,0.46372926235198975,0
21,P28,P28,Post_P28,0,0.4825708270072937,0
21,P28,P28,Post_P28,0,0.4825708270072937,0
21,P28,P28,Post_P28,0,0.46372926235198975,0
21,P28,P28,Post_P28,0,0.4666747748851776,0
21,P28,P28,Post_P28,0,0.4825708270072937,0
21,P28,P28,Post_P28,0,0.46889781951904297,0
21,P28,P28,Post_P28,0,0.4739812910556793,0
21,P28,P28,Post_P28,0,0.48087331652641296,0
21,P28,P28,Post_P28,0,0.4793519377708435,0
21,P28,P28,Post_P28,0,0.4676632285118103,0
21,P28,P28,Post_P28,0,0.48701751232147217,0
21,P28,P28,Post_P28,0,0.46372926235198975,0
21,P28,P28,Post_P28,0,0.46372926235198975,0
21,P28,P28,Post_P28,0,0.502714216709137,1
21,P28,P28,Post_P28,0,0.4952563941478729,0
21,P28,P28,Post_P28,0,0.49077144265174866,0
21,P28,P28,Post_P28,0,0.46395260095596313,0
21,P28,P28,Post_P28,0,0.4643467664718628,0
21,P28,P28,Post_P28,0,0.4671337604522705,0
21,P28,P28,Post_P28,0,0.4671337604522705,0
21,P28,P28,Post_P28,0,0.46372926235198975,0
21,P28,P28,Post_P28,0,0.48138195276260376,0
21,P28,P28,Post_P28,0,0.46372926235198975,0
21,P28,P28,Post_P28,0,0.49037301540374756,0
21,P28,P28,Post_P28,0,0.46372926235198975,0
21,P28,P28,Post_P28,0,0.46372926235198975,0
21,P28,P28,Post_P28,0,0.4742067754268646,0
21,P28,P28,Post_P28_2,0,0.4918080270290375,0
21,P28,P28,Post_P28_2,0,0.5228053331375122,1
21,P28,P28,Post_P28_2,0,0.5051172971725464,1
21,P28,P28,Post_P28_2,0,0.4660286009311676,0
21,P28,P28,Post_P28_2,0,0.47687244415283203,0
21,P28,P28,Post_P28_2,0,0.47103533148765564,0
21,P28,P28,Post_P28_2,0,0.46828141808509827,0
21,P28,P28,Post_P28_2,0,0.4874579906463623,0
21,P28,P28,Post_P28_2,0,0.4884852170944214,0
21,P28,P28,Post_P28_2,0,0.47206801176071167,0
21,P28,P28,Post_P28_2,0,0.46395260095596313,0
21,P28,P28,Post_P28_2,0,0.48639199137687683,0
21,P28,P28,Post_P28_2,0,0.48614218831062317,0
21,P28,P28,Post_P28_2,0,0.5022076964378357,1
21,P28,P28,Post_P28_2,0,0.4761723279953003,0
21,P28,P28,Post_P28_2,0,0.4783869981765747,0
21,P28,P28,Post_P28_2,0,0.4812707006931305,0
21,P28,P28,Post_P28_2,0,0.49352893233299255,0
21,P28,P28,Post_P28_2,0,0.48639199137687683,0
21,P28,P28,Post_P28_2,0,0.48872095346450806,0
21,P28,P28,Post_P28_2,0,0.48038429021835327,0
21,P28,P28,Post_P28_2,0,0.49213162064552307,0
21,P28,P28,Post_P28_2,0,0.4774029850959778,0
21,P28,P28,Post_P28_2,0,0.5180231928825378,1
21,P28,P28,Post_P28_2,0,0.48087331652641296,0
21,P28,P28,Post_P28_2,0,0.4919953942298889,0
21,P28,P28,Post_P28_2,0,0.4921469986438751,0
21,P28,P28,Post_P28_2,0,0.4866192936897278,0
21,P28,P28,Post_P28_2,0,0.46752050518989563,0
21,P28,P28,Post_P28_2,0,0.4965006709098816,0
21,P28,P28,Post_P28_2,0,0.464148610830307,0
21,P28,P28,Post_P28_2,0,0.4903395175933838,0
21,P28,P28,Post_P28_2,0,0.4897133708000183,0
21,P28,P28,Post_P28_2,0,0.5022076964378357,1
21,P28,P28,Post_P28_2,0,0.49134504795074463,0
21,P28,P28,Post_P28_2,0,0.4671337604522705,0
21,P28,P28,Post_P28_2,0,0.49786823987960815,0
21,P28,P28,Post_P28_2,0,0.4917331635951996,0
21,P28,P28,Post_P28_2,0,0.5022076964378357,1
21,P28,P28,Post_P28_2,0,0.482939213514328,0
21,P28,P28,Post_P28_2,0,0.4787936210632324,0
21,P28,P28,Post_P28_2,0,0.5115189552307129,1
21,P28,P28,Post_P28_2,0,0.4887164235115051,0
21,P28,P28,Post_P28_2,0,0.4784282445907593,0
21,P28,P28,Post_P28_2,0,0.48047536611557007,0
21,P28,P28,Post_P28_2,0,0.49786823987960815,0
21,P28,P28,Post_P28_2,0,0.4784282445907593,0
21,P28,P28,Post_P28_2,0,0.4844832122325897,0
21,P28,P28,Post_P28_2,0,0.49678486585617065,0
21,P28,P28,Post_P28_2,0,0.48444563150405884,0
21,P28,P28,Post_P28_2,0,0.5006267428398132,1
21,P28,P28,Post_P28_2,0,0.48613661527633667,0
21,P28,P28,Post_P28_2,0,0.5036181807518005,1
21,P28,P28,Post_P28_2,0,0.49495604634284973,0
21,P28,P28,Post_P28_2,0,0.4676632285118103,0
21,P28,P28,Post_P28_2,0,0.5228053331375122,1
21,P28,P28,Post_P28_2,0,0.4671337604522705,0
21,P28,P28,Post_P28_2,0,0.46372926235198975,0
21,P28,P28,Post_P28_2,0,0.5003475546836853,1
21,P28,P28,Post_P28_2,0,0.49786823987960815,0
21,P28,P28,Post_P28_2,0,0.4784282445907593,0
21,P28,P28,Post_P28_2,0,0.49203944206237793,0
21,P28,P28,Post_P28_2,0,0.49127015471458435,0
21,P28,P28,Post_P28_2,0,0.4960077404975891,0
21,P28,P28,Post_P28_2,0,0.49352893233299255,0
21,P28,P28,Post_P28_2,0,0.5228053331375122,1
21,P28,P28,Post_P28_2,0,0.5022076964378357,1
21,P28,P28,Post_P28_2,0,0.4918080270290375,0
21,P28,P28,Post_P28_2,0,0.5058153867721558,1
21,P28,P28,Post_P28_2,0,0.4974176287651062,0
21,P28,P28,Post_P28_2,0,0.5228053331375122,1
21,P28,P28,Post_P28_2,0,0.46372926235198975,0
21,P28,P28,Post_P28_2,0,0.5012202858924866,1
21,P28,P28,Post_P28_2,0,0.48564964532852173,0
21,P28,P28,Post_P28_2,0,0.4783869981765747,0
21,P28,P28,Post_P28_2,0,0.4784282445907593,0
21,P28,P28,Post_P28_2,0,0.5228053331375122,1
21,P28,P28,Post_P28_2,0,0.4866192936897278,0
21,P28,P28,Post_P28_2,0,0.48872095346450806,0
21,P28,P28,Post_P28_2,0,0.5061115026473999,1
21,P28,P28,Post_P28_2,0,0.4671337604522705,0
21,P28,P28,Post_P28_2,0,0.46372926235198975,0
21,P28,P28,Post_P28_2,0,0.5225309133529663,1
21,P28,P28,Post_P28_2,0,0.4825708270072937,0
21,P28,P28,Post_P28_2,0,0.5000554919242859,1
21,P28,P28,Post_P28_2,0,0.4675535261631012,0
21,P28,P28,Post_P28_2,0,0.5051172971725464,1
21,P28,P28,Post_P28_2,0,0.4909846782684326,0
21,P28,P28,Post_P28_2,0,0.48614218831062317,0
21,P28,P28,Post_P28_2,0,0.48639199137687683,0
21,P28,P28,Post_P28_2,0,0.5228053331375122,1
21,P28,P28,Post_P28_2,0,0.46372926235198975,0
21,P28,P28,Post_P28_2,0,0.4798852503299713,0
21,P28,P28,Post_P28_2,0,0.4671337604522705,0
21,P28,P28,Post_P28_2,0,0.5035075545310974,1
21,P28,P28,Post_P28_2,0,0.4686228632926941,0
21,P28,P28,Post_P28_2,0,0.4671337604522705,0
21,P28,P28,Post_P28_2,0,0.48639199137687683,0
21,P28,P28,Post_P28_2,0,0.4893103837966919,0
21,P28,P28,Post_P28_2,0,0.5012202858924866,1
21,P28,P28,Post_P28_2,0,0.5228053331375122,1
21,P28,P28,Post_P28_2,0,0.4952563941478729,0
21,P28,P28,Post_P28_2,0,0.5022076964378357,1
21,P28,P28,Post_P28_2,0,0.4885227680206299,0
21,P28,P28,Post_P28_2,0,0.5228053331375122,1
21,P28,P28,Post_P28_2,0,0.5115189552307129,1
21,P28,P28,Post_P28_2,0,0.4844832122325897,0
21,P28,P28,Post_P28_2,0,0.5228053331375122,1
21,P28,P28,Post_P28_2,0,0.4817688763141632,0
21,P28,P28,Post_P28_2,0,0.490401029586792,0
21,P28,P28,Post_P28_2,0,0.4917979836463928,0
21,P28,P28,Post_P28_2,0,0.49352893233299255,0
21,P28,P28,Post_P28_2,0,0.4795887768268585,0
21,P28,P28,Post_P28_2,0,0.517087996006012,1
21,P28,P28,Post_P28_2,0,0.4949986934661865,0
21,P28,P28,Post_P28_2,0,0.47670286893844604,0
21,P28,P28,Post_P28_2,0,0.49352893233299255,0
21,P28,P28,Post_P28_2,0,0.4937450587749481,0
21,P28,P28,Post_P28_2,0,0.4783869981765747,0
21,P28,P28,Post_P28_2,0,0.5051172971725464,1
21,P28,P28,Post_P28_2,0,0.4661428928375244,0
21,P28,P28,Post_P28_2,0,0.4844832122325897,0
21,P28,P28,Post_P28_2,0,0.48639199137687683,0
21,P28,P28,Post_P28_2,0,0.5022076964378357,1
21,P28,P28,Post_P28_2,0,0.5061115026473999,1
21,P28,P28,Post_P28_2,0,0.49786823987960815,0
21,P28,P28,Post_P28_2,0,0.4676632285118103,0
21,P28,P28,Post_P28_2,0,0.47331953048706055,0
21,P28,P28,Post_P28_2,0,0.464148610830307,0
21,P28,P28,Post_P28_2,0,0.49538418650627136,0
21,P28,P28,Post_P28_2,0,0.49786823987960815,0
21,P28,P28,Post_P28_2,0,0.48111313581466675,0
21,P28,P28,Post_P28_2,0,0.4661428928375244,0
21,P28,P28,Post_P28_2,0,0.46993324160575867,0
21,P28,P28,Post_P28_2,0,0.5018972158432007,1
21,P28,P28,Post_P28_2,0,0.4981088936328888,0
21,P28,P28,Post_P28_2,0,0.4959052503108978,0
21,P28,P28,Post_P28_2,0,0.48613661527633667,0
21,P28,P28,Post_P28_2,0,0.49229076504707336,0
21,P28,P28,Post_P28_2,0,0.4981088936328888,0
21,P28,P28,Post_P28_2,0,0.5180231928825378,1
21,P28,P28,Post_P28_2,0,0.4990859031677246,0
21,P28,P28,Post_P28_2,0,0.49678486585617065,0
21,P28,P28,Post_P28_2,0,0.46752050518989563,0
21,P28,P28,Post_P28_2,0,0.47778549790382385,0
21,P28,P28,Post_P28_2,0,0.5022076964378357,1
21,P28,P28,Post_P28_2,0,0.49229076504707336,0
21,P28,P28,Post_P28_2,0,0.5051172971725464,1
21,P28,P28,Post_P28_2,0,0.5061115026473999,1
21,P28,P28,Post_P28_2,0,0.4785449504852295,0
21,P28,P28,Post_P28_2,0,0.5099062919616699,1
21,P28,P28,Post_P28_2,0,0.49484771490097046,0
21,P28,P28,Post_P28_2,0,0.47845259308815,0
21,P28,P28,Post_P28_2,0,0.5061115026473999,1
21,P28,P28,Post_P28_2,0,0.5003475546836853,1
21,P28,P28,Post_P28_2,0,0.5038453340530396,1
21,P28,P28,Post_P28_2,0,0.4671337604522705,0
21,P28,P28,Post_P28_2,0,0.48039382696151733,0
21,P28,P28,Post_P28_2,0,0.4782714545726776,0
21,P28,P28,Post_P28_2,0,0.4825708270072937,0
21,P28,P28,Post_P28_2,0,0.4767099618911743,0
21,P28,P28,Post_P28_2,0,0.4783869981765747,0
21,P28,P28,Post_P28_2,0,0.49069979786872864,0
21,P28,P28,Post_P28_2,0,0.4887164235115051,0
21,P28,P28,Post_P28_2,0,0.49008771777153015,0
21,P28,P28,Post_P28_2,0,0.48477956652641296,0
21,P28,P28,Post_P28_2,0,0.4918080270290375,0
21,P28,P28,Post_P28_2,0,0.5061115026473999,1
21,P28,P28,Post_P28_2,0,0.5228053331375122,1
21,P28,P28,Post_P28_2,0,0.46372926235198975,0
21,P28,P28,Post_P28_2,0,0.5040776133537292,1
21,P28,P28,Post_P28_2,0,0.4739812910556793,0
21,P28,P28,Post_P28_2,0,0.5020220279693604,1
21,P28,P28,Post_P28_2,0,0.48381853103637695,0
21,P28,P28,Post_P28_2,0,0.5228053331375122,1
21,P28,P28,Post_P28_2,0,0.522006094455719,1
21,P28,P28,Post_P28_2,0,0.5228053331375122,1
21,P28,P28,Post_P28_2,0,0.4975261390209198,0
21,P28,P28,Post_P28_2,0,0.48639199137687683,0
21,P28,P28,Post_P28_2,0,0.47276750206947327,0
21,P28,P28,Post_P28_2,0,0.4671337604522705,0
21,P28,P28,Post_P28_2,0,0.48686811327934265,0
21,P28,P28,Post_P28_2,0,0.4919953942298889,0
21,P28,P28,Post_P28_2,0,0.4968288838863373,0
21,P28,P28,Post_P28_2,0,0.4937604069709778,0
21,P28,P28,Post_P28_2,0,0.5051172971725464,1
21,P28,P28,Post_P28_2,0,0.49812403321266174,0
21,P28,P28,Post_P28_2,0,0.4675535261631012,0
21,P28,P28,Post_P28_2,0,0.4995788335800171,0
21,P28,P28,Post_P28_2,0,0.49546319246292114,0
21,P28,P28,Post_P28_2,0,0.5061115026473999,1
21,P28,P28,Post_P28_2,0,0.48639199137687683,0
21,P28,P28,Post_P28_2,0,0.4848940074443817,0
21,P28,P28,Post_P28_2,0,0.4995788335800171,0
21,P28,P28,Post_P28_2,0,0.4676632285118103,0
21,P28,P28,Post_P28_2,0,0.49729424715042114,0
21,P28,P28,Post_P28_2,0,0.4981088936328888,0
21,P28,P28,Post_P28_2,0,0.4671337604522705,0
21,P28,P28,Post_P28_2,0,0.4784282445907593,0
21,P28,P28,Post_P28_2,0,0.47206801176071167,0
21,P28,P28,Post_P28_2,0,0.47206801176071167,0
21,P28,P28,Post_P28_2,0,0.47143739461898804,0
21,P28,P28,Post_P28_2,0,0.49102556705474854,0
21,P28,P28,Post_P28_2,0,0.48958876729011536,0
21,P28,P28,Post_P28_2,0,0.46372926235198975,0
21,P28,P28,Post_P28_2,0,0.5051172971725464,1
21,P28,P28,Post_P28_2,0,0.5014069080352783,1
21,P28,P28,Post_P28_2,0,0.47600987553596497,0
21,P28,P28,Post_P28_2,0,0.5228053331375122,1
21,P28,P28,Post_P28_2,0,0.5018972158432007,1
21,P28,P28,Post_P28_2,0,0.5064204931259155,1
21,P28,P28,Post_P28_2,0,0.5050176382064819,1
21,P28,P28,Post_P28_2,0,0.47456595301628113,0
21,P28,P28,Post_P28_2,0,0.46372926235198975,0
21,P28,P28,Post_P28_2,0,0.49632251262664795,0
21,P28,P28,Post_P28_2,0,0.49352893233299255,0
21,P28,P28,Post_P28_2,0,0.4918080270290375,0
21,P28,P28,Post_P28_2,0,0.4660286009311676,0
21,P28,P28,Post_P28_2,0,0.49088016152381897,0
21,P28,P28,Post_P28_2,0,0.48958876729011536,0
21,P28,P28,Post_P28_2,0,0.46372926235198975,0
21,P28,P28,Post_P28_2,0,0.4942370355129242,0
21,P28,P28,Post_P28_2,0,0.5228053331375122,1
21,P28,P28,Post_P28_2,0,0.49737510085105896,0
21,P28,P28,Post_P28_2,0,0.5228053331375122,1
21,P28,P28,Post_P28_2,0,0.49786823987960815,0
21,P28,P28,Post_P28_2,0,0.46372926235198975,0
21,P28,P28,Post_P28_2,0,0.5162881016731262,1
21,P28,P28,Post_P28_2,0,0.4822425842285156,0
21,P28,P28,Post_P28_2,0,0.4964258372783661,0
21,P28,P28,Post_P28_2,0,0.4791247546672821,0
21,P28,P28,Post_P28_2,0,0.47547948360443115,0
21,P28,P28,Post_P28_2,0,0.5012202858924866,1
21,P28,P28,Post_P28_2,0,0.48564964532852173,0
21,P28,P28,Post_P28_2,0,0.46372926235198975,0
21,P28,P28,Post_P28_2,0,0.5050702095031738,1
21,P28,P28,Post_P28_2,0,0.4949986934661865,0
21,P28,P28,Post_P28_2,0,0.5228053331375122,1
21,P28,P28,Post_P28_2,0,0.482939213514328,0
21,P28,P28,Post_P28_2,0,0.4949986934661865,0
21,P28,P28,Post_P28_2,0,0.4976160228252411,0
21,P28,P28,Post_P28_2,0,0.4918080270290375,0
21,P28,P28,Post_P28_2,0,0.47276750206947327,0
21,P28,P28,Post_P28_2,0,0.49655643105506897,0
21,P28,P28,Post_P28_2,0,0.47276750206947327,0
21,P28,P28,Post_P28_2,0,0.4808169901371002,0
21,P28,P28,Post_P28_2,0,0.4671337604522705,0
21,P28,P28,Post_P28_2,0,0.5052388906478882,1
21,P28,P28,Post_P28_2,0,0.4848250448703766,0
21,P28,P28,Post_P28_2,0,0.48564964532852173,0
21,P28,P28,Post_P28_2,0,0.49737510085105896,0
21,P28,P28,Post_P28_2,0,0.48639199137687683,0
21,P28,P28,Post_P28_2,0,0.48590806126594543,0
21,P28,P28,Post_P28_2,0,0.49008771777153015,0
21,P28,P28,Post_P28_2,0,0.4981648623943329,0
21,P28,P28,Post_P28_2,0,0.4755220413208008,0
21,P28,P28,Post_P28_2,0,0.48688456416130066,0
21,P28,P28,Post_P28_2,0,0.47244539856910706,0
21,P28,P28,Post_P28_2,0,0.4986875057220459,0
21,P28,P28,Post_P28_2,0,0.4848250448703766,0
21,P28,P28,Post_P28_2,0,0.4908719062805176,0
21,P28,P28,Post_P28_2,0,0.4786808490753174,0
21,P28,P28,Post_P28_2,0,0.4784282445907593,0
21,P28,P28,Post_P28_2,0,0.4680151045322418,0
21,P28,P28,Post_P28_2,0,0.4874579906463623,0
21,P28,P28,Post_P28_2,0,0.47206801176071167,0
21,P28,P28,Post_P28_2,0,0.4965006709098816,0
21,P28,P28,Post_P28_2,0,0.5015292763710022,1
21,P28,P28,Post_P28_2,0,0.5228053331375122,1
21,P28,P28,Post_P28_2,0,0.48639199137687683,0
21,P28,P28,Post_P28_2,0,0.5051172971725464,1
21,P28,P28,Post_P28_2,0,0.4643467664718628,0
21,P28,P28,Post_P28_2,0,0.5228053331375122,1
21,P28,P28,Post_P28_2,0,0.4783869981765747,0
21,P28,P28,Post_P28_2,0,0.46372926235198975,0
21,P28,P28,Post_P28_2,0,0.47840648889541626,0
21,P28,P28,Post_P28_2,0,0.5061115026473999,1
21,P28,P28,Post_P28_2,0,0.4877369999885559,0
21,P28,P28,Post_P28_2,0,0.5099062919616699,1
21,P28,P28,Post_P28_2,0,0.4784282445907593,0
21,P28,P28,Post_P28_2,0,0.48564964532852173,0
21,P28,P28,Post_P28_2,0,0.4949986934661865,0
21,P28,P28,Post_P28_2,0,0.5051172971725464,1
21,P28,P28,Post_P28_2,0,0.4975261390209198,0
21,P28,P28,Post_P28_2,0,0.4983850121498108,0
21,P28,P28,Post_P28_2,0,0.5228053331375122,1
21,P28,P28,Post_P28_2,0,0.4671337604522705,0
21,P28,P28,Post_P28_2,0,0.5012202858924866,1
21,P28,P28,Post_P28_2,0,0.4981088936328888,0
21,P28,P28,Post_P28_2,0,0.4660286009311676,0
21,P28,P28,Post_P28_2,0,0.4783869981765747,0
21,P28,P28,Post_P28_2,0,0.48047536611557007,0
21,P28,P28,Post_P28_2,0,0.5228053331375122,1
21,P28,P28,Post_P28_2,0,0.4981088936328888,0
21,P28,P28,Post_P28_2,0,0.46372926235198975,0
21,P28,P28,Post_P28_2,0,0.49503082036972046,0
21,P28,P28,Post_P28_2,0,0.5012202858924866,1
21,P28,P28,Post_P28_2,0,0.4960077404975891,0
21,P28,P28,Post_P28_2,0,0.47476911544799805,0
21,P28,P28,Post_P28_2,0,0.5038453340530396,1
21,P28,P28,Post_P28_2,0,0.4783869981765747,0
21,P28,P28,Post_P28_2,0,0.46460968255996704,0
21,P28,P28,Post_P28_2,0,0.48141223192214966,0
21,P28,P28,Post_P28_2,0,0.46372926235198975,0
21,P28,P28,Post_P28_2,0,0.49071305990219116,0
21,P28,P28,Post_P28_2,0,0.46372926235198975,0
21,P28,P28,Post_P28_2,0,0.48047536611557007,0
21,P28,P28,Post_P28_2,0,0.47617948055267334,0
21,P28,P28,Post_P28_2,0,0.48087331652641296,0
21,P28,P28,Post_P28_2,0,0.49352893233299255,0
21,P28,P28,Post_P28_2,0,0.46372926235198975,0
21,P28,P28,Post_P28_2,0,0.47143739461898804,0
21,P28,P28,Post_P28_2,0,0.46372926235198975,0
21,P28,P28,Post_P28_2,0,0.5164066553115845,1
21,P28,P28,Post_P28_2,0,0.5052388906478882,1
21,P28,P28,Post_P28_2,0,0.5228053331375122,1
21,P28,P28,Post_P28_2,0,0.49605709314346313,0
21,P28,P28,Post_P28_2,0,0.49729424715042114,0
21,P28,P28,Post_P28_2,0,0.5046542286872864,1
21,P28,P28,Post_P28_2,0,0.5180231928825378,1
21,P28,P28,Post_P28_2,0,0.5061115026473999,1
21,P28,P28,Post_P28_2,0,0.464148610830307,0
21,P28,P28,Post_P28_2,0,0.48614218831062317,0
21,P28,P28,Post_P28_2,0,0.5068398714065552,1
21,P28,P28,Post_P28_2,0,0.4994432032108307,0
21,P28,P28,Post_P28_2,0,0.48736894130706787,0
21,P28,P28,Post_P28_2,0,0.47600987553596497,0
21,P28,P28,Post_P28_2,0,0.47276750206947327,0
21,P28,P28,Post_P28_2,0,0.4783869981765747,0
21,P28,P28,Post_P28_2,0,0.4960077404975891,0
21,P28,P28,Post_P28_2,0,0.5228053331375122,1
21,P28,P28,Post_P28_2,0,0.5052388906478882,1
21,P28,P28,Post_P28_2,0,0.4722919166088104,0
21,P28,P28,Post_P28_2,0,0.49605709314346313,0
21,P28,P28,Post_P28_2,0,0.4887164235115051,0
21,P28,P28,Post_P28_2,0,0.49503082036972046,0
21,P28,P28,Post_P28_2,0,0.46372926235198975,0
21,P28,P28,Post_P28_2,0,0.46372926235198975,0
21,P28,P28,Post_P28_2,0,0.4848250448703766,0
21,P28,P28,Post_P28_2,0,0.46460968255996704,0
21,P28,P28,Post_P28_2,0,0.4784282445907593,0
21,P28,P28,Post_P28_2,0,0.5009356737136841,1
21,P28,P28,Post_P28_2,0,0.4783869981765747,0
21,P28,P28,Post_P28_2,0,0.49678486585617065,0
21,P28,P28,Post_P28_2,0,0.46572330594062805,0
21,P28,P28,Post_P28_2,0,0.48047536611557007,0
21,P28,P28,Post_P28_2,0,0.468082994222641,0
21,P28,P28,Post_P28_2,0,0.4844832122325897,0
21,P28,P28,Post_P28_2,0,0.5099062919616699,1
21,P28,P28,Post_P28_2,0,0.4981088936328888,0
21,P28,P28,Post_P28_2,0,0.47662004828453064,0
21,P28,P28,Post_P28_2,0,0.5228053331375122,1
21,P28,P28,Post_P28_2,0,0.4784282445907593,0
21,P28,P28,Post_P28_2,0,0.4949986934661865,0
21,P28,P28,Post_P28_2,0,0.5023754239082336,1
21,P28,P28,Post_P28_2,0,0.4897972047328949,0
21,P28,P28,Post_P28_2,0,0.48614218831062317,0
21,P28,P28,Post_P28_2,0,0.46395260095596313,0
21,P28,P28,Post_P28_2,0,0.49352893233299255,0
21,P28,P28,Post_P28_2,0,0.48958876729011536,0
21,P28,P28,Post_P28_2,0,0.46372926235198975,0
21,P28,P28,Post_P28_2,0,0.48639199137687683,0
21,P28,P28,Post_P28_2,0,0.4783869981765747,0
21,P28,P28,Post_P28_2,0,0.4919953942298889,0
21,P28,P28,Post_P28_2,0,0.5228053331375122,1
21,P28,P28,Post_P28_2,0,0.5228053331375122,1
21,P28,P28,Post_P28_2,0,0.4812707006931305,0
21,P28,P28,Post_P28_2,0,0.48564964532852173,0
21,P28,P28,Post_P28_2,0,0.5228053331375122,1
21,P28,P28,Post_P28_2,0,0.4949986934661865,0
21,P28,P28,Post_P28_2,0,0.4671337604522705,0
21,P28,P28,Post_P28_2,0,0.49729424715042114,0
22,P29,P29,Pre_P29,1,0.4378747344017029,0
22,P29,P29,Pre_P29,1,0.4252767562866211,0
22,P29,P29,Pre_P29,1,0.3663942515850067,0
22,P29,P29,Pre_P29,1,0.48083341121673584,0
22,P29,P29,Pre_P29,1,0.569014847278595,1
22,P29,P29,Pre_P29,1,0.3701842725276947,0
22,P29,P29,Pre_P29,1,0.6064899563789368,1
22,P29,P29,Pre_P29,1,0.5016788244247437,1
22,P29,P29,Pre_P29,1,0.358966201543808,0
22,P29,P29,Pre_P29,1,0.491895854473114,0
22,P29,P29,Pre_P29,1,0.36285293102264404,0
22,P29,P29,Pre_P29,1,0.41571342945098877,0
22,P29,P29,Pre_P29,1,0.5606051087379456,1
22,P29,P29,Pre_P29,1,0.55020672082901,1
22,P29,P29,Pre_P29,1,0.6000820994377136,1
22,P29,P29,Pre_P29,1,0.5804445743560791,1
22,P29,P29,Pre_P29,1,0.49879342317581177,0
22,P29,P29,Pre_P29,1,0.3888081908226013,0
22,P29,P29,Pre_P29,1,0.5809959769248962,1
22,P29,P29,Pre_P29,1,0.6037485599517822,1
22,P29,P29,Pre_P29,1,0.5996335744857788,1
22,P29,P29,Pre_P29,1,0.5084137320518494,1
22,P29,P29,Pre_P29,1,0.49976450204849243,0
22,P29,P29,Pre_P29,1,0.5980551242828369,1
22,P29,P29,Pre_P29,1,0.5338308811187744,1
22,P29,P29,Pre_P29,1,0.46412622928619385,0
22,P29,P29,Pre_P29,1,0.5022256374359131,1
22,P29,P29,Pre_P29,1,0.4388130307197571,0
22,P29,P29,Pre_P29,1,0.41991978883743286,0
22,P29,P29,Pre_P29,1,0.5805258750915527,1
22,P29,P29,Pre_P29,1,0.4820581376552582,0
22,P29,P29,Pre_P29,1,0.41913148760795593,0
22,P29,P29,Pre_P29,1,0.3964731693267822,0
22,P29,P29,Pre_P29,1,0.46266424655914307,0
22,P29,P29,Pre_P29,1,0.46843570470809937,0
22,P29,P29,Pre_P29,1,0.5027990937232971,1
22,P29,P29,Pre_P29,1,0.6029097437858582,1
22,P29,P29,Pre_P29,1,0.4157591760158539,0
22,P29,P29,Pre_P29,1,0.5710543394088745,1
22,P29,P29,Pre_P29,1,0.43022018671035767,0
22,P29,P29,Pre_P29,1,0.4288039803504944,0
22,P29,P29,Pre_P29,1,0.4180017113685608,0
22,P29,P29,Pre_P29,1,0.5810977816581726,1
22,P29,P29,Pre_P29,1,0.34683316946029663,0
22,P29,P29,Pre_P29,1,0.3696969747543335,0
22,P29,P29,Pre_P29,1,0.4272165894508362,0
22,P29,P29,Pre_P29,1,0.39400753378868103,0
22,P29,P29,Pre_P29,1,0.44537869095802307,0
22,P29,P29,Pre_P29,1,0.44735094904899597,0
22,P29,P29,Pre_P29,1,0.5839004516601562,1
22,P29,P29,Pre_P29,1,0.40068337321281433,0
22,P29,P29,Pre_P29,1,0.5863951444625854,1
22,P29,P29,Pre_P29,1,0.5236024260520935,1
22,P29,P29,Pre_P29,1,0.3601725101470947,0
22,P29,P29,Pre_P29,1,0.48450666666030884,0
22,P29,P29,Pre_P29,1,0.45249101519584656,0
22,P29,P29,Pre_P29,1,0.4054408371448517,0
22,P29,P29,Pre_P29,1,0.39725178480148315,0
22,P29,P29,Pre_P29,1,0.48570898175239563,0
22,P29,P29,Pre_P29,1,0.35628142952919006,0
22,P29,P29,Pre_P29,1,0.5373250842094421,1
22,P29,P29,Pre_P29,1,0.5704178214073181,1
22,P29,P29,Pre_P29,1,0.42273855209350586,0
22,P29,P29,Pre_P29,1,0.4545554518699646,0
22,P29,P29,Pre_P29,1,0.41662880778312683,0
22,P29,P29,Pre_P29,1,0.43427422642707825,0
22,P29,P29,Pre_P29,1,0.48903608322143555,0
22,P29,P29,Pre_P29,1,0.45234599709510803,0
22,P29,P29,Pre_P29,1,0.5426011681556702,1
22,P29,P29,Pre_P29,1,0.5832737684249878,1
22,P29,P29,Pre_P29,1,0.3765183091163635,0
22,P29,P29,Pre_P29,1,0.5461910367012024,1
22,P29,P29,Pre_P29,1,0.4404299557209015,0
22,P29,P29,Pre_P29,1,0.4237162470817566,0
22,P29,P29,Pre_P29,1,0.4884198009967804,0
22,P29,P29,Pre_P29,1,0.42527124285697937,0
22,P29,P29,Pre_P29,1,0.4647889733314514,0
22,P29,P29,Pre_P29,1,0.5209251642227173,1
22,P29,P29,Pre_P29,1,0.4151171147823334,0
22,P29,P29,Pre_P29,1,0.5848979353904724,1
22,P29,P29,Pre_P29,1,0.5724332332611084,1
22,P29,P29,Pre_P29,1,0.5214241743087769,1
22,P29,P29,Pre_P29,1,0.4002514183521271,0
22,P29,P29,Pre_P29,1,0.5404582619667053,1
22,P29,P29,Pre_P29,1,0.4403192400932312,0
22,P29,P29,Pre_P29,1,0.5121508836746216,1
22,P29,P29,Pre_P29,1,0.4748232960700989,0
22,P29,P29,Pre_P29,1,0.483919620513916,0
22,P29,P29,Pre_P29,1,0.4774245321750641,0
22,P29,P29,Pre_P29,1,0.4735617935657501,0
22,P29,P29,Pre_P29,1,0.42726802825927734,0
22,P29,P29,Pre_P29,1,0.36995434761047363,0
22,P29,P29,Pre_P29,1,0.5487434267997742,1
22,P29,P29,Pre_P29,1,0.4342503249645233,0
22,P29,P29,Pre_P29,1,0.5818106532096863,1
22,P29,P29,Pre_P29,1,0.5506837964057922,1
22,P29,P29,Pre_P29,1,0.5864769220352173,1
22,P29,P29,Pre_P29,1,0.40220677852630615,0
22,P29,P29,Pre_P29,1,0.6037299633026123,1
22,P29,P29,Pre_P29,1,0.37868496775627136,0
22,P29,P29,Pre_P29,1,0.5304560661315918,1
22,P29,P29,Pre_P29,1,0.5221865177154541,1
22,P29,P29,Pre_P29,1,0.3878404200077057,0
22,P29,P29,Pre_P29,1,0.5483323931694031,1
22,P29,P29,Pre_P29,1,0.5081307291984558,1
22,P29,P29,Pre_P29,1,0.4061226546764374,0
22,P29,P29,Pre_P29,1,0.46879321336746216,0
22,P29,P29,Pre_P29,1,0.3778926432132721,0
22,P29,P29,Pre_P29,1,0.4181654453277588,0
22,P29,P29,Pre_P29,1,0.46954137086868286,0
22,P29,P29,Pre_P29,1,0.5515347123146057,1
22,P29,P29,Pre_P29,1,0.53653883934021,1
22,P29,P29,Pre_P29,1,0.43625545501708984,0
22,P29,P29,Pre_P29,1,0.392959862947464,0
22,P29,P29,Pre_P29,1,0.5737766623497009,1
22,P29,P29,Pre_P29,1,0.3987111449241638,0
22,P29,P29,Pre_P29,1,0.6063846945762634,1
22,P29,P29,Pre_P29,1,0.4026072919368744,0
22,P29,P29,Pre_P29,1,0.42956051230430603,0
22,P29,P29,Pre_P29,1,0.5077962279319763,1
22,P29,P29,Pre_P29,1,0.38642698526382446,0
22,P29,P29,Pre_P29,1,0.411617249250412,0
22,P29,P29,Pre_P29,1,0.4059372842311859,0
22,P29,P29,Pre_P29,1,0.4863908588886261,0
22,P29,P29,Pre_P29,1,0.5284749269485474,1
22,P29,P29,Pre_P29,1,0.4654105305671692,0
22,P29,P29,Pre_P29,1,0.4350801408290863,0
22,P29,P29,Pre_P29,1,0.41903114318847656,0
22,P29,P29,Pre_P29,1,0.3481121063232422,0
22,P29,P29,Pre_P29,1,0.4854154586791992,0
22,P29,P29,Pre_P29,1,0.4044579267501831,0
22,P29,P29,Pre_P29,1,0.4137960970401764,0
22,P29,P29,Pre_P29,1,0.35735705494880676,0
22,P29,P29,Pre_P29,1,0.39242368936538696,0
22,P29,P29,Pre_P29,1,0.4958488345146179,0
22,P29,P29,Pre_P29,1,0.42832455039024353,0
22,P29,P29,Pre_P29,1,0.5931639075279236,1
22,P29,P29,Pre_P29,1,0.3969663083553314,0
22,P29,P29,Pre_P29,1,0.475331574678421,0
22,P29,P29,Pre_P29,1,0.43875348567962646,0
22,P29,P29,Pre_P29,1,0.4071313142776489,0
22,P29,P29,Pre_P29,1,0.4848692715167999,0
22,P29,P29,Pre_P29,1,0.42471230030059814,0
22,P29,P29,Pre_P29,1,0.48641473054885864,0
22,P29,P29,Pre_P29,1,0.3800845146179199,0
22,P29,P29,Pre_P29,1,0.4259292185306549,0
22,P29,P29,Pre_P29,1,0.4086856544017792,0
22,P29,P29,Pre_P29,1,0.4250808358192444,0
22,P29,P29,Pre_P29,1,0.5984421372413635,1
22,P29,P29,Pre_P29,1,0.5366410613059998,1
22,P29,P29,Pre_P29,1,0.501237154006958,1
22,P29,P29,Pre_P29,1,0.48518237471580505,0
22,P29,P29,Pre_P29,1,0.3660171329975128,0
22,P29,P29,Pre_P29,1,0.4290144145488739,0
22,P29,P29,Pre_P29,1,0.4601784646511078,0
22,P29,P29,Pre_P29,1,0.4344547986984253,0
22,P29,P29,Pre_P29,1,0.4588838517665863,0
22,P29,P29,Pre_P29,1,0.35890549421310425,0
22,P29,P29,Pre_P29,1,0.4047490060329437,0
22,P29,P29,Pre_P29,1,0.45647966861724854,0
22,P29,P29,Pre_P29,1,0.49530288577079773,0
22,P29,P29,Pre_P29,1,0.4010889530181885,0
22,P29,P29,Pre_P29,1,0.5699370503425598,1
23,P3,P3,Pre_P3,0,0.7331545352935791,1
23,P3,P3,Pre_P3,0,0.7531909346580505,1
23,P3,P3,Pre_P3,0,0.6986568570137024,1
23,P3,P3,Pre_P3,0,0.5335772633552551,1
23,P3,P3,Pre_P3,0,0.9724557995796204,1
23,P3,P3,Pre_P3,0,0.11801109462976456,0
23,P3,P3,Pre_P3,0,0.40253525972366333,0
23,P3,P3,Pre_P3,0,0.4547049105167389,0
23,P3,P3,Pre_P3,0,0.10124749690294266,0
23,P3,P3,Pre_P3,0,0.3992081880569458,0
23,P3,P3,Pre_P3,0,0.5144010782241821,1
23,P3,P3,Pre_P3,0,0.7072213292121887,1
23,P3,P3,Pre_P3,0,0.463875412940979,0
23,P3,P3,Pre_P3,0,0.13048744201660156,0
23,P3,P3,Pre_P3,0,0.05770110711455345,0
23,P3,P3,Pre_P3,0,0.5457923412322998,1
23,P3,P3,Pre_P3,0,0.8820141553878784,1
23,P3,P3,Pre_P3,0,0.09062321484088898,0
23,P3,P3,Pre_P3,0,0.25824639201164246,0
23,P3,P3,Pre_P3,0,0.5860585570335388,1
23,P3,P3,Pre_P3,0,0.3440760374069214,0
23,P3,P3,Pre_P3,0,0.42867791652679443,0
23,P3,P3,Pre_P3,0,0.29670265316963196,0
23,P3,P3,Pre_P3,0,0.415495902299881,0
23,P3,P3,Pre_P3,0,0.8687171339988708,1
23,P3,P3,Pre_P3,0,0.7455047965049744,1
23,P3,P3,Pre_P3,0,0.34450095891952515,0
23,P3,P3,Pre_P3,0,0.050021931529045105,0
23,P3,P3,Pre_P3,0,0.7433165311813354,1
23,P3,P3,Pre_P3,0,0.09092836081981659,0
23,P3,P3,Pre_P3,0,0.39722970128059387,0
23,P3,P3,Pre_P3,0,0.9356153011322021,1
23,P3,P3,Pre_P3,0,0.6147376298904419,1
23,P3,P3,Pre_P3,0,0.02299118973314762,0
23,P3,P3,Pre_P3,0,0.0984262153506279,0
23,P3,P3,Pre_P3,0,0.9455302357673645,1
23,P3,P3,Pre_P3,0,0.11788445711135864,0
23,P3,P3,Pre_P3,0,0.8164889812469482,1
23,P3,P3,Pre_P3,0,0.7305991053581238,1
23,P3,P3,Pre_P3,0,0.6071864366531372,1
23,P3,P3,Pre_P3,0,0.29777541756629944,0
23,P3,P3,Pre_P3,0,0.0571463443338871,0
23,P3,P3,Pre_P3,0,0.7514644861221313,1
23,P3,P3,Pre_P3,0,0.595508337020874,1
23,P3,P3,Pre_P3,0,0.15873460471630096,0
23,P3,P3,Pre_P3,0,0.5606884360313416,1
23,P3,P3,Pre_P3,0,0.834282398223877,1
23,P3,P3,Pre_P3,0,0.3826310634613037,0
23,P3,P3,Pre_P3,0,0.5250152349472046,1
23,P3,P3,Pre_P3,0,0.3458734154701233,0
23,P3,P3,Pre_P3,0,0.44153133034706116,0
23,P3,P3,Pre_P3,0,0.7544552087783813,1
23,P3,P3,Pre_P3,0,0.9647702574729919,1
23,P3,P3,Pre_P3,0,0.8849292397499084,1
23,P3,P3,Pre_P3,0,0.7995268702507019,1
23,P3,P3,Pre_P3,0,0.8801665902137756,1
23,P3,P3,Pre_P3,0,0.4524538218975067,0
23,P3,P3,Pre_P3,0,0.6200143098831177,1
23,P3,P3,Pre_P3,0,0.9741309881210327,1
23,P3,P3,Pre_P3,0,0.8580588102340698,1
23,P3,P3,Pre_P3,0,0.3673735558986664,0
23,P3,P3,Pre_P3,0,0.20494312047958374,0
23,P3,P3,Pre_P3,0,0.6629309058189392,1
23,P3,P3,Pre_P3,0,0.751227080821991,1
23,P3,P3,Pre_P3,0,0.6571552753448486,1
23,P3,P3,Pre_P3,0,0.13971495628356934,0
23,P3,P3,Pre_P3,0,0.20775416493415833,0
23,P3,P3,Pre_P3,0,0.5308667421340942,1
23,P3,P3,Pre_P3,0,0.6201781630516052,1
23,P3,P3,Pre_P3,0,0.9326381087303162,1
23,P3,P3,Pre_P3,0,0.7715708017349243,1
23,P3,P3,Pre_P3,0,0.3728800415992737,0
23,P3,P3,Pre_P3,0,0.9087375402450562,1
23,P3,P3,Pre_P3,0,0.8939884305000305,1
23,P3,P3,Pre_P3,0,0.4596107602119446,0
23,P3,P3,Pre_P3,0,0.7294430136680603,1
23,P3,P3,Pre_P3,0,0.8752338290214539,1
23,P3,P3,Pre_P3,0,0.5781765580177307,1
23,P3,P3,Pre_P3,0,0.9338817000389099,1
23,P3,P3,Pre_P3,0,0.048296891152858734,0
23,P3,P3,Pre_P3,0,0.4191807508468628,0
23,P3,P3,Pre_P3,0,0.8590939044952393,1
23,P3,P3,Pre_P3,0,0.7338119149208069,1
23,P3,P3,Pre_P3,0,0.08365614712238312,0
23,P3,P3,Pre_P3,0,0.7426422238349915,1
23,P3,P3,Pre_P3,0,0.8416356444358826,1
23,P3,P3,Pre_P3,0,0.030254334211349487,0
23,P3,P3,Pre_P3,0,0.2870974838733673,0
23,P3,P3,Pre_P3,0,0.9297258853912354,1
23,P3,P3,Pre_P3,0,0.2654680907726288,0
23,P3,P3,Pre_P3,0,0.42065417766571045,0
23,P3,P3,Pre_P3,0,0.7568368911743164,1
23,P3,P3,Pre_P3,0,0.2215980440378189,0
23,P3,P3,Pre_P3,0,0.7704173922538757,1
23,P3,P3,Pre_P3,0,0.47386839985847473,0
23,P3,P3,Pre_P3,0,0.5849443078041077,1
23,P3,P3,Pre_P3,0,0.5887140035629272,1
23,P3,P3,Pre_P3,0,0.9724536538124084,1
23,P3,P3,Pre_P3,0,0.4536784589290619,0
23,P3,P3,Pre_P3,0,0.8515514731407166,1
23,P3,P3,Pre_P3,0,0.7301374077796936,1
23,P3,P3,Pre_P3,0,0.3403593599796295,0
23,P3,P3,Pre_P3,0,0.15663449466228485,0
23,P3,P3,Pre_P3,0,0.6518950462341309,1
23,P3,P3,Pre_P3,0,0.6566188931465149,1
23,P3,P3,Pre_P3,0,0.550716757774353,1
23,P3,P3,Pre_P3,0,0.6298971176147461,1
23,P3,P3,Pre_P3,0,0.7899937033653259,1
23,P3,P3,Pre_P3,0,0.3590238392353058,0
23,P3,P3,Pre_P3,0,0.6133725047111511,1
23,P3,P3,Pre_P3,0,0.0528692901134491,0
23,P3,P3,Pre_P3,0,0.7724512815475464,1
23,P3,P3,Pre_P3,0,0.5854886770248413,1
23,P3,P3,Pre_P3,0,0.8718165159225464,1
23,P3,P3,Pre_P3,0,0.14896689355373383,0
23,P3,P3,Pre_P3,0,0.8464300632476807,1
23,P3,P3,Pre_P3,0,0.6615678071975708,1
23,P3,P3,Pre_P3,0,0.013491655699908733,0
23,P3,P3,Pre_P3,0,0.8979383111000061,1
23,P3,P3,Pre_P3,0,0.9497942924499512,1
23,P3,P3,Pre_P3,0,0.09823446720838547,0
23,P3,P3,Pre_P3,0,0.2627524137496948,0
23,P3,P3,Pre_P3,0,0.32755911350250244,0
23,P3,P3,Pre_P3,0,0.7834721207618713,1
23,P3,P3,Pre_P3,0,0.7637009620666504,1
23,P3,P3,Pre_P3,0,0.5617988109588623,1
23,P3,P3,Pre_P3,0,0.10135747492313385,0
23,P3,P3,Pre_P3,0,0.2879777252674103,0
23,P3,P3,Pre_P3,0,0.1388375163078308,0
23,P3,P3,Pre_P3,0,0.785898745059967,1
23,P3,P3,Pre_P3,0,0.5683807730674744,1
23,P3,P3,Pre_P3,0,0.05037981644272804,0
23,P3,P3,Pre_P3,0,0.1346418857574463,0
23,P3,P3,Pre_P3,0,0.5705042481422424,1
23,P3,P3,Pre_P3,0,0.09413506090641022,0
23,P3,P3,Pre_P3,0,0.3979097008705139,0
23,P3,P3,Pre_P3,0,0.5874845385551453,1
23,P3,P3,Pre_P3,0,0.7760822772979736,1
23,P3,P3,Pre_P3,0,0.057792212814092636,0
23,P3,P3,Pre_P3,0,0.14446048438549042,0
23,P3,P3,Pre_P3,0,0.7691723704338074,1
23,P3,P3,Pre_P3,0,0.710174024105072,1
23,P3,P3,Pre_P3,0,0.07068315893411636,0
23,P3,P3,Pre_P3,0,0.038317255675792694,0
23,P3,P3,Pre_P3,0,0.2877691388130188,0
23,P3,P3,Pre_P3,0,0.48000869154930115,0
23,P3,P3,Pre_P3,0,0.7061896920204163,1
23,P3,P3,Pre_P3,0,0.6753513216972351,1
23,P3,P3,Pre_P3,0,0.7923825979232788,1
23,P3,P3,Pre_P3,0,0.369850754737854,0
23,P3,P3,Pre_P3,0,0.8766598105430603,1
23,P3,P3,Pre_P3,0,0.36560800671577454,0
23,P3,P3,Pre_P3,0,0.3909569978713989,0
23,P3,P3,Pre_P3,0,0.7178012132644653,1
23,P3,P3,Pre_P3,0,0.050008632242679596,0
23,P3,P3,Pre_P3,0,0.2685294449329376,0
23,P3,P3,Pre_P3,0,0.7641624212265015,1
23,P3,P3,Pre_P3,0,0.26895901560783386,0
23,P3,P3,Pre_P3,0,0.7252918481826782,1
23,P3,P3,Pre_P3,0,0.11574672907590866,0
23,P3,P3,Pre_P3,0,0.5686669945716858,1
23,P3,P3,Pre_P3,0,0.19907788932323456,0
23,P3,P3,Pre_P3,0,0.5470274686813354,1
23,P3,P3,Pre_P3,0,0.6082606315612793,1
23,P3,P3,Pre_P3,0,0.583012580871582,1
23,P3,P3,Pre_P3,0,0.11750845611095428,0
23,P3,P3,Pre_P3,0,0.6442477107048035,1
23,P3,P3,Pre_P3,0,0.5189083218574524,1
23,P3,P3,Pre_P3,0,0.9501377940177917,1
23,P3,P3,Pre_P3,0,0.29266583919525146,0
23,P3,P3,Pre_P3,0,0.17241564393043518,0
23,P3,P3,Pre_P3,0,0.574349045753479,1
23,P3,P3,Pre_P3,0,0.13628046214580536,0
23,P3,P3,Pre_P3,0,0.7623083591461182,1
23,P3,P3,Pre_P3,0,0.2623494863510132,0
23,P3,P3,Pre_P3,0,0.9719641804695129,1
23,P3,P3,Pre_P3,0,0.6469066739082336,1
23,P3,P3,Pre_P3,0,0.3813610374927521,0
23,P3,P3,Pre_P3,0,0.8092584609985352,1
23,P3,P3,Pre_P3,0,0.8907156586647034,1
23,P3,P3,Pre_P3,0,0.11142746359109879,0
23,P3,P3,Pre_P3,0,0.9504061937332153,1
23,P3,P3,Pre_P3,0,0.6490112543106079,1
23,P3,P3,Pre_P3,0,0.8479999303817749,1
23,P3,P3,Pre_P3,0,0.7343283891677856,1
23,P3,P3,Pre_P3,0,0.9150930643081665,1
23,P3,P3,Pre_P3,0,0.6510655283927917,1
23,P3,P3,Pre_P3,0,0.7976447343826294,1
23,P3,P3,Pre_P3,0,0.7012222409248352,1
23,P3,P3,Pre_P3,0,0.9230781197547913,1
23,P3,P3,Pre_P3,0,0.3709432780742645,0
23,P3,P3,Pre_P3,0,0.3199872374534607,0
23,P3,P3,Pre_P3,0,0.6902164220809937,1
23,P3,P3,Pre_P3,0,0.8529611229896545,1
23,P3,P3,Pre_P3,0,0.9237452149391174,1
23,P3,P3,Pre_P3,0,0.8403679132461548,1
23,P3,P3,Pre_P3,0,0.9080243110656738,1
23,P3,P3,Pre_P3,0,0.4854029715061188,0
23,P3,P3,Pre_P3,0,0.89555424451828,1
23,P3,P3,Pre_P3,0,0.8279256224632263,1
23,P3,P3,Pre_P3,0,0.020931381732225418,0
23,P3,P3,Pre_P3,0,0.44810670614242554,0
23,P3,P3,Pre_P3,0,0.5335689187049866,1
23,P3,P3,Pre_P3,0,0.7745816707611084,1
23,P3,P3,Pre_P3,0,0.36359068751335144,0
23,P3,P3,Pre_P3,0,0.7044439911842346,1
23,P3,P3,Pre_P3,0,0.6166152954101562,1
23,P3,P3,Pre_P3,0,0.8088081479072571,1
23,P3,P3,Pre_P3,0,0.2035170942544937,0
23,P3,P3,Pre_P3,0,0.11311706900596619,0
23,P3,P3,Pre_P3,0,0.9143809080123901,1
23,P3,P3,Pre_P3,0,0.7006216645240784,1
23,P3,P3,Pre_P3,0,0.7547038197517395,1
23,P3,P3,Pre_P3,0,0.8286536335945129,1
23,P3,P3,Pre_P3,0,0.9056954979896545,1
23,P3,P3,Pre_P3,0,0.416993647813797,0
23,P3,P3,Pre_P3,0,0.8952120542526245,1
23,P3,P3,Pre_P3,0,0.6571950912475586,1
23,P3,P3,Pre_P3,0,0.7712600827217102,1
23,P3,P3,Pre_P3,0,0.7428228855133057,1
23,P3,P3,Pre_P3,0,0.7468311786651611,1
23,P3,P3,Pre_P3,0,0.6773397922515869,1
23,P3,P3,Pre_P3,0,0.4127163589000702,0
23,P3,P3,Pre_P3,0,0.2918204963207245,0
23,P3,P3,Pre_P3,0,0.14386403560638428,0
23,P3,P3,Pre_P3,0,0.7356271147727966,1
23,P3,P3,Pre_P3,0,0.039952654391527176,0
23,P3,P3,Pre_P3,0,0.41815319657325745,0
23,P3,P3,Pre_P3,0,0.4272933602333069,0
23,P3,P3,Pre_P3,0,0.0928131714463234,0
23,P3,P3,Pre_P3,0,0.24660196900367737,0
23,P3,P3,Pre_P3,0,0.4237411916255951,0
23,P3,P3,Pre_P3,0,0.8369119763374329,1
23,P3,P3,Pre_P3,0,0.32493555545806885,0
23,P3,P3,Pre_P3,0,0.48714321851730347,0
23,P3,P3,Pre_P3,0,0.8031136393547058,1
23,P3,P3,Pre_P3,0,0.392061710357666,0
23,P3,P3,Pre_P3,0,0.5017244219779968,1
23,P3,P3,Pre_P3,0,0.40329575538635254,0
23,P3,P3,Pre_P3,0,0.017853669822216034,0
23,P3,P3,Pre_P3,0,0.08508235961198807,0
23,P3,P3,Pre_P3,0,0.8336077332496643,1
23,P3,P3,Pre_P3,0,0.8319061398506165,1
23,P3,P3,Pre_P3,0,0.1755182147026062,0
23,P3,P3,Pre_P3,0,0.04394400492310524,0
23,P3,P3,Post_P3,0,0.6632039546966553,1
23,P3,P3,Post_P3,0,0.5492457747459412,1
23,P3,P3,Post_P3,0,0.38212263584136963,0
23,P3,P3,Post_P3,0,0.6982207298278809,1
23,P3,P3,Post_P3,0,0.25450026988983154,0
23,P3,P3,Post_P3,0,0.6527844667434692,1
23,P3,P3,Post_P3,0,0.02095893584191799,0
23,P3,P3,Post_P3,0,0.2583882212638855,0
23,P3,P3,Post_P3,0,0.49640053510665894,0
23,P3,P3,Post_P3,0,0.9290557503700256,1
23,P3,P3,Post_P3,0,0.032982952892780304,0
23,P3,P3,Post_P3,0,0.7130177617073059,1
23,P3,P3,Post_P3,0,0.7684044241905212,1
23,P3,P3,Post_P3,0,0.16200271248817444,0
23,P3,P3,Post_P3,0,0.5504908561706543,1
23,P3,P3,Post_P3,0,0.422907292842865,0
23,P3,P3,Post_P3,0,0.04543917253613472,0
23,P3,P3,Post_P3,0,0.06062168627977371,0
23,P3,P3,Post_P3,0,0.7768843173980713,1
23,P3,P3,Post_P3,0,0.43720224499702454,0
23,P3,P3,Post_P3,0,0.17391270399093628,0
23,P3,P3,Post_P3,0,0.9067165851593018,1
23,P3,P3,Post_P3,0,0.144208163022995,0
23,P3,P3,Post_P3,0,0.5348116755485535,1
23,P3,P3,Post_P3,0,0.13989166915416718,0
23,P3,P3,Post_P3,0,0.22496098279953003,0
23,P3,P3,Post_P3,0,0.24249504506587982,0
23,P3,P3,Post_P3,0,0.2877930700778961,0
23,P3,P3,Post_P3,0,0.520937442779541,1
23,P3,P3,Post_P3,0,0.23444706201553345,0
23,P3,P3,Post_P3,0,0.36538568139076233,0
23,P3,P3,Post_P3,0,0.69588303565979,1
23,P3,P3,Post_P3,0,0.13617020845413208,0
23,P3,P3,Post_P3,0,0.8636446595191956,1
23,P3,P3,Post_P3,0,0.8887014985084534,1
23,P3,P3,Post_P3,0,0.2862725853919983,0
23,P3,P3,Post_P3,0,0.6817627549171448,1
23,P3,P3,Post_P3,0,0.283676415681839,0
23,P3,P3,Post_P3,0,0.12065619230270386,0
23,P3,P3,Post_P3,0,0.19724929332733154,0
23,P3,P3,Post_P3,0,0.4459224343299866,0
23,P3,P3,Post_P3,0,0.11637172102928162,0
23,P3,P3,Post_P3,0,0.7259495258331299,1
23,P3,P3,Post_P3,0,0.9720893502235413,1
23,P3,P3,Post_P3,0,0.6830376982688904,1
23,P3,P3,Post_P3,0,0.46059730648994446,0
23,P3,P3,Post_P3,0,0.8020143508911133,1
23,P3,P3,Post_P3,0,0.579608678817749,1
23,P3,P3,Post_P3,0,0.8533002734184265,1
23,P3,P3,Post_P3,0,0.37913113832473755,0
23,P3,P3,Post_P3,0,0.42786604166030884,0
23,P3,P3,Post_P3,0,0.16258975863456726,0
23,P3,P3,Post_P3,0,0.07165080308914185,0
23,P3,P3,Post_P3,0,0.12046428769826889,0
23,P3,P3,Post_P3,0,0.16581600904464722,0
23,P3,P3,Post_P3,0,0.7443642616271973,1
23,P3,P3,Post_P3,0,0.8040738105773926,1
23,P3,P3,Post_P3,0,0.05076945200562477,0
23,P3,P3,Post_P3,0,0.010094321332871914,0
23,P3,P3,Post_P3,0,0.8382216691970825,1
23,P3,P3,Post_P3,0,0.10224573314189911,0
23,P3,P3,Post_P3,0,0.468910276889801,0
23,P3,P3,Post_P3,0,0.00296233594417572,0
23,P3,P3,Post_P3,0,0.17141923308372498,0
23,P3,P3,Post_P3,0,0.7738422751426697,1
23,P3,P3,Post_P3,0,0.44969841837882996,0
23,P3,P3,Post_P3,0,0.7907025814056396,1
23,P3,P3,Post_P3,0,0.7694472074508667,1
23,P3,P3,Post_P3,0,0.44283419847488403,0
23,P3,P3,Post_P3,0,0.2292497605085373,0
23,P3,P3,Post_P3,0,0.22534741461277008,0
23,P3,P3,Post_P3,0,0.11296418309211731,0
23,P3,P3,Post_P3,0,0.39829230308532715,0
23,P3,P3,Post_P3,0,0.5171367526054382,1
23,P3,P3,Post_P3,0,0.49707311391830444,0
23,P3,P3,Post_P3,0,0.0511009506881237,0
23,P3,P3,Post_P3,0,0.10534324496984482,0
23,P3,P3,Post_P3,0,0.6188575625419617,1
23,P3,P3,Post_P3,0,0.6128698587417603,1
23,P3,P3,Post_P3,0,0.8472235798835754,1
23,P3,P3,Post_P3,0,0.24114051461219788,0
23,P3,P3,Post_P3,0,0.34045150876045227,0
23,P3,P3,Post_P3,0,0.6360816359519958,1
23,P3,P3,Post_P3,0,0.5057732462882996,1
23,P3,P3,Post_P3,0,0.1337622106075287,0
23,P3,P3,Post_P3,0,0.7035972476005554,1
23,P3,P3,Post_P3,0,0.056563276797533035,0
23,P3,P3,Post_P3,0,0.6121742725372314,1
23,P3,P3,Post_P3,0,0.542615532875061,1
23,P3,P3,Post_P3,0,0.3082979619503021,0
23,P3,P3,Post_P3,0,0.7577391862869263,1
23,P3,P3,Post_P3,0,0.9362063407897949,1
23,P3,P3,Post_P3,0,0.6454160213470459,1
23,P3,P3,Post_P3,0,0.3877953588962555,0
23,P3,P3,Post_P3,0,0.12949056923389435,0
23,P3,P3,Post_P3,0,0.3126230537891388,0
23,P3,P3,Post_P3,0,0.008014768362045288,0
23,P3,P3,Post_P3,0,0.5323544144630432,1
23,P3,P3,Post_P3,0,0.7832450866699219,1
23,P3,P3,Post_P3,0,0.07487684488296509,0
23,P3,P3,Post_P3,0,0.029490871354937553,0
23,P3,P3,Post_P3,0,0.29086557030677795,0
23,P3,P3,Post_P3,0,0.793117880821228,1
23,P3,P3,Post_P3,0,0.07954182475805283,0
23,P3,P3,Post_P3,0,0.3868211507797241,0
23,P3,P3,Post_P3,0,0.8241307735443115,1
23,P3,P3,Post_P3,0,0.40509214997291565,0
23,P3,P3,Post_P3,0,0.43188244104385376,0
23,P3,P3,Post_P3,0,0.3282691538333893,0
23,P3,P3,Post_P3,0,0.1904400885105133,0
23,P3,P3,Post_P3,0,0.7586126327514648,1
23,P3,P3,Post_P3,0,0.6380821466445923,1
23,P3,P3,Post_P3,0,0.4402436316013336,0
23,P3,P3,Post_P3,0,0.02227816730737686,0
23,P3,P3,Post_P3,0,0.29374802112579346,0
23,P3,P3,Post_P3,0,0.6013616323471069,1
23,P3,P3,Post_P3,0,0.3688093423843384,0
23,P3,P3,Post_P3,0,0.2879853844642639,0
23,P3,P3,Post_P3,0,0.03789479285478592,0
23,P3,P3,Post_P3,0,0.6951258778572083,1
23,P3,P3,Post_P3,0,0.02063423953950405,0
23,P3,P3,Post_P3,0,0.9202170968055725,1
23,P3,P3,Post_P3,0,0.7874253392219543,1
23,P3,P3,Post_P3,0,0.4813331067562103,0
23,P3,P3,Post_P3,0,0.4055211842060089,0
23,P3,P3,Post_P3,0,0.7575861811637878,1
23,P3,P3,Post_P3,0,0.651987612247467,1
23,P3,P3,Post_P3,0,0.6710293889045715,1
23,P3,P3,Post_P3,0,0.2804011106491089,0
23,P3,P3,Post_P3,0,0.31650128960609436,0
23,P3,P3,Post_P3,0,0.04430225491523743,0
23,P3,P3,Post_P3,0,0.0040245745331048965,0
23,P3,P3,Post_P3,0,0.0985490158200264,0
23,P3,P3,Post_P3,0,0.7184266448020935,1
23,P3,P3,Post_P3,0,0.26735320687294006,0
23,P3,P3,Post_P3,0,0.0883471667766571,0
23,P3,P3,Post_P3,0,0.6095701456069946,1
23,P3,P3,Post_P3,0,0.37670543789863586,0
23,P3,P3,Post_P3,0,0.028377974405884743,0
23,P3,P3,Post_P3,0,0.8632527589797974,1
23,P3,P3,Post_P3,0,0.014101476408541203,0
23,P3,P3,Post_P3,0,0.20897801220417023,0
23,P3,P3,Post_P3,0,0.6645141243934631,1
23,P3,P3,Post_P3,0,0.04913058876991272,0
23,P3,P3,Post_P3,0,0.12363693863153458,0
23,P3,P3,Post_P3,0,0.4352259635925293,0
23,P3,P3,Post_P3,0,0.6282624006271362,1
23,P3,P3,Post_P3,0,0.913345992565155,1
23,P3,P3,Post_P3,0,0.21165014803409576,0
23,P3,P3,Post_P3,0,0.5516623258590698,1
23,P3,P3,Post_P3,0,0.4037986397743225,0
23,P3,P3,Post_P3,0,0.03028762899339199,0
23,P3,P3,Post_P3,0,0.8763408660888672,1
23,P3,P3,Post_P3,0,0.6571294069290161,1
23,P3,P3,Post_P3,0,0.09514278173446655,0
23,P3,P3,Post_P3,0,0.7448489665985107,1
23,P3,P3,Post_P3,0,0.4110623896121979,0
23,P3,P3,Post_P3,0,0.7219248414039612,1
23,P3,P3,Post_P3,0,0.523695170879364,1
23,P3,P3,Post_P3,0,0.11644382029771805,0
23,P3,P3,Post_P3,0,0.5739566087722778,1
23,P3,P3,Post_P3,0,0.07843319326639175,0
23,P3,P3,Post_P3,0,0.4289298355579376,0
23,P3,P3,Post_P3,0,0.6838070154190063,1
23,P3,P3,Post_P3,0,0.6077660322189331,1
23,P3,P3,Post_P3,0,0.2522452473640442,0
23,P3,P3,Post_P3,0,0.6273379921913147,1
23,P3,P3,Post_P3,0,0.4629335105419159,0
23,P3,P3,Post_P3,0,0.6691040396690369,1
23,P3,P3,Post_P3,0,0.20026551187038422,0
23,P3,P3,Post_P3,0,0.03322478011250496,0
23,P3,P3,Post_P3,0,0.8184558749198914,1
23,P3,P3,Post_P3,0,0.07315053790807724,0
23,P3,P3,Post_P3,0,0.05405884236097336,0
23,P3,P3,Post_P3,0,0.2723446488380432,0
23,P3,P3,Post_P3,0,0.8962635397911072,1
23,P3,P3,Post_P3,0,0.17887987196445465,0
23,P3,P3,Post_P3,0,0.3363491892814636,0
23,P3,P3,Post_P3,0,0.6085086464881897,1
23,P3,P3,Post_P3,0,0.19946302473545074,0
23,P3,P3,Post_P3,0,0.6505276560783386,1
23,P3,P3,Post_P3,0,0.03457887843251228,0
23,P3,P3,Post_P3,0,0.4146803915500641,0
23,P3,P3,Post_P3,0,0.41449496150016785,0
23,P3,P3,Post_P3,0,0.08052065223455429,0
23,P3,P3,Post_P3,0,0.37549257278442383,0
23,P3,P3,Post_P3,0,0.6736113429069519,1
23,P3,P3,Post_P3,0,0.29009097814559937,0
23,P3,P3,Post_P3,0,0.6205695271492004,1
23,P3,P3,Post_P3,0,0.8201866149902344,1
23,P3,P3,Post_P3,0,0.6564947366714478,1
23,P3,P3,Post_P3,0,0.6061323285102844,1
23,P3,P3,Post_P3,0,0.07358773797750473,0
23,P3,P3,Post_P3,0,0.8087040781974792,1
23,P3,P3,Post_P3,0,0.6100205779075623,1
23,P3,P3,Post_P3,0,0.5398678183555603,1
23,P3,P3,Post_P3,0,0.006610505748540163,0
23,P3,P3,Post_P3,0,0.8208447098731995,1
23,P3,P3,Post_P3,0,0.6298852562904358,1
23,P3,P3,Post_P3,0,0.012700344435870647,0
23,P3,P3,Post_P3,0,0.09269437193870544,0
23,P3,P3,Post_P3,0,0.6406055688858032,1
23,P3,P3,Post_P3,0,0.9458374977111816,1
23,P3,P3,Post_P3,0,0.8113974332809448,1
23,P3,P3,Post_P3,0,0.7673261165618896,1
23,P3,P3,Post_P3,0,0.07090064883232117,0
23,P3,P3,Post_P3,0,0.8079060316085815,1
23,P3,P3,Post_P3,0,0.5927528142929077,1
23,P3,P3,Post_P3,0,0.5765324831008911,1
23,P3,P3,Post_P3,0,0.07768037170171738,0
23,P3,P3,Post_P3,0,0.6204050779342651,1
23,P3,P3,Post_P3,0,0.3413219153881073,0
23,P3,P3,Post_P3,0,0.3237374424934387,0
23,P3,P3,Post_P3,0,0.26950836181640625,0
23,P3,P3,Post_P3,0,0.6337000131607056,1
23,P3,P3,Post_P3,0,0.6586641073226929,1
23,P3,P3,Post_P3,0,0.5378261804580688,1
23,P3,P3,Post_P3,0,0.06070982664823532,0
23,P3,P3,Post_P3,0,0.8638011813163757,1
23,P3,P3,Post_P3,0,0.591149628162384,1
23,P3,P3,Post_P3,0,0.8185339570045471,1
23,P3,P3,Post_P3,0,0.30710312724113464,0
23,P3,P3,Post_P3,0,0.4582071304321289,0
23,P3,P3,Post_P3,0,0.8670042753219604,1
23,P3,P3,Post_P3,0,0.7115837335586548,1
23,P3,P3,Post_P3,0,0.8286990523338318,1
23,P3,P3,Post_P3,0,0.4483244717121124,0
23,P3,P3,Post_P3,0,0.026635756716132164,0
23,P3,P3,Post_P3,0,0.11678408086299896,0
23,P3,P3,Post_P3,0,0.5765893459320068,1
23,P3,P3,Post_P3,0,0.4076170027256012,0
23,P3,P3,Post_P3,0,0.9259541034698486,1
23,P3,P3,Post_P3,0,0.8535508513450623,1
23,P3,P3,Post_P3,0,0.6114920973777771,1
23,P3,P3,Post_P3,0,0.2917230725288391,0
23,P3,P3,Post_P3,0,0.1485808789730072,0
23,P3,P3,Post_P3,0,0.31270742416381836,0
23,P3,P3,Post_P3,0,0.6731983423233032,1
23,P3,P3,Post_P3,0,0.29934048652648926,0
23,P3,P3,Post_P3,0,0.1477367877960205,0
23,P3,P3,Post_P3,0,0.2594023644924164,0
23,P3,P3,Post_P3,0,0.5698052644729614,1
23,P3,P3,Post_P3,0,0.5820453763008118,1
23,P3,P3,Post_P3,0,0.6346696615219116,1
23,P3,P3,Post_P3,0,0.4522237777709961,0
23,P3,P3,Post_P3,0,0.860823392868042,1
23,P3,P3,Post_P3,0,0.7496134042739868,1
23,P3,P3,Post_P3,0,0.665170431137085,1
23,P3,P3,Post_P3,0,0.8104598522186279,1
23,P3,P3,Post_P3,0,0.668367862701416,1
23,P3,P3,Post_P3,0,0.031349312514066696,0
23,P3,P3,Post_P3,0,0.3969421088695526,0
23,P3,P3,Post_P3,0,0.8321160674095154,1
23,P3,P3,Post_P3,0,0.22381509840488434,0
23,P3,P3,Post_P3,0,0.3342999219894409,0
23,P3,P3,Post_P3,0,0.41241654753685,0
23,P3,P3,Post_P3,0,0.6489439010620117,1
23,P3,P3,Post_P3,0,0.7134005427360535,1
23,P3,P3,Post_P3,0,0.07989870011806488,0
23,P3,P3,Post_P3,0,0.45934268832206726,0
23,P3,P3,Post_P3,0,0.3811368942260742,0
23,P3,P3,Post_P3,0,0.7958745956420898,1
23,P3,P3,Post_P3,0,0.016785545274615288,0
23,P3,P3,Post_P3,0,0.38888704776763916,0
23,P3,P3,Post_P3,0,0.20710328221321106,0
23,P3,P3,Post_P3,0,0.24322493374347687,0
23,P3,P3,Post_P3,0,0.18720528483390808,0
23,P3,P3,Post_P3,0,0.38877567648887634,0
23,P3,P3,Post_P3,0,0.4560844600200653,0
23,P3,P3,Post_P3,0,0.8410937190055847,1
23,P3,P3,Post_P3,0,0.10637419670820236,0
23,P3,P3,Post_P3,0,0.13529329001903534,0
23,P3,P3,Post_P3,0,0.11240068823099136,0
23,P3,P3,Post_P3,0,0.7648659944534302,1
23,P3,P3,Post_P3,0,0.008413836359977722,0
23,P3,P3,Post_P3,0,0.7441621422767639,1
23,P3,P3,Post_P3,0,0.4946577548980713,0
23,P3,P3,Post_P3,0,0.7732749581336975,1
23,P3,P3,Post_P3,0,0.5868531465530396,1
23,P3,P3,Post_P3,0,0.02128586173057556,0
23,P3,P3,Post_P3,0,0.12339188903570175,0
23,P3,P3,Post_P3,0,0.004932632204145193,0
23,P3,P3,Post_P3,0,0.43188244104385376,0
23,P3,P3,Post_P3,0,0.13224753737449646,0
23,P3,P3,Post_P3,0,0.03047989308834076,0
23,P3,P3,Post_P3,0,0.05371222645044327,0
23,P3,P3,Post_P3,0,0.17596839368343353,0
23,P3,P3,Post_P3,0,0.017413301393389702,0
23,P3,P3,Post_P3,0,0.03135423734784126,0
23,P3,P3,Post_P3,0,0.9003092646598816,1
23,P3,P3,Post_P3,0,0.40966418385505676,0
23,P3,P3,Post_P3,0,0.6468796133995056,1
23,P3,P3,Post_P3,0,0.037329938262701035,0
23,P3,P3,Post_P3,0,0.21168117225170135,0
23,P3,P3,Post_P3,0,0.7546458840370178,1
23,P3,P3,Post_P3,0,0.26972696185112,0
23,P3,P3,Post_P3,0,0.3171665370464325,0
23,P3,P3,Post_P3,0,0.07329908758401871,0
23,P3,P3,Post_P3,0,0.22515913844108582,0
23,P3,P3,Post_P3,0,0.44417229294776917,0
23,P3,P3,Post_P3,0,0.04886248707771301,0
23,P3,P3,Post_P3,0,0.47110751271247864,0
23,P3,P3,Post_P3,0,0.24353772401809692,0
23,P3,P3,Post_P3,0,0.5956552624702454,1
23,P3,P3,Post_P3,0,0.13756197690963745,0
23,P3,P3,Post_P3,0,0.5004361867904663,1
23,P3,P3,Post_P3,0,0.1650625318288803,0
23,P3,P3,Post_P3,0,0.6697114706039429,1
23,P3,P3,Post_P3,0,0.027802156284451485,0
23,P3,P3,Post_P3,0,0.007779479492455721,0
23,P3,P3,Post_P3,0,0.728695273399353,1
23,P3,P3,Post_P3,0,0.035536158829927444,0
23,P3,P3,Post_P3,0,0.8166019320487976,1
23,P3,P3,Post_P3,0,0.1979883760213852,0
23,P3,P3,Post_P3,0,0.4335644245147705,0
23,P3,P3,Post_P3,0,0.5211003422737122,1
23,P3,P3,Post_P3,0,0.4560077488422394,0
23,P3,P3,Post_P3,0,0.5622622966766357,1
23,P3,P3,Post_P3,0,0.8296902179718018,1
23,P3,P3,Post_P3,0,0.7013423442840576,1
23,P3,P3,Post_P3,0,0.3023252487182617,0
23,P3,P3,Post_P3,0,0.706667959690094,1
23,P3,P3,Post_P3,0,0.22334980964660645,0
23,P3,P3,Post_P3,0,0.07856103777885437,0
23,P3,P3,Post_P3,0,0.008253565058112144,0
23,P3,P3,Post_P3,0,0.042526718229055405,0
23,P3,P3,Post_P3,0,0.09620971232652664,0
23,P3,P3,Post_P3,0,0.6382582783699036,1
23,P3,P3,Post_P3,0,0.46849650144577026,0
23,P3,P3,Post_P3,0,0.38051679730415344,0
23,P3,P3,Post_P3,0,0.007818300276994705,0
23,P3,P3,Post_P3,0,0.8281655311584473,1
23,P3,P3,Post_P3,0,0.16238804161548615,0
23,P3,P3,Post_P3,0,0.28981536626815796,0
23,P3,P3,Post_P3,0,0.026902975514531136,0
23,P3,P3,Post_P3,0,0.7481915950775146,1
23,P3,P3,Post_P3,0,0.6609212160110474,1
23,P3,P3,Post_P3,0,0.4774070978164673,0
23,P3,P3,Post_P3,0,0.09806766360998154,0
23,P3,P3,Post_P3,0,0.48266690969467163,0
23,P3,P3,Post_P3,0,0.24047988653182983,0
23,P3,P3,Post_P3,0,0.05469954386353493,0
23,P3,P3,Post_P3,0,0.19240887463092804,0
23,P3,P3,Post_P3,0,0.11777744442224503,0
23,P3,P3,Post_P3,0,0.16289056837558746,0
23,P3,P3,Post_P3,0,0.6745949983596802,1
23,P3,P3,Post_P3,0,0.03237989917397499,0
23,P3,P3,Post_P3,0,0.6696823835372925,1
23,P3,P3,Post_P3,0,0.07465409487485886,0
23,P3,P3,Post_P3,0,0.8459789752960205,1
23,P3,P3,Post_P3,0,0.17172078788280487,0
23,P3,P3,Post_P3,0,0.07239540666341782,0
23,P3,P3,Post_P3,0,0.30134618282318115,0
23,P3,P3,Post_P3,0,0.13365350663661957,0
23,P3,P3,Post_P3,0,0.8620786666870117,1
23,P3,P3,Post_P3,0,0.6633089184761047,1
23,P3,P3,Post_P3,0,0.7288839817047119,1
23,P3,P3,Post_P3,0,0.22816140949726105,0
23,P3,P3,Post_P3,0,0.6153314113616943,1
23,P3,P3,Post_P3_2,0,0.5848484635353088,1
23,P3,P3,Post_P3_2,0,0.9582119584083557,1
23,P3,P3,Post_P3_2,0,0.4627534747123718,0
23,P3,P3,Post_P3_2,0,0.20043157041072845,0
23,P3,P3,Post_P3_2,0,0.7172984480857849,1
23,P3,P3,Post_P3_2,0,0.414170503616333,0
23,P3,P3,Post_P3_2,0,0.7221299409866333,1
23,P3,P3,Post_P3_2,0,0.7009707689285278,1
23,P3,P3,Post_P3_2,0,0.5647308230400085,1
23,P3,P3,Post_P3_2,0,0.9170824289321899,1
23,P3,P3,Post_P3_2,0,0.5081791281700134,1
23,P3,P3,Post_P3_2,0,0.537987232208252,1
23,P3,P3,Post_P3_2,0,0.41903600096702576,0
23,P3,P3,Post_P3_2,0,0.8661754727363586,1
23,P3,P3,Post_P3_2,0,0.4786713421344757,0
23,P3,P3,Post_P3_2,0,0.8430699110031128,1
23,P3,P3,Post_P3_2,0,0.38405120372772217,0
23,P3,P3,Post_P3_2,0,0.703046441078186,1
23,P3,P3,Post_P3_2,0,0.7346868515014648,1
23,P3,P3,Post_P3_2,0,0.41528353095054626,0
23,P3,P3,Post_P3_2,0,0.4667160212993622,0
23,P3,P3,Post_P3_2,0,0.8191540241241455,1
23,P3,P3,Post_P3_2,0,0.40638527274131775,0
23,P3,P3,Post_P3_2,0,0.34435710310935974,0
23,P3,P3,Post_P3_2,0,0.4220673441886902,0
23,P3,P3,Post_P3_2,0,0.25326988101005554,0
23,P3,P3,Post_P3_2,0,0.6485910415649414,1
23,P3,P3,Post_P3_2,0,0.5229239463806152,1
23,P3,P3,Post_P3_2,0,0.6754769086837769,1
23,P3,P3,Post_P3_2,0,0.904172420501709,1
23,P3,P3,Post_P3_2,0,0.08349545300006866,0
23,P3,P3,Post_P3_2,0,0.4821677505970001,0
23,P3,P3,Post_P3_2,0,0.49053192138671875,0
23,P3,P3,Post_P3_2,0,0.34956419467926025,0
23,P3,P3,Post_P3_2,0,0.1429227888584137,0
23,P3,P3,Post_P3_2,0,0.7900046706199646,1
23,P3,P3,Post_P3_2,0,0.8512540459632874,1
23,P3,P3,Post_P3_2,0,0.7960275411605835,1
23,P3,P3,Post_P3_2,0,0.30854538083076477,0
23,P3,P3,Post_P3_2,0,0.9139421582221985,1
23,P3,P3,Post_P3_2,0,0.9435825943946838,1
23,P3,P3,Post_P3_2,0,0.3429691195487976,0
23,P3,P3,Post_P3_2,0,0.7949943542480469,1
23,P3,P3,Post_P3_2,0,0.12930360436439514,0
23,P3,P3,Post_P3_2,0,0.06021049991250038,0
23,P3,P3,Post_P3_2,0,0.23030486702919006,0
23,P3,P3,Post_P3_2,0,0.12059478461742401,0
23,P3,P3,Post_P3_2,0,0.7286899089813232,1
23,P3,P3,Post_P3_2,0,0.6667708158493042,1
23,P3,P3,Post_P3_2,0,0.3799029290676117,0
23,P3,P3,Post_P3_2,0,0.13390226662158966,0
23,P3,P3,Post_P3_2,0,0.04376300051808357,0
23,P3,P3,Post_P3_2,0,0.5749654769897461,1
23,P3,P3,Post_P3_2,0,0.2036544382572174,0
23,P3,P3,Post_P3_2,0,0.49014773964881897,0
23,P3,P3,Post_P3_2,0,0.2352571189403534,0
23,P3,P3,Post_P3_2,0,0.4147084057331085,0
23,P3,P3,Post_P3_2,0,0.3451463580131531,0
23,P3,P3,Post_P3_2,0,0.7510296702384949,1
23,P3,P3,Post_P3_2,0,0.23692508041858673,0
23,P3,P3,Post_P3_2,0,0.24355067312717438,0
23,P3,P3,Post_P3_2,0,0.7969744801521301,1
23,P3,P3,Post_P3_2,0,0.37965452671051025,0
23,P3,P3,Post_P3_2,0,0.4925285875797272,0
23,P3,P3,Post_P3_2,0,0.2489173412322998,0
23,P3,P3,Post_P3_2,0,0.8243129849433899,1
23,P3,P3,Post_P3_2,0,0.5371076464653015,1
23,P3,P3,Post_P3_2,0,0.20112305879592896,0
23,P3,P3,Post_P3_2,0,0.09432414174079895,0
23,P3,P3,Post_P3_2,0,0.8622629642486572,1
23,P3,P3,Post_P3_2,0,0.044234901666641235,0
23,P3,P3,Post_P3_2,0,0.1931854635477066,0
23,P3,P3,Post_P3_2,0,0.5600292682647705,1
23,P3,P3,Post_P3_2,0,0.8132098913192749,1
23,P3,P3,Post_P3_2,0,0.2994750142097473,0
23,P3,P3,Post_P3_2,0,0.5004124045372009,1
23,P3,P3,Post_P3_2,0,0.675759494304657,1
23,P3,P3,Post_P3_2,0,0.6996368169784546,1
23,P3,P3,Post_P3_2,0,0.08988361805677414,0
23,P3,P3,Post_P3_2,0,0.4775296151638031,0
23,P3,P3,Post_P3_2,0,0.3923889100551605,0
23,P3,P3,Post_P3_2,0,0.831841230392456,1
23,P3,P3,Post_P3_2,0,0.19517973065376282,0
23,P3,P3,Post_P3_2,0,0.17121458053588867,0
23,P3,P3,Post_P3_2,0,0.36528730392456055,0
23,P3,P3,Post_P3_2,0,0.822422444820404,1
23,P3,P3,Post_P3_2,0,0.657319962978363,1
23,P3,P3,Post_P3_2,0,0.3616425395011902,0
23,P3,P3,Post_P3_2,0,0.11442751437425613,0
23,P3,P3,Post_P3_2,0,0.4091149866580963,0
23,P3,P3,Post_P3_2,0,0.11215478181838989,0
23,P3,P3,Post_P3_2,0,0.09553001821041107,0
23,P3,P3,Post_P3_2,0,0.7717579007148743,1
23,P3,P3,Post_P3_2,0,0.32005637884140015,0
23,P3,P3,Post_P3_2,0,0.7445566058158875,1
23,P3,P3,Post_P3_2,0,0.7252105474472046,1
23,P3,P3,Post_P3_2,0,0.42873919010162354,0
23,P3,P3,Post_P3_2,0,0.7147773504257202,1
23,P3,P3,Post_P3_2,0,0.8787919878959656,1
23,P3,P3,Post_P3_2,0,0.613976001739502,1
23,P3,P3,Post_P3_2,0,0.17751574516296387,0
23,P3,P3,Post_P3_2,0,0.6771933436393738,1
23,P3,P3,Post_P3_2,0,0.6273744106292725,1
23,P3,P3,Post_P3_2,0,0.875010073184967,1
23,P3,P3,Post_P3_2,0,0.8274034857749939,1
23,P3,P3,Post_P3_2,0,0.072700634598732,0
23,P3,P3,Post_P3_2,0,0.43444401025772095,0
23,P3,P3,Post_P3_2,0,0.2811039388179779,0
23,P3,P3,Post_P3_2,0,0.6486837267875671,1
23,P3,P3,Post_P3_2,0,0.49239611625671387,0
23,P3,P3,Post_P3_2,0,0.6510931253433228,1
23,P3,P3,Post_P3_2,0,0.8431987166404724,1
23,P3,P3,Post_P3_2,0,0.6963006854057312,1
23,P3,P3,Post_P3_2,0,0.2781820595264435,0
23,P3,P3,Post_P3_2,0,0.9399484992027283,1
23,P3,P3,Post_P3_2,0,0.647333562374115,1
23,P3,P3,Post_P3_2,0,0.3997844457626343,0
23,P3,P3,Post_P3_2,0,0.7260140776634216,1
23,P3,P3,Post_P3_2,0,0.1339455395936966,0
23,P3,P3,Post_P3_2,0,0.850520133972168,1
23,P3,P3,Post_P3_2,0,0.8768559098243713,1
23,P3,P3,Post_P3_2,0,0.09185434877872467,0
23,P3,P3,Post_P3_2,0,0.5301497578620911,1
23,P3,P3,Post_P3_2,0,0.9222211837768555,1
23,P3,P3,Post_P3_2,0,0.8939403891563416,1
23,P3,P3,Post_P3_2,0,0.39978718757629395,0
23,P3,P3,Post_P3_2,0,0.9034866690635681,1
23,P3,P3,Post_P3_2,0,0.2014695107936859,0
23,P3,P3,Post_P3_2,0,0.38927462697029114,0
23,P3,P3,Post_P3_2,0,0.8342227935791016,1
23,P3,P3,Post_P3_2,0,0.6521927714347839,1
23,P3,P3,Post_P3_2,0,0.11540697515010834,0
23,P3,P3,Post_P3_2,0,0.37357938289642334,0
23,P3,P3,Post_P3_2,0,0.33240199089050293,0
23,P3,P3,Post_P3_2,0,0.5967751145362854,1
23,P3,P3,Post_P3_2,0,0.3158813714981079,0
23,P3,P3,Post_P3_2,0,0.9178431034088135,1
23,P3,P3,Post_P3_2,0,0.9014649391174316,1
23,P3,P3,Post_P3_2,0,0.30533069372177124,0
23,P3,P3,Post_P3_2,0,0.5798628926277161,1
23,P3,P3,Post_P3_2,0,0.9643099904060364,1
23,P3,P3,Post_P3_2,0,0.953606367111206,1
23,P3,P3,Post_P3_2,0,0.3192690908908844,0
23,P3,P3,Post_P3_2,0,0.6255723237991333,1
23,P3,P3,Post_P3_2,0,0.7705443501472473,1
23,P3,P3,Post_P3_2,0,0.668475866317749,1
23,P3,P3,Post_P3_2,0,0.80067378282547,1
23,P3,P3,Post_P3_2,0,0.253959059715271,0
23,P3,P3,Post_P3_2,0,0.4699631333351135,0
23,P3,P3,Post_P3_2,0,0.5464410781860352,1
23,P3,P3,Post_P3_2,0,0.3381953239440918,0
23,P3,P3,Post_P3_2,0,0.883512556552887,1
23,P3,P3,Post_P3_2,0,0.3447475731372833,0
23,P3,P3,Post_P3_2,0,0.4301656186580658,0
23,P3,P3,Post_P3_2,0,0.4894813001155853,0
23,P3,P3,Post_P3_2,0,0.1502416580915451,0
23,P3,P3,Post_P3_2,0,0.008374637924134731,0
23,P3,P3,Post_P3_2,0,0.00984625332057476,0
23,P3,P3,Post_P3_2,0,0.3231569826602936,0
23,P3,P3,Post_P3_2,0,0.23954899609088898,0
23,P3,P3,Post_P3_2,0,0.9492344856262207,1
23,P3,P3,Post_P3_2,0,0.9243268370628357,1
23,P3,P3,Post_P3_2,0,0.866958498954773,1
23,P3,P3,Post_P3_2,0,0.336841344833374,0
23,P3,P3,Post_P3_2,0,0.23979531228542328,0
23,P3,P3,Post_P3_2,0,0.2852162718772888,0
23,P3,P3,Post_P3_2,0,0.8100643157958984,1
23,P3,P3,Post_P3_2,0,0.8808764219284058,1
23,P3,P3,Post_P3_2,0,0.9051201343536377,1
23,P3,P3,Post_P3_2,0,0.04329334571957588,0
23,P3,P3,Post_P3_2,0,0.5342544913291931,1
23,P3,P3,Post_P3_2,0,0.6081213355064392,1
23,P3,P3,Post_P3_2,0,0.6955835223197937,1
23,P3,P3,Post_P3_2,0,0.06448401510715485,0
23,P3,P3,Post_P3_2,0,0.9523175358772278,1
23,P3,P3,Post_P3_2,0,0.7576974630355835,1
23,P3,P3,Post_P3_2,0,0.5712191462516785,1
23,P3,P3,Post_P3_2,0,0.43316563963890076,0
23,P3,P3,Post_P3_2,0,0.8473116159439087,1
23,P3,P3,Post_P3_2,0,0.7590215802192688,1
23,P3,P3,Post_P3_2,0,0.4585781693458557,0
23,P3,P3,Post_P3_2,0,0.21731723845005035,0
23,P3,P3,Post_P3_2,0,0.5967661142349243,1
23,P3,P3,Post_P3_2,0,0.5896731615066528,1
23,P3,P3,Post_P3_2,0,0.3295919597148895,0
23,P3,P3,Post_P3_2,0,0.15160150825977325,0
23,P3,P3,Post_P3_2,0,0.9662554860115051,1
23,P3,P3,Post_P3_2,0,0.20965956151485443,0
23,P3,P3,Post_P3_2,0,0.3896993100643158,0
23,P3,P3,Post_P3_2,0,0.14339087903499603,0
23,P3,P3,Post_P3_2,0,0.5874882936477661,1
23,P3,P3,Post_P3_2,0,0.822191596031189,1
23,P3,P3,Post_P3_2,0,0.676272988319397,1
23,P3,P3,Post_P3_2,0,0.5599157214164734,1
23,P3,P3,Post_P3_2,0,0.025511523708701134,0
23,P3,P3,Post_P3_2,0,0.6879295110702515,1
23,P3,P3,Post_P3_2,0,0.8682418465614319,1
23,P3,P3,Post_P3_2,0,0.8469679951667786,1
23,P3,P3,Post_P3_2,0,0.8346046209335327,1
23,P3,P3,Post_P3_2,0,0.2514716386795044,0
23,P3,P3,Post_P3_2,0,0.4916473925113678,0
23,P3,P3,Post_P3_2,0,0.33169811964035034,0
23,P3,P3,Post_P3_2,0,0.6047488451004028,1
23,P3,P3,Post_P3_2,0,0.8147751688957214,1
23,P3,P3,Post_P3_2,0,0.8243129849433899,1
23,P3,P3,Post_P3_2,0,0.009517176076769829,0
23,P3,P3,Post_P3_2,0,0.47274529933929443,0
23,P3,P3,Post_P3_2,0,0.8293884992599487,1
23,P3,P3,Post_P3_2,0,0.382605642080307,0
23,P3,P3,Post_P3_2,0,0.8132098913192749,1
23,P3,P3,Post_P3_2,0,0.08211874216794968,0
23,P3,P3,Post_P3_2,0,0.8243695497512817,1
23,P3,P3,Post_P3_2,0,0.35162055492401123,0
23,P3,P3,Post_P3_2,0,0.7342563271522522,1
23,P3,P3,Post_P3_2,0,0.8153828382492065,1
23,P3,P3,Post_P3_2,0,0.15313512086868286,0
23,P3,P3,Post_P3_2,0,0.8941640257835388,1
23,P3,P3,Post_P3_2,0,0.7695874571800232,1
23,P3,P3,Post_P3_2,0,0.5706698894500732,1
23,P3,P3,Post_P3_2,0,0.6415918469429016,1
23,P3,P3,Post_P3_2,0,0.8057261109352112,1
23,P3,P3,Post_P3_2,0,0.7952542901039124,1
23,P3,P3,Post_P3_2,0,0.3300962448120117,0
23,P3,P3,Post_P3_2,0,0.6395512223243713,1
23,P3,P3,Post_P3_2,0,0.5059086084365845,1
23,P3,P3,Post_P3_2,0,0.09650911390781403,0
23,P3,P3,Post_P3_2,0,0.46857911348342896,0
23,P3,P3,Post_P3_2,0,0.41434746980667114,0
23,P3,P3,Post_P3_2,0,0.30999597907066345,0
23,P3,P3,Post_P3_2,0,0.7680763006210327,1
23,P3,P3,Post_P3_2,0,0.9277144074440002,1
23,P3,P3,Post_P3_2,0,0.5863686800003052,1
23,P3,P3,Post_P3_2,0,0.9511809945106506,1
23,P3,P3,Post_P3_2,0,0.2600059509277344,0
23,P3,P3,Post_P3_2,0,0.7969451546669006,1
23,P3,P3,Post_P3_2,0,0.08911032974720001,0
23,P3,P3,Post_P3_2,0,0.8906621336936951,1
23,P3,P3,Post_P3_2,0,0.7249531745910645,1
23,P3,P3,Post_P3_2,0,0.2782392203807831,0
23,P3,P3,Post_P3_2,0,0.2622826099395752,0
23,P3,P3,Post_P3_2,0,0.8100695013999939,1
23,P3,P3,Post_P3_2,0,0.7239789962768555,1
23,P3,P3,Post_P3_2,0,0.894524097442627,1
23,P3,P3,Post_P3_2,0,0.7592359781265259,1
23,P3,P3,Post_P3_2,0,0.7137687802314758,1
23,P3,P3,Post_P3_2,0,0.7098344564437866,1
23,P3,P3,Post_P3_2,0,0.9618790745735168,1
23,P3,P3,Post_P3_2,0,0.6143437027931213,1
23,P3,P3,Post_P3_2,0,0.005405020900070667,0
23,P3,P3,Post_P3_2,0,0.4188021421432495,0
23,P3,P3,Post_P3_2,0,0.8618124127388,1
23,P3,P3,Post_P3_2,0,0.48397091031074524,0
23,P3,P3,Post_P3_2,0,0.47909092903137207,0
23,P3,P3,Post_P3_2,0,0.5774104595184326,1
23,P3,P3,Post_P3_2,0,0.7836868166923523,1
23,P3,P3,Post_P3_2,0,0.9222211837768555,1
23,P3,P3,Post_P3_2,0,0.2973976135253906,0
23,P3,P3,Post_P3_2,0,0.6469312906265259,1
23,P3,P3,Post_P3_2,0,0.9442697167396545,1
23,P3,P3,Post_P3_2,0,0.9535402059555054,1
23,P3,P3,Post_P3_2,0,0.5420557260513306,1
23,P3,P3,Post_P3_2,0,0.6263651847839355,1
23,P3,P3,Post_P3_2,0,0.43954578042030334,0
23,P3,P3,Post_P3_2,0,0.20737755298614502,0
23,P3,P3,Post_P3_2,0,0.8682211637496948,1
23,P3,P3,Post_P3_2,0,0.2751840353012085,0
23,P3,P3,Post_P3_2,0,0.8897513747215271,1
23,P3,P3,Post_P3_2,0,0.3381401598453522,0
23,P3,P3,Post_P3_2,0,0.3913533389568329,0
23,P3,P3,Post_P3_2,0,0.924505889415741,1
23,P3,P3,Post_P3_2,0,0.9749846458435059,1
23,P3,P3,Post_P3_2,0,0.36809128522872925,0
23,P3,P3,Post_P3_2,0,0.14039240777492523,0
23,P3,P3,Post_P3_2,0,0.9018973708152771,1
23,P3,P3,Post_P3_2,0,0.785010576248169,1
23,P3,P3,Post_P3_2,0,0.6753000617027283,1
23,P3,P3,Post_P3_2,0,0.6887159943580627,1
23,P3,P3,Post_P3_2,0,0.3488926887512207,0
23,P3,P3,Post_P3_2,0,0.8010336756706238,1
23,P3,P3,Post_P3_2,0,0.7770199775695801,1
23,P3,P3,Post_P3_2,0,0.8453075289726257,1
23,P3,P3,Post_P3_2,0,0.6852738261222839,1
23,P3,P3,Post_P3_2,0,0.9153067469596863,1
23,P3,P3,Post_P3_2,0,0.8134115934371948,1
23,P3,P3,Post_P3_2,0,0.5447109341621399,1
23,P3,P3,Post_P3_2,0,0.7766246795654297,1
23,P3,P3,Post_P3_2,0,0.4221706986427307,0
23,P3,P3,Post_P3_2,0,0.6127057075500488,1
23,P3,P3,Post_P3_2,0,0.4134123921394348,0
23,P3,P3,Post_P3_2,0,0.3973274230957031,0
23,P3,P3,Post_P3_2,0,0.24892127513885498,0
23,P3,P3,Post_P3_2,0,0.8206681609153748,1
23,P3,P3,Post_P3_2,0,0.6893320083618164,1
23,P3,P3,Post_P3_2,0,0.8617460131645203,1
23,P3,P3,Post_P3_2,0,0.4487963020801544,0
23,P3,P3,Post_P3_2,0,0.9454772472381592,1
23,P3,P3,Post_P3_2,0,0.29554247856140137,0
23,P3,P3,Post_P3_2,0,0.0286684799939394,0
23,P3,P3,Post_P3_2,0,0.8203511238098145,1
23,P3,P3,Post_P3_2,0,0.5205861330032349,1
23,P3,P3,Post_P3_2,0,0.46330884099006653,0
23,P3,P3,Post_P3_2,0,0.5021477341651917,1
23,P3,P3,Post_P3_2,0,0.5967822074890137,1
23,P3,P3,Post_P3_2,0,0.08483056724071503,0
23,P3,P3,Post_P3_2,0,0.8346054553985596,1
23,P3,P3,Post_P3_2,0,0.8743650913238525,1
23,P3,P3,Post_P3_2,0,0.8467397689819336,1
23,P3,P3,Post_P3_2,0,0.3672216832637787,0
23,P3,P3,Post_P3_2,0,0.8908994197845459,1
23,P3,P3,Post_P3_2,0,0.8269591331481934,1
23,P3,P3,Post_P3_2,0,0.7800673842430115,1
23,P3,P3,Post_P3_2,0,0.3107353448867798,0
23,P3,P3,Post_P3_2,0,0.13816027343273163,0
23,P3,P3,Post_P3_2,0,0.5139414072036743,1
23,P3,P3,Post_P3_2,0,0.37530961632728577,0
23,P3,P3,Post_P3_2,0,0.06730794161558151,0
23,P3,P3,Post_P3_2,0,0.09120943397283554,0
23,P3,P3,Post_P3_2,0,0.3089008331298828,0
23,P3,P3,Post_P3_2,0,0.802645742893219,1
23,P3,P3,Post_P3_2,0,0.7628516554832458,1
23,P3,P3,Post_P3_2,0,0.6002740859985352,1
23,P3,P3,Post_P3_2,0,0.7247986793518066,1
23,P3,P3,Post_P3_2,0,0.2718990445137024,0
23,P3,P3,Post_P3_2,0,0.8092989921569824,1
23,P3,P3,Post_P3_2,0,0.08911032974720001,0
23,P3,P3,Post_P3_2,0,0.3693936765193939,0
23,P3,P3,Post_P3_2,0,0.6441038250923157,1
23,P3,P3,Post_P3_2,0,0.04665646702051163,0
23,P3,P3,Post_P3_2,0,0.545220136642456,1
23,P3,P3,Post_P3_2,0,0.7183322906494141,1
23,P3,P3,Post_P3_2,0,0.17391200363636017,0
23,P3,P3,Post_P3_2,0,0.21001139283180237,0
23,P3,P3,Post_P3_2,0,0.5429625511169434,1
23,P3,P3,Post_P3_2,0,0.10707690566778183,0
23,P3,P3,Post_P3_2,0,0.5658986568450928,1
23,P3,P3,Post_P3_2,0,0.9425218105316162,1
23,P3,P3,Post_P3_2,0,0.8538508415222168,1
23,P3,P3,Post_P3_2,0,0.3463631570339203,0
23,P3,P3,Post_P3_2,0,0.9329882860183716,1
23,P3,P3,Post_P3_2,0,0.6265080571174622,1
23,P3,P3,Post_P3_2,0,0.654723048210144,1
23,P3,P3,Post_P3_2,0,0.3508093059062958,0
23,P3,P3,Post_P3_2,0,0.9190689325332642,1
23,P3,P3,Post_P3_2,0,0.574812650680542,1
23,P3,P3,Post_P3_2,0,0.657497763633728,1
23,P3,P3,Post_P3_2,0,0.5742855072021484,1
23,P3,P3,Post_P3_2,0,0.6272380948066711,1
23,P3,P3,Post_P3_2,0,0.7858959436416626,1
23,P3,P3,Post_P3_2,0,0.308441698551178,0
23,P3,P3,Post_P3_2,0,0.4546477794647217,0
23,P3,P3,Post_P3_2,0,0.25629723072052,0
23,P3,P3,Post_P3_2,0,0.7716594934463501,1
23,P3,P3,Post_P3_2,0,0.23322072625160217,0
23,P3,P3,Post_P3_2,0,0.8696078658103943,1
23,P3,P3,Post_P3_2,0,0.8641433119773865,1
23,P3,P3,Post_P3_2,0,0.6449939608573914,1
23,P3,P3,Post_P3_2,0,0.6732058525085449,1
23,P3,P3,Post_P3_2,0,0.3631187379360199,0
24,P30,P30,Post_P30,0,0.5508900880813599,1
24,P30,P30,Post_P30,0,0.3739253580570221,0
24,P30,P30,Post_P30,0,0.4740729033946991,0
24,P30,P30,Post_P30,0,0.45015451312065125,0
24,P30,P30,Post_P30,0,0.35974809527397156,0
24,P30,P30,Post_P30,0,0.4466419816017151,0
24,P30,P30,Post_P30,0,0.5794909596443176,1
24,P30,P30,Post_P30,0,0.5359612703323364,1
24,P30,P30,Post_P30,0,0.5337861776351929,1
24,P30,P30,Post_P30,0,0.5532842874526978,1
24,P30,P30,Post_P30,0,0.5393620729446411,1
24,P30,P30,Post_P30,0,0.3847132921218872,0
24,P30,P30,Post_P30,0,0.38377445936203003,0
24,P30,P30,Post_P30,0,0.5529447793960571,1
24,P30,P30,Post_P30,0,0.4452136158943176,0
24,P30,P30,Post_P30,0,0.5623441338539124,1
24,P30,P30,Post_P30,0,0.509548008441925,1
24,P30,P30,Post_P30,0,0.5857057571411133,1
24,P30,P30,Post_P30,0,0.4983561635017395,0
24,P30,P30,Post_P30,0,0.36455628275871277,0
24,P30,P30,Post_P30,0,0.48482921719551086,0
24,P30,P30,Post_P30,0,0.4641380310058594,0
24,P30,P30,Post_P30,0,0.48983147740364075,0
24,P30,P30,Post_P30,0,0.3534625172615051,0
24,P30,P30,Post_P30,0,0.5111307501792908,1
24,P30,P30,Post_P30,0,0.518686056137085,1
24,P30,P30,Post_P30,0,0.4792829155921936,0
24,P30,P30,Post_P30,0,0.4846973121166229,0
24,P30,P30,Post_P30,0,0.3666781783103943,0
24,P30,P30,Post_P30,0,0.427165150642395,0
24,P30,P30,Post_P30,0,0.46554815769195557,0
24,P30,P30,Post_P30,0,0.4280625283718109,0
24,P30,P30,Post_P30,0,0.5945159196853638,1
24,P30,P30,Post_P30,0,0.5095732808113098,1
24,P30,P30,Post_P30,0,0.4247598946094513,0
24,P30,P30,Post_P30,0,0.5012534260749817,1
24,P30,P30,Post_P30,0,0.3764355480670929,0
24,P30,P30,Post_P30,0,0.422210156917572,0
24,P30,P30,Post_P30,0,0.5736322402954102,1
24,P30,P30,Post_P30,0,0.5478503704071045,1
24,P30,P30,Post_P30,0,0.45123040676116943,0
24,P30,P30,Post_P30,0,0.5627819895744324,1
24,P30,P30,Post_P30,0,0.4071878492832184,0
24,P30,P30,Post_P30,0,0.46462780237197876,0
24,P30,P30,Post_P30,0,0.4612198770046234,0
24,P30,P30,Post_P30,0,0.4399690330028534,0
24,P30,P30,Post_P30,0,0.4012352526187897,0
24,P30,P30,Post_P30,0,0.5087847709655762,1
24,P30,P30,Post_P30,0,0.48106878995895386,0
24,P30,P30,Post_P30,0,0.4807315468788147,0
24,P30,P30,Post_P30,0,0.474414587020874,0
24,P30,P30,Post_P30,0,0.42308586835861206,0
24,P30,P30,Post_P30,0,0.4926898181438446,0
24,P30,P30,Post_P30,0,0.3560827672481537,0
24,P30,P30,Post_P30,0,0.37827134132385254,0
24,P30,P30,Post_P30,0,0.5083017349243164,1
24,P30,P30,Post_P30,0,0.4849666655063629,0
24,P30,P30,Post_P30,0,0.5429818034172058,1
24,P30,P30,Post_P30,0,0.5971179604530334,1
24,P30,P30,Post_P30,0,0.3792469799518585,0
24,P30,P30,Post_P30,0,0.47144556045532227,0
24,P30,P30,Post_P30,0,0.5832954049110413,1
24,P30,P30,Post_P30,0,0.5866984724998474,1
24,P30,P30,Post_P30,0,0.5430389046669006,1
24,P30,P30,Post_P30,0,0.5055808424949646,1
24,P30,P30,Post_P30,0,0.596363365650177,1
24,P30,P30,Post_P30,0,0.3541776239871979,0
24,P30,P30,Post_P30,0,0.4700458347797394,0
24,P30,P30,Post_P30,0,0.3911365866661072,0
24,P30,P30,Post_P30,0,0.56919264793396,1
24,P30,P30,Post_P30,0,0.46103087067604065,0
24,P30,P30,Post_P30,0,0.5387449264526367,1
24,P30,P30,Post_P30,0,0.40504026412963867,0
24,P30,P30,Post_P30,0,0.4880385100841522,0
24,P30,P30,Post_P30,0,0.4881722927093506,0
24,P30,P30,Post_P30,0,0.5866984724998474,1
24,P30,P30,Post_P30,0,0.4987933039665222,0
24,P30,P30,Post_P30,0,0.5095129609107971,1
24,P30,P30,Post_P30,0,0.5607156753540039,1
24,P30,P30,Post_P30,0,0.4883284568786621,0
24,P30,P30,Post_P30,0,0.5613017082214355,1
24,P30,P30,Post_P30,0,0.4956820607185364,0
24,P30,P30,Post_P30,0,0.51448655128479,1
24,P30,P30,Post_P30,0,0.4861122667789459,0
24,P30,P30,Post_P30,0,0.41270649433135986,0
24,P30,P30,Post_P30,0,0.5536853075027466,1
24,P30,P30,Post_P30,0,0.5455725789070129,1
24,P30,P30,Post_P30,0,0.3945961594581604,0
24,P30,P30,Post_P30,0,0.3591441810131073,0
24,P30,P30,Post_P30,0,0.44985198974609375,0
24,P30,P30,Post_P30,0,0.4492458701133728,0
24,P30,P30,Post_P30,0,0.4831526279449463,0
24,P30,P30,Post_P30,0,0.3497334420681,0
24,P30,P30,Post_P30,0,0.4800235331058502,0
24,P30,P30,Post_P30,0,0.40205055475234985,0
24,P30,P30,Post_P30,0,0.4854736626148224,0
24,P30,P30,Post_P30,0,0.5970252156257629,1
24,P30,P30,Post_P30,0,0.468257337808609,0
24,P30,P30,Post_P30,0,0.424452006816864,0
24,P30,P30,Post_P30,0,0.5271579027175903,1
24,P30,P30,Post_P30,0,0.5866984724998474,1
24,P30,P30,Post_P30,0,0.4304744005203247,0
24,P30,P30,Post_P30,0,0.49435755610466003,0
24,P30,P30,Post_P30,0,0.35801196098327637,0
24,P30,P30,Post_P30,0,0.5596410036087036,1
24,P30,P30,Post_P30,0,0.48315954208374023,0
24,P30,P30,Post_P30,0,0.380124032497406,0
24,P30,P30,Post_P30,0,0.4944586753845215,0
24,P30,P30,Post_P30,0,0.5889329314231873,1
24,P30,P30,Post_P30,0,0.44634073972702026,0
24,P30,P30,Post_P30,0,0.5448674559593201,1
24,P30,P30,Post_P30,0,0.49479907751083374,0
24,P30,P30,Post_P30,0,0.5781590342521667,1
24,P30,P30,Post_P30,0,0.369451642036438,0
24,P30,P30,Post_P30,0,0.5742665529251099,1
24,P30,P30,Post_P30,0,0.3723357915878296,0
24,P30,P30,Post_P30,0,0.39896857738494873,0
24,P30,P30,Post_P30,0,0.5573821663856506,1
24,P30,P30,Post_P30,0,0.3633348345756531,0
24,P30,P30,Post_P30,0,0.5174068808555603,1
24,P30,P30,Post_P30,0,0.4778019189834595,0
24,P30,P30,Post_P30,0,0.5832691788673401,1
24,P30,P30,Post_P30,0,0.41173186898231506,0
24,P30,P30,Post_P30,0,0.5482276082038879,1
24,P30,P30,Post_P30,0,0.5671808123588562,1
24,P30,P30,Post_P30,0,0.38849925994873047,0
24,P30,P30,Post_P30,0,0.5684852600097656,1
24,P30,P30,Post_P30,0,0.46264010667800903,0
24,P30,P30,Post_P30,0,0.507825493812561,1
24,P30,P30,Post_P30,0,0.5090424418449402,1
24,P30,P30,Post_P30,0,0.55036461353302,1
24,P30,P30,Post_P30,0,0.5193617343902588,1
24,P30,P30,Post_P30,0,0.42120733857154846,0
24,P30,P30,Post_P30,0,0.4766879677772522,0
24,P30,P30,Post_P30,0,0.5139214396476746,1
24,P30,P30,Post_P30,0,0.43326154351234436,0
24,P30,P30,Post_P30,0,0.4974493682384491,0
24,P30,P30,Post_P30,0,0.46676936745643616,0
24,P30,P30,Post_P30,0,0.3893221616744995,0
24,P30,P30,Post_P30,0,0.4398341178894043,0
24,P30,P30,Post_P30,0,0.44793492555618286,0
24,P30,P30,Post_P30,0,0.5263221859931946,1
24,P30,P30,Post_P30,0,0.4850936532020569,0
24,P30,P30,Post_P30,0,0.36024320125579834,0
24,P30,P30,Post_P30,0,0.5170187950134277,1
24,P30,P30,Post_P30,0,0.5401830673217773,1
24,P30,P30,Post_P30,0,0.5734231472015381,1
24,P30,P30,Post_P30,0,0.5058163404464722,1
24,P30,P30,Post_P30,0,0.5685378909111023,1
24,P30,P30,Post_P30,0,0.561726987361908,1
24,P30,P30,Post_P30,0,0.34888941049575806,0
24,P30,P30,Post_P30,0,0.4613174796104431,0
24,P30,P30,Post_P30,0,0.39043280482292175,0
24,P30,P30,Post_P30,0,0.5184674859046936,1
24,P30,P30,Post_P30,0,0.5728015899658203,1
24,P30,P30,Post_P30,0,0.47918757796287537,0
24,P30,P30,Post_P30,0,0.5039217472076416,1
24,P30,P30,Post_P30,0,0.5852425694465637,1
24,P30,P30,Post_P30,0,0.5653331875801086,1
24,P30,P30,Post_P30,0,0.5230132341384888,1
24,P30,P30,Post_P30,0,0.3858356177806854,0
24,P30,P30,Post_P30,0,0.5852884650230408,1
24,P30,P30,Post_P30,0,0.5960900783538818,1
24,P30,P30,Post_P30,0,0.4759818911552429,0
24,P30,P30,Post_P30,0,0.4394073188304901,0
24,P30,P30,Post_P30,0,0.48387253284454346,0
24,P30,P30,Post_P30,0,0.5483282804489136,1
24,P30,P30,Post_P30,0,0.3579050302505493,0
24,P30,P30,Post_P30,0,0.37423327565193176,0
24,P30,P30,Post_P30,0,0.5069221258163452,1
24,P30,P30,Post_P30,0,0.4463269114494324,0
24,P30,P30,Post_P30,0,0.4536501467227936,0
24,P30,P30,Post_P30,0,0.546044647693634,1
24,P30,P30,Post_P30,0,0.4254932105541229,0
24,P30,P30,Post_P30,0,0.5247027277946472,1
24,P30,P30,Post_P30,0,0.4708235263824463,0
24,P30,P30,Post_P30,0,0.4734349250793457,0
24,P30,P30,Post_P30,0,0.39656299352645874,0
24,P30,P30,Post_P30,0,0.5866984724998474,1
24,P30,P30,Post_P30,0,0.4061664342880249,0
24,P30,P30,Post_P30,0,0.36458855867385864,0
24,P30,P30,Post_P30,0,0.3495612144470215,0
24,P30,P30,Post_P30,0,0.47033777832984924,0
24,P30,P30,Post_P30,0,0.5058436393737793,1
24,P30,P30,Post_P30,0,0.45712780952453613,0
24,P30,P30,Post_P30,0,0.5625782012939453,1
24,P30,P30,Post_P30,0,0.5025923252105713,1
24,P30,P30,Post_P30,0,0.496297687292099,0
24,P30,P30,Post_P30,0,0.3550597131252289,0
24,P30,P30,Post_P30,0,0.4890829026699066,0
24,P30,P30,Post_P30,0,0.5793911218643188,1
24,P30,P30,Post_P30,0,0.4461558163166046,0
24,P30,P30,Post_P30,0,0.44362199306488037,0
24,P30,P30,Post_P30,0,0.4887460768222809,0
24,P30,P30,Post_P30,0,0.3731994926929474,0
24,P30,P30,Post_P30,0,0.4532412886619568,0
24,P30,P30,Post_P30,0,0.4077231287956238,0
24,P30,P30,Post_P30,0,0.5192813277244568,1
24,P30,P30,Post_P30,0,0.35762524604797363,0
24,P30,P30,Post_P30,0,0.524493932723999,1
24,P30,P30,Post_P30,0,0.4820992648601532,0
24,P30,P30,Post_P30,0,0.4769032597541809,0
24,P30,P30,Post_P30,0,0.40558871626853943,0
24,P30,P30,Post_P30,0,0.44001471996307373,0
24,P30,P30,Post_P30,0,0.5866984724998474,1
24,P30,P30,Post_P30,0,0.355400025844574,0
24,P30,P30,Post_P30,0,0.4967312216758728,0
24,P30,P30,Post_P30,0,0.44253432750701904,0
24,P30,P30,Post_P30,0,0.5274178981781006,1
24,P30,P30,Post_P30,0,0.5044004917144775,1
24,P30,P30,Post_P30,0,0.5044316053390503,1
24,P30,P30,Post_P30,0,0.44309374690055847,0
24,P30,P30,Post_P30,0,0.5035306811332703,1
24,P30,P30,Post_P30,0,0.5542276501655579,1
24,P30,P30,Post_P30,0,0.3658634126186371,0
24,P30,P30,Post_P30,0,0.3794420659542084,0
24,P30,P30,Post_P30,0,0.5055713653564453,1
24,P30,P30,Post_P30,0,0.5078153014183044,1
24,P30,P30,Post_P30,0,0.5639961361885071,1
24,P30,P30,Post_P30,0,0.5208736658096313,1
24,P30,P30,Post_P30,0,0.4192741811275482,0
24,P30,P30,Post_P30,0,0.46034836769104004,0
24,P30,P30,Post_P30,0,0.5195965766906738,1
24,P30,P30,Post_P30,0,0.39860057830810547,0
24,P30,P30,Post_P30,0,0.4415662884712219,0
24,P30,P30,Post_P30,0,0.533669114112854,1
24,P30,P30,Post_P30,0,0.4030103385448456,0
24,P30,P30,Post_P30,0,0.47840529680252075,0
24,P30,P30,Post_P30,0,0.37545034289360046,0
24,P30,P30,Post_P30,0,0.35489603877067566,0
24,P30,P30,Post_P30,0,0.5140591263771057,1
24,P30,P30,Post_P30,0,0.5604482889175415,1
24,P30,P30,Post_P30,0,0.5111209154129028,1
24,P30,P30,Post_P30,0,0.5028755068778992,1
24,P30,P30,Post_P30,0,0.5032673478126526,1
24,P30,P30,Post_P30,0,0.5322450399398804,1
24,P30,P30,Post_P30,0,0.5816648006439209,1
24,P30,P30,Post_P30,0,0.4961889386177063,0
24,P30,P30,Post_P30,0,0.5580641627311707,1
24,P30,P30,Post_P30,0,0.41019365191459656,0
24,P30,P30,Post_P30,0,0.4122401773929596,0
24,P30,P30,Post_P30,0,0.42616456747055054,0
24,P30,P30,Post_P30,0,0.38019895553588867,0
24,P30,P30,Post_P30,0,0.5801821947097778,1
24,P30,P30,Post_P30,0,0.42824453115463257,0
24,P30,P30,Post_P30,0,0.5424732565879822,1
24,P30,P30,Post_P30,0,0.5183992981910706,1
24,P30,P30,Post_P30,0,0.5210911631584167,1
24,P30,P30,Post_P30,0,0.5837571620941162,1
24,P30,P30,Post_P30,0,0.5866984724998474,1
24,P30,P30,Post_P30,0,0.5995386242866516,1
24,P30,P30,Post_P30,0,0.5058423280715942,1
24,P30,P30,Post_P30,0,0.48803943395614624,0
24,P30,P30,Post_P30,0,0.4641129672527313,0
24,P30,P30,Post_P30,0,0.5409795641899109,1
24,P30,P30,Post_P30,0,0.5092310309410095,1
24,P30,P30,Post_P30,0,0.40199005603790283,0
24,P30,P30,Post_P30,0,0.5866984724998474,1
24,P30,P30,Post_P30,0,0.5253530740737915,1
24,P30,P30,Post_P30,0,0.5499668717384338,1
24,P30,P30,Post_P30,0,0.4949483275413513,0
24,P30,P30,Post_P30,0,0.4250103533267975,0
24,P30,P30,Post_P30,0,0.5406608581542969,1
24,P30,P30,Post_P30,0,0.5068233609199524,1
24,P30,P30,Post_P30,0,0.41310063004493713,0
24,P30,P30,Post_P30,0,0.5843873620033264,1
24,P30,P30,Post_P30,0,0.5140842199325562,1
24,P30,P30,Post_P30,0,0.522991955280304,1
24,P30,P30,Post_P30,0,0.4124258756637573,0
24,P30,P30,Post_P30,0,0.472940057516098,0
24,P30,P30,Post_P30,0,0.5443794131278992,1
24,P30,P30,Post_P30,0,0.4629296660423279,0
24,P30,P30,Post_P30,0,0.4876320958137512,0
24,P30,P30,Post_P30,0,0.3726085126399994,0
24,P30,P30,Post_P30,0,0.34983450174331665,0
24,P30,P30,Post_P30,0,0.37101566791534424,0
24,P30,P30,Post_P30,0,0.5038270354270935,1
24,P30,P30,Post_P30,0,0.3909163773059845,0
24,P30,P30,Post_P30,0,0.5628039240837097,1
24,P30,P30,Post_P30,0,0.48572540283203125,0
24,P30,P30,Post_P30,0,0.4636504054069519,0
24,P30,P30,Post_P30,0,0.5482276082038879,1
24,P30,P30,Post_P30,0,0.3471973240375519,0
24,P30,P30,Post_P30,0,0.45762303471565247,0
24,P30,P30,Post_P30,0,0.3880314528942108,0
24,P30,P30,Post_P30,0,0.5102111101150513,1
24,P30,P30,Post_P30,0,0.5398613214492798,1
24,P30,P30,Post_P30,0,0.5435571670532227,1
24,P30,P30,Post_P30,0,0.540992259979248,1
24,P30,P30,Post_P30,0,0.43355196714401245,0
24,P30,P30,Post_P30,0,0.49836403131484985,0
24,P30,P30,Post_P30,0,0.5159485936164856,1
24,P30,P30,Post_P30,0,0.4475644826889038,0
24,P30,P30,Post_P30,0,0.5866984724998474,1
24,P30,P30,Post_P30,0,0.4721410870552063,0
24,P30,P30,Post_P30,0,0.47306132316589355,0
24,P30,P30,Post_P30,0,0.4402969479560852,0
24,P30,P30,Post_P30,0,0.35250404477119446,0
24,P30,P30,Post_P30,0,0.36719730496406555,0
24,P30,P30,Post_P30,0,0.5685598254203796,1
24,P30,P30,Post_P30,0,0.49945586919784546,0
24,P30,P30,Post_P30,0,0.5866984724998474,1
24,P30,P30,Post_P30,0,0.5477039813995361,1
24,P30,P30,Post_P30,0,0.5028485059738159,1
24,P30,P30,Post_P30,0,0.4052900969982147,0
24,P30,P30,Post_P30,0,0.4087609350681305,0
24,P30,P30,Post_P30,0,0.5747445225715637,1
24,P30,P30,Post_P30,0,0.3788960874080658,0
24,P30,P30,Post_P30,0,0.44060438871383667,0
24,P30,P30,Post_P30,0,0.5394628047943115,1
24,P30,P30,Post_P30,0,0.48960065841674805,0
24,P30,P30,Post_P30,0,0.5780295729637146,1
24,P30,P30,Post_P30,0,0.5700004696846008,1
24,P30,P30,Post_P30,0,0.3542728126049042,0
24,P30,P30,Post_P30,0,0.5414350032806396,1
24,P30,P30,Post_P30,0,0.35975199937820435,0
24,P30,P30,Post_P30,0,0.4615929424762726,0
24,P30,P30,Post_P30,0,0.39099252223968506,0
24,P30,P30,Post_P30,0,0.40117210149765015,0
24,P30,P30,Post_P30,0,0.5483947992324829,1
24,P30,P30,Post_P30,0,0.4439088702201843,0
24,P30,P30,Post_P30,0,0.5288571119308472,1
24,P30,P30,Post_P30,0,0.5073135495185852,1
24,P30,P30,Post_P30,0,0.5007938742637634,1
24,P30,P30,Post_P30,0,0.5040531754493713,1
24,P30,P30,Post_P30,0,0.4902055263519287,0
24,P30,P30,Post_P30,0,0.5997242331504822,1
24,P30,P30,Post_P30,0,0.4472472071647644,0
24,P30,P30,Post_P30,0,0.5135431885719299,1
24,P30,P30,Post_P30,0,0.5310312509536743,1
24,P30,P30,Post_P30,0,0.563315212726593,1
24,P30,P30,Post_P30,0,0.5627819895744324,1
24,P30,P30,Post_P30,0,0.38530850410461426,0
24,P30,P30,Post_P30,0,0.5097967982292175,1
24,P30,P30,Post_P30,0,0.4233328104019165,0
24,P30,P30,Post_P30,0,0.5100891590118408,1
24,P30,P30,Post_P30,0,0.3834255039691925,0
24,P30,P30,Post_P30,0,0.5625928044319153,1
24,P30,P30,Post_P30,0,0.4713064432144165,0
24,P30,P30,Post_P30,0,0.36336851119995117,0
24,P30,P30,Post_P30,0,0.41627636551856995,0
24,P30,P30,Post_P30,0,0.5315760970115662,1
24,P30,P30,Post_P30,0,0.47006991505622864,0
24,P30,P30,Post_P30,0,0.5866984724998474,1
24,P30,P30,Post_P30,0,0.47615426778793335,0
24,P30,P30,Post_P30,0,0.3659423291683197,0
24,P30,P30,Post_P30,0,0.43157047033309937,0
24,P30,P30,Post_P30,0,0.552590012550354,1
24,P30,P30,Post_P30,0,0.4829883873462677,0
24,P30,P30,Post_P30,0,0.5619809627532959,1
24,P30,P30,Post_P30,0,0.597743570804596,1
24,P30,P30,Post_P30,0,0.4016818404197693,0
24,P30,P30,Post_P30,0,0.4545527696609497,0
24,P30,P30,Post_P30,0,0.4961308240890503,0
24,P30,P30,Post_P30,0,0.5105034112930298,1
24,P30,P30,Post_P30,0,0.4958435595035553,0
24,P30,P30,Post_P30,0,0.5077148079872131,1
24,P30,P30,Post_P30,0,0.5147556066513062,1
24,P30,P30,Post_P30,0,0.4515586495399475,0
24,P30,P30,Post_P30,0,0.5114215016365051,1
24,P30,P30,Post_P30,0,0.5158259868621826,1
24,P30,P30,Post_P30,0,0.4195057451725006,0
24,P30,P30,Post_P30,0,0.5855905413627625,1
24,P30,P30,Post_P30,0,0.4755156636238098,0
24,P30,P30,Post_P30,0,0.499601811170578,0
24,P30,P30,Post_P30,0,0.36794406175613403,0
24,P30,P30,Post_P30,0,0.4967026114463806,0
24,P30,P30,Post_P30,0,0.5579971075057983,1
24,P30,P30,Post_P30,0,0.5088426470756531,1
25,P31,P31,Pre_P31,0,0.4373510479927063,0
25,P31,P31,Pre_P31,0,0.5300803780555725,1
25,P31,P31,Pre_P31,0,0.4728131890296936,0
25,P31,P31,Pre_P31,0,0.4779387414455414,0
25,P31,P31,Pre_P31,0,0.47719255089759827,0
25,P31,P31,Pre_P31,0,0.47971975803375244,0
25,P31,P31,Pre_P31,0,0.5308116674423218,1
25,P31,P31,Pre_P31,0,0.437039315700531,0
25,P31,P31,Pre_P31,0,0.5180337429046631,1
25,P31,P31,Pre_P31,0,0.47423529624938965,0
25,P31,P31,Pre_P31,0,0.5164861679077148,1
25,P31,P31,Pre_P31,0,0.5277206897735596,1
25,P31,P31,Pre_P31,0,0.4815284013748169,0
25,P31,P31,Pre_P31,0,0.5407842993736267,1
25,P31,P31,Pre_P31,0,0.5223581194877625,1
25,P31,P31,Pre_P31,0,0.5270524024963379,1
25,P31,P31,Pre_P31,0,0.5080665946006775,1
25,P31,P31,Pre_P31,0,0.4394644796848297,0
25,P31,P31,Pre_P31,0,0.4549010396003723,0
25,P31,P31,Pre_P31,0,0.5348078012466431,1
25,P31,P31,Pre_P31,0,0.5301849246025085,1
25,P31,P31,Pre_P31,0,0.49361738562583923,0
25,P31,P31,Pre_P31,0,0.44681134819984436,0
25,P31,P31,Pre_P31,0,0.5162768959999084,1
25,P31,P31,Pre_P31,0,0.5108663439750671,1
25,P31,P31,Pre_P31,0,0.46871787309646606,0
25,P31,P31,Pre_P31,0,0.5182496905326843,1
25,P31,P31,Pre_P31,0,0.45187172293663025,0
25,P31,P31,Pre_P31,0,0.5308200120925903,1
25,P31,P31,Pre_P31,0,0.4821900427341461,0
25,P31,P31,Pre_P31,0,0.5229858160018921,1
25,P31,P31,Pre_P31,0,0.43851253390312195,0
25,P31,P31,Pre_P31,0,0.493257999420166,0
25,P31,P31,Pre_P31,0,0.43889319896698,0
25,P31,P31,Pre_P31,0,0.441849023103714,0
25,P31,P31,Pre_P31,0,0.5271003246307373,1
25,P31,P31,Pre_P31,0,0.5285678505897522,1
25,P31,P31,Pre_P31,0,0.5056407451629639,1
25,P31,P31,Pre_P31,0,0.492389976978302,0
25,P31,P31,Pre_P31,0,0.448879599571228,0
25,P31,P31,Pre_P31,0,0.4826091527938843,0
25,P31,P31,Pre_P31,0,0.4576493501663208,0
25,P31,P31,Pre_P31,0,0.49708372354507446,0
25,P31,P31,Pre_P31,0,0.47960570454597473,0
25,P31,P31,Pre_P31,0,0.5050508975982666,1
25,P31,P31,Pre_P31,0,0.437039315700531,0
25,P31,P31,Pre_P31,0,0.4389287531375885,0
25,P31,P31,Pre_P31,0,0.44169601798057556,0
25,P31,P31,Pre_P31,0,0.49263301491737366,0
25,P31,P31,Pre_P31,0,0.45467430353164673,0
25,P31,P31,Pre_P31,0,0.437039315700531,0
25,P31,P31,Pre_P31,0,0.5468395948410034,1
25,P31,P31,Pre_P31,0,0.43851253390312195,0
25,P31,P31,Pre_P31,0,0.5146120190620422,1
25,P31,P31,Pre_P31,0,0.5063421130180359,1
25,P31,P31,Pre_P31,0,0.5181640982627869,1
25,P31,P31,Pre_P31,0,0.5242860317230225,1
25,P31,P31,Pre_P31,0,0.5251024961471558,1
25,P31,P31,Pre_P31,0,0.43741971254348755,0
25,P31,P31,Pre_P31,0,0.5130727887153625,1
25,P31,P31,Pre_P31,0,0.5253100991249084,1
25,P31,P31,Pre_P31,0,0.5591574311256409,1
25,P31,P31,Pre_P31,0,0.48310586810112,0
25,P31,P31,Pre_P31,0,0.49129006266593933,0
25,P31,P31,Pre_P31,0,0.485310822725296,0
25,P31,P31,Pre_P31,0,0.508906900882721,1
25,P31,P31,Pre_P31,0,0.5452398657798767,1
25,P31,P31,Pre_P31,0,0.4512251317501068,0
25,P31,P31,Pre_P31,0,0.5654823780059814,1
25,P31,P31,Pre_P31,0,0.499112993478775,0
25,P31,P31,Pre_P31,0,0.43851253390312195,0
25,P31,P31,Pre_P31,0,0.46856558322906494,0
25,P31,P31,Pre_P31,0,0.48682069778442383,0
25,P31,P31,Pre_P31,0,0.4508015811443329,0
25,P31,P31,Pre_P31,0,0.5378558039665222,1
25,P31,P31,Pre_P31,0,0.4515804350376129,0
25,P31,P31,Pre_P31,0,0.49725398421287537,0
25,P31,P31,Pre_P31,0,0.48406627774238586,0
25,P31,P31,Pre_P31,0,0.49184805154800415,0
25,P31,P31,Pre_P31,0,0.4862099885940552,0
25,P31,P31,Pre_P31,0,0.5412585735321045,1
25,P31,P31,Pre_P31,0,0.46760231256484985,0
25,P31,P31,Pre_P31,0,0.4528191089630127,0
25,P31,P31,Pre_P31,0,0.4547176659107208,0
25,P31,P31,Pre_P31,0,0.5440290570259094,1
25,P31,P31,Pre_P31,0,0.4678795039653778,0
25,P31,P31,Pre_P31,0,0.48502683639526367,0
25,P31,P31,Pre_P31,0,0.4689396917819977,0
25,P31,P31,Pre_P31,0,0.5253077745437622,1
25,P31,P31,Pre_P31,0,0.5601466298103333,1
25,P31,P31,Pre_P31,0,0.4511038064956665,0
25,P31,P31,Pre_P31,0,0.4388463795185089,0
25,P31,P31,Pre_P31,0,0.4480494558811188,0
25,P31,P31,Pre_P31,0,0.49346214532852173,0
25,P31,P31,Pre_P31,0,0.4486892521381378,0
25,P31,P31,Pre_P31,0,0.4904242157936096,0
25,P31,P31,Pre_P31,0,0.5452398657798767,1
25,P31,P31,Pre_P31,0,0.48353278636932373,0
25,P31,P31,Pre_P31,0,0.4373510479927063,0
25,P31,P31,Pre_P31,0,0.4871302545070648,0
25,P31,P31,Pre_P31,0,0.5502594113349915,1
25,P31,P31,Pre_P31,0,0.4373510479927063,0
25,P31,P31,Pre_P31,0,0.45825129747390747,0
25,P31,P31,Pre_P31,0,0.5212953090667725,1
25,P31,P31,Pre_P31,0,0.4668204188346863,0
25,P31,P31,Pre_P31,0,0.4513460695743561,0
25,P31,P31,Pre_P31,0,0.4472886025905609,0
25,P31,P31,Pre_P31,0,0.5305807590484619,1
25,P31,P31,Pre_P31,0,0.4776453375816345,0
25,P31,P31,Pre_P31,0,0.5241056084632874,1
25,P31,P31,Pre_P31,0,0.5063450336456299,1
25,P31,P31,Pre_P31,0,0.4695718586444855,0
25,P31,P31,Pre_P31,0,0.511492133140564,1
25,P31,P31,Pre_P31,0,0.45477500557899475,0
25,P31,P31,Pre_P31,0,0.4546505808830261,0
25,P31,P31,Pre_P31,0,0.5377286672592163,1
25,P31,P31,Pre_P31,0,0.4915080964565277,0
25,P31,P31,Pre_P31,0,0.4579342305660248,0
25,P31,P31,Pre_P31,0,0.5148805379867554,1
25,P31,P31,Pre_P31,0,0.49613553285598755,0
25,P31,P31,Pre_P31,0,0.5038516521453857,1
25,P31,P31,Pre_P31,0,0.45026451349258423,0
25,P31,P31,Pre_P31,0,0.4430321455001831,0
25,P31,P31,Pre_P31,0,0.5016937851905823,1
25,P31,P31,Pre_P31,0,0.5438864231109619,1
25,P31,P31,Pre_P31,0,0.4814983308315277,0
25,P31,P31,Pre_P31,0,0.44671323895454407,0
25,P31,P31,Pre_P31,0,0.49222415685653687,0
25,P31,P31,Pre_P31,0,0.4834253191947937,0
25,P31,P31,Pre_P31,0,0.4996674954891205,0
25,P31,P31,Pre_P31,0,0.5283898711204529,1
25,P31,P31,Pre_P31,0,0.516902506351471,1
25,P31,P31,Pre_P31,0,0.5063650608062744,1
25,P31,P31,Pre_P31,0,0.43851253390312195,0
25,P31,P31,Pre_P31,0,0.5193302035331726,1
25,P31,P31,Pre_P31,0,0.5187966823577881,1
25,P31,P31,Pre_P31,0,0.446260005235672,0
25,P31,P31,Pre_P31,0,0.5065619349479675,1
25,P31,P31,Pre_P31,0,0.4426043629646301,0
25,P31,P31,Pre_P31,0,0.45069193840026855,0
25,P31,P31,Pre_P31,0,0.4384285509586334,0
25,P31,P31,Pre_P31,0,0.5571022033691406,1
25,P31,P31,Pre_P31,0,0.5351976156234741,1
25,P31,P31,Pre_P31,0,0.504256010055542,1
25,P31,P31,Pre_P31,0,0.45545655488967896,0
25,P31,P31,Pre_P31,0,0.4718078076839447,0
25,P31,P31,Pre_P31,0,0.4817180931568146,0
25,P31,P31,Pre_P31,0,0.44793835282325745,0
25,P31,P31,Pre_P31,0,0.44576147198677063,0
25,P31,P31,Pre_P31,0,0.518521785736084,1
25,P31,P31,Pre_P31,0,0.4448878765106201,0
25,P31,P31,Pre_P31,0,0.5269278287887573,1
25,P31,P31,Pre_P31,0,0.4790906012058258,0
25,P31,P31,Pre_P31,0,0.5281698107719421,1
25,P31,P31,Pre_P31,0,0.5625024437904358,1
25,P31,P31,Pre_P31,0,0.498230904340744,0
25,P31,P31,Pre_P31,0,0.46493205428123474,0
25,P31,P31,Pre_P31,0,0.5263758897781372,1
25,P31,P31,Pre_P31,0,0.5058267116546631,1
25,P31,P31,Pre_P31,0,0.4996594190597534,0
25,P31,P31,Pre_P31,0,0.43889319896698,0
25,P31,P31,Pre_P31,0,0.5181636214256287,1
25,P31,P31,Pre_P31,0,0.4883368909358978,0
25,P31,P31,Pre_P31,0,0.5045450329780579,1
25,P31,P31,Pre_P31,0,0.5664899945259094,1
25,P31,P31,Pre_P31,0,0.4567304253578186,0
25,P31,P31,Pre_P31,0,0.5111226439476013,1
25,P31,P31,Pre_P31,0,0.4798488914966583,0
25,P31,P31,Pre_P31,0,0.4519719183444977,0
25,P31,P31,Pre_P31,0,0.49291476607322693,0
25,P31,P31,Pre_P31,0,0.5260371565818787,1
25,P31,P31,Pre_P31,0,0.5535809397697449,1
25,P31,P31,Pre_P31,0,0.4705636203289032,0
25,P31,P31,Pre_P31,0,0.5125474333763123,1
25,P31,P31,Pre_P31,0,0.5312355160713196,1
25,P31,P31,Pre_P31,0,0.4886298179626465,0
25,P31,P31,Pre_P31,0,0.5088958740234375,1
25,P31,P31,Pre_P31,0,0.4741171598434448,0
25,P31,P31,Pre_P31,0,0.49891629815101624,0
25,P31,P31,Pre_P31,0,0.5234706401824951,1
25,P31,P31,Pre_P31,0,0.5043699145317078,1
25,P31,P31,Pre_P31,0,0.4974185824394226,0
25,P31,P31,Pre_P31,0,0.5318909883499146,1
25,P31,P31,Pre_P31,0,0.49532392621040344,0
25,P31,P31,Pre_P31,0,0.43851253390312195,0
25,P31,P31,Pre_P31,0,0.44731026887893677,0
25,P31,P31,Pre_P31,0,0.5446587204933167,1
25,P31,P31,Pre_P31,0,0.5289027094841003,1
25,P31,P31,Pre_P31,0,0.5301849246025085,1
25,P31,P31,Pre_P31,0,0.437039315700531,0
25,P31,P31,Pre_P31,0,0.46320438385009766,0
25,P31,P31,Pre_P31,0,0.43851253390312195,0
25,P31,P31,Pre_P31,0,0.5155889391899109,1
25,P31,P31,Pre_P31,0,0.4524248242378235,0
25,P31,P31,Pre_P31,0,0.5047169327735901,1
25,P31,P31,Pre_P31,0,0.5232364535331726,1
25,P31,P31,Pre_P31,0,0.5308116674423218,1
25,P31,P31,Pre_P31,0,0.4826091527938843,0
25,P31,P31,Pre_P31,0,0.49127402901649475,0
25,P31,P31,Pre_P31,0,0.5125848054885864,1
25,P31,P31,Pre_P31,0,0.5004652142524719,1
25,P31,P31,Pre_P31,0,0.5009950995445251,1
25,P31,P31,Pre_P31,0,0.437039315700531,0
25,P31,P31,Pre_P31,0,0.543729305267334,1
25,P31,P31,Pre_P31,0,0.4870530366897583,0
25,P31,P31,Pre_P31,0,0.4538882374763489,0
25,P31,P31,Pre_P31,0,0.456724613904953,0
25,P31,P31,Pre_P31,0,0.5254104733467102,1
25,P31,P31,Pre_P31,0,0.5083046555519104,1
25,P31,P31,Pre_P31,0,0.5344842076301575,1
25,P31,P31,Pre_P31,0,0.46473684906959534,0
25,P31,P31,Pre_P31,0,0.49126842617988586,0
25,P31,P31,Pre_P31,0,0.47785070538520813,0
25,P31,P31,Pre_P31,0,0.5071750283241272,1
25,P31,P31,Pre_P31,0,0.4550360143184662,0
25,P31,P31,Pre_P31,0,0.5440261960029602,1
25,P31,P31,Pre_P31,0,0.4942435026168823,0
25,P31,P31,Pre_P31,0,0.5010008811950684,1
25,P31,P31,Pre_P31,0,0.49873244762420654,0
25,P31,P31,Pre_P31,0,0.4843085706233978,0
25,P31,P31,Pre_P31,0,0.4987010359764099,0
25,P31,P31,Pre_P31,0,0.5412585735321045,1
25,P31,P31,Pre_P31,0,0.5490451455116272,1
25,P31,P31,Pre_P31,0,0.48484423756599426,0
25,P31,P31,Pre_P31,0,0.43741971254348755,0
25,P31,P31,Pre_P31,0,0.488675981760025,0
25,P31,P31,Pre_P31,0,0.45099979639053345,0
25,P31,P31,Pre_P31,0,0.49826061725616455,0
25,P31,P31,Pre_P31,0,0.5237446427345276,1
25,P31,P31,Pre_P31,0,0.5602667927742004,1
25,P31,P31,Pre_P31,0,0.5222095847129822,1
25,P31,P31,Pre_P31,0,0.494846373796463,0
25,P31,P31,Pre_P31,0,0.46800291538238525,0
25,P31,P31,Pre_P31,0,0.439940869808197,0
25,P31,P31,Pre_P31,0,0.49633491039276123,0
25,P31,P31,Pre_P31,0,0.48033857345581055,0
25,P31,P31,Pre_P31,0,0.5582977533340454,1
25,P31,P31,Pre_P31,0,0.4512251317501068,0
25,P31,P31,Pre_P31,0,0.47801151871681213,0
25,P31,P31,Pre_P31,0,0.49560627341270447,0
25,P31,P31,Pre_P31,0,0.48951253294944763,0
25,P31,P31,Pre_P31,0,0.48617616295814514,0
25,P31,P31,Pre_P31,0,0.5083997845649719,1
25,P31,P31,Pre_P31,0,0.5111338496208191,1
25,P31,P31,Pre_P31,0,0.5084567070007324,1
25,P31,P31,Pre_P31,0,0.4548611640930176,0
25,P31,P31,Pre_P31,0,0.5312355160713196,1
25,P31,P31,Pre_P31,0,0.5174837112426758,1
25,P31,P31,Pre_P31,0,0.46438705921173096,0
25,P31,P31,Pre_P31,0,0.5005022883415222,1
25,P31,P31,Pre_P31,0,0.4388938546180725,0
25,P31,P31,Pre_P31,0,0.4884408414363861,0
25,P31,P31,Pre_P31,0,0.49412715435028076,0
25,P31,P31,Pre_P31,0,0.4448273777961731,0
25,P31,P31,Pre_P31,0,0.5276285409927368,1
25,P31,P31,Pre_P31,0,0.5303911566734314,1
25,P31,P31,Pre_P31,0,0.540951132774353,1
25,P31,P31,Pre_P31,0,0.4873136878013611,0
25,P31,P31,Pre_P31,0,0.49151408672332764,0
25,P31,P31,Pre_P31,0,0.4779106080532074,0
25,P31,P31,Pre_P31,0,0.4873868525028229,0
25,P31,P31,Pre_P31,0,0.5409034490585327,1
25,P31,P31,Pre_P31,0,0.48536214232444763,0
25,P31,P31,Pre_P31,0,0.5359430313110352,1
25,P31,P31,Pre_P31,0,0.5013627409934998,1
25,P31,P31,Pre_P31,0,0.4930122196674347,0
25,P31,P31,Pre_P31,0,0.45516958832740784,0
25,P31,P31,Pre_P31,0,0.5190118551254272,1
25,P31,P31,Pre_P31,0,0.5179988741874695,1
25,P31,P31,Pre_P31,0,0.4813840389251709,0
25,P31,P31,Pre_P31,0,0.5312355160713196,1
25,P31,P31,Pre_P31,0,0.4848737120628357,0
25,P31,P31,Pre_P31,0,0.539810299873352,1
25,P31,P31,Pre_P31,0,0.49797335267066956,0
25,P31,P31,Pre_P31,0,0.43851253390312195,0
25,P31,P31,Pre_P31,0,0.44969794154167175,0
25,P31,P31,Pre_P31,0,0.49253755807876587,0
25,P31,P31,Pre_P31,0,0.4690357744693756,0
25,P31,P31,Pre_P31,0,0.5239200592041016,1
25,P31,P31,Pre_P31,0,0.46297648549079895,0
25,P31,P31,Pre_P31,0,0.5101175308227539,1
25,P31,P31,Pre_P31,0,0.4497719705104828,0
25,P31,P31,Pre_P31,0,0.4515727758407593,0
25,P31,P31,Pre_P31,0,0.4512251317501068,0
25,P31,P31,Pre_P31,0,0.49515482783317566,0
25,P31,P31,Pre_P31,0,0.4783482551574707,0
25,P31,P31,Pre_P31,0,0.5452398657798767,1
25,P31,P31,Pre_P31,0,0.448879599571228,0
25,P31,P31,Pre_P31,0,0.47769972681999207,0
25,P31,P31,Pre_P31,0,0.5305591821670532,1
25,P31,P31,Pre_P31,0,0.5238389372825623,1
25,P31,P31,Pre_P31,0,0.4384656548500061,0
25,P31,P31,Pre_P31,0,0.5101948976516724,1
25,P31,P31,Pre_P31,0,0.45418882369995117,0
25,P31,P31,Pre_P31,0,0.5506818294525146,1
25,P31,P31,Pre_P31,0,0.4994684159755707,0
25,P31,P31,Pre_P31,0,0.4924876391887665,0
25,P31,P31,Pre_P31,0,0.4505648910999298,0
25,P31,P31,Pre_P31,0,0.527447521686554,1
25,P31,P31,Pre_P31,0,0.483161985874176,0
25,P31,P31,Pre_P31,0,0.44495654106140137,0
25,P31,P31,Pre_P31,0,0.5307159423828125,1
25,P31,P31,Pre_P31,0,0.45206546783447266,0
25,P31,P31,Pre_P31,0,0.437039315700531,0
25,P31,P31,Pre_P31,0,0.4721028804779053,0
25,P31,P31,Pre_P31,0,0.4905846416950226,0
25,P31,P31,Pre_P31,0,0.4785507619380951,0
25,P31,P31,Pre_P31,0,0.5010936260223389,1
25,P31,P31,Pre_P31,0,0.437039315700531,0
25,P31,P31,Pre_P31,0,0.4373510479927063,0
25,P31,P31,Pre_P31,0,0.4472997784614563,0
25,P31,P31,Pre_P31,0,0.5654664635658264,1
25,P31,P31,Pre_P31,0,0.5235977172851562,1
25,P31,P31,Pre_P31,0,0.5528111457824707,1
25,P31,P31,Pre_P31,0,0.446260005235672,0
25,P31,P31,Pre_P31,0,0.5381898880004883,1
25,P31,P31,Pre_P31,0,0.5137510299682617,1
25,P31,P31,Pre_P31,0,0.4766327142715454,0
25,P31,P31,Pre_P31,0,0.49396809935569763,0
25,P31,P31,Pre_P31,0,0.5265467762947083,1
25,P31,P31,Pre_P31,0,0.45206043124198914,0
25,P31,P31,Pre_P31,0,0.5452398657798767,1
25,P31,P31,Pre_P31,0,0.5123466849327087,1
25,P31,P31,Pre_P31,0,0.5117764472961426,1
25,P31,P31,Pre_P31,0,0.5288447737693787,1
25,P31,P31,Pre_P31,0,0.5654823780059814,1
25,P31,P31,Pre_P31,0,0.4506959021091461,0
25,P31,P31,Pre_P31,0,0.4800858795642853,0
25,P31,P31,Pre_P31,0,0.5278609395027161,1
25,P31,P31,Pre_P31,0,0.45302823185920715,0
25,P31,P31,Pre_P31,0,0.44971218705177307,0
25,P31,P31,Pre_P31,0,0.49900421500205994,0
25,P31,P31,Pre_P31,0,0.4471144378185272,0
25,P31,P31,Pre_P31,0,0.44625842571258545,0
25,P31,P31,Pre_P31,0,0.500540554523468,1
25,P31,P31,Pre_P31,0,0.4892609417438507,0
25,P31,P31,Pre_P31,0,0.437039315700531,0
25,P31,P31,Pre_P31,0,0.4876857101917267,0
25,P31,P31,Pre_P31,0,0.5277875065803528,1
25,P31,P31,Pre_P31,0,0.4898814857006073,0
25,P31,P31,Pre_P31,0,0.5180160403251648,1
25,P31,P31,Pre_P31,0,0.4460633099079132,0
25,P31,P31,Pre_P31,0,0.5059673190116882,1
25,P31,P31,Pre_P31,0,0.4516400992870331,0
25,P31,P31,Pre_P31,0,0.4373510479927063,0
25,P31,P31,Pre_P31,0,0.5447182059288025,1
25,P31,P31,Pre_P31,0,0.4896179139614105,0
25,P31,P31,Pre_P31,0,0.5215229988098145,1
25,P31,P31,Pre_P31,0,0.5491124987602234,1
25,P31,P31,Pre_P31,0,0.4422699809074402,0
25,P31,P31,Pre_P31,0,0.443462610244751,0
26,P33,P33,Pre_P33,1,0.47849053144454956,0
26,P33,P33,Pre_P33,1,0.5524419546127319,1
26,P33,P33,Pre_P33,1,0.5392804145812988,1
26,P33,P33,Pre_P33,1,0.47270095348358154,0
26,P33,P33,Pre_P33,1,0.4631108343601227,0
26,P33,P33,Pre_P33,1,0.5377793312072754,1
26,P33,P33,Pre_P33,1,0.5234448313713074,1
26,P33,P33,Pre_P33,1,0.5306869149208069,1
26,P33,P33,Pre_P33,1,0.5375286936759949,1
26,P33,P33,Pre_P33,1,0.5306556820869446,1
26,P33,P33,Pre_P33,1,0.5386956334114075,1
26,P33,P33,Pre_P33,1,0.5309868454933167,1
26,P33,P33,Pre_P33,1,0.5328893661499023,1
26,P33,P33,Pre_P33,1,0.5387038588523865,1
26,P33,P33,Pre_P33,1,0.4892798960208893,0
26,P33,P33,Pre_P33,1,0.5387148261070251,1
26,P33,P33,Pre_P33,1,0.46566343307495117,0
26,P33,P33,Pre_P33,1,0.5383497476577759,1
26,P33,P33,Pre_P33,1,0.5060064196586609,1
26,P33,P33,Pre_P33,1,0.5037049651145935,1
26,P33,P33,Pre_P33,1,0.4970106780529022,0
26,P33,P33,Pre_P33,1,0.4446885287761688,0
26,P33,P33,Pre_P33,1,0.4945945143699646,0
26,P33,P33,Pre_P33,1,0.4911840260028839,0
26,P33,P33,Pre_P33,1,0.5381685495376587,1
26,P33,P33,Pre_P33,1,0.4997440576553345,0
26,P33,P33,Pre_P33,1,0.5030971765518188,1
26,P33,P33,Pre_P33,1,0.5387148261070251,1
26,P33,P33,Pre_P33,1,0.5306869149208069,1
26,P33,P33,Pre_P33,1,0.5006151795387268,1
26,P33,P33,Pre_P33,1,0.43687179684638977,0
26,P33,P33,Pre_P33,1,0.4979013502597809,0
26,P33,P33,Pre_P33,1,0.505986750125885,1
26,P33,P33,Pre_P33,1,0.4812362492084503,0
26,P33,P33,Pre_P33,1,0.5046513676643372,1
26,P33,P33,Pre_P33,1,0.5469449758529663,1
26,P33,P33,Pre_P33,1,0.5141162872314453,1
26,P33,P33,Pre_P33,1,0.5027281045913696,1
26,P33,P33,Pre_P33,1,0.5288971662521362,1
26,P33,P33,Pre_P33,1,0.4578682482242584,0
26,P33,P33,Pre_P33,1,0.517879068851471,1
26,P33,P33,Pre_P33,1,0.5390074253082275,1
26,P33,P33,Pre_P33,1,0.5306556820869446,1
26,P33,P33,Pre_P33,1,0.4886091947555542,0
26,P33,P33,Pre_P33,1,0.5309868454933167,1
26,P33,P33,Pre_P33,1,0.4734886884689331,0
26,P33,P33,Pre_P33,1,0.49523234367370605,0
26,P33,P33,Pre_P33,1,0.45037272572517395,0
26,P33,P33,Pre_P33,1,0.528232216835022,1
26,P33,P33,Pre_P33,1,0.5310181379318237,1
26,P33,P33,Pre_P33,1,0.5135590434074402,1
26,P33,P33,Pre_P33,1,0.49326804280281067,0
26,P33,P33,Pre_P33,1,0.5090534090995789,1
26,P33,P33,Pre_P33,1,0.5308296084403992,1
26,P33,P33,Pre_P33,1,0.4823627769947052,0
26,P33,P33,Pre_P33,1,0.5310181379318237,1
26,P33,P33,Pre_P33,1,0.5389923453330994,1
26,P33,P33,Pre_P33,1,0.45718979835510254,0
26,P33,P33,Pre_P33,1,0.5309868454933167,1
26,P33,P33,Pre_P33,1,0.5389509201049805,1
26,P33,P33,Pre_P33,1,0.5106804370880127,1
26,P33,P33,Pre_P33,1,0.4980628788471222,0
26,P33,P33,Pre_P33,1,0.4911058247089386,0
26,P33,P33,Pre_P33,1,0.5213916897773743,1
26,P33,P33,Pre_P33,1,0.5306869149208069,1
26,P33,P33,Pre_P33,1,0.5304441452026367,1
26,P33,P33,Pre_P33,1,0.5143679976463318,1
26,P33,P33,Pre_P33,1,0.5319675207138062,1
26,P33,P33,Pre_P33,1,0.4872252643108368,0
26,P33,P33,Pre_P33,1,0.4985392093658447,0
26,P33,P33,Pre_P33,1,0.5387148261070251,1
26,P33,P33,Pre_P33,1,0.5373510122299194,1
26,P33,P33,Pre_P33,1,0.49334654211997986,0
26,P33,P33,Pre_P33,1,0.5394288897514343,1
26,P33,P33,Pre_P33,1,0.540194571018219,1
26,P33,P33,Pre_P33,1,0.5390329957008362,1
26,P33,P33,Pre_P33,1,0.4906536936759949,0
26,P33,P33,Pre_P33,1,0.5255480408668518,1
26,P33,P33,Pre_P33,1,0.46864864230155945,0
26,P33,P33,Pre_P33,1,0.5241275429725647,1
26,P33,P33,Pre_P33,1,0.5216202735900879,1
26,P33,P33,Pre_P33,1,0.5306556820869446,1
26,P33,P33,Pre_P33,1,0.510563313961029,1
26,P33,P33,Pre_P33,1,0.5392873287200928,1
26,P33,P33,Pre_P33,1,0.5390074253082275,1
26,P33,P33,Pre_P33,1,0.4798525273799896,0
26,P33,P33,Pre_P33,1,0.5408170819282532,1
26,P33,P33,Pre_P33,1,0.5310181379318237,1
26,P33,P33,Pre_P33,1,0.5298654437065125,1
26,P33,P33,Pre_P33,1,0.5217496752738953,1
26,P33,P33,Pre_P33,1,0.5090534090995789,1
26,P33,P33,Pre_P33,1,0.5337981581687927,1
26,P33,P33,Pre_P33,1,0.5389923453330994,1
26,P33,P33,Pre_P33,1,0.504580020904541,1
26,P33,P33,Pre_P33,1,0.5266515016555786,1
26,P33,P33,Pre_P33,1,0.5085076093673706,1
26,P33,P33,Pre_P33,1,0.5306556820869446,1
26,P33,P33,Pre_P33,1,0.4704029858112335,0
26,P33,P33,Pre_P33,1,0.5389509201049805,1
26,P33,P33,Pre_P33,1,0.5371931195259094,1
26,P33,P33,Pre_P33,1,0.5080022215843201,1
26,P33,P33,Pre_P33,1,0.5388768911361694,1
26,P33,P33,Pre_P33,1,0.5304144620895386,1
26,P33,P33,Pre_P33,1,0.49082663655281067,0
26,P33,P33,Pre_P33,1,0.5304310917854309,1
26,P33,P33,Pre_P33,1,0.5081554651260376,1
26,P33,P33,Pre_P33,1,0.5055757761001587,1
26,P33,P33,Pre_P33,1,0.5203192830085754,1
26,P33,P33,Pre_P33,1,0.4564008414745331,0
26,P33,P33,Pre_P33,1,0.49137410521507263,0
26,P33,P33,Pre_P33,1,0.4799564480781555,0
26,P33,P33,Pre_P33,1,0.4393593966960907,0
26,P33,P33,Pre_P33,1,0.5456318259239197,1
26,P33,P33,Pre_P33,1,0.5032235980033875,1
26,P33,P33,Pre_P33,1,0.5000780820846558,1
26,P33,P33,Pre_P33,1,0.547528088092804,1
26,P33,P33,Pre_P33,1,0.5164363384246826,1
26,P33,P33,Pre_P33,1,0.5382784008979797,1
26,P33,P33,Pre_P33,1,0.540194571018219,1
26,P33,P33,Pre_P33,1,0.5269282460212708,1
26,P33,P33,Pre_P33,1,0.5072558522224426,1
26,P33,P33,Pre_P33,1,0.5036190152168274,1
26,P33,P33,Pre_P33,1,0.5214294195175171,1
26,P33,P33,Pre_P33,1,0.5044919848442078,1
26,P33,P33,Pre_P33,1,0.5223516821861267,1
26,P33,P33,Pre_P33,1,0.5285102128982544,1
26,P33,P33,Pre_P33,1,0.49657678604125977,0
26,P33,P33,Pre_P33,1,0.47891005873680115,0
26,P33,P33,Pre_P33,1,0.5310181379318237,1
26,P33,P33,Pre_P33,1,0.522330105304718,1
26,P33,P33,Pre_P33,1,0.4840763807296753,0
26,P33,P33,Pre_P33,1,0.5387102365493774,1
26,P33,P33,Pre_P33,1,0.5390329957008362,1
26,P33,P33,Pre_P33,1,0.5282204747200012,1
26,P33,P33,Pre_P33,1,0.4875873029232025,0
26,P33,P33,Pre_P33,1,0.509377121925354,1
26,P33,P33,Pre_P33,1,0.4715706408023834,0
26,P33,P33,Pre_P33,1,0.5387919545173645,1
26,P33,P33,Pre_P33,1,0.48475220799446106,0
26,P33,P33,Pre_P33,1,0.49082595109939575,0
26,P33,P33,Pre_P33,1,0.5243544578552246,1
26,P33,P33,Pre_P33,1,0.5371690988540649,1
26,P33,P33,Pre_P33,1,0.5097525119781494,1
26,P33,P33,Pre_P33,1,0.47074246406555176,0
26,P33,P33,Pre_P33,1,0.5255480408668518,1
26,P33,P33,Pre_P33,1,0.5364976525306702,1
26,P33,P33,Pre_P33,1,0.5060064196586609,1
26,P33,P33,Pre_P33,1,0.5310181379318237,1
26,P33,P33,Pre_P33,1,0.4853437840938568,0
26,P33,P33,Pre_P33,1,0.5392873287200928,1
26,P33,P33,Pre_P33,1,0.4931766986846924,0
26,P33,P33,Pre_P33,1,0.5066827535629272,1
26,P33,P33,Pre_P33,1,0.5309868454933167,1
26,P33,P33,Pre_P33,1,0.47318795323371887,0
26,P33,P33,Pre_P33,1,0.48399677872657776,0
26,P33,P33,Pre_P33,1,0.4911675751209259,0
26,P33,P33,Pre_P33,1,0.5069937109947205,1
26,P33,P33,Pre_P33,1,0.538639485836029,1
26,P33,P33,Pre_P33,1,0.5102231502532959,1
26,P33,P33,Pre_P33,1,0.5359703898429871,1
26,P33,P33,Pre_P33,1,0.4892798960208893,0
26,P33,P33,Pre_P33,1,0.5163218975067139,1
26,P33,P33,Pre_P33,1,0.5026134252548218,1
26,P33,P33,Pre_P33,1,0.5406075119972229,1
26,P33,P33,Pre_P33,1,0.5382683277130127,1
26,P33,P33,Pre_P33,1,0.5389509201049805,1
26,P33,P33,Pre_P33,1,0.5285245776176453,1
26,P33,P33,Pre_P33,1,0.5283903479576111,1
26,P33,P33,Pre_P33,1,0.47446125745773315,0
26,P33,P33,Pre_P33,1,0.4964071810245514,0
26,P33,P33,Pre_P33,1,0.5041483640670776,1
26,P33,P33,Pre_P33,1,0.4866049587726593,0
26,P33,P33,Pre_P33,1,0.488579660654068,0
26,P33,P33,Pre_P33,1,0.5319287776947021,1
26,P33,P33,Pre_P33,1,0.4961067736148834,0
26,P33,P33,Pre_P33,1,0.530738890171051,1
26,P33,P33,Pre_P33,1,0.4738123118877411,0
26,P33,P33,Pre_P33,1,0.49633339047431946,0
26,P33,P33,Pre_P33,1,0.539130449295044,1
26,P33,P33,Pre_P33,1,0.4411732256412506,0
26,P33,P33,Pre_P33,1,0.5006346106529236,1
26,P33,P33,Pre_P33,1,0.5310181379318237,1
26,P33,P33,Pre_P33,1,0.5061858296394348,1
26,P33,P33,Pre_P33,1,0.4866326153278351,0
26,P33,P33,Pre_P33,1,0.5103556513786316,1
26,P33,P33,Pre_P33,1,0.4681694507598877,0
26,P33,P33,Pre_P33,1,0.5231433510780334,1
26,P33,P33,Pre_P33,1,0.5469641089439392,1
26,P33,P33,Pre_P33,1,0.499350368976593,0
26,P33,P33,Pre_P33,1,0.4951942265033722,0
26,P33,P33,Pre_P33,1,0.45120468735694885,0
26,P33,P33,Pre_P33,1,0.5046390295028687,1
26,P33,P33,Pre_P33,1,0.48858070373535156,0
26,P33,P33,Pre_P33,1,0.4437640309333801,0
26,P33,P33,Pre_P33,1,0.5278040170669556,1
26,P33,P33,Pre_P33,1,0.49488508701324463,0
26,P33,P33,Pre_P33,1,0.5382870435714722,1
26,P33,P33,Pre_P33,1,0.5389509201049805,1
26,P33,P33,Pre_P33,1,0.5384767055511475,1
26,P33,P33,Pre_P33,1,0.4977265000343323,0
26,P33,P33,Pre_P33,1,0.5053990483283997,1
26,P33,P33,Pre_P33,1,0.5306869149208069,1
26,P33,P33,Pre_P33,1,0.530475378036499,1
26,P33,P33,Pre_P33,1,0.472491592168808,0
26,P33,P33,Pre_P33,1,0.5291972160339355,1
26,P33,P33,Pre_P33,1,0.4652574062347412,0
26,P33,P33,Pre_P33,1,0.5074245929718018,1
26,P33,P33,Pre_P33,1,0.4928567409515381,0
26,P33,P33,Pre_P33,1,0.531989574432373,1
26,P33,P33,Pre_P33,1,0.5382871031761169,1
26,P33,P33,Pre_P33,1,0.48846086859703064,0
26,P33,P33,Pre_P33,1,0.5390074253082275,1
26,P33,P33,Pre_P33,1,0.5475362539291382,1
26,P33,P33,Pre_P33,1,0.5366237759590149,1
26,P33,P33,Pre_P33,1,0.4623001515865326,0
26,P33,P33,Pre_P33,1,0.5063604712486267,1
26,P33,P33,Pre_P33,1,0.5255480408668518,1
26,P33,P33,Pre_P33,1,0.5377647280693054,1
26,P33,P33,Pre_P33,1,0.539027988910675,1
26,P33,P33,Pre_P33,1,0.49505358934402466,0
26,P33,P33,Pre_P33,1,0.5294309258460999,1
26,P33,P33,Pre_P33,1,0.5310181379318237,1
26,P33,P33,Pre_P33,1,0.4997566342353821,0
26,P33,P33,Pre_P33,1,0.5214974880218506,1
26,P33,P33,Pre_P33,1,0.5523343682289124,1
26,P33,P33,Pre_P33,1,0.43869343400001526,0
26,P33,P33,Pre_P33,1,0.43996497988700867,0
26,P33,P33,Pre_P33,1,0.523176908493042,1
26,P33,P33,Pre_P33,1,0.5123168230056763,1
26,P33,P33,Pre_P33,1,0.5310181379318237,1
26,P33,P33,Pre_P33,1,0.5133470892906189,1
26,P33,P33,Pre_P33,1,0.5054627656936646,1
26,P33,P33,Pre_P33,1,0.537595808506012,1
26,P33,P33,Pre_P33,1,0.5290922522544861,1
26,P33,P33,Pre_P33,1,0.535970151424408,1
26,P33,P33,Pre_P33,1,0.5392873287200928,1
26,P33,P33,Pre_P33,1,0.5405397415161133,1
26,P33,P33,Pre_P33,1,0.47056469321250916,0
26,P33,P33,Pre_P33,1,0.4403536319732666,0
26,P33,P33,Pre_P33,1,0.5301273465156555,1
26,P33,P33,Pre_P33,1,0.48754048347473145,0
26,P33,P33,Pre_P33,1,0.5064875483512878,1
26,P33,P33,Pre_P33,1,0.5364296436309814,1
26,P33,P33,Pre_P33,1,0.5389763712882996,1
26,P33,P33,Pre_P33,1,0.4860691726207733,0
26,P33,P33,Pre_P33,1,0.5035130381584167,1
26,P33,P33,Pre_P33,1,0.5057156682014465,1
26,P33,P33,Pre_P33,1,0.5353825092315674,1
26,P33,P33,Pre_P33,1,0.5098395347595215,1
26,P33,P33,Pre_P33,1,0.538911759853363,1
26,P33,P33,Pre_P33,1,0.4891822040081024,0
26,P33,P33,Pre_P33,1,0.4942552149295807,0
26,P33,P33,Pre_P33,1,0.5392804145812988,1
26,P33,P33,Pre_P33,1,0.4791239798069,0
26,P33,P33,Pre_P33,1,0.488357812166214,0
26,P33,P33,Pre_P33,1,0.481853723526001,0
26,P33,P33,Pre_P33,1,0.5463206171989441,1
26,P33,P33,Pre_P33,1,0.5249800682067871,1
26,P33,P33,Pre_P33,1,0.4715706408023834,0
26,P33,P33,Pre_P33,1,0.4990294873714447,0
26,P33,P33,Pre_P33,1,0.490999698638916,0
26,P33,P33,Pre_P33,1,0.44757571816444397,0
26,P33,P33,Pre_P33,1,0.4798794686794281,0
26,P33,P33,Pre_P33,1,0.5290711522102356,1
26,P33,P33,Pre_P33,1,0.5071548819541931,1
26,P33,P33,Pre_P33,1,0.5391150712966919,1
26,P33,P33,Pre_P33,1,0.5095475316047668,1
26,P33,P33,Pre_P33,1,0.5387919545173645,1
26,P33,P33,Pre_P33,1,0.4791625142097473,0
26,P33,P33,Pre_P33,1,0.5310181379318237,1
26,P33,P33,Pre_P33,1,0.501045823097229,1
26,P33,P33,Pre_P33,1,0.5309868454933167,1
26,P33,P33,Pre_P33,1,0.5367744565010071,1
26,P33,P33,Pre_P33,1,0.4729103744029999,0
26,P33,P33,Pre_P33,1,0.47266462445259094,0
26,P33,P33,Pre_P33,1,0.5403794646263123,1
26,P33,P33,Pre_P33,1,0.505018949508667,1
26,P33,P33,Pre_P33,1,0.5381094813346863,1
26,P33,P33,Pre_P33,1,0.5187223553657532,1
26,P33,P33,Pre_P33,1,0.5014346241950989,1
26,P33,P33,Pre_P33,1,0.5382336974143982,1
26,P33,P33,Pre_P33,1,0.5109442472457886,1
26,P33,P33,Pre_P33,1,0.517406165599823,1
26,P33,P33,Pre_P33,1,0.5300660133361816,1
26,P33,P33,Pre_P33,1,0.5309868454933167,1
26,P33,P33,Pre_P33,1,0.5306869149208069,1
26,P33,P33,Pre_P33,1,0.5024092197418213,1
26,P33,P33,Pre_P33,1,0.5392616391181946,1
26,P33,P33,Pre_P33,1,0.4912266731262207,0
26,P33,P33,Pre_P33,1,0.5056496262550354,1
26,P33,P33,Pre_P33,1,0.5306556820869446,1
26,P33,P33,Pre_P33,1,0.5303997993469238,1
26,P33,P33,Pre_P33,1,0.4727248251438141,0
26,P33,P33,Pre_P33,1,0.49740734696388245,0
26,P33,P33,Pre_P33,1,0.4396362602710724,0
26,P33,P33,Pre_P33,1,0.5301762819290161,1
26,P33,P33,Pre_P33,1,0.5066155195236206,1
26,P33,P33,Pre_P33,1,0.5053990483283997,1
26,P33,P33,Pre_P33,1,0.4535711407661438,0
26,P33,P33,Pre_P33,1,0.5526667833328247,1
26,P33,P33,Pre_P33,1,0.5434197783470154,1
26,P33,P33,Pre_P33,1,0.505851686000824,1
26,P33,P33,Pre_P33,1,0.5093240141868591,1
26,P33,P33,Pre_P33,1,0.5389509201049805,1
26,P33,P33,Pre_P33,1,0.4740239381790161,0
26,P33,P33,Pre_P33,1,0.4986780285835266,0
26,P33,P33,Pre_P33,1,0.5051882863044739,1
26,P33,P33,Pre_P33,1,0.5120201706886292,1
26,P33,P33,Pre_P33,1,0.49142253398895264,0
26,P33,P33,Pre_P33,1,0.5236948132514954,1
26,P33,P33,Pre_P33,1,0.5076004266738892,1
26,P33,P33,Pre_P33,1,0.4883754253387451,0
26,P33,P33,Pre_P33,1,0.5155228972434998,1
26,P33,P33,Pre_P33,1,0.5323667526245117,1
26,P33,P33,Pre_P33,1,0.5310181379318237,1
26,P33,P33,Pre_P33,1,0.4935899078845978,0
26,P33,P33,Pre_P33,1,0.4798477292060852,0
26,P33,P33,Pre_P33,1,0.5382737517356873,1
26,P33,P33,Pre_P33,1,0.5374637246131897,1
26,P33,P33,Pre_P33,1,0.529477059841156,1
26,P33,P33,Pre_P33,1,0.44521087408065796,0
26,P33,P33,Pre_P33,1,0.4858284890651703,0
26,P33,P33,Pre_P33,1,0.5176994800567627,1
26,P33,P33,Pre_P33,1,0.5061683654785156,1
26,P33,P33,Pre_P33,1,0.5303831696510315,1
26,P33,P33,Pre_P33,1,0.5371255278587341,1
26,P33,P33,Pre_P33,1,0.49935829639434814,0
26,P33,P33,Pre_P33,1,0.5102892518043518,1
26,P33,P33,Pre_P33,1,0.5387919545173645,1
26,P33,P33,Pre_P33,1,0.5387148261070251,1
26,P33,P33,Pre_P33,1,0.5404301881790161,1
26,P33,P33,Pre_P33,1,0.5259896516799927,1
26,P33,P33,Pre_P33,1,0.5387148261070251,1
26,P33,P33,Pre_P33,1,0.5162156224250793,1
26,P33,P33,Pre_P33,1,0.5303831696510315,1
26,P33,P33,Pre_P33,1,0.5324791073799133,1
26,P33,P33,Pre_P33,1,0.4890839755535126,0
26,P33,P33,Pre_P33,1,0.5389509201049805,1
26,P33,P33,Pre_P33,1,0.5043734908103943,1
26,P33,P33,Pre_P33,1,0.5406873822212219,1
26,P33,P33,Pre_P33,1,0.46305570006370544,0
26,P33,P33,Pre_P33,1,0.49575188755989075,0
26,P33,P33,Pre_P33,1,0.491314172744751,0
26,P33,P33,Pre_P33,1,0.5306869149208069,1
26,P33,P33,Pre_P33,1,0.5300011038780212,1
26,P33,P33,Pre_P33,1,0.5020460486412048,1
26,P33,P33,Pre_P33,1,0.5292186737060547,1
26,P33,P33,Pre_P33,1,0.4808964729309082,0
26,P33,P33,Pre_P33,1,0.5455175042152405,1
26,P33,P33,Pre_P33,1,0.5392804145812988,1
26,P33,P33,Pre_P33,1,0.5395289659500122,1
26,P33,P33,Pre_P33,1,0.4767287075519562,0
26,P33,P33,Pre_P33,1,0.508716881275177,1
26,P33,P33,Pre_P33,1,0.5304144620895386,1
26,P33,P33,Pre_P33,1,0.5309868454933167,1
26,P33,P33,Pre_P33,1,0.5086113214492798,1
26,P33,P33,Pre_P33,1,0.5095475316047668,1
26,P33,P33,Pre_P33,1,0.5309868454933167,1
26,P33,P33,Pre_P33,1,0.5064875483512878,1
26,P33,P33,Pre_P33,1,0.5064875483512878,1
26,P33,P33,Pre_P33,1,0.48110684752464294,0
26,P33,P33,Pre_P33,1,0.5309650301933289,1
26,P33,P33,Pre_P33,1,0.4850286841392517,0
26,P33,P33,Pre_P33,1,0.5306556820869446,1
26,P33,P33,Pre_P33,1,0.49032366275787354,0
26,P33,P33,Pre_P33,1,0.524519145488739,1
26,P33,P33,Pre_P33,1,0.5471372008323669,1
26,P33,P33,Pre_P33,1,0.46865811944007874,0
26,P33,P33,Pre_P33,1,0.545753002166748,1
26,P33,P33,Pre_P33,1,0.49715253710746765,0
26,P33,P33,Pre_P33,1,0.5291321277618408,1
26,P33,P33,Pre_P33,1,0.5392804145812988,1
26,P33,P33,Pre_P33,1,0.49625539779663086,0
26,P33,P33,Pre_P33,1,0.5332673192024231,1
26,P33,P33,Pre_P33,1,0.5309868454933167,1
26,P33,P33,Pre_P33,1,0.5309868454933167,1
26,P33,P33,Pre_P33,1,0.48648878931999207,0
26,P33,P33,Pre_P33,1,0.47195205092430115,0
26,P33,P33,Pre_P33,1,0.5303997993469238,1
26,P33,P33,Pre_P33,1,0.5054932832717896,1
26,P33,P33,Pre_P33,1,0.48440325260162354,0
26,P33,P33,Pre_P33,1,0.5380432605743408,1
26,P33,P33,Pre_P33,1,0.49129921197891235,0
26,P33,P33,Pre_P33,1,0.5099108219146729,1
26,P33,P33,Pre_P33,1,0.5395164489746094,1
26,P33,P33,Pre_P33,1,0.5248456001281738,1
26,P33,P33,Pre_P33,1,0.538212776184082,1
26,P33,P33,Pre_P33,1,0.49530673027038574,0
26,P33,P33,Pre_P33,1,0.5254577398300171,1
26,P33,P33,Pre_P33,1,0.5452889800071716,1
26,P33,P33,Pre_P33,1,0.5306556820869446,1
26,P33,P33,Pre_P33,1,0.46900784969329834,0
26,P33,P33,Pre_P33,1,0.5089556574821472,1
26,P33,P33,Pre_P33,1,0.537550687789917,1
26,P33,P33,Pre_P33,1,0.5135012269020081,1
26,P33,P33,Pre_P33,1,0.5007606148719788,1
26,P33,P33,Pre_P33,1,0.4429806172847748,0
26,P33,P33,Pre_P33,1,0.5122483372688293,1
26,P33,P33,Pre_P33,1,0.5387148261070251,1
26,P33,P33,Pre_P33,1,0.529477059841156,1
26,P33,P33,Pre_P33,1,0.5389923453330994,1
26,P33,P33,Pre_P33,1,0.5288658738136292,1
26,P33,P33,Pre_P33,1,0.4517267048358917,0
26,P33,P33,Pre_P33,1,0.47579050064086914,0
26,P33,P33,Pre_P33,1,0.48041659593582153,0
26,P33,P33,Pre_P33,1,0.5024114847183228,1
26,P33,P33,Pre_P33,1,0.5048621296882629,1
26,P33,P33,Pre_P33,1,0.5057567358016968,1
26,P33,P33,Pre_P33,1,0.539130449295044,1
26,P33,P33,Pre_P33,1,0.5033424496650696,1
26,P33,P33,Pre_P33,1,0.5372548699378967,1
26,P33,P33,Pre_P33,1,0.5387148261070251,1
26,P33,P33,Pre_P33,1,0.5069302320480347,1
26,P33,P33,Pre_P33,1,0.5197513699531555,1
26,P33,P33,Pre_P33,1,0.5309389233589172,1
26,P33,P33,Pre_P33,1,0.5100591778755188,1
26,P33,P33,Pre_P33,1,0.5027294158935547,1
26,P33,P33,Pre_P33,1,0.5255480408668518,1
26,P33,P33,Pre_P33,1,0.47312837839126587,0
26,P33,P33,Pre_P33,1,0.486799955368042,0
26,P33,P33,Pre_P33,1,0.5108598470687866,1
26,P33,P33,Pre_P33,1,0.4728490114212036,0
26,P33,P33,Pre_P33,1,0.5039662718772888,1
26,P33,P33,Pre_P33,1,0.49772587418556213,0
26,P33,P33,Pre_P33,1,0.556952953338623,1
26,P33,P33,Pre_P33,1,0.5123168230056763,1
26,P33,P33,Pre_P33,1,0.5411050319671631,1
26,P33,P33,Pre_P33,1,0.49873968958854675,0
26,P33,P33,Pre_P33,1,0.4965372681617737,0
26,P33,P33,Pre_P33,1,0.5387919545173645,1
26,P33,P33,Pre_P33,1,0.5310181379318237,1
26,P33,P33,Pre_P33,1,0.540915846824646,1
26,P33,P33,Pre_P33,1,0.5382871031761169,1
26,P33,P33,Pre_P33,1,0.5255480408668518,1
26,P33,P33,Pre_P33,1,0.4975803792476654,0
26,P33,P33,Pre_P33,1,0.44169408082962036,0
26,P33,P33,Pre_P33,1,0.49800077080726624,0
26,P33,P33,Pre_P33,1,0.4453143775463104,0
26,P33,P33,Pre_P33,1,0.5297034382820129,1
26,P33,P33,Pre_P33,1,0.4952815771102905,0
26,P33,P33,Pre_P33,1,0.4949730932712555,0
26,P33,P33,Pre_P33,1,0.5374367833137512,1
26,P33,P33,Pre_P33,1,0.5386378765106201,1
26,P33,P33,Pre_P33,1,0.5391680598258972,1
26,P33,P33,Pre_P33,1,0.5439446568489075,1
26,P33,P33,Pre_P33,1,0.5310181379318237,1
26,P33,P33,Pre_P33,1,0.5306869149208069,1
26,P33,P33,Pre_P33,1,0.5389509201049805,1
26,P33,P33,Pre_P33,1,0.5047848224639893,1
26,P33,P33,Pre_P33,1,0.45225024223327637,0
26,P33,P33,Pre_P33,1,0.5123168230056763,1
26,P33,P33,Pre_P33,1,0.52884840965271,1
27,P35,P35,Pre_P35,1,0.45246753096580505,0
27,P35,P35,Pre_P35,1,0.5509599447250366,1
27,P35,P35,Pre_P35,1,0.5479615330696106,1
27,P35,P35,Pre_P35,1,0.4829102158546448,0
27,P35,P35,Pre_P35,1,0.5380316376686096,1
27,P35,P35,Pre_P35,1,0.5606366991996765,1
27,P35,P35,Pre_P35,1,0.5479615330696106,1
27,P35,P35,Pre_P35,1,0.5099717378616333,1
27,P35,P35,Pre_P35,1,0.5268189907073975,1
27,P35,P35,Pre_P35,1,0.5281750559806824,1
27,P35,P35,Pre_P35,1,0.45901358127593994,0
27,P35,P35,Pre_P35,1,0.5509599447250366,1
27,P35,P35,Pre_P35,1,0.4949747323989868,0
27,P35,P35,Pre_P35,1,0.458151638507843,0
27,P35,P35,Pre_P35,1,0.5384117960929871,1
27,P35,P35,Pre_P35,1,0.4877636432647705,0
27,P35,P35,Pre_P35,1,0.47622618079185486,0
27,P35,P35,Pre_P35,1,0.5322495102882385,1
27,P35,P35,Pre_P35,1,0.5491355657577515,1
27,P35,P35,Pre_P35,1,0.5373587608337402,1
27,P35,P35,Pre_P35,1,0.525244414806366,1
27,P35,P35,Pre_P35,1,0.4569289982318878,0
27,P35,P35,Pre_P35,1,0.5307652354240417,1
27,P35,P35,Pre_P35,1,0.5606366991996765,1
27,P35,P35,Pre_P35,1,0.5047192573547363,1
27,P35,P35,Pre_P35,1,0.5446071624755859,1
27,P35,P35,Pre_P35,1,0.5382578372955322,1
27,P35,P35,Pre_P35,1,0.5403745770454407,1
27,P35,P35,Pre_P35,1,0.5429794192314148,1
27,P35,P35,Pre_P35,1,0.4575289189815521,0
27,P35,P35,Pre_P35,1,0.5384567975997925,1
27,P35,P35,Pre_P35,1,0.5509599447250366,1
27,P35,P35,Pre_P35,1,0.4965842366218567,0
27,P35,P35,Pre_P35,1,0.5384567975997925,1
27,P35,P35,Pre_P35,1,0.5511802434921265,1
27,P35,P35,Pre_P35,1,0.5215882658958435,1
27,P35,P35,Pre_P35,1,0.5485562086105347,1
27,P35,P35,Pre_P35,1,0.47012627124786377,0
27,P35,P35,Pre_P35,1,0.5489920973777771,1
27,P35,P35,Pre_P35,1,0.5377716422080994,1
27,P35,P35,Pre_P35,1,0.5489920973777771,1
27,P35,P35,Pre_P35,1,0.5386290550231934,1
27,P35,P35,Pre_P35,1,0.5489920973777771,1
27,P35,P35,Pre_P35,1,0.47340127825737,0
27,P35,P35,Pre_P35,1,0.5606366991996765,1
27,P35,P35,Pre_P35,1,0.5446071624755859,1
27,P35,P35,Pre_P35,1,0.5431501269340515,1
27,P35,P35,Pre_P35,1,0.5394461154937744,1
27,P35,P35,Pre_P35,1,0.48165491223335266,0
27,P35,P35,Pre_P35,1,0.5511802434921265,1
27,P35,P35,Pre_P35,1,0.5476821660995483,1
27,P35,P35,Pre_P35,1,0.488933801651001,0
27,P35,P35,Pre_P35,1,0.4664411246776581,0
27,P35,P35,Pre_P35,1,0.5489920973777771,1
27,P35,P35,Pre_P35,1,0.5322495102882385,1
27,P35,P35,Pre_P35,1,0.5221914649009705,1
27,P35,P35,Pre_P35,1,0.5606366991996765,1
27,P35,P35,Pre_P35,1,0.4703727960586548,0
27,P35,P35,Pre_P35,1,0.5384567975997925,1
27,P35,P35,Pre_P35,1,0.49431997537612915,0
27,P35,P35,Pre_P35,1,0.5433561205863953,1
27,P35,P35,Pre_P35,1,0.4682108461856842,0
27,P35,P35,Pre_P35,1,0.5040467381477356,1
27,P35,P35,Pre_P35,1,0.49348434805870056,0
27,P35,P35,Pre_P35,1,0.5322495102882385,1
27,P35,P35,Pre_P35,1,0.5093716979026794,1
27,P35,P35,Pre_P35,1,0.5393660664558411,1
27,P35,P35,Pre_P35,1,0.4926501214504242,0
27,P35,P35,Pre_P35,1,0.4844594895839691,0
27,P35,P35,Pre_P35,1,0.5511802434921265,1
27,P35,P35,Pre_P35,1,0.49181804060935974,0
27,P35,P35,Pre_P35,1,0.5509599447250366,1
27,P35,P35,Pre_P35,1,0.5303788781166077,1
27,P35,P35,Pre_P35,1,0.5413913130760193,1
27,P35,P35,Pre_P35,1,0.5389745831489563,1
27,P35,P35,Pre_P35,1,0.5512140393257141,1
27,P35,P35,Pre_P35,1,0.5385117530822754,1
27,P35,P35,Pre_P35,1,0.503924548625946,1
27,P35,P35,Pre_P35,1,0.484412282705307,0
27,P35,P35,Pre_P35,1,0.5323646664619446,1
27,P35,P35,Pre_P35,1,0.5234599709510803,1
27,P35,P35,Pre_P35,1,0.46471747756004333,0
27,P35,P35,Pre_P35,1,0.5234599709510803,1
27,P35,P35,Pre_P35,1,0.47590866684913635,0
27,P35,P35,Pre_P35,1,0.48480021953582764,0
27,P35,P35,Pre_P35,1,0.5433561205863953,1
27,P35,P35,Pre_P35,1,0.5384567975997925,1
27,P35,P35,Pre_P35,1,0.5392098426818848,1
27,P35,P35,Pre_P35,1,0.5364893674850464,1
27,P35,P35,Pre_P35,1,0.5511802434921265,1
27,P35,P35,Pre_P35,1,0.5153036117553711,1
27,P35,P35,Pre_P35,1,0.48819610476493835,0
27,P35,P35,Pre_P35,1,0.5424135327339172,1
27,P35,P35,Pre_P35,1,0.5380316376686096,1
27,P35,P35,Pre_P35,1,0.5322495102882385,1
27,P35,P35,Pre_P35,1,0.5516661405563354,1
27,P35,P35,Pre_P35,1,0.5396348237991333,1
27,P35,P35,Pre_P35,1,0.5322495102882385,1
27,P35,P35,Pre_P35,1,0.5280413031578064,1
27,P35,P35,Pre_P35,1,0.4779338538646698,0
27,P35,P35,Pre_P35,1,0.5359790921211243,1
27,P35,P35,Pre_P35,1,0.5396348237991333,1
27,P35,P35,Pre_P35,1,0.5489920973777771,1
27,P35,P35,Pre_P35,1,0.5487716794013977,1
27,P35,P35,Pre_P35,1,0.53836989402771,1
27,P35,P35,Pre_P35,1,0.5472614765167236,1
27,P35,P35,Pre_P35,1,0.5142694115638733,1
27,P35,P35,Pre_P35,1,0.47724011540412903,0
27,P35,P35,Pre_P35,1,0.5489324331283569,1
27,P35,P35,Pre_P35,1,0.5396348237991333,1
27,P35,P35,Pre_P35,1,0.5359790921211243,1
27,P35,P35,Pre_P35,1,0.542179524898529,1
27,P35,P35,Pre_P35,1,0.5396348237991333,1
27,P35,P35,Pre_P35,1,0.5420001149177551,1
27,P35,P35,Pre_P35,1,0.5359005928039551,1
27,P35,P35,Pre_P35,1,0.4862521290779114,0
27,P35,P35,Pre_P35,1,0.5357575416564941,1
27,P35,P35,Pre_P35,1,0.5265483260154724,1
27,P35,P35,Pre_P35,1,0.5066724419593811,1
27,P35,P35,Pre_P35,1,0.5071837306022644,1
27,P35,P35,Pre_P35,1,0.5381826758384705,1
27,P35,P35,Pre_P35,1,0.5507447719573975,1
27,P35,P35,Pre_P35,1,0.4961176812648773,0
27,P35,P35,Pre_P35,1,0.5433561205863953,1
27,P35,P35,Pre_P35,1,0.47967103123664856,0
27,P35,P35,Pre_P35,1,0.5356585383415222,1
27,P35,P35,Pre_P35,1,0.5089542865753174,1
27,P35,P35,Pre_P35,1,0.5412828326225281,1
27,P35,P35,Pre_P35,1,0.5045278072357178,1
27,P35,P35,Pre_P35,1,0.529466986656189,1
27,P35,P35,Pre_P35,1,0.5311908721923828,1
27,P35,P35,Pre_P35,1,0.5396348237991333,1
27,P35,P35,Pre_P35,1,0.5013143420219421,1
27,P35,P35,Pre_P35,1,0.5384567975997925,1
27,P35,P35,Pre_P35,1,0.5043514370918274,1
27,P35,P35,Pre_P35,1,0.5378153920173645,1
27,P35,P35,Pre_P35,1,0.5308072566986084,1
27,P35,P35,Pre_P35,1,0.5110844373703003,1
27,P35,P35,Pre_P35,1,0.4937454164028168,0
27,P35,P35,Pre_P35,1,0.5127040147781372,1
27,P35,P35,Pre_P35,1,0.5072393417358398,1
27,P35,P35,Pre_P35,1,0.4768552780151367,0
27,P35,P35,Pre_P35,1,0.5606366991996765,1
27,P35,P35,Pre_P35,1,0.5086637735366821,1
27,P35,P35,Pre_P35,1,0.48624154925346375,0
27,P35,P35,Pre_P35,1,0.5322495102882385,1
27,P35,P35,Pre_P35,1,0.5307652354240417,1
27,P35,P35,Pre_P35,1,0.46600502729415894,0
27,P35,P35,Pre_P35,1,0.5388296246528625,1
27,P35,P35,Pre_P35,1,0.52619469165802,1
27,P35,P35,Pre_P35,1,0.5606366991996765,1
27,P35,P35,Pre_P35,1,0.5382176637649536,1
27,P35,P35,Pre_P35,1,0.5418026447296143,1
27,P35,P35,Pre_P35,1,0.5509599447250366,1
27,P35,P35,Pre_P35,1,0.4921075403690338,0
27,P35,P35,Pre_P35,1,0.4764605462551117,0
27,P35,P35,Pre_P35,1,0.5076727271080017,1
27,P35,P35,Pre_P35,1,0.5301622748374939,1
27,P35,P35,Pre_P35,1,0.53836989402771,1
27,P35,P35,Pre_P35,1,0.47760605812072754,0
27,P35,P35,Pre_P35,1,0.4840792715549469,0
27,P35,P35,Pre_P35,1,0.49587684869766235,0
27,P35,P35,Pre_P35,1,0.4548686742782593,0
27,P35,P35,Pre_P35,1,0.49501246213912964,0
27,P35,P35,Pre_P35,1,0.5359790921211243,1
27,P35,P35,Pre_P35,1,0.5164428353309631,1
27,P35,P35,Pre_P35,1,0.5433561205863953,1
27,P35,P35,Pre_P35,1,0.5458829402923584,1
27,P35,P35,Pre_P35,1,0.5489324331283569,1
27,P35,P35,Pre_P35,1,0.5329908132553101,1
27,P35,P35,Pre_P35,1,0.5236784815788269,1
27,P35,P35,Pre_P35,1,0.5024974942207336,1
27,P35,P35,Pre_P35,1,0.4780987501144409,0
27,P35,P35,Pre_P35,1,0.49492567777633667,0
27,P35,P35,Pre_P35,1,0.5322495102882385,1
27,P35,P35,Pre_P35,1,0.49023738503456116,0
27,P35,P35,Pre_P35,1,0.5359790921211243,1
27,P35,P35,Pre_P35,1,0.5261933207511902,1
27,P35,P35,Pre_P35,1,0.5606366991996765,1
27,P35,P35,Pre_P35,1,0.5396348237991333,1
27,P35,P35,Pre_P35,1,0.5479615330696106,1
27,P35,P35,Pre_P35,1,0.5210356116294861,1
27,P35,P35,Pre_P35,1,0.5359790921211243,1
27,P35,P35,Pre_P35,1,0.5446071624755859,1
27,P35,P35,Pre_P35,1,0.5214086771011353,1
27,P35,P35,Pre_P35,1,0.5396348237991333,1
27,P35,P35,Pre_P35,1,0.5511802434921265,1
27,P35,P35,Pre_P35,1,0.47228899598121643,0
27,P35,P35,Pre_P35,1,0.535724937915802,1
27,P35,P35,Pre_P35,1,0.5394310355186462,1
27,P35,P35,Pre_P35,1,0.51795893907547,1
27,P35,P35,Pre_P35,1,0.5388053059577942,1
27,P35,P35,Pre_P35,1,0.5479615330696106,1
27,P35,P35,Pre_P35,1,0.5384567975997925,1
27,P35,P35,Pre_P35,1,0.5606366991996765,1
27,P35,P35,Pre_P35,1,0.47227051854133606,0
27,P35,P35,Pre_P35,1,0.5283942818641663,1
27,P35,P35,Pre_P35,1,0.5310477614402771,1
27,P35,P35,Pre_P35,1,0.5606366991996765,1
27,P35,P35,Pre_P35,1,0.524607241153717,1
27,P35,P35,Pre_P35,1,0.4739946722984314,0
27,P35,P35,Pre_P35,1,0.5318235754966736,1
27,P35,P35,Pre_P35,1,0.5434989333152771,1
27,P35,P35,Pre_P35,1,0.5081449747085571,1
27,P35,P35,Pre_P35,1,0.5222353935241699,1
27,P35,P35,Pre_P35,1,0.5322495102882385,1
27,P35,P35,Pre_P35,1,0.48720505833625793,0
27,P35,P35,Pre_P35,1,0.4761347770690918,0
27,P35,P35,Pre_P35,1,0.5482895970344543,1
27,P35,P35,Pre_P35,1,0.5019516944885254,1
27,P35,P35,Pre_P35,1,0.5424135327339172,1
27,P35,P35,Pre_P35,1,0.5511802434921265,1
27,P35,P35,Pre_P35,1,0.5382352471351624,1
27,P35,P35,Pre_P35,1,0.5484398007392883,1
27,P35,P35,Pre_P35,1,0.5474686622619629,1
27,P35,P35,Pre_P35,1,0.5391975045204163,1
27,P35,P35,Pre_P35,1,0.4683407247066498,0
27,P35,P35,Pre_P35,1,0.5269087553024292,1
27,P35,P35,Pre_P35,1,0.5444304347038269,1
27,P35,P35,Pre_P35,1,0.5606366991996765,1
27,P35,P35,Pre_P35,1,0.49272653460502625,0
27,P35,P35,Pre_P35,1,0.5028411746025085,1
27,P35,P35,Pre_P35,1,0.5015903115272522,1
27,P35,P35,Pre_P35,1,0.5384567975997925,1
27,P35,P35,Pre_P35,1,0.4640955626964569,0
27,P35,P35,Pre_P35,1,0.5489920973777771,1
27,P35,P35,Pre_P35,1,0.5446071624755859,1
27,P35,P35,Pre_P35,1,0.5511802434921265,1
27,P35,P35,Pre_P35,1,0.5405622124671936,1
27,P35,P35,Pre_P35,1,0.4691625237464905,0
27,P35,P35,Pre_P35,1,0.5491355657577515,1
27,P35,P35,Pre_P35,1,0.5433561205863953,1
27,P35,P35,Pre_P35,1,0.5489920973777771,1
27,P35,P35,Pre_P35,1,0.5320413708686829,1
27,P35,P35,Pre_P35,1,0.532002866268158,1
27,P35,P35,Pre_P35,1,0.5511802434921265,1
27,P35,P35,Pre_P35,1,0.5581793785095215,1
27,P35,P35,Pre_P35,1,0.5329908132553101,1
28,P4,P4,Pre_P4,0,0.1166476160287857,0
28,P4,P4,Pre_P4,0,0.8001716732978821,1
28,P4,P4,Pre_P4,0,0.5667693018913269,1
28,P4,P4,Pre_P4,0,0.045017827302217484,0
28,P4,P4,Pre_P4,0,0.419188529253006,0
28,P4,P4,Pre_P4,0,0.3200377821922302,0
28,P4,P4,Pre_P4,0,0.10045068711042404,0
28,P4,P4,Pre_P4,0,0.09353836625814438,0
28,P4,P4,Pre_P4,0,0.5434240698814392,1
28,P4,P4,Pre_P4,0,0.0878882110118866,0
28,P4,P4,Pre_P4,0,0.040968526154756546,0
28,P4,P4,Pre_P4,0,0.4212844669818878,0
28,P4,P4,Pre_P4,0,0.15011607110500336,0
28,P4,P4,Pre_P4,0,0.07336036115884781,0
28,P4,P4,Pre_P4,0,0.4616093039512634,0
28,P4,P4,Pre_P4,0,0.06246434524655342,0
28,P4,P4,Pre_P4,0,0.08662829548120499,0
28,P4,P4,Pre_P4,0,0.6164776086807251,1
28,P4,P4,Pre_P4,0,0.2719619870185852,0
28,P4,P4,Pre_P4,0,0.0630561113357544,0
28,P4,P4,Pre_P4,0,0.06755925714969635,0
28,P4,P4,Pre_P4,0,0.2040688544511795,0
28,P4,P4,Pre_P4,0,0.05634133890271187,0
28,P4,P4,Pre_P4,0,0.1970830112695694,0
28,P4,P4,Pre_P4,0,0.28251227736473083,0
28,P4,P4,Pre_P4,0,0.48510777950286865,0
28,P4,P4,Pre_P4,0,0.19676342606544495,0
28,P4,P4,Pre_P4,0,0.17440393567085266,0
28,P4,P4,Pre_P4,0,0.08878230303525925,0
28,P4,P4,Pre_P4,0,0.017041554674506187,0
28,P4,P4,Pre_P4,0,0.05527181178331375,0
28,P4,P4,Pre_P4,0,0.3630615472793579,0
28,P4,P4,Pre_P4,0,0.0731000155210495,0
28,P4,P4,Pre_P4,0,0.018167441710829735,0
28,P4,P4,Pre_P4,0,0.3878374695777893,0
28,P4,P4,Pre_P4,0,0.02787661924958229,0
28,P4,P4,Pre_P4,0,0.041799236088991165,0
28,P4,P4,Pre_P4,0,0.06422457098960876,0
28,P4,P4,Pre_P4,0,0.014619165100157261,0
28,P4,P4,Pre_P4,0,0.37268489599227905,0
28,P4,P4,Pre_P4,0,0.024977346882224083,0
28,P4,P4,Pre_P4,0,0.07079809904098511,0
28,P4,P4,Pre_P4,0,0.014521215111017227,0
28,P4,P4,Pre_P4,0,0.08410709351301193,0
28,P4,P4,Pre_P4,0,0.47934672236442566,0
28,P4,P4,Pre_P4,0,0.023400086909532547,0
28,P4,P4,Pre_P4,0,0.10684093087911606,0
28,P4,P4,Pre_P4,0,0.03697756305336952,0
28,P4,P4,Pre_P4,0,0.04136902838945389,0
28,P4,P4,Pre_P4,0,0.033574797213077545,0
28,P4,P4,Pre_P4,0,0.024571817368268967,0
28,P4,P4,Pre_P4,0,0.11566167324781418,0
28,P4,P4,Pre_P4,0,0.16704240441322327,0
28,P4,P4,Pre_P4,0,0.23929861187934875,0
28,P4,P4,Pre_P4,0,0.027423195540905,0
28,P4,P4,Pre_P4,0,0.24725061655044556,0
28,P4,P4,Pre_P4,0,0.10776437073945999,0
28,P4,P4,Pre_P4,0,0.5471043586730957,1
28,P4,P4,Pre_P4,0,0.03206077963113785,0
28,P4,P4,Pre_P4,0,0.36805447936058044,0
28,P4,P4,Pre_P4,0,0.34041789174079895,0
28,P4,P4,Pre_P4,0,0.06115984544157982,0
28,P4,P4,Pre_P4,0,0.07440708577632904,0
28,P4,P4,Pre_P4,0,0.4749201536178589,0
28,P4,P4,Pre_P4,0,0.25798606872558594,0
28,P4,P4,Pre_P4,0,0.421203076839447,0
28,P4,P4,Pre_P4,0,0.04275759682059288,0
28,P4,P4,Pre_P4,0,0.05781107395887375,0
28,P4,P4,Pre_P4,0,0.13989105820655823,0
28,P4,P4,Pre_P4,0,0.0952659398317337,0
28,P4,P4,Pre_P4,0,0.03974844142794609,0
28,P4,P4,Pre_P4,0,0.13259100914001465,0
28,P4,P4,Pre_P4,0,0.05671026185154915,0
28,P4,P4,Pre_P4,0,0.10829511284828186,0
28,P4,P4,Pre_P4,0,0.7997032403945923,1
28,P4,P4,Pre_P4,0,0.1641770303249359,0
28,P4,P4,Pre_P4,0,0.07704518735408783,0
28,P4,P4,Pre_P4,0,0.1797829270362854,0
28,P4,P4,Pre_P4,0,0.03447173908352852,0
28,P4,P4,Pre_P4,0,0.023168273270130157,0
28,P4,P4,Pre_P4,0,0.11913987249135971,0
28,P4,P4,Pre_P4,0,0.04162734001874924,0
28,P4,P4,Pre_P4,0,0.6275179386138916,1
28,P4,P4,Pre_P4,0,0.054139964282512665,0
28,P4,P4,Pre_P4,0,0.015043406747281551,0
28,P4,P4,Pre_P4,0,0.052883993834257126,0
28,P4,P4,Pre_P4,0,0.42378079891204834,0
28,P4,P4,Pre_P4,0,0.021766047924757004,0
28,P4,P4,Pre_P4,0,0.04287711903452873,0
28,P4,P4,Pre_P4,0,0.060066577047109604,0
28,P4,P4,Pre_P4,0,0.4447310268878937,0
28,P4,P4,Pre_P4,0,0.036654695868492126,0
28,P4,P4,Pre_P4,0,0.04029521346092224,0
28,P4,P4,Pre_P4,0,0.06104704365134239,0
28,P4,P4,Pre_P4,0,0.6587384939193726,1
28,P4,P4,Pre_P4,0,0.04502429440617561,0
28,P4,P4,Pre_P4,0,0.13975439965724945,0
28,P4,P4,Pre_P4,0,0.021160470321774483,0
28,P4,P4,Pre_P4,0,0.08310884237289429,0
28,P4,P4,Pre_P4,0,0.07022427767515182,0
28,P4,P4,Pre_P4,0,0.07468611747026443,0
28,P4,P4,Pre_P4,0,0.03686342388391495,0
28,P4,P4,Pre_P4,0,0.7956004738807678,1
28,P4,P4,Pre_P4,0,0.049203235656023026,0
28,P4,P4,Pre_P4,0,0.21564283967018127,0
28,P4,P4,Pre_P4,0,0.1346343457698822,0
28,P4,P4,Pre_P4,0,0.050326280295848846,0
28,P4,P4,Pre_P4,0,0.7350232005119324,1
28,P4,P4,Pre_P4,0,0.2570461928844452,0
28,P4,P4,Pre_P4,0,0.2773630619049072,0
28,P4,P4,Pre_P4,0,0.5137267708778381,1
28,P4,P4,Pre_P4,0,0.2587102949619293,0
28,P4,P4,Pre_P4,0,0.14544007182121277,0
28,P4,P4,Pre_P4,0,0.08261776715517044,0
28,P4,P4,Pre_P4,0,0.3406517505645752,0
28,P4,P4,Pre_P4,0,0.06070064753293991,0
28,P4,P4,Pre_P4,0,0.5104995369911194,1
28,P4,P4,Pre_P4,0,0.04050484672188759,0
28,P4,P4,Pre_P4,0,0.14584769308567047,0
28,P4,P4,Pre_P4,0,0.07138711214065552,0
28,P4,P4,Pre_P4,0,0.08998215943574905,0
28,P4,P4,Pre_P4,0,0.016352610662579536,0
28,P4,P4,Pre_P4,0,0.06437324732542038,0
28,P4,P4,Pre_P4,0,0.018605751916766167,0
28,P4,P4,Pre_P4,0,0.4315888583660126,0
28,P4,P4,Pre_P4,0,0.4648389220237732,0
28,P4,P4,Pre_P4,0,0.012723439373075962,0
28,P4,P4,Pre_P4,0,0.03723224252462387,0
28,P4,P4,Pre_P4,0,0.13221591711044312,0
28,P4,P4,Pre_P4,0,0.023330438882112503,0
28,P4,P4,Pre_P4,0,0.2594173848628998,0
28,P4,P4,Pre_P4,0,0.05541350319981575,0
28,P4,P4,Pre_P4,0,0.1777002364397049,0
28,P4,P4,Pre_P4,0,0.05458492785692215,0
28,P4,P4,Pre_P4,0,0.020580068230628967,0
28,P4,P4,Pre_P4,0,0.037675198167562485,0
28,P4,P4,Pre_P4,0,0.033749014139175415,0
28,P4,P4,Pre_P4,0,0.17163093388080597,0
28,P4,P4,Pre_P4,0,0.025053847581148148,0
28,P4,P4,Pre_P4,0,0.10604633390903473,0
28,P4,P4,Pre_P4,0,0.06520083546638489,0
28,P4,P4,Pre_P4,0,0.3978956639766693,0
28,P4,P4,Pre_P4,0,0.6872462630271912,1
28,P4,P4,Pre_P4,0,0.05307243764400482,0
28,P4,P4,Pre_P4,0,0.2475508153438568,0
28,P4,P4,Pre_P4,0,0.007733356673270464,0
28,P4,P4,Pre_P4,0,0.19752614200115204,0
28,P4,P4,Pre_P4,0,0.08645050972700119,0
28,P4,P4,Pre_P4,0,0.09565742313861847,0
28,P4,P4,Pre_P4,0,0.5405880212783813,1
28,P4,P4,Pre_P4,0,0.08177319169044495,0
28,P4,P4,Pre_P4,0,0.7242706418037415,1
28,P4,P4,Pre_P4,0,0.4039347469806671,0
28,P4,P4,Pre_P4,0,0.37973853945732117,0
28,P4,P4,Pre_P4,0,0.03032817132771015,0
28,P4,P4,Pre_P4,0,0.18934926390647888,0
28,P4,P4,Pre_P4,0,0.343567430973053,0
28,P4,P4,Pre_P4,0,0.04134349897503853,0
28,P4,P4,Pre_P4,0,0.13592152297496796,0
28,P4,P4,Pre_P4,0,0.07863541692495346,0
28,P4,P4,Pre_P4,0,0.15343314409255981,0
28,P4,P4,Pre_P4,0,0.15502217411994934,0
28,P4,P4,Pre_P4,0,0.6691932678222656,1
28,P4,P4,Pre_P4,0,0.026945460587739944,0
28,P4,P4,Pre_P4,0,0.16760045289993286,0
28,P4,P4,Pre_P4,0,0.16662809252738953,0
28,P4,P4,Pre_P4,0,0.06614330410957336,0
28,P4,P4,Pre_P4,0,0.02298971451818943,0
28,P4,P4,Pre_P4,0,0.1116047278046608,0
28,P4,P4,Pre_P4,0,0.09643679857254028,0
28,P4,P4,Pre_P4,0,0.1168304905295372,0
28,P4,P4,Pre_P4,0,0.015277167782187462,0
28,P4,P4,Pre_P4,0,0.059121400117874146,0
28,P4,P4,Pre_P4,0,0.09462878853082657,0
28,P4,P4,Pre_P4,0,0.5205590128898621,1
28,P4,P4,Pre_P4,0,0.21446894109249115,0
28,P4,P4,Pre_P4,0,0.02928396873176098,0
28,P4,P4,Pre_P4,0,0.1974816769361496,0
28,P4,P4,Pre_P4,0,0.0250938069075346,0
28,P4,P4,Pre_P4,0,0.2947511076927185,0
28,P4,P4,Pre_P4,0,0.0978286936879158,0
28,P4,P4,Pre_P4,0,0.11763317137956619,0
28,P4,P4,Pre_P4,0,0.7114652395248413,1
28,P4,P4,Pre_P4,0,0.13753832876682281,0
28,P4,P4,Pre_P4,0,0.17080362141132355,0
28,P4,P4,Pre_P4,0,0.289127916097641,0
28,P4,P4,Pre_P4,0,0.8138212561607361,1
28,P4,P4,Pre_P4,0,0.19341659545898438,0
28,P4,P4,Pre_P4,0,0.24699726700782776,0
28,P4,P4,Pre_P4,0,0.05185770243406296,0
28,P4,P4,Pre_P4,0,0.24387961626052856,0
28,P4,P4,Pre_P4,0,0.5630807280540466,1
28,P4,P4,Pre_P4,0,0.06195478141307831,0
28,P4,P4,Pre_P4,0,0.37204015254974365,0
28,P4,P4,Pre_P4,0,0.011803220957517624,0
28,P4,P4,Pre_P4,0,0.05108729004859924,0
28,P4,P4,Pre_P4,0,0.06952079385519028,0
28,P4,P4,Pre_P4,0,0.18546415865421295,0
28,P4,P4,Pre_P4,0,0.0162913016974926,0
28,P4,P4,Pre_P4,0,0.1420404016971588,0
28,P4,P4,Pre_P4,0,0.5383649468421936,1
28,P4,P4,Pre_P4,0,0.03105677105486393,0
28,P4,P4,Pre_P4,0,0.14646022021770477,0
28,P4,P4,Pre_P4,0,0.044749755412340164,0
28,P4,P4,Pre_P4,0,0.052542805671691895,0
28,P4,P4,Pre_P4,0,0.09814334660768509,0
28,P4,P4,Pre_P4,0,0.007608954329043627,0
28,P4,P4,Pre_P4,0,0.020118944346904755,0
28,P4,P4,Pre_P4,0,0.04726516827940941,0
28,P4,P4,Pre_P4,0,0.01379760354757309,0
28,P4,P4,Pre_P4,0,0.23699656128883362,0
28,P4,P4,Pre_P4,0,0.15732745826244354,0
28,P4,P4,Pre_P4,0,0.2475038319826126,0
28,P4,P4,Pre_P4,0,0.5836104154586792,1
28,P4,P4,Pre_P4,0,0.039835426956415176,0
28,P4,P4,Pre_P4,0,0.02637733332812786,0
28,P4,P4,Pre_P4,0,0.21854551136493683,0
28,P4,P4,Pre_P4,0,0.6378624439239502,1
28,P4,P4,Pre_P4,0,0.050555042922496796,0
28,P4,P4,Pre_P4,0,0.10710648447275162,0
28,P4,P4,Pre_P4,0,0.07928957045078278,0
28,P4,P4,Pre_P4,0,0.05666560307145119,0
28,P4,P4,Pre_P4,0,0.14575915038585663,0
28,P4,P4,Pre_P4,0,0.121040940284729,0
28,P4,P4,Pre_P4,0,0.6937674880027771,1
28,P4,P4,Pre_P4,0,0.3515426516532898,0
28,P4,P4,Pre_P4,0,0.6950700879096985,1
28,P4,P4,Pre_P4,0,0.691317617893219,1
28,P4,P4,Pre_P4,0,0.7997032403945923,1
28,P4,P4,Pre_P4,0,0.250825971364975,0
28,P4,P4,Pre_P4,0,0.05951540544629097,0
28,P4,P4,Pre_P4,0,0.5108291506767273,1
28,P4,P4,Pre_P4,0,0.014594217762351036,0
28,P4,P4,Pre_P4,0,0.24787521362304688,0
28,P4,P4,Pre_P4,0,0.3229861259460449,0
28,P4,P4,Pre_P4,0,0.11793090403079987,0
28,P4,P4,Pre_P4,0,0.04341057687997818,0
28,P4,P4,Pre_P4,0,0.257851779460907,0
28,P4,P4,Pre_P4,0,0.008546847850084305,0
28,P4,P4,Pre_P4,0,0.5508546829223633,1
28,P4,P4,Pre_P4,0,0.09756963700056076,0
28,P4,P4,Pre_P4,0,0.01815992407500744,0
28,P4,P4,Pre_P4,0,0.5598750114440918,1
28,P4,P4,Pre_P4,0,0.6967817544937134,1
28,P4,P4,Pre_P4,0,0.20436692237854004,0
28,P4,P4,Pre_P4,0,0.28899621963500977,0
28,P4,P4,Pre_P4,0,0.05909125506877899,0
28,P4,P4,Pre_P4,0,0.054701391607522964,0
28,P4,P4,Pre_P4,0,0.7429106831550598,1
28,P4,P4,Pre_P4,0,0.1686086356639862,0
28,P4,P4,Pre_P4,0,0.01763889379799366,0
28,P4,P4,Pre_P4,0,0.021663915365934372,0
28,P4,P4,Pre_P4,0,0.06511472910642624,0
28,P4,P4,Pre_P4,0,0.17221590876579285,0
28,P4,P4,Pre_P4,0,0.02434835210442543,0
28,P4,P4,Pre_P4,0,0.04575390741229057,0
28,P4,P4,Pre_P4,0,0.02942143753170967,0
28,P4,P4,Pre_P4,0,0.6172099709510803,1
28,P4,P4,Pre_P4,0,0.028385421261191368,0
28,P4,P4,Pre_P4,0,0.05201809108257294,0
28,P4,P4,Pre_P4,0,0.03070233203470707,0
28,P4,P4,Pre_P4,0,0.03352878987789154,0
28,P4,P4,Pre_P4,0,0.047961171716451645,0
28,P4,P4,Pre_P4,0,0.019758576527237892,0
28,P4,P4,Pre_P4,0,0.043846167623996735,0
28,P4,P4,Pre_P4,0,0.027256570756435394,0
28,P4,P4,Pre_P4,0,0.11946205049753189,0
28,P4,P4,Pre_P4,0,0.06458564102649689,0
28,P4,P4,Pre_P4,0,0.47105279564857483,0
28,P4,P4,Pre_P4,0,0.017610549926757812,0
28,P4,P4,Pre_P4,0,0.07020341604948044,0
28,P4,P4,Pre_P4,0,0.3776378929615021,0
28,P4,P4,Pre_P4,0,0.30300620198249817,0
28,P4,P4,Pre_P4,0,0.10713446140289307,0
28,P4,P4,Pre_P4,0,0.01654687523841858,0
28,P4,P4,Pre_P4,0,0.1289384961128235,0
28,P4,P4,Pre_P4,0,0.09689203649759293,0
28,P4,P4,Pre_P4,0,0.6590372323989868,1
28,P4,P4,Pre_P4,0,0.01016452256590128,0
28,P4,P4,Pre_P4,0,0.5076101422309875,1
28,P4,P4,Pre_P4,0,0.09437365084886551,0
28,P4,P4,Pre_P4,0,0.488591730594635,0
28,P4,P4,Pre_P4,0,0.20218525826931,0
28,P4,P4,Pre_P4,0,0.9037448763847351,1
28,P4,P4,Pre_P4,0,0.07746158540248871,0
28,P4,P4,Pre_P4,0,0.783392071723938,1
28,P4,P4,Pre_P4,0,0.2489122599363327,0
28,P4,P4,Pre_P4,0,0.05363164097070694,0
28,P4,P4,Pre_P4,0,0.029439788311719894,0
28,P4,P4,Pre_P4,0,0.12359292805194855,0
28,P4,P4,Pre_P4,0,0.08612484484910965,0
28,P4,P4,Pre_P4,0,0.6326739192008972,1
28,P4,P4,Pre_P4,0,0.033470068126916885,0
28,P4,P4,Pre_P4,0,0.03501233085989952,0
28,P4,P4,Pre_P4,0,0.10383646935224533,0
28,P4,P4,Pre_P4,0,0.442185640335083,0
28,P4,P4,Pre_P4,0,0.061412785202264786,0
28,P4,P4,Pre_P4,0,0.059528693556785583,0
28,P4,P4,Pre_P4,0,0.43610841035842896,0
28,P4,P4,Pre_P4,0,0.0437452532351017,0
28,P4,P4,Pre_P4,0,0.09427765756845474,0
28,P4,P4,Pre_P4,0,0.12432705610990524,0
28,P4,P4,Pre_P4,0,0.041448336094617844,0
28,P4,P4,Pre_P4,0,0.21641717851161957,0
28,P4,P4,Pre_P4,0,0.04408557713031769,0
28,P4,P4,Pre_P4,0,0.028494983911514282,0
28,P4,P4,Pre_P4,0,0.7805252075195312,1
28,P4,P4,Pre_P4,0,0.04031110554933548,0
28,P4,P4,Pre_P4,0,0.13378538191318512,0
28,P4,P4,Pre_P4,0,0.05904610827565193,0
28,P4,P4,Pre_P4,0,0.46230876445770264,0
28,P4,P4,Post_P4,1,0.2285383939743042,0
28,P4,P4,Post_P4,1,0.18033726513385773,0
28,P4,P4,Post_P4,1,0.6214719414710999,1
28,P4,P4,Post_P4,1,0.5272932648658752,1
28,P4,P4,Post_P4,1,0.4642639458179474,0
28,P4,P4,Post_P4,1,0.790331244468689,1
28,P4,P4,Post_P4,1,0.12167470902204514,0
28,P4,P4,Post_P4,1,0.6402400135993958,1
28,P4,P4,Post_P4,1,0.675697386264801,1
28,P4,P4,Post_P4,1,0.4963230490684509,0
28,P4,P4,Post_P4,1,0.7792624235153198,1
28,P4,P4,Post_P4,1,0.11130007356405258,0
28,P4,P4,Post_P4,1,0.32056233286857605,0
28,P4,P4,Post_P4,1,0.7168494462966919,1
28,P4,P4,Post_P4,1,0.8938431739807129,1
28,P4,P4,Post_P4,1,0.4653398096561432,0
28,P4,P4,Post_P4,1,0.5922200083732605,1
28,P4,P4,Post_P4,1,0.6492235660552979,1
28,P4,P4,Post_P4,1,0.5298196077346802,1
28,P4,P4,Post_P4,1,0.5965933203697205,1
28,P4,P4,Post_P4,1,0.8627105951309204,1
28,P4,P4,Post_P4,1,0.17881938815116882,0
28,P4,P4,Post_P4,1,0.4611086845397949,0
28,P4,P4,Post_P4,1,0.5353440046310425,1
28,P4,P4,Post_P4,1,0.270018994808197,0
28,P4,P4,Post_P4,1,0.40118905901908875,0
28,P4,P4,Post_P4,1,0.3073083460330963,0
28,P4,P4,Post_P4,1,0.6770164966583252,1
28,P4,P4,Post_P4,1,0.29056790471076965,0
28,P4,P4,Post_P4,1,0.9064286351203918,1
28,P4,P4,Post_P4,1,0.717809796333313,1
28,P4,P4,Post_P4,1,0.452497661113739,0
28,P4,P4,Post_P4,1,0.863826334476471,1
28,P4,P4,Post_P4,1,0.3928101658821106,0
28,P4,P4,Post_P4,1,0.4925374388694763,0
28,P4,P4,Post_P4,1,0.36702021956443787,0
28,P4,P4,Post_P4,1,0.32938912510871887,0
28,P4,P4,Post_P4,1,0.8743818402290344,1
28,P4,P4,Post_P4,1,0.4569525122642517,0
28,P4,P4,Post_P4,1,0.8227041959762573,1
28,P4,P4,Post_P4,1,0.5731650590896606,1
28,P4,P4,Post_P4,1,0.2898866534233093,0
28,P4,P4,Post_P4,1,0.18504908680915833,0
28,P4,P4,Post_P4,1,0.4889179766178131,0
28,P4,P4,Post_P4,1,0.10659173876047134,0
28,P4,P4,Post_P4,1,0.47003135085105896,0
28,P4,P4,Post_P4,1,0.3427931070327759,0
28,P4,P4,Post_P4,1,0.22276146709918976,0
28,P4,P4,Post_P4,1,0.10637606680393219,0
28,P4,P4,Post_P4,1,0.7733983993530273,1
28,P4,P4,Post_P4,1,0.6635094285011292,1
28,P4,P4,Post_P4,1,0.6153234243392944,1
28,P4,P4,Post_P4,1,0.2914070785045624,0
28,P4,P4,Post_P4,1,0.5925677418708801,1
28,P4,P4,Post_P4,1,0.21565157175064087,0
28,P4,P4,Post_P4,1,0.8666557669639587,1
28,P4,P4,Post_P4,1,0.5581259727478027,1
28,P4,P4,Post_P4,1,0.7586418390274048,1
28,P4,P4,Post_P4,1,0.458458811044693,0
28,P4,P4,Post_P4,1,0.6152845621109009,1
28,P4,P4,Post_P4,1,0.6885467767715454,1
28,P4,P4,Post_P4,1,0.4941386282444,0
28,P4,P4,Post_P4,1,0.8319767117500305,1
28,P4,P4,Post_P4,1,0.351695716381073,0
28,P4,P4,Post_P4,1,0.7200044989585876,1
28,P4,P4,Post_P4,1,0.10548938810825348,0
28,P4,P4,Post_P4,1,0.33259791135787964,0
28,P4,P4,Post_P4,1,0.8371809720993042,1
28,P4,P4,Post_P4,1,0.41944101452827454,0
28,P4,P4,Post_P4,1,0.5182758569717407,1
28,P4,P4,Post_P4,1,0.5651128888130188,1
28,P4,P4,Post_P4,1,0.7648102641105652,1
28,P4,P4,Post_P4,1,0.38017475605010986,0
28,P4,P4,Post_P4,1,0.7484542727470398,1
28,P4,P4,Post_P4,1,0.836356520652771,1
28,P4,P4,Post_P4,1,0.15520122647285461,0
28,P4,P4,Post_P4,1,0.2606655955314636,0
28,P4,P4,Post_P4,1,0.32674819231033325,0
28,P4,P4,Post_P4,1,0.20020383596420288,0
28,P4,P4,Post_P4,1,0.08831291645765305,0
28,P4,P4,Post_P4,1,0.16234871745109558,0
28,P4,P4,Post_P4,1,0.7957200407981873,1
28,P4,P4,Post_P4,1,0.8157713413238525,1
28,P4,P4,Post_P4,1,0.6972682476043701,1
28,P4,P4,Post_P4,1,0.4673606753349304,0
28,P4,P4,Post_P4,1,0.1374630481004715,0
28,P4,P4,Post_P4,1,0.38409939408302307,0
28,P4,P4,Post_P4,1,0.5930799841880798,1
28,P4,P4,Post_P4,1,0.2431713491678238,0
28,P4,P4,Post_P4,1,0.7335769534111023,1
28,P4,P4,Post_P4,1,0.5150718688964844,1
28,P4,P4,Post_P4,1,0.5447003245353699,1
28,P4,P4,Post_P4,1,0.5020776391029358,1
28,P4,P4,Post_P4,1,0.6704209446907043,1
28,P4,P4,Post_P4,1,0.3281450569629669,0
28,P4,P4,Post_P4,1,0.3489953875541687,0
28,P4,P4,Post_P4,1,0.5616897940635681,1
28,P4,P4,Post_P4,1,0.13746772706508636,0
28,P4,P4,Post_P4,1,0.7525368928909302,1
28,P4,P4,Post_P4,1,0.5190228819847107,1
28,P4,P4,Post_P4,1,0.2922801077365875,0
28,P4,P4,Post_P4,1,0.3969922363758087,0
28,P4,P4,Post_P4,1,0.9312409162521362,1
28,P4,P4,Post_P4,1,0.6132233142852783,1
28,P4,P4,Post_P4,1,0.2214813530445099,0
28,P4,P4,Post_P4,1,0.6456155180931091,1
28,P4,P4,Post_P4,1,0.7794589996337891,1
28,P4,P4,Post_P4,1,0.8144578337669373,1
28,P4,P4,Post_P4,1,0.08569712191820145,0
28,P4,P4,Post_P4,1,0.2676100730895996,0
28,P4,P4,Post_P4,1,0.7174052596092224,1
28,P4,P4,Post_P4,1,0.8949618339538574,1
28,P4,P4,Post_P4,1,0.5639563202857971,1
28,P4,P4,Post_P4,1,0.8425164222717285,1
28,P4,P4,Post_P4,1,0.7887272238731384,1
28,P4,P4,Post_P4,1,0.24445168673992157,0
28,P4,P4,Post_P4,1,0.2533150911331177,0
28,P4,P4,Post_P4,1,0.7101626992225647,1
28,P4,P4,Post_P4,1,0.8602417707443237,1
28,P4,P4,Post_P4,1,0.32822370529174805,0
28,P4,P4,Post_P4,1,0.282336950302124,0
28,P4,P4,Post_P4,1,0.41077736020088196,0
28,P4,P4,Post_P4,1,0.39187565445899963,0
28,P4,P4,Post_P4,1,0.7496253252029419,1
28,P4,P4,Post_P4,1,0.8543374538421631,1
28,P4,P4,Post_P4,1,0.262443482875824,0
28,P4,P4,Post_P4,1,0.5464737415313721,1
28,P4,P4,Post_P4,1,0.5839613080024719,1
28,P4,P4,Post_P4,1,0.7711040377616882,1
28,P4,P4,Post_P4,1,0.30116817355155945,0
28,P4,P4,Post_P4,1,0.10146721452474594,0
28,P4,P4,Post_P4,1,0.6819121241569519,1
28,P4,P4,Post_P4,1,0.1710556298494339,0
28,P4,P4,Post_P4,1,0.20835603773593903,0
28,P4,P4,Post_P4,1,0.6810009479522705,1
28,P4,P4,Post_P4,1,0.7530677318572998,1
28,P4,P4,Post_P4,1,0.44180575013160706,0
28,P4,P4,Post_P4,1,0.3827704191207886,0
28,P4,P4,Post_P4,1,0.8614760041236877,1
28,P4,P4,Post_P4,1,0.535497784614563,1
28,P4,P4,Post_P4,1,0.6816380023956299,1
28,P4,P4,Post_P4,1,0.4954622685909271,0
28,P4,P4,Post_P4,1,0.7490192651748657,1
28,P4,P4,Post_P4,1,0.7497010231018066,1
28,P4,P4,Post_P4,1,0.41938912868499756,0
28,P4,P4,Post_P4,1,0.6709696054458618,1
28,P4,P4,Post_P4,1,0.6184195280075073,1
28,P4,P4,Post_P4,1,0.8091049194335938,1
28,P4,P4,Post_P4,1,0.8165349364280701,1
28,P4,P4,Post_P4,1,0.6663911938667297,1
28,P4,P4,Post_P4,1,0.35841625928878784,0
28,P4,P4,Post_P4,1,0.38996127247810364,0
28,P4,P4,Post_P4,1,0.7223777770996094,1
28,P4,P4,Post_P4,1,0.7275846600532532,1
28,P4,P4,Post_P4,1,0.3420744836330414,0
28,P4,P4,Post_P4,1,0.7412071228027344,1
28,P4,P4,Post_P4,1,0.37348055839538574,0
28,P4,P4,Post_P4,1,0.8074789643287659,1
28,P4,P4,Post_P4,1,0.3171943128108978,0
28,P4,P4,Post_P4,1,0.5279693007469177,1
28,P4,P4,Post_P4,1,0.6352163553237915,1
28,P4,P4,Post_P4,1,0.6980242729187012,1
28,P4,P4,Post_P4,1,0.6405705809593201,1
28,P4,P4,Post_P4,1,0.42165786027908325,0
28,P4,P4,Post_P4,1,0.3633551001548767,0
28,P4,P4,Post_P4,1,0.43151676654815674,0
28,P4,P4,Post_P4,1,0.8297364115715027,1
28,P4,P4,Post_P4,1,0.4705367684364319,0
28,P4,P4,Post_P4,1,0.34331217408180237,0
28,P4,P4,Post_P4,1,0.8099938631057739,1
28,P4,P4,Post_P4,1,0.17184841632843018,0
28,P4,P4,Post_P4,1,0.7504411339759827,1
28,P4,P4,Post_P4,1,0.11392883956432343,0
28,P4,P4,Post_P4,1,0.3203382194042206,0
28,P4,P4,Post_P4,1,0.7955084443092346,1
28,P4,P4,Post_P4,1,0.7707200646400452,1
28,P4,P4,Post_P4,1,0.6072109937667847,1
28,P4,P4,Post_P4,1,0.8381285071372986,1
28,P4,P4,Post_P4,1,0.5526522994041443,1
28,P4,P4,Post_P4,1,0.43079304695129395,0
28,P4,P4,Post_P4,1,0.44411736726760864,0
28,P4,P4,Post_P4,1,0.13776977360248566,0
28,P4,P4,Post_P4,1,0.610040009021759,1
28,P4,P4,Post_P4,1,0.5620579719543457,1
28,P4,P4,Post_P4,1,0.23146167397499084,0
28,P4,P4,Post_P4,1,0.15319682657718658,0
28,P4,P4,Post_P4,1,0.42178672552108765,0
28,P4,P4,Post_P4,1,0.6369990706443787,1
28,P4,P4,Post_P4,1,0.8488927483558655,1
28,P4,P4,Post_P4,1,0.5435481667518616,1
28,P4,P4,Post_P4,1,0.5768741965293884,1
28,P4,P4,Post_P4,1,0.31161874532699585,0
28,P4,P4,Post_P4,1,0.05786927044391632,0
28,P4,P4,Post_P4,1,0.30187442898750305,0
28,P4,P4,Post_P4,1,0.19478759169578552,0
28,P4,P4,Post_P4,1,0.41436073184013367,0
28,P4,P4,Post_P4,1,0.3153963088989258,0
28,P4,P4,Post_P4,1,0.5257880687713623,1
28,P4,P4,Post_P4,1,0.6708153486251831,1
28,P4,P4,Post_P4,1,0.511198878288269,1
28,P4,P4,Post_P4,1,0.6126157641410828,1
28,P4,P4,Post_P4,1,0.42289215326309204,0
28,P4,P4,Post_P4,1,0.3717549741268158,0
28,P4,P4,Post_P4,1,0.43693670630455017,0
28,P4,P4,Post_P4,1,0.7050806283950806,1
28,P4,P4,Post_P4,1,0.5775594711303711,1
28,P4,P4,Post_P4,1,0.5739498138427734,1
28,P4,P4,Post_P4,1,0.39174193143844604,0
28,P4,P4,Post_P4,1,0.6102113127708435,1
28,P4,P4,Post_P4,1,0.30501532554626465,0
28,P4,P4,Post_P4,1,0.8711801171302795,1
28,P4,P4,Post_P4,1,0.8564010858535767,1
28,P4,P4,Post_P4,1,0.3336380422115326,0
28,P4,P4,Post_P4,1,0.5640649795532227,1
28,P4,P4,Post_P4,1,0.0486471988260746,0
28,P4,P4,Post_P4,1,0.17753538489341736,0
28,P4,P4,Post_P4,1,0.722438395023346,1
28,P4,P4,Post_P4,1,0.8342037200927734,1
28,P4,P4,Post_P4,1,0.36831802129745483,0
28,P4,P4,Post_P4,1,0.790052592754364,1
28,P4,P4,Post_P4,1,0.72564297914505,1
28,P4,P4,Post_P4,1,0.1416519731283188,0
28,P4,P4,Post_P4,1,0.33505481481552124,0
28,P4,P4,Post_P4,1,0.6158949732780457,1
28,P4,P4,Post_P4,1,0.5565636157989502,1
28,P4,P4,Post_P4,1,0.6001769304275513,1
28,P4,P4,Post_P4,1,0.7745822668075562,1
28,P4,P4,Post_P4,1,0.5646433234214783,1
28,P4,P4,Post_P4,1,0.7837023138999939,1
28,P4,P4,Post_P4,1,0.1937539428472519,0
28,P4,P4,Post_P4,1,0.19915829598903656,0
28,P4,P4,Post_P4,1,0.7047747373580933,1
28,P4,P4,Post_P4,1,0.5136318802833557,1
28,P4,P4,Post_P4,1,0.1879519671201706,0
28,P4,P4,Post_P4,1,0.28804394602775574,0
28,P4,P4,Post_P4,1,0.38589760661125183,0
28,P4,P4,Post_P4,1,0.4362591505050659,0
28,P4,P4,Post_P4,1,0.49729588627815247,0
28,P4,P4,Post_P4,1,0.32050272822380066,0
28,P4,P4,Post_P4,1,0.36655473709106445,0
28,P4,P4,Post_P4,1,0.6774590015411377,1
28,P4,P4,Post_P4,1,0.6318081021308899,1
28,P4,P4,Post_P4,1,0.42652809619903564,0
28,P4,P4,Post_P4,1,0.7322113513946533,1
28,P4,P4,Post_P4,1,0.5973708033561707,1
28,P4,P4,Post_P4,1,0.579439640045166,1
28,P4,P4,Post_P4,1,0.5456628203392029,1
28,P4,P4,Post_P4,1,0.8425172567367554,1
28,P4,P4,Post_P4,1,0.7797608375549316,1
28,P4,P4,Post_P4,1,0.3641519248485565,0
28,P4,P4,Post_P4,1,0.422647088766098,0
28,P4,P4,Post_P4,1,0.30047598481178284,0
28,P4,P4,Post_P4,1,0.39396288990974426,0
28,P4,P4,Post_P4,1,0.36404338479042053,0
28,P4,P4,Post_P4,1,0.2209341675043106,0
28,P4,P4,Post_P4,1,0.7419586777687073,1
28,P4,P4,Post_P4,1,0.7590524554252625,1
28,P4,P4,Post_P4,1,0.41090938448905945,0
28,P4,P4,Post_P4,1,0.7206576466560364,1
28,P4,P4,Post_P4,1,0.7772388458251953,1
28,P4,P4,Post_P4,1,0.5801857113838196,1
28,P4,P4,Post_P4,1,0.5012823343276978,1
28,P4,P4,Post_P4,1,0.34261584281921387,0
28,P4,P4,Post_P4,1,0.7566726803779602,1
28,P4,P4,Post_P4,1,0.5489318370819092,1
28,P4,P4,Post_P4,1,0.3209816813468933,0
28,P4,P4,Post_P4,1,0.4586304724216461,0
28,P4,P4,Post_P4,1,0.054847557097673416,0
28,P4,P4,Post_P4,1,0.3966544270515442,0
28,P4,P4,Post_P4,1,0.6812581419944763,1
28,P4,P4,Post_P4,1,0.6317644119262695,1
28,P4,P4,Post_P4,1,0.7018002271652222,1
28,P4,P4,Post_P4,1,0.14293639361858368,0
28,P4,P4,Post_P4,1,0.47395724058151245,0
28,P4,P4,Post_P4,1,0.4691924452781677,0
28,P4,P4,Post_P4,1,0.8605071306228638,1
28,P4,P4,Post_P4,1,0.4605831205844879,0
28,P4,P4,Post_P4,1,0.6995475888252258,1
28,P4,P4,Post_P4,1,0.20323039591312408,0
28,P4,P4,Post_P4,1,0.5807330012321472,1
28,P4,P4,Post_P4,1,0.30616018176078796,0
28,P4,P4,Post_P4,1,0.42626625299453735,0
28,P4,P4,Post_P4,1,0.756331205368042,1
28,P4,P4,Post_P4,1,0.32961857318878174,0
28,P4,P4,Post_P4,1,0.43245774507522583,0
28,P4,P4,Post_P4,1,0.15724506974220276,0
28,P4,P4,Post_P4,1,0.5436967015266418,1
28,P4,P4,Post_P4,1,0.3363351821899414,0
28,P4,P4,Post_P4,1,0.8412824869155884,1
28,P4,P4,Post_P4,1,0.886914849281311,1
28,P4,P4,Post_P4,1,0.7294528484344482,1
28,P4,P4,Post_P4,1,0.4902482330799103,0
28,P4,P4,Post_P4,1,0.8886363506317139,1
28,P4,P4,Post_P4,1,0.5497614145278931,1
28,P4,P4,Post_P4,1,0.3167901039123535,0
28,P4,P4,Post_P4,1,0.721904456615448,1
28,P4,P4,Post_P4,1,0.8913177847862244,1
28,P4,P4,Post_P4,1,0.8586819171905518,1
28,P4,P4,Post_P4,1,0.31439268589019775,0
28,P4,P4,Post_P4,1,0.3187137544155121,0
28,P4,P4,Post_P4,1,0.2145726978778839,0
28,P4,P4,Post_P4,1,0.8543795943260193,1
28,P4,P4,Post_P4,1,0.6720320582389832,1
28,P4,P4,Post_P4,1,0.44168463349342346,0
28,P4,P4,Post_P4,1,0.7296904921531677,1
28,P4,P4,Post_P4,1,0.7898006439208984,1
28,P4,P4,Post_P4,1,0.4564881920814514,0
28,P4,P4,Post_P4,1,0.7513877153396606,1
28,P4,P4,Post_P4,1,0.7181723117828369,1
28,P4,P4,Post_P4,1,0.9152965545654297,1
28,P4,P4,Post_P4,1,0.6526380181312561,1
28,P4,P4,Post_P4,1,0.7439685463905334,1
28,P4,P4,Post_P4,1,0.7304714918136597,1
28,P4,P4,Post_P4,1,0.5338895916938782,1
28,P4,P4,Post_P4,1,0.3303203284740448,0
28,P4,P4,Post_P4,1,0.8403466939926147,1
28,P4,P4,Post_P4,1,0.4401441216468811,0
28,P4,P4,Post_P4,1,0.3447344899177551,0
28,P4,P4,Post_P4,1,0.8352590799331665,1
28,P4,P4,Post_P4,1,0.17234930396080017,0
28,P4,P4,Post_P4,1,0.09173915535211563,0
28,P4,P4,Post_P4,1,0.24126066267490387,0
28,P4,P4,Post_P4,1,0.8898869156837463,1
28,P4,P4,Post_P4,1,0.45868343114852905,0
28,P4,P4,Post_P4,1,0.23627711832523346,0
28,P4,P4,Post_P4,1,0.7239294648170471,1
28,P4,P4,Post_P4,1,0.2835845649242401,0
28,P4,P4,Post_P4,1,0.32514771819114685,0
28,P4,P4,Post_P4,1,0.7465667724609375,1
28,P4,P4,Post_P4,1,0.1614370048046112,0
28,P4,P4,Post_P4,1,0.39891812205314636,0
28,P4,P4,Post_P4,1,0.3157932460308075,0
28,P4,P4,Post_P4,1,0.11346548050642014,0
28,P4,P4,Post_P4,1,0.2661131024360657,0
28,P4,P4,Post_P4,1,0.13785399496555328,0
28,P4,P4,Post_P4,1,0.5266807675361633,1
28,P4,P4,Post_P4,1,0.8990493416786194,1
28,P4,P4,Post_P4,1,0.6205841302871704,1
28,P4,P4,Post_P4,1,0.7754638195037842,1
28,P4,P4,Post_P4,1,0.8821725845336914,1
28,P4,P4,Post_P4,1,0.39443808794021606,0
28,P4,P4,Post_P4,1,0.15614664554595947,0
28,P4,P4,Post_P4,1,0.3896840214729309,0
28,P4,P4,Post_P4,1,0.4457866847515106,0
28,P4,P4,Post_P4,1,0.8685266375541687,1
28,P4,P4,Post_P4,1,0.9103640913963318,1
28,P4,P4,Post_P4,1,0.7948752045631409,1
28,P4,P4,Post_P4,1,0.9282807111740112,1
28,P4,P4,Post_P4,1,0.5758340954780579,1
28,P4,P4,Post_P4,1,0.8449905514717102,1
28,P4,P4,Post_P4,1,0.5538814663887024,1
28,P4,P4,Post_P4,1,0.5910896062850952,1
28,P4,P4,Post_P4,1,0.4510091543197632,0
28,P4,P4,Post_P4,1,0.7296403646469116,1
28,P4,P4,Post_P4,1,0.9273061752319336,1
28,P4,P4,Post_P4,1,0.475868821144104,0
28,P4,P4,Post_P4,1,0.32044240832328796,0
28,P4,P4,Post_P4,1,0.3344339430332184,0
28,P4,P4,Post_P4,1,0.6299846768379211,1
28,P4,P4,Post_P4,1,0.8377787470817566,1
28,P4,P4,Post_P4,1,0.7196082472801208,1
28,P4,P4,Post_P4,1,0.410044401884079,0
28,P4,P4,Post_P4,1,0.5956946611404419,1
28,P4,P4,Post_P4,1,0.3562401533126831,0
28,P4,P4,Post_P4,1,0.618091344833374,1
28,P4,P4,Post_P4,1,0.7627081274986267,1
28,P4,P4,Post_P4,1,0.6206532120704651,1
28,P4,P4,Post_P4,1,0.38944318890571594,0
28,P4,P4,Post_P4,1,0.5503720045089722,1
28,P4,P4,Post_P4,1,0.6021870970726013,1
28,P4,P4,Post_P4,1,0.7470870614051819,1
28,P4,P4,Post_P4,1,0.8630456924438477,1
28,P4,P4,Post_P4,1,0.8797116875648499,1
28,P4,P4,Post_P4,1,0.7313373684883118,1
28,P4,P4,Post_P4,1,0.9598084688186646,1
28,P4,P4,Post_P4,1,0.4650774300098419,0
28,P4,P4,Post_P4,1,0.7239162921905518,1
28,P4,P4,Post_P4,1,0.7705456018447876,1
28,P4,P4,Post_P4,1,0.7518872618675232,1
28,P4,P4,Post_P4,1,0.8995963335037231,1
28,P4,P4,Post_P4,1,0.8067130446434021,1
28,P4,P4,Post_P4,1,0.6790401935577393,1
28,P4,P4,Post_P4,1,0.24247917532920837,0
28,P4,P4,Post_P4,1,0.7455188632011414,1
28,P4,P4,Post_P4,1,0.33170226216316223,0
28,P4,P4,Post_P4,1,0.6488551497459412,1
28,P4,P4,Post_P4,1,0.6951075792312622,1
28,P4,P4,Post_P4,1,0.7336171269416809,1
28,P4,P4,Post_P4,1,0.8883252143859863,1
28,P4,P4,Post_P4,1,0.18663287162780762,0
28,P4,P4,Post_P4,1,0.8041541576385498,1
28,P4,P4,Post_P4,1,0.1701260656118393,0
28,P4,P4,Post_P4,1,0.5962159633636475,1
28,P4,P4,Post_P4,1,0.8408970236778259,1
28,P4,P4,Post_P4,1,0.33422911167144775,0
28,P4,P4,Post_P4,1,0.29433971643447876,0
28,P4,P4,Post_P4,1,0.6984466314315796,1
28,P4,P4,Post_P4,1,0.39635372161865234,0
28,P4,P4,Post_P4,1,0.21967244148254395,0
28,P4,P4,Post_P4,1,0.8208619356155396,1
28,P4,P4,Post_P4,1,0.46406450867652893,0
28,P4,P4,Post_P4,1,0.7141022086143494,1
28,P4,P4,Post_P4,1,0.758741021156311,1
28,P4,P4,Post_P4,1,0.7158560752868652,1
28,P4,P4,Post_P4,1,0.8865050673484802,1
28,P4,P4,Post_P4,1,0.3758560121059418,0
28,P4,P4,Post_P4,1,0.7437294125556946,1
28,P4,P4,Post_P4,1,0.1890062838792801,0
28,P4,P4,Post_P4,1,0.9362732768058777,1
28,P4,P4,Post_P4,1,0.2857295572757721,0
28,P4,P4,Post_P4,1,0.6211585402488708,1
28,P4,P4,Post_P4,1,0.6405907869338989,1
28,P4,P4,Post_P4,1,0.7105459570884705,1
28,P4,P4,Post_P4,1,0.8379520177841187,1
28,P4,P4,Post_P4,1,0.3792279064655304,0
28,P4,P4,Post_P4,1,0.6038334369659424,1
28,P4,P4,Post_P4,1,0.584574818611145,1
28,P4,P4,Post_P4,1,0.4967104494571686,0
28,P4,P4,Post_P4,1,0.9634829759597778,1
28,P4,P4,Post_P4,1,0.7637253403663635,1
28,P4,P4,Post_P4,1,0.4762856066226959,0
28,P4,P4,Post_P4,1,0.7338042259216309,1
28,P4,P4,Post_P4,1,0.09964987635612488,0
28,P4,P4,Post_P4,1,0.643447995185852,1
28,P4,P4,Post_P4,1,0.28927043080329895,0
28,P4,P4,Post_P4,1,0.149565190076828,0
28,P4,P4,Post_P4,1,0.572562038898468,1
28,P4,P4,Post_P4,1,0.5568192601203918,1
28,P4,P4,Post_P4,1,0.23283015191555023,0
28,P4,P4,Post_P4,1,0.08298812061548233,0
28,P4,P4,Post_P4,1,0.7992696762084961,1
28,P4,P4,Post_P4,1,0.3163841664791107,0
28,P4,P4,Post_P4,1,0.34655633568763733,0
28,P4,P4,Post_P4,1,0.3972500264644623,0
28,P4,P4,Post_P4,1,0.36818888783454895,0
28,P4,P4,Post_P4,1,0.2732822895050049,0
28,P4,P4,Post_P4,1,0.36077192425727844,0
28,P4,P4,Post_P4,1,0.27389365434646606,0
28,P4,P4,Post_P4,1,0.3362104296684265,0
28,P4,P4,Post_P4,1,0.13074013590812683,0
28,P4,P4,Post_P4,1,0.7931400537490845,1
28,P4,P4,Post_P4,1,0.488550066947937,0
28,P4,P4,Post_P4,1,0.4828905165195465,0
28,P4,P4,Post_P4,1,0.25046655535697937,0
28,P4,P4,Post_P4,1,0.5038005709648132,1
28,P4,P4,Post_P4,1,0.19068115949630737,0
28,P4,P4,Post_P4,1,0.33209145069122314,0
28,P4,P4,Post_P4,1,0.5418282747268677,1
28,P4,P4,Post_P4,1,0.22016336023807526,0
28,P4,P4,Post_P4,1,0.9017578959465027,1
28,P4,P4,Post_P4,1,0.3430856764316559,0
28,P4,P4,Post_P4,1,0.6657530069351196,1
28,P4,P4,Post_P4,1,0.34156593680381775,0
28,P4,P4,Post_P4,1,0.32991111278533936,0
28,P4,P4,Post_P4,1,0.2299608439207077,0
28,P4,P4,Post_P4,1,0.09067197144031525,0
28,P4,P4,Post_P4,1,0.49858352541923523,0
28,P4,P4,Post_P4,1,0.32119250297546387,0
28,P4,P4,Post_P4,1,0.4229441285133362,0
28,P4,P4,Post_P4,1,0.6884110569953918,1
28,P4,P4,Post_P4,1,0.06234441697597504,0
28,P4,P4,Post_P4,1,0.051758162677288055,0
28,P4,P4,Post_P4,1,0.34516987204551697,0
28,P4,P4,Post_P4,1,0.7073144912719727,1
28,P4,P4,Post_P4,1,0.6011450886726379,1
28,P4,P4,Post_P4,1,0.16237983107566833,0
28,P4,P4,Post_P4,1,0.45964986085891724,0
28,P4,P4,Post_P4,1,0.6167218685150146,1
28,P4,P4,Post_P4,1,0.4805237650871277,0
28,P4,P4,Post_P4,1,0.28371328115463257,0
28,P4,P4,Post_P4,1,0.16497427225112915,0
28,P4,P4,Post_P4,1,0.3791881501674652,0
28,P4,P4,Post_P4,1,0.7600805759429932,1
28,P4,P4,Post_P4,1,0.09190914034843445,0
28,P4,P4,Post_P4,1,0.12843436002731323,0
28,P4,P4,Post_P4,1,0.6850455403327942,1
28,P4,P4,Post_P4,1,0.32000619173049927,0
28,P4,P4,Post_P4,1,0.1624114066362381,0
28,P4,P4,Post_P4,1,0.26300957798957825,0
28,P4,P4,Post_P4,1,0.1146126389503479,0
28,P4,P4,Post_P4,1,0.6571425795555115,1
28,P4,P4,Post_P4,1,0.5398989319801331,1
28,P4,P4,Post_P4,1,0.28354793787002563,0
28,P4,P4,Post_P4,1,0.9469088912010193,1
28,P4,P4,Post_P4,1,0.22436118125915527,0
28,P4,P4,Post_P4,1,0.0799107477068901,0
28,P4,P4,Post_P4,1,0.1331326961517334,0
28,P4,P4,Post_P4,1,0.29900768399238586,0
28,P4,P4,Post_P4,1,0.12489744275808334,0
28,P4,P4,Post_P4,1,0.6289703845977783,1
28,P4,P4,Post_P4,1,0.25371965765953064,0
28,P4,P4,Post_P4,1,0.2117941677570343,0
28,P4,P4,Post_P4,1,0.5927116870880127,1
28,P4,P4,Post_P4,1,0.6494460701942444,1
28,P4,P4,Post_P4,1,0.28933626413345337,0
28,P4,P4,Post_P4,1,0.32074201107025146,0
28,P4,P4,Post_P4,1,0.6797616481781006,1
28,P4,P4,Post_P4,1,0.5745224356651306,1
28,P4,P4,Post_P4,1,0.20275834202766418,0
28,P4,P4,Post_P4,1,0.66629958152771,1
28,P4,P4,Post_P4,1,0.660655677318573,1
28,P4,P4,Post_P4,1,0.060656290501356125,0
28,P4,P4,Post_P4,1,0.7237269878387451,1
28,P4,P4,Post_P4,1,0.3219619393348694,0
28,P4,P4,Post_P4,1,0.4297812581062317,0
28,P4,P4,Post_P4,1,0.638860821723938,1
28,P4,P4,Post_P4,1,0.09829223155975342,0
28,P4,P4,Post_P4,1,0.6725913882255554,1
28,P4,P4,Post_P4,1,0.6502823233604431,1
28,P4,P4,Post_P4,1,0.6493108868598938,1
28,P4,P4,Post_P4,1,0.07670380920171738,0
28,P4,P4,Post_P4,1,0.12731389701366425,0
28,P4,P4,Post_P4,1,0.2090674489736557,0
28,P4,P4,Post_P4,1,0.22362160682678223,0
28,P4,P4,Post_P4,1,0.3146820068359375,0
28,P4,P4,Post_P4,1,0.46321046352386475,0
28,P4,P4,Post_P4,1,0.46060529351234436,0
28,P4,P4,Post_P4,1,0.026703307405114174,0
28,P4,P4,Post_P4,1,0.660661518573761,1
28,P4,P4,Post_P4,1,0.21683302521705627,0
28,P4,P4,Post_P4,1,0.6725319027900696,1
28,P4,P4,Post_P4,1,0.6026650071144104,1
28,P4,P4,Post_P4,1,0.16821201145648956,0
28,P4,P4,Post_P4,1,0.48100152611732483,0
28,P4,P4,Post_P4,1,0.8023076057434082,1
28,P4,P4,Post_P4,1,0.25028684735298157,0
28,P4,P4,Post_P4,1,0.31382855772972107,0
28,P4,P4,Post_P4,1,0.7814145088195801,1
28,P4,P4,Post_P4,1,0.381816565990448,0
28,P4,P4,Post_P4,1,0.20968596637248993,0
28,P4,P4,Post_P4,1,0.15423694252967834,0
28,P4,P4,Post_P4,1,0.02289050631225109,0
28,P4,P4,Post_P4,1,0.2809623181819916,0
28,P4,P4,Post_P4,1,0.2586480677127838,0
28,P4,P4,Post_P4,1,0.30533796548843384,0
28,P4,P4,Post_P4,1,0.6789065599441528,1
28,P4,P4,Post_P4,1,0.5264630913734436,1
28,P4,P4,Post_P4,1,0.6003352403640747,1
28,P4,P4,Post_P4,1,0.29862913489341736,0
28,P4,P4,Post_P4,1,0.5708561539649963,1
28,P4,P4,Post_P4,1,0.4613202214241028,0
28,P4,P4,Post_P4,1,0.6047127842903137,1
28,P4,P4,Post_P4,1,0.3430672585964203,0
28,P4,P4,Post_P4,1,0.1654081642627716,0
28,P4,P4,Post_P4,1,0.4342717230319977,0
28,P4,P4,Post_P4,1,0.44081419706344604,0
28,P4,P4,Post_P4,1,0.15463098883628845,0
28,P4,P4,Post_P4,1,0.8804534077644348,1
28,P4,P4,Post_P4,1,0.29960331320762634,0
28,P4,P4,Post_P4,1,0.7365800142288208,1
28,P4,P4,Post_P4,1,0.22028246521949768,0
28,P4,P4,Post_P4,1,0.056671060621738434,0
28,P4,P4,Post_P4,1,0.4292605519294739,0
28,P4,P4,Post_P4,1,0.1127864420413971,0
28,P4,P4,Post_P4,1,0.7341294884681702,1
28,P4,P4,Post_P4,1,0.32238712906837463,0
28,P4,P4,Post_P4,1,0.3827759325504303,0
28,P4,P4,Post_P4,1,0.30986401438713074,0
28,P4,P4,Post_P4,1,0.40537014603614807,0
28,P4,P4,Post_P4,1,0.45602330565452576,0
28,P4,P4,Post_P4,1,0.5330862998962402,1
28,P4,P4,Post_P4,1,0.15980125963687897,0
28,P4,P4,Post_P4,1,0.14709192514419556,0
28,P4,P4,Post_P4,1,0.6649195551872253,1
28,P4,P4,Post_P4,1,0.7073565721511841,1
28,P4,P4,Post_P4,1,0.1810368299484253,0
28,P4,P4,Post_P4,1,0.4156533479690552,0
28,P4,P4,Post_P4,1,0.6704952120780945,1
28,P4,P4,Post_P4,1,0.3934767246246338,0
28,P4,P4,Post_P4,1,0.7918088436126709,1
28,P4,P4,Post_P4,1,0.4074403941631317,0
28,P4,P4,Post_P4,1,0.09627994894981384,0
28,P4,P4,Post_P4,1,0.1483335942029953,0
28,P4,P4,Post_P4,1,0.33141136169433594,0
28,P4,P4,Post_P4,1,0.3344137370586395,0
28,P4,P4,Post_P4,1,0.18972763419151306,0
28,P4,P4,Post_P4,1,0.44200292229652405,0
28,P4,P4,Post_P4,1,0.5076460838317871,1
28,P4,P4,Post_P4,1,0.5747008919715881,1
28,P4,P4,Post_P4,1,0.2464970499277115,0
28,P4,P4,Post_P4,1,0.09986913949251175,0
28,P4,P4,Post_P4,1,0.22926093637943268,0
28,P4,P4,Post_P4,1,0.5273382663726807,1
28,P4,P4,Post_P4,1,0.11587110161781311,0
28,P4,P4,Post_P4,1,0.7166138887405396,1
28,P4,P4,Post_P4,1,0.5820274353027344,1
28,P4,P4,Post_P4,1,0.697293221950531,1
28,P4,P4,Post_P4,1,0.7497732639312744,1
28,P4,P4,Post_P4,1,0.3204668164253235,0
28,P4,P4,Post_P4,1,0.5842435359954834,1
28,P4,P4,Post_P4,1,0.76768559217453,1
28,P4,P4,Post_P4,1,0.653091549873352,1
28,P4,P4,Post_P4,1,0.7610073685646057,1
28,P4,P4,Post_P4,1,0.3590209484100342,0
28,P4,P4,Post_P4,1,0.31372737884521484,0
28,P4,P4,Post_P4,1,0.2989819049835205,0
28,P4,P4,Post_P4,1,0.27287113666534424,0
28,P4,P4,Post_P4,1,0.08862390369176865,0
28,P4,P4,Post_P4,1,0.7125163078308105,1
28,P4,P4,Post_P4,1,0.44763708114624023,0
28,P4,P4,Post_P4,1,0.6667966842651367,1
28,P4,P4,Post_P4,1,0.3719799518585205,0
28,P4,P4,Post_P4,1,0.2890050411224365,0
28,P4,P4,Post_P4,1,0.309113085269928,0
28,P4,P4,Post_P4,1,0.7760762572288513,1
28,P4,P4,Post_P4,1,0.6777653098106384,1
28,P4,P4,Post_P4,1,0.48499083518981934,0
28,P4,P4,Post_P4,1,0.1260237842798233,0
28,P4,P4,Post_P4,1,0.7812805771827698,1
28,P4,P4,Post_P4,1,0.48520100116729736,0
28,P4,P4,Post_P4,1,0.20362479984760284,0
28,P4,P4,Post_P4,1,0.7831226587295532,1
28,P4,P4,Post_P4,1,0.2855757176876068,0
28,P4,P4,Post_P4,1,0.7049861550331116,1
28,P4,P4,Post_P4,1,0.6244536638259888,1
28,P4,P4,Post_P4,1,0.6545658707618713,1
28,P4,P4,Post_P4,1,0.7648235559463501,1
28,P4,P4,Post_P4,1,0.3576132357120514,0
28,P4,P4,Post_P4,1,0.6750807762145996,1
28,P4,P4,Post_P4,1,0.7181311249732971,1
28,P4,P4,Post_P4,1,0.6847361326217651,1
28,P4,P4,Post_P4,1,0.534615159034729,1
28,P4,P4,Post_P4,1,0.608772337436676,1
28,P4,P4,Post_P4,1,0.6149612665176392,1
28,P4,P4,Post_P4,1,0.7200419902801514,1
28,P4,P4,Post_P4,1,0.4911266267299652,0
28,P4,P4,Post_P4,1,0.719748854637146,1
28,P4,P4,Post_P4,1,0.24026890099048615,0
28,P4,P4,Post_P4,1,0.17389029264450073,0
28,P4,P4,Post_P4,1,0.6942379474639893,1
28,P4,P4,Post_P4,1,0.5600696802139282,1
28,P4,P4,Post_P4,1,0.27170002460479736,0
28,P4,P4,Post_P4,1,0.19272838532924652,0
28,P4,P4,Post_P4,1,0.7441490888595581,1
28,P4,P4,Post_P4,1,0.14112816751003265,0
28,P4,P4,Post_P4,1,0.5579822659492493,1
28,P4,P4,Post_P4,1,0.1777184009552002,0
28,P4,P4,Post_P4,1,0.25657689571380615,0
28,P4,P4,Post_P4,1,0.49771687388420105,0
28,P4,P4,Post_P4,1,0.10510612279176712,0
28,P4,P4,Post_P4,1,0.5761268138885498,1
28,P4,P4,Post_P4,1,0.5437631011009216,1
28,P4,P4,Post_P4,1,0.3333550691604614,0
28,P4,P4,Post_P4,1,0.5294676423072815,1
28,P4,P4,Post_P4,1,0.9013526439666748,1
28,P4,P4,Post_P4,1,0.4853041172027588,0
28,P4,P4,Post_P4,1,0.35126590728759766,0
28,P4,P4,Post_P4,1,0.8547360897064209,1
28,P4,P4,Post_P4,1,0.21889621019363403,0
28,P4,P4,Post_P4,1,0.28805673122406006,0
28,P4,P4,Post_P4,1,0.055443525314331055,0
28,P4,P4,Post_P4,1,0.09906768798828125,0
28,P4,P4,Post_P4,1,0.4599056839942932,0
28,P4,P4,Post_P4,1,0.5934263467788696,1
28,P4,P4,Post_P4,1,0.6851107478141785,1
28,P4,P4,Post_P4,1,0.7381299734115601,1
28,P4,P4,Post_P4,1,0.3058960437774658,0
28,P4,P4,Post_P4,1,0.6649686098098755,1
28,P4,P4,Post_P4,1,0.6447538733482361,1
28,P4,P4,Post_P4,1,0.5473968386650085,1
28,P4,P4,Post_P4,1,0.3301592469215393,0
28,P4,P4,Post_P4,1,0.3638218939304352,0
28,P4,P4,Post_P4,1,0.8504714369773865,1
28,P4,P4,Post_P4,1,0.657177209854126,1
28,P4,P4,Post_P4,1,0.7312136292457581,1
28,P4,P4,Post_P4,1,0.44153130054473877,0
28,P4,P4,Post_P4,1,0.35108745098114014,0
28,P4,P4,Post_P4,1,0.5420043468475342,1
28,P4,P4,Post_P4,1,0.8486388325691223,1
28,P4,P4,Post_P4,1,0.6744039058685303,1
28,P4,P4,Post_P4,1,0.6179863810539246,1
28,P4,P4,Post_P4,1,0.13904251158237457,0
28,P4,P4,Post_P4,1,0.8078792095184326,1
28,P4,P4,Post_P4,1,0.2891789674758911,0
28,P4,P4,Post_P4,1,0.7533308267593384,1
29,P5,P5,Post_P5,0,0.47925472259521484,0
29,P5,P5,Post_P5,0,0.5223724246025085,1
29,P5,P5,Post_P5,0,0.4633216857910156,0
29,P5,P5,Post_P5,0,0.43353334069252014,0
29,P5,P5,Post_P5,0,0.5248562693595886,1
29,P5,P5,Post_P5,0,0.3525780141353607,0
29,P5,P5,Post_P5,0,0.3680625259876251,0
29,P5,P5,Post_P5,0,0.5083997845649719,1
29,P5,P5,Post_P5,0,0.47048667073249817,0
29,P5,P5,Post_P5,0,0.41784143447875977,0
29,P5,P5,Post_P5,0,0.49194496870040894,0
29,P5,P5,Post_P5,0,0.5339741706848145,1
29,P5,P5,Post_P5,0,0.43842101097106934,0
29,P5,P5,Post_P5,0,0.5030410885810852,1
29,P5,P5,Post_P5,0,0.4983712136745453,0
29,P5,P5,Post_P5,0,0.485610693693161,0
29,P5,P5,Post_P5,0,0.41759341955184937,0
29,P5,P5,Post_P5,0,0.538774311542511,1
29,P5,P5,Post_P5,0,0.4445337653160095,0
29,P5,P5,Post_P5,0,0.4335600435733795,0
29,P5,P5,Post_P5,0,0.45308196544647217,0
29,P5,P5,Post_P5,0,0.45853641629219055,0
29,P5,P5,Post_P5,0,0.48741307854652405,0
29,P5,P5,Post_P5,0,0.4225468635559082,0
29,P5,P5,Post_P5,0,0.5031791925430298,1
29,P5,P5,Post_P5,0,0.49835214018821716,0
29,P5,P5,Post_P5,0,0.5796841979026794,1
29,P5,P5,Post_P5,0,0.45256513357162476,0
29,P5,P5,Post_P5,0,0.45529574155807495,0
29,P5,P5,Post_P5,0,0.5174457430839539,1
29,P5,P5,Post_P5,0,0.36750537157058716,0
29,P5,P5,Post_P5,0,0.405205100774765,0
29,P5,P5,Post_P5,0,0.5438373684883118,1
29,P5,P5,Post_P5,0,0.5441887378692627,1
29,P5,P5,Post_P5,0,0.497798889875412,0
29,P5,P5,Post_P5,0,0.5095352530479431,1
29,P5,P5,Post_P5,0,0.5745454430580139,1
29,P5,P5,Post_P5,0,0.4255000650882721,0
29,P5,P5,Post_P5,0,0.5793316960334778,1
29,P5,P5,Post_P5,0,0.48161354660987854,0
29,P5,P5,Post_P5,0,0.4982433319091797,0
29,P5,P5,Post_P5,0,0.4778997004032135,0
29,P5,P5,Post_P5,0,0.3580136299133301,0
29,P5,P5,Post_P5,0,0.4818917214870453,0
29,P5,P5,Post_P5,0,0.4649098813533783,0
29,P5,P5,Post_P5,0,0.5866694450378418,1
29,P5,P5,Post_P5,0,0.5738803148269653,1
29,P5,P5,Post_P5,0,0.4513411819934845,0
29,P5,P5,Post_P5,0,0.4955516457557678,0
29,P5,P5,Post_P5,0,0.4845717251300812,0
29,P5,P5,Post_P5,0,0.5053663849830627,1
29,P5,P5,Post_P5,0,0.5785228610038757,1
29,P5,P5,Post_P5,0,0.4854975938796997,0
29,P5,P5,Post_P5,0,0.6014961004257202,1
29,P5,P5,Post_P5,0,0.5118769407272339,1
29,P5,P5,Post_P5,0,0.4883895516395569,0
29,P5,P5,Post_P5,0,0.4397093951702118,0
29,P5,P5,Post_P5,0,0.4682501554489136,0
29,P5,P5,Post_P5,0,0.4582090973854065,0
29,P5,P5,Post_P5,0,0.5400210618972778,1
29,P5,P5,Post_P5,0,0.5191795229911804,1
29,P5,P5,Post_P5,0,0.3584299385547638,0
29,P5,P5,Post_P5,0,0.4410788118839264,0
29,P5,P5,Post_P5,0,0.5802573561668396,1
29,P5,P5,Post_P5,0,0.5028785467147827,1
29,P5,P5,Post_P5,0,0.4345304071903229,0
29,P5,P5,Post_P5,0,0.4113149642944336,0
29,P5,P5,Post_P5,0,0.5088837742805481,1
29,P5,P5,Post_P5,0,0.5467614531517029,1
29,P5,P5,Post_P5,0,0.4624648988246918,0
29,P5,P5,Post_P5,0,0.47698307037353516,0
29,P5,P5,Post_P5,0,0.4951896667480469,0
29,P5,P5,Post_P5,0,0.40611252188682556,0
29,P5,P5,Post_P5,0,0.4647318124771118,0
29,P5,P5,Post_P5,0,0.43019792437553406,0
29,P5,P5,Post_P5,0,0.41603967547416687,0
29,P5,P5,Post_P5,0,0.4167781472206116,0
29,P5,P5,Post_P5,0,0.5626698136329651,1
29,P5,P5,Post_P5,0,0.3866268992424011,0
29,P5,P5,Post_P5,0,0.4952613413333893,0
29,P5,P5,Post_P5,0,0.4714718461036682,0
29,P5,P5,Post_P5,0,0.3525780141353607,0
29,P5,P5,Post_P5,0,0.5034205317497253,1
29,P5,P5,Post_P5,0,0.38850313425064087,0
29,P5,P5,Post_P5,0,0.47734180092811584,0
29,P5,P5,Post_P5,0,0.4105064272880554,0
29,P5,P5,Post_P5,0,0.5048457980155945,1
29,P5,P5,Post_P5,0,0.4305790960788727,0
29,P5,P5,Post_P5,0,0.4153565764427185,0
29,P5,P5,Post_P5,0,0.5685420632362366,1
29,P5,P5,Post_P5,0,0.4788159430027008,0
29,P5,P5,Post_P5,0,0.547218918800354,1
29,P5,P5,Post_P5,0,0.4515702724456787,0
29,P5,P5,Post_P5,0,0.5155658721923828,1
29,P5,P5,Post_P5,0,0.41630709171295166,0
29,P5,P5,Post_P5,0,0.4638370871543884,0
29,P5,P5,Post_P5,0,0.5801061987876892,1
29,P5,P5,Post_P5,0,0.47115519642829895,0
29,P5,P5,Post_P5,0,0.5461465120315552,1
29,P5,P5,Post_P5,0,0.5744703412055969,1
29,P5,P5,Post_P5,0,0.5765941143035889,1
29,P5,P5,Post_P5,0,0.5789983868598938,1
29,P5,P5,Post_P5,0,0.4508422911167145,0
29,P5,P5,Post_P5,0,0.5344648361206055,1
29,P5,P5,Post_P5,0,0.5155391097068787,1
29,P5,P5,Post_P5,0,0.4972555637359619,0
29,P5,P5,Post_P5,0,0.4849705994129181,0
29,P5,P5,Post_P5,0,0.37733080983161926,0
29,P5,P5,Post_P5,0,0.5784620046615601,1
29,P5,P5,Post_P5,0,0.5441539883613586,1
29,P5,P5,Post_P5,0,0.46472397446632385,0
29,P5,P5,Post_P5,0,0.4028796851634979,0
29,P5,P5,Post_P5,0,0.3757970631122589,0
29,P5,P5,Post_P5,0,0.5582223534584045,1
29,P5,P5,Post_P5,0,0.41150811314582825,0
29,P5,P5,Post_P5,0,0.44149914383888245,0
29,P5,P5,Post_P5,0,0.45622047781944275,0
29,P5,P5,Post_P5,0,0.35357171297073364,0
29,P5,P5,Post_P5,0,0.48568177223205566,0
29,P5,P5,Post_P5,0,0.5189905166625977,1
29,P5,P5,Post_P5,0,0.4749739468097687,0
29,P5,P5,Post_P5,0,0.5802573561668396,1
29,P5,P5,Post_P5,0,0.4013371467590332,0
29,P5,P5,Post_P5,0,0.4911684989929199,0
29,P5,P5,Post_P5,0,0.574509859085083,1
29,P5,P5,Post_P5,0,0.4275642931461334,0
29,P5,P5,Post_P5,0,0.36431190371513367,0
29,P5,P5,Post_P5,0,0.4523233473300934,0
29,P5,P5,Post_P5,0,0.5774166584014893,1
29,P5,P5,Post_P5,0,0.41290679574012756,0
29,P5,P5,Post_P5,0,0.36841002106666565,0
29,P5,P5,Post_P5,0,0.49531954526901245,0
29,P5,P5,Post_P5,0,0.5968490839004517,1
29,P5,P5,Post_P5,0,0.44903403520584106,0
29,P5,P5,Post_P5,0,0.49695345759391785,0
29,P5,P5,Post_P5,0,0.355067640542984,0
29,P5,P5,Post_P5,0,0.536515474319458,1
29,P5,P5,Post_P5,0,0.49822816252708435,0
29,P5,P5,Post_P5,0,0.4291808605194092,0
29,P5,P5,Post_P5,0,0.44584351778030396,0
29,P5,P5,Post_P5,0,0.46311041712760925,0
29,P5,P5,Post_P5,0,0.3627892732620239,0
29,P5,P5,Post_P5,0,0.4899761974811554,0
29,P5,P5,Post_P5,0,0.366336464881897,0
29,P5,P5,Post_P5,0,0.38338297605514526,0
29,P5,P5,Post_P5,0,0.42577633261680603,0
29,P5,P5,Post_P5,0,0.5579319000244141,1
29,P5,P5,Post_P5,0,0.5464555621147156,1
29,P5,P5,Post_P5,0,0.48806288838386536,0
29,P5,P5,Post_P5,0,0.474541574716568,0
29,P5,P5,Post_P5,0,0.45781683921813965,0
29,P5,P5,Post_P5,0,0.510545015335083,1
29,P5,P5,Post_P5,0,0.5300624966621399,1
29,P5,P5,Post_P5,0,0.35745859146118164,0
29,P5,P5,Post_P5,0,0.40590932965278625,0
29,P5,P5,Post_P5,0,0.5029810667037964,1
29,P5,P5,Post_P5,0,0.4713747799396515,0
29,P5,P5,Post_P5,0,0.5315192341804504,1
29,P5,P5,Post_P5,0,0.5144501328468323,1
29,P5,P5,Post_P5,0,0.47734180092811584,0
29,P5,P5,Post_P5,0,0.40669411420822144,0
29,P5,P5,Post_P5,0,0.43540140986442566,0
29,P5,P5,Post_P5,0,0.38681259751319885,0
29,P5,P5,Post_P5,0,0.5739375948905945,1
29,P5,P5,Post_P5,0,0.5313187837600708,1
29,P5,P5,Post_P5,0,0.46509212255477905,0
29,P5,P5,Post_P5,0,0.5821850895881653,1
29,P5,P5,Post_P5,0,0.368095338344574,0
29,P5,P5,Post_P5,0,0.5157725811004639,1
29,P5,P5,Post_P5,0,0.48933881521224976,0
29,P5,P5,Post_P5,0,0.5072996616363525,1
29,P5,P5,Post_P5,0,0.49923062324523926,0
29,P5,P5,Post_P5,0,0.5798354148864746,1
29,P5,P5,Post_P5,0,0.5083310604095459,1
29,P5,P5,Post_P5,0,0.4085805118083954,0
29,P5,P5,Post_P5,0,0.41822245717048645,0
29,P5,P5,Post_P5,0,0.5799049735069275,1
29,P5,P5,Post_P5,0,0.39678114652633667,0
29,P5,P5,Post_P5,0,0.5280475616455078,1
29,P5,P5,Post_P5,0,0.5446280837059021,1
29,P5,P5,Post_P5,0,0.47369158267974854,0
29,P5,P5,Post_P5,0,0.4807182848453522,0
29,P5,P5,Post_P5,0,0.5778205990791321,1
29,P5,P5,Post_P5,0,0.3866268992424011,0
29,P5,P5,Post_P5,0,0.4728131890296936,0
29,P5,P5,Post_P5,0,0.55124431848526,1
29,P5,P5,Post_P5,0,0.4307222068309784,0
29,P5,P5,Post_P5,0,0.5620823502540588,1
29,P5,P5,Post_P5,0,0.47603440284729004,0
29,P5,P5,Post_P5,0,0.41340917348861694,0
29,P5,P5,Post_P5,0,0.5752632021903992,1
29,P5,P5,Post_P5,0,0.4563216269016266,0
29,P5,P5,Post_P5,0,0.5801061987876892,1
29,P5,P5,Post_P5,0,0.5588672757148743,1
29,P5,P5,Post_P5,0,0.5615625977516174,1
29,P5,P5,Post_P5,0,0.4590860605239868,0
29,P5,P5,Post_P5,0,0.5784265398979187,1
29,P5,P5,Post_P5,0,0.5227540135383606,1
29,P5,P5,Post_P5,0,0.4800151288509369,0
29,P5,P5,Post_P5,0,0.444004625082016,0
29,P5,P5,Post_P5,0,0.4573459327220917,0
29,P5,P5,Post_P5,0,0.48382341861724854,0
29,P5,P5,Post_P5,0,0.439453661441803,0
29,P5,P5,Post_P5,0,0.513075053691864,1
29,P5,P5,Post_P5,0,0.4904269576072693,0
29,P5,P5,Post_P5,0,0.43366196751594543,0
29,P5,P5,Post_P5,0,0.5411320328712463,1
29,P5,P5,Post_P5,0,0.5191269516944885,1
29,P5,P5,Post_P5,0,0.43487614393234253,0
29,P5,P5,Post_P5,0,0.4261067807674408,0
29,P5,P5,Post_P5,0,0.37781035900115967,0
29,P5,P5,Post_P5,0,0.5520980954170227,1
29,P5,P5,Post_P5,0,0.49234142899513245,0
29,P5,P5,Post_P5,0,0.37654292583465576,0
29,P5,P5,Post_P5,0,0.3836430609226227,0
29,P5,P5,Post_P5,0,0.5055229663848877,1
29,P5,P5,Post_P5,0,0.5070210099220276,1
29,P5,P5,Post_P5,0,0.5174457430839539,1
29,P5,P5,Post_P5,0,0.36524713039398193,0
29,P5,P5,Post_P5,0,0.4859538972377777,0
29,P5,P5,Post_P5,0,0.5798441171646118,1
29,P5,P5,Post_P5,0,0.5787467956542969,1
29,P5,P5,Post_P5,0,0.3932498097419739,0
29,P5,P5,Post_P5,0,0.593583881855011,1
29,P5,P5,Post_P5,0,0.43555760383605957,0
29,P5,P5,Post_P5,0,0.4440844655036926,0
29,P5,P5,Post_P5,0,0.5980912446975708,1
29,P5,P5,Post_P5,0,0.47603440284729004,0
29,P5,P5,Post_P5,0,0.4924373924732208,0
29,P5,P5,Post_P5,0,0.42683592438697815,0
29,P5,P5,Post_P5,0,0.4247056245803833,0
29,P5,P5,Post_P5,0,0.493945837020874,0
29,P5,P5,Post_P5,0,0.4427868723869324,0
29,P5,P5,Post_P5,0,0.5796406269073486,1
29,P5,P5,Post_P5,0,0.5662997364997864,1
29,P5,P5,Post_P5,0,0.5229927897453308,1
29,P5,P5,Post_P5,0,0.5265903472900391,1
29,P5,P5,Post_P5,0,0.44693294167518616,0
29,P5,P5,Post_P5,0,0.483546644449234,0
29,P5,P5,Post_P5,0,0.48239821195602417,0
29,P5,P5,Post_P5,0,0.489078551530838,0
29,P5,P5,Post_P5,0,0.5752017498016357,1
29,P5,P5,Post_P5,0,0.4915975034236908,0
29,P5,P5,Post_P5,0,0.49074944853782654,0
29,P5,P5,Post_P5,0,0.47897160053253174,0
29,P5,P5,Post_P5,0,0.4105129837989807,0
29,P5,P5,Post_P5,0,0.4215489327907562,0
29,P5,P5,Post_P5,0,0.476798415184021,0
29,P5,P5,Post_P5,0,0.5794408321380615,1
29,P5,P5,Post_P5,0,0.39635613560676575,0
29,P5,P5,Post_P5,0,0.5789481401443481,1
29,P5,P5,Post_P5,0,0.4799942374229431,0
29,P5,P5,Post_P5,0,0.4288671910762787,0
29,P5,P5,Post_P5,0,0.49216800928115845,0
29,P5,P5,Post_P5,0,0.3884831964969635,0
29,P5,P5,Post_P5,0,0.5793357491493225,1
29,P5,P5,Post_P5,0,0.39201903343200684,0
29,P5,P5,Post_P5,0,0.5780957937240601,1
29,P5,P5,Post_P5,0,0.4642840325832367,0
29,P5,P5,Post_P5,0,0.5778205990791321,1
29,P5,P5,Post_P5,0,0.5782430768013,1
29,P5,P5,Post_P5,0,0.4899490773677826,0
29,P5,P5,Post_P5,0,0.46025553345680237,0
29,P5,P5,Post_P5,0,0.48881107568740845,0
29,P5,P5,Post_P5,0,0.5681208372116089,1
29,P5,P5,Post_P5,0,0.4895044267177582,0
29,P5,P5,Post_P5,0,0.47258198261260986,0
29,P5,P5,Post_P5,0,0.3909018337726593,0
29,P5,P5,Post_P5,0,0.5759416222572327,1
29,P5,P5,Post_P5,0,0.4558892250061035,0
29,P5,P5,Post_P5,0,0.4500812590122223,0
29,P5,P5,Post_P5,0,0.3705596327781677,0
29,P5,P5,Post_P5,0,0.5227540135383606,1
29,P5,P5,Post_P5,0,0.5056323409080505,1
29,P5,P5,Post_P5,0,0.4614839553833008,0
29,P5,P5,Post_P5,0,0.5225937962532043,1
29,P5,P5,Post_P5,0,0.553567111492157,1
29,P5,P5,Post_P5,0,0.439195841550827,0
29,P5,P5,Post_P5,0,0.45438605546951294,0
29,P5,P5,Post_P5,0,0.5014105439186096,1
29,P5,P5,Post_P5,0,0.3633885681629181,0
29,P5,P5,Post_P5,0,0.46971824765205383,0
29,P5,P5,Post_P5,0,0.5152646899223328,1
29,P5,P5,Post_P5,0,0.5565242171287537,1
29,P5,P5,Post_P5,0,0.5762596726417542,1
29,P5,P5,Post_P5,0,0.5899895429611206,1
29,P5,P5,Post_P5,0,0.4999709129333496,0
29,P5,P5,Post_P5,0,0.5089223980903625,1
29,P5,P5,Post_P5,0,0.4192870855331421,0
29,P5,P5,Post_P5,0,0.49907639622688293,0
29,P5,P5,Post_P5,0,0.4860748052597046,0
29,P5,P5,Post_P5,0,0.5286606550216675,1
29,P5,P5,Post_P5_2,1,0.4857952892780304,0
29,P5,P5,Post_P5_2,1,0.4386425018310547,0
29,P5,P5,Post_P5_2,1,0.4874287545681,0
29,P5,P5,Post_P5_2,1,0.49530380964279175,0
29,P5,P5,Post_P5_2,1,0.5275545120239258,1
29,P5,P5,Post_P5_2,1,0.5091657638549805,1
29,P5,P5,Post_P5_2,1,0.38031554222106934,0
29,P5,P5,Post_P5_2,1,0.4525042176246643,0
29,P5,P5,Post_P5_2,1,0.5307983756065369,1
29,P5,P5,Post_P5_2,1,0.45087116956710815,0
29,P5,P5,Post_P5_2,1,0.49302247166633606,0
29,P5,P5,Post_P5_2,1,0.5676763653755188,1
29,P5,P5,Post_P5_2,1,0.5773427486419678,1
29,P5,P5,Post_P5_2,1,0.42618897557258606,0
29,P5,P5,Post_P5_2,1,0.4763283431529999,0
29,P5,P5,Post_P5_2,1,0.45356878638267517,0
29,P5,P5,Post_P5_2,1,0.5714894533157349,1
29,P5,P5,Post_P5_2,1,0.421814501285553,0
29,P5,P5,Post_P5_2,1,0.501328706741333,1
29,P5,P5,Post_P5_2,1,0.506110429763794,1
29,P5,P5,Post_P5_2,1,0.4752810597419739,0
29,P5,P5,Post_P5_2,1,0.4792838394641876,0
29,P5,P5,Post_P5_2,1,0.4113398492336273,0
29,P5,P5,Post_P5_2,1,0.4746023416519165,0
29,P5,P5,Post_P5_2,1,0.49190133810043335,0
29,P5,P5,Post_P5_2,1,0.5171088576316833,1
29,P5,P5,Post_P5_2,1,0.44646957516670227,0
29,P5,P5,Post_P5_2,1,0.49131929874420166,0
29,P5,P5,Post_P5_2,1,0.5043638944625854,1
29,P5,P5,Post_P5_2,1,0.5103352069854736,1
29,P5,P5,Post_P5_2,1,0.49569448828697205,0
29,P5,P5,Post_P5_2,1,0.5021315813064575,1
29,P5,P5,Post_P5_2,1,0.5528871417045593,1
29,P5,P5,Post_P5_2,1,0.4566345512866974,0
29,P5,P5,Post_P5_2,1,0.5559504628181458,1
29,P5,P5,Post_P5_2,1,0.4944728910923004,0
29,P5,P5,Post_P5_2,1,0.49817100167274475,0
29,P5,P5,Post_P5_2,1,0.6042517423629761,1
29,P5,P5,Post_P5_2,1,0.4852544367313385,0
29,P5,P5,Post_P5_2,1,0.5214958190917969,1
29,P5,P5,Post_P5_2,1,0.5281046628952026,1
29,P5,P5,Post_P5_2,1,0.47846609354019165,0
29,P5,P5,Post_P5_2,1,0.46843674778938293,0
29,P5,P5,Post_P5_2,1,0.5297551155090332,1
29,P5,P5,Post_P5_2,1,0.4823870062828064,0
29,P5,P5,Post_P5_2,1,0.5197649002075195,1
29,P5,P5,Post_P5_2,1,0.5126305818557739,1
29,P5,P5,Post_P5_2,1,0.5355056524276733,1
29,P5,P5,Post_P5_2,1,0.5547528862953186,1
29,P5,P5,Post_P5_2,1,0.524398148059845,1
29,P5,P5,Post_P5_2,1,0.4536447823047638,0
29,P5,P5,Post_P5_2,1,0.4934283196926117,0
29,P5,P5,Post_P5_2,1,0.49596521258354187,0
29,P5,P5,Post_P5_2,1,0.4119515120983124,0
29,P5,P5,Post_P5_2,1,0.5683520436286926,1
29,P5,P5,Post_P5_2,1,0.4962921738624573,0
29,P5,P5,Post_P5_2,1,0.5621218681335449,1
29,P5,P5,Post_P5_2,1,0.41294071078300476,0
29,P5,P5,Post_P5_2,1,0.4517126679420471,0
29,P5,P5,Post_P5_2,1,0.4935242831707001,0
29,P5,P5,Post_P5_2,1,0.4527851939201355,0
29,P5,P5,Post_P5_2,1,0.4896051585674286,0
29,P5,P5,Post_P5_2,1,0.41521450877189636,0
29,P5,P5,Post_P5_2,1,0.3795648217201233,0
29,P5,P5,Post_P5_2,1,0.5348934531211853,1
29,P5,P5,Post_P5_2,1,0.5112537741661072,1
29,P5,P5,Post_P5_2,1,0.5056755542755127,1
29,P5,P5,Post_P5_2,1,0.4802733063697815,0
29,P5,P5,Post_P5_2,1,0.487067848443985,0
29,P5,P5,Post_P5_2,1,0.48270878195762634,0
29,P5,P5,Post_P5_2,1,0.5020625591278076,1
29,P5,P5,Post_P5_2,1,0.5762408971786499,1
29,P5,P5,Post_P5_2,1,0.4884801506996155,0
29,P5,P5,Post_P5_2,1,0.5197558403015137,1
29,P5,P5,Post_P5_2,1,0.5253620147705078,1
29,P5,P5,Post_P5_2,1,0.478152334690094,0
29,P5,P5,Post_P5_2,1,0.48423057794570923,0
29,P5,P5,Post_P5_2,1,0.4619106650352478,0
29,P5,P5,Post_P5_2,1,0.47258102893829346,0
29,P5,P5,Post_P5_2,1,0.5762302875518799,1
29,P5,P5,Post_P5_2,1,0.4113011956214905,0
29,P5,P5,Post_P5_2,1,0.47617530822753906,0
29,P5,P5,Post_P5_2,1,0.5531783103942871,1
29,P5,P5,Post_P5_2,1,0.49164971709251404,0
29,P5,P5,Post_P5_2,1,0.5044453144073486,1
29,P5,P5,Post_P5_2,1,0.496707558631897,0
29,P5,P5,Post_P5_2,1,0.45087116956710815,0
29,P5,P5,Post_P5_2,1,0.47779104113578796,0
29,P5,P5,Post_P5_2,1,0.5805583000183105,1
29,P5,P5,Post_P5_2,1,0.449817031621933,0
29,P5,P5,Post_P5_2,1,0.5801061987876892,1
29,P5,P5,Post_P5_2,1,0.5041713118553162,1
29,P5,P5,Post_P5_2,1,0.449720174074173,0
29,P5,P5,Post_P5_2,1,0.49480748176574707,0
29,P5,P5,Post_P5_2,1,0.5138495564460754,1
29,P5,P5,Post_P5_2,1,0.5799049735069275,1
29,P5,P5,Post_P5_2,1,0.49483540654182434,0
29,P5,P5,Post_P5_2,1,0.5741918087005615,1
29,P5,P5,Post_P5_2,1,0.5137155055999756,1
29,P5,P5,Post_P5_2,1,0.4253746569156647,0
29,P5,P5,Post_P5_2,1,0.4568358361721039,0
29,P5,P5,Post_P5_2,1,0.4081955552101135,0
29,P5,P5,Post_P5_2,1,0.6082193851470947,1
29,P5,P5,Post_P5_2,1,0.5224289894104004,1
29,P5,P5,Post_P5_2,1,0.4901193380355835,0
29,P5,P5,Post_P5_2,1,0.45357879996299744,0
29,P5,P5,Post_P5_2,1,0.4466880261898041,0
29,P5,P5,Post_P5_2,1,0.4775746464729309,0
29,P5,P5,Post_P5_2,1,0.5302284359931946,1
29,P5,P5,Post_P5_2,1,0.45639073848724365,0
29,P5,P5,Post_P5_2,1,0.5595627427101135,1
29,P5,P5,Post_P5_2,1,0.5111801624298096,1
29,P5,P5,Post_P5_2,1,0.46200212836265564,0
29,P5,P5,Post_P5_2,1,0.4821997880935669,0
29,P5,P5,Post_P5_2,1,0.46338921785354614,0
29,P5,P5,Post_P5_2,1,0.4365004897117615,0
29,P5,P5,Post_P5_2,1,0.5952520370483398,1
29,P5,P5,Post_P5_2,1,0.5549331903457642,1
29,P5,P5,Post_P5_2,1,0.45360392332077026,0
29,P5,P5,Post_P5_2,1,0.49578461050987244,0
29,P5,P5,Post_P5_2,1,0.48135218024253845,0
29,P5,P5,Post_P5_2,1,0.4810776114463806,0
29,P5,P5,Post_P5_2,1,0.512262761592865,1
29,P5,P5,Post_P5_2,1,0.46445778012275696,0
29,P5,P5,Post_P5_2,1,0.4318905174732208,0
29,P5,P5,Post_P5_2,1,0.5575098395347595,1
29,P5,P5,Post_P5_2,1,0.5578882098197937,1
29,P5,P5,Post_P5_2,1,0.5325533747673035,1
29,P5,P5,Post_P5_2,1,0.4864273965358734,0
29,P5,P5,Post_P5_2,1,0.476775586605072,0
29,P5,P5,Post_P5_2,1,0.4424828588962555,0
29,P5,P5,Post_P5_2,1,0.523491621017456,1
29,P5,P5,Post_P5_2,1,0.5204278826713562,1
29,P5,P5,Post_P5_2,1,0.4917684495449066,0
29,P5,P5,Post_P5_2,1,0.49302247166633606,0
29,P5,P5,Post_P5_2,1,0.5139221549034119,1
29,P5,P5,Post_P5_2,1,0.5565031170845032,1
29,P5,P5,Post_P5_2,1,0.5105641484260559,1
29,P5,P5,Post_P5_2,1,0.5751194357872009,1
29,P5,P5,Post_P5_2,1,0.4823114573955536,0
29,P5,P5,Post_P5_2,1,0.5784887075424194,1
29,P5,P5,Post_P5_2,1,0.5797537565231323,1
29,P5,P5,Post_P5_2,1,0.5232009887695312,1
29,P5,P5,Post_P5_2,1,0.506811261177063,1
29,P5,P5,Post_P5_2,1,0.5519469380378723,1
29,P5,P5,Post_P5_2,1,0.46253252029418945,0
29,P5,P5,Post_P5_2,1,0.4916040599346161,0
29,P5,P5,Post_P5_2,1,0.5042514204978943,1
29,P5,P5,Post_P5_2,1,0.48536786437034607,0
29,P5,P5,Post_P5_2,1,0.4802126884460449,0
29,P5,P5,Post_P5_2,1,0.5137186050415039,1
29,P5,P5,Post_P5_2,1,0.5243884325027466,1
29,P5,P5,Post_P5_2,1,0.5247930288314819,1
29,P5,P5,Post_P5_2,1,0.4817138910293579,0
29,P5,P5,Post_P5_2,1,0.5982726216316223,1
29,P5,P5,Post_P5_2,1,0.5020625591278076,1
29,P5,P5,Post_P5_2,1,0.4556962549686432,0
29,P5,P5,Post_P5_2,1,0.5011953115463257,1
29,P5,P5,Post_P5_2,1,0.45711076259613037,0
29,P5,P5,Post_P5_2,1,0.5346879959106445,1
29,P5,P5,Post_P5_2,1,0.4783666431903839,0
29,P5,P5,Post_P5_2,1,0.5595293045043945,1
29,P5,P5,Post_P5_2,1,0.5090311169624329,1
29,P5,P5,Post_P5_2,1,0.3888125717639923,0
29,P5,P5,Post_P5_2,1,0.4683508574962616,0
29,P5,P5,Post_P5_2,1,0.45568346977233887,0
29,P5,P5,Post_P5_2,1,0.5229948163032532,1
29,P5,P5,Post_P5_2,1,0.4141055941581726,0
29,P5,P5,Post_P5_2,1,0.5301464796066284,1
29,P5,P5,Post_P5_2,1,0.5637685060501099,1
29,P5,P5,Post_P5_2,1,0.4925093352794647,0
29,P5,P5,Post_P5_2,1,0.5141230821609497,1
29,P5,P5,Post_P5_2,1,0.47144073247909546,0
29,P5,P5,Post_P5_2,1,0.4663759469985962,0
29,P5,P5,Post_P5_2,1,0.5547528862953186,1
29,P5,P5,Post_P5_2,1,0.4687053859233856,0
29,P5,P5,Post_P5_2,1,0.5734056234359741,1
29,P5,P5,Post_P5_2,1,0.47475889325141907,0
29,P5,P5,Post_P5_2,1,0.5802573561668396,1
29,P5,P5,Post_P5_2,1,0.5591678619384766,1
29,P5,P5,Post_P5_2,1,0.5068668127059937,1
29,P5,P5,Post_P5_2,1,0.4483511447906494,0
29,P5,P5,Post_P5_2,1,0.4965815544128418,0
29,P5,P5,Post_P5_2,1,0.5607357621192932,1
29,P5,P5,Post_P5_2,1,0.4893600344657898,0
29,P5,P5,Post_P5_2,1,0.4422920346260071,0
29,P5,P5,Post_P5_2,1,0.46965092420578003,0
29,P5,P5,Post_P5_2,1,0.4157625734806061,0
29,P5,P5,Post_P5_2,1,0.5778027176856995,1
29,P5,P5,Post_P5_2,1,0.501679003238678,1
29,P5,P5,Post_P5_2,1,0.4910661578178406,0
29,P5,P5,Post_P5_2,1,0.47304487228393555,0
29,P5,P5,Post_P5_2,1,0.5802573561668396,1
29,P5,P5,Post_P5_2,1,0.4709678888320923,0
29,P5,P5,Post_P5_2,1,0.6011703610420227,1
29,P5,P5,Post_P5_2,1,0.47736579179763794,0
29,P5,P5,Post_P5_2,1,0.4156557023525238,0
29,P5,P5,Post_P5_2,1,0.5098913908004761,1
29,P5,P5,Post_P5_2,1,0.4647744596004486,0
29,P5,P5,Post_P5_2,1,0.48689359426498413,0
29,P5,P5,Post_P5_2,1,0.5802573561668396,1
29,P5,P5,Post_P5_2,1,0.4655786454677582,0
29,P5,P5,Post_P5_2,1,0.5214124321937561,1
29,P5,P5,Post_P5_2,1,0.4828068017959595,0
29,P5,P5,Post_P5_2,1,0.5594300031661987,1
29,P5,P5,Post_P5_2,1,0.47112220525741577,0
29,P5,P5,Post_P5_2,1,0.48937100172042847,0
29,P5,P5,Post_P5_2,1,0.43654364347457886,0
29,P5,P5,Post_P5_2,1,0.5796406269073486,1
29,P5,P5,Post_P5_2,1,0.4790368676185608,0
29,P5,P5,Post_P5_2,1,0.5180325508117676,1
29,P5,P5,Post_P5_2,1,0.4788491725921631,0
29,P5,P5,Post_P5_2,1,0.5204330086708069,1
29,P5,P5,Post_P5_2,1,0.5013114809989929,1
29,P5,P5,Post_P5_2,1,0.42104145884513855,0
29,P5,P5,Post_P5_2,1,0.48363903164863586,0
29,P5,P5,Post_P5_2,1,0.441148579120636,0
29,P5,P5,Post_P5_2,1,0.424676775932312,0
29,P5,P5,Post_P5_2,1,0.5239733457565308,1
29,P5,P5,Post_P5_2,1,0.4968705475330353,0
29,P5,P5,Post_P5_2,1,0.48329147696495056,0
29,P5,P5,Post_P5_2,1,0.5059268474578857,1
29,P5,P5,Post_P5_2,1,0.47894376516342163,0
29,P5,P5,Post_P5_2,1,0.5113041996955872,1
29,P5,P5,Post_P5_2,1,0.5272675156593323,1
29,P5,P5,Post_P5_2,1,0.5307179689407349,1
29,P5,P5,Post_P5_2,1,0.49989286065101624,0
29,P5,P5,Post_P5_2,1,0.4123057425022125,0
29,P5,P5,Post_P5_2,1,0.4868068993091583,0
29,P5,P5,Post_P5_2,1,0.5792791247367859,1
29,P5,P5,Post_P5_2,1,0.5099596381187439,1
29,P5,P5,Post_P5_2,1,0.43171510100364685,0
29,P5,P5,Post_P5_2,1,0.46481654047966003,0
29,P5,P5,Post_P5_2,1,0.48264774680137634,0
29,P5,P5,Post_P5_2,1,0.4251714050769806,0
29,P5,P5,Post_P5_2,1,0.44646957516670227,0
29,P5,P5,Post_P5_2,1,0.5658594965934753,1
29,P5,P5,Post_P5_2,1,0.5950548648834229,1
29,P5,P5,Post_P5_2,1,0.48560473322868347,0
29,P5,P5,Post_P5_2,1,0.5231800079345703,1
29,P5,P5,Post_P5_2,1,0.5789616107940674,1
29,P5,P5,Post_P5_2,1,0.5802573561668396,1
29,P5,P5,Post_P5_2,1,0.4723494052886963,0
29,P5,P5,Post_P5_2,1,0.46754518151283264,0
29,P5,P5,Post_P5_2,1,0.48423057794570923,0
29,P5,P5,Post_P5_2,1,0.5263446569442749,1
29,P5,P5,Post_P5_2,1,0.48329147696495056,0
29,P5,P5,Post_P5_2,1,0.5727441906929016,1
29,P5,P5,Post_P5_2,1,0.5270541310310364,1
29,P5,P5,Post_P5_2,1,0.40918219089508057,0
29,P5,P5,Post_P5_2,1,0.36540067195892334,0
29,P5,P5,Post_P5_2,1,0.5758243799209595,1
29,P5,P5,Post_P5_2,1,0.5104376673698425,1
29,P5,P5,Post_P5_2,1,0.4504644274711609,0
29,P5,P5,Post_P5_2,1,0.5136420726776123,1
29,P5,P5,Post_P5_2,1,0.5350478887557983,1
29,P5,P5,Post_P5_2,1,0.38031554222106934,0
29,P5,P5,Post_P5_2,1,0.48154217004776,0
29,P5,P5,Post_P5_2,1,0.5210004448890686,1
29,P5,P5,Post_P5_2,1,0.4907337725162506,0
29,P5,P5,Post_P5_2,1,0.40243345499038696,0
29,P5,P5,Post_P5_2,1,0.5216455459594727,1
29,P5,P5,Post_P5_2,1,0.5047562122344971,1
29,P5,P5,Post_P5_2,1,0.5786659121513367,1
29,P5,P5,Post_P5_2,1,0.5799049735069275,1
29,P5,P5,Post_P5_2,1,0.5534194707870483,1
29,P5,P5,Post_P5_2,1,0.47090840339660645,0
29,P5,P5,Post_P5_2,1,0.4176252484321594,0
29,P5,P5,Post_P5_2,1,0.4585229754447937,0
29,P5,P5,Post_P5_2,1,0.47812148928642273,0
29,P5,P5,Post_P5_2,1,0.5919962525367737,1
29,P5,P5,Post_P5_2,1,0.5801061987876892,1
29,P5,P5,Post_P5_2,1,0.5230740904808044,1
29,P5,P5,Post_P5_2,1,0.5798354148864746,1
29,P5,P5,Post_P5_2,1,0.45551827549934387,0
29,P5,P5,Post_P5_2,1,0.5323107242584229,1
29,P5,P5,Post_P5_2,1,0.4823395907878876,0
29,P5,P5,Post_P5_2,1,0.381634384393692,0
29,P5,P5,Post_P5_2,1,0.44930052757263184,0
29,P5,P5,Post_P5_2,1,0.476648211479187,0
29,P5,P5,Post_P5_2,1,0.5255733728408813,1
29,P5,P5,Post_P5_2,1,0.558395504951477,1
29,P5,P5,Post_P5_2,1,0.5789616107940674,1
29,P5,P5,Post_P5_2,1,0.4776022732257843,0
29,P5,P5,Post_P5_2,1,0.4607624411582947,0
29,P5,P5,Post_P5_2,1,0.4907337725162506,0
29,P5,P5,Post_P5_2,1,0.5264544486999512,1
29,P5,P5,Post_P5_2,1,0.4164558947086334,0
29,P5,P5,Post_P5_2,1,0.5289838910102844,1
29,P5,P5,Post_P5_2,1,0.4145013093948364,0
29,P5,P5,Post_P5_2,1,0.5637685060501099,1
29,P5,P5,Post_P5_2,1,0.4794018566608429,0
29,P5,P5,Post_P5_2,1,0.4884684979915619,0
29,P5,P5,Post_P5_2,1,0.5066409111022949,1
29,P5,P5,Post_P5_2,1,0.49192938208580017,0
29,P5,P5,Post_P5_2,1,0.49250343441963196,0
29,P5,P5,Post_P5_2,1,0.5802573561668396,1
29,P5,P5,Post_P5_2,1,0.48952749371528625,0
29,P5,P5,Post_P5_2,1,0.5752468705177307,1
29,P5,P5,Post_P5_2,1,0.47475889325141907,0
29,P5,P5,Post_P5_2,1,0.5039705038070679,1
29,P5,P5,Post_P5_2,1,0.4075224995613098,0
29,P5,P5,Post_P5_2,1,0.4968791604042053,0
29,P5,P5,Post_P5_2,1,0.5193861722946167,1
29,P5,P5,Post_P5_2,1,0.47591206431388855,0
29,P5,P5,Post_P5_2,1,0.5020608901977539,1
29,P5,P5,Post_P5_2,1,0.5621218681335449,1
29,P5,P5,Post_P5_2,1,0.47949960827827454,0
29,P5,P5,Post_P5_2,1,0.41294071078300476,0
29,P5,P5,Post_P5_2,1,0.5510098338127136,1
29,P5,P5,Post_P5_2,1,0.4935242831707001,0
29,P5,P5,Post_P5_2,1,0.5738840699195862,1
29,P5,P5,Post_P5_2,1,0.5919962525367737,1
29,P5,P5,Post_P5_2,1,0.5039477944374084,1
29,P5,P5,Post_P5_2,1,0.5071123838424683,1
29,P5,P5,Post_P5_2,1,0.5348934531211853,1
29,P5,P5,Post_P5_2,1,0.5292094349861145,1
29,P5,P5,Post_P5_2,1,0.4715757369995117,0
29,P5,P5,Post_P5_2,1,0.432119756937027,0
29,P5,P5,Post_P5_2,1,0.49483802914619446,0
29,P5,P5,Post_P5_2,1,0.518528938293457,1
29,P5,P5,Post_P5_2,1,0.3756731152534485,0
29,P5,P5,Post_P5_2,1,0.444974422454834,0
29,P5,P5,Post_P5_2,1,0.5770106315612793,1
29,P5,P5,Post_P5_2,1,0.4990513026714325,0
29,P5,P5,Post_P5_2,1,0.518428385257721,1
29,P5,P5,Post_P5_2,1,0.5802573561668396,1
29,P5,P5,Post_P5_2,1,0.5590616464614868,1
29,P5,P5,Post_P5_2,1,0.5952520370483398,1
29,P5,P5,Post_P5_2,1,0.49484577775001526,0
29,P5,P5,Post_P5_2,1,0.5602031946182251,1
29,P5,P5,Post_P5_2,1,0.41062307357788086,0
29,P5,P5,Post_P5_2,1,0.5296472311019897,1
29,P5,P5,Post_P5_2,1,0.41563111543655396,0
29,P5,P5,Post_P5_2,1,0.5252049565315247,1
29,P5,P5,Post_P5_2,1,0.515593945980072,1
30,P6,P6,Pre_P6,0,0.20440851151943207,0
30,P6,P6,Pre_P6,0,0.11378633230924606,0
30,P6,P6,Pre_P6,0,0.15256445109844208,0
30,P6,P6,Pre_P6,0,0.26603078842163086,0
30,P6,P6,Pre_P6,0,0.7509393095970154,1
30,P6,P6,Pre_P6,0,0.27518415451049805,0
30,P6,P6,Pre_P6,0,0.5791565179824829,1
30,P6,P6,Pre_P6,0,0.32123392820358276,0
30,P6,P6,Pre_P6,0,0.6204258799552917,1
30,P6,P6,Pre_P6,0,0.6780977249145508,1
30,P6,P6,Pre_P6,0,0.3400467336177826,0
30,P6,P6,Pre_P6,0,0.10292204469442368,0
30,P6,P6,Pre_P6,0,0.6119493842124939,1
30,P6,P6,Pre_P6,0,0.5729252696037292,1
30,P6,P6,Pre_P6,0,0.1520192176103592,0
30,P6,P6,Pre_P6,0,0.28705501556396484,0
30,P6,P6,Pre_P6,0,0.6517891883850098,1
30,P6,P6,Pre_P6,0,0.39776742458343506,0
30,P6,P6,Pre_P6,0,0.1441810429096222,0
30,P6,P6,Pre_P6,0,0.4325057864189148,0
30,P6,P6,Pre_P6,0,0.570962131023407,1
30,P6,P6,Pre_P6,0,0.22248151898384094,0
30,P6,P6,Pre_P6,0,0.5979971289634705,1
30,P6,P6,Pre_P6,0,0.4836309552192688,0
30,P6,P6,Pre_P6,0,0.24278831481933594,0
30,P6,P6,Pre_P6,0,0.48096132278442383,0
30,P6,P6,Pre_P6,0,0.27353909611701965,0
30,P6,P6,Pre_P6,0,0.3307908773422241,0
30,P6,P6,Pre_P6,0,0.16855968534946442,0
30,P6,P6,Pre_P6,0,0.6415600776672363,1
30,P6,P6,Pre_P6,0,0.20437923073768616,0
30,P6,P6,Pre_P6,0,0.22894255816936493,0
30,P6,P6,Pre_P6,0,0.6942644715309143,1
30,P6,P6,Pre_P6,0,0.25473999977111816,0
30,P6,P6,Pre_P6,0,0.6417084336280823,1
30,P6,P6,Pre_P6,0,0.5020570158958435,1
30,P6,P6,Pre_P6,0,0.6849298477172852,1
30,P6,P6,Pre_P6,0,0.6132888793945312,1
30,P6,P6,Pre_P6,0,0.1892489641904831,0
30,P6,P6,Pre_P6,0,0.4391666352748871,0
30,P6,P6,Pre_P6,0,0.24584822356700897,0
30,P6,P6,Pre_P6,0,0.4568093717098236,0
30,P6,P6,Pre_P6,0,0.11482787132263184,0
30,P6,P6,Pre_P6,0,0.4722023010253906,0
30,P6,P6,Pre_P6,0,0.34426769614219666,0
30,P6,P6,Pre_P6,0,0.177756205201149,0
30,P6,P6,Pre_P6,0,0.3377160131931305,0
30,P6,P6,Pre_P6,0,0.7629913687705994,1
30,P6,P6,Pre_P6,0,0.643402636051178,1
30,P6,P6,Pre_P6,0,0.19557245075702667,0
30,P6,P6,Pre_P6,0,0.3285755515098572,0
30,P6,P6,Pre_P6,0,0.22934289276599884,0
30,P6,P6,Pre_P6,0,0.6513852477073669,1
30,P6,P6,Pre_P6,0,0.6821024417877197,1
30,P6,P6,Pre_P6,0,0.2375115007162094,0
30,P6,P6,Pre_P6,0,0.1838282197713852,0
30,P6,P6,Pre_P6,0,0.18824046850204468,0
30,P6,P6,Pre_P6,0,0.4084196388721466,0
30,P6,P6,Pre_P6,0,0.333036869764328,0
30,P6,P6,Pre_P6,0,0.2524610757827759,0
30,P6,P6,Pre_P6,0,0.25351133942604065,0
30,P6,P6,Pre_P6,0,0.6342625617980957,1
30,P6,P6,Pre_P6,0,0.5961952805519104,1
30,P6,P6,Pre_P6,0,0.14120444655418396,0
30,P6,P6,Pre_P6,0,0.7198792099952698,1
30,P6,P6,Pre_P6,0,0.5106029510498047,1
30,P6,P6,Pre_P6,0,0.5061160922050476,1
30,P6,P6,Pre_P6,0,0.4204725921154022,0
30,P6,P6,Pre_P6,0,0.6308130621910095,1
30,P6,P6,Pre_P6,0,0.5244881510734558,1
30,P6,P6,Pre_P6,0,0.2875073254108429,0
30,P6,P6,Pre_P6,0,0.6925854086875916,1
30,P6,P6,Pre_P6,0,0.676714301109314,1
30,P6,P6,Pre_P6,0,0.5622902512550354,1
30,P6,P6,Pre_P6,0,0.6902561783790588,1
30,P6,P6,Pre_P6,0,0.15855489671230316,0
30,P6,P6,Pre_P6,0,0.6070844531059265,1
30,P6,P6,Pre_P6,0,0.8386953473091125,1
30,P6,P6,Pre_P6,0,0.6308538913726807,1
30,P6,P6,Pre_P6,0,0.7442877888679504,1
30,P6,P6,Pre_P6,0,0.566314160823822,1
30,P6,P6,Pre_P6,0,0.7253808379173279,1
30,P6,P6,Pre_P6,0,0.16262955963611603,0
30,P6,P6,Pre_P6,0,0.43705835938453674,0
30,P6,P6,Pre_P6,0,0.3181338608264923,0
30,P6,P6,Pre_P6,0,0.6856078505516052,1
30,P6,P6,Pre_P6,0,0.18634557723999023,0
30,P6,P6,Pre_P6,0,0.6806958317756653,1
30,P6,P6,Pre_P6,0,0.20905950665473938,0
30,P6,P6,Pre_P6,0,0.15463246405124664,0
30,P6,P6,Pre_P6,0,0.18229417502880096,0
30,P6,P6,Pre_P6,0,0.566314160823822,1
30,P6,P6,Pre_P6,0,0.5797850489616394,1
30,P6,P6,Pre_P6,0,0.6178669929504395,1
30,P6,P6,Pre_P6,0,0.3449122905731201,0
30,P6,P6,Pre_P6,0,0.17167772352695465,0
30,P6,P6,Pre_P6,0,0.09650477766990662,0
30,P6,P6,Pre_P6,0,0.7716442346572876,1
30,P6,P6,Pre_P6,0,0.21527346968650818,0
30,P6,P6,Pre_P6,0,0.3807283341884613,0
30,P6,P6,Pre_P6,0,0.6599579453468323,1
30,P6,P6,Pre_P6,0,0.383127897977829,0
30,P6,P6,Pre_P6,0,0.44022852182388306,0
30,P6,P6,Pre_P6,0,0.20796959102153778,0
30,P6,P6,Pre_P6,0,0.5374932289123535,1
30,P6,P6,Pre_P6,0,0.6217070817947388,1
30,P6,P6,Pre_P6,0,0.17240439355373383,0
30,P6,P6,Pre_P6,0,0.6615235209465027,1
30,P6,P6,Pre_P6,0,0.5396361351013184,1
30,P6,P6,Pre_P6,0,0.7603449821472168,1
30,P6,P6,Pre_P6,0,0.7194780707359314,1
30,P6,P6,Pre_P6,0,0.20171450078487396,0
30,P6,P6,Pre_P6,0,0.23659738898277283,0
30,P6,P6,Pre_P6,0,0.6119493842124939,1
30,P6,P6,Pre_P6,0,0.19803354144096375,0
30,P6,P6,Pre_P6,0,0.22587400674819946,0
30,P6,P6,Pre_P6,0,0.2127704620361328,0
30,P6,P6,Pre_P6,0,0.5380468964576721,1
30,P6,P6,Pre_P6,0,0.5752869248390198,1
30,P6,P6,Pre_P6,0,0.6179627180099487,1
30,P6,P6,Pre_P6,0,0.7434393167495728,1
30,P6,P6,Pre_P6,0,0.4621923565864563,0
30,P6,P6,Pre_P6,0,0.7704190611839294,1
30,P6,P6,Pre_P6,0,0.40956854820251465,0
30,P6,P6,Pre_P6,0,0.43226462602615356,0
30,P6,P6,Pre_P6,0,0.09824137389659882,0
30,P6,P6,Pre_P6,0,0.7289623022079468,1
30,P6,P6,Pre_P6,0,0.58286452293396,1
30,P6,P6,Pre_P6,0,0.30834317207336426,0
30,P6,P6,Pre_P6,0,0.4574436843395233,0
30,P6,P6,Pre_P6,0,0.30207255482673645,0
30,P6,P6,Pre_P6,0,0.5511407852172852,1
30,P6,P6,Pre_P6,0,0.23342813551425934,0
30,P6,P6,Pre_P6,0,0.738851010799408,1
30,P6,P6,Pre_P6,0,0.6978455185890198,1
30,P6,P6,Pre_P6,0,0.36112821102142334,0
30,P6,P6,Pre_P6,0,0.7197303175926208,1
30,P6,P6,Pre_P6,0,0.7102922201156616,1
30,P6,P6,Pre_P6,0,0.46826961636543274,0
30,P6,P6,Pre_P6,0,0.39216724038124084,0
30,P6,P6,Pre_P6,0,0.3706933557987213,0
30,P6,P6,Pre_P6,0,0.3167448937892914,0
30,P6,P6,Pre_P6,0,0.6857987642288208,1
30,P6,P6,Pre_P6,0,0.635116457939148,1
30,P6,P6,Pre_P6,0,0.566982626914978,1
30,P6,P6,Pre_P6,0,0.6701716184616089,1
30,P6,P6,Pre_P6,0,0.265899121761322,0
30,P6,P6,Pre_P6,0,0.18733146786689758,0
30,P6,P6,Pre_P6,0,0.8265920281410217,1
30,P6,P6,Pre_P6,0,0.2993672788143158,0
30,P6,P6,Pre_P6,0,0.5919002294540405,1
30,P6,P6,Pre_P6,0,0.3181290626525879,0
30,P6,P6,Pre_P6,0,0.15666766464710236,0
30,P6,P6,Pre_P6,0,0.20453977584838867,0
30,P6,P6,Pre_P6,0,0.6494201421737671,1
30,P6,P6,Pre_P6,0,0.583419919013977,1
30,P6,P6,Pre_P6,0,0.6423759460449219,1
30,P6,P6,Pre_P6,0,0.7150435447692871,1
30,P6,P6,Pre_P6,0,0.16147707402706146,0
30,P6,P6,Pre_P6,0,0.7769482135772705,1
30,P6,P6,Pre_P6,0,0.28445562720298767,0
30,P6,P6,Pre_P6,0,0.7531269192695618,1
30,P6,P6,Pre_P6,0,0.63702392578125,1
30,P6,P6,Pre_P6,0,0.2995787560939789,0
30,P6,P6,Pre_P6,0,0.5415904521942139,1
30,P6,P6,Pre_P6,0,0.7276877760887146,1
30,P6,P6,Pre_P6,0,0.2266281396150589,0
30,P6,P6,Pre_P6,0,0.21990562975406647,0
30,P6,P6,Pre_P6,0,0.34162914752960205,0
30,P6,P6,Pre_P6,0,0.19959640502929688,0
30,P6,P6,Pre_P6,0,0.2607502043247223,0
30,P6,P6,Pre_P6,0,0.3615724444389343,0
30,P6,P6,Pre_P6,0,0.6389323472976685,1
30,P6,P6,Pre_P6,0,0.15829332172870636,0
30,P6,P6,Pre_P6,0,0.20793622732162476,0
30,P6,P6,Pre_P6,0,0.592297375202179,1
30,P6,P6,Pre_P6,0,0.22894255816936493,0
30,P6,P6,Pre_P6,0,0.515539288520813,1
30,P6,P6,Pre_P6,0,0.5935043096542358,1
30,P6,P6,Pre_P6,0,0.7319961190223694,1
30,P6,P6,Pre_P6,0,0.695667564868927,1
30,P6,P6,Pre_P6,0,0.500345766544342,1
30,P6,P6,Pre_P6,0,0.2807668149471283,0
30,P6,P6,Pre_P6,0,0.6484189033508301,1
30,P6,P6,Pre_P6,0,0.7738502621650696,1
30,P6,P6,Pre_P6,0,0.6584514379501343,1
30,P6,P6,Pre_P6,0,0.08010826259851456,0
30,P6,P6,Pre_P6,0,0.1883372813463211,0
30,P6,P6,Pre_P6,0,0.5627078413963318,1
30,P6,P6,Pre_P6,0,0.47080543637275696,0
30,P6,P6,Pre_P6,0,0.6662269234657288,1
30,P6,P6,Pre_P6,0,0.26866087317466736,0
30,P6,P6,Pre_P6,0,0.7385968565940857,1
30,P6,P6,Pre_P6,0,0.2659819424152374,0
30,P6,P6,Pre_P6,0,0.5103152990341187,1
30,P6,P6,Pre_P6,0,0.3937840461730957,0
30,P6,P6,Pre_P6,0,0.4318927526473999,0
30,P6,P6,Pre_P6,0,0.6143630743026733,1
30,P6,P6,Pre_P6,0,0.13034097850322723,0
30,P6,P6,Pre_P6,0,0.23566995561122894,0
30,P6,P6,Pre_P6,0,0.5554990768432617,1
30,P6,P6,Pre_P6,0,0.5320641994476318,1
30,P6,P6,Pre_P6,0,0.7333499193191528,1
30,P6,P6,Pre_P6,0,0.610562264919281,1
30,P6,P6,Pre_P6,0,0.5648266077041626,1
30,P6,P6,Pre_P6,0,0.5514869689941406,1
30,P6,P6,Pre_P6,0,0.5949229598045349,1
30,P6,P6,Pre_P6,0,0.4933934211730957,0
30,P6,P6,Pre_P6,0,0.4575667679309845,0
30,P6,P6,Pre_P6,0,0.6894112825393677,1
30,P6,P6,Pre_P6,0,0.2872040867805481,0
30,P6,P6,Pre_P6,0,0.2792758345603943,0
30,P6,P6,Pre_P6,0,0.18392443656921387,0
30,P6,P6,Pre_P6,0,0.6071552634239197,1
30,P6,P6,Pre_P6,0,0.7199999094009399,1
30,P6,P6,Pre_P6,0,0.5771492719650269,1
30,P6,P6,Pre_P6,0,0.1083025336265564,0
30,P6,P6,Pre_P6,0,0.6173459887504578,1
30,P6,P6,Pre_P6,0,0.6331165432929993,1
30,P6,P6,Pre_P6,0,0.48203879594802856,0
30,P6,P6,Pre_P6,0,0.26846009492874146,0
30,P6,P6,Pre_P6,0,0.6385713815689087,1
30,P6,P6,Pre_P6,0,0.34986770153045654,0
30,P6,P6,Pre_P6,0,0.6187106966972351,1
30,P6,P6,Pre_P6,0,0.22622637450695038,0
30,P6,P6,Pre_P6,0,0.17130699753761292,0
30,P6,P6,Pre_P6,0,0.261965811252594,0
30,P6,P6,Pre_P6,0,0.3490339517593384,0
30,P6,P6,Pre_P6,0,0.45418283343315125,0
30,P6,P6,Pre_P6,0,0.21735221147537231,0
30,P6,P6,Pre_P6,0,0.23952992260456085,0
30,P6,P6,Pre_P6,0,0.2085389941930771,0
30,P6,P6,Pre_P6,0,0.2978394329547882,0
30,P6,P6,Pre_P6,0,0.7312172055244446,1
30,P6,P6,Pre_P6,0,0.7071163654327393,1
30,P6,P6,Pre_P6,0,0.39284610748291016,0
30,P6,P6,Pre_P6,0,0.36869755387306213,0
30,P6,P6,Pre_P6,0,0.16506224870681763,0
30,P6,P6,Pre_P6,0,0.21474690735340118,0
30,P6,P6,Pre_P6,0,0.5993868112564087,1
30,P6,P6,Pre_P6,0,0.4380840063095093,0
30,P6,P6,Pre_P6,0,0.6827494502067566,1
30,P6,P6,Pre_P6,0,0.2571202218532562,0
30,P6,P6,Pre_P6,0,0.39698922634124756,0
30,P6,P6,Pre_P6,0,0.7078041434288025,1
30,P6,P6,Pre_P6,0,0.7508530020713806,1
30,P6,P6,Pre_P6,0,0.2686418890953064,0
30,P6,P6,Pre_P6,0,0.6966899037361145,1
30,P6,P6,Pre_P6,0,0.1015954539179802,0
30,P6,P6,Pre_P6,0,0.5680842399597168,1
30,P6,P6,Pre_P6,0,0.6308538913726807,1
30,P6,P6,Pre_P6,0,0.29542481899261475,0
30,P6,P6,Pre_P6,0,0.31305384635925293,0
30,P6,P6,Pre_P6,0,0.5084138512611389,1
30,P6,P6,Pre_P6,0,0.2835860252380371,0
30,P6,P6,Pre_P6,0,0.17242200672626495,0
30,P6,P6,Pre_P6,0,0.6042265892028809,1
30,P6,P6,Pre_P6,0,0.22752316296100616,0
30,P6,P6,Pre_P6,0,0.626753032207489,1
30,P6,P6,Pre_P6,0,0.7718409895896912,1
30,P6,P6,Pre_P6,0,0.31821489334106445,0
30,P6,P6,Pre_P6,0,0.22920773923397064,0
30,P6,P6,Pre_P6,0,0.6435626149177551,1
30,P6,P6,Pre_P6,0,0.593944787979126,1
30,P6,P6,Pre_P6,0,0.3893369734287262,0
30,P6,P6,Pre_P6,0,0.22778749465942383,0
30,P6,P6,Pre_P6,0,0.6441503763198853,1
30,P6,P6,Pre_P6,0,0.39001840353012085,0
30,P6,P6,Pre_P6,0,0.7707537412643433,1
30,P6,P6,Pre_P6,0,0.31038743257522583,0
30,P6,P6,Pre_P6,0,0.5826148390769958,1
30,P6,P6,Pre_P6,0,0.2076103836297989,0
30,P6,P6,Pre_P6,0,0.5483845472335815,1
30,P6,P6,Pre_P6,0,0.4844130575656891,0
30,P6,P6,Pre_P6,0,0.39080485701560974,0
30,P6,P6,Pre_P6,0,0.7380954027175903,1
30,P6,P6,Pre_P6,0,0.6593705415725708,1
30,P6,P6,Pre_P6,0,0.3197895288467407,0
30,P6,P6,Pre_P6,0,0.5572992563247681,1
30,P6,P6,Pre_P6,0,0.1973298192024231,0
30,P6,P6,Pre_P6,0,0.6921470761299133,1
30,P6,P6,Pre_P6,0,0.35131433606147766,0
30,P6,P6,Pre_P6,0,0.596775472164154,1
30,P6,P6,Pre_P6,0,0.4481901228427887,0
30,P6,P6,Pre_P6,0,0.1801823526620865,0
30,P6,P6,Pre_P6,0,0.4224635064601898,0
30,P6,P6,Pre_P6,0,0.4356914460659027,0
30,P6,P6,Pre_P6,0,0.5586730241775513,1
30,P6,P6,Post_P6,0,0.45764902234077454,0
30,P6,P6,Post_P6,0,0.2349846214056015,0
30,P6,P6,Post_P6,0,0.4463922083377838,0
30,P6,P6,Post_P6,0,0.13822254538536072,0
30,P6,P6,Post_P6,0,0.20192722976207733,0
30,P6,P6,Post_P6,0,0.38281872868537903,0
30,P6,P6,Post_P6,0,0.48905524611473083,0
30,P6,P6,Post_P6,0,0.3546409010887146,0
30,P6,P6,Post_P6,0,0.12992031872272491,0
30,P6,P6,Post_P6,0,0.07922562956809998,0
30,P6,P6,Post_P6,0,0.21444208920001984,0
30,P6,P6,Post_P6,0,0.17031727731227875,0
30,P6,P6,Post_P6,0,0.1561235636472702,0
30,P6,P6,Post_P6,0,0.29030826687812805,0
30,P6,P6,Post_P6,0,0.20671407878398895,0
30,P6,P6,Post_P6,0,0.7632609009742737,1
30,P6,P6,Post_P6,0,0.3047562837600708,0
30,P6,P6,Post_P6,0,0.18167957663536072,0
30,P6,P6,Post_P6,0,0.3438540995121002,0
30,P6,P6,Post_P6,0,0.6656133532524109,1
30,P6,P6,Post_P6,0,0.28539329767227173,0
30,P6,P6,Post_P6,0,0.22877958416938782,0
30,P6,P6,Post_P6,0,0.45150622725486755,0
30,P6,P6,Post_P6,0,0.28532522916793823,0
30,P6,P6,Post_P6,0,0.20286807417869568,0
30,P6,P6,Post_P6,0,0.15966686606407166,0
30,P6,P6,Post_P6,0,0.2403758019208908,0
30,P6,P6,Post_P6,0,0.6543049216270447,1
30,P6,P6,Post_P6,0,0.16460080444812775,0
30,P6,P6,Post_P6,0,0.1301186978816986,0
30,P6,P6,Post_P6,0,0.3161153197288513,0
30,P6,P6,Post_P6,0,0.08182259649038315,0
30,P6,P6,Post_P6,0,0.17817428708076477,0
30,P6,P6,Post_P6,0,0.4380515217781067,0
30,P6,P6,Post_P6,0,0.21682368218898773,0
30,P6,P6,Post_P6,0,0.28383657336235046,0
30,P6,P6,Post_P6,0,0.28167060017585754,0
30,P6,P6,Post_P6,0,0.09398780763149261,0
30,P6,P6,Post_P6,0,0.5306259989738464,1
30,P6,P6,Post_P6,0,0.19644176959991455,0
30,P6,P6,Post_P6,0,0.2708424925804138,0
30,P6,P6,Post_P6,0,0.449861079454422,0
30,P6,P6,Post_P6,0,0.38714510202407837,0
30,P6,P6,Post_P6,0,0.20534852147102356,0
30,P6,P6,Post_P6,0,0.23403514921665192,0
30,P6,P6,Post_P6,0,0.14627602696418762,0
30,P6,P6,Post_P6,0,0.139194056391716,0
30,P6,P6,Post_P6,0,0.1802096962928772,0
30,P6,P6,Post_P6,0,0.14904935657978058,0
30,P6,P6,Post_P6,0,0.19519729912281036,0
30,P6,P6,Post_P6,0,0.49956658482551575,0
30,P6,P6,Post_P6,0,0.37924978137016296,0
30,P6,P6,Post_P6,0,0.2726217210292816,0
30,P6,P6,Post_P6,0,0.4068423807621002,0
30,P6,P6,Post_P6,0,0.3079877495765686,0
30,P6,P6,Post_P6,0,0.4315146207809448,0
30,P6,P6,Post_P6,0,0.5959956049919128,1
30,P6,P6,Post_P6,0,0.38798514008522034,0
30,P6,P6,Post_P6,0,0.25807565450668335,0
30,P6,P6,Post_P6,0,0.1811530888080597,0
30,P6,P6,Post_P6,0,0.40323811769485474,0
30,P6,P6,Post_P6,0,0.5381734371185303,1
30,P6,P6,Post_P6,0,0.8637663125991821,1
30,P6,P6,Post_P6,0,0.15559576451778412,0
30,P6,P6,Post_P6,0,0.15899981558322906,0
30,P6,P6,Post_P6,0,0.2517390251159668,0
30,P6,P6,Post_P6,0,0.24373313784599304,0
30,P6,P6,Post_P6,0,0.10510942339897156,0
30,P6,P6,Post_P6,0,0.15690766274929047,0
30,P6,P6,Post_P6,0,0.1080588847398758,0
30,P6,P6,Post_P6,0,0.2561272084712982,0
30,P6,P6,Post_P6,0,0.25906431674957275,0
30,P6,P6,Post_P6,0,0.15499699115753174,0
30,P6,P6,Post_P6,0,0.38767334818840027,0
30,P6,P6,Post_P6,0,0.273916095495224,0
30,P6,P6,Post_P6,0,0.0684722289443016,0
30,P6,P6,Post_P6,0,0.20595727860927582,0
30,P6,P6,Post_P6,0,0.12863244116306305,0
30,P6,P6,Post_P6,0,0.4222877621650696,0
30,P6,P6,Post_P6,0,0.23806919157505035,0
30,P6,P6,Post_P6,0,0.5216996073722839,1
30,P6,P6,Post_P6,0,0.1442592591047287,0
30,P6,P6,Post_P6,0,0.3007858991622925,0
30,P6,P6,Post_P6,0,0.235568568110466,0
30,P6,P6,Post_P6,0,0.21802732348442078,0
30,P6,P6,Post_P6,0,0.23787927627563477,0
30,P6,P6,Post_P6,0,0.23291070759296417,0
30,P6,P6,Post_P6,0,0.32238033413887024,0
30,P6,P6,Post_P6,0,0.7446122765541077,1
30,P6,P6,Post_P6,0,0.2755008637905121,0
30,P6,P6,Post_P6,0,0.47551071643829346,0
30,P6,P6,Post_P6,0,0.32897910475730896,0
30,P6,P6,Post_P6,0,0.2312629371881485,0
30,P6,P6,Post_P6,0,0.1771652102470398,0
30,P6,P6,Post_P6,0,0.4103805720806122,0
30,P6,P6,Post_P6,0,0.28794658184051514,0
30,P6,P6,Post_P6,0,0.3017584979534149,0
30,P6,P6,Post_P6,0,0.0703992024064064,0
30,P6,P6,Post_P6,0,0.5718015432357788,1
30,P6,P6,Post_P6,0,0.12537848949432373,0
30,P6,P6,Post_P6,0,0.6730390787124634,1
30,P6,P6,Post_P6,0,0.3337719738483429,0
30,P6,P6,Post_P6,0,0.3646015524864197,0
30,P6,P6,Post_P6,0,0.22877958416938782,0
30,P6,P6,Post_P6,0,0.09411679953336716,0
30,P6,P6,Post_P6,0,0.3785703778266907,0
30,P6,P6,Post_P6,0,0.1831052154302597,0
30,P6,P6,Post_P6,0,0.544629693031311,1
30,P6,P6,Post_P6,0,0.2965279221534729,0
30,P6,P6,Post_P6,0,0.18098290264606476,0
30,P6,P6,Post_P6,0,0.8025769591331482,1
30,P6,P6,Post_P6,0,0.5739632248878479,1
30,P6,P6,Post_P6,0,0.13670885562896729,0
30,P6,P6,Post_P6,0,0.3423663377761841,0
30,P6,P6,Post_P6,0,0.27565160393714905,0
30,P6,P6,Post_P6,0,0.2500433921813965,0
30,P6,P6,Post_P6,0,0.21872036159038544,0
30,P6,P6,Post_P6,0,0.3720865547657013,0
30,P6,P6,Post_P6,0,0.5727748870849609,1
30,P6,P6,Post_P6,0,0.28542405366897583,0
30,P6,P6,Post_P6,0,0.6664946675300598,1
30,P6,P6,Post_P6,0,0.3264212906360626,0
30,P6,P6,Post_P6,0,0.13491280376911163,0
30,P6,P6,Post_P6,0,0.1752040684223175,0
30,P6,P6,Post_P6,0,0.15400633215904236,0
30,P6,P6,Post_P6,0,0.15006986260414124,0
30,P6,P6,Post_P6,0,0.2217753827571869,0
30,P6,P6,Post_P6,0,0.2811397612094879,0
30,P6,P6,Post_P6,0,0.18423831462860107,0
30,P6,P6,Post_P6,0,0.19950349628925323,0
30,P6,P6,Post_P6,0,0.2089116871356964,0
30,P6,P6,Post_P6,0,0.27673131227493286,0
30,P6,P6,Post_P6,0,0.14156609773635864,0
30,P6,P6,Post_P6,0,0.1757889986038208,0
30,P6,P6,Post_P6,0,0.25720661878585815,0
30,P6,P6,Post_P6,0,0.1494557112455368,0
30,P6,P6,Post_P6,0,0.5380185842514038,1
30,P6,P6,Post_P6,0,0.3566216826438904,0
30,P6,P6,Post_P6,0,0.30871158838272095,0
30,P6,P6,Post_P6,0,0.339459627866745,0
30,P6,P6,Post_P6,0,0.2009589970111847,0
30,P6,P6,Post_P6,0,0.24284647405147552,0
30,P6,P6,Post_P6,0,0.18216706812381744,0
30,P6,P6,Post_P6,0,0.44255828857421875,0
30,P6,P6,Post_P6,0,0.2323683798313141,0
30,P6,P6,Post_P6,0,0.2760360538959503,0
30,P6,P6,Post_P6,0,0.43403443694114685,0
30,P6,P6,Post_P6,0,0.2974250912666321,0
30,P6,P6,Post_P6,0,0.2287454456090927,0
30,P6,P6,Post_P6,0,0.367436021566391,0
30,P6,P6,Post_P6,0,0.21059302985668182,0
30,P6,P6,Post_P6,0,0.1129850521683693,0
30,P6,P6,Post_P6,0,0.1902163326740265,0
30,P6,P6,Post_P6,0,0.18078769743442535,0
30,P6,P6,Post_P6,0,0.19968174397945404,0
30,P6,P6,Post_P6,0,0.15241014957427979,0
30,P6,P6,Post_P6,0,0.47919994592666626,0
30,P6,P6,Post_P6,0,0.2923823893070221,0
30,P6,P6,Post_P6,0,0.15228049457073212,0
30,P6,P6,Post_P6,0,0.3042626678943634,0
30,P6,P6,Post_P6,0,0.1913711428642273,0
30,P6,P6,Post_P6,0,0.31750357151031494,0
30,P6,P6,Post_P6,0,0.16993515193462372,0
30,P6,P6,Post_P6,0,0.5010964274406433,1
30,P6,P6,Post_P6,0,0.4760163724422455,0
30,P6,P6,Post_P6,0,0.37717753648757935,0
30,P6,P6,Post_P6,0,0.32043516635894775,0
30,P6,P6,Post_P6,0,0.4870322346687317,0
30,P6,P6,Post_P6,0,0.10852423310279846,0
30,P6,P6,Post_P6,0,0.29521679878234863,0
30,P6,P6,Post_P6,0,0.28975778818130493,0
30,P6,P6,Post_P6,0,0.07641453295946121,0
30,P6,P6,Post_P6,0,0.12921082973480225,0
30,P6,P6,Post_P6,0,0.11238327622413635,0
30,P6,P6,Post_P6,0,0.31473881006240845,0
30,P6,P6,Post_P6,0,0.28666406869888306,0
30,P6,P6,Post_P6,0,0.408430278301239,0
30,P6,P6,Post_P6,0,0.30358338356018066,0
30,P6,P6,Post_P6,0,0.15294072031974792,0
30,P6,P6,Post_P6,0,0.24486829340457916,0
30,P6,P6,Post_P6,0,0.520272970199585,1
30,P6,P6,Post_P6,0,0.2926119863986969,0
30,P6,P6,Post_P6,0,0.20890851318836212,0
30,P6,P6,Post_P6,0,0.1253991574048996,0
30,P6,P6,Post_P6,0,0.36462974548339844,0
30,P6,P6,Post_P6,0,0.3136017918586731,0
30,P6,P6,Post_P6,0,0.4060015082359314,0
30,P6,P6,Post_P6,0,0.19497594237327576,0
30,P6,P6,Post_P6,0,0.8637663125991821,1
30,P6,P6,Post_P6,0,0.20062880218029022,0
30,P6,P6,Post_P6,0,0.21351730823516846,0
30,P6,P6,Post_P6,0,0.43516111373901367,0
30,P6,P6,Post_P6,0,0.18446022272109985,0
30,P6,P6,Post_P6,0,0.1337563693523407,0
30,P6,P6,Post_P6,0,0.3429465591907501,0
30,P6,P6,Post_P6,0,0.38397014141082764,0
30,P6,P6,Post_P6,0,0.2526587247848511,0
30,P6,P6,Post_P6,0,0.18686291575431824,0
30,P6,P6,Post_P6,0,0.12665718793869019,0
30,P6,P6,Post_P6,0,0.20281469821929932,0
30,P6,P6,Post_P6,0,0.1596025675535202,0
30,P6,P6,Post_P6,0,0.11349596083164215,0
30,P6,P6,Post_P6,0,0.43861323595046997,0
30,P6,P6,Post_P6,0,0.3264212906360626,0
30,P6,P6,Post_P6,0,0.20133282244205475,0
30,P6,P6,Post_P6,0,0.6664844751358032,1
30,P6,P6,Post_P6,0,0.30552950501441956,0
30,P6,P6,Post_P6,0,0.3628705143928528,0
30,P6,P6,Post_P6,0,0.1613919734954834,0
30,P6,P6,Post_P6,0,0.3488961458206177,0
30,P6,P6,Post_P6,0,0.3434469401836395,0
30,P6,P6,Post_P6,0,0.2753433585166931,0
30,P6,P6,Post_P6,0,0.1390087902545929,0
30,P6,P6,Post_P6,0,0.2244851142168045,0
30,P6,P6,Post_P6,0,0.21784129738807678,0
30,P6,P6,Post_P6,0,0.2544105648994446,0
30,P6,P6,Post_P6,0,0.3240833282470703,0
30,P6,P6,Post_P6,0,0.2296142876148224,0
30,P6,P6,Post_P6,0,0.512603223323822,1
30,P6,P6,Post_P6,0,0.20550626516342163,0
30,P6,P6,Post_P6,0,0.4050276279449463,0
30,P6,P6,Post_P6,0,0.3215625584125519,0
30,P6,P6,Post_P6,0,0.35185563564300537,0
30,P6,P6,Post_P6,0,0.41946831345558167,0
30,P6,P6,Post_P6,0,0.39087146520614624,0
30,P6,P6,Post_P6,0,0.34943732619285583,0
30,P6,P6,Post_P6,0,0.3403598964214325,0
30,P6,P6,Post_P6,0,0.5236649513244629,1
30,P6,P6,Post_P6,0,0.652584969997406,1
30,P6,P6,Post_P6,0,0.1248476579785347,0
30,P6,P6,Post_P6,0,0.16120855510234833,0
30,P6,P6,Post_P6,0,0.22269824147224426,0
30,P6,P6,Post_P6,0,0.4155625104904175,0
30,P6,P6,Post_P6,0,0.7635825276374817,1
30,P6,P6,Post_P6,0,0.1412321776151657,0
30,P6,P6,Post_P6,0,0.2395380139350891,0
30,P6,P6,Post_P6,0,0.31243425607681274,0
30,P6,P6,Post_P6,0,0.19134628772735596,0
30,P6,P6,Post_P6,0,0.14470528066158295,0
30,P6,P6,Post_P6,0,0.7872739434242249,1
30,P6,P6,Post_P6,0,0.14920315146446228,0
30,P6,P6,Post_P6,0,0.5533777475357056,1
30,P6,P6,Post_P6,0,0.17571260035037994,0
30,P6,P6,Post_P6,0,0.22025954723358154,0
30,P6,P6,Post_P6,0,0.24194782972335815,0
30,P6,P6,Post_P6,0,0.25201714038848877,0
30,P6,P6,Post_P6,0,0.16178196668624878,0
30,P6,P6,Post_P6,0,0.2959618866443634,0
30,P6,P6,Post_P6,0,0.08913567662239075,0
30,P6,P6,Post_P6,0,0.5382998585700989,1
30,P6,P6,Post_P6,0,0.23400554060935974,0
30,P6,P6,Post_P6,0,0.18309266865253448,0
30,P6,P6,Post_P6,0,0.10743596404790878,0
30,P6,P6,Post_P6,0,0.1647951453924179,0
30,P6,P6,Post_P6,0,0.7657746076583862,1
30,P6,P6,Post_P6,0,0.13291284441947937,0
30,P6,P6,Post_P6,0,0.21262697875499725,0
30,P6,P6,Post_P6,0,0.4578550159931183,0
30,P6,P6,Post_P6,0,0.14900200068950653,0
30,P6,P6,Post_P6,0,0.19978104531764984,0
30,P6,P6,Post_P6,0,0.16858363151550293,0
30,P6,P6,Post_P6,0,0.30358338356018066,0
30,P6,P6,Post_P6,0,0.189381942152977,0
30,P6,P6,Post_P6,0,0.2992178797721863,0
30,P6,P6,Post_P6,0,0.20300178229808807,0
30,P6,P6,Post_P6,0,0.16180798411369324,0
30,P6,P6,Post_P6,0,0.3047562837600708,0
30,P6,P6,Post_P6,0,0.26255887746810913,0
30,P6,P6,Post_P6,0,0.34906503558158875,0
30,P6,P6,Post_P6,0,0.08359989523887634,0
30,P6,P6,Post_P6,0,0.3107132017612457,0
30,P6,P6,Post_P6,0,0.24456748366355896,0
30,P6,P6,Post_P6,0,0.1061127632856369,0
30,P6,P6,Post_P6,0,0.27399057149887085,0
30,P6,P6,Post_P6,0,0.16910551488399506,0
30,P6,P6,Post_P6,0,0.21678940951824188,0
30,P6,P6,Post_P6,0,0.14809611439704895,0
30,P6,P6,Post_P6,0,0.11460521072149277,0
30,P6,P6,Post_P6,0,0.29857832193374634,0
30,P6,P6,Post_P6,0,0.3184526562690735,0
30,P6,P6,Post_P6,0,0.1469365358352661,0
30,P6,P6,Post_P6,0,0.34085336327552795,0
30,P6,P6,Post_P6,0,0.2593669295310974,0
30,P6,P6,Post_P6,0,0.2101159691810608,0
30,P6,P6,Post_P6,0,0.13340243697166443,0
30,P6,P6,Post_P6,0,0.4804387092590332,0
30,P6,P6,Post_P6,0,0.13066402077674866,0
30,P6,P6,Post_P6,0,0.11688248068094254,0
30,P6,P6,Post_P6,0,0.35708579421043396,0
30,P6,P6,Post_P6,0,0.4092790484428406,0
30,P6,P6,Post_P6,0,0.3901810348033905,0
30,P6,P6,Post_P6,0,0.20483192801475525,0
30,P6,P6,Post_P6,0,0.24618962407112122,0
30,P6,P6,Post_P6,0,0.22150371968746185,0
30,P6,P6,Post_P6,0,0.18587109446525574,0
30,P6,P6,Post_P6,0,0.3900563418865204,0
30,P6,P6,Post_P6,0,0.1584642231464386,0
30,P6,P6,Post_P6,0,0.2714034616947174,0
30,P6,P6,Post_P6,0,0.5279431343078613,1
30,P6,P6,Post_P6,0,0.24747030436992645,0
30,P6,P6,Post_P6,0,0.16872917115688324,0
30,P6,P6,Post_P6,0,0.24613645672798157,0
30,P6,P6,Post_P6,0,0.1534126251935959,0
30,P6,P6,Post_P6,0,0.2758199870586395,0
30,P6,P6,Post_P6,0,0.24391943216323853,0
30,P6,P6,Post_P6,0,0.32325857877731323,0
30,P6,P6,Post_P6,0,0.6924151182174683,1
30,P6,P6,Post_P6,0,0.13697123527526855,0
30,P6,P6,Post_P6,0,0.27988287806510925,0
30,P6,P6,Post_P6,0,0.176117405295372,0
30,P6,P6,Post_P6,0,0.19897134602069855,0
30,P6,P6,Post_P6,0,0.1813349574804306,0
30,P6,P6,Post_P6,0,0.20952734351158142,0
30,P6,P6,Post_P6,0,0.17716583609580994,0
30,P6,P6,Post_P6,0,0.165287584066391,0
30,P6,P6,Post_P6,0,0.4946393072605133,0
30,P6,P6,Post_P6,0,0.2012072205543518,0
30,P6,P6,Post_P6,0,0.1733808070421219,0
30,P6,P6,Post_P6,0,0.29089224338531494,0
30,P6,P6,Post_P6,0,0.6427468657493591,1
30,P6,P6,Post_P6,0,0.22023767232894897,0
30,P6,P6,Post_P6,0,0.41201701760292053,0
30,P6,P6,Post_P6,0,0.267103910446167,0
30,P6,P6,Post_P6,0,0.13903072476387024,0
30,P6,P6,Post_P6,0,0.17466895282268524,0
30,P6,P6,Post_P6,0,0.3282572329044342,0
30,P6,P6,Post_P6,0,0.29788345098495483,0
30,P6,P6,Post_P6,0,0.2735878527164459,0
30,P6,P6,Post_P6,0,0.16458570957183838,0
30,P6,P6,Post_P6,0,0.4657759368419647,0
30,P6,P6,Post_P6,0,0.3077448606491089,0
30,P6,P6,Post_P6,0,0.26540353894233704,0
30,P6,P6,Post_P6,0,0.399984210729599,0
30,P6,P6,Post_P6,0,0.20071813464164734,0
30,P6,P6,Post_P6,0,0.23569060862064362,0
30,P6,P6,Post_P6,0,0.1517430990934372,0
30,P6,P6,Post_P6,0,0.2532654106616974,0
30,P6,P6,Post_P6,0,0.24069401621818542,0
30,P6,P6,Post_P6,0,0.2795277237892151,0
30,P6,P6,Post_P6,0,0.20396588742733002,0
30,P6,P6,Post_P6,0,0.2791316509246826,0
30,P6,P6,Post_P6,0,0.2924565076828003,0
30,P6,P6,Post_P6,0,0.23846589028835297,0
30,P6,P6,Post_P6,0,0.4886634647846222,0
30,P6,P6,Post_P6,0,0.349427729845047,0
30,P6,P6,Post_P6,0,0.17705456912517548,0
30,P6,P6,Post_P6,0,0.16167166829109192,0
30,P6,P6,Post_P6,0,0.2685348391532898,0
30,P6,P6,Post_P6,0,0.45796728134155273,0
30,P6,P6,Post_P6,0,0.17121484875679016,0
30,P6,P6,Post_P6,0,0.2564787268638611,0
30,P6,P6,Post_P6,0,0.15361443161964417,0
30,P6,P6,Post_P6,0,0.18826332688331604,0
30,P6,P6,Post_P6,0,0.25534746050834656,0
30,P6,P6,Post_P6,0,0.32596510648727417,0
30,P6,P6,Post_P6,0,0.16294723749160767,0
30,P6,P6,Post_P6,0,0.1428481936454773,0
30,P6,P6,Post_P6,0,0.11331047117710114,0
30,P6,P6,Post_P6,0,0.4347061812877655,0
30,P6,P6,Post_P6,0,0.1366111785173416,0
30,P6,P6,Post_P6,0,0.17673827707767487,0
30,P6,P6,Post_P6,0,0.19082053005695343,0
30,P6,P6,Post_P6,0,0.1847263127565384,0
30,P6,P6,Post_P6,0,0.19666045904159546,0
30,P6,P6,Post_P6,0,0.2965273857116699,0
30,P6,P6,Post_P6,0,0.24964681267738342,0
30,P6,P6,Post_P6,0,0.2992744743824005,0
30,P6,P6,Post_P6,0,0.1476619988679886,0
30,P6,P6,Post_P6,0,0.23838551342487335,0
30,P6,P6,Post_P6,0,0.2857365608215332,0
30,P6,P6,Post_P6,0,0.5007124543190002,1
30,P6,P6,Post_P6,0,0.18610526621341705,0
30,P6,P6,Post_P6,0,0.21129752695560455,0
30,P6,P6,Post_P6,0,0.17258289456367493,0
30,P6,P6,Post_P6,0,0.17654725909233093,0
30,P6,P6,Post_P6,0,0.2679395377635956,0
30,P6,P6,Post_P6,0,0.2498495876789093,0
30,P6,P6,Post_P6,0,0.14221176505088806,0
30,P6,P6,Post_P6,0,0.27305078506469727,0
30,P6,P6,Post_P6,0,0.267459511756897,0
30,P6,P6,Post_P6,0,0.12738755345344543,0
30,P6,P6,Post_P6,0,0.3299616277217865,0
30,P6,P6,Post_P6,0,0.2502479553222656,0
30,P6,P6,Post_P6,0,0.48867160081863403,0
30,P6,P6,Post_P6,0,0.1460748165845871,0
30,P6,P6,Post_P6,0,0.15753766894340515,0
30,P6,P6,Post_P6,0,0.22046738862991333,0
30,P6,P6,Post_P6,0,0.1293763667345047,0
30,P6,P6,Post_P6,0,0.1972438246011734,0
30,P6,P6,Post_P6,0,0.388927698135376,0
30,P6,P6,Post_P6,0,0.15921546518802643,0
30,P6,P6,Post_P6,0,0.1027643233537674,0
30,P6,P6,Post_P6,0,0.16268262267112732,0
30,P6,P6,Post_P6,0,0.16650304198265076,0
30,P6,P6,Post_P6,0,0.18665175139904022,0
30,P6,P6,Post_P6,0,0.18086442351341248,0
30,P6,P6,Post_P6,0,0.16934074461460114,0
30,P6,P6,Post_P6,0,0.24911284446716309,0
30,P6,P6,Post_P6,0,0.6697076559066772,1
30,P6,P6,Post_P6,0,0.5280879139900208,1
31,P7,P7,Pre_P7,1,0.426790714263916,0
31,P7,P7,Pre_P7,1,0.23527854681015015,0
31,P7,P7,Pre_P7,1,0.3180444836616516,0
31,P7,P7,Pre_P7,1,0.6450945734977722,1
31,P7,P7,Pre_P7,1,0.092783622443676,0
31,P7,P7,Pre_P7,1,0.2008522003889084,0
31,P7,P7,Pre_P7,1,0.5484492182731628,1
31,P7,P7,Pre_P7,1,0.42882511019706726,0
31,P7,P7,Pre_P7,1,0.16414979100227356,0
31,P7,P7,Pre_P7,1,0.17237354815006256,0
31,P7,P7,Pre_P7,1,0.3151400685310364,0
31,P7,P7,Pre_P7,1,0.5558967590332031,1
31,P7,P7,Pre_P7,1,0.6425598859786987,1
31,P7,P7,Pre_P7,1,0.836546003818512,1
31,P7,P7,Pre_P7,1,0.20815086364746094,0
31,P7,P7,Pre_P7,1,0.5919742584228516,1
31,P7,P7,Pre_P7,1,0.7967135310173035,1
31,P7,P7,Pre_P7,1,0.6884243488311768,1
31,P7,P7,Pre_P7,1,0.4779450297355652,0
31,P7,P7,Pre_P7,1,0.7967796921730042,1
31,P7,P7,Pre_P7,1,0.827971875667572,1
31,P7,P7,Pre_P7,1,0.2037353664636612,0
31,P7,P7,Pre_P7,1,0.38573023676872253,0
31,P7,P7,Pre_P7,1,0.35623034834861755,0
31,P7,P7,Pre_P7,1,0.8515600562095642,1
31,P7,P7,Pre_P7,1,0.23227228224277496,0
31,P7,P7,Pre_P7,1,0.6938083171844482,1
31,P7,P7,Pre_P7,1,0.8492504358291626,1
31,P7,P7,Pre_P7,1,0.6789971590042114,1
31,P7,P7,Pre_P7,1,0.46393507719039917,0
31,P7,P7,Pre_P7,1,0.16138291358947754,0
31,P7,P7,Pre_P7,1,0.7607777714729309,1
31,P7,P7,Pre_P7,1,0.3190203607082367,0
31,P7,P7,Pre_P7,1,0.6944801807403564,1
31,P7,P7,Pre_P7,1,0.5822619795799255,1
31,P7,P7,Pre_P7,1,0.2182081937789917,0
31,P7,P7,Pre_P7,1,0.8653043508529663,1
31,P7,P7,Pre_P7,1,0.2610860764980316,0
31,P7,P7,Pre_P7,1,0.14621801674365997,0
31,P7,P7,Pre_P7,1,0.7391327023506165,1
31,P7,P7,Pre_P7,1,0.5487845540046692,1
31,P7,P7,Pre_P7,1,0.24730715155601501,0
31,P7,P7,Pre_P7,1,0.6588088870048523,1
31,P7,P7,Pre_P7,1,0.4287814497947693,0
31,P7,P7,Pre_P7,1,0.734017014503479,1
31,P7,P7,Pre_P7,1,0.15716560184955597,0
31,P7,P7,Pre_P7,1,0.39597049355506897,0
31,P7,P7,Pre_P7,1,0.22621971368789673,0
31,P7,P7,Pre_P7,1,0.2713499963283539,0
31,P7,P7,Pre_P7,1,0.671251118183136,1
31,P7,P7,Pre_P7,1,0.5723159909248352,1
31,P7,P7,Pre_P7,1,0.31565308570861816,0
31,P7,P7,Pre_P7,1,0.66402667760849,1
31,P7,P7,Pre_P7,1,0.11004691570997238,0
31,P7,P7,Pre_P7,1,0.2883594036102295,0
31,P7,P7,Pre_P7,1,0.6937577724456787,1
31,P7,P7,Pre_P7,1,0.5263005495071411,1
31,P7,P7,Pre_P7,1,0.0936746820807457,0
31,P7,P7,Pre_P7,1,0.22262899577617645,0
31,P7,P7,Pre_P7,1,0.4986881613731384,0
31,P7,P7,Pre_P7,1,0.4844045042991638,0
31,P7,P7,Pre_P7,1,0.2959824204444885,0
31,P7,P7,Pre_P7,1,0.809711754322052,1
31,P7,P7,Pre_P7,1,0.810886025428772,1
31,P7,P7,Pre_P7,1,0.6935292482376099,1
31,P7,P7,Pre_P7,1,0.4605795443058014,0
31,P7,P7,Pre_P7,1,0.5785266757011414,1
31,P7,P7,Pre_P7,1,0.5583564639091492,1
31,P7,P7,Pre_P7,1,0.1286909431219101,0
31,P7,P7,Pre_P7,1,0.6260501742362976,1
31,P7,P7,Pre_P7,1,0.0342349037528038,0
31,P7,P7,Pre_P7,1,0.6315497756004333,1
31,P7,P7,Pre_P7,1,0.17516376078128815,0
31,P7,P7,Pre_P7,1,0.6755034327507019,1
31,P7,P7,Pre_P7,1,0.08863727003335953,0
31,P7,P7,Pre_P7,1,0.19800706207752228,0
31,P7,P7,Pre_P7,1,0.5128238201141357,1
31,P7,P7,Pre_P7,1,0.2687402665615082,0
31,P7,P7,Pre_P7,1,0.2719194293022156,0
31,P7,P7,Pre_P7,1,0.5883892774581909,1
31,P7,P7,Pre_P7,1,0.12664131820201874,0
31,P7,P7,Pre_P7,1,0.38570666313171387,0
31,P7,P7,Pre_P7,1,0.8641424179077148,1
31,P7,P7,Pre_P7,1,0.34189561009407043,0
31,P7,P7,Pre_P7,1,0.9031460285186768,1
31,P7,P7,Pre_P7,1,0.5612670183181763,1
31,P7,P7,Pre_P7,1,0.7459772229194641,1
31,P7,P7,Pre_P7,1,0.6272839307785034,1
31,P7,P7,Pre_P7,1,0.4496845006942749,0
31,P7,P7,Pre_P7,1,0.4470049738883972,0
31,P7,P7,Pre_P7,1,0.2994617521762848,0
31,P7,P7,Pre_P7,1,0.2476898729801178,0
31,P7,P7,Pre_P7,1,0.20655368268489838,0
31,P7,P7,Pre_P7,1,0.140071839094162,0
31,P7,P7,Pre_P7,1,0.38528716564178467,0
31,P7,P7,Pre_P7,1,0.5637780427932739,1
31,P7,P7,Pre_P7,1,0.6144880056381226,1
31,P7,P7,Pre_P7,1,0.8856813907623291,1
31,P7,P7,Pre_P7,1,0.11213687807321548,0
31,P7,P7,Pre_P7,1,0.8324063420295715,1
31,P7,P7,Pre_P7,1,0.6719033122062683,1
31,P7,P7,Pre_P7,1,0.44327080249786377,0
31,P7,P7,Pre_P7,1,0.13245609402656555,0
31,P7,P7,Pre_P7,1,0.3938215374946594,0
31,P7,P7,Pre_P7,1,0.8531518578529358,1
31,P7,P7,Pre_P7,1,0.7195940613746643,1
31,P7,P7,Pre_P7,1,0.3216591775417328,0
31,P7,P7,Pre_P7,1,0.1737070083618164,0
31,P7,P7,Pre_P7,1,0.34644338488578796,0
31,P7,P7,Pre_P7,1,0.4655245840549469,0
31,P7,P7,Pre_P7,1,0.3214905858039856,0
31,P7,P7,Pre_P7,1,0.13615907728672028,0
31,P7,P7,Pre_P7,1,0.21699142456054688,0
31,P7,P7,Pre_P7,1,0.12178009003400803,0
31,P7,P7,Pre_P7,1,0.7445480823516846,1
31,P7,P7,Pre_P7,1,0.6123210191726685,1
31,P7,P7,Pre_P7,1,0.8817054033279419,1
31,P7,P7,Pre_P7,1,0.04136424511671066,0
31,P7,P7,Pre_P7,1,0.5303666591644287,1
31,P7,P7,Pre_P7,1,0.6013978719711304,1
31,P7,P7,Pre_P7,1,0.7821916341781616,1
31,P7,P7,Pre_P7,1,0.3299331068992615,0
31,P7,P7,Pre_P7,1,0.8530887961387634,1
31,P7,P7,Pre_P7,1,0.274902880191803,0
31,P7,P7,Pre_P7,1,0.18786896765232086,0
31,P7,P7,Pre_P7,1,0.8003225326538086,1
31,P7,P7,Pre_P7,1,0.726037859916687,1
31,P7,P7,Pre_P7,1,0.36416390538215637,0
31,P7,P7,Pre_P7,1,0.8470321893692017,1
31,P7,P7,Pre_P7,1,0.6539300680160522,1
31,P7,P7,Pre_P7,1,0.2858414351940155,0
31,P7,P7,Pre_P7,1,0.2209698110818863,0
31,P7,P7,Pre_P7,1,0.5738296508789062,1
31,P7,P7,Pre_P7,1,0.8583837151527405,1
31,P7,P7,Pre_P7,1,0.140798419713974,0
31,P7,P7,Pre_P7,1,0.0887761190533638,0
31,P7,P7,Pre_P7,1,0.7059125304222107,1
31,P7,P7,Pre_P7,1,0.5187373161315918,1
31,P7,P7,Pre_P7,1,0.12646207213401794,0
31,P7,P7,Pre_P7,1,0.19984228909015656,0
31,P7,P7,Pre_P7,1,0.5262280702590942,1
31,P7,P7,Pre_P7,1,0.24832308292388916,0
31,P7,P7,Pre_P7,1,0.6674306392669678,1
31,P7,P7,Pre_P7,1,0.553245484828949,1
31,P7,P7,Pre_P7,1,0.13156276941299438,0
31,P7,P7,Pre_P7,1,0.7692276835441589,1
31,P7,P7,Pre_P7,1,0.8239637017250061,1
31,P7,P7,Pre_P7,1,0.3479459285736084,0
31,P7,P7,Pre_P7,1,0.5158427953720093,1
31,P7,P7,Pre_P7,1,0.8240467309951782,1
31,P7,P7,Pre_P7,1,0.5490193963050842,1
31,P7,P7,Pre_P7,1,0.6386081576347351,1
31,P7,P7,Pre_P7,1,0.24051547050476074,0
31,P7,P7,Pre_P7,1,0.8264715075492859,1
31,P7,P7,Pre_P7,1,0.8322077989578247,1
31,P7,P7,Pre_P7,1,0.5563607811927795,1
31,P7,P7,Pre_P7,1,0.6097738146781921,1
31,P7,P7,Pre_P7,1,0.3973122239112854,0
31,P7,P7,Pre_P7,1,0.7783111929893494,1
31,P7,P7,Pre_P7,1,0.4339272975921631,0
31,P7,P7,Pre_P7,1,0.7261348962783813,1
31,P7,P7,Pre_P7,1,0.10686598718166351,0
31,P7,P7,Pre_P7,1,0.11069490760564804,0
31,P7,P7,Pre_P7,1,0.6462438106536865,1
31,P7,P7,Pre_P7,1,0.10588723421096802,0
31,P7,P7,Pre_P7,1,0.23121801018714905,0
31,P7,P7,Pre_P7,1,0.8248177170753479,1
31,P7,P7,Pre_P7,1,0.801876962184906,1
31,P7,P7,Pre_P7,1,0.09203007072210312,0
31,P7,P7,Pre_P7,1,0.7700548768043518,1
31,P7,P7,Pre_P7,1,0.7034134268760681,1
31,P7,P7,Pre_P7,1,0.4260302782058716,0
31,P7,P7,Pre_P7,1,0.14615696668624878,0
31,P7,P7,Pre_P7,1,0.49455544352531433,0
31,P7,P7,Pre_P7,1,0.8895673155784607,1
31,P7,P7,Pre_P7,1,0.2669563591480255,0
31,P7,P7,Pre_P7,1,0.47904932498931885,0
31,P7,P7,Pre_P7,1,0.15446168184280396,0
31,P7,P7,Pre_P7,1,0.6016861200332642,1
31,P7,P7,Pre_P7,1,0.6739148497581482,1
31,P7,P7,Pre_P7,1,0.6089184880256653,1
31,P7,P7,Pre_P7,1,0.25245365500450134,0
31,P7,P7,Pre_P7,1,0.7397430539131165,1
31,P7,P7,Pre_P7,1,0.6320880651473999,1
31,P7,P7,Pre_P7,1,0.18758994340896606,0
31,P7,P7,Pre_P7,1,0.1864183098077774,0
31,P7,P7,Pre_P7,1,0.703518807888031,1
31,P7,P7,Pre_P7,1,0.24511735141277313,0
31,P7,P7,Pre_P7,1,0.2520945370197296,0
31,P7,P7,Pre_P7,1,0.12283603101968765,0
31,P7,P7,Pre_P7,1,0.2892588675022125,0
31,P7,P7,Pre_P7,1,0.6824870705604553,1
31,P7,P7,Pre_P7,1,0.6680026054382324,1
31,P7,P7,Pre_P7,1,0.5917906761169434,1
31,P7,P7,Pre_P7,1,0.20473621785640717,0
31,P7,P7,Pre_P7,1,0.5695217847824097,1
31,P7,P7,Pre_P7,1,0.05090631917119026,0
31,P7,P7,Pre_P7,1,0.39489486813545227,0
31,P7,P7,Pre_P7,1,0.4282655715942383,0
31,P7,P7,Pre_P7,1,0.8171917200088501,1
31,P7,P7,Pre_P7,1,0.2407912313938141,0
31,P7,P7,Pre_P7,1,0.25572746992111206,0
31,P7,P7,Pre_P7,1,0.5361595153808594,1
31,P7,P7,Pre_P7,1,0.8297247886657715,1
31,P7,P7,Pre_P7,1,0.4239405691623688,0
31,P7,P7,Pre_P7,1,0.2722576856613159,0
31,P7,P7,Pre_P7,1,0.1491778939962387,0
31,P7,P7,Pre_P7,1,0.7407202124595642,1
31,P7,P7,Pre_P7,1,0.0671791285276413,0
31,P7,P7,Pre_P7,1,0.2816464304924011,0
31,P7,P7,Pre_P7,1,0.6628890633583069,1
31,P7,P7,Pre_P7,1,0.3285190761089325,0
31,P7,P7,Pre_P7,1,0.7277323603630066,1
31,P7,P7,Pre_P7,1,0.8315157890319824,1
31,P7,P7,Pre_P7,1,0.21973557770252228,0
31,P7,P7,Pre_P7,1,0.14822617173194885,0
31,P7,P7,Pre_P7,1,0.6166048645973206,1
31,P7,P7,Pre_P7,1,0.743980884552002,1
31,P7,P7,Pre_P7,1,0.5122882127761841,1
31,P7,P7,Pre_P7,1,0.24434374272823334,0
31,P7,P7,Pre_P7,1,0.26375612616539,0
31,P7,P7,Pre_P7,1,0.05756812542676926,0
31,P7,P7,Pre_P7,1,0.9108400344848633,1
31,P7,P7,Pre_P7,1,0.4482964873313904,0
31,P7,P7,Pre_P7,1,0.46544742584228516,0
31,P7,P7,Pre_P7,1,0.644509494304657,1
31,P7,P7,Pre_P7,1,0.5660244226455688,1
31,P7,P7,Pre_P7,1,0.81369948387146,1
31,P7,P7,Pre_P7,1,0.37406986951828003,0
31,P7,P7,Pre_P7,1,0.6260949969291687,1
31,P7,P7,Pre_P7,1,0.21374712884426117,0
31,P7,P7,Pre_P7,1,0.09376248717308044,0
31,P7,P7,Pre_P7,1,0.8036479353904724,1
31,P7,P7,Pre_P7,1,0.11274929344654083,0
31,P7,P7,Pre_P7,1,0.24836784601211548,0
31,P7,P7,Pre_P7,1,0.36837419867515564,0
31,P7,P7,Pre_P7,1,0.13314048945903778,0
31,P7,P7,Pre_P7,1,0.4323420226573944,0
31,P7,P7,Pre_P7,1,0.27495434880256653,0
31,P7,P7,Pre_P7,1,0.6096088290214539,1
31,P7,P7,Pre_P7,1,0.686370313167572,1
31,P7,P7,Pre_P7,1,0.16464588046073914,0
31,P7,P7,Pre_P7,1,0.47738057374954224,0
31,P7,P7,Pre_P7,1,0.1271970570087433,0
31,P7,P7,Pre_P7,1,0.6497915983200073,1
31,P7,P7,Pre_P7,1,0.8172582983970642,1
31,P7,P7,Pre_P7,1,0.9119925498962402,1
31,P7,P7,Pre_P7,1,0.3419221043586731,0
31,P7,P7,Pre_P7,1,0.7990608811378479,1
31,P7,P7,Pre_P7,1,0.20186670124530792,0
31,P7,P7,Pre_P7,1,0.08474957197904587,0
31,P7,P7,Pre_P7,1,0.4927569031715393,0
31,P7,P7,Pre_P7,1,0.8763694167137146,1
31,P7,P7,Pre_P7,1,0.5750581622123718,1
31,P7,P7,Pre_P7,1,0.5880866050720215,1
31,P7,P7,Pre_P7,1,0.6260307431221008,1
31,P7,P7,Pre_P7,1,0.7327471375465393,1
31,P7,P7,Pre_P7,1,0.1762794703245163,0
31,P7,P7,Pre_P7,1,0.7619152665138245,1
31,P7,P7,Pre_P7,1,0.8822916746139526,1
31,P7,P7,Pre_P7,1,0.6822952628135681,1
31,P7,P7,Pre_P7,1,0.20474565029144287,0
31,P7,P7,Pre_P7,1,0.21640104055404663,0
31,P7,P7,Pre_P7,1,0.4143959879875183,0
31,P7,P7,Pre_P7,1,0.39410319924354553,0
31,P7,P7,Pre_P7,1,0.43517178297042847,0
31,P7,P7,Pre_P7,1,0.3893284499645233,0
31,P7,P7,Pre_P7,1,0.29766932129859924,0
31,P7,P7,Pre_P7,1,0.4908837378025055,0
31,P7,P7,Pre_P7,1,0.5058259963989258,1
31,P7,P7,Pre_P7,1,0.19505168497562408,0
31,P7,P7,Pre_P7,1,0.09142976999282837,0
31,P7,P7,Pre_P7,1,0.19881489872932434,0
31,P7,P7,Pre_P7,1,0.8861047029495239,1
31,P7,P7,Pre_P7,1,0.41984236240386963,0
31,P7,P7,Pre_P7,1,0.844373881816864,1
31,P7,P7,Pre_P7,1,0.5639277696609497,1
31,P7,P7,Pre_P7,1,0.6409116387367249,1
31,P7,P7,Pre_P7,1,0.604590654373169,1
31,P7,P7,Pre_P7,1,0.6530032753944397,1
31,P7,P7,Pre_P7,1,0.4274492561817169,0
31,P7,P7,Pre_P7,1,0.3601185381412506,0
31,P7,P7,Pre_P7,1,0.16062286496162415,0
31,P7,P7,Pre_P7,1,0.6491876244544983,1
31,P7,P7,Pre_P7,1,0.14094093441963196,0
31,P7,P7,Pre_P7,1,0.8080401420593262,1
31,P7,P7,Pre_P7,1,0.6890454292297363,1
31,P7,P7,Pre_P7,1,0.5493541955947876,1
31,P7,P7,Pre_P7,1,0.6860457062721252,1
31,P7,P7,Pre_P7,1,0.7759330868721008,1
31,P7,P7,Pre_P7,1,0.5257450342178345,1
31,P7,P7,Pre_P7,1,0.18817947804927826,0
31,P7,P7,Pre_P7,1,0.19327285885810852,0
31,P7,P7,Pre_P7,1,0.6534079909324646,1
31,P7,P7,Pre_P7,1,0.2289057970046997,0
31,P7,P7,Pre_P7,1,0.12883999943733215,0
31,P7,P7,Pre_P7,1,0.030686762183904648,0
31,P7,P7,Pre_P7,1,0.2394077479839325,0
31,P7,P7,Pre_P7,1,0.4944922924041748,0
31,P7,P7,Pre_P7,1,0.13434633612632751,0
31,P7,P7,Pre_P7,1,0.8701546788215637,1
31,P7,P7,Pre_P7,1,0.8640630841255188,1
31,P7,P7,Pre_P7,1,0.688180148601532,1
31,P7,P7,Pre_P7,1,0.3153916895389557,0
31,P7,P7,Pre_P7,1,0.12146659195423126,0
31,P7,P7,Pre_P7,1,0.5615459680557251,1
31,P7,P7,Pre_P7,1,0.5610378384590149,1
31,P7,P7,Pre_P7,1,0.5088345408439636,1
31,P7,P7,Pre_P7,1,0.5136478543281555,1
31,P7,P7,Pre_P7,1,0.3151632249355316,0
31,P7,P7,Pre_P7,1,0.3344821035861969,0
31,P7,P7,Pre_P7,1,0.08201304078102112,0
31,P7,P7,Pre_P7,1,0.5906408429145813,1
31,P7,P7,Pre_P7,1,0.6782866716384888,1
31,P7,P7,Pre_P7,1,0.82887864112854,1
31,P7,P7,Pre_P7,1,0.1585768312215805,0
31,P7,P7,Pre_P7,1,0.0839560255408287,0
31,P7,P7,Pre_P7,1,0.4182664155960083,0
31,P7,P7,Pre_P7,1,0.30473101139068604,0
31,P7,P7,Pre_P7,1,0.44390180706977844,0
31,P7,P7,Pre_P7,1,0.3092302680015564,0
31,P7,P7,Pre_P7,1,0.6259518265724182,1
31,P7,P7,Pre_P7,1,0.8117464184761047,1
31,P7,P7,Pre_P7,1,0.28090932965278625,0
31,P7,P7,Pre_P7,1,0.05906655639410019,0
31,P7,P7,Pre_P7,1,0.3646804392337799,0
31,P7,P7,Pre_P7,1,0.27726754546165466,0
31,P7,P7,Pre_P7,1,0.15826945006847382,0
31,P7,P7,Pre_P7,1,0.8941004872322083,1
31,P7,P7,Pre_P7,1,0.06966360658407211,0
31,P7,P7,Pre_P7,1,0.17871150374412537,0
31,P7,P7,Pre_P7,1,0.11424976587295532,0
31,P7,P7,Pre_P7,1,0.04649915173649788,0
31,P7,P7,Pre_P7,1,0.9072049856185913,1
31,P7,P7,Pre_P7,1,0.22130592167377472,0
31,P7,P7,Pre_P7,1,0.10137218236923218,0
31,P7,P7,Pre_P7,1,0.040637027472257614,0
31,P7,P7,Pre_P7,1,0.7565602660179138,1
31,P7,P7,Pre_P7,1,0.10600423812866211,0
31,P7,P7,Pre_P7,1,0.3461286425590515,0
31,P7,P7,Pre_P7,1,0.8089880347251892,1
31,P7,P7,Pre_P7,1,0.12656092643737793,0
31,P7,P7,Pre_P7,1,0.4320988357067108,0
31,P7,P7,Pre_P7,1,0.877578854560852,1
31,P7,P7,Pre_P7,1,0.20098914206027985,0
31,P7,P7,Pre_P7,1,0.29282572865486145,0
31,P7,P7,Pre_P7,1,0.21935352683067322,0
31,P7,P7,Pre_P7,1,0.5677631497383118,1
31,P7,P7,Pre_P7,1,0.8195628523826599,1
31,P7,P7,Pre_P7,1,0.6758409738540649,1
31,P7,P7,Pre_P7,1,0.7277272343635559,1
31,P7,P7,Pre_P7,1,0.5661239624023438,1
31,P7,P7,Pre_P7,1,0.3078899383544922,0
31,P7,P7,Pre_P7,1,0.6659721732139587,1
31,P7,P7,Pre_P7,1,0.3160024881362915,0
31,P7,P7,Pre_P7,1,0.378896564245224,0
31,P7,P7,Pre_P7,1,0.688444972038269,1
31,P7,P7,Pre_P7,1,0.46636781096458435,0
31,P7,P7,Pre_P7,1,0.07956799864768982,0
31,P7,P7,Pre_P7,1,0.2740258276462555,0
31,P7,P7,Pre_P7,1,0.8466914892196655,1
31,P7,P7,Pre_P7,1,0.44038766622543335,0
31,P7,P7,Pre_P7,1,0.8498731255531311,1
31,P7,P7,Pre_P7,1,0.8976649641990662,1
31,P7,P7,Pre_P7,1,0.2524372637271881,0
31,P7,P7,Pre_P7,1,0.11645591259002686,0
31,P7,P7,Pre_P7,1,0.7987802624702454,1
31,P7,P7,Pre_P7,1,0.6273859739303589,1
31,P7,P7,Post_P7,1,0.4085956811904907,0
31,P7,P7,Post_P7,1,0.8155534267425537,1
31,P7,P7,Post_P7,1,0.09614571183919907,0
31,P7,P7,Post_P7,1,0.16723163425922394,0
31,P7,P7,Post_P7,1,0.29099756479263306,0
31,P7,P7,Post_P7,1,0.7165356278419495,1
31,P7,P7,Post_P7,1,0.14432114362716675,0
31,P7,P7,Post_P7,1,0.3367675542831421,0
31,P7,P7,Post_P7,1,0.3464083969593048,0
31,P7,P7,Post_P7,1,0.36131054162979126,0
31,P7,P7,Post_P7,1,0.05615473538637161,0
31,P7,P7,Post_P7,1,0.26419609785079956,0
31,P7,P7,Post_P7,1,0.2561023235321045,0
31,P7,P7,Post_P7,1,0.17742152512073517,0
31,P7,P7,Post_P7,1,0.1344769448041916,0
31,P7,P7,Post_P7,1,0.08373530209064484,0
31,P7,P7,Post_P7,1,0.2262410670518875,0
31,P7,P7,Post_P7,1,0.8273457288742065,1
31,P7,P7,Post_P7,1,0.15710794925689697,0
31,P7,P7,Post_P7,1,0.2780786156654358,0
31,P7,P7,Post_P7,1,0.36501744389533997,0
31,P7,P7,Post_P7,1,0.20315732061862946,0
31,P7,P7,Post_P7,1,0.7540019750595093,1
31,P7,P7,Post_P7,1,0.3481711745262146,0
31,P7,P7,Post_P7,1,0.1503201723098755,0
31,P7,P7,Post_P7,1,0.25700345635414124,0
31,P7,P7,Post_P7,1,0.533496618270874,1
31,P7,P7,Post_P7,1,0.07160472124814987,0
31,P7,P7,Post_P7,1,0.2936553955078125,0
31,P7,P7,Post_P7,1,0.061922408640384674,0
31,P7,P7,Post_P7,1,0.02123108133673668,0
31,P7,P7,Post_P7,1,0.09390676766633987,0
31,P7,P7,Post_P7,1,0.23587065935134888,0
31,P7,P7,Post_P7,1,0.02813352830708027,0
31,P7,P7,Post_P7,1,0.5480031371116638,1
31,P7,P7,Post_P7,1,0.4915374219417572,0
31,P7,P7,Post_P7,1,0.26361730694770813,0
31,P7,P7,Post_P7,1,0.14215736091136932,0
31,P7,P7,Post_P7,1,0.7080989480018616,1
31,P7,P7,Post_P7,1,0.05161122605204582,0
31,P7,P7,Post_P7,1,0.4113274812698364,0
31,P7,P7,Post_P7,1,0.10588863492012024,0
31,P7,P7,Post_P7,1,0.5932465195655823,1
31,P7,P7,Post_P7,1,0.16051162779331207,0
31,P7,P7,Post_P7,1,0.46374833583831787,0
31,P7,P7,Post_P7,1,0.46254873275756836,0
31,P7,P7,Post_P7,1,0.016635559499263763,0
31,P7,P7,Post_P7,1,0.5178387761116028,1
31,P7,P7,Post_P7,1,0.08521296083927155,0
31,P7,P7,Post_P7,1,0.07206282764673233,0
31,P7,P7,Post_P7,1,0.5060933232307434,1
31,P7,P7,Post_P7,1,0.7782531380653381,1
31,P7,P7,Post_P7,1,0.18975874781608582,0
31,P7,P7,Post_P7,1,0.20978493988513947,0
31,P7,P7,Post_P7,1,0.5080811381340027,1
31,P7,P7,Post_P7,1,0.5782386660575867,1
31,P7,P7,Post_P7,1,0.48693469166755676,0
31,P7,P7,Post_P7,1,0.38192859292030334,0
31,P7,P7,Post_P7,1,0.23060375452041626,0
31,P7,P7,Post_P7,1,0.9312061667442322,1
31,P7,P7,Post_P7,1,0.04944184049963951,0
31,P7,P7,Post_P7,1,0.18028275668621063,0
31,P7,P7,Post_P7,1,0.8297504186630249,1
31,P7,P7,Post_P7,1,0.05580525100231171,0
31,P7,P7,Post_P7,1,0.4890597462654114,0
31,P7,P7,Post_P7,1,0.28438159823417664,0
31,P7,P7,Post_P7,1,0.3845362365245819,0
31,P7,P7,Post_P7,1,0.501380443572998,1
31,P7,P7,Post_P7,1,0.8910697102546692,1
31,P7,P7,Post_P7,1,0.26049646735191345,0
31,P7,P7,Post_P7,1,0.2587069571018219,0
31,P7,P7,Post_P7,1,0.16089646518230438,0
31,P7,P7,Post_P7,1,0.2809491455554962,0
31,P7,P7,Post_P7,1,0.11769277602434158,0
31,P7,P7,Post_P7,1,0.08985330909490585,0
31,P7,P7,Post_P7,1,0.2857814431190491,0
31,P7,P7,Post_P7,1,0.343555212020874,0
31,P7,P7,Post_P7,1,0.10739296674728394,0
31,P7,P7,Post_P7,1,0.03208385035395622,0
31,P7,P7,Post_P7,1,0.48688456416130066,0
31,P7,P7,Post_P7,1,0.19664616882801056,0
31,P7,P7,Post_P7,1,0.14949806034564972,0
31,P7,P7,Post_P7,1,0.04239638149738312,0
31,P7,P7,Post_P7,1,0.0933438092470169,0
31,P7,P7,Post_P7,1,0.3606921136379242,0
31,P7,P7,Post_P7,1,0.452902227640152,0
31,P7,P7,Post_P7,1,0.0847523957490921,0
31,P7,P7,Post_P7,1,0.7558343410491943,1
31,P7,P7,Post_P7,1,0.35230427980422974,0
31,P7,P7,Post_P7,1,0.26192763447761536,0
31,P7,P7,Post_P7,1,0.06270909309387207,0
31,P7,P7,Post_P7,1,0.36014434695243835,0
31,P7,P7,Post_P7,1,0.27647024393081665,0
31,P7,P7,Post_P7,1,0.1707458198070526,0
31,P7,P7,Post_P7,1,0.12344306707382202,0
31,P7,P7,Post_P7,1,0.4295341670513153,0
31,P7,P7,Post_P7,1,0.20189470052719116,0
31,P7,P7,Post_P7,1,0.03988288342952728,0
31,P7,P7,Post_P7,1,0.20174835622310638,0
31,P7,P7,Post_P7,1,0.6330500245094299,1
31,P7,P7,Post_P7,1,0.017939072102308273,0
31,P7,P7,Post_P7,1,0.17068983614444733,0
31,P7,P7,Post_P7,1,0.13839206099510193,0
31,P7,P7,Post_P7,1,0.062377262860536575,0
31,P7,P7,Post_P7,1,0.767176628112793,1
31,P7,P7,Post_P7,1,0.20088498294353485,0
31,P7,P7,Post_P7,1,0.25794291496276855,0
31,P7,P7,Post_P7,1,0.1733618676662445,0
31,P7,P7,Post_P7,1,0.0480177141726017,0
31,P7,P7,Post_P7,1,0.5012686252593994,1
31,P7,P7,Post_P7,1,0.012738925404846668,0
31,P7,P7,Post_P7,1,0.41962435841560364,0
31,P7,P7,Post_P7,1,0.12681373953819275,0
31,P7,P7,Post_P7,1,0.15180431306362152,0
31,P7,P7,Post_P7,1,0.5437597036361694,1
31,P7,P7,Post_P7,1,0.32434698939323425,0
31,P7,P7,Post_P7,1,0.08265016973018646,0
31,P7,P7,Post_P7,1,0.281082421541214,0
31,P7,P7,Post_P7,1,0.04061441868543625,0
31,P7,P7,Post_P7,1,0.5686774849891663,1
31,P7,P7,Post_P7,1,0.1763715147972107,0
31,P7,P7,Post_P7,1,0.2846885323524475,0
31,P7,P7,Post_P7,1,0.06284713745117188,0
31,P7,P7,Post_P7,1,0.4021140933036804,0
31,P7,P7,Post_P7,1,0.2002078890800476,0
31,P7,P7,Post_P7,1,0.20606917142868042,0
31,P7,P7,Post_P7,1,0.09440472722053528,0
31,P7,P7,Post_P7,1,0.22677017748355865,0
31,P7,P7,Post_P7,1,0.8366737961769104,1
31,P7,P7,Post_P7,1,0.7596268653869629,1
31,P7,P7,Post_P7,1,0.5351120829582214,1
31,P7,P7,Post_P7,1,0.3773077726364136,0
31,P7,P7,Post_P7,1,0.2670888602733612,0
31,P7,P7,Post_P7,1,0.5428147912025452,1
31,P7,P7,Post_P7,1,0.05989948660135269,0
31,P7,P7,Post_P7,1,0.17999675869941711,0
31,P7,P7,Post_P7,1,0.19937309622764587,0
31,P7,P7,Post_P7,1,0.3496566414833069,0
31,P7,P7,Post_P7,1,0.27945277094841003,0
31,P7,P7,Post_P7,1,0.14943759143352509,0
31,P7,P7,Post_P7,1,0.3158573806285858,0
31,P7,P7,Post_P7,1,0.6222063899040222,1
31,P7,P7,Post_P7,1,0.4052039384841919,0
31,P7,P7,Post_P7,1,0.7273892164230347,1
31,P7,P7,Post_P7,1,0.22740282118320465,0
31,P7,P7,Post_P7,1,0.25061461329460144,0
31,P7,P7,Post_P7,1,0.39799219369888306,0
31,P7,P7,Post_P7,1,0.7179545760154724,1
31,P7,P7,Post_P7,1,0.2383149415254593,0
31,P7,P7,Post_P7,1,0.3340764045715332,0
31,P7,P7,Post_P7,1,0.7598194479942322,1
31,P7,P7,Post_P7,1,0.5021452903747559,1
31,P7,P7,Post_P7,1,0.02404952421784401,0
31,P7,P7,Post_P7,1,0.3266448676586151,0
31,P7,P7,Post_P7,1,0.08705256879329681,0
31,P7,P7,Post_P7,1,0.11602440476417542,0
31,P7,P7,Post_P7,1,0.8029807209968567,1
31,P7,P7,Post_P7,1,0.07731680572032928,0
31,P7,P7,Post_P7,1,0.24444015324115753,0
31,P7,P7,Post_P7,1,0.47951140999794006,0
31,P7,P7,Post_P7,1,0.024373376742005348,0
31,P7,P7,Post_P7,1,0.018137551844120026,0
31,P7,P7,Post_P7,1,0.1141308918595314,0
31,P7,P7,Post_P7,1,0.3294055759906769,0
31,P7,P7,Post_P7,1,0.4242609441280365,0
31,P7,P7,Post_P7,1,0.5091240406036377,1
31,P7,P7,Post_P7,1,0.340485155582428,0
31,P7,P7,Post_P7,1,0.25523531436920166,0
31,P7,P7,Post_P7,1,0.3268641531467438,0
31,P7,P7,Post_P7,1,0.014785644598305225,0
31,P7,P7,Post_P7,1,0.40505358576774597,0
31,P7,P7,Post_P7,1,0.836481511592865,1
31,P7,P7,Post_P7,1,0.32466191053390503,0
31,P7,P7,Post_P7,1,0.20690485835075378,0
31,P7,P7,Post_P7,1,0.33957383036613464,0
31,P7,P7,Post_P7,1,0.2003854215145111,0
31,P7,P7,Post_P7,1,0.05206872895359993,0
31,P7,P7,Post_P7,1,0.3165820240974426,0
31,P7,P7,Post_P7,1,0.12646180391311646,0
31,P7,P7,Post_P7,1,0.5023179650306702,1
31,P7,P7,Post_P7,1,0.08951177448034286,0
31,P7,P7,Post_P7,1,0.8467101454734802,1
31,P7,P7,Post_P7,1,0.12867078185081482,0
31,P7,P7,Post_P7,1,0.01252380944788456,0
31,P7,P7,Post_P7,1,0.12840071320533752,0
31,P7,P7,Post_P7,1,0.2911719083786011,0
31,P7,P7,Post_P7,1,0.05496276915073395,0
31,P7,P7,Post_P7,1,0.1625806838274002,0
31,P7,P7,Post_P7,1,0.07236926257610321,0
31,P7,P7,Post_P7,1,0.08179924637079239,0
31,P7,P7,Post_P7,1,0.18322435021400452,0
31,P7,P7,Post_P7,1,0.4141731262207031,0
31,P7,P7,Post_P7,1,0.09167403727769852,0
31,P7,P7,Post_P7,1,0.44109681248664856,0
31,P7,P7,Post_P7,1,0.5186602473258972,1
31,P7,P7,Post_P7,1,0.3578245937824249,0
31,P7,P7,Post_P7,1,0.19915218651294708,0
31,P7,P7,Post_P7,1,0.6080079078674316,1
31,P7,P7,Post_P7,1,0.35693857073783875,0
31,P7,P7,Post_P7,1,0.3820207715034485,0
31,P7,P7,Post_P7,1,0.05623149871826172,0
31,P7,P7,Post_P7,1,0.21137161552906036,0
31,P7,P7,Post_P7,1,0.71635901927948,1
31,P7,P7,Post_P7,1,0.2258283495903015,0
31,P7,P7,Post_P7,1,0.3652791678905487,0
31,P7,P7,Post_P7,1,0.10407392680644989,0
31,P7,P7,Post_P7,1,0.2701060175895691,0
31,P7,P7,Post_P7,1,0.134141743183136,0
31,P7,P7,Post_P7,1,0.19924527406692505,0
31,P7,P7,Post_P7,1,0.30598190426826477,0
31,P7,P7,Post_P7,1,0.167840376496315,0
31,P7,P7,Post_P7,1,0.2903044521808624,0
31,P7,P7,Post_P7,1,0.26449495553970337,0
31,P7,P7,Post_P7,1,0.46734732389450073,0
31,P7,P7,Post_P7,1,0.27728894352912903,0
31,P7,P7,Post_P7,1,0.4372587502002716,0
31,P7,P7,Post_P7,1,0.7427170872688293,1
31,P7,P7,Post_P7,1,0.3320620656013489,0
31,P7,P7,Post_P7,1,0.2042430341243744,0
31,P7,P7,Post_P7,1,0.020253470167517662,0
31,P7,P7,Post_P7,1,0.05130351707339287,0
31,P7,P7,Post_P7,1,0.3660059869289398,0
31,P7,P7,Post_P7,1,0.2798852026462555,0
31,P7,P7,Post_P7,1,0.1254504770040512,0
31,P7,P7,Post_P7,1,0.3856610059738159,0
31,P7,P7,Post_P7,1,0.28614509105682373,0
31,P7,P7,Post_P7,1,0.573991060256958,1
31,P7,P7,Post_P7,1,0.4085204601287842,0
31,P7,P7,Post_P7,1,0.27675148844718933,0
31,P7,P7,Post_P7,1,0.27038121223449707,0
31,P7,P7,Post_P7,1,0.12397132813930511,0
32,P8,P8,Pre_P8,1,0.4992920160293579,0
32,P8,P8,Pre_P8,1,0.5203189849853516,1
32,P8,P8,Pre_P8,1,0.5221707224845886,1
32,P8,P8,Pre_P8,1,0.510290265083313,1
32,P8,P8,Pre_P8,1,0.5221707224845886,1
32,P8,P8,Pre_P8,1,0.5203189849853516,1
32,P8,P8,Pre_P8,1,0.5226469039916992,1
32,P8,P8,Pre_P8,1,0.47581911087036133,0
32,P8,P8,Pre_P8,1,0.5203189849853516,1
32,P8,P8,Pre_P8,1,0.4978697896003723,0
32,P8,P8,Pre_P8,1,0.5203189849853516,1
32,P8,P8,Pre_P8,1,0.4992920160293579,0
32,P8,P8,Pre_P8,1,0.5221707224845886,1
32,P8,P8,Pre_P8,1,0.5203189849853516,1
32,P8,P8,Pre_P8,1,0.4990565776824951,0
32,P8,P8,Pre_P8,1,0.510290265083313,1
32,P8,P8,Pre_P8,1,0.5221707224845886,1
32,P8,P8,Pre_P8,1,0.5203189849853516,1
32,P8,P8,Pre_P8,1,0.4987986981868744,0
32,P8,P8,Pre_P8,1,0.5203189849853516,1
32,P8,P8,Pre_P8,1,0.5226469039916992,1
32,P8,P8,Pre_P8,1,0.4998904764652252,0
32,P8,P8,Pre_P8,1,0.5221707224845886,1
32,P8,P8,Pre_P8,1,0.5192701816558838,1
32,P8,P8,Pre_P8,1,0.5221707224845886,1
32,P8,P8,Pre_P8,1,0.49693942070007324,0
32,P8,P8,Pre_P8,1,0.5221707224845886,1
32,P8,P8,Pre_P8,1,0.5126993656158447,1
32,P8,P8,Pre_P8,1,0.5221707224845886,1
32,P8,P8,Pre_P8,1,0.49685972929000854,0
32,P8,P8,Pre_P8,1,0.5203189849853516,1
32,P8,P8,Pre_P8,1,0.5240954160690308,1
32,P8,P8,Pre_P8,1,0.5113363265991211,1
32,P8,P8,Pre_P8,1,0.5240954160690308,1
32,P8,P8,Pre_P8,1,0.5203189849853516,1
32,P8,P8,Pre_P8,1,0.5111387968063354,1
32,P8,P8,Pre_P8,1,0.5142842531204224,1
32,P8,P8,Pre_P8,1,0.5178461074829102,1
32,P8,P8,Pre_P8,1,0.5113363265991211,1
32,P8,P8,Pre_P8,1,0.49727123975753784,0
32,P8,P8,Pre_P8,1,0.5240954160690308,1
32,P8,P8,Pre_P8,1,0.5169991850852966,1
32,P8,P8,Pre_P8,1,0.5158944129943848,1
32,P8,P8,Pre_P8,1,0.5109216570854187,1
32,P8,P8,Pre_P8,1,0.49701976776123047,0
32,P8,P8,Pre_P8,1,0.5203189849853516,1
32,P8,P8,Pre_P8,1,0.5113363265991211,1
32,P8,P8,Pre_P8,1,0.4789564907550812,0
32,P8,P8,Pre_P8,1,0.5221707224845886,1
32,P8,P8,Pre_P8,1,0.4992920160293579,0
32,P8,P8,Pre_P8,1,0.47469907999038696,0
32,P8,P8,Pre_P8,1,0.5200839638710022,1
32,P8,P8,Pre_P8,1,0.5037326812744141,1
32,P8,P8,Pre_P8,1,0.5221707224845886,1
32,P8,P8,Pre_P8,1,0.5172051191329956,1
32,P8,P8,Pre_P8,1,0.5221707224845886,1
32,P8,P8,Pre_P8,1,0.48258766531944275,0
32,P8,P8,Pre_P8,1,0.5098881721496582,1
32,P8,P8,Pre_P8,1,0.5113363265991211,1
32,P8,P8,Pre_P8,1,0.5203189849853516,1
32,P8,P8,Pre_P8,1,0.5203189849853516,1
32,P8,P8,Pre_P8,1,0.49521660804748535,0
32,P8,P8,Pre_P8,1,0.4987986981868744,0
32,P8,P8,Pre_P8,1,0.5001386404037476,1
32,P8,P8,Pre_P8,1,0.4855888783931732,0
32,P8,P8,Pre_P8,1,0.4813916087150574,0
32,P8,P8,Pre_P8,1,0.510903537273407,1
32,P8,P8,Pre_P8,1,0.510726273059845,1
32,P8,P8,Pre_P8,1,0.5111387968063354,1
32,P8,P8,Pre_P8,1,0.5079386830329895,1
32,P8,P8,Pre_P8,1,0.5203189849853516,1
32,P8,P8,Pre_P8,1,0.5203189849853516,1
32,P8,P8,Pre_P8,1,0.5203189849853516,1
32,P8,P8,Pre_P8,1,0.5169991850852966,1
32,P8,P8,Pre_P8,1,0.5221707224845886,1
32,P8,P8,Pre_P8,1,0.4987986981868744,0
32,P8,P8,Pre_P8,1,0.4956071972846985,0
32,P8,P8,Pre_P8,1,0.5203189849853516,1
32,P8,P8,Pre_P8,1,0.5113363265991211,1
32,P8,P8,Pre_P8,1,0.5085618495941162,1
32,P8,P8,Pre_P8,1,0.4987986981868744,0
32,P8,P8,Pre_P8,1,0.48258766531944275,0
32,P8,P8,Pre_P8,1,0.4990565776824951,0
32,P8,P8,Pre_P8,1,0.5221707224845886,1
32,P8,P8,Pre_P8,1,0.48005732893943787,0
32,P8,P8,Pre_P8,1,0.5116259455680847,1
32,P8,P8,Pre_P8,1,0.5113956928253174,1
32,P8,P8,Pre_P8,1,0.516441285610199,1
32,P8,P8,Pre_P8,1,0.49295201897621155,0
32,P8,P8,Pre_P8,1,0.48767802119255066,0
32,P8,P8,Pre_P8,1,0.516441285610199,1
32,P8,P8,Pre_P8,1,0.4789564907550812,0
32,P8,P8,Pre_P8,1,0.5203189849853516,1
32,P8,P8,Pre_P8,1,0.5116259455680847,1
32,P8,P8,Pre_P8,1,0.5078155994415283,1
32,P8,P8,Pre_P8,1,0.4940800070762634,0
32,P8,P8,Pre_P8,1,0.510290265083313,1
32,P8,P8,Pre_P8,1,0.4992920160293579,0
32,P8,P8,Pre_P8,1,0.5203189849853516,1
32,P8,P8,Pre_P8,1,0.5078155994415283,1
32,P8,P8,Pre_P8,1,0.5060067772865295,1
32,P8,P8,Pre_P8,1,0.5113363265991211,1
32,P8,P8,Pre_P8,1,0.5221707224845886,1
32,P8,P8,Pre_P8,1,0.4990565776824951,0
32,P8,P8,Pre_P8,1,0.4978697896003723,0
32,P8,P8,Pre_P8,1,0.5221707224845886,1
32,P8,P8,Pre_P8,1,0.5203189849853516,1
32,P8,P8,Pre_P8,1,0.5203189849853516,1
32,P8,P8,Pre_P8,1,0.5203189849853516,1
32,P8,P8,Pre_P8,1,0.5190351009368896,1
32,P8,P8,Pre_P8,1,0.5203189849853516,1
32,P8,P8,Pre_P8,1,0.4805103838443756,0
32,P8,P8,Pre_P8,1,0.49766644835472107,0
32,P8,P8,Pre_P8,1,0.4769515097141266,0
32,P8,P8,Pre_P8,1,0.5037326812744141,1
32,P8,P8,Pre_P8,1,0.5200890898704529,1
32,P8,P8,Pre_P8,1,0.5221707224845886,1
32,P8,P8,Pre_P8,1,0.5098534822463989,1
32,P8,P8,Pre_P8,1,0.5203189849853516,1
32,P8,P8,Pre_P8,1,0.4651348888874054,0
32,P8,P8,Pre_P8,1,0.5203189849853516,1
32,P8,P8,Pre_P8,1,0.5203189849853516,1
32,P8,P8,Pre_P8,1,0.4800618886947632,0
32,P8,P8,Pre_P8,1,0.5203189849853516,1
32,P8,P8,Pre_P8,1,0.5221707224845886,1
32,P8,P8,Pre_P8,1,0.5221707224845886,1
32,P8,P8,Pre_P8,1,0.524571418762207,1
32,P8,P8,Pre_P8,1,0.4990565776824951,0
32,P8,P8,Pre_P8,1,0.4987986981868744,0
32,P8,P8,Pre_P8,1,0.5221707224845886,1
32,P8,P8,Pre_P8,1,0.5221707224845886,1
32,P8,P8,Pre_P8,1,0.5098534822463989,1
32,P8,P8,Pre_P8,1,0.4992920160293579,0
32,P8,P8,Pre_P8,1,0.48258766531944275,0
32,P8,P8,Pre_P8,1,0.4978697896003723,0
32,P8,P8,Pre_P8,1,0.524571418762207,1
32,P8,P8,Pre_P8,1,0.5162525773048401,1
32,P8,P8,Pre_P8,1,0.48258766531944275,0
32,P8,P8,Pre_P8,1,0.4848531484603882,0
32,P8,P8,Pre_P8,1,0.4987986981868744,0
32,P8,P8,Pre_P8,1,0.4990565776824951,0
32,P8,P8,Pre_P8,1,0.507713258266449,1
32,P8,P8,Pre_P8,1,0.4990565776824951,0
32,P8,P8,Pre_P8,1,0.5199543237686157,1
32,P8,P8,Pre_P8,1,0.4990616738796234,0
32,P8,P8,Pre_P8,1,0.47933685779571533,0
32,P8,P8,Pre_P8,1,0.5203189849853516,1
32,P8,P8,Pre_P8,1,0.4992920160293579,0
32,P8,P8,Pre_P8,1,0.4978697896003723,0
32,P8,P8,Pre_P8,1,0.5199543237686157,1
32,P8,P8,Pre_P8,1,0.510903537273407,1
32,P8,P8,Pre_P8,1,0.524571418762207,1
32,P8,P8,Pre_P8,1,0.5221707224845886,1
32,P8,P8,Pre_P8,1,0.5111387968063354,1
32,P8,P8,Pre_P8,1,0.4992920160293579,0
32,P8,P8,Pre_P8,1,0.4987986981868744,0
32,P8,P8,Pre_P8,1,0.4978697896003723,0
32,P8,P8,Pre_P8,1,0.5221707224845886,1
32,P8,P8,Pre_P8,1,0.5221707224845886,1
32,P8,P8,Pre_P8,1,0.48258766531944275,0
32,P8,P8,Pre_P8,1,0.47933685779571533,0
32,P8,P8,Pre_P8,1,0.5221707224845886,1
32,P8,P8,Pre_P8,1,0.5111387968063354,1
32,P8,P8,Pre_P8,1,0.5111387968063354,1
32,P8,P8,Pre_P8,1,0.5203189849853516,1
32,P8,P8,Pre_P8,1,0.49628639221191406,0
32,P8,P8,Pre_P8,1,0.5053988695144653,1
32,P8,P8,Pre_P8,1,0.5221707224845886,1
32,P8,P8,Pre_P8,1,0.5221707224845886,1
32,P8,P8,Pre_P8,1,0.5185185670852661,1
32,P8,P8,Pre_P8,1,0.5221707224845886,1
32,P8,P8,Pre_P8,1,0.5113363265991211,1
32,P8,P8,Pre_P8,1,0.5053988695144653,1
32,P8,P8,Pre_P8,1,0.5203189849853516,1
32,P8,P8,Pre_P8,1,0.524571418762207,1
32,P8,P8,Pre_P8,1,0.4992920160293579,0
32,P8,P8,Pre_P8,1,0.5221707224845886,1
32,P8,P8,Pre_P8,1,0.4987986981868744,0
32,P8,P8,Pre_P8,1,0.5221707224845886,1
32,P8,P8,Pre_P8,1,0.47956573963165283,0
32,P8,P8,Pre_P8,1,0.5111387968063354,1
32,P8,P8,Pre_P8,1,0.4992920160293579,0
32,P8,P8,Pre_P8,1,0.5105205178260803,1
32,P8,P8,Pre_P8,1,0.5203189849853516,1
32,P8,P8,Pre_P8,1,0.5203189849853516,1
32,P8,P8,Pre_P8,1,0.5113363265991211,1
32,P8,P8,Pre_P8,1,0.5203189849853516,1
32,P8,P8,Pre_P8,1,0.5113363265991211,1
32,P8,P8,Pre_P8,1,0.5203189849853516,1
32,P8,P8,Pre_P8,1,0.48258766531944275,0
32,P8,P8,Pre_P8,1,0.5221707224845886,1
32,P8,P8,Pre_P8,1,0.5221707224845886,1
32,P8,P8,Pre_P8,1,0.4872452914714813,0
32,P8,P8,Pre_P8,1,0.5037326812744141,1
32,P8,P8,Pre_P8,1,0.4992920160293579,0
32,P8,P8,Pre_P8,1,0.5221707224845886,1
32,P8,P8,Pre_P8,1,0.47956573963165283,0
32,P8,P8,Pre_P8,1,0.4992920160293579,0
32,P8,P8,Pre_P8,1,0.5221707224845886,1
32,P8,P8,Pre_P8,1,0.4978697896003723,0
32,P8,P8,Pre_P8,1,0.502918004989624,1
32,P8,P8,Pre_P8,1,0.4992920160293579,0
32,P8,P8,Pre_P8,1,0.4978697896003723,0
32,P8,P8,Pre_P8,1,0.5203189849853516,1
32,P8,P8,Pre_P8,1,0.5111387968063354,1
32,P8,P8,Pre_P8,1,0.4992920160293579,0
32,P8,P8,Pre_P8,1,0.504014790058136,1
32,P8,P8,Pre_P8,1,0.5221707224845886,1
32,P8,P8,Pre_P8,1,0.5192701816558838,1
32,P8,P8,Pre_P8,1,0.47581911087036133,0
32,P8,P8,Pre_P8,1,0.5097612142562866,1
32,P8,P8,Pre_P8,1,0.4978697896003723,0
32,P8,P8,Pre_P8,1,0.524571418762207,1
32,P8,P8,Pre_P8,1,0.5203189849853516,1
32,P8,P8,Pre_P8,1,0.4807712435722351,0
32,P8,P8,Pre_P8,1,0.5203189849853516,1
32,P8,P8,Pre_P8,1,0.4992920160293579,0
32,P8,P8,Pre_P8,1,0.524571418762207,1
32,P8,P8,Pre_P8,1,0.5113363265991211,1
32,P8,P8,Pre_P8,1,0.5221707224845886,1
32,P8,P8,Pre_P8,1,0.5203189849853516,1
32,P8,P8,Pre_P8,1,0.5221707224845886,1
32,P8,P8,Pre_P8,1,0.524571418762207,1
32,P8,P8,Pre_P8,1,0.5187341570854187,1
32,P8,P8,Pre_P8,1,0.510903537273407,1
32,P8,P8,Pre_P8,1,0.48051688075065613,0
32,P8,P8,Pre_P8,1,0.4978697896003723,0
32,P8,P8,Pre_P8,1,0.4987986981868744,0
32,P8,P8,Pre_P8,1,0.5190351009368896,1
32,P8,P8,Pre_P8,1,0.5203189849853516,1
32,P8,P8,Pre_P8,1,0.49630624055862427,0
32,P8,P8,Pre_P8,1,0.5203189849853516,1
32,P8,P8,Pre_P8,1,0.5114991068840027,1
32,P8,P8,Pre_P8,1,0.5226469039916992,1
32,P8,P8,Pre_P8,1,0.5194807648658752,1
32,P8,P8,Pre_P8,1,0.5109216570854187,1
32,P8,P8,Pre_P8,1,0.5113363265991211,1
32,P8,P8,Pre_P8,1,0.4992920160293579,0
32,P8,P8,Pre_P8,1,0.5023115873336792,1
32,P8,P8,Pre_P8,1,0.5070682764053345,1
32,P8,P8,Pre_P8,1,0.47559040784835815,0
32,P8,P8,Pre_P8,1,0.5053988695144653,1
32,P8,P8,Pre_P8,1,0.4833153188228607,0
32,P8,P8,Pre_P8,1,0.4853843152523041,0
32,P8,P8,Pre_P8,1,0.48258766531944275,0
32,P8,P8,Pre_P8,1,0.5203189849853516,1
32,P8,P8,Pre_P8,1,0.5203189849853516,1
32,P8,P8,Pre_P8,1,0.5200839638710022,1
32,P8,P8,Pre_P8,1,0.5203189849853516,1
32,P8,P8,Pre_P8,1,0.49630624055862427,0
32,P8,P8,Pre_P8,1,0.5052226185798645,1
32,P8,P8,Pre_P8,1,0.5139463543891907,1
32,P8,P8,Pre_P8,1,0.5203189849853516,1
32,P8,P8,Pre_P8,1,0.5119011402130127,1
32,P8,P8,Pre_P8,1,0.4950132966041565,0
32,P8,P8,Pre_P8,1,0.4704129993915558,0
32,P8,P8,Pre_P8,1,0.4880088269710541,0
32,P8,P8,Pre_P8,1,0.46514803171157837,0
32,P8,P8,Pre_P8,1,0.5045756101608276,1
32,P8,P8,Pre_P8,1,0.49828481674194336,0
32,P8,P8,Pre_P8,1,0.4935688376426697,0
32,P8,P8,Pre_P8,1,0.4789564907550812,0
32,P8,P8,Pre_P8,1,0.4620737135410309,0
32,P8,P8,Pre_P8,1,0.47447049617767334,0
32,P8,P8,Pre_P8,1,0.5104078054428101,1
32,P8,P8,Pre_P8,1,0.4643667936325073,0
32,P8,P8,Pre_P8,1,0.49228447675704956,0
32,P8,P8,Post_P8,1,0.4986821711063385,0
32,P8,P8,Post_P8,1,0.524571418762207,1
32,P8,P8,Post_P8,1,0.49764400720596313,0
32,P8,P8,Post_P8,1,0.5203189849853516,1
32,P8,P8,Post_P8,1,0.524571418762207,1
32,P8,P8,Post_P8,1,0.5212787985801697,1
32,P8,P8,Post_P8,1,0.524571418762207,1
32,P8,P8,Post_P8,1,0.48104506731033325,0
32,P8,P8,Post_P8,1,0.524571418762207,1
32,P8,P8,Post_P8,1,0.481048047542572,0
32,P8,P8,Post_P8,1,0.48741787672042847,0
32,P8,P8,Post_P8,1,0.515191912651062,1
32,P8,P8,Post_P8,1,0.524571418762207,1
32,P8,P8,Post_P8,1,0.524571418762207,1
32,P8,P8,Post_P8,1,0.5144083499908447,1
32,P8,P8,Post_P8,1,0.4919241964817047,0
32,P8,P8,Post_P8,1,0.5240954160690308,1
32,P8,P8,Post_P8,1,0.515191912651062,1
32,P8,P8,Post_P8,1,0.48943251371383667,0
32,P8,P8,Post_P8,1,0.5095310211181641,1
32,P8,P8,Post_P8,1,0.5203189849853516,1
32,P8,P8,Post_P8,1,0.515191912651062,1
32,P8,P8,Post_P8,1,0.4858948886394501,0
32,P8,P8,Post_P8,1,0.524571418762207,1
32,P8,P8,Post_P8,1,0.4620737135410309,0
32,P8,P8,Post_P8,1,0.4915473759174347,0
32,P8,P8,Post_P8,1,0.5192701816558838,1
32,P8,P8,Post_P8,1,0.5203189849853516,1
32,P8,P8,Post_P8,1,0.5192701816558838,1
32,P8,P8,Post_P8,1,0.5148195624351501,1
32,P8,P8,Post_P8,1,0.4865013062953949,0
32,P8,P8,Post_P8,1,0.48104506731033325,0
32,P8,P8,Post_P8,1,0.4961572587490082,0
32,P8,P8,Post_P8,1,0.48104506731033325,0
32,P8,P8,Post_P8,1,0.5203189849853516,1
32,P8,P8,Post_P8,1,0.5082606077194214,1
32,P8,P8,Post_P8,1,0.4987986981868744,0
32,P8,P8,Post_P8,1,0.4987986981868744,0
32,P8,P8,Post_P8,1,0.524571418762207,1
32,P8,P8,Post_P8,1,0.4720134437084198,0
32,P8,P8,Post_P8,1,0.5192701816558838,1
32,P8,P8,Post_P8,1,0.49351105093955994,0
32,P8,P8,Post_P8,1,0.524571418762207,1
32,P8,P8,Post_P8,1,0.48741787672042847,0
32,P8,P8,Post_P8,1,0.4965558648109436,0
32,P8,P8,Post_P8,1,0.4987986981868744,0
32,P8,P8,Post_P8,1,0.5098630785942078,1
32,P8,P8,Post_P8,1,0.47581911087036133,0
32,P8,P8,Post_P8,1,0.5203189849853516,1
32,P8,P8,Post_P8,1,0.5148195624351501,1
32,P8,P8,Post_P8,1,0.524571418762207,1
32,P8,P8,Post_P8,1,0.5113363265991211,1
32,P8,P8,Post_P8,1,0.48977112770080566,0
32,P8,P8,Post_P8,1,0.47581911087036133,0
32,P8,P8,Post_P8,1,0.4987986981868744,0
32,P8,P8,Post_P8,1,0.48741787672042847,0
32,P8,P8,Post_P8,1,0.5200839638710022,1
32,P8,P8,Post_P8,1,0.5104078054428101,1
32,P8,P8,Post_P8,1,0.5154619812965393,1
32,P8,P8,Post_P8,1,0.521935760974884,1
32,P8,P8,Post_P8,1,0.48104506731033325,0
32,P8,P8,Post_P8,1,0.4987986981868744,0
32,P8,P8,Post_P8,1,0.49384912848472595,0
32,P8,P8,Post_P8,1,0.4858948886394501,0
32,P8,P8,Post_P8,1,0.5240954160690308,1
32,P8,P8,Post_P8,1,0.5037326812744141,1
32,P8,P8,Post_P8,1,0.5113363265991211,1
32,P8,P8,Post_P8,1,0.5221707224845886,1
32,P8,P8,Post_P8,1,0.4987986981868744,0
32,P8,P8,Post_P8,1,0.5106901526451111,1
32,P8,P8,Post_P8,1,0.5240954160690308,1
32,P8,P8,Post_P8,1,0.5203189849853516,1
32,P8,P8,Post_P8,1,0.5113363265991211,1
32,P8,P8,Post_P8,1,0.4987986981868744,0
32,P8,P8,Post_P8,1,0.524571418762207,1
32,P8,P8,Post_P8,1,0.5104078054428101,1
32,P8,P8,Post_P8,1,0.48741787672042847,0
32,P8,P8,Post_P8,1,0.5203189849853516,1
32,P8,P8,Post_P8,1,0.4774177372455597,0
32,P8,P8,Post_P8,1,0.5063880681991577,1
32,P8,P8,Post_P8,1,0.524571418762207,1
32,P8,P8,Post_P8,1,0.5203189849853516,1
32,P8,P8,Post_P8,1,0.515191912651062,1
32,P8,P8,Post_P8,1,0.5117493867874146,1
32,P8,P8,Post_P8,1,0.5221707224845886,1
32,P8,P8,Post_P8,1,0.4868655800819397,0
32,P8,P8,Post_P8,1,0.4858948886394501,0
32,P8,P8,Post_P8,1,0.49852022528648376,0
32,P8,P8,Post_P8,1,0.4978697896003723,0
32,P8,P8,Post_P8,1,0.4774177372455597,0
32,P8,P8,Post_P8,1,0.5203189849853516,1
32,P8,P8,Post_P8,1,0.515191912651062,1
32,P8,P8,Post_P8,1,0.48741787672042847,0
32,P8,P8,Post_P8,1,0.5219408869743347,1
32,P8,P8,Post_P8,1,0.49229106307029724,0
32,P8,P8,Post_P8,1,0.5203189849853516,1
32,P8,P8,Post_P8,1,0.5203189849853516,1
32,P8,P8,Post_P8,1,0.48741787672042847,0
32,P8,P8,Post_P8,1,0.4952196478843689,0
32,P8,P8,Post_P8,1,0.4792463183403015,0
32,P8,P8,Post_P8,1,0.5203189849853516,1
32,P8,P8,Post_P8,1,0.4987986981868744,0
32,P8,P8,Post_P8,1,0.5203189849853516,1
32,P8,P8,Post_P8,1,0.5203189849853516,1
32,P8,P8,Post_P8,1,0.5079039931297302,1
32,P8,P8,Post_P8,1,0.524571418762207,1
32,P8,P8,Post_P8,1,0.5006747841835022,1
32,P8,P8,Post_P8,1,0.5203189849853516,1
32,P8,P8,Post_P8,1,0.4987986981868744,0
32,P8,P8,Post_P8,1,0.4789564907550812,0
32,P8,P8,Post_P8,1,0.4987986981868744,0
32,P8,P8,Post_P8,1,0.48001623153686523,0
32,P8,P8,Post_P8,1,0.4987986981868744,0
32,P8,P8,Post_P8,1,0.5203189849853516,1
32,P8,P8,Post_P8,1,0.5203189849853516,1
32,P8,P8,Post_P8,1,0.5200839638710022,1
32,P8,P8,Post_P8,1,0.48156604170799255,0
32,P8,P8,Post_P8,1,0.5113363265991211,1
32,P8,P8,Post_P8,1,0.5063880681991577,1
32,P8,P8,Post_P8,1,0.49976402521133423,0
32,P8,P8,Post_P8,1,0.5060067772865295,1
32,P8,P8,Post_P8,1,0.524571418762207,1
32,P8,P8,Post_P8,1,0.5144083499908447,1
32,P8,P8,Post_P8,1,0.5221707224845886,1
32,P8,P8,Post_P8,1,0.5148195624351501,1
32,P8,P8,Post_P8,1,0.4987986981868744,0
32,P8,P8,Post_P8,1,0.5063880681991577,1
32,P8,P8,Post_P8,1,0.5038957595825195,1
32,P8,P8,Post_P8,1,0.4987986981868744,0
32,P8,P8,Post_P8,1,0.5203189849853516,1
32,P8,P8,Post_P8,1,0.48156604170799255,0
32,P8,P8,Post_P8,1,0.524571418762207,1
32,P8,P8,Post_P8,1,0.4865013062953949,0
32,P8,P8,Post_P8,1,0.5203189849853516,1
32,P8,P8,Post_P8,1,0.48741787672042847,0
32,P8,P8,Post_P8,1,0.48156604170799255,0
32,P8,P8,Post_P8,1,0.5063880681991577,1
32,P8,P8,Post_P8,1,0.5104078054428101,1
32,P8,P8,Post_P8,1,0.5203189849853516,1
32,P8,P8,Post_P8,1,0.524571418762207,1
32,P8,P8,Post_P8,1,0.48104506731033325,0
32,P8,P8,Post_P8,1,0.5203189849853516,1
32,P8,P8,Post_P8,1,0.524571418762207,1
32,P8,P8,Post_P8,1,0.5113363265991211,1
32,P8,P8,Post_P8,1,0.5170450806617737,1
32,P8,P8,Post_P8,1,0.48104506731033325,0
32,P8,P8,Post_P8,1,0.49384912848472595,0
32,P8,P8,Post_P8,1,0.5226469039916992,1
32,P8,P8,Post_P8,1,0.49630624055862427,0
32,P8,P8,Post_P8,1,0.515191912651062,1
32,P8,P8,Post_P8,1,0.5104078054428101,1
32,P8,P8,Post_P8,1,0.4856567978858948,0
32,P8,P8,Post_P8,1,0.48104506731033325,0
32,P8,P8,Post_P8,1,0.5203189849853516,1
32,P8,P8,Post_P8,1,0.48104506731033325,0
32,P8,P8,Post_P8,1,0.4987986981868744,0
32,P8,P8,Post_P8,1,0.5203189849853516,1
32,P8,P8,Post_P8,1,0.5203189849853516,1
32,P8,P8,Post_P8,1,0.524571418762207,1
32,P8,P8,Post_P8,1,0.49262988567352295,0
32,P8,P8,Post_P8,1,0.49630624055862427,0
32,P8,P8,Post_P8,1,0.48104506731033325,0
32,P8,P8,Post_P8,1,0.48258766531944275,0
32,P8,P8,Post_P8,1,0.5116278529167175,1
32,P8,P8,Post_P8,1,0.5203189849853516,1
32,P8,P8,Post_P8,1,0.48741787672042847,0
32,P8,P8,Post_P8,1,0.5203189849853516,1
32,P8,P8,Post_P8,1,0.5203189849853516,1
32,P8,P8,Post_P8,1,0.5203189849853516,1
32,P8,P8,Post_P8,1,0.48741787672042847,0
32,P8,P8,Post_P8,1,0.46373653411865234,0
32,P8,P8,Post_P8,1,0.5203189849853516,1
32,P8,P8,Post_P8,1,0.48741787672042847,0
32,P8,P8,Post_P8,1,0.48104506731033325,0
32,P8,P8,Post_P8,1,0.48258766531944275,0
32,P8,P8,Post_P8,1,0.49384912848472595,0
32,P8,P8,Post_P8,1,0.5079039931297302,1
32,P8,P8,Post_P8,1,0.5198836326599121,1
32,P8,P8,Post_P8,1,0.5203189849853516,1
32,P8,P8,Post_P8,1,0.509059488773346,1
32,P8,P8,Post_P8,1,0.515191912651062,1
32,P8,P8,Post_P8,1,0.5203189849853516,1
32,P8,P8,Post_P8,1,0.48741787672042847,0
32,P8,P8,Post_P8,1,0.48104506731033325,0
32,P8,P8,Post_P8,1,0.4884367883205414,0
32,P8,P8,Post_P8,1,0.524571418762207,1
32,P8,P8,Post_P8,1,0.4987986981868744,0
32,P8,P8,Post_P8,1,0.524571418762207,1
32,P8,P8,Post_P8,1,0.5240954160690308,1
32,P8,P8,Post_P8,1,0.4987986981868744,0
32,P8,P8,Post_P8,1,0.48104506731033325,0
32,P8,P8,Post_P8,1,0.4987986981868744,0
32,P8,P8,Post_P8,1,0.4987986981868744,0
32,P8,P8,Post_P8,1,0.5142001509666443,1
32,P8,P8,Post_P8,1,0.5200839638710022,1
32,P8,P8,Post_P8,1,0.4774177372455597,0
32,P8,P8,Post_P8,1,0.4768050014972687,0
32,P8,P8,Post_P8,1,0.5203189849853516,1
32,P8,P8,Post_P8,1,0.4987986981868744,0
32,P8,P8,Post_P8,1,0.48258766531944275,0
32,P8,P8,Post_P8,1,0.5203189849853516,1
32,P8,P8,Post_P8,1,0.515191912651062,1
32,P8,P8,Post_P8,1,0.4987986981868744,0
32,P8,P8,Post_P8,1,0.524571418762207,1
32,P8,P8,Post_P8,1,0.5098630785942078,1
32,P8,P8,Post_P8,1,0.5192701816558838,1
32,P8,P8,Post_P8,1,0.5203189849853516,1
32,P8,P8,Post_P8,1,0.4987986981868744,0
32,P8,P8,Post_P8,1,0.5226469039916992,1
32,P8,P8,Post_P8,1,0.5006983280181885,1
32,P8,P8,Post_P8,1,0.515191912651062,1
32,P8,P8,Post_P8,1,0.5154271125793457,1
32,P8,P8,Post_P8,1,0.48232877254486084,0
32,P8,P8,Post_P8,1,0.4858948886394501,0
32,P8,P8,Post_P8,1,0.510903537273407,1
32,P8,P8,Post_P8,1,0.5146943926811218,1
32,P8,P8,Post_P8,1,0.524571418762207,1
32,P8,P8,Post_P8,1,0.48791536688804626,0
32,P8,P8,Post_P8,1,0.524571418762207,1
32,P8,P8,Post_P8,1,0.524571418762207,1
32,P8,P8,Post_P8,1,0.5006389021873474,1
32,P8,P8,Post_P8,1,0.5109603404998779,1
32,P8,P8,Post_P8,1,0.515191912651062,1
32,P8,P8,Post_P8,1,0.5192701816558838,1
32,P8,P8,Post_P8,1,0.5113363265991211,1
32,P8,P8,Post_P8,1,0.4858948886394501,0
32,P8,P8,Post_P8,1,0.4774177372455597,0
32,P8,P8,Post_P8,1,0.4987986981868744,0
32,P8,P8,Post_P8,1,0.515191912651062,1
32,P8,P8,Post_P8,1,0.4685554504394531,0
32,P8,P8,Post_P8,1,0.49630624055862427,0
32,P8,P8,Post_P8,1,0.5203189849853516,1
32,P8,P8,Post_P8,1,0.48741787672042847,0
32,P8,P8,Post_P8,1,0.524571418762207,1
32,P8,P8,Post_P8,1,0.5130563974380493,1
32,P8,P8,Post_P8,1,0.48104506731033325,0
32,P8,P8,Post_P8,1,0.4987986981868744,0
32,P8,P8,Post_P8,1,0.5151441097259521,1
32,P8,P8,Post_P8,1,0.5203189849853516,1
32,P8,P8,Post_P8,1,0.524571418762207,1
32,P8,P8,Post_P8,1,0.48741787672042847,0
32,P8,P8,Post_P8,1,0.5151441097259521,1
32,P8,P8,Post_P8,1,0.48741787672042847,0
32,P8,P8,Post_P8,1,0.5203189849853516,1
32,P8,P8,Post_P8,1,0.5203189849853516,1
32,P8,P8,Post_P8,1,0.49384912848472595,0
32,P8,P8,Post_P8,1,0.48741787672042847,0
32,P8,P8,Post_P8,1,0.5221707224845886,1
32,P8,P8,Post_P8,1,0.4987986981868744,0
32,P8,P8,Post_P8,1,0.5148195624351501,1
32,P8,P8,Post_P8,1,0.5203189849853516,1
32,P8,P8,Post_P8,1,0.4774177372455597,0
32,P8,P8,Post_P8,1,0.515191912651062,1
32,P8,P8,Post_P8,1,0.48104506731033325,0
32,P8,P8,Post_P8,1,0.48741787672042847,0
32,P8,P8,Post_P8,1,0.4987986981868744,0
32,P8,P8,Post_P8,1,0.4923979640007019,0
32,P8,P8,Post_P8,1,0.5141342282295227,1
32,P8,P8,Post_P8,1,0.515191912651062,1
32,P8,P8,Post_P8,1,0.5049995183944702,1
32,P8,P8,Post_P8,1,0.5203189849853516,1
32,P8,P8,Post_P8,1,0.524571418762207,1
32,P8,P8,Post_P8,1,0.4789564907550812,0
32,P8,P8,Post_P8,1,0.5063880681991577,1
32,P8,P8,Post_P8,1,0.5203189849853516,1
32,P8,P8,Post_P8,1,0.515191912651062,1
32,P8,P8,Post_P8,1,0.4774177372455597,0
32,P8,P8,Post_P8,1,0.5203189849853516,1
32,P8,P8,Post_P8,1,0.49824947118759155,0
32,P8,P8,Post_P8,1,0.5024828314781189,1
32,P8,P8,Post_P8,1,0.5203189849853516,1
32,P8,P8,Post_P8,1,0.524571418762207,1
32,P8,P8,Post_P8,1,0.5007583498954773,1
32,P8,P8,Post_P8,1,0.524571418762207,1
32,P8,P8,Post_P8,1,0.5192701816558838,1
32,P8,P8,Post_P8,1,0.4987986981868744,0
32,P8,P8,Post_P8,1,0.515191912651062,1
32,P8,P8,Post_P8,1,0.48702272772789,0
32,P8,P8,Post_P8,1,0.5203189849853516,1
32,P8,P8,Post_P8,1,0.4978697896003723,0
32,P8,P8,Post_P8,1,0.5203189849853516,1
32,P8,P8,Post_P8,1,0.48791536688804626,0
32,P8,P8,Post_P8,1,0.5203189849853516,1
32,P8,P8,Post_P8,1,0.48741787672042847,0
32,P8,P8,Post_P8,1,0.5084015727043152,1
32,P8,P8,Post_P8,1,0.4774177372455597,0
32,P8,P8,Post_P8,1,0.5063880681991577,1
32,P8,P8,Post_P8,1,0.4978697896003723,0
32,P8,P8,Post_P8,1,0.5203189849853516,1
32,P8,P8,Post_P8,1,0.5192701816558838,1
32,P8,P8,Post_P8,1,0.4987986981868744,0
32,P8,P8,Post_P8,1,0.5192701816558838,1
32,P8,P8,Post_P8,1,0.5221707224845886,1
32,P8,P8,Post_P8,1,0.47581911087036133,0
32,P8,P8,Post_P8,1,0.5192701816558838,1
32,P8,P8,Post_P8,1,0.5060067772865295,1
32,P8,P8,Post_P8,1,0.515191912651062,1
32,P8,P8,Post_P8,1,0.4895852208137512,0
32,P8,P8,Post_P8,1,0.5056560039520264,1
32,P8,P8,Post_P8,1,0.5192701816558838,1
32,P8,P8,Post_P8,1,0.4895852208137512,0
32,P8,P8,Post_P8,1,0.5203189849853516,1
32,P8,P8,Post_P8,1,0.5203189849853516,1
32,P8,P8,Post_P8,1,0.5221707224845886,1
32,P8,P8,Post_P8,1,0.5060067772865295,1
32,P8,P8,Post_P8,1,0.47956573963165283,0
32,P8,P8,Post_P8,1,0.515191912651062,1
32,P8,P8,Post_P8,1,0.524571418762207,1
32,P8,P8,Post_P8,1,0.5037326812744141,1
32,P8,P8,Post_P8,1,0.48258766531944275,0
32,P8,P8,Post_P8,1,0.5203189849853516,1
32,P8,P8,Post_P8,1,0.5203189849853516,1
32,P8,P8,Post_P8,1,0.48741787672042847,0
32,P8,P8,Post_P8,1,0.47933685779571533,0
32,P8,P8,Post_P8,1,0.49764400720596313,0
32,P8,P8,Post_P8,1,0.48332679271698,0
32,P8,P8,Post_P8,1,0.5150647163391113,1
32,P8,P8,Post_P8,1,0.4987986981868744,0
32,P8,P8,Post_P8,1,0.5221707224845886,1
32,P8,P8,Post_P8,1,0.5203189849853516,1
32,P8,P8,Post_P8,1,0.5049995183944702,1
32,P8,P8,Post_P8,1,0.4987986981868744,0
32,P8,P8,Post_P8,1,0.5240954160690308,1
32,P8,P8,Post_P8,1,0.48104506731033325,0
32,P8,P8,Post_P8,1,0.501404881477356,1
32,P8,P8,Post_P8,1,0.5221707224845886,1
32,P8,P8,Post_P8,1,0.5154271125793457,1
32,P8,P8,Post_P8,1,0.4978697896003723,0
32,P8,P8,Post_P8,1,0.47175511717796326,0
32,P8,P8,Post_P8,1,0.48258766531944275,0
32,P8,P8,Post_P8,1,0.4774177372455597,0
32,P8,P8,Post_P8,1,0.4987986981868744,0
32,P8,P8,Post_P8,1,0.4872452914714813,0
32,P8,P8,Post_P8,1,0.48642390966415405,0
32,P8,P8,Post_P8,1,0.4620737135410309,0
32,P8,P8,Post_P8,1,0.47559040784835815,0
32,P8,P8,Post_P8,1,0.46184587478637695,0
32,P8,P8,Post_P8,1,0.4965558648109436,0
32,P8,P8,Post_P8,1,0.4987986981868744,0
32,P8,P8,Post_P8,1,0.48232877254486084,0
32,P8,P8,Post_P8,1,0.47559040784835815,0
32,P8,P8,Post_P8,1,0.5111387968063354,1
32,P8,P8,Post_P8,1,0.5192148089408875,1
32,P8,P8,Post_P8,1,0.481048047542572,0
32,P8,P8,Post_P8,1,0.48642390966415405,0
32,P8,P8,Post_P8,1,0.4987986981868744,0
32,P8,P8,Post_P8,1,0.4978697896003723,0
32,P8,P8,Post_P8,1,0.4978697896003723,0
32,P8,P8,Post_P8,1,0.4789564907550812,0
32,P8,P8,Post_P8,1,0.48856452107429504,0
32,P8,P8,Post_P8,1,0.5052226185798645,1
32,P8,P8,Post_P8,1,0.4698460102081299,0
32,P8,P8,Post_P8,1,0.5012469291687012,1
32,P8,P8,Post_P8,1,0.4987986981868744,0
32,P8,P8,Post_P8,1,0.4789564907550812,0
32,P8,P8,Post_P8,1,0.4883354604244232,0
32,P8,P8,Post_P8,1,0.46685460209846497,0
32,P8,P8,Post_P8,1,0.4774177372455597,0
32,P8,P8,Post_P8,1,0.49630624055862427,0
32,P8,P8,Post_P8,1,0.4933169484138489,0
32,P8,P8,Post_P8,1,0.48917028307914734,0
32,P8,P8,Post_P8,1,0.4789564907550812,0
32,P8,P8,Post_P8,1,0.4953772723674774,0
32,P8,P8,Post_P8,1,0.4620737135410309,0
32,P8,P8,Post_P8,1,0.4789564907550812,0
32,P8,P8,Post_P8,1,0.5124993324279785,1
32,P8,P8,Post_P8,1,0.4620737135410309,0
32,P8,P8,Post_P8,1,0.481048047542572,0
32,P8,P8,Post_P8,1,0.5203189849853516,1
32,P8,P8,Post_P8,1,0.4774177372455597,0
32,P8,P8,Post_P8,1,0.5006747841835022,1
32,P8,P8,Post_P8,1,0.4943118095397949,0
32,P8,P8,Post_P8,1,0.4789564907550812,0
32,P8,P8,Post_P8,1,0.4987986981868744,0
32,P8,P8,Post_P8,1,0.4620737135410309,0
32,P8,P8,Post_P8,1,0.4953772723674774,0
32,P8,P8,Post_P8,1,0.5098630785942078,1
32,P8,P8,Post_P8,1,0.4774177372455597,0
32,P8,P8,Post_P8,1,0.5162525773048401,1
32,P8,P8,Post_P8,1,0.481048047542572,0
32,P8,P8,Post_P8,1,0.4789564907550812,0
32,P8,P8,Post_P8,1,0.47559040784835815,0
32,P8,P8,Post_P8,1,0.4789564907550812,0
32,P8,P8,Post_P8,1,0.48258766531944275,0
32,P8,P8,Post_P8,1,0.47696757316589355,0
32,P8,P8,Post_P8,1,0.47470179200172424,0
32,P8,P8,Post_P8,1,0.4987986981868744,0
32,P8,P8,Post_P8,1,0.4953772723674774,0
32,P8,P8,Post_P8,1,0.481048047542572,0
32,P8,P8,Post_P8,1,0.47559040784835815,0
32,P8,P8,Post_P8,1,0.4807891845703125,0
32,P8,P8,Post_P8,1,0.48553767800331116,0
32,P8,P8,Post_P8,1,0.49625080823898315,0
32,P8,P8,Post_P8,1,0.47581911087036133,0
32,P8,P8,Post_P8,1,0.48693859577178955,0
32,P8,P8,Post_P8,1,0.48258766531944275,0
32,P8,P8,Post_P8,1,0.515191912651062,1
32,P8,P8,Post_P8,1,0.4634955823421478,0
32,P8,P8,Post_P8,1,0.4987986981868744,0
32,P8,P8,Post_P8,1,0.4774177372455597,0
32,P8,P8,Post_P8,1,0.47696757316589355,0
32,P8,P8,Post_P8,1,0.5221707224845886,1
32,P8,P8,Post_P8,1,0.5052226185798645,1
32,P8,P8,Post_P8,1,0.47559040784835815,0
32,P8,P8,Post_P8,1,0.4789564907550812,0
32,P8,P8,Post_P8,1,0.4978697896003723,0
32,P8,P8,Post_P8,1,0.481048047542572,0
32,P8,P8,Post_P8,1,0.48258766531944275,0
32,P8,P8,Post_P8,1,0.4620737135410309,0
