fold,held_patient,feature,importance,method
1,P1,FGR,3.178125916747376e-05,shap_tree
1,P1,NDUFAF7,0.0,shap_tree
1,P1,BZRAP1,0.00011186789924977347,shap_tree
1,P1,CCL3,0.00506795896217227,shap_tree
1,P1,PAFAH1B1,0.0,shap_tree
1,P1,CD79B,0.0004584236885420978,shap_tree
1,P1,MED24,7.876807103457395e-06,shap_tree
1,P1,DYRK4,0.0,shap_tree
1,P1,MKS1,6.606564966205042e-06,shap_tree
1,P1,PLAUR,3.6658811950474046e-06,shap_tree
1,P1,TYROBP,0.0,shap_tree
1,P1,CD22,1.9031964484383934e-06,shap_tree
1,P1,PRICKLE3,0.0,shap_tree
1,P1,MAP4K5,0.0,shap_tree
1,P1,CLDN11,3.566479790606536e-05,shap_tree
1,P1,SLC11A1,3.0880069971317425e-05,shap_tree
1,P1,MARCO,0.0,shap_tree
1,P1,CD74,0.0041326722130179405,shap_tree
1,P1,NR1H3,0.0,shap_tree
1,P1,GRN,3.649306017905474e-05,shap_tree
1,P1,NSMAF,3.0207263989723288e-05,shap_tree
1,P1,STAP1,0.0,shap_tree
1,P1,METTL1,8.793950655672234e-06,shap_tree
1,P1,VCAN,0.0,shap_tree
1,P1,CAPG,0.0,shap_tree
1,P1,ADAM28,0.00012601118942257017,shap_tree
1,P1,TNFRSF9,0.00014034863852430135,shap_tree
1,P1,FAR2,0.0,shap_tree
1,P1,CHI3L2,0.0,shap_tree
1,P1,WDR3,0.0,shap_tree
1,P1,ADAT1,0.0,shap_tree
1,P1,ZNRD1,6.977611337788403e-05,shap_tree
1,P1,STAG3,4.5435108404490165e-06,shap_tree
1,P1,IFT80,0.0,shap_tree
1,P1,BCL3,4.796754728886299e-05,shap_tree
1,P1,WIPI1,0.0,shap_tree
1,P1,SEL1L,6.441682489821687e-05,shap_tree
1,P1,TFRC,0.00023090980539564043,shap_tree
1,P1,MPP5,0.0,shap_tree
1,P1,BCS1L,0.0,shap_tree
1,P1,SLC46A1,0.0,shap_tree
1,P1,FAM76B,0.0,shap_tree
1,P1,SLC1A3,0.0,shap_tree
1,P1,TNS1,0.0,shap_tree
1,P1,REXO1,0.0,shap_tree
1,P1,SESN1,2.3384751330013387e-05,shap_tree
1,P1,CXCL2,0.0,shap_tree
1,P1,COBLL1,0.0,shap_tree
1,P1,NFE2L1,1.1516260201460682e-05,shap_tree
1,P1,KAT6A,1.652259743423201e-05,shap_tree
1,P1,ULK2,0.0,shap_tree
1,P1,FCN1,0.0,shap_tree
1,P1,SCAMP1,0.0,shap_tree
1,P1,DDHD2,2.5597995772841386e-05,shap_tree
1,P1,ERGIC2,0.0,shap_tree
1,P1,KIF9,0.0,shap_tree
1,P1,OAS1,0.0006450386135838926,shap_tree
1,P1,LYZ,0.0,shap_tree
1,P1,ZNF268,0.0,shap_tree
1,P1,AAAS,5.2272491302574053e-05,shap_tree
1,P1,HOOK2,7.12074961484177e-06,shap_tree
1,P1,ACOT7,0.0008895010687410831,shap_tree
1,P1,OSM,0.0,shap_tree
1,P1,GGT1,1.0668354661902413e-05,shap_tree
1,P1,LGALS2,1.9599043298512697e-05,shap_tree
1,P1,CBY1,0.0,shap_tree
1,P1,HMOX1,0.0,shap_tree
1,P1,MCAT,0.0,shap_tree
1,P1,GZMB,0.06226818636059761,shap_tree
1,P1,AP4S1,0.0,shap_tree
1,P1,CDKN3,0.0,shap_tree
1,P1,PIGH,0.0,shap_tree
1,P1,LGMN,0.0,shap_tree
1,P1,TCL1A,0.0,shap_tree
1,P1,GMPR2,2.0447614588192664e-05,shap_tree
1,P1,MMP9,0.0,shap_tree
1,P1,PABPC1L,0.0,shap_tree
1,P1,NDUFAF5,0.0,shap_tree
1,P1,CST3,0.0002646786451805383,shap_tree
1,P1,ALG13,6.770206709916238e-06,shap_tree
1,P1,MOSPD1,0.0,shap_tree
1,P1,CDK16,7.208021270344034e-05,shap_tree
1,P1,TIMP1,0.0002079606056213379,shap_tree
1,P1,KIAA0226L,0.0,shap_tree
1,P1,ACP5,8.557196997571737e-05,shap_tree
1,P1,RGCC,0.0,shap_tree
1,P1,DHRS12,0.0,shap_tree
1,P1,TSC22D1,0.0,shap_tree
1,P1,DTWD1,0.0,shap_tree
1,P1,SARS2,0.0,shap_tree
1,P1,FCER2,0.0,shap_tree
1,P1,IL4I1,0.0,shap_tree
1,P1,ZNF419,0.0,shap_tree
1,P1,PDCD5,0.0,shap_tree
1,P1,EBI3,0.0,shap_tree
1,P1,CD79A,0.0019429536769166589,shap_tree
1,P1,LILRB5,0.0,shap_tree
1,P1,PON2,0.000173554100911133,shap_tree
1,P1,CAV1,0.0,shap_tree
1,P1,CPVL,0.0,shap_tree
1,P1,ABHD11,0.0,shap_tree
1,P1,EPHB6,0.0,shap_tree
1,P1,HSPB1,0.02904529497027397,shap_tree
1,P1,SNX8,0.0,shap_tree
1,P1,CEP41,6.710833258694038e-05,shap_tree
1,P1,TMEM176B,0.0,shap_tree
1,P1,ARHGAP21,0.0,shap_tree
1,P1,RAD51C,0.0,shap_tree
1,P1,RECQL5,0.0,shap_tree
1,P1,PIGL,0.00014131685020402074,shap_tree
1,P1,GALK1,3.0598654120694846e-05,shap_tree
1,P1,LGALS3BP,9.612412213755306e-06,shap_tree
1,P1,CCL2,0.0,shap_tree
1,P1,DHX58,2.4781941192486556e-06,shap_tree
1,P1,TNFAIP1,0.0,shap_tree
1,P1,RAB34,3.25890573549259e-06,shap_tree
1,P1,SLC2A9,0.0,shap_tree
1,P1,MS4A6A,0.0,shap_tree
1,P1,MS4A4A,0.0,shap_tree
1,P1,PRR4,0.0,shap_tree
1,P1,GTF2H3,0.0,shap_tree
1,P1,DDX55,0.0,shap_tree
1,P1,STX2,0.0,shap_tree
1,P1,IFNG,0.009747329168021679,shap_tree
1,P1,CHPT1,0.0,shap_tree
1,P1,GNPTAB,8.439327757514548e-06,shap_tree
1,P1,ADTRP,0.0,shap_tree
1,P1,SOD2,5.2205865358700976e-05,shap_tree
1,P1,CD83,0.00016521199722774327,shap_tree
1,P1,APBB3,7.55916107664234e-06,shap_tree
1,P1,CISH,0.0,shap_tree
1,P1,GORASP1,0.0,shap_tree
1,P1,FAHD2A,0.0,shap_tree
1,P1,ACVR1,0.0,shap_tree
1,P1,INO80B,0.0,shap_tree
1,P1,FN1,5.289278306008782e-06,shap_tree
1,P1,GNLY,3.0180197427398525e-05,shap_tree
1,P1,EPHA4,0.0,shap_tree
1,P1,CACYBP,0.000540914770681411,shap_tree
1,P1,AMPD2,1.2188957043690607e-05,shap_tree
1,P1,ZBTB17,4.8852730287762824e-06,shap_tree
1,P1,TTF2,0.0,shap_tree
1,P1,GBP1,0.014837238006293774,shap_tree
1,P1,CD160,0.0,shap_tree
1,P1,GALE,0.0,shap_tree
1,P1,CDC20,0.0,shap_tree
1,P1,PIK3R3,0.0,shap_tree
1,P1,RCOR3,0.0,shap_tree
1,P1,STMN1,6.329420284600928e-05,shap_tree
1,P1,CTSD,0.001196548342704773,shap_tree
1,P1,C1orf54,0.0,shap_tree
1,P1,ARMC2,0.0,shap_tree
1,P1,SPP1,0.0,shap_tree
1,P1,CSF3R,0.00037336317473091185,shap_tree
1,P1,BCL11A,0.0,shap_tree
1,P1,IFIT3,3.0234908990678377e-05,shap_tree
1,P1,IFIT2,1.877520844573155e-05,shap_tree
1,P1,HSPH1,0.0015623555518686771,shap_tree
1,P1,TGFBI,0.00044266090844757855,shap_tree
1,P1,CLU,0.0,shap_tree
1,P1,AKAP1,0.0,shap_tree
1,P1,ZRANB3,0.0,shap_tree
1,P1,LY9,0.0007710444624535739,shap_tree
1,P1,PLAU,0.0,shap_tree
1,P1,MMP19,0.0,shap_tree
1,P1,NR4A1,0.0002848603471647948,shap_tree
1,P1,TUBA1B,0.00011700347386067733,shap_tree
1,P1,ATPAF1,9.800765838008374e-06,shap_tree
1,P1,METTL8,0.0,shap_tree
1,P1,G0S2,0.0,shap_tree
1,P1,F13A1,0.0,shap_tree
1,P1,TREM1,0.0,shap_tree
1,P1,MT2A,0.14449989795684814,shap_tree
1,P1,GPR18,9.008109918795526e-05,shap_tree
1,P1,PTGER2,0.000144942692713812,shap_tree
1,P1,NUP85,0.0,shap_tree
1,P1,MSTO1,0.0,shap_tree
1,P1,IL1B,0.0,shap_tree
1,P1,GZF1,0.0,shap_tree
1,P1,CCR7,0.025537509471178055,shap_tree
1,P1,IFI6,0.085384801030159,shap_tree
1,P1,CFP,0.0,shap_tree
1,P1,ZNF780B,0.0,shap_tree
1,P1,VPREB3,0.0,shap_tree
1,P1,APOBEC3A,0.0,shap_tree
1,P1,ARHGAP22,0.0,shap_tree
1,P1,CD68,2.2642145268036984e-05,shap_tree
1,P1,CCL4,0.005422225687652826,shap_tree
1,P1,EGLN3,0.0,shap_tree
1,P1,SAT1,0.008061369881033897,shap_tree
1,P1,LDLR,0.0,shap_tree
1,P1,APOE,0.0,shap_tree
1,P1,NAPSA,0.0,shap_tree
1,P1,NINJ1,0.0030335085466504097,shap_tree
1,P1,LGALS3,0.004138520453125238,shap_tree
1,P1,FCRLA,0.0,shap_tree
1,P1,PTCD3,0.00011450634337961674,shap_tree
1,P1,SERPINF1,0.0,shap_tree
1,P1,IGJ,0.0,shap_tree
1,P1,CLEC10A,0.0,shap_tree
1,P1,WDR74,0.0,shap_tree
1,P1,HSD17B4,7.534502856287872e-06,shap_tree
1,P1,CCNB1,0.0,shap_tree
1,P1,DPH6,0.0,shap_tree
1,P1,RSAD2,8.844294643495232e-05,shap_tree
1,P1,TMEM241,1.063429590431042e-05,shap_tree
1,P1,SLC37A2,0.0,shap_tree
1,P1,CTSL,0.0,shap_tree
1,P1,USP30,0.0,shap_tree
1,P1,CD36,0.0,shap_tree
1,P1,HILPDA,0.0,shap_tree
1,P1,MTO1,0.0,shap_tree
1,P1,TROAP,0.0,shap_tree
1,P1,CPM,0.0,shap_tree
1,P1,FHOD1,0.0,shap_tree
1,P1,GLUL,0.0,shap_tree
1,P1,TTLL4,5.9937145124422386e-05,shap_tree
1,P1,GPNMB,1.1686285688483622e-05,shap_tree
1,P1,IL1RN,0.0,shap_tree
1,P1,TXN,0.0062693823128938675,shap_tree
1,P1,TUBB2B,0.0,shap_tree
1,P1,IER3,0.0,shap_tree
1,P1,RNF121,0.0,shap_tree
1,P1,C11orf1,0.0,shap_tree
1,P1,IFI44L,0.0036309557035565376,shap_tree
1,P1,IFI44,3.539700264809653e-05,shap_tree
1,P1,CARF,0.0,shap_tree
1,P1,WDR12,0.0,shap_tree
1,P1,ITGAV,7.538358659076039e-06,shap_tree
1,P1,TMOD3,5.218028309172951e-05,shap_tree
1,P1,SPPL2A,0.0001435760350432247,shap_tree
1,P1,ARHGAP24,0.0005772400181740522,shap_tree
1,P1,LEF1,0.00026767945382744074,shap_tree
1,P1,C1RL,0.0,shap_tree
1,P1,CLSTN3,0.0,shap_tree
1,P1,DUSP6,0.0,shap_tree
1,P1,GPR84,0.0,shap_tree
1,P1,SMARCC2,3.489446680760011e-05,shap_tree
1,P1,LMBR1L,0.0,shap_tree
1,P1,SLC38A6,0.0,shap_tree
1,P1,PTGR2,0.0,shap_tree
1,P1,WARS,0.038596875965595245,shap_tree
1,P1,TCF12,0.000197640125406906,shap_tree
1,P1,HMG20A,0.0,shap_tree
1,P1,NEIL1,0.0,shap_tree
1,P1,DNAJA4,0.0,shap_tree
1,P1,IGF1R,0.0,shap_tree
1,P1,MFGE8,0.0,shap_tree
1,P1,IRF8,0.0,shap_tree
1,P1,SCRN2,0.0,shap_tree
1,P1,TP53,0.0,shap_tree
1,P1,NT5C3B,0.0,shap_tree
1,P1,IFITM3,8.628286013845354e-05,shap_tree
1,P1,SLC2A5,0.0,shap_tree
1,P1,GPN2,0.0,shap_tree
1,P1,XCL1,0.0,shap_tree
1,P1,PPOX,3.8177611713763326e-05,shap_tree
1,P1,FCGR2A,0.0,shap_tree
1,P1,RRNAD1,0.0,shap_tree
1,P1,ABL2,0.0,shap_tree
1,P1,S100A8,2.4246085104095982e-06,shap_tree
1,P1,SLC27A3,0.0,shap_tree
1,P1,SFXN5,0.0,shap_tree
1,P1,AFF3,3.528126035234891e-05,shap_tree
1,P1,HSPD1,0.006665342021733522,shap_tree
1,P1,AMT,0.0,shap_tree
1,P1,PLAC8,0.00011042187543353066,shap_tree
1,P1,POMZP3,0.0,shap_tree
1,P1,CXorf57,0.0,shap_tree
1,P1,TATDN1,0.0,shap_tree
1,P1,SLC39A4,1.1691164218063932e-05,shap_tree
1,P1,PLIN2,0.0019305230816826224,shap_tree
1,P1,FBXO10,0.0,shap_tree
1,P1,IDNK,0.0,shap_tree
1,P1,GSN,4.7720812290208414e-05,shap_tree
1,P1,LRRC27,0.0,shap_tree
1,P1,ADM,0.0,shap_tree
1,P1,IMMP1L,2.8636384740821086e-05,shap_tree
1,P1,SERPINH1,0.0,shap_tree
1,P1,TMEM138,0.0,shap_tree
1,P1,FADS1,0.0,shap_tree
1,P1,FCGR1A,0.0,shap_tree
1,P1,TMCO3,0.0,shap_tree
1,P1,PRSS23,0.0,shap_tree
1,P1,CACNA2D4,0.0,shap_tree
1,P1,OXSM,2.9526334401452914e-05,shap_tree
1,P1,BAG3,0.00013651099288836122,shap_tree
1,P1,RASGRP3,0.0,shap_tree
1,P1,FARP1,0.0,shap_tree
1,P1,BANK1,0.0004296987608540803,shap_tree
1,P1,DAB2,0.0,shap_tree
1,P1,OBSCN,4.1265113395638764e-05,shap_tree
1,P1,LY96,0.0,shap_tree
1,P1,TSEN2,0.0,shap_tree
1,P1,PPP4R1,0.0,shap_tree
1,P1,SLC25A28,0.0,shap_tree
1,P1,VSIG4,0.0,shap_tree
1,P1,MCU,0.0,shap_tree
1,P1,CXCL13,0.0007734295213595033,shap_tree
1,P1,MS4A1,0.00369533384218812,shap_tree
1,P1,WDYHV1,0.0,shap_tree
1,P1,MALSU1,7.868547072575893e-06,shap_tree
1,P1,CCNB2,0.0,shap_tree
1,P1,MYO1E,0.0,shap_tree
1,P1,FAIM,0.0,shap_tree
1,P1,AUTS2,6.717128417221829e-05,shap_tree
1,P1,FCER1G,0.0007460024789907038,shap_tree
1,P1,C1QC,0.0,shap_tree
1,P1,TMPRSS3,0.0,shap_tree
1,P1,C1orf123,0.0,shap_tree
1,P1,VCAM1,0.0050030420534312725,shap_tree
1,P1,NLRP3,0.0,shap_tree
1,P1,FCGR3B,0.00041098776273429394,shap_tree
1,P1,ATF3,0.000928033608943224,shap_tree
1,P1,CTSS,0.0,shap_tree
1,P1,S100A9,0.0,shap_tree
1,P1,KBTBD8,4.051317591802217e-05,shap_tree
1,P1,IGFBP7,0.0,shap_tree
1,P1,STK36,0.0,shap_tree
1,P1,ANKZF1,6.28469351795502e-05,shap_tree
1,P1,FCRL1,0.00018622586503624916,shap_tree
1,P1,EIF5A2,1.0458654287504032e-05,shap_tree
1,P1,ICA1L,0.0,shap_tree
1,P1,SMIM14,0.0,shap_tree
1,P1,ABHD6,4.257113687344827e-05,shap_tree
1,P1,CXCL3,0.0,shap_tree
1,P1,RCHY1,2.2865018763695844e-05,shap_tree
1,P1,GNL3,1.3020109690842219e-05,shap_tree
1,P1,ITGA2,0.0,shap_tree
1,P1,ACSL6,0.0,shap_tree
1,P1,CTSB,0.0004897161852568388,shap_tree
1,P1,PHAX,0.0,shap_tree
1,P1,GEM,0.00025405557244084775,shap_tree
1,P1,FBP1,2.7137231882079504e-05,shap_tree
1,P1,IFI27,0.0,shap_tree
1,P1,ALKBH3,0.0,shap_tree
1,P1,FAM227B,0.0,shap_tree
1,P1,STXBP4,0.0,shap_tree
1,P1,PLD4,7.269031630130485e-05,shap_tree
1,P1,WEE1,0.0003714799240697175,shap_tree
1,P1,CLEC4E,0.0,shap_tree
1,P1,ANPEP,0.0,shap_tree
1,P1,C15orf48,0.0,shap_tree
1,P1,MS4A7,0.0,shap_tree
1,P1,FBXO22,0.0,shap_tree
1,P1,POP5,0.0,shap_tree
1,P1,AXL,0.0,shap_tree
1,P1,LAIR2,0.0,shap_tree
1,P1,CHAF1A,0.0,shap_tree
1,P1,VPS37C,0.0,shap_tree
1,P1,TRAPPC11,8.963346772361547e-05,shap_tree
1,P1,FAM84B,0.0,shap_tree
1,P1,TMEM208,0.00026404476375319064,shap_tree
1,P1,PKIG,0.0,shap_tree
1,P1,CCDC126,6.988068344071507e-05,shap_tree
1,P1,PTK2,0.0,shap_tree
1,P1,RNASE6,0.0,shap_tree
1,P1,IL8,0.0,shap_tree
1,P1,GPR183,0.001084925141185522,shap_tree
1,P1,CLIC3,0.002919633872807026,shap_tree
1,P1,MT1E,0.00011316232121316716,shap_tree
1,P1,GLB1,0.00018901693692896515,shap_tree
1,P1,CD14,0.0,shap_tree
1,P1,DNAJC18,0.0,shap_tree
1,P1,KBTBD2,0.0,shap_tree
1,P1,LILRA3,3.6084504699829267e-06,shap_tree
1,P1,ZNF561,0.0,shap_tree
1,P1,METTL18,0.0,shap_tree
1,P1,RRM2,6.530556856887415e-05,shap_tree
1,P1,LGALS9C,0.0,shap_tree
1,P1,ATPAF2,2.3280792447621934e-05,shap_tree
1,P1,NME6,1.4338299479277339e-05,shap_tree
1,P1,HINFP,0.0,shap_tree
1,P1,CLEC12A,5.540597703657113e-05,shap_tree
1,P1,ALG14,0.0,shap_tree
1,P1,FUT10,0.0,shap_tree
1,P1,ZNF621,0.0,shap_tree
1,P1,HSPA6,0.0,shap_tree
1,P1,SLC2A14,3.120213295915164e-05,shap_tree
1,P1,C1QB,0.0,shap_tree
1,P1,C1QA,0.0,shap_tree
1,P1,OLR1,0.0,shap_tree
1,P1,DAG1,0.0,shap_tree
1,P1,PTPRM,0.0,shap_tree
1,P1,UBE2C,0.0,shap_tree
1,P1,PCCA,0.0,shap_tree
1,P1,ATG13,5.3857215789321344e-06,shap_tree
1,P1,APITD1,0.0,shap_tree
1,P1,MCTP1,0.0,shap_tree
1,P1,ZNF683,0.00040115558658726513,shap_tree
1,P1,RMDN1,0.0,shap_tree
1,P1,METRNL,0.00011588504276005551,shap_tree
1,P1,TYMS,1.9064076695940457e-05,shap_tree
1,P1,SLC38A9,6.034937086951686e-06,shap_tree
1,P1,CD19,8.47930132295005e-05,shap_tree
1,P1,ZBED2,0.0,shap_tree
1,P1,CD163,4.041653301101178e-05,shap_tree
1,P1,BOLA1,5.92098876950331e-06,shap_tree
1,P1,GEN1,0.0,shap_tree
1,P1,ZFAND2A,0.0,shap_tree
1,P1,THBD,8.444055856671184e-05,shap_tree
1,P1,EFCAB13,4.3877993448404595e-05,shap_tree
1,P1,APOBEC3B,7.990046287886798e-05,shap_tree
1,P1,CSNK1A1L,0.0,shap_tree
1,P1,ZNF816,0.0,shap_tree
1,P1,EIF2S3L,6.45119434921071e-05,shap_tree
1,P1,SLC36A4,0.0,shap_tree
1,P1,FCRL6,0.0,shap_tree
1,P1,UBA7,0.00045398061047308147,shap_tree
1,P1,CEP97,8.62524666445097e-06,shap_tree
1,P1,GLUD2,0.0,shap_tree
1,P1,CADM1,0.00010103035310748965,shap_tree
1,P1,AP2A2,1.3440406974041252e-06,shap_tree
1,P1,AFMID,0.0,shap_tree
1,P1,CEP57L1,1.5184402400336694e-05,shap_tree
1,P1,DGCR6,0.0,shap_tree
1,P1,IQGAP3,0.0,shap_tree
1,P1,TTC32,0.0,shap_tree
1,P1,COA3,0.0,shap_tree
1,P1,ZNF93,2.445573227305431e-05,shap_tree
1,P1,TMED9,0.0,shap_tree
1,P1,TNFAIP2,0.0,shap_tree
1,P1,WBP5,0.0,shap_tree
1,P1,IRF7,0.00030099190189503133,shap_tree
1,P1,IFIT1,0.0,shap_tree
1,P1,BTLA,0.0,shap_tree
1,P1,CD300E,4.426134910318069e-05,shap_tree
1,P1,TNFRSF18,0.00038848401163704693,shap_tree
1,P1,GPR141,0.0,shap_tree
1,P1,LILRA5,0.0,shap_tree
1,P1,CMC1,0.0,shap_tree
1,P1,MT1X,7.648383871128317e-06,shap_tree
1,P1,SESTD1,0.0,shap_tree
1,P1,USP7,8.732925198273733e-05,shap_tree
1,P1,ISG15,0.010456250049173832,shap_tree
1,P1,ARHGAP11B,1.708988202153705e-05,shap_tree
1,P1,TPRG1,1.8459410057403147e-05,shap_tree
1,P1,FAM26F,3.319349389130366e-06,shap_tree
1,P1,KIR2DL4,9.665377729106694e-05,shap_tree
1,P1,TUBB,0.0012893746607005596,shap_tree
1,P1,GTF2IRD2,0.0,shap_tree
1,P1,ANAPC7,0.0,shap_tree
1,P1,C1orf186,0.0,shap_tree
1,P1,TCF4,0.0,shap_tree
1,P1,NF1,0.0,shap_tree
1,P1,HLA-DQA1,0.0010463842190802097,shap_tree
1,P1,ZNF420,0.0,shap_tree
1,P1,SERPINA1,0.0,shap_tree
1,P1,CCL4L2,0.0006118666497059166,shap_tree
1,P1,ZNF165,0.0,shap_tree
1,P1,PSAP,0.0003414899983908981,shap_tree
1,P1,CFD,0.0,shap_tree
1,P1,ZNF780A,0.0,shap_tree
1,P1,FCGR1B,1.1796476428571623e-05,shap_tree
1,P1,HIBCH,0.0,shap_tree
1,P1,HLA-DRB5,0.016799723729491234,shap_tree
1,P1,ZNF789,0.0,shap_tree
1,P1,FAM19A2,0.0,shap_tree
1,P1,TMEM184B,6.316528924799059e-06,shap_tree
1,P1,GK,0.0005346622201614082,shap_tree
1,P1,OPA1,0.0,shap_tree
1,P1,PRC1,0.0,shap_tree
1,P1,TGM2,0.0,shap_tree
1,P1,FCGR3A,5.879153832211159e-05,shap_tree
1,P1,HIST2H2AA4,0.0010726115433499217,shap_tree
1,P1,C10orf128,0.0,shap_tree
1,P1,HLA-DRA,0.026083577424287796,shap_tree
1,P1,AGER,2.588658026070334e-05,shap_tree
1,P1,HSPA1B,0.003450817195698619,shap_tree
1,P1,HSPA1A,0.028501546010375023,shap_tree
1,P1,LY6G5C,0.0,shap_tree
1,P1,AIF1,0.0,shap_tree
1,P1,LST1,0.0,shap_tree
1,P1,CCL4L1,0.010246572084724903,shap_tree
1,P1,CCL3L1,0.0,shap_tree
1,P1,CPT1B,0.0,shap_tree
1,P1,CRYZL1,1.7554983060108498e-05,shap_tree
1,P1,AL590867.1,0.0,shap_tree
1,P1,TREX1,2.3565573428641073e-05,shap_tree
1,P1,PPM1N,0.0,shap_tree
1,P1,MDP1,0.0,shap_tree
1,P1,IFI30,0.000398916017729789,shap_tree
1,P1,SLC26A6,0.0,shap_tree
1,P1,KIAA0125,0.0,shap_tree
1,P1,LTB,0.00014830312284175307,shap_tree
1,P1,KIR3DL2,0.0,shap_tree
1,P1,HLA-DOB,0.0,shap_tree
1,P1,YAE1D1,0.0,shap_tree
1,P1,ZNF585B,0.0,shap_tree
1,P1,INSL3,0.0,shap_tree
1,P1,CHCHD10,0.0,shap_tree
1,P1,ZNF345,0.0,shap_tree
1,P1,IGLL5,0.0,shap_tree
1,P1,HIST1H3G,0.0,shap_tree
1,P1,CCL3L3,0.0001684656599536538,shap_tree
1,P1,FNTB,0.0,shap_tree
1,P1,RP11-96O20.4,0.0,shap_tree
1,P1,MYO15B,1.2698033970082179e-05,shap_tree
1,P1,ZNF224,0.0,shap_tree
1,P1,AL022328.1,0.0,shap_tree
2,P10,FGR,0.0,shap_tree
2,P10,TMEM176A,0.0,shap_tree
2,P10,FKBP4,0.0,shap_tree
2,P10,BZRAP1,0.00023155279632192105,shap_tree
2,P10,CCL3,0.008213573135435581,shap_tree
2,P10,CD79B,1.9207134755561128e-05,shap_tree
2,P10,CYB561,0.0,shap_tree
2,P10,CD9,0.0,shap_tree
2,P10,MKS1,0.0,shap_tree
2,P10,PLAUR,0.0,shap_tree
2,P10,TYROBP,0.0005205163615755737,shap_tree
2,P10,BRCA1,0.0,shap_tree
2,P10,CD22,0.0,shap_tree
2,P10,CLDN11,0.0,shap_tree
2,P10,SLC11A1,0.00017358284094370902,shap_tree
2,P10,MARCO,0.0,shap_tree
2,P10,CD74,0.006846198812127113,shap_tree
2,P10,NR1H3,0.0,shap_tree
2,P10,NUP160,2.265650255139917e-05,shap_tree
2,P10,GRN,0.0004833876446355134,shap_tree
2,P10,APBA2,0.0,shap_tree
2,P10,NSMAF,0.0,shap_tree
2,P10,SKIV2L2,0.0,shap_tree
2,P10,CAPG,0.00012582651106640697,shap_tree
2,P10,ADAM28,2.3873652025940828e-05,shap_tree
2,P10,TNFRSF9,2.040974868577905e-05,shap_tree
2,P10,SIKE1,0.0,shap_tree
2,P10,TM7SF3,0.0,shap_tree
2,P10,LPAR2,0.0,shap_tree
2,P10,WDR3,0.0,shap_tree
2,P10,SLC9A7,0.0,shap_tree
2,P10,ZNRD1,2.6770225304062478e-05,shap_tree
2,P10,BCL3,1.5788024029461667e-05,shap_tree
2,P10,GBA2,0.0,shap_tree
2,P10,TFRC,0.00010619741078699008,shap_tree
2,P10,FCGR2B,0.0,shap_tree
2,P10,NLE1,0.0,shap_tree
2,P10,MAP3K13,0.0,shap_tree
2,P10,BCS1L,0.0,shap_tree
2,P10,TXK,0.0,shap_tree
2,P10,SLC46A1,0.0,shap_tree
2,P10,SPAG5,0.0,shap_tree
2,P10,SLC1A3,0.0,shap_tree
2,P10,TNS1,0.0,shap_tree
2,P10,OPHN1,0.0,shap_tree
2,P10,SESN1,0.0,shap_tree
2,P10,HSP90AA1,0.002105426276102662,shap_tree
2,P10,CXCL2,0.0,shap_tree
2,P10,ZNF510,0.0,shap_tree
2,P10,NFE2L1,0.0,shap_tree
2,P10,ULK2,0.0,shap_tree
2,P10,FCN1,1.3860473700333387e-05,shap_tree
2,P10,SCAMP1,0.0,shap_tree
2,P10,AAMDC,0.0,shap_tree
2,P10,OAS1,0.00053415447473526,shap_tree
2,P10,LYZ,0.0,shap_tree
2,P10,PABPC4,0.0,shap_tree
2,P10,PUS7,0.0,shap_tree
2,P10,ITGA6,0.0,shap_tree
2,P10,CD200,0.0,shap_tree
2,P10,AAAS,4.644137334253173e-06,shap_tree
2,P10,HOOK2,0.0,shap_tree
2,P10,BLNK,0.0,shap_tree
2,P10,ACOT7,0.0,shap_tree
2,P10,TRMT2A,3.146630842820741e-05,shap_tree
2,P10,GGT1,1.573106237628963e-05,shap_tree
2,P10,LGALS2,2.1458870833157562e-05,shap_tree
2,P10,RHBDD3,0.0,shap_tree
2,P10,HMOX1,3.970701982325409e-06,shap_tree
2,P10,GZMB,0.04420532286167145,shap_tree
2,P10,TIMM9,0.0,shap_tree
2,P10,LGMN,0.0,shap_tree
2,P10,TCL1A,0.0,shap_tree
2,P10,PLTP,0.0,shap_tree
2,P10,MMP9,0.0,shap_tree
2,P10,PABPC1L,0.0,shap_tree
2,P10,CDK5RAP1,0.0,shap_tree
2,P10,CST3,0.0010405785869807005,shap_tree
2,P10,ALG13,0.0,shap_tree
2,P10,MOSPD1,0.0,shap_tree
2,P10,WDR13,0.0,shap_tree
2,P10,SLC25A14,0.0,shap_tree
2,P10,FMR1,0.0,shap_tree
2,P10,CD40LG,0.0,shap_tree
2,P10,TIMP1,0.0007698743720538914,shap_tree
2,P10,GLA,0.0,shap_tree
2,P10,KIAA0226L,0.0,shap_tree
2,P10,ACP5,0.00022092896688263863,shap_tree
2,P10,TSC22D1,2.835972554748878e-05,shap_tree
2,P10,CLUAP1,0.0,shap_tree
2,P10,FAH,0.0,shap_tree
2,P10,GABPB1,4.3899148295167834e-05,shap_tree
2,P10,IL7,0.0,shap_tree
2,P10,PPP2CB,0.0,shap_tree
2,P10,ASAH1,1.3202782611188013e-05,shap_tree
2,P10,SARS2,0.0,shap_tree
2,P10,FCER2,0.0,shap_tree
2,P10,IL4I1,2.8070044209016487e-05,shap_tree
2,P10,PDCD5,0.0002611874369904399,shap_tree
2,P10,CD79A,3.543747516232543e-05,shap_tree
2,P10,ATP1A3,0.0,shap_tree
2,P10,LILRB5,0.0,shap_tree
2,P10,PON2,1.7285563444602303e-05,shap_tree
2,P10,MPP6,0.0,shap_tree
2,P10,CPVL,0.0,shap_tree
2,P10,ABHD11,0.0,shap_tree
2,P10,STX1A,0.0,shap_tree
2,P10,HSPB1,0.0015383127611130476,shap_tree
2,P10,TMEM176B,0.0,shap_tree
2,P10,TNFSF8,0.0,shap_tree
2,P10,TESK1,0.0,shap_tree
2,P10,RASSF4,0.0,shap_tree
2,P10,NSMCE4A,9.320853678218555e-06,shap_tree
2,P10,PIGL,1.9990377040812746e-05,shap_tree
2,P10,GALK1,0.0,shap_tree
2,P10,ENO3,0.0,shap_tree
2,P10,LGALS3BP,5.18766910317936e-06,shap_tree
2,P10,CCL2,0.0,shap_tree
2,P10,EZH1,0.0,shap_tree
2,P10,RAB34,0.0,shap_tree
2,P10,KLHL5,0.0,shap_tree
2,P10,ZBTB16,0.0,shap_tree
2,P10,SC5D,0.0,shap_tree
2,P10,CRTAM,0.0,shap_tree
2,P10,VWA5A,0.0,shap_tree
2,P10,MS4A6A,0.0,shap_tree
2,P10,MS4A4A,0.0,shap_tree
2,P10,ACCS,0.0,shap_tree
2,P10,CD81,2.861078428395558e-06,shap_tree
2,P10,GTF2H3,0.0,shap_tree
2,P10,IFNG,0.0037567520048469305,shap_tree
2,P10,NOP2,0.0,shap_tree
2,P10,GNPTAB,0.0,shap_tree
2,P10,KLRB1,0.0,shap_tree
2,P10,SOD2,7.63945427024737e-05,shap_tree
2,P10,CD83,0.0002666264190338552,shap_tree
2,P10,APBB3,9.568544555804692e-06,shap_tree
2,P10,FAHD2A,0.0,shap_tree
2,P10,GTF3C2,0.0,shap_tree
2,P10,FN1,0.0,shap_tree
2,P10,GNLY,0.0012445312459021807,shap_tree
2,P10,STK25,0.0,shap_tree
2,P10,EPHA4,0.0,shap_tree
2,P10,CEP104,0.0,shap_tree
2,P10,AMPD2,9.879049684968777e-06,shap_tree
2,P10,MECR,0.0,shap_tree
2,P10,KMO,0.0,shap_tree
2,P10,GBP1,0.016676906496286392,shap_tree
2,P10,DPH5,0.0,shap_tree
2,P10,STMN1,0.0,shap_tree
2,P10,NENF,0.0,shap_tree
2,P10,CTSD,0.009272205643355846,shap_tree
2,P10,C1orf54,0.0,shap_tree
2,P10,LRMP,6.843017104074534e-07,shap_tree
2,P10,SGK1,0.0,shap_tree
2,P10,SPP1,0.0,shap_tree
2,P10,C2orf43,0.0,shap_tree
2,P10,CSF3R,0.0002060582919511944,shap_tree
2,P10,COQ6,0.0,shap_tree
2,P10,BCL11A,0.0,shap_tree
2,P10,IFIT3,0.0,shap_tree
2,P10,IFIT2,0.00017330881382804364,shap_tree
2,P10,HSPH1,0.0021404933650046587,shap_tree
2,P10,TGFBI,0.0038965726271271706,shap_tree
2,P10,LY9,0.0005200616433285177,shap_tree
2,P10,PMS2,0.0,shap_tree
2,P10,PLAU,0.0,shap_tree
2,P10,MMP19,0.0,shap_tree
2,P10,NR4A1,0.0004709786153398454,shap_tree
2,P10,TUBA1B,0.0004047943511977792,shap_tree
2,P10,METTL8,0.0,shap_tree
2,P10,G0S2,5.256913573248312e-05,shap_tree
2,P10,F13A1,0.0,shap_tree
2,P10,TREM1,4.790648290509125e-06,shap_tree
2,P10,SOX4,0.0,shap_tree
2,P10,BBS2,0.0,shap_tree
2,P10,MT2A,0.06704145669937134,shap_tree
2,P10,MSTO1,0.0,shap_tree
2,P10,IL1B,0.0,shap_tree
2,P10,GZF1,0.0,shap_tree
2,P10,CCR7,0.03214883431792259,shap_tree
2,P10,AHDC1,0.0,shap_tree
2,P10,IFI6,0.16211991012096405,shap_tree
2,P10,CFP,0.0,shap_tree
2,P10,PLEKHG3,0.0,shap_tree
2,P10,RAB3IP,2.4298127755173482e-05,shap_tree
2,P10,VPREB3,0.0,shap_tree
2,P10,APOBEC3A,0.0,shap_tree
2,P10,ARHGAP22,0.0,shap_tree
2,P10,SERGEF,0.0,shap_tree
2,P10,CD68,5.933689681114629e-05,shap_tree
2,P10,CCL4,0.005666722543537617,shap_tree
2,P10,SAT1,0.004631837829947472,shap_tree
2,P10,LDLR,0.0,shap_tree
2,P10,APOE,0.0,shap_tree
2,P10,APOC1,0.0,shap_tree
2,P10,FCHO1,0.0,shap_tree
2,P10,TRPM4,0.0,shap_tree
2,P10,NAPSA,0.0,shap_tree
2,P10,NINJ1,0.000244590628426522,shap_tree
2,P10,LGALS3,0.004312562290579081,shap_tree
2,P10,DNAJB1,0.0009161811321973801,shap_tree
2,P10,FCRLA,0.0,shap_tree
2,P10,PTCD3,5.812788367620669e-05,shap_tree
2,P10,SERPINF1,0.0,shap_tree
2,P10,MYH10,1.1754531442420557e-05,shap_tree
2,P10,PDZD2,0.0,shap_tree
2,P10,ACTR3B,0.0,shap_tree
2,P10,SBF2,0.0,shap_tree
2,P10,HSD17B4,0.0,shap_tree
2,P10,SLC37A2,0.0,shap_tree
2,P10,NREP,0.0,shap_tree
2,P10,CTSL,0.0,shap_tree
2,P10,CD36,2.2647896003036294e-06,shap_tree
2,P10,HILPDA,0.0,shap_tree
2,P10,MTO1,1.2479123142838944e-05,shap_tree
2,P10,KIAA1009,0.0,shap_tree
2,P10,LACE1,0.0,shap_tree
2,P10,CPM,0.0,shap_tree
2,P10,DYNC1LI2,0.0,shap_tree
2,P10,FHOD1,0.0,shap_tree
2,P10,GLUL,0.0,shap_tree
2,P10,GPNMB,0.0,shap_tree
2,P10,IL1RN,3.359877155162394e-05,shap_tree
2,P10,TXN,0.0061286152340471745,shap_tree
2,P10,IRF4,3.926694262190722e-05,shap_tree
2,P10,IER3,0.0,shap_tree
2,P10,FGFBP2,0.0005503701395355165,shap_tree
2,P10,SLCO2B1,0.0,shap_tree
2,P10,IFI44L,0.008293962106108665,shap_tree
2,P10,IFI44,0.0002395085757598281,shap_tree
2,P10,DNAJC13,0.0,shap_tree
2,P10,WDR12,0.0,shap_tree
2,P10,SPPL2A,0.0,shap_tree
2,P10,ARHGAP24,0.00025135581381618977,shap_tree
2,P10,LEF1,0.00011277105659246445,shap_tree
2,P10,CLSTN3,4.567434370983392e-05,shap_tree
2,P10,DUSP6,7.149340490286704e-06,shap_tree
2,P10,GPR84,0.0,shap_tree
2,P10,SLC38A6,0.0,shap_tree
2,P10,PTGR2,0.0,shap_tree
2,P10,WARS,0.06806986033916473,shap_tree
2,P10,SLC12A6,0.0,shap_tree
2,P10,TCF12,0.00017597005353309214,shap_tree
2,P10,BCL2A1,1.8857962231777492e-06,shap_tree
2,P10,HMG20A,0.0,shap_tree
2,P10,BBS4,0.0,shap_tree
2,P10,IGSF6,0.00013774873514194041,shap_tree
2,P10,ZFHX3,0.0,shap_tree
2,P10,IRF8,0.00021100979938637465,shap_tree
2,P10,TP53,5.866761785000563e-05,shap_tree
2,P10,TBCD,0.00016943177615758032,shap_tree
2,P10,IFITM3,0.0027934389654546976,shap_tree
2,P10,MAP3K6,0.0,shap_tree
2,P10,GPN2,0.0,shap_tree
2,P10,ADC,0.0,shap_tree
2,P10,XCL1,0.0002258743770653382,shap_tree
2,P10,XCL2,0.00012540313764475286,shap_tree
2,P10,PPOX,0.0,shap_tree
2,P10,FCGR2A,0.00010485291568329558,shap_tree
2,P10,FCRL5,0.0,shap_tree
2,P10,ABL2,0.0,shap_tree
2,P10,CTSK,0.0,shap_tree
2,P10,TAF1A,0.0,shap_tree
2,P10,S100A8,0.0,shap_tree
2,P10,SLC27A3,0.0,shap_tree
2,P10,EXOC6B,0.0,shap_tree
2,P10,AFF3,0.0,shap_tree
2,P10,RHBDD1,0.0,shap_tree
2,P10,EIF2B5,2.911103183578234e-05,shap_tree
2,P10,PIK3R1,1.4269485291151796e-05,shap_tree
2,P10,FBXO10,0.0,shap_tree
2,P10,GSN,0.0,shap_tree
2,P10,MRRF,0.0,shap_tree
2,P10,ADM,0.0,shap_tree
2,P10,IMMP1L,0.0,shap_tree
2,P10,FADS1,0.0,shap_tree
2,P10,FCGR1A,0.0,shap_tree
2,P10,RGS18,0.0,shap_tree
2,P10,CACNA2D4,0.0,shap_tree
2,P10,PTPRO,0.0,shap_tree
2,P10,ANKAR,0.0,shap_tree
2,P10,FARP1,0.0,shap_tree
2,P10,BANK1,0.0,shap_tree
2,P10,DAB2,0.0,shap_tree
2,P10,LY96,1.1979577720921952e-06,shap_tree
2,P10,PPP4R1,0.0,shap_tree
2,P10,RBM45,0.0,shap_tree
2,P10,VSIG4,0.0,shap_tree
2,P10,MCU,0.0,shap_tree
2,P10,MS4A1,0.0015543901827186346,shap_tree
2,P10,WDYHV1,0.0,shap_tree
2,P10,MALSU1,0.0,shap_tree
2,P10,VPS8,6.119066529208794e-05,shap_tree
2,P10,GALK2,0.0,shap_tree
2,P10,B3GNT7,4.9434420361649245e-05,shap_tree
2,P10,CCNB2,5.597752533503808e-06,shap_tree
2,P10,MYO1E,0.0,shap_tree
2,P10,HIST1H2BD,0.0,shap_tree
2,P10,TMSB15B,0.0,shap_tree
2,P10,CD1C,0.0,shap_tree
2,P10,FCER1G,0.0012445133179426193,shap_tree
2,P10,TOMM40L,7.892749636084773e-06,shap_tree
2,P10,C1QC,0.0,shap_tree
2,P10,HLCS,0.0,shap_tree
2,P10,SPON2,0.0,shap_tree
2,P10,TMPRSS3,0.0,shap_tree
2,P10,LMNA,0.0007397093577310443,shap_tree
2,P10,GRASP,0.0,shap_tree
2,P10,CYB561A3,0.0,shap_tree
2,P10,C1orf123,0.0,shap_tree
2,P10,VCAM1,0.0051974942907691,shap_tree
2,P10,NLRP3,0.0,shap_tree
2,P10,FCGR3B,0.00039098528213799,shap_tree
2,P10,ATF3,0.0001486349938204512,shap_tree
2,P10,ZNF2,0.0,shap_tree
2,P10,CTSS,2.5768360501388088e-05,shap_tree
2,P10,S100A9,1.690240969765e-05,shap_tree
2,P10,RNF25,0.0,shap_tree
2,P10,FCRL1,3.743677370948717e-05,shap_tree
2,P10,SMIM14,0.0,shap_tree
2,P10,CXCL3,0.0,shap_tree
2,P10,BAP1,0.0,shap_tree
2,P10,GNL3,0.0,shap_tree
2,P10,PIGX,1.240604319718841e-06,shap_tree
2,P10,SLC9B2,0.0,shap_tree
2,P10,CCDC51,0.0,shap_tree
2,P10,SPRY1,0.0,shap_tree
2,P10,CTSB,0.0021507595665752888,shap_tree
2,P10,FBP1,0.00017149417544715106,shap_tree
2,P10,IFI27,0.0,shap_tree
2,P10,CLMN,0.0,shap_tree
2,P10,DPCD,0.0,shap_tree
2,P10,ARIH1,8.652405085740611e-06,shap_tree
2,P10,FAM227B,0.0,shap_tree
2,P10,TAF10,0.0,shap_tree
2,P10,TRIM66,0.0,shap_tree
2,P10,WEE1,0.00012527874787338078,shap_tree
2,P10,CLEC4E,0.0,shap_tree
2,P10,ANPEP,3.09747047140263e-05,shap_tree
2,P10,PLK1,0.0,shap_tree
2,P10,C15orf48,0.0,shap_tree
2,P10,MS4A7,0.0,shap_tree
2,P10,MEI1,0.0,shap_tree
2,P10,GNGT2,0.0,shap_tree
2,P10,FBXO22,0.0,shap_tree
2,P10,TRIM68,0.0,shap_tree
2,P10,SPATA33,0.0,shap_tree
2,P10,AXL,0.0,shap_tree
2,P10,NFKBID,6.381917773978785e-05,shap_tree
2,P10,GHDC,0.0,shap_tree
2,P10,VPS37C,0.0,shap_tree
2,P10,BSCL2,0.0,shap_tree
2,P10,TRANK1,7.014961283857701e-06,shap_tree
2,P10,NAALADL1,0.0,shap_tree
2,P10,BMI1,0.0,shap_tree
2,P10,CX3CR1,0.0003039415751118213,shap_tree
2,P10,TRAPPC11,0.0,shap_tree
2,P10,TMEM208,0.0,shap_tree
2,P10,PKIG,3.882350938511081e-06,shap_tree
2,P10,CCDC126,0.0,shap_tree
2,P10,RNASE6,0.0,shap_tree
2,P10,IL8,0.0,shap_tree
2,P10,GPR183,0.004261239897459745,shap_tree
2,P10,CLIC3,0.0005914504872635007,shap_tree
2,P10,LRRC45,0.0,shap_tree
2,P10,MT1E,0.00013646982552018017,shap_tree
2,P10,DUS1L,0.0,shap_tree
2,P10,GLB1,0.0005385755212046206,shap_tree
2,P10,CD14,0.0,shap_tree
2,P10,LILRA3,2.9372451990639092e-06,shap_tree
2,P10,NETO2,0.0,shap_tree
2,P10,HDAC3,9.746903742779978e-06,shap_tree
2,P10,RRM2,4.294714381103404e-05,shap_tree
2,P10,LGALS9C,0.0,shap_tree
2,P10,HINFP,0.0,shap_tree
2,P10,CLEC12A,0.0,shap_tree
2,P10,ALG14,0.0,shap_tree
2,P10,DCP2,0.0,shap_tree
2,P10,ZNF621,0.0,shap_tree
2,P10,HSPA6,0.0,shap_tree
2,P10,RAPH1,1.020463059830945e-06,shap_tree
2,P10,SLC2A14,0.00012009677448077127,shap_tree
2,P10,MZT2A,0.0,shap_tree
2,P10,C1QB,0.0,shap_tree
2,P10,C1QA,0.0,shap_tree
2,P10,OLR1,0.0,shap_tree
2,P10,UBE2C,0.0,shap_tree
2,P10,PACS1,0.0,shap_tree
2,P10,ATG13,0.0,shap_tree
2,P10,MCTP1,0.0,shap_tree
2,P10,ZNF683,0.00022190556046552956,shap_tree
2,P10,RMDN1,0.0,shap_tree
2,P10,METRNL,0.00012575495929922909,shap_tree
2,P10,TYMS,6.607233081012964e-05,shap_tree
2,P10,SLC38A9,0.0,shap_tree
2,P10,CD19,0.00010755870607681572,shap_tree
2,P10,CD163,7.718499546172097e-05,shap_tree
2,P10,THBD,0.00045781134394928813,shap_tree
2,P10,EFCAB13,2.1162318262213375e-06,shap_tree
2,P10,AURKB,0.0,shap_tree
2,P10,CSNK1A1L,0.0,shap_tree
2,P10,CCDC66,0.0,shap_tree
2,P10,HIST1H2BC,0.0,shap_tree
2,P10,FCRL6,0.0,shap_tree
2,P10,ZNF678,0.0,shap_tree
2,P10,UBA7,0.0,shap_tree
2,P10,CADM1,0.00026321946643292904,shap_tree
2,P10,AP2A2,0.0,shap_tree
2,P10,AFMID,2.4098586436593905e-05,shap_tree
2,P10,GAS6,0.0,shap_tree
2,P10,CEP57L1,0.0,shap_tree
2,P10,CCDC159,5.7824025134323165e-05,shap_tree
2,P10,TREX2,0.0,shap_tree
2,P10,SERHL2,0.0,shap_tree
2,P10,ALYREF,0.0,shap_tree
2,P10,IQGAP3,0.0,shap_tree
2,P10,COA3,0.0,shap_tree
2,P10,KNTC1,0.0,shap_tree
2,P10,PTP4A3,0.0,shap_tree
2,P10,TMED9,9.109641541726887e-05,shap_tree
2,P10,DDX51,0.0,shap_tree
2,P10,TNFAIP2,0.0,shap_tree
2,P10,ZNF566,0.0,shap_tree
2,P10,NUDT17,0.0,shap_tree
2,P10,CD300E,0.0,shap_tree
2,P10,ZDHHC17,0.0,shap_tree
2,P10,GPR141,0.0,shap_tree
2,P10,ENTPD5,0.0,shap_tree
2,P10,LILRA5,0.0,shap_tree
2,P10,MT1X,0.0,shap_tree
2,P10,ISG15,0.010350123047828674,shap_tree
2,P10,ARHGAP11B,0.0,shap_tree
2,P10,H3F3C,0.0,shap_tree
2,P10,FSIP2,6.07997972110752e-05,shap_tree
2,P10,FBF1,0.0,shap_tree
2,P10,KIR2DL4,0.0,shap_tree
2,P10,TUBB,0.0005558939883485436,shap_tree
2,P10,ZFP62,0.0,shap_tree
2,P10,HLA-DQA1,0.0012908793287351727,shap_tree
2,P10,ZNF420,1.525973516436352e-06,shap_tree
2,P10,SERPINA1,2.124846787410206e-06,shap_tree
2,P10,CCL4L2,0.0019863524939864874,shap_tree
2,P10,ZNF165,0.0,shap_tree
2,P10,C5orf42,0.0,shap_tree
2,P10,PSAP,0.000244165858021006,shap_tree
2,P10,CFD,1.142887640526169e-06,shap_tree
2,P10,ZNF81,0.0,shap_tree
2,P10,FAM212B,0.0,shap_tree
2,P10,ZNF677,0.0,shap_tree
2,P10,FCGR1B,0.0,shap_tree
2,P10,ZNF649,0.0,shap_tree
2,P10,SPRED2,0.0,shap_tree
2,P10,HIST1H4E,0.0,shap_tree
2,P10,ZNF789,0.0,shap_tree
2,P10,FAM19A2,0.0,shap_tree
2,P10,FAM169A,2.8218784791533835e-05,shap_tree
2,P10,GK,0.0014826563419774175,shap_tree
2,P10,OPA1,0.0,shap_tree
2,P10,PRC1,0.0,shap_tree
2,P10,ZNF525,0.0,shap_tree
2,P10,FCGR3A,0.0007977545028552413,shap_tree
2,P10,HIST2H2AA4,0.0005444130511023104,shap_tree
2,P10,C10orf128,2.3745582439005375e-05,shap_tree
2,P10,OXLD1,0.0,shap_tree
2,P10,HLA-DRA,0.025134796276688576,shap_tree
2,P10,NEU1,0.00026996267843060195,shap_tree
2,P10,HSPA1B,0.00173977913800627,shap_tree
2,P10,HSPA1A,0.0022489717230200768,shap_tree
2,P10,MBD5,3.936467328458093e-05,shap_tree
2,P10,AIF1,0.0,shap_tree
2,P10,LST1,5.470200630952604e-05,shap_tree
2,P10,CCL4L1,0.029428206384181976,shap_tree
2,P10,CCL3L1,0.0003623866941779852,shap_tree
2,P10,CRYZL1,0.0,shap_tree
2,P10,RAB12,0.0,shap_tree
2,P10,TCTEX1D2,0.0,shap_tree
2,P10,TREX1,0.0,shap_tree
2,P10,DNASE1,5.597046310867881e-06,shap_tree
2,P10,MDP1,0.0,shap_tree
2,P10,MYL5,0.0,shap_tree
2,P10,IFI30,0.0003052335523534566,shap_tree
2,P10,FANCG,0.0,shap_tree
2,P10,PGAM4,0.0,shap_tree
2,P10,LILRA4,0.0,shap_tree
2,P10,HLA-DOB,0.0,shap_tree
2,P10,YAE1D1,0.0,shap_tree
2,P10,ZNF585B,0.0,shap_tree
2,P10,CHCHD10,0.0,shap_tree
2,P10,ZNF674,0.0,shap_tree
2,P10,ZNF345,0.0,shap_tree
2,P10,CSNK2A3,0.0,shap_tree
2,P10,IGLL5,7.525512046413496e-05,shap_tree
2,P10,HIST1H3G,0.0,shap_tree
2,P10,CCL3L3,1.2564933058456518e-05,shap_tree
2,P10,CEP95,1.0058805855805986e-05,shap_tree
2,P10,MYO15B,0.0,shap_tree
2,P10,AL161784.1,0.0,shap_tree
2,P10,AC018867.2,0.0,shap_tree
2,P10,SPIB,0.0,shap_tree
3,P11,FGR,4.815201009478187e-06,shap_tree
3,P11,FKBP4,0.0,shap_tree
3,P11,ST7,0.0,shap_tree
3,P11,CCL3,0.009986067190766335,shap_tree
3,P11,CD79B,0.0,shap_tree
3,P11,PKD1,1.0931370525213424e-05,shap_tree
3,P11,DYRK4,0.0,shap_tree
3,P11,PLAUR,0.0,shap_tree
3,P11,TYROBP,0.00036518959677778184,shap_tree
3,P11,CD22,0.0,shap_tree
3,P11,CLDN11,0.0,shap_tree
3,P11,SLC11A1,7.032941539364401e-06,shap_tree
3,P11,MARCO,0.0,shap_tree
3,P11,CD74,0.005714860744774342,shap_tree
3,P11,AGPAT4,0.0,shap_tree
3,P11,NUP160,0.0,shap_tree
3,P11,GRN,0.0004265669849701226,shap_tree
3,P11,APBA2,0.0,shap_tree
3,P11,STAP1,0.0,shap_tree
3,P11,METTL1,0.0,shap_tree
3,P11,VCAN,0.0,shap_tree
3,P11,SKIV2L2,0.0,shap_tree
3,P11,CAPG,0.0,shap_tree
3,P11,ADAM28,1.1563303814909887e-05,shap_tree
3,P11,TNFRSF9,0.0,shap_tree
3,P11,QSER1,0.0,shap_tree
3,P11,ST3GAL6,0.0,shap_tree
3,P11,FAR2,0.0,shap_tree
3,P11,CHI3L2,0.0,shap_tree
3,P11,ADAT1,0.0,shap_tree
3,P11,ZNRD1,0.0,shap_tree
3,P11,STAG3,5.072834755992517e-05,shap_tree
3,P11,IFT80,0.0,shap_tree
3,P11,GBA2,0.0,shap_tree
3,P11,TFRC,8.688037632964551e-05,shap_tree
3,P11,NLE1,0.0,shap_tree
3,P11,MAP3K13,0.0,shap_tree
3,P11,MGLL,0.0,shap_tree
3,P11,BCS1L,0.0,shap_tree
3,P11,FSCN1,0.0,shap_tree
3,P11,SLC46A1,0.0,shap_tree
3,P11,GTF3C1,2.4831915652612224e-05,shap_tree
3,P11,PIK3C3,1.6383595720981248e-05,shap_tree
3,P11,SLC1A3,0.0,shap_tree
3,P11,TNS1,3.967344309785403e-05,shap_tree
3,P11,OPHN1,0.0,shap_tree
3,P11,HSP90AA1,0.0018881241558119655,shap_tree
3,P11,CXCL2,0.0,shap_tree
3,P11,ZNF510,0.0,shap_tree
3,P11,COBLL1,0.0,shap_tree
3,P11,NFE2L1,0.0,shap_tree
3,P11,ERC1,0.0,shap_tree
3,P11,FCN1,6.989521807554411e-06,shap_tree
3,P11,AAMDC,0.0,shap_tree
3,P11,RFX2,0.0,shap_tree
3,P11,KIF9,0.0,shap_tree
3,P11,OAS1,0.0006073649856261909,shap_tree
3,P11,LYZ,4.71509247290669e-06,shap_tree
3,P11,CD200,0.0,shap_tree
3,P11,RNF31,0.0,shap_tree
3,P11,HDAC6,0.0,shap_tree
3,P11,BLNK,0.0,shap_tree
3,P11,GADD45B,0.00013927345571573824,shap_tree
3,P11,TRMT2A,0.0,shap_tree
3,P11,OSM,0.0,shap_tree
3,P11,LGALS2,1.6171201423276216e-05,shap_tree
3,P11,CYP2D6,0.0,shap_tree
3,P11,BIK,0.0,shap_tree
3,P11,HMOX1,0.0,shap_tree
3,P11,MCAT,0.0,shap_tree
3,P11,GZMB,0.05045076832175255,shap_tree
3,P11,PRMT5,0.0,shap_tree
3,P11,TIMM9,0.0,shap_tree
3,P11,TCL1A,0.0,shap_tree
3,P11,PLTP,0.0,shap_tree
3,P11,MMP9,0.0,shap_tree
3,P11,PABPC1L,0.0,shap_tree
3,P11,NDUFAF5,0.0,shap_tree
3,P11,CST3,0.0010391738032922149,shap_tree
3,P11,ALG13,0.0,shap_tree
3,P11,MOSPD1,0.0,shap_tree
3,P11,WDR13,0.0,shap_tree
3,P11,SLC25A14,0.0,shap_tree
3,P11,FMR1,0.0,shap_tree
3,P11,CD40LG,0.0,shap_tree
3,P11,TIMP1,0.0001522550592198968,shap_tree
3,P11,GLA,0.0,shap_tree
3,P11,KIAA0226L,0.0,shap_tree
3,P11,ACP5,2.7465062885312364e-05,shap_tree
3,P11,RGCC,0.00012587553646881133,shap_tree
3,P11,TSC22D1,0.0,shap_tree
3,P11,DNAJA3,0.0,shap_tree
3,P11,MTFMT,0.0,shap_tree
3,P11,DMXL2,3.987894888268784e-05,shap_tree
3,P11,GDAP1,0.0,shap_tree
3,P11,ZC2HC1A,0.0,shap_tree
3,P11,PPP2CB,0.0,shap_tree
3,P11,SARS2,0.0,shap_tree
3,P11,ERCC2,0.0,shap_tree
3,P11,FCER2,0.0,shap_tree
3,P11,IL4I1,0.0,shap_tree
3,P11,ZNF419,0.0,shap_tree
3,P11,PDCD5,5.159294232726097e-05,shap_tree
3,P11,CD79A,0.00012988029629923403,shap_tree
3,P11,TNPO2,0.0,shap_tree
3,P11,LILRB5,0.0,shap_tree
3,P11,PON2,6.214556196937338e-05,shap_tree
3,P11,DFNA5,0.0,shap_tree
3,P11,CPVL,1.1362225450284313e-05,shap_tree
3,P11,HSPB1,0.0009725261479616165,shap_tree
3,P11,SNX8,0.0,shap_tree
3,P11,RBM28,0.0,shap_tree
3,P11,TMEM176B,0.0,shap_tree
3,P11,RASSF4,0.0,shap_tree
3,P11,MAPK8,0.0,shap_tree
3,P11,RAD51C,0.0,shap_tree
3,P11,ENO3,0.0,shap_tree
3,P11,NUP88,0.0,shap_tree
3,P11,CCL2,0.0,shap_tree
3,P11,DHX58,2.8722008664772147e-06,shap_tree
3,P11,DHRS7B,0.0,shap_tree
3,P11,TNFAIP1,0.0,shap_tree
3,P11,TMEM97,0.0,shap_tree
3,P11,RAB34,0.0,shap_tree
3,P11,AREG,0.0,shap_tree
3,P11,KLHL5,6.521170234918827e-06,shap_tree
3,P11,SC5D,0.0,shap_tree
3,P11,CRTAM,2.0699548258562572e-05,shap_tree
3,P11,MS4A6A,0.0001202670464408584,shap_tree
3,P11,MS4A4A,0.0,shap_tree
3,P11,CD81,1.5788404198247008e-05,shap_tree
3,P11,ACAD10,0.0,shap_tree
3,P11,STX2,0.0,shap_tree
3,P11,IFNG,0.007654986344277859,shap_tree
3,P11,GNPTAB,0.0,shap_tree
3,P11,CD83,0.0003344023134559393,shap_tree
3,P11,APBB3,4.305848779040389e-05,shap_tree
3,P11,TRAPPC13,5.097293524158886e-06,shap_tree
3,P11,PFKFB4,0.0,shap_tree
3,P11,C3orf14,4.672457180276979e-06,shap_tree
3,P11,CISH,0.0,shap_tree
3,P11,GTF3C2,2.842339381459169e-05,shap_tree
3,P11,FN1,0.0,shap_tree
3,P11,GNLY,0.0012025213800370693,shap_tree
3,P11,STK25,0.0,shap_tree
3,P11,EPHA4,0.0,shap_tree
3,P11,RALGPS2,0.0,shap_tree
3,P11,KIAA1324,0.0,shap_tree
3,P11,AMPD2,0.0,shap_tree
3,P11,MECR,0.0,shap_tree
3,P11,GBP1,0.01901426911354065,shap_tree
3,P11,CD160,0.0,shap_tree
3,P11,CDC20,0.0,shap_tree
3,P11,PIK3R3,0.0,shap_tree
3,P11,CTSD,0.005634225904941559,shap_tree
3,P11,C1orf54,0.0,shap_tree
3,P11,SGK1,0.0,shap_tree
3,P11,ARMC2,0.0,shap_tree
3,P11,SPP1,0.0,shap_tree
3,P11,C2orf43,0.0,shap_tree
3,P11,CSF3R,0.000346270709997043,shap_tree
3,P11,COQ6,0.0,shap_tree
3,P11,IFIT3,0.0,shap_tree
3,P11,IFIT2,0.0,shap_tree
3,P11,HSPH1,0.001187398680485785,shap_tree
3,P11,TGFBI,0.0032537963707000017,shap_tree
3,P11,SEC22A,0.0,shap_tree
3,P11,LY9,0.0014821619261056185,shap_tree
3,P11,PMS2,0.0,shap_tree
3,P11,PLAU,0.0,shap_tree
3,P11,EGR2,3.638024509200477e-06,shap_tree
3,P11,MMP19,0.0,shap_tree
3,P11,NR4A1,0.0003450577496550977,shap_tree
3,P11,TUBA1B,0.00012644956586882472,shap_tree
3,P11,METTL8,0.0,shap_tree
3,P11,G0S2,1.2095199963368941e-05,shap_tree
3,P11,SLC12A4,0.0,shap_tree
3,P11,F13A1,0.0,shap_tree
3,P11,TREM1,0.0,shap_tree
3,P11,MT2A,0.06538663059473038,shap_tree
3,P11,GPR18,0.0,shap_tree
3,P11,PTGER2,0.00025745946913957596,shap_tree
3,P11,NUP85,0.0,shap_tree
3,P11,IL1B,0.0,shap_tree
3,P11,VASP,0.0,shap_tree
3,P11,CCR7,0.019016532227396965,shap_tree
3,P11,IFI6,0.14319701492786407,shap_tree
3,P11,CFP,0.0,shap_tree
3,P11,PLEKHG3,0.0,shap_tree
3,P11,PTPN12,0.0,shap_tree
3,P11,APOBEC3A,0.0,shap_tree
3,P11,SPECC1,0.0,shap_tree
3,P11,SERGEF,0.0,shap_tree
3,P11,CD68,7.983712566783652e-05,shap_tree
3,P11,CCL4,0.0014930086908861995,shap_tree
3,P11,PARP2,0.0,shap_tree
3,P11,EGLN3,0.0,shap_tree
3,P11,ERMARD,0.0,shap_tree
3,P11,SAT1,0.0035055233165621758,shap_tree
3,P11,APOE,0.0,shap_tree
3,P11,C6orf203,0.0,shap_tree
3,P11,DKC1,0.0,shap_tree
3,P11,ULBP2,0.0,shap_tree
3,P11,ACSS2,0.0,shap_tree
3,P11,NAPSA,0.0,shap_tree
3,P11,ACAP3,0.0,shap_tree
3,P11,LGALS3,0.005302070174366236,shap_tree
3,P11,DNAJB1,0.0007464096415787935,shap_tree
3,P11,FCRLA,0.0,shap_tree
3,P11,PTCD3,4.5409284211928025e-05,shap_tree
3,P11,IGJ,9.253742973669432e-06,shap_tree
3,P11,CLEC10A,0.0,shap_tree
3,P11,MYH10,0.0,shap_tree
3,P11,PDZD2,0.0,shap_tree
3,P11,SLC2A11,0.0,shap_tree
3,P11,ACTR3B,0.0,shap_tree
3,P11,SBF2,0.0,shap_tree
3,P11,HSD17B4,0.0,shap_tree
3,P11,RSAD2,0.0,shap_tree
3,P11,SLC37A2,0.0,shap_tree
3,P11,NREP,0.0,shap_tree
3,P11,CTSL,5.5028413044055924e-05,shap_tree
3,P11,CD36,5.041493750468362e-06,shap_tree
3,P11,HILPDA,0.0,shap_tree
3,P11,MTO1,2.149035753973294e-05,shap_tree
3,P11,KIAA1009,0.0,shap_tree
3,P11,TROAP,0.0,shap_tree
3,P11,CPM,0.0,shap_tree
3,P11,DYNC1LI2,0.0,shap_tree
3,P11,GLUL,2.4007849788176827e-06,shap_tree
3,P11,TTLL4,2.9243630706332624e-05,shap_tree
3,P11,GPNMB,4.7496168917859904e-06,shap_tree
3,P11,IL1RN,4.25181096943561e-05,shap_tree
3,P11,TXN,0.006051072850823402,shap_tree
3,P11,IL11RA,0.0,shap_tree
3,P11,IRF4,6.667865091003478e-05,shap_tree
3,P11,IER3,0.0,shap_tree
3,P11,THBS1,0.0,shap_tree
3,P11,IFI44,4.405847721500322e-05,shap_tree
3,P11,CENPO,0.0,shap_tree
3,P11,DNAJC13,0.0,shap_tree
3,P11,WDR12,0.0,shap_tree
3,P11,TMOD3,0.0,shap_tree
3,P11,SPPL2A,0.0,shap_tree
3,P11,ARHGAP24,0.0002475095388945192,shap_tree
3,P11,CASP6,0.0,shap_tree
3,P11,LEF1,0.0,shap_tree
3,P11,CLSTN3,5.016977866034722e-06,shap_tree
3,P11,TMEM19,0.0,shap_tree
3,P11,DUSP6,0.0,shap_tree
3,P11,GPR84,0.0,shap_tree
3,P11,SLC38A6,0.0,shap_tree
3,P11,WARS,0.050887081772089005,shap_tree
3,P11,SLC12A6,0.0,shap_tree
3,P11,TCF12,0.00039840154931880534,shap_tree
3,P11,BCL2A1,0.0,shap_tree
3,P11,IGF1R,1.3154623957234435e-05,shap_tree
3,P11,MFGE8,0.0,shap_tree
3,P11,IGSF6,8.055919170146808e-05,shap_tree
3,P11,IRF8,0.0003175866440869868,shap_tree
3,P11,TP53,2.4131113605108112e-05,shap_tree
3,P11,IFITM3,0.003508017398416996,shap_tree
3,P11,SLC2A5,0.0,shap_tree
3,P11,GPN2,0.0,shap_tree
3,P11,XCL1,0.0001491050934419036,shap_tree
3,P11,XCL2,0.0006258668727241457,shap_tree
3,P11,PPOX,0.0,shap_tree
3,P11,FCGR2A,6.0611331718973815e-05,shap_tree
3,P11,FCRL5,0.0,shap_tree
3,P11,CTSK,0.0,shap_tree
3,P11,TAF1A,0.0,shap_tree
3,P11,S100A8,1.06425959529588e-05,shap_tree
3,P11,SLC27A3,0.0,shap_tree
3,P11,EXOC6B,0.0,shap_tree
3,P11,AFF3,0.0,shap_tree
3,P11,FANCD2,0.0,shap_tree
3,P11,AMT,0.0,shap_tree
3,P11,PLAC8,0.0004640551924239844,shap_tree
3,P11,PLIN2,0.0005108111654408276,shap_tree
3,P11,GSN,0.00011814722529379651,shap_tree
3,P11,MRRF,0.0,shap_tree
3,P11,FADS1,0.0,shap_tree
3,P11,FCGR1A,3.817810011241818e-06,shap_tree
3,P11,PRSS23,2.0069050151505508e-05,shap_tree
3,P11,CACNA2D4,0.0,shap_tree
3,P11,ANK3,2.152952401957009e-05,shap_tree
3,P11,MIPOL1,0.0,shap_tree
3,P11,PTPRO,0.0,shap_tree
3,P11,RASGRP3,0.0,shap_tree
3,P11,FARP1,0.0,shap_tree
3,P11,PTPRK,0.0,shap_tree
3,P11,BANK1,1.202119074150687e-05,shap_tree
3,P11,DAB2,0.0,shap_tree
3,P11,NEIL2,0.0,shap_tree
3,P11,LY96,0.0,shap_tree
3,P11,TSEN2,0.0,shap_tree
3,P11,CDK19,0.0,shap_tree
3,P11,RBM45,0.0,shap_tree
3,P11,VSIG4,0.0,shap_tree
3,P11,CXCL13,0.00014313464635051787,shap_tree
3,P11,MS4A1,0.0015794518403708935,shap_tree
3,P11,WDYHV1,0.0,shap_tree
3,P11,VPS8,9.636752656660974e-05,shap_tree
3,P11,B3GNT7,8.187515049939975e-06,shap_tree
3,P11,CCNB2,0.0,shap_tree
3,P11,MYO1E,0.0,shap_tree
3,P11,APPL1,0.0,shap_tree
3,P11,C2CD2,0.0,shap_tree
3,P11,HIST1H2BD,0.0,shap_tree
3,P11,TMSB15B,5.2225327635824215e-06,shap_tree
3,P11,CD1C,9.209317795466632e-06,shap_tree
3,P11,FCER1G,0.002609829418361187,shap_tree
3,P11,TOMM40L,0.0,shap_tree
3,P11,C1QC,0.0,shap_tree
3,P11,TMPRSS3,0.0,shap_tree
3,P11,GRASP,0.0,shap_tree
3,P11,CYB561A3,0.0,shap_tree
3,P11,C1orf123,0.0,shap_tree
3,P11,VCAM1,0.0021232522558420897,shap_tree
3,P11,NLRP3,0.0,shap_tree
3,P11,FCGR3B,0.0003804101434070617,shap_tree
3,P11,ATF3,0.0003992568817920983,shap_tree
3,P11,CTSS,0.0,shap_tree
3,P11,S100A9,2.660498103068676e-05,shap_tree
3,P11,IGFBP7,0.0,shap_tree
3,P11,FCRL1,0.00016414870333392173,shap_tree
3,P11,SMIM14,0.0,shap_tree
3,P11,ABHD6,3.3329073630739003e-05,shap_tree
3,P11,CXCL3,0.0,shap_tree
3,P11,RCHY1,0.0,shap_tree
3,P11,GNL3,4.233837535139173e-05,shap_tree
3,P11,PIGX,0.0,shap_tree
3,P11,SLC9B2,0.0,shap_tree
3,P11,SPRY1,0.0,shap_tree
3,P11,CTSB,0.003039843402802944,shap_tree
3,P11,FBP1,0.00046518677845597267,shap_tree
3,P11,NDRG2,0.0,shap_tree
3,P11,CLMN,0.0,shap_tree
3,P11,STXBP4,0.0,shap_tree
3,P11,CUL5,1.9105618775938638e-05,shap_tree
3,P11,TAF10,0.0,shap_tree
3,P11,WEE1,0.0,shap_tree
3,P11,CLEC4E,0.0,shap_tree
3,P11,ANPEP,0.0,shap_tree
3,P11,PLK1,0.0,shap_tree
3,P11,C15orf48,0.0,shap_tree
3,P11,MS4A7,0.0,shap_tree
3,P11,DIS3L,0.0,shap_tree
3,P11,EVA1C,0.0,shap_tree
3,P11,GNGT2,0.0,shap_tree
3,P11,FBXO22,0.0,shap_tree
3,P11,POP5,2.4989425583044067e-05,shap_tree
3,P11,RHEBL1,0.0,shap_tree
3,P11,GHDC,0.0,shap_tree
3,P11,ECI1,0.0,shap_tree
3,P11,VPS37C,0.0,shap_tree
3,P11,BSCL2,0.0,shap_tree
3,P11,TRANK1,0.0,shap_tree
3,P11,NAALADL1,0.0,shap_tree
3,P11,GNG4,3.019135692738928e-05,shap_tree
3,P11,CX3CR1,0.0004563898837659508,shap_tree
3,P11,TMEM208,4.913912562187761e-05,shap_tree
3,P11,PKIG,8.808758138911799e-06,shap_tree
3,P11,PTK2,0.0,shap_tree
3,P11,RNASE6,7.527287380071357e-06,shap_tree
3,P11,IL8,0.0,shap_tree
3,P11,GPR183,0.003232245333492756,shap_tree
3,P11,CLIC3,0.00019987329142168164,shap_tree
3,P11,LRRC45,0.0,shap_tree
3,P11,MT1E,1.1845168955915142e-05,shap_tree
3,P11,DUS1L,0.0,shap_tree
3,P11,TAPT1,0.0,shap_tree
3,P11,GLB1,0.00024471592041663826,shap_tree
3,P11,CD14,0.0,shap_tree
3,P11,DNAJC18,0.0,shap_tree
3,P11,GTSF1,0.0,shap_tree
3,P11,LILRA3,9.972188126994297e-05,shap_tree
3,P11,NINJ2,0.0,shap_tree
3,P11,RRM2,0.0,shap_tree
3,P11,HINFP,0.0,shap_tree
3,P11,CLEC12A,0.0,shap_tree
3,P11,ALG14,0.0,shap_tree
3,P11,ZNF621,0.0,shap_tree
3,P11,HSPA6,0.0,shap_tree
3,P11,C1QB,0.0,shap_tree
3,P11,C1QA,0.0,shap_tree
3,P11,OLR1,0.0,shap_tree
3,P11,PTPRM,0.0,shap_tree
3,P11,SULT1B1,0.0,shap_tree
3,P11,CXorf23,0.0,shap_tree
3,P11,UBE2C,0.0,shap_tree
3,P11,ATG13,0.0,shap_tree
3,P11,MCTP1,0.0,shap_tree
3,P11,ERCC4,0.0,shap_tree
3,P11,GAPT,0.0,shap_tree
3,P11,METRNL,4.2841558752115816e-05,shap_tree
3,P11,TYMS,0.00017940295219887048,shap_tree
3,P11,DEAF1,1.0556718734733295e-05,shap_tree
3,P11,CD19,4.2847103031817824e-05,shap_tree
3,P11,ZBED2,0.0,shap_tree
3,P11,CD163,0.0,shap_tree
3,P11,GEN1,0.0,shap_tree
3,P11,ZFAND2A,8.363069355254993e-06,shap_tree
3,P11,THBD,0.00024086952907964587,shap_tree
3,P11,CPNE7,0.0,shap_tree
3,P11,AURKB,0.0,shap_tree
3,P11,APOBEC3B,0.0,shap_tree
3,P11,ZNF816,0.0,shap_tree
3,P11,EIF2S3L,0.0,shap_tree
3,P11,S1PR5,4.926411565975286e-05,shap_tree
3,P11,ZNF678,0.0,shap_tree
3,P11,UBA7,0.00022629517479799688,shap_tree
3,P11,CADM1,0.0001345178607152775,shap_tree
3,P11,AP2A2,0.0,shap_tree
3,P11,ABHD16B,0.0,shap_tree
3,P11,CCDC159,0.0,shap_tree
3,P11,SERHL2,0.0,shap_tree
3,P11,ALYREF,0.0,shap_tree
3,P11,IQGAP3,0.0,shap_tree
3,P11,TTC32,0.0,shap_tree
3,P11,LRTOMT,0.0,shap_tree
3,P11,CLECL1,0.0,shap_tree
3,P11,PLA2G6,0.0,shap_tree
3,P11,SS18L1,0.0,shap_tree
3,P11,KNTC1,0.0,shap_tree
3,P11,WDR27,0.0,shap_tree
3,P11,TMED9,1.1850519513245672e-05,shap_tree
3,P11,TNFAIP2,0.0,shap_tree
3,P11,WBP5,0.0,shap_tree
3,P11,IRF7,0.0002801403752528131,shap_tree
3,P11,IFIT1,0.0,shap_tree
3,P11,BTLA,0.0,shap_tree
3,P11,CD300E,0.0,shap_tree
3,P11,TNFRSF18,0.0001704609312582761,shap_tree
3,P11,ZDHHC17,0.0,shap_tree
3,P11,LILRA5,0.0,shap_tree
3,P11,CMC1,1.5490031728404574e-05,shap_tree
3,P11,MT1X,1.0140631275135092e-05,shap_tree
3,P11,ISG15,0.01987598091363907,shap_tree
3,P11,FANCA,5.2027739002369344e-05,shap_tree
3,P11,ARHGAP11B,0.0,shap_tree
3,P11,TPRG1,3.109188583039213e-06,shap_tree
3,P11,FAM26F,0.0,shap_tree
3,P11,KIR2DL4,0.0,shap_tree
3,P11,TUBB,0.0004785781493410468,shap_tree
3,P11,NF1,0.0,shap_tree
3,P11,MAML3,8.236711437348276e-06,shap_tree
3,P11,ZNF682,0.0,shap_tree
3,P11,SERPINA1,0.0,shap_tree
3,P11,CCL4L2,0.0005412622122094035,shap_tree
3,P11,ZNF165,1.3453543033392634e-05,shap_tree
3,P11,C5orf42,0.0,shap_tree
3,P11,PSAP,0.0002922261191997677,shap_tree
3,P11,CCDC180,8.729929504625034e-06,shap_tree
3,P11,ZNF677,0.0,shap_tree
3,P11,FCGR1B,0.0,shap_tree
3,P11,HIST1H3A,3.6878857372357743e-06,shap_tree
3,P11,HLA-DRB5,0.016450639814138412,shap_tree
3,P11,HIST1H4E,0.0,shap_tree
3,P11,TTC37,0.0,shap_tree
3,P11,TMEM184B,0.0,shap_tree
3,P11,GK,0.0016024308279156685,shap_tree
3,P11,PRC1,0.0,shap_tree
3,P11,TGM2,0.0,shap_tree
3,P11,FCGR3A,0.0016514529706910253,shap_tree
3,P11,HIST2H2AA4,0.0018857006216421723,shap_tree
3,P11,CXorf65,0.0,shap_tree
3,P11,HLA-DRA,0.009666581638157368,shap_tree
3,P11,HSPA1B,0.0011550560593605042,shap_tree
3,P11,HSPA1A,0.0011244382476434112,shap_tree
3,P11,LY6G5C,0.0,shap_tree
3,P11,AIF1,0.0,shap_tree
3,P11,LST1,0.0,shap_tree
3,P11,TCTN1,0.0,shap_tree
3,P11,CCL4L1,0.03200678527355194,shap_tree
3,P11,CCL3L1,0.0,shap_tree
3,P11,CPT1B,0.0,shap_tree
3,P11,RAB12,0.0,shap_tree
3,P11,TREX1,4.5744098315481097e-05,shap_tree
3,P11,ITGA1,9.289859008276835e-05,shap_tree
3,P11,IFI30,0.001342874951660633,shap_tree
3,P11,FANCG,0.0,shap_tree
3,P11,KIAA0125,0.0,shap_tree
3,P11,ZNF717,0.0,shap_tree
3,P11,LTB,5.6394295825157315e-05,shap_tree
3,P11,HIST1H2BN,0.0,shap_tree
3,P11,ACAD11,0.0,shap_tree
3,P11,PPIL3,0.0,shap_tree
3,P11,KIR2DL3,1.2309842531976756e-06,shap_tree
3,P11,INSL3,0.0,shap_tree
3,P11,CHCHD10,0.0,shap_tree
3,P11,ZNF345,0.0,shap_tree
3,P11,RP11-849H4.2,0.0,shap_tree
3,P11,CSNK2A3,0.0,shap_tree
3,P11,HIST1H3G,0.0,shap_tree
3,P11,CCL3L3,0.0,shap_tree
3,P11,CEP95,0.0,shap_tree
3,P11,AARSD1,0.0,shap_tree
3,P11,AL161784.1,0.0,shap_tree
3,P11,SPIB,0.0,shap_tree
4,P12,FGR,0.0,shap_tree
4,P12,NDUFAF7,0.0,shap_tree
4,P12,FKBP4,0.0,shap_tree
4,P12,ST7,0.0,shap_tree
4,P12,GCFC2,0.0,shap_tree
4,P12,CCL3,0.0005568586057052016,shap_tree
4,P12,CD79B,0.0,shap_tree
4,P12,DYRK4,0.0,shap_tree
4,P12,CD9,0.0,shap_tree
4,P12,PLAUR,0.0,shap_tree
4,P12,TYROBP,0.0,shap_tree
4,P12,BRCA1,0.0,shap_tree
4,P12,CD22,0.0,shap_tree
4,P12,SLC11A1,0.0,shap_tree
4,P12,MARCO,0.0,shap_tree
4,P12,CD74,0.0002413486217847094,shap_tree
4,P12,PLEKHB1,0.0,shap_tree
4,P12,ZNF839,0.0,shap_tree
4,P12,NR1H3,0.0,shap_tree
4,P12,GRN,0.0,shap_tree
4,P12,STAP1,0.0,shap_tree
4,P12,TRIO,0.0,shap_tree
4,P12,VCAN,0.0,shap_tree
4,P12,SPDL1,0.0,shap_tree
4,P12,CAPG,0.0,shap_tree
4,P12,ADAM28,0.0,shap_tree
4,P12,TNFRSF9,0.0,shap_tree
4,P12,QSER1,0.0,shap_tree
4,P12,FAR2,0.0,shap_tree
4,P12,CHI3L2,0.0,shap_tree
4,P12,SLC9A7,0.0,shap_tree
4,P12,ZNRD1,0.0,shap_tree
4,P12,STAG3,0.0,shap_tree
4,P12,METTL22,0.0,shap_tree
4,P12,IFT80,0.0,shap_tree
4,P12,BCL3,0.0,shap_tree
4,P12,WIPI1,0.0,shap_tree
4,P12,SEL1L,0.0,shap_tree
4,P12,TFRC,0.0,shap_tree
4,P12,MAP3K13,0.0,shap_tree
4,P12,BCS1L,0.0,shap_tree
4,P12,SLC1A3,0.0,shap_tree
4,P12,TNS1,0.0,shap_tree
4,P12,OPHN1,0.0,shap_tree
4,P12,SESN1,0.0,shap_tree
4,P12,HSP90AA1,0.00045586819760501385,shap_tree
4,P12,CXCL2,0.0,shap_tree
4,P12,COBLL1,0.0,shap_tree
4,P12,NFE2L1,0.0,shap_tree
4,P12,KAT6A,0.0,shap_tree
4,P12,SCAMP1,0.0,shap_tree
4,P12,DDHD2,0.0,shap_tree
4,P12,AAMDC,0.0,shap_tree
4,P12,RFX2,0.0,shap_tree
4,P12,CRLS1,0.0,shap_tree
4,P12,OAS1,0.0,shap_tree
4,P12,IRAK3,0.0,shap_tree
4,P12,LYZ,0.0,shap_tree
4,P12,PABPC4,0.0,shap_tree
4,P12,CD200,0.0,shap_tree
4,P12,RNF31,0.0,shap_tree
4,P12,HDAC6,0.0,shap_tree
4,P12,AAAS,0.0,shap_tree
4,P12,HOOK2,0.0,shap_tree
4,P12,ACOT7,0.0,shap_tree
4,P12,GADD45B,2.692057250897051e-06,shap_tree
4,P12,TRMT2A,0.0,shap_tree
4,P12,OSM,0.0,shap_tree
4,P12,HMOX1,0.0,shap_tree
4,P12,GZMB,0.014330933801829815,shap_tree
4,P12,PRMT5,0.0,shap_tree
4,P12,CDKN3,0.0,shap_tree
4,P12,TIMM9,0.0,shap_tree
4,P12,TCL1A,0.0,shap_tree
4,P12,GMPR2,0.0,shap_tree
4,P12,PLTP,0.0,shap_tree
4,P12,PABPC1L,0.0,shap_tree
4,P12,CST3,0.0,shap_tree
4,P12,MOSPD1,0.0,shap_tree
4,P12,WDR13,0.0,shap_tree
4,P12,CD40LG,0.0,shap_tree
4,P12,TIMP1,0.0,shap_tree
4,P12,GLA,0.0,shap_tree
4,P12,KIAA0226L,0.0,shap_tree
4,P12,ACP5,0.0,shap_tree
4,P12,TSC22D1,0.0,shap_tree
4,P12,DNAJA3,0.0,shap_tree
4,P12,FAH,0.0,shap_tree
4,P12,DMXL2,0.0,shap_tree
4,P12,ASAH1,0.0,shap_tree
4,P12,SARS2,0.0,shap_tree
4,P12,DOT1L,0.0,shap_tree
4,P12,FCER2,0.0,shap_tree
4,P12,ZNF419,0.0,shap_tree
4,P12,PDCD5,0.0,shap_tree
4,P12,CD79A,0.0,shap_tree
4,P12,LILRB5,0.0,shap_tree
4,P12,PON2,9.836158824327867e-06,shap_tree
4,P12,DFNA5,0.0,shap_tree
4,P12,IQCE,0.0,shap_tree
4,P12,CPVL,0.0,shap_tree
4,P12,HSPB1,2.783398849715013e-05,shap_tree
4,P12,CEP41,0.0,shap_tree
4,P12,TMEM176B,0.0,shap_tree
4,P12,RASSF4,0.0,shap_tree
4,P12,MAPK8,0.0,shap_tree
4,P12,ARHGAP21,0.0,shap_tree
4,P12,RECQL5,0.0,shap_tree
4,P12,PIGL,0.0,shap_tree
4,P12,GALK1,0.0,shap_tree
4,P12,NUP88,0.0,shap_tree
4,P12,LGALS3BP,0.0,shap_tree
4,P12,CCL2,0.0,shap_tree
4,P12,TMEM97,0.0,shap_tree
4,P12,RAB34,0.0,shap_tree
4,P12,AREG,0.0,shap_tree
4,P12,SC5D,0.0,shap_tree
4,P12,CRTAM,0.0,shap_tree
4,P12,MS4A6A,0.0,shap_tree
4,P12,MS4A4A,0.0,shap_tree
4,P12,ACCS,0.0,shap_tree
4,P12,CD81,0.0,shap_tree
4,P12,PRR4,0.0,shap_tree
4,P12,ACAD10,0.0,shap_tree
4,P12,STX2,0.0,shap_tree
4,P12,IFNG,0.002747482154518366,shap_tree
4,P12,NOP2,0.0,shap_tree
4,P12,MDGA1,0.0,shap_tree
4,P12,CD83,0.0,shap_tree
4,P12,APBB3,0.0,shap_tree
4,P12,TRAPPC13,0.0,shap_tree
4,P12,TFDP2,0.0,shap_tree
4,P12,PFKFB4,0.0,shap_tree
4,P12,C3orf14,0.0,shap_tree
4,P12,CISH,0.0,shap_tree
4,P12,FAHD2A,0.0,shap_tree
4,P12,GTF3C2,0.0,shap_tree
4,P12,FN1,0.0,shap_tree
4,P12,EHBP1,0.0,shap_tree
4,P12,GNLY,4.525961685430957e-06,shap_tree
4,P12,STK25,0.0,shap_tree
4,P12,EPHA4,0.0,shap_tree
4,P12,CEP104,0.0,shap_tree
4,P12,TTF2,0.0,shap_tree
4,P12,GBP1,0.0005717885214835405,shap_tree
4,P12,CDC20,0.0,shap_tree
4,P12,RCOR3,0.0,shap_tree
4,P12,STMN1,0.0,shap_tree
4,P12,NENF,0.0,shap_tree
4,P12,CTSD,0.0002851271128747612,shap_tree
4,P12,C1orf54,0.0,shap_tree
4,P12,SGK1,0.0,shap_tree
4,P12,SPP1,0.0,shap_tree
4,P12,CSF3R,0.0,shap_tree
4,P12,NPC2,0.0,shap_tree
4,P12,BCL11A,0.0,shap_tree
4,P12,IFIT3,0.0,shap_tree
4,P12,IFIT2,9.513624718238134e-06,shap_tree
4,P12,PYROXD2,0.0,shap_tree
4,P12,HSPH1,0.00011743710638256744,shap_tree
4,P12,TGFBI,0.0013437081361189485,shap_tree
4,P12,EGR1,0.0,shap_tree
4,P12,CLU,0.0,shap_tree
4,P12,LY9,0.0,shap_tree
4,P12,PLAU,0.0,shap_tree
4,P12,MMP19,0.0,shap_tree
4,P12,TUBA1B,0.0,shap_tree
4,P12,ATPAF1,0.0,shap_tree
4,P12,METTL8,0.0,shap_tree
4,P12,G0S2,3.173812956447364e-06,shap_tree
4,P12,F13A1,0.0,shap_tree
4,P12,TREM1,0.0,shap_tree
4,P12,SOX4,0.0,shap_tree
4,P12,BBS2,0.0,shap_tree
4,P12,MT2A,0.01744229719042778,shap_tree
4,P12,GPR18,0.0,shap_tree
4,P12,MSTO1,0.0,shap_tree
4,P12,IL1B,0.0,shap_tree
4,P12,VASP,0.0,shap_tree
4,P12,CCR7,0.005647711455821991,shap_tree
4,P12,IFI6,0.03711580112576485,shap_tree
4,P12,CFP,0.0,shap_tree
4,P12,L3HYPDH,0.0,shap_tree
4,P12,PLEKHG3,0.0,shap_tree
4,P12,RAB3IP,0.0,shap_tree
4,P12,CASD1,0.0,shap_tree
4,P12,ZNF780B,0.0,shap_tree
4,P12,VPREB3,0.0,shap_tree
4,P12,APOBEC3A,0.0,shap_tree
4,P12,SPECC1,1.7854323459687294e-06,shap_tree
4,P12,TMOD2,0.0,shap_tree
4,P12,CD68,0.0,shap_tree
4,P12,CCL4,0.0,shap_tree
4,P12,SAT1,4.708090636995621e-05,shap_tree
4,P12,LDLR,0.0,shap_tree
4,P12,APOE,0.0,shap_tree
4,P12,APOC1,0.0,shap_tree
4,P12,C6orf203,0.0,shap_tree
4,P12,PGPEP1,0.0,shap_tree
4,P12,DKC1,0.0,shap_tree
4,P12,ACSS2,0.0,shap_tree
4,P12,NINJ1,0.0,shap_tree
4,P12,LGALS3,0.00026208473718725145,shap_tree
4,P12,DNAJB1,6.764418503735214e-05,shap_tree
4,P12,FCRLA,0.0,shap_tree
4,P12,SERPINF1,9.43925988394767e-06,shap_tree
4,P12,CLEC10A,0.0,shap_tree
4,P12,PRMT7,0.0,shap_tree
4,P12,DPH2,0.0,shap_tree
4,P12,MUTYH,0.0,shap_tree
4,P12,MYH10,0.0,shap_tree
4,P12,TBC1D8B,0.0,shap_tree
4,P12,WDR74,0.0,shap_tree
4,P12,PDZD2,0.0,shap_tree
4,P12,CCNB1,0.0,shap_tree
4,P12,RSAD2,0.0,shap_tree
4,P12,FBXO18,0.0,shap_tree
4,P12,SLC37A2,0.0,shap_tree
4,P12,APC,0.0,shap_tree
4,P12,CTSL,0.0,shap_tree
4,P12,CD36,0.0,shap_tree
4,P12,COQ10A,0.0,shap_tree
4,P12,CPM,0.0,shap_tree
4,P12,DYNC1LI2,0.0,shap_tree
4,P12,FHOD1,0.0,shap_tree
4,P12,GLUL,0.0,shap_tree
4,P12,TTLL4,0.0,shap_tree
4,P12,GPNMB,0.0,shap_tree
4,P12,IL10,0.0,shap_tree
4,P12,IL1RN,0.0,shap_tree
4,P12,TXN,0.00034273340133950114,shap_tree
4,P12,IER3,0.0,shap_tree
4,P12,SLCO2B1,0.0,shap_tree
4,P12,RNF121,0.0,shap_tree
4,P12,C11orf1,0.0,shap_tree
4,P12,SPTBN5,0.0,shap_tree
4,P12,IFI44L,0.0025102058425545692,shap_tree
4,P12,IFI44,0.0,shap_tree
4,P12,DNAJC13,0.0,shap_tree
4,P12,WDR12,0.0,shap_tree
4,P12,ITGAV,0.0,shap_tree
4,P12,TMOD3,0.0,shap_tree
4,P12,SPPL2A,0.0,shap_tree
4,P12,ARHGAP24,1.5869406979618361e-06,shap_tree
4,P12,CASP6,0.0,shap_tree
4,P12,LEF1,6.784146535210311e-06,shap_tree
4,P12,C1RL,0.0,shap_tree
4,P12,CLSTN3,0.0,shap_tree
4,P12,GPR84,0.0,shap_tree
4,P12,WARS,0.02049155905842781,shap_tree
4,P12,NEIL1,0.0,shap_tree
4,P12,DNAJA4,0.0,shap_tree
4,P12,TPM1,0.0,shap_tree
4,P12,IGF1R,0.0,shap_tree
4,P12,MFGE8,0.0,shap_tree
4,P12,ZFHX3,0.0,shap_tree
4,P12,IRF8,0.0,shap_tree
4,P12,PELP1,0.0,shap_tree
4,P12,TP53,0.0,shap_tree
4,P12,TBCD,0.0,shap_tree
4,P12,NT5C3B,0.0,shap_tree
4,P12,IFITM3,0.0012797813396900892,shap_tree
4,P12,DOPEY2,0.0,shap_tree
4,P12,XCL2,3.86535502912011e-05,shap_tree
4,P12,PPOX,0.0,shap_tree
4,P12,FCGR2A,0.0,shap_tree
4,P12,FCRL5,0.0,shap_tree
4,P12,S100A8,0.0,shap_tree
4,P12,AFF3,0.0,shap_tree
4,P12,FANCD2,0.0,shap_tree
4,P12,AMT,0.0,shap_tree
4,P12,EAF2,0.0,shap_tree
4,P12,PLAC8,0.0,shap_tree
4,P12,SSBP2,0.0,shap_tree
4,P12,MMS22L,0.0,shap_tree
4,P12,POMZP3,0.0,shap_tree
4,P12,CXorf57,0.0,shap_tree
4,P12,PLIN2,0.0,shap_tree
4,P12,GSN,1.4735218428540975e-05,shap_tree
4,P12,ADM,0.0,shap_tree
4,P12,IMMP1L,0.0,shap_tree
4,P12,SERPINH1,0.0,shap_tree
4,P12,TMEM138,0.0,shap_tree
4,P12,FADS1,0.0,shap_tree
4,P12,FCGR1A,0.0,shap_tree
4,P12,TMCO3,0.0,shap_tree
4,P12,PRSS23,0.0,shap_tree
4,P12,CACNA2D4,0.0,shap_tree
4,P12,ANK3,0.0,shap_tree
4,P12,ANKAR,0.0,shap_tree
4,P12,BAG3,0.00011267951049376279,shap_tree
4,P12,BANK1,0.0,shap_tree
4,P12,DAB2,0.0,shap_tree
4,P12,DGKE,0.0,shap_tree
4,P12,OBSCN,0.0,shap_tree
4,P12,LY96,0.0,shap_tree
4,P12,PPP4R1,0.0,shap_tree
4,P12,SLC25A28,0.0,shap_tree
4,P12,VSIG4,0.0,shap_tree
4,P12,NDUFAF6,0.0,shap_tree
4,P12,CXCL13,0.0,shap_tree
4,P12,FAM122B,0.0,shap_tree
4,P12,MS4A1,0.0,shap_tree
4,P12,CCNB2,0.0,shap_tree
4,P12,MYO1E,0.0,shap_tree
4,P12,RNF207,0.0,shap_tree
4,P12,FCER1G,0.00018507578352000564,shap_tree
4,P12,TOMM40L,0.0,shap_tree
4,P12,C1QC,0.0,shap_tree
4,P12,LMNA,0.00021805432334076613,shap_tree
4,P12,GRASP,0.0,shap_tree
4,P12,PAQR4,0.0,shap_tree
4,P12,C1orf123,0.0,shap_tree
4,P12,VCAM1,0.006202828139066696,shap_tree
4,P12,NLRP3,0.0,shap_tree
4,P12,FCGR3B,0.0,shap_tree
4,P12,ATF3,0.0,shap_tree
4,P12,CTSS,0.0,shap_tree
4,P12,S100A9,0.0,shap_tree
4,P12,IGFBP7,0.0,shap_tree
4,P12,RNF25,0.0,shap_tree
4,P12,ANKZF1,0.0,shap_tree
4,P12,FCRL1,3.825247404165566e-06,shap_tree
4,P12,SMIM14,0.0,shap_tree
4,P12,ABHD6,0.0,shap_tree
4,P12,CXCL3,0.0,shap_tree
4,P12,GNL3,0.0,shap_tree
4,P12,ITGA2,0.0,shap_tree
4,P12,LEAP2,0.0,shap_tree
4,P12,SAP30L,0.0,shap_tree
4,P12,CTSB,0.0003477107093203813,shap_tree
4,P12,PHAX,0.0,shap_tree
4,P12,GEM,0.0,shap_tree
4,P12,FBP1,0.00018198727048002183,shap_tree
4,P12,IFI27,0.0,shap_tree
4,P12,ALKBH3,0.0,shap_tree
4,P12,STXBP4,0.0,shap_tree
4,P12,PLD4,0.0,shap_tree
4,P12,ZNF143,0.0,shap_tree
4,P12,WEE1,0.0,shap_tree
4,P12,CLEC4E,0.0,shap_tree
4,P12,ANPEP,0.0,shap_tree
4,P12,C15orf48,0.0,shap_tree
4,P12,MS4A7,0.0,shap_tree
4,P12,EVA1C,0.0,shap_tree
4,P12,FBXO22,0.0,shap_tree
4,P12,POP5,0.0,shap_tree
4,P12,ENTHD2,0.0,shap_tree
4,P12,SPATA33,0.0,shap_tree
4,P12,NFKBID,0.0,shap_tree
4,P12,LAIR2,0.0,shap_tree
4,P12,SRR,0.0,shap_tree
4,P12,VPS37C,0.0,shap_tree
4,P12,BSCL2,0.0,shap_tree
4,P12,NAALADL1,0.0,shap_tree
4,P12,GNG4,0.0,shap_tree
4,P12,SMIM4,0.0,shap_tree
4,P12,SLC20A2,0.0,shap_tree
4,P12,FAM84B,0.0,shap_tree
4,P12,TMEM208,0.0,shap_tree
4,P12,PKIG,0.0,shap_tree
4,P12,THBS3,0.0,shap_tree
4,P12,PTK2,0.0,shap_tree
4,P12,RNASE6,0.0,shap_tree
4,P12,IL8,0.0,shap_tree
4,P12,CLIC3,0.0,shap_tree
4,P12,MT1E,0.0,shap_tree
4,P12,GLB1,2.6904410333372653e-05,shap_tree
4,P12,CD14,0.0,shap_tree
4,P12,MZB1,0.0,shap_tree
4,P12,KBTBD2,0.0,shap_tree
4,P12,LILRA3,0.0,shap_tree
4,P12,RRM2,0.0,shap_tree
4,P12,LGALS9C,0.0,shap_tree
4,P12,ATPAF2,0.0,shap_tree
4,P12,NME6,0.0,shap_tree
4,P12,HINFP,0.0,shap_tree
4,P12,CLEC12A,0.0,shap_tree
4,P12,FUT10,0.0,shap_tree
4,P12,DCP2,0.0,shap_tree
4,P12,SLC2A14,5.929634062340483e-05,shap_tree
4,P12,C1QB,0.0,shap_tree
4,P12,C1QA,0.0,shap_tree
4,P12,OLR1,0.0,shap_tree
4,P12,SLC25A30,0.0,shap_tree
4,P12,UBE2C,0.0,shap_tree
4,P12,PCCA,0.0,shap_tree
4,P12,ATG13,0.0,shap_tree
4,P12,MCTP1,0.0,shap_tree
4,P12,ZNF683,0.0,shap_tree
4,P12,METRNL,0.0,shap_tree
4,P12,CD19,0.0,shap_tree
4,P12,ZBED2,0.0,shap_tree
4,P12,CD163,0.0,shap_tree
4,P12,GEN1,0.0,shap_tree
4,P12,ZFAND2A,0.0,shap_tree
4,P12,THBD,0.0,shap_tree
4,P12,EFCAB13,0.0,shap_tree
4,P12,AURKB,0.0,shap_tree
4,P12,APOBEC3B,0.0,shap_tree
4,P12,CSNK1A1L,0.0,shap_tree
4,P12,CCDC66,0.0,shap_tree
4,P12,ZNF571,0.0,shap_tree
4,P12,ZNF678,0.0,shap_tree
4,P12,CADM1,0.0005345697281882167,shap_tree
4,P12,AP2A2,0.0,shap_tree
4,P12,AFMID,0.0,shap_tree
4,P12,CCDC159,0.0,shap_tree
4,P12,ALYREF,0.0,shap_tree
4,P12,IQGAP3,0.0,shap_tree
4,P12,COA3,0.0,shap_tree
4,P12,LRTOMT,0.0,shap_tree
4,P12,CLECL1,0.0,shap_tree
4,P12,KNTC1,0.0,shap_tree
4,P12,PTP4A3,0.0,shap_tree
4,P12,TMED9,0.0,shap_tree
4,P12,TNFAIP2,0.0,shap_tree
4,P12,IRF7,0.0,shap_tree
4,P12,IFIT1,0.0,shap_tree
4,P12,CD300E,0.0,shap_tree
4,P12,TNFRSF4,0.0,shap_tree
4,P12,TNFRSF18,0.0,shap_tree
4,P12,GPR141,0.0,shap_tree
4,P12,PLCD1,0.0,shap_tree
4,P12,ENTPD5,0.0,shap_tree
4,P12,LILRA5,0.0,shap_tree
4,P12,CMC1,0.0,shap_tree
4,P12,MT1X,0.0,shap_tree
4,P12,MAGEH1,0.0,shap_tree
4,P12,ISG15,0.000561175518669188,shap_tree
4,P12,ARHGAP11B,0.0,shap_tree
4,P12,FAM26F,0.0,shap_tree
4,P12,KIR2DL4,0.0,shap_tree
4,P12,ZNF573,0.0,shap_tree
4,P12,ZNF527,0.0,shap_tree
4,P12,TUBB,0.0,shap_tree
4,P12,ANAPC7,0.0,shap_tree
4,P12,TCF4,0.0,shap_tree
4,P12,ZFP62,0.0,shap_tree
4,P12,NF1,0.0,shap_tree
4,P12,HLA-DQA1,0.001528889057226479,shap_tree
4,P12,SERPINA1,0.0,shap_tree
4,P12,CCL4L2,0.0,shap_tree
4,P12,ZNF165,0.0,shap_tree
4,P12,C5orf42,0.0,shap_tree
4,P12,NMB,0.0,shap_tree
4,P12,PSAP,0.0,shap_tree
4,P12,CFD,0.0,shap_tree
4,P12,ZNF181,0.0,shap_tree
4,P12,HIST1H2BF,0.0,shap_tree
4,P12,FAM212B,0.0,shap_tree
4,P12,ZNF677,0.0,shap_tree
4,P12,MPZL1,0.0,shap_tree
4,P12,FCGR1B,0.0,shap_tree
4,P12,HIBCH,0.0,shap_tree
4,P12,SPRED2,0.0,shap_tree
4,P12,HLA-DRB5,0.002567573683336377,shap_tree
4,P12,CTNND1,0.0,shap_tree
4,P12,SH2D1B,0.0,shap_tree
4,P12,TMEM184B,0.0,shap_tree
4,P12,GK,0.0,shap_tree
4,P12,PRC1,0.0,shap_tree
4,P12,TGM2,0.0,shap_tree
4,P12,FCGR3A,0.0,shap_tree
4,P12,HIST2H2AA4,0.0,shap_tree
4,P12,C10orf128,0.0,shap_tree
4,P12,OXLD1,0.0,shap_tree
4,P12,HLA-DRA,0.001609695260412991,shap_tree
4,P12,NEU1,1.9487517420202494e-05,shap_tree
4,P12,HSPA1B,0.00041848624823614955,shap_tree
4,P12,HSPA1A,0.00015289343718905002,shap_tree
4,P12,MBD5,0.0,shap_tree
4,P12,AIF1,0.0,shap_tree
4,P12,LST1,0.0,shap_tree
4,P12,TCTN1,0.0,shap_tree
4,P12,CCL4L1,0.00388719723559916,shap_tree
4,P12,CCL3L1,0.000742322881706059,shap_tree
4,P12,TREX1,0.0,shap_tree
4,P12,PPM1N,0.0,shap_tree
4,P12,DNASE1,0.0,shap_tree
4,P12,MDP1,0.0,shap_tree
4,P12,MYL5,0.0,shap_tree
4,P12,IFI30,0.00018953582912217826,shap_tree
4,P12,FANCG,0.0,shap_tree
4,P12,HSBP1L1,0.0,shap_tree
4,P12,KIAA0125,0.0,shap_tree
4,P12,ACAD11,0.0,shap_tree
4,P12,KIR2DL3,0.0,shap_tree
4,P12,ZNF585B,0.0,shap_tree
4,P12,INSL3,0.0,shap_tree
4,P12,CHCHD10,0.0,shap_tree
4,P12,ZNF345,0.0,shap_tree
4,P12,CSNK2A3,0.0,shap_tree
4,P12,IGLL5,0.0,shap_tree
4,P12,HIST1H3G,0.0,shap_tree
4,P12,CCL3L3,0.0,shap_tree
4,P12,RP11-96O20.4,0.0,shap_tree
4,P12,AARSD1,0.0,shap_tree
4,P12,AL022328.1,0.0,shap_tree
4,P12,SPIB,0.0,shap_tree
5,P13,FGR,9.97658617052366e-07,shap_tree
5,P13,TMEM176A,8.044676178542431e-06,shap_tree
5,P13,NDUFAF7,0.0,shap_tree
5,P13,FKBP4,4.810594327864237e-05,shap_tree
5,P13,ST7,0.0,shap_tree
5,P13,CCL3,0.006885762792080641,shap_tree
5,P13,CD79B,5.2162733481964096e-05,shap_tree
5,P13,DLEC1,0.0,shap_tree
5,P13,DYRK4,0.0,shap_tree
5,P13,CD9,1.80562274181284e-05,shap_tree
5,P13,PLAUR,0.0,shap_tree
5,P13,TYROBP,0.00022089580306783319,shap_tree
5,P13,CD22,0.00022622841061092913,shap_tree
5,P13,CLDN11,0.0,shap_tree
5,P13,SLC11A1,7.239812839543447e-05,shap_tree
5,P13,MARCO,5.6074379244819283e-05,shap_tree
5,P13,CD74,0.00640273280441761,shap_tree
5,P13,PLEKHB1,0.0,shap_tree
5,P13,ZNF839,0.0,shap_tree
5,P13,NR1H3,0.0,shap_tree
5,P13,AGPAT4,0.0,shap_tree
5,P13,NUP160,0.0,shap_tree
5,P13,GRN,0.00032617844408378005,shap_tree
5,P13,APBA2,3.633735832409002e-05,shap_tree
5,P13,STAP1,0.0,shap_tree
5,P13,METTL1,0.0,shap_tree
5,P13,VCAN,4.00872568206978e-06,shap_tree
5,P13,SPDL1,0.0,shap_tree
5,P13,CAPG,0.0,shap_tree
5,P13,ADAM28,0.0001731891097733751,shap_tree
5,P13,TNFRSF9,3.808617475442588e-05,shap_tree
5,P13,RRP12,0.0,shap_tree
5,P13,TSPAN32,0.0,shap_tree
5,P13,LPAR2,0.0,shap_tree
5,P13,WDR3,0.0,shap_tree
5,P13,ZNRD1,0.0,shap_tree
5,P13,ROGDI,0.0,shap_tree
5,P13,SEL1L,1.4233477259040228e-06,shap_tree
5,P13,MPP5,0.0,shap_tree
5,P13,FCGR2B,3.164144118272816e-06,shap_tree
5,P13,MGLL,0.0,shap_tree
5,P13,BCS1L,0.0,shap_tree
5,P13,TXK,0.0,shap_tree
5,P13,SLC46A1,0.0,shap_tree
5,P13,FAM76B,0.0,shap_tree
5,P13,LAMP3,0.0,shap_tree
5,P13,SLC1A3,7.719540349171439e-07,shap_tree
5,P13,TNS1,1.0927549737971276e-05,shap_tree
5,P13,REXO1,6.9924831223033834e-06,shap_tree
5,P13,HSP90AA1,0.002182143507525325,shap_tree
5,P13,CXCL2,0.0,shap_tree
5,P13,COBLL1,0.0,shap_tree
5,P13,NFE2L1,0.0,shap_tree
5,P13,KAT6A,3.959829700761475e-05,shap_tree
5,P13,ULK2,0.0,shap_tree
5,P13,P2RX5,0.0,shap_tree
5,P13,FCN1,1.1052883564843796e-05,shap_tree
5,P13,ERGIC2,0.0,shap_tree
5,P13,CRLS1,0.0,shap_tree
5,P13,OAS1,0.0009109571692533791,shap_tree
5,P13,LYZ,0.0,shap_tree
5,P13,PABPC4,0.0,shap_tree
5,P13,PUS7,0.0,shap_tree
5,P13,CD200,0.0,shap_tree
5,P13,RNF31,0.0,shap_tree
5,P13,HDAC6,0.0,shap_tree
5,P13,HOOK2,8.491426342516206e-06,shap_tree
5,P13,BLNK,0.0,shap_tree
5,P13,ACOT7,0.0,shap_tree
5,P13,GADD45B,0.00013963640958536416,shap_tree
5,P13,TRMT2A,2.8782817480532685e-06,shap_tree
5,P13,OSM,0.0,shap_tree
5,P13,GGT1,0.0,shap_tree
5,P13,LGALS2,7.928912964416668e-06,shap_tree
5,P13,BIK,0.0,shap_tree
5,P13,HMOX1,4.666252607421484e-06,shap_tree
5,P13,GZMB,0.04267159476876259,shap_tree
5,P13,PRMT5,0.0,shap_tree
5,P13,CDKN3,1.5380392142105848e-06,shap_tree
5,P13,PIGH,0.0,shap_tree
5,P13,TIMM9,0.0,shap_tree
5,P13,LGMN,0.0,shap_tree
5,P13,TCL1A,0.0,shap_tree
5,P13,PLTP,0.0,shap_tree
5,P13,MMP9,0.0,shap_tree
5,P13,PABPC1L,0.0,shap_tree
5,P13,NDUFAF5,0.0,shap_tree
5,P13,CST3,0.0005197828868404031,shap_tree
5,P13,WDR13,0.0,shap_tree
5,P13,SLC25A14,3.3606631859584013e-06,shap_tree
5,P13,FMR1,0.0,shap_tree
5,P13,TIMP1,4.0744864236330613e-05,shap_tree
5,P13,GLA,2.779027227006736e-06,shap_tree
5,P13,KIAA0226L,0.0,shap_tree
5,P13,ACP5,0.0,shap_tree
5,P13,DNAJA3,0.0,shap_tree
5,P13,FAH,0.0,shap_tree
5,P13,DTWD1,0.0,shap_tree
5,P13,GABPB1,0.0,shap_tree
5,P13,DMXL2,0.0,shap_tree
5,P13,GDAP1,0.0,shap_tree
5,P13,ASAH1,0.0,shap_tree
5,P13,SARS2,0.0,shap_tree
5,P13,DOT1L,0.0,shap_tree
5,P13,FCER2,0.0,shap_tree
5,P13,IL4I1,0.0,shap_tree
5,P13,PDCD5,0.0002174897672375664,shap_tree
5,P13,CD79A,0.0040854946710169315,shap_tree
5,P13,LILRB5,0.0,shap_tree
5,P13,ZNF85,0.0,shap_tree
5,P13,PON2,2.5350414944114164e-05,shap_tree
5,P13,DFNA5,0.0,shap_tree
5,P13,CPVL,0.0,shap_tree
5,P13,HSPB1,0.0015124676283448935,shap_tree
5,P13,SNX8,0.0,shap_tree
5,P13,RBM28,0.0,shap_tree
5,P13,TESK1,0.0,shap_tree
5,P13,RASSF4,1.3283863609103719e-06,shap_tree
5,P13,MAPK8,0.0,shap_tree
5,P13,FBXW4,0.0,shap_tree
5,P13,RAD51C,0.0,shap_tree
5,P13,PIGL,3.209887654520571e-05,shap_tree
5,P13,GALK1,0.0,shap_tree
5,P13,CCL2,0.0,shap_tree
5,P13,EZH1,1.9049472257393063e-06,shap_tree
5,P13,TNFAIP1,0.0,shap_tree
5,P13,RAB34,0.0,shap_tree
5,P13,KLHL5,0.0,shap_tree
5,P13,SC5D,0.0,shap_tree
5,P13,CRTAM,0.0,shap_tree
5,P13,MS4A6A,1.7737556845531799e-06,shap_tree
5,P13,MS4A4A,0.0,shap_tree
5,P13,ACCS,1.9572078144847183e-06,shap_tree
5,P13,CD81,9.664243407314643e-05,shap_tree
5,P13,ACAD10,0.0,shap_tree
5,P13,DDX55,0.0,shap_tree
5,P13,IFNG,0.00386730395257473,shap_tree
5,P13,GNPTAB,0.0,shap_tree
5,P13,CLEC4A,0.0,shap_tree
5,P13,CD83,2.433719600958284e-05,shap_tree
5,P13,APBB3,1.1276769328105729e-05,shap_tree
5,P13,TRAPPC13,0.0,shap_tree
5,P13,SMAD5,0.0,shap_tree
5,P13,PFKFB4,0.0,shap_tree
5,P13,C3orf14,0.0,shap_tree
5,P13,CISH,0.0,shap_tree
5,P13,FAHD2A,0.0,shap_tree
5,P13,EPB41L5,0.0,shap_tree
5,P13,FN1,0.0,shap_tree
5,P13,EHBP1,0.0,shap_tree
5,P13,STK25,2.2167429051478393e-05,shap_tree
5,P13,CEP104,0.0,shap_tree
5,P13,AMPD2,0.0,shap_tree
5,P13,GBP1,0.011862952262163162,shap_tree
5,P13,ID3,0.0,shap_tree
5,P13,CR2,0.0,shap_tree
5,P13,CDC20,2.3018563297227956e-05,shap_tree
5,P13,DPH5,0.0,shap_tree
5,P13,RCOR3,0.0,shap_tree
5,P13,STMN1,0.0,shap_tree
5,P13,CD3EAP,0.0,shap_tree
5,P13,CTSD,0.006416517309844494,shap_tree
5,P13,C1orf54,0.0,shap_tree
5,P13,SGK1,0.0,shap_tree
5,P13,SPP1,0.0,shap_tree
5,P13,CSF3R,0.00020594916713889688,shap_tree
5,P13,IFIT3,1.4080380424275063e-05,shap_tree
5,P13,IFIT2,5.134740786161274e-05,shap_tree
5,P13,HSPH1,0.001082338043488562,shap_tree
5,P13,TGFBI,0.0032216175459325314,shap_tree
5,P13,SEC22A,0.0,shap_tree
5,P13,LY9,0.000966821622569114,shap_tree
5,P13,PMS2,0.0,shap_tree
5,P13,PLAU,0.0,shap_tree
5,P13,EGR2,0.0,shap_tree
5,P13,MMP19,0.0,shap_tree
5,P13,NR4A1,0.0007214395445771515,shap_tree
5,P13,TUBA1B,0.000233664337429218,shap_tree
5,P13,METTL8,0.0,shap_tree
5,P13,G0S2,6.142706115497276e-05,shap_tree
5,P13,F13A1,0.0,shap_tree
5,P13,TREM1,2.0905243218294345e-05,shap_tree
5,P13,MT2A,0.06424269825220108,shap_tree
5,P13,GPR18,0.0,shap_tree
5,P13,PTGER2,0.00019363814499229193,shap_tree
5,P13,MSTO1,0.0,shap_tree
5,P13,IL1B,0.0,shap_tree
5,P13,VASP,0.0,shap_tree
5,P13,CCR7,0.03320378065109253,shap_tree
5,P13,IFI6,0.13437001407146454,shap_tree
5,P13,CFP,0.0,shap_tree
5,P13,PLEKHG3,0.0,shap_tree
5,P13,ZNF780B,8.230227649619337e-06,shap_tree
5,P13,VPREB3,0.0,shap_tree
5,P13,APOBEC3A,1.2323072951403446e-05,shap_tree
5,P13,SERGEF,0.0,shap_tree
5,P13,CD68,0.00021582571207545698,shap_tree
5,P13,CCL4,0.0024272564332932234,shap_tree
5,P13,DTD2,0.0,shap_tree
5,P13,PARP2,0.0,shap_tree
5,P13,SAT1,0.0027762337122112513,shap_tree
5,P13,LDLR,6.353205390041694e-05,shap_tree
5,P13,APOE,0.0,shap_tree
5,P13,C6orf203,0.0,shap_tree
5,P13,ANGPTL6,0.0,shap_tree
5,P13,DKC1,0.0,shap_tree
5,P13,ULBP2,0.0,shap_tree
5,P13,ACSS2,0.0,shap_tree
5,P13,ZNF141,0.0,shap_tree
5,P13,NAPSA,0.0,shap_tree
5,P13,NINJ1,7.698500849073753e-05,shap_tree
5,P13,LGALS3,0.004381034057587385,shap_tree
5,P13,FCRLA,0.0,shap_tree
5,P13,SERPINF1,0.0,shap_tree
5,P13,CLEC10A,0.0,shap_tree
5,P13,PRMT7,1.4505434592138045e-05,shap_tree
5,P13,DPH2,0.0,shap_tree
5,P13,MYH10,0.0,shap_tree
5,P13,TBC1D8B,0.0,shap_tree
5,P13,PDZD2,0.0,shap_tree
5,P13,SLC2A11,0.0,shap_tree
5,P13,HSD17B4,0.0,shap_tree
5,P13,CCNB1,0.0,shap_tree
5,P13,KLRC1,9.080367817659862e-06,shap_tree
5,P13,SLC37A2,0.0,shap_tree
5,P13,APC,0.0,shap_tree
5,P13,NREP,0.0,shap_tree
5,P13,CTSL,0.0,shap_tree
5,P13,CD36,1.2021250768157188e-05,shap_tree
5,P13,TROAP,0.0,shap_tree
5,P13,COQ10A,0.0,shap_tree
5,P13,GLUL,9.048004358191974e-06,shap_tree
5,P13,CKAP4,2.5722178179421462e-05,shap_tree
5,P13,GPNMB,0.0,shap_tree
5,P13,IL1RN,6.850810314062983e-05,shap_tree
5,P13,TXN,0.005505205597728491,shap_tree
5,P13,IER3,0.0,shap_tree
5,P13,SLCO2B1,0.0,shap_tree
5,P13,RNF121,0.0,shap_tree
5,P13,IFI44L,0.003177700098603964,shap_tree
5,P13,IFI44,0.0,shap_tree
5,P13,CENPO,0.0,shap_tree
5,P13,DNAJC13,1.7263997506233864e-05,shap_tree
5,P13,CARF,0.0,shap_tree
5,P13,TMOD3,0.0,shap_tree
5,P13,SPPL2A,2.7835698347189464e-05,shap_tree
5,P13,ARHGAP24,4.840219480684027e-05,shap_tree
5,P13,LEF1,0.0,shap_tree
5,P13,C1RL,0.0,shap_tree
5,P13,CLSTN3,4.538334451353876e-06,shap_tree
5,P13,GPR84,0.0,shap_tree
5,P13,WARS,0.054746150970458984,shap_tree
5,P13,SLC12A6,0.0,shap_tree
5,P13,BCL2A1,0.0,shap_tree
5,P13,HMG20A,0.0,shap_tree
5,P13,NEIL1,0.0,shap_tree
5,P13,DNAJA4,1.3700826457352377e-05,shap_tree
5,P13,IGF1R,0.0,shap_tree
5,P13,IRF8,0.0012140595354139805,shap_tree
5,P13,SCRN2,2.7460260753287002e-05,shap_tree
5,P13,PELP1,0.0,shap_tree
5,P13,TP53,3.6287550756242126e-05,shap_tree
5,P13,TBCD,0.00013250582560431212,shap_tree
5,P13,ZFP14,0.0,shap_tree
5,P13,IFITM3,0.002896691672503948,shap_tree
5,P13,MAP3K6,0.0,shap_tree
5,P13,GPN2,0.0,shap_tree
5,P13,XCL1,0.00020784371008630842,shap_tree
5,P13,XCL2,0.0003495668061077595,shap_tree
5,P13,FCGR2A,2.9478837859642226e-06,shap_tree
5,P13,RRNAD1,0.0,shap_tree
5,P13,LYPLAL1,0.0,shap_tree
5,P13,CTSK,0.0,shap_tree
5,P13,TAF1A,0.0,shap_tree
5,P13,S100A8,0.0,shap_tree
5,P13,SLC27A3,0.0,shap_tree
5,P13,SFXN5,0.0,shap_tree
5,P13,AFF3,0.0,shap_tree
5,P13,EAF2,0.0,shap_tree
5,P13,PLAC8,0.0003805467567872256,shap_tree
5,P13,SSBP2,5.37783989784657e-06,shap_tree
5,P13,PLIN2,0.0004086133267264813,shap_tree
5,P13,GSN,0.0,shap_tree
5,P13,TMEM138,0.0,shap_tree
5,P13,FADS1,0.0,shap_tree
5,P13,FCGR1A,0.0,shap_tree
5,P13,PRSS23,0.0,shap_tree
5,P13,CACNA2D4,0.0,shap_tree
5,P13,PTPRO,0.0,shap_tree
5,P13,ANKAR,0.0,shap_tree
5,P13,BAG3,0.00026140024419873953,shap_tree
5,P13,FARP1,0.0,shap_tree
5,P13,HHEX,0.0,shap_tree
5,P13,PTPRK,0.0,shap_tree
5,P13,BANK1,0.00020197384583298117,shap_tree
5,P13,DAB2,0.0,shap_tree
5,P13,NEIL2,0.0,shap_tree
5,P13,OBSCN,0.0,shap_tree
5,P13,LY96,0.0,shap_tree
5,P13,PPP4R1,0.0,shap_tree
5,P13,VSIG4,0.0,shap_tree
5,P13,NDUFAF6,0.0,shap_tree
5,P13,ADAMTSL3,0.0,shap_tree
5,P13,CXCL13,0.0001077884589903988,shap_tree
5,P13,FAM122B,0.0,shap_tree
5,P13,MS4A1,0.024679338559508324,shap_tree
5,P13,WDYHV1,0.0,shap_tree
5,P13,MALSU1,8.458616321149748e-06,shap_tree
5,P13,B3GNT7,1.672364851401653e-05,shap_tree
5,P13,CCNB2,6.524478976643877e-06,shap_tree
5,P13,C2CD2,0.0,shap_tree
5,P13,SLC37A3,0.0,shap_tree
5,P13,FAIM,0.0,shap_tree
5,P13,RNF207,0.0,shap_tree
5,P13,AHCYL2,0.0,shap_tree
5,P13,FCER1G,0.0009455073741264641,shap_tree
5,P13,C1QC,0.0,shap_tree
5,P13,TMPRSS3,0.0,shap_tree
5,P13,LMNA,0.0006398292607627809,shap_tree
5,P13,GRASP,0.0,shap_tree
5,P13,CLPB,0.0,shap_tree
5,P13,C1orf123,0.0,shap_tree
5,P13,VCAM1,0.003928045742213726,shap_tree
5,P13,NLRP3,0.0,shap_tree
5,P13,FCGR3B,0.00020833732560276985,shap_tree
5,P13,ATF3,0.0006573369610123336,shap_tree
5,P13,CTSS,2.387812673987355e-05,shap_tree
5,P13,S100A9,1.4291337720351294e-05,shap_tree
5,P13,ANKZF1,0.0,shap_tree
5,P13,FCRL1,3.291914617875591e-05,shap_tree
5,P13,EIF5A2,0.0,shap_tree
5,P13,SMIM14,0.0,shap_tree
5,P13,CXCL3,0.0,shap_tree
5,P13,RCHY1,0.0,shap_tree
5,P13,GNL3,6.18055637460202e-05,shap_tree
5,P13,SLC9B2,0.0,shap_tree
5,P13,LEAP2,0.0,shap_tree
5,P13,CTSB,0.0015314779011532664,shap_tree
5,P13,LETM2,5.300157226884039e-06,shap_tree
5,P13,FBP1,0.00023127255553845316,shap_tree
5,P13,DPCD,0.0,shap_tree
5,P13,ARIH1,0.0,shap_tree
5,P13,FAM227B,0.0,shap_tree
5,P13,STXBP4,0.0,shap_tree
5,P13,TAF10,2.5368784918100573e-05,shap_tree
5,P13,PLD4,0.0,shap_tree
5,P13,CLEC4E,0.0,shap_tree
5,P13,CATSPER2,0.0,shap_tree
5,P13,ANPEP,0.0,shap_tree
5,P13,PLK1,0.0,shap_tree
5,P13,XRCC6BP1,0.0,shap_tree
5,P13,C15orf48,0.0,shap_tree
5,P13,MS4A7,0.0,shap_tree
5,P13,MEI1,0.0,shap_tree
5,P13,GNGT2,0.0,shap_tree
5,P13,POP5,0.0,shap_tree
5,P13,TRIM68,0.0,shap_tree
5,P13,NFKBID,1.3988727005198598e-05,shap_tree
5,P13,LAIR2,0.0,shap_tree
5,P13,CHAF1A,0.0,shap_tree
5,P13,SRR,0.0,shap_tree
5,P13,ECI1,0.0,shap_tree
5,P13,VPS37C,0.0,shap_tree
5,P13,BSCL2,1.3799707403450157e-06,shap_tree
5,P13,BMI1,0.0,shap_tree
5,P13,CX3CR1,0.0006576231098733842,shap_tree
5,P13,SLC20A2,0.0,shap_tree
5,P13,TMEM208,0.0,shap_tree
5,P13,PKIG,0.0,shap_tree
5,P13,CCDC126,0.0,shap_tree
5,P13,PTK2,0.0,shap_tree
5,P13,IL8,0.0,shap_tree
5,P13,GPR183,0.0032617992255836725,shap_tree
5,P13,CLIC3,0.0001367459335597232,shap_tree
5,P13,MT1E,8.773149602347985e-05,shap_tree
5,P13,CD14,2.3021326342131943e-05,shap_tree
5,P13,LILRA3,1.1974068911513314e-05,shap_tree
5,P13,ZNF561,0.0,shap_tree
5,P13,HDAC3,0.0,shap_tree
5,P13,RRM2,0.0,shap_tree
5,P13,ATPAF2,0.0,shap_tree
5,P13,HINFP,0.0,shap_tree
5,P13,CLEC12A,6.831584869360086e-06,shap_tree
5,P13,ZNF621,0.0,shap_tree
5,P13,HSPA6,0.0,shap_tree
5,P13,C1QB,0.0,shap_tree
5,P13,C1QA,0.0,shap_tree
5,P13,OLR1,0.0,shap_tree
5,P13,DAG1,0.0,shap_tree
5,P13,SLC25A30,0.0,shap_tree
5,P13,PACS1,0.0,shap_tree
5,P13,ATG13,0.0,shap_tree
5,P13,MCTP1,0.0,shap_tree
5,P13,METRNL,9.568111272528768e-05,shap_tree
5,P13,SLC38A9,0.0,shap_tree
5,P13,CD19,0.0011519738472998142,shap_tree
5,P13,CD163,0.0,shap_tree
5,P13,BOLA1,0.0,shap_tree
5,P13,THBD,0.0001834573777159676,shap_tree
5,P13,CTC1,0.0,shap_tree
5,P13,APOBEC3B,0.0001493346644565463,shap_tree
5,P13,CSNK1A1L,0.0,shap_tree
5,P13,HIST1H2BC,0.0,shap_tree
5,P13,S1PR5,1.2926731869811192e-05,shap_tree
5,P13,FCRL6,0.0,shap_tree
5,P13,ZNF707,0.0,shap_tree
5,P13,UBA7,0.0002378276694798842,shap_tree
5,P13,CADM1,2.9710006856475957e-05,shap_tree
5,P13,AFMID,0.0,shap_tree
5,P13,CEP57L1,0.0,shap_tree
5,P13,CCDC159,7.512248703278601e-05,shap_tree
5,P13,TREX2,0.0,shap_tree
5,P13,DGCR6,0.0,shap_tree
5,P13,ALYREF,0.0,shap_tree
5,P13,IQGAP3,0.0,shap_tree
5,P13,COA3,0.0,shap_tree
5,P13,KNTC1,0.0,shap_tree
5,P13,TMED9,9.768021845957264e-05,shap_tree
5,P13,TNFAIP2,0.0,shap_tree
5,P13,IRF7,2.389981636952143e-05,shap_tree
5,P13,PTCH1,0.0,shap_tree
5,P13,NUDT17,0.0,shap_tree
5,P13,CD300E,0.0,shap_tree
5,P13,TNFRSF4,0.0002950344351120293,shap_tree
5,P13,PLCD1,1.7896643839776516e-05,shap_tree
5,P13,LILRA5,0.0,shap_tree
5,P13,CMC1,0.0,shap_tree
5,P13,MT1X,0.0,shap_tree
5,P13,ISG15,0.0106381606310606,shap_tree
5,P13,HIST1H2BG,0.0,shap_tree
5,P13,TPRG1,0.0,shap_tree
5,P13,FAM26F,7.847891538403928e-06,shap_tree
5,P13,FBF1,0.0,shap_tree
5,P13,KIR2DL4,0.0,shap_tree
5,P13,TUBB,0.00043667395948432386,shap_tree
5,P13,ZFP62,9.573306670063175e-06,shap_tree
5,P13,HLA-DQA1,0.0006052140379324555,shap_tree
5,P13,SULT1A2,0.0,shap_tree
5,P13,HIST1H4J,0.0,shap_tree
5,P13,SERPINA1,0.0,shap_tree
5,P13,CCL4L2,0.001551326597109437,shap_tree
5,P13,ZNF165,0.0,shap_tree
5,P13,C5orf42,0.0,shap_tree
5,P13,PSAP,9.349679748993367e-05,shap_tree
5,P13,CFD,6.817192115704529e-06,shap_tree
5,P13,MPZL1,0.0,shap_tree
5,P13,FCGR1B,0.0,shap_tree
5,P13,HIBCH,1.1066492334066425e-05,shap_tree
5,P13,SPRED2,0.0,shap_tree
5,P13,HLA-DRB5,0.01466565765440464,shap_tree
5,P13,HIST1H4E,0.0,shap_tree
5,P13,TTC37,0.0,shap_tree
5,P13,FAM169A,0.0,shap_tree
5,P13,GK,0.00034249998861923814,shap_tree
5,P13,PRC1,0.0,shap_tree
5,P13,TGM2,0.0,shap_tree
5,P13,ZNF525,0.0,shap_tree
5,P13,FCGR3A,0.0008182587334886193,shap_tree
5,P13,HIST2H2AA4,0.0013469060650095344,shap_tree
5,P13,OXLD1,0.0,shap_tree
5,P13,HLA-DRA,0.013961085118353367,shap_tree
5,P13,HSPA1B,0.002510665450245142,shap_tree
5,P13,HSPA1A,0.005857803858816624,shap_tree
5,P13,AIF1,0.0,shap_tree
5,P13,LST1,0.0,shap_tree
5,P13,TCTN1,0.0,shap_tree
5,P13,CCL4L1,0.033871643245220184,shap_tree
5,P13,CCL3L1,0.0001480528007959947,shap_tree
5,P13,CPT1B,0.0,shap_tree
5,P13,ITSN1,0.0,shap_tree
5,P13,KLRC2,0.0,shap_tree
5,P13,RAB12,0.0,shap_tree
5,P13,AL590867.1,4.2544834286672994e-06,shap_tree
5,P13,TREX1,0.0,shap_tree
5,P13,ITGA1,0.00017315153672825545,shap_tree
5,P13,MYL5,0.0,shap_tree
5,P13,IFI30,0.0007083984091877937,shap_tree
5,P13,FANCG,0.0,shap_tree
5,P13,SLC26A6,1.9173823602613993e-05,shap_tree
5,P13,HSBP1L1,0.0,shap_tree
5,P13,PGAM4,0.0,shap_tree
5,P13,LTA,0.0,shap_tree
5,P13,ZNF717,0.0,shap_tree
5,P13,LTB,0.00025430042296648026,shap_tree
5,P13,LILRA4,0.0,shap_tree
5,P13,PPIL3,1.363363367090642e-06,shap_tree
5,P13,HLA-DOB,0.0,shap_tree
5,P13,INSL3,0.0,shap_tree
5,P13,CHCHD10,0.0,shap_tree
5,P13,ZNF674,0.0,shap_tree
5,P13,ZNF345,0.0,shap_tree
5,P13,IGLL5,0.0,shap_tree
5,P13,HIST1H3G,0.0,shap_tree
5,P13,CCL3L3,5.102100840304047e-05,shap_tree
5,P13,CEP95,0.0,shap_tree
5,P13,RP11-96O20.4,0.0,shap_tree
5,P13,MYO15B,9.520977073407266e-06,shap_tree
5,P13,AL161784.1,0.0,shap_tree
5,P13,AC018867.2,0.0,shap_tree
5,P13,SPIB,0.0,shap_tree
6,P14,FGR,2.9675923087779665e-06,shap_tree
6,P14,TMEM176A,0.0,shap_tree
6,P14,FKBP4,4.086392800672911e-05,shap_tree
6,P14,CCL3,0.025259705260396004,shap_tree
6,P14,CD79B,0.0006486847996711731,shap_tree
6,P14,DLEC1,9.407111065229401e-06,shap_tree
6,P14,PKD1,0.0,shap_tree
6,P14,DYRK4,0.0,shap_tree
6,P14,CD9,0.00010281070717610419,shap_tree
6,P14,AKAP8L,0.0,shap_tree
6,P14,PLAUR,0.0,shap_tree
6,P14,TYROBP,0.0015473036328330636,shap_tree
6,P14,CD22,0.0,shap_tree
6,P14,SLC11A1,0.0,shap_tree
6,P14,MARCO,0.0,shap_tree
6,P14,CD74,0.015357092022895813,shap_tree
6,P14,PLEKHB1,0.0,shap_tree
6,P14,NR1H3,0.0,shap_tree
6,P14,NUP160,1.3513064004655462e-05,shap_tree
6,P14,METTL1,0.0,shap_tree
6,P14,VCAN,0.0,shap_tree
6,P14,SPDL1,5.542423878068803e-06,shap_tree
6,P14,ADAM28,5.491740375873633e-05,shap_tree
6,P14,TNFRSF9,2.660158133949153e-05,shap_tree
6,P14,SLC4A8,0.0,shap_tree
6,P14,SIKE1,0.0,shap_tree
6,P14,QSER1,0.0,shap_tree
6,P14,ST3GAL6,0.0,shap_tree
6,P14,WDR3,0.0,shap_tree
6,P14,ADAT1,0.0,shap_tree
6,P14,ZNRD1,4.5696277084061876e-05,shap_tree
6,P14,METTL22,0.0,shap_tree
6,P14,ROGDI,0.0,shap_tree
6,P14,SEL1L,0.0,shap_tree
6,P14,EPN2,0.0,shap_tree
6,P14,TFRC,0.0,shap_tree
6,P14,MPP5,0.0,shap_tree
6,P14,FCGR2B,0.0,shap_tree
6,P14,NLE1,0.0,shap_tree
6,P14,MAP3K13,0.0,shap_tree
6,P14,GTF3C1,1.5036258446343709e-05,shap_tree
6,P14,FAM76B,0.0,shap_tree
6,P14,PIK3C3,8.439429802820086e-05,shap_tree
6,P14,SLC1A3,0.0,shap_tree
6,P14,TNS1,1.1690687642840203e-05,shap_tree
6,P14,CEACAM1,0.0,shap_tree
6,P14,OPHN1,0.0,shap_tree
6,P14,HSP90AA1,0.002806609496474266,shap_tree
6,P14,CXCL2,2.615390030769049e-06,shap_tree
6,P14,ERC1,0.0,shap_tree
6,P14,KAT6A,9.536844299873337e-05,shap_tree
6,P14,P2RX5,0.0,shap_tree
6,P14,FCN1,1.181479910883354e-05,shap_tree
6,P14,ERGIC2,0.0,shap_tree
6,P14,OAS1,0.0008648722432553768,shap_tree
6,P14,LYZ,0.0,shap_tree
6,P14,ZNF268,0.0,shap_tree
6,P14,PUS7,0.0,shap_tree
6,P14,CD200,1.9820254237856716e-05,shap_tree
6,P14,RNF31,0.0,shap_tree
6,P14,CAPN3,0.0,shap_tree
6,P14,HDAC6,0.0,shap_tree
6,P14,ACOT7,0.0,shap_tree
6,P14,GADD45B,0.00029664102476090193,shap_tree
6,P14,TRMT2A,0.0,shap_tree
6,P14,GGT1,1.3756921362073626e-05,shap_tree
6,P14,LGALS2,0.000381012650905177,shap_tree
6,P14,BIK,0.0,shap_tree
6,P14,HMOX1,0.0,shap_tree
6,P14,AP4S1,0.0,shap_tree
6,P14,CDKN3,0.0,shap_tree
6,P14,LGMN,0.0,shap_tree
6,P14,TCL1A,0.0,shap_tree
6,P14,PLTP,0.0,shap_tree
6,P14,MMP9,0.0,shap_tree
6,P14,PABPC1L,0.0,shap_tree
6,P14,NDUFAF5,0.0,shap_tree
6,P14,CDK5RAP1,0.0,shap_tree
6,P14,CST3,0.00348154385574162,shap_tree
6,P14,ALG13,4.144536069361493e-05,shap_tree
6,P14,MOSPD1,0.0,shap_tree
6,P14,WDR13,0.0,shap_tree
6,P14,FMR1,0.0,shap_tree
6,P14,TIMP1,1.9730630810954608e-05,shap_tree
6,P14,GLA,2.3298054657061584e-05,shap_tree
6,P14,KIAA0226L,0.00011472483311081305,shap_tree
6,P14,ACP5,0.0,shap_tree
6,P14,RGCC,1.806615910027176e-05,shap_tree
6,P14,DNAJA3,0.0,shap_tree
6,P14,FAH,0.0,shap_tree
6,P14,GABPB1,0.0,shap_tree
6,P14,NIPAL2,0.0,shap_tree
6,P14,PPP2CB,0.0,shap_tree
6,P14,SARS2,0.0,shap_tree
6,P14,FCER2,0.0,shap_tree
6,P14,IL4I1,0.0,shap_tree
6,P14,PDCD5,0.00025495648151263595,shap_tree
6,P14,EBI3,0.0,shap_tree
6,P14,CD79A,0.00013267798931337893,shap_tree
6,P14,LILRB5,0.0,shap_tree
6,P14,MPP6,0.0,shap_tree
6,P14,DFNA5,0.0,shap_tree
6,P14,CPVL,2.3281458197743632e-05,shap_tree
6,P14,ABHD11,0.0,shap_tree
6,P14,EPHB6,0.0,shap_tree
6,P14,HSPB1,0.006131891626864672,shap_tree
6,P14,SNX8,2.6798570615937933e-05,shap_tree
6,P14,RBM28,0.0,shap_tree
6,P14,TMEM176B,7.104663382051513e-06,shap_tree
6,P14,RASSF4,0.0,shap_tree
6,P14,ARHGAP21,0.0,shap_tree
6,P14,RAD51C,0.0,shap_tree
6,P14,TUBD1,4.482377698877826e-05,shap_tree
6,P14,RECQL5,0.0,shap_tree
6,P14,GALK1,0.0,shap_tree
6,P14,NUP88,0.0,shap_tree
6,P14,CCL2,0.0,shap_tree
6,P14,KAT2A,0.0,shap_tree
6,P14,TNFAIP1,0.0,shap_tree
6,P14,TMEM97,0.0,shap_tree
6,P14,RAB34,0.0,shap_tree
6,P14,SLC2A9,0.0,shap_tree
6,P14,SC5D,3.711920362547971e-05,shap_tree
6,P14,CRTAM,0.0,shap_tree
6,P14,VWA5A,0.0,shap_tree
6,P14,MS4A6A,1.0228882274532225e-05,shap_tree
6,P14,MS4A4A,0.0,shap_tree
6,P14,ACCS,3.8531612517545e-05,shap_tree
6,P14,CD81,0.0,shap_tree
6,P14,PRR4,0.0,shap_tree
6,P14,ACAD10,0.0,shap_tree
6,P14,GTF2H3,0.0,shap_tree
6,P14,DDX55,0.0,shap_tree
6,P14,IFNG,0.004820593167096376,shap_tree
6,P14,CLEC4A,0.0,shap_tree
6,P14,ADTRP,0.0,shap_tree
6,P14,CD83,0.0005403351970016956,shap_tree
6,P14,APBB3,0.0,shap_tree
6,P14,C3orf14,0.0,shap_tree
6,P14,CISH,0.0,shap_tree
6,P14,DNAJC27,2.3361597413895652e-05,shap_tree
6,P14,GTF3C2,0.0,shap_tree
6,P14,FN1,0.0,shap_tree
6,P14,EPHA4,3.7984624214004725e-05,shap_tree
6,P14,AMPD2,1.8972341422340833e-05,shap_tree
6,P14,MECR,0.0,shap_tree
6,P14,TTF2,0.0,shap_tree
6,P14,GBP1,0.019358575344085693,shap_tree
6,P14,ID3,1.5724148170193075e-06,shap_tree
6,P14,CDC20,0.0,shap_tree
6,P14,RCOR3,0.0,shap_tree
6,P14,STMN1,0.00012272167077753693,shap_tree
6,P14,CTSD,0.008187098428606987,shap_tree
6,P14,LRMP,1.3988375258122687e-06,shap_tree
6,P14,ARMC2,3.0902799608156784e-06,shap_tree
6,P14,SPP1,0.0,shap_tree
6,P14,C2orf43,0.0,shap_tree
6,P14,FAM206A,0.0,shap_tree
6,P14,CSF3R,0.0009124184725806117,shap_tree
6,P14,NPC2,0.0004084339889232069,shap_tree
6,P14,COQ6,0.0,shap_tree
6,P14,IFIT3,6.156376184662804e-05,shap_tree
6,P14,IFIT2,8.134329254971817e-05,shap_tree
6,P14,HSPH1,0.002987155457958579,shap_tree
6,P14,TGFBI,0.013672677800059319,shap_tree
6,P14,EGR1,0.00044881069334223866,shap_tree
6,P14,SEC22A,0.0,shap_tree
6,P14,LY9,0.003615612629801035,shap_tree
6,P14,PLAU,0.0,shap_tree
6,P14,MMP19,0.0,shap_tree
6,P14,TUBA1B,0.00042974160169251263,shap_tree
6,P14,METTL8,0.0,shap_tree
6,P14,G0S2,0.00018581433687359095,shap_tree
6,P14,F13A1,0.0,shap_tree
6,P14,TREM1,0.0,shap_tree
6,P14,MT2A,0.0930449366569519,shap_tree
6,P14,CLYBL,0.0,shap_tree
6,P14,PTGER2,0.001113810809329152,shap_tree
6,P14,IL1B,0.0,shap_tree
6,P14,VASP,0.0,shap_tree
6,P14,GZF1,0.0,shap_tree
6,P14,CCR7,0.060376960784196854,shap_tree
6,P14,NSRP1,0.0,shap_tree
6,P14,IFI6,0.1816679984331131,shap_tree
6,P14,CFP,0.0,shap_tree
6,P14,L3HYPDH,0.0,shap_tree
6,P14,PLEKHG3,0.0,shap_tree
6,P14,VPREB3,0.0,shap_tree
6,P14,ARHGAP22,0.0,shap_tree
6,P14,SERGEF,0.0,shap_tree
6,P14,CD68,2.918295285780914e-05,shap_tree
6,P14,CCL4,0.00520586222410202,shap_tree
6,P14,ERMARD,0.0,shap_tree
6,P14,SAT1,0.011213244870305061,shap_tree
6,P14,APOE,0.0,shap_tree
6,P14,APOC1,0.0,shap_tree
6,P14,TRPM4,0.0,shap_tree
6,P14,ULBP2,0.0,shap_tree
6,P14,ACSS2,0.0,shap_tree
6,P14,NAPSA,0.0,shap_tree
6,P14,ACAP3,0.0,shap_tree
6,P14,NINJ1,8.242815238190815e-05,shap_tree
6,P14,LGALS3,0.002849105978384614,shap_tree
6,P14,FCRLA,0.0,shap_tree
6,P14,SERPINF1,4.148407242610119e-05,shap_tree
6,P14,IGJ,8.43613815959543e-05,shap_tree
6,P14,DPH2,1.5295286175387446e-06,shap_tree
6,P14,MUTYH,0.0,shap_tree
6,P14,TBC1D8B,0.0,shap_tree
6,P14,SLC2A11,0.0,shap_tree
6,P14,KRBA1,0.0,shap_tree
6,P14,E2F5,0.0,shap_tree
6,P14,RSAD2,0.0001319242437602952,shap_tree
6,P14,SLC37A2,0.0,shap_tree
6,P14,APC,0.0,shap_tree
6,P14,NREP,0.0,shap_tree
6,P14,ANXA1,0.001090451842173934,shap_tree
6,P14,CTSL,0.0001256173272849992,shap_tree
6,P14,CD36,0.0,shap_tree
6,P14,HILPDA,0.0,shap_tree
6,P14,TROAP,0.0,shap_tree
6,P14,GLUL,0.0003478876024018973,shap_tree
6,P14,IL10,1.7743301214068197e-05,shap_tree
6,P14,IL1RN,0.0,shap_tree
6,P14,TXN,0.019833311438560486,shap_tree
6,P14,CD72,0.0,shap_tree
6,P14,IRF4,6.086704524932429e-05,shap_tree
6,P14,IER3,0.0,shap_tree
6,P14,SLCO2B1,0.0,shap_tree
6,P14,C11orf1,0.0,shap_tree
6,P14,IFI44,4.085573527845554e-05,shap_tree
6,P14,CENPO,0.0,shap_tree
6,P14,DNAJC13,5.151471486897208e-05,shap_tree
6,P14,ITGAV,0.0,shap_tree
6,P14,SPPL2A,0.0,shap_tree
6,P14,ARHGAP24,0.00034531462006270885,shap_tree
6,P14,LEF1,7.191304757725447e-05,shap_tree
6,P14,CLSTN3,7.695370732108131e-05,shap_tree
6,P14,GPR84,0.0,shap_tree
6,P14,WARS,0.07780085504055023,shap_tree
6,P14,SLC12A6,0.0,shap_tree
6,P14,TCF12,0.0002580989385023713,shap_tree
6,P14,HMG20A,0.0,shap_tree
6,P14,TPM1,0.0,shap_tree
6,P14,BBS4,0.0,shap_tree
6,P14,MFGE8,0.0,shap_tree
6,P14,IRF8,0.0002496642991900444,shap_tree
6,P14,TP53,4.730123691842891e-06,shap_tree
6,P14,IFITM3,0.00883102510124445,shap_tree
6,P14,SLC2A5,0.0,shap_tree
6,P14,MAP3K6,1.8166574591305107e-05,shap_tree
6,P14,GPN2,0.0,shap_tree
6,P14,ADC,0.0,shap_tree
6,P14,XCL1,0.0004186209989711642,shap_tree
6,P14,FCGR2A,0.0,shap_tree
6,P14,FCRL5,0.0,shap_tree
6,P14,CTSK,0.0,shap_tree
6,P14,TAF1A,0.0,shap_tree
6,P14,S100A8,5.3009566727268975e-06,shap_tree
6,P14,SLC27A3,0.0,shap_tree
6,P14,EXOC6B,0.0,shap_tree
6,P14,AFF3,0.0,shap_tree
6,P14,FANCD2,9.56407529884018e-05,shap_tree
6,P14,AMT,0.0,shap_tree
6,P14,PLAC8,0.0002296716411365196,shap_tree
6,P14,CXorf57,0.0,shap_tree
6,P14,PLIN2,0.001233767019584775,shap_tree
6,P14,GSN,0.0003240778169129044,shap_tree
6,P14,PDCD11,0.0,shap_tree
6,P14,TMEM138,0.0,shap_tree
6,P14,FADS1,0.0,shap_tree
6,P14,FCGR1A,0.0,shap_tree
6,P14,TMCO3,0.0,shap_tree
6,P14,RGS18,0.0,shap_tree
6,P14,PRSS23,0.0,shap_tree
6,P14,CACNA2D4,0.0,shap_tree
6,P14,ANK3,0.0,shap_tree
6,P14,CENPJ,0.0,shap_tree
6,P14,BAG3,0.0007625494617968798,shap_tree
6,P14,RASGRP3,0.0,shap_tree
6,P14,FARP1,0.0,shap_tree
6,P14,PTPRK,0.0,shap_tree
6,P14,BANK1,5.7877437939168885e-05,shap_tree
6,P14,DAB2,0.0,shap_tree
6,P14,OBSCN,0.0,shap_tree
6,P14,LY96,0.0,shap_tree
6,P14,PPP4R1,0.0,shap_tree
6,P14,VSIG4,0.0,shap_tree
6,P14,NDUFAF6,0.0,shap_tree
6,P14,ADAMTSL3,0.0,shap_tree
6,P14,CXCL13,0.00019901379710063338,shap_tree
6,P14,FAM122B,0.0,shap_tree
6,P14,MS4A1,0.006038539577275515,shap_tree
6,P14,GALK2,0.0,shap_tree
6,P14,B3GNT7,0.0,shap_tree
6,P14,CCNB2,0.0,shap_tree
6,P14,MYO1E,0.0,shap_tree
6,P14,C9orf91,0.0,shap_tree
6,P14,SLC37A3,0.0,shap_tree
6,P14,FAIM,0.0,shap_tree
6,P14,HIST1H2BD,0.0,shap_tree
6,P14,CD1C,0.0,shap_tree
6,P14,NCF1,0.0,shap_tree
6,P14,FCER1G,0.0017605359898880124,shap_tree
6,P14,HLCS,0.0,shap_tree
6,P14,SPON2,0.0,shap_tree
6,P14,TMPRSS3,0.0,shap_tree
6,P14,LMNA,0.0007775075500831008,shap_tree
6,P14,PLXDC1,1.9303313820273615e-05,shap_tree
6,P14,WDR90,0.0,shap_tree
6,P14,PAQR4,1.7812599253375083e-05,shap_tree
6,P14,CYB561A3,0.0,shap_tree
6,P14,C1orf123,0.0,shap_tree
6,P14,VCAM1,0.009771307930350304,shap_tree
6,P14,FCGR3B,0.001374326180666685,shap_tree
6,P14,ATF3,0.001852725981734693,shap_tree
6,P14,CTSS,8.650656673125923e-05,shap_tree
6,P14,S100A9,0.0002445622521918267,shap_tree
6,P14,FCRL1,2.126368781318888e-05,shap_tree
6,P14,EIF5A2,0.0,shap_tree
6,P14,SMIM14,0.0,shap_tree
6,P14,ABHD6,2.7965121262241155e-05,shap_tree
6,P14,CXCL3,0.0,shap_tree
6,P14,RCHY1,0.0,shap_tree
6,P14,BAP1,0.0,shap_tree
6,P14,GNL3,3.866567112709163e-06,shap_tree
6,P14,PIGX,0.0,shap_tree
6,P14,PGRMC2,0.0,shap_tree
6,P14,CTSB,0.003869973821565509,shap_tree
6,P14,GEM,8.642085958854295e-06,shap_tree
6,P14,FBP1,0.0005487421294674277,shap_tree
6,P14,IFI27,0.0,shap_tree
6,P14,DPCD,0.0,shap_tree
6,P14,ARIH1,1.3895582924305927e-05,shap_tree
6,P14,FAM227B,0.0,shap_tree
6,P14,STXBP4,0.0,shap_tree
6,P14,TAF10,0.0,shap_tree
6,P14,WEE1,0.0,shap_tree
6,P14,CLEC4E,0.0,shap_tree
6,P14,CATSPER2,0.0,shap_tree
6,P14,ANPEP,8.270212856587023e-05,shap_tree
6,P14,C15orf48,0.0,shap_tree
6,P14,MS4A7,0.0,shap_tree
6,P14,DIS3L,0.0,shap_tree
6,P14,GNGT2,0.0,shap_tree
6,P14,ACSF2,0.0,shap_tree
6,P14,FBXO22,0.0,shap_tree
6,P14,POP5,0.0,shap_tree
6,P14,SGK494,0.0,shap_tree
6,P14,NFKBID,7.353333057835698e-05,shap_tree
6,P14,CHAF1A,0.0,shap_tree
6,P14,ZNF558,0.0,shap_tree
6,P14,ECI1,0.0,shap_tree
6,P14,VPS37C,0.0,shap_tree
6,P14,BSCL2,0.0,shap_tree
6,P14,TRANK1,0.0,shap_tree
6,P14,CX3CR1,0.0012269590515643358,shap_tree
6,P14,LDLRAD4,0.0003507313958834857,shap_tree
6,P14,TMEM208,0.0,shap_tree
6,P14,PKIG,0.0,shap_tree
6,P14,CCDC126,0.0,shap_tree
6,P14,PTK2,0.0,shap_tree
6,P14,RNASE6,0.0,shap_tree
6,P14,IL8,0.0,shap_tree
6,P14,GPR183,0.0045643458142876625,shap_tree
6,P14,CLIC3,0.005027374718338251,shap_tree
6,P14,LRRC45,0.0,shap_tree
6,P14,MT1E,0.00019095301104243845,shap_tree
6,P14,DUS1L,0.0,shap_tree
6,P14,GLB1,0.00040043509216047823,shap_tree
6,P14,CD14,0.0,shap_tree
6,P14,DNAJC18,0.0,shap_tree
6,P14,LILRA3,1.0100478903041221e-05,shap_tree
6,P14,NETO2,0.0,shap_tree
6,P14,NINJ2,0.0,shap_tree
6,P14,RRM2,3.0565908673452213e-05,shap_tree
6,P14,LGALS9C,0.0,shap_tree
6,P14,ATPAF2,0.0,shap_tree
6,P14,HINFP,0.0,shap_tree
6,P14,CLEC12A,0.0,shap_tree
6,P14,FUT10,0.0,shap_tree
6,P14,HSPA6,0.0,shap_tree
6,P14,C1QB,0.0,shap_tree
6,P14,C1QA,0.0,shap_tree
6,P14,OLR1,0.0,shap_tree
6,P14,DAG1,0.0,shap_tree
6,P14,PTPRM,0.0,shap_tree
6,P14,TLR6,0.0,shap_tree
6,P14,UBE2C,0.0,shap_tree
6,P14,ATG13,6.557512824656442e-05,shap_tree
6,P14,APITD1,0.0,shap_tree
6,P14,ZNF519,0.0,shap_tree
6,P14,ZNF683,0.000489721423946321,shap_tree
6,P14,RMDN1,0.0,shap_tree
6,P14,METRNL,0.00017265415226574987,shap_tree
6,P14,TYMS,0.00011022958642570302,shap_tree
6,P14,SLC38A9,0.0,shap_tree
6,P14,CD19,0.0,shap_tree
6,P14,CD163,0.0005126944161020219,shap_tree
6,P14,BOLA1,0.0,shap_tree
6,P14,DTX3,0.0,shap_tree
6,P14,THBD,0.0014651959063485265,shap_tree
6,P14,EFCAB13,1.671201789577026e-05,shap_tree
6,P14,AURKB,0.0,shap_tree
6,P14,APOBEC3B,0.0,shap_tree
6,P14,CCR8,0.0,shap_tree
6,P14,EIF2S3L,0.0,shap_tree
6,P14,HIST1H2BC,0.0,shap_tree
6,P14,FCRL6,0.0,shap_tree
6,P14,ZNF678,0.0,shap_tree
6,P14,UBA7,0.0001141705724876374,shap_tree
6,P14,CADM1,0.0012258099159225821,shap_tree
6,P14,AP2A2,3.3400647225789726e-05,shap_tree
6,P14,AFMID,0.0,shap_tree
6,P14,ALYREF,0.0,shap_tree
6,P14,IQGAP3,0.0,shap_tree
6,P14,TTC32,0.0,shap_tree
6,P14,COA3,0.0,shap_tree
6,P14,LRTOMT,0.0,shap_tree
6,P14,SS18L1,0.0,shap_tree
6,P14,KNTC1,0.0,shap_tree
6,P14,TMED9,0.0002579622087068856,shap_tree
6,P14,TNFAIP2,0.0,shap_tree
6,P14,WBP5,0.0,shap_tree
6,P14,IRF7,0.0010030519915744662,shap_tree
6,P14,IFIT1,0.0,shap_tree
6,P14,CD300E,0.0,shap_tree
6,P14,TNFRSF4,0.00027745202532969415,shap_tree
6,P14,ZDHHC17,0.0,shap_tree
6,P14,LILRA5,7.96139647718519e-05,shap_tree
6,P14,CMC1,0.0,shap_tree
6,P14,MT1X,0.0,shap_tree
6,P14,ISG15,0.03925039991736412,shap_tree
6,P14,FANCA,4.0836170228431e-05,shap_tree
6,P14,ARHGAP11B,0.0,shap_tree
6,P14,TPRG1,0.0,shap_tree
6,P14,ZNF559,0.0,shap_tree
6,P14,FAM26F,0.0,shap_tree
6,P14,KIR2DL4,7.712624210398644e-05,shap_tree
6,P14,TUBB,0.0004954575560986996,shap_tree
6,P14,TCF4,0.0,shap_tree
6,P14,ZNF585A,0.0,shap_tree
6,P14,PGAP1,0.00016638524539303035,shap_tree
6,P14,SERPINA1,0.0,shap_tree
6,P14,CCL4L2,0.006083600223064423,shap_tree
6,P14,ZNF165,0.0,shap_tree
6,P14,BLM,0.0,shap_tree
6,P14,PIGN,0.0,shap_tree
6,P14,PSAP,0.0007680627750232816,shap_tree
6,P14,CFD,0.0,shap_tree
6,P14,HIST1H2BF,0.0,shap_tree
6,P14,FCGR1B,0.0,shap_tree
6,P14,ZNF649,0.0,shap_tree
6,P14,HIBCH,0.0,shap_tree
6,P14,HIST1H3A,0.0,shap_tree
6,P14,HIST1H4E,0.0,shap_tree
6,P14,ZNF789,0.0,shap_tree
6,P14,CTNND1,0.0,shap_tree
6,P14,TTC37,0.0,shap_tree
6,P14,TMEM184B,3.117175219813362e-05,shap_tree
6,P14,GK,0.0018028593622148037,shap_tree
6,P14,OPA1,0.0,shap_tree
6,P14,TGM2,0.00014521354751195759,shap_tree
6,P14,FCGR3A,0.00068986153928563,shap_tree
6,P14,HIST2H2AA4,0.0047253817319869995,shap_tree
6,P14,HLA-DRA,0.02374575287103653,shap_tree
6,P14,NEU1,0.00013056787429377437,shap_tree
6,P14,HSPA1B,0.0014997777761891484,shap_tree
6,P14,HSPA1A,0.001830955734476447,shap_tree
6,P14,LY6G5C,0.0,shap_tree
6,P14,AIF1,0.0,shap_tree
6,P14,NCR3,0.0,shap_tree
6,P14,CCL4L1,0.05656227096915245,shap_tree
6,P14,CCL3L1,0.0002716536691877991,shap_tree
6,P14,KLRC2,0.0,shap_tree
6,P14,RAB12,7.702486072957981e-06,shap_tree
6,P14,TREX1,0.0,shap_tree
6,P14,ITGA1,0.0,shap_tree
6,P14,IFI30,0.001268139691092074,shap_tree
6,P14,FANCG,0.0,shap_tree
6,P14,KIAA0125,0.0,shap_tree
6,P14,ZNF717,0.0,shap_tree
6,P14,LTB,0.0007304225582629442,shap_tree
6,P14,TNF,3.83563246941776e-06,shap_tree
6,P14,HIST1H2BN,0.0,shap_tree
6,P14,HLA-DOB,0.0,shap_tree
6,P14,KIR2DL3,0.0,shap_tree
6,P14,ZNF585B,0.0,shap_tree
6,P14,CHCHD10,0.0,shap_tree
6,P14,ZNF674,0.0,shap_tree
6,P14,RP11-849H4.2,0.0,shap_tree
6,P14,CSNK2A3,0.0,shap_tree
6,P14,IGLL5,0.0,shap_tree
6,P14,HIST1H3G,0.0,shap_tree
6,P14,CCL3L3,0.00022724583686795086,shap_tree
6,P14,CLEC5A,0.0,shap_tree
6,P14,PMF1-BGLAP,0.0,shap_tree
6,P14,AARSD1,0.0,shap_tree
6,P14,AL161784.1,0.0,shap_tree
6,P14,SPIB,0.0,shap_tree
7,P15,FGR,0.0,shap_tree
7,P15,NDUFAF7,0.0,shap_tree
7,P15,FKBP4,0.0,shap_tree
7,P15,BZRAP1,0.0,shap_tree
7,P15,CCL3,0.00043168466072529554,shap_tree
7,P15,CDKL3,0.0,shap_tree
7,P15,CD79B,0.0,shap_tree
7,P15,DLEC1,0.0,shap_tree
7,P15,PKD1,0.0,shap_tree
7,P15,DYRK4,0.0,shap_tree
7,P15,CD9,0.0,shap_tree
7,P15,PLAUR,0.0,shap_tree
7,P15,TYROBP,0.0,shap_tree
7,P15,CD22,0.0,shap_tree
7,P15,EXTL3,0.0,shap_tree
7,P15,SLC11A1,0.00017152316286228597,shap_tree
7,P15,PHLDB1,0.0,shap_tree
7,P15,MARCO,0.0,shap_tree
7,P15,CD74,0.0004096232878509909,shap_tree
7,P15,NUP160,0.0,shap_tree
7,P15,GRN,0.0,shap_tree
7,P15,VCAN,0.0,shap_tree
7,P15,CAPG,0.0,shap_tree
7,P15,ADAM28,0.0,shap_tree
7,P15,TNFRSF9,0.0,shap_tree
7,P15,SIKE1,0.0,shap_tree
7,P15,CHI3L2,0.0,shap_tree
7,P15,ZNRD1,0.0,shap_tree
7,P15,STAG3,0.0,shap_tree
7,P15,DDX3Y,0.0008876181673258543,shap_tree
7,P15,ROGDI,0.0,shap_tree
7,P15,IFT80,0.0,shap_tree
7,P15,WIPI1,0.0,shap_tree
7,P15,LLGL2,0.0,shap_tree
7,P15,MAP3K13,0.0,shap_tree
7,P15,SLC46A1,0.0,shap_tree
7,P15,SPAG5,0.0,shap_tree
7,P15,GTF3C1,0.0,shap_tree
7,P15,PIK3C3,0.0,shap_tree
7,P15,TNS1,5.925808636675356e-06,shap_tree
7,P15,CEACAM1,0.0,shap_tree
7,P15,OPHN1,0.0,shap_tree
7,P15,HSP90AA1,0.0025713753420859575,shap_tree
7,P15,CXCL2,0.0,shap_tree
7,P15,KAT6A,0.0,shap_tree
7,P15,FCN1,0.0,shap_tree
7,P15,DDHD2,0.0,shap_tree
7,P15,OAS1,0.0,shap_tree
7,P15,LYZ,0.0,shap_tree
7,P15,PUS7,0.0,shap_tree
7,P15,WDR7,0.0,shap_tree
7,P15,ITGA6,0.0,shap_tree
7,P15,CAPN3,0.0,shap_tree
7,P15,HDAC6,0.0,shap_tree
7,P15,AAAS,0.0,shap_tree
7,P15,ACOT7,0.0,shap_tree
7,P15,GADD45B,2.108515582222026e-05,shap_tree
7,P15,TRMT2A,0.0,shap_tree
7,P15,LGALS2,0.0,shap_tree
7,P15,RHBDD3,0.0,shap_tree
7,P15,HMOX1,0.0,shap_tree
7,P15,GZMB,0.009835354052484035,shap_tree
7,P15,PRMT5,0.0,shap_tree
7,P15,CDKN3,0.0,shap_tree
7,P15,PIGH,0.0,shap_tree
7,P15,TCL1A,0.0,shap_tree
7,P15,PLTP,0.0,shap_tree
7,P15,MMP9,0.0,shap_tree
7,P15,PABPC1L,0.0,shap_tree
7,P15,CST3,0.0003495207929518074,shap_tree
7,P15,ALG13,0.0,shap_tree
7,P15,MOSPD1,0.0,shap_tree
7,P15,WDR13,0.0,shap_tree
7,P15,SLC25A14,0.0,shap_tree
7,P15,TIMP1,0.0,shap_tree
7,P15,GLA,0.0,shap_tree
7,P15,KIAA0226L,5.493377102538943e-05,shap_tree
7,P15,ACP5,0.0,shap_tree
7,P15,TSC22D1,0.0,shap_tree
7,P15,FAM173A,0.0,shap_tree
7,P15,CLUAP1,0.0,shap_tree
7,P15,DNAJA3,0.0,shap_tree
7,P15,FAH,0.0,shap_tree
7,P15,DMXL2,0.0,shap_tree
7,P15,GDAP1,0.0,shap_tree
7,P15,IL7,0.0,shap_tree
7,P15,SARS2,0.0,shap_tree
7,P15,DOT1L,0.0,shap_tree
7,P15,FCER2,0.0,shap_tree
7,P15,IL4I1,0.0,shap_tree
7,P15,ZNF419,0.0,shap_tree
7,P15,PDCD5,0.0,shap_tree
7,P15,EBI3,0.0,shap_tree
7,P15,CD79A,0.0,shap_tree
7,P15,PON2,0.0,shap_tree
7,P15,CPVL,0.0,shap_tree
7,P15,ABHD11,0.0,shap_tree
7,P15,EPHB6,0.0,shap_tree
7,P15,HSPB1,0.00012351734039839357,shap_tree
7,P15,SNX8,0.0,shap_tree
7,P15,TMEM176B,0.0,shap_tree
7,P15,RASSF4,0.0,shap_tree
7,P15,ARHGAP21,0.0,shap_tree
7,P15,RAD51C,0.0,shap_tree
7,P15,PIGL,0.0,shap_tree
7,P15,GALK1,0.0,shap_tree
7,P15,NUP88,0.0,shap_tree
7,P15,CPD,0.0,shap_tree
7,P15,CCL2,0.0,shap_tree
7,P15,DHRS7B,0.0,shap_tree
7,P15,AREG,0.0,shap_tree
7,P15,ZBTB16,0.0,shap_tree
7,P15,CRTAM,0.0,shap_tree
7,P15,MS4A4A,0.0,shap_tree
7,P15,PRPF19,0.0,shap_tree
7,P15,CD81,0.0,shap_tree
7,P15,GTF2H3,0.0,shap_tree
7,P15,IFNG,0.0,shap_tree
7,P15,GNPTAB,0.0,shap_tree
7,P15,CLEC4A,0.0,shap_tree
7,P15,CD83,0.0,shap_tree
7,P15,APBB3,0.0,shap_tree
7,P15,NR3C1,0.0,shap_tree
7,P15,TFDP2,0.0,shap_tree
7,P15,PFKFB4,0.0,shap_tree
7,P15,ACVR1,0.0,shap_tree
7,P15,FN1,0.0,shap_tree
7,P15,GNLY,4.623495442501735e-06,shap_tree
7,P15,EPHA4,0.0,shap_tree
7,P15,CEP104,0.0,shap_tree
7,P15,AMPD2,0.0,shap_tree
7,P15,ZBTB17,0.0,shap_tree
7,P15,TTF2,0.0,shap_tree
7,P15,GBP1,0.0023248717188835144,shap_tree
7,P15,ID3,0.0,shap_tree
7,P15,CDC20,0.0,shap_tree
7,P15,DPH5,0.0,shap_tree
7,P15,RCOR3,0.0,shap_tree
7,P15,CTSD,0.0012734191259369254,shap_tree
7,P15,C1orf54,0.0,shap_tree
7,P15,LRMP,0.0,shap_tree
7,P15,MYB,0.0,shap_tree
7,P15,SPP1,0.0,shap_tree
7,P15,C2orf43,0.0,shap_tree
7,P15,FAM206A,0.0,shap_tree
7,P15,CSF3R,0.0,shap_tree
7,P15,NPC2,0.0,shap_tree
7,P15,BCL11A,0.0,shap_tree
7,P15,IFIT3,0.0,shap_tree
7,P15,IFIT2,0.0,shap_tree
7,P15,HSPH1,0.0016566504491493106,shap_tree
7,P15,TGFBI,0.005876639857888222,shap_tree
7,P15,CLU,0.0,shap_tree
7,P15,LY9,0.0,shap_tree
7,P15,PMS2,0.0,shap_tree
7,P15,PLAU,0.0,shap_tree
7,P15,MMP19,0.0,shap_tree
7,P15,NR4A1,0.0005005559651181102,shap_tree
7,P15,TUBA1B,0.0,shap_tree
7,P15,NDUFAF4,0.0,shap_tree
7,P15,G0S2,0.0,shap_tree
7,P15,SDC4,0.0,shap_tree
7,P15,MCEE,0.0,shap_tree
7,P15,TREM1,0.0,shap_tree
7,P15,SOX4,0.0,shap_tree
7,P15,MT2A,0.0074204509146511555,shap_tree
7,P15,GPR18,0.0,shap_tree
7,P15,NUP85,0.0,shap_tree
7,P15,IL1B,0.0,shap_tree
7,P15,VASP,0.0,shap_tree
7,P15,GZF1,0.0,shap_tree
7,P15,CCR7,0.013040504418313503,shap_tree
7,P15,NSRP1,0.0,shap_tree
7,P15,IFI6,0.04391205310821533,shap_tree
7,P15,CFP,0.0,shap_tree
7,P15,ZC4H2,0.0,shap_tree
7,P15,GFER,0.0,shap_tree
7,P15,PTPN12,0.0,shap_tree
7,P15,VPREB3,0.0,shap_tree
7,P15,APOBEC3A,0.0,shap_tree
7,P15,ARHGAP22,0.0,shap_tree
7,P15,TMOD2,0.0,shap_tree
7,P15,SERGEF,0.0,shap_tree
7,P15,CD68,0.0,shap_tree
7,P15,CCL4,6.858593405922875e-05,shap_tree
7,P15,DTD2,0.0,shap_tree
7,P15,PARP2,0.0,shap_tree
7,P15,SAT1,0.0,shap_tree
7,P15,APOE,0.0,shap_tree
7,P15,APOC1,0.0,shap_tree
7,P15,TRPM4,0.0,shap_tree
7,P15,DKC1,0.0,shap_tree
7,P15,ULBP2,0.0,shap_tree
7,P15,ZNF141,0.0,shap_tree
7,P15,NAPSA,0.0,shap_tree
7,P15,NINJ1,0.0,shap_tree
7,P15,LGALS3,0.0013491942081600428,shap_tree
7,P15,DNAJB1,6.220680370461196e-05,shap_tree
7,P15,FCRLA,0.0,shap_tree
7,P15,PTCD3,0.0,shap_tree
7,P15,IGJ,0.0,shap_tree
7,P15,CLEC10A,0.0,shap_tree
7,P15,DPH2,0.0,shap_tree
7,P15,MUTYH,0.0,shap_tree
7,P15,MYH10,0.0,shap_tree
7,P15,HSD17B4,1.4986265341576654e-05,shap_tree
7,P15,CCNB1,0.0,shap_tree
7,P15,RSAD2,0.0,shap_tree
7,P15,TMEM241,0.0,shap_tree
7,P15,SLC37A2,0.0,shap_tree
7,P15,NREP,0.0,shap_tree
7,P15,CTSL,0.0,shap_tree
7,P15,HILPDA,0.0,shap_tree
7,P15,MTO1,0.0,shap_tree
7,P15,TROAP,0.0,shap_tree
7,P15,CPM,0.0,shap_tree
7,P15,DYNC1LI2,0.0,shap_tree
7,P15,FHOD1,0.0,shap_tree
7,P15,GLUL,0.0,shap_tree
7,P15,TTLL4,7.87271619628882e-06,shap_tree
7,P15,LMO7,0.0,shap_tree
7,P15,GPNMB,0.0,shap_tree
7,P15,IL10,0.0,shap_tree
7,P15,IL1RN,0.0,shap_tree
7,P15,TXN,0.0010408692760393023,shap_tree
7,P15,IL11RA,0.0,shap_tree
7,P15,IER3,0.0,shap_tree
7,P15,SLCO2B1,0.0,shap_tree
7,P15,RNF121,0.0,shap_tree
7,P15,C11orf1,0.0,shap_tree
7,P15,THBS1,0.0,shap_tree
7,P15,SPTBN5,0.0,shap_tree
7,P15,IFI44L,0.0003021570446435362,shap_tree
7,P15,IFI44,0.0,shap_tree
7,P15,DNAJC13,0.0,shap_tree
7,P15,WDR12,0.0,shap_tree
7,P15,ITGAV,0.0,shap_tree
7,P15,TMOD3,0.0,shap_tree
7,P15,SPPL2A,0.0,shap_tree
7,P15,ARHGAP24,0.0,shap_tree
7,P15,CASP6,0.0,shap_tree
7,P15,LEF1,0.0,shap_tree
7,P15,CLSTN3,2.331139057787368e-06,shap_tree
7,P15,TMEM19,0.0,shap_tree
7,P15,GPR84,0.0,shap_tree
7,P15,LMBR1L,0.0,shap_tree
7,P15,SLC38A6,0.0,shap_tree
7,P15,WARS,0.01779339835047722,shap_tree
7,P15,SLC12A6,0.0,shap_tree
7,P15,TCF12,0.0,shap_tree
7,P15,NEIL1,0.0,shap_tree
7,P15,IGF1R,0.0,shap_tree
7,P15,MFGE8,0.0,shap_tree
7,P15,IRF8,0.0,shap_tree
7,P15,SCRN2,0.0,shap_tree
7,P15,TAF4B,0.0,shap_tree
7,P15,TP53,0.0,shap_tree
7,P15,IFITM3,0.00014179723802953959,shap_tree
7,P15,MMEL1,0.0,shap_tree
7,P15,GPN2,0.0,shap_tree
7,P15,PPOX,0.0,shap_tree
7,P15,FCGR2A,4.296598490327597e-05,shap_tree
7,P15,FCRL5,0.0,shap_tree
7,P15,RRNAD1,0.0,shap_tree
7,P15,ABL2,0.0,shap_tree
7,P15,S100A8,0.0,shap_tree
7,P15,AFF3,0.0,shap_tree
7,P15,HSPD1,7.964540418470278e-05,shap_tree
7,P15,FANCD2,0.0,shap_tree
7,P15,EAF2,0.0,shap_tree
7,P15,EIF2B5,0.0,shap_tree
7,P15,PLAC8,0.0,shap_tree
7,P15,SSBP2,0.0,shap_tree
7,P15,MMS22L,0.0,shap_tree
7,P15,PLIN2,0.0,shap_tree
7,P15,IDNK,0.0,shap_tree
7,P15,GSN,0.0,shap_tree
7,P15,MRRF,0.0,shap_tree
7,P15,ADM,0.0,shap_tree
7,P15,IMMP1L,0.0,shap_tree
7,P15,SERPINH1,0.0,shap_tree
7,P15,FADS1,0.0,shap_tree
7,P15,FCGR1A,0.0,shap_tree
7,P15,TMCO3,0.0,shap_tree
7,P15,PRSS23,0.0,shap_tree
7,P15,CACNA2D4,0.0,shap_tree
7,P15,PTPRO,0.0,shap_tree
7,P15,BAG3,5.669355232384987e-05,shap_tree
7,P15,FARP1,0.0,shap_tree
7,P15,PTPRK,0.0,shap_tree
7,P15,BANK1,0.0,shap_tree
7,P15,DAB2,0.0,shap_tree
7,P15,LY96,0.0,shap_tree
7,P15,PPP4R1,0.0,shap_tree
7,P15,VSIG4,0.0,shap_tree
7,P15,ADAMTSL3,0.0,shap_tree
7,P15,CXCL13,0.0,shap_tree
7,P15,MS4A1,3.0117895221337676e-05,shap_tree
7,P15,WDYHV1,0.0,shap_tree
7,P15,MALSU1,0.0,shap_tree
7,P15,VPS8,0.0,shap_tree
7,P15,FAIM,0.0,shap_tree
7,P15,NCF1,0.0,shap_tree
7,P15,FCER1G,7.89270707173273e-05,shap_tree
7,P15,C1QC,0.0,shap_tree
7,P15,HLCS,0.0,shap_tree
7,P15,SPON2,0.0,shap_tree
7,P15,ZNF362,0.0,shap_tree
7,P15,LMNA,0.0,shap_tree
7,P15,PAQR4,0.0,shap_tree
7,P15,CYB561A3,0.0,shap_tree
7,P15,C1orf123,0.0,shap_tree
7,P15,VCAM1,0.0,shap_tree
7,P15,NLRP3,0.0,shap_tree
7,P15,FCGR3B,0.0,shap_tree
7,P15,ATF3,4.076601180713624e-05,shap_tree
7,P15,B3GALNT2,0.0,shap_tree
7,P15,CTSS,0.0,shap_tree
7,P15,S100A9,0.0,shap_tree
7,P15,RNF25,0.0,shap_tree
7,P15,FCRL1,2.9457064556481782e-06,shap_tree
7,P15,SMIM14,0.0,shap_tree
7,P15,ABHD6,0.0,shap_tree
7,P15,CXCL3,0.0,shap_tree
7,P15,WDR43,0.0,shap_tree
7,P15,GNL3,0.0,shap_tree
7,P15,SPRY1,0.0,shap_tree
7,P15,HPGD,0.0,shap_tree
7,P15,ACSL6,0.0,shap_tree
7,P15,CTSB,0.0,shap_tree
7,P15,FBP1,0.0006449738284572959,shap_tree
7,P15,NDRG2,0.0,shap_tree
7,P15,IFI27,0.0,shap_tree
7,P15,CLMN,0.0,shap_tree
7,P15,FAM227B,0.0,shap_tree
7,P15,TAF10,0.0,shap_tree
7,P15,CLEC4E,0.0,shap_tree
7,P15,ANPEP,2.40166082221549e-05,shap_tree
7,P15,PLK1,0.0,shap_tree
7,P15,C15orf48,0.0,shap_tree
7,P15,MS4A7,0.0,shap_tree
7,P15,DIS3L,0.0,shap_tree
7,P15,GNGT2,0.0,shap_tree
7,P15,POP5,0.0,shap_tree
7,P15,JSRP1,0.0,shap_tree
7,P15,RHEBL1,0.0,shap_tree
7,P15,SRR,0.0,shap_tree
7,P15,BSCL2,0.0,shap_tree
7,P15,GNG4,0.0,shap_tree
7,P15,CX3CR1,0.0,shap_tree
7,P15,TRAPPC11,0.0,shap_tree
7,P15,SLC20A2,0.0,shap_tree
7,P15,LDLRAD4,0.0,shap_tree
7,P15,TMEM208,0.0,shap_tree
7,P15,PPIP5K1,0.0,shap_tree
7,P15,CCDC126,0.0,shap_tree
7,P15,IL8,0.0,shap_tree
7,P15,GPR183,1.237378910445841e-06,shap_tree
7,P15,LRRC45,0.0,shap_tree
7,P15,MT1E,0.0,shap_tree
7,P15,GLB1,7.600181561429054e-05,shap_tree
7,P15,KRT8,0.0,shap_tree
7,P15,CD14,0.0,shap_tree
7,P15,DNAJC18,0.0,shap_tree
7,P15,MZB1,0.0,shap_tree
7,P15,KBTBD2,0.0,shap_tree
7,P15,LILRA3,0.0,shap_tree
7,P15,ZNF561,0.0,shap_tree
7,P15,METTL18,0.0,shap_tree
7,P15,NINJ2,0.0,shap_tree
7,P15,RRM2,0.0,shap_tree
7,P15,LGALS9C,0.0,shap_tree
7,P15,ATPAF2,0.0,shap_tree
7,P15,CLEC12A,0.0,shap_tree
7,P15,ZNF621,0.0,shap_tree
7,P15,HSPA6,0.0,shap_tree
7,P15,MZT2A,0.0,shap_tree
7,P15,C1QB,0.0,shap_tree
7,P15,C1QA,0.0,shap_tree
7,P15,OLR1,0.0,shap_tree
7,P15,PTPRM,0.0,shap_tree
7,P15,UBE2C,0.0,shap_tree
7,P15,PCCA,0.0,shap_tree
7,P15,MCTP1,0.0,shap_tree
7,P15,ERCC4,0.0,shap_tree
7,P15,RMDN1,0.0,shap_tree
7,P15,METRNL,0.0,shap_tree
7,P15,TYMS,2.831088931998238e-05,shap_tree
7,P15,SLC38A9,0.0,shap_tree
7,P15,CD19,0.0,shap_tree
7,P15,CD163,0.0,shap_tree
7,P15,BOLA1,0.0,shap_tree
7,P15,GEN1,0.0,shap_tree
7,P15,ZFAND2A,0.0,shap_tree
7,P15,DTX3,0.0,shap_tree
7,P15,THBD,2.7224215955357067e-05,shap_tree
7,P15,CPNE7,0.0,shap_tree
7,P15,AURKB,0.0,shap_tree
7,P15,CCR8,0.0,shap_tree
7,P15,HIST1H2BC,0.0,shap_tree
7,P15,FCRL6,0.0,shap_tree
7,P15,ZNF678,0.0,shap_tree
7,P15,UBA7,0.0,shap_tree
7,P15,CEP97,0.0,shap_tree
7,P15,CADM1,0.0,shap_tree
7,P15,AFMID,0.0,shap_tree
7,P15,CCDC159,2.364327428949764e-06,shap_tree
7,P15,SERHL2,0.0,shap_tree
7,P15,IQGAP3,0.0,shap_tree
7,P15,TTC32,0.0,shap_tree
7,P15,COA3,0.0,shap_tree
7,P15,CLECL1,0.0,shap_tree
7,P15,SS18L1,0.0,shap_tree
7,P15,TMED9,0.0,shap_tree
7,P15,TNFAIP2,0.0,shap_tree
7,P15,WBP5,0.0,shap_tree
7,P15,IRF7,8.326195711561013e-06,shap_tree
7,P15,NUDT17,0.0,shap_tree
7,P15,CD300E,0.0,shap_tree
7,P15,TNFRSF4,0.0,shap_tree
7,P15,TNFRSF18,0.0,shap_tree
7,P15,ZDHHC17,0.0,shap_tree
7,P15,LILRA5,0.0,shap_tree
7,P15,CMC1,0.0,shap_tree
7,P15,MT1X,0.0,shap_tree
7,P15,USP7,0.0,shap_tree
7,P15,ISG15,0.0007948289276100695,shap_tree
7,P15,FANCA,0.0,shap_tree
7,P15,ARHGAP11B,0.0,shap_tree
7,P15,FAM26F,0.0,shap_tree
7,P15,KIR2DL4,0.0,shap_tree
7,P15,TUBB,3.6215731142874574e-06,shap_tree
7,P15,ANAPC7,0.0,shap_tree
7,P15,C1orf186,0.0,shap_tree
7,P15,TCF4,0.0,shap_tree
7,P15,HLA-DQA1,6.760502583347261e-05,shap_tree
7,P15,SULT1A2,0.0,shap_tree
7,P15,HIST1H4J,0.0,shap_tree
7,P15,SERPINA1,0.0,shap_tree
7,P15,CCL4L2,0.0,shap_tree
7,P15,ZNF165,0.0,shap_tree
7,P15,BLM,0.0,shap_tree
7,P15,PIGN,0.0,shap_tree
7,P15,PSAP,0.0,shap_tree
7,P15,CFD,0.0,shap_tree
7,P15,ZNF81,0.0,shap_tree
7,P15,MPZL1,0.0,shap_tree
7,P15,FCGR1B,0.0,shap_tree
7,P15,HIBCH,0.0,shap_tree
7,P15,SPRED2,0.0,shap_tree
7,P15,HIST1H4E,0.0,shap_tree
7,P15,ZNF789,0.0,shap_tree
7,P15,CTNND1,0.0,shap_tree
7,P15,FAM19A2,0.0,shap_tree
7,P15,TTC37,0.0,shap_tree
7,P15,FAM169A,0.0,shap_tree
7,P15,GK,0.0,shap_tree
7,P15,OPA1,0.0,shap_tree
7,P15,PRC1,0.0,shap_tree
7,P15,KIAA0753,0.0,shap_tree
7,P15,TGM2,0.0,shap_tree
7,P15,FCGR3A,1.4614287465519737e-05,shap_tree
7,P15,HIST2H2AA4,0.0,shap_tree
7,P15,HLA-DRA,0.0003629983984865248,shap_tree
7,P15,AGER,0.0,shap_tree
7,P15,NEU1,0.0,shap_tree
7,P15,HSPA1B,0.00032659381395205855,shap_tree
7,P15,HSPA1A,0.0006284811533987522,shap_tree
7,P15,MBD5,0.0,shap_tree
7,P15,LY6G5C,0.0,shap_tree
7,P15,AIF1,0.0,shap_tree
7,P15,LST1,0.0,shap_tree
7,P15,CCL4L1,0.015121446922421455,shap_tree
7,P15,CCL3L1,0.0,shap_tree
7,P15,RAB12,0.0,shap_tree
7,P15,ANKRD28,0.0,shap_tree
7,P15,AL590867.1,0.0,shap_tree
7,P15,TCTEX1D2,0.0,shap_tree
7,P15,CRYGS,0.0,shap_tree
7,P15,FAM24B,0.0,shap_tree
7,P15,GSTM2,0.0,shap_tree
7,P15,TREX1,0.0,shap_tree
7,P15,PPM1N,0.0,shap_tree
7,P15,MYL5,0.0,shap_tree
7,P15,IFI30,0.00030317300115711987,shap_tree
7,P15,FANCG,0.0,shap_tree
7,P15,SLC26A6,0.0,shap_tree
7,P15,KIAA0125,0.0,shap_tree
7,P15,LTB,0.0,shap_tree
7,P15,PPIL3,0.0,shap_tree
7,P15,KIR2DL3,0.0,shap_tree
7,P15,ZNF585B,0.0,shap_tree
7,P15,ZNF345,0.0,shap_tree
7,P15,IGLL5,0.0,shap_tree
7,P15,HIST1H3G,0.0,shap_tree
7,P15,CCL3L3,0.0,shap_tree
7,P15,PMF1-BGLAP,0.0,shap_tree
7,P15,ZNF224,0.0,shap_tree
7,P15,AL022328.1,0.0,shap_tree
7,P15,SPIB,0.0,shap_tree
8,P16,FGR,0.0,shap_tree
8,P16,TMEM176A,0.0,shap_tree
8,P16,FKBP4,0.0,shap_tree
8,P16,GCFC2,0.0,shap_tree
8,P16,CCL3,0.0006183807272464037,shap_tree
8,P16,PAFAH1B1,0.0,shap_tree
8,P16,CD79B,0.0,shap_tree
8,P16,DLEC1,0.0,shap_tree
8,P16,CYB561,0.0,shap_tree
8,P16,DYRK4,0.0,shap_tree
8,P16,CD9,0.0,shap_tree
8,P16,PLAUR,0.0,shap_tree
8,P16,TYROBP,0.0,shap_tree
8,P16,BRCA1,0.0,shap_tree
8,P16,CD22,0.0,shap_tree
8,P16,EXTL3,0.0,shap_tree
8,P16,SLC11A1,3.387567994650453e-05,shap_tree
8,P16,MARCO,0.0,shap_tree
8,P16,CD74,0.0002938770630862564,shap_tree
8,P16,NR1H3,0.0,shap_tree
8,P16,NUP160,0.0,shap_tree
8,P16,GRN,0.0,shap_tree
8,P16,STAP1,0.0,shap_tree
8,P16,VCAN,0.0,shap_tree
8,P16,CAPG,0.0,shap_tree
8,P16,ADAM28,0.0,shap_tree
8,P16,TNFRSF9,0.0,shap_tree
8,P16,SIKE1,0.0,shap_tree
8,P16,ST3GAL6,0.0,shap_tree
8,P16,ROGDI,0.0,shap_tree
8,P16,TFRC,0.0,shap_tree
8,P16,MPP5,0.0,shap_tree
8,P16,FCGR2B,0.0,shap_tree
8,P16,LLGL2,0.0,shap_tree
8,P16,NLE1,0.0,shap_tree
8,P16,MAP3K13,0.0,shap_tree
8,P16,MGLL,0.0,shap_tree
8,P16,BCS1L,0.0,shap_tree
8,P16,GTF3C1,0.0,shap_tree
8,P16,IL4R,0.0,shap_tree
8,P16,FAM76B,0.0,shap_tree
8,P16,PIK3C3,0.0,shap_tree
8,P16,SLC1A3,0.0,shap_tree
8,P16,TNS1,0.0,shap_tree
8,P16,SESN1,3.524180101521779e-06,shap_tree
8,P16,HSP90AA1,0.00011472247570054606,shap_tree
8,P16,CXCL2,0.0,shap_tree
8,P16,ZNF510,0.0,shap_tree
8,P16,COBLL1,0.0,shap_tree
8,P16,NFE2L1,0.0,shap_tree
8,P16,KAT6A,0.0,shap_tree
8,P16,FCN1,0.0,shap_tree
8,P16,SCAMP1,0.0,shap_tree
8,P16,DDHD2,0.0,shap_tree
8,P16,OAS1,0.0,shap_tree
8,P16,LYZ,0.0,shap_tree
8,P16,PABPC4,2.9340847049752483e-06,shap_tree
8,P16,ITGA6,0.0,shap_tree
8,P16,CD200,0.0,shap_tree
8,P16,HDAC6,0.0,shap_tree
8,P16,AAAS,0.0,shap_tree
8,P16,HOOK2,0.0,shap_tree
8,P16,BLNK,0.0,shap_tree
8,P16,ACOT7,0.0,shap_tree
8,P16,OSM,0.0,shap_tree
8,P16,LGALS2,0.0,shap_tree
8,P16,RHBDD3,0.0,shap_tree
8,P16,HMOX1,0.0,shap_tree
8,P16,GZMB,0.012468048371374607,shap_tree
8,P16,PRMT5,0.0,shap_tree
8,P16,CDKN3,0.0,shap_tree
8,P16,CGRRF1,0.0,shap_tree
8,P16,TIMM9,0.0,shap_tree
8,P16,TCL1A,0.0,shap_tree
8,P16,GMPR2,0.0,shap_tree
8,P16,PLTP,0.0,shap_tree
8,P16,MMP9,0.0,shap_tree
8,P16,PABPC1L,0.0,shap_tree
8,P16,NDUFAF5,0.0,shap_tree
8,P16,CDK5RAP1,0.0,shap_tree
8,P16,CST3,0.0006521194591186941,shap_tree
8,P16,ALG13,0.0,shap_tree
8,P16,WDR13,0.0,shap_tree
8,P16,SLC25A14,0.0,shap_tree
8,P16,GLA,0.0,shap_tree
8,P16,KIAA0226L,0.0,shap_tree
8,P16,ACP5,0.0,shap_tree
8,P16,DNAJA3,0.0,shap_tree
8,P16,FAH,0.0,shap_tree
8,P16,GABPB1,0.0,shap_tree
8,P16,GDAP1,0.0,shap_tree
8,P16,ASAH1,0.0,shap_tree
8,P16,SARS2,0.0,shap_tree
8,P16,FCER2,0.0,shap_tree
8,P16,IL4I1,0.0,shap_tree
8,P16,ZNF419,0.0,shap_tree
8,P16,PDCD5,0.0,shap_tree
8,P16,EBI3,0.0,shap_tree
8,P16,CD79A,0.0,shap_tree
8,P16,TNPO2,0.0,shap_tree
8,P16,LILRB5,0.0,shap_tree
8,P16,PON2,0.0,shap_tree
8,P16,MPP6,0.0,shap_tree
8,P16,DFNA5,0.0,shap_tree
8,P16,CAV1,0.0,shap_tree
8,P16,CPVL,0.0,shap_tree
8,P16,ABHD11,0.0,shap_tree
8,P16,STX1A,0.0,shap_tree
8,P16,HSPB1,7.420255133183673e-05,shap_tree
8,P16,SNX8,0.0,shap_tree
8,P16,TMEM176B,0.0,shap_tree
8,P16,SUSD1,0.0,shap_tree
8,P16,RASSF4,0.0,shap_tree
8,P16,FBXW4,0.0,shap_tree
8,P16,RAD51C,0.0,shap_tree
8,P16,TUBD1,0.0,shap_tree
8,P16,GALK1,0.0,shap_tree
8,P16,NUP88,0.0,shap_tree
8,P16,CPD,0.0,shap_tree
8,P16,LGALS3BP,0.0,shap_tree
8,P16,CCL2,0.0,shap_tree
8,P16,TMEM97,0.0,shap_tree
8,P16,RAB34,0.0,shap_tree
8,P16,SLC2A9,0.0,shap_tree
8,P16,KLHL5,0.0,shap_tree
8,P16,SC5D,5.226105713518336e-06,shap_tree
8,P16,CRTAM,0.0,shap_tree
8,P16,MS4A6A,0.0,shap_tree
8,P16,MS4A4A,0.0,shap_tree
8,P16,ACCS,0.0,shap_tree
8,P16,CD81,0.0,shap_tree
8,P16,PRR4,0.0,shap_tree
8,P16,ACAD10,0.0,shap_tree
8,P16,GTF2H3,0.0,shap_tree
8,P16,IFNG,0.00034544963273219764,shap_tree
8,P16,NOP2,0.0,shap_tree
8,P16,GNPTAB,0.0,shap_tree
8,P16,ADTRP,0.0,shap_tree
8,P16,CD83,0.0,shap_tree
8,P16,NR3C1,0.0,shap_tree
8,P16,C3orf14,0.0,shap_tree
8,P16,CISH,0.0,shap_tree
8,P16,FAHD2A,0.0,shap_tree
8,P16,ACVR1,0.0,shap_tree
8,P16,FN1,0.0,shap_tree
8,P16,STK25,0.0,shap_tree
8,P16,MECR,0.0,shap_tree
8,P16,TTF2,0.0,shap_tree
8,P16,C1orf109,0.0,shap_tree
8,P16,GBP1,0.0040132892318069935,shap_tree
8,P16,ID3,0.0,shap_tree
8,P16,CDC20,0.0,shap_tree
8,P16,STMN1,0.0,shap_tree
8,P16,NENF,0.0,shap_tree
8,P16,CTSD,0.0007903954829089344,shap_tree
8,P16,C1orf54,0.0,shap_tree
8,P16,SPP1,0.0,shap_tree
8,P16,FAM206A,0.0,shap_tree
8,P16,CSF3R,0.0,shap_tree
8,P16,NPC2,0.0,shap_tree
8,P16,MLH3,0.0,shap_tree
8,P16,IFIT3,0.0,shap_tree
8,P16,IFIT2,0.0,shap_tree
8,P16,HSPH1,8.861967216944322e-05,shap_tree
8,P16,TGFBI,0.003604385768994689,shap_tree
8,P16,EPHX2,0.0,shap_tree
8,P16,SEC22A,0.0,shap_tree
8,P16,LY9,3.9260081393877044e-05,shap_tree
8,P16,EEPD1,0.0,shap_tree
8,P16,PLAU,0.0,shap_tree
8,P16,MMP19,0.0,shap_tree
8,P16,TUBA1B,0.0,shap_tree
8,P16,ATPAF1,0.0,shap_tree
8,P16,G0S2,0.0,shap_tree
8,P16,SLC12A4,0.0,shap_tree
8,P16,F13A1,0.0,shap_tree
8,P16,TREM1,0.0,shap_tree
8,P16,SOX4,0.0,shap_tree
8,P16,MT2A,0.012720596976578236,shap_tree
8,P16,CLYBL,0.0,shap_tree
8,P16,PTGER2,0.0,shap_tree
8,P16,NUP85,0.0,shap_tree
8,P16,MSTO1,0.0,shap_tree
8,P16,VASP,0.0,shap_tree
8,P16,GZF1,0.0,shap_tree
8,P16,CCR7,0.011032226495444775,shap_tree
8,P16,NSRP1,0.0,shap_tree
8,P16,IFI6,0.04054253175854683,shap_tree
8,P16,CFP,0.0,shap_tree
8,P16,L3HYPDH,0.0,shap_tree
8,P16,ZC4H2,0.0,shap_tree
8,P16,PTPN12,0.0,shap_tree
8,P16,VPREB3,0.0,shap_tree
8,P16,SERGEF,0.0,shap_tree
8,P16,CD68,0.0,shap_tree
8,P16,CCL4,8.627254283055663e-05,shap_tree
8,P16,EGLN3,0.0,shap_tree
8,P16,ERMARD,0.0,shap_tree
8,P16,SAT1,0.0,shap_tree
8,P16,LDLR,0.0,shap_tree
8,P16,APOE,0.0,shap_tree
8,P16,APOC1,0.0,shap_tree
8,P16,DKC1,0.0,shap_tree
8,P16,ACSS2,0.0,shap_tree
8,P16,ZNF141,0.0,shap_tree
8,P16,ACAP3,0.0,shap_tree
8,P16,NINJ1,0.0,shap_tree
8,P16,LGALS3,0.002144895028322935,shap_tree
8,P16,FCRLA,0.0,shap_tree
8,P16,PTCD3,0.0,shap_tree
8,P16,IGJ,0.0,shap_tree
8,P16,CLEC10A,0.0,shap_tree
8,P16,MUTYH,0.0,shap_tree
8,P16,MYH10,0.0,shap_tree
8,P16,MORC4,0.0,shap_tree
8,P16,TBC1D8B,0.0,shap_tree
8,P16,SUV420H2,0.0,shap_tree
8,P16,SLC2A11,0.0,shap_tree
8,P16,E2F5,0.0,shap_tree
8,P16,SBF2,0.0,shap_tree
8,P16,RSAD2,0.0,shap_tree
8,P16,FBXO18,0.0,shap_tree
8,P16,CARS2,0.0,shap_tree
8,P16,SLC37A2,0.0,shap_tree
8,P16,APC,0.0,shap_tree
8,P16,NREP,0.0,shap_tree
8,P16,CTSL,0.0,shap_tree
8,P16,CD36,0.0,shap_tree
8,P16,HILPDA,0.0,shap_tree
8,P16,GLUL,0.0,shap_tree
8,P16,CKAP4,0.0,shap_tree
8,P16,GPNMB,0.0,shap_tree
8,P16,IL10,0.0,shap_tree
8,P16,IL1RN,0.0,shap_tree
8,P16,TXN,0.0003323430137243122,shap_tree
8,P16,IRF4,0.0,shap_tree
8,P16,IER3,0.0,shap_tree
8,P16,SLCO2B1,0.0,shap_tree
8,P16,IFI44L,0.0007382346666418016,shap_tree
8,P16,IFI44,0.0,shap_tree
8,P16,CENPO,7.079066222104302e-07,shap_tree
8,P16,DNAJC13,0.0,shap_tree
8,P16,ITGAV,0.0,shap_tree
8,P16,SPPL2A,0.0,shap_tree
8,P16,ARHGAP24,1.588080522196833e-06,shap_tree
8,P16,CASP6,0.0,shap_tree
8,P16,LEF1,0.0,shap_tree
8,P16,CLSTN3,0.0,shap_tree
8,P16,TMEM19,0.0,shap_tree
8,P16,GPR84,0.0,shap_tree
8,P16,WARS,0.019832875579595566,shap_tree
8,P16,SLC12A6,0.0,shap_tree
8,P16,TCF12,0.0,shap_tree
8,P16,TPM1,0.0,shap_tree
8,P16,BBS4,0.0,shap_tree
8,P16,MFGE8,0.0,shap_tree
8,P16,ZFHX3,0.0,shap_tree
8,P16,IRF8,0.0,shap_tree
8,P16,SCRN2,0.0,shap_tree
8,P16,TAF4B,0.0,shap_tree
8,P16,PELP1,0.0,shap_tree
8,P16,IFITM3,0.00046744768042117357,shap_tree
8,P16,DOPEY2,0.0,shap_tree
8,P16,MMEL1,0.0,shap_tree
8,P16,GPN2,0.0,shap_tree
8,P16,XCL1,2.2643644115305506e-05,shap_tree
8,P16,FCGR2A,0.0,shap_tree
8,P16,FCRL5,0.0,shap_tree
8,P16,RRNAD1,0.0,shap_tree
8,P16,LYPLAL1,0.0,shap_tree
8,P16,CTSK,0.0,shap_tree
8,P16,TAF1A,0.0,shap_tree
8,P16,S100A8,0.0,shap_tree
8,P16,SLC27A3,0.0,shap_tree
8,P16,ARL8A,0.0,shap_tree
8,P16,EXOC6B,0.0,shap_tree
8,P16,SFXN5,0.0,shap_tree
8,P16,AFF3,0.0,shap_tree
8,P16,EIF2B5,0.0,shap_tree
8,P16,PLAC8,0.0,shap_tree
8,P16,CXorf57,0.0,shap_tree
8,P16,GINS4,0.0,shap_tree
8,P16,TATDN1,0.0,shap_tree
8,P16,PLIN2,0.0,shap_tree
8,P16,GSN,9.822624997468665e-05,shap_tree
8,P16,MRRF,0.0,shap_tree
8,P16,ADM,0.0,shap_tree
8,P16,FADS1,0.0,shap_tree
8,P16,FCGR1A,0.0,shap_tree
8,P16,TMCO3,0.0,shap_tree
8,P16,PRSS23,0.0,shap_tree
8,P16,PTPRO,0.0,shap_tree
8,P16,QTRTD1,0.0,shap_tree
8,P16,CCDC122,0.0,shap_tree
8,P16,BAG3,0.00015389804320875555,shap_tree
8,P16,RASGRP3,0.0,shap_tree
8,P16,PTPRK,0.0,shap_tree
8,P16,BANK1,0.0,shap_tree
8,P16,DAB2,0.0,shap_tree
8,P16,RBM45,0.0,shap_tree
8,P16,VSIG4,0.0,shap_tree
8,P16,NDUFAF6,0.0,shap_tree
8,P16,ADAMTSL3,0.0,shap_tree
8,P16,CXCL13,0.0001555053750053048,shap_tree
8,P16,MS4A1,2.8831413146690466e-05,shap_tree
8,P16,WDYHV1,0.0,shap_tree
8,P16,B3GNT7,0.0,shap_tree
8,P16,CCNB2,0.0,shap_tree
8,P16,C9orf91,0.0,shap_tree
8,P16,TMSB15B,0.0,shap_tree
8,P16,NCF1,0.0,shap_tree
8,P16,FCER1G,0.0004667744506150484,shap_tree
8,P16,TOMM40L,0.0,shap_tree
8,P16,C1QC,0.0,shap_tree
8,P16,PAQR4,0.0,shap_tree
8,P16,VCAM1,0.0,shap_tree
8,P16,NLRP3,0.0,shap_tree
8,P16,FCGR3B,0.0,shap_tree
8,P16,CTSS,0.0,shap_tree
8,P16,S100A9,4.687709952122532e-05,shap_tree
8,P16,IGFBP7,0.0,shap_tree
8,P16,ANKZF1,0.0,shap_tree
8,P16,FCRL1,2.8649130854319083e-06,shap_tree
8,P16,EIF5A2,0.0,shap_tree
8,P16,SMIM14,0.0,shap_tree
8,P16,ABHD6,0.0,shap_tree
8,P16,CXCL3,0.0,shap_tree
8,P16,RCHY1,6.9051168338774e-07,shap_tree
8,P16,GNL3,0.0,shap_tree
8,P16,SLC9B2,0.0,shap_tree
8,P16,SPRY1,0.0,shap_tree
8,P16,TMEM155,0.0,shap_tree
8,P16,ACSL6,0.0,shap_tree
8,P16,LEAP2,0.0,shap_tree
8,P16,SAP30L,0.0,shap_tree
8,P16,CTSB,0.0011318265460431576,shap_tree
8,P16,GEM,0.0,shap_tree
8,P16,FBP1,0.0004377840377856046,shap_tree
8,P16,IFI27,0.0,shap_tree
8,P16,CLMN,0.0,shap_tree
8,P16,ALKBH3,0.0,shap_tree
8,P16,ARIH1,0.0,shap_tree
8,P16,FAM227B,0.0,shap_tree
8,P16,TAF10,0.0,shap_tree
8,P16,PLD4,0.0,shap_tree
8,P16,XRRA1,0.0,shap_tree
8,P16,CLEC4E,0.0,shap_tree
8,P16,ANPEP,0.0,shap_tree
8,P16,PLK1,0.0,shap_tree
8,P16,C15orf48,0.0,shap_tree
8,P16,MS4A7,0.0,shap_tree
8,P16,EVA1C,0.0,shap_tree
8,P16,MEI1,0.0,shap_tree
8,P16,ACSF2,0.0,shap_tree
8,P16,POP5,0.0,shap_tree
8,P16,AXL,0.0,shap_tree
8,P16,ZNF558,0.0,shap_tree
8,P16,ECI1,0.0,shap_tree
8,P16,VPS37C,0.0,shap_tree
8,P16,BSCL2,0.0,shap_tree
8,P16,TRANK1,0.0,shap_tree
8,P16,NAALADL1,0.0,shap_tree
8,P16,CX3CR1,0.0,shap_tree
8,P16,TMEM208,0.0,shap_tree
8,P16,PKIG,0.0,shap_tree
8,P16,PPIP5K1,0.0,shap_tree
8,P16,PTK2,0.0,shap_tree
8,P16,RNASE6,0.0,shap_tree
8,P16,IL8,0.0,shap_tree
8,P16,GPR183,0.00020445167319849133,shap_tree
8,P16,LRRC45,0.0,shap_tree
8,P16,MT1E,0.0,shap_tree
8,P16,DUS1L,0.0,shap_tree
8,P16,KRT8,0.0,shap_tree
8,P16,CD14,0.0,shap_tree
8,P16,DNAJC18,0.0,shap_tree
8,P16,MZB1,0.0,shap_tree
8,P16,LILRA3,0.0,shap_tree
8,P16,ZNF561,0.0,shap_tree
8,P16,TBCA,0.0,shap_tree
8,P16,RRM2,0.0,shap_tree
8,P16,LGALS9C,0.0,shap_tree
8,P16,ATPAF2,0.0,shap_tree
8,P16,NME6,0.0,shap_tree
8,P16,CLEC12A,0.0,shap_tree
8,P16,ALG14,0.0,shap_tree
8,P16,DCP2,0.0,shap_tree
8,P16,HSPA6,0.0,shap_tree
8,P16,SLC2A14,0.0,shap_tree
8,P16,C1QB,0.0,shap_tree
8,P16,C1QA,0.0,shap_tree
8,P16,OLR1,0.0,shap_tree
8,P16,DAG1,0.0,shap_tree
8,P16,UBE2C,0.0,shap_tree
8,P16,ATG13,0.0,shap_tree
8,P16,APITD1,0.0,shap_tree
8,P16,MCTP1,0.0,shap_tree
8,P16,GAPT,0.0,shap_tree
8,P16,RMDN1,0.0,shap_tree
8,P16,DEAF1,0.0,shap_tree
8,P16,SLC38A9,0.0,shap_tree
8,P16,CD19,0.0,shap_tree
8,P16,CD163,1.621809678908903e-05,shap_tree
8,P16,BOLA1,0.0,shap_tree
8,P16,THBD,6.284115079324692e-05,shap_tree
8,P16,CPNE7,0.0,shap_tree
8,P16,EFCAB13,0.0,shap_tree
8,P16,AURKB,0.0,shap_tree
8,P16,ZNF816,0.0,shap_tree
8,P16,EIF2S3L,0.0,shap_tree
8,P16,SLC36A4,0.0,shap_tree
8,P16,ERCC6L2,0.0,shap_tree
8,P16,AFMID,0.0,shap_tree
8,P16,CCDC159,8.505931873514783e-06,shap_tree
8,P16,ALYREF,0.0,shap_tree
8,P16,IQGAP3,0.0,shap_tree
8,P16,TTC32,0.0,shap_tree
8,P16,COA3,0.0,shap_tree
8,P16,LRTOMT,0.0,shap_tree
8,P16,PLA2G6,0.0,shap_tree
8,P16,KNTC1,0.0,shap_tree
8,P16,TMED9,0.0,shap_tree
8,P16,TNFAIP2,0.0,shap_tree
8,P16,IRF7,9.392682841280475e-06,shap_tree
8,P16,IFIT1,0.0,shap_tree
8,P16,BTLA,0.0,shap_tree
8,P16,ANKRD37,2.739797309914138e-05,shap_tree
8,P16,CD300E,0.0,shap_tree
8,P16,TNFRSF4,0.0,shap_tree
8,P16,TNFRSF18,0.0,shap_tree
8,P16,GPR141,0.0,shap_tree
8,P16,LILRA5,0.0,shap_tree
8,P16,CMC1,0.0,shap_tree
8,P16,MT1X,0.0,shap_tree
8,P16,ISG15,0.00146984844468534,shap_tree
8,P16,FANCA,0.0,shap_tree
8,P16,ARHGAP11B,0.0,shap_tree
8,P16,TPRG1,0.0,shap_tree
8,P16,FBF1,0.0,shap_tree
8,P16,KIR2DL4,0.0,shap_tree
8,P16,TUBB,0.0,shap_tree
8,P16,TCF4,0.0,shap_tree
8,P16,NF1,0.0,shap_tree
8,P16,HLA-DQA1,0.0006113319541327655,shap_tree
8,P16,PGAP1,0.0,shap_tree
8,P16,HIST1H4J,0.0,shap_tree
8,P16,SERPINA1,0.0,shap_tree
8,P16,CCL4L2,0.0,shap_tree
8,P16,ZNF165,0.0,shap_tree
8,P16,BLM,0.0,shap_tree
8,P16,PSAP,0.0,shap_tree
8,P16,CFD,0.0,shap_tree
8,P16,HIBCH,0.0,shap_tree
8,P16,SPRED2,0.0,shap_tree
8,P16,CTNND1,0.0,shap_tree
8,P16,FAM19A2,0.0,shap_tree
8,P16,TMEM184B,0.0,shap_tree
8,P16,GK,3.027862294402439e-05,shap_tree
8,P16,OPA1,0.0,shap_tree
8,P16,TGM2,0.0,shap_tree
8,P16,ZNF525,0.0,shap_tree
8,P16,FCGR3A,0.0001776031858753413,shap_tree
8,P16,HIST2H2AA4,3.3649841952865245e-06,shap_tree
8,P16,C10orf128,0.0,shap_tree
8,P16,HLA-DRA,0.0007708105840720236,shap_tree
8,P16,NEU1,7.512492447858676e-05,shap_tree
8,P16,HSPA1B,0.0008708824752829969,shap_tree
8,P16,HSPA1A,0.001195817138068378,shap_tree
8,P16,AIF1,0.0,shap_tree
8,P16,LST1,0.0,shap_tree
8,P16,CCL4L1,0.011370179243385792,shap_tree
8,P16,CCL3L1,0.0,shap_tree
8,P16,CPT1B,0.0,shap_tree
8,P16,FAM24B,0.0,shap_tree
8,P16,TREX1,0.0,shap_tree
8,P16,DNASE1,0.0,shap_tree
8,P16,ITGA1,1.3645792932948098e-05,shap_tree
8,P16,MYL5,0.0,shap_tree
8,P16,IFI30,0.0002529206685721874,shap_tree
8,P16,FANCG,0.0,shap_tree
8,P16,SLC26A6,0.0,shap_tree
8,P16,LTA,0.0,shap_tree
8,P16,TNF,0.0,shap_tree
8,P16,HIST1H2BN,0.0,shap_tree
8,P16,ACAD11,0.0,shap_tree
8,P16,PPIL3,0.0,shap_tree
8,P16,KIR3DL2,0.0,shap_tree
8,P16,KIR2DL3,0.0,shap_tree
8,P16,INSL3,0.0,shap_tree
8,P16,CHCHD10,0.0,shap_tree
8,P16,RP11-849H4.2,0.0,shap_tree
8,P16,IGLL5,0.0,shap_tree
8,P16,HIST1H3G,0.0,shap_tree
8,P16,CCL3L3,0.0,shap_tree
8,P16,CEP95,0.0,shap_tree
8,P16,PMF1-BGLAP,0.0,shap_tree
8,P16,AARSD1,0.0,shap_tree
8,P16,AL161784.1,0.0,shap_tree
8,P16,AC018867.2,0.0,shap_tree
8,P16,SPIB,0.0,shap_tree
9,P17,FGR,0.0,shap_tree
9,P17,TMEM176A,0.0,shap_tree
9,P17,NDUFAF7,0.0,shap_tree
9,P17,ST7,0.0,shap_tree
9,P17,CCL3,0.0,shap_tree
9,P17,CD79B,0.0,shap_tree
9,P17,DLEC1,0.0,shap_tree
9,P17,CD9,0.0,shap_tree
9,P17,PLAUR,0.0,shap_tree
9,P17,TYROBP,0.0,shap_tree
9,P17,CD22,0.0,shap_tree
9,P17,EXTL3,0.0,shap_tree
9,P17,PGM3,0.0,shap_tree
9,P17,SLC11A1,9.834783122641966e-05,shap_tree
9,P17,MARCO,0.0,shap_tree
9,P17,CD74,0.0003539069730322808,shap_tree
9,P17,NR1H3,0.0,shap_tree
9,P17,AGPAT4,0.0,shap_tree
9,P17,NUP160,0.0,shap_tree
9,P17,GRN,9.256042176275514e-06,shap_tree
9,P17,NSMAF,0.0,shap_tree
9,P17,STAP1,0.0,shap_tree
9,P17,TRIO,0.0,shap_tree
9,P17,VCAN,0.0,shap_tree
9,P17,CAPG,0.0,shap_tree
9,P17,ADAM28,0.0,shap_tree
9,P17,TNFRSF9,0.0,shap_tree
9,P17,ST3GAL6,0.0,shap_tree
9,P17,FAR2,0.0,shap_tree
9,P17,ADAT1,0.0,shap_tree
9,P17,MAP2K4,0.0,shap_tree
9,P17,ZNRD1,0.0,shap_tree
9,P17,STAG3,0.0,shap_tree
9,P17,METTL22,7.77204695623368e-06,shap_tree
9,P17,ROGDI,0.0,shap_tree
9,P17,BCL3,2.081826778521645e-06,shap_tree
9,P17,WIPI1,0.0,shap_tree
9,P17,AP3M2,0.0,shap_tree
9,P17,SEL1L,0.0,shap_tree
9,P17,TFRC,0.0,shap_tree
9,P17,MPP5,0.0,shap_tree
9,P17,FCGR2B,0.0,shap_tree
9,P17,TXK,0.0,shap_tree
9,P17,SLC46A1,0.0,shap_tree
9,P17,GTF3C1,0.0,shap_tree
9,P17,FAM76B,0.0,shap_tree
9,P17,PIK3C3,0.0,shap_tree
9,P17,SLC1A3,0.0,shap_tree
9,P17,TNS1,0.0,shap_tree
9,P17,CEACAM1,0.0,shap_tree
9,P17,SESN1,0.0,shap_tree
9,P17,HSP90AA1,6.648403541476e-06,shap_tree
9,P17,CXCL2,0.0,shap_tree
9,P17,COBLL1,0.0,shap_tree
9,P17,NFE2L1,0.0,shap_tree
9,P17,KAT6A,0.0,shap_tree
9,P17,FCN1,0.0,shap_tree
9,P17,SCAMP1,0.0,shap_tree
9,P17,ERGIC2,0.0,shap_tree
9,P17,OAS1,0.0,shap_tree
9,P17,LYZ,0.0,shap_tree
9,P17,ZNF268,0.0,shap_tree
9,P17,PABPC4,0.0,shap_tree
9,P17,WDR7,0.0,shap_tree
9,P17,HDAC6,0.0,shap_tree
9,P17,AAAS,0.0,shap_tree
9,P17,BLNK,0.0,shap_tree
9,P17,ACOT7,0.0,shap_tree
9,P17,GADD45B,1.1523839930305257e-05,shap_tree
9,P17,TRMT2A,0.0,shap_tree
9,P17,GGT1,0.0,shap_tree
9,P17,LGALS2,0.0,shap_tree
9,P17,RHBDD3,0.0,shap_tree
9,P17,HMOX1,0.0,shap_tree
9,P17,CDKL1,0.0,shap_tree
9,P17,LGMN,0.0,shap_tree
9,P17,TCL1A,0.0,shap_tree
9,P17,GMPR2,0.0,shap_tree
9,P17,PLTP,0.0,shap_tree
9,P17,MMP9,0.0,shap_tree
9,P17,NDUFAF5,0.0,shap_tree
9,P17,CDK5RAP1,0.0,shap_tree
9,P17,CST3,0.0,shap_tree
9,P17,ALG13,0.0,shap_tree
9,P17,WDR13,0.0,shap_tree
9,P17,CDK16,0.0,shap_tree
9,P17,CD40LG,0.0,shap_tree
9,P17,TIMP1,0.0,shap_tree
9,P17,GLA,0.0,shap_tree
9,P17,KIAA0226L,0.0,shap_tree
9,P17,ACP5,0.0,shap_tree
9,P17,TSC22D1,0.0,shap_tree
9,P17,MTFMT,7.203679501799343e-07,shap_tree
9,P17,FAH,0.0,shap_tree
9,P17,DTWD1,0.0,shap_tree
9,P17,NIPAL2,0.0,shap_tree
9,P17,ZC2HC1A,0.0,shap_tree
9,P17,IL7,0.0,shap_tree
9,P17,ASAH1,0.0,shap_tree
9,P17,SARS2,0.0,shap_tree
9,P17,DOT1L,0.0,shap_tree
9,P17,FCER2,0.0,shap_tree
9,P17,IL4I1,0.0,shap_tree
9,P17,ZNF419,0.0,shap_tree
9,P17,PDCD5,0.00018279542564414442,shap_tree
9,P17,ANKRD27,0.0,shap_tree
9,P17,CD79A,0.0,shap_tree
9,P17,ATP1A3,0.0,shap_tree
9,P17,LILRB5,0.0,shap_tree
9,P17,PON2,0.0,shap_tree
9,P17,CPVL,0.0,shap_tree
9,P17,HSPB1,0.00027499301359057426,shap_tree
9,P17,SNX8,0.0,shap_tree
9,P17,TMEM176B,0.0,shap_tree
9,P17,RASSF4,0.0,shap_tree
9,P17,RAD51C,0.0,shap_tree
9,P17,RECQL5,0.0,shap_tree
9,P17,PIGL,0.0,shap_tree
9,P17,GALK1,0.0,shap_tree
9,P17,NUP88,0.0,shap_tree
9,P17,CPD,0.0,shap_tree
9,P17,CCL2,0.0,shap_tree
9,P17,RAB34,0.0,shap_tree
9,P17,SLC2A9,0.0,shap_tree
9,P17,CRTAM,0.0,shap_tree
9,P17,MS4A6A,0.0,shap_tree
9,P17,MS4A4A,0.0,shap_tree
9,P17,CD81,0.0,shap_tree
9,P17,PRR4,0.0,shap_tree
9,P17,ACAD10,0.0,shap_tree
9,P17,GTF2H3,0.0,shap_tree
9,P17,STX2,0.0,shap_tree
9,P17,IFNG,0.0,shap_tree
9,P17,NOP2,0.0,shap_tree
9,P17,GNPTAB,0.0,shap_tree
9,P17,CLEC4A,0.0,shap_tree
9,P17,ADTRP,0.0,shap_tree
9,P17,CD83,0.0,shap_tree
9,P17,APBB3,0.0,shap_tree
9,P17,TFDP2,0.0,shap_tree
9,P17,EPB41L5,0.0,shap_tree
9,P17,DNAJC27,0.0,shap_tree
9,P17,FN1,0.0,shap_tree
9,P17,EPHA4,0.0,shap_tree
9,P17,RALGPS2,0.0,shap_tree
9,P17,AMPD2,0.0,shap_tree
9,P17,TTF2,0.0,shap_tree
9,P17,GBP1,0.0027777506038546562,shap_tree
9,P17,CDC20,0.0,shap_tree
9,P17,STMN1,0.0,shap_tree
9,P17,CTSD,4.031164280604571e-05,shap_tree
9,P17,C1orf54,0.0,shap_tree
9,P17,LRMP,0.0,shap_tree
9,P17,SGK1,0.0,shap_tree
9,P17,ARMC2,0.0,shap_tree
9,P17,SPP1,0.0,shap_tree
9,P17,CSF3R,0.0,shap_tree
9,P17,NPC2,0.00010770408698590472,shap_tree
9,P17,BCL11A,0.0,shap_tree
9,P17,IFIT3,0.0,shap_tree
9,P17,TGFBI,0.0028436908032745123,shap_tree
9,P17,CLU,0.0,shap_tree
9,P17,AKAP1,0.0,shap_tree
9,P17,SEC22A,0.0,shap_tree
9,P17,LY9,4.5261291234055534e-05,shap_tree
9,P17,PLAU,0.0,shap_tree
9,P17,EGR2,0.0,shap_tree
9,P17,MMP19,0.0,shap_tree
9,P17,NR4A1,0.0001737765851430595,shap_tree
9,P17,TUBA1B,0.0,shap_tree
9,P17,ATPAF1,0.0,shap_tree
9,P17,METTL8,0.0,shap_tree
9,P17,G0S2,7.855433977965731e-06,shap_tree
9,P17,SLC12A4,0.0,shap_tree
9,P17,F13A1,0.0,shap_tree
9,P17,TREM1,0.0,shap_tree
9,P17,SOX4,0.0,shap_tree
9,P17,BBS2,0.0,shap_tree
9,P17,MT2A,0.007046050392091274,shap_tree
9,P17,GPR18,0.0,shap_tree
9,P17,PTGER2,0.0,shap_tree
9,P17,NUP85,0.0,shap_tree
9,P17,IL1B,0.0,shap_tree
9,P17,CCR7,0.012740838341414928,shap_tree
9,P17,NSRP1,0.0,shap_tree
9,P17,IFI6,0.04039667546749115,shap_tree
9,P17,CFP,0.0,shap_tree
9,P17,L3HYPDH,0.0,shap_tree
9,P17,VPREB3,0.0,shap_tree
9,P17,APOBEC3A,0.0,shap_tree
9,P17,CD68,3.758380273666262e-07,shap_tree
9,P17,CCL4,3.701941022882238e-05,shap_tree
9,P17,PARP2,0.0,shap_tree
9,P17,SAT1,0.0,shap_tree
9,P17,APOE,0.0,shap_tree
9,P17,TRPM4,0.0,shap_tree
9,P17,DKC1,0.0,shap_tree
9,P17,ULBP2,0.0,shap_tree
9,P17,ACSS2,0.0,shap_tree
9,P17,NINJ1,0.0,shap_tree
9,P17,LGALS3,0.0005217704456299543,shap_tree
9,P17,DNAJB1,0.00012428956688381732,shap_tree
9,P17,FCRLA,0.0,shap_tree
9,P17,PTCD3,0.0,shap_tree
9,P17,SERPINF1,0.0,shap_tree
9,P17,IGJ,0.0,shap_tree
9,P17,CLEC10A,0.0,shap_tree
9,P17,PRMT7,0.0,shap_tree
9,P17,MORC4,0.0,shap_tree
9,P17,SUV420H2,0.0,shap_tree
9,P17,E2F5,0.0,shap_tree
9,P17,HSD17B4,0.0,shap_tree
9,P17,KLRC1,0.0,shap_tree
9,P17,SLC37A2,0.0,shap_tree
9,P17,APC,0.0,shap_tree
9,P17,NREP,0.0,shap_tree
9,P17,CTSL,0.0,shap_tree
9,P17,COQ10A,0.0,shap_tree
9,P17,CPM,0.0,shap_tree
9,P17,GLUL,0.0,shap_tree
9,P17,GPNMB,0.0,shap_tree
9,P17,IL1RN,0.0,shap_tree
9,P17,TXN,0.0005692454869858921,shap_tree
9,P17,IL11RA,0.0,shap_tree
9,P17,IRF4,0.0,shap_tree
9,P17,IER3,0.0,shap_tree
9,P17,SLCO2B1,0.0,shap_tree
9,P17,RNF121,0.0,shap_tree
9,P17,IFI44L,0.0,shap_tree
9,P17,IFI44,0.0,shap_tree
9,P17,DNAJC13,0.0,shap_tree
9,P17,TMOD3,0.0,shap_tree
9,P17,SPPL2A,0.0,shap_tree
9,P17,ARHGAP24,0.0,shap_tree
9,P17,CASP6,0.0,shap_tree
9,P17,LEF1,9.117705985772773e-07,shap_tree
9,P17,CLSTN3,0.0,shap_tree
9,P17,TMEM19,0.0,shap_tree
9,P17,GPR84,0.0,shap_tree
9,P17,SMARCC2,0.0,shap_tree
9,P17,SLC38A6,0.0,shap_tree
9,P17,WARS,0.011181611567735672,shap_tree
9,P17,HMG20A,0.0,shap_tree
9,P17,NEIL1,0.0,shap_tree
9,P17,TPM1,0.0,shap_tree
9,P17,IGF1R,0.0,shap_tree
9,P17,IRF8,0.0,shap_tree
9,P17,SCRN2,3.407915073694312e-06,shap_tree
9,P17,TP53,0.0,shap_tree
9,P17,IFITM3,0.000824138754978776,shap_tree
9,P17,SLC2A5,0.0,shap_tree
9,P17,MMEL1,0.0,shap_tree
9,P17,GPN2,0.0,shap_tree
9,P17,ADC,0.0,shap_tree
9,P17,XCL2,0.0,shap_tree
9,P17,PPOX,0.0,shap_tree
9,P17,FCGR2A,2.6740835892269388e-05,shap_tree
9,P17,RRNAD1,0.0,shap_tree
9,P17,ABL2,0.0,shap_tree
9,P17,CTSK,0.0,shap_tree
9,P17,S100A8,0.0,shap_tree
9,P17,SLC27A3,0.0,shap_tree
9,P17,SFXN5,0.0,shap_tree
9,P17,AFF3,0.0,shap_tree
9,P17,FANCD2,0.0,shap_tree
9,P17,EAF2,0.0,shap_tree
9,P17,PLAC8,0.0,shap_tree
9,P17,PLK2,0.0,shap_tree
9,P17,MMS22L,0.0,shap_tree
9,P17,PLIN2,0.0,shap_tree
9,P17,FBXO10,0.0,shap_tree
9,P17,GSN,0.0,shap_tree
9,P17,MRRF,0.0,shap_tree
9,P17,SERPINH1,0.0,shap_tree
9,P17,TMEM138,0.0,shap_tree
9,P17,FADS1,0.0,shap_tree
9,P17,TM7SF2,0.0,shap_tree
9,P17,FCGR1A,0.0,shap_tree
9,P17,RGS18,0.0,shap_tree
9,P17,PRSS23,0.0,shap_tree
9,P17,CACNA2D4,0.0,shap_tree
9,P17,PTPRO,0.0,shap_tree
9,P17,BAG3,5.5737309594405815e-05,shap_tree
9,P17,FARP1,0.0,shap_tree
9,P17,BANK1,0.0,shap_tree
9,P17,DAB2,0.0,shap_tree
9,P17,LY96,0.0,shap_tree
9,P17,TSEN2,0.0,shap_tree
9,P17,CDK19,0.0,shap_tree
9,P17,SLC25A28,0.0,shap_tree
9,P17,VSIG4,0.0,shap_tree
9,P17,CXCL13,0.000562840374186635,shap_tree
9,P17,FAM122B,0.0,shap_tree
9,P17,MS4A1,0.00023350422270596027,shap_tree
9,P17,WDYHV1,0.0,shap_tree
9,P17,B3GNT7,0.0,shap_tree
9,P17,CCNB2,0.0,shap_tree
9,P17,MYO1E,0.0,shap_tree
9,P17,APPL1,0.0,shap_tree
9,P17,FAIM,0.0,shap_tree
9,P17,RNF207,0.0,shap_tree
9,P17,TMSB15B,0.0,shap_tree
9,P17,NCF1,0.0,shap_tree
9,P17,FCER1G,0.0005067792371846735,shap_tree
9,P17,C1QC,0.0,shap_tree
9,P17,SPON2,0.0,shap_tree
9,P17,IL6R,0.0,shap_tree
9,P17,LMNA,0.0,shap_tree
9,P17,ZNF577,0.0,shap_tree
9,P17,PAQR4,0.0,shap_tree
9,P17,CLPB,0.0,shap_tree
9,P17,CYB561A3,0.0,shap_tree
9,P17,NOL9,0.0,shap_tree
9,P17,VCAM1,0.0017099779797717929,shap_tree
9,P17,NLRP3,0.0,shap_tree
9,P17,ATF3,0.0,shap_tree
9,P17,CTSS,0.0,shap_tree
9,P17,S100A9,8.954503755376209e-06,shap_tree
9,P17,ANKZF1,0.0,shap_tree
9,P17,FCRL1,0.0,shap_tree
9,P17,ICA1L,0.0,shap_tree
9,P17,SMIM14,0.0,shap_tree
9,P17,ABHD6,0.0,shap_tree
9,P17,CXCL3,0.0,shap_tree
9,P17,RCHY1,0.0,shap_tree
9,P17,GNL3,0.0,shap_tree
9,P17,PIGX,0.0,shap_tree
9,P17,PGRMC2,0.0,shap_tree
9,P17,SPRY1,0.0,shap_tree
9,P17,ITGA2,0.0,shap_tree
9,P17,CTSB,5.064190918346867e-05,shap_tree
9,P17,GEM,0.0,shap_tree
9,P17,LETM2,0.0,shap_tree
9,P17,FBP1,0.0010063056834042072,shap_tree
9,P17,NDRG2,0.0,shap_tree
9,P17,CLMN,0.0,shap_tree
9,P17,ARIH1,1.7710888187139062e-06,shap_tree
9,P17,STXBP4,0.0,shap_tree
9,P17,TAF10,0.0,shap_tree
9,P17,WEE1,0.0,shap_tree
9,P17,CLEC4E,0.0,shap_tree
9,P17,CATSPER2,0.0,shap_tree
9,P17,ANPEP,0.0,shap_tree
9,P17,PLK1,0.0,shap_tree
9,P17,C15orf48,0.0,shap_tree
9,P17,MS4A7,0.0,shap_tree
9,P17,MEI1,0.0,shap_tree
9,P17,GNGT2,0.0,shap_tree
9,P17,FBXO22,0.0,shap_tree
9,P17,POP5,0.0,shap_tree
9,P17,ENTHD2,0.0,shap_tree
9,P17,TRIM68,0.0,shap_tree
9,P17,RHEBL1,0.0,shap_tree
9,P17,CHAF1A,0.0,shap_tree
9,P17,VPS37C,0.0,shap_tree
9,P17,BSCL2,0.0,shap_tree
9,P17,TRANK1,0.0,shap_tree
9,P17,BMI1,0.0,shap_tree
9,P17,CX3CR1,0.0,shap_tree
9,P17,SLC20A2,0.0,shap_tree
9,P17,FAM84B,0.0,shap_tree
9,P17,LDLRAD4,1.0912610377999954e-05,shap_tree
9,P17,TMEM208,0.0,shap_tree
9,P17,PKIG,0.0,shap_tree
9,P17,RNASE6,0.0,shap_tree
9,P17,IL8,0.0,shap_tree
9,P17,GPR183,7.970713340910152e-05,shap_tree
9,P17,CLIC3,0.0,shap_tree
9,P17,MT1E,0.0,shap_tree
9,P17,TAPT1,0.0,shap_tree
9,P17,GLB1,8.84256005520001e-05,shap_tree
9,P17,CD14,0.0,shap_tree
9,P17,GTSF1,0.0,shap_tree
9,P17,LILRA3,0.0,shap_tree
9,P17,RRM2,0.0,shap_tree
9,P17,LGALS9C,0.0,shap_tree
9,P17,CLEC12A,0.0,shap_tree
9,P17,FGGY,0.0,shap_tree
9,P17,DCP2,0.0,shap_tree
9,P17,ZNF621,0.0,shap_tree
9,P17,HSPA6,0.0,shap_tree
9,P17,MZT2A,0.0,shap_tree
9,P17,C1QB,0.0,shap_tree
9,P17,C1QA,0.0,shap_tree
9,P17,OLR1,0.0,shap_tree
9,P17,DAG1,0.0,shap_tree
9,P17,SULT1B1,0.0,shap_tree
9,P17,CXorf23,0.0,shap_tree
9,P17,ZNF80,0.0,shap_tree
9,P17,APITD1,0.0,shap_tree
9,P17,MCTP1,0.0,shap_tree
9,P17,ZNF683,0.0,shap_tree
9,P17,METRNL,0.0,shap_tree
9,P17,TYMS,0.00011253544653300196,shap_tree
9,P17,SLC38A9,0.0,shap_tree
9,P17,CD19,4.174199602857698e-06,shap_tree
9,P17,ZBED2,0.0,shap_tree
9,P17,CD163,0.0,shap_tree
9,P17,BOLA1,0.0,shap_tree
9,P17,GEN1,0.0,shap_tree
9,P17,DTX3,0.0,shap_tree
9,P17,THBD,0.0,shap_tree
9,P17,EFCAB13,0.0,shap_tree
9,P17,DPY19L3,0.0,shap_tree
9,P17,AURKB,0.0,shap_tree
9,P17,ZNF571,0.0,shap_tree
9,P17,S1PR5,2.7798265364253893e-05,shap_tree
9,P17,FCRL6,0.0,shap_tree
9,P17,ZNF678,0.0,shap_tree
9,P17,UBA7,0.0,shap_tree
9,P17,CADM1,0.0,shap_tree
9,P17,AFMID,0.0,shap_tree
9,P17,DGCR6,0.0,shap_tree
9,P17,IQGAP3,0.0,shap_tree
9,P17,TTC32,0.0,shap_tree
9,P17,COA3,0.0,shap_tree
9,P17,CLECL1,0.0,shap_tree
9,P17,KNTC1,0.0,shap_tree
9,P17,TMED9,0.0,shap_tree
9,P17,TNFAIP2,0.0,shap_tree
9,P17,WBP5,0.0,shap_tree
9,P17,IRF7,0.0,shap_tree
9,P17,IFIT1,0.0,shap_tree
9,P17,PTCH1,0.0,shap_tree
9,P17,CD300E,0.0,shap_tree
9,P17,UBE2H,0.0,shap_tree
9,P17,TNFRSF18,0.0,shap_tree
9,P17,LILRA5,0.0,shap_tree
9,P17,CMC1,0.0,shap_tree
9,P17,MT1X,0.0,shap_tree
9,P17,SESTD1,0.0,shap_tree
9,P17,ISG15,0.0028419618029147387,shap_tree
9,P17,FANCA,0.0,shap_tree
9,P17,ARHGAP11B,0.0,shap_tree
9,P17,ZNF559,0.0,shap_tree
9,P17,FAM26F,0.0,shap_tree
9,P17,KIR2DL4,0.0,shap_tree
9,P17,ZNF573,0.0,shap_tree
9,P17,ZNF250,0.0,shap_tree
9,P17,TUBB,0.0,shap_tree
9,P17,C1orf186,0.0,shap_tree
9,P17,ZFP62,0.0,shap_tree
9,P17,HLA-DQA1,7.302931771846488e-05,shap_tree
9,P17,ZNF420,0.0,shap_tree
9,P17,HIST1H4J,0.0,shap_tree
9,P17,SERPINA1,0.0,shap_tree
9,P17,CCL4L2,0.0,shap_tree
9,P17,ZNF165,0.0,shap_tree
9,P17,C5orf42,0.0,shap_tree
9,P17,NMB,0.0,shap_tree
9,P17,PSAP,0.0,shap_tree
9,P17,HIST1H2BF,0.0,shap_tree
9,P17,MPZL1,0.0,shap_tree
9,P17,FCGR1B,0.0,shap_tree
9,P17,HIBCH,0.0,shap_tree
9,P17,HIST1H3A,0.0,shap_tree
9,P17,SPRED2,0.0,shap_tree
9,P17,ZNF789,0.0,shap_tree
9,P17,TMEM184B,0.0,shap_tree
9,P17,OPA1,0.0,shap_tree
9,P17,TGM2,0.0,shap_tree
9,P17,FCGR3A,4.141926910961047e-05,shap_tree
9,P17,HIST2H2AA4,0.0,shap_tree
9,P17,HLA-DRA,0.0002271198754897341,shap_tree
9,P17,PBX2,0.0,shap_tree
9,P17,NEU1,2.7763058824348263e-05,shap_tree
9,P17,HSPA1B,0.00017570419004186988,shap_tree
9,P17,HSPA1A,7.368674414465204e-05,shap_tree
9,P17,LY6G5C,0.0,shap_tree
9,P17,AIF1,0.0,shap_tree
9,P17,LST1,0.0,shap_tree
9,P17,TCTN1,0.0,shap_tree
9,P17,CCL4L1,0.019279927015304565,shap_tree
9,P17,CCL3L1,0.0,shap_tree
9,P17,ITSN1,0.0,shap_tree
9,P17,CRYZL1,0.0,shap_tree
9,P17,TREX1,0.0,shap_tree
9,P17,MDP1,0.0,shap_tree
9,P17,MYL5,0.0,shap_tree
9,P17,IFI30,7.167388685047626e-05,shap_tree
9,P17,FANCG,0.0,shap_tree
9,P17,SLC26A6,0.0,shap_tree
9,P17,HSBP1L1,0.0,shap_tree
9,P17,LTB,0.0,shap_tree
9,P17,HIST1H2BN,0.0,shap_tree
9,P17,PPIL3,0.0,shap_tree
9,P17,HLA-DOB,0.0,shap_tree
9,P17,KIR2DL3,0.0,shap_tree
9,P17,ZNF585B,0.0,shap_tree
9,P17,CHCHD10,0.0,shap_tree
9,P17,ZNF674,0.0,shap_tree
9,P17,ZNF345,0.0,shap_tree
9,P17,CSNK2A3,0.0,shap_tree
9,P17,HIST1H3G,0.0,shap_tree
9,P17,CCL3L3,0.0,shap_tree
9,P17,PMF1-BGLAP,0.0,shap_tree
9,P17,AARSD1,0.0,shap_tree
9,P17,AL161784.1,0.0,shap_tree
9,P17,AC018867.2,0.0,shap_tree
9,P17,SPIB,0.0,shap_tree
10,P18,FGR,0.0,shap_tree
10,P18,TMEM176A,1.2855780369136482e-05,shap_tree
10,P18,FKBP4,6.944802589714527e-05,shap_tree
10,P18,GCFC2,0.0,shap_tree
10,P18,CCL3,0.012107792310416698,shap_tree
10,P18,CD79B,0.0005211324314586818,shap_tree
10,P18,CYB561,0.0,shap_tree
10,P18,PKD1,0.0,shap_tree
10,P18,CD9,8.02834165369859e-06,shap_tree
10,P18,PLAUR,0.0,shap_tree
10,P18,TYROBP,0.0005351164727471769,shap_tree
10,P18,CD22,0.0005078371614217758,shap_tree
10,P18,SLC11A1,4.224384156259475e-06,shap_tree
10,P18,MARCO,0.0,shap_tree
10,P18,CD74,0.028689511120319366,shap_tree
10,P18,ZNF839,0.0,shap_tree
10,P18,NUP160,0.0,shap_tree
10,P18,GRN,0.0006258023204281926,shap_tree
10,P18,APBA2,0.0,shap_tree
10,P18,VCAN,0.0,shap_tree
10,P18,CAPG,0.0,shap_tree
10,P18,ADAM28,0.00012603845971170813,shap_tree
10,P18,TNFRSF9,5.980476635158993e-05,shap_tree
10,P18,RRP12,0.0,shap_tree
10,P18,FAR2,0.0,shap_tree
10,P18,ASB1,0.0,shap_tree
10,P18,STAG3,0.0,shap_tree
10,P18,PRKCZ,0.0,shap_tree
10,P18,ROGDI,0.0,shap_tree
10,P18,BCL3,2.0458166545722634e-05,shap_tree
10,P18,TFRC,2.933738869614899e-06,shap_tree
10,P18,LLGL2,0.0,shap_tree
10,P18,NLE1,0.0,shap_tree
10,P18,MAP3K13,0.0,shap_tree
10,P18,BCS1L,0.0,shap_tree
10,P18,FSCN1,0.0,shap_tree
10,P18,SLC46A1,0.0,shap_tree
10,P18,GTF3C1,0.0,shap_tree
10,P18,FAM76B,0.0,shap_tree
10,P18,TNS1,0.0,shap_tree
10,P18,REXO1,0.0,shap_tree
10,P18,SESN1,0.0,shap_tree
10,P18,HSP90AA1,0.0023677130229771137,shap_tree
10,P18,CXCL2,1.863429247350723e-06,shap_tree
10,P18,COBLL1,0.0,shap_tree
10,P18,NFE2L1,0.0,shap_tree
10,P18,KAT6A,6.758452218491584e-05,shap_tree
10,P18,P2RX5,0.0,shap_tree
10,P18,FCN1,3.997900876129279e-06,shap_tree
10,P18,DDHD2,2.8200276574352756e-05,shap_tree
10,P18,ERGIC2,1.2877492736151908e-05,shap_tree
10,P18,OAS1,0.0006098588928580284,shap_tree
10,P18,LYZ,0.0,shap_tree
10,P18,PABPC4,2.425308593956288e-05,shap_tree
10,P18,ITGA6,1.440827236365294e-05,shap_tree
10,P18,CD200,0.0,shap_tree
10,P18,RNF31,0.0,shap_tree
10,P18,AAAS,0.0,shap_tree
10,P18,HOOK2,2.995132854266558e-05,shap_tree
10,P18,BLNK,0.00015576358418911695,shap_tree
10,P18,ACOT7,0.0,shap_tree
10,P18,TRMT2A,0.0,shap_tree
10,P18,LGALS2,0.0,shap_tree
10,P18,RHBDD3,0.0,shap_tree
10,P18,HMOX1,0.0,shap_tree
10,P18,PRMT5,0.0,shap_tree
10,P18,CDKL1,0.0,shap_tree
10,P18,CDKN3,0.0,shap_tree
10,P18,TIMM9,0.0,shap_tree
10,P18,LGMN,0.0,shap_tree
10,P18,TCL1A,0.0,shap_tree
10,P18,GMPR2,0.0,shap_tree
10,P18,PLTP,0.0,shap_tree
10,P18,MMP9,0.0,shap_tree
10,P18,NDUFAF5,0.0,shap_tree
10,P18,CDK5RAP1,0.0,shap_tree
10,P18,CST3,0.0011111240601167083,shap_tree
10,P18,ALG13,0.00011820175859611481,shap_tree
10,P18,WDR13,0.0,shap_tree
10,P18,FMR1,0.0,shap_tree
10,P18,CD40LG,0.0,shap_tree
10,P18,TIMP1,6.415472307708114e-05,shap_tree
10,P18,GLA,9.393361324327998e-06,shap_tree
10,P18,KIAA0226L,0.0,shap_tree
10,P18,ACP5,0.0,shap_tree
10,P18,RGCC,0.00011752230784622952,shap_tree
10,P18,CLUAP1,0.0,shap_tree
10,P18,GABPB1,0.0,shap_tree
10,P18,IL7,0.0,shap_tree
10,P18,PPP2CB,0.0,shap_tree
10,P18,ASAH1,0.0,shap_tree
10,P18,SARS2,5.237672212388134e-06,shap_tree
10,P18,FCER2,0.0,shap_tree
10,P18,IL4I1,0.0,shap_tree
10,P18,PDCD5,0.00017081416444852948,shap_tree
10,P18,CD79A,0.023939920589327812,shap_tree
10,P18,LILRB5,0.0,shap_tree
10,P18,PON2,0.0,shap_tree
10,P18,MPP6,0.0,shap_tree
10,P18,CAV1,0.0003363829746376723,shap_tree
10,P18,CPVL,0.0,shap_tree
10,P18,ABHD11,0.0,shap_tree
10,P18,EPHB6,0.0,shap_tree
10,P18,HSPB1,0.0022939105983823538,shap_tree
10,P18,RBM28,0.0,shap_tree
10,P18,TMEM176B,0.0,shap_tree
10,P18,RASSF4,0.0001588595478096977,shap_tree
10,P18,ARHGAP21,0.0,shap_tree
10,P18,PIGL,2.0954326828359626e-05,shap_tree
10,P18,GALK1,0.0,shap_tree
10,P18,ENO3,0.0,shap_tree
10,P18,RASD1,0.0,shap_tree
10,P18,NUP88,0.0,shap_tree
10,P18,LGALS3BP,4.094039013580186e-06,shap_tree
10,P18,CCL2,0.0,shap_tree
10,P18,RAB34,0.00010107432899530977,shap_tree
10,P18,CRTAM,1.74517190316692e-05,shap_tree
10,P18,MS4A6A,0.00014574525994248688,shap_tree
10,P18,MS4A4A,0.0,shap_tree
10,P18,ACCS,0.0,shap_tree
10,P18,CD81,0.00017406015831511468,shap_tree
10,P18,GTF2H3,0.0,shap_tree
10,P18,IFNG,0.0025614858604967594,shap_tree
10,P18,NOP2,0.0,shap_tree
10,P18,GNPTAB,0.0,shap_tree
10,P18,KLRB1,4.112259830435505e-06,shap_tree
10,P18,MDGA1,0.0,shap_tree
10,P18,CD83,0.0003420645953156054,shap_tree
10,P18,APBB3,1.8903536329162307e-05,shap_tree
10,P18,TRAPPC13,0.0,shap_tree
10,P18,PFKFB4,0.0,shap_tree
10,P18,CISH,0.0,shap_tree
10,P18,GORASP1,0.0,shap_tree
10,P18,EPB41L5,0.0,shap_tree
10,P18,FN1,0.0,shap_tree
10,P18,CEP104,0.0,shap_tree
10,P18,KIAA1324,0.0,shap_tree
10,P18,AMPD2,1.401562440150883e-05,shap_tree
10,P18,TTF2,0.0,shap_tree
10,P18,GBP1,0.026170605793595314,shap_tree
10,P18,ID3,7.012736750766635e-05,shap_tree
10,P18,CDC20,0.0,shap_tree
10,P18,RCOR3,0.0,shap_tree
10,P18,STMN1,0.0,shap_tree
10,P18,NENF,0.0,shap_tree
10,P18,CTSD,0.008272184990346432,shap_tree
10,P18,C1orf54,0.0,shap_tree
10,P18,SPP1,0.0,shap_tree
10,P18,FAM206A,0.0,shap_tree
10,P18,CSF3R,0.00023141193378251046,shap_tree
10,P18,NPC2,0.00047961410018615425,shap_tree
10,P18,BCL11A,0.004084876272827387,shap_tree
10,P18,IFIT3,1.4980082596594002e-06,shap_tree
10,P18,HSPH1,0.001367465709336102,shap_tree
10,P18,TGFBI,0.006899581756442785,shap_tree
10,P18,SEC22A,1.1905258361366577e-05,shap_tree
10,P18,LY9,0.000977103947661817,shap_tree
10,P18,PMS2,0.0,shap_tree
10,P18,EEPD1,0.0,shap_tree
10,P18,PLAU,0.0,shap_tree
10,P18,EGR2,0.0,shap_tree
10,P18,MMP19,0.0,shap_tree
10,P18,NR4A1,0.00030363595578819513,shap_tree
10,P18,TUBA1B,0.0001986607094295323,shap_tree
10,P18,NDUFAF4,0.0,shap_tree
10,P18,METTL8,0.0,shap_tree
10,P18,G0S2,3.3076328691095114e-05,shap_tree
10,P18,F13A1,0.0,shap_tree
10,P18,TREM1,0.0,shap_tree
10,P18,BBS2,2.493102874723263e-05,shap_tree
10,P18,MT2A,0.09028849005699158,shap_tree
10,P18,GPR18,0.0,shap_tree
10,P18,PTGER2,0.0004089634458068758,shap_tree
10,P18,MSTO1,0.0,shap_tree
10,P18,IL1B,0.0,shap_tree
10,P18,VASP,0.0,shap_tree
10,P18,GZF1,0.0,shap_tree
10,P18,CCR7,0.04113500937819481,shap_tree
10,P18,NSRP1,1.967264870472718e-05,shap_tree
10,P18,AHDC1,0.0,shap_tree
10,P18,IFI6,0.2059904932975769,shap_tree
10,P18,CFP,0.0,shap_tree
10,P18,ZC4H2,0.0,shap_tree
10,P18,RAB3IP,2.6023524696938694e-05,shap_tree
10,P18,SLC35E1,0.0,shap_tree
10,P18,VPREB3,0.0,shap_tree
10,P18,APOBEC3A,0.0,shap_tree
10,P18,SPECC1,0.0,shap_tree
10,P18,CD68,0.0002811608137562871,shap_tree
10,P18,CCL4,0.0023758322931826115,shap_tree
10,P18,EGLN3,0.0,shap_tree
10,P18,SAT1,0.005552970804274082,shap_tree
10,P18,LDLR,0.0,shap_tree
10,P18,APOE,0.0,shap_tree
10,P18,APOC1,0.0,shap_tree
10,P18,C6orf203,0.0,shap_tree
10,P18,FCHO1,0.0,shap_tree
10,P18,ACSS2,0.0,shap_tree
10,P18,NAPSA,0.0,shap_tree
10,P18,ACAP3,0.0,shap_tree
10,P18,NINJ1,0.0003579456533771008,shap_tree
10,P18,LGALS3,0.003150317119434476,shap_tree
10,P18,DNAJB1,0.0003930508391931653,shap_tree
10,P18,FCRLA,0.0,shap_tree
10,P18,PTCD3,0.00010440035111969337,shap_tree
10,P18,IGJ,2.4409890102106147e-05,shap_tree
10,P18,PRMT7,6.07327492616605e-05,shap_tree
10,P18,MORC4,0.0,shap_tree
10,P18,PDZD2,0.0,shap_tree
10,P18,SBF2,0.0,shap_tree
10,P18,HSD17B4,0.0,shap_tree
10,P18,RSAD2,0.00011808283306891099,shap_tree
10,P18,SLC37A2,0.0,shap_tree
10,P18,APC,0.0,shap_tree
10,P18,CTSL,8.169045759132132e-05,shap_tree
10,P18,CD36,0.0,shap_tree
10,P18,HILPDA,0.0,shap_tree
10,P18,MTO1,0.0,shap_tree
10,P18,TROAP,0.0,shap_tree
10,P18,PAN2,0.0,shap_tree
10,P18,GLUL,0.0,shap_tree
10,P18,TTLL4,4.8323356168111786e-05,shap_tree
10,P18,CKAP4,1.8239488781546243e-05,shap_tree
10,P18,LMO7,0.0,shap_tree
10,P18,GPNMB,0.0,shap_tree
10,P18,IL10,0.0,shap_tree
10,P18,IL1RN,2.8779735657735728e-05,shap_tree
10,P18,TXN,0.007101407740265131,shap_tree
10,P18,IL11RA,0.0,shap_tree
10,P18,IRF4,0.00010726679465733469,shap_tree
10,P18,IER3,0.0,shap_tree
10,P18,SLCO2B1,0.0,shap_tree
10,P18,IFI44L,0.020541101694107056,shap_tree
10,P18,IFI44,0.0001825531799113378,shap_tree
10,P18,DNAJC13,0.0,shap_tree
10,P18,ITGAV,0.0,shap_tree
10,P18,SPPL2A,0.0,shap_tree
10,P18,ARHGAP24,0.00015363687998615205,shap_tree
10,P18,CASP6,0.0,shap_tree
10,P18,LEF1,0.0001374873099848628,shap_tree
10,P18,CLSTN3,6.1396713135764e-05,shap_tree
10,P18,TMEM19,0.0,shap_tree
10,P18,GPR84,0.0,shap_tree
10,P18,WARS,0.04601546749472618,shap_tree
10,P18,SLC12A6,0.0,shap_tree
10,P18,TCF12,0.00018948139040730894,shap_tree
10,P18,TPM1,0.0,shap_tree
10,P18,BBS4,0.0,shap_tree
10,P18,MFGE8,0.0,shap_tree
10,P18,IRF8,0.001236333278939128,shap_tree
10,P18,SCRN2,7.445566097885603e-06,shap_tree
10,P18,PELP1,0.0,shap_tree
10,P18,TBCD,6.416204996639863e-05,shap_tree
10,P18,SMAD4,0.0,shap_tree
10,P18,IFITM3,0.002776333363726735,shap_tree
10,P18,MMEL1,1.5802560255906428e-06,shap_tree
10,P18,GPN2,0.0,shap_tree
10,P18,ADC,0.0,shap_tree
10,P18,XCL1,0.00018750947492662817,shap_tree
10,P18,XCL2,0.0002470317995175719,shap_tree
10,P18,FCGR2A,0.0,shap_tree
10,P18,RRNAD1,0.0,shap_tree
10,P18,CTSK,0.0,shap_tree
10,P18,TAF1A,0.0,shap_tree
10,P18,S100A8,0.0,shap_tree
10,P18,SLC27A3,0.0,shap_tree
10,P18,SFXN5,0.0,shap_tree
10,P18,AFF3,0.0,shap_tree
10,P18,FANCD2,0.0,shap_tree
10,P18,EAF2,7.721149449935183e-05,shap_tree
10,P18,PLAC8,2.1681700673070736e-05,shap_tree
10,P18,PLK2,0.0,shap_tree
10,P18,FBXL17,0.0,shap_tree
10,P18,NOM1,0.0,shap_tree
10,P18,TATDN1,0.0,shap_tree
10,P18,PLIN2,0.00023872462043073028,shap_tree
10,P18,GSN,9.210540883941576e-05,shap_tree
10,P18,MRRF,0.0,shap_tree
10,P18,TMEM138,0.0,shap_tree
10,P18,FADS1,0.0,shap_tree
10,P18,FCGR1A,0.0,shap_tree
10,P18,ANK3,0.00012118164158891886,shap_tree
10,P18,PTPRO,0.0,shap_tree
10,P18,RASGRP3,0.0,shap_tree
10,P18,FARP1,0.0,shap_tree
10,P18,HHEX,0.0,shap_tree
10,P18,BANK1,0.0144627271220088,shap_tree
10,P18,DAB2,0.0,shap_tree
10,P18,OBSCN,7.292094960575923e-05,shap_tree
10,P18,LY96,0.0,shap_tree
10,P18,PPP4R1,2.326034336874727e-05,shap_tree
10,P18,VSIG4,0.0,shap_tree
10,P18,DPY19L4,0.0,shap_tree
10,P18,ADAMTSL3,0.0,shap_tree
10,P18,CXCL13,0.0001814173156162724,shap_tree
10,P18,FAM122B,0.0,shap_tree
10,P18,MS4A1,0.10070722550153732,shap_tree
10,P18,WDYHV1,0.0,shap_tree
10,P18,VPS8,9.987556404666975e-05,shap_tree
10,P18,B3GNT7,0.0,shap_tree
10,P18,CCNB2,6.20698046986945e-05,shap_tree
10,P18,RNF207,0.0,shap_tree
10,P18,NCF1,0.0,shap_tree
10,P18,FCER1G,0.0014959466643631458,shap_tree
10,P18,TOMM40L,0.0,shap_tree
10,P18,C1QC,0.0,shap_tree
10,P18,SPON2,0.0,shap_tree
10,P18,ZNF362,0.0,shap_tree
10,P18,PAQR4,0.0,shap_tree
10,P18,C1orf123,0.0,shap_tree
10,P18,VCAM1,0.0058448296040296555,shap_tree
10,P18,FCGR3B,0.00025504190125502646,shap_tree
10,P18,ATF3,0.0015185558004304767,shap_tree
10,P18,ZNF2,3.466793486950337e-06,shap_tree
10,P18,CTSS,3.675823609228246e-05,shap_tree
10,P18,S100A9,5.137063271831721e-05,shap_tree
10,P18,KBTBD8,0.0,shap_tree
10,P18,ANKZF1,0.0,shap_tree
10,P18,FCRL1,0.0008052683551795781,shap_tree
10,P18,EIF5A2,0.0,shap_tree
10,P18,PTPN13,0.0,shap_tree
10,P18,SMIM14,0.0,shap_tree
10,P18,ABHD6,0.0,shap_tree
10,P18,CXCL3,0.0,shap_tree
10,P18,RCHY1,0.0,shap_tree
10,P18,BAP1,5.311805125529645e-06,shap_tree
10,P18,GNL3,2.933871655841358e-05,shap_tree
10,P18,SLC9B2,0.0,shap_tree
10,P18,ITGA2,0.0,shap_tree
10,P18,LEAP2,0.0,shap_tree
10,P18,SAP30L,0.0,shap_tree
10,P18,CTSB,0.0018795718206092715,shap_tree
10,P18,PHAX,5.702539056073874e-06,shap_tree
10,P18,GEM,3.5382711303100223e-06,shap_tree
10,P18,LETM2,3.883635145029984e-06,shap_tree
10,P18,FBP1,0.00046514670248143375,shap_tree
10,P18,IFI27,0.0,shap_tree
10,P18,ALKBH3,0.0,shap_tree
10,P18,CUL5,0.0,shap_tree
10,P18,PPFIBP2,0.0,shap_tree
10,P18,ZNF143,0.0,shap_tree
10,P18,WEE1,0.0,shap_tree
10,P18,CLEC4E,0.0,shap_tree
10,P18,ANPEP,0.0,shap_tree
10,P18,PLK1,0.0,shap_tree
10,P18,C15orf48,0.0,shap_tree
10,P18,DIS3L,0.0,shap_tree
10,P18,MEI1,0.0,shap_tree
10,P18,GNGT2,0.0,shap_tree
10,P18,POP5,0.0,shap_tree
10,P18,ZNF528,0.0,shap_tree
10,P18,NFKBID,2.624779699544888e-05,shap_tree
10,P18,ZNF558,5.307270384946605e-06,shap_tree
10,P18,VPS37C,0.0,shap_tree
10,P18,BSCL2,0.0,shap_tree
10,P18,TRANK1,0.0,shap_tree
10,P18,NAALADL1,0.0,shap_tree
10,P18,SMIM4,0.0,shap_tree
10,P18,CX3CR1,0.003088243305683136,shap_tree
10,P18,FAM84B,0.0,shap_tree
10,P18,LDLRAD4,0.00013267580652609468,shap_tree
10,P18,TMEM208,6.472434324678034e-05,shap_tree
10,P18,CCDC126,0.0,shap_tree
10,P18,THBS3,0.0,shap_tree
10,P18,PTK2,0.0,shap_tree
10,P18,IL8,0.0,shap_tree
10,P18,GPR183,0.003547257510945201,shap_tree
10,P18,CLIC3,0.001993968617171049,shap_tree
10,P18,LRRC45,0.0,shap_tree
10,P18,MT1E,0.0,shap_tree
10,P18,TAPT1,0.0,shap_tree
10,P18,GLB1,0.0005915064830332994,shap_tree
10,P18,KRT8,0.0,shap_tree
10,P18,CD14,0.0,shap_tree
10,P18,MZB1,0.0,shap_tree
10,P18,LILRA3,0.0,shap_tree
10,P18,HDAC3,0.0,shap_tree
10,P18,METTL18,0.0,shap_tree
10,P18,RRM2,0.0006173146539367735,shap_tree
10,P18,LGALS9C,0.0,shap_tree
10,P18,ATPAF2,0.0,shap_tree
10,P18,CLEC12A,0.0,shap_tree
10,P18,FUT10,1.3692025277123321e-05,shap_tree
10,P18,HSPA6,0.0,shap_tree
10,P18,RAPH1,0.0,shap_tree
10,P18,SLC2A14,0.00010641186236171052,shap_tree
10,P18,C1QB,0.0,shap_tree
10,P18,C1QA,0.0,shap_tree
10,P18,OLR1,0.0,shap_tree
10,P18,PITPNA,0.0,shap_tree
10,P18,UBE2C,0.0,shap_tree
10,P18,ATG13,0.0,shap_tree
10,P18,APITD1,0.0,shap_tree
10,P18,MCTP1,0.0,shap_tree
10,P18,RMDN1,0.0,shap_tree
10,P18,METRNL,5.4572232329519466e-05,shap_tree
10,P18,CD19,0.01003088429570198,shap_tree
10,P18,ZBED2,0.0,shap_tree
10,P18,CD163,0.00035574272624216974,shap_tree
10,P18,DTX3,0.0,shap_tree
10,P18,THBD,0.0003095471765846014,shap_tree
10,P18,DPY19L3,0.0,shap_tree
10,P18,ZNF816,0.0,shap_tree
10,P18,HARBI1,0.0,shap_tree
10,P18,ZNF571,0.0,shap_tree
10,P18,SLC36A4,0.0,shap_tree
10,P18,FCRL6,0.0,shap_tree
10,P18,ZNF707,0.0,shap_tree
10,P18,UBA7,0.00018220047059003264,shap_tree
10,P18,CADM1,0.0004869350232183933,shap_tree
10,P18,AFMID,1.6468530930069392e-06,shap_tree
10,P18,CCDC159,0.0,shap_tree
10,P18,TREX2,0.0,shap_tree
10,P18,ALYREF,0.0,shap_tree
10,P18,IQGAP3,0.0,shap_tree
10,P18,COA3,3.4874426546593895e-06,shap_tree
10,P18,LRTOMT,0.0,shap_tree
10,P18,PLA2G6,2.1655558157362975e-05,shap_tree
10,P18,GSTT1,0.0,shap_tree
10,P18,TMED9,5.042422344558872e-05,shap_tree
10,P18,DGAT1,0.0,shap_tree
10,P18,TNFAIP2,0.0,shap_tree
10,P18,WBP5,0.0,shap_tree
10,P18,IRF7,0.0003972811973653734,shap_tree
10,P18,CD300E,0.0,shap_tree
10,P18,TNFRSF4,1.0237574315397069e-05,shap_tree
10,P18,TNFRSF18,0.0003756548394449055,shap_tree
10,P18,ENTPD5,0.0,shap_tree
10,P18,LILRA5,1.840827644628007e-05,shap_tree
10,P18,CMC1,0.0,shap_tree
10,P18,MT1X,4.396757867652923e-05,shap_tree
10,P18,USP7,1.3073356967652217e-05,shap_tree
10,P18,ISG15,0.02357960306107998,shap_tree
10,P18,FANCM,0.0,shap_tree
10,P18,ARHGAP11B,0.0,shap_tree
10,P18,FSIP2,0.0,shap_tree
10,P18,FAM26F,0.0,shap_tree
10,P18,KIR2DL4,0.0,shap_tree
10,P18,TUBB,0.0006367765599861741,shap_tree
10,P18,TCF4,0.0,shap_tree
10,P18,ZFP62,0.0,shap_tree
10,P18,NF1,0.0,shap_tree
10,P18,ZNF420,0.0,shap_tree
10,P18,PGAP1,0.00030218646861612797,shap_tree
10,P18,HIST1H4J,0.0,shap_tree
10,P18,SERPINA1,1.2802574019588064e-05,shap_tree
10,P18,CCL4L2,0.0046952860429883,shap_tree
10,P18,ZNF165,0.0,shap_tree
10,P18,C5orf42,0.0,shap_tree
10,P18,PSAP,0.00018954095139633864,shap_tree
10,P18,CFD,0.0,shap_tree
10,P18,ZNF81,0.0,shap_tree
10,P18,ZNF677,0.0,shap_tree
10,P18,MPZL1,0.0,shap_tree
10,P18,FCGR1B,4.851181984122377e-06,shap_tree
10,P18,ZNF649,0.0,shap_tree
10,P18,HIBCH,0.0,shap_tree
10,P18,SPRED2,0.0,shap_tree
10,P18,HIST1H4E,1.4775828276469838e-05,shap_tree
10,P18,FAM19A2,0.0,shap_tree
10,P18,FAM169A,0.0,shap_tree
10,P18,GK,0.0017237633001059294,shap_tree
10,P18,OPA1,5.652945037581958e-05,shap_tree
10,P18,PRC1,0.0,shap_tree
10,P18,TGM2,0.0,shap_tree
10,P18,ZNF525,0.0,shap_tree
10,P18,FCGR3A,0.00356399011798203,shap_tree
10,P18,HIST2H2AA4,0.0025968896225094795,shap_tree
10,P18,C10orf128,0.0,shap_tree
10,P18,CXorf65,0.0,shap_tree
10,P18,HLA-DRA,0.017917295917868614,shap_tree
10,P18,NEU1,0.0002746152749750763,shap_tree
10,P18,HSPA1B,0.0009289361187256873,shap_tree
10,P18,HSPA1A,0.001170977484434843,shap_tree
10,P18,LY6G5C,0.0,shap_tree
10,P18,AIF1,0.0,shap_tree
10,P18,LST1,0.0,shap_tree
10,P18,CCL4L1,0.06858239322900772,shap_tree
10,P18,CCL3L1,0.0,shap_tree
10,P18,TCTEX1D2,1.7393798771081492e-05,shap_tree
10,P18,TREX1,0.00010122245294041932,shap_tree
10,P18,PPM1N,0.0,shap_tree
10,P18,DNASE1,0.0,shap_tree
10,P18,MYL5,0.0,shap_tree
10,P18,IFI30,0.0014986516907811165,shap_tree
10,P18,FANCG,0.0,shap_tree
10,P18,SLC26A6,0.0,shap_tree
10,P18,LTB,0.0002071335620712489,shap_tree
10,P18,ZNF737,0.0,shap_tree
10,P18,PPIL3,0.0,shap_tree
10,P18,ZNF585B,0.0,shap_tree
10,P18,ZNF345,0.0,shap_tree
10,P18,IGLL5,4.593485209625214e-05,shap_tree
10,P18,HIST1H3G,0.0,shap_tree
10,P18,CCL3L3,0.000110960791062098,shap_tree
10,P18,FNTB,0.0,shap_tree
10,P18,RP11-96O20.4,0.0,shap_tree
10,P18,AL161784.1,0.0,shap_tree
10,P18,AC018867.2,0.0,shap_tree
10,P18,SPIB,0.0,shap_tree
11,P19,FGR,0.0,shap_tree
11,P19,TMEM176A,1.3756467524217442e-05,shap_tree
11,P19,NDUFAF7,0.0,shap_tree
11,P19,ST7,0.0,shap_tree
11,P19,CCL3,0.0034446772187948227,shap_tree
11,P19,PAFAH1B1,0.0,shap_tree
11,P19,CD79B,0.0,shap_tree
11,P19,DLEC1,0.0,shap_tree
11,P19,CYB561,0.0,shap_tree
11,P19,DYRK4,0.0,shap_tree
11,P19,CD9,0.0,shap_tree
11,P19,PLAUR,0.0005703236092813313,shap_tree
11,P19,TYROBP,0.0014072583289816976,shap_tree
11,P19,CD22,0.0,shap_tree
11,P19,EXTL3,0.0,shap_tree
11,P19,PGM3,0.0,shap_tree
11,P19,SLC11A1,1.77824051661446e-06,shap_tree
11,P19,MARCO,0.00013613379269372672,shap_tree
11,P19,CD74,0.004598616622388363,shap_tree
11,P19,NR1H3,0.0,shap_tree
11,P19,NUP160,0.0,shap_tree
11,P19,GRN,0.0009285830310545862,shap_tree
11,P19,NSMAF,2.487361962266732e-05,shap_tree
11,P19,STAP1,0.0,shap_tree
11,P19,METTL1,0.0,shap_tree
11,P19,VCAN,0.0,shap_tree
11,P19,SKIV2L2,0.0,shap_tree
11,P19,ADAM28,7.637668204552028e-06,shap_tree
11,P19,TNFRSF9,1.5660785720683634e-05,shap_tree
11,P19,SLC4A8,0.0,shap_tree
11,P19,SIKE1,0.0,shap_tree
11,P19,QSER1,1.864063506218372e-06,shap_tree
11,P19,LPAR2,0.0,shap_tree
11,P19,ADAT1,0.0,shap_tree
11,P19,STAG3,0.0,shap_tree
11,P19,DDX3Y,0.001313449116423726,shap_tree
11,P19,PRKCZ,0.0,shap_tree
11,P19,ROGDI,1.014207646221621e-05,shap_tree
11,P19,SEL1L,5.741285713156685e-05,shap_tree
11,P19,TFRC,4.7166035074042156e-05,shap_tree
11,P19,MPP5,0.0,shap_tree
11,P19,FCGR2B,3.977640517405234e-06,shap_tree
11,P19,MAP3K13,0.0,shap_tree
11,P19,MGLL,0.0,shap_tree
11,P19,BCS1L,0.0,shap_tree
11,P19,GTF3C1,0.0,shap_tree
11,P19,IL4R,0.0,shap_tree
11,P19,PIK3C3,0.0,shap_tree
11,P19,SLC1A3,0.0,shap_tree
11,P19,TNS1,3.974193168687634e-05,shap_tree
11,P19,REXO1,1.2504008736868855e-05,shap_tree
11,P19,CEACAM1,0.0,shap_tree
11,P19,OPHN1,0.0,shap_tree
11,P19,HSP90AA1,0.0020390574354678392,shap_tree
11,P19,CXCL2,0.0,shap_tree
11,P19,ZNF510,0.0,shap_tree
11,P19,NFE2L1,0.0,shap_tree
11,P19,KAT6A,6.309927812253591e-06,shap_tree
11,P19,FCN1,4.709739187092055e-06,shap_tree
11,P19,OAS1,0.0003036996931768954,shap_tree
11,P19,LYZ,2.280869557580445e-05,shap_tree
11,P19,PABPC4,1.0289692909282167e-05,shap_tree
11,P19,WDR7,0.0,shap_tree
11,P19,ITGA6,1.3265793313621543e-05,shap_tree
11,P19,HDAC6,0.0,shap_tree
11,P19,HOOK2,0.0,shap_tree
11,P19,ACOT7,0.0,shap_tree
11,P19,GADD45B,0.00010391348041594028,shap_tree
11,P19,TRMT2A,3.514786840241868e-06,shap_tree
11,P19,OSM,0.0,shap_tree
11,P19,LGALS2,0.00014484470011666417,shap_tree
11,P19,LGALS1,0.05210017412900925,shap_tree
11,P19,CBY1,6.119729277997976e-06,shap_tree
11,P19,MCAT,0.0,shap_tree
11,P19,GZMB,0.04894452914595604,shap_tree
11,P19,CDKL1,4.22405810240889e-06,shap_tree
11,P19,TIMM9,0.0,shap_tree
11,P19,LGMN,0.0,shap_tree
11,P19,TCL1A,0.0,shap_tree
11,P19,PLTP,0.0,shap_tree
11,P19,MMP9,0.0,shap_tree
11,P19,NDUFAF5,0.0,shap_tree
11,P19,CST3,0.004155704751610756,shap_tree
11,P19,ALG13,4.199669638182968e-05,shap_tree
11,P19,WDR13,1.8087315766024403e-05,shap_tree
11,P19,FMR1,6.191858574311482e-06,shap_tree
11,P19,TIMP1,7.203973655123264e-05,shap_tree
11,P19,GLA,1.5106081264093518e-05,shap_tree
11,P19,ACP5,9.96761882561259e-05,shap_tree
11,P19,RGCC,9.903898171614856e-05,shap_tree
11,P19,SMPD3,0.0,shap_tree
11,P19,CLUAP1,0.0,shap_tree
11,P19,FAH,0.0,shap_tree
11,P19,DTWD1,7.153628394007683e-05,shap_tree
11,P19,GABPB1,7.913689478300512e-05,shap_tree
11,P19,NIPAL2,0.0,shap_tree
11,P19,IL7,0.0,shap_tree
11,P19,ASAH1,0.0,shap_tree
11,P19,SARS2,0.0,shap_tree
11,P19,DOT1L,0.0,shap_tree
11,P19,FCER2,0.0,shap_tree
11,P19,PDCD5,0.00015320893726311624,shap_tree
11,P19,ANKRD27,6.001983638270758e-05,shap_tree
11,P19,EBI3,0.0,shap_tree
11,P19,CD79A,0.0,shap_tree
11,P19,LILRB5,0.0,shap_tree
11,P19,PON2,3.6530840588966385e-05,shap_tree
11,P19,MPP6,0.0,shap_tree
11,P19,CPVL,0.0,shap_tree
11,P19,STX1A,0.0,shap_tree
11,P19,HSPB1,0.0056547736749053,shap_tree
11,P19,SNX8,0.0,shap_tree
11,P19,RBM28,1.3452262464852538e-05,shap_tree
11,P19,TMEM176B,0.0,shap_tree
11,P19,SUSD1,0.0,shap_tree
11,P19,ARHGAP21,0.0,shap_tree
11,P19,RAD51C,0.0,shap_tree
11,P19,PIGL,1.0604648196022026e-05,shap_tree
11,P19,GALK1,2.3169335690909065e-05,shap_tree
11,P19,NUP88,6.400035636033863e-05,shap_tree
11,P19,CCL2,0.0,shap_tree
11,P19,DHX58,0.0,shap_tree
11,P19,EZH1,2.059927828668151e-05,shap_tree
11,P19,RAB34,4.2358635255368426e-05,shap_tree
11,P19,SLC2A9,0.0,shap_tree
11,P19,CRTAM,2.654143281688448e-05,shap_tree
11,P19,MS4A6A,6.586417293874547e-05,shap_tree
11,P19,MS4A4A,0.0,shap_tree
11,P19,PRPF19,0.0,shap_tree
11,P19,ACCS,0.0,shap_tree
11,P19,CD81,2.2927644749870524e-05,shap_tree
11,P19,ACAD10,1.0542526069912128e-05,shap_tree
11,P19,STX2,0.0,shap_tree
11,P19,IFNG,0.005358992610126734,shap_tree
11,P19,NOP2,3.003440724569373e-05,shap_tree
11,P19,GNPTAB,1.0801475582411513e-05,shap_tree
11,P19,ADTRP,0.0,shap_tree
11,P19,CD83,0.000716528738848865,shap_tree
11,P19,TRAPPC13,2.477188900229521e-05,shap_tree
11,P19,CISH,0.0,shap_tree
11,P19,FAHD2A,4.835014624404721e-05,shap_tree
11,P19,GTF3C2,0.0,shap_tree
11,P19,FN1,0.0,shap_tree
11,P19,EHBP1,0.0,shap_tree
11,P19,RALGPS2,4.412402995512821e-05,shap_tree
11,P19,CEP104,0.0,shap_tree
11,P19,AMPD2,6.17253317614086e-05,shap_tree
11,P19,TTF2,0.0,shap_tree
11,P19,GBP1,0.0067225489765405655,shap_tree
11,P19,CDC20,0.0,shap_tree
11,P19,STMN1,0.00011969807383138686,shap_tree
11,P19,CTSD,0.0022711746860295534,shap_tree
11,P19,MYB,0.0,shap_tree
11,P19,SGK1,0.0,shap_tree
11,P19,SPP1,0.0,shap_tree
11,P19,C2orf43,0.0,shap_tree
11,P19,FAM206A,0.0,shap_tree
11,P19,CSF3R,0.00012238044291734695,shap_tree
11,P19,NPC2,0.0014303296338766813,shap_tree
11,P19,MLH3,0.0,shap_tree
11,P19,COQ6,0.0,shap_tree
11,P19,BCL11A,0.0,shap_tree
11,P19,IFIT3,2.453644628985785e-05,shap_tree
11,P19,IFIT2,2.5738176191225648e-05,shap_tree
11,P19,PYROXD2,0.0,shap_tree
11,P19,HSPH1,0.001644102856516838,shap_tree
11,P19,TGFBI,0.006272907834500074,shap_tree
11,P19,CLU,0.0,shap_tree
11,P19,EPHX2,0.0,shap_tree
11,P19,LY9,0.0016644776333123446,shap_tree
11,P19,PLAU,0.0,shap_tree
11,P19,TUBA1B,8.245587378041819e-05,shap_tree
11,P19,NDUFAF4,0.0,shap_tree
11,P19,G0S2,0.0003268135478720069,shap_tree
11,P19,F13A1,0.0,shap_tree
11,P19,TREM1,0.0,shap_tree
11,P19,BBS2,0.0,shap_tree
11,P19,MT2A,0.04176980257034302,shap_tree
11,P19,GPR18,0.0,shap_tree
11,P19,PTGER2,0.00013382002362050116,shap_tree
11,P19,NUP85,5.059592876932584e-05,shap_tree
11,P19,MSTO1,4.576509672915563e-05,shap_tree
11,P19,IL1B,0.0,shap_tree
11,P19,VASP,0.0,shap_tree
11,P19,CCR7,0.03001737967133522,shap_tree
11,P19,NSRP1,2.4407165255979635e-05,shap_tree
11,P19,AHDC1,0.0,shap_tree
11,P19,IFI6,0.13624480366706848,shap_tree
11,P19,CFP,0.0,shap_tree
11,P19,VPREB3,0.0,shap_tree
11,P19,APOBEC3A,0.0,shap_tree
11,P19,TMOD2,0.0,shap_tree
11,P19,CD68,5.732768477173522e-05,shap_tree
11,P19,CCL4,0.004318492021411657,shap_tree
11,P19,SAT1,0.00483966339379549,shap_tree
11,P19,LDLR,4.8783553211251274e-05,shap_tree
11,P19,APOE,0.0,shap_tree
11,P19,APOC1,0.0,shap_tree
11,P19,C6orf203,0.0,shap_tree
11,P19,PGPEP1,4.114347120776074e-06,shap_tree
11,P19,ANGPTL6,0.0,shap_tree
11,P19,DKC1,0.0,shap_tree
11,P19,ULBP2,0.0,shap_tree
11,P19,ACSS2,0.0,shap_tree
11,P19,ZNF141,0.0,shap_tree
11,P19,NINJ1,0.0005895322537980974,shap_tree
11,P19,LGALS3,0.0027983400505036116,shap_tree
11,P19,FCRLA,0.0,shap_tree
11,P19,IGJ,0.0,shap_tree
11,P19,CLEC10A,0.0,shap_tree
11,P19,MUTYH,0.0,shap_tree
11,P19,SUV420H2,0.0,shap_tree
11,P19,HSD17B4,7.694972009630874e-05,shap_tree
11,P19,FBXO18,0.0,shap_tree
11,P19,SLC37A2,0.0,shap_tree
11,P19,APC,0.0,shap_tree
11,P19,NREP,0.0,shap_tree
11,P19,CTSL,0.0,shap_tree
11,P19,CD36,1.544761857985577e-06,shap_tree
11,P19,HILPDA,0.0,shap_tree
11,P19,TROAP,0.0,shap_tree
11,P19,CCDC142,4.138920758123277e-06,shap_tree
11,P19,DYNC1LI2,8.543796866433695e-06,shap_tree
11,P19,FHOD1,0.0,shap_tree
11,P19,GLUL,0.00013601309910882264,shap_tree
11,P19,GPNMB,3.1205993309413316e-06,shap_tree
11,P19,IL10,0.0,shap_tree
11,P19,IL1RN,7.628390449099243e-05,shap_tree
11,P19,TXN,0.0029727176297456026,shap_tree
11,P19,IRF4,0.00011600919970078394,shap_tree
11,P19,IER3,0.0,shap_tree
11,P19,RNF121,0.0,shap_tree
11,P19,C11orf1,0.0,shap_tree
11,P19,SPTBN5,0.0,shap_tree
11,P19,IFI44L,0.004845418967306614,shap_tree
11,P19,IFI44,0.0,shap_tree
11,P19,CARF,0.0,shap_tree
11,P19,WDR12,0.0,shap_tree
11,P19,ITGAV,0.0,shap_tree
11,P19,TMOD3,2.012707591347862e-05,shap_tree
11,P19,SPPL2A,0.0,shap_tree
11,P19,ARHGAP24,9.557234443491325e-05,shap_tree
11,P19,CASP6,0.0,shap_tree
11,P19,LEF1,4.431237175595015e-05,shap_tree
11,P19,C1RL,0.0,shap_tree
11,P19,CLSTN3,7.496618309232872e-06,shap_tree
11,P19,TMEM19,0.0,shap_tree
11,P19,GPR84,0.0,shap_tree
11,P19,SMARCC2,0.0,shap_tree
11,P19,LMBR1L,0.0,shap_tree
11,P19,SLC38A6,0.0,shap_tree
11,P19,WARS,0.03883805125951767,shap_tree
11,P19,TCF12,0.00011800895299529657,shap_tree
11,P19,BBS4,0.0,shap_tree
11,P19,GCSH,9.08162382984301e-06,shap_tree
11,P19,IRF8,2.0978694010409527e-05,shap_tree
11,P19,SCRN2,3.2668544008629397e-05,shap_tree
11,P19,IFITM3,0.0016843569464981556,shap_tree
11,P19,SLC2A5,0.0,shap_tree
11,P19,MAP3K6,0.0,shap_tree
11,P19,GPN2,0.0,shap_tree
11,P19,XCL2,0.0020975307561457157,shap_tree
11,P19,FCGR2A,0.0,shap_tree
11,P19,FCRL5,0.0,shap_tree
11,P19,RRNAD1,0.0,shap_tree
11,P19,LYPLAL1,0.0,shap_tree
11,P19,S100A8,0.0,shap_tree
11,P19,SLC27A3,0.0,shap_tree
11,P19,AFF3,0.0,shap_tree
11,P19,EAF2,3.345053119119257e-05,shap_tree
11,P19,EIF2B5,9.896722986013629e-06,shap_tree
11,P19,PLAC8,1.163161505246535e-05,shap_tree
11,P19,SSBP2,1.4029827752892743e-06,shap_tree
11,P19,NOM1,0.0,shap_tree
11,P19,FAM58A,0.0,shap_tree
11,P19,PLIN2,0.0002932854404207319,shap_tree
11,P19,FBXO10,0.0,shap_tree
11,P19,GSN,0.0003054259286727756,shap_tree
11,P19,ADM,0.0,shap_tree
11,P19,IMMP1L,0.0,shap_tree
11,P19,TM7SF2,0.0,shap_tree
11,P19,FCGR1A,0.0,shap_tree
11,P19,RGS18,0.0,shap_tree
11,P19,CACNA2D4,0.0,shap_tree
11,P19,ANK3,1.1619463293754961e-05,shap_tree
11,P19,PTPRO,0.0,shap_tree
11,P19,QTRTD1,0.0,shap_tree
11,P19,CENPJ,0.0,shap_tree
11,P19,RASGRP3,0.0,shap_tree
11,P19,FARP1,0.0,shap_tree
11,P19,PTPRK,0.0,shap_tree
11,P19,BANK1,0.00032751247636042535,shap_tree
11,P19,DAB2,0.0,shap_tree
11,P19,LY96,0.0,shap_tree
11,P19,PPP4R1,0.0,shap_tree
11,P19,CDK19,0.0,shap_tree
11,P19,VSIG4,0.00016682094428688288,shap_tree
11,P19,DPY19L4,0.0,shap_tree
11,P19,ADAMTSL3,0.0,shap_tree
11,P19,CXCL13,0.00010777516581583768,shap_tree
11,P19,FAM122B,0.0,shap_tree
11,P19,MS4A1,0.004547999240458012,shap_tree
11,P19,CCNB2,0.0,shap_tree
11,P19,MYO1E,0.0,shap_tree
11,P19,C2CD2,0.0,shap_tree
11,P19,FAIM,0.0,shap_tree
11,P19,RNF207,0.0,shap_tree
11,P19,NCF1,0.0,shap_tree
11,P19,FCER1G,0.004472449421882629,shap_tree
11,P19,C1QC,0.0,shap_tree
11,P19,SPON2,4.0826045733410865e-05,shap_tree
11,P19,ZNF362,0.00036315800389274955,shap_tree
11,P19,TMPRSS3,0.0,shap_tree
11,P19,C19orf47,0.0,shap_tree
11,P19,PAQR4,8.489857918902999e-07,shap_tree
11,P19,CLPB,0.0,shap_tree
11,P19,C1orf123,0.0,shap_tree
11,P19,VCAM1,0.0028145641554147005,shap_tree
11,P19,NLRP3,0.0,shap_tree
11,P19,FCGR3B,0.00014913248014636338,shap_tree
11,P19,ATF3,0.00012206190876895562,shap_tree
11,P19,S100A9,3.774617880480946e-06,shap_tree
11,P19,IGFBP7,0.0,shap_tree
11,P19,ANKZF1,0.0,shap_tree
11,P19,FCRL1,0.000519503140822053,shap_tree
11,P19,SMIM14,0.0,shap_tree
11,P19,CXCL3,0.0,shap_tree
11,P19,RCHY1,0.0,shap_tree
11,P19,SENP2,1.2253201930434443e-05,shap_tree
11,P19,BAP1,0.0,shap_tree
11,P19,PIGX,0.0,shap_tree
11,P19,PGRMC2,0.0,shap_tree
11,P19,ITGA2,0.0,shap_tree
11,P19,LEAP2,0.0,shap_tree
11,P19,SAP30L,0.0,shap_tree
11,P19,CTSB,0.0018250674474984407,shap_tree
11,P19,LETM2,0.0,shap_tree
11,P19,FBP1,0.00019367797358427197,shap_tree
11,P19,NDRG2,0.0,shap_tree
11,P19,CLMN,0.0,shap_tree
11,P19,ALKBH3,0.0,shap_tree
11,P19,ARIH1,0.0,shap_tree
11,P19,TAF10,3.7304424040485173e-05,shap_tree
11,P19,PLD4,2.378171484451741e-05,shap_tree
11,P19,ZNF143,0.0,shap_tree
11,P19,CLEC4E,0.0,shap_tree
11,P19,ANPEP,7.106956763891503e-05,shap_tree
11,P19,C15orf48,0.0,shap_tree
11,P19,MS4A7,5.142376903677359e-05,shap_tree
11,P19,DIS3L,0.0,shap_tree
11,P19,MEI1,0.0,shap_tree
11,P19,GNGT2,0.0,shap_tree
11,P19,FBXO22,0.0,shap_tree
11,P19,POP5,0.0,shap_tree
11,P19,TRIM68,1.3815304555464536e-05,shap_tree
11,P19,SPATA33,0.0,shap_tree
11,P19,NFKBID,0.00012169071851531044,shap_tree
11,P19,ZNF558,0.0,shap_tree
11,P19,VPS37C,0.0,shap_tree
11,P19,BSCL2,4.267655094736256e-05,shap_tree
11,P19,TRANK1,1.5111163520487025e-05,shap_tree
11,P19,GNG4,0.0,shap_tree
11,P19,BMI1,0.0,shap_tree
11,P19,CX3CR1,0.0001485179818700999,shap_tree
11,P19,TMEM208,0.0,shap_tree
11,P19,PPIP5K1,0.0,shap_tree
11,P19,RNASE6,0.0,shap_tree
11,P19,IL8,4.4853146391687915e-05,shap_tree
11,P19,MT1E,1.2061466804880183e-05,shap_tree
11,P19,GLB1,0.0001381684560328722,shap_tree
11,P19,KRT8,0.0,shap_tree
11,P19,CD14,0.0,shap_tree
11,P19,DNAJC18,0.0,shap_tree
11,P19,MZB1,0.0,shap_tree
11,P19,KBTBD2,0.0,shap_tree
11,P19,LILRA3,2.4227119865827262e-06,shap_tree
11,P19,ZNF561,0.0,shap_tree
11,P19,HDAC3,2.5602714231354184e-05,shap_tree
11,P19,RRM2,2.27792752411915e-05,shap_tree
11,P19,LGALS9C,0.0,shap_tree
11,P19,NME6,0.0,shap_tree
11,P19,CLEC12A,3.074660708080046e-05,shap_tree
11,P19,FGGY,0.0,shap_tree
11,P19,ZNF621,0.0,shap_tree
11,P19,HSPA6,0.0,shap_tree
11,P19,SLC2A14,2.0989342374377884e-05,shap_tree
11,P19,C1QB,0.0,shap_tree
11,P19,C1QA,0.0,shap_tree
11,P19,OLR1,0.0,shap_tree
11,P19,DAG1,0.0,shap_tree
11,P19,PTPRM,0.0,shap_tree
11,P19,UBE2C,0.0,shap_tree
11,P19,PCCA,0.0,shap_tree
11,P19,ATG13,0.0,shap_tree
11,P19,MCTP1,0.0,shap_tree
11,P19,GAPT,2.2214173441170715e-05,shap_tree
11,P19,ZNF683,0.0,shap_tree
11,P19,METRNL,0.0,shap_tree
11,P19,DEAF1,1.633281681279186e-05,shap_tree
11,P19,SLC38A9,0.0,shap_tree
11,P19,CD19,0.0002567458723206073,shap_tree
11,P19,CD163,2.0924424461554736e-05,shap_tree
11,P19,THBD,0.006216492969542742,shap_tree
11,P19,CPNE7,0.0,shap_tree
11,P19,AURKB,0.0,shap_tree
11,P19,CCR8,0.0,shap_tree
11,P19,HARBI1,0.0,shap_tree
11,P19,EIF2S3L,0.0,shap_tree
11,P19,ZNF707,0.0,shap_tree
11,P19,TMEM45A,0.0,shap_tree
11,P19,UBA7,0.0001434536388842389,shap_tree
11,P19,CEP97,0.0,shap_tree
11,P19,AFMID,0.0,shap_tree
11,P19,SERHL2,0.0,shap_tree
11,P19,ALYREF,0.0,shap_tree
11,P19,IQGAP3,0.0,shap_tree
11,P19,COA3,0.0,shap_tree
11,P19,LRTOMT,1.784912819857709e-05,shap_tree
11,P19,CLECL1,0.0,shap_tree
11,P19,KNTC1,3.095424108323641e-05,shap_tree
11,P19,PTP4A3,0.0,shap_tree
11,P19,TNFAIP2,9.905974366120063e-06,shap_tree
11,P19,WBP5,0.0,shap_tree
11,P19,IRF7,0.00013592801406048238,shap_tree
11,P19,IFIT1,0.0,shap_tree
11,P19,PTCH1,0.0,shap_tree
11,P19,CD300E,0.0,shap_tree
11,P19,UBE2H,0.0,shap_tree
11,P19,TNFRSF18,0.00013165960262995213,shap_tree
11,P19,GPR141,0.0,shap_tree
11,P19,PLCD1,2.7245438104728237e-05,shap_tree
11,P19,LILRA5,0.0,shap_tree
11,P19,CMC1,4.554276983981254e-06,shap_tree
11,P19,MT1X,0.0,shap_tree
11,P19,SESTD1,0.0,shap_tree
11,P19,ISG15,0.017726223915815353,shap_tree
11,P19,FANCA,5.658879672409967e-06,shap_tree
11,P19,HIST1H2BG,0.0,shap_tree
11,P19,ZNF383,0.0,shap_tree
11,P19,FSIP2,0.0,shap_tree
11,P19,KIR2DL4,2.313881486770697e-05,shap_tree
11,P19,TUBB,3.435716644162312e-05,shap_tree
11,P19,MAML3,6.2157167121768e-05,shap_tree
11,P19,HIST1H4J,0.0,shap_tree
11,P19,SERPINA1,3.252213355153799e-05,shap_tree
11,P19,CCL4L2,0.0006960347527638078,shap_tree
11,P19,ZNF165,0.0,shap_tree
11,P19,ZNF720,0.0,shap_tree
11,P19,PSAP,0.0002360810904065147,shap_tree
11,P19,CFD,2.0767696696566418e-05,shap_tree
11,P19,ZNF181,0.0,shap_tree
11,P19,HIST1H2BF,0.0,shap_tree
11,P19,MPZL1,0.0,shap_tree
11,P19,FCGR1B,1.9875385987688787e-05,shap_tree
11,P19,HIBCH,0.0,shap_tree
11,P19,HIST1H4E,0.0,shap_tree
11,P19,ZNF789,0.0,shap_tree
11,P19,CTNND1,3.483134833004442e-06,shap_tree
11,P19,TTC37,1.4525170627166517e-05,shap_tree
11,P19,TMEM184B,0.0,shap_tree
11,P19,GK,0.00223566428758204,shap_tree
11,P19,OPA1,0.0,shap_tree
11,P19,PRC1,0.0,shap_tree
11,P19,TGM2,0.0,shap_tree
11,P19,FCGR3A,0.00024969721562229097,shap_tree
11,P19,HIST2H2AA4,0.0009073601104319096,shap_tree
11,P19,HLA-DRA,0.008910841308534145,shap_tree
11,P19,PBX2,0.0,shap_tree
11,P19,HSPA1B,0.0012227182742208242,shap_tree
11,P19,HSPA1A,0.001903580967336893,shap_tree
11,P19,MBD5,0.0,shap_tree
11,P19,LY6G5C,0.0,shap_tree
11,P19,AIF1,0.0,shap_tree
11,P19,NCR3,0.0,shap_tree
11,P19,LST1,0.0,shap_tree
11,P19,TCTN1,0.0,shap_tree
11,P19,CCL4L1,0.02704925835132599,shap_tree
11,P19,CCL3L1,0.000223056529648602,shap_tree
11,P19,CRYZL1,0.0,shap_tree
11,P19,KLRC2,0.0,shap_tree
11,P19,AL590867.1,0.0,shap_tree
11,P19,TCTEX1D2,0.0,shap_tree
11,P19,TREX1,4.92160179419443e-05,shap_tree
11,P19,PPM1N,0.0,shap_tree
11,P19,DNASE1,0.0,shap_tree
11,P19,MYL5,1.6184407058972283e-06,shap_tree
11,P19,IFI30,5.970024722046219e-05,shap_tree
11,P19,SLC26A6,0.0,shap_tree
11,P19,LTB,0.00017129421757999808,shap_tree
11,P19,HIST1H2BN,0.0,shap_tree
11,P19,PPIL3,0.0,shap_tree
11,P19,ZNF585B,0.0,shap_tree
11,P19,CHCHD10,0.0,shap_tree
11,P19,ZNF674,0.0,shap_tree
11,P19,CSNK2A3,0.0,shap_tree
11,P19,IGLL5,0.0,shap_tree
11,P19,CCL3L3,0.0,shap_tree
11,P19,CEP95,6.672263680229662e-06,shap_tree
11,P19,MYO15B,0.0001519209472462535,shap_tree
11,P19,AL161784.1,0.0,shap_tree
12,P2,FGR,0.0,shap_tree
12,P2,FKBP4,0.0,shap_tree
12,P2,BZRAP1,0.0,shap_tree
12,P2,CCL3,0.00019248736498411745,shap_tree
12,P2,CDKL3,0.0,shap_tree
12,P2,CD79B,0.0,shap_tree
12,P2,DYRK4,0.0,shap_tree
12,P2,CD9,0.0,shap_tree
12,P2,LRRC23,0.0,shap_tree
12,P2,TYROBP,1.3199942259234376e-05,shap_tree
12,P2,CD22,0.0,shap_tree
12,P2,PRICKLE3,0.0,shap_tree
12,P2,SLC11A1,4.593048652168363e-05,shap_tree
12,P2,MARCO,0.0,shap_tree
12,P2,CD74,0.0005929235485382378,shap_tree
12,P2,NR1H3,0.0,shap_tree
12,P2,GRN,0.0,shap_tree
12,P2,NSMAF,0.0,shap_tree
12,P2,STAP1,0.0,shap_tree
12,P2,VCAN,0.0,shap_tree
12,P2,CAPG,0.0,shap_tree
12,P2,ADAM28,0.0,shap_tree
12,P2,TNFRSF9,0.0,shap_tree
12,P2,SLC4A8,0.0,shap_tree
12,P2,SIKE1,0.0,shap_tree
12,P2,RRP12,0.0,shap_tree
12,P2,TSPAN32,0.0,shap_tree
12,P2,CHI3L2,0.0,shap_tree
12,P2,WDR3,0.0,shap_tree
12,P2,SLC9A7,0.0,shap_tree
12,P2,ZNRD1,0.0,shap_tree
12,P2,STAG3,0.0,shap_tree
12,P2,ROGDI,0.0,shap_tree
12,P2,WIPI1,0.0,shap_tree
12,P2,LLGL2,0.0,shap_tree
12,P2,MAP3K13,0.0,shap_tree
12,P2,BCS1L,0.0,shap_tree
12,P2,FSCN1,0.0,shap_tree
12,P2,SLC46A1,0.0,shap_tree
12,P2,IL4R,0.0,shap_tree
12,P2,FAM76B,0.0,shap_tree
12,P2,SLC1A3,0.0,shap_tree
12,P2,TNS1,0.0,shap_tree
12,P2,OPHN1,0.0,shap_tree
12,P2,SESN1,0.0,shap_tree
12,P2,HSP90AA1,0.0009304604027420282,shap_tree
12,P2,CXCL2,0.0,shap_tree
12,P2,ZNF510,0.0,shap_tree
12,P2,COBLL1,0.0,shap_tree
12,P2,KAT6A,0.0,shap_tree
12,P2,ULK2,0.0,shap_tree
12,P2,P2RX5,0.0,shap_tree
12,P2,FCN1,0.0,shap_tree
12,P2,ERGIC2,0.0,shap_tree
12,P2,AAMDC,0.0,shap_tree
12,P2,CRLS1,0.0,shap_tree
12,P2,OAS1,0.0,shap_tree
12,P2,LYZ,0.0,shap_tree
12,P2,PABPC4,0.0,shap_tree
12,P2,WDR7,0.0,shap_tree
12,P2,CD200,0.0,shap_tree
12,P2,RNF31,0.0,shap_tree
12,P2,CAPN3,0.0,shap_tree
12,P2,HDAC6,0.0,shap_tree
12,P2,AAAS,0.0,shap_tree
12,P2,BLNK,0.0,shap_tree
12,P2,ACOT7,0.0,shap_tree
12,P2,GADD45B,3.5494755138643086e-05,shap_tree
12,P2,TRMT2A,0.0,shap_tree
12,P2,OSM,0.0,shap_tree
12,P2,LGALS2,0.0,shap_tree
12,P2,CBY1,0.0,shap_tree
12,P2,RHBDD3,0.0,shap_tree
12,P2,HMOX1,0.0,shap_tree
12,P2,GZMB,0.014745249412953854,shap_tree
12,P2,CDKN3,0.0,shap_tree
12,P2,PIGH,0.0,shap_tree
12,P2,LGMN,0.0,shap_tree
12,P2,TCL1A,0.0,shap_tree
12,P2,PLTP,0.0,shap_tree
12,P2,CST3,0.0,shap_tree
12,P2,ALG13,0.0,shap_tree
12,P2,MOSPD1,0.0,shap_tree
12,P2,TIMP1,0.0,shap_tree
12,P2,GLA,0.0,shap_tree
12,P2,KIAA0226L,0.0,shap_tree
12,P2,ACP5,0.0,shap_tree
12,P2,TSC22D1,0.0,shap_tree
12,P2,DNAJA3,0.0,shap_tree
12,P2,FAH,0.0,shap_tree
12,P2,GABPB1,0.0,shap_tree
12,P2,IL7,0.0,shap_tree
12,P2,PPP2CB,0.0,shap_tree
12,P2,DOT1L,0.0,shap_tree
12,P2,FCER2,0.0,shap_tree
12,P2,IL4I1,0.0,shap_tree
12,P2,ZNF419,0.0,shap_tree
12,P2,PDCD5,0.0,shap_tree
12,P2,ANKRD27,0.0,shap_tree
12,P2,CD79A,0.0,shap_tree
12,P2,LILRB5,0.0,shap_tree
12,P2,PON2,0.0,shap_tree
12,P2,CPVL,0.0,shap_tree
12,P2,HSPB1,9.125391079578549e-05,shap_tree
12,P2,SNX8,0.0,shap_tree
12,P2,RBM28,0.0,shap_tree
12,P2,TMEM176B,0.0,shap_tree
12,P2,RASSF4,0.0,shap_tree
12,P2,GALK1,0.0,shap_tree
12,P2,NUP88,0.0,shap_tree
12,P2,LGALS3BP,0.0,shap_tree
12,P2,CCL2,0.0,shap_tree
12,P2,DHX58,0.0,shap_tree
12,P2,KAT2A,0.0,shap_tree
12,P2,DHRS7B,0.0,shap_tree
12,P2,RAB34,0.0,shap_tree
12,P2,SLC2A9,0.0,shap_tree
12,P2,KLHL5,0.0,shap_tree
12,P2,CRTAM,0.0,shap_tree
12,P2,VWA5A,0.0,shap_tree
12,P2,MS4A6A,0.0,shap_tree
12,P2,MS4A4A,0.0,shap_tree
12,P2,PRPF19,0.0,shap_tree
12,P2,CD81,0.0,shap_tree
12,P2,ACAD10,0.0,shap_tree
12,P2,DDX55,0.0,shap_tree
12,P2,IFNG,0.0003583817451726645,shap_tree
12,P2,GNPTAB,0.0,shap_tree
12,P2,CLEC4A,0.0,shap_tree
12,P2,SOD2,0.0,shap_tree
12,P2,CD83,0.0,shap_tree
12,P2,NR3C1,0.0,shap_tree
12,P2,TRAPPC13,0.0,shap_tree
12,P2,TFDP2,0.0,shap_tree
12,P2,PFKFB4,0.0,shap_tree
12,P2,C3orf14,0.0,shap_tree
12,P2,CISH,0.0,shap_tree
12,P2,FAHD2A,0.0,shap_tree
12,P2,FN1,0.0,shap_tree
12,P2,EHBP1,0.0,shap_tree
12,P2,EPAS1,0.0,shap_tree
12,P2,CEP104,0.0,shap_tree
12,P2,KIAA1324,0.0,shap_tree
12,P2,AMPD2,0.0,shap_tree
12,P2,SSX2IP,0.0,shap_tree
12,P2,GBP1,0.004100486636161804,shap_tree
12,P2,CD160,0.0,shap_tree
12,P2,STMN1,0.0,shap_tree
12,P2,NENF,0.0,shap_tree
12,P2,CTSD,0.0003415175015106797,shap_tree
12,P2,C1orf54,0.0,shap_tree
12,P2,LRMP,0.0,shap_tree
12,P2,MYB,0.0,shap_tree
12,P2,SGK1,0.0,shap_tree
12,P2,SPP1,0.0,shap_tree
12,P2,C2orf43,0.0,shap_tree
12,P2,CSF3R,0.0,shap_tree
12,P2,MLH3,0.0,shap_tree
12,P2,BCL11A,0.0,shap_tree
12,P2,IFIT3,0.0,shap_tree
12,P2,IFIT2,0.0,shap_tree
12,P2,HSPH1,0.00015432870713993907,shap_tree
12,P2,TGFBI,0.0035576557274907827,shap_tree
12,P2,CLU,0.0,shap_tree
12,P2,SEC22A,0.0,shap_tree
12,P2,ZRANB3,0.0,shap_tree
12,P2,LY9,0.0,shap_tree
12,P2,PLAU,0.0,shap_tree
12,P2,EGR2,0.0,shap_tree
12,P2,MMP19,0.0,shap_tree
12,P2,NR4A1,0.0003550468245521188,shap_tree
12,P2,TUBA1B,0.0,shap_tree
12,P2,G0S2,8.189511390810367e-06,shap_tree
12,P2,MCEE,0.0,shap_tree
12,P2,TREM1,0.0,shap_tree
12,P2,BBS2,0.0,shap_tree
12,P2,MT2A,0.012716640718281269,shap_tree
12,P2,GPR18,0.0,shap_tree
12,P2,CLYBL,0.0,shap_tree
12,P2,PTGER2,0.0,shap_tree
12,P2,NUP85,0.0,shap_tree
12,P2,MSTO1,0.0,shap_tree
12,P2,IL1B,0.0,shap_tree
12,P2,GZF1,0.0,shap_tree
12,P2,CCR7,0.002534034661948681,shap_tree
12,P2,AHDC1,0.0,shap_tree
12,P2,IFI6,0.04377112537622452,shap_tree
12,P2,CFP,0.0,shap_tree
12,P2,L3HYPDH,0.0,shap_tree
12,P2,ZC4H2,0.0,shap_tree
12,P2,PTPN12,0.0,shap_tree
12,P2,VPREB3,0.0,shap_tree
12,P2,APOBEC3A,0.0,shap_tree
12,P2,ARHGAP22,0.0,shap_tree
12,P2,TMOD2,0.0,shap_tree
12,P2,CD68,8.344982234120835e-07,shap_tree
12,P2,CCL4,0.0,shap_tree
12,P2,PARP2,0.0,shap_tree
12,P2,EGLN3,0.0,shap_tree
12,P2,SAT1,0.0,shap_tree
12,P2,APOE,0.0,shap_tree
12,P2,APOC1,0.0,shap_tree
12,P2,C6orf203,0.0,shap_tree
12,P2,FCHO1,0.0,shap_tree
12,P2,DKC1,0.0,shap_tree
12,P2,ULBP2,0.0,shap_tree
12,P2,NINJ1,0.0,shap_tree
12,P2,LGALS3,0.0021312080789357424,shap_tree
12,P2,SERPINF1,0.0,shap_tree
12,P2,CLEC10A,0.0,shap_tree
12,P2,MUTYH,0.0,shap_tree
12,P2,MYH10,0.0,shap_tree
12,P2,KRBA1,0.0,shap_tree
12,P2,E2F5,0.0,shap_tree
12,P2,CCNB1,0.0,shap_tree
12,P2,RSAD2,0.0,shap_tree
12,P2,FBXO18,0.0,shap_tree
12,P2,KLRC1,4.587726834870409e-06,shap_tree
12,P2,CARS2,0.0,shap_tree
12,P2,SLC37A2,0.0,shap_tree
12,P2,CTSL,0.0,shap_tree
12,P2,CD36,0.0,shap_tree
12,P2,HILPDA,0.0,shap_tree
12,P2,KIAA1009,0.0,shap_tree
12,P2,TROAP,0.0,shap_tree
12,P2,LACE1,0.0,shap_tree
12,P2,CPM,0.0,shap_tree
12,P2,FHOD1,0.0,shap_tree
12,P2,GLUL,0.0,shap_tree
12,P2,CKAP4,0.0,shap_tree
12,P2,GPNMB,0.0,shap_tree
12,P2,IL10,0.0,shap_tree
12,P2,IL1RN,0.0,shap_tree
12,P2,TXN,0.0005857442156411707,shap_tree
12,P2,IRF4,0.0,shap_tree
12,P2,TUBB2B,0.0,shap_tree
12,P2,SLCO2B1,0.0,shap_tree
12,P2,RNF121,0.0,shap_tree
12,P2,C11orf1,0.0,shap_tree
12,P2,THBS1,0.0,shap_tree
12,P2,IFI44L,0.00018660491332411766,shap_tree
12,P2,IFI44,0.0,shap_tree
12,P2,DNAJC13,0.0,shap_tree
12,P2,TMOD3,0.0,shap_tree
12,P2,SPPL2A,0.0,shap_tree
12,P2,ARHGAP24,0.0,shap_tree
12,P2,CASP6,0.0,shap_tree
12,P2,LEF1,0.0,shap_tree
12,P2,CLSTN3,3.14180556415522e-06,shap_tree
12,P2,TMEM19,0.0,shap_tree
12,P2,GPR84,0.0,shap_tree
12,P2,SMARCC2,0.0,shap_tree
12,P2,SLC38A6,0.0,shap_tree
12,P2,PTGR2,0.0,shap_tree
12,P2,WARS,0.01944274827837944,shap_tree
12,P2,SLC12A6,0.0,shap_tree
12,P2,TCF12,0.0,shap_tree
12,P2,BCL2A1,0.0,shap_tree
12,P2,TPM1,0.0,shap_tree
12,P2,IGF1R,0.0,shap_tree
12,P2,ZFHX3,0.0,shap_tree
12,P2,IRF8,0.0,shap_tree
12,P2,SCRN2,0.0,shap_tree
12,P2,TAF4B,0.0,shap_tree
12,P2,TP53,0.0,shap_tree
12,P2,SMAD4,0.0,shap_tree
12,P2,ZFP14,0.0,shap_tree
12,P2,IFITM3,0.0,shap_tree
12,P2,MMEL1,0.0,shap_tree
12,P2,XCL2,0.0,shap_tree
12,P2,PPOX,0.0,shap_tree
12,P2,FCGR2A,0.0,shap_tree
12,P2,FCRL5,0.0,shap_tree
12,P2,ABL2,0.0,shap_tree
12,P2,TAF1A,0.0,shap_tree
12,P2,S100A8,0.0,shap_tree
12,P2,AFF3,0.0,shap_tree
12,P2,EAF2,0.0,shap_tree
12,P2,EIF2B5,0.0,shap_tree
12,P2,PLAC8,0.0,shap_tree
12,P2,PIK3R1,0.0,shap_tree
12,P2,MMS22L,0.0,shap_tree
12,P2,NOM1,0.0,shap_tree
12,P2,CXorf57,0.0,shap_tree
12,P2,SLC39A4,9.985196811612695e-07,shap_tree
12,P2,PLIN2,0.0,shap_tree
12,P2,IDNK,1.0122670346390805e-06,shap_tree
12,P2,GSN,0.0,shap_tree
12,P2,MRRF,0.0,shap_tree
12,P2,IMMP1L,0.0,shap_tree
12,P2,INTS4,0.0,shap_tree
12,P2,FADS1,0.0,shap_tree
12,P2,FCGR1A,0.0,shap_tree
12,P2,CACNA2D4,0.0,shap_tree
12,P2,OXSM,0.0,shap_tree
12,P2,CCDC122,0.0,shap_tree
12,P2,BAG3,6.312665209406987e-05,shap_tree
12,P2,RASGRP3,0.0,shap_tree
12,P2,BANK1,0.0,shap_tree
12,P2,DAB2,0.0,shap_tree
12,P2,NEIL2,0.0,shap_tree
12,P2,TSEN2,0.0,shap_tree
12,P2,VSIG4,0.0,shap_tree
12,P2,CXCL13,3.779494363698177e-05,shap_tree
12,P2,FAM122B,0.0,shap_tree
12,P2,MS4A1,3.47499008057639e-05,shap_tree
12,P2,VPS8,0.0,shap_tree
12,P2,GALK2,0.0,shap_tree
12,P2,MYO1E,0.0,shap_tree
12,P2,C9orf91,0.0,shap_tree
12,P2,FAIM,0.0,shap_tree
12,P2,NCF1,0.0,shap_tree
12,P2,FCER1G,4.831560727325268e-05,shap_tree
12,P2,C1QC,0.0,shap_tree
12,P2,ZNF362,0.0,shap_tree
12,P2,TMPRSS3,0.0,shap_tree
12,P2,LMNA,3.920069138985127e-05,shap_tree
12,P2,CYB561A3,0.0,shap_tree
12,P2,VCAM1,0.0,shap_tree
12,P2,FCGR3B,2.8379503419273533e-05,shap_tree
12,P2,ATF3,0.0,shap_tree
12,P2,CTSS,0.0,shap_tree
12,P2,S100A9,0.00010730099165812135,shap_tree
12,P2,STK36,0.0,shap_tree
12,P2,FCRL1,6.158628366392804e-06,shap_tree
12,P2,PTPN13,0.0,shap_tree
12,P2,SMIM14,0.0,shap_tree
12,P2,ABHD6,0.0,shap_tree
12,P2,CXCL3,0.0,shap_tree
12,P2,RCHY1,0.0,shap_tree
12,P2,PIGX,0.0,shap_tree
12,P2,SLC9B2,0.0,shap_tree
12,P2,SPRY1,0.0,shap_tree
12,P2,ITGA2,0.0,shap_tree
12,P2,CTSB,0.00011300539335934445,shap_tree
12,P2,PHAX,0.0,shap_tree
12,P2,LETM2,0.0,shap_tree
12,P2,FBP1,0.0010822362964972854,shap_tree
12,P2,IFI27,0.0,shap_tree
12,P2,CLMN,0.0,shap_tree
12,P2,FAM227B,0.0,shap_tree
12,P2,STXBP4,0.0,shap_tree
12,P2,CUL5,0.0,shap_tree
12,P2,TAF10,0.0,shap_tree
12,P2,WEE1,0.0,shap_tree
12,P2,CLEC4E,0.0,shap_tree
12,P2,CATSPER2,0.0,shap_tree
12,P2,ANPEP,0.0,shap_tree
12,P2,XRCC6BP1,0.0,shap_tree
12,P2,C15orf48,0.0,shap_tree
12,P2,MS4A7,0.0,shap_tree
12,P2,DIS3L,0.0,shap_tree
12,P2,EVA1C,0.0,shap_tree
12,P2,GNGT2,0.0,shap_tree
12,P2,ACSF2,0.0,shap_tree
12,P2,POP5,0.0,shap_tree
12,P2,ENTHD2,0.0,shap_tree
12,P2,TRIM68,0.0,shap_tree
12,P2,AXL,0.0,shap_tree
12,P2,LAIR2,0.0,shap_tree
12,P2,CHAF1A,0.0,shap_tree
12,P2,ECI1,0.0,shap_tree
12,P2,VPS37C,0.0,shap_tree
12,P2,NAALADL1,0.0,shap_tree
12,P2,KCTD6,0.0,shap_tree
12,P2,CX3CR1,0.0,shap_tree
12,P2,LDLRAD4,0.0,shap_tree
12,P2,TMEM208,0.0,shap_tree
12,P2,PPIP5K1,0.0,shap_tree
12,P2,RNASE6,0.0,shap_tree
12,P2,IL8,0.0,shap_tree
12,P2,GPR183,0.00015245926624629647,shap_tree
12,P2,LRRC45,0.0,shap_tree
12,P2,MT1E,0.0,shap_tree
12,P2,TAPT1,0.0,shap_tree
12,P2,GLB1,5.628926737699658e-05,shap_tree
12,P2,CD14,0.0,shap_tree
12,P2,MZB1,0.0,shap_tree
12,P2,BFSP2,0.0,shap_tree
12,P2,KBTBD2,0.0,shap_tree
12,P2,LILRA3,0.0,shap_tree
12,P2,HDAC3,0.0,shap_tree
12,P2,METTL18,0.0,shap_tree
12,P2,RRM2,0.0,shap_tree
12,P2,LGALS9C,0.0,shap_tree
12,P2,ATPAF2,0.0,shap_tree
12,P2,CLEC12A,0.0,shap_tree
12,P2,FUT10,0.0,shap_tree
12,P2,DCP2,0.0,shap_tree
12,P2,C1QB,0.0,shap_tree
12,P2,C1QA,0.0,shap_tree
12,P2,OLR1,0.0,shap_tree
12,P2,PTPRM,0.0,shap_tree
12,P2,TLR6,0.0,shap_tree
12,P2,UBE2C,0.0,shap_tree
12,P2,ATG13,0.0,shap_tree
12,P2,METRNL,0.0,shap_tree
12,P2,DEAF1,0.0,shap_tree
12,P2,CD19,0.0,shap_tree
12,P2,ZBED2,0.0,shap_tree
12,P2,CD163,0.0,shap_tree
12,P2,GEN1,0.0,shap_tree
12,P2,DTX3,0.0,shap_tree
12,P2,THBD,2.277073508594185e-05,shap_tree
12,P2,CPNE7,0.0,shap_tree
12,P2,APOBEC3B,0.0,shap_tree
12,P2,CCR8,0.0,shap_tree
12,P2,HIST1H2BC,0.0,shap_tree
12,P2,FCRL6,0.0,shap_tree
12,P2,UBA7,0.0,shap_tree
12,P2,CADM1,0.0,shap_tree
12,P2,AFMID,0.0,shap_tree
12,P2,CCDC159,3.94911603507353e-06,shap_tree
12,P2,IQGAP3,0.0,shap_tree
12,P2,TTC32,0.0,shap_tree
12,P2,COA3,0.0,shap_tree
12,P2,KNTC1,0.0,shap_tree
12,P2,GSTT1,0.0,shap_tree
12,P2,TMED9,0.0,shap_tree
12,P2,TNFAIP2,0.0,shap_tree
12,P2,WBP5,0.0,shap_tree
12,P2,IRF7,0.0,shap_tree
12,P2,CD300E,0.0,shap_tree
12,P2,UBE2H,0.0,shap_tree
12,P2,ZDHHC17,0.0,shap_tree
12,P2,GPR141,0.0,shap_tree
12,P2,LILRA5,0.0,shap_tree
12,P2,CMC1,0.0,shap_tree
12,P2,USP7,0.0,shap_tree
12,P2,ISG15,0.0019523068331182003,shap_tree
12,P2,FANCM,0.0,shap_tree
12,P2,ZNF383,0.0,shap_tree
12,P2,FAM26F,0.0,shap_tree
12,P2,FBF1,0.0,shap_tree
12,P2,KIR2DL4,0.0,shap_tree
12,P2,ZNF681,0.0,shap_tree
12,P2,TUBB,0.0,shap_tree
12,P2,ANAPC7,0.0,shap_tree
12,P2,TCF4,0.0,shap_tree
12,P2,NF1,0.0,shap_tree
12,P2,HLA-DQA1,0.0004118598299100995,shap_tree
12,P2,SERPINA1,0.0,shap_tree
12,P2,CCL4L2,0.0,shap_tree
12,P2,ZNF165,0.0,shap_tree
12,P2,SYNGAP1,0.0,shap_tree
12,P2,PSAP,0.0,shap_tree
12,P2,ZNF780A,0.0,shap_tree
12,P2,ZNF181,0.0,shap_tree
12,P2,ZNF677,0.0,shap_tree
12,P2,HIBCH,0.0,shap_tree
12,P2,HIST1H3A,0.0,shap_tree
12,P2,SPRED2,0.0,shap_tree
12,P2,FAM19A2,0.0,shap_tree
12,P2,TTC37,0.0,shap_tree
12,P2,FAM169A,0.0,shap_tree
12,P2,TMEM184B,0.0,shap_tree
12,P2,GK,0.0,shap_tree
12,P2,OPA1,0.0,shap_tree
12,P2,PRC1,0.0,shap_tree
12,P2,C9orf114,0.0,shap_tree
12,P2,TGM2,0.0,shap_tree
12,P2,ZNF525,0.0,shap_tree
12,P2,FCGR3A,0.00026276076096110046,shap_tree
12,P2,C10orf128,0.0,shap_tree
12,P2,OXLD1,0.0,shap_tree
12,P2,HLA-DRA,0.0006210060673765838,shap_tree
12,P2,HSPA1B,0.001629124628379941,shap_tree
12,P2,HSPA1A,0.002241697395220399,shap_tree
12,P2,AIF1,0.0,shap_tree
12,P2,LST1,0.0,shap_tree
12,P2,TCTN1,0.0,shap_tree
12,P2,CCL4L1,0.013435735367238522,shap_tree
12,P2,CCL3L1,3.0312501621665433e-05,shap_tree
12,P2,CRYZL1,0.0,shap_tree
12,P2,ANKRD28,0.0,shap_tree
12,P2,TCTEX1D2,0.0,shap_tree
12,P2,TREX1,0.0,shap_tree
12,P2,PPM1N,0.0,shap_tree
12,P2,ITGA1,3.747167647816241e-05,shap_tree
12,P2,HNRNPUL2,0.0,shap_tree
12,P2,MYL5,0.0,shap_tree
12,P2,IFI30,0.000290176656562835,shap_tree
12,P2,FANCG,0.0,shap_tree
12,P2,SLC26A6,0.0,shap_tree
12,P2,KIAA0125,0.0,shap_tree
12,P2,PGAM4,0.0,shap_tree
12,P2,HIST1H2BN,0.0,shap_tree
12,P2,PPIL3,0.0,shap_tree
12,P2,HLA-DOB,0.0,shap_tree
12,P2,WDR65,0.0,shap_tree
12,P2,ZNF585B,0.0,shap_tree
12,P2,CHCHD10,0.0,shap_tree
12,P2,ZNF345,0.0,shap_tree
12,P2,IGLL5,0.0,shap_tree
12,P2,HIST1H3G,0.0,shap_tree
12,P2,CCL3L3,0.0,shap_tree
12,P2,CEP95,0.0,shap_tree
12,P2,PMF1-BGLAP,0.0,shap_tree
12,P2,MYO15B,0.0,shap_tree
12,P2,AL022328.1,0.0,shap_tree
13,P20,C1orf112,6.367147761920933e-06,shap_tree
13,P20,FGR,4.864356469624909e-06,shap_tree
13,P20,NDUFAF7,2.3432052330463193e-05,shap_tree
13,P20,FKBP4,0.0002456761721987277,shap_tree
13,P20,ST7,1.2532778782770038e-05,shap_tree
13,P20,BZRAP1,0.0005347119877114892,shap_tree
13,P20,CCL3,0.002492993837222457,shap_tree
13,P20,CDKL3,3.996327450295212e-06,shap_tree
13,P20,DLEC1,0.00011457839718787,shap_tree
13,P20,LRRC23,6.239661161089316e-06,shap_tree
13,P20,MKS1,0.0,shap_tree
13,P20,PLAUR,1.9111354049528018e-05,shap_tree
13,P20,RABGAP1,2.9998014724696986e-05,shap_tree
13,P20,TYROBP,6.759306415915489e-05,shap_tree
13,P20,BRCA1,8.437024916929659e-06,shap_tree
13,P20,CD22,2.194954504375346e-05,shap_tree
13,P20,SLC11A1,6.1028309573885053e-05,shap_tree
13,P20,PHLDB1,2.244963752673357e-06,shap_tree
13,P20,MARCO,8.312144927913323e-06,shap_tree
13,P20,CD74,0.0038363910280168056,shap_tree
13,P20,NR1H3,0.0,shap_tree
13,P20,NUP160,0.00014064407150726765,shap_tree
13,P20,GRN,9.66085062827915e-05,shap_tree
13,P20,STAP1,1.2520828022388741e-05,shap_tree
13,P20,METTL1,6.382826086337445e-06,shap_tree
13,P20,VCAN,0.0,shap_tree
13,P20,CAPG,0.00015506079944316298,shap_tree
13,P20,ADAM28,6.012681296851952e-06,shap_tree
13,P20,TNFRSF9,0.00014666366041637957,shap_tree
13,P20,RRP12,1.41948985401541e-05,shap_tree
13,P20,QSER1,1.1150337741128169e-05,shap_tree
13,P20,TM7SF3,1.7298549209954217e-05,shap_tree
13,P20,LPAR2,6.0903617850271985e-05,shap_tree
13,P20,FAR2,4.087450633960543e-06,shap_tree
13,P20,CHI3L2,0.0001346181525150314,shap_tree
13,P20,WDR3,2.619554834382143e-05,shap_tree
13,P20,ADAT1,3.213409218005836e-05,shap_tree
13,P20,ASB1,9.349259198643267e-05,shap_tree
13,P20,ZNRD1,3.667540295282379e-05,shap_tree
13,P20,STAG3,4.954444193572272e-06,shap_tree
13,P20,ROGDI,0.0,shap_tree
13,P20,BCL3,8.32829246064648e-05,shap_tree
13,P20,SEL1L,2.7895302991964854e-05,shap_tree
13,P20,TFRC,7.507557165808976e-05,shap_tree
13,P20,TXK,1.8860078853322193e-05,shap_tree
13,P20,FSCN1,3.005897042385186e-06,shap_tree
13,P20,SPAG5,3.016855998794199e-06,shap_tree
13,P20,PIK3C3,3.738626401172951e-05,shap_tree
13,P20,TNS1,0.00025831424864009023,shap_tree
13,P20,REXO1,1.5978623650880763e-06,shap_tree
13,P20,CEACAM1,0.0,shap_tree
13,P20,SESN1,0.00023959552345331758,shap_tree
13,P20,HSP90AA1,0.001721797394566238,shap_tree
13,P20,CXCL2,1.391527007399418e-06,shap_tree
13,P20,NFE2L1,2.0451263480936177e-05,shap_tree
13,P20,KAT6A,0.000368026114301756,shap_tree
13,P20,FCN1,0.0,shap_tree
13,P20,DDHD2,5.2362880524015054e-05,shap_tree
13,P20,OAS1,0.00012161078484496102,shap_tree
13,P20,LYZ,2.628660513437353e-05,shap_tree
13,P20,WDR7,2.933109863079153e-05,shap_tree
13,P20,CD200,2.0478097212617286e-05,shap_tree
13,P20,HDAC6,1.1647885912680067e-05,shap_tree
13,P20,AAAS,2.145756116078701e-05,shap_tree
13,P20,HOOK2,2.4009370918065542e-06,shap_tree
13,P20,ACOT7,0.0,shap_tree
13,P20,GADD45B,0.0013171086320653558,shap_tree
13,P20,GGT1,4.998665190214524e-06,shap_tree
13,P20,LGALS2,3.6660294426837936e-05,shap_tree
13,P20,HMOX1,5.178867013455601e-06,shap_tree
13,P20,MCAT,0.0,shap_tree
13,P20,GZMB,0.020162545144557953,shap_tree
13,P20,AP4S1,9.028547651723784e-07,shap_tree
13,P20,CDKL1,0.0,shap_tree
13,P20,CDKN3,0.0,shap_tree
13,P20,PIGH,0.00023745941871311516,shap_tree
13,P20,TCL1A,7.324414036702365e-05,shap_tree
13,P20,GMPR2,0.00014232761168386787,shap_tree
13,P20,PLTP,0.0,shap_tree
13,P20,MMP9,2.362604050176742e-07,shap_tree
13,P20,NDUFAF5,0.0,shap_tree
13,P20,CST3,0.00017023576947394758,shap_tree
13,P20,WDR13,1.6341620721505024e-05,shap_tree
13,P20,FMR1,3.597834438551217e-05,shap_tree
13,P20,TIMP1,0.0017831106670200825,shap_tree
13,P20,GLA,0.0001629440375836566,shap_tree
13,P20,ACP5,0.00048114106175489724,shap_tree
13,P20,TSC22D1,0.0005813767202198505,shap_tree
13,P20,SMPD3,0.0,shap_tree
13,P20,DNAJA3,2.5982768420362845e-05,shap_tree
13,P20,DTWD1,1.147949296864681e-05,shap_tree
13,P20,GABPB1,0.00020757583843078464,shap_tree
13,P20,BMF,3.2807110983412713e-06,shap_tree
13,P20,PPP2CB,0.0,shap_tree
13,P20,SARS2,1.3228991520009004e-05,shap_tree
13,P20,DOT1L,7.024302703939611e-06,shap_tree
13,P20,FCER2,0.00017576462414581329,shap_tree
13,P20,IL4I1,1.1916629773622844e-05,shap_tree
13,P20,ZNF419,0.0,shap_tree
13,P20,PDCD5,0.0008749714470468462,shap_tree
13,P20,CD79A,4.5442156988428906e-05,shap_tree
13,P20,ATP1A3,3.330550555347145e-07,shap_tree
13,P20,LILRB5,2.202450377808418e-05,shap_tree
13,P20,DFNA5,0.0,shap_tree
13,P20,CPVL,2.8567359322551056e-07,shap_tree
13,P20,ABHD11,0.0,shap_tree
13,P20,EPHB6,1.4981791309764958e-06,shap_tree
13,P20,HSPB1,0.0018452535150572658,shap_tree
13,P20,RBM28,0.00013225682778283954,shap_tree
13,P20,TMEM176B,1.693063859420363e-05,shap_tree
13,P20,SUSD1,4.34999219578458e-06,shap_tree
13,P20,RASSF4,7.481193733838154e-06,shap_tree
13,P20,MAPK8,4.197848465992138e-05,shap_tree
13,P20,FBXW4,9.364180732518435e-05,shap_tree
13,P20,GALK1,3.873746209137607e-06,shap_tree
13,P20,RASD1,0.0,shap_tree
13,P20,CCL2,0.0,shap_tree
13,P20,EZH1,0.00010134001058759168,shap_tree
13,P20,TMEM97,3.10038412862923e-05,shap_tree
13,P20,RAB34,0.0,shap_tree
13,P20,SLC2A9,5.959893201179511e-07,shap_tree
13,P20,CRTAM,0.00012145147775299847,shap_tree
13,P20,MS4A6A,0.0001262966397916898,shap_tree
13,P20,MS4A4A,4.8352021622122265e-06,shap_tree
13,P20,CCND1,0.0,shap_tree
13,P20,PRPF19,9.023997699841857e-05,shap_tree
13,P20,CD81,1.6316498658852652e-05,shap_tree
13,P20,DDX55,1.0079564162879251e-05,shap_tree
13,P20,IFNG,0.002995131304487586,shap_tree
13,P20,GNPTAB,5.303762372932397e-05,shap_tree
13,P20,MDGA1,0.0,shap_tree
13,P20,CD83,0.0015190572012215853,shap_tree
13,P20,APBB3,0.00013885066437069327,shap_tree
13,P20,TFDP2,2.320093881280627e-05,shap_tree
13,P20,PFKFB4,1.4689403542433865e-06,shap_tree
13,P20,C3orf14,0.0,shap_tree
13,P20,CISH,4.6321478293975815e-05,shap_tree
13,P20,GORASP1,0.00013025519729126245,shap_tree
13,P20,GTF3C2,7.632635060872417e-06,shap_tree
13,P20,FN1,0.0,shap_tree
13,P20,STK25,8.84026917447045e-07,shap_tree
13,P20,EPHA4,5.131560828885995e-05,shap_tree
13,P20,CEP104,5.639897153741913e-07,shap_tree
13,P20,TTF2,8.212116517825052e-05,shap_tree
13,P20,GBP1,0.009997915476560593,shap_tree
13,P20,CDC20,0.0,shap_tree
13,P20,CTSD,0.001989959506317973,shap_tree
13,P20,C1orf54,0.0,shap_tree
13,P20,LRMP,2.1207288227742538e-05,shap_tree
13,P20,UBE3D,6.929823939572088e-06,shap_tree
13,P20,MYB,5.137597327120602e-06,shap_tree
13,P20,SGK1,6.684759682684671e-06,shap_tree
13,P20,SPP1,0.0,shap_tree
13,P20,CSF3R,6.67691565467976e-05,shap_tree
13,P20,NPC2,3.93160771636758e-05,shap_tree
13,P20,COQ6,4.083738895133138e-05,shap_tree
13,P20,BCL11A,1.8324215488974005e-05,shap_tree
13,P20,IFIT3,7.016117251623655e-06,shap_tree
13,P20,IFIT2,0.0001460950734326616,shap_tree
13,P20,HSPH1,0.0009836789686232805,shap_tree
13,P20,TGFBI,0.0039009323809295893,shap_tree
13,P20,EGR1,0.002151260618120432,shap_tree
13,P20,LY9,0.0008145537576638162,shap_tree
13,P20,PLAU,0.0,shap_tree
13,P20,MMP19,0.0,shap_tree
13,P20,TUBA1B,0.00044618771062232554,shap_tree
13,P20,NDUFAF4,1.4153528354654554e-05,shap_tree
13,P20,METTL8,5.439951564767398e-05,shap_tree
13,P20,G0S2,6.57681594020687e-05,shap_tree
13,P20,TREM1,0.0,shap_tree
13,P20,SOX4,5.165958100405987e-06,shap_tree
13,P20,BBS2,0.0002514956286177039,shap_tree
13,P20,MT2A,0.022444063797593117,shap_tree
13,P20,IL1B,0.0,shap_tree
13,P20,VASP,0.00023111008340492845,shap_tree
13,P20,CCR7,0.014355924911797047,shap_tree
13,P20,IFI6,0.05671209469437599,shap_tree
13,P20,CFP,4.6658533392474055e-06,shap_tree
13,P20,L3HYPDH,2.1215346350800246e-06,shap_tree
13,P20,ZC4H2,3.142080458928831e-06,shap_tree
13,P20,GFER,6.014843620505417e-06,shap_tree
13,P20,ZNF780B,6.268199285841547e-06,shap_tree
13,P20,VPREB3,0.0,shap_tree
13,P20,SPECC1,2.5540416572766844e-06,shap_tree
13,P20,CHN1,0.00034394257818348706,shap_tree
13,P20,TMOD2,0.0,shap_tree
13,P20,SERGEF,1.774929728526331e-06,shap_tree
13,P20,CD68,6.811762432334945e-06,shap_tree
13,P20,CCL4,0.0005129289347678423,shap_tree
13,P20,SAT1,0.003255304181948304,shap_tree
13,P20,LDLR,1.23404397527338e-05,shap_tree
13,P20,APOE,0.0,shap_tree
13,P20,APOC1,5.327574399416335e-05,shap_tree
13,P20,DKC1,3.061225652345456e-05,shap_tree
13,P20,ULBP2,0.0001042763760779053,shap_tree
13,P20,ACSS2,1.9102094483969267e-06,shap_tree
13,P20,NINJ1,0.002680344507098198,shap_tree
13,P20,LGALS3,0.003387928707525134,shap_tree
13,P20,FCRLA,6.57030068396125e-06,shap_tree
13,P20,IGJ,3.393950828467496e-05,shap_tree
13,P20,CLEC10A,0.0,shap_tree
13,P20,PRMT7,4.811146209249273e-05,shap_tree
13,P20,MORC4,8.391770825255662e-05,shap_tree
13,P20,SLC2A11,0.0,shap_tree
13,P20,KRBA1,2.1725638362113386e-05,shap_tree
13,P20,HSD17B4,1.3326276530278847e-05,shap_tree
13,P20,RSAD2,9.493075049249455e-05,shap_tree
13,P20,IL2RA,4.209805865684757e-06,shap_tree
13,P20,CARS2,8.619005529908463e-05,shap_tree
13,P20,SLC37A2,0.0,shap_tree
13,P20,NREP,2.0880681859125616e-06,shap_tree
13,P20,CTSL,4.7712630475871265e-05,shap_tree
13,P20,CD36,0.0,shap_tree
13,P20,HILPDA,0.0,shap_tree
13,P20,PAN2,9.941671305568889e-05,shap_tree
13,P20,CCDC142,0.0,shap_tree
13,P20,DYNC1LI2,4.2662704800022766e-05,shap_tree
13,P20,GLUL,1.5546598660876043e-05,shap_tree
13,P20,GPNMB,4.438680480234325e-05,shap_tree
13,P20,IL10,0.0,shap_tree
13,P20,IL1RN,0.0,shap_tree
13,P20,TXN,0.0025211346801370382,shap_tree
13,P20,TUBB2B,5.615584541374119e-06,shap_tree
13,P20,IER3,2.5751476186997024e-06,shap_tree
13,P20,SLCO2B1,0.0,shap_tree
13,P20,RNF121,6.499269511550665e-05,shap_tree
13,P20,SPTBN5,0.0,shap_tree
13,P20,IFI44L,0.0015234977472573519,shap_tree
13,P20,IFI44,5.871144458069466e-05,shap_tree
13,P20,DNAJC13,8.05297531769611e-06,shap_tree
13,P20,WDR12,4.479582275962457e-05,shap_tree
13,P20,ITGAV,1.4989072951721027e-05,shap_tree
13,P20,TMOD3,0.00024672423023730516,shap_tree
13,P20,SPPL2A,9.508932271273807e-05,shap_tree
13,P20,ARHGAP24,0.00022765884932596236,shap_tree
13,P20,CASP6,3.959271634812467e-05,shap_tree
13,P20,LEF1,0.00032298953738063574,shap_tree
13,P20,CLSTN3,0.0002936762757599354,shap_tree
13,P20,TMEM19,1.8961653722726624e-06,shap_tree
13,P20,DUSP6,6.9962839006620925e-06,shap_tree
13,P20,GPR84,0.0,shap_tree
13,P20,SMARCC2,8.812775195110589e-05,shap_tree
13,P20,LMBR1L,5.560843419516459e-05,shap_tree
13,P20,SLC38A6,1.195267577713821e-05,shap_tree
13,P20,WARS,0.02551797404885292,shap_tree
13,P20,SLC12A6,6.501268944703043e-05,shap_tree
13,P20,TCF12,0.0005467865848913789,shap_tree
13,P20,NEIL1,1.6165677152457647e-05,shap_tree
13,P20,DNAJA4,5.939598486293107e-05,shap_tree
13,P20,TPM1,0.0,shap_tree
13,P20,IGF1R,5.621425952995196e-05,shap_tree
13,P20,MFGE8,0.0,shap_tree
13,P20,IRF8,0.00024485125322826207,shap_tree
13,P20,SCRN2,4.2574654798954725e-05,shap_tree
13,P20,TP53,0.00030313112074509263,shap_tree
13,P20,IFITM3,0.0034469387028366327,shap_tree
13,P20,MMEL1,1.3338138160179369e-05,shap_tree
13,P20,GPN2,0.0,shap_tree
13,P20,ADC,5.568336291617015e-06,shap_tree
13,P20,PPOX,3.9525897591374815e-05,shap_tree
13,P20,FCGR2A,0.0,shap_tree
13,P20,FCRL5,1.7537402527523227e-05,shap_tree
13,P20,ABL2,3.7374960811575875e-05,shap_tree
13,P20,S100A8,2.8604478075067163e-07,shap_tree
13,P20,LPP,6.989328539930284e-05,shap_tree
13,P20,AMT,3.7054012409498682e-06,shap_tree
13,P20,EIF2B5,9.186902752844617e-05,shap_tree
13,P20,SSBP2,0.0,shap_tree
13,P20,MMS22L,0.000194446140085347,shap_tree
13,P20,POMZP3,0.0,shap_tree
13,P20,CXorf57,4.7649908196945034e-07,shap_tree
13,P20,TATDN1,8.778464689385146e-06,shap_tree
13,P20,SLC39A4,2.3103991679818137e-06,shap_tree
13,P20,PLIN2,0.0009080321760848165,shap_tree
13,P20,GSN,5.168410643818788e-05,shap_tree
13,P20,MRRF,0.00013915104500483721,shap_tree
13,P20,FUOM,6.263077011681162e-06,shap_tree
13,P20,IMMP1L,0.0,shap_tree
13,P20,FADS1,4.813258556168876e-07,shap_tree
13,P20,FCGR1A,4.284914666641271e-06,shap_tree
13,P20,CACNA2D4,0.0,shap_tree
13,P20,OXSM,2.8945105441380292e-05,shap_tree
13,P20,ANK3,0.0001661523710936308,shap_tree
13,P20,PTPRO,1.8325935116081382e-06,shap_tree
13,P20,CENPJ,0.0,shap_tree
13,P20,BAG3,0.0012787840096279979,shap_tree
13,P20,FARP1,0.0,shap_tree
13,P20,BANK1,8.22826405055821e-06,shap_tree
13,P20,DAB2,5.263013918010984e-07,shap_tree
13,P20,OBSCN,3.1679226140113315e-06,shap_tree
13,P20,SLC25A28,6.849104102002457e-05,shap_tree
13,P20,VSIG4,0.0,shap_tree
13,P20,ADAMTSL3,0.0,shap_tree
13,P20,CXCL13,0.00041865662205964327,shap_tree
13,P20,FAM122B,2.744672201515641e-06,shap_tree
13,P20,MS4A1,0.0019447964150458574,shap_tree
13,P20,WDYHV1,0.0,shap_tree
13,P20,MALSU1,2.6294737835996784e-06,shap_tree
13,P20,VPS8,0.0012721940875053406,shap_tree
13,P20,B3GNT7,3.886060949298553e-05,shap_tree
13,P20,CCNB2,0.0,shap_tree
13,P20,C2CD2,1.4228252439352218e-05,shap_tree
13,P20,NCF1,9.617911018722225e-06,shap_tree
13,P20,FCER1G,0.0009272074676118791,shap_tree
13,P20,C1QC,3.518866265039833e-07,shap_tree
13,P20,ZNF362,3.43005740433e-05,shap_tree
13,P20,TMPRSS3,2.6944542696583085e-05,shap_tree
13,P20,LMNA,0.0008947757887654006,shap_tree
13,P20,TMEM143,0.0,shap_tree
13,P20,WDR90,4.0515711589250714e-05,shap_tree
13,P20,CYB561A3,9.583075734553859e-05,shap_tree
13,P20,C1orf123,1.3368196050578263e-05,shap_tree
13,P20,VCAM1,0.0005743747460655868,shap_tree
13,P20,NLRP3,3.5953614769823616e-06,shap_tree
13,P20,FCGR3B,0.0010046574752777815,shap_tree
13,P20,ATF3,0.0006267658900469542,shap_tree
13,P20,ZNF2,6.730978202540427e-05,shap_tree
13,P20,CTSS,0.00030153593979775906,shap_tree
13,P20,S100A9,1.2023358067381196e-05,shap_tree
13,P20,RNF25,2.3187443730421364e-05,shap_tree
13,P20,ANKZF1,1.9591425370890647e-05,shap_tree
13,P20,FCRL1,0.0002765558019746095,shap_tree
13,P20,SMIM14,4.753630128107034e-05,shap_tree
13,P20,CXCL3,0.0,shap_tree
13,P20,RCHY1,3.0795281418249942e-06,shap_tree
13,P20,BAP1,0.00015926059859339148,shap_tree
13,P20,GNL3,1.4493472917820327e-05,shap_tree
13,P20,SAP30L,0.0,shap_tree
13,P20,CTSB,0.0015530843520537019,shap_tree
13,P20,GEM,0.00042605603812262416,shap_tree
13,P20,FBP1,0.0012874631211161613,shap_tree
13,P20,ALKBH3,7.141354581108317e-05,shap_tree
13,P20,ARIH1,9.047232015291229e-05,shap_tree
13,P20,FAM227B,0.0,shap_tree
13,P20,CUL5,7.84586591180414e-05,shap_tree
13,P20,TAF10,0.0004809412930626422,shap_tree
13,P20,PLD4,9.933219553204253e-05,shap_tree
13,P20,XRRA1,9.371410124003887e-05,shap_tree
13,P20,TRIM66,6.385508299899811e-07,shap_tree
13,P20,ZNF143,1.28710253193276e-05,shap_tree
13,P20,WEE1,5.4876414651516825e-05,shap_tree
13,P20,CLEC4E,0.0,shap_tree
13,P20,CATSPER2,3.727472630998818e-06,shap_tree
13,P20,ANPEP,1.3137312635080889e-05,shap_tree
13,P20,C15orf48,3.080016540479846e-05,shap_tree
13,P20,MS4A7,3.648090341812349e-06,shap_tree
13,P20,GNGT2,3.244734443796915e-06,shap_tree
13,P20,ACSF2,1.2620225788850803e-05,shap_tree
13,P20,FBXO22,0.0,shap_tree
13,P20,POP5,9.069986117538065e-05,shap_tree
13,P20,TRIM68,8.694395887687278e-07,shap_tree
13,P20,ZNF528,1.8077138292937889e-06,shap_tree
13,P20,SRR,1.331570047113928e-06,shap_tree
13,P20,VPS37C,0.0,shap_tree
13,P20,NAALADL1,2.1519914298551157e-05,shap_tree
13,P20,GNG4,1.2861013601650484e-05,shap_tree
13,P20,BMI1,0.00010044057125924155,shap_tree
13,P20,CX3CR1,0.00046694427146576345,shap_tree
13,P20,FAM84B,6.031560587871354e-06,shap_tree
13,P20,LDLRAD4,0.00041469346615485847,shap_tree
13,P20,TMEM208,4.221657945890911e-05,shap_tree
13,P20,PTK2,7.2588886723679025e-06,shap_tree
13,P20,RNASE6,0.0,shap_tree
13,P20,IL8,2.0056742869201116e-05,shap_tree
13,P20,GPR183,0.00226278742775321,shap_tree
13,P20,CLIC3,0.0014194088289514184,shap_tree
13,P20,LRRC45,1.6284488083329052e-05,shap_tree
13,P20,MT1E,0.00030378662631846964,shap_tree
13,P20,GLB1,3.1094812584342435e-05,shap_tree
13,P20,CD14,0.0,shap_tree
13,P20,MZB1,4.994893743059947e-07,shap_tree
13,P20,LILRA3,3.4792378755810205e-06,shap_tree
13,P20,ZNF561,0.00010043812653748319,shap_tree
13,P20,HDAC3,2.2294969312497415e-05,shap_tree
13,P20,RRM2,0.0007283242302946746,shap_tree
13,P20,HINFP,6.470848165918142e-05,shap_tree
13,P20,CLEC12A,0.0,shap_tree
13,P20,FGGY,9.692714229458943e-06,shap_tree
13,P20,FUT10,0.0,shap_tree
13,P20,HSPA6,4.874388832831755e-05,shap_tree
13,P20,RAPH1,0.0,shap_tree
13,P20,SLC2A14,0.0004841986228711903,shap_tree
13,P20,C1QB,0.0,shap_tree
13,P20,C1QA,0.0,shap_tree
13,P20,OLR1,0.0,shap_tree
13,P20,DAG1,7.099391950760037e-05,shap_tree
13,P20,PTPRM,1.2346085895842407e-06,shap_tree
13,P20,SULT1B1,0.00014413107419386506,shap_tree
13,P20,APITD1,4.1122552829619963e-07,shap_tree
13,P20,ZNF519,0.0,shap_tree
13,P20,MCTP1,1.4226959592633648e-06,shap_tree
13,P20,METRNL,1.5909248759271577e-05,shap_tree
13,P20,CD19,7.308624481083825e-05,shap_tree
13,P20,ZBED2,2.124997081409674e-05,shap_tree
13,P20,SAMD12,0.0,shap_tree
13,P20,CD163,7.1065501288103405e-06,shap_tree
13,P20,THBD,0.00026735648862086236,shap_tree
13,P20,EFCAB13,5.518620127986651e-06,shap_tree
13,P20,DPY19L3,2.0564375518006273e-06,shap_tree
13,P20,AURKB,8.850042831909377e-06,shap_tree
13,P20,APOBEC3B,1.762171996233519e-05,shap_tree
13,P20,CCR8,1.630976294109132e-05,shap_tree
13,P20,ZNF816,3.3792659905884648e-06,shap_tree
13,P20,SLC36A4,5.078029425931163e-05,shap_tree
13,P20,FCRL6,3.6503079172689468e-06,shap_tree
13,P20,UBA7,0.00012064848124282435,shap_tree
13,P20,CADM1,0.0005848589935339987,shap_tree
13,P20,AP2A2,0.00010869294055737555,shap_tree
13,P20,AFMID,1.6571580999880098e-05,shap_tree
13,P20,CCDC159,4.805441221833462e-06,shap_tree
13,P20,TREX2,0.0,shap_tree
13,P20,TTC32,6.682316325168358e-06,shap_tree
13,P20,COA3,5.581571895163506e-05,shap_tree
13,P20,KNTC1,7.420105976052582e-05,shap_tree
13,P20,TMED9,0.0016711641801521182,shap_tree
13,P20,TNFAIP2,1.4709880815644283e-06,shap_tree
13,P20,IFIT1,1.2128032267355593e-06,shap_tree
13,P20,NUDT17,2.8725439733534586e-06,shap_tree
13,P20,CD300E,0.0,shap_tree
13,P20,TNFRSF18,0.000440965493908152,shap_tree
13,P20,ZDHHC17,0.0,shap_tree
13,P20,GPR141,0.0,shap_tree
13,P20,LILRA5,3.653891269550513e-07,shap_tree
13,P20,CMC1,0.0004984510596841574,shap_tree
13,P20,MT1X,4.109120254724985e-06,shap_tree
13,P20,SESTD1,0.0,shap_tree
13,P20,ISG15,0.010839669033885002,shap_tree
13,P20,FANCA,5.2895335102221e-05,shap_tree
13,P20,ZNF559,7.233936685224762e-07,shap_tree
13,P20,FAM26F,1.0918763564404799e-06,shap_tree
13,P20,KIR2DL4,2.812881393765565e-05,shap_tree
13,P20,TUBB,0.0008550051134079695,shap_tree
13,P20,ANAPC7,1.770463313732762e-05,shap_tree
13,P20,TCF4,0.00027377691003493965,shap_tree
13,P20,NF1,0.00012261240044608712,shap_tree
13,P20,HLA-DQA1,0.0014306596713140607,shap_tree
13,P20,MAML3,5.099910595163237e-06,shap_tree
13,P20,SULT1A2,0.0,shap_tree
13,P20,HIST1H4J,2.826257059496129e-06,shap_tree
13,P20,SERPINA1,5.012343535781838e-05,shap_tree
13,P20,CCL4L2,0.0028925721999257803,shap_tree
13,P20,ZNF165,2.1224764168437105e-06,shap_tree
13,P20,SYNGAP1,3.614791785366833e-05,shap_tree
13,P20,NMB,1.0673070391931105e-06,shap_tree
13,P20,PSAP,0.0008199225994758308,shap_tree
13,P20,ZNF81,0.0,shap_tree
13,P20,ZNF780A,2.6078609153046273e-05,shap_tree
13,P20,HIST1H2BF,3.151721557514975e-06,shap_tree
13,P20,MPZL1,1.8516611817176454e-06,shap_tree
13,P20,FCGR1B,0.0,shap_tree
13,P20,SDAD1,3.452922828728333e-05,shap_tree
13,P20,SPRED2,8.587091542722192e-06,shap_tree
13,P20,HLA-DRB5,0.009983218275010586,shap_tree
13,P20,HIST1H4E,6.130880592536414e-06,shap_tree
13,P20,FAM19A2,6.011954610585235e-06,shap_tree
13,P20,TTC37,9.573210263624787e-06,shap_tree
13,P20,FAM169A,9.370326006319374e-05,shap_tree
13,P20,GK,0.0019407966174185276,shap_tree
13,P20,OPA1,3.417327025090344e-05,shap_tree
13,P20,PRC1,0.0,shap_tree
13,P20,TGM2,6.718165423080791e-06,shap_tree
13,P20,ZNF525,0.0,shap_tree
13,P20,FCGR3A,0.00017973776266444474,shap_tree
13,P20,OXLD1,1.7589396520634182e-05,shap_tree
13,P20,HLA-DRA,0.0011996675748378038,shap_tree
13,P20,NEU1,0.00035027076955884695,shap_tree
13,P20,HSPA1B,0.0018599199829623103,shap_tree
13,P20,HSPA1A,0.004462799523025751,shap_tree
13,P20,AIF1,7.931567779451143e-06,shap_tree
13,P20,NCR3,1.4101780152486754e-06,shap_tree
13,P20,LST1,1.0848932561202673e-06,shap_tree
13,P20,TCTN1,1.4479214769380633e-05,shap_tree
13,P20,CCL4L1,0.016990672796964645,shap_tree
13,P20,CCL3L1,9.11367023945786e-05,shap_tree
13,P20,KLRC2,6.613176083192229e-05,shap_tree
13,P20,GSTM2,0.0,shap_tree
13,P20,TREX1,3.15796205541119e-05,shap_tree
13,P20,MDP1,2.2056838133721612e-06,shap_tree
13,P20,MYL5,7.115374501154292e-06,shap_tree
13,P20,IFI30,0.0006492096581496298,shap_tree
13,P20,FANCG,0.0,shap_tree
13,P20,SLC26A6,1.1405861187085975e-05,shap_tree
13,P20,HSBP1L1,0.0,shap_tree
13,P20,PGAM4,2.0748720999108627e-05,shap_tree
13,P20,ZNF717,0.0,shap_tree
13,P20,ZNF737,6.0617359849857166e-05,shap_tree
13,P20,LILRA4,3.246173946536146e-05,shap_tree
13,P20,WDR65,2.0594516172423027e-06,shap_tree
13,P20,ZNF585B,2.1717009985877667e-06,shap_tree
13,P20,INSL3,4.263576101948274e-06,shap_tree
13,P20,ZNF674,2.2025726593710715e-06,shap_tree
13,P20,RP11-849H4.2,9.58339951466769e-05,shap_tree
13,P20,CSNK2A3,1.385908831252891e-06,shap_tree
13,P20,IGLL5,3.442336674197577e-05,shap_tree
13,P20,CCL3L3,6.0977072280365974e-05,shap_tree
13,P20,RP11-96O20.4,0.0,shap_tree
13,P20,PMF1-BGLAP,1.381946731271455e-06,shap_tree
13,P20,AL022328.1,3.308150837710855e-07,shap_tree
13,P20,AC018867.2,7.616265975229908e-06,shap_tree
13,P20,SPIB,9.409861831954913e-07,shap_tree
14,P21,FGR,0.0,shap_tree
14,P21,NDUFAF7,0.0,shap_tree
14,P21,ST7,0.0,shap_tree
14,P21,CCL3,9.479336586082354e-05,shap_tree
14,P21,CD79B,0.0,shap_tree
14,P21,DLEC1,0.0,shap_tree
14,P21,PKD1,0.0,shap_tree
14,P21,CD9,0.0,shap_tree
14,P21,PLAUR,0.0,shap_tree
14,P21,TYROBP,0.0,shap_tree
14,P21,CD22,0.0,shap_tree
14,P21,SLC11A1,1.153585571955773e-06,shap_tree
14,P21,PHLDB1,0.0,shap_tree
14,P21,MARCO,0.0,shap_tree
14,P21,CD74,0.0002333965094294399,shap_tree
14,P21,ZNF839,0.0,shap_tree
14,P21,NR1H3,0.0,shap_tree
14,P21,AGPAT4,0.0,shap_tree
14,P21,NUP160,0.0,shap_tree
14,P21,GRN,3.095300371569465e-06,shap_tree
14,P21,APBA2,0.0,shap_tree
14,P21,STAP1,0.0,shap_tree
14,P21,VCAN,1.4936600791770616e-06,shap_tree
14,P21,SKIV2L2,0.0,shap_tree
14,P21,CAPG,0.0,shap_tree
14,P21,ADAM28,0.0,shap_tree
14,P21,TNFRSF9,0.0,shap_tree
14,P21,QSER1,0.0,shap_tree
14,P21,LPAR2,0.0,shap_tree
14,P21,FAR2,0.0,shap_tree
14,P21,CHI3L2,0.0,shap_tree
14,P21,WDR3,0.0,shap_tree
14,P21,METTL22,0.0,shap_tree
14,P21,IFT80,1.3858289094059728e-06,shap_tree
14,P21,BCL3,5.521909315575613e-06,shap_tree
14,P21,WIPI1,0.0,shap_tree
14,P21,TFRC,0.0,shap_tree
14,P21,NLE1,0.0,shap_tree
14,P21,SLC46A1,0.0,shap_tree
14,P21,PIK3C3,0.0,shap_tree
14,P21,SLC1A3,0.0,shap_tree
14,P21,TNS1,1.810528374335263e-05,shap_tree
14,P21,REXO1,0.0,shap_tree
14,P21,CEACAM1,0.0,shap_tree
14,P21,HSP90AA1,6.571631820406765e-05,shap_tree
14,P21,CXCL2,0.0,shap_tree
14,P21,COBLL1,0.0,shap_tree
14,P21,NFE2L1,0.0,shap_tree
14,P21,ERC1,0.0,shap_tree
14,P21,KAT6A,0.0,shap_tree
14,P21,FCN1,8.501286856699153e-07,shap_tree
14,P21,SCAMP1,0.0,shap_tree
14,P21,ERGIC2,0.0,shap_tree
14,P21,RFX2,0.0,shap_tree
14,P21,CRLS1,0.0,shap_tree
14,P21,OAS1,0.0,shap_tree
14,P21,LYZ,0.0,shap_tree
14,P21,PABPC4,3.1646554816688877e-06,shap_tree
14,P21,PITPNM2,0.0,shap_tree
14,P21,ITGA6,0.0,shap_tree
14,P21,CD200,0.0,shap_tree
14,P21,HDAC6,0.0,shap_tree
14,P21,OSM,0.0,shap_tree
14,P21,CBY1,0.0,shap_tree
14,P21,RHBDD3,0.0,shap_tree
14,P21,HMOX1,0.0,shap_tree
14,P21,GZMB,0.005814456846565008,shap_tree
14,P21,PRMT5,0.0,shap_tree
14,P21,CDKN3,0.0,shap_tree
14,P21,CGRRF1,0.0,shap_tree
14,P21,TIMM9,0.0,shap_tree
14,P21,LGMN,0.0,shap_tree
14,P21,TCL1A,0.0,shap_tree
14,P21,PLTP,0.0,shap_tree
14,P21,MMP9,0.0,shap_tree
14,P21,NDUFAF5,0.0,shap_tree
14,P21,CST3,0.0,shap_tree
14,P21,ALG13,0.0,shap_tree
14,P21,WDR13,0.0,shap_tree
14,P21,FMR1,0.0,shap_tree
14,P21,TIMP1,0.0,shap_tree
14,P21,GLA,0.0,shap_tree
14,P21,KIAA0226L,3.837242184090428e-05,shap_tree
14,P21,ACP5,0.0,shap_tree
14,P21,CLUAP1,0.0,shap_tree
14,P21,DNAJA3,0.0,shap_tree
14,P21,FAH,0.0,shap_tree
14,P21,GABPB1,0.0,shap_tree
14,P21,NIPAL2,0.0,shap_tree
14,P21,GDAP1,0.0,shap_tree
14,P21,ZC2HC1A,0.0,shap_tree
14,P21,PPP2CB,0.0,shap_tree
14,P21,DOT1L,0.0,shap_tree
14,P21,FCER2,0.0,shap_tree
14,P21,IL4I1,0.0,shap_tree
14,P21,ZNF419,0.0,shap_tree
14,P21,PDCD5,0.00021379887766670436,shap_tree
14,P21,ANKRD27,0.0,shap_tree
14,P21,EBI3,0.0,shap_tree
14,P21,CD79A,0.0,shap_tree
14,P21,LILRB5,0.0,shap_tree
14,P21,PON2,0.0,shap_tree
14,P21,CAV1,0.0,shap_tree
14,P21,CPVL,0.0,shap_tree
14,P21,HSPB1,0.0003455221885815263,shap_tree
14,P21,SNX8,0.0,shap_tree
14,P21,CEP41,0.0,shap_tree
14,P21,TMEM176B,0.0,shap_tree
14,P21,RASSF4,0.0,shap_tree
14,P21,GALK1,0.0,shap_tree
14,P21,NUP88,0.0,shap_tree
14,P21,CPD,0.0,shap_tree
14,P21,LGALS3BP,0.0,shap_tree
14,P21,CCL2,0.0,shap_tree
14,P21,RAB34,0.0,shap_tree
14,P21,AREG,0.0,shap_tree
14,P21,KLHL5,0.0,shap_tree
14,P21,CRTAM,0.0,shap_tree
14,P21,MS4A6A,0.0,shap_tree
14,P21,MS4A4A,0.0,shap_tree
14,P21,CD81,0.0,shap_tree
14,P21,PRR4,0.0,shap_tree
14,P21,ACAD10,0.0,shap_tree
14,P21,GTF2H3,0.0,shap_tree
14,P21,IFNG,0.0,shap_tree
14,P21,CHPT1,0.0,shap_tree
14,P21,GNPTAB,0.0,shap_tree
14,P21,ADTRP,0.0,shap_tree
14,P21,SOD2,0.0,shap_tree
14,P21,CD83,0.0,shap_tree
14,P21,NR3C1,0.0,shap_tree
14,P21,TRAPPC13,0.0,shap_tree
14,P21,PFKFB4,0.0,shap_tree
14,P21,C3orf14,0.0,shap_tree
14,P21,GTF3C2,0.0,shap_tree
14,P21,FN1,0.0,shap_tree
14,P21,RALGPS2,0.0,shap_tree
14,P21,CEP104,0.0,shap_tree
14,P21,MECR,0.0,shap_tree
14,P21,ZBTB17,0.0,shap_tree
14,P21,SSX2IP,0.0,shap_tree
14,P21,GBP1,0.00423029437661171,shap_tree
14,P21,CDC20,0.0,shap_tree
14,P21,RCOR3,0.0,shap_tree
14,P21,STMN1,0.0,shap_tree
14,P21,CTSD,0.0006741664838045835,shap_tree
14,P21,C1orf54,0.0,shap_tree
14,P21,SGK1,0.0,shap_tree
14,P21,SPP1,0.0,shap_tree
14,P21,C2orf43,0.0,shap_tree
14,P21,CSF3R,0.0,shap_tree
14,P21,NPC2,0.0,shap_tree
14,P21,BCL11A,0.0,shap_tree
14,P21,IFIT3,0.0,shap_tree
14,P21,PYROXD2,0.0,shap_tree
14,P21,HSPH1,9.148693061433733e-05,shap_tree
14,P21,TGFBI,0.0012555542634800076,shap_tree
14,P21,SEC22A,0.0,shap_tree
14,P21,ZRANB3,0.0,shap_tree
14,P21,LY9,0.0,shap_tree
14,P21,PMS2,0.0,shap_tree
14,P21,EEPD1,0.0,shap_tree
14,P21,PLAU,0.0,shap_tree
14,P21,EGR2,0.0,shap_tree
14,P21,MMP19,0.0,shap_tree
14,P21,NR4A1,8.614749822299927e-05,shap_tree
14,P21,TUBA1B,0.0,shap_tree
14,P21,NDUFAF4,0.0,shap_tree
14,P21,PLA2G12A,0.0,shap_tree
14,P21,SLC12A4,0.0,shap_tree
14,P21,F13A1,0.0,shap_tree
14,P21,TREM1,0.00027125258930027485,shap_tree
14,P21,MT2A,0.00954738911241293,shap_tree
14,P21,GPR18,0.0,shap_tree
14,P21,PTGER2,0.0,shap_tree
14,P21,NUP85,0.0,shap_tree
14,P21,IL1B,0.0,shap_tree
14,P21,VASP,0.0,shap_tree
14,P21,GZF1,0.0,shap_tree
14,P21,CCR7,0.01761775091290474,shap_tree
14,P21,NSRP1,0.0,shap_tree
14,P21,IFI6,0.04297803342342377,shap_tree
14,P21,VPREB3,0.0,shap_tree
14,P21,APOBEC3A,0.0,shap_tree
14,P21,SPECC1,0.0,shap_tree
14,P21,SERGEF,0.0,shap_tree
14,P21,CD68,2.992648830968392e-07,shap_tree
14,P21,CCL4,0.0,shap_tree
14,P21,PARP2,0.0,shap_tree
14,P21,EGLN3,0.0,shap_tree
14,P21,SAT1,1.2526087630249094e-05,shap_tree
14,P21,APOC1,0.0,shap_tree
14,P21,DKC1,4.321299797993561e-07,shap_tree
14,P21,ACSS2,0.0,shap_tree
14,P21,NINJ1,0.0,shap_tree
14,P21,LGALS3,0.0005363331292755902,shap_tree
14,P21,DNAJB1,0.00022309210908133537,shap_tree
14,P21,FCRLA,0.0,shap_tree
14,P21,IGJ,0.0,shap_tree
14,P21,CLEC10A,0.0,shap_tree
14,P21,DPH2,0.0,shap_tree
14,P21,HSD17B4,0.0,shap_tree
14,P21,CCNB1,0.0,shap_tree
14,P21,IL2RA,0.0,shap_tree
14,P21,SLC37A2,0.0,shap_tree
14,P21,APC,0.0,shap_tree
14,P21,NREP,0.0,shap_tree
14,P21,ANXA1,0.0,shap_tree
14,P21,CTSL,0.0,shap_tree
14,P21,TROAP,0.0,shap_tree
14,P21,CCDC142,0.0,shap_tree
14,P21,DYNC1LI2,0.0,shap_tree
14,P21,FHOD1,0.0,shap_tree
14,P21,GLUL,0.0,shap_tree
14,P21,GPNMB,0.0,shap_tree
14,P21,IL1RN,0.0,shap_tree
14,P21,TXN,0.00025763106532394886,shap_tree
14,P21,CD72,0.0,shap_tree
14,P21,IRF4,0.0,shap_tree
14,P21,IER3,0.0,shap_tree
14,P21,SLCO2B1,0.0,shap_tree
14,P21,C11orf1,0.0,shap_tree
14,P21,IFI44L,0.00012034442625008523,shap_tree
14,P21,IFI44,0.0,shap_tree
14,P21,DNAJC13,0.0,shap_tree
14,P21,WDR12,0.0,shap_tree
14,P21,ITGAV,0.0,shap_tree
14,P21,TMOD3,0.0,shap_tree
14,P21,SPPL2A,0.0,shap_tree
14,P21,ARHGAP24,0.0,shap_tree
14,P21,CASP6,0.0,shap_tree
14,P21,LEF1,0.0,shap_tree
14,P21,C1RL,0.0,shap_tree
14,P21,CLSTN3,0.0,shap_tree
14,P21,TMEM19,0.0,shap_tree
14,P21,DUSP6,0.0,shap_tree
14,P21,GPR84,0.0,shap_tree
14,P21,LMBR1L,0.0,shap_tree
14,P21,SLC38A6,0.0,shap_tree
14,P21,WARS,0.012958339415490627,shap_tree
14,P21,TCF12,0.0,shap_tree
14,P21,BCL2A1,0.0,shap_tree
14,P21,NEIL1,0.0,shap_tree
14,P21,IRF8,0.0,shap_tree
14,P21,SMAD4,0.0,shap_tree
14,P21,IFITM3,0.00017300131730735302,shap_tree
14,P21,SLC2A5,0.0,shap_tree
14,P21,MAP3K6,0.0,shap_tree
14,P21,GPN2,0.0,shap_tree
14,P21,FCGR2A,0.0,shap_tree
14,P21,RRNAD1,0.0,shap_tree
14,P21,ABL2,0.0,shap_tree
14,P21,TAF1A,0.0,shap_tree
14,P21,S100A8,0.0,shap_tree
14,P21,SLC27A3,0.0,shap_tree
14,P21,AFF3,0.0,shap_tree
14,P21,EAF2,0.0,shap_tree
14,P21,PLAC8,0.0,shap_tree
14,P21,PIK3R1,0.0,shap_tree
14,P21,SSBP2,6.637076808146958e-07,shap_tree
14,P21,MMS22L,0.0,shap_tree
14,P21,CXorf57,0.0,shap_tree
14,P21,TATDN1,0.0,shap_tree
14,P21,PLIN2,0.0,shap_tree
14,P21,IDNK,7.799644663464278e-07,shap_tree
14,P21,GSN,0.0,shap_tree
14,P21,MRRF,0.0,shap_tree
14,P21,ADM,0.0,shap_tree
14,P21,FCGR1A,0.0,shap_tree
14,P21,TMCO3,0.0,shap_tree
14,P21,PRSS23,0.0,shap_tree
14,P21,CACNA2D4,0.0,shap_tree
14,P21,PTPRO,0.0,shap_tree
14,P21,QTRTD1,0.0,shap_tree
14,P21,CENPJ,0.0,shap_tree
14,P21,BAG3,9.31944596231915e-05,shap_tree
14,P21,FARP1,0.0,shap_tree
14,P21,BANK1,0.0,shap_tree
14,P21,DAB2,0.0,shap_tree
14,P21,LY96,0.0,shap_tree
14,P21,PPP4R1,0.0,shap_tree
14,P21,CDK19,0.0,shap_tree
14,P21,VSIG4,0.0,shap_tree
14,P21,NDUFAF6,0.0,shap_tree
14,P21,CXCL13,3.4560547646833584e-05,shap_tree
14,P21,FAM122B,0.0,shap_tree
14,P21,MS4A1,0.00013408492668531835,shap_tree
14,P21,WDYHV1,0.0,shap_tree
14,P21,GALK2,0.0,shap_tree
14,P21,CCNB2,0.0,shap_tree
14,P21,MYO1E,0.0,shap_tree
14,P21,C9orf91,0.0,shap_tree
14,P21,SLC37A3,0.0,shap_tree
14,P21,RNF207,0.0,shap_tree
14,P21,CD1C,0.0,shap_tree
14,P21,NCF1,0.0,shap_tree
14,P21,FCER1G,0.0007039576885290444,shap_tree
14,P21,C1QC,0.0,shap_tree
14,P21,SPON2,1.650960257393308e-05,shap_tree
14,P21,ZNF362,0.0,shap_tree
14,P21,TMPRSS3,0.0,shap_tree
14,P21,IL6R,0.0,shap_tree
14,P21,LMNA,0.0,shap_tree
14,P21,ZNF577,0.0,shap_tree
14,P21,GRASP,0.0,shap_tree
14,P21,PAQR4,0.0,shap_tree
14,P21,CYB561A3,0.0,shap_tree
14,P21,C1orf123,0.0,shap_tree
14,P21,VCAM1,0.0004199105023872107,shap_tree
14,P21,NLRP3,9.050509106600657e-07,shap_tree
14,P21,FCGR3B,0.0,shap_tree
14,P21,ATF3,0.0,shap_tree
14,P21,CTSS,0.0,shap_tree
14,P21,S100A9,2.5786384867387824e-06,shap_tree
14,P21,IGFBP7,0.0,shap_tree
14,P21,RNF25,0.0,shap_tree
14,P21,STK36,0.0,shap_tree
14,P21,FCRL1,0.0,shap_tree
14,P21,EIF5A2,0.0,shap_tree
14,P21,SMIM14,0.0,shap_tree
14,P21,CXCL3,0.0,shap_tree
14,P21,RCHY1,0.0,shap_tree
14,P21,BAP1,0.0,shap_tree
14,P21,GNL3,0.0,shap_tree
14,P21,PIGX,0.0,shap_tree
14,P21,ITGA2,0.0,shap_tree
14,P21,ACSL6,0.0,shap_tree
14,P21,LEAP2,0.0,shap_tree
14,P21,CTSB,2.1269323042361066e-05,shap_tree
14,P21,GEM,0.0,shap_tree
14,P21,LETM2,0.0,shap_tree
14,P21,FBP1,5.4791642469353974e-05,shap_tree
14,P21,NDRG2,0.0,shap_tree
14,P21,IFI27,0.0,shap_tree
14,P21,CLMN,0.0,shap_tree
14,P21,ARIH1,0.0,shap_tree
14,P21,CUL5,0.0,shap_tree
14,P21,TAF10,0.0,shap_tree
14,P21,CLEC4E,0.0,shap_tree
14,P21,CATSPER2,0.0,shap_tree
14,P21,ANPEP,9.432432307221461e-06,shap_tree
14,P21,PLK1,0.0,shap_tree
14,P21,C15orf48,0.0,shap_tree
14,P21,MS4A7,0.0,shap_tree
14,P21,GNGT2,0.0,shap_tree
14,P21,FBXO22,0.0,shap_tree
14,P21,POP5,0.0,shap_tree
14,P21,TRIM68,0.0,shap_tree
14,P21,SPATA33,0.0,shap_tree
14,P21,AXL,0.0,shap_tree
14,P21,NFKBID,0.0,shap_tree
14,P21,GHDC,0.0,shap_tree
14,P21,VPS37C,0.0,shap_tree
14,P21,BSCL2,0.0,shap_tree
14,P21,NAALADL1,0.0,shap_tree
14,P21,GNG4,0.0,shap_tree
14,P21,BMI1,0.0,shap_tree
14,P21,SLC20A2,0.0,shap_tree
14,P21,LDLRAD4,0.0,shap_tree
14,P21,TMEM208,0.0,shap_tree
14,P21,PKIG,0.0,shap_tree
14,P21,PPIP5K1,0.0,shap_tree
14,P21,PTK2,0.0,shap_tree
14,P21,RNASE6,0.0,shap_tree
14,P21,IL8,0.0,shap_tree
14,P21,GPR183,0.0,shap_tree
14,P21,LRRC45,0.0,shap_tree
14,P21,MT1E,0.0,shap_tree
14,P21,GLB1,0.00015672820154577494,shap_tree
14,P21,CD14,0.0,shap_tree
14,P21,MZB1,0.0,shap_tree
14,P21,LILRA3,0.0,shap_tree
14,P21,HDAC3,0.0,shap_tree
14,P21,METTL18,0.0,shap_tree
14,P21,RRM2,1.2902565686090384e-05,shap_tree
14,P21,LGALS9C,0.0,shap_tree
14,P21,ATPAF2,0.0,shap_tree
14,P21,NME6,0.0,shap_tree
14,P21,HINFP,0.0,shap_tree
14,P21,CLEC12A,0.0,shap_tree
14,P21,HSPA6,0.0,shap_tree
14,P21,SLC2A14,0.0,shap_tree
14,P21,C1QB,0.0,shap_tree
14,P21,C1QA,0.0,shap_tree
14,P21,OLR1,0.0,shap_tree
14,P21,DAG1,0.0,shap_tree
14,P21,PTPRM,0.0,shap_tree
14,P21,C11orf80,0.0,shap_tree
14,P21,UBE2C,0.0,shap_tree
14,P21,ATG13,0.0,shap_tree
14,P21,ZNF519,0.0,shap_tree
14,P21,MCTP1,0.0,shap_tree
14,P21,ERCC4,0.0,shap_tree
14,P21,GAPT,0.0,shap_tree
14,P21,METRNL,0.0,shap_tree
14,P21,TYMS,0.0,shap_tree
14,P21,CD19,0.0,shap_tree
14,P21,CD163,0.0,shap_tree
14,P21,DTX3,0.0,shap_tree
14,P21,THBD,0.0,shap_tree
14,P21,CPNE7,0.0,shap_tree
14,P21,AURKB,0.0,shap_tree
14,P21,HARBI1,0.0,shap_tree
14,P21,ZNF571,0.0,shap_tree
14,P21,EIF2S3L,0.0,shap_tree
14,P21,HIST1H2BC,0.0,shap_tree
14,P21,FCRL6,0.0,shap_tree
14,P21,ZNF322,0.0,shap_tree
14,P21,UBA7,0.0,shap_tree
14,P21,CADM1,0.0,shap_tree
14,P21,AFMID,0.0,shap_tree
14,P21,CCDC159,0.0,shap_tree
14,P21,IQGAP3,0.0,shap_tree
14,P21,COA3,0.0,shap_tree
14,P21,PLA2G6,0.0,shap_tree
14,P21,GSTT1,0.0,shap_tree
14,P21,TMED9,0.0,shap_tree
14,P21,DGAT1,0.0,shap_tree
14,P21,TNFAIP2,0.0,shap_tree
14,P21,IRF7,0.0,shap_tree
14,P21,IFIT1,0.0,shap_tree
14,P21,PTCH1,0.0,shap_tree
14,P21,BTLA,0.0,shap_tree
14,P21,CD300E,0.0,shap_tree
14,P21,TNFRSF4,1.9112818335997872e-05,shap_tree
14,P21,GPR141,0.0,shap_tree
14,P21,LILRA5,0.0,shap_tree
14,P21,CMC1,0.0,shap_tree
14,P21,MT1X,0.0,shap_tree
14,P21,MAGEH1,0.0,shap_tree
14,P21,ISG15,0.0011519057443365455,shap_tree
14,P21,FANCM,0.0,shap_tree
14,P21,HIST1H2BG,0.0,shap_tree
14,P21,FSIP2,0.0,shap_tree
14,P21,FAM26F,0.0,shap_tree
14,P21,KIR2DL4,0.0,shap_tree
14,P21,ZNF573,0.0,shap_tree
14,P21,ZNF250,0.0,shap_tree
14,P21,TUBB,0.0,shap_tree
14,P21,ANAPC7,0.0,shap_tree
14,P21,NF1,0.0,shap_tree
14,P21,HLA-DQA1,0.0,shap_tree
14,P21,ZNF420,0.0,shap_tree
14,P21,SERPINA1,0.0,shap_tree
14,P21,CCL4L2,0.0,shap_tree
14,P21,ZNF165,0.0,shap_tree
14,P21,ZNF720,0.0,shap_tree
14,P21,C5orf42,0.0,shap_tree
14,P21,NMB,0.0,shap_tree
14,P21,FAM212B,0.0,shap_tree
14,P21,FCGR1B,0.0,shap_tree
14,P21,HIBCH,0.0,shap_tree
14,P21,HIST1H3A,0.0,shap_tree
14,P21,FAM19A2,0.0,shap_tree
14,P21,FAM169A,0.0,shap_tree
14,P21,TMEM184B,0.0,shap_tree
14,P21,GK,2.160141411877703e-05,shap_tree
14,P21,OPA1,0.0,shap_tree
14,P21,TGM2,0.0,shap_tree
14,P21,FCGR3A,6.363435386447236e-05,shap_tree
14,P21,HIST2H2AA4,0.002648022724315524,shap_tree
14,P21,C10orf128,0.0,shap_tree
14,P21,CXorf65,0.0,shap_tree
14,P21,OXLD1,7.59653516979597e-07,shap_tree
14,P21,HLA-DRA,6.047345596016385e-05,shap_tree
14,P21,NEU1,1.0214876056124922e-05,shap_tree
14,P21,HSPA1B,0.00013793604739475995,shap_tree
14,P21,HSPA1A,0.00024668677360750735,shap_tree
14,P21,MBD5,0.0,shap_tree
14,P21,AIF1,0.0,shap_tree
14,P21,NCR3,0.0,shap_tree
14,P21,LST1,0.0,shap_tree
14,P21,TCTN1,0.0,shap_tree
14,P21,CCL4L1,0.006409146822988987,shap_tree
14,P21,CCL3L1,0.0,shap_tree
14,P21,ITSN1,0.0,shap_tree
14,P21,RAB12,0.0,shap_tree
14,P21,TREX1,0.0,shap_tree
14,P21,C17orf67,0.0,shap_tree
14,P21,MYL5,0.0,shap_tree
14,P21,IFI30,4.5923865400254726e-05,shap_tree
14,P21,FANCG,0.0,shap_tree
14,P21,SLC26A6,0.0,shap_tree
14,P21,HSBP1L1,0.0,shap_tree
14,P21,PGAM4,0.0,shap_tree
14,P21,LTB,0.0,shap_tree
14,P21,ZNF737,0.0,shap_tree
14,P21,ACAD11,0.0,shap_tree
14,P21,ZNF585B,0.0,shap_tree
14,P21,CHCHD10,0.0,shap_tree
14,P21,ZNF674,0.0,shap_tree
14,P21,ZNF345,0.0,shap_tree
14,P21,RP11-849H4.2,0.0,shap_tree
14,P21,IGLL5,0.0,shap_tree
14,P21,HIST1H3G,0.0,shap_tree
14,P21,CCL3L3,0.0,shap_tree
14,P21,PMF1-BGLAP,0.0,shap_tree
14,P21,AL161784.1,0.0,shap_tree
14,P21,AL022328.1,0.0,shap_tree
14,P21,SPIB,0.0,shap_tree
15,P22,FGR,0.0,shap_tree
15,P22,TMEM176A,0.0,shap_tree
15,P22,NDUFAF7,0.0,shap_tree
15,P22,FKBP4,7.072769949445501e-05,shap_tree
15,P22,ST7,0.0,shap_tree
15,P22,BZRAP1,7.731143705314025e-05,shap_tree
15,P22,CCL3,0.01644333451986313,shap_tree
15,P22,CD79B,0.00016604222764726728,shap_tree
15,P22,DLEC1,0.0,shap_tree
15,P22,DYRK4,0.0,shap_tree
15,P22,CD9,0.0,shap_tree
15,P22,PLAUR,0.0,shap_tree
15,P22,TYROBP,0.0007712158258073032,shap_tree
15,P22,CD22,0.0,shap_tree
15,P22,PGM3,0.0,shap_tree
15,P22,SLC11A1,5.354454697226174e-05,shap_tree
15,P22,MARCO,4.2436809621904104e-07,shap_tree
15,P22,CD74,0.004227702505886555,shap_tree
15,P22,NR1H3,0.0,shap_tree
15,P22,AGPAT4,8.197072020266205e-06,shap_tree
15,P22,NUP160,0.0,shap_tree
15,P22,GRN,0.0002252777194371447,shap_tree
15,P22,NSMAF,0.0,shap_tree
15,P22,STAP1,0.0,shap_tree
15,P22,TRIO,0.0,shap_tree
15,P22,VCAN,0.0,shap_tree
15,P22,ADAM28,3.3021358376572607e-06,shap_tree
15,P22,TNFRSF9,0.0,shap_tree
15,P22,TM7SF3,0.0,shap_tree
15,P22,ST3GAL6,0.0,shap_tree
15,P22,ADAT1,0.0,shap_tree
15,P22,STAG3,9.185745284412405e-07,shap_tree
15,P22,ROGDI,0.0,shap_tree
15,P22,IFT80,0.0,shap_tree
15,P22,MPP5,0.0,shap_tree
15,P22,MGLL,0.0,shap_tree
15,P22,GTF3C1,0.0,shap_tree
15,P22,PIK3C3,0.0,shap_tree
15,P22,SLC1A3,0.0,shap_tree
15,P22,TNS1,2.3600585336680524e-05,shap_tree
15,P22,OPHN1,0.0,shap_tree
15,P22,HSP90AA1,0.0017934017814695835,shap_tree
15,P22,CXCL2,0.0,shap_tree
15,P22,NFE2L1,0.0,shap_tree
15,P22,KAT6A,0.00011979354167124256,shap_tree
15,P22,FCN1,1.3181173017073888e-05,shap_tree
15,P22,AAMDC,0.0,shap_tree
15,P22,RFX2,0.0,shap_tree
15,P22,OAS1,0.0008890579920262098,shap_tree
15,P22,LYZ,0.0,shap_tree
15,P22,ZNF268,0.0,shap_tree
15,P22,PABPC4,4.149959750066046e-06,shap_tree
15,P22,WDR7,0.0,shap_tree
15,P22,HDAC6,0.0,shap_tree
15,P22,BLNK,0.0,shap_tree
15,P22,ACOT7,2.6711246391641907e-05,shap_tree
15,P22,GADD45B,0.00022270450426731259,shap_tree
15,P22,GGT1,9.124477401201148e-06,shap_tree
15,P22,LGALS2,2.332183430553414e-05,shap_tree
15,P22,CYP2D6,0.0,shap_tree
15,P22,BIK,0.0,shap_tree
15,P22,HMOX1,0.0,shap_tree
15,P22,MCAT,0.0,shap_tree
15,P22,PRMT5,0.0,shap_tree
15,P22,CDKN3,0.0,shap_tree
15,P22,PIGH,0.0,shap_tree
15,P22,TIMM9,0.0,shap_tree
15,P22,LGMN,0.0,shap_tree
15,P22,TCL1A,0.0,shap_tree
15,P22,PLTP,0.0,shap_tree
15,P22,MMP9,0.0,shap_tree
15,P22,PABPC1L,0.0,shap_tree
15,P22,CST3,0.0017227987991645932,shap_tree
15,P22,MOSPD1,0.0,shap_tree
15,P22,SLC25A14,8.341192369698547e-06,shap_tree
15,P22,FMR1,2.7346881324774586e-05,shap_tree
15,P22,CD40LG,0.0,shap_tree
15,P22,TIMP1,0.0,shap_tree
15,P22,GLA,2.300182131875772e-06,shap_tree
15,P22,KIAA0226L,0.0,shap_tree
15,P22,ACP5,2.582453453214839e-05,shap_tree
15,P22,TSC22D1,0.0,shap_tree
15,P22,FAM173A,0.0,shap_tree
15,P22,DNAJA3,0.0,shap_tree
15,P22,MTFMT,0.0,shap_tree
15,P22,GABPB1,7.226524030556902e-05,shap_tree
15,P22,BMF,0.0,shap_tree
15,P22,NIPAL2,0.0,shap_tree
15,P22,ZC2HC1A,0.0,shap_tree
15,P22,PPP2CB,0.0,shap_tree
15,P22,FCER2,0.0,shap_tree
15,P22,IL4I1,0.0,shap_tree
15,P22,PDCD5,9.859471174422652e-05,shap_tree
15,P22,EBI3,0.0,shap_tree
15,P22,CD79A,0.0,shap_tree
15,P22,ATP1A3,0.0,shap_tree
15,P22,TNPO2,0.0,shap_tree
15,P22,LILRB5,8.084020919341128e-06,shap_tree
15,P22,PON2,0.00011420685768825933,shap_tree
15,P22,MPP6,0.0,shap_tree
15,P22,CAV1,0.0,shap_tree
15,P22,CPVL,0.0,shap_tree
15,P22,HSPB1,0.0008614591788500547,shap_tree
15,P22,SNX8,0.0,shap_tree
15,P22,CEP41,0.0,shap_tree
15,P22,TMEM176B,0.0,shap_tree
15,P22,RASSF4,0.0,shap_tree
15,P22,RAD51C,9.757998668646906e-06,shap_tree
15,P22,GALK1,0.0,shap_tree
15,P22,RASD1,0.0,shap_tree
15,P22,NUP88,0.0,shap_tree
15,P22,CCL2,0.0,shap_tree
15,P22,TNFAIP1,0.0,shap_tree
15,P22,RAB34,0.0,shap_tree
15,P22,CRTAM,6.910108641022816e-05,shap_tree
15,P22,MS4A6A,0.00010999843652825803,shap_tree
15,P22,MS4A4A,0.0,shap_tree
15,P22,ACCS,0.0,shap_tree
15,P22,CD81,0.0,shap_tree
15,P22,PRR4,0.0,shap_tree
15,P22,ACAD10,0.0,shap_tree
15,P22,GTF2H3,0.0,shap_tree
15,P22,DDX55,0.0,shap_tree
15,P22,IFNG,0.0034965327940881252,shap_tree
15,P22,SOD2,8.781628821452614e-06,shap_tree
15,P22,CD83,0.0002793490421026945,shap_tree
15,P22,APBB3,8.075117875705473e-06,shap_tree
15,P22,TRAPPC13,1.6935113080762676e-06,shap_tree
15,P22,SMAD5,0.0,shap_tree
15,P22,CISH,2.244407187390607e-05,shap_tree
15,P22,GORASP1,0.0,shap_tree
15,P22,FAHD2A,0.0,shap_tree
15,P22,DNAJC27,0.0,shap_tree
15,P22,GTF3C2,0.0,shap_tree
15,P22,FN1,0.0,shap_tree
15,P22,GNLY,0.0014715626602992415,shap_tree
15,P22,STK25,0.0,shap_tree
15,P22,KIAA1324,0.0,shap_tree
15,P22,AMPD2,2.80447093246039e-05,shap_tree
15,P22,TTF2,1.7153484805021435e-05,shap_tree
15,P22,GBP1,0.01405416801571846,shap_tree
15,P22,CD160,0.0,shap_tree
15,P22,CDC20,0.0,shap_tree
15,P22,DPH5,0.0,shap_tree
15,P22,RCOR3,1.070350299414713e-05,shap_tree
15,P22,STMN1,8.706156950211152e-05,shap_tree
15,P22,CD3EAP,0.0,shap_tree
15,P22,CTSD,0.003829829627647996,shap_tree
15,P22,LRMP,1.9962219539593207e-06,shap_tree
15,P22,SGK1,0.0,shap_tree
15,P22,ARMC2,0.0,shap_tree
15,P22,SPP1,0.0,shap_tree
15,P22,C2orf43,0.0,shap_tree
15,P22,CSF3R,8.312059799209237e-05,shap_tree
15,P22,NPC2,0.00042601616587489843,shap_tree
15,P22,MLH3,0.0,shap_tree
15,P22,BCL11A,1.51167423609877e-05,shap_tree
15,P22,IFIT3,1.960780082299607e-06,shap_tree
15,P22,HSPH1,0.002452792599797249,shap_tree
15,P22,TGFBI,0.0052471645176410675,shap_tree
15,P22,SEC22A,0.0,shap_tree
15,P22,ZRANB3,0.0,shap_tree
15,P22,LY9,0.000997005496174097,shap_tree
15,P22,PMS2,0.0,shap_tree
15,P22,EEPD1,0.0,shap_tree
15,P22,PLAU,0.0,shap_tree
15,P22,EGR2,0.0,shap_tree
15,P22,MMP19,0.0,shap_tree
15,P22,NR4A1,0.0007255658274516463,shap_tree
15,P22,TUBA1B,0.00012759436503984034,shap_tree
15,P22,NDUFAF4,0.0,shap_tree
15,P22,G0S2,0.00014242297038435936,shap_tree
15,P22,F13A1,0.0,shap_tree
15,P22,TREM1,2.2444386559072882e-05,shap_tree
15,P22,BBS2,0.0,shap_tree
15,P22,MT2A,0.05286508426070213,shap_tree
15,P22,GPR18,0.0,shap_tree
15,P22,PTGER2,0.00022256356896832585,shap_tree
15,P22,NUP85,0.0,shap_tree
15,P22,MSTO1,0.0,shap_tree
15,P22,IL1B,0.0,shap_tree
15,P22,VASP,0.0,shap_tree
15,P22,CCR7,0.020730338990688324,shap_tree
15,P22,IFI6,0.14301030337810516,shap_tree
15,P22,ZNF780B,0.0,shap_tree
15,P22,VPREB3,0.0,shap_tree
15,P22,APOBEC3A,4.6528080019925255e-06,shap_tree
15,P22,SERGEF,3.188701612089062e-06,shap_tree
15,P22,CD68,0.00016408362716902047,shap_tree
15,P22,CCL4,0.002332853153347969,shap_tree
15,P22,DTD2,0.0,shap_tree
15,P22,PARP2,0.0,shap_tree
15,P22,SAT1,0.004041025415062904,shap_tree
15,P22,APOE,0.0,shap_tree
15,P22,C6orf203,0.0,shap_tree
15,P22,FCHO1,0.0,shap_tree
15,P22,ANGPTL6,0.0,shap_tree
15,P22,DKC1,0.0,shap_tree
15,P22,ULBP2,1.110150151362177e-06,shap_tree
15,P22,ACSS2,0.0,shap_tree
15,P22,NINJ1,0.0001467422698624432,shap_tree
15,P22,LGALS3,0.001823645201511681,shap_tree
15,P22,FCRLA,0.0,shap_tree
15,P22,PTCD3,0.0,shap_tree
15,P22,IGJ,2.122774822055362e-05,shap_tree
15,P22,CLEC10A,0.0,shap_tree
15,P22,PRMT7,3.042253592866473e-05,shap_tree
15,P22,DPH2,3.0538919872924453e-06,shap_tree
15,P22,TBC1D8B,0.0,shap_tree
15,P22,HSD17B4,8.419161531492136e-06,shap_tree
15,P22,CCNB1,0.0,shap_tree
15,P22,IL2RA,0.0,shap_tree
15,P22,TMEM241,0.0,shap_tree
15,P22,SLC37A2,0.0,shap_tree
15,P22,APC,0.0,shap_tree
15,P22,NREP,0.0,shap_tree
15,P22,CTSL,0.0,shap_tree
15,P22,HILPDA,0.0,shap_tree
15,P22,TROAP,0.0,shap_tree
15,P22,CPM,0.0,shap_tree
15,P22,GLUL,0.0,shap_tree
15,P22,GPNMB,5.109428911964642e-06,shap_tree
15,P22,IL1RN,0.0,shap_tree
15,P22,TXN,0.00695439986884594,shap_tree
15,P22,IER3,0.0,shap_tree
15,P22,SLCO2B1,0.0,shap_tree
15,P22,RNF121,0.0,shap_tree
15,P22,IFI44L,0.003906504716724157,shap_tree
15,P22,IFI44,0.00011682125477818772,shap_tree
15,P22,CENPO,0.0,shap_tree
15,P22,SPPL2A,4.719706703326665e-05,shap_tree
15,P22,ARHGAP24,0.00018857834220398217,shap_tree
15,P22,CASP6,0.0,shap_tree
15,P22,LEF1,4.0270046156365424e-05,shap_tree
15,P22,CLSTN3,0.0,shap_tree
15,P22,TMEM19,0.0,shap_tree
15,P22,DUSP6,0.0,shap_tree
15,P22,GPR84,0.0,shap_tree
15,P22,SLC38A6,0.0,shap_tree
15,P22,WARS,0.050942614674568176,shap_tree
15,P22,HMG20A,0.0,shap_tree
15,P22,NEIL1,0.0,shap_tree
15,P22,IRF8,0.00022385778720490634,shap_tree
15,P22,TAF4B,0.0,shap_tree
15,P22,TP53,0.00011018563964171335,shap_tree
15,P22,SMAD4,0.0,shap_tree
15,P22,IFITM3,0.010782076977193356,shap_tree
15,P22,MAP3K6,0.0,shap_tree
15,P22,ADC,0.0,shap_tree
15,P22,XCL1,4.707671905634925e-05,shap_tree
15,P22,FCGR2A,0.0,shap_tree
15,P22,FCRL5,0.0,shap_tree
15,P22,LYPLAL1,0.0,shap_tree
15,P22,S100A8,1.1766204806917813e-05,shap_tree
15,P22,SLC27A3,0.0,shap_tree
15,P22,EXOC6B,0.0,shap_tree
15,P22,AFF3,0.0,shap_tree
15,P22,LPP,0.0,shap_tree
15,P22,EAF2,0.0,shap_tree
15,P22,EIF2B5,8.076596714090556e-05,shap_tree
15,P22,PLAC8,0.00013121188385412097,shap_tree
15,P22,SSBP2,0.0,shap_tree
15,P22,SLC39A4,0.0,shap_tree
15,P22,PLIN2,0.0008953149081207812,shap_tree
15,P22,IDNK,0.0,shap_tree
15,P22,GSN,0.0,shap_tree
15,P22,MRRF,0.0,shap_tree
15,P22,LRRC27,1.5531471944996156e-05,shap_tree
15,P22,IMMP1L,0.0,shap_tree
15,P22,FADS1,2.3452517780242488e-05,shap_tree
15,P22,FCGR1A,0.0,shap_tree
15,P22,TMCO3,0.0,shap_tree
15,P22,RGS18,0.0,shap_tree
15,P22,PRSS23,0.0,shap_tree
15,P22,CACNA2D4,0.0,shap_tree
15,P22,ANK3,0.0,shap_tree
15,P22,PTPRO,0.0,shap_tree
15,P22,QTRTD1,0.0,shap_tree
15,P22,CCDC122,0.0,shap_tree
15,P22,FARP1,0.0,shap_tree
15,P22,BANK1,3.455812839092687e-05,shap_tree
15,P22,DAB2,0.0,shap_tree
15,P22,LY96,0.0,shap_tree
15,P22,TSEN2,0.0,shap_tree
15,P22,TMEM55A,0.0,shap_tree
15,P22,CDK19,0.0,shap_tree
15,P22,VSIG4,0.0,shap_tree
15,P22,MCU,0.0,shap_tree
15,P22,NDUFAF6,3.869685315294191e-06,shap_tree
15,P22,FAM122B,0.0,shap_tree
15,P22,MS4A1,0.0021860592532902956,shap_tree
15,P22,VPS8,4.6273107727756724e-05,shap_tree
15,P22,GALK2,0.0,shap_tree
15,P22,MYO1E,0.0,shap_tree
15,P22,SLC37A3,0.0,shap_tree
15,P22,FCER1G,0.0015188839752227068,shap_tree
15,P22,C1QC,0.0,shap_tree
15,P22,ZNF362,6.452768502640538e-06,shap_tree
15,P22,LMNA,0.000466948957182467,shap_tree
15,P22,GRASP,0.0,shap_tree
15,P22,WDR90,0.0,shap_tree
15,P22,PAQR4,0.0,shap_tree
15,P22,CYB561A3,0.0,shap_tree
15,P22,C1orf123,0.0,shap_tree
15,P22,VCAM1,0.008597190491855145,shap_tree
15,P22,FCGR3B,0.00034136587055400014,shap_tree
15,P22,ATF3,0.0006327033624984324,shap_tree
15,P22,ZNF2,0.0,shap_tree
15,P22,CTSS,0.0,shap_tree
15,P22,S100A9,0.00018624757649376988,shap_tree
15,P22,IGFBP7,0.0,shap_tree
15,P22,ANKZF1,1.0741106962086633e-05,shap_tree
15,P22,FCRL1,8.821541996439919e-05,shap_tree
15,P22,EIF5A2,0.0,shap_tree
15,P22,ICA1L,0.0,shap_tree
15,P22,SMIM14,1.9751290892600082e-05,shap_tree
15,P22,CXCL3,0.0,shap_tree
15,P22,RCHY1,0.0,shap_tree
15,P22,BAP1,0.0,shap_tree
15,P22,GNL3,3.12957854475826e-05,shap_tree
15,P22,CCDC51,0.0,shap_tree
15,P22,LEAP2,0.0,shap_tree
15,P22,CTSB,0.00285926996730268,shap_tree
15,P22,GEM,1.3806987226416823e-05,shap_tree
15,P22,FBP1,0.0003846578183583915,shap_tree
15,P22,IFI27,0.0,shap_tree
15,P22,DPCD,0.0,shap_tree
15,P22,ALKBH3,0.0,shap_tree
15,P22,ARIH1,2.218176086898893e-05,shap_tree
15,P22,CUL5,2.3016469640424475e-05,shap_tree
15,P22,TAF10,0.0,shap_tree
15,P22,PLD4,3.0595216230722144e-05,shap_tree
15,P22,XRRA1,0.0,shap_tree
15,P22,CLEC4E,0.0,shap_tree
15,P22,ATF7IP2,3.218660276615992e-05,shap_tree
15,P22,ANPEP,0.00010671342170098796,shap_tree
15,P22,PLK1,0.0,shap_tree
15,P22,XRCC6BP1,7.455580998794176e-06,shap_tree
15,P22,C15orf48,0.0,shap_tree
15,P22,MS4A7,0.0,shap_tree
15,P22,MEI1,0.0,shap_tree
15,P22,GNGT2,0.0,shap_tree
15,P22,ACSF2,0.0,shap_tree
15,P22,POP5,1.0366788956162054e-05,shap_tree
15,P22,TRIM68,0.0,shap_tree
15,P22,SGK494,0.0,shap_tree
15,P22,LAIR2,0.0,shap_tree
15,P22,CHAF1A,0.0,shap_tree
15,P22,VPS37C,0.0,shap_tree
15,P22,BSCL2,0.0,shap_tree
15,P22,TRANK1,3.2411462598247454e-06,shap_tree
15,P22,CX3CR1,0.00038370222318917513,shap_tree
15,P22,TRAPPC11,8.808213897282258e-05,shap_tree
15,P22,SLC20A2,2.5187233404722065e-05,shap_tree
15,P22,LDLRAD4,0.0001115706836571917,shap_tree
15,P22,TMEM208,0.0,shap_tree
15,P22,PKIG,0.0,shap_tree
15,P22,PPIP5K1,0.0,shap_tree
15,P22,CCDC126,0.0,shap_tree
15,P22,RNASE6,0.0,shap_tree
15,P22,IL8,0.0,shap_tree
15,P22,GPR183,0.0016512549482285976,shap_tree
15,P22,CLIC3,0.002747411374002695,shap_tree
15,P22,MT1E,9.113706619245932e-05,shap_tree
15,P22,DUS1L,0.0,shap_tree
15,P22,GLB1,0.00029127689776942134,shap_tree
15,P22,CD14,0.0,shap_tree
15,P22,BFSP2,0.0,shap_tree
15,P22,KBTBD2,0.0,shap_tree
15,P22,LILRA3,0.0,shap_tree
15,P22,HDAC3,0.0,shap_tree
15,P22,RRM2,0.00012152842828072608,shap_tree
15,P22,LGALS9C,0.0,shap_tree
15,P22,ATPAF2,0.0,shap_tree
15,P22,HINFP,0.0,shap_tree
15,P22,CLEC12A,0.0,shap_tree
15,P22,DCP2,5.00114083479275e-06,shap_tree
15,P22,ZNF621,0.0,shap_tree
15,P22,HSPA6,0.0,shap_tree
15,P22,RAPH1,0.0,shap_tree
15,P22,SLC2A14,0.00016794205293990672,shap_tree
15,P22,C1QB,2.646045686560683e-05,shap_tree
15,P22,C1QA,0.0,shap_tree
15,P22,OLR1,1.982401226996444e-05,shap_tree
15,P22,UBE2C,0.0,shap_tree
15,P22,ATG13,1.735257865220774e-05,shap_tree
15,P22,APITD1,0.0,shap_tree
15,P22,MCTP1,0.0,shap_tree
15,P22,ERCC4,0.0,shap_tree
15,P22,GAPT,0.0,shap_tree
15,P22,ZNF683,0.00037408675416372716,shap_tree
15,P22,METRNL,0.0001763417385518551,shap_tree
15,P22,SLC38A9,0.0,shap_tree
15,P22,CD19,0.00011547396570676938,shap_tree
15,P22,CD163,0.0001904984237626195,shap_tree
15,P22,THBD,0.00025061803171411157,shap_tree
15,P22,AURKB,0.0,shap_tree
15,P22,APOBEC3B,0.0,shap_tree
15,P22,ZNF571,0.0,shap_tree
15,P22,EIF2S3L,0.0,shap_tree
15,P22,S1PR5,0.0,shap_tree
15,P22,FCRL6,2.90179032162996e-05,shap_tree
15,P22,ZNF707,0.0,shap_tree
15,P22,ZNF678,0.0,shap_tree
15,P22,UBA7,3.0804541893303394e-05,shap_tree
15,P22,CADM1,0.00021547754295170307,shap_tree
15,P22,AFMID,0.0,shap_tree
15,P22,CCDC159,3.745533831533976e-06,shap_tree
15,P22,IQGAP3,0.0,shap_tree
15,P22,TTC32,0.0,shap_tree
15,P22,COA3,0.0,shap_tree
15,P22,CLECL1,0.0,shap_tree
15,P22,KNTC1,0.0,shap_tree
15,P22,GSTT1,0.0,shap_tree
15,P22,TMED9,0.0,shap_tree
15,P22,TNFAIP2,0.0,shap_tree
15,P22,WBP5,0.0,shap_tree
15,P22,IRF7,0.00018670449208002537,shap_tree
15,P22,IFIT1,0.0,shap_tree
15,P22,CD300E,0.0,shap_tree
15,P22,TNFRSF4,6.521563773276284e-05,shap_tree
15,P22,TNFRSF18,0.00011203910980839282,shap_tree
15,P22,ZDHHC17,0.0,shap_tree
15,P22,GPR141,0.0,shap_tree
15,P22,PLCD1,1.4692343029309995e-05,shap_tree
15,P22,ENTPD5,0.0,shap_tree
15,P22,LILRA5,2.0944533389410935e-05,shap_tree
15,P22,CMC1,1.544954466226045e-05,shap_tree
15,P22,MT1X,0.0,shap_tree
15,P22,ISG15,0.02144506387412548,shap_tree
15,P22,FANCA,6.757411028956994e-06,shap_tree
15,P22,ARHGAP11B,0.0,shap_tree
15,P22,FAM26F,0.0,shap_tree
15,P22,KIR2DL4,0.0,shap_tree
15,P22,ZNF573,0.0,shap_tree
15,P22,ZNF250,0.0,shap_tree
15,P22,TUBB,0.0001335733977612108,shap_tree
15,P22,ANAPC7,0.0,shap_tree
15,P22,HLA-DQA1,0.002237429842352867,shap_tree
15,P22,MAML3,0.0,shap_tree
15,P22,SULT1A2,0.0,shap_tree
15,P22,SERPINA1,0.0,shap_tree
15,P22,CCL4L2,0.003229360096156597,shap_tree
15,P22,ZNF165,2.6437159249326214e-05,shap_tree
15,P22,SYNGAP1,0.0,shap_tree
15,P22,NMB,0.0,shap_tree
15,P22,PSAP,0.0004068165144417435,shap_tree
15,P22,CFD,0.0,shap_tree
15,P22,HIST1H2BF,0.0,shap_tree
15,P22,MPZL1,0.0,shap_tree
15,P22,FCGR1B,0.0,shap_tree
15,P22,HIBCH,0.0,shap_tree
15,P22,SH2D1B,0.0,shap_tree
15,P22,TMEM184B,4.4875549065181985e-05,shap_tree
15,P22,GK,0.0016607963480055332,shap_tree
15,P22,PRC1,0.0,shap_tree
15,P22,TGM2,2.859521373466123e-05,shap_tree
15,P22,FCGR3A,0.002012648619711399,shap_tree
15,P22,HIST2H2AA4,0.002431222004815936,shap_tree
15,P22,CXorf65,0.0,shap_tree
15,P22,HLA-DRA,0.01791728287935257,shap_tree
15,P22,NEU1,0.0003733529301825911,shap_tree
15,P22,HSPA1B,0.008087112568318844,shap_tree
15,P22,HSPA1A,0.004476912785321474,shap_tree
15,P22,AIF1,0.0,shap_tree
15,P22,NCR3,0.0,shap_tree
15,P22,LST1,0.0,shap_tree
15,P22,CCL4L1,0.044911131262779236,shap_tree
15,P22,CCL3L1,0.0005258198361843824,shap_tree
15,P22,MFSD2B,0.0,shap_tree
15,P22,RP11-706O15.1,0.0,shap_tree
15,P22,RAB12,0.0,shap_tree
15,P22,CRYGS,0.0,shap_tree
15,P22,TREX1,0.0,shap_tree
15,P22,PPM1N,0.0,shap_tree
15,P22,ITGA1,0.00016085614333860576,shap_tree
15,P22,C17orf67,0.0,shap_tree
15,P22,HNRNPUL2,0.0,shap_tree
15,P22,IFI30,0.0006431121146306396,shap_tree
15,P22,FANCG,0.0,shap_tree
15,P22,SLC26A6,0.0,shap_tree
15,P22,ERCC6,0.0,shap_tree
15,P22,KIAA0125,0.0,shap_tree
15,P22,PGAM4,0.0,shap_tree
15,P22,LTB,0.00011775403982028365,shap_tree
15,P22,PPIL3,0.0,shap_tree
15,P22,KIR3DL2,0.0,shap_tree
15,P22,HLA-DOB,0.0,shap_tree
15,P22,KIR2DL3,0.0,shap_tree
15,P22,ZNF585B,0.0,shap_tree
15,P22,CHCHD10,0.0,shap_tree
15,P22,ZNF674,0.0,shap_tree
15,P22,RP11-849H4.2,5.70410657019238e-06,shap_tree
15,P22,CSNK2A3,0.0,shap_tree
15,P22,IGLL5,0.0,shap_tree
15,P22,CCL3L3,0.0,shap_tree
15,P22,CEP95,2.4015225790208206e-05,shap_tree
15,P22,MYO15B,9.097187103179749e-06,shap_tree
15,P22,AL022328.1,0.0,shap_tree
15,P22,SPIB,1.3551951269619167e-05,shap_tree
16,P23,FGR,0.0003492581017781049,shap_tree
16,P23,TMEM176A,0.0006695125484839082,shap_tree
16,P23,NDUFAF7,0.00030451311613433063,shap_tree
16,P23,FKBP4,0.0005638294387608767,shap_tree
16,P23,ST7,7.290895155165344e-05,shap_tree
16,P23,BZRAP1,0.0015963335754349828,shap_tree
16,P23,CCL3,0.025128303095698357,shap_tree
16,P23,CDKL3,5.106676690047607e-05,shap_tree
16,P23,CD79B,0.0012438070261850953,shap_tree
16,P23,DLEC1,0.00016369944205507636,shap_tree
16,P23,PKD1,0.0004995653289370239,shap_tree
16,P23,CD9,0.0006051392410881817,shap_tree
16,P23,MKS1,2.0870907974313013e-05,shap_tree
16,P23,PLAUR,0.00011090473708463833,shap_tree
16,P23,RABGAP1,0.0009722684626467526,shap_tree
16,P23,TYROBP,0.0013931579887866974,shap_tree
16,P23,BRCA1,5.53070549358381e-06,shap_tree
16,P23,CD22,0.00021477756672538817,shap_tree
16,P23,SLC11A1,0.00020936518558301032,shap_tree
16,P23,MARCO,4.105925836483948e-05,shap_tree
16,P23,CD74,0.023696070536971092,shap_tree
16,P23,NR1H3,1.8507163986214437e-05,shap_tree
16,P23,GRN,0.002160392701625824,shap_tree
16,P23,STAP1,4.0849376091500744e-05,shap_tree
16,P23,METTL1,2.3153837901190855e-05,shap_tree
16,P23,VCAN,0.00023930562019813806,shap_tree
16,P23,CAPG,0.0010910999262705445,shap_tree
16,P23,ADAM28,0.0002257058076793328,shap_tree
16,P23,TNFRSF9,0.0006672882591374218,shap_tree
16,P23,ST3GAL6,3.870755335810827e-06,shap_tree
16,P23,FAR2,0.00030460063135251403,shap_tree
16,P23,MAP2K4,2.2420850655180402e-05,shap_tree
16,P23,ZNRD1,0.0014145908644422889,shap_tree
16,P23,STAG3,0.0002753585285972804,shap_tree
16,P23,METTL22,0.00023117127420846373,shap_tree
16,P23,ROGDI,0.0,shap_tree
16,P23,IFT80,0.0001717333507258445,shap_tree
16,P23,WIPI1,6.167707033455372e-05,shap_tree
16,P23,SEL1L,0.0011350936256349087,shap_tree
16,P23,EPN2,6.539141031680629e-05,shap_tree
16,P23,TFRC,0.002088194014504552,shap_tree
16,P23,BCS1L,7.770225056447089e-05,shap_tree
16,P23,TXK,0.0006268241559155285,shap_tree
16,P23,PIK3C3,0.0003473893157206476,shap_tree
16,P23,SLC1A3,7.493091106880456e-05,shap_tree
16,P23,TNS1,0.000753862492274493,shap_tree
16,P23,REXO1,8.119795529637486e-05,shap_tree
16,P23,CEACAM1,2.948546716652345e-05,shap_tree
16,P23,OPHN1,8.84662767930422e-06,shap_tree
16,P23,SESN1,0.00031168395071290433,shap_tree
16,P23,HSP90AA1,0.019979732111096382,shap_tree
16,P23,CXCL2,0.00022191237076185644,shap_tree
16,P23,COBLL1,4.464562516659498e-05,shap_tree
16,P23,NFE2L1,0.0003491184615995735,shap_tree
16,P23,FCN1,1.568009793118108e-05,shap_tree
16,P23,ERGIC2,0.0006321165128611028,shap_tree
16,P23,CRLS1,2.681549267435912e-05,shap_tree
16,P23,OAS1,0.0033570982050150633,shap_tree
16,P23,LYZ,8.504845027346164e-05,shap_tree
16,P23,ZNF268,4.249367702868767e-05,shap_tree
16,P23,PABPC4,0.0006546491640619934,shap_tree
16,P23,WDR7,0.00015611447452101856,shap_tree
16,P23,ITGA6,0.00023052036704029888,shap_tree
16,P23,HDAC6,6.769956962671131e-05,shap_tree
16,P23,AAAS,0.0003169256669934839,shap_tree
16,P23,HOOK2,0.00010659009421942756,shap_tree
16,P23,GGT1,0.0002758206392172724,shap_tree
16,P23,LGALS2,0.00038891605800017715,shap_tree
16,P23,CYP2D6,3.652870509540662e-05,shap_tree
16,P23,HMOX1,2.962183134513907e-05,shap_tree
16,P23,GZMB,0.06612693518400192,shap_tree
16,P23,PRMT5,0.00013756664702668786,shap_tree
16,P23,CDKN3,0.00017580398707650602,shap_tree
16,P23,CGRRF1,0.00028120510978624225,shap_tree
16,P23,PIGH,0.00044347927905619144,shap_tree
16,P23,TIMM9,0.00016026846424210817,shap_tree
16,P23,LGMN,5.7240053138229996e-05,shap_tree
16,P23,TCL1A,0.0,shap_tree
16,P23,PLTP,0.0,shap_tree
16,P23,MMP9,5.834131570736645e-06,shap_tree
16,P23,CST3,0.0010197750525549054,shap_tree
16,P23,WDR13,0.00021550698147621006,shap_tree
16,P23,FMR1,0.00010891629062825814,shap_tree
16,P23,TIMP1,0.005614235531538725,shap_tree
16,P23,GLA,0.0007911149295978248,shap_tree
16,P23,KIAA0226L,0.00021876183745916933,shap_tree
16,P23,ACP5,0.0008533524232916534,shap_tree
16,P23,FAM173A,3.7327678001020104e-05,shap_tree
16,P23,CLUAP1,0.00019466828962322325,shap_tree
16,P23,DNAJA3,0.00032325807842426,shap_tree
16,P23,MTFMT,0.00014142350119072944,shap_tree
16,P23,FAH,8.63376772031188e-06,shap_tree
16,P23,GABPB1,0.0021996712312102318,shap_tree
16,P23,GDAP1,2.144651261914987e-05,shap_tree
16,P23,IL7,0.00015471938240807503,shap_tree
16,P23,PPP2CB,0.0,shap_tree
16,P23,SARS2,0.00013662464334629476,shap_tree
16,P23,FCER2,0.00019187941506970674,shap_tree
16,P23,ZNF419,8.547336619812995e-05,shap_tree
16,P23,PDCD5,0.0019781903829425573,shap_tree
16,P23,ANKRD27,0.00034850536030717194,shap_tree
16,P23,CD79A,0.0036440794356167316,shap_tree
16,P23,LILRB5,0.00020849285647273064,shap_tree
16,P23,PON2,0.002071997383609414,shap_tree
16,P23,CPVL,0.0001976827479666099,shap_tree
16,P23,ABHD11,0.0003959026071242988,shap_tree
16,P23,EPHB6,0.0009688393329270184,shap_tree
16,P23,HSPB1,0.019446631893515587,shap_tree
16,P23,RBM28,0.0006088240188546479,shap_tree
16,P23,TMEM176B,0.000449785147793591,shap_tree
16,P23,RASSF4,0.00019754320965148509,shap_tree
16,P23,RAD51C,0.00043976129381917417,shap_tree
16,P23,GALK1,0.0004479874623939395,shap_tree
16,P23,NUP88,0.0009165066294372082,shap_tree
16,P23,CCL2,0.0,shap_tree
16,P23,DHX58,0.00018877808179240674,shap_tree
16,P23,RAB34,0.0006135107832960784,shap_tree
16,P23,AREG,0.0006770308827981353,shap_tree
16,P23,SLC2A9,3.816737444140017e-05,shap_tree
16,P23,CRTAM,0.003708996344357729,shap_tree
16,P23,VWA5A,3.116565858363174e-05,shap_tree
16,P23,MS4A6A,0.0007293056696653366,shap_tree
16,P23,MS4A4A,8.571005309931934e-06,shap_tree
16,P23,CCND1,2.947557732113637e-05,shap_tree
16,P23,ACCS,0.00020316691370680928,shap_tree
16,P23,CD81,0.0009766733273863792,shap_tree
16,P23,ACAD10,0.00041122522088699043,shap_tree
16,P23,STX2,0.0,shap_tree
16,P23,IFNG,0.020022861659526825,shap_tree
16,P23,CLEC4A,0.00019337165576871485,shap_tree
16,P23,CD83,0.004352917894721031,shap_tree
16,P23,TRAPPC13,0.0012019388377666473,shap_tree
16,P23,TFDP2,0.0005195412086322904,shap_tree
16,P23,GORASP1,0.00016912112187128514,shap_tree
16,P23,FAHD2A,0.00037917637382633984,shap_tree
16,P23,EPB41L5,2.6284966224920936e-05,shap_tree
16,P23,GTF3C2,0.00037514648283831775,shap_tree
16,P23,FN1,0.0,shap_tree
16,P23,GNLY,0.008629671297967434,shap_tree
16,P23,EPHA4,0.0002938066318165511,shap_tree
16,P23,CEP104,0.00012280936061870307,shap_tree
16,P23,KIAA1324,0.0006706574349664152,shap_tree
16,P23,AMPD2,0.0008484285790473223,shap_tree
16,P23,MECR,0.00012122243788326159,shap_tree
16,P23,TTF2,0.00010553636820986867,shap_tree
16,P23,GBP1,0.03160438686609268,shap_tree
16,P23,CD160,0.000277772982371971,shap_tree
16,P23,CDC20,0.0,shap_tree
16,P23,STMN1,0.0011968356557190418,shap_tree
16,P23,CTSD,0.019442258402705193,shap_tree
16,P23,C1orf54,0.00015642134530935436,shap_tree
16,P23,SGK1,0.000379951176000759,shap_tree
16,P23,ARMC2,0.00021985324565321207,shap_tree
16,P23,SPP1,0.0,shap_tree
16,P23,CSF3R,0.0015914285322651267,shap_tree
16,P23,MLH3,6.602089706575498e-05,shap_tree
16,P23,COQ6,0.0003695580526255071,shap_tree
16,P23,IFIT3,0.00036452748463489115,shap_tree
16,P23,IFIT2,0.0004958145436830819,shap_tree
16,P23,TGFBI,0.008714252151548862,shap_tree
16,P23,CLU,0.0,shap_tree
16,P23,SEC22A,0.0002903577114921063,shap_tree
16,P23,LY9,0.007309885695576668,shap_tree
16,P23,PMS2,0.00016640884859953076,shap_tree
16,P23,PLAU,1.5645848179701716e-05,shap_tree
16,P23,EGR2,0.0007356896530836821,shap_tree
16,P23,NR4A1,0.0077882264740765095,shap_tree
16,P23,TUBA1B,0.0015369561733677983,shap_tree
16,P23,G0S2,0.0018267605919390917,shap_tree
16,P23,F13A1,0.0,shap_tree
16,P23,TREM1,0.0003435333783272654,shap_tree
16,P23,MT2A,0.10674434900283813,shap_tree
16,P23,CLYBL,0.00015125756908673793,shap_tree
16,P23,PTGER2,0.006422202102839947,shap_tree
16,P23,NUP85,0.00041418985347263515,shap_tree
16,P23,IL1B,5.996330946800299e-05,shap_tree
16,P23,CCR7,0.05028129741549492,shap_tree
16,P23,NSRP1,0.0005780350184068084,shap_tree
16,P23,IFI6,0.2549136281013489,shap_tree
16,P23,CFP,0.0004006759263575077,shap_tree
16,P23,L3HYPDH,0.0001076904809451662,shap_tree
16,P23,PLEKHG3,0.0005323435761965811,shap_tree
16,P23,ZC4H2,1.5167361198109575e-05,shap_tree
16,P23,PTPN12,0.00011325174273224548,shap_tree
16,P23,VPREB3,8.512623026035726e-05,shap_tree
16,P23,APOBEC3A,0.00013542018132284284,shap_tree
16,P23,SPECC1,9.540475002722815e-05,shap_tree
16,P23,ARHGAP22,0.0,shap_tree
16,P23,CD68,0.0007253590738400817,shap_tree
16,P23,CCL4,0.011898353695869446,shap_tree
16,P23,PARP2,2.1920517610851675e-05,shap_tree
16,P23,EGLN3,0.00010081336222356185,shap_tree
16,P23,SAT1,0.026713991537690163,shap_tree
16,P23,APOE,0.0,shap_tree
16,P23,C6orf203,2.4229002519859932e-05,shap_tree
16,P23,FCHO1,0.0003544818318914622,shap_tree
16,P23,PGPEP1,0.0001244454033439979,shap_tree
16,P23,TRPM4,0.0,shap_tree
16,P23,DKC1,0.00040830663056112826,shap_tree
16,P23,ACSS2,0.0,shap_tree
16,P23,ZNF141,0.0009821504354476929,shap_tree
16,P23,LGALS3,0.015828466042876244,shap_tree
16,P23,DNAJB1,0.0042645917274057865,shap_tree
16,P23,FCRLA,8.118565165204927e-05,shap_tree
16,P23,PTCD3,0.001442684791982174,shap_tree
16,P23,SERPINF1,2.4101796952891164e-05,shap_tree
16,P23,CLEC10A,3.993408245150931e-05,shap_tree
16,P23,MUTYH,0.00033035670639947057,shap_tree
16,P23,MORC4,6.770554318791255e-05,shap_tree
16,P23,SUV420H2,0.000853095727507025,shap_tree
16,P23,ACTR3B,0.0,shap_tree
16,P23,SBF2,6.927425420144573e-05,shap_tree
16,P23,CCNB1,0.0001926629920490086,shap_tree
16,P23,DPH6,5.9908350522164255e-05,shap_tree
16,P23,RSAD2,0.0007243052823469043,shap_tree
16,P23,KLRC1,0.0014131533680483699,shap_tree
16,P23,SLC37A2,2.76209793810267e-05,shap_tree
16,P23,APC,0.0003626813122536987,shap_tree
16,P23,NREP,6.51427180855535e-05,shap_tree
16,P23,CTSL,0.00015133789565879852,shap_tree
16,P23,USP30,6.854424282209948e-05,shap_tree
16,P23,CD36,6.981900514801964e-05,shap_tree
16,P23,KIAA1009,0.00014116069360170513,shap_tree
16,P23,CCDC142,0.00011766503303078935,shap_tree
16,P23,DYNC1LI2,0.0008412483148276806,shap_tree
16,P23,GLUL,0.0008125421009026468,shap_tree
16,P23,GPNMB,0.0002853454207070172,shap_tree
16,P23,IL1RN,9.551387847750448e-06,shap_tree
16,P23,TXN,0.03871548920869827,shap_tree
16,P23,IL11RA,2.703056270547677e-05,shap_tree
16,P23,IRF4,0.0006337587255984545,shap_tree
16,P23,IER3,4.388104935060255e-05,shap_tree
16,P23,SLCO2B1,2.3725797291263007e-05,shap_tree
16,P23,RNF121,0.00022703739523421973,shap_tree
16,P23,IFI44L,0.04838898032903671,shap_tree
16,P23,IFI44,0.0022545093670487404,shap_tree
16,P23,SPPL2A,0.0005395567859522998,shap_tree
16,P23,ARHGAP24,0.0013983810786157846,shap_tree
16,P23,CASP6,5.517270983546041e-05,shap_tree
16,P23,LEF1,0.0012566354125738144,shap_tree
16,P23,CLSTN3,0.0010725901229307055,shap_tree
16,P23,TMEM19,0.00010117154306499287,shap_tree
16,P23,DUSP6,0.0003136796585749835,shap_tree
16,P23,GPR84,0.0,shap_tree
16,P23,LMBR1L,0.00045646712533198297,shap_tree
16,P23,SLC38A6,2.7318757929606363e-05,shap_tree
16,P23,WARS,0.11612781882286072,shap_tree
16,P23,SLC12A6,0.001512328046374023,shap_tree
16,P23,HMG20A,0.0005097134853713214,shap_tree
16,P23,NEIL1,2.51598066824954e-05,shap_tree
16,P23,TPM1,0.0,shap_tree
16,P23,IGF1R,0.0008845783304423094,shap_tree
16,P23,MFGE8,1.599695679033175e-05,shap_tree
16,P23,IRF8,0.0008296453161165118,shap_tree
16,P23,SCRN2,0.0006016738479956985,shap_tree
16,P23,TP53,0.002113334834575653,shap_tree
16,P23,NT5C3B,0.0001082283997675404,shap_tree
16,P23,IFITM3,0.02477826364338398,shap_tree
16,P23,GPN2,0.00012562698975671083,shap_tree
16,P23,XCL1,0.0058802044950425625,shap_tree
16,P23,PPOX,0.00040065855137072504,shap_tree
16,P23,FCGR2A,0.00041433621663600206,shap_tree
16,P23,FCRL5,2.0338840840850025e-05,shap_tree
16,P23,S100A8,3.778192331083119e-05,shap_tree
16,P23,SFXN5,1.8910055587184615e-05,shap_tree
16,P23,AFF3,0.0,shap_tree
16,P23,AMT,0.0006700497469864786,shap_tree
16,P23,EAF2,2.86221311398549e-05,shap_tree
16,P23,EIF2B5,0.000493060564622283,shap_tree
16,P23,PLAC8,0.001381791546009481,shap_tree
16,P23,PIK3R1,0.000803634466137737,shap_tree
16,P23,FBXL17,9.575195690558758e-06,shap_tree
16,P23,NOM1,8.218060247600079e-05,shap_tree
16,P23,CXorf57,4.740091389976442e-05,shap_tree
16,P23,PLIN2,0.007215951103717089,shap_tree
16,P23,FBXO10,5.995629180688411e-05,shap_tree
16,P23,GSN,0.00038219589623622596,shap_tree
16,P23,PDSS1,2.61292043433059e-05,shap_tree
16,P23,ADM,1.0813568223966286e-05,shap_tree
16,P23,TMEM138,0.00024144053168129176,shap_tree
16,P23,FADS1,0.000916065473575145,shap_tree
16,P23,TM7SF2,5.4770149290561676e-05,shap_tree
16,P23,FCGR1A,2.1567047951975837e-05,shap_tree
16,P23,RGS18,4.167366114415927e-06,shap_tree
16,P23,CACNA2D4,1.3633675735036377e-05,shap_tree
16,P23,ANK3,0.0007020330522209406,shap_tree
16,P23,PTPRO,1.67408179549966e-05,shap_tree
16,P23,QTRTD1,0.00017274422862101346,shap_tree
16,P23,RASGRP3,2.92355653073173e-05,shap_tree
16,P23,FARP1,3.755603756872006e-05,shap_tree
16,P23,PTPRK,0.0008199475705623627,shap_tree
16,P23,BANK1,0.00022971471480559558,shap_tree
16,P23,DAB2,1.1208878277102485e-05,shap_tree
16,P23,OBSCN,0.0011446201242506504,shap_tree
16,P23,LY96,0.00016686858725734055,shap_tree
16,P23,CDK19,8.727245585760102e-05,shap_tree
16,P23,VSIG4,0.0,shap_tree
16,P23,DPY19L4,8.156929106917232e-05,shap_tree
16,P23,ADAMTSL3,5.1828596042469144e-05,shap_tree
16,P23,CXCL13,0.0026802965439856052,shap_tree
16,P23,MS4A1,0.004525420255959034,shap_tree
16,P23,WDYHV1,0.0,shap_tree
16,P23,VPS8,0.0019419454038143158,shap_tree
16,P23,GALK2,0.0003529363020788878,shap_tree
16,P23,B3GNT7,0.0002059647667920217,shap_tree
16,P23,C9orf91,2.8518499675556086e-05,shap_tree
16,P23,NCF1,0.0014869800070300698,shap_tree
16,P23,FCER1G,0.004013317637145519,shap_tree
16,P23,TOMM40L,1.8395028746454045e-05,shap_tree
16,P23,C1QC,1.7365910025546327e-05,shap_tree
16,P23,ZNF362,0.00048160820733755827,shap_tree
16,P23,IL6R,0.0001818656164687127,shap_tree
16,P23,ZNF577,0.0,shap_tree
16,P23,PAQR4,9.297056385548785e-05,shap_tree
16,P23,CLPB,0.00016363638860639185,shap_tree
16,P23,CYB561A3,0.00017936193034984171,shap_tree
16,P23,VCAM1,0.02085757814347744,shap_tree
16,P23,NLRP3,9.926247003022581e-05,shap_tree
16,P23,FCGR3B,0.0026953420601785183,shap_tree
16,P23,ATF3,0.008030080236494541,shap_tree
16,P23,CTSS,0.000966538384091109,shap_tree
16,P23,S100A9,0.00036942391307093203,shap_tree
16,P23,IGFBP7,4.199909744784236e-05,shap_tree
16,P23,ANKZF1,0.00039662394556216896,shap_tree
16,P23,FCRL1,0.0014846323756501079,shap_tree
16,P23,SMIM14,0.0002602462482172996,shap_tree
16,P23,ABHD6,0.0005203315522521734,shap_tree
16,P23,CXCL3,2.291838791279588e-05,shap_tree
16,P23,RCHY1,0.0005046654841862619,shap_tree
16,P23,GNL3,0.0010369672672823071,shap_tree
16,P23,ITGA2,6.602612302231137e-06,shap_tree
16,P23,C5orf63,0.0002464864810463041,shap_tree
16,P23,LEAP2,4.691726644523442e-05,shap_tree
16,P23,CTSB,0.02166849747300148,shap_tree
16,P23,GEM,0.0003966270014643669,shap_tree
16,P23,FBP1,0.001160029205493629,shap_tree
16,P23,NDRG2,4.707761399913579e-05,shap_tree
16,P23,IFI27,7.057972834445536e-05,shap_tree
16,P23,CLMN,1.7213624232681468e-05,shap_tree
16,P23,ARIH1,0.0005219855811446905,shap_tree
16,P23,FAM227B,0.0,shap_tree
16,P23,STXBP4,9.234435128746554e-05,shap_tree
16,P23,CUL5,0.0006224047974683344,shap_tree
16,P23,TAF10,0.0010765232145786285,shap_tree
16,P23,USP54,0.00012925610644742846,shap_tree
16,P23,CLEC4E,1.5591773262713104e-05,shap_tree
16,P23,ANPEP,8.210698069888167e-06,shap_tree
16,P23,PLK1,0.0,shap_tree
16,P23,C15orf48,0.0,shap_tree
16,P23,DIS3L,2.194534863519948e-05,shap_tree
16,P23,MEI1,0.00042793111060746014,shap_tree
16,P23,GNGT2,0.00010702240979298949,shap_tree
16,P23,POP5,0.00012576484004966915,shap_tree
16,P23,TRIM68,4.4225769670447335e-05,shap_tree
16,P23,AXL,0.00010204700811300427,shap_tree
16,P23,NFKBID,0.0010883341310545802,shap_tree
16,P23,VPS37C,1.1404306860640645e-05,shap_tree
16,P23,BSCL2,0.00010436816955916584,shap_tree
16,P23,TRANK1,0.000613237963989377,shap_tree
16,P23,NAALADL1,0.0,shap_tree
16,P23,SMIM4,9.6281582955271e-05,shap_tree
16,P23,CX3CR1,0.005370668135583401,shap_tree
16,P23,TRAPPC11,0.0003784142027143389,shap_tree
16,P23,SLC20A2,0.0008783352095633745,shap_tree
16,P23,FAM84B,2.9116117730154656e-05,shap_tree
16,P23,TMEM208,0.0014622864546254277,shap_tree
16,P23,PPIP5K1,0.00014548245235346258,shap_tree
16,P23,THBS3,0.00010463333455845714,shap_tree
16,P23,RNASE6,5.1942926802439615e-05,shap_tree
16,P23,IL8,0.00011849821748910472,shap_tree
16,P23,GPR183,0.010946031659841537,shap_tree
16,P23,CLIC3,0.00825447402894497,shap_tree
16,P23,LRRC45,2.5031089535332285e-05,shap_tree
16,P23,MT1E,0.002372535178437829,shap_tree
16,P23,GLB1,0.0023237026762217283,shap_tree
16,P23,CD14,0.0,shap_tree
16,P23,KBTBD2,0.0004977986100129783,shap_tree
16,P23,LILRA3,0.0004278958367649466,shap_tree
16,P23,RRM2,0.0021433066576719284,shap_tree
16,P23,LGALS9C,9.368262908537872e-06,shap_tree
16,P23,ATPAF2,0.0002628055226523429,shap_tree
16,P23,HINFP,0.00015879941929597408,shap_tree
16,P23,CLEC12A,0.0003270358720328659,shap_tree
16,P23,HSPA6,0.00014053768245503306,shap_tree
16,P23,C1QB,4.744218313135207e-05,shap_tree
16,P23,C1QA,0.0,shap_tree
16,P23,OLR1,0.0,shap_tree
16,P23,DAG1,0.00011914678907487541,shap_tree
16,P23,PTPRM,0.0001925313554238528,shap_tree
16,P23,PITPNA,0.00011412903404561803,shap_tree
16,P23,UBE2C,0.0005484739085659385,shap_tree
16,P23,ATG13,0.0007611183682456613,shap_tree
16,P23,APITD1,0.0,shap_tree
16,P23,MCTP1,0.0002716231101658195,shap_tree
16,P23,METRNL,0.0012844239827245474,shap_tree
16,P23,CD19,0.0012322862166911364,shap_tree
16,P23,ZBED2,0.00045792327728122473,shap_tree
16,P23,CD163,0.0013229029718786478,shap_tree
16,P23,THBD,0.00029667236958630383,shap_tree
16,P23,CPNE7,0.00019870833784807473,shap_tree
16,P23,AURKB,0.0,shap_tree
16,P23,APOBEC3B,0.0025500997435301542,shap_tree
16,P23,HARBI1,1.7479509551776573e-05,shap_tree
16,P23,EIF2S3L,0.0006377191748470068,shap_tree
16,P23,HIST1H2BC,2.1981246391078457e-05,shap_tree
16,P23,UBA7,0.002141551813110709,shap_tree
16,P23,CEP97,0.00030757187050767243,shap_tree
16,P23,CADM1,0.005317325238138437,shap_tree
16,P23,AP2A2,0.0013060903875157237,shap_tree
16,P23,IQGAP3,0.00012228178093209863,shap_tree
16,P23,COA3,0.0008343004155904055,shap_tree
16,P23,WDR27,0.0,shap_tree
16,P23,TMED9,0.0010739866411313415,shap_tree
16,P23,TNFAIP2,0.000166653873748146,shap_tree
16,P23,WBP5,6.591758392460179e-06,shap_tree
16,P23,IRF7,0.0009744836715981364,shap_tree
16,P23,IFIT1,0.00024034570378717035,shap_tree
16,P23,NUDT17,4.435382834344637e-06,shap_tree
16,P23,CD300E,5.6814711570041254e-05,shap_tree
16,P23,TNFRSF18,0.005169790703803301,shap_tree
16,P23,ZDHHC17,0.0005196043057367206,shap_tree
16,P23,GPR141,5.833278555655852e-05,shap_tree
16,P23,LILRA5,0.00017012766329571605,shap_tree
16,P23,CMC1,0.0012014199746772647,shap_tree
16,P23,MT1X,0.0003137748863082379,shap_tree
16,P23,USP7,0.0008560653659515083,shap_tree
16,P23,ISG15,0.04797934740781784,shap_tree
16,P23,FANCA,0.0011562687577679753,shap_tree
16,P23,TPRG1,0.000144470133818686,shap_tree
16,P23,ZNF383,0.0,shap_tree
16,P23,FSIP2,0.00043715446372516453,shap_tree
16,P23,FAM26F,7.572715549031273e-05,shap_tree
16,P23,KIR2DL4,0.0005914889043197036,shap_tree
16,P23,ZNF681,1.3074997696094215e-05,shap_tree
16,P23,TUBB,0.004911740310490131,shap_tree
16,P23,ANAPC7,0.00156512507237494,shap_tree
16,P23,C1orf186,0.00012046913616359234,shap_tree
16,P23,TCF4,0.00027454260271042585,shap_tree
16,P23,NF1,0.0008196050766855478,shap_tree
16,P23,MAML3,4.613967030309141e-05,shap_tree
16,P23,PGAP1,0.0006924750632606447,shap_tree
16,P23,HIST1H4J,0.00011202551104361191,shap_tree
16,P23,SERPINA1,8.353006705874577e-05,shap_tree
16,P23,CCL4L2,0.014052968472242355,shap_tree
16,P23,ZNF165,0.00033711898140609264,shap_tree
16,P23,BLM,5.3626412409357727e-05,shap_tree
16,P23,PSAP,0.0032589209731668234,shap_tree
16,P23,CFD,2.2558162527275272e-05,shap_tree
16,P23,ZNF780A,0.0004439413023646921,shap_tree
16,P23,HIST1H2BF,0.0,shap_tree
16,P23,HIBCH,0.00039538973942399025,shap_tree
16,P23,SPRED2,0.00011173070379300043,shap_tree
16,P23,HIST1H4E,7.507449481636286e-05,shap_tree
16,P23,CTNND1,0.00010363923502154648,shap_tree
16,P23,SH2D1B,9.206153481500223e-05,shap_tree
16,P23,FAM169A,0.0006850894424133003,shap_tree
16,P23,TMEM184B,0.0003980825422331691,shap_tree
16,P23,GK,0.00873539038002491,shap_tree
16,P23,OPA1,0.0002546188188716769,shap_tree
16,P23,PRC1,3.6828856536885723e-05,shap_tree
16,P23,TGM2,0.00010310047218808904,shap_tree
16,P23,FCGR3A,0.002626533852890134,shap_tree
16,P23,HIST2H2AA4,0.016662104055285454,shap_tree
16,P23,HLA-DRA,0.027652250602841377,shap_tree
16,P23,AGER,0.00037795957177877426,shap_tree
16,P23,NEU1,0.0021434789523482323,shap_tree
16,P23,HSPA1B,0.01729658991098404,shap_tree
16,P23,HSPA1A,0.011623199097812176,shap_tree
16,P23,AIF1,0.00012152118870289996,shap_tree
16,P23,NCR3,0.00010563406976871192,shap_tree
16,P23,LST1,0.0001432606513844803,shap_tree
16,P23,CCL4L1,0.06540440768003464,shap_tree
16,P23,CCL3L1,0.0022189582232385874,shap_tree
16,P23,MFSD2B,4.777429421665147e-05,shap_tree
16,P23,RAB12,0.0006767722661606967,shap_tree
16,P23,TCTEX1D2,0.0002537981781642884,shap_tree
16,P23,TREX1,0.000667108572088182,shap_tree
16,P23,PPM1N,0.00016741598665248603,shap_tree
16,P23,MDP1,0.0002893499913625419,shap_tree
16,P23,IFI30,0.003453814657405019,shap_tree
16,P23,FANCG,0.000441531534306705,shap_tree
16,P23,SLC26A6,0.0002132873487425968,shap_tree
16,P23,KIAA0125,1.3070519344182685e-05,shap_tree
16,P23,PGAM4,0.0009610641282051802,shap_tree
16,P23,LTB,0.0024803830310702324,shap_tree
16,P23,HIST1H2BN,0.0,shap_tree
16,P23,LILRA4,2.6339599571656436e-05,shap_tree
16,P23,PPIL3,0.0007273051887750626,shap_tree
16,P23,KIR3DL2,4.927828285872238e-06,shap_tree
16,P23,HLA-DOB,2.7229292754782364e-05,shap_tree
16,P23,KIR2DL3,8.669875569466967e-06,shap_tree
16,P23,ZNF674,4.670772250392474e-05,shap_tree
16,P23,ZNF345,5.204964691074565e-05,shap_tree
16,P23,RP11-849H4.2,0.00020152932847850025,shap_tree
16,P23,HIST1H3G,0.0001969545119209215,shap_tree
16,P23,CCL3L3,0.0005421304958872497,shap_tree
16,P23,FNTB,0.00024582300102338195,shap_tree
16,P23,PMF1-BGLAP,0.000270028569502756,shap_tree
16,P23,MYO15B,0.0005630591767840087,shap_tree
16,P23,SPIB,6.396472599590197e-05,shap_tree
17,P24,FGR,1.666649040998891e-05,shap_tree
17,P24,FKBP4,1.5578652892145328e-05,shap_tree
17,P24,CCL3,0.0004005241789855063,shap_tree
17,P24,PAFAH1B1,4.150196036789566e-05,shap_tree
17,P24,CD79B,7.146423740778118e-05,shap_tree
17,P24,DLEC1,2.983943659273791e-06,shap_tree
17,P24,CD9,0.00022974993044044822,shap_tree
17,P24,PLAUR,2.6895500923274085e-05,shap_tree
17,P24,TYROBP,0.0004818627203349024,shap_tree
17,P24,CD22,2.3585313101648353e-05,shap_tree
17,P24,PGM3,1.914187350848806e-06,shap_tree
17,P24,SLC11A1,4.192418998627545e-07,shap_tree
17,P24,MARCO,2.6548032110440545e-06,shap_tree
17,P24,CD74,0.0023442977108061314,shap_tree
17,P24,AGPAT4,0.0,shap_tree
17,P24,NUP160,2.116722498612944e-05,shap_tree
17,P24,GRN,4.295387407182716e-05,shap_tree
17,P24,STAP1,1.6937526652327506e-06,shap_tree
17,P24,TRIO,1.0772124596769572e-06,shap_tree
17,P24,VCAN,9.259063517674804e-06,shap_tree
17,P24,SPDL1,1.2016976143058855e-05,shap_tree
17,P24,CAPG,4.170653846813366e-05,shap_tree
17,P24,ADAM28,1.5054805771796964e-05,shap_tree
17,P24,TNFRSF9,8.94222375791287e-06,shap_tree
17,P24,SIKE1,5.848829005117295e-06,shap_tree
17,P24,TM7SF3,0.0,shap_tree
17,P24,ST3GAL6,0.0,shap_tree
17,P24,ADAT1,4.363594052847475e-05,shap_tree
17,P24,SLC9A7,0.0,shap_tree
17,P24,ZNRD1,2.1305984773789532e-05,shap_tree
17,P24,PRKCZ,3.906706297129858e-06,shap_tree
17,P24,ROGDI,4.740108579426305e-06,shap_tree
17,P24,IFT80,3.7180989238549955e-06,shap_tree
17,P24,SEL1L,1.970447374333162e-05,shap_tree
17,P24,FCGR2B,2.6589399567455985e-05,shap_tree
17,P24,LLGL2,4.7325061132141855e-06,shap_tree
17,P24,MGLL,1.1079564501415007e-06,shap_tree
17,P24,BCS1L,6.5819895098684356e-06,shap_tree
17,P24,FSCN1,0.0,shap_tree
17,P24,SPAG5,4.9538033636054024e-05,shap_tree
17,P24,IL4R,0.0015157575253397226,shap_tree
17,P24,FAM76B,4.973151590093039e-06,shap_tree
17,P24,TNS1,1.369083179270092e-06,shap_tree
17,P24,SESN1,6.057424616301432e-05,shap_tree
17,P24,HSP90AA1,0.002409703563898802,shap_tree
17,P24,CXCL2,0.0,shap_tree
17,P24,ZNF510,0.0,shap_tree
17,P24,COBLL1,6.3813154156378005e-06,shap_tree
17,P24,NFE2L1,4.601607088261517e-06,shap_tree
17,P24,KAT6A,1.724156754789874e-05,shap_tree
17,P24,FCN1,8.049901225604117e-07,shap_tree
17,P24,DDHD2,0.00020909341401420534,shap_tree
17,P24,KIF9,4.286473267711699e-05,shap_tree
17,P24,CRLS1,1.5050957244966412e-06,shap_tree
17,P24,OAS1,7.021480087132659e-06,shap_tree
17,P24,LYZ,0.0,shap_tree
17,P24,PABPC4,5.1260722102597356e-05,shap_tree
17,P24,PUS7,0.0,shap_tree
17,P24,CAPN3,0.0,shap_tree
17,P24,HDAC6,5.3129006118979305e-06,shap_tree
17,P24,AAAS,0.0,shap_tree
17,P24,BLNK,2.8739912067976547e-06,shap_tree
17,P24,ACOT7,1.2300714615776087e-06,shap_tree
17,P24,LGALS2,8.891301149560604e-06,shap_tree
17,P24,CBY1,0.0,shap_tree
17,P24,HMOX1,4.18081896214062e-07,shap_tree
17,P24,GZMB,0.019130734726786613,shap_tree
17,P24,CDKN3,0.0,shap_tree
17,P24,LGMN,5.853049742654548e-07,shap_tree
17,P24,TCL1A,3.8875535324223165e-07,shap_tree
17,P24,PLTP,0.0,shap_tree
17,P24,MMP9,0.0,shap_tree
17,P24,NDUFAF5,8.716900993022136e-06,shap_tree
17,P24,CST3,1.9509811863827053e-06,shap_tree
17,P24,ALG13,4.8597517888993025e-05,shap_tree
17,P24,MOSPD1,0.0,shap_tree
17,P24,WDR13,2.409750095466734e-06,shap_tree
17,P24,TIMP1,0.0021248317789286375,shap_tree
17,P24,GLA,8.725835505174473e-05,shap_tree
17,P24,KIAA0226L,0.0001698029227554798,shap_tree
17,P24,ACP5,0.0006949125090613961,shap_tree
17,P24,RGCC,5.658786903950386e-05,shap_tree
17,P24,TSC22D1,4.311994416639209e-05,shap_tree
17,P24,SMPD3,0.0,shap_tree
17,P24,DNAJA3,9.669179235061165e-06,shap_tree
17,P24,NIPAL2,1.531354314465716e-06,shap_tree
17,P24,PPP2CB,0.0,shap_tree
17,P24,FCER2,7.750261283945292e-05,shap_tree
17,P24,IL4I1,2.366855369473342e-05,shap_tree
17,P24,PDCD5,0.00010469032713444903,shap_tree
17,P24,CD79A,5.218205842538737e-05,shap_tree
17,P24,TNPO2,1.3739952919422649e-05,shap_tree
17,P24,LILRB5,0.0,shap_tree
17,P24,ZNF85,0.0,shap_tree
17,P24,DFNA5,0.0,shap_tree
17,P24,IQCE,0.0,shap_tree
17,P24,CPVL,0.0,shap_tree
17,P24,ABHD11,1.8030181308859028e-05,shap_tree
17,P24,STX1A,1.530428903606662e-06,shap_tree
17,P24,HSPB1,0.0016754131065681577,shap_tree
17,P24,SNX8,9.187954674416687e-06,shap_tree
17,P24,RBM28,0.00017386165563948452,shap_tree
17,P24,CEP41,5.621903255814686e-06,shap_tree
17,P24,TMEM176B,3.0059671189519577e-05,shap_tree
17,P24,SUSD1,7.693928637309e-06,shap_tree
17,P24,RASSF4,8.2026099335053e-07,shap_tree
17,P24,MAPK8,9.14121756068198e-06,shap_tree
17,P24,NSMCE4A,6.938169917702908e-06,shap_tree
17,P24,ARHGAP21,0.0,shap_tree
17,P24,GALK1,2.7759479053202085e-05,shap_tree
17,P24,ENO3,0.0,shap_tree
17,P24,CPD,3.498715841487865e-07,shap_tree
17,P24,LGALS3BP,4.072848241776228e-05,shap_tree
17,P24,CCL2,0.0,shap_tree
17,P24,EZH1,0.00012300543312449008,shap_tree
17,P24,RAB34,4.865081336902222e-06,shap_tree
17,P24,SLC2A9,8.399431408179225e-07,shap_tree
17,P24,SC5D,6.987711094552651e-05,shap_tree
17,P24,CRTAM,0.0004920265637338161,shap_tree
17,P24,MS4A6A,1.2418140613590367e-05,shap_tree
17,P24,MS4A4A,3.8528542063431814e-06,shap_tree
17,P24,CD81,5.990083081997e-05,shap_tree
17,P24,IFNG,0.00603910256177187,shap_tree
17,P24,GNPTAB,0.00010413441486889496,shap_tree
17,P24,CLEC4A,0.00010610983736114576,shap_tree
17,P24,KLRB1,6.440843571908772e-05,shap_tree
17,P24,ADTRP,2.386646519880742e-05,shap_tree
17,P24,CD83,0.005430323071777821,shap_tree
17,P24,APBB3,2.5852890757960267e-05,shap_tree
17,P24,NR3C1,0.0003097082080785185,shap_tree
17,P24,PFKFB4,0.0,shap_tree
17,P24,C3orf14,7.800343269082077e-07,shap_tree
17,P24,CISH,0.0002621468738652766,shap_tree
17,P24,EPB41L5,3.097027001786046e-05,shap_tree
17,P24,GTF3C2,4.741625889437273e-05,shap_tree
17,P24,FN1,4.80544429137808e-07,shap_tree
17,P24,STK25,6.459348242060514e-06,shap_tree
17,P24,ZBTB17,0.0,shap_tree
17,P24,TTF2,0.0,shap_tree
17,P24,C1orf109,0.00010955375910270959,shap_tree
17,P24,GBP1,0.006361320614814758,shap_tree
17,P24,CD160,8.518209142494015e-07,shap_tree
17,P24,STMN1,0.0003126563678961247,shap_tree
17,P24,NENF,0.0,shap_tree
17,P24,CTSD,0.0002696650626603514,shap_tree
17,P24,C1orf54,3.168821649524034e-06,shap_tree
17,P24,LRMP,0.0004276769468560815,shap_tree
17,P24,SGK1,1.297496737606707e-06,shap_tree
17,P24,SPP1,0.0,shap_tree
17,P24,FAM206A,5.622077424050076e-06,shap_tree
17,P24,CSF3R,0.0001256697141798213,shap_tree
17,P24,NPC2,4.709757922682911e-05,shap_tree
17,P24,MLH3,2.318957513125497e-06,shap_tree
17,P24,BCL11A,8.423859071626794e-06,shap_tree
17,P24,IFIT3,1.8752531104837544e-05,shap_tree
17,P24,HSPH1,0.00042034153011627495,shap_tree
17,P24,TGFBI,0.00880995113402605,shap_tree
17,P24,CLU,0.0,shap_tree
17,P24,SEC22A,7.004040526226163e-05,shap_tree
17,P24,LY9,0.00036776845809072256,shap_tree
17,P24,EEPD1,1.3286020248415298e-06,shap_tree
17,P24,EGR2,1.2356846127659082e-05,shap_tree
17,P24,MMP19,0.0,shap_tree
17,P24,NR4A1,0.0015947247156873345,shap_tree
17,P24,TUBA1B,0.0001894695742521435,shap_tree
17,P24,METTL8,1.0138896868738811e-06,shap_tree
17,P24,G0S2,0.00016510277055203915,shap_tree
17,P24,F13A1,0.0,shap_tree
17,P24,TREM1,0.0,shap_tree
17,P24,MT2A,0.018917232751846313,shap_tree
17,P24,GPR18,2.567986030044267e-06,shap_tree
17,P24,PTGER2,0.0013058568583801389,shap_tree
17,P24,NUP85,6.813446088926867e-05,shap_tree
17,P24,MSTO1,1.0709803973441012e-05,shap_tree
17,P24,IL1B,0.0,shap_tree
17,P24,VASP,0.0005355432513169944,shap_tree
17,P24,CCR7,0.022399215027689934,shap_tree
17,P24,NSRP1,9.359636896988377e-05,shap_tree
17,P24,AHDC1,9.947493708750699e-07,shap_tree
17,P24,IFI6,0.05576412379741669,shap_tree
17,P24,PLEKHG3,4.816043201572029e-06,shap_tree
17,P24,PTPN12,5.476624664879637e-07,shap_tree
17,P24,ZNF780B,0.0,shap_tree
17,P24,APOBEC3A,0.0,shap_tree
17,P24,CHN1,0.0005752504803240299,shap_tree
17,P24,SERGEF,3.928087721760676e-07,shap_tree
17,P24,CD68,4.679910489358008e-06,shap_tree
17,P24,CCL4,0.00043628920684568584,shap_tree
17,P24,EGLN3,0.0,shap_tree
17,P24,ERMARD,0.0,shap_tree
17,P24,SAT1,0.001546755083836615,shap_tree
17,P24,APOE,0.0,shap_tree
17,P24,APOC1,0.0,shap_tree
17,P24,TRPM4,0.0,shap_tree
17,P24,ACSS2,0.0,shap_tree
17,P24,NAPSA,3.187750962752034e-06,shap_tree
17,P24,ACAP3,0.0,shap_tree
17,P24,NINJ1,0.0006235017790459096,shap_tree
17,P24,LGALS3,0.009520147927105427,shap_tree
17,P24,DNAJB1,0.001140732318162918,shap_tree
17,P24,FCRLA,0.0,shap_tree
17,P24,IGJ,6.9213083406793885e-06,shap_tree
17,P24,DPH2,2.6617537514539436e-05,shap_tree
17,P24,MUTYH,2.83717399724992e-05,shap_tree
17,P24,TBC1D8B,0.00012764315761160105,shap_tree
17,P24,PDZD2,0.0,shap_tree
17,P24,ACTR3B,1.2988809885428054e-06,shap_tree
17,P24,HSD17B4,5.8595987866283394e-06,shap_tree
17,P24,RSAD2,0.0,shap_tree
17,P24,KLRC1,3.496220597298816e-05,shap_tree
17,P24,CARS2,0.00011394115426810458,shap_tree
17,P24,SLC37A2,0.0,shap_tree
17,P24,CTSL,9.1485635493882e-06,shap_tree
17,P24,USP30,5.108688856125809e-05,shap_tree
17,P24,CD36,5.744477221014677e-06,shap_tree
17,P24,HILPDA,0.0,shap_tree
17,P24,TROAP,2.0126678919041296e-06,shap_tree
17,P24,FHOD1,4.772365355165675e-05,shap_tree
17,P24,GLUL,7.141913374653086e-05,shap_tree
17,P24,GPNMB,4.874225396633847e-07,shap_tree
17,P24,IL10,0.0,shap_tree
17,P24,IL1RN,0.0,shap_tree
17,P24,TXN,0.002911388175562024,shap_tree
17,P24,IL11RA,0.0,shap_tree
17,P24,IRF4,4.1957260691560805e-05,shap_tree
17,P24,IER3,9.9167914413556e-07,shap_tree
17,P24,SLCO2B1,0.0,shap_tree
17,P24,C11orf1,0.0,shap_tree
17,P24,IFI44L,0.006000865716487169,shap_tree
17,P24,IFI44,3.1833667890168726e-05,shap_tree
17,P24,DNAJC13,5.321606295183301e-05,shap_tree
17,P24,ITGAV,2.391419002378825e-06,shap_tree
17,P24,SPPL2A,1.601243525328755e-06,shap_tree
17,P24,ARHGAP24,0.00014977247337810695,shap_tree
17,P24,CASP6,5.884265556233004e-05,shap_tree
17,P24,LEF1,0.00029817596077919006,shap_tree
17,P24,C1RL,3.0956976843299344e-05,shap_tree
17,P24,CLSTN3,0.00013651531480718404,shap_tree
17,P24,GPR84,0.0,shap_tree
17,P24,SLC38A6,4.7940116019162815e-06,shap_tree
17,P24,WARS,0.015071719884872437,shap_tree
17,P24,SLC12A6,2.9409415219561197e-05,shap_tree
17,P24,TCF12,0.0005956940585747361,shap_tree
17,P24,BCL2A1,6.840844548605673e-07,shap_tree
17,P24,TPM1,0.0,shap_tree
17,P24,MFGE8,1.2283489013498183e-05,shap_tree
17,P24,IGSF6,4.49125436716713e-05,shap_tree
17,P24,IRF8,3.8427078834502026e-05,shap_tree
17,P24,PELP1,1.9358494682819583e-06,shap_tree
17,P24,TP53,0.0004592686891555786,shap_tree
17,P24,IFITM3,0.003812183625996113,shap_tree
17,P24,DOPEY2,0.0,shap_tree
17,P24,SLC2A5,0.0,shap_tree
17,P24,ADC,3.9108119381126016e-05,shap_tree
17,P24,XCL2,0.0015056140255182981,shap_tree
17,P24,FCGR2A,2.7893318019778235e-06,shap_tree
17,P24,ABL2,0.0,shap_tree
17,P24,TAF1A,0.0,shap_tree
17,P24,S100A8,0.0,shap_tree
17,P24,SLC27A3,2.6994794097845443e-06,shap_tree
17,P24,EXOC6B,1.9960609279223718e-05,shap_tree
17,P24,AFF3,9.819291335588787e-06,shap_tree
17,P24,FANCD2,2.6786326998262666e-05,shap_tree
17,P24,EAF2,0.00014177808770909905,shap_tree
17,P24,EIF2B5,1.9884628272848204e-05,shap_tree
17,P24,PLAC8,0.0006876887637190521,shap_tree
17,P24,PIK3R1,0.00030869065085425973,shap_tree
17,P24,MMS22L,5.347718615666963e-05,shap_tree
17,P24,CXorf57,7.665867656214687e-07,shap_tree
17,P24,PLIN2,0.0006723782862536609,shap_tree
17,P24,FBXO10,0.0,shap_tree
17,P24,GSN,1.3300826822160161e-06,shap_tree
17,P24,FCGR1A,2.937945282610599e-07,shap_tree
17,P24,CACNA2D4,0.0,shap_tree
17,P24,OXSM,3.771686169784516e-05,shap_tree
17,P24,ANK3,2.151648914150428e-05,shap_tree
17,P24,CCDC122,3.6737981190526625e-07,shap_tree
17,P24,BAG3,0.00019250102923251688,shap_tree
17,P24,RASGRP3,0.00021563634800259024,shap_tree
17,P24,PTPRK,0.0001646804594201967,shap_tree
17,P24,BANK1,2.3053631593938917e-05,shap_tree
17,P24,DAB2,1.0980834304064047e-06,shap_tree
17,P24,NEIL2,6.460699751187349e-06,shap_tree
17,P24,OBSCN,6.513434345833957e-05,shap_tree
17,P24,LY96,5.829712677041243e-07,shap_tree
17,P24,PPP4R1,1.759157566993963e-05,shap_tree
17,P24,VSIG4,1.124794621887304e-07,shap_tree
17,P24,NDUFAF6,5.370957660488784e-05,shap_tree
17,P24,CXCL13,5.7127948821289465e-05,shap_tree
17,P24,MS4A1,0.0028134591411799192,shap_tree
17,P24,VPS8,0.00019869230163749307,shap_tree
17,P24,B3GNT7,9.307557775173336e-06,shap_tree
17,P24,CCNB2,0.0,shap_tree
17,P24,MYO1E,4.015778927168867e-07,shap_tree
17,P24,C9orf91,0.0,shap_tree
17,P24,SLC37A3,4.088799687451683e-05,shap_tree
17,P24,FAIM,2.967441332657472e-07,shap_tree
17,P24,FCER1G,0.00034069642424583435,shap_tree
17,P24,C1QC,1.0858752830245066e-06,shap_tree
17,P24,ZNF362,0.00013484215014614165,shap_tree
17,P24,TMPRSS3,0.0,shap_tree
17,P24,LMNA,0.0013779588043689728,shap_tree
17,P24,ZNF577,0.0,shap_tree
17,P24,WDR90,3.22844716720283e-05,shap_tree
17,P24,PAQR4,7.693879888392985e-05,shap_tree
17,P24,CYB561A3,5.114653686177917e-05,shap_tree
17,P24,VCAM1,9.662509546615183e-05,shap_tree
17,P24,NLRP3,9.133018465945497e-07,shap_tree
17,P24,FCGR3B,0.0003759768733289093,shap_tree
17,P24,ATF3,0.0003609185805544257,shap_tree
17,P24,ZNF2,0.0,shap_tree
17,P24,CTSS,0.00026933252229355276,shap_tree
17,P24,S100A9,6.159955319162691e-07,shap_tree
17,P24,KBTBD8,2.1463920347741805e-06,shap_tree
17,P24,ANKZF1,7.734520295343827e-06,shap_tree
17,P24,FCRL1,0.000398771750042215,shap_tree
17,P24,EIF5A2,2.1975781692162855e-06,shap_tree
17,P24,SMIM14,2.283494541188702e-05,shap_tree
17,P24,CXCL3,0.0,shap_tree
17,P24,RCHY1,1.2753852161040413e-06,shap_tree
17,P24,GNL3,2.5686338176456047e-06,shap_tree
17,P24,SLC9B2,8.21701469249092e-05,shap_tree
17,P24,SAP30L,5.028407485951902e-06,shap_tree
17,P24,CTSB,0.0022615748457610607,shap_tree
17,P24,GEM,0.00017923486302606761,shap_tree
17,P24,LETM2,2.2121515939943492e-05,shap_tree
17,P24,FBP1,0.000571443815715611,shap_tree
17,P24,NDRG2,0.0,shap_tree
17,P24,CLMN,0.0,shap_tree
17,P24,ALKBH3,2.0959769244655035e-05,shap_tree
17,P24,FAM227B,6.612311267417681e-07,shap_tree
17,P24,STXBP4,0.0,shap_tree
17,P24,CUL5,0.0001579688541823998,shap_tree
17,P24,TAF10,4.602492117555812e-05,shap_tree
17,P24,TRIM66,0.0,shap_tree
17,P24,ZNF143,4.9465419579064474e-05,shap_tree
17,P24,WEE1,0.00015783686831127852,shap_tree
17,P24,CLEC4E,0.0,shap_tree
17,P24,ANPEP,0.0,shap_tree
17,P24,C15orf48,0.0,shap_tree
17,P24,MS4A7,1.6222670637944248e-06,shap_tree
17,P24,DIS3L,2.0506322471192107e-06,shap_tree
17,P24,EVA1C,0.0,shap_tree
17,P24,MEI1,0.0,shap_tree
17,P24,FBXO22,0.0,shap_tree
17,P24,POP5,5.873452391824685e-05,shap_tree
17,P24,TRIM68,6.2317767515196465e-06,shap_tree
17,P24,JSRP1,0.0,shap_tree
17,P24,ZNF528,2.787495031952858e-05,shap_tree
17,P24,VPS37C,0.0,shap_tree
17,P24,BSCL2,7.019579061307013e-05,shap_tree
17,P24,NAALADL1,2.3774273358867504e-05,shap_tree
17,P24,SMIM4,3.597577233449556e-06,shap_tree
17,P24,BMI1,2.046595227511716e-06,shap_tree
17,P24,TRAPPC11,1.4213957229003427e-06,shap_tree
17,P24,SLC20A2,9.321232209913433e-05,shap_tree
17,P24,FAM84B,3.9509604903287254e-06,shap_tree
17,P24,TMEM208,1.197879896608356e-06,shap_tree
17,P24,PKIG,9.150771802524105e-06,shap_tree
17,P24,PTK2,0.0,shap_tree
17,P24,RNASE6,3.515487696859054e-05,shap_tree
17,P24,IL8,0.0,shap_tree
17,P24,GPR183,0.00238463981077075,shap_tree
17,P24,LRRC45,3.6185741919325665e-05,shap_tree
17,P24,MT1E,2.3869474716775585e-06,shap_tree
17,P24,DUS1L,1.1302926168355043e-06,shap_tree
17,P24,TAPT1,0.0,shap_tree
17,P24,CD14,0.0,shap_tree
17,P24,DNAJC18,1.2969072713531204e-06,shap_tree
17,P24,GTSF1,9.745917850523256e-07,shap_tree
17,P24,LILRA3,6.578409374924377e-05,shap_tree
17,P24,ZNF561,2.6983108909917064e-05,shap_tree
17,P24,RRM2,0.000256536208325997,shap_tree
17,P24,CLEC12A,6.669378763035638e-06,shap_tree
17,P24,FUT10,1.4270581232267432e-06,shap_tree
17,P24,HSPA6,1.3010605471208692e-05,shap_tree
17,P24,RAPH1,0.0,shap_tree
17,P24,SLC2A14,0.00011130269558634609,shap_tree
17,P24,C1QB,6.00115242832544e-07,shap_tree
17,P24,C1QA,0.0,shap_tree
17,P24,OLR1,0.0,shap_tree
17,P24,DAG1,3.709106977112242e-06,shap_tree
17,P24,PTPRM,2.829671984727611e-06,shap_tree
17,P24,SULT1B1,8.280059410026297e-05,shap_tree
17,P24,C11orf80,0.0,shap_tree
17,P24,PITPNA,1.0470816960150842e-05,shap_tree
17,P24,APITD1,3.4471006529201986e-06,shap_tree
17,P24,MCTP1,1.8560594980954193e-05,shap_tree
17,P24,ERCC4,9.983192285289988e-06,shap_tree
17,P24,GAPT,5.083910946268588e-05,shap_tree
17,P24,ZNF683,0.00044055591570213437,shap_tree
17,P24,RMDN1,2.4815679353196174e-05,shap_tree
17,P24,METRNL,1.815043287933804e-05,shap_tree
17,P24,TYMS,9.275631600758061e-05,shap_tree
17,P24,SLC38A9,0.0,shap_tree
17,P24,CD19,0.00037892331602051854,shap_tree
17,P24,CD163,0.0,shap_tree
17,P24,BOLA1,2.281433353346074e-06,shap_tree
17,P24,DTX3,0.0,shap_tree
17,P24,THBD,7.85580778028816e-06,shap_tree
17,P24,CCR8,0.0,shap_tree
17,P24,CCDC66,0.00010537512571318075,shap_tree
17,P24,ZNF571,6.525971912196837e-06,shap_tree
17,P24,EIF2S3L,5.179165964364074e-05,shap_tree
17,P24,SLC36A4,0.0,shap_tree
17,P24,FCRL6,0.0,shap_tree
17,P24,ZNF707,0.0,shap_tree
17,P24,UBA7,0.0003665965050458908,shap_tree
17,P24,CADM1,5.070448969490826e-05,shap_tree
17,P24,AFMID,6.87518252107111e-07,shap_tree
17,P24,IQGAP3,5.8101250033359975e-06,shap_tree
17,P24,COA3,1.428800169378519e-05,shap_tree
17,P24,CLECL1,0.0,shap_tree
17,P24,SS18L1,0.0,shap_tree
17,P24,KNTC1,1.0294469575455878e-05,shap_tree
17,P24,WDR27,2.7864564344781684e-06,shap_tree
17,P24,PTP4A3,5.537930860555207e-07,shap_tree
17,P24,TMED9,0.00017877832578960806,shap_tree
17,P24,TNFAIP2,0.0,shap_tree
17,P24,WBP5,2.683857701413217e-06,shap_tree
17,P24,IFIT1,0.0,shap_tree
17,P24,ZNF566,3.854179908557853e-07,shap_tree
17,P24,BTLA,5.732978934247512e-06,shap_tree
17,P24,CD300E,0.0,shap_tree
17,P24,TNFRSF18,0.0001238681434188038,shap_tree
17,P24,GPR141,2.9563152565970086e-05,shap_tree
17,P24,LILRA5,0.0,shap_tree
17,P24,CMC1,0.0020107293967157602,shap_tree
17,P24,MT1X,7.148748863983201e-06,shap_tree
17,P24,USP7,6.443727033911273e-05,shap_tree
17,P24,ISG15,0.006314670667052269,shap_tree
17,P24,FANCA,0.0004786791396327317,shap_tree
17,P24,FANCM,0.0,shap_tree
17,P24,ARHGAP11B,4.805266371477046e-07,shap_tree
17,P24,ZNF559,1.6706925407561357e-06,shap_tree
17,P24,FAM26F,1.4381474784386228e-06,shap_tree
17,P24,KIR2DL4,4.769034148921492e-06,shap_tree
17,P24,TUBB,0.0005766589310951531,shap_tree
17,P24,NF1,3.538524833857082e-05,shap_tree
17,P24,HLA-DQA1,0.0012380924308672547,shap_tree
17,P24,ZNF420,0.0,shap_tree
17,P24,ZNF682,1.4721655134053435e-05,shap_tree
17,P24,SULT1A2,0.0,shap_tree
17,P24,SERPINA1,0.0,shap_tree
17,P24,CCL4L2,0.0010926977265626192,shap_tree
17,P24,ZNF165,1.9815374798781704e-06,shap_tree
17,P24,BLM,0.0,shap_tree
17,P24,NMB,4.4404373511497397e-07,shap_tree
17,P24,PSAP,0.0007772741373628378,shap_tree
17,P24,CCDC180,3.834127710433677e-05,shap_tree
17,P24,ZNF181,0.0,shap_tree
17,P24,HIST1H2BF,5.575543127633864e-06,shap_tree
17,P24,ZNF677,0.0,shap_tree
17,P24,MPZL1,4.390620597405359e-05,shap_tree
17,P24,FCGR1B,0.0,shap_tree
17,P24,ZNF789,1.6408777810283937e-05,shap_tree
17,P24,TTC37,1.6275031157420017e-05,shap_tree
17,P24,FAM169A,7.843902494641952e-06,shap_tree
17,P24,GK,0.0004930137074552476,shap_tree
17,P24,OPA1,4.1332608816446736e-05,shap_tree
17,P24,PRC1,4.21575305153965e-06,shap_tree
17,P24,TGM2,6.856640538899228e-06,shap_tree
17,P24,FCGR3A,0.00014906935393810272,shap_tree
17,P24,HIST2H2AA4,0.0011649135267361999,shap_tree
17,P24,CXorf65,2.2465821984951617e-06,shap_tree
17,P24,HLA-DRA,0.0016809676308184862,shap_tree
17,P24,HSPA1B,0.0007987442659214139,shap_tree
17,P24,HSPA1A,0.00098131550475955,shap_tree
17,P24,LY6G5C,2.2199101294972934e-06,shap_tree
17,P24,AIF1,4.018727395305177e-06,shap_tree
17,P24,LST1,8.571088983444497e-06,shap_tree
17,P24,TCTN1,0.0,shap_tree
17,P24,CCL4L1,0.018102925270795822,shap_tree
17,P24,CCL3L1,9.789904652279802e-06,shap_tree
17,P24,CPT1B,0.0,shap_tree
17,P24,RP11-706O15.1,0.0,shap_tree
17,P24,CRYZL1,0.0,shap_tree
17,P24,KLRC2,3.2144118449650705e-05,shap_tree
17,P24,MDP1,1.1634923566816724e-06,shap_tree
17,P24,ITGA1,0.0009981212206184864,shap_tree
17,P24,HNRNPUL2,8.014196282601915e-06,shap_tree
17,P24,IFI30,0.0038862437941133976,shap_tree
17,P24,FANCG,5.945217367298028e-07,shap_tree
17,P24,SLC26A6,4.08039022659068e-06,shap_tree
17,P24,HSBP1L1,0.0,shap_tree
17,P24,LTB,0.00031849995139054954,shap_tree
17,P24,HIST1H2BN,0.0,shap_tree
17,P24,FAM200B,2.731127096922137e-05,shap_tree
17,P24,HLA-DOB,7.783901310176589e-07,shap_tree
17,P24,ZNF585B,3.010020009241998e-06,shap_tree
17,P24,ZNF674,0.0,shap_tree
17,P24,ZNF345,0.0,shap_tree
17,P24,IGLL5,3.6043659292772645e-06,shap_tree
17,P24,HIST1H3G,0.0,shap_tree
17,P24,CCL3L3,2.2216539946384728e-05,shap_tree
17,P24,FNTB,0.0,shap_tree
17,P24,PMF1-BGLAP,5.3258172556525096e-05,shap_tree
17,P24,AL161784.1,3.3143289329018444e-05,shap_tree
17,P24,AL022328.1,1.744649921420205e-06,shap_tree
17,P24,SPIB,0.0,shap_tree
18,P25,FGR,0.006119383964687586,shap_tree
18,P25,ST7,0.0002842079848051071,shap_tree
18,P25,CCL3,0.06849852949380875,shap_tree
18,P25,CD79B,0.01764412596821785,shap_tree
18,P25,CYB561,0.004542524926364422,shap_tree
18,P25,PKD1,0.016818942502141,shap_tree
18,P25,CD9,0.013103286735713482,shap_tree
18,P25,MKS1,0.0002377207565587014,shap_tree
18,P25,PLAUR,0.0003138461906928569,shap_tree
18,P25,TYROBP,0.003727939212694764,shap_tree
18,P25,BRCA1,0.00040276660001836717,shap_tree
18,P25,CD22,0.002204454969614744,shap_tree
18,P25,SLC11A1,0.0011450197780504823,shap_tree
18,P25,MARCO,0.0,shap_tree
18,P25,CD74,0.10899493098258972,shap_tree
18,P25,NR1H3,0.0,shap_tree
18,P25,AGPAT4,0.003748446237295866,shap_tree
18,P25,GRN,0.00569354509934783,shap_tree
18,P25,NSMAF,0.017605740576982498,shap_tree
18,P25,STAP1,0.00033615902066230774,shap_tree
18,P25,VCAN,0.0027811818290501833,shap_tree
18,P25,SPDL1,0.0009026569896377623,shap_tree
18,P25,CAPG,0.006661154329776764,shap_tree
18,P25,ADAM28,0.011902679689228535,shap_tree
18,P25,TNFRSF9,0.017846476286649704,shap_tree
18,P25,ST3GAL6,0.0,shap_tree
18,P25,FAR2,0.0021125280763953924,shap_tree
18,P25,MAP2K4,0.0007393269333988428,shap_tree
18,P25,ZNRD1,0.013376433402299881,shap_tree
18,P25,TRMT11,0.0010142754763364792,shap_tree
18,P25,STAG3,0.004622024018317461,shap_tree
18,P25,METTL22,0.0016029998660087585,shap_tree
18,P25,ROGDI,0.00010350762750022113,shap_tree
18,P25,WIPI1,0.002732548164203763,shap_tree
18,P25,SEL1L,0.02558734267950058,shap_tree
18,P25,EPN2,0.001171195530332625,shap_tree
18,P25,TFRC,0.019838377833366394,shap_tree
18,P25,NLE1,0.0001901852519949898,shap_tree
18,P25,MAP3K13,0.0011685743229463696,shap_tree
18,P25,MGLL,0.002528616227209568,shap_tree
18,P25,BCS1L,0.011050496250391006,shap_tree
18,P25,TXK,0.02766578085720539,shap_tree
18,P25,FSCN1,0.0035351121332496405,shap_tree
18,P25,SLC46A1,0.00020205877081025392,shap_tree
18,P25,SPAG5,0.0,shap_tree
18,P25,GTF3C1,0.014777367934584618,shap_tree
18,P25,FAM76B,0.0028868303634226322,shap_tree
18,P25,PIK3C3,0.01662967912852764,shap_tree
18,P25,SLC1A3,0.00041673515806905925,shap_tree
18,P25,TNS1,0.006707875523716211,shap_tree
18,P25,SESN1,0.024796437472105026,shap_tree
18,P25,HSP90AA1,0.0623994842171669,shap_tree
18,P25,CXCL2,0.003395818406715989,shap_tree
18,P25,ZNF510,0.0006177243776619434,shap_tree
18,P25,NFE2L1,0.0059171332977712154,shap_tree
18,P25,ERC1,0.0076426309533417225,shap_tree
18,P25,KAT6A,0.021498722955584526,shap_tree
18,P25,ULK2,0.00047670979984104633,shap_tree
18,P25,P2RX5,0.0056769633665680885,shap_tree
18,P25,FCN1,0.0,shap_tree
18,P25,DDHD2,0.004972331691533327,shap_tree
18,P25,AAMDC,0.0011051441542804241,shap_tree
18,P25,RFX2,0.000556355866137892,shap_tree
18,P25,OAS1,0.013146806508302689,shap_tree
18,P25,LYZ,0.0024300075601786375,shap_tree
18,P25,WDR7,0.00870019942522049,shap_tree
18,P25,RNF31,0.0037668466102331877,shap_tree
18,P25,CAPN3,0.004460188094526529,shap_tree
18,P25,HDAC6,0.0017969476757571101,shap_tree
18,P25,AAAS,0.0035989172756671906,shap_tree
18,P25,HOOK2,0.0006199145573191345,shap_tree
18,P25,BLNK,0.0007977334898896515,shap_tree
18,P25,ACOT7,0.003879956901073456,shap_tree
18,P25,TRMT2A,0.009094723500311375,shap_tree
18,P25,GGT1,0.0019709549378603697,shap_tree
18,P25,BIK,0.004555652383714914,shap_tree
18,P25,HMOX1,0.0008042502449825406,shap_tree
18,P25,GZMB,0.18304064869880676,shap_tree
18,P25,PRMT5,0.002695738337934017,shap_tree
18,P25,TIMM9,0.006699101068079472,shap_tree
18,P25,LGMN,6.773498171241954e-05,shap_tree
18,P25,GMPR2,0.016771169379353523,shap_tree
18,P25,PLTP,0.003443236695602536,shap_tree
18,P25,MMP9,0.0004429709806572646,shap_tree
18,P25,NDUFAF5,0.002257252112030983,shap_tree
18,P25,CDK5RAP1,0.006732021924108267,shap_tree
18,P25,CST3,0.0005792255979031324,shap_tree
18,P25,WDR13,0.012921130284667015,shap_tree
18,P25,CD40LG,0.016766134649515152,shap_tree
18,P25,TIMP1,0.013870005495846272,shap_tree
18,P25,GLA,0.006676133256405592,shap_tree
18,P25,KIAA0226L,0.009512629359960556,shap_tree
18,P25,ACP5,0.023443935438990593,shap_tree
18,P25,RGCC,0.0339859277009964,shap_tree
18,P25,TSC22D1,0.013103160075843334,shap_tree
18,P25,FAM173A,0.0019134203903377056,shap_tree
18,P25,CLUAP1,0.002875204663723707,shap_tree
18,P25,DNAJA3,0.004653001204133034,shap_tree
18,P25,FAH,0.0028600662481039762,shap_tree
18,P25,DTWD1,0.0016748859779909253,shap_tree
18,P25,IL7,0.0,shap_tree
18,P25,SARS2,0.005113488063216209,shap_tree
18,P25,DOT1L,0.00922967679798603,shap_tree
18,P25,FCER2,0.0023071859031915665,shap_tree
18,P25,IL4I1,0.0007187259616330266,shap_tree
18,P25,PDCD5,0.01737287826836109,shap_tree
18,P25,CD79A,0.009694232605397701,shap_tree
18,P25,ATP1A3,0.0010453852592036128,shap_tree
18,P25,TNPO2,0.014290510676801205,shap_tree
18,P25,LILRB5,0.00015209510456770658,shap_tree
18,P25,ZNF85,0.003306656377390027,shap_tree
18,P25,PON2,0.01819668523967266,shap_tree
18,P25,MPP6,0.007180984131991863,shap_tree
18,P25,CAV1,0.0027546240016818047,shap_tree
18,P25,CPVL,0.0018400881672278047,shap_tree
18,P25,ABHD11,0.001877005910500884,shap_tree
18,P25,STX1A,0.00033101392909884453,shap_tree
18,P25,HSPB1,0.07989270985126495,shap_tree
18,P25,TMEM176B,0.0016891058767214417,shap_tree
18,P25,RASSF4,0.008151421323418617,shap_tree
18,P25,PIGL,0.02133045345544815,shap_tree
18,P25,GALK1,0.007249525282531977,shap_tree
18,P25,ENO3,0.00120603758841753,shap_tree
18,P25,NUP88,0.013343162834644318,shap_tree
18,P25,CCL2,0.0,shap_tree
18,P25,RAB34,0.0034089393448084593,shap_tree
18,P25,SLC2A9,0.0005813250900246203,shap_tree
18,P25,SC5D,0.011042434722185135,shap_tree
18,P25,CRTAM,0.0341082364320755,shap_tree
18,P25,MS4A6A,0.0027662261854857206,shap_tree
18,P25,MS4A4A,8.485541184199974e-05,shap_tree
18,P25,CCND1,0.0005552361253648996,shap_tree
18,P25,PRPF19,0.0008037861553020775,shap_tree
18,P25,CD81,0.010179109871387482,shap_tree
18,P25,STX2,0.0003167361137457192,shap_tree
18,P25,IFNG,0.04834746569395065,shap_tree
18,P25,CLEC4A,0.0,shap_tree
18,P25,ADTRP,0.004608781076967716,shap_tree
18,P25,SOD2,0.01745329611003399,shap_tree
18,P25,CD83,0.020215420052409172,shap_tree
18,P25,APBB3,0.00845999363809824,shap_tree
18,P25,TFDP2,0.009189498610794544,shap_tree
18,P25,C3orf14,0.0,shap_tree
18,P25,CISH,0.007900320924818516,shap_tree
18,P25,ACVR1,0.009085161611437798,shap_tree
18,P25,GTF3C2,0.007164436392486095,shap_tree
18,P25,FN1,0.0007262803264893591,shap_tree
18,P25,STK25,0.011617693118751049,shap_tree
18,P25,CEP104,0.0014802315272390842,shap_tree
18,P25,ZBTB17,0.001197894918732345,shap_tree
18,P25,TTF2,0.0012224746169522405,shap_tree
18,P25,KMO,0.0,shap_tree
18,P25,GBP1,0.11737477779388428,shap_tree
18,P25,CDC20,0.0,shap_tree
18,P25,RCOR3,0.010827012360095978,shap_tree
18,P25,STMN1,0.016562124714255333,shap_tree
18,P25,NENF,0.0,shap_tree
18,P25,CTSD,0.05639370530843735,shap_tree
18,P25,C1orf54,0.00011013109178747982,shap_tree
18,P25,SGK1,0.00356378685683012,shap_tree
18,P25,SPP1,0.0,shap_tree
18,P25,C2orf43,0.004558350425213575,shap_tree
18,P25,FAM206A,0.002024843590334058,shap_tree
18,P25,CSF3R,0.004090329632163048,shap_tree
18,P25,BCL11A,0.006406101863831282,shap_tree
18,P25,IFIT3,0.002728703897446394,shap_tree
18,P25,HSPH1,0.07847245037555695,shap_tree
18,P25,TGFBI,0.002564050490036607,shap_tree
18,P25,EGR1,0.06041586399078369,shap_tree
18,P25,CLU,0.00438235979527235,shap_tree
18,P25,SEC22A,0.007306383457034826,shap_tree
18,P25,LY9,0.03376166522502899,shap_tree
18,P25,PMS2,0.00344582786783576,shap_tree
18,P25,EEPD1,0.0018424962181597948,shap_tree
18,P25,PLAU,0.0,shap_tree
18,P25,EGR2,0.0016540756914764643,shap_tree
18,P25,MMP19,0.0019278478575870395,shap_tree
18,P25,NR4A1,0.03265158459544182,shap_tree
18,P25,TUBA1B,0.045597389340400696,shap_tree
18,P25,G0S2,0.0077701895497739315,shap_tree
18,P25,PLA2G12A,0.0009186473325826228,shap_tree
18,P25,SLC12A4,0.010338651947677135,shap_tree
18,P25,F13A1,0.0,shap_tree
18,P25,TREM1,0.00019165367120876908,shap_tree
18,P25,SOX4,0.0049975537694990635,shap_tree
18,P25,BBS2,0.0020245607011020184,shap_tree
18,P25,MT2A,0.18508875370025635,shap_tree
18,P25,GPR18,0.017060212790966034,shap_tree
18,P25,NUP85,0.01144798006862402,shap_tree
18,P25,IL1B,0.0021627130918204784,shap_tree
18,P25,VASP,0.01625928096473217,shap_tree
18,P25,GZF1,0.003443666733801365,shap_tree
18,P25,CCR7,0.09285786747932434,shap_tree
18,P25,NSRP1,0.0066724419593811035,shap_tree
18,P25,IFI6,0.3253462016582489,shap_tree
18,P25,CFP,0.00010886257223319262,shap_tree
18,P25,VPREB3,0.013933531008660793,shap_tree
18,P25,APOBEC3A,0.0033843156415969133,shap_tree
18,P25,CHN1,0.009394205175340176,shap_tree
18,P25,CD68,0.0016175992786884308,shap_tree
18,P25,CCL4,0.03444515913724899,shap_tree
18,P25,ERMARD,0.000838559353724122,shap_tree
18,P25,SAT1,0.14749974012374878,shap_tree
18,P25,APOE,0.0,shap_tree
18,P25,APOC1,0.004966543987393379,shap_tree
18,P25,ANGPTL6,0.0007067609112709761,shap_tree
18,P25,ACSS2,0.0,shap_tree
18,P25,NINJ1,0.017413677647709846,shap_tree
18,P25,PRKAB2,0.002970007946714759,shap_tree
18,P25,LGALS3,0.04378105327486992,shap_tree
18,P25,DNAJB1,0.03775094076991081,shap_tree
18,P25,IGJ,0.010746904648840427,shap_tree
18,P25,MUTYH,0.004003595560789108,shap_tree
18,P25,MYH10,0.003774886019527912,shap_tree
18,P25,KRBA1,0.00013471955026034266,shap_tree
18,P25,E2F5,0.0001444370427634567,shap_tree
18,P25,HSD17B4,0.0014161932049319148,shap_tree
18,P25,RSAD2,0.011071587912738323,shap_tree
18,P25,CARS2,0.0019748518243432045,shap_tree
18,P25,SLC37A2,0.0,shap_tree
18,P25,CTSL,0.0010446200612932444,shap_tree
18,P25,USP30,0.0029887573327869177,shap_tree
18,P25,CD36,0.0015734544722363353,shap_tree
18,P25,HILPDA,0.0,shap_tree
18,P25,TROAP,0.0,shap_tree
18,P25,GLUL,0.009774013422429562,shap_tree
18,P25,CKAP4,0.005964378826320171,shap_tree
18,P25,GPNMB,0.00019093512673862278,shap_tree
18,P25,IL1RN,0.003789526643231511,shap_tree
18,P25,TXN,0.10137636959552765,shap_tree
18,P25,IRF4,0.01614917628467083,shap_tree
18,P25,TUBB2B,0.038924720138311386,shap_tree
18,P25,IER3,0.0,shap_tree
18,P25,SLCO2B1,0.0,shap_tree
18,P25,C11orf1,0.0,shap_tree
18,P25,IFI44L,0.06957605481147766,shap_tree
18,P25,IFI44,0.031040681526064873,shap_tree
18,P25,DNAJC13,0.0020459573715925217,shap_tree
18,P25,ITGAV,0.002040242776274681,shap_tree
18,P25,SPPL2A,0.02003968507051468,shap_tree
18,P25,ARHGAP24,0.0038527525030076504,shap_tree
18,P25,CASP6,0.0011041818652302027,shap_tree
18,P25,LEF1,0.031146300956606865,shap_tree
18,P25,C1RL,0.0029048994183540344,shap_tree
18,P25,CLSTN3,0.01834063045680523,shap_tree
18,P25,GPR84,0.0,shap_tree
18,P25,SMARCC2,0.02083413489162922,shap_tree
18,P25,PTGR2,0.0005301773780956864,shap_tree
18,P25,WARS,0.18240003287792206,shap_tree
18,P25,SLC12A6,0.00212964229285717,shap_tree
18,P25,TCF12,0.01138526014983654,shap_tree
18,P25,BCL2A1,0.001351988292299211,shap_tree
18,P25,NEIL1,6.633461453020573e-05,shap_tree
18,P25,TPM1,0.0,shap_tree
18,P25,BBS4,0.006613273173570633,shap_tree
18,P25,MFGE8,0.0009421513532288373,shap_tree
18,P25,IRF8,0.015404370613396168,shap_tree
18,P25,PELP1,0.003298336872830987,shap_tree
18,P25,TP53,0.011607636697590351,shap_tree
18,P25,IFITM3,0.09405507892370224,shap_tree
18,P25,SLC2A5,0.0,shap_tree
18,P25,MMEL1,0.00089751195628196,shap_tree
18,P25,GPN2,0.00805023405700922,shap_tree
18,P25,XCL1,0.0279820766299963,shap_tree
18,P25,PPOX,0.006748535670340061,shap_tree
18,P25,FCGR2A,0.0008100447012111545,shap_tree
18,P25,RRNAD1,0.0,shap_tree
18,P25,CTSK,0.00012844789307564497,shap_tree
18,P25,TAF1A,0.00040947485831566155,shap_tree
18,P25,S100A8,0.004400673788040876,shap_tree
18,P25,SLC27A3,0.001839263248257339,shap_tree
18,P25,EXOC6B,0.0007769668009132147,shap_tree
18,P25,SFXN5,0.0021014621015638113,shap_tree
18,P25,AFF3,0.006381158251315355,shap_tree
18,P25,EAF2,0.00315113365650177,shap_tree
18,P25,PLAC8,0.020049666985869408,shap_tree
18,P25,PIK3R1,0.09964936226606369,shap_tree
18,P25,SSBP2,0.0012620725901797414,shap_tree
18,P25,MMS22L,0.0093056196346879,shap_tree
18,P25,CXorf57,0.0002134829992428422,shap_tree
18,P25,PLIN2,0.06093122437596321,shap_tree
18,P25,FBXO10,0.00150398223195225,shap_tree
18,P25,GSN,0.0006471320521086454,shap_tree
18,P25,MRRF,0.0018834325019270182,shap_tree
18,P25,ADM,0.0,shap_tree
18,P25,SERPINH1,0.004455661866813898,shap_tree
18,P25,FADS1,0.018009934574365616,shap_tree
18,P25,FCGR1A,7.636677764821798e-05,shap_tree
18,P25,CACNA2D4,0.003374079940840602,shap_tree
18,P25,PTPRO,0.0,shap_tree
18,P25,RASGRP3,0.0010913468431681395,shap_tree
18,P25,FARP1,0.011673245579004288,shap_tree
18,P25,BANK1,0.000565308437217027,shap_tree
18,P25,DAB2,0.0,shap_tree
18,P25,LY96,0.0006281000096350908,shap_tree
18,P25,TSEN2,0.0014189158100634813,shap_tree
18,P25,VSIG4,0.00019083336519543082,shap_tree
18,P25,NDUFAF6,0.0025915447622537613,shap_tree
18,P25,CXCL13,0.02111389860510826,shap_tree
18,P25,FAM122B,0.004101580940186977,shap_tree
18,P25,MS4A1,0.008623290807008743,shap_tree
18,P25,WDYHV1,0.0004044216766487807,shap_tree
18,P25,B3GNT7,0.009955467656254768,shap_tree
18,P25,CCNB2,0.0,shap_tree
18,P25,MYO1E,0.0005404430557973683,shap_tree
18,P25,FAIM,0.005169244017452002,shap_tree
18,P25,RNF207,0.006275081541389227,shap_tree
18,P25,AHCYL2,0.0,shap_tree
18,P25,NCF1,0.0016632023034617305,shap_tree
18,P25,FCER1G,0.006123766303062439,shap_tree
18,P25,C1QC,0.0,shap_tree
18,P25,HLCS,0.0011424294207245111,shap_tree
18,P25,ZNF362,0.0021106454078108072,shap_tree
18,P25,LMNA,0.017223065719008446,shap_tree
18,P25,ZNF577,0.0,shap_tree
18,P25,CLPB,0.0007306294282898307,shap_tree
18,P25,C1orf123,0.0009235281031578779,shap_tree
18,P25,VCAM1,0.0909840539097786,shap_tree
18,P25,FCGR3B,0.09091480076313019,shap_tree
18,P25,ATF3,0.04156668111681938,shap_tree
18,P25,CTSS,0.0190102718770504,shap_tree
18,P25,S100A9,0.0010300746653228998,shap_tree
18,P25,ANKZF1,0.011999317444860935,shap_tree
18,P25,FCRL1,0.0008985913009382784,shap_tree
18,P25,ICA1L,0.007574443705379963,shap_tree
18,P25,SMIM14,0.0017471214523538947,shap_tree
18,P25,CXCL3,5.2935127314412966e-05,shap_tree
18,P25,RCHY1,0.005545571446418762,shap_tree
18,P25,BAP1,0.014592449180781841,shap_tree
18,P25,GNL3,0.031860459595918655,shap_tree
18,P25,PIGX,0.0009004143066704273,shap_tree
18,P25,SAP30L,0.0,shap_tree
18,P25,CTSB,0.05216176435351372,shap_tree
18,P25,GEM,0.0026498965453356504,shap_tree
18,P25,FBP1,0.0034663204569369555,shap_tree
18,P25,IFI27,0.008419058285653591,shap_tree
18,P25,CLMN,8.215429988922551e-05,shap_tree
18,P25,ALKBH3,0.010032588616013527,shap_tree
18,P25,TAF10,0.021733997389674187,shap_tree
18,P25,PLD4,0.0016151523450389504,shap_tree
18,P25,ZNF143,0.005469437688589096,shap_tree
18,P25,WEE1,0.02875637076795101,shap_tree
18,P25,CLEC4E,0.0,shap_tree
18,P25,ATF7IP2,0.008290862664580345,shap_tree
18,P25,ANPEP,0.0,shap_tree
18,P25,PLK1,0.0005525932065211236,shap_tree
18,P25,C15orf48,0.0,shap_tree
18,P25,MS4A7,2.8502996428869665e-05,shap_tree
18,P25,DIS3L,0.0017333688447251916,shap_tree
18,P25,EVA1C,0.0035195096861571074,shap_tree
18,P25,MEI1,0.007476898841559887,shap_tree
18,P25,GNGT2,0.004916986916214228,shap_tree
18,P25,ACSF2,0.00014685960195492953,shap_tree
18,P25,TRIM68,0.00455992529168725,shap_tree
18,P25,AXL,0.0016403811750933528,shap_tree
18,P25,LAIR2,0.010255862958729267,shap_tree
18,P25,CHAF1A,0.00010019839101005346,shap_tree
18,P25,SRR,0.0012274986365810037,shap_tree
18,P25,BSCL2,0.0011676705908030272,shap_tree
18,P25,TRANK1,0.01029239036142826,shap_tree
18,P25,GNG4,0.003252934431657195,shap_tree
18,P25,BMI1,0.0019806090276688337,shap_tree
18,P25,LDLRAD4,0.024913061410188675,shap_tree
18,P25,TMEM208,0.019494330510497093,shap_tree
18,P25,CCDC126,0.005465099588036537,shap_tree
18,P25,RNASE6,0.0004323079774621874,shap_tree
18,P25,IL8,0.00048724040971137583,shap_tree
18,P25,GPR183,0.06937147676944733,shap_tree
18,P25,CLIC3,0.06692945212125778,shap_tree
18,P25,LRRC45,0.0012042224407196045,shap_tree
18,P25,MT1E,0.02305643819272518,shap_tree
18,P25,TAPT1,0.0006377150421030819,shap_tree
18,P25,GLB1,0.01617942750453949,shap_tree
18,P25,CD14,0.00010999109508702531,shap_tree
18,P25,MZB1,0.0006790869520045817,shap_tree
18,P25,KBTBD2,0.025211643427610397,shap_tree
18,P25,LILRA3,6.651130388490856e-05,shap_tree
18,P25,HDAC3,0.02078314498066902,shap_tree
18,P25,RRM2,0.006321670953184366,shap_tree
18,P25,LGALS9C,0.0032320264726877213,shap_tree
18,P25,ATPAF2,0.003404708346351981,shap_tree
18,P25,CLEC12A,0.0015137693844735622,shap_tree
18,P25,ALG14,0.0011818287894129753,shap_tree
18,P25,FUT10,0.0,shap_tree
18,P25,ZNF621,0.0011737440945580602,shap_tree
18,P25,HSPA6,0.001855642767623067,shap_tree
18,P25,RAPH1,4.991697278455831e-05,shap_tree
18,P25,MZT2A,0.001843166770413518,shap_tree
18,P25,C1QB,0.0,shap_tree
18,P25,C1QA,0.0,shap_tree
18,P25,OLR1,0.00011557518155314028,shap_tree
18,P25,C11orf80,0.0013575685443356633,shap_tree
18,P25,TLR6,0.0014610757352784276,shap_tree
18,P25,PITPNA,0.0016686390154063702,shap_tree
18,P25,UBE2C,0.0030868479516357183,shap_tree
18,P25,APITD1,0.0004802355251740664,shap_tree
18,P25,MCTP1,0.007945672608911991,shap_tree
18,P25,ZNF683,0.06652119755744934,shap_tree
18,P25,METRNL,0.011261655949056149,shap_tree
18,P25,TYMS,0.0023821936920285225,shap_tree
18,P25,SLC38A9,0.0014381356304511428,shap_tree
18,P25,CD19,0.003770199604332447,shap_tree
18,P25,CD163,0.0003215658070985228,shap_tree
18,P25,THBD,0.0022851701360195875,shap_tree
18,P25,CPNE7,0.003142300760373473,shap_tree
18,P25,CCR8,0.0031790744978934526,shap_tree
18,P25,ZNF571,0.004401070065796375,shap_tree
18,P25,HIST1H2BC,0.0035182321444153786,shap_tree
18,P25,ZNF322,0.0008753048605285585,shap_tree
18,P25,ZNF678,0.003615627996623516,shap_tree
18,P25,UBA7,0.025578785687685013,shap_tree
18,P25,CADM1,0.05411851778626442,shap_tree
18,P25,AFMID,0.0009474565740674734,shap_tree
18,P25,CCDC159,0.01369732990860939,shap_tree
18,P25,IQGAP3,0.009388144128024578,shap_tree
18,P25,TTC32,0.009000108577311039,shap_tree
18,P25,LRTOMT,0.0009474846883676946,shap_tree
18,P25,TMED9,0.009948397986590862,shap_tree
18,P25,RBM43,0.0005258563905954361,shap_tree
18,P25,DGAT1,0.005848389584571123,shap_tree
18,P25,TNFAIP2,0.0018632541177794337,shap_tree
18,P25,IRF7,0.020841535180807114,shap_tree
18,P25,IFIT1,0.0006249621510505676,shap_tree
18,P25,CD300E,0.00010623194248182699,shap_tree
18,P25,TNFRSF4,0.028149312362074852,shap_tree
18,P25,GPR141,0.00013732098159380257,shap_tree
18,P25,LILRA5,0.0,shap_tree
18,P25,CMC1,0.017119772732257843,shap_tree
18,P25,MT1X,0.006021717097610235,shap_tree
18,P25,USP7,0.01799102872610092,shap_tree
18,P25,ISG15,0.10455265641212463,shap_tree
18,P25,FANCA,0.02645433507859707,shap_tree
18,P25,ARHGAP11B,0.002230357611551881,shap_tree
18,P25,FAM26F,0.0004488467238843441,shap_tree
18,P25,KIR2DL4,0.03467844799160957,shap_tree
18,P25,ZNF573,0.0014399471692740917,shap_tree
18,P25,ZNF250,0.0010893841972574592,shap_tree
18,P25,TUBB,0.01938807964324951,shap_tree
18,P25,ANAPC7,0.002629894996061921,shap_tree
18,P25,TCF4,0.0031636389903724194,shap_tree
18,P25,NF1,0.012222636491060257,shap_tree
18,P25,ZNF682,0.0013699264964088798,shap_tree
18,P25,HIST1H4J,0.00019554534810595214,shap_tree
18,P25,SERPINA1,8.075794903561473e-05,shap_tree
18,P25,CCL4L2,0.050716497004032135,shap_tree
18,P25,C5orf42,0.0007421195041388273,shap_tree
18,P25,NMB,0.0008575273677706718,shap_tree
18,P25,PSAP,0.05819552764296532,shap_tree
18,P25,CFD,0.0,shap_tree
18,P25,ZNF81,0.0010789536172524095,shap_tree
18,P25,MPZL1,0.0002644887426868081,shap_tree
18,P25,FCGR1B,0.00017157373076770455,shap_tree
18,P25,SPRED2,0.0,shap_tree
18,P25,HLA-DRB5,0.1574399620294571,shap_tree
18,P25,HIST1H4E,0.0035843844525516033,shap_tree
18,P25,FAM19A2,0.0019337107660248876,shap_tree
18,P25,TTC37,0.0033111306838691235,shap_tree
18,P25,GK,0.03200831636786461,shap_tree
18,P25,OPA1,0.006334181409329176,shap_tree
18,P25,TGM2,0.0012613458093255758,shap_tree
18,P25,ZNF525,0.004644628148525953,shap_tree
18,P25,FCGR3A,0.023244397714734077,shap_tree
18,P25,HIST2H2AA4,0.041420236229896545,shap_tree
18,P25,C10orf128,0.004461850970983505,shap_tree
18,P25,CXorf65,0.006998637691140175,shap_tree
18,P25,HLA-DRA,0.04839419201016426,shap_tree
18,P25,AGER,0.0008982646395452321,shap_tree
18,P25,NEU1,0.00862733181566,shap_tree
18,P25,HSPA1B,0.024753272533416748,shap_tree
18,P25,HSPA1A,0.06931459903717041,shap_tree
18,P25,LY6G5C,0.00027367769507691264,shap_tree
18,P25,AIF1,8.273051207652315e-05,shap_tree
18,P25,LST1,0.00019443899509496987,shap_tree
18,P25,CCL4L1,0.13788315653800964,shap_tree
18,P25,CCL3L1,0.03490498661994934,shap_tree
18,P25,CPT1B,0.010965232737362385,shap_tree
18,P25,RAB12,0.023116564378142357,shap_tree
18,P25,AL590867.1,0.004188087303191423,shap_tree
18,P25,FAM24B,6.052834214642644e-05,shap_tree
18,P25,GSTM2,0.008310624398291111,shap_tree
18,P25,TREX1,0.014199461787939072,shap_tree
18,P25,DNASE1,0.005594904068857431,shap_tree
18,P25,MYL5,0.0015747729921713471,shap_tree
18,P25,IFI30,0.009039477445185184,shap_tree
18,P25,FANCG,0.003064723452553153,shap_tree
18,P25,SLC26A6,0.003729111049324274,shap_tree
18,P25,PGAM4,0.006696007214486599,shap_tree
18,P25,LTB,0.015698600560426712,shap_tree
18,P25,HLA-DOB,0.0011130324564874172,shap_tree
18,P25,WDR65,0.0,shap_tree
18,P25,KIR2DL3,0.0016643067356199026,shap_tree
18,P25,ZNF585B,0.006650679279118776,shap_tree
18,P25,ZNF674,0.002893749624490738,shap_tree
18,P25,CSNK2A3,0.0013299256097525358,shap_tree
18,P25,HIST1H3G,0.002346451161429286,shap_tree
18,P25,CCL3L3,0.020259778946638107,shap_tree
18,P25,CEP95,0.011974870227277279,shap_tree
18,P25,AL161784.1,0.003223590087145567,shap_tree
18,P25,AL022328.1,0.0,shap_tree
18,P25,SPIB,0.0016697825631126761,shap_tree
19,P26,FGR,6.061873136786744e-05,shap_tree
19,P26,NDUFAF7,3.337898078825674e-06,shap_tree
19,P26,FKBP4,0.00014208203356247395,shap_tree
19,P26,ST7,3.5573313653003424e-05,shap_tree
19,P26,BZRAP1,2.783839045150671e-05,shap_tree
19,P26,CCL3,0.003186099464073777,shap_tree
19,P26,PAFAH1B1,1.4444562111748382e-05,shap_tree
19,P26,CD79B,0.000619945814833045,shap_tree
19,P26,DLEC1,2.1686810214305297e-05,shap_tree
19,P26,PKD1,1.2938113286509179e-05,shap_tree
19,P26,DYRK4,0.0,shap_tree
19,P26,CD9,9.412424333277158e-06,shap_tree
19,P26,PLAUR,1.5653138234483777e-06,shap_tree
19,P26,TYROBP,0.00023349307593889534,shap_tree
19,P26,CD22,0.00015761074610054493,shap_tree
19,P26,CLDN11,1.8405196897219867e-05,shap_tree
19,P26,SLC11A1,4.763611650560051e-05,shap_tree
19,P26,PHLDB1,4.671073838835582e-06,shap_tree
19,P26,MARCO,1.0408209163870197e-05,shap_tree
19,P26,CD74,0.004922414664179087,shap_tree
19,P26,NR1H3,6.633061957472819e-07,shap_tree
19,P26,GRN,0.0009116396540775895,shap_tree
19,P26,NSMAF,4.200514922558796e-06,shap_tree
19,P26,METTL1,0.0,shap_tree
19,P26,VCAN,7.74165755501599e-07,shap_tree
19,P26,SPDL1,7.766023372823838e-06,shap_tree
19,P26,ADAM28,0.00012375350343063474,shap_tree
19,P26,TNFRSF9,1.075708041753387e-05,shap_tree
19,P26,SIKE1,6.179352203616872e-05,shap_tree
19,P26,RRP12,0.00013360127923078835,shap_tree
19,P26,QSER1,9.765743016032502e-06,shap_tree
19,P26,ST3GAL6,0.0,shap_tree
19,P26,WDR3,1.85574190254556e-05,shap_tree
19,P26,MAP2K4,3.7266427170834504e-06,shap_tree
19,P26,STAG3,7.580030796816573e-05,shap_tree
19,P26,DDX3Y,0.004505562130361795,shap_tree
19,P26,METTL22,2.6278808945789933e-05,shap_tree
19,P26,ROGDI,6.240513812372228e-07,shap_tree
19,P26,IFT80,7.530124094046187e-06,shap_tree
19,P26,EPN2,9.438882443646435e-06,shap_tree
19,P26,TFRC,0.0003233873285353184,shap_tree
19,P26,FCGR2B,4.212539715808816e-05,shap_tree
19,P26,MGLL,1.1205463579244679e-06,shap_tree
19,P26,BCS1L,2.2988962882664055e-05,shap_tree
19,P26,TXK,4.589329182635993e-05,shap_tree
19,P26,FSCN1,2.7393884920456912e-06,shap_tree
19,P26,GTF3C1,0.00014890021702740341,shap_tree
19,P26,IL4R,0.0010776151902973652,shap_tree
19,P26,FAM76B,5.075920853414573e-06,shap_tree
19,P26,PIK3C3,6.952378316782415e-05,shap_tree
19,P26,SLC1A3,8.242669196079078e-07,shap_tree
19,P26,TNS1,0.0,shap_tree
19,P26,CEACAM1,7.083266973495483e-05,shap_tree
19,P26,HSP90AA1,0.001941442838869989,shap_tree
19,P26,CXCL2,0.0,shap_tree
19,P26,COBLL1,6.252129196582246e-07,shap_tree
19,P26,NFE2L1,1.4519744127028389e-06,shap_tree
19,P26,KAT6A,0.00019808669458143413,shap_tree
19,P26,FCN1,0.0,shap_tree
19,P26,DDHD2,6.496679270640016e-05,shap_tree
19,P26,DOCK9,1.3825969290337525e-05,shap_tree
19,P26,KIF9,2.2160033950058278e-06,shap_tree
19,P26,CRLS1,5.536567550734617e-05,shap_tree
19,P26,OAS1,0.0001683509035501629,shap_tree
19,P26,LYZ,3.99535711039789e-05,shap_tree
19,P26,ZNF268,7.846857442928012e-06,shap_tree
19,P26,WDR7,0.00019364016770850867,shap_tree
19,P26,ITGA6,4.17080491388333e-06,shap_tree
19,P26,HDAC6,1.279172693102737e-06,shap_tree
19,P26,AAAS,7.837635348550975e-05,shap_tree
19,P26,BLNK,1.2878711459052283e-05,shap_tree
19,P26,ACOT7,0.00011725028161890805,shap_tree
19,P26,TRMT2A,2.3261731257662177e-05,shap_tree
19,P26,OSM,2.5198303774232045e-05,shap_tree
19,P26,LGALS2,4.6316461521200836e-05,shap_tree
19,P26,RHBDD3,3.2094570201479655e-07,shap_tree
19,P26,HMOX1,1.999383584916359e-06,shap_tree
19,P26,MCAT,0.0,shap_tree
19,P26,PRMT5,7.648324753972702e-06,shap_tree
19,P26,CDKL1,2.1258251763356384e-06,shap_tree
19,P26,CDKN3,3.661855544123682e-06,shap_tree
19,P26,CGRRF1,0.00019920221529901028,shap_tree
19,P26,PIGH,1.0827725418494083e-05,shap_tree
19,P26,TIMM9,1.9851157048833556e-05,shap_tree
19,P26,LGMN,2.8015410862280987e-06,shap_tree
19,P26,TCL1A,5.897843038837891e-06,shap_tree
19,P26,GMPR2,4.586348222801462e-05,shap_tree
19,P26,PLTP,1.0489042097105994e-06,shap_tree
19,P26,CST3,0.0005826381966471672,shap_tree
19,P26,ALG13,5.5636173783568665e-05,shap_tree
19,P26,WDR13,1.78519549081102e-05,shap_tree
19,P26,FMR1,4.345760680735111e-05,shap_tree
19,P26,TIMP1,6.186904556670925e-06,shap_tree
19,P26,GLA,6.724661943735555e-05,shap_tree
19,P26,KIAA0226L,4.222608367854264e-06,shap_tree
19,P26,ACP5,0.000381726335035637,shap_tree
19,P26,RGCC,0.00031015079002827406,shap_tree
19,P26,DNAJA3,6.648975613643415e-06,shap_tree
19,P26,MTFMT,1.3214272485129186e-06,shap_tree
19,P26,FAH,3.98276824853383e-06,shap_tree
19,P26,GABPB1,0.00016869769024197012,shap_tree
19,P26,IL7,0.0,shap_tree
19,P26,PPP2CB,0.0,shap_tree
19,P26,SARS2,2.5653632746980293e-06,shap_tree
19,P26,DOT1L,5.370256621972658e-05,shap_tree
19,P26,FCER2,0.00012097052240278572,shap_tree
19,P26,IL4I1,4.906249159830622e-06,shap_tree
19,P26,ZNF419,1.2444666026567575e-06,shap_tree
19,P26,PDCD5,0.0018334706546738744,shap_tree
19,P26,EBI3,0.0,shap_tree
19,P26,CD79A,0.0003188014088664204,shap_tree
19,P26,TNPO2,6.916534766787663e-05,shap_tree
19,P26,LILRB5,8.119534868455958e-06,shap_tree
19,P26,PON2,0.00022068785619921982,shap_tree
19,P26,MPP6,7.700668902543839e-06,shap_tree
19,P26,CAV1,6.225111428648233e-05,shap_tree
19,P26,CPVL,3.2368009215133497e-06,shap_tree
19,P26,EPHB6,2.824439661708311e-06,shap_tree
19,P26,HSPB1,0.0052707926370203495,shap_tree
19,P26,TMEM176B,0.00022095452004577965,shap_tree
19,P26,RASSF4,4.255681687936885e-06,shap_tree
19,P26,MAPK8,9.29585951325862e-07,shap_tree
19,P26,RAD51C,7.457098490704084e-06,shap_tree
19,P26,TUBD1,0.0,shap_tree
19,P26,GALK1,2.8450820536818355e-05,shap_tree
19,P26,ENO3,4.636649009626126e-06,shap_tree
19,P26,LGALS3BP,0.000256276543950662,shap_tree
19,P26,TNFAIP1,9.115274792748096e-07,shap_tree
19,P26,RAB34,1.9163272213518212e-07,shap_tree
19,P26,ZBTB16,1.0823962384165497e-06,shap_tree
19,P26,SC5D,0.00011421536328271031,shap_tree
19,P26,CRTAM,4.269122291589156e-05,shap_tree
19,P26,MS4A6A,4.2226503865094855e-05,shap_tree
19,P26,MS4A4A,2.3675088414165657e-06,shap_tree
19,P26,PRPF19,2.485512050043326e-05,shap_tree
19,P26,CD81,2.5840450689429417e-05,shap_tree
19,P26,PRR4,0.0002459132520016283,shap_tree
19,P26,ACAD10,0.0,shap_tree
19,P26,GTF2H3,3.7075549244036665e-06,shap_tree
19,P26,IFNG,0.0025913743302226067,shap_tree
19,P26,SOD2,0.0004708879569079727,shap_tree
19,P26,CD83,0.0010150648886337876,shap_tree
19,P26,APBB3,0.00031405765912495553,shap_tree
19,P26,PFKFB4,5.31105342815863e-06,shap_tree
19,P26,C3orf14,0.0,shap_tree
19,P26,CISH,0.0004396560834720731,shap_tree
19,P26,FAHD2A,7.65045297157485e-06,shap_tree
19,P26,GTF3C2,1.8504019863030408e-06,shap_tree
19,P26,FN1,2.1072964955237694e-06,shap_tree
19,P26,EHBP1,1.6465246517327614e-05,shap_tree
19,P26,EPHA4,4.7614397772122175e-05,shap_tree
19,P26,CEP104,8.101075650301937e-07,shap_tree
19,P26,KIAA1324,2.4520909391867463e-06,shap_tree
19,P26,KMO,1.231549777003238e-05,shap_tree
19,P26,GBP1,0.0052735405042767525,shap_tree
19,P26,CR2,3.2407153867097804e-06,shap_tree
19,P26,RCOR3,4.571721001411788e-05,shap_tree
19,P26,STMN1,0.00014070983161218464,shap_tree
19,P26,CTSD,0.0015950158704072237,shap_tree
19,P26,C1orf54,1.1316512882331153e-06,shap_tree
19,P26,LRMP,0.00014335446758195758,shap_tree
19,P26,SGK1,3.7374786188593134e-05,shap_tree
19,P26,SPP1,0.0,shap_tree
19,P26,C2orf43,5.6445820519002154e-05,shap_tree
19,P26,CSF3R,6.370255869114771e-05,shap_tree
19,P26,NPC2,5.982594666420482e-05,shap_tree
19,P26,MLH3,7.505767280235887e-05,shap_tree
19,P26,BCL11A,7.2686093517404515e-06,shap_tree
19,P26,IFIT3,1.5001664905867074e-05,shap_tree
19,P26,HSPH1,0.0011122969444841146,shap_tree
19,P26,TGFBI,0.0041876863688230515,shap_tree
19,P26,LY9,0.00043327410821802914,shap_tree
19,P26,PLAU,0.0,shap_tree
19,P26,TUBA1B,0.0006711502210237086,shap_tree
19,P26,G0S2,7.136068597901613e-05,shap_tree
19,P26,MCEE,5.400435384217417e-06,shap_tree
19,P26,F13A1,0.0,shap_tree
19,P26,TREM1,0.0,shap_tree
19,P26,SOX4,1.843039171944838e-05,shap_tree
19,P26,MT2A,0.02503209561109543,shap_tree
19,P26,GPR18,0.00037601293297484517,shap_tree
19,P26,CLYBL,0.0,shap_tree
19,P26,PTGER2,0.0004831222759094089,shap_tree
19,P26,VASP,0.00010410162212792784,shap_tree
19,P26,GZF1,1.6669751857989468e-05,shap_tree
19,P26,CCR7,0.03135678544640541,shap_tree
19,P26,IFI6,0.05386099964380264,shap_tree
19,P26,CFP,0.0,shap_tree
19,P26,L3HYPDH,0.0,shap_tree
19,P26,PTPN12,0.00014690998068545014,shap_tree
19,P26,VPREB3,0.0,shap_tree
19,P26,APOBEC3A,6.3525253608531784e-06,shap_tree
19,P26,TMOD2,0.0,shap_tree
19,P26,CD68,1.1528493359946879e-06,shap_tree
19,P26,CCL4,0.0005361463408917189,shap_tree
19,P26,PARP2,4.9374298214388546e-06,shap_tree
19,P26,SAT1,0.0029645399190485477,shap_tree
19,P26,LDLR,2.247292286483571e-06,shap_tree
19,P26,APOE,2.6639125394467555e-07,shap_tree
19,P26,FCHO1,4.448998151929118e-05,shap_tree
19,P26,PGPEP1,4.971196858605254e-07,shap_tree
19,P26,ANGPTL6,0.0,shap_tree
19,P26,DKC1,4.159366653766483e-05,shap_tree
19,P26,ACSS2,0.0,shap_tree
19,P26,NINJ1,0.0014126414898782969,shap_tree
19,P26,LGALS3,0.0012125358916819096,shap_tree
19,P26,SERPINF1,8.80111019796459e-06,shap_tree
19,P26,IGJ,0.00039777238271199167,shap_tree
19,P26,CLEC10A,0.0,shap_tree
19,P26,DPH2,8.305401024699677e-06,shap_tree
19,P26,MUTYH,1.9179722585249692e-05,shap_tree
19,P26,MYH10,5.316169335856102e-06,shap_tree
19,P26,TBC1D8B,2.9374756195466034e-05,shap_tree
19,P26,PDE6B,3.5261425637145294e-06,shap_tree
19,P26,SBF2,2.644590267664171e-06,shap_tree
19,P26,DPH6,7.034976988506969e-06,shap_tree
19,P26,RSAD2,4.174592504568864e-06,shap_tree
19,P26,KLRC1,3.708215444930829e-05,shap_tree
19,P26,CARS2,2.8296097298152745e-05,shap_tree
19,P26,SLC37A2,0.0,shap_tree
19,P26,CTSL,0.00023769267136231065,shap_tree
19,P26,USP30,1.634121872484684e-06,shap_tree
19,P26,CCDC142,2.8200645374454325e-06,shap_tree
19,P26,CPM,2.062351086351555e-06,shap_tree
19,P26,GLUL,0.00022819852165412158,shap_tree
19,P26,MFSD9,4.028140665468527e-07,shap_tree
19,P26,LMO7,1.5115042515390087e-05,shap_tree
19,P26,GPNMB,1.3150340237189084e-05,shap_tree
19,P26,IL1RN,0.0,shap_tree
19,P26,TXN,0.0023923609405755997,shap_tree
19,P26,CD72,2.4099321308312938e-05,shap_tree
19,P26,SLCO2B1,1.0625788036122685e-06,shap_tree
19,P26,C11orf1,3.388083769095829e-07,shap_tree
19,P26,IFI44L,0.004680629353970289,shap_tree
19,P26,IFI44,2.0199307982693426e-05,shap_tree
19,P26,DNAJC13,8.952436473919079e-06,shap_tree
19,P26,CARF,2.8326969641057076e-06,shap_tree
19,P26,ITGAV,1.1796612852776889e-05,shap_tree
19,P26,TMOD3,3.698914224514738e-05,shap_tree
19,P26,SPPL2A,3.3133368560811505e-05,shap_tree
19,P26,ARHGAP24,0.0003286260471213609,shap_tree
19,P26,CASP6,1.8646020180312917e-05,shap_tree
19,P26,LEF1,0.00025448171072639525,shap_tree
19,P26,DUSP6,8.412263014179189e-06,shap_tree
19,P26,GPR84,1.7885097349790158e-06,shap_tree
19,P26,SMARCC2,8.022823749342933e-05,shap_tree
19,P26,WARS,0.017117589712142944,shap_tree
19,P26,SLC12A6,2.427522122161463e-05,shap_tree
19,P26,BCL2A1,3.1885381758911535e-05,shap_tree
19,P26,HMG20A,6.206651596585289e-05,shap_tree
19,P26,TPM1,0.0,shap_tree
19,P26,MFGE8,1.0748142358352197e-06,shap_tree
19,P26,IRF8,0.00030644593061879277,shap_tree
19,P26,SCRN2,4.735857874038629e-05,shap_tree
19,P26,TP53,0.001116879633627832,shap_tree
19,P26,SMAD4,1.3413349734037183e-05,shap_tree
19,P26,IFITM3,0.004898148123174906,shap_tree
19,P26,SLC2A5,0.0,shap_tree
19,P26,XCL1,3.0130864615784958e-05,shap_tree
19,P26,XCL2,0.00021754219778813422,shap_tree
19,P26,FCGR2A,6.8453196035989095e-06,shap_tree
19,P26,FCRL5,1.5444868040503934e-05,shap_tree
19,P26,RRNAD1,1.2044611139572226e-06,shap_tree
19,P26,S100A8,1.9944591258536093e-06,shap_tree
19,P26,SLC27A3,4.99637508255546e-07,shap_tree
19,P26,AFF3,1.766721652529668e-06,shap_tree
19,P26,RHBDD1,1.3040435987932142e-05,shap_tree
19,P26,FANCD2,6.860036955913529e-05,shap_tree
19,P26,EAF2,2.4223714717663825e-05,shap_tree
19,P26,EIF2B5,6.722512625856325e-05,shap_tree
19,P26,PLAC8,0.0001474717864766717,shap_tree
19,P26,PIK3R1,0.0005394086474552751,shap_tree
19,P26,FBXL17,1.1044376151403412e-06,shap_tree
19,P26,MMS22L,0.0002307548129465431,shap_tree
19,P26,CXorf57,0.0,shap_tree
19,P26,PLIN2,0.0007477418403141201,shap_tree
19,P26,FBXO10,0.0,shap_tree
19,P26,GSN,8.237994734372478e-06,shap_tree
19,P26,PDSS1,0.0,shap_tree
19,P26,ADM,0.0,shap_tree
19,P26,IMMP1L,6.431654924199393e-07,shap_tree
19,P26,SERPINH1,7.372184882115107e-06,shap_tree
19,P26,FADS1,6.552375998580828e-05,shap_tree
19,P26,TM7SF2,8.700230296199152e-07,shap_tree
19,P26,FCGR1A,1.0066401046060491e-06,shap_tree
19,P26,CACNA2D4,0.0,shap_tree
19,P26,OXSM,5.514212534762919e-05,shap_tree
19,P26,MIPOL1,6.569311153725721e-06,shap_tree
19,P26,QTRTD1,8.048363611123932e-07,shap_tree
19,P26,CENPJ,2.625355818963726e-06,shap_tree
19,P26,BAG3,0.0007543554529547691,shap_tree
19,P26,BANK1,3.9773287426214665e-05,shap_tree
19,P26,DAB2,4.108644020561769e-07,shap_tree
19,P26,OBSCN,2.058110294456128e-05,shap_tree
19,P26,LY96,1.7445259800297208e-05,shap_tree
19,P26,PPP4R1,5.002483885618858e-05,shap_tree
19,P26,RBM45,0.0,shap_tree
19,P26,VSIG4,3.754906856556772e-07,shap_tree
19,P26,DPY19L4,6.225965989870019e-06,shap_tree
19,P26,MS4A1,0.0007040269556455314,shap_tree
19,P26,WDYHV1,0.0,shap_tree
19,P26,CCNB2,0.0,shap_tree
19,P26,MYO1E,0.00019142490054946393,shap_tree
19,P26,APPL1,4.47942466053064e-06,shap_tree
19,P26,RNF207,3.5695775295607746e-06,shap_tree
19,P26,HIST1H2BD,1.281112872675294e-05,shap_tree
19,P26,TMSB15B,6.939346349099651e-05,shap_tree
19,P26,AHCYL2,1.4472340126303607e-06,shap_tree
19,P26,FCER1G,0.0002842791145667434,shap_tree
19,P26,C1QC,0.0,shap_tree
19,P26,ZNF362,4.821483526029624e-05,shap_tree
19,P26,LMNA,0.002266712486743927,shap_tree
19,P26,GRASP,2.4497878712281818e-06,shap_tree
19,P26,PAQR4,1.7379919881932437e-05,shap_tree
19,P26,VCAM1,0.0025253170169889927,shap_tree
19,P26,FCGR3B,0.000608073256444186,shap_tree
19,P26,ATF3,0.0011028851149603724,shap_tree
19,P26,CTSS,3.271505192969926e-05,shap_tree
19,P26,S100A9,0.0,shap_tree
19,P26,IGFBP7,3.3514418191771256e-06,shap_tree
19,P26,STK36,3.279148813817301e-06,shap_tree
19,P26,FCRL1,0.0007256909739226103,shap_tree
19,P26,EIF5A2,7.173512130975723e-06,shap_tree
19,P26,SMIM14,1.6670033801347017e-05,shap_tree
19,P26,CXCL3,0.0,shap_tree
19,P26,ITGA2,0.0,shap_tree
19,P26,C5orf63,2.1296125396474963e-06,shap_tree
19,P26,LEAP2,4.609497409546748e-05,shap_tree
19,P26,CTSB,0.0008215669658966362,shap_tree
19,P26,GEM,2.6324167265556753e-05,shap_tree
19,P26,LETM2,7.475079200958135e-06,shap_tree
19,P26,FBP1,0.0006620055064558983,shap_tree
19,P26,IFI27,2.9047484986222116e-06,shap_tree
19,P26,CLMN,0.0,shap_tree
19,P26,ALKBH3,7.238653051899746e-05,shap_tree
19,P26,ARIH1,4.517605702858418e-05,shap_tree
19,P26,FAM227B,9.4170178499553e-07,shap_tree
19,P26,STXBP4,1.956113067080878e-07,shap_tree
19,P26,CUL5,5.978473927825689e-05,shap_tree
19,P26,TAF10,0.00016289383347611874,shap_tree
19,P26,USP54,7.471807066394831e-07,shap_tree
19,P26,CLEC4E,0.0,shap_tree
19,P26,CATSPER2,0.0,shap_tree
19,P26,ANPEP,2.5229956008843146e-05,shap_tree
19,P26,PLK1,0.0,shap_tree
19,P26,C15orf48,3.390640131328837e-06,shap_tree
19,P26,MS4A7,2.6974018965120194e-06,shap_tree
19,P26,MEI1,2.9840448405593634e-05,shap_tree
19,P26,GNGT2,3.263368455463933e-07,shap_tree
19,P26,POP5,1.4650773664470762e-05,shap_tree
19,P26,ENTHD2,5.448846877698088e-06,shap_tree
19,P26,TRIM68,4.49722028861288e-06,shap_tree
19,P26,SPATA33,0.0,shap_tree
19,P26,RHEBL1,0.0,shap_tree
19,P26,AXL,0.0007042554789222777,shap_tree
19,P26,NFKBID,9.09845985006541e-05,shap_tree
19,P26,CHAF1A,1.6132531527546234e-05,shap_tree
19,P26,ZNF558,1.200194765260676e-05,shap_tree
19,P26,GHDC,6.535634747706354e-05,shap_tree
19,P26,VPS37C,0.0,shap_tree
19,P26,BSCL2,0.0,shap_tree
19,P26,TRANK1,6.743166159139946e-05,shap_tree
19,P26,NAALADL1,2.03498575501726e-06,shap_tree
19,P26,SMIM4,0.0,shap_tree
19,P26,FAM84B,5.981565209367545e-06,shap_tree
19,P26,LDLRAD4,0.0003780196711886674,shap_tree
19,P26,TMEM208,6.285826384555548e-05,shap_tree
19,P26,RNASE6,1.9124801838188432e-05,shap_tree
19,P26,IL8,1.946732936630724e-06,shap_tree
19,P26,GPR183,0.002961452817544341,shap_tree
19,P26,CLIC3,0.0025518289767205715,shap_tree
19,P26,MT1E,6.646807378274389e-06,shap_tree
19,P26,TAPT1,0.0,shap_tree
19,P26,GLB1,0.00018879707204177976,shap_tree
19,P26,CD14,0.0,shap_tree
19,P26,KBTBD2,0.00012465314648579806,shap_tree
19,P26,LILRA3,6.548117380589247e-05,shap_tree
19,P26,HDAC3,7.271463982760906e-05,shap_tree
19,P26,RRM2,0.00021970788657199591,shap_tree
19,P26,LGALS9C,6.850309000583366e-05,shap_tree
19,P26,CLEC12A,2.905842302425299e-05,shap_tree
19,P26,ALG14,4.778092261403799e-05,shap_tree
19,P26,FUT10,1.2843247532146052e-06,shap_tree
19,P26,HSPA6,2.303307337570004e-05,shap_tree
19,P26,RAPH1,7.58226633479353e-06,shap_tree
19,P26,SLC2A14,0.0008804657845757902,shap_tree
19,P26,MZT2A,2.2463107143266825e-06,shap_tree
19,P26,C1QB,0.0,shap_tree
19,P26,C1QA,0.0,shap_tree
19,P26,OLR1,0.0,shap_tree
19,P26,PITPNA,7.1611466410104185e-06,shap_tree
19,P26,ZNF80,1.9849427701501554e-07,shap_tree
19,P26,UBE2C,0.0,shap_tree
19,P26,PCCA,8.698955753061455e-06,shap_tree
19,P26,MCTP1,5.953530489932746e-06,shap_tree
19,P26,ERCC4,1.1084237030445365e-06,shap_tree
19,P26,ZNF683,0.0012332361657172441,shap_tree
19,P26,RMDN1,7.294630631804466e-05,shap_tree
19,P26,METRNL,2.6695095584727824e-05,shap_tree
19,P26,CD19,0.00046724508865736425,shap_tree
19,P26,CD163,6.701653092022752e-06,shap_tree
19,P26,THBD,0.0002392751193838194,shap_tree
19,P26,AURKB,0.0,shap_tree
19,P26,ZNF816,2.0269826563890092e-05,shap_tree
19,P26,HARBI1,8.840345913085912e-07,shap_tree
19,P26,ZNF571,6.14226155448705e-06,shap_tree
19,P26,HIST1H2BC,0.0,shap_tree
19,P26,SLC36A4,7.796986096764158e-07,shap_tree
19,P26,ZNF322,2.1931078663328663e-05,shap_tree
19,P26,UBA7,0.00020886733545921743,shap_tree
19,P26,CADM1,0.0005909943138249218,shap_tree
19,P26,AP2A2,3.206146357115358e-05,shap_tree
19,P26,SERHL2,3.5230718822276685e-06,shap_tree
19,P26,IQGAP3,0.0,shap_tree
19,P26,COA3,1.1971129424637184e-05,shap_tree
19,P26,LRTOMT,1.2740210877382196e-05,shap_tree
19,P26,CLECL1,1.5759766256451258e-06,shap_tree
19,P26,SS18L1,6.612899028368702e-07,shap_tree
19,P26,ZNF93,3.7809570585523034e-07,shap_tree
19,P26,TNFAIP2,4.221240942570148e-06,shap_tree
19,P26,IRF7,0.0004994345945306122,shap_tree
19,P26,CD300E,1.502066879766062e-06,shap_tree
19,P26,TNFRSF4,0.00032046897104009986,shap_tree
19,P26,TNFRSF18,0.00023213848180603236,shap_tree
19,P26,ZDHHC17,2.603974826342892e-05,shap_tree
19,P26,GPR141,2.691526219678053e-07,shap_tree
19,P26,LILRA5,4.3003592509194277e-07,shap_tree
19,P26,CMC1,0.00016089300333987921,shap_tree
19,P26,MT1X,0.0002806145930662751,shap_tree
19,P26,SESTD1,9.921211585606216e-07,shap_tree
19,P26,ISG15,0.0079341446980834,shap_tree
19,P26,FANCA,5.4151831136550754e-05,shap_tree
19,P26,ARHGAP11B,0.0,shap_tree
19,P26,FAM26F,0.0,shap_tree
19,P26,KIR2DL4,7.3887367761926726e-06,shap_tree
19,P26,ZNF250,0.00012526262435130775,shap_tree
19,P26,TUBB,0.00020756926096510142,shap_tree
19,P26,ANAPC7,3.0100469302851707e-05,shap_tree
19,P26,C1orf186,1.74640308614471e-06,shap_tree
19,P26,NF1,6.97881041560322e-05,shap_tree
19,P26,HLA-DQA1,0.0014641191810369492,shap_tree
19,P26,SULT1A2,0.0,shap_tree
19,P26,SERPINA1,3.0620378765888745e-06,shap_tree
19,P26,CCL4L2,0.0012616232270374894,shap_tree
19,P26,ZNF165,0.00035274846595712006,shap_tree
19,P26,PSAP,0.00014683621702715755,shap_tree
19,P26,CFD,0.0,shap_tree
19,P26,ZNF181,7.0427054197352845e-06,shap_tree
19,P26,HIST1H2BF,0.0,shap_tree
19,P26,FCGR1B,1.265784703718964e-06,shap_tree
19,P26,HIBCH,4.647857167583425e-06,shap_tree
19,P26,SPRED2,5.489740487973904e-06,shap_tree
19,P26,FAM169A,1.500965572631685e-05,shap_tree
19,P26,TMEM184B,0.00011798695049947128,shap_tree
19,P26,GK,0.002239575842395425,shap_tree
19,P26,OPA1,0.00014108735194895416,shap_tree
19,P26,PRC1,0.0,shap_tree
19,P26,FCGR3A,0.000732121872715652,shap_tree
19,P26,HIST2H2AA4,0.0036532508675009012,shap_tree
19,P26,CXorf65,0.0,shap_tree
19,P26,HLA-DRA,0.0021045340690761805,shap_tree
19,P26,PBX2,0.0,shap_tree
19,P26,NEU1,0.0003610042040236294,shap_tree
19,P26,HSPA1B,0.0037154352758079767,shap_tree
19,P26,HSPA1A,0.0017231585225090384,shap_tree
19,P26,AIF1,2.6670561055652797e-05,shap_tree
19,P26,NCR3,2.1574602214968763e-05,shap_tree
19,P26,LST1,5.705962030333467e-05,shap_tree
19,P26,CCL4L1,0.017593087628483772,shap_tree
19,P26,CCL3L1,4.570777673507109e-05,shap_tree
19,P26,RP11-706O15.1,0.0,shap_tree
19,P26,ITSN1,0.00010783250036183745,shap_tree
19,P26,RAB12,0.00011394118337193504,shap_tree
19,P26,AL590867.1,7.980203918123152e-06,shap_tree
19,P26,CRYGS,2.1130714230821468e-05,shap_tree
19,P26,TREX1,7.542464118159842e-06,shap_tree
19,P26,PPM1N,0.0,shap_tree
19,P26,DNASE1,1.292074375669472e-05,shap_tree
19,P26,ITGA1,0.00017974084767047316,shap_tree
19,P26,C17orf67,6.679869670733751e-07,shap_tree
19,P26,HNRNPUL2,1.6182449371626717e-06,shap_tree
19,P26,IFI30,0.0025106582324951887,shap_tree
19,P26,FANCG,0.0,shap_tree
19,P26,SLC26A6,7.374687243100198e-07,shap_tree
19,P26,ERCC6,3.032319546036888e-05,shap_tree
19,P26,KIAA0125,0.0,shap_tree
19,P26,LTA,0.00015059432189445943,shap_tree
19,P26,LTB,0.00024194685101974756,shap_tree
19,P26,HIST1H2BN,0.0,shap_tree
19,P26,PPIL3,4.853467908105813e-05,shap_tree
19,P26,ZNF585B,3.5228142678533914e-06,shap_tree
19,P26,CHCHD10,0.0,shap_tree
19,P26,ZNF674,3.5823236430587713e-06,shap_tree
19,P26,HIST1H3G,0.0,shap_tree
19,P26,CCL3L3,2.3906850401544943e-05,shap_tree
19,P26,FNTB,0.0,shap_tree
19,P26,PMF1-BGLAP,1.069303289114032e-05,shap_tree
19,P26,AL161784.1,1.2563745258376002e-05,shap_tree
19,P26,AL022328.1,0.0,shap_tree
19,P26,SPIB,8.140204954543151e-06,shap_tree
20,P27,FGR,0.0,shap_tree
20,P27,NDUFAF7,0.0,shap_tree
20,P27,FKBP4,0.0,shap_tree
20,P27,ST7,0.0,shap_tree
20,P27,BZRAP1,0.0,shap_tree
20,P27,CCL3,0.0,shap_tree
20,P27,CD79B,0.0,shap_tree
20,P27,DLEC1,0.0,shap_tree
20,P27,PKD1,0.0,shap_tree
20,P27,DYRK4,0.0,shap_tree
20,P27,CD9,0.0,shap_tree
20,P27,MKS1,0.0,shap_tree
20,P27,PLAUR,0.0,shap_tree
20,P27,TYROBP,0.0,shap_tree
20,P27,CD22,0.0,shap_tree
20,P27,SLC11A1,1.3236262020654976e-05,shap_tree
20,P27,MARCO,0.0,shap_tree
20,P27,CD74,0.0008710466790944338,shap_tree
20,P27,NR1H3,0.0,shap_tree
20,P27,GRN,0.0,shap_tree
20,P27,NSMAF,0.0,shap_tree
20,P27,STAP1,0.0,shap_tree
20,P27,TRIO,0.0,shap_tree
20,P27,VCAN,0.0,shap_tree
20,P27,CAPG,0.0,shap_tree
20,P27,ADAM28,0.0,shap_tree
20,P27,TNFRSF9,0.0,shap_tree
20,P27,FAR2,0.0,shap_tree
20,P27,CHI3L2,0.0,shap_tree
20,P27,ADAT1,0.0,shap_tree
20,P27,MAP2K4,0.0,shap_tree
20,P27,ZNRD1,0.0,shap_tree
20,P27,STAG3,0.0,shap_tree
20,P27,ROGDI,0.0,shap_tree
20,P27,IFT80,0.0,shap_tree
20,P27,TFRC,0.0,shap_tree
20,P27,LLGL2,0.0,shap_tree
20,P27,NLE1,0.0,shap_tree
20,P27,MAP3K13,0.0,shap_tree
20,P27,MGLL,0.0,shap_tree
20,P27,BCS1L,0.0,shap_tree
20,P27,FSCN1,0.0,shap_tree
20,P27,SPAG5,0.0,shap_tree
20,P27,IL4R,0.0,shap_tree
20,P27,LAMP3,0.0,shap_tree
20,P27,SLC1A3,0.0,shap_tree
20,P27,TNS1,0.0,shap_tree
20,P27,CEACAM1,0.0,shap_tree
20,P27,HSP90AA1,0.00011881182581419125,shap_tree
20,P27,CXCL2,0.0,shap_tree
20,P27,COBLL1,0.0,shap_tree
20,P27,NFE2L1,0.0,shap_tree
20,P27,KAT6A,0.0,shap_tree
20,P27,ULK2,0.0,shap_tree
20,P27,FCN1,0.0,shap_tree
20,P27,ERGIC2,0.0,shap_tree
20,P27,DOCK9,0.0,shap_tree
20,P27,OAS1,0.0,shap_tree
20,P27,LYZ,0.0,shap_tree
20,P27,ZNF268,0.0,shap_tree
20,P27,PUS7,0.0,shap_tree
20,P27,WDR7,0.0,shap_tree
20,P27,HDAC6,0.0,shap_tree
20,P27,AAAS,0.0,shap_tree
20,P27,HOOK2,0.0,shap_tree
20,P27,ACOT7,0.0,shap_tree
20,P27,GADD45B,1.1075400152549264e-06,shap_tree
20,P27,TRMT2A,0.0,shap_tree
20,P27,GGT1,0.0,shap_tree
20,P27,LGALS2,0.0,shap_tree
20,P27,RHBDD3,0.0,shap_tree
20,P27,BIK,0.0,shap_tree
20,P27,HMOX1,0.0,shap_tree
20,P27,PRMT5,0.0,shap_tree
20,P27,CDKN3,0.0,shap_tree
20,P27,PIGH,0.0,shap_tree
20,P27,TIMM9,0.0,shap_tree
20,P27,TCL1A,0.0,shap_tree
20,P27,PLTP,0.0,shap_tree
20,P27,PABPC1L,0.0,shap_tree
20,P27,NDUFAF5,0.0,shap_tree
20,P27,CST3,0.00029205053579062223,shap_tree
20,P27,FMR1,0.0,shap_tree
20,P27,TIMP1,0.0,shap_tree
20,P27,GLA,0.0,shap_tree
20,P27,KIAA0226L,0.0,shap_tree
20,P27,ACP5,0.0,shap_tree
20,P27,RGCC,0.0,shap_tree
20,P27,TSC22D1,0.0,shap_tree
20,P27,FAM173A,0.0,shap_tree
20,P27,DNAJA3,0.0,shap_tree
20,P27,MTFMT,0.0,shap_tree
20,P27,FAH,0.0,shap_tree
20,P27,ZC2HC1A,0.0,shap_tree
20,P27,IL7,0.0,shap_tree
20,P27,SARS2,0.0,shap_tree
20,P27,DOT1L,0.0,shap_tree
20,P27,FCER2,0.0,shap_tree
20,P27,IL4I1,0.0,shap_tree
20,P27,PDCD5,0.0002564282331150025,shap_tree
20,P27,ANKRD27,0.0,shap_tree
20,P27,EBI3,0.0,shap_tree
20,P27,CD79A,0.0,shap_tree
20,P27,LILRB5,0.0,shap_tree
20,P27,PON2,6.71244515615399e-06,shap_tree
20,P27,CAV1,0.0,shap_tree
20,P27,CPVL,0.0,shap_tree
20,P27,ABHD11,0.0,shap_tree
20,P27,STX1A,0.0,shap_tree
20,P27,HSPB1,6.152864807518199e-05,shap_tree
20,P27,TMEM176B,0.0,shap_tree
20,P27,TNFSF8,0.0,shap_tree
20,P27,RASSF4,0.0,shap_tree
20,P27,RAD51C,0.0,shap_tree
20,P27,RECQL5,0.0,shap_tree
20,P27,PIGL,0.0,shap_tree
20,P27,GALK1,0.0,shap_tree
20,P27,ENO3,0.0,shap_tree
20,P27,NUP88,0.0,shap_tree
20,P27,CCL2,0.0,shap_tree
20,P27,RAB34,0.0,shap_tree
20,P27,KLHL5,0.0,shap_tree
20,P27,CRTAM,0.0,shap_tree
20,P27,MS4A6A,0.0,shap_tree
20,P27,ACCS,0.0,shap_tree
20,P27,PRR4,0.0,shap_tree
20,P27,DDX55,0.0,shap_tree
20,P27,IFNG,0.0,shap_tree
20,P27,GNPTAB,0.0,shap_tree
20,P27,CLEC4A,0.0,shap_tree
20,P27,ADTRP,0.0,shap_tree
20,P27,SOD2,0.0,shap_tree
20,P27,CD83,0.0,shap_tree
20,P27,NR3C1,0.0,shap_tree
20,P27,C3orf14,0.0,shap_tree
20,P27,CISH,0.0,shap_tree
20,P27,DNAJC27,0.0,shap_tree
20,P27,GTF3C2,0.0,shap_tree
20,P27,FN1,0.0,shap_tree
20,P27,EHBP1,0.0,shap_tree
20,P27,STK25,0.0,shap_tree
20,P27,KIAA1324,0.0,shap_tree
20,P27,AMPD2,0.0,shap_tree
20,P27,MECR,0.0,shap_tree
20,P27,ZBTB17,0.0,shap_tree
20,P27,TTF2,0.0,shap_tree
20,P27,SSX2IP,0.0,shap_tree
20,P27,GBP1,0.003494732780382037,shap_tree
20,P27,CD160,0.0,shap_tree
20,P27,ID3,0.0,shap_tree
20,P27,STMN1,0.0,shap_tree
20,P27,NENF,0.0,shap_tree
20,P27,CTSD,0.0005476135411299765,shap_tree
20,P27,C1orf54,0.0,shap_tree
20,P27,SPP1,0.0,shap_tree
20,P27,CSF3R,0.0,shap_tree
20,P27,COQ6,0.0,shap_tree
20,P27,BCL11A,0.0,shap_tree
20,P27,IFIT3,0.0,shap_tree
20,P27,HSPH1,0.00032745228963904083,shap_tree
20,P27,TGFBI,0.0024028795305639505,shap_tree
20,P27,EGR1,8.797614441391488e-07,shap_tree
20,P27,AKAP1,0.0,shap_tree
20,P27,SEC22A,0.0,shap_tree
20,P27,LY9,4.736997652798891e-05,shap_tree
20,P27,PLAU,0.0,shap_tree
20,P27,EGR2,0.0,shap_tree
20,P27,NR4A1,0.0002804568503051996,shap_tree
20,P27,TUBA1B,0.0,shap_tree
20,P27,SLC12A4,0.0,shap_tree
20,P27,F13A1,0.0,shap_tree
20,P27,TREM1,0.0,shap_tree
20,P27,SOX4,0.0,shap_tree
20,P27,MT2A,0.01472137589007616,shap_tree
20,P27,PTGER2,0.0,shap_tree
20,P27,MSTO1,0.0,shap_tree
20,P27,IL1B,0.0,shap_tree
20,P27,VASP,0.0,shap_tree
20,P27,CCR7,0.007204830646514893,shap_tree
20,P27,AHDC1,0.0,shap_tree
20,P27,IFI6,0.04426844045519829,shap_tree
20,P27,CFP,0.0,shap_tree
20,P27,L3HYPDH,0.0,shap_tree
20,P27,GFER,0.0,shap_tree
20,P27,PTPN12,0.0,shap_tree
20,P27,ZNF780B,0.0,shap_tree
20,P27,VPREB3,0.0,shap_tree
20,P27,APOBEC3A,0.0,shap_tree
20,P27,SPECC1,1.154760070676275e-06,shap_tree
20,P27,CD68,0.0,shap_tree
20,P27,CCL4,0.0,shap_tree
20,P27,PARP2,0.0,shap_tree
20,P27,SAT1,2.7019803383154795e-05,shap_tree
20,P27,APOE,0.0,shap_tree
20,P27,APOC1,0.0,shap_tree
20,P27,C6orf203,0.0,shap_tree
20,P27,PGPEP1,0.0,shap_tree
20,P27,ZNF141,0.0,shap_tree
20,P27,NAPSA,0.0,shap_tree
20,P27,NINJ1,0.0,shap_tree
20,P27,LGALS3,0.0006444812170229852,shap_tree
20,P27,DNAJB1,0.0002740111667662859,shap_tree
20,P27,FCRLA,0.0,shap_tree
20,P27,PTCD3,0.0,shap_tree
20,P27,IGJ,0.0,shap_tree
20,P27,PRMT7,0.0,shap_tree
20,P27,SUV420H2,0.0,shap_tree
20,P27,PDE6B,0.0,shap_tree
20,P27,ACTR3B,0.0,shap_tree
20,P27,SBF2,0.0,shap_tree
20,P27,CCNB1,0.0,shap_tree
20,P27,DPH6,0.0,shap_tree
20,P27,RSAD2,0.0,shap_tree
20,P27,CARS2,0.0,shap_tree
20,P27,SLC37A2,0.0,shap_tree
20,P27,NREP,0.0,shap_tree
20,P27,ANXA1,0.0,shap_tree
20,P27,CTSL,0.0,shap_tree
20,P27,CD36,0.0,shap_tree
20,P27,HILPDA,0.0,shap_tree
20,P27,MTO1,0.0,shap_tree
20,P27,KIAA1009,0.0,shap_tree
20,P27,TROAP,0.0,shap_tree
20,P27,LACE1,0.0,shap_tree
20,P27,DYNC1LI2,0.0,shap_tree
20,P27,GLUL,0.0,shap_tree
20,P27,MFSD9,0.0,shap_tree
20,P27,GPNMB,0.0,shap_tree
20,P27,IL1RN,0.0,shap_tree
20,P27,TXN,0.00027882997528649867,shap_tree
20,P27,IRF4,0.0,shap_tree
20,P27,IER3,0.0,shap_tree
20,P27,SLCO2B1,0.0,shap_tree
20,P27,IFI44L,6.552549166372046e-05,shap_tree
20,P27,IFI44,0.0,shap_tree
20,P27,DNAJC13,0.0,shap_tree
20,P27,WDR12,0.0,shap_tree
20,P27,TMOD3,0.0,shap_tree
20,P27,SPPL2A,0.0,shap_tree
20,P27,ARHGAP24,0.0,shap_tree
20,P27,LEF1,0.0,shap_tree
20,P27,C1RL,0.0,shap_tree
20,P27,CLSTN3,0.0,shap_tree
20,P27,DUSP6,0.0,shap_tree
20,P27,GPR84,0.0,shap_tree
20,P27,LMBR1L,0.0,shap_tree
20,P27,SLC38A6,0.0,shap_tree
20,P27,WARS,0.02417404018342495,shap_tree
20,P27,SLC12A6,0.0,shap_tree
20,P27,TCF12,0.0,shap_tree
20,P27,BCL2A1,0.0,shap_tree
20,P27,HMG20A,0.0,shap_tree
20,P27,IGF1R,0.0,shap_tree
20,P27,BBS4,0.0,shap_tree
20,P27,GCSH,0.0,shap_tree
20,P27,IRF8,0.0,shap_tree
20,P27,TP53,0.0,shap_tree
20,P27,IFITM3,0.0004545235133264214,shap_tree
20,P27,GPN2,0.0,shap_tree
20,P27,XCL2,2.696925548661966e-05,shap_tree
20,P27,FCGR2A,0.0,shap_tree
20,P27,FCRL5,0.0,shap_tree
20,P27,LYPLAL1,0.0,shap_tree
20,P27,CTSK,0.0,shap_tree
20,P27,S100A8,0.0,shap_tree
20,P27,SLC27A3,0.0,shap_tree
20,P27,AFF3,0.0,shap_tree
20,P27,FANCD2,0.0,shap_tree
20,P27,PLAC8,0.0,shap_tree
20,P27,PIK3R1,0.0,shap_tree
20,P27,NOM1,0.0,shap_tree
20,P27,TATDN1,0.0,shap_tree
20,P27,PLIN2,0.0,shap_tree
20,P27,IDNK,5.35821300218231e-07,shap_tree
20,P27,GSN,0.0,shap_tree
20,P27,MRRF,0.0,shap_tree
20,P27,PDSS1,0.0,shap_tree
20,P27,ADM,0.0,shap_tree
20,P27,TMEM138,0.0,shap_tree
20,P27,FCGR1A,0.0,shap_tree
20,P27,TMCO3,0.0,shap_tree
20,P27,PTPRO,0.0,shap_tree
20,P27,QTRTD1,0.0,shap_tree
20,P27,BANK1,0.0,shap_tree
20,P27,DAB2,0.0,shap_tree
20,P27,OBSCN,0.0,shap_tree
20,P27,LY96,0.0,shap_tree
20,P27,TSEN2,0.0,shap_tree
20,P27,PPP4R1,0.0,shap_tree
20,P27,SLC25A28,0.0,shap_tree
20,P27,RBM45,0.0,shap_tree
20,P27,VSIG4,0.0,shap_tree
20,P27,DPY19L4,0.0,shap_tree
20,P27,MS4A1,3.588756953831762e-05,shap_tree
20,P27,WDYHV1,0.0,shap_tree
20,P27,MALSU1,0.0,shap_tree
20,P27,VPS8,0.0,shap_tree
20,P27,GALK2,0.0,shap_tree
20,P27,CCNB2,0.0,shap_tree
20,P27,MYO1E,0.0,shap_tree
20,P27,C2CD2,0.0,shap_tree
20,P27,C9orf91,0.0,shap_tree
20,P27,CD1C,0.0,shap_tree
20,P27,FCER1G,0.00012023645103909075,shap_tree
20,P27,C1QC,0.0,shap_tree
20,P27,ZNF362,0.0,shap_tree
20,P27,TMPRSS3,0.0,shap_tree
20,P27,LMNA,0.0,shap_tree
20,P27,NACC1,0.0,shap_tree
20,P27,TMEM143,0.0,shap_tree
20,P27,PAQR4,0.0,shap_tree
20,P27,CYB561A3,0.0,shap_tree
20,P27,C1orf123,0.0,shap_tree
20,P27,VCAM1,0.005782716441899538,shap_tree
20,P27,FCGR3B,0.0,shap_tree
20,P27,ATF3,6.490037776529789e-05,shap_tree
20,P27,CTSS,0.0,shap_tree
20,P27,S100A9,1.6525558748980984e-05,shap_tree
20,P27,IGFBP7,0.0,shap_tree
20,P27,ANKZF1,0.0,shap_tree
20,P27,FCRL1,6.8398999246710446e-06,shap_tree
20,P27,SMIM14,0.0,shap_tree
20,P27,CXCL3,0.0,shap_tree
20,P27,RCHY1,0.0,shap_tree
20,P27,GNL3,0.0,shap_tree
20,P27,CCDC51,0.0,shap_tree
20,P27,HPGD,0.0,shap_tree
20,P27,CTSB,0.0005883235717192292,shap_tree
20,P27,GEM,0.0,shap_tree
20,P27,LETM2,0.0,shap_tree
20,P27,FBP1,0.0002724342339206487,shap_tree
20,P27,CLMN,0.0,shap_tree
20,P27,ARIH1,0.0,shap_tree
20,P27,TAF10,0.0,shap_tree
20,P27,WEE1,0.0,shap_tree
20,P27,CLEC4E,0.0,shap_tree
20,P27,CATSPER2,0.0,shap_tree
20,P27,ANPEP,0.0,shap_tree
20,P27,C15orf48,0.0,shap_tree
20,P27,MS4A7,0.0,shap_tree
20,P27,MEI1,0.0,shap_tree
20,P27,FBXO22,0.0,shap_tree
20,P27,POP5,0.0,shap_tree
20,P27,TRIM68,0.0,shap_tree
20,P27,LAIR2,8.432089657617325e-07,shap_tree
20,P27,CHAF1A,0.0,shap_tree
20,P27,GHDC,0.0,shap_tree
20,P27,VPS37C,0.0,shap_tree
20,P27,TRANK1,0.0,shap_tree
20,P27,SMIM4,0.0,shap_tree
20,P27,BMI1,0.0,shap_tree
20,P27,CX3CR1,0.0,shap_tree
20,P27,LDLRAD4,0.0,shap_tree
20,P27,TMEM208,0.0,shap_tree
20,P27,PKIG,0.0,shap_tree
20,P27,RNASE6,0.0,shap_tree
20,P27,IL8,0.0,shap_tree
20,P27,GPR183,0.0003580781922210008,shap_tree
20,P27,CLIC3,0.0,shap_tree
20,P27,MT1E,0.0,shap_tree
20,P27,GLB1,0.0,shap_tree
20,P27,CD14,0.0,shap_tree
20,P27,MZB1,0.0,shap_tree
20,P27,KBTBD2,0.0,shap_tree
20,P27,LILRA3,0.0,shap_tree
20,P27,ZNF561,0.0,shap_tree
20,P27,HDAC3,0.0,shap_tree
20,P27,NINJ2,0.0,shap_tree
20,P27,RRM2,0.0,shap_tree
20,P27,LGALS9C,0.0,shap_tree
20,P27,CLEC12A,0.0,shap_tree
20,P27,ALG14,0.0,shap_tree
20,P27,DCP2,0.0,shap_tree
20,P27,HSPA6,0.0,shap_tree
20,P27,RAPH1,0.0,shap_tree
20,P27,MZT2A,0.0,shap_tree
20,P27,C1QB,0.0,shap_tree
20,P27,C1QA,0.0,shap_tree
20,P27,OLR1,0.0,shap_tree
20,P27,DAG1,0.0,shap_tree
20,P27,PTPRM,0.0,shap_tree
20,P27,SULT1B1,0.0,shap_tree
20,P27,UBE2C,0.0,shap_tree
20,P27,ATG13,0.0,shap_tree
20,P27,APITD1,0.0,shap_tree
20,P27,MCTP1,0.0,shap_tree
20,P27,ZNF683,0.0,shap_tree
20,P27,METRNL,0.0,shap_tree
20,P27,SLC38A9,0.0,shap_tree
20,P27,CD19,0.0,shap_tree
20,P27,ZBED2,0.0,shap_tree
20,P27,CD163,0.0,shap_tree
20,P27,GEN1,0.0,shap_tree
20,P27,THBD,0.0,shap_tree
20,P27,AURKB,0.0,shap_tree
20,P27,CCR8,0.0,shap_tree
20,P27,ZNF571,0.0,shap_tree
20,P27,HIST1H2BC,0.0,shap_tree
20,P27,S1PR5,1.519387569715036e-05,shap_tree
20,P27,ZFP82,0.0,shap_tree
20,P27,ZNF707,0.0,shap_tree
20,P27,ZNF678,0.0,shap_tree
20,P27,UBA7,0.0,shap_tree
20,P27,CEP97,0.0,shap_tree
20,P27,CADM1,0.0003919021401088685,shap_tree
20,P27,AP2A2,0.0,shap_tree
20,P27,AFMID,0.0,shap_tree
20,P27,GAS6,0.0,shap_tree
20,P27,IQGAP3,0.0,shap_tree
20,P27,TTC32,0.0,shap_tree
20,P27,COA3,0.0,shap_tree
20,P27,CLECL1,0.0,shap_tree
20,P27,PLA2G6,0.0,shap_tree
20,P27,KNTC1,0.0,shap_tree
20,P27,PTP4A3,0.0,shap_tree
20,P27,TMED9,0.0,shap_tree
20,P27,TNFAIP2,0.0,shap_tree
20,P27,WBP5,0.0,shap_tree
20,P27,IRF7,0.0,shap_tree
20,P27,IFIT1,0.0,shap_tree
20,P27,BTLA,0.0,shap_tree
20,P27,CD300E,0.0,shap_tree
20,P27,TNFRSF18,0.0,shap_tree
20,P27,ZDHHC17,0.0,shap_tree
20,P27,GPR141,0.0,shap_tree
20,P27,LILRA5,0.0,shap_tree
20,P27,CMC1,0.0,shap_tree
20,P27,MT1X,0.0,shap_tree
20,P27,SESTD1,0.0,shap_tree
20,P27,MAGEH1,0.0,shap_tree
20,P27,ISG15,0.0021006532479077578,shap_tree
20,P27,FANCA,0.0,shap_tree
20,P27,HIST1H2BG,0.0,shap_tree
20,P27,FSIP2,0.0,shap_tree
20,P27,FAM26F,0.0,shap_tree
20,P27,ZNF681,0.0,shap_tree
20,P27,TUBB,0.0,shap_tree
20,P27,GTF2IRD2,0.0,shap_tree
20,P27,ANAPC7,0.0,shap_tree
20,P27,TCF4,0.0,shap_tree
20,P27,HLA-DQA1,0.0003979340835940093,shap_tree
20,P27,MAML3,0.0,shap_tree
20,P27,SERPINA1,0.0,shap_tree
20,P27,CCL4L2,0.0002998830168507993,shap_tree
20,P27,ZNF165,0.0,shap_tree
20,P27,BLM,0.0,shap_tree
20,P27,PSAP,1.0586277312540915e-06,shap_tree
20,P27,CFD,0.0,shap_tree
20,P27,ZNF181,0.0,shap_tree
20,P27,ZNF677,0.0,shap_tree
20,P27,FCGR1B,0.0,shap_tree
20,P27,HIBCH,0.0,shap_tree
20,P27,SPRED2,0.0,shap_tree
20,P27,FAM169A,0.0,shap_tree
20,P27,TMEM184B,0.0,shap_tree
20,P27,GK,0.0,shap_tree
20,P27,PRC1,0.0,shap_tree
20,P27,FCGR3A,5.266860171104781e-05,shap_tree
20,P27,HIST2H2AA4,0.0,shap_tree
20,P27,CXorf65,0.0,shap_tree
20,P27,HLA-DRA,0.0026548372115939856,shap_tree
20,P27,HSPA1B,0.0009053225512616336,shap_tree
20,P27,HSPA1A,0.00010276225657435134,shap_tree
20,P27,LY6G5C,0.0,shap_tree
20,P27,AIF1,0.0,shap_tree
20,P27,NCR3,0.0,shap_tree
20,P27,LST1,0.0,shap_tree
20,P27,CCL4L1,0.012064605951309204,shap_tree
20,P27,CCL3L1,0.00016101168876048177,shap_tree
20,P27,RP11-706O15.1,0.0,shap_tree
20,P27,ITSN1,0.0,shap_tree
20,P27,RAB12,0.0,shap_tree
20,P27,CRYGS,0.0,shap_tree
20,P27,TREX1,0.0,shap_tree
20,P27,PPM1N,0.0,shap_tree
20,P27,DNASE1,0.0,shap_tree
20,P27,ITGA1,1.5116209397092462e-05,shap_tree
20,P27,C17orf67,0.0,shap_tree
20,P27,HNRNPUL2,0.0,shap_tree
20,P27,IFI30,0.00045530046918429434,shap_tree
20,P27,FANCG,0.0,shap_tree
20,P27,ERCC6,0.0,shap_tree
20,P27,PGAM4,0.0,shap_tree
20,P27,HIST1H2BN,0.0,shap_tree
20,P27,KIR3DL2,0.0,shap_tree
20,P27,HLA-DOB,0.0,shap_tree
20,P27,ZNF585B,0.0,shap_tree
20,P27,CHCHD10,0.0,shap_tree
20,P27,ZNF674,0.0,shap_tree
20,P27,RP11-849H4.2,0.0,shap_tree
20,P27,CSNK2A3,0.0,shap_tree
20,P27,IGLL5,0.0,shap_tree
20,P27,HIST1H3G,0.0,shap_tree
20,P27,CCL3L3,0.0,shap_tree
20,P27,CEP95,0.0,shap_tree
20,P27,RP11-96O20.4,0.0,shap_tree
20,P27,MYO15B,0.0,shap_tree
20,P27,AL161784.1,0.0,shap_tree
20,P27,AL022328.1,0.0,shap_tree
20,P27,SPIB,0.0,shap_tree
21,P28,FGR,0.0,shap_tree
21,P28,TMEM176A,3.933481639251113e-05,shap_tree
21,P28,FKBP4,0.0,shap_tree
21,P28,ST7,0.0,shap_tree
21,P28,BZRAP1,0.0,shap_tree
21,P28,CCL3,0.0,shap_tree
21,P28,PAFAH1B1,0.0,shap_tree
21,P28,CD79B,0.0,shap_tree
21,P28,DLEC1,0.0,shap_tree
21,P28,PKD1,0.0,shap_tree
21,P28,PLAUR,0.0,shap_tree
21,P28,CD22,0.0,shap_tree
21,P28,MARCO,0.0,shap_tree
21,P28,NR1H3,0.0,shap_tree
21,P28,NUP160,0.0,shap_tree
21,P28,GRN,0.0,shap_tree
21,P28,APBA2,0.0,shap_tree
21,P28,VCAN,0.0,shap_tree
21,P28,ADAM28,0.0,shap_tree
21,P28,TNFRSF9,0.0,shap_tree
21,P28,TSPAN32,0.0,shap_tree
21,P28,ST3GAL6,0.0,shap_tree
21,P28,FAR2,0.0,shap_tree
21,P28,WDR3,0.0,shap_tree
21,P28,SLC9A7,0.0,shap_tree
21,P28,ZNRD1,0.0,shap_tree
21,P28,TRMT11,0.0,shap_tree
21,P28,STAG3,0.0,shap_tree
21,P28,ROGDI,0.0,shap_tree
21,P28,IFT80,0.0,shap_tree
21,P28,BCL3,0.0,shap_tree
21,P28,WIPI1,0.0,shap_tree
21,P28,SEL1L,0.0,shap_tree
21,P28,TFRC,0.0,shap_tree
21,P28,LLGL2,0.0,shap_tree
21,P28,MAP3K13,0.0,shap_tree
21,P28,TXK,0.0,shap_tree
21,P28,SLC46A1,0.0,shap_tree
21,P28,SPAG5,0.0,shap_tree
21,P28,IL4R,0.0,shap_tree
21,P28,PIK3C3,0.0,shap_tree
21,P28,SLC1A3,0.0,shap_tree
21,P28,SESN1,0.0,shap_tree
21,P28,HSP90AA1,0.0006186473765410483,shap_tree
21,P28,CXCL2,0.0,shap_tree
21,P28,ZNF510,0.0,shap_tree
21,P28,COBLL1,0.0,shap_tree
21,P28,NFE2L1,0.0,shap_tree
21,P28,P2RX5,0.0,shap_tree
21,P28,DDHD2,0.0,shap_tree
21,P28,FTL,0.0,shap_tree
21,P28,ERGIC2,0.0,shap_tree
21,P28,KIF9,0.0,shap_tree
21,P28,OAS1,0.0,shap_tree
21,P28,ICAM1,0.0,shap_tree
21,P28,LYZ,0.0,shap_tree
21,P28,PUS7,0.0,shap_tree
21,P28,ITGA6,0.0,shap_tree
21,P28,RNF31,0.0,shap_tree
21,P28,HDAC6,2.6102708943653852e-05,shap_tree
21,P28,BLNK,0.0,shap_tree
21,P28,ACOT7,0.0,shap_tree
21,P28,GADD45B,0.0,shap_tree
21,P28,OSM,0.0,shap_tree
21,P28,GGT1,0.0,shap_tree
21,P28,LGALS1,0.01768883317708969,shap_tree
21,P28,MCAT,0.0,shap_tree
21,P28,GZMB,0.008117959834635258,shap_tree
21,P28,CDKL1,0.0,shap_tree
21,P28,PIGH,0.0,shap_tree
21,P28,LGMN,0.0,shap_tree
21,P28,TCL1A,0.0,shap_tree
21,P28,PLTP,0.0,shap_tree
21,P28,MMP9,0.0,shap_tree
21,P28,CDK5RAP1,0.0,shap_tree
21,P28,CST3,0.0,shap_tree
21,P28,ALG13,0.0,shap_tree
21,P28,TIMP1,0.0,shap_tree
21,P28,KIAA0226L,0.0,shap_tree
21,P28,ACP5,0.0,shap_tree
21,P28,TSC22D1,0.0,shap_tree
21,P28,DNAJA3,0.0,shap_tree
21,P28,AQP9,0.0,shap_tree
21,P28,FAH,0.0,shap_tree
21,P28,DMXL2,0.0,shap_tree
21,P28,GDAP1,0.0,shap_tree
21,P28,ZC2HC1A,0.0,shap_tree
21,P28,PPP2CB,0.0,shap_tree
21,P28,DOT1L,0.0,shap_tree
21,P28,FCER2,0.0,shap_tree
21,P28,IL4I1,0.0,shap_tree
21,P28,ANKRD27,0.0,shap_tree
21,P28,EBI3,0.0,shap_tree
21,P28,CD79A,0.0,shap_tree
21,P28,TNPO2,0.0,shap_tree
21,P28,PON2,0.0,shap_tree
21,P28,CPVL,0.0,shap_tree
21,P28,ABHD11,0.0,shap_tree
21,P28,EPHB6,0.0,shap_tree
21,P28,HSPB1,0.0019632165785878897,shap_tree
21,P28,RBM28,0.0,shap_tree
21,P28,RASSF4,0.0,shap_tree
21,P28,RAD51C,0.0,shap_tree
21,P28,GALK1,0.0,shap_tree
21,P28,NUP88,0.0,shap_tree
21,P28,CCL2,0.0,shap_tree
21,P28,ABCC3,0.0,shap_tree
21,P28,RAB34,0.0,shap_tree
21,P28,KLHL5,0.0,shap_tree
21,P28,SC5D,0.0,shap_tree
21,P28,CRTAM,4.733000241685659e-05,shap_tree
21,P28,MS4A6A,0.0,shap_tree
21,P28,MS4A4A,0.0,shap_tree
21,P28,ACCS,0.0,shap_tree
21,P28,CD81,0.0,shap_tree
21,P28,ACAD10,0.0,shap_tree
21,P28,GTF2H3,0.0,shap_tree
21,P28,IFNG,0.001140286447480321,shap_tree
21,P28,GNPTAB,0.0,shap_tree
21,P28,ADTRP,0.0,shap_tree
21,P28,CD83,0.0,shap_tree
21,P28,APBB3,9.436634172743652e-06,shap_tree
21,P28,TRAPPC13,0.0,shap_tree
21,P28,TFDP2,0.0,shap_tree
21,P28,C3orf14,0.0,shap_tree
21,P28,GTF3C2,0.0,shap_tree
21,P28,FN1,0.0,shap_tree
21,P28,GNLY,3.475547782727517e-05,shap_tree
21,P28,CEP104,0.0,shap_tree
21,P28,KIAA1324,0.0,shap_tree
21,P28,AMPD2,2.4325472622876987e-05,shap_tree
21,P28,MECR,0.0,shap_tree
21,P28,ZBTB17,0.0,shap_tree
21,P28,TTF2,0.0,shap_tree
21,P28,GBP1,0.0025826734490692616,shap_tree
21,P28,ID3,0.0,shap_tree
21,P28,STMN1,0.00011361130600562319,shap_tree
21,P28,CTSD,0.00024937151465564966,shap_tree
21,P28,ARMC2,0.0,shap_tree
21,P28,FAM206A,0.0,shap_tree
21,P28,CSF3R,0.0,shap_tree
21,P28,NPC2,0.0,shap_tree
21,P28,IFIT3,0.0,shap_tree
21,P28,HSPH1,0.00048123911255970597,shap_tree
21,P28,TGFBI,0.00020999289699830115,shap_tree
21,P28,EGR1,0.0,shap_tree
21,P28,SEC22A,0.0,shap_tree
21,P28,CCR2,0.0,shap_tree
21,P28,LY9,4.3791718780994415e-05,shap_tree
21,P28,EEPD1,0.0,shap_tree
21,P28,EGR2,0.0,shap_tree
21,P28,MMP19,0.0,shap_tree
21,P28,NR4A1,0.0,shap_tree
21,P28,TUBA1B,0.0,shap_tree
21,P28,METTL8,0.0,shap_tree
21,P28,G0S2,0.0,shap_tree
21,P28,PLA2G12A,0.0,shap_tree
21,P28,SDC4,8.435944437223952e-06,shap_tree
21,P28,TREM1,0.0,shap_tree
21,P28,SOX4,0.0,shap_tree
21,P28,MT2A,0.01866469904780388,shap_tree
21,P28,GPR18,0.0,shap_tree
21,P28,PTGER2,0.0,shap_tree
21,P28,MSTO1,0.0,shap_tree
21,P28,IL1B,0.0,shap_tree
21,P28,VASP,4.367419023765251e-06,shap_tree
21,P28,CCR7,0.002943699713796377,shap_tree
21,P28,IFI6,0.037401165813207626,shap_tree
21,P28,CFP,0.0,shap_tree
21,P28,PLEKHG3,3.823791485046968e-05,shap_tree
21,P28,PTPN12,0.0,shap_tree
21,P28,CASD1,0.0,shap_tree
21,P28,VPREB3,0.0,shap_tree
21,P28,APOBEC3A,0.0,shap_tree
21,P28,POT1,0.0,shap_tree
21,P28,ARHGAP22,0.0,shap_tree
21,P28,SERGEF,0.0,shap_tree
21,P28,CD68,0.0,shap_tree
21,P28,CCL4,0.0015626315725967288,shap_tree
21,P28,EGLN3,0.0,shap_tree
21,P28,ERMARD,0.0,shap_tree
21,P28,LDLR,0.0,shap_tree
21,P28,APOE,0.0,shap_tree
21,P28,C6orf203,0.0,shap_tree
21,P28,DKC1,0.0,shap_tree
21,P28,NAPSA,0.0,shap_tree
21,P28,ACAP3,0.0,shap_tree
21,P28,NINJ1,0.0,shap_tree
21,P28,LGALS3,0.0005347635596990585,shap_tree
21,P28,FCRLA,0.0,shap_tree
21,P28,PTCD3,0.0,shap_tree
21,P28,IGJ,0.0,shap_tree
21,P28,CLEC10A,0.0,shap_tree
21,P28,MUTYH,0.0,shap_tree
21,P28,MYH10,0.0,shap_tree
21,P28,MORC4,0.0,shap_tree
21,P28,WDR74,0.00033058554981835186,shap_tree
21,P28,SLC2A11,0.0,shap_tree
21,P28,SBF2,0.0,shap_tree
21,P28,HSD17B4,0.0,shap_tree
21,P28,CCNB1,0.0,shap_tree
21,P28,RSAD2,0.0,shap_tree
21,P28,SLC37A2,0.0,shap_tree
21,P28,APC,0.0,shap_tree
21,P28,ANXA1,0.0,shap_tree
21,P28,CTSL,0.0,shap_tree
21,P28,CD36,0.0,shap_tree
21,P28,HILPDA,0.0,shap_tree
21,P28,KIAA1009,0.0,shap_tree
21,P28,TROAP,0.0,shap_tree
21,P28,DYNC1LI2,4.503363015828654e-05,shap_tree
21,P28,GLUL,0.0,shap_tree
21,P28,CKAP4,0.0,shap_tree
21,P28,IL1RN,0.0,shap_tree
21,P28,TXN,0.00016190136375371367,shap_tree
21,P28,TLR4,0.0,shap_tree
21,P28,IL11RA,0.0,shap_tree
21,P28,IRF4,0.0,shap_tree
21,P28,C11orf1,0.0,shap_tree
21,P28,HAUS2,0.0,shap_tree
21,P28,IFI44L,0.00017493462655693293,shap_tree
21,P28,IFI44,0.0,shap_tree
21,P28,CENPO,0.0,shap_tree
21,P28,MYOF,0.0,shap_tree
21,P28,DNAJC13,0.0,shap_tree
21,P28,CARF,0.0,shap_tree
21,P28,WDR12,0.0,shap_tree
21,P28,SPPL2A,0.0,shap_tree
21,P28,ARHGAP24,0.0,shap_tree
21,P28,CASP6,0.0,shap_tree
21,P28,LEF1,0.0,shap_tree
21,P28,CLSTN3,4.9046866479329765e-05,shap_tree
21,P28,TMEM19,0.0,shap_tree
21,P28,DUSP6,0.0,shap_tree
21,P28,SLC38A6,0.0,shap_tree
21,P28,WARS,0.021487325429916382,shap_tree
21,P28,SLC12A6,0.0,shap_tree
21,P28,HMG20A,0.0,shap_tree
21,P28,NEIL1,0.0,shap_tree
21,P28,BBS4,0.0,shap_tree
21,P28,IGSF6,0.0,shap_tree
21,P28,ZFHX3,0.0,shap_tree
21,P28,IRF8,0.0,shap_tree
21,P28,SCRN2,3.007730447279755e-05,shap_tree
21,P28,TP53,0.0,shap_tree
21,P28,SMAD4,0.0,shap_tree
21,P28,IFITM3,0.00029613939113914967,shap_tree
21,P28,XCL1,0.0,shap_tree
21,P28,XCL2,0.0,shap_tree
21,P28,FCGR2A,0.0,shap_tree
21,P28,FCRL5,0.0,shap_tree
21,P28,RRNAD1,0.0,shap_tree
21,P28,CTSK,0.0,shap_tree
21,P28,S100A8,0.0,shap_tree
21,P28,SLC27A3,0.0,shap_tree
21,P28,ARL8A,0.0,shap_tree
21,P28,AFF3,0.0,shap_tree
21,P28,FANCD2,0.0,shap_tree
21,P28,AMT,0.0,shap_tree
21,P28,EAF2,0.0,shap_tree
21,P28,PLAC8,0.0,shap_tree
21,P28,SSBP2,0.0,shap_tree
21,P28,MMS22L,0.0,shap_tree
21,P28,NOM1,0.0,shap_tree
21,P28,PLIN2,0.0,shap_tree
21,P28,FBXO10,0.0,shap_tree
21,P28,MRRF,0.0,shap_tree
21,P28,PDCD11,0.0,shap_tree
21,P28,TMEM138,0.0,shap_tree
21,P28,FADS1,0.0,shap_tree
21,P28,FCGR1A,0.0,shap_tree
21,P28,TMCO3,0.0,shap_tree
21,P28,CACNA2D4,0.0,shap_tree
21,P28,ANK3,0.0,shap_tree
21,P28,PTPRO,0.0,shap_tree
21,P28,BAG3,0.00010805905913002789,shap_tree
21,P28,RASGRP3,0.0,shap_tree
21,P28,FARP1,0.0,shap_tree
21,P28,BANK1,0.0,shap_tree
21,P28,DGKE,0.0,shap_tree
21,P28,NEIL2,0.0,shap_tree
21,P28,OBSCN,0.0,shap_tree
21,P28,LY96,0.0,shap_tree
21,P28,PPP4R1,0.0,shap_tree
21,P28,VSIG4,0.0,shap_tree
21,P28,MCU,0.0,shap_tree
21,P28,NDUFAF6,0.0,shap_tree
21,P28,ADAMTSL3,0.0,shap_tree
21,P28,CXCL13,0.0,shap_tree
21,P28,MS4A1,0.0013262036954984069,shap_tree
21,P28,WDYHV1,0.0,shap_tree
21,P28,VPS8,0.0,shap_tree
21,P28,CCNB2,0.0,shap_tree
21,P28,MYO1E,0.0,shap_tree
21,P28,C2CD2,0.0,shap_tree
21,P28,HIST1H2BD,0.0,shap_tree
21,P28,TMSB15B,0.0,shap_tree
21,P28,CD1C,0.0,shap_tree
21,P28,NCF1,0.0,shap_tree
21,P28,FCER1G,0.0,shap_tree
21,P28,HLCS,0.0,shap_tree
21,P28,SPON2,0.0,shap_tree
21,P28,TMPRSS3,0.0,shap_tree
21,P28,IL6R,0.0,shap_tree
21,P28,LMNA,1.303753651882289e-05,shap_tree
21,P28,PAQR4,0.0,shap_tree
21,P28,C1orf123,0.0,shap_tree
21,P28,NOL9,0.0,shap_tree
21,P28,VCAM1,0.0,shap_tree
21,P28,NLRP3,0.0,shap_tree
21,P28,ATF3,0.0,shap_tree
21,P28,CTSS,0.0,shap_tree
21,P28,S100A9,5.97660691710189e-05,shap_tree
21,P28,IGFBP7,0.0,shap_tree
21,P28,FCRL1,0.0,shap_tree
21,P28,SMIM14,0.0,shap_tree
21,P28,CXCL3,0.0,shap_tree
21,P28,RCHY1,0.0,shap_tree
21,P28,GNL3,0.0,shap_tree
21,P28,PIGX,0.0,shap_tree
21,P28,SPRY1,0.0,shap_tree
21,P28,CTSB,0.00018915576220024377,shap_tree
21,P28,GEM,0.0,shap_tree
21,P28,NDRG2,0.0,shap_tree
21,P28,ALKBH3,0.0,shap_tree
21,P28,ARIH1,0.0,shap_tree
21,P28,STXBP4,0.0,shap_tree
21,P28,CUL5,0.0,shap_tree
21,P28,C2,0.0,shap_tree
21,P28,TAF10,0.0,shap_tree
21,P28,USP54,0.0,shap_tree
21,P28,WEE1,0.0,shap_tree
21,P28,CLEC4E,0.0,shap_tree
21,P28,ATF7IP2,0.0,shap_tree
21,P28,CATSPER2,0.0,shap_tree
21,P28,PLK1,0.0,shap_tree
21,P28,C15orf48,0.0,shap_tree
21,P28,MS4A7,0.0,shap_tree
21,P28,EVA1C,0.0,shap_tree
21,P28,GNGT2,0.0,shap_tree
21,P28,POP5,0.0,shap_tree
21,P28,ENTHD2,0.0,shap_tree
21,P28,TRIM68,0.0,shap_tree
21,P28,SPATA33,0.0,shap_tree
21,P28,NFKBID,0.0,shap_tree
21,P28,ZNF558,0.0,shap_tree
21,P28,TRANK1,0.0,shap_tree
21,P28,NAALADL1,0.0,shap_tree
21,P28,FAM84B,0.0,shap_tree
21,P28,TMEM208,0.0,shap_tree
21,P28,PKIG,0.0,shap_tree
21,P28,PPIP5K1,0.0,shap_tree
21,P28,PTK2,0.0,shap_tree
21,P28,IL8,0.0,shap_tree
21,P28,GPR183,0.0,shap_tree
21,P28,MT1E,0.0,shap_tree
21,P28,DUS1L,0.0,shap_tree
21,P28,GLB1,7.720638677710667e-05,shap_tree
21,P28,CD14,0.0,shap_tree
21,P28,MZB1,0.0,shap_tree
21,P28,GTSF1,0.0,shap_tree
21,P28,LILRA3,0.0,shap_tree
21,P28,NETO2,0.0,shap_tree
21,P28,HDAC3,0.0,shap_tree
21,P28,RRM2,0.0,shap_tree
21,P28,LGALS9C,0.0,shap_tree
21,P28,NME6,0.0,shap_tree
21,P28,CXCR6,0.0,shap_tree
21,P28,HINFP,0.0,shap_tree
21,P28,CLEC12A,0.0,shap_tree
21,P28,ALG14,0.0,shap_tree
21,P28,FUT10,0.0,shap_tree
21,P28,HSPA6,0.0,shap_tree
21,P28,MZT2A,0.0,shap_tree
21,P28,C1QB,0.0,shap_tree
21,P28,OLR1,0.0,shap_tree
21,P28,DAG1,0.0,shap_tree
21,P28,SULT1B1,0.0,shap_tree
21,P28,TLR6,0.0,shap_tree
21,P28,ZNF80,0.0,shap_tree
21,P28,GAPT,0.0,shap_tree
21,P28,ZNF683,0.0,shap_tree
21,P28,RMDN1,0.0,shap_tree
21,P28,METRNL,0.0,shap_tree
21,P28,CD19,0.0,shap_tree
21,P28,ZBED2,0.0,shap_tree
21,P28,CD163,0.0,shap_tree
21,P28,THBD,0.0,shap_tree
21,P28,CPNE7,0.0,shap_tree
21,P28,AURKB,0.0,shap_tree
21,P28,APOBEC3B,0.0,shap_tree
21,P28,ZNF571,0.0,shap_tree
21,P28,EIF2S3L,0.0,shap_tree
21,P28,HIST1H2BC,0.0,shap_tree
21,P28,S1PR5,0.0,shap_tree
21,P28,FCRL6,0.0,shap_tree
21,P28,UBA7,0.0,shap_tree
21,P28,CSF1R,0.0,shap_tree
21,P28,CADM1,0.0,shap_tree
21,P28,AP2A2,0.0,shap_tree
21,P28,AFMID,0.0,shap_tree
21,P28,IQGAP3,0.0,shap_tree
21,P28,TTC32,0.0,shap_tree
21,P28,COA3,0.0,shap_tree
21,P28,LRTOMT,0.0,shap_tree
21,P28,CLECL1,0.0,shap_tree
21,P28,GSTT1,0.0,shap_tree
21,P28,TMED9,6.971905804675771e-06,shap_tree
21,P28,IRF7,5.564852926909225e-06,shap_tree
21,P28,IFIT1,0.0,shap_tree
21,P28,ZNF829,0.0,shap_tree
21,P28,NUDT17,0.0,shap_tree
21,P28,CD300E,0.0,shap_tree
21,P28,LILRB4,2.5346829715999775e-05,shap_tree
21,P28,TNFRSF4,0.0,shap_tree
21,P28,TNFRSF18,0.0,shap_tree
21,P28,ENTPD5,0.0,shap_tree
21,P28,LILRA5,1.204430554935243e-05,shap_tree
21,P28,CMC1,0.0,shap_tree
21,P28,MT1X,0.0,shap_tree
21,P28,USP7,0.0,shap_tree
21,P28,ISG15,0.0016297980910167098,shap_tree
21,P28,FANCA,0.0,shap_tree
21,P28,HIST1H2BG,0.0,shap_tree
21,P28,TPRG1,0.0,shap_tree
21,P28,ZNF559,0.0,shap_tree
21,P28,FSIP2,0.0,shap_tree
21,P28,FAM26F,0.0,shap_tree
21,P28,KIR2DL4,0.0,shap_tree
21,P28,ZNF573,0.0,shap_tree
21,P28,TUBB,0.0,shap_tree
21,P28,GTF2IRD2,0.0,shap_tree
21,P28,TCF4,0.0,shap_tree
21,P28,NF1,0.0,shap_tree
21,P28,SERPINA1,0.0,shap_tree
21,P28,CCL4L2,0.00011491088662296534,shap_tree
21,P28,ZNF165,0.0,shap_tree
21,P28,SYNGAP1,0.0,shap_tree
21,P28,BLM,0.0,shap_tree
21,P28,ZNF720,0.0,shap_tree
21,P28,C5orf42,0.0,shap_tree
21,P28,PSAP,0.0,shap_tree
21,P28,CFD,0.0,shap_tree
21,P28,ZNF780A,0.0,shap_tree
21,P28,CCDC180,0.0,shap_tree
21,P28,FAM212B,0.0,shap_tree
21,P28,ZNF677,0.0,shap_tree
21,P28,MPZL1,0.0,shap_tree
21,P28,FCGR1B,0.0,shap_tree
21,P28,ZNF84,0.0,shap_tree
21,P28,HIBCH,0.0,shap_tree
21,P28,HLA-DRB5,0.0024010315537452698,shap_tree
21,P28,TMEM184B,0.0,shap_tree
21,P28,GK,0.0,shap_tree
21,P28,OPA1,0.0,shap_tree
21,P28,PRC1,0.0,shap_tree
21,P28,TGM2,0.0,shap_tree
21,P28,FCGR3A,0.0,shap_tree
21,P28,HIST2H2AA4,4.655508291762089e-06,shap_tree
21,P28,OXLD1,0.0,shap_tree
21,P28,NEU1,8.693681593285874e-05,shap_tree
21,P28,HSPA1B,0.0005524916923604906,shap_tree
21,P28,HSPA1A,0.0003388911427464336,shap_tree
21,P28,MBD5,0.0,shap_tree
21,P28,AIF1,0.0,shap_tree
21,P28,NCR3,0.0,shap_tree
21,P28,LST1,0.0,shap_tree
21,P28,TCTN1,0.0,shap_tree
21,P28,CCL4L1,0.009844069369137287,shap_tree
21,P28,CCL3L1,0.0,shap_tree
21,P28,RP11-706O15.1,0.0,shap_tree
21,P28,RAB12,0.0,shap_tree
21,P28,TREX1,0.0,shap_tree
21,P28,DNASE1,0.0,shap_tree
21,P28,MDP1,0.0,shap_tree
21,P28,ITGA1,0.0,shap_tree
21,P28,C17orf67,0.0,shap_tree
21,P28,HNRNPUL2,0.0,shap_tree
21,P28,IFI30,0.0,shap_tree
21,P28,ERCC6,0.0,shap_tree
21,P28,KIAA0125,0.0,shap_tree
21,P28,LTB,0.0,shap_tree
21,P28,HIST1H2BN,0.0,shap_tree
21,P28,PPIL3,0.0,shap_tree
21,P28,KIR3DL2,0.0,shap_tree
21,P28,HLA-DOB,0.0,shap_tree
21,P28,YAE1D1,0.0,shap_tree
21,P28,KIR2DL3,0.0,shap_tree
21,P28,ZNF585B,0.0,shap_tree
21,P28,ZNF674,0.0,shap_tree
21,P28,ZNF345,0.0,shap_tree
21,P28,CSNK2A3,0.0,shap_tree
21,P28,IGLL5,0.0,shap_tree
21,P28,HIST1H3G,0.0,shap_tree
21,P28,CCL3L3,0.0,shap_tree
21,P28,CLEC5A,0.0,shap_tree
21,P28,CEP95,0.0,shap_tree
21,P28,PMF1-BGLAP,0.0,shap_tree
21,P28,MYO15B,0.0,shap_tree
21,P28,SPIB,0.0,shap_tree
22,P29,FGR,0.0,shap_tree
22,P29,TMEM176A,3.1858486181590706e-05,shap_tree
22,P29,NDUFAF7,0.0,shap_tree
22,P29,FKBP4,0.0,shap_tree
22,P29,ST7,0.0,shap_tree
22,P29,BZRAP1,7.481191005354049e-06,shap_tree
22,P29,CCL3,0.025139261037111282,shap_tree
22,P29,CDKL3,7.569398803752847e-06,shap_tree
22,P29,PAFAH1B1,0.0,shap_tree
22,P29,CD79B,0.00017830573779065162,shap_tree
22,P29,DLEC1,0.0,shap_tree
22,P29,PKD1,0.0,shap_tree
22,P29,DYRK4,0.0,shap_tree
22,P29,CD9,4.172777335043065e-05,shap_tree
22,P29,PLAUR,0.0,shap_tree
22,P29,RABGAP1,0.0,shap_tree
22,P29,TYROBP,0.0009364493889734149,shap_tree
22,P29,CD22,0.0,shap_tree
22,P29,CLDN11,0.0,shap_tree
22,P29,PGM3,0.0,shap_tree
22,P29,SLC11A1,0.0003040786541532725,shap_tree
22,P29,MARCO,0.0,shap_tree
22,P29,CD74,0.009869643487036228,shap_tree
22,P29,ZNF839,0.0,shap_tree
22,P29,AGPAT4,0.0,shap_tree
22,P29,NUP160,3.4991218853974715e-05,shap_tree
22,P29,GRN,0.00048490994959138334,shap_tree
22,P29,NSMAF,0.0,shap_tree
22,P29,STAP1,0.0,shap_tree
22,P29,METTL1,0.0,shap_tree
22,P29,VCAN,1.6247787471002084e-06,shap_tree
22,P29,SPDL1,0.0,shap_tree
22,P29,ADAM28,0.0001405427319696173,shap_tree
22,P29,TNFRSF9,1.908899866975844e-05,shap_tree
22,P29,SIKE1,0.0,shap_tree
22,P29,TM7SF3,0.0,shap_tree
22,P29,TSPAN32,1.563784280733671e-05,shap_tree
22,P29,ST3GAL6,0.0,shap_tree
22,P29,LPAR2,0.0,shap_tree
22,P29,MAP2K4,0.0,shap_tree
22,P29,ZNRD1,0.0,shap_tree
22,P29,ROGDI,0.0,shap_tree
22,P29,WIPI1,0.0,shap_tree
22,P29,SEL1L,1.223626622959273e-05,shap_tree
22,P29,TFRC,7.966467819642276e-05,shap_tree
22,P29,MAP3K13,0.0,shap_tree
22,P29,FSCN1,0.0,shap_tree
22,P29,SPAG5,0.0,shap_tree
22,P29,GTF3C1,0.0,shap_tree
22,P29,IL4R,2.7976218916592188e-05,shap_tree
22,P29,FAM76B,0.0,shap_tree
22,P29,PIK3C3,0.0,shap_tree
22,P29,SLC1A3,0.0,shap_tree
22,P29,TNS1,0.0,shap_tree
22,P29,HSP90AA1,0.002131410874426365,shap_tree
22,P29,CXCL2,0.0,shap_tree
22,P29,ZNF510,0.0,shap_tree
22,P29,NFE2L1,0.0,shap_tree
22,P29,KAT6A,7.864276267355308e-05,shap_tree
22,P29,FCN1,8.727904059924185e-06,shap_tree
22,P29,SCAMP1,0.0,shap_tree
22,P29,AAMDC,0.0,shap_tree
22,P29,RFX2,0.0,shap_tree
22,P29,OAS1,0.0006973863928578794,shap_tree
22,P29,LYZ,5.731552664656192e-05,shap_tree
22,P29,ZNF268,0.0,shap_tree
22,P29,CAPN3,0.0,shap_tree
22,P29,HDAC6,0.0,shap_tree
22,P29,HOOK2,0.0,shap_tree
22,P29,BLNK,0.0,shap_tree
22,P29,ACOT7,1.9654415154946037e-05,shap_tree
22,P29,OSM,0.0,shap_tree
22,P29,LGALS2,0.0,shap_tree
22,P29,HMOX1,0.0,shap_tree
22,P29,GZMB,0.010498639196157455,shap_tree
22,P29,PRMT5,0.0,shap_tree
22,P29,PIGH,1.308147966483375e-05,shap_tree
22,P29,TIMM9,0.0,shap_tree
22,P29,LGMN,0.0,shap_tree
22,P29,TCL1A,0.0,shap_tree
22,P29,PLTP,0.0,shap_tree
22,P29,MMP9,0.0,shap_tree
22,P29,PABPC1L,0.0,shap_tree
22,P29,NDUFAF5,0.0,shap_tree
22,P29,CST3,0.00047627478488720953,shap_tree
22,P29,WDR13,0.0,shap_tree
22,P29,SLC25A14,6.876334282424068e-06,shap_tree
22,P29,TIMP1,0.00010405237117083743,shap_tree
22,P29,GLA,6.309781838353956e-06,shap_tree
22,P29,KIAA0226L,7.01833632774651e-05,shap_tree
22,P29,ACP5,0.0,shap_tree
22,P29,RGCC,8.670567331137136e-05,shap_tree
22,P29,TSC22D1,0.0,shap_tree
22,P29,SMPD3,0.0,shap_tree
22,P29,FAH,0.0,shap_tree
22,P29,DTWD1,0.0,shap_tree
22,P29,GABPB1,0.00017017382197082043,shap_tree
22,P29,NIPAL2,0.0,shap_tree
22,P29,SARS2,0.0,shap_tree
22,P29,DOT1L,0.0,shap_tree
22,P29,FCER2,0.0,shap_tree
22,P29,IL4I1,0.0,shap_tree
22,P29,ZNF419,0.0,shap_tree
22,P29,PDCD5,0.0008190118824131787,shap_tree
22,P29,EBI3,0.0,shap_tree
22,P29,CD79A,0.0004702071310020983,shap_tree
22,P29,ATP1A3,0.0,shap_tree
22,P29,LILRB5,0.0,shap_tree
22,P29,PON2,3.431061850278638e-05,shap_tree
22,P29,DFNA5,0.0,shap_tree
22,P29,CPVL,0.0,shap_tree
22,P29,ABHD11,0.0,shap_tree
22,P29,STX1A,0.0,shap_tree
22,P29,HSPB1,0.001426712260581553,shap_tree
22,P29,TMEM176B,0.0,shap_tree
22,P29,RASSF4,0.0,shap_tree
22,P29,RECQL5,0.0,shap_tree
22,P29,GALK1,0.0,shap_tree
22,P29,NUP88,0.0,shap_tree
22,P29,CCL2,0.0,shap_tree
22,P29,TMEM97,0.0,shap_tree
22,P29,RAB34,0.0,shap_tree
22,P29,SLC2A9,0.0,shap_tree
22,P29,CRTAM,1.0855906111828517e-05,shap_tree
22,P29,MS4A6A,7.739783904980868e-05,shap_tree
22,P29,MS4A4A,0.0,shap_tree
22,P29,CD81,0.0,shap_tree
22,P29,PRR4,0.0,shap_tree
22,P29,GTF2H3,0.0,shap_tree
22,P29,IFNG,0.0026051641907542944,shap_tree
22,P29,GNPTAB,0.0,shap_tree
22,P29,CLEC4A,0.0,shap_tree
22,P29,SOD2,0.0,shap_tree
22,P29,CD83,0.00047125364653766155,shap_tree
22,P29,TRAPPC13,0.0,shap_tree
22,P29,PFKFB4,0.0,shap_tree
22,P29,C3orf14,0.0,shap_tree
22,P29,DNAJC27,0.0,shap_tree
22,P29,GTF3C2,0.0,shap_tree
22,P29,FN1,0.0,shap_tree
22,P29,EHBP1,0.0,shap_tree
22,P29,GNLY,0.0008170268847607076,shap_tree
22,P29,STK25,0.0,shap_tree
22,P29,CEP104,0.0,shap_tree
22,P29,KIAA1324,0.0,shap_tree
22,P29,MECR,0.0,shap_tree
22,P29,ZBTB17,0.0,shap_tree
22,P29,TTF2,0.0,shap_tree
22,P29,GBP1,0.02525903843343258,shap_tree
22,P29,CDC20,0.0,shap_tree
22,P29,STMN1,5.171900556888431e-05,shap_tree
22,P29,CTSD,0.00622325437143445,shap_tree
22,P29,C1orf54,0.0,shap_tree
22,P29,MYB,0.0,shap_tree
22,P29,SPP1,0.0,shap_tree
22,P29,FAM206A,5.261963451630436e-06,shap_tree
22,P29,CSF3R,0.000146444930578582,shap_tree
22,P29,NPC2,0.0015119567979127169,shap_tree
22,P29,COQ6,0.0,shap_tree
22,P29,BCL11A,0.0,shap_tree
22,P29,IFIT3,0.0,shap_tree
22,P29,HSPH1,0.0030302179511636496,shap_tree
22,P29,TGFBI,0.007652373518794775,shap_tree
22,P29,LY9,0.0007277490803971887,shap_tree
22,P29,EEPD1,0.0,shap_tree
22,P29,PLAU,0.0,shap_tree
22,P29,MMP19,0.0,shap_tree
22,P29,TUBA1B,0.0,shap_tree
22,P29,G0S2,0.00017729043611325324,shap_tree
22,P29,SLC12A4,0.0,shap_tree
22,P29,MCEE,2.592655800981447e-05,shap_tree
22,P29,F13A1,0.0,shap_tree
22,P29,TREM1,0.00016515058814547956,shap_tree
22,P29,MT2A,0.03605017438530922,shap_tree
22,P29,PTGER2,1.9509827325236984e-05,shap_tree
22,P29,NUP85,0.0,shap_tree
22,P29,MSTO1,0.0,shap_tree
22,P29,IL1B,0.0,shap_tree
22,P29,VASP,2.1435125745483674e-05,shap_tree
22,P29,CCR7,0.038090892136096954,shap_tree
22,P29,AHDC1,0.0,shap_tree
22,P29,IFI6,0.18410374224185944,shap_tree
22,P29,CFP,0.0,shap_tree
22,P29,PTPN12,0.0,shap_tree
22,P29,CASD1,0.0,shap_tree
22,P29,VPREB3,2.1654634110745974e-05,shap_tree
22,P29,APOBEC3A,4.532035381998867e-05,shap_tree
22,P29,CHN1,2.064057298412081e-05,shap_tree
22,P29,ARHGAP22,0.0,shap_tree
22,P29,CD68,0.00011611376248765737,shap_tree
22,P29,CCL4,0.001999575411900878,shap_tree
22,P29,PARP2,0.0,shap_tree
22,P29,EGLN3,0.0,shap_tree
22,P29,ERMARD,0.0,shap_tree
22,P29,SAT1,0.003145623719319701,shap_tree
22,P29,APOE,0.0,shap_tree
22,P29,APOC1,0.0,shap_tree
22,P29,DKC1,1.0680315654099104e-06,shap_tree
22,P29,NAPSA,0.0,shap_tree
22,P29,ACAP3,0.0,shap_tree
22,P29,NINJ1,5.57788043806795e-05,shap_tree
22,P29,LGALS3,0.000839338987134397,shap_tree
22,P29,FCRLA,0.0,shap_tree
22,P29,SERPINF1,0.0,shap_tree
22,P29,MUTYH,0.0,shap_tree
22,P29,PDZD2,0.0,shap_tree
22,P29,ACTR3B,0.0,shap_tree
22,P29,SBF2,0.0,shap_tree
22,P29,HSD17B4,0.0,shap_tree
22,P29,DPH6,0.0,shap_tree
22,P29,RSAD2,0.002428846899420023,shap_tree
22,P29,KLRC1,6.0065099205530714e-06,shap_tree
22,P29,CARS2,0.0,shap_tree
22,P29,SLC37A2,0.0,shap_tree
22,P29,CTSL,0.0,shap_tree
22,P29,CD36,0.0,shap_tree
22,P29,KIAA1009,0.0,shap_tree
22,P29,TROAP,0.0,shap_tree
22,P29,LACE1,0.0,shap_tree
22,P29,CPM,0.0,shap_tree
22,P29,FHOD1,0.0,shap_tree
22,P29,GLUL,9.47963708313182e-05,shap_tree
22,P29,MFSD9,0.0,shap_tree
22,P29,LMO7,0.0,shap_tree
22,P29,GPNMB,0.0,shap_tree
22,P29,IL1RN,0.0,shap_tree
22,P29,TXN,0.009869714267551899,shap_tree
22,P29,CD72,0.0,shap_tree
22,P29,IER3,2.890654286602512e-05,shap_tree
22,P29,FGFBP2,0.0011214312398806214,shap_tree
22,P29,SLCO2B1,0.0,shap_tree
22,P29,RNF121,0.0,shap_tree
22,P29,C11orf1,0.0,shap_tree
22,P29,IFI44L,0.005763551220297813,shap_tree
22,P29,IFI44,0.00020420698274392635,shap_tree
22,P29,CENPO,0.0,shap_tree
22,P29,CARF,0.0,shap_tree
22,P29,WDR12,0.0,shap_tree
22,P29,TMOD3,0.0,shap_tree
22,P29,SPPL2A,0.0001329810038441792,shap_tree
22,P29,ARHGAP24,0.0,shap_tree
22,P29,CASP6,0.0,shap_tree
22,P29,LEF1,3.779793041758239e-05,shap_tree
22,P29,CLSTN3,7.45654251659289e-05,shap_tree
22,P29,TMEM19,0.0,shap_tree
22,P29,DUSP6,5.103157036501216e-06,shap_tree
22,P29,GPR84,0.0,shap_tree
22,P29,SLC38A6,0.0,shap_tree
22,P29,WARS,0.05067701265215874,shap_tree
22,P29,NEIL1,0.0,shap_tree
22,P29,TPM1,0.0,shap_tree
22,P29,IGF1R,0.0,shap_tree
22,P29,BBS4,0.0,shap_tree
22,P29,IRF8,0.00014237345021683723,shap_tree
22,P29,TAF4B,0.0,shap_tree
22,P29,NT5C3B,0.0,shap_tree
22,P29,ZFP14,0.0,shap_tree
22,P29,IFITM3,0.0036606721114367247,shap_tree
22,P29,XCL1,0.00012987856462132186,shap_tree
22,P29,FCGR2A,0.00045635559945367277,shap_tree
22,P29,FCRL5,0.0,shap_tree
22,P29,RRNAD1,0.0,shap_tree
22,P29,LYPLAL1,0.0,shap_tree
22,P29,S100A8,3.255313913541613e-06,shap_tree
22,P29,SLC27A3,0.0,shap_tree
22,P29,EXOC6B,0.0,shap_tree
22,P29,AFF3,0.0,shap_tree
22,P29,EAF2,8.873189472069498e-06,shap_tree
22,P29,EIF2B5,0.0,shap_tree
22,P29,PLAC8,1.0321067748009227e-05,shap_tree
22,P29,SSBP2,3.4438826332916506e-06,shap_tree
22,P29,FBXL17,0.0,shap_tree
22,P29,MMS22L,0.0,shap_tree
22,P29,POMZP3,0.0,shap_tree
22,P29,SLC39A4,0.0,shap_tree
22,P29,PLIN2,9.10182498046197e-05,shap_tree
22,P29,IDNK,0.0,shap_tree
22,P29,GSN,3.87392210541293e-05,shap_tree
22,P29,MRRF,0.0,shap_tree
22,P29,SERPINH1,2.470880644978024e-06,shap_tree
22,P29,FADS1,0.0,shap_tree
22,P29,TM7SF2,0.0,shap_tree
22,P29,FCGR1A,0.0,shap_tree
22,P29,RGS18,0.0,shap_tree
22,P29,PRSS23,0.0,shap_tree
22,P29,CACNA2D4,0.0,shap_tree
22,P29,MIPOL1,0.0,shap_tree
22,P29,ANKAR,0.0,shap_tree
22,P29,CCDC122,0.0,shap_tree
22,P29,BAG3,0.00028697357629425824,shap_tree
22,P29,RASGRP3,0.0,shap_tree
22,P29,PTPRK,0.0,shap_tree
22,P29,BANK1,6.477848364738747e-05,shap_tree
22,P29,DAB2,0.0,shap_tree
22,P29,LY96,0.0,shap_tree
22,P29,CDK19,0.0,shap_tree
22,P29,VSIG4,0.0,shap_tree
22,P29,MCU,0.0,shap_tree
22,P29,DPY19L4,0.0,shap_tree
22,P29,NDUFAF6,0.0,shap_tree
22,P29,CXCL13,0.0002385561674600467,shap_tree
22,P29,FAM122B,0.0,shap_tree
22,P29,MS4A1,0.004661488812416792,shap_tree
22,P29,WDYHV1,3.465209374553524e-05,shap_tree
22,P29,VPS8,1.7657379430602305e-05,shap_tree
22,P29,B3GNT7,1.9190034436178394e-05,shap_tree
22,P29,CCNB2,0.0,shap_tree
22,P29,MYO1E,0.0,shap_tree
22,P29,HIST1H2BD,5.639627488562837e-06,shap_tree
22,P29,CD1C,0.0,shap_tree
22,P29,NCF1,4.97487053507939e-06,shap_tree
22,P29,FCER1G,0.00397708872333169,shap_tree
22,P29,C1QC,0.0,shap_tree
22,P29,HLCS,0.0,shap_tree
22,P29,TMPRSS3,0.0,shap_tree
22,P29,IL6R,0.0,shap_tree
22,P29,LMNA,0.0005767536931671202,shap_tree
22,P29,PAQR4,0.0,shap_tree
22,P29,CLPB,0.0,shap_tree
22,P29,C1orf123,0.0,shap_tree
22,P29,VCAM1,0.002497920300811529,shap_tree
22,P29,FCGR3B,0.0008075091172941029,shap_tree
22,P29,ATF3,0.0009936635615304112,shap_tree
22,P29,CTSS,0.0,shap_tree
22,P29,S100A9,5.013931877329014e-05,shap_tree
22,P29,RNF25,0.0,shap_tree
22,P29,STK36,0.0,shap_tree
22,P29,FCRL1,0.00030683886143378913,shap_tree
22,P29,SMIM14,8.934423021855764e-06,shap_tree
22,P29,CXCL3,0.0,shap_tree
22,P29,RCHY1,2.4147720978362486e-05,shap_tree
22,P29,GNL3,2.1824413124704733e-05,shap_tree
22,P29,SAP30L,0.0,shap_tree
22,P29,CTSB,0.0024065135512501,shap_tree
22,P29,FBP1,2.908208807639312e-05,shap_tree
22,P29,IFI27,0.0,shap_tree
22,P29,ALKBH3,0.0,shap_tree
22,P29,ARIH1,2.4278368073282763e-05,shap_tree
22,P29,CUL5,0.0,shap_tree
22,P29,TAF10,0.0,shap_tree
22,P29,USP54,0.0,shap_tree
22,P29,PLD4,0.0,shap_tree
22,P29,TRIM66,0.0,shap_tree
22,P29,ZNF143,1.0042122994491365e-05,shap_tree
22,P29,CLEC4E,0.0,shap_tree
22,P29,ATF7IP2,2.8633465262828395e-05,shap_tree
22,P29,ANPEP,0.0,shap_tree
22,P29,XRCC6BP1,0.0,shap_tree
22,P29,C15orf48,0.0,shap_tree
22,P29,MS4A7,0.0,shap_tree
22,P29,MEI1,0.0,shap_tree
22,P29,FBXO22,0.0,shap_tree
22,P29,ENTHD2,0.0,shap_tree
22,P29,RHEBL1,0.0,shap_tree
22,P29,ZNF528,0.0,shap_tree
22,P29,AXL,0.0,shap_tree
22,P29,CHAF1A,0.0,shap_tree
22,P29,ZNF558,0.0,shap_tree
22,P29,VPS37C,0.0,shap_tree
22,P29,NAALADL1,0.0,shap_tree
22,P29,SMIM4,0.0,shap_tree
22,P29,CX3CR1,0.00012471131049096584,shap_tree
22,P29,SLC20A2,3.416685649426654e-05,shap_tree
22,P29,LDLRAD4,3.804508742177859e-05,shap_tree
22,P29,TMEM208,0.0,shap_tree
22,P29,CCDC126,0.0,shap_tree
22,P29,PTK2,0.0,shap_tree
22,P29,RNASE6,0.0,shap_tree
22,P29,IL8,0.0,shap_tree
22,P29,GPR183,0.0011969864135608077,shap_tree
22,P29,CLIC3,0.0005693123093806207,shap_tree
22,P29,MT1E,0.0,shap_tree
22,P29,CD14,0.0,shap_tree
22,P29,MZB1,0.0,shap_tree
22,P29,BFSP2,0.0,shap_tree
22,P29,KBTBD2,1.4730171642440837e-05,shap_tree
22,P29,LILRA3,2.879343355743913e-06,shap_tree
22,P29,HDAC3,0.0,shap_tree
22,P29,METTL18,0.0,shap_tree
22,P29,RRM2,5.6357370340265334e-05,shap_tree
22,P29,LGALS9C,0.0,shap_tree
22,P29,ATPAF2,0.0,shap_tree
22,P29,NME6,0.0,shap_tree
22,P29,FGGY,0.0,shap_tree
22,P29,FUT10,2.3030652300803922e-05,shap_tree
22,P29,HSPA6,0.0,shap_tree
22,P29,RAPH1,0.0,shap_tree
22,P29,SLC2A14,4.414868453750387e-05,shap_tree
22,P29,C1QB,0.0,shap_tree
22,P29,C1QA,0.0,shap_tree
22,P29,OLR1,7.663558062631637e-05,shap_tree
22,P29,DAG1,0.0,shap_tree
22,P29,C11orf80,0.0,shap_tree
22,P29,TLR6,0.0,shap_tree
22,P29,ZNF80,5.045430953032337e-06,shap_tree
22,P29,UBE2C,0.0,shap_tree
22,P29,MCTP1,0.0,shap_tree
22,P29,ERCC4,0.0,shap_tree
22,P29,GAPT,0.0,shap_tree
22,P29,METRNL,0.0,shap_tree
22,P29,CD19,4.957553301210282e-06,shap_tree
22,P29,CD163,0.00019208116282243282,shap_tree
22,P29,THBD,5.391606464399956e-05,shap_tree
22,P29,CPNE7,0.0,shap_tree
22,P29,EFCAB13,2.4729142751311883e-05,shap_tree
22,P29,AURKB,0.0,shap_tree
22,P29,FCRL6,6.652327283518389e-05,shap_tree
22,P29,UBA7,0.00020880467491224408,shap_tree
22,P29,AFMID,0.0,shap_tree
22,P29,CCDC159,0.0,shap_tree
22,P29,ALYREF,0.0,shap_tree
22,P29,IQGAP3,0.0,shap_tree
22,P29,TTC32,0.0,shap_tree
22,P29,COA3,0.0,shap_tree
22,P29,SS18L1,0.0,shap_tree
22,P29,TMED9,0.0,shap_tree
22,P29,DDX51,0.0,shap_tree
22,P29,TNFAIP2,0.0,shap_tree
22,P29,IRF7,5.90806121181231e-06,shap_tree
22,P29,PTCH1,0.0,shap_tree
22,P29,ZNF566,0.0,shap_tree
22,P29,BTLA,0.0,shap_tree
22,P29,CD300E,0.0,shap_tree
22,P29,TNFRSF4,0.00010529916471568868,shap_tree
22,P29,TNFRSF18,3.0606697691837326e-05,shap_tree
22,P29,ZDHHC17,0.0,shap_tree
22,P29,GPR141,0.0,shap_tree
22,P29,ENTPD5,0.0,shap_tree
22,P29,LILRA5,1.3676316484634299e-05,shap_tree
22,P29,CMC1,0.0,shap_tree
22,P29,MT1X,4.7668836486991495e-06,shap_tree
22,P29,USP7,0.0,shap_tree
22,P29,MAGEH1,0.0,shap_tree
22,P29,ISG15,0.029827360063791275,shap_tree
22,P29,FANCA,3.614353045122698e-05,shap_tree
22,P29,ARHGAP11B,8.328788680955768e-06,shap_tree
22,P29,ZNF383,0.0,shap_tree
22,P29,FAM26F,0.0,shap_tree
22,P29,KIR2DL4,0.0,shap_tree
22,P29,ZNF573,0.0,shap_tree
22,P29,ZNF250,0.0,shap_tree
22,P29,TUBB,0.00032368118991144,shap_tree
22,P29,GTF2IRD2,0.0,shap_tree
22,P29,ANAPC7,0.0,shap_tree
22,P29,NF1,0.0,shap_tree
22,P29,HLA-DQA1,0.0014902674593031406,shap_tree
22,P29,ZNF420,1.1064315913245082e-05,shap_tree
22,P29,SERPINA1,0.0,shap_tree
22,P29,CCL4L2,0.004112622234970331,shap_tree
22,P29,ZNF165,4.236029053572565e-05,shap_tree
22,P29,PIGN,0.0,shap_tree
22,P29,C5orf42,0.0,shap_tree
22,P29,PSAP,0.00017105454753618687,shap_tree
22,P29,CFD,0.0,shap_tree
22,P29,ZNF81,0.0,shap_tree
22,P29,HIST1H2BF,0.0,shap_tree
22,P29,FCGR1B,0.0,shap_tree
22,P29,HIBCH,0.0,shap_tree
22,P29,HIST1H4E,0.0,shap_tree
22,P29,TTC37,0.0,shap_tree
22,P29,GK,0.0015300273662433028,shap_tree
22,P29,OPA1,0.0,shap_tree
22,P29,C9orf114,1.7201984519488178e-05,shap_tree
22,P29,TGM2,0.0,shap_tree
22,P29,FCGR3A,0.001119328080676496,shap_tree
22,P29,HIST2H2AA4,0.0005842915852554142,shap_tree
22,P29,CXorf65,0.0,shap_tree
22,P29,HLA-DRA,0.0214666910469532,shap_tree
22,P29,NEU1,0.00037463821354322135,shap_tree
22,P29,HSPA1B,0.0024364013224840164,shap_tree
22,P29,HSPA1A,0.0028002243489027023,shap_tree
22,P29,AIF1,0.0,shap_tree
22,P29,NCR3,2.4168091840692796e-05,shap_tree
22,P29,LST1,0.00021768274018540978,shap_tree
22,P29,CCL4L1,0.050613101571798325,shap_tree
22,P29,CCL3L1,4.007935058325529e-05,shap_tree
22,P29,CPT1B,0.0,shap_tree
22,P29,RAB12,0.0,shap_tree
22,P29,AL590867.1,0.0,shap_tree
22,P29,TREX1,0.0,shap_tree
22,P29,DNASE1,0.0,shap_tree
22,P29,C17orf67,0.0,shap_tree
22,P29,MYL5,0.0,shap_tree
22,P29,IFI30,0.0008792032022029161,shap_tree
22,P29,SLC26A6,0.0,shap_tree
22,P29,PGAM4,0.0,shap_tree
22,P29,LTB,0.0,shap_tree
22,P29,LILRA4,0.0,shap_tree
22,P29,PPIL3,0.0,shap_tree
22,P29,HLA-DOB,0.0,shap_tree
22,P29,WDR65,0.0,shap_tree
22,P29,ZNF585B,0.0,shap_tree
22,P29,INSL3,0.0,shap_tree
22,P29,ZNF345,0.0,shap_tree
22,P29,IGLL5,0.0,shap_tree
22,P29,HIST1H3G,0.0,shap_tree
22,P29,CCL3L3,0.0,shap_tree
22,P29,RP11-96O20.4,0.0,shap_tree
22,P29,AL161784.1,0.0,shap_tree
22,P29,SPIB,0.0,shap_tree
23,P3,FGR,0.002400420606136322,shap_tree
23,P3,FKBP4,0.00956324115395546,shap_tree
23,P3,BZRAP1,0.020315373316407204,shap_tree
23,P3,CCL3,0.05339692533016205,shap_tree
23,P3,CD79B,0.01720447465777397,shap_tree
23,P3,CYB561,0.0006153961294330657,shap_tree
23,P3,PKD1,0.008715489879250526,shap_tree
23,P3,MED24,0.004042751155793667,shap_tree
23,P3,DYRK4,0.0002885690191760659,shap_tree
23,P3,CD9,0.015618284232914448,shap_tree
23,P3,PLAUR,0.00037141673965379596,shap_tree
23,P3,TYROBP,0.0034503047354519367,shap_tree
23,P3,CD22,0.0018409426556900144,shap_tree
23,P3,EXTL3,0.008813727647066116,shap_tree
23,P3,CLDN11,0.0055098156444728374,shap_tree
23,P3,SLC11A1,0.0001152182521764189,shap_tree
23,P3,MARCO,0.0007063383236527443,shap_tree
23,P3,CD74,0.10796914249658585,shap_tree
23,P3,GRN,0.017712194472551346,shap_tree
23,P3,STAP1,0.001059952424839139,shap_tree
23,P3,VCAN,0.0032486170530319214,shap_tree
23,P3,SKIV2L2,0.004071392118930817,shap_tree
23,P3,SPDL1,0.0006706737913191319,shap_tree
23,P3,CAPG,0.009343640878796577,shap_tree
23,P3,ADAM28,0.01600281521677971,shap_tree
23,P3,TNFRSF9,0.012008157558739185,shap_tree
23,P3,SIKE1,0.011309240944683552,shap_tree
23,P3,RRP12,0.007915579713881016,shap_tree
23,P3,WDR3,0.000602823740337044,shap_tree
23,P3,ADAT1,0.009748028591275215,shap_tree
23,P3,MAP2K4,0.007876421324908733,shap_tree
23,P3,ZNRD1,0.01005631871521473,shap_tree
23,P3,TRMT11,0.0025242327246814966,shap_tree
23,P3,ROGDI,0.0008493903442285955,shap_tree
23,P3,BCL3,0.008348505944013596,shap_tree
23,P3,WIPI1,0.0026648619677871466,shap_tree
23,P3,SEL1L,0.01784411445260048,shap_tree
23,P3,EPN2,0.0004242201102897525,shap_tree
23,P3,TFRC,0.019671492278575897,shap_tree
23,P3,NLE1,0.0004346362256910652,shap_tree
23,P3,BCS1L,0.01602572202682495,shap_tree
23,P3,TXK,0.02736075036227703,shap_tree
23,P3,SPAG5,0.0,shap_tree
23,P3,GTF3C1,0.015377715229988098,shap_tree
23,P3,IL4R,0.021745188161730766,shap_tree
23,P3,FGFR1,0.011807041242718697,shap_tree
23,P3,TNS1,0.0063025569543242455,shap_tree
23,P3,CEACAM1,0.0026779519394040108,shap_tree
23,P3,CXCL2,0.010943247936666012,shap_tree
23,P3,COBLL1,0.0001252925576409325,shap_tree
23,P3,NFE2L1,0.004629983101040125,shap_tree
23,P3,ULK2,0.004358441103249788,shap_tree
23,P3,P2RX5,0.003956994041800499,shap_tree
23,P3,FCN1,0.0009898045100271702,shap_tree
23,P3,SCAMP1,0.0065816654823720455,shap_tree
23,P3,DDHD2,0.01501937210559845,shap_tree
23,P3,OAS1,0.01877131313085556,shap_tree
23,P3,LYZ,0.00039598270086571574,shap_tree
23,P3,ZNF268,0.003444747533649206,shap_tree
23,P3,PABPC4,0.0031888247467577457,shap_tree
23,P3,WDR7,0.0033284893725067377,shap_tree
23,P3,BLNK,0.0015027541667222977,shap_tree
23,P3,ACOT7,0.007813465781509876,shap_tree
23,P3,OSM,0.0006843842566013336,shap_tree
23,P3,GGT1,0.002255811123177409,shap_tree
23,P3,LGALS1,0.14439734816551208,shap_tree
23,P3,CBY1,0.0013215772341936827,shap_tree
23,P3,HMOX1,0.0012362698325887322,shap_tree
23,P3,MCAT,0.0,shap_tree
23,P3,PRMT5,0.0023637693375349045,shap_tree
23,P3,CDKL1,0.0016049243276938796,shap_tree
23,P3,CDKN3,0.004068016540259123,shap_tree
23,P3,TIMM9,0.002230863319709897,shap_tree
23,P3,TCL1A,0.0011751038255169988,shap_tree
23,P3,PLTP,0.0012502524768933654,shap_tree
23,P3,MMP9,0.0,shap_tree
23,P3,CST3,0.0012685084948316216,shap_tree
23,P3,ALG13,0.02006886713206768,shap_tree
23,P3,WDR13,0.007326121907681227,shap_tree
23,P3,TIMP1,0.021916594356298447,shap_tree
23,P3,GLA,0.02621227316558361,shap_tree
23,P3,KIAA0226L,0.008438832126557827,shap_tree
23,P3,ACP5,0.009394560009241104,shap_tree
23,P3,TSC22D1,0.008685301057994366,shap_tree
23,P3,CLUAP1,0.002679412020370364,shap_tree
23,P3,GDAP1,0.0007885574013926089,shap_tree
23,P3,IL7,0.00046731854672543705,shap_tree
23,P3,SARS2,0.006852561607956886,shap_tree
23,P3,DOT1L,0.010341945104300976,shap_tree
23,P3,FCER2,0.00021149576059542596,shap_tree
23,P3,IL4I1,0.00010379068407928571,shap_tree
23,P3,ZNF419,0.004137707874178886,shap_tree
23,P3,PDCD5,0.02484613098204136,shap_tree
23,P3,CD79A,0.003936419263482094,shap_tree
23,P3,LILRB5,0.0,shap_tree
23,P3,PON2,0.016328727826476097,shap_tree
23,P3,CPVL,0.0024456570390611887,shap_tree
23,P3,ABHD11,0.0002335187600692734,shap_tree
23,P3,STX1A,0.00079987698700279,shap_tree
23,P3,HSPB1,0.0945189893245697,shap_tree
23,P3,SNX8,0.00033330669975839555,shap_tree
23,P3,RBM28,0.009091025218367577,shap_tree
23,P3,TMEM176B,0.0002485224977135658,shap_tree
23,P3,TNFSF8,0.015759561210870743,shap_tree
23,P3,RASSF4,0.004525375552475452,shap_tree
23,P3,ARHGAP21,0.0004121249949093908,shap_tree
23,P3,GALK1,0.011402469128370285,shap_tree
23,P3,CCL2,0.0002466759760864079,shap_tree
23,P3,RAB34,0.0,shap_tree
23,P3,AREG,0.005271884612739086,shap_tree
23,P3,SC5D,0.006271103397011757,shap_tree
23,P3,CRTAM,0.043959058821201324,shap_tree
23,P3,MS4A6A,0.0016016829758882523,shap_tree
23,P3,MS4A4A,0.0,shap_tree
23,P3,ACCS,0.014930090866982937,shap_tree
23,P3,CD81,0.005504272412508726,shap_tree
23,P3,ACAD10,0.008841833099722862,shap_tree
23,P3,GTF2H3,0.005885720252990723,shap_tree
23,P3,IFNG,0.025853630155324936,shap_tree
23,P3,NOP2,0.005305762868374586,shap_tree
23,P3,GNPTAB,0.017383692786097527,shap_tree
23,P3,CLEC4A,5.89306146139279e-05,shap_tree
23,P3,CD83,0.0511462427675724,shap_tree
23,P3,APBB3,0.012652574107050896,shap_tree
23,P3,PFKFB4,0.0,shap_tree
23,P3,CISH,0.02138632722198963,shap_tree
23,P3,GORASP1,0.0010191639885306358,shap_tree
23,P3,FAHD2A,0.012376656755805016,shap_tree
23,P3,ACVR1,0.0,shap_tree
23,P3,FN1,0.0,shap_tree
23,P3,EHBP1,0.0005513611249625683,shap_tree
23,P3,CEP104,0.0005244722706265748,shap_tree
23,P3,AMPD2,0.017264612019062042,shap_tree
23,P3,ZBTB17,0.0027779284864664078,shap_tree
23,P3,C1orf109,0.0007162796682678163,shap_tree
23,P3,GBP1,0.1028757393360138,shap_tree
23,P3,CDC20,0.0,shap_tree
23,P3,RCOR3,0.019753986969590187,shap_tree
23,P3,STMN1,0.0040504359640181065,shap_tree
23,P3,CTSD,0.059058330953121185,shap_tree
23,P3,STK11,0.0024282655213028193,shap_tree
23,P3,SGK1,0.004922113846987486,shap_tree
23,P3,SPP1,0.0002971687645185739,shap_tree
23,P3,C2orf43,0.0019577923230826855,shap_tree
23,P3,CSF3R,0.00804818980395794,shap_tree
23,P3,BCL11A,0.005054887384176254,shap_tree
23,P3,IFIT3,0.002491209888830781,shap_tree
23,P3,IFIT2,0.01329761277884245,shap_tree
23,P3,TGFBI,0.01009962148964405,shap_tree
23,P3,EGR1,0.06620995700359344,shap_tree
23,P3,SEC22A,0.016855983063578606,shap_tree
23,P3,LY9,0.024452056735754013,shap_tree
23,P3,PMS2,0.0006493820110335946,shap_tree
23,P3,PLAU,0.0,shap_tree
23,P3,MMP19,0.0025520939379930496,shap_tree
23,P3,NR4A1,0.12885159254074097,shap_tree
23,P3,TUBA1B,0.062402475625276566,shap_tree
23,P3,G0S2,0.019421078264713287,shap_tree
23,P3,PLA2G12A,0.000942953338380903,shap_tree
23,P3,MCEE,0.00238390127196908,shap_tree
23,P3,F13A1,0.0,shap_tree
23,P3,TREM1,4.016613092971966e-05,shap_tree
23,P3,MT2A,0.1972319483757019,shap_tree
23,P3,GPR18,0.007642397191375494,shap_tree
23,P3,PTGER2,0.07246951758861542,shap_tree
23,P3,IL1B,0.0017427942948415875,shap_tree
23,P3,VASP,0.011282646097242832,shap_tree
23,P3,CCR7,0.18359428644180298,shap_tree
23,P3,NSRP1,0.00955118890851736,shap_tree
23,P3,IFI6,0.309724360704422,shap_tree
23,P3,CFP,0.0014083344722166657,shap_tree
23,P3,PLEKHG3,0.029292192310094833,shap_tree
23,P3,VPREB3,0.007987990975379944,shap_tree
23,P3,APOBEC3A,0.00606218446046114,shap_tree
23,P3,SPECC1,0.0016400355380028486,shap_tree
23,P3,CHN1,0.007089108694344759,shap_tree
23,P3,ARHGAP22,0.0,shap_tree
23,P3,TTBK2,0.0062899817712605,shap_tree
23,P3,SERGEF,0.002517551416531205,shap_tree
23,P3,CD68,0.004233890678733587,shap_tree
23,P3,CCL4,0.02988601289689541,shap_tree
23,P3,DTD2,0.00023855458130128682,shap_tree
23,P3,SAT1,0.14576750993728638,shap_tree
23,P3,APOE,0.0,shap_tree
23,P3,APOC1,0.004070870112627745,shap_tree
23,P3,TRPM4,0.0,shap_tree
23,P3,ANGPTL6,0.004953309893608093,shap_tree
23,P3,DKC1,0.0015820196131244302,shap_tree
23,P3,ULBP2,0.01626482419669628,shap_tree
23,P3,ZNF141,0.021938301622867584,shap_tree
23,P3,NAPSA,0.000731118896510452,shap_tree
23,P3,LGALS3,0.020371943712234497,shap_tree
23,P3,DNAJB1,0.040902029722929,shap_tree
23,P3,FCRLA,0.0002610122028272599,shap_tree
23,P3,SERPINF1,0.0010630585020408034,shap_tree
23,P3,IGJ,0.008636469952762127,shap_tree
23,P3,E2F5,0.0013284829910844564,shap_tree
23,P3,HSD17B4,0.002349487040191889,shap_tree
23,P3,CCNB1,0.0006171652930788696,shap_tree
23,P3,GSTM1,0.02307782880961895,shap_tree
23,P3,RSAD2,0.014344028197228909,shap_tree
23,P3,CARS2,0.003287055529654026,shap_tree
23,P3,APC,0.0029331922996789217,shap_tree
23,P3,NREP,0.0,shap_tree
23,P3,ANXA1,0.07417767494916916,shap_tree
23,P3,CTSL,0.0009216427570208907,shap_tree
23,P3,USP30,0.0012907671043649316,shap_tree
23,P3,CD36,0.00018826148880179971,shap_tree
23,P3,KIAA1009,0.00019617177895270288,shap_tree
23,P3,FHOD1,0.009976879693567753,shap_tree
23,P3,GLUL,0.01434953510761261,shap_tree
23,P3,MFSD9,0.0,shap_tree
23,P3,GPNMB,0.0022066659294068813,shap_tree
23,P3,IL10,0.001462225685827434,shap_tree
23,P3,IL1RN,0.00046335492515936494,shap_tree
23,P3,TXN,0.08532647788524628,shap_tree
23,P3,IRF4,0.025868400931358337,shap_tree
23,P3,IER3,0.002495858119800687,shap_tree
23,P3,SLCO2B1,0.004433216992765665,shap_tree
23,P3,RNF121,0.0005962530267424881,shap_tree
23,P3,IFI44L,0.1062818169593811,shap_tree
23,P3,IFI44,0.03216281533241272,shap_tree
23,P3,CENPO,0.0020799448247998953,shap_tree
23,P3,DNAJC13,0.0077270325273275375,shap_tree
23,P3,ITGAV,0.004384076222777367,shap_tree
23,P3,TMOD3,0.011529996991157532,shap_tree
23,P3,SPPL2A,0.01381818950176239,shap_tree
23,P3,ARHGAP24,0.007608550600707531,shap_tree
23,P3,CASP6,0.0002858998195733875,shap_tree
23,P3,LEF1,0.03747596591711044,shap_tree
23,P3,C1RL,0.0007366146892309189,shap_tree
23,P3,CLSTN3,0.01199286337941885,shap_tree
23,P3,TMEM19,0.003045809455215931,shap_tree
23,P3,DUSP6,0.0078020659275352955,shap_tree
23,P3,GPR84,0.0003848289488814771,shap_tree
23,P3,SLC38A6,0.008604777045547962,shap_tree
23,P3,WARS,0.1826895922422409,shap_tree
23,P3,SLC12A6,0.00917895045131445,shap_tree
23,P3,TCF12,0.02517879754304886,shap_tree
23,P3,BCL2A1,0.01684989407658577,shap_tree
23,P3,NEIL1,0.00025347882183268666,shap_tree
23,P3,IGF1R,0.04025430604815483,shap_tree
23,P3,BBS4,0.003673277795314789,shap_tree
23,P3,IGSF6,0.0,shap_tree
23,P3,IRF8,0.012185999192297459,shap_tree
23,P3,SCRN2,0.004128346219658852,shap_tree
23,P3,TP53,0.008159827440977097,shap_tree
23,P3,TBCD,0.02643139660358429,shap_tree
23,P3,ZFP14,0.0,shap_tree
23,P3,IFITM3,0.060043130069971085,shap_tree
23,P3,ADC,0.0004955629119649529,shap_tree
23,P3,XCL2,0.04229488596320152,shap_tree
23,P3,PPOX,0.002282889327034354,shap_tree
23,P3,FCGR2A,0.0005700052715837955,shap_tree
23,P3,ABL2,0.0009374291985295713,shap_tree
23,P3,S100A8,0.006053939927369356,shap_tree
23,P3,SLC27A3,0.0001333073596470058,shap_tree
23,P3,EXOC6B,0.0001365498173981905,shap_tree
23,P3,AFF3,0.004498641937971115,shap_tree
23,P3,EAF2,0.0053227865137159824,shap_tree
23,P3,PLAC8,0.018335163593292236,shap_tree
23,P3,MMS22L,0.012056929059326649,shap_tree
23,P3,POMZP3,0.0011675659334287047,shap_tree
23,P3,NOM1,0.00418662466108799,shap_tree
23,P3,GINS4,0.0,shap_tree
23,P3,PLIN2,0.057753123342990875,shap_tree
23,P3,GSN,0.0005940444534644485,shap_tree
23,P3,MRRF,0.0026084077544510365,shap_tree
23,P3,IMMP1L,0.007227745838463306,shap_tree
23,P3,SERPINH1,0.0002603187458589673,shap_tree
23,P3,FADS1,0.010797616094350815,shap_tree
23,P3,FCGR1A,0.0,shap_tree
23,P3,TMCO3,0.0008112099021673203,shap_tree
23,P3,CACNA2D4,0.00146783038508147,shap_tree
23,P3,PTPRO,0.0002272687415825203,shap_tree
23,P3,RASGRP3,0.0005349874263629317,shap_tree
23,P3,PTPRK,0.008443786762654781,shap_tree
23,P3,BANK1,0.0028186358977109194,shap_tree
23,P3,DAB2,0.0,shap_tree
23,P3,NEIL2,0.0007505473331548274,shap_tree
23,P3,OBSCN,0.01420162245631218,shap_tree
23,P3,LY96,0.00014604421448893845,shap_tree
23,P3,TSEN2,0.0005778907798230648,shap_tree
23,P3,RBM45,0.0014154950622469187,shap_tree
23,P3,VSIG4,0.0,shap_tree
23,P3,NDUFAF6,0.009118245914578438,shap_tree
23,P3,CXCL13,0.01619393192231655,shap_tree
23,P3,FAM122B,0.0020382003858685493,shap_tree
23,P3,MS4A1,0.020099421963095665,shap_tree
23,P3,MALSU1,0.004132997710257769,shap_tree
23,P3,VPS8,0.02590823546051979,shap_tree
23,P3,CCNB2,0.0,shap_tree
23,P3,MYO1E,0.001503103063441813,shap_tree
23,P3,APPL1,0.016548242419958115,shap_tree
23,P3,C9orf91,0.0005017297808080912,shap_tree
23,P3,FAIM,0.0009030569344758987,shap_tree
23,P3,CD1C,0.000690965389367193,shap_tree
23,P3,FCER1G,0.005853342358022928,shap_tree
23,P3,C1QC,0.0,shap_tree
23,P3,SPON2,0.045361921191215515,shap_tree
23,P3,LMNA,0.1082150936126709,shap_tree
23,P3,PAQR4,0.00014207045023795217,shap_tree
23,P3,CLPB,0.0005006049177609384,shap_tree
23,P3,CYB561A3,0.006560095120221376,shap_tree
23,P3,C1orf123,0.0019295746460556984,shap_tree
23,P3,VCAM1,0.050272196531295776,shap_tree
23,P3,NLRP3,0.001863319892436266,shap_tree
23,P3,FCGR3B,0.025050900876522064,shap_tree
23,P3,ATF3,0.061121705919504166,shap_tree
23,P3,ZNF2,0.0008569192141294479,shap_tree
23,P3,CTSS,0.012513757683336735,shap_tree
23,P3,S100A9,0.0008865612908266485,shap_tree
23,P3,STK36,0.0001685664610704407,shap_tree
23,P3,ANKZF1,0.010387496091425419,shap_tree
23,P3,FCRL1,0.0021767853759229183,shap_tree
23,P3,SMIM14,0.005350891035050154,shap_tree
23,P3,ABHD6,0.005009319167584181,shap_tree
23,P3,CXCL3,0.0,shap_tree
23,P3,WDR43,0.024624157696962357,shap_tree
23,P3,PIGX,0.0008176011615432799,shap_tree
23,P3,CCDC51,0.0021344099659472704,shap_tree
23,P3,ITGA2,0.0005314290756359696,shap_tree
23,P3,SAP30L,0.0,shap_tree
23,P3,CTSB,0.07217736542224884,shap_tree
23,P3,GEM,0.008730770088732243,shap_tree
23,P3,LETM2,0.025339730083942413,shap_tree
23,P3,FBP1,0.0007651275955140591,shap_tree
23,P3,IFI27,0.009711573831737041,shap_tree
23,P3,ALKBH3,0.004831269383430481,shap_tree
23,P3,STXBP4,0.0007725322502665222,shap_tree
23,P3,CUL5,0.017006203532218933,shap_tree
23,P3,TAF10,0.024560539051890373,shap_tree
23,P3,ZNF143,0.0022740319836884737,shap_tree
23,P3,WEE1,0.01698954589664936,shap_tree
23,P3,CLEC4E,7.452652789652348e-05,shap_tree
23,P3,ATF7IP2,0.0198344849050045,shap_tree
23,P3,CATSPER2,0.002375510288402438,shap_tree
23,P3,ANPEP,8.713136776350439e-05,shap_tree
23,P3,PLK1,0.0003648761776275933,shap_tree
23,P3,C15orf48,0.0008805692195892334,shap_tree
23,P3,MS4A7,0.000524667149875313,shap_tree
23,P3,MEI1,0.005623326636850834,shap_tree
23,P3,GNGT2,0.006646820809692144,shap_tree
23,P3,FBXO22,0.001010795938782394,shap_tree
23,P3,POP5,0.010896444320678711,shap_tree
23,P3,ZNF528,0.001998700201511383,shap_tree
23,P3,AXL,0.005312221124768257,shap_tree
23,P3,LAIR2,0.002934233518317342,shap_tree
23,P3,ZNF558,0.007931021973490715,shap_tree
23,P3,VPS37C,0.0,shap_tree
23,P3,GNG4,0.017233166843652725,shap_tree
23,P3,KCTD6,0.0,shap_tree
23,P3,TRAPPC11,0.013101682998239994,shap_tree
23,P3,FAM84B,0.0035071957390755415,shap_tree
23,P3,LDLRAD4,0.05144418403506279,shap_tree
23,P3,TMEM208,0.02375033311545849,shap_tree
23,P3,PKIG,0.0005582689773291349,shap_tree
23,P3,CCDC126,0.006652123294770718,shap_tree
23,P3,PTK2,0.007732799742370844,shap_tree
23,P3,RNASE6,0.004045709036290646,shap_tree
23,P3,IL8,0.0031027437653392553,shap_tree
23,P3,GPR183,0.09847450256347656,shap_tree
23,P3,CLIC3,0.049352601170539856,shap_tree
23,P3,LRRC45,0.001217047916725278,shap_tree
23,P3,MT1E,0.011103687807917595,shap_tree
23,P3,GLB1,0.022773941978812218,shap_tree
23,P3,CD14,0.0015048636123538017,shap_tree
23,P3,KBTBD2,0.009580009616911411,shap_tree
23,P3,LILRA3,0.0,shap_tree
23,P3,RRM2,0.009704614989459515,shap_tree
23,P3,LGALS9C,0.0037969446275383234,shap_tree
23,P3,CLEC12A,0.0030694969464093447,shap_tree
23,P3,FGGY,0.0008219367009587586,shap_tree
23,P3,HSPA6,0.001994781196117401,shap_tree
23,P3,SLC2A14,0.0157967247068882,shap_tree
23,P3,C1QA,0.002291769487783313,shap_tree
23,P3,OLR1,0.001107755582779646,shap_tree
23,P3,PTPRM,0.00040834720130078495,shap_tree
23,P3,SLC25A30,0.005819156765937805,shap_tree
23,P3,TLR6,0.0025620036758482456,shap_tree
23,P3,PITPNA,0.0054143816232681274,shap_tree
23,P3,UBE2C,0.0013072671135887504,shap_tree
23,P3,ATG13,0.013808758929371834,shap_tree
23,P3,APITD1,0.00026368952239863575,shap_tree
23,P3,MCTP1,0.014392700046300888,shap_tree
23,P3,ERCC4,0.00021981335885357112,shap_tree
23,P3,RMDN1,0.005152158904820681,shap_tree
23,P3,METRNL,0.005665929522365332,shap_tree
23,P3,TYMS,0.00025058703613467515,shap_tree
23,P3,CD19,0.0038511718157678843,shap_tree
23,P3,CD163,0.00029505410930141807,shap_tree
23,P3,GEN1,0.000162573647685349,shap_tree
23,P3,ZFAND2A,0.009355224668979645,shap_tree
23,P3,DTX3,0.0006460515432991087,shap_tree
23,P3,THBD,0.0006496283458545804,shap_tree
23,P3,AURKB,0.0,shap_tree
23,P3,CSNK1A1L,0.0005171181401237845,shap_tree
23,P3,CCDC66,0.0026221417356282473,shap_tree
23,P3,ZNF571,0.007361164316534996,shap_tree
23,P3,SLC36A4,0.0024531178642064333,shap_tree
23,P3,ZNF322,0.0006739234086126089,shap_tree
23,P3,ERCC6L2,0.0028431278187781572,shap_tree
23,P3,UBA7,0.011955659836530685,shap_tree
23,P3,CYB5D1,0.004137520212680101,shap_tree
23,P3,CADM1,0.04953192174434662,shap_tree
23,P3,AFMID,0.0013544682879000902,shap_tree
23,P3,CEP57L1,0.0011721121845766902,shap_tree
23,P3,CCDC159,0.002853825455531478,shap_tree
23,P3,SERHL2,0.0009082098840735853,shap_tree
23,P3,IQGAP3,0.0074149807915091515,shap_tree
23,P3,TTC32,0.0010642434936016798,shap_tree
23,P3,KNTC1,0.0020837995689362288,shap_tree
23,P3,ZNF93,0.0004187124432064593,shap_tree
23,P3,GSTT1,0.0031854840926826,shap_tree
23,P3,TNFAIP2,0.008753069676458836,shap_tree
23,P3,IRF7,0.017234886065125465,shap_tree
23,P3,IFIT1,0.0,shap_tree
23,P3,ZNF829,0.001771755050867796,shap_tree
23,P3,CD300E,8.020496898097917e-05,shap_tree
23,P3,UBE2H,0.019071558490395546,shap_tree
23,P3,TNFRSF18,0.03611207753419876,shap_tree
23,P3,ZDHHC17,0.008650515228509903,shap_tree
23,P3,LILRA5,0.00026117070228792727,shap_tree
23,P3,CMC1,0.023928819224238396,shap_tree
23,P3,MT1X,0.010789595544338226,shap_tree
23,P3,USP7,0.02234397642314434,shap_tree
23,P3,ISG15,0.11066500097513199,shap_tree
23,P3,ARHGAP11B,0.0017931497422978282,shap_tree
23,P3,HIST1H2BG,0.0007941680960357189,shap_tree
23,P3,TPRG1,0.013326374813914299,shap_tree
23,P3,ASTL,0.0036026013549417257,shap_tree
23,P3,KIR2DL4,0.020138125866651535,shap_tree
23,P3,ZNF250,0.002700506942346692,shap_tree
23,P3,TUBB,0.013090991415083408,shap_tree
23,P3,ZFP62,0.00045594785478897393,shap_tree
23,P3,HLA-DQA1,0.022515052929520607,shap_tree
23,P3,HIST1H4C,0.01405210793018341,shap_tree
23,P3,HIST1H4J,0.00226188893429935,shap_tree
23,P3,SERPINA1,0.00034256750950589776,shap_tree
23,P3,CCL4L2,0.03231453895568848,shap_tree
23,P3,ZNF165,0.013952406123280525,shap_tree
23,P3,C5orf42,0.006496550980955362,shap_tree
23,P3,PSAP,0.031813494861125946,shap_tree
23,P3,CFD,0.0,shap_tree
23,P3,ZNF780A,0.0048343162052333355,shap_tree
23,P3,ZNF181,0.00016049171972554177,shap_tree
23,P3,FCGR1B,0.00022587169951293617,shap_tree
23,P3,HIBCH,0.001402253401465714,shap_tree
23,P3,HIST1H3A,0.0025052083656191826,shap_tree
23,P3,HLA-DRB5,0.12263035029172897,shap_tree
23,P3,ZNF789,0.004100581165403128,shap_tree
23,P3,CTNND1,0.003973567392677069,shap_tree
23,P3,TTC37,0.0022782711312174797,shap_tree
23,P3,FAM169A,0.006872494239360094,shap_tree
23,P3,TMEM184B,0.007897647097706795,shap_tree
23,P3,GK,0.04991371929645538,shap_tree
23,P3,OPA1,0.004544816445559263,shap_tree
23,P3,C9orf114,0.013492939062416553,shap_tree
23,P3,KIAA0753,0.000498138542752713,shap_tree
23,P3,TGM2,0.0005438116495497525,shap_tree
23,P3,FCGR3A,0.02368559129536152,shap_tree
23,P3,HIST2H2AA4,0.06855590641498566,shap_tree
23,P3,C10orf128,0.007315644528716803,shap_tree
23,P3,OXLD1,0.007929629646241665,shap_tree
23,P3,HLA-DRA,0.038058482110500336,shap_tree
23,P3,NEU1,0.01083318516612053,shap_tree
23,P3,HSPA1B,0.054479166865348816,shap_tree
23,P3,HSPA1A,0.05838269367814064,shap_tree
23,P3,AIF1,0.0004699644341599196,shap_tree
23,P3,NCR3,0.012676111422479153,shap_tree
23,P3,LST1,0.0017968621104955673,shap_tree
23,P3,CCL4L1,0.10097341239452362,shap_tree
23,P3,CCL3L1,0.03360739350318909,shap_tree
23,P3,CPT1B,0.010117706842720509,shap_tree
23,P3,RP11-706O15.1,0.0016092363512143493,shap_tree
23,P3,ITSN1,0.0009822049178183079,shap_tree
23,P3,CRYZL1,0.0021580057218670845,shap_tree
23,P3,RAB12,0.006889499258249998,shap_tree
23,P3,FAM24B,0.003535740775987506,shap_tree
23,P3,TREX1,0.0064779543317854404,shap_tree
23,P3,MDP1,0.0016398633597418666,shap_tree
23,P3,ZSWIM8,0.002631395822390914,shap_tree
23,P3,HNRNPUL2,0.0013540576910600066,shap_tree
23,P3,IFI30,0.01743319444358349,shap_tree
23,P3,FANCG,0.0,shap_tree
23,P3,PGAM4,0.013062062673270702,shap_tree
23,P3,LTB,0.01743282563984394,shap_tree
23,P3,HLA-DOB,0.0009358547395095229,shap_tree
23,P3,KIR2DL3,0.006300016772001982,shap_tree
23,P3,ZNF585B,0.009134025312960148,shap_tree
23,P3,ZNF345,0.0,shap_tree
23,P3,CSNK2A3,0.0037676787469536066,shap_tree
23,P3,HIST1H3G,0.0,shap_tree
23,P3,CCL3L3,0.012449100613594055,shap_tree
23,P3,CEP95,0.010560078546404839,shap_tree
23,P3,RP11-96O20.4,0.0031357514671981335,shap_tree
23,P3,PMF1-BGLAP,0.0013215154176577926,shap_tree
23,P3,AARSD1,0.00856021698564291,shap_tree
23,P3,CTD-3214H19.4,0.01110320258885622,shap_tree
23,P3,AL022328.1,0.0,shap_tree
24,P30,FGR,0.0,shap_tree
24,P30,TMEM176A,1.5691006410634145e-05,shap_tree
24,P30,ST7,0.0,shap_tree
24,P30,BZRAP1,5.446842624223791e-05,shap_tree
24,P30,GCFC2,0.0,shap_tree
24,P30,CCL3,0.005778731312602758,shap_tree
24,P30,CD79B,0.0,shap_tree
24,P30,CYB561,0.0,shap_tree
24,P30,PKD1,0.0,shap_tree
24,P30,DYRK4,0.0,shap_tree
24,P30,CD9,0.0,shap_tree
24,P30,PLAUR,0.00025279424153268337,shap_tree
24,P30,TYROBP,0.0005403304239735007,shap_tree
24,P30,CD22,0.0,shap_tree
24,P30,SLC11A1,0.0,shap_tree
24,P30,MARCO,4.4248587073525414e-05,shap_tree
24,P30,CD74,0.005470958072692156,shap_tree
24,P30,PLEKHB1,0.0,shap_tree
24,P30,NUP160,1.7063153791241348e-05,shap_tree
24,P30,GRN,1.8853683286579326e-05,shap_tree
24,P30,APBA2,5.3966232371749356e-05,shap_tree
24,P30,NSMAF,0.0,shap_tree
24,P30,METTL1,0.0,shap_tree
24,P30,VCAN,0.0,shap_tree
24,P30,CAPG,9.01194944162853e-05,shap_tree
24,P30,ADAM28,4.834948049392551e-05,shap_tree
24,P30,TNFRSF9,9.14280735742068e-06,shap_tree
24,P30,QSER1,0.0,shap_tree
24,P30,ST3GAL6,0.0,shap_tree
24,P30,FAR2,0.0,shap_tree
24,P30,CHI3L2,0.0,shap_tree
24,P30,WDR3,1.0959547580569051e-05,shap_tree
24,P30,ZNRD1,2.4807010049698874e-05,shap_tree
24,P30,ROGDI,0.0,shap_tree
24,P30,BCL3,1.436139768884459e-06,shap_tree
24,P30,TFRC,3.220856888219714e-05,shap_tree
24,P30,LLGL2,0.0,shap_tree
24,P30,MAP3K13,0.0,shap_tree
24,P30,MGLL,0.0,shap_tree
24,P30,BCS1L,0.0,shap_tree
24,P30,SPAG5,0.0,shap_tree
24,P30,GTF3C1,0.0,shap_tree
24,P30,PIK3C3,1.0329678843845613e-05,shap_tree
24,P30,TNS1,7.734360406175256e-05,shap_tree
24,P30,REXO1,0.0,shap_tree
24,P30,OPHN1,0.0,shap_tree
24,P30,SESN1,2.6995892767445184e-05,shap_tree
24,P30,HSP90AA1,0.003049867693334818,shap_tree
24,P30,CXCL2,0.0,shap_tree
24,P30,COBLL1,0.0,shap_tree
24,P30,NFE2L1,6.489895167760551e-05,shap_tree
24,P30,KAT6A,5.4531552450498566e-05,shap_tree
24,P30,P2RX5,0.0,shap_tree
24,P30,FCN1,8.195157533918973e-06,shap_tree
24,P30,KIF9,0.0,shap_tree
24,P30,CRLS1,0.0,shap_tree
24,P30,OAS1,0.00020378993940539658,shap_tree
24,P30,LYZ,0.0,shap_tree
24,P30,WDR7,0.0,shap_tree
24,P30,HDAC6,0.0,shap_tree
24,P30,AAAS,0.0,shap_tree
24,P30,HOOK2,3.6611909308703616e-05,shap_tree
24,P30,ACOT7,0.0,shap_tree
24,P30,GADD45B,0.0002641250321175903,shap_tree
24,P30,GGT1,0.0,shap_tree
24,P30,LGALS2,0.00012216108734719455,shap_tree
24,P30,LGALS1,0.05220247432589531,shap_tree
24,P30,RHBDD3,0.0,shap_tree
24,P30,GZMB,0.04203508421778679,shap_tree
24,P30,CDKL1,0.0,shap_tree
24,P30,CDKN3,0.0,shap_tree
24,P30,PIGH,0.0,shap_tree
24,P30,LGMN,0.0,shap_tree
24,P30,TCL1A,0.0,shap_tree
24,P30,PLTP,0.0,shap_tree
24,P30,MMP9,0.0,shap_tree
24,P30,CST3,0.0005135656683705747,shap_tree
24,P30,WDR13,0.0,shap_tree
24,P30,FMR1,0.0,shap_tree
24,P30,TIMP1,0.0004280804714653641,shap_tree
24,P30,GLA,2.0867311832262203e-05,shap_tree
24,P30,KIAA0226L,0.0,shap_tree
24,P30,ACP5,0.0002490528568159789,shap_tree
24,P30,FAM173A,0.0,shap_tree
24,P30,CLUAP1,0.0,shap_tree
24,P30,FAH,0.0,shap_tree
24,P30,GABPB1,0.0003153251891490072,shap_tree
24,P30,DMXL2,0.0,shap_tree
24,P30,IL7,0.0,shap_tree
24,P30,SARS2,0.0,shap_tree
24,P30,DOT1L,0.0,shap_tree
24,P30,FCER2,0.0,shap_tree
24,P30,IL4I1,0.0,shap_tree
24,P30,ZNF419,0.0,shap_tree
24,P30,PDCD5,0.00012603517097886652,shap_tree
24,P30,CD79A,0.0,shap_tree
24,P30,PON2,8.939189137890935e-05,shap_tree
24,P30,CPVL,0.0,shap_tree
24,P30,ABHD11,0.0,shap_tree
24,P30,STX1A,0.0,shap_tree
24,P30,HSPB1,0.006011679768562317,shap_tree
24,P30,TMEM176B,0.0,shap_tree
24,P30,PIGL,1.5572273696307093e-05,shap_tree
24,P30,GALK1,0.0,shap_tree
24,P30,NUP88,0.0,shap_tree
24,P30,CCL2,0.0,shap_tree
24,P30,RAB34,0.0,shap_tree
24,P30,CRTAM,5.0546783313620836e-05,shap_tree
24,P30,MS4A6A,0.0,shap_tree
24,P30,MS4A4A,0.0,shap_tree
24,P30,PRPF19,0.0,shap_tree
24,P30,PRR4,0.0,shap_tree
24,P30,DDX55,0.0,shap_tree
24,P30,IFNG,0.0047494047321379185,shap_tree
24,P30,CHPT1,0.0,shap_tree
24,P30,GNPTAB,0.0,shap_tree
24,P30,CLEC4A,0.0,shap_tree
24,P30,CD83,0.00020245743507985026,shap_tree
24,P30,PFKFB4,0.0,shap_tree
24,P30,C3orf14,0.0,shap_tree
24,P30,CISH,0.0,shap_tree
24,P30,GTF3C2,1.2363600035314448e-05,shap_tree
24,P30,FN1,0.0,shap_tree
24,P30,GNLY,0.00037939634057693183,shap_tree
24,P30,STK25,0.0,shap_tree
24,P30,CEP104,0.0,shap_tree
24,P30,KIAA1324,0.0,shap_tree
24,P30,AMPD2,0.0,shap_tree
24,P30,MECR,0.0,shap_tree
24,P30,ZBTB17,0.0,shap_tree
24,P30,TTF2,0.0,shap_tree
24,P30,GBP1,0.01904359646141529,shap_tree
24,P30,CDC20,0.0,shap_tree
24,P30,RCOR3,0.0,shap_tree
24,P30,STMN1,0.00023338536266237497,shap_tree
24,P30,CTSD,0.0059211296029388905,shap_tree
24,P30,STK11,0.0,shap_tree
24,P30,C1orf54,0.0,shap_tree
24,P30,ARMC2,0.0,shap_tree
24,P30,SPP1,0.0,shap_tree
24,P30,C2orf43,0.0,shap_tree
24,P30,FAM206A,0.0,shap_tree
24,P30,CSF3R,0.0004948331043124199,shap_tree
24,P30,MLH3,0.0,shap_tree
24,P30,BCL11A,0.0,shap_tree
24,P30,IFIT3,0.0,shap_tree
24,P30,HSPH1,0.0015336187789216638,shap_tree
24,P30,TGFBI,0.002983094658702612,shap_tree
24,P30,CLU,0.0,shap_tree
24,P30,EPHX2,0.0,shap_tree
24,P30,LY9,0.0006160602206364274,shap_tree
24,P30,PMS2,0.0,shap_tree
24,P30,PLAU,0.0,shap_tree
24,P30,EGR2,2.288108953507617e-05,shap_tree
24,P30,MMP19,0.0,shap_tree
24,P30,NR4A1,0.0006753623019903898,shap_tree
24,P30,TUBA1B,0.0002894092467613518,shap_tree
24,P30,NDUFAF4,0.0,shap_tree
24,P30,METTL8,0.0,shap_tree
24,P30,G0S2,0.0001757487334543839,shap_tree
24,P30,MCEE,5.032129047322087e-05,shap_tree
24,P30,F13A1,0.0,shap_tree
24,P30,TREM1,8.244704804383218e-05,shap_tree
24,P30,SOX4,0.0,shap_tree
24,P30,BBS2,0.0,shap_tree
24,P30,MT2A,0.06056264787912369,shap_tree
24,P30,PTGER2,0.0,shap_tree
24,P30,NUP85,6.410598871298134e-06,shap_tree
24,P30,IL1B,0.0,shap_tree
24,P30,GZF1,0.0,shap_tree
24,P30,CCR7,0.017291871830821037,shap_tree
24,P30,NSRP1,3.776618541451171e-05,shap_tree
24,P30,IFI6,0.1575211137533188,shap_tree
24,P30,GFER,0.0,shap_tree
24,P30,PTPN12,0.0,shap_tree
24,P30,APOBEC3A,1.6023147964006057e-06,shap_tree
24,P30,ARHGAP22,0.0,shap_tree
24,P30,TMOD2,0.0,shap_tree
24,P30,CD68,0.00015582269406877458,shap_tree
24,P30,CCL4,0.005750200245529413,shap_tree
24,P30,PARP2,0.0,shap_tree
24,P30,EGLN3,0.0,shap_tree
24,P30,ERMARD,0.0,shap_tree
24,P30,SAT1,0.0017721414333209395,shap_tree
24,P30,LDLR,1.7033440599334426e-05,shap_tree
24,P30,APOE,0.0,shap_tree
24,P30,APOC1,0.0,shap_tree
24,P30,C6orf203,0.0,shap_tree
24,P30,DKC1,0.0,shap_tree
24,P30,NINJ1,0.000272760255029425,shap_tree
24,P30,LGALS3,0.002025130670517683,shap_tree
24,P30,FCRLA,0.0,shap_tree
24,P30,SERPINF1,1.0766299055831041e-05,shap_tree
24,P30,IGJ,6.958269659662619e-05,shap_tree
24,P30,PRMT7,0.0,shap_tree
24,P30,MYH10,4.444996375241317e-05,shap_tree
24,P30,MORC2,0.0,shap_tree
24,P30,E2F5,0.0,shap_tree
24,P30,SBF2,0.0,shap_tree
24,P30,HSD17B4,0.0,shap_tree
24,P30,CCNB1,0.0,shap_tree
24,P30,RSAD2,0.0,shap_tree
24,P30,FBXO18,0.0,shap_tree
24,P30,IL2RA,0.0,shap_tree
24,P30,CARS2,0.0,shap_tree
24,P30,SLC37A2,0.0,shap_tree
24,P30,CTSL,0.00013065621897112578,shap_tree
24,P30,CD36,6.717763426422607e-06,shap_tree
24,P30,HILPDA,3.323737018945394e-06,shap_tree
24,P30,TROAP,0.0,shap_tree
24,P30,GLUL,0.00023618241539224982,shap_tree
24,P30,GPNMB,6.397191100404598e-06,shap_tree
24,P30,IL10,0.0,shap_tree
24,P30,IL1RN,0.00014027516590431333,shap_tree
24,P30,TXN,0.0033821749966591597,shap_tree
24,P30,IL11RA,0.0,shap_tree
24,P30,IRF4,2.3952828996698372e-05,shap_tree
24,P30,IER3,0.0,shap_tree
24,P30,RNF121,0.0,shap_tree
24,P30,C11orf1,0.0,shap_tree
24,P30,IFI44L,0.006290616001933813,shap_tree
24,P30,IFI44,0.0,shap_tree
24,P30,DNAJC13,0.0,shap_tree
24,P30,ITGAV,0.0,shap_tree
24,P30,TMOD3,0.0,shap_tree
24,P30,SPPL2A,5.111977952765301e-05,shap_tree
24,P30,ARHGAP24,0.00012385637091938406,shap_tree
24,P30,CASP6,0.0,shap_tree
24,P30,LEF1,8.066463487921283e-05,shap_tree
24,P30,C1RL,0.0,shap_tree
24,P30,CLSTN3,6.495295110653387e-06,shap_tree
24,P30,DUSP6,6.435976956709055e-06,shap_tree
24,P30,GPR84,0.0,shap_tree
24,P30,WARS,0.06533553451299667,shap_tree
24,P30,SLC12A6,3.779231337830424e-05,shap_tree
24,P30,TCF12,0.00038493628380820155,shap_tree
24,P30,BCL2A1,0.0,shap_tree
24,P30,TPM1,0.0,shap_tree
24,P30,MFGE8,0.0,shap_tree
24,P30,IRF8,2.2463036657427438e-05,shap_tree
24,P30,TAF4B,0.0,shap_tree
24,P30,TP53,7.215295227069873e-06,shap_tree
24,P30,IFITM3,0.007261529564857483,shap_tree
24,P30,DOPEY2,2.5953768272302113e-06,shap_tree
24,P30,ADC,0.0,shap_tree
24,P30,PPOX,0.0,shap_tree
24,P30,FCGR2A,8.872377657098696e-05,shap_tree
24,P30,FCRL5,0.0,shap_tree
24,P30,ABL2,0.0,shap_tree
24,P30,S100A8,0.0,shap_tree
24,P30,SLC27A3,0.0,shap_tree
24,P30,AFF3,0.0,shap_tree
24,P30,EAF2,0.0,shap_tree
24,P30,EIF2B5,8.874101331457496e-05,shap_tree
24,P30,PLAC8,6.895623300806619e-06,shap_tree
24,P30,MMS22L,0.0,shap_tree
24,P30,NOM1,0.0,shap_tree
24,P30,CXorf57,0.0,shap_tree
24,P30,GSN,2.1417756215669215e-05,shap_tree
24,P30,MRRF,4.3602194637060165e-05,shap_tree
24,P30,FUOM,0.0,shap_tree
24,P30,PDCD11,7.875389201217331e-06,shap_tree
24,P30,ADM,0.0,shap_tree
24,P30,IMMP1L,0.0,shap_tree
24,P30,FADS1,0.0,shap_tree
24,P30,TM7SF2,0.0,shap_tree
24,P30,FCGR1A,0.0,shap_tree
24,P30,PRSS23,0.0,shap_tree
24,P30,MIPOL1,2.7258589398115873e-05,shap_tree
24,P30,PTPRO,0.0,shap_tree
24,P30,FARP1,0.0,shap_tree
24,P30,PTPRK,4.3209623981965706e-05,shap_tree
24,P30,BANK1,0.0,shap_tree
24,P30,DAB2,0.0,shap_tree
24,P30,OBSCN,0.0,shap_tree
24,P30,LY96,0.0,shap_tree
24,P30,PPP4R1,0.0,shap_tree
24,P30,TMEM55A,0.0,shap_tree
24,P30,VSIG4,0.0,shap_tree
24,P30,MCU,0.0,shap_tree
24,P30,NDUFAF6,0.0,shap_tree
24,P30,ADAMTSL3,0.0,shap_tree
24,P30,CXCL13,0.00010758466669358313,shap_tree
24,P30,FAM122B,0.0,shap_tree
24,P30,MS4A1,0.0011460884707048535,shap_tree
24,P30,VPS8,0.00010615824430715293,shap_tree
24,P30,B3GNT7,2.4233580916188657e-05,shap_tree
24,P30,CCNB2,0.0,shap_tree
24,P30,MYO1E,0.0,shap_tree
24,P30,C9orf91,0.0,shap_tree
24,P30,FAIM,0.0,shap_tree
24,P30,HIST1H2BD,0.0,shap_tree
24,P30,NCF1,0.0,shap_tree
24,P30,FCER1G,0.001532742753624916,shap_tree
24,P30,TOMM40L,0.0,shap_tree
24,P30,C1QC,0.0,shap_tree
24,P30,SPON2,0.00012016882828902453,shap_tree
24,P30,TMPRSS3,0.0,shap_tree
24,P30,LMNA,0.000658029573969543,shap_tree
24,P30,PLXDC1,0.0,shap_tree
24,P30,ZNF577,0.0,shap_tree
24,P30,CYB561A3,0.0,shap_tree
24,P30,C1orf123,0.0,shap_tree
24,P30,VCAM1,0.004000702872872353,shap_tree
24,P30,NLRP3,0.0,shap_tree
24,P30,FCGR3B,0.0002742725773714483,shap_tree
24,P30,ATF3,0.0005261669284664094,shap_tree
24,P30,ZNF2,0.0,shap_tree
24,P30,CTSS,0.0,shap_tree
24,P30,S100A9,0.00014298675523605198,shap_tree
24,P30,KBTBD8,1.4926394214853644e-05,shap_tree
24,P30,ANKZF1,4.451217319001444e-05,shap_tree
24,P30,FCRL1,5.605255500995554e-05,shap_tree
24,P30,CTLA4,0.0001926400000229478,shap_tree
24,P30,SMIM14,0.0,shap_tree
24,P30,CXCL3,0.0,shap_tree
24,P30,RCHY1,0.0,shap_tree
24,P30,WDR43,0.0,shap_tree
24,P30,GNL3,7.557359640486538e-05,shap_tree
24,P30,PIGX,0.0,shap_tree
24,P30,ITGA2,0.0,shap_tree
24,P30,C5orf63,0.0,shap_tree
24,P30,CTSB,0.004307686351239681,shap_tree
24,P30,PHAX,4.685603562393226e-05,shap_tree
24,P30,GEM,0.0,shap_tree
24,P30,LETM2,0.0,shap_tree
24,P30,FBP1,0.0003769239701796323,shap_tree
24,P30,IFI27,0.0,shap_tree
24,P30,CLMN,0.0,shap_tree
24,P30,DPCD,0.0,shap_tree
24,P30,ARIH1,6.726812443957897e-06,shap_tree
24,P30,STXBP4,0.0,shap_tree
24,P30,CUL5,4.792088657268323e-05,shap_tree
24,P30,TAF10,1.843238169385586e-05,shap_tree
24,P30,USP54,0.0,shap_tree
24,P30,XRRA1,0.0,shap_tree
24,P30,CLEC4E,0.0,shap_tree
24,P30,ANPEP,0.0001175871366285719,shap_tree
24,P30,PLK1,0.0,shap_tree
24,P30,C15orf48,0.0,shap_tree
24,P30,MS4A7,0.0,shap_tree
24,P30,MEI1,0.0,shap_tree
24,P30,GNGT2,0.0,shap_tree
24,P30,POP5,0.0,shap_tree
24,P30,ENTHD2,0.0,shap_tree
24,P30,SPATA33,0.0,shap_tree
24,P30,AXL,0.0,shap_tree
24,P30,NFKBID,2.8683554774033837e-05,shap_tree
24,P30,CHAF1A,0.0,shap_tree
24,P30,VPS37C,0.0,shap_tree
24,P30,BSCL2,0.0,shap_tree
24,P30,NAALADL1,0.0,shap_tree
24,P30,SMIM4,0.0,shap_tree
24,P30,CX3CR1,0.0006391347851604223,shap_tree
24,P30,TRAPPC11,0.0,shap_tree
24,P30,TMEM208,0.0,shap_tree
24,P30,PPIP5K1,0.0,shap_tree
24,P30,RNASE6,0.0,shap_tree
24,P30,IL8,0.0,shap_tree
24,P30,GPR183,0.0022613846231251955,shap_tree
24,P30,CLIC3,0.0006963853957131505,shap_tree
24,P30,MT1E,8.418184734182432e-05,shap_tree
24,P30,TAPT1,0.0,shap_tree
24,P30,GLB1,3.53563591488637e-05,shap_tree
24,P30,CD14,0.0,shap_tree
24,P30,GTSF1,0.0,shap_tree
24,P30,KBTBD2,0.0,shap_tree
24,P30,LILRA3,0.0,shap_tree
24,P30,HDAC3,1.4024147276359145e-05,shap_tree
24,P30,METTL18,0.0,shap_tree
24,P30,RRM2,0.0,shap_tree
24,P30,LGALS9C,0.0,shap_tree
24,P30,ATPAF2,0.0,shap_tree
24,P30,CLEC12A,0.0,shap_tree
24,P30,FUT10,0.0,shap_tree
24,P30,HSPA6,1.8752352843875997e-05,shap_tree
24,P30,RAPH1,0.0,shap_tree
24,P30,SLC2A14,1.9451217667665333e-05,shap_tree
24,P30,MZT2A,0.0,shap_tree
24,P30,C1QB,0.0,shap_tree
24,P30,C1QA,0.0,shap_tree
24,P30,OLR1,0.0,shap_tree
24,P30,CXorf23,0.0,shap_tree
24,P30,PITPNA,0.0,shap_tree
24,P30,ATG13,2.767835212580394e-05,shap_tree
24,P30,APITD1,0.0,shap_tree
24,P30,ZNF519,0.0,shap_tree
24,P30,MCTP1,0.0,shap_tree
24,P30,ERCC4,0.0,shap_tree
24,P30,ZNF683,6.050519004929811e-05,shap_tree
24,P30,METRNL,6.356617086566985e-05,shap_tree
24,P30,CD19,0.00015037390403449535,shap_tree
24,P30,CD163,0.0,shap_tree
24,P30,BOLA1,0.0,shap_tree
24,P30,GEN1,0.0,shap_tree
24,P30,THBD,0.0002245958603452891,shap_tree
24,P30,CPNE7,0.0,shap_tree
24,P30,DPY19L3,0.0,shap_tree
24,P30,APOBEC3B,0.0,shap_tree
24,P30,CSNK1A1L,0.0,shap_tree
24,P30,HARBI1,0.0,shap_tree
24,P30,EIF2S3L,0.0,shap_tree
24,P30,HIST1H2BC,0.0,shap_tree
24,P30,ZNF707,0.0,shap_tree
24,P30,ZNF678,0.0,shap_tree
24,P30,UBA7,3.813929288298823e-05,shap_tree
24,P30,CADM1,0.00022641397663392127,shap_tree
24,P30,CCDC159,0.0,shap_tree
24,P30,SERHL2,0.0,shap_tree
24,P30,IQGAP3,0.0,shap_tree
24,P30,COA3,0.0,shap_tree
24,P30,PLA2G6,0.0,shap_tree
24,P30,KNTC1,3.119168832199648e-05,shap_tree
24,P30,PTP4A3,0.0,shap_tree
24,P30,TMED9,0.0,shap_tree
24,P30,DGAT1,0.0,shap_tree
24,P30,DDX51,0.0,shap_tree
24,P30,TNFAIP2,0.0,shap_tree
24,P30,WBP5,0.0,shap_tree
24,P30,IRF7,0.0,shap_tree
24,P30,PTCH1,0.0,shap_tree
24,P30,CD300E,0.0,shap_tree
24,P30,UBE2H,0.0,shap_tree
24,P30,TNFRSF4,0.0,shap_tree
24,P30,TNFRSF18,8.687141234986484e-05,shap_tree
24,P30,ZDHHC17,0.0,shap_tree
24,P30,GPR141,0.0,shap_tree
24,P30,LILRA5,0.0,shap_tree
24,P30,CMC1,2.4405893782386556e-05,shap_tree
24,P30,MT1X,0.0,shap_tree
24,P30,USP7,1.4659538464911748e-05,shap_tree
24,P30,ISG15,0.012615934945642948,shap_tree
24,P30,FANCA,0.0,shap_tree
24,P30,FANCM,1.202217026730068e-05,shap_tree
24,P30,ARHGAP11B,8.426125532423612e-06,shap_tree
24,P30,TPRG1,0.0,shap_tree
24,P30,FAM26F,5.035907088313252e-05,shap_tree
24,P30,KIR2DL4,0.0,shap_tree
24,P30,ZNF573,0.0,shap_tree
24,P30,TUBB,5.099733607494272e-05,shap_tree
24,P30,GTF2IRD2,1.5268051356542856e-05,shap_tree
24,P30,ANAPC7,0.0,shap_tree
24,P30,NF1,0.0,shap_tree
24,P30,MAML3,1.9834444174193777e-05,shap_tree
24,P30,SULT1A2,0.0,shap_tree
24,P30,SERPINA1,0.0,shap_tree
24,P30,CCL4L2,0.0010595080675557256,shap_tree
24,P30,ZNF165,0.0,shap_tree
24,P30,C5orf42,0.0,shap_tree
24,P30,PSAP,0.00013220687105786055,shap_tree
24,P30,CFD,0.0,shap_tree
24,P30,ZNF81,0.0,shap_tree
24,P30,ZNF780A,0.0,shap_tree
24,P30,HIST1H2BF,0.0,shap_tree
24,P30,FCGR1B,0.0,shap_tree
24,P30,HIBCH,0.0,shap_tree
24,P30,SPRED2,0.0,shap_tree
24,P30,HIST1H4E,0.0,shap_tree
24,P30,TTC37,5.893773050047457e-06,shap_tree
24,P30,FAM169A,1.7615104297874495e-05,shap_tree
24,P30,TMEM184B,0.0,shap_tree
24,P30,GK,0.0008797101327218115,shap_tree
24,P30,OPA1,0.0,shap_tree
24,P30,C9orf114,0.0,shap_tree
24,P30,TGM2,0.0,shap_tree
24,P30,ZNF525,0.0,shap_tree
24,P30,FCGR3A,0.0007154872291721404,shap_tree
24,P30,HIST2H2AA4,0.00029146234737709165,shap_tree
24,P30,CXorf65,0.0,shap_tree
24,P30,HLA-DRA,0.010686942376196384,shap_tree
24,P30,NEU1,0.0003665414697024971,shap_tree
24,P30,HSPA1B,0.0027645903173834085,shap_tree
24,P30,HSPA1A,0.0014089317992329597,shap_tree
24,P30,LY6G5C,0.0,shap_tree
24,P30,AIF1,0.0,shap_tree
24,P30,LST1,0.0,shap_tree
24,P30,CCL4L1,0.031429044902324677,shap_tree
24,P30,CCL3L1,0.0005560145364142954,shap_tree
24,P30,CPT1B,0.0,shap_tree
24,P30,GSTM2,0.0,shap_tree
24,P30,TREX1,0.0,shap_tree
24,P30,DNASE1,0.0,shap_tree
24,P30,MYL5,0.0,shap_tree
24,P30,IFI30,0.00022785048349760473,shap_tree
24,P30,FANCG,0.0,shap_tree
24,P30,PGAM4,1.6190127780646435e-06,shap_tree
24,P30,LTB,0.0001486768014729023,shap_tree
24,P30,HLA-DOB,0.0,shap_tree
24,P30,ZNF585B,0.0,shap_tree
24,P30,INSL3,0.0,shap_tree
24,P30,CHCHD10,0.0,shap_tree
24,P30,ZNF345,0.0,shap_tree
24,P30,IGLL5,0.0,shap_tree
24,P30,HIST1H3G,0.0,shap_tree
24,P30,CCL3L3,2.0804860469070263e-05,shap_tree
24,P30,RP11-96O20.4,0.0,shap_tree
24,P30,MYO15B,0.00018017225374933332,shap_tree
24,P30,AL161784.1,0.0,shap_tree
24,P30,AL022328.1,0.0,shap_tree
24,P30,SPIB,1.0706688044592738e-05,shap_tree
25,P31,C1orf112,0.0,shap_tree
25,P31,FGR,1.4017412468092516e-05,shap_tree
25,P31,TMEM176A,6.3869527366478e-05,shap_tree
25,P31,NDUFAF7,5.3217045206110924e-05,shap_tree
25,P31,ST7,8.614226680947468e-05,shap_tree
25,P31,CCL3,0.001801869017072022,shap_tree
25,P31,CDKL3,0.0,shap_tree
25,P31,CD79B,4.640091901819687e-06,shap_tree
25,P31,DYRK4,6.896935360600764e-07,shap_tree
25,P31,CD9,0.00027443759609013796,shap_tree
25,P31,PLAUR,2.9903105769335525e-07,shap_tree
25,P31,TYROBP,0.0002244906936539337,shap_tree
25,P31,CD22,1.2924338989250828e-05,shap_tree
25,P31,SLC11A1,1.8231266949442215e-05,shap_tree
25,P31,MARCO,0.0,shap_tree
25,P31,CD74,0.003523382358253002,shap_tree
25,P31,NR1H3,0.0,shap_tree
25,P31,AGPAT4,0.0,shap_tree
25,P31,NUP160,0.00015061409794725478,shap_tree
25,P31,GRN,0.00010464541264809668,shap_tree
25,P31,NSMAF,0.0001673717051744461,shap_tree
25,P31,STAP1,4.130936019919318e-07,shap_tree
25,P31,METTL1,0.0,shap_tree
25,P31,VCAN,5.518161560758017e-05,shap_tree
25,P31,SPDL1,0.0001383746712235734,shap_tree
25,P31,ADAM28,1.920346221595537e-05,shap_tree
25,P31,TNFRSF9,2.2958744011702947e-05,shap_tree
25,P31,SIKE1,6.9047946453792974e-06,shap_tree
25,P31,RRP12,9.26311895455001e-06,shap_tree
25,P31,TSPAN32,8.185831575246993e-06,shap_tree
25,P31,ST3GAL6,4.7527005335723516e-06,shap_tree
25,P31,LPAR2,7.307564374059439e-06,shap_tree
25,P31,FAR2,0.0,shap_tree
25,P31,ADAT1,1.1851285307784565e-05,shap_tree
25,P31,ROGDI,2.637445959408069e-07,shap_tree
25,P31,BCL3,4.788484875462018e-05,shap_tree
25,P31,MPP5,2.0032430256833322e-06,shap_tree
25,P31,LLGL2,9.804510227695573e-06,shap_tree
25,P31,MAP3K13,1.490406702941982e-05,shap_tree
25,P31,FSCN1,0.0,shap_tree
25,P31,SLC46A1,2.0509760361164808e-05,shap_tree
25,P31,SPAG5,2.4156744984793477e-05,shap_tree
25,P31,GTF3C1,0.00017908544396050274,shap_tree
25,P31,IL4R,0.001507141045294702,shap_tree
25,P31,PIK3C3,1.1514372090459801e-05,shap_tree
25,P31,SLC1A3,4.611788881447865e-06,shap_tree
25,P31,TNS1,0.00015470410289708525,shap_tree
25,P31,REXO1,1.074190549843479e-06,shap_tree
25,P31,OPHN1,0.0,shap_tree
25,P31,HSP90AA1,0.008300038054585457,shap_tree
25,P31,CXCL2,0.0,shap_tree
25,P31,KAT6A,5.238203448243439e-05,shap_tree
25,P31,ULK2,0.0,shap_tree
25,P31,FCN1,0.0,shap_tree
25,P31,RFX2,0.00014453730545938015,shap_tree
25,P31,DOCK9,1.0402943189546932e-05,shap_tree
25,P31,OAS1,3.546944572008215e-05,shap_tree
25,P31,LYZ,1.9037939637200907e-05,shap_tree
25,P31,WDR7,4.899230771115981e-05,shap_tree
25,P31,HDAC6,4.995690687792376e-06,shap_tree
25,P31,AAAS,5.176770355319604e-05,shap_tree
25,P31,HOOK2,6.076969839341473e-06,shap_tree
25,P31,ACOT7,0.0,shap_tree
25,P31,GADD45B,0.000843191344756633,shap_tree
25,P31,LGALS2,2.6101401090272702e-05,shap_tree
25,P31,CYP2D6,0.0,shap_tree
25,P31,RHBDD3,0.0,shap_tree
25,P31,HMOX1,0.0,shap_tree
25,P31,GZMB,0.015211433172225952,shap_tree
25,P31,PRMT5,6.18026897427626e-05,shap_tree
25,P31,CDKN3,0.0,shap_tree
25,P31,TIMM9,0.0,shap_tree
25,P31,TCL1A,0.0,shap_tree
25,P31,PLTP,0.0,shap_tree
25,P31,MMP9,0.0,shap_tree
25,P31,PABPC1L,9.520785170025192e-06,shap_tree
25,P31,CST3,1.9441327822278254e-05,shap_tree
25,P31,WDR13,4.682600774685852e-06,shap_tree
25,P31,SLC25A14,1.1531742529768962e-06,shap_tree
25,P31,FMR1,1.9622564195742598e-06,shap_tree
25,P31,CD40LG,3.269174385422957e-06,shap_tree
25,P31,TIMP1,0.0007077631307765841,shap_tree
25,P31,GLA,0.00017929644673131406,shap_tree
25,P31,KIAA0226L,1.4440778386415332e-06,shap_tree
25,P31,ACP5,0.00020576755923684686,shap_tree
25,P31,TSC22D1,0.00014717831800226122,shap_tree
25,P31,CLUAP1,1.798807170416694e-05,shap_tree
25,P31,DNAJA3,0.0,shap_tree
25,P31,MTFMT,1.1152726074215025e-05,shap_tree
25,P31,ZC2HC1A,0.0,shap_tree
25,P31,PPP2CB,0.0,shap_tree
25,P31,ASAH1,3.2559932151343673e-05,shap_tree
25,P31,DOT1L,3.3611788694543066e-06,shap_tree
25,P31,FCER2,0.00014478516823146492,shap_tree
25,P31,IL4I1,9.643937119108159e-06,shap_tree
25,P31,PDCD5,0.00035510430461727083,shap_tree
25,P31,EBI3,0.0,shap_tree
25,P31,CD79A,8.874305785866454e-05,shap_tree
25,P31,TNPO2,1.4198827557265759e-05,shap_tree
25,P31,LILRB5,3.506386201479472e-05,shap_tree
25,P31,PON2,0.0007793971453793347,shap_tree
25,P31,CPVL,0.0,shap_tree
25,P31,EPHB6,6.711227797495667e-06,shap_tree
25,P31,HSPB1,0.003658672096207738,shap_tree
25,P31,TMEM176B,1.8986276018040371e-06,shap_tree
25,P31,RASSF4,1.2265701116120908e-05,shap_tree
25,P31,RECQL5,1.4393732499229372e-06,shap_tree
25,P31,GALK1,1.3493422557075974e-05,shap_tree
25,P31,NUP88,7.365083001786843e-05,shap_tree
25,P31,LGALS3BP,6.307948206085712e-05,shap_tree
25,P31,CCL2,0.0,shap_tree
25,P31,TNFAIP1,0.0,shap_tree
25,P31,TMEM97,4.905344394501299e-05,shap_tree
25,P31,RAB34,7.492682016163599e-06,shap_tree
25,P31,SC5D,4.820610047318041e-05,shap_tree
25,P31,CRTAM,0.0005725495284423232,shap_tree
25,P31,VWA5A,0.0,shap_tree
25,P31,MS4A6A,1.1073900168412365e-05,shap_tree
25,P31,MS4A4A,1.372845235891873e-05,shap_tree
25,P31,PRPF19,2.4026085156947374e-05,shap_tree
25,P31,CD81,5.022117693442851e-05,shap_tree
25,P31,PRR4,0.0004415021976456046,shap_tree
25,P31,ACAD10,1.3818475053994916e-05,shap_tree
25,P31,GTF2H3,1.8169313989346847e-05,shap_tree
25,P31,DDX55,3.055412889807485e-06,shap_tree
25,P31,STX2,0.0,shap_tree
25,P31,IFNG,0.0031894587446004152,shap_tree
25,P31,CLEC4A,4.494184395298362e-05,shap_tree
25,P31,CD83,0.0031994529999792576,shap_tree
25,P31,APBB3,9.900837176246569e-05,shap_tree
25,P31,TRAPPC13,1.7377891708747484e-05,shap_tree
25,P31,SMAD5,2.1296906197676435e-05,shap_tree
25,P31,GORASP1,1.4271497093432117e-05,shap_tree
25,P31,GTF3C2,1.3958588169771247e-06,shap_tree
25,P31,FN1,0.0,shap_tree
25,P31,GNLY,0.0036904506850987673,shap_tree
25,P31,STK25,1.1893395821971353e-05,shap_tree
25,P31,EPHA4,0.00015234571765176952,shap_tree
25,P31,CEP104,6.36679760646075e-06,shap_tree
25,P31,KIAA1324,0.0009876700351014733,shap_tree
25,P31,AMPD2,1.3294814380060416e-05,shap_tree
25,P31,TTF2,4.829762474400923e-06,shap_tree
25,P31,GBP1,0.006028610281646252,shap_tree
25,P31,CDC20,0.0,shap_tree
25,P31,RCOR3,2.6526231522439048e-05,shap_tree
25,P31,STMN1,0.00014811038272455335,shap_tree
25,P31,CTSD,0.0005935293738730252,shap_tree
25,P31,LRMP,2.239264540548902e-05,shap_tree
25,P31,SGK1,2.0600516563717974e-06,shap_tree
25,P31,SPP1,2.2248212872000295e-07,shap_tree
25,P31,C2orf43,1.0370904419687577e-06,shap_tree
25,P31,FAM206A,9.391517778567504e-06,shap_tree
25,P31,CSF3R,0.00039718893822282553,shap_tree
25,P31,BCL11A,2.8708387617371045e-05,shap_tree
25,P31,IFIT3,2.910291550506372e-05,shap_tree
25,P31,IFIT2,7.17537259333767e-05,shap_tree
25,P31,HSPH1,0.0021579512394964695,shap_tree
25,P31,TGFBI,0.005725796800106764,shap_tree
25,P31,CLU,0.0,shap_tree
25,P31,SEC22A,8.270023681689054e-05,shap_tree
25,P31,ZRANB3,0.0,shap_tree
25,P31,LY9,0.0003509522648528218,shap_tree
25,P31,MMP19,6.027112249284983e-07,shap_tree
25,P31,NR4A1,0.0012293102918192744,shap_tree
25,P31,TUBA1B,0.00021058256970718503,shap_tree
25,P31,NDUFAF4,1.172359952761326e-05,shap_tree
25,P31,METTL8,1.188124133477686e-05,shap_tree
25,P31,TREM1,3.104126517428085e-05,shap_tree
25,P31,BBS2,0.00019021215848624706,shap_tree
25,P31,MT2A,0.02573707513511181,shap_tree
25,P31,GPR18,4.16083230447839e-06,shap_tree
25,P31,PTGER2,0.000177873283973895,shap_tree
25,P31,MSTO1,7.428764547512401e-06,shap_tree
25,P31,IL1B,8.878623702912591e-06,shap_tree
25,P31,VASP,0.00034108030376955867,shap_tree
25,P31,CCR7,0.014409815892577171,shap_tree
25,P31,NSRP1,1.3916706848249305e-05,shap_tree
25,P31,IFI6,0.06595548987388611,shap_tree
25,P31,CFP,1.2885479009128176e-05,shap_tree
25,P31,L3HYPDH,3.313157094453345e-06,shap_tree
25,P31,RAB3IP,1.077336219168501e-05,shap_tree
25,P31,ZNF780B,7.85076508691418e-07,shap_tree
25,P31,VPREB3,6.434325314330636e-06,shap_tree
25,P31,SPECC1,1.465282707613369e-06,shap_tree
25,P31,SERGEF,9.067113751370925e-06,shap_tree
25,P31,CD68,1.6139334775289171e-06,shap_tree
25,P31,CCL4,0.0006117188604548573,shap_tree
25,P31,DTD2,0.0,shap_tree
25,P31,EGLN3,3.5865650716004893e-06,shap_tree
25,P31,ERMARD,0.0,shap_tree
25,P31,SAT1,0.0027968918439000845,shap_tree
25,P31,APOC1,1.3641799796459964e-06,shap_tree
25,P31,C6orf203,5.074439286545385e-07,shap_tree
25,P31,ULBP2,0.0,shap_tree
25,P31,ACSS2,0.0,shap_tree
25,P31,NINJ1,0.0007072901353240013,shap_tree
25,P31,LGALS3,0.003732068231329322,shap_tree
25,P31,DNAJB1,0.018341077491641045,shap_tree
25,P31,FCRLA,8.953103133535478e-06,shap_tree
25,P31,PTCD3,1.636694469198119e-05,shap_tree
25,P31,IGJ,9.799977124202996e-05,shap_tree
25,P31,CLEC10A,1.2508737199823372e-05,shap_tree
25,P31,MORC4,1.324164986726828e-05,shap_tree
25,P31,MORC2,0.0,shap_tree
25,P31,KRBA1,0.0,shap_tree
25,P31,HSD17B4,4.518131845543394e-06,shap_tree
25,P31,CCNB1,0.0,shap_tree
25,P31,RSAD2,5.98817496211268e-05,shap_tree
25,P31,FBXO18,1.125051198869187e-06,shap_tree
25,P31,IL2RA,3.955356078222394e-06,shap_tree
25,P31,SLC37A2,0.0,shap_tree
25,P31,APC,7.26079597370699e-05,shap_tree
25,P31,NREP,1.6075104213086888e-05,shap_tree
25,P31,CTSL,8.844497642712668e-05,shap_tree
25,P31,CD36,0.0,shap_tree
25,P31,MTO1,1.373196664644638e-05,shap_tree
25,P31,TROAP,0.0,shap_tree
25,P31,CCDC142,0.0,shap_tree
25,P31,FHOD1,0.00015991879627108574,shap_tree
25,P31,GLUL,0.00012394315854180604,shap_tree
25,P31,LMO7,0.0,shap_tree
25,P31,GPNMB,7.612149056512862e-05,shap_tree
25,P31,IL10,2.162503278668737e-06,shap_tree
25,P31,IL1RN,0.0,shap_tree
25,P31,TXN,0.0018244129605591297,shap_tree
25,P31,IER3,5.2855619969705e-07,shap_tree
25,P31,SLCO2B1,6.3622983361710794e-06,shap_tree
25,P31,C11orf1,0.0,shap_tree
25,P31,IFI44L,0.0037956503219902515,shap_tree
25,P31,IFI44,1.153928224084666e-05,shap_tree
25,P31,CENPO,0.0004920744686387479,shap_tree
25,P31,DNAJC13,0.00010976633348036557,shap_tree
25,P31,WDR12,2.154233879991807e-05,shap_tree
25,P31,ITGAV,2.371222581132315e-05,shap_tree
25,P31,SPPL2A,1.7034932170645334e-05,shap_tree
25,P31,ARHGAP24,0.00010698144615162164,shap_tree
25,P31,LEF1,0.0003957752778660506,shap_tree
25,P31,C1RL,3.818245659203967e-06,shap_tree
25,P31,CLSTN3,0.00012231980508659035,shap_tree
25,P31,GPR84,2.917485346642934e-07,shap_tree
25,P31,LMBR1L,0.00016119633801281452,shap_tree
25,P31,SLC38A6,0.0,shap_tree
25,P31,WARS,0.02559741586446762,shap_tree
25,P31,NEIL1,4.223034920869395e-05,shap_tree
25,P31,DNAJA4,0.0007796746212989092,shap_tree
25,P31,MFGE8,2.957913011414348e-06,shap_tree
25,P31,IRF8,3.132845085929148e-05,shap_tree
25,P31,TP53,0.0008198532741516829,shap_tree
25,P31,IFITM3,0.005304060876369476,shap_tree
25,P31,SLC2A5,3.476268375379732e-07,shap_tree
25,P31,GPN2,4.1368349457115983e-07,shap_tree
25,P31,XCL2,0.0007518355268985033,shap_tree
25,P31,PPOX,9.675940236775205e-05,shap_tree
25,P31,FCGR2A,0.0,shap_tree
25,P31,RRNAD1,1.4171971542964457e-06,shap_tree
25,P31,ABL2,0.0001235860981978476,shap_tree
25,P31,LYPLAL1,1.0946175279968884e-05,shap_tree
25,P31,S100A8,1.2663737152251997e-06,shap_tree
25,P31,SLC27A3,1.25680016935803e-05,shap_tree
25,P31,SFXN5,6.653556852143083e-07,shap_tree
25,P31,AFF3,1.24361122288974e-05,shap_tree
25,P31,HSPD1,0.0009414504165761173,shap_tree
25,P31,FANCD2,6.573294376721606e-05,shap_tree
25,P31,LPP,5.10879690409638e-05,shap_tree
25,P31,EAF2,3.4233522455906495e-05,shap_tree
25,P31,PLAC8,0.00015169174002949148,shap_tree
25,P31,PIK3R1,0.00012689543655142188,shap_tree
25,P31,SSBP2,7.714250500612252e-07,shap_tree
25,P31,MMS22L,0.00017842264787759632,shap_tree
25,P31,CXorf57,6.669723916274961e-06,shap_tree
25,P31,PLIN2,0.0009895148687064648,shap_tree
25,P31,FBXO10,0.0,shap_tree
25,P31,IDNK,1.8090669982484542e-05,shap_tree
25,P31,PDCD11,0.0012452587252482772,shap_tree
25,P31,ADM,2.081486769611729e-07,shap_tree
25,P31,SERPINH1,0.0006315404898487031,shap_tree
25,P31,FADS1,4.003464255220024e-06,shap_tree
25,P31,TM7SF2,1.3791454875899944e-05,shap_tree
25,P31,FCGR1A,0.0,shap_tree
25,P31,MIPOL1,1.054202948580496e-05,shap_tree
25,P31,PTPRO,5.55153292225441e-07,shap_tree
25,P31,ANKAR,0.0,shap_tree
25,P31,CENPJ,0.0,shap_tree
25,P31,BANK1,4.935910510539543e-06,shap_tree
25,P31,DAB2,0.0,shap_tree
25,P31,OBSCN,1.056208748195786e-05,shap_tree
25,P31,LY96,1.035345394484466e-05,shap_tree
25,P31,PPP4R1,7.22745171515271e-05,shap_tree
25,P31,SLC25A28,8.705967775313184e-05,shap_tree
25,P31,RBM45,6.174798727442976e-06,shap_tree
25,P31,VSIG4,8.281122063635848e-06,shap_tree
25,P31,MCU,0.0,shap_tree
25,P31,DPY19L4,0.0,shap_tree
25,P31,MS4A1,0.0003215267206542194,shap_tree
25,P31,WDYHV1,0.0,shap_tree
25,P31,B3GNT7,0.0,shap_tree
25,P31,CCNB2,0.0,shap_tree
25,P31,MYO1E,5.422216872830177e-06,shap_tree
25,P31,C9orf91,0.0,shap_tree
25,P31,HIST1H2BD,0.00041428999975323677,shap_tree
25,P31,CD1C,2.5439060209464515e-06,shap_tree
25,P31,NCF1,3.507614019326866e-05,shap_tree
25,P31,FCER1G,0.00018216861644759774,shap_tree
25,P31,HLCS,3.984151589975227e-06,shap_tree
25,P31,TMPRSS3,0.0,shap_tree
25,P31,IL6R,1.5878949852776714e-06,shap_tree
25,P31,LMNA,0.002061425941064954,shap_tree
25,P31,WDR90,9.300536589762487e-07,shap_tree
25,P31,CLPB,6.5103226916107815e-06,shap_tree
25,P31,CYB561A3,0.00011301194899715483,shap_tree
25,P31,C1orf123,0.0,shap_tree
25,P31,VCAM1,0.0005194125697016716,shap_tree
25,P31,FCGR3B,0.0002447578008286655,shap_tree
25,P31,ATF3,0.00027603775379247963,shap_tree
25,P31,CTSS,0.00013584821135737002,shap_tree
25,P31,S100A9,0.0014792010188102722,shap_tree
25,P31,IGFBP7,0.0,shap_tree
25,P31,FCRL1,7.838726014597341e-05,shap_tree
25,P31,CTLA4,0.003907369449734688,shap_tree
25,P31,PTPN13,0.0,shap_tree
25,P31,SMIM14,1.705183785816189e-05,shap_tree
25,P31,ABHD6,7.182014815043658e-05,shap_tree
25,P31,CXCL3,0.0,shap_tree
25,P31,RCHY1,1.107092703023227e-05,shap_tree
25,P31,SENP2,0.0003765392175409943,shap_tree
25,P31,GNL3,7.681317219976336e-05,shap_tree
25,P31,CTSB,0.004229981917887926,shap_tree
25,P31,GEM,0.00016213640628848225,shap_tree
25,P31,LETM2,1.680282184679527e-05,shap_tree
25,P31,FBP1,0.0006579482578672469,shap_tree
25,P31,NDRG2,0.0,shap_tree
25,P31,IFI27,0.0,shap_tree
25,P31,CLMN,0.0,shap_tree
25,P31,FRS2,1.4117172213445883e-06,shap_tree
25,P31,ARIH1,1.1988273399765603e-05,shap_tree
25,P31,STXBP4,0.0,shap_tree
25,P31,CUL5,0.00016320332360919565,shap_tree
25,P31,TAF10,0.00034984154626727104,shap_tree
25,P31,USP54,4.18088484366308e-06,shap_tree
25,P31,XRRA1,8.377219637623057e-05,shap_tree
25,P31,CLEC4E,1.844154098762374e-06,shap_tree
25,P31,CATSPER2,0.0,shap_tree
25,P31,ANPEP,0.0,shap_tree
25,P31,PLK1,0.0,shap_tree
25,P31,C15orf48,0.0,shap_tree
25,P31,MS4A7,6.878001840959769e-06,shap_tree
25,P31,MEI1,3.0652980058221146e-05,shap_tree
25,P31,GNGT2,1.152225650002947e-06,shap_tree
25,P31,POP5,8.39109779917635e-05,shap_tree
25,P31,ENTHD2,3.672958700917661e-05,shap_tree
25,P31,SPATA33,7.219804842861777e-07,shap_tree
25,P31,RHEBL1,1.3007907000428531e-05,shap_tree
25,P31,AXL,5.49901824342669e-06,shap_tree
25,P31,NFKBID,0.0001722996967146173,shap_tree
25,P31,CHAF1A,1.9388484361115843e-05,shap_tree
25,P31,VPS37C,0.0,shap_tree
25,P31,BSCL2,9.337681149190757e-06,shap_tree
25,P31,NAALADL1,0.0,shap_tree
25,P31,SMIM4,0.0,shap_tree
25,P31,BMI1,9.12689483811846e-06,shap_tree
25,P31,CX3CR1,0.0005358190392144024,shap_tree
25,P31,TRAPPC11,3.1074796424945816e-05,shap_tree
25,P31,SLC20A2,0.00012499444710556418,shap_tree
25,P31,TMEM208,1.0798756193253212e-05,shap_tree
25,P31,PKIG,6.61198137095198e-05,shap_tree
25,P31,PPIP5K1,0.00016482303908560425,shap_tree
25,P31,PTK2,1.4459358226304175e-06,shap_tree
25,P31,RNASE6,1.086426436813781e-06,shap_tree
25,P31,IL8,0.0,shap_tree
25,P31,GPR183,0.002623120555654168,shap_tree
25,P31,CLIC3,0.00012783244892489165,shap_tree
25,P31,LRRC45,1.1642287063295953e-05,shap_tree
25,P31,MT1E,8.083663851721212e-05,shap_tree
25,P31,DUS1L,1.2990898540010676e-05,shap_tree
25,P31,GLB1,0.00025929941330105066,shap_tree
25,P31,CD14,1.4322171182357124e-06,shap_tree
25,P31,DNAJC18,9.54623828874901e-06,shap_tree
25,P31,LILRA3,0.0,shap_tree
25,P31,ZNF561,0.0,shap_tree
25,P31,HDAC3,2.2203525077202357e-05,shap_tree
25,P31,RRM2,0.0004509974387474358,shap_tree
25,P31,LGALS9C,0.0,shap_tree
25,P31,ATPAF2,2.2452093617175706e-05,shap_tree
25,P31,CLEC12A,9.765284403329133e-07,shap_tree
25,P31,ALG14,0.0,shap_tree
25,P31,FUT10,6.341257630992914e-06,shap_tree
25,P31,DCP2,0.00019166911079082638,shap_tree
25,P31,ZNF621,0.0,shap_tree
25,P31,HSPA6,1.6895803582883673e-06,shap_tree
25,P31,RAPH1,1.8609165408633999e-06,shap_tree
25,P31,SLC2A14,0.0003016174887306988,shap_tree
25,P31,C1QB,2.685063691387768e-06,shap_tree
25,P31,OLR1,0.0,shap_tree
25,P31,DAG1,1.4830802683718503e-05,shap_tree
25,P31,PTPRM,1.561661974847084e-06,shap_tree
25,P31,SLC25A30,8.413529030804057e-06,shap_tree
25,P31,APITD1,0.0,shap_tree
25,P31,ZNF519,6.276765361690195e-06,shap_tree
25,P31,ERCC4,5.985733423585771e-06,shap_tree
25,P31,METRNL,0.00012798536045011133,shap_tree
25,P31,CD19,1.9153068933519535e-05,shap_tree
25,P31,SAMD12,7.208168995020969e-07,shap_tree
25,P31,CD163,7.5426091825647745e-06,shap_tree
25,P31,BOLA1,2.9981927127664676e-06,shap_tree
25,P31,DTX3,3.0129360311548226e-05,shap_tree
25,P31,THBD,3.829990419035312e-06,shap_tree
25,P31,EFCAB13,1.6961768778855912e-05,shap_tree
25,P31,APOBEC3B,3.898830618709326e-05,shap_tree
25,P31,CCR8,3.1183415558189154e-05,shap_tree
25,P31,CCDC66,0.0002070100890705362,shap_tree
25,P31,ZNF571,7.955116416269448e-06,shap_tree
25,P31,ZFP82,1.741741107252892e-05,shap_tree
25,P31,ZNF707,0.0,shap_tree
25,P31,CEP97,0.0,shap_tree
25,P31,CADM1,0.0006388816982507706,shap_tree
25,P31,AFMID,1.920755676110275e-05,shap_tree
25,P31,GAS6,0.0,shap_tree
25,P31,CEP57L1,5.092023798169976e-07,shap_tree
25,P31,CCDC159,9.846915418165736e-06,shap_tree
25,P31,IQGAP3,5.153478923602961e-05,shap_tree
25,P31,LRTOMT,1.5083703146956395e-05,shap_tree
25,P31,TMED9,0.001054538763128221,shap_tree
25,P31,DGAT1,8.046303264563903e-06,shap_tree
25,P31,TNFAIP2,0.0,shap_tree
25,P31,IRF7,4.346379864728078e-05,shap_tree
25,P31,IFIT1,1.1225381513213506e-06,shap_tree
25,P31,ZNF829,7.9268058470916e-05,shap_tree
25,P31,BTLA,2.038229285972193e-05,shap_tree
25,P31,ANKRD37,0.0005321420030668378,shap_tree
25,P31,NUDT17,0.0,shap_tree
25,P31,CD300E,2.542530808113952e-07,shap_tree
25,P31,UBE2H,0.0001781717292033136,shap_tree
25,P31,TNFRSF18,0.0002401873207418248,shap_tree
25,P31,ZDHHC17,1.3503707123163622e-05,shap_tree
25,P31,PLCD1,1.6526031686225906e-05,shap_tree
25,P31,LILRA5,1.757226164045278e-05,shap_tree
25,P31,MT1X,0.000260768283624202,shap_tree
25,P31,USP7,5.201419844524935e-05,shap_tree
25,P31,ISG15,0.00851296167820692,shap_tree
25,P31,FANCA,6.878237854834879e-06,shap_tree
25,P31,ARHGAP11B,1.5163369653237169e-06,shap_tree
25,P31,FAM26F,1.9894185243174434e-05,shap_tree
25,P31,KIR2DL4,4.523632924247067e-06,shap_tree
25,P31,ZNF250,0.0001260880526388064,shap_tree
25,P31,ZNF681,3.244268009439111e-05,shap_tree
25,P31,TUBB,0.0004422687634360045,shap_tree
25,P31,ANAPC7,0.00013944433885626495,shap_tree
25,P31,TCF4,1.0842892152140848e-05,shap_tree
25,P31,HLA-DQA1,0.0006117150187492371,shap_tree
25,P31,SULT1A2,7.3692272053449415e-06,shap_tree
25,P31,SERPINA1,2.6639119823812507e-05,shap_tree
25,P31,CCL4L2,0.0013963530072942376,shap_tree
25,P31,ZNF165,0.0,shap_tree
25,P31,SYNGAP1,6.816814675403293e-06,shap_tree
25,P31,NMB,2.9660568543476984e-05,shap_tree
25,P31,PSAP,0.0005300383199937642,shap_tree
25,P31,CFD,8.740448720345739e-07,shap_tree
25,P31,FCGR1B,0.0,shap_tree
25,P31,SH2D1B,2.0190427676425315e-06,shap_tree
25,P31,TMEM184B,4.487797923502512e-06,shap_tree
25,P31,OPA1,3.9643480704398826e-05,shap_tree
25,P31,C9orf114,2.363877001698711e-06,shap_tree
25,P31,TGM2,3.078936970268842e-06,shap_tree
25,P31,FCGR3A,0.00011102044663857669,shap_tree
25,P31,HIST2H2AA4,0.0015439382987096906,shap_tree
25,P31,OXLD1,1.757823838488548e-06,shap_tree
25,P31,HLA-DRA,0.0030387442093342543,shap_tree
25,P31,PBX2,2.056816083495505e-05,shap_tree
25,P31,NEU1,0.0005937454989179969,shap_tree
25,P31,HSPA1B,0.0024727543350309134,shap_tree
25,P31,HSPA1A,0.009028776548802853,shap_tree
25,P31,LY6G5C,0.0,shap_tree
25,P31,AIF1,8.68555434863083e-06,shap_tree
25,P31,LST1,7.366228373939521e-07,shap_tree
25,P31,TCTN1,0.0,shap_tree
25,P31,CCL4L1,0.020787395536899567,shap_tree
25,P31,CCL3L1,3.3796710340538993e-05,shap_tree
25,P31,CRYZL1,4.1380259062862024e-05,shap_tree
25,P31,RAB12,0.00036789130535908043,shap_tree
25,P31,CRYGS,0.0,shap_tree
25,P31,TREX1,1.280939977732487e-05,shap_tree
25,P31,ZSWIM8,6.826475146226585e-05,shap_tree
25,P31,HNRNPUL2,2.144620884791948e-05,shap_tree
25,P31,MYL5,0.0,shap_tree
25,P31,IFI30,0.0006594057194888592,shap_tree
25,P31,SLC26A6,7.0971414061205e-06,shap_tree
25,P31,PGAM4,3.6654466384788975e-05,shap_tree
25,P31,LILRA4,2.4620389922347385e-06,shap_tree
25,P31,PPIL3,0.0002784340176731348,shap_tree
25,P31,HLA-DOB,0.0,shap_tree
25,P31,ZNF585B,6.769076662749285e-06,shap_tree
25,P31,INSL3,0.0,shap_tree
25,P31,CHCHD10,0.0,shap_tree
25,P31,ZNF345,0.0,shap_tree
25,P31,IGLL5,3.0861181585351005e-05,shap_tree
25,P31,HIST1H3G,0.0,shap_tree
25,P31,CCL3L3,2.6099734895979054e-05,shap_tree
25,P31,RP11-96O20.4,0.0,shap_tree
25,P31,AL161784.1,1.295150286750868e-05,shap_tree
25,P31,SPIB,5.051487278251443e-06,shap_tree
26,P33,FGR,1.3573619980888907e-05,shap_tree
26,P33,STPG1,0.0,shap_tree
26,P33,FKBP4,5.283876453177072e-05,shap_tree
26,P33,ST7,3.0009432521183044e-06,shap_tree
26,P33,BZRAP1,0.0001542694662930444,shap_tree
26,P33,CCL3,0.0004311826196499169,shap_tree
26,P33,CDKL3,0.0,shap_tree
26,P33,CD79B,0.00043035740964114666,shap_tree
26,P33,DLEC1,2.3489554223488085e-05,shap_tree
26,P33,PKD1,5.505668741534464e-05,shap_tree
26,P33,DYRK4,0.0,shap_tree
26,P33,CD9,3.4531753954070155e-06,shap_tree
26,P33,PLAUR,1.0751937224995345e-05,shap_tree
26,P33,RABGAP1,0.0003419579297769815,shap_tree
26,P33,TYROBP,4.043625813210383e-05,shap_tree
26,P33,CD22,0.0009716551285237074,shap_tree
26,P33,CLDN11,0.0,shap_tree
26,P33,PGM3,0.0,shap_tree
26,P33,MARCO,1.085805160983e-05,shap_tree
26,P33,CD74,0.004613576456904411,shap_tree
26,P33,ZNF839,0.0,shap_tree
26,P33,NR1H3,2.884713126150018e-07,shap_tree
26,P33,AGPAT4,0.0,shap_tree
26,P33,NUP160,2.2148709831526503e-05,shap_tree
26,P33,GRN,0.00038402879727073014,shap_tree
26,P33,STAP1,2.5434150302316993e-05,shap_tree
26,P33,METTL1,0.0,shap_tree
26,P33,VCAN,3.081925387959927e-05,shap_tree
26,P33,CAPG,1.1800336324085947e-05,shap_tree
26,P33,ADAM28,0.00019154566689394414,shap_tree
26,P33,TNFRSF9,0.00028652031323872507,shap_tree
26,P33,SLC4A8,6.226174718904076e-06,shap_tree
26,P33,SIKE1,3.188001210219227e-05,shap_tree
26,P33,ST3GAL6,0.0,shap_tree
26,P33,LPAR2,2.7241563657298684e-05,shap_tree
26,P33,WDR3,0.0,shap_tree
26,P33,ZNRD1,0.00021930498769506812,shap_tree
26,P33,STAG3,2.0783694708370604e-05,shap_tree
26,P33,WIPI1,0.0,shap_tree
26,P33,SEL1L,1.478371359553421e-05,shap_tree
26,P33,TFRC,0.0006898118881508708,shap_tree
26,P33,FCGR2B,4.393152266857214e-05,shap_tree
26,P33,MGLL,0.0,shap_tree
26,P33,SPAG5,1.444241206627339e-07,shap_tree
26,P33,GTF3C1,8.277715824078768e-05,shap_tree
26,P33,IL4R,1.1488175914564636e-05,shap_tree
26,P33,PIK3C3,9.598894394002855e-05,shap_tree
26,P33,SLC1A3,1.3167447150408407e-06,shap_tree
26,P33,TNS1,4.928493126499234e-06,shap_tree
26,P33,CEACAM1,0.0,shap_tree
26,P33,OPHN1,2.321336751265335e-06,shap_tree
26,P33,HSP90AA1,0.0021069252397865057,shap_tree
26,P33,CXCL2,0.0,shap_tree
26,P33,NFE2L1,3.0352558155755105e-07,shap_tree
26,P33,KAT6A,9.062040044227615e-05,shap_tree
26,P33,FCN1,5.040808446210576e-06,shap_tree
26,P33,SCAMP1,5.071288614999503e-05,shap_tree
26,P33,AAMDC,0.0,shap_tree
26,P33,CRLS1,3.8357557059498504e-05,shap_tree
26,P33,OAS1,0.0010978420032188296,shap_tree
26,P33,LYZ,3.812031354755163e-05,shap_tree
26,P33,PABPC4,3.326806108816527e-05,shap_tree
26,P33,WDR7,3.416019808355486e-06,shap_tree
26,P33,CD200,1.048265039571561e-05,shap_tree
26,P33,RNF31,1.8491356968297623e-05,shap_tree
26,P33,HDAC6,4.165791324339807e-06,shap_tree
26,P33,AAAS,4.656882811104879e-05,shap_tree
26,P33,HOOK2,1.7288065237153205e-06,shap_tree
26,P33,ACOT7,0.00022430156241171062,shap_tree
26,P33,TRMT2A,3.166300666634925e-05,shap_tree
26,P33,OSM,8.562876246287487e-06,shap_tree
26,P33,RHBDD3,2.2944303168515034e-07,shap_tree
26,P33,HMOX1,0.0,shap_tree
26,P33,MCAT,0.0,shap_tree
26,P33,PRMT5,2.2255571821006015e-05,shap_tree
26,P33,CDKL1,0.0,shap_tree
26,P33,CDKN3,0.0,shap_tree
26,P33,CGRRF1,0.0,shap_tree
26,P33,TIMM9,6.00746852796874e-06,shap_tree
26,P33,LGMN,2.7618514195637545e-06,shap_tree
26,P33,TCL1A,2.0640397906390717e-06,shap_tree
26,P33,PLTP,0.0,shap_tree
26,P33,MMP9,2.4664404918439686e-06,shap_tree
26,P33,CST3,2.3089862224878743e-05,shap_tree
26,P33,WDR13,0.0001578814844833687,shap_tree
26,P33,GLA,7.237253885250539e-05,shap_tree
26,P33,KIAA0226L,1.3394866073213052e-05,shap_tree
26,P33,ACP5,8.481371332891285e-05,shap_tree
26,P33,TSC22D1,0.00010775247210403904,shap_tree
26,P33,SMPD3,0.0,shap_tree
26,P33,FAH,8.956742476584623e-07,shap_tree
26,P33,IL7,1.7346055756206624e-06,shap_tree
26,P33,SARS2,0.0,shap_tree
26,P33,FCER2,0.00011036759678972885,shap_tree
26,P33,IL4I1,5.723471190322016e-07,shap_tree
26,P33,PDCD5,0.00039707895484752953,shap_tree
26,P33,EBI3,5.489491172738781e-07,shap_tree
26,P33,CD79A,9.250481525668874e-05,shap_tree
26,P33,PON2,0.00042594800470396876,shap_tree
26,P33,IQCE,5.811097594232706e-07,shap_tree
26,P33,CPVL,2.4897272510315815e-07,shap_tree
26,P33,STX1A,6.055822268535849e-06,shap_tree
26,P33,HSPB1,0.0012431609211489558,shap_tree
26,P33,SNX8,2.3648099158890545e-06,shap_tree
26,P33,TMEM176B,6.543600466102362e-05,shap_tree
26,P33,TNFSF8,1.177696594822919e-05,shap_tree
26,P33,RASSF4,2.1534165171033237e-06,shap_tree
26,P33,FBXW4,3.409710188861936e-05,shap_tree
26,P33,GALK1,1.342363134426705e-06,shap_tree
26,P33,NUP88,1.3592602954304311e-05,shap_tree
26,P33,LGALS3BP,7.168520824052393e-05,shap_tree
26,P33,CCL2,0.0,shap_tree
26,P33,EZH1,0.0002123819722328335,shap_tree
26,P33,RAB34,0.0,shap_tree
26,P33,SLC2A9,8.055614671320654e-06,shap_tree
26,P33,ZBTB16,1.3577558092947584e-05,shap_tree
26,P33,SC5D,2.3754217181704007e-05,shap_tree
26,P33,CRTAM,0.0017529439646750689,shap_tree
26,P33,VWA5A,5.58515966986306e-06,shap_tree
26,P33,MS4A6A,0.0,shap_tree
26,P33,MS4A4A,1.7109932741732337e-05,shap_tree
26,P33,CD81,0.0005431910394690931,shap_tree
26,P33,PRR4,6.884611502755433e-05,shap_tree
26,P33,ACAD10,1.473389238526579e-05,shap_tree
26,P33,GTF2H3,1.4094281368670636e-06,shap_tree
26,P33,DDX55,1.463286389480345e-05,shap_tree
26,P33,IFNG,0.000987077015452087,shap_tree
26,P33,CHPT1,6.85528220856213e-06,shap_tree
26,P33,CD83,0.005755854304879904,shap_tree
26,P33,APBB3,3.221820588805713e-05,shap_tree
26,P33,DROSHA,0.0002630339877214283,shap_tree
26,P33,TFDP2,1.8275595721206628e-05,shap_tree
26,P33,PFKFB4,7.97789823536732e-07,shap_tree
26,P33,C3orf14,0.0,shap_tree
26,P33,CISH,0.0002293990837642923,shap_tree
26,P33,EPB41L5,2.5436106625420507e-06,shap_tree
26,P33,GTF3C2,1.4588047633878887e-05,shap_tree
26,P33,FN1,0.0,shap_tree
26,P33,EHBP1,1.562566126267484e-06,shap_tree
26,P33,GNLY,0.000682366022374481,shap_tree
26,P33,STK25,3.100057438132353e-05,shap_tree
26,P33,EPHA4,2.0603329176083207e-05,shap_tree
26,P33,RALGPS2,7.611745968461037e-05,shap_tree
26,P33,GBP1,0.0038725328631699085,shap_tree
26,P33,CDC20,0.0,shap_tree
26,P33,STMN1,0.00017252446559723467,shap_tree
26,P33,CTSD,0.0013134801993146539,shap_tree
26,P33,STK11,7.455342370121798e-07,shap_tree
26,P33,C1orf54,1.0044902154504598e-07,shap_tree
26,P33,LRMP,0.00013368598592933267,shap_tree
26,P33,SGK1,3.235176336602308e-05,shap_tree
26,P33,ARMC2,0.0,shap_tree
26,P33,SPP1,0.0,shap_tree
26,P33,C2orf43,5.5927335779415444e-05,shap_tree
26,P33,CSF3R,0.00011472385085653514,shap_tree
26,P33,COQ6,6.0263519117143005e-05,shap_tree
26,P33,BCL11A,0.0016535286558791995,shap_tree
26,P33,IFIT3,2.405982195341494e-05,shap_tree
26,P33,IFIT2,0.00087336590513587,shap_tree
26,P33,HSPH1,0.00046917059808038175,shap_tree
26,P33,TGFBI,0.0027488013729453087,shap_tree
26,P33,LY9,0.0025015738792717457,shap_tree
26,P33,PLAU,0.0,shap_tree
26,P33,MMP19,0.0,shap_tree
26,P33,NR4A1,0.0022392321843653917,shap_tree
26,P33,TUBA1B,0.0004176562069915235,shap_tree
26,P33,ATPAF1,1.984463324333774e-06,shap_tree
26,P33,G0S2,9.03101172298193e-05,shap_tree
26,P33,F13A1,1.4654841606898117e-07,shap_tree
26,P33,TREM1,1.9745659756154055e-06,shap_tree
26,P33,BBS2,5.415948180598207e-05,shap_tree
26,P33,MT2A,0.02886873297393322,shap_tree
26,P33,GPR18,0.00034437168505974114,shap_tree
26,P33,PTGER2,0.000381222169380635,shap_tree
26,P33,VASP,1.3387450053414796e-05,shap_tree
26,P33,CCR7,0.018191514536738396,shap_tree
26,P33,NSRP1,0.00016869086539372802,shap_tree
26,P33,IFI6,0.0549546480178833,shap_tree
26,P33,CFP,0.0,shap_tree
26,P33,PLEKHG3,0.0,shap_tree
26,P33,RAB3IP,1.3322235190571519e-06,shap_tree
26,P33,ZNF780B,9.222942480846541e-07,shap_tree
26,P33,VPREB3,1.1019580597348977e-05,shap_tree
26,P33,SERGEF,3.956635919166729e-05,shap_tree
26,P33,CD68,9.2686610742021e-07,shap_tree
26,P33,CCL4,0.0007933789165690541,shap_tree
26,P33,PARP2,0.0,shap_tree
26,P33,EGLN3,0.0,shap_tree
26,P33,ERMARD,1.272831650567241e-05,shap_tree
26,P33,SAT1,0.0006986621301621199,shap_tree
26,P33,LDLR,6.0984075389569625e-06,shap_tree
26,P33,FCHO1,3.7965089632052695e-06,shap_tree
26,P33,PGPEP1,2.176802354370011e-06,shap_tree
26,P33,NAPSA,0.0,shap_tree
26,P33,LGALS3,0.0008275745785795152,shap_tree
26,P33,FCRLA,0.0,shap_tree
26,P33,CLEC10A,1.9019710180145921e-06,shap_tree
26,P33,MUTYH,1.007852188195102e-05,shap_tree
26,P33,MORC2,2.2399754016078077e-06,shap_tree
26,P33,ACTR3B,2.492090288797044e-06,shap_tree
26,P33,HSD17B4,2.1010368982388172e-06,shap_tree
26,P33,CCNB1,0.0,shap_tree
26,P33,RSAD2,0.00023873662576079369,shap_tree
26,P33,FBXO18,0.0,shap_tree
26,P33,TMEM241,0.0,shap_tree
26,P33,CARS2,4.868616542808013e-06,shap_tree
26,P33,SLC37A2,0.0,shap_tree
26,P33,APC,5.689879253623076e-05,shap_tree
26,P33,CTSL,0.0,shap_tree
26,P33,MTO1,1.1168776836711913e-06,shap_tree
26,P33,FHOD1,5.757731560152024e-05,shap_tree
26,P33,GLUL,4.4220963900443166e-05,shap_tree
26,P33,TTLL4,1.4156926226860378e-05,shap_tree
26,P33,CKAP4,3.056348577956669e-05,shap_tree
26,P33,GPNMB,4.996221605324536e-07,shap_tree
26,P33,IL10,0.0,shap_tree
26,P33,IL1RN,0.0,shap_tree
26,P33,TXN,0.003331223037093878,shap_tree
26,P33,CD72,6.13934298598906e-06,shap_tree
26,P33,IER3,1.9276469629403437e-06,shap_tree
26,P33,SLCO2B1,0.0,shap_tree
26,P33,RNF121,0.0,shap_tree
26,P33,C11orf1,0.0,shap_tree
26,P33,SPTBN5,0.00016348366625607014,shap_tree
26,P33,IFI44L,0.014808702282607555,shap_tree
26,P33,IFI44,5.99993763898965e-05,shap_tree
26,P33,DNAJC13,9.793852950679138e-05,shap_tree
26,P33,ITGAV,1.433012812412926e-06,shap_tree
26,P33,SPPL2A,6.855013634776697e-05,shap_tree
26,P33,ARHGAP24,0.00030182168120518327,shap_tree
26,P33,CASP6,3.436115002841689e-05,shap_tree
26,P33,LEF1,0.0004364600754342973,shap_tree
26,P33,C1RL,1.268694904865697e-05,shap_tree
26,P33,CLSTN3,0.0011143244337290525,shap_tree
26,P33,GPR84,4.990768502466381e-06,shap_tree
26,P33,SLC38A6,4.033813638670836e-06,shap_tree
26,P33,WARS,0.017996016889810562,shap_tree
26,P33,SLC12A6,7.274404197232798e-05,shap_tree
26,P33,TCF12,0.00020472942560445517,shap_tree
26,P33,BCL2A1,2.057153096757247e-06,shap_tree
26,P33,HMG20A,1.7735097571858205e-05,shap_tree
26,P33,TPM1,0.0,shap_tree
26,P33,MFGE8,3.997591306870163e-07,shap_tree
26,P33,IRF8,0.00038714928086847067,shap_tree
26,P33,SCRN2,4.391037145978771e-05,shap_tree
26,P33,PELP1,0.0,shap_tree
26,P33,ZFP14,0.0,shap_tree
26,P33,IFITM3,0.004193431697785854,shap_tree
26,P33,GPN2,7.57003135731793e-06,shap_tree
26,P33,ADC,0.00011372817971277982,shap_tree
26,P33,XCL2,0.0004133679030928761,shap_tree
26,P33,PPOX,8.012585226424562e-07,shap_tree
26,P33,FCGR2A,0.0,shap_tree
26,P33,RRNAD1,2.9877595807192847e-05,shap_tree
26,P33,ABL2,6.529777601826936e-05,shap_tree
26,P33,TAF1A,1.238946606463287e-05,shap_tree
26,P33,S100A8,2.809958914440358e-06,shap_tree
26,P33,SLC27A3,0.0,shap_tree
26,P33,ARL8A,0.0,shap_tree
26,P33,SFXN5,0.0,shap_tree
26,P33,AFF3,4.4427153511605866e-07,shap_tree
26,P33,AMT,0.00014114196528680623,shap_tree
26,P33,EAF2,0.00015520020679105073,shap_tree
26,P33,PLAC8,6.100149767007679e-05,shap_tree
26,P33,PIK3R1,7.042947981972247e-05,shap_tree
26,P33,MMS22L,0.0002762710500974208,shap_tree
26,P33,NOM1,5.5720447562634945e-06,shap_tree
26,P33,PLIN2,0.00011720390466507524,shap_tree
26,P33,FBXO10,0.0,shap_tree
26,P33,GSN,4.1177900129696354e-05,shap_tree
26,P33,PDSS1,0.0,shap_tree
26,P33,IMMP1L,7.583155934298702e-07,shap_tree
26,P33,FADS1,0.0,shap_tree
26,P33,FCGR1A,1.045378780872852e-06,shap_tree
26,P33,CACNA2D4,0.0,shap_tree
26,P33,OXSM,6.895233127579559e-06,shap_tree
26,P33,PTPRO,4.942481268699339e-07,shap_tree
26,P33,CCDC122,2.35066704590281e-06,shap_tree
26,P33,CENPJ,6.191035026859026e-06,shap_tree
26,P33,BAG3,7.610458851559088e-05,shap_tree
26,P33,FARP1,0.0,shap_tree
26,P33,PTPRK,0.0,shap_tree
26,P33,BANK1,3.4378615509922383e-06,shap_tree
26,P33,DAB2,7.543691253886209e-07,shap_tree
26,P33,LY96,1.261693910237227e-06,shap_tree
26,P33,PPP4R1,3.353684860485373e-06,shap_tree
26,P33,VSIG4,0.0,shap_tree
26,P33,MCU,0.0,shap_tree
26,P33,DPY19L4,0.0,shap_tree
26,P33,NDUFAF6,3.7391114346974064e-06,shap_tree
26,P33,CXCL13,3.336772715556435e-05,shap_tree
26,P33,FAM122B,3.1841202030591376e-07,shap_tree
26,P33,MS4A1,0.0009187067626044154,shap_tree
26,P33,WDYHV1,0.0,shap_tree
26,P33,VPS8,0.0002593420504126698,shap_tree
26,P33,GALK2,2.435858732496854e-05,shap_tree
26,P33,B3GNT7,0.0,shap_tree
26,P33,CCNB2,0.0,shap_tree
26,P33,MYO1E,1.4335500964079984e-06,shap_tree
26,P33,APPL1,2.4167720766854472e-05,shap_tree
26,P33,FAIM,0.0,shap_tree
26,P33,RNF207,2.3242996576300357e-06,shap_tree
26,P33,CD1C,0.0,shap_tree
26,P33,FCER1G,0.000402182835387066,shap_tree
26,P33,ZNF362,4.718718628282659e-05,shap_tree
26,P33,IL6R,4.270430144970305e-05,shap_tree
26,P33,LMNA,0.000988209736533463,shap_tree
26,P33,TMEM143,0.0,shap_tree
26,P33,WDR90,4.781780262419488e-06,shap_tree
26,P33,CLPB,1.9981163859483786e-05,shap_tree
26,P33,CYB561A3,1.4605852811655495e-06,shap_tree
26,P33,VCAM1,0.00766011793166399,shap_tree
26,P33,NLRP3,4.9207719712285325e-06,shap_tree
26,P33,FCGR3B,0.00037136065657250583,shap_tree
26,P33,ATF3,2.0735729776788503e-05,shap_tree
26,P33,CTSS,3.614275556174107e-05,shap_tree
26,P33,S100A9,4.475298192119226e-05,shap_tree
26,P33,RNF25,7.546058895968599e-06,shap_tree
26,P33,STK36,0.0,shap_tree
26,P33,ANKZF1,3.438267594901845e-05,shap_tree
26,P33,FCRL1,0.0005291637498885393,shap_tree
26,P33,SMIM14,1.615593191672815e-06,shap_tree
26,P33,ABHD6,8.291154699691106e-06,shap_tree
26,P33,CXCL3,0.0,shap_tree
26,P33,RCHY1,1.3708689948543906e-05,shap_tree
26,P33,BAP1,0.0001266255567315966,shap_tree
26,P33,GNL3,2.695801185836899e-06,shap_tree
26,P33,PGRMC2,0.0,shap_tree
26,P33,LEAP2,0.0,shap_tree
26,P33,CTSB,0.004484987817704678,shap_tree
26,P33,FBP1,0.00036090417415834963,shap_tree
26,P33,IFI27,0.0,shap_tree
26,P33,FRS2,6.936133559065638e-06,shap_tree
26,P33,FAM227B,1.6220416227952228e-06,shap_tree
26,P33,STXBP4,9.338797099189833e-06,shap_tree
26,P33,CUL5,5.656851499225013e-05,shap_tree
26,P33,USP54,0.0,shap_tree
26,P33,TRIM66,1.0318346994608874e-06,shap_tree
26,P33,CLEC4E,0.0,shap_tree
26,P33,ANPEP,0.0,shap_tree
26,P33,PLK1,0.0,shap_tree
26,P33,C15orf48,1.0940500487777172e-06,shap_tree
26,P33,DIS3L,6.109642981755314e-06,shap_tree
26,P33,MEI1,8.728703505767044e-06,shap_tree
26,P33,POP5,2.4879009288270026e-05,shap_tree
26,P33,TRIM68,0.0,shap_tree
26,P33,RHEBL1,0.0,shap_tree
26,P33,NFKBID,0.00011699544847942889,shap_tree
26,P33,CHAF1A,8.420873200520873e-06,shap_tree
26,P33,SRR,0.0,shap_tree
26,P33,GNG4,6.64907565806061e-06,shap_tree
26,P33,BMI1,0.0001149941745097749,shap_tree
26,P33,TRAPPC11,1.7414562535122968e-05,shap_tree
26,P33,SLC20A2,0.00028740332345478237,shap_tree
26,P33,FAM84B,0.0,shap_tree
26,P33,LDLRAD4,0.00031728201429359615,shap_tree
26,P33,TMEM208,7.70332699175924e-05,shap_tree
26,P33,PKIG,0.00016974589379969984,shap_tree
26,P33,CCDC126,2.477258021826856e-05,shap_tree
26,P33,THBS3,0.0,shap_tree
26,P33,RNASE6,7.652376439182262e-07,shap_tree
26,P33,IL8,0.0,shap_tree
26,P33,GPR183,0.0028763161972165108,shap_tree
26,P33,CLIC3,0.00023524540301878005,shap_tree
26,P33,LRRC45,2.0351073999336222e-06,shap_tree
26,P33,MT1E,7.23707998986356e-05,shap_tree
26,P33,GLB1,4.2799896618817e-05,shap_tree
26,P33,CD14,7.073740562191233e-07,shap_tree
26,P33,MZB1,6.045812369848136e-06,shap_tree
26,P33,GTSF1,5.749495358031709e-06,shap_tree
26,P33,KBTBD2,1.3121337360644247e-05,shap_tree
26,P33,HDAC3,1.459822215110762e-05,shap_tree
26,P33,RRM2,9.074030094780028e-05,shap_tree
26,P33,LGALS9C,0.0,shap_tree
26,P33,ATPAF2,6.41487486063852e-06,shap_tree
26,P33,HINFP,2.3117747787182452e-06,shap_tree
26,P33,CLEC12A,8.873360638972372e-05,shap_tree
26,P33,ALG14,0.0,shap_tree
26,P33,FGGY,0.0,shap_tree
26,P33,ZNF621,8.640411579108331e-06,shap_tree
26,P33,HSPA6,2.1325156467355555e-06,shap_tree
26,P33,RAPH1,0.0,shap_tree
26,P33,SLC2A14,0.00025100214406847954,shap_tree
26,P33,C1QB,3.3863559565361356e-06,shap_tree
26,P33,C1QA,0.0,shap_tree
26,P33,PTPRM,1.0036993444373365e-05,shap_tree
26,P33,SULT1B1,0.0,shap_tree
26,P33,TLR6,0.0001210278132930398,shap_tree
26,P33,UBE2C,0.0,shap_tree
26,P33,PCCA,1.7636783013585955e-05,shap_tree
26,P33,APITD1,2.9660363907169085e-06,shap_tree
26,P33,ZNF519,0.0,shap_tree
26,P33,GAPT,0.00012915230763610452,shap_tree
26,P33,RMDN1,1.5941113815642893e-05,shap_tree
26,P33,METRNL,2.6491450171306496e-06,shap_tree
26,P33,SLC38A9,1.0942541166514275e-06,shap_tree
26,P33,CD19,1.9582714230637066e-05,shap_tree
26,P33,CD163,0.0,shap_tree
26,P33,BOLA1,1.7983976476898533e-06,shap_tree
26,P33,GEN1,0.0,shap_tree
26,P33,THBD,2.6678160793380812e-05,shap_tree
26,P33,EFCAB13,9.248989226762205e-05,shap_tree
26,P33,CTC1,8.572440856369212e-05,shap_tree
26,P33,APOBEC3B,3.8865033275214955e-05,shap_tree
26,P33,CCR8,0.0,shap_tree
26,P33,CSNK1A1L,8.098551006696653e-06,shap_tree
26,P33,ZNF816,6.994047907937784e-06,shap_tree
26,P33,ZNF571,7.41018375265412e-05,shap_tree
26,P33,EIF2S3L,6.781839601899264e-06,shap_tree
26,P33,SLC36A4,0.0,shap_tree
26,P33,ZNF707,0.0,shap_tree
26,P33,CEP97,5.206228706811089e-06,shap_tree
26,P33,AP2A2,7.162570545915514e-05,shap_tree
26,P33,AFMID,2.3061238607624546e-06,shap_tree
26,P33,CEP57L1,4.582849578582682e-05,shap_tree
26,P33,IQGAP3,0.0,shap_tree
26,P33,COA3,1.3398781447904184e-05,shap_tree
26,P33,LRTOMT,3.4370598314126255e-06,shap_tree
26,P33,KNTC1,2.034421959251631e-05,shap_tree
26,P33,GSTT1,0.0,shap_tree
26,P33,TMED9,0.0003123322385363281,shap_tree
26,P33,TNFAIP2,0.0,shap_tree
26,P33,IRF7,6.142175698187202e-05,shap_tree
26,P33,IFIT1,0.0,shap_tree
26,P33,PTCH1,0.0,shap_tree
26,P33,CD300E,2.728930326156842e-07,shap_tree
26,P33,CCDC30,0.0,shap_tree
26,P33,UBE2H,5.113160295877606e-05,shap_tree
26,P33,TNFRSF4,0.0010523803066462278,shap_tree
26,P33,TNFRSF18,0.00022065125813242048,shap_tree
26,P33,ZDHHC17,1.4698207451147027e-06,shap_tree
26,P33,LILRA5,0.0,shap_tree
26,P33,CMC1,5.317016984918155e-05,shap_tree
26,P33,MT1X,5.076494562672451e-05,shap_tree
26,P33,USP7,0.00011472723417682573,shap_tree
26,P33,MAGEH1,8.508665814588312e-06,shap_tree
26,P33,ISG15,0.00957675464451313,shap_tree
26,P33,ARHGAP11B,1.2658779269258957e-06,shap_tree
26,P33,ZNF383,0.0,shap_tree
26,P33,FAM26F,7.751981684123166e-06,shap_tree
26,P33,KIR2DL4,4.719351636595093e-05,shap_tree
26,P33,ZNF573,0.0,shap_tree
26,P33,ZNF681,2.807723546993657e-07,shap_tree
26,P33,TUBB,0.00018451959476806223,shap_tree
26,P33,TCF4,1.6106901966850273e-05,shap_tree
26,P33,ZFP62,2.5654794626461808e-06,shap_tree
26,P33,HLA-DQA1,0.000558594532776624,shap_tree
26,P33,SERPINA1,7.874237780924886e-05,shap_tree
26,P33,CCL4L2,0.0031401277519762516,shap_tree
26,P33,SYNGAP1,4.1572322516003624e-05,shap_tree
26,P33,PIGN,1.2782213161699474e-05,shap_tree
26,P33,PSAP,0.00043289040331728756,shap_tree
26,P33,CFD,0.0,shap_tree
26,P33,ZNF81,5.735752210966893e-07,shap_tree
26,P33,ZNF780A,4.138712938583922e-06,shap_tree
26,P33,FCGR1B,0.0,shap_tree
26,P33,HLA-DRB5,0.009184514172375202,shap_tree
26,P33,FAM19A2,0.0,shap_tree
26,P33,TMEM184B,6.176475721986208e-07,shap_tree
26,P33,GK,0.0003674126055557281,shap_tree
26,P33,PRC1,5.9866711126232985e-06,shap_tree
26,P33,C9orf114,2.258911990793422e-05,shap_tree
26,P33,TGM2,1.2499432386903209e-06,shap_tree
26,P33,FCGR3A,0.0003768821188714355,shap_tree
26,P33,HIST2H2AA4,9.691686136648059e-05,shap_tree
26,P33,HLA-DRA,0.0005116828833706677,shap_tree
26,P33,AGER,1.2975419849681202e-05,shap_tree
26,P33,NEU1,0.0001622030686121434,shap_tree
26,P33,HSPA1B,0.0005845679552294314,shap_tree
26,P33,HSPA1A,0.0003816435346379876,shap_tree
26,P33,LY6G5C,1.666218167883926e-06,shap_tree
26,P33,AIF1,2.971970843645977e-06,shap_tree
26,P33,LST1,0.0,shap_tree
26,P33,CCL4L1,0.014815432019531727,shap_tree
26,P33,CCL3L1,6.405775820894632e-07,shap_tree
26,P33,MFSD2B,0.0,shap_tree
26,P33,AL590867.1,1.4012637166160857e-06,shap_tree
26,P33,TREX1,1.4408797142095864e-05,shap_tree
26,P33,DNASE1,0.0,shap_tree
26,P33,C17orf67,2.760024472081568e-06,shap_tree
26,P33,MYL5,4.0236686800199095e-06,shap_tree
26,P33,IFI30,0.002160567557439208,shap_tree
26,P33,FANCG,0.0,shap_tree
26,P33,SLC26A6,1.1996947932857438e-06,shap_tree
26,P33,PGAM4,0.00010707198089221492,shap_tree
26,P33,LTB,0.00017370106070302427,shap_tree
26,P33,TNF,0.00011439037916716188,shap_tree
26,P33,LILRA4,0.0,shap_tree
26,P33,PPIL3,0.00018901051953434944,shap_tree
26,P33,KIR3DL2,0.0,shap_tree
26,P33,YAE1D1,4.170267857261933e-06,shap_tree
26,P33,ZNF585B,1.3484038845490431e-06,shap_tree
26,P33,INSL3,9.491756645729765e-05,shap_tree
26,P33,IGLL5,0.0,shap_tree
26,P33,HIST1H3G,0.0,shap_tree
26,P33,CCL3L3,0.00012121580220991746,shap_tree
26,P33,RP11-96O20.4,0.0,shap_tree
26,P33,AL161784.1,0.0,shap_tree
26,P33,AC018867.2,8.709163921594154e-06,shap_tree
26,P33,SPIB,8.054603313212283e-06,shap_tree
27,P35,C1orf112,3.1353440590464743e-06,shap_tree
27,P35,FGR,3.2468702556798235e-05,shap_tree
27,P35,NDUFAF7,0.00011570001515792683,shap_tree
27,P35,FKBP4,8.364364475710317e-06,shap_tree
27,P35,ST7,2.9568886020570062e-05,shap_tree
27,P35,CCL3,0.005794895812869072,shap_tree
27,P35,CDKL3,1.110093762690667e-05,shap_tree
27,P35,PAFAH1B1,7.266411557793617e-05,shap_tree
27,P35,CD79B,0.0002535369130782783,shap_tree
27,P35,DYRK4,0.0,shap_tree
27,P35,CD9,0.00019513643928803504,shap_tree
27,P35,PLAUR,1.7242346075363457e-05,shap_tree
27,P35,TYROBP,6.557338201673701e-05,shap_tree
27,P35,BRCA1,4.469987402444531e-07,shap_tree
27,P35,CD22,1.794851414160803e-05,shap_tree
27,P35,SLC11A1,6.16314537182916e-07,shap_tree
27,P35,MARCO,1.931975748448167e-05,shap_tree
27,P35,CD74,0.003477647202089429,shap_tree
27,P35,NR1H3,0.0,shap_tree
27,P35,AGPAT4,0.0,shap_tree
27,P35,NUP160,8.269976387964562e-05,shap_tree
27,P35,GRN,0.00033973329118452966,shap_tree
27,P35,NSMAF,3.842969363176962e-06,shap_tree
27,P35,STAP1,5.046461410529446e-06,shap_tree
27,P35,METTL1,0.0,shap_tree
27,P35,VCAN,1.139904838964867e-06,shap_tree
27,P35,CAPG,7.027254468994215e-05,shap_tree
27,P35,ADAM28,0.0001624337601242587,shap_tree
27,P35,TNFRSF9,5.834383409819566e-05,shap_tree
27,P35,SLC4A8,1.3869238500774372e-05,shap_tree
27,P35,SIKE1,0.00014465620915871114,shap_tree
27,P35,TSPAN32,2.013491939578671e-05,shap_tree
27,P35,ST3GAL6,0.0,shap_tree
27,P35,CHI3L2,0.00029922035173512995,shap_tree
27,P35,ADAT1,0.0,shap_tree
27,P35,MAP2K4,0.0,shap_tree
27,P35,SLC9A7,0.0,shap_tree
27,P35,ZNRD1,2.6671545128920116e-05,shap_tree
27,P35,STAG3,5.094102743896656e-05,shap_tree
27,P35,DDX3Y,0.002129491651430726,shap_tree
27,P35,IFT80,3.3038541005225852e-06,shap_tree
27,P35,MPP5,8.117926313389034e-07,shap_tree
27,P35,MAP3K13,2.8847207431681454e-06,shap_tree
27,P35,FSCN1,3.833068603853462e-06,shap_tree
27,P35,SLC46A1,0.0,shap_tree
27,P35,SPAG5,4.41946070850463e-07,shap_tree
27,P35,IL4R,0.0022808595094829798,shap_tree
27,P35,FAM76B,0.0,shap_tree
27,P35,PIK3C3,4.1159146348945796e-05,shap_tree
27,P35,SLC1A3,6.246964403544553e-06,shap_tree
27,P35,TNS1,0.00010931166616501287,shap_tree
27,P35,CEACAM1,1.4784767699893564e-05,shap_tree
27,P35,OPHN1,0.0,shap_tree
27,P35,HSP90AA1,0.0019957558251917362,shap_tree
27,P35,CXCL2,0.0,shap_tree
27,P35,NFE2L1,1.7109643522417173e-05,shap_tree
27,P35,KAT6A,5.8326324506197125e-05,shap_tree
27,P35,FCN1,2.847818336704222e-07,shap_tree
27,P35,SCAMP1,0.00022088672267273068,shap_tree
27,P35,AAMDC,0.0,shap_tree
27,P35,RFX2,3.901425770891365e-06,shap_tree
27,P35,OAS1,0.00021404361177701503,shap_tree
27,P35,LYZ,5.017379862692906e-06,shap_tree
27,P35,ITGA6,3.7319986745387723e-07,shap_tree
27,P35,RNF31,3.0188892196747474e-05,shap_tree
27,P35,CAPN3,4.0129281842382625e-05,shap_tree
27,P35,HDAC6,3.6445765090320492e-06,shap_tree
27,P35,BLNK,6.775661313440651e-05,shap_tree
27,P35,ACOT7,0.0,shap_tree
27,P35,OSM,0.0,shap_tree
27,P35,GGT1,0.0,shap_tree
27,P35,LGALS2,4.0829192585079e-05,shap_tree
27,P35,HMOX1,0.0,shap_tree
27,P35,GZMB,0.013981051743030548,shap_tree
27,P35,PRMT5,6.275672058109194e-05,shap_tree
27,P35,CDKN3,0.0,shap_tree
27,P35,PIGH,0.0002870469761546701,shap_tree
27,P35,TIMM9,1.1407079000491649e-05,shap_tree
27,P35,LGMN,0.0,shap_tree
27,P35,TCL1A,1.1944891866733087e-06,shap_tree
27,P35,PLTP,0.0,shap_tree
27,P35,MMP9,0.0,shap_tree
27,P35,PABPC1L,2.2825672203907743e-05,shap_tree
27,P35,NDUFAF5,9.394109838467557e-06,shap_tree
27,P35,CST3,1.107844309444772e-05,shap_tree
27,P35,POLI,9.988752935896628e-07,shap_tree
27,P35,ALG13,0.00012154889554949477,shap_tree
27,P35,MOSPD1,0.0,shap_tree
27,P35,WDR13,2.023324486799538e-05,shap_tree
27,P35,FMR1,1.9896340745617636e-05,shap_tree
27,P35,KIAA0226L,8.994448421617562e-07,shap_tree
27,P35,ACP5,7.291116344276816e-05,shap_tree
27,P35,RGCC,0.00017553872021380812,shap_tree
27,P35,DHRS12,9.096009421227791e-07,shap_tree
27,P35,TSC22D1,4.5681128540309146e-05,shap_tree
27,P35,DNAJA3,7.03001160218264e-06,shap_tree
27,P35,MTFMT,5.258071382741036e-07,shap_tree
27,P35,DMXL2,0.0,shap_tree
27,P35,IL7,0.0,shap_tree
27,P35,PPP2CB,0.0,shap_tree
27,P35,ASAH1,4.305808033677749e-06,shap_tree
27,P35,SARS2,9.930369060384692e-07,shap_tree
27,P35,DOT1L,3.836620453512296e-05,shap_tree
27,P35,FCER2,0.0002731118584051728,shap_tree
27,P35,IL4I1,2.232007318525575e-05,shap_tree
27,P35,PDCD5,0.00045687894453294575,shap_tree
27,P35,EBI3,0.0,shap_tree
27,P35,CD79A,0.0001077508059097454,shap_tree
27,P35,LILRB5,5.007331651540881e-07,shap_tree
27,P35,PON2,0.0005364134558476508,shap_tree
27,P35,DFNA5,0.0,shap_tree
27,P35,CPVL,2.1440291675389744e-06,shap_tree
27,P35,ABHD11,0.0,shap_tree
27,P35,HSPB1,0.0029500420205295086,shap_tree
27,P35,SNX8,0.0,shap_tree
27,P35,TMEM176B,3.2956875202216906e-06,shap_tree
27,P35,RASSF4,4.2787458369275555e-05,shap_tree
27,P35,ARHGAP21,1.5349807654274628e-05,shap_tree
27,P35,GALK1,1.8457176338415593e-05,shap_tree
27,P35,NUP88,5.3329000365920365e-05,shap_tree
27,P35,LGALS3BP,7.762132736388594e-05,shap_tree
27,P35,CCL2,0.0,shap_tree
27,P35,TMEM97,5.420235174824484e-05,shap_tree
27,P35,RAB34,2.1774215497316618e-07,shap_tree
27,P35,SLC2A9,0.0,shap_tree
27,P35,SC5D,6.303692498477176e-05,shap_tree
27,P35,CRTAM,0.00033263227669522166,shap_tree
27,P35,MS4A6A,1.447656927666685e-07,shap_tree
27,P35,MS4A4A,4.717805495602079e-06,shap_tree
27,P35,ACCS,4.7894023737171665e-05,shap_tree
27,P35,CD81,8.176357368938625e-05,shap_tree
27,P35,IFNG,0.005623428616672754,shap_tree
27,P35,CLEC4A,5.9762096498161554e-06,shap_tree
27,P35,SOD2,9.623091318644583e-05,shap_tree
27,P35,MDGA1,0.0,shap_tree
27,P35,CD83,0.006894941907376051,shap_tree
27,P35,SMAD5,8.251075996668078e-06,shap_tree
27,P35,PFKFB4,0.0,shap_tree
27,P35,C3orf14,0.0,shap_tree
27,P35,CISH,2.31890007853508e-05,shap_tree
27,P35,GORASP1,6.102760016801767e-05,shap_tree
27,P35,EPB41L5,8.263504241767805e-06,shap_tree
27,P35,GTF3C2,1.5646359315724112e-05,shap_tree
27,P35,FN1,0.0,shap_tree
27,P35,GNLY,0.0007933336310088634,shap_tree
27,P35,STK25,1.028968472382985e-05,shap_tree
27,P35,CEP104,6.076391855458496e-06,shap_tree
27,P35,GBP1,0.007318837568163872,shap_tree
27,P35,ID3,0.0008280214970000088,shap_tree
27,P35,CDC20,0.0,shap_tree
27,P35,RCOR3,2.4605513317510486e-05,shap_tree
27,P35,STMN1,1.5793475540704094e-05,shap_tree
27,P35,CTSD,0.00017345385276712477,shap_tree
27,P35,C1orf54,2.159379164368147e-06,shap_tree
27,P35,LRMP,1.7291129552177154e-05,shap_tree
27,P35,SPP1,0.0,shap_tree
27,P35,FAM206A,0.0,shap_tree
27,P35,CSF3R,6.877654959680513e-05,shap_tree
27,P35,NPC2,0.00020547257736325264,shap_tree
27,P35,IFIT3,5.4269316024146974e-05,shap_tree
27,P35,IFIT2,3.395330350031145e-05,shap_tree
27,P35,HSPH1,0.0009136070730164647,shap_tree
27,P35,TGFBI,0.004858642350882292,shap_tree
27,P35,EGR1,0.0008591787773184478,shap_tree
27,P35,LY9,0.004680668003857136,shap_tree
27,P35,EGR2,2.678983719306416e-07,shap_tree
27,P35,MMP19,0.0,shap_tree
27,P35,TUBA1B,0.0002164361358154565,shap_tree
27,P35,G0S2,0.00018769041344057769,shap_tree
27,P35,PLA2G12A,0.0,shap_tree
27,P35,SLC12A4,0.0,shap_tree
27,P35,F13A1,0.0,shap_tree
27,P35,TREM1,0.0,shap_tree
27,P35,BBS2,0.00016970867000054568,shap_tree
27,P35,MT2A,0.023770414292812347,shap_tree
27,P35,GPR18,0.0,shap_tree
27,P35,PTGER2,0.00027307882555760443,shap_tree
27,P35,IL1B,1.9013854398508556e-05,shap_tree
27,P35,VASP,0.00013766137999482453,shap_tree
27,P35,CCR7,0.020930130034685135,shap_tree
27,P35,IFI6,0.05281117185950279,shap_tree
27,P35,CFP,1.957883796421811e-05,shap_tree
27,P35,PLEKHG3,2.495226681276108e-06,shap_tree
27,P35,VPREB3,0.0,shap_tree
27,P35,APOBEC3A,1.080560082300508e-06,shap_tree
27,P35,TMOD2,1.5384738389911945e-06,shap_tree
27,P35,SERGEF,4.7299263314926066e-06,shap_tree
27,P35,CD68,1.4999962331785355e-05,shap_tree
27,P35,CCL4,0.0004769123042933643,shap_tree
27,P35,PARP2,0.0,shap_tree
27,P35,ERMARD,0.0,shap_tree
27,P35,SAT1,0.002701002871617675,shap_tree
27,P35,APOC1,0.0,shap_tree
27,P35,FCHO1,8.162020094459876e-05,shap_tree
27,P35,ACSS2,0.0,shap_tree
27,P35,ZNF141,7.447530515491962e-05,shap_tree
27,P35,NINJ1,0.0007244960870593786,shap_tree
27,P35,LGALS3,0.0011081141419708729,shap_tree
27,P35,DNAJB1,0.0011392482556402683,shap_tree
27,P35,FCRLA,0.0,shap_tree
27,P35,PTCD3,2.27411092055263e-05,shap_tree
27,P35,IGJ,3.2167270546779037e-05,shap_tree
27,P35,CLEC10A,1.6515984953002771e-06,shap_tree
27,P35,PRMT7,7.123842078726739e-05,shap_tree
27,P35,MUTYH,5.2512950787786394e-06,shap_tree
27,P35,KRBA1,0.0,shap_tree
27,P35,ACTR3B,7.319330961763626e-06,shap_tree
27,P35,HSD17B4,2.34823291975772e-05,shap_tree
27,P35,CCNB1,1.0074353440359118e-06,shap_tree
27,P35,DPH6,7.425210242217872e-07,shap_tree
27,P35,RSAD2,4.1453740777797066e-06,shap_tree
27,P35,TMEM241,6.363357897498645e-06,shap_tree
27,P35,KLRC1,7.748803909635171e-06,shap_tree
27,P35,SLC37A2,0.0,shap_tree
27,P35,NREP,0.0,shap_tree
27,P35,CTSL,1.7177662812173367e-05,shap_tree
27,P35,USP30,1.0290349564456847e-05,shap_tree
27,P35,CCDC142,0.0,shap_tree
27,P35,DYNC1LI2,9.50127468968276e-06,shap_tree
27,P35,FHOD1,0.00013406554353423417,shap_tree
27,P35,GLUL,1.2020986105198972e-05,shap_tree
27,P35,GPNMB,0.0,shap_tree
27,P35,IL10,0.0,shap_tree
27,P35,IL1RN,0.0,shap_tree
27,P35,TXN,0.002149815671145916,shap_tree
27,P35,IL11RA,3.87097243219614e-05,shap_tree
27,P35,IER3,2.379772013227921e-06,shap_tree
27,P35,FGFBP2,0.0007588497246615589,shap_tree
27,P35,SLCO2B1,0.0,shap_tree
27,P35,RNF121,1.763594696058135e-06,shap_tree
27,P35,C11orf1,0.0,shap_tree
27,P35,IFI44L,0.002018342725932598,shap_tree
27,P35,IFI44,0.00016754347598180175,shap_tree
27,P35,DNAJC13,6.574178405571729e-05,shap_tree
27,P35,ITGAV,6.089452654123306e-06,shap_tree
27,P35,TMOD3,0.00020633374515455216,shap_tree
27,P35,SPPL2A,5.715287443308625e-06,shap_tree
27,P35,ARHGAP24,0.0004714914539363235,shap_tree
27,P35,CASP6,0.00010455596202518791,shap_tree
27,P35,LEF1,0.0007368287188000977,shap_tree
27,P35,C1RL,8.674134619468532e-07,shap_tree
27,P35,CLSTN3,2.5708472094265744e-05,shap_tree
27,P35,TMEM19,3.1927631880535046e-06,shap_tree
27,P35,GPR84,0.0,shap_tree
27,P35,LMBR1L,1.036323737935163e-05,shap_tree
27,P35,SLC38A6,0.0,shap_tree
27,P35,PTGR2,1.1606035741351661e-06,shap_tree
27,P35,WARS,0.015047944150865078,shap_tree
27,P35,BCL2A1,2.2053534110000328e-07,shap_tree
27,P35,NEIL1,0.0,shap_tree
27,P35,TPM1,0.0,shap_tree
27,P35,IGF1R,2.349259921174962e-05,shap_tree
27,P35,IGSF6,5.2862606025883e-07,shap_tree
27,P35,ZFHX3,0.0,shap_tree
27,P35,IRF8,4.725381586467847e-05,shap_tree
27,P35,TP53,0.0005703170318156481,shap_tree
27,P35,SMAD4,5.24914094057749e-06,shap_tree
27,P35,IFITM3,0.006530100479722023,shap_tree
27,P35,SLC2A5,0.0,shap_tree
27,P35,GPN2,9.57888005359564e-07,shap_tree
27,P35,PPOX,2.4425509764114395e-05,shap_tree
27,P35,FCGR2A,6.784693596273428e-06,shap_tree
27,P35,RRNAD1,0.0,shap_tree
27,P35,ABL2,8.604975846537855e-06,shap_tree
27,P35,LYPLAL1,0.0,shap_tree
27,P35,S100A8,3.13080306568736e-07,shap_tree
27,P35,SLC27A3,7.014866696408717e-06,shap_tree
27,P35,AFF3,6.4405858211102895e-06,shap_tree
27,P35,RHBDD1,2.1376554286689498e-05,shap_tree
27,P35,FANCD2,8.685381180839613e-05,shap_tree
27,P35,LPP,0.0005790344439446926,shap_tree
27,P35,EAF2,2.9211683795438148e-05,shap_tree
27,P35,PLAC8,0.0002081514976453036,shap_tree
27,P35,PIK3R1,0.00024030871281865984,shap_tree
27,P35,FBXL17,4.1660700844659004e-06,shap_tree
27,P35,FAM58A,5.146686703483283e-07,shap_tree
27,P35,TATDN1,0.0,shap_tree
27,P35,PLIN2,0.0003241455415263772,shap_tree
27,P35,GSN,2.155912994794562e-07,shap_tree
27,P35,PDSS1,0.0,shap_tree
27,P35,IMMP1L,0.0,shap_tree
27,P35,INTS4,6.10711140325293e-05,shap_tree
27,P35,FADS1,3.237961891500163e-06,shap_tree
27,P35,FCGR1A,1.7246809420612408e-06,shap_tree
27,P35,CACNA2D4,2.7809510356746614e-06,shap_tree
27,P35,OXSM,3.425778049859218e-05,shap_tree
27,P35,DAB2,3.5589926028478658e-06,shap_tree
27,P35,NEIL2,0.0,shap_tree
27,P35,OBSCN,1.0185985956923105e-05,shap_tree
27,P35,TSEN2,0.0,shap_tree
27,P35,PPP4R1,0.00038065441185608506,shap_tree
27,P35,VSIG4,7.982457645994145e-06,shap_tree
27,P35,NDUFAF6,4.200620423944201e-06,shap_tree
27,P35,CXCL13,6.012481389916502e-05,shap_tree
27,P35,MS4A1,0.0004209329781588167,shap_tree
27,P35,WDYHV1,0.0,shap_tree
27,P35,MALSU1,6.548253440996632e-05,shap_tree
27,P35,VPS8,0.0002795939508359879,shap_tree
27,P35,GALK2,9.03151430975413e-06,shap_tree
27,P35,B3GNT7,5.9787475038319826e-05,shap_tree
27,P35,MYO1E,6.327737196443195e-07,shap_tree
27,P35,C2CD2,0.0,shap_tree
27,P35,C9orf91,4.3139269223502197e-07,shap_tree
27,P35,RNF207,5.252637720332132e-07,shap_tree
27,P35,AUTS2,0.00029432843439280987,shap_tree
27,P35,TMSB15B,0.0,shap_tree
27,P35,FCER1G,0.0001853685826063156,shap_tree
27,P35,C1QC,0.0,shap_tree
27,P35,SPON2,0.00040637189522385597,shap_tree
27,P35,LMNA,0.00028055362054146826,shap_tree
27,P35,TMEM143,0.0,shap_tree
27,P35,GRASP,3.676859341794625e-05,shap_tree
27,P35,WDR90,0.0,shap_tree
27,P35,PAQR4,8.664430060889572e-05,shap_tree
27,P35,VCAM1,0.00014531472697854042,shap_tree
27,P35,NLRP3,0.0,shap_tree
27,P35,FCGR3B,1.3479773770086467e-05,shap_tree
27,P35,ATF3,0.00010905263479799032,shap_tree
27,P35,ZNF2,8.644974514027126e-06,shap_tree
27,P35,CTSS,5.1572973461588845e-05,shap_tree
27,P35,S100A9,0.0,shap_tree
27,P35,IGFBP7,0.0,shap_tree
27,P35,STK36,0.0,shap_tree
27,P35,ANKZF1,8.15340354165528e-06,shap_tree
27,P35,FCRL1,8.065505426202435e-06,shap_tree
27,P35,SMIM14,7.724819965915231e-07,shap_tree
27,P35,ABHD6,2.080766535073053e-05,shap_tree
27,P35,CXCL3,0.0,shap_tree
27,P35,RCHY1,1.3033567483944353e-05,shap_tree
27,P35,BAP1,0.000269265758106485,shap_tree
27,P35,GNL3,8.212921966332942e-05,shap_tree
27,P35,PIGX,9.478208085056394e-06,shap_tree
27,P35,SPRY1,0.0,shap_tree
27,P35,TMEM155,0.0,shap_tree
27,P35,ITGA2,4.217965397401713e-06,shap_tree
27,P35,CTSB,0.0018753973999992013,shap_tree
27,P35,LETM2,6.77068214827159e-07,shap_tree
27,P35,FBP1,0.0003686811251100153,shap_tree
27,P35,IFI27,0.0,shap_tree
27,P35,ALKBH3,5.0298203859711066e-05,shap_tree
27,P35,FRS2,0.0,shap_tree
27,P35,ARIH1,1.0793201909109484e-05,shap_tree
27,P35,STXBP4,0.0,shap_tree
27,P35,CUL5,2.7663307264447212e-05,shap_tree
27,P35,TAF10,0.00014405041292775422,shap_tree
27,P35,CLEC4E,0.0,shap_tree
27,P35,CATSPER2,0.0,shap_tree
27,P35,ANPEP,0.0,shap_tree
27,P35,XRCC6BP1,2.0296616639825515e-05,shap_tree
27,P35,C15orf48,0.0,shap_tree
27,P35,MS4A7,0.0,shap_tree
27,P35,MEI1,2.1319503957784036e-06,shap_tree
27,P35,GNGT2,4.031375283375382e-06,shap_tree
27,P35,FBXO22,0.0,shap_tree
27,P35,POP5,2.3676015189266764e-05,shap_tree
27,P35,ENTHD2,1.3455578482535202e-06,shap_tree
27,P35,LAIR2,0.0,shap_tree
27,P35,ZNF558,7.366642967099324e-05,shap_tree
27,P35,ECI1,2.9307261684152763e-07,shap_tree
27,P35,BSCL2,5.28965665580472e-06,shap_tree
27,P35,BMI1,6.992705948505318e-06,shap_tree
27,P35,CX3CR1,0.0016799470176920295,shap_tree
27,P35,SLC20A2,0.0001815277646528557,shap_tree
27,P35,TMEM208,7.2979164542630315e-06,shap_tree
27,P35,PKIG,2.8465943614719436e-05,shap_tree
27,P35,PTK2,6.253016522350663e-07,shap_tree
27,P35,RNASE6,5.684938059857814e-06,shap_tree
27,P35,IL8,0.0,shap_tree
27,P35,GPR183,0.0026635739486664534,shap_tree
27,P35,CLIC3,0.0001882832875708118,shap_tree
27,P35,MT1E,5.502736894413829e-05,shap_tree
27,P35,TAPT1,4.350967799382488e-07,shap_tree
27,P35,GLB1,0.00024483868037350476,shap_tree
27,P35,KRT8,1.2501343007897958e-05,shap_tree
27,P35,CD14,3.6835879200225463e-06,shap_tree
27,P35,LILRA3,0.00010563270188868046,shap_tree
27,P35,ZNF561,7.47878584661521e-06,shap_tree
27,P35,HDAC3,0.00022059060574974865,shap_tree
27,P35,RRM2,3.2332554837921634e-05,shap_tree
27,P35,ATPAF2,2.808227509376593e-05,shap_tree
27,P35,CLEC12A,2.795041609715554e-06,shap_tree
27,P35,ALG14,2.0476818463066593e-05,shap_tree
27,P35,HSPA6,2.1631369691021973e-06,shap_tree
27,P35,RAPH1,1.00240970368759e-06,shap_tree
27,P35,C1QB,0.0,shap_tree
27,P35,C1QA,0.0,shap_tree
27,P35,OLR1,0.0,shap_tree
27,P35,PTPRM,3.196750526512915e-07,shap_tree
27,P35,ZNF80,0.0,shap_tree
27,P35,UBE2C,0.0,shap_tree
27,P35,APITD1,0.0,shap_tree
27,P35,ZNF683,0.00024391443002969027,shap_tree
27,P35,RMDN1,2.5122677470790222e-05,shap_tree
27,P35,METRNL,6.607788691326277e-06,shap_tree
27,P35,TYMS,0.00019542753580026329,shap_tree
27,P35,DEAF1,5.4570759857597295e-06,shap_tree
27,P35,SLC38A9,0.0,shap_tree
27,P35,CD19,1.3441453120321967e-05,shap_tree
27,P35,CD163,6.0481052059913054e-05,shap_tree
27,P35,DTX3,9.199013584293425e-05,shap_tree
27,P35,THBD,0.0001459855557186529,shap_tree
27,P35,CPNE7,3.5542702789825853e-06,shap_tree
27,P35,DPY19L3,8.530648187843326e-07,shap_tree
27,P35,CTC1,7.19562012818642e-05,shap_tree
27,P35,AURKB,3.562988126759592e-07,shap_tree
27,P35,APOBEC3B,3.829549314104952e-06,shap_tree
27,P35,CCDC66,6.441346340579912e-05,shap_tree
27,P35,HARBI1,0.0,shap_tree
27,P35,ZNF571,4.564933988149278e-05,shap_tree
27,P35,EIF2S3L,2.8867998480563983e-05,shap_tree
27,P35,S1PR5,6.7097917053615674e-06,shap_tree
27,P35,ERCC6L2,9.898845974021242e-07,shap_tree
27,P35,UBA7,0.0010464238002896309,shap_tree
27,P35,CADM1,0.0005082488059997559,shap_tree
27,P35,AFMID,5.6871565902838483e-05,shap_tree
27,P35,IQGAP3,0.0,shap_tree
27,P35,COA3,0.0002819793298840523,shap_tree
27,P35,LRTOMT,0.0,shap_tree
27,P35,CLECL1,1.7915906937560067e-05,shap_tree
27,P35,PTP4A3,0.0,shap_tree
27,P35,TNFAIP2,0.0,shap_tree
27,P35,WBP5,0.0,shap_tree
27,P35,IRF7,0.00011440675734775141,shap_tree
27,P35,IFIT1,0.0,shap_tree
27,P35,NUDT17,0.0,shap_tree
27,P35,CD300E,1.556678057568206e-06,shap_tree
27,P35,UBE2H,1.8476737750461325e-05,shap_tree
27,P35,TNFRSF4,2.7793634217232466e-05,shap_tree
27,P35,TNFRSF18,0.00015126459766179323,shap_tree
27,P35,GPR141,0.0,shap_tree
27,P35,PLCD1,1.8724153051152825e-05,shap_tree
27,P35,LILRA5,0.0,shap_tree
27,P35,CMC1,0.00013148448488209397,shap_tree
27,P35,MT1X,1.451962634746451e-05,shap_tree
27,P35,USP7,0.00022481978521682322,shap_tree
27,P35,ISG15,0.004424578044563532,shap_tree
27,P35,ARHGAP11B,4.290233391657239e-06,shap_tree
27,P35,ZNF559,3.8356993172783405e-05,shap_tree
27,P35,FAM26F,2.337821752007585e-05,shap_tree
27,P35,KIR2DL4,6.020029468345456e-05,shap_tree
27,P35,ZNF250,0.00015631754649803042,shap_tree
27,P35,TUBB,0.0006780930561944842,shap_tree
27,P35,GTF2IRD2,4.820302638108842e-05,shap_tree
27,P35,ZFP62,7.5446487244335e-06,shap_tree
27,P35,MAML3,1.470002757741895e-06,shap_tree
27,P35,SERPINA1,1.7145679294117144e-06,shap_tree
27,P35,CCL4L2,0.00044397806050255895,shap_tree
27,P35,ZNF165,0.00012890112702734768,shap_tree
27,P35,PIGN,0.00014551794447470456,shap_tree
27,P35,PSAP,0.00022718370018992573,shap_tree
27,P35,CFD,4.693569280789234e-06,shap_tree
27,P35,HIST1H2BF,7.325617161768605e-07,shap_tree
27,P35,FAM212B,0.0,shap_tree
27,P35,MPZL1,1.0678186299628578e-06,shap_tree
27,P35,FCGR1B,0.0,shap_tree
27,P35,HIBCH,2.638645810293383e-06,shap_tree
27,P35,SPRED2,1.1585941138037015e-05,shap_tree
27,P35,TMEM184B,2.50932207563892e-05,shap_tree
27,P35,GK,0.0007520082872360945,shap_tree
27,P35,OPA1,0.00011810937576228753,shap_tree
27,P35,PRC1,0.0,shap_tree
27,P35,ZNF525,2.800290531013161e-06,shap_tree
27,P35,FCGR3A,0.0038278591819107533,shap_tree
27,P35,HIST2H2AA4,0.0005518999532796443,shap_tree
27,P35,C10orf128,4.521715766259149e-07,shap_tree
27,P35,HLA-DRA,0.0012106684735044837,shap_tree
27,P35,AGER,3.290212589490693e-06,shap_tree
27,P35,HSPA1B,0.0012398819671943784,shap_tree
27,P35,HSPA1A,0.002300572581589222,shap_tree
27,P35,AIF1,2.19706748794124e-06,shap_tree
27,P35,NCR3,3.0747733035241254e-06,shap_tree
27,P35,LST1,0.0,shap_tree
27,P35,CCL4L1,0.0261380635201931,shap_tree
27,P35,CCL3L1,4.358952719485387e-05,shap_tree
27,P35,RP11-706O15.1,0.0,shap_tree
27,P35,TREX1,3.3384199923602864e-05,shap_tree
27,P35,DNASE1,6.804640179325361e-06,shap_tree
27,P35,ITGA1,0.0004130970046389848,shap_tree
27,P35,C17orf67,5.06178139403346e-07,shap_tree
27,P35,HNRNPUL2,1.1399744153095526e-06,shap_tree
27,P35,IFI30,0.0007924425299279392,shap_tree
27,P35,FADS3,0.0,shap_tree
27,P35,SLC26A6,1.050762080012646e-06,shap_tree
27,P35,KIAA0125,0.0,shap_tree
27,P35,PGAM4,1.690701537881978e-05,shap_tree
27,P35,LTB,0.00046031837700866163,shap_tree
27,P35,TNF,0.000233729078900069,shap_tree
27,P35,LILRA4,0.0,shap_tree
27,P35,PPIL3,1.9783412426477298e-05,shap_tree
27,P35,HLA-DOB,0.0,shap_tree
27,P35,WDR65,2.3946643068484263e-06,shap_tree
27,P35,ZNF585B,2.544332119214232e-06,shap_tree
27,P35,INSL3,0.0,shap_tree
27,P35,CHCHD10,0.0,shap_tree
27,P35,IGLL5,6.111827678978443e-05,shap_tree
27,P35,HIST1H3G,0.0,shap_tree
27,P35,CCL3L3,1.1824005923699588e-05,shap_tree
27,P35,RP11-96O20.4,1.5898896208454971e-06,shap_tree
27,P35,AL161784.1,4.3686817662091926e-05,shap_tree
27,P35,SPIB,3.162729456107627e-07,shap_tree
28,P4,FGR,0.002447914332151413,shap_tree
28,P4,TMEM176A,0.001002431265078485,shap_tree
28,P4,NDUFAF7,0.0024617970921099186,shap_tree
28,P4,BZRAP1,0.005681225098669529,shap_tree
28,P4,GCFC2,0.0005768067203462124,shap_tree
28,P4,CCL3,0.03684508800506592,shap_tree
28,P4,CD79B,0.07465166598558426,shap_tree
28,P4,CYB561,0.003376791952177882,shap_tree
28,P4,PKD1,0.0051025766879320145,shap_tree
28,P4,DYRK4,0.0012212309520691633,shap_tree
28,P4,BTK,0.00532622030004859,shap_tree
28,P4,PLAUR,0.0013904378283768892,shap_tree
28,P4,TYROBP,0.003904967801645398,shap_tree
28,P4,CD22,0.020596668124198914,shap_tree
28,P4,SLC11A1,0.001551792141981423,shap_tree
28,P4,MARCO,0.001345334225334227,shap_tree
28,P4,CD74,0.07317644357681274,shap_tree
28,P4,NR1H3,0.0006066784844733775,shap_tree
28,P4,NUP160,0.003537996904924512,shap_tree
28,P4,GRN,0.0077779642306268215,shap_tree
28,P4,APBA2,0.005824296269565821,shap_tree
28,P4,METTL1,0.0003286187711637467,shap_tree
28,P4,VCAN,0.0009460027213208377,shap_tree
28,P4,ADAM28,0.011756331659853458,shap_tree
28,P4,TNFRSF9,0.00685851089656353,shap_tree
28,P4,TM7SF3,0.0022559703793376684,shap_tree
28,P4,LPAR2,0.0031514267902821302,shap_tree
28,P4,ADAT1,0.0011605190811678767,shap_tree
28,P4,MAP2K4,0.0005769652780145407,shap_tree
28,P4,SLC9A7,7.027289393590763e-05,shap_tree
28,P4,ZNRD1,0.008949085138738155,shap_tree
28,P4,STAG3,0.015679432079195976,shap_tree
28,P4,PRKCZ,0.00020718765154015273,shap_tree
28,P4,IFT80,0.0044694519601762295,shap_tree
28,P4,WIPI1,0.001388146891258657,shap_tree
28,P4,GBA2,0.002027657115831971,shap_tree
28,P4,SEL1L,0.013423911295831203,shap_tree
28,P4,TFRC,0.01303425244987011,shap_tree
28,P4,MPP5,0.0005525253363884985,shap_tree
28,P4,MAP3K13,0.001715896767564118,shap_tree
28,P4,SPAG5,0.0013655294897034764,shap_tree
28,P4,GTF3C1,0.004210877697914839,shap_tree
28,P4,PIK3C3,0.007686573546379805,shap_tree
28,P4,SLC1A3,0.00017107675375882536,shap_tree
28,P4,TNS1,0.008812794461846352,shap_tree
28,P4,OPHN1,0.0032535758800804615,shap_tree
28,P4,HSP90AA1,0.0698838010430336,shap_tree
28,P4,CXCL2,0.0009749400778673589,shap_tree
28,P4,NFE2L1,0.0033116017002612352,shap_tree
28,P4,KAT6A,0.008998583070933819,shap_tree
28,P4,FCN1,7.090001599863172e-05,shap_tree
28,P4,DDHD2,0.0025922043714672327,shap_tree
28,P4,ERGIC2,0.011362970806658268,shap_tree
28,P4,KIF9,0.0017119445838034153,shap_tree
28,P4,OAS1,0.017194679006934166,shap_tree
28,P4,LYZ,0.007821524515748024,shap_tree
28,P4,ZNF268,0.0037373900413513184,shap_tree
28,P4,WDR7,0.004302561283111572,shap_tree
28,P4,CD200,0.0017930901376530528,shap_tree
28,P4,CAPN3,0.00016646531003061682,shap_tree
28,P4,HDAC6,0.0020159417763352394,shap_tree
28,P4,AAAS,0.0013404953060671687,shap_tree
28,P4,HOOK2,0.002164308913052082,shap_tree
28,P4,ACOT7,0.0024653577711433172,shap_tree
28,P4,TRMT2A,0.007011303212493658,shap_tree
28,P4,LGALS1,0.07609231024980545,shap_tree
28,P4,HMOX1,0.0005342364893294871,shap_tree
28,P4,PRMT5,0.0008653192780911922,shap_tree
28,P4,CDKN3,0.0016619847156107426,shap_tree
28,P4,CGRRF1,0.0017487164586782455,shap_tree
28,P4,PIGH,0.0020168267656117678,shap_tree
28,P4,TIMM9,0.0012068977812305093,shap_tree
28,P4,GMPR2,0.00805066991597414,shap_tree
28,P4,PLTP,0.002007088391110301,shap_tree
28,P4,CST3,0.000851785356644541,shap_tree
28,P4,ALG13,0.005668447818607092,shap_tree
28,P4,CD40LG,0.004757399670779705,shap_tree
28,P4,TIMP1,0.005186369642615318,shap_tree
28,P4,GLA,0.005581741686910391,shap_tree
28,P4,KIAA0226L,0.013114368543028831,shap_tree
28,P4,ACP5,0.009573576971888542,shap_tree
28,P4,DNAJA3,0.0023210993967950344,shap_tree
28,P4,MTFMT,0.003367071971297264,shap_tree
28,P4,FAH,0.0002212086837971583,shap_tree
28,P4,DTWD1,0.0006320951506495476,shap_tree
28,P4,GABPB1,0.016878437250852585,shap_tree
28,P4,GDAP1,0.0016167890280485153,shap_tree
28,P4,IL7,7.8459685028065e-05,shap_tree
28,P4,ASAH1,0.003623586380854249,shap_tree
28,P4,PDCD5,0.014505431056022644,shap_tree
28,P4,CD79A,0.012522619217634201,shap_tree
28,P4,LILRB5,0.0006759536918252707,shap_tree
28,P4,PON2,0.00852375291287899,shap_tree
28,P4,CPVL,0.0004844760987907648,shap_tree
28,P4,STX1A,0.0004969893489032984,shap_tree
28,P4,EPHB6,0.0023478935472667217,shap_tree
28,P4,HSPB1,0.07735695689916611,shap_tree
28,P4,SNX8,0.0008912579505704343,shap_tree
28,P4,RBM28,0.004362000152468681,shap_tree
28,P4,TMEM176B,0.002647533779963851,shap_tree
28,P4,TNFSF8,0.006001055706292391,shap_tree
28,P4,TESK1,0.0005725271767005324,shap_tree
28,P4,RASSF4,0.004074565134942532,shap_tree
28,P4,RECQL5,0.0011933044297620654,shap_tree
28,P4,GALK1,0.0017546438612043858,shap_tree
28,P4,NUP88,0.009511162526905537,shap_tree
28,P4,CCL2,0.0,shap_tree
28,P4,RAB34,0.0034324086736887693,shap_tree
28,P4,AREG,0.012897169217467308,shap_tree
28,P4,SLC2A9,4.842431008000858e-05,shap_tree
28,P4,CRTAM,0.01873103715479374,shap_tree
28,P4,MS4A6A,0.0040835002437233925,shap_tree
28,P4,MS4A4A,3.4216660424135625e-05,shap_tree
28,P4,CCND1,0.0,shap_tree
28,P4,ACCS,0.00529320677742362,shap_tree
28,P4,CD81,0.003182824468240142,shap_tree
28,P4,PRR4,0.006982175633311272,shap_tree
28,P4,GTF2H3,0.0023070364259183407,shap_tree
28,P4,DDX55,0.0015201382339000702,shap_tree
28,P4,STX2,0.0002397105417912826,shap_tree
28,P4,IFNG,0.028490692377090454,shap_tree
28,P4,NOP2,0.00564807141199708,shap_tree
28,P4,CLEC4A,0.0006148465326987207,shap_tree
28,P4,APBB3,0.005862717051059008,shap_tree
28,P4,TRAPPC13,0.0021198720205575228,shap_tree
28,P4,SMAD5,0.0015580760082229972,shap_tree
28,P4,TFDP2,0.002001289278268814,shap_tree
28,P4,PFKFB4,0.0,shap_tree
28,P4,C3orf14,0.0004614101490005851,shap_tree
28,P4,GORASP1,0.0020125512965023518,shap_tree
28,P4,FAHD2A,0.003136871848255396,shap_tree
28,P4,GTF3C2,0.004891448188573122,shap_tree
28,P4,FN1,0.0002712127461563796,shap_tree
28,P4,RALGPS2,0.009098848327994347,shap_tree
28,P4,AMPD2,0.006072368938475847,shap_tree
28,P4,ZBTB17,0.0017734253779053688,shap_tree
28,P4,TTF2,0.0007611386827193201,shap_tree
28,P4,SSX2IP,0.00031784476595930755,shap_tree
28,P4,GBP1,0.11130676418542862,shap_tree
28,P4,DPH5,0.00177006924059242,shap_tree
28,P4,RCOR3,0.004794485867023468,shap_tree
28,P4,CTSD,0.02806074172258377,shap_tree
28,P4,LRMP,0.017513958737254143,shap_tree
28,P4,PKD2,0.001209966721944511,shap_tree
28,P4,CSF3R,0.0069237034767866135,shap_tree
28,P4,BCL11A,0.004100849851965904,shap_tree
28,P4,IFIT3,0.0018515980336815119,shap_tree
28,P4,HSPH1,0.045212604105472565,shap_tree
28,P4,TGFBI,0.00702933082357049,shap_tree
28,P4,SEC22A,0.00415615551173687,shap_tree
28,P4,LY9,0.05283476784825325,shap_tree
28,P4,PLAU,4.947242632624693e-05,shap_tree
28,P4,EGR2,0.0016945659881457686,shap_tree
28,P4,MMP19,0.005482906475663185,shap_tree
28,P4,NR4A1,0.05999919772148132,shap_tree
28,P4,TUBA1B,0.028994694352149963,shap_tree
28,P4,NDUFAF4,0.0011156039545312524,shap_tree
28,P4,METTL8,0.0031291658524423838,shap_tree
28,P4,G0S2,0.013516666367650032,shap_tree
28,P4,TREM1,0.0014235934941098094,shap_tree
28,P4,BBS2,0.0026118597015738487,shap_tree
28,P4,MT2A,0.16735656559467316,shap_tree
28,P4,PTGER2,0.04793732240796089,shap_tree
28,P4,NUP85,0.007259280886501074,shap_tree
28,P4,MSTO1,0.011171062476933002,shap_tree
28,P4,IL1B,0.0002069080073852092,shap_tree
28,P4,VASP,0.005000822711735964,shap_tree
28,P4,CCR7,0.12433017790317535,shap_tree
28,P4,NSRP1,0.004459716845303774,shap_tree
28,P4,AHDC1,0.0010014044819399714,shap_tree
28,P4,IFI6,0.2593119740486145,shap_tree
28,P4,CFP,0.001474150107242167,shap_tree
28,P4,L3HYPDH,0.017605917528271675,shap_tree
28,P4,RAB3IP,0.0016442537307739258,shap_tree
28,P4,PTPN12,0.0014840150251984596,shap_tree
28,P4,CASD1,0.002255974104627967,shap_tree
28,P4,VPREB3,0.014687941409647465,shap_tree
28,P4,APOBEC3A,0.004128239117562771,shap_tree
28,P4,SPECC1,0.0012221068609505892,shap_tree
28,P4,CHN1,0.006614759098738432,shap_tree
28,P4,CD68,0.004111842717975378,shap_tree
28,P4,CCL4,0.020182758569717407,shap_tree
28,P4,DTD2,0.0002947071334347129,shap_tree
28,P4,PARP2,0.0006430643843486905,shap_tree
28,P4,EGLN3,0.00024042792210821062,shap_tree
28,P4,SAT1,0.10550373047590256,shap_tree
28,P4,APOC1,0.004306848160922527,shap_tree
28,P4,C6orf203,0.0008347484399564564,shap_tree
28,P4,FCHO1,0.004187706392258406,shap_tree
28,P4,PGPEP1,0.002064659958705306,shap_tree
28,P4,ULBP2,0.004271229729056358,shap_tree
28,P4,ZNF141,0.009088887833058834,shap_tree
28,P4,ACAP3,0.0005122711881995201,shap_tree
28,P4,NINJ1,0.013014562427997589,shap_tree
28,P4,LGALS3,0.020708121359348297,shap_tree
28,P4,FCRLA,0.0020659256260842085,shap_tree
28,P4,PTCD3,0.006239711306989193,shap_tree
28,P4,SERPINF1,0.0007693146471865475,shap_tree
28,P4,PRMT7,0.01506139151751995,shap_tree
28,P4,SBF2,0.003852767636999488,shap_tree
28,P4,HSD17B4,0.0017404238460585475,shap_tree
28,P4,RSAD2,0.011069967411458492,shap_tree
28,P4,TMEM241,0.0006210826686583459,shap_tree
28,P4,SLC37A2,0.00015268991410266608,shap_tree
28,P4,ANXA1,0.06468562036752701,shap_tree
28,P4,CTSL,0.0025448696687817574,shap_tree
28,P4,CD36,0.0016175045166164637,shap_tree
28,P4,MTO1,0.0018799209501594305,shap_tree
28,P4,TROAP,3.2758136512711644e-05,shap_tree
28,P4,PAN2,0.0014332807622849941,shap_tree
28,P4,CPM,0.0020436481572687626,shap_tree
28,P4,DYNC1LI2,0.007355495356023312,shap_tree
28,P4,GLUL,0.0018964902264997363,shap_tree
28,P4,TTLL4,0.0017832668963819742,shap_tree
28,P4,GPNMB,0.00020717801817227155,shap_tree
28,P4,IL10,0.00018383897258900106,shap_tree
28,P4,IL1RN,0.0020958103705197573,shap_tree
28,P4,TXN,0.06739462912082672,shap_tree
28,P4,CD72,0.009852406568825245,shap_tree
28,P4,IRF4,0.00920182466506958,shap_tree
28,P4,IER3,0.0009602212812751532,shap_tree
28,P4,SLCO2B1,0.0,shap_tree
28,P4,RNF121,0.0014415094628930092,shap_tree
28,P4,C11orf1,0.00022349120990838856,shap_tree
28,P4,THBS1,0.00038904251414351165,shap_tree
28,P4,IFI44L,0.09220755100250244,shap_tree
28,P4,IFI44,0.01425553485751152,shap_tree
28,P4,CENPO,0.0012610028497874737,shap_tree
28,P4,DNAJC13,0.003397245891392231,shap_tree
28,P4,SPPL2A,0.019277848303318024,shap_tree
28,P4,ARHGAP24,0.019980305805802345,shap_tree
28,P4,LEF1,0.014210958033800125,shap_tree
28,P4,TMEM19,0.0020159611012786627,shap_tree
28,P4,DUSP6,0.00855235755443573,shap_tree
28,P4,GPR84,0.0,shap_tree
28,P4,LMBR1L,0.0030248307157307863,shap_tree
28,P4,SLC38A6,0.0009265649132430553,shap_tree
28,P4,PTGR2,0.0003448788193054497,shap_tree
28,P4,WARS,0.18819978833198547,shap_tree
28,P4,HMG20A,0.00315095204859972,shap_tree
28,P4,MAN2C1,0.01821700483560562,shap_tree
28,P4,IGF1R,0.013194683939218521,shap_tree
28,P4,GCSH,0.0005025467253290117,shap_tree
28,P4,IRF8,0.017476793378591537,shap_tree
28,P4,SCRN2,0.0017007736023515463,shap_tree
28,P4,TP53,0.016909632831811905,shap_tree
28,P4,IFITM3,0.05316835269331932,shap_tree
28,P4,SLC2A5,0.0008537894464097917,shap_tree
28,P4,GPN2,0.023242278024554253,shap_tree
28,P4,XCL2,0.011221208609640598,shap_tree
28,P4,PPOX,0.004125301260501146,shap_tree
28,P4,FCGR2A,0.0010519832139834762,shap_tree
28,P4,FCRL5,0.02560984343290329,shap_tree
28,P4,ABL2,0.0011957220267504454,shap_tree
28,P4,LYPLAL1,0.002185218734666705,shap_tree
28,P4,S100A8,0.0024543709587305784,shap_tree
28,P4,CEP170,0.0028990614227950573,shap_tree
28,P4,ARL8A,0.0006701087113469839,shap_tree
28,P4,RHBDD1,0.00474432110786438,shap_tree
28,P4,FANCD2,0.002873716875910759,shap_tree
28,P4,AMT,0.00862935185432434,shap_tree
28,P4,PLAC8,0.023650847375392914,shap_tree
28,P4,PLK2,0.0009581511258147657,shap_tree
28,P4,FBXL17,0.00014039655798114836,shap_tree
28,P4,MMS22L,0.0033984784968197346,shap_tree
28,P4,POMZP3,0.00023013164172880352,shap_tree
28,P4,NOM1,0.0003833583614323288,shap_tree
28,P4,CXorf57,0.001533284317702055,shap_tree
28,P4,TATDN1,0.0038134336937218904,shap_tree
28,P4,PLIN2,0.05129258334636688,shap_tree
28,P4,IDNK,0.00043266682769171894,shap_tree
28,P4,GSN,0.0010786624625325203,shap_tree
28,P4,MRRF,0.003013790352270007,shap_tree
28,P4,ADM,0.00014066853327676654,shap_tree
28,P4,IMMP1L,0.0017616951372474432,shap_tree
28,P4,INTS4,0.0036728158593177795,shap_tree
28,P4,TMEM138,0.002183129545301199,shap_tree
28,P4,TM7SF2,0.0014766647946089506,shap_tree
28,P4,FCGR1A,0.0,shap_tree
28,P4,CACNA2D4,0.003317140508443117,shap_tree
28,P4,RASGRP3,0.002179679460823536,shap_tree
28,P4,FARP1,0.0032478224020451307,shap_tree
28,P4,BANK1,0.010669627226889133,shap_tree
28,P4,DAB2,7.978950452525169e-05,shap_tree
28,P4,LY96,0.0011455891653895378,shap_tree
28,P4,VSIG4,0.0016338899731636047,shap_tree
28,P4,ADAMTSL3,0.0007088305428624153,shap_tree
28,P4,MS4A1,0.036885134875774384,shap_tree
28,P4,VPS8,0.016221025958657265,shap_tree
28,P4,MYO1E,0.002542890375480056,shap_tree
28,P4,SLC37A3,0.000544720736797899,shap_tree
28,P4,RNF207,0.0025473972782492638,shap_tree
28,P4,NCF1,0.012377745471894741,shap_tree
28,P4,FCER1G,0.0026877489872276783,shap_tree
28,P4,TOMM40L,0.00013869383838027716,shap_tree
28,P4,C1QC,8.480226824758574e-05,shap_tree
28,P4,SPON2,0.017309783026576042,shap_tree
28,P4,ZNF362,0.0011596865952014923,shap_tree
28,P4,PAQR4,0.003201459301635623,shap_tree
28,P4,CLPB,0.0010781020391732454,shap_tree
28,P4,CYB561A3,0.014612318947911263,shap_tree
28,P4,C1orf123,0.0025747506879270077,shap_tree
28,P4,VCAM1,0.04117393493652344,shap_tree
28,P4,FCGR3B,0.010483148507773876,shap_tree
28,P4,ATF3,0.03329124674201012,shap_tree
28,P4,CTSS,0.009155405685305595,shap_tree
28,P4,S100A9,0.0006124710780568421,shap_tree
28,P4,STK36,0.0,shap_tree
28,P4,ANKZF1,0.007784722838550806,shap_tree
28,P4,FCRL1,0.005395845044404268,shap_tree
28,P4,SMIM14,0.0037455265410244465,shap_tree
28,P4,CXCL3,0.0011088022729381919,shap_tree
28,P4,RCHY1,0.0015759383095428348,shap_tree
28,P4,BAP1,0.0027099119033664465,shap_tree
28,P4,GNL3,0.015207018703222275,shap_tree
28,P4,SLC9B2,0.0007309208740480244,shap_tree
28,P4,CCDC51,0.0012829577317461371,shap_tree
28,P4,ITGA2,0.00042479197145439684,shap_tree
28,P4,C5orf63,0.001414781087078154,shap_tree
28,P4,ACSL6,0.0010103919776156545,shap_tree
28,P4,LEAP2,0.0012641750508919358,shap_tree
28,P4,CTSB,0.03329052776098251,shap_tree
28,P4,PHAX,0.0037815615069121122,shap_tree
28,P4,GEM,0.003842065343633294,shap_tree
28,P4,FBP1,0.0007336186245083809,shap_tree
28,P4,CLMN,0.00010573830513749272,shap_tree
28,P4,ALKBH3,0.0016574043547734618,shap_tree
28,P4,FRS2,0.00016509780834894627,shap_tree
28,P4,ARIH1,0.002990150358527899,shap_tree
28,P4,FAM227B,0.0017665416235104203,shap_tree
28,P4,STXBP4,0.0002748887345660478,shap_tree
28,P4,TAF10,0.013464925810694695,shap_tree
28,P4,XRRA1,0.004328073002398014,shap_tree
28,P4,WEE1,0.018530704081058502,shap_tree
28,P4,CLEC4E,0.0,shap_tree
28,P4,ANPEP,0.0003229710564482957,shap_tree
28,P4,C15orf48,2.0827772459597327e-05,shap_tree
28,P4,MS4A7,5.059044633526355e-05,shap_tree
28,P4,MEI1,0.004451438318938017,shap_tree
28,P4,FBXO22,0.0007976583437994123,shap_tree
28,P4,POP5,0.0028413189575076103,shap_tree
28,P4,ENTHD2,0.0017909918678924441,shap_tree
28,P4,TRIM68,0.003392978571355343,shap_tree
28,P4,JSRP1,0.0020346869714558125,shap_tree
28,P4,RHEBL1,0.0003273399779573083,shap_tree
28,P4,NFKBID,0.014805523678660393,shap_tree
28,P4,CHAF1A,0.0012390147894620895,shap_tree
28,P4,VPS37C,0.0001899419876281172,shap_tree
28,P4,GNG4,0.024678578600287437,shap_tree
28,P4,SMIM4,0.00012060252629453316,shap_tree
28,P4,BMI1,0.00197237404063344,shap_tree
28,P4,CX3CR1,0.01182620320469141,shap_tree
28,P4,TRAPPC11,0.006643363274633884,shap_tree
28,P4,LDLRAD4,0.01747073419392109,shap_tree
28,P4,TMEM208,0.0025603349786251783,shap_tree
28,P4,ADAL,0.0,shap_tree
28,P4,PTK2,0.0047892797738313675,shap_tree
28,P4,RNASE6,0.0032132824417203665,shap_tree
28,P4,IL8,0.0007170879398472607,shap_tree
28,P4,GPR183,0.06354057043790817,shap_tree
28,P4,LRRC45,0.000613145821262151,shap_tree
28,P4,MT1E,0.017037561163306236,shap_tree
28,P4,GLB1,0.01807798258960247,shap_tree
28,P4,CD14,0.0014055768260732293,shap_tree
28,P4,KBTBD2,0.0067056091502308846,shap_tree
28,P4,LILRA3,0.0,shap_tree
28,P4,TBCA,0.007440043147653341,shap_tree
28,P4,HDAC3,0.005591286346316338,shap_tree
28,P4,METTL18,0.0003116407315246761,shap_tree
28,P4,NINJ2,0.0007157488726079464,shap_tree
28,P4,RRM2,0.006760146468877792,shap_tree
28,P4,LGALS9C,0.001800184603780508,shap_tree
28,P4,ATPAF2,0.000994653208181262,shap_tree
28,P4,CLEC12A,0.003259666496887803,shap_tree
28,P4,FGGY,0.0003741314576473087,shap_tree
28,P4,FUT10,0.0005725186201743782,shap_tree
28,P4,HSPA6,0.0002738719049375504,shap_tree
28,P4,MZT2A,0.0028112749569118023,shap_tree
28,P4,C1QB,0.0004509112623054534,shap_tree
28,P4,C1QA,2.6035944756586105e-05,shap_tree
28,P4,OLR1,0.0009534713462926447,shap_tree
28,P4,DAG1,0.00947088934481144,shap_tree
28,P4,PITPNA,0.005107843782752752,shap_tree
28,P4,UBE2C,0.0004482257354538888,shap_tree
28,P4,APITD1,0.0004799441958311945,shap_tree
28,P4,MCTP1,0.004075216129422188,shap_tree
28,P4,ZNF683,0.022032829001545906,shap_tree
28,P4,RMDN1,0.004716123919934034,shap_tree
28,P4,METRNL,0.007185637950897217,shap_tree
28,P4,SLC38A9,0.0003875422407872975,shap_tree
28,P4,CD163,0.0021000353153795004,shap_tree
28,P4,BOLA1,0.0014990774216130376,shap_tree
28,P4,DTX3,0.0008116075769066811,shap_tree
28,P4,THBD,0.0012565037468448281,shap_tree
28,P4,EFCAB13,0.001020347815938294,shap_tree
28,P4,CTC1,0.016428174450993538,shap_tree
28,P4,AURKB,0.0002979453420266509,shap_tree
28,P4,CCR8,0.0006551344413310289,shap_tree
28,P4,HARBI1,0.0008436251664534211,shap_tree
28,P4,ZNF571,0.004852524492889643,shap_tree
28,P4,EIF2S3L,0.0043240622617304325,shap_tree
28,P4,HIST1H2BC,0.0015182706993073225,shap_tree
28,P4,SLC36A4,0.00011265114153502509,shap_tree
28,P4,FCRL6,0.013454101979732513,shap_tree
28,P4,ZNF707,0.0038820949848741293,shap_tree
28,P4,ZNF678,0.001223401166498661,shap_tree
28,P4,UBA7,0.01447185967117548,shap_tree
28,P4,CEP97,0.010722646489739418,shap_tree
28,P4,CNOT10,0.003340422408655286,shap_tree
28,P4,CADM1,0.02957851067185402,shap_tree
28,P4,AFMID,0.00043703700066544116,shap_tree
28,P4,GAS6,0.0018795494688674808,shap_tree
28,P4,TTC32,0.0017498532542958856,shap_tree
28,P4,COA3,0.009595312178134918,shap_tree
28,P4,TMED9,0.005817903205752373,shap_tree
28,P4,DDX51,0.0005281915655359626,shap_tree
28,P4,TNFAIP2,0.001891620340757072,shap_tree
28,P4,IRF7,0.020795835182070732,shap_tree
28,P4,BTLA,0.01007448323071003,shap_tree
28,P4,CD300E,0.0002512536302674562,shap_tree
28,P4,UBE2H,0.0019956594333052635,shap_tree
28,P4,TNFRSF18,0.016315730288624763,shap_tree
28,P4,ZDHHC17,0.003924268297851086,shap_tree
28,P4,GPR141,4.200213879812509e-05,shap_tree
28,P4,LILRA5,0.0025174024049192667,shap_tree
28,P4,CMC1,0.012351784855127335,shap_tree
28,P4,MT1X,0.00630219466984272,shap_tree
28,P4,MAGEH1,0.0012318184599280357,shap_tree
28,P4,ISG15,0.10173483192920685,shap_tree
28,P4,TPRG1,0.0029247605707496405,shap_tree
28,P4,FAM26F,0.0009740671375766397,shap_tree
28,P4,FBF1,0.00034849613439291716,shap_tree
28,P4,KIR2DL4,0.032381732016801834,shap_tree
28,P4,ZNF573,0.001339043490588665,shap_tree
28,P4,PAX5,0.00513628451153636,shap_tree
28,P4,TUBB,0.013910503126680851,shap_tree
28,P4,TCF4,0.007000854704529047,shap_tree
28,P4,ZFP62,0.0012063693720847368,shap_tree
28,P4,HLA-DQA1,0.08706821501255035,shap_tree
28,P4,MAML3,0.0017961474368348718,shap_tree
28,P4,ZNF682,0.0014246802311390638,shap_tree
28,P4,SERPINA1,0.0004244981682859361,shap_tree
28,P4,CCL4L2,0.013014174997806549,shap_tree
28,P4,ZNF165,0.0014374719467014074,shap_tree
28,P4,BLM,0.004866352304816246,shap_tree
28,P4,ZNF720,0.001457907143048942,shap_tree
28,P4,CFD,0.0,shap_tree
28,P4,ZNF81,3.79210505343508e-05,shap_tree
28,P4,FCGR1B,0.0,shap_tree
28,P4,HIBCH,0.002604106208309531,shap_tree
28,P4,SDAD1,0.0033746175467967987,shap_tree
28,P4,C1orf228,0.011928429827094078,shap_tree
28,P4,ZNF789,0.0008616468403488398,shap_tree
28,P4,CTNND1,0.0010402608895674348,shap_tree
28,P4,FAM19A2,0.00028059378382749856,shap_tree
28,P4,GK,0.035618361085653305,shap_tree
28,P4,OPA1,0.003315693698823452,shap_tree
28,P4,PRC1,0.0007264330633915961,shap_tree
28,P4,C9orf114,0.011352199129760265,shap_tree
28,P4,TGM2,0.008625666610896587,shap_tree
28,P4,ZNF525,0.0011191419325768948,shap_tree
28,P4,FCGR3A,0.014029142446815968,shap_tree
28,P4,HIST2H2AA4,0.0412793830037117,shap_tree
28,P4,C10orf128,0.0022398722358047962,shap_tree
28,P4,HLA-DRA,0.04169676825404167,shap_tree
28,P4,PBX2,0.0011149912606924772,shap_tree
28,P4,NEU1,0.006329806055873632,shap_tree
28,P4,HSPA1B,0.02133636176586151,shap_tree
28,P4,HSPA1A,0.01736106537282467,shap_tree
28,P4,MBD5,0.0025553032755851746,shap_tree
28,P4,AIF1,0.0004962487728334963,shap_tree
28,P4,NCR3,0.009562014602124691,shap_tree
28,P4,LST1,0.0011692027328535914,shap_tree
28,P4,TCTN1,0.0003238303179387003,shap_tree
28,P4,CCL4L1,0.0899466797709465,shap_tree
28,P4,CCL3L1,0.02492283470928669,shap_tree
28,P4,CPT1B,0.005088469013571739,shap_tree
28,P4,RAB12,0.005377830471843481,shap_tree
28,P4,ANKRD28,0.002342820866033435,shap_tree
28,P4,TREX1,0.007218129001557827,shap_tree
28,P4,DNASE1,0.004777777008712292,shap_tree
28,P4,ITGA1,0.02715422585606575,shap_tree
28,P4,HNRNPUL2,0.0010136314667761326,shap_tree
28,P4,IFI30,0.00749565102159977,shap_tree
28,P4,SLC26A6,0.0005966491880826652,shap_tree
28,P4,LILRA4,0.0,shap_tree
28,P4,PPIL3,0.004830885678529739,shap_tree
28,P4,KIR3DL2,0.0011124549200758338,shap_tree
28,P4,HLA-DOB,0.0021020425483584404,shap_tree
28,P4,YAE1D1,0.0007108674617484212,shap_tree
28,P4,ZNF585B,0.005553740076720715,shap_tree
28,P4,CHCHD10,0.00017353432485833764,shap_tree
28,P4,ZNF674,0.0003602048091124743,shap_tree
28,P4,ZNF345,8.431298920186237e-05,shap_tree
28,P4,HIST1H3G,0.003359117079526186,shap_tree
28,P4,CCL3L3,0.011072594672441483,shap_tree
28,P4,CLEC5A,0.0,shap_tree
28,P4,CEP95,0.003810248337686062,shap_tree
28,P4,RP11-96O20.4,0.0003017873677890748,shap_tree
28,P4,PMF1-BGLAP,0.0009144298965111375,shap_tree
29,P5,FGR,5.951113416813314e-05,shap_tree
29,P5,NDUFAF7,0.0,shap_tree
29,P5,FKBP4,2.2601184355153237e-06,shap_tree
29,P5,ST7,0.0,shap_tree
29,P5,BZRAP1,1.5402609278680757e-05,shap_tree
29,P5,CCL3,0.004168123472481966,shap_tree
29,P5,CDKL3,0.0,shap_tree
29,P5,CD79B,0.0,shap_tree
29,P5,DYRK4,0.0,shap_tree
29,P5,MKS1,0.0,shap_tree
29,P5,PLAUR,9.758530359249562e-05,shap_tree
29,P5,TYROBP,0.00021014735102653503,shap_tree
29,P5,CD22,0.0,shap_tree
29,P5,EXTL3,0.0,shap_tree
29,P5,CLDN11,0.0,shap_tree
29,P5,SLC11A1,0.0,shap_tree
29,P5,PHLDB1,0.0,shap_tree
29,P5,MARCO,0.0,shap_tree
29,P5,CD74,0.001501065562479198,shap_tree
29,P5,NUP160,0.0,shap_tree
29,P5,GRN,0.0001541122910566628,shap_tree
29,P5,STAP1,0.0,shap_tree
29,P5,VCAN,4.53351458418183e-06,shap_tree
29,P5,CAPG,6.879071406729054e-06,shap_tree
29,P5,ADAM28,2.4152337573468685e-05,shap_tree
29,P5,TNFRSF9,0.0,shap_tree
29,P5,SLC4A8,0.0,shap_tree
29,P5,SIKE1,0.0,shap_tree
29,P5,RRP12,0.0,shap_tree
29,P5,TM7SF3,0.0,shap_tree
29,P5,TSPAN32,0.0,shap_tree
29,P5,ST3GAL6,0.0,shap_tree
29,P5,WDR3,0.0,shap_tree
29,P5,ADAT1,0.0,shap_tree
29,P5,MAP2K4,0.0,shap_tree
29,P5,ZNRD1,0.0,shap_tree
29,P5,TRMT11,0.0,shap_tree
29,P5,STAG3,0.0,shap_tree
29,P5,DDX3Y,0.0028666413854807615,shap_tree
29,P5,IFT80,0.0,shap_tree
29,P5,BCL3,5.497960955835879e-05,shap_tree
29,P5,WIPI1,0.0,shap_tree
29,P5,GBA2,0.0,shap_tree
29,P5,AP3M2,0.0,shap_tree
29,P5,TFRC,0.0,shap_tree
29,P5,LLGL2,0.0,shap_tree
29,P5,MGLL,0.0,shap_tree
29,P5,BCS1L,0.0,shap_tree
29,P5,SPAG5,0.0,shap_tree
29,P5,IL4R,3.630716309999116e-05,shap_tree
29,P5,PIK3C3,3.2016840123105794e-05,shap_tree
29,P5,SLC1A3,0.0,shap_tree
29,P5,TNS1,0.0,shap_tree
29,P5,HSP90AA1,0.004352687392383814,shap_tree
29,P5,CXCL2,0.0,shap_tree
29,P5,KAT6A,0.0,shap_tree
29,P5,ULK2,0.0,shap_tree
29,P5,P2RX5,0.0,shap_tree
29,P5,FCN1,5.520318154594861e-06,shap_tree
29,P5,OAS1,0.0005166327464394271,shap_tree
29,P5,LYZ,0.0,shap_tree
29,P5,PABPC4,1.1975471352343448e-05,shap_tree
29,P5,WDR7,0.0,shap_tree
29,P5,ITGA6,0.0,shap_tree
29,P5,HDAC6,0.0,shap_tree
29,P5,AAAS,0.0,shap_tree
29,P5,BLNK,0.0,shap_tree
29,P5,ACOT7,0.0,shap_tree
29,P5,GADD45B,0.00012886316108051687,shap_tree
29,P5,LGALS2,2.3561440684716217e-05,shap_tree
29,P5,HMOX1,0.0,shap_tree
29,P5,MCAT,0.0,shap_tree
29,P5,GZMB,0.036572977900505066,shap_tree
29,P5,AP4S1,0.0,shap_tree
29,P5,CDKL1,1.936062744789524e-06,shap_tree
29,P5,CDKN3,0.0,shap_tree
29,P5,CGRRF1,0.0,shap_tree
29,P5,TIMM9,0.0,shap_tree
29,P5,TCL1A,0.0,shap_tree
29,P5,PLTP,0.0,shap_tree
29,P5,NDUFAF5,0.0,shap_tree
29,P5,CST3,0.00011300276673864573,shap_tree
29,P5,SLC25A14,0.0,shap_tree
29,P5,TIMP1,8.06107564130798e-05,shap_tree
29,P5,KIAA0226L,0.0,shap_tree
29,P5,ACP5,0.0,shap_tree
29,P5,FAH,0.0,shap_tree
29,P5,GABPB1,0.0,shap_tree
29,P5,DMXL2,0.0001407410454703495,shap_tree
29,P5,NIPAL2,0.0,shap_tree
29,P5,SARS2,0.0,shap_tree
29,P5,DOT1L,0.0,shap_tree
29,P5,FCER2,0.0,shap_tree
29,P5,IL4I1,0.0,shap_tree
29,P5,PDCD5,9.734298510011286e-05,shap_tree
29,P5,CD79A,0.0,shap_tree
29,P5,LILRB5,0.0,shap_tree
29,P5,PON2,9.423778828931972e-05,shap_tree
29,P5,DFNA5,0.0,shap_tree
29,P5,CPVL,8.395841177843977e-06,shap_tree
29,P5,ABHD11,0.0,shap_tree
29,P5,STX1A,0.0,shap_tree
29,P5,EPHB6,1.9382272512302734e-05,shap_tree
29,P5,HSPB1,0.0011597034754231572,shap_tree
29,P5,TMEM176B,0.0,shap_tree
29,P5,TESK1,0.0,shap_tree
29,P5,RASSF4,0.0,shap_tree
29,P5,FBXW4,1.3424114513327368e-05,shap_tree
29,P5,RAD51C,0.0,shap_tree
29,P5,GALK1,0.0,shap_tree
29,P5,ENO3,0.0,shap_tree
29,P5,NUP88,0.0,shap_tree
29,P5,LGALS3BP,2.553318699938245e-05,shap_tree
29,P5,CCL2,0.0,shap_tree
29,P5,KAT2A,0.0,shap_tree
29,P5,EZH1,2.2892740162205882e-05,shap_tree
29,P5,TNFAIP1,0.0,shap_tree
29,P5,RAB34,5.371025326894596e-05,shap_tree
29,P5,CRTAM,1.8870063286158256e-05,shap_tree
29,P5,MS4A6A,0.0,shap_tree
29,P5,CD81,2.4820808903314173e-05,shap_tree
29,P5,PRR4,0.0,shap_tree
29,P5,DDX55,0.0,shap_tree
29,P5,IFNG,0.0010614099446684122,shap_tree
29,P5,GNPTAB,0.0,shap_tree
29,P5,CLEC4A,0.0,shap_tree
29,P5,SOD2,0.0,shap_tree
29,P5,CD83,0.000637162709608674,shap_tree
29,P5,TRAPPC13,0.0,shap_tree
29,P5,PFKFB4,0.0,shap_tree
29,P5,C3orf14,0.0,shap_tree
29,P5,GORASP1,0.0,shap_tree
29,P5,DNAJC27,0.0,shap_tree
29,P5,GTF3C2,3.854819624393713e-06,shap_tree
29,P5,EPHA4,0.0,shap_tree
29,P5,AMPD2,2.2498579710372724e-05,shap_tree
29,P5,MECR,0.0,shap_tree
29,P5,TTF2,4.7307763452408835e-05,shap_tree
29,P5,GBP1,0.012731608934700489,shap_tree
29,P5,ID3,0.0,shap_tree
29,P5,PIK3R3,0.0,shap_tree
29,P5,DPH5,0.0,shap_tree
29,P5,STMN1,0.0,shap_tree
29,P5,NENF,0.0,shap_tree
29,P5,CTSD,0.0037127980031073093,shap_tree
29,P5,LRMP,3.204231916242861e-06,shap_tree
29,P5,SPP1,0.0,shap_tree
29,P5,C2orf43,0.0,shap_tree
29,P5,NPC2,0.0,shap_tree
29,P5,BCL11A,0.0,shap_tree
29,P5,IFIT3,0.0,shap_tree
29,P5,HSPH1,0.003349906299263239,shap_tree
29,P5,TGFBI,0.010751963593065739,shap_tree
29,P5,SEC22A,0.0,shap_tree
29,P5,ZRANB3,0.0,shap_tree
29,P5,LY9,0.0007872345740906894,shap_tree
29,P5,PMS2,0.0,shap_tree
29,P5,PLAU,0.0,shap_tree
29,P5,EGR2,0.0,shap_tree
29,P5,NR4A1,0.0011575925163924694,shap_tree
29,P5,TUBA1B,0.0009172726422548294,shap_tree
29,P5,NDUFAF4,0.0,shap_tree
29,P5,G0S2,0.0003007990017067641,shap_tree
29,P5,MCEE,0.0,shap_tree
29,P5,F13A1,0.0,shap_tree
29,P5,TREM1,0.0,shap_tree
29,P5,MT2A,0.05357915163040161,shap_tree
29,P5,GPR18,3.293090048828162e-05,shap_tree
29,P5,NUP85,0.0,shap_tree
29,P5,MSTO1,0.0,shap_tree
29,P5,IL1B,0.0,shap_tree
29,P5,GZF1,0.0,shap_tree
29,P5,CCR7,0.030712168663740158,shap_tree
29,P5,NSRP1,3.01906493405113e-05,shap_tree
29,P5,IFI6,0.148216113448143,shap_tree
29,P5,L3HYPDH,0.0,shap_tree
29,P5,RAB3IP,0.0,shap_tree
29,P5,GFER,0.0,shap_tree
29,P5,PTPN12,0.0,shap_tree
29,P5,VPREB3,0.0,shap_tree
29,P5,APOBEC3A,0.0,shap_tree
29,P5,SPECC1,0.0,shap_tree
29,P5,SERGEF,0.0,shap_tree
29,P5,CD68,4.9127000238513574e-05,shap_tree
29,P5,CCL4,0.0038498437497764826,shap_tree
29,P5,PARP2,0.0,shap_tree
29,P5,SAT1,0.0027543436735868454,shap_tree
29,P5,LDLR,1.939003777806647e-05,shap_tree
29,P5,FCHO1,0.0,shap_tree
29,P5,ACSS2,0.0,shap_tree
29,P5,ZNF141,0.0,shap_tree
29,P5,NAPSA,0.0,shap_tree
29,P5,NINJ1,0.0,shap_tree
29,P5,LGALS3,0.0013864240609109402,shap_tree
29,P5,DNAJB1,0.0012280677910894156,shap_tree
29,P5,FCRLA,0.0,shap_tree
29,P5,PTCD3,0.0,shap_tree
29,P5,IGJ,1.323587912338553e-05,shap_tree
29,P5,CLEC10A,0.0,shap_tree
29,P5,MUTYH,0.0,shap_tree
29,P5,TBC1D8B,0.0,shap_tree
29,P5,SUV420H2,2.22444323298987e-05,shap_tree
29,P5,PDZD2,0.0,shap_tree
29,P5,MORC2,0.0,shap_tree
29,P5,KRBA1,0.0,shap_tree
29,P5,E2F5,0.0,shap_tree
29,P5,SBF2,0.0,shap_tree
29,P5,CCNB1,0.0,shap_tree
29,P5,RSAD2,5.98211663600523e-05,shap_tree
29,P5,TMEM241,0.0,shap_tree
29,P5,KLRC1,0.00012176666496088728,shap_tree
29,P5,SLC37A2,0.0,shap_tree
29,P5,APC,0.0,shap_tree
29,P5,NREP,0.0,shap_tree
29,P5,CTSL,5.046539445174858e-05,shap_tree
29,P5,USP30,0.0,shap_tree
29,P5,KIAA1009,8.622949962955317e-07,shap_tree
29,P5,TROAP,0.0,shap_tree
29,P5,PAN2,0.0,shap_tree
29,P5,LACE1,2.6566601718513994e-06,shap_tree
29,P5,FHOD1,0.0,shap_tree
29,P5,GLUL,0.0005021949764341116,shap_tree
29,P5,MFSD9,0.0,shap_tree
29,P5,CKAP4,0.0,shap_tree
29,P5,GPNMB,0.0,shap_tree
29,P5,IL10,0.0,shap_tree
29,P5,IL1RN,5.820918158860877e-05,shap_tree
29,P5,TXN,0.005025369115173817,shap_tree
29,P5,IER3,0.0,shap_tree
29,P5,SLCO2B1,0.0,shap_tree
29,P5,IFI44L,0.0036311319563537836,shap_tree
29,P5,IFI44,4.945228738506557e-06,shap_tree
29,P5,CENPO,2.74209651252022e-05,shap_tree
29,P5,DNAJC13,0.0,shap_tree
29,P5,WDR12,0.0,shap_tree
29,P5,ITGAV,0.0,shap_tree
29,P5,TMOD3,0.0,shap_tree
29,P5,SPPL2A,0.0,shap_tree
29,P5,ARHGAP24,0.0001893052685773,shap_tree
29,P5,CASP6,6.963977739360416e-06,shap_tree
29,P5,LEF1,0.0,shap_tree
29,P5,C1RL,0.0,shap_tree
29,P5,TMEM19,0.0,shap_tree
29,P5,DUSP6,0.0,shap_tree
29,P5,GPR84,0.0,shap_tree
29,P5,LMBR1L,0.0,shap_tree
29,P5,SLC38A6,0.0,shap_tree
29,P5,PTGR2,0.0,shap_tree
29,P5,WARS,0.04299255460500717,shap_tree
29,P5,SLC12A6,3.018019015144091e-05,shap_tree
29,P5,TCF12,0.00014950678450986743,shap_tree
29,P5,HMG20A,1.1545782399480231e-05,shap_tree
29,P5,TPM1,0.0,shap_tree
29,P5,MFGE8,0.0,shap_tree
29,P5,ZFHX3,0.0,shap_tree
29,P5,GCSH,0.0,shap_tree
29,P5,IRF8,0.000363855273462832,shap_tree
29,P5,PELP1,0.0,shap_tree
29,P5,TP53,3.451732118264772e-05,shap_tree
29,P5,TBCD,0.0,shap_tree
29,P5,SMAD4,0.0,shap_tree
29,P5,ZFP14,0.0,shap_tree
29,P5,IFITM3,0.01232345961034298,shap_tree
29,P5,MMEL1,0.0,shap_tree
29,P5,MAP3K6,0.0,shap_tree
29,P5,GPN2,0.0,shap_tree
29,P5,ADC,0.0,shap_tree
29,P5,FCGR2A,7.2864604589995e-05,shap_tree
29,P5,RRNAD1,0.0,shap_tree
29,P5,ABL2,0.0,shap_tree
29,P5,LYPLAL1,3.5770733575191116e-06,shap_tree
29,P5,TAF1A,0.0,shap_tree
29,P5,S100A8,0.0,shap_tree
29,P5,ARL8A,0.0,shap_tree
29,P5,SFXN5,0.0,shap_tree
29,P5,AFF3,0.0,shap_tree
29,P5,AMT,0.0,shap_tree
29,P5,PLAC8,0.0001805758656701073,shap_tree
29,P5,PLK2,0.0,shap_tree
29,P5,PIK3R1,0.0,shap_tree
29,P5,MMS22L,0.0,shap_tree
29,P5,GINS4,0.0,shap_tree
29,P5,TATDN1,0.0,shap_tree
29,P5,SLC39A4,0.0,shap_tree
29,P5,PLIN2,0.0005039838142693043,shap_tree
29,P5,FBXO10,0.0,shap_tree
29,P5,GSN,0.00011714990978362039,shap_tree
29,P5,MRRF,0.0,shap_tree
29,P5,PDSS1,0.0,shap_tree
29,P5,LRRC27,0.0,shap_tree
29,P5,PDCD11,0.0,shap_tree
29,P5,TMEM138,0.0,shap_tree
29,P5,TM7SF2,0.0,shap_tree
29,P5,FCGR1A,0.0,shap_tree
29,P5,ANK3,2.9226252081571147e-05,shap_tree
29,P5,MIPOL1,0.0,shap_tree
29,P5,FARP1,0.0,shap_tree
29,P5,BANK1,0.0,shap_tree
29,P5,DAB2,0.0,shap_tree
29,P5,LY96,0.0,shap_tree
29,P5,VSIG4,4.1004510421771556e-05,shap_tree
29,P5,CXCL13,0.0009435991523787379,shap_tree
29,P5,MS4A1,0.0017549066105857491,shap_tree
29,P5,WDYHV1,0.0,shap_tree
29,P5,B3GNT7,2.255029176012613e-05,shap_tree
29,P5,CCNB2,0.0,shap_tree
29,P5,MYO1E,0.0,shap_tree
29,P5,RNF207,0.0,shap_tree
29,P5,FCER1G,0.001349066849797964,shap_tree
29,P5,TOMM40L,0.0,shap_tree
29,P5,HLCS,0.0,shap_tree
29,P5,TMPRSS3,0.0,shap_tree
29,P5,C19orf47,0.0,shap_tree
29,P5,CYB561A3,6.7249156927573495e-06,shap_tree
29,P5,C1orf123,0.0,shap_tree
29,P5,VCAM1,0.007373054977506399,shap_tree
29,P5,NLRP3,0.0,shap_tree
29,P5,FCGR3B,0.00023253943072631955,shap_tree
29,P5,ATF3,0.00042202253825962543,shap_tree
29,P5,CCDC138,0.0,shap_tree
29,P5,ZNF2,0.0,shap_tree
29,P5,CTSS,8.874384366208687e-05,shap_tree
29,P5,S100A9,6.542170922330115e-06,shap_tree
29,P5,FCRL1,4.50746483693365e-05,shap_tree
29,P5,CTLA4,0.008457527495920658,shap_tree
29,P5,SMIM14,0.0,shap_tree
29,P5,ABHD6,5.7189558901882265e-06,shap_tree
29,P5,CXCL3,0.0,shap_tree
29,P5,RCHY1,0.0,shap_tree
29,P5,GNL3,0.0,shap_tree
29,P5,PIGX,0.0,shap_tree
29,P5,PGRMC2,0.0,shap_tree
29,P5,CCDC51,0.0,shap_tree
29,P5,SAP30L,0.0,shap_tree
29,P5,CTSB,0.0021356053184717894,shap_tree
29,P5,LETM2,1.9528727079887176e-06,shap_tree
29,P5,FBP1,0.0004400349280331284,shap_tree
29,P5,IFI27,0.0,shap_tree
29,P5,ALKBH3,0.0,shap_tree
29,P5,ARIH1,0.0,shap_tree
29,P5,STXBP4,0.0,shap_tree
29,P5,XRRA1,0.0,shap_tree
29,P5,WEE1,0.0,shap_tree
29,P5,CLEC4E,0.0,shap_tree
29,P5,ATF7IP2,0.0,shap_tree
29,P5,ANPEP,0.0,shap_tree
29,P5,PLK1,0.0,shap_tree
29,P5,C15orf48,0.0,shap_tree
29,P5,MS4A7,0.0,shap_tree
29,P5,DIS3L,0.0,shap_tree
29,P5,GNGT2,0.0,shap_tree
29,P5,POP5,0.0,shap_tree
29,P5,ENTHD2,0.0,shap_tree
29,P5,TRIM68,2.4052509616012685e-05,shap_tree
29,P5,CHAF1A,0.0,shap_tree
29,P5,ECI1,0.0,shap_tree
29,P5,VPS37C,0.0,shap_tree
29,P5,TRANK1,0.0,shap_tree
29,P5,SMIM4,0.0,shap_tree
29,P5,BMI1,0.0,shap_tree
29,P5,FAM84B,0.0,shap_tree
29,P5,TMEM208,0.0,shap_tree
29,P5,PKIG,0.0,shap_tree
29,P5,PTK2,0.0,shap_tree
29,P5,RNASE6,0.0,shap_tree
29,P5,IL8,0.0,shap_tree
29,P5,GPR183,0.002943668980151415,shap_tree
29,P5,CLIC3,0.0005586894112639129,shap_tree
29,P5,LRRC45,0.0,shap_tree
29,P5,MT1E,2.648929694260005e-05,shap_tree
29,P5,GLB1,0.0005597233539447188,shap_tree
29,P5,CD14,0.0,shap_tree
29,P5,MZB1,0.0,shap_tree
29,P5,KBTBD2,0.0,shap_tree
29,P5,LILRA3,0.0,shap_tree
29,P5,ZNF561,0.0,shap_tree
29,P5,METTL18,0.0,shap_tree
29,P5,NINJ2,0.0,shap_tree
29,P5,RRM2,4.375506250653416e-05,shap_tree
29,P5,LGALS9C,0.0,shap_tree
29,P5,ATPAF2,0.0,shap_tree
29,P5,NME6,0.0,shap_tree
29,P5,CLEC12A,0.0,shap_tree
29,P5,ALG14,1.1919080407096772e-06,shap_tree
29,P5,C1QB,0.0,shap_tree
29,P5,C1QA,0.0,shap_tree
29,P5,OLR1,0.0,shap_tree
29,P5,PTPRM,0.0,shap_tree
29,P5,SLC25A30,0.0,shap_tree
29,P5,TLR6,0.0,shap_tree
29,P5,PACS1,6.983907951507717e-05,shap_tree
29,P5,ATG13,0.0,shap_tree
29,P5,ZNF683,0.0002998342097271234,shap_tree
29,P5,RMDN1,6.35387004876975e-06,shap_tree
29,P5,METRNL,0.0,shap_tree
29,P5,TYMS,0.0,shap_tree
29,P5,SLC38A9,0.0,shap_tree
29,P5,CD19,1.377550870529376e-05,shap_tree
29,P5,CD163,0.0,shap_tree
29,P5,GEN1,0.0,shap_tree
29,P5,THBD,0.0001628300524316728,shap_tree
29,P5,CPNE7,0.0,shap_tree
29,P5,EFCAB13,0.0,shap_tree
29,P5,DPY19L3,0.0,shap_tree
29,P5,CTC1,1.4449684385908768e-05,shap_tree
29,P5,AURKB,0.0,shap_tree
29,P5,CSNK1A1L,0.0,shap_tree
29,P5,ZNF816,0.0,shap_tree
29,P5,HARBI1,0.0,shap_tree
29,P5,ZNF571,0.0,shap_tree
29,P5,EIF2S3L,0.0,shap_tree
29,P5,HIST1H2BC,0.0,shap_tree
29,P5,SLC36A4,0.0,shap_tree
29,P5,FCRL6,0.0,shap_tree
29,P5,TMEM45A,0.0,shap_tree
29,P5,CADM1,5.2235500334063545e-05,shap_tree
29,P5,AFMID,0.0,shap_tree
29,P5,SERHL2,0.0,shap_tree
29,P5,IQGAP3,0.0,shap_tree
29,P5,TMED9,5.3514384489972144e-05,shap_tree
29,P5,TNFAIP2,0.0,shap_tree
29,P5,IRF7,6.16249890299514e-05,shap_tree
29,P5,IFIT1,0.0,shap_tree
29,P5,CD300E,0.0,shap_tree
29,P5,UBE2H,0.0,shap_tree
29,P5,TNFRSF4,0.00030547220376320183,shap_tree
29,P5,ZDHHC17,0.0,shap_tree
29,P5,LILRA5,0.0,shap_tree
29,P5,CMC1,0.0,shap_tree
29,P5,MT1X,0.00011021350655937567,shap_tree
29,P5,MAGEH1,0.0,shap_tree
29,P5,ISG15,0.00610303832218051,shap_tree
29,P5,ARHGAP11B,1.8288286810275167e-05,shap_tree
29,P5,ZNF559,0.0,shap_tree
29,P5,FAM26F,4.961892500432441e-06,shap_tree
29,P5,KIR2DL4,0.0,shap_tree
29,P5,ZNF573,0.0,shap_tree
29,P5,ZNF527,0.0,shap_tree
29,P5,TUBB,0.0007326161721721292,shap_tree
29,P5,NF1,1.179252467409242e-05,shap_tree
29,P5,ZNF420,0.0,shap_tree
29,P5,HIST1H4J,0.0,shap_tree
29,P5,SERPINA1,0.0,shap_tree
29,P5,CCL4L2,0.00564518803730607,shap_tree
29,P5,ZNF165,0.0,shap_tree
29,P5,SYNGAP1,0.0,shap_tree
29,P5,HIST1H3D,0.0,shap_tree
29,P5,PSAP,0.0002532201469875872,shap_tree
29,P5,CFD,0.0,shap_tree
29,P5,ZNF780A,0.0,shap_tree
29,P5,HIST1H2BF,0.0,shap_tree
29,P5,FAM212B,0.0,shap_tree
29,P5,ZNF677,0.0,shap_tree
29,P5,HIBCH,0.0,shap_tree
29,P5,SDAD1,0.0,shap_tree
29,P5,HIST1H3A,0.0,shap_tree
29,P5,SPRED2,0.0,shap_tree
29,P5,HLA-DRB5,0.007495156954973936,shap_tree
29,P5,HIST1H4E,3.245474090363132e-06,shap_tree
29,P5,ZNF789,0.0,shap_tree
29,P5,TTC37,0.0,shap_tree
29,P5,GK,0.0009328629821538925,shap_tree
29,P5,PRC1,0.0,shap_tree
29,P5,C9orf114,0.0,shap_tree
29,P5,ZNF525,0.0,shap_tree
29,P5,FCGR3A,0.0003576792369130999,shap_tree
29,P5,C10orf128,0.0,shap_tree
29,P5,OXLD1,0.0,shap_tree
29,P5,HLA-DRA,0.006190632004290819,shap_tree
29,P5,NEU1,6.048904106137343e-05,shap_tree
29,P5,HSPA1B,0.0020728963427245617,shap_tree
29,P5,HSPA1A,0.002843403024598956,shap_tree
29,P5,AIF1,0.0,shap_tree
29,P5,NCR3,0.0,shap_tree
29,P5,LST1,1.518293856861419e-06,shap_tree
29,P5,CCL4L1,0.07512197643518448,shap_tree
29,P5,CCL3L1,0.0004972624010406435,shap_tree
29,P5,RAB12,3.5366085739951814e-06,shap_tree
29,P5,AL590867.1,0.0,shap_tree
29,P5,TREX1,0.0,shap_tree
29,P5,DNASE1,0.0,shap_tree
29,P5,ITGA1,0.0003720943059306592,shap_tree
29,P5,IFI30,0.0018333247862756252,shap_tree
29,P5,FANCG,0.0,shap_tree
29,P5,SLC26A6,0.0,shap_tree
29,P5,ERCC6,0.0,shap_tree
29,P5,KIAA0125,0.0,shap_tree
29,P5,PGAM4,0.0,shap_tree
29,P5,GATSL3,0.0,shap_tree
29,P5,KIR3DL2,0.0,shap_tree
29,P5,HLA-DOB,0.0,shap_tree
29,P5,WDR65,0.0,shap_tree
29,P5,ZNF585B,0.0,shap_tree
29,P5,CHCHD10,0.0,shap_tree
29,P5,ZNF674,0.0,shap_tree
29,P5,IGLL5,0.0,shap_tree
29,P5,HIST1H3G,0.0,shap_tree
29,P5,CCL3L3,4.564541450235993e-05,shap_tree
29,P5,PMF1-BGLAP,0.0,shap_tree
29,P5,AL022328.1,0.0,shap_tree
30,P6,FGR,0.00022358231944963336,shap_tree
30,P6,ST7,0.0001708834752207622,shap_tree
30,P6,BZRAP1,0.000677164294756949,shap_tree
30,P6,CCL3,0.04860053211450577,shap_tree
30,P6,PAFAH1B1,1.4408407878363505e-05,shap_tree
30,P6,CD79B,0.0009334214264526963,shap_tree
30,P6,CD9,0.0,shap_tree
30,P6,PLAUR,1.5777723092469387e-05,shap_tree
30,P6,TYROBP,0.00015177609748207033,shap_tree
30,P6,CD22,0.0,shap_tree
30,P6,PRICKLE3,0.0,shap_tree
30,P6,PGM3,0.0,shap_tree
30,P6,SLC11A1,0.0,shap_tree
30,P6,MARCO,0.0,shap_tree
30,P6,NR1H3,0.0,shap_tree
30,P6,GRN,0.003420108463615179,shap_tree
30,P6,TRIO,0.0,shap_tree
30,P6,VCAN,0.0,shap_tree
30,P6,ADAM28,0.0019816032145172358,shap_tree
30,P6,TNFRSF9,0.0,shap_tree
30,P6,QSER1,0.0,shap_tree
30,P6,TM7SF3,0.0,shap_tree
30,P6,ST3GAL6,0.0,shap_tree
30,P6,FAR2,0.0,shap_tree
30,P6,ADAT1,0.0,shap_tree
30,P6,SLC9A7,0.0,shap_tree
30,P6,ZNRD1,7.741260196780786e-05,shap_tree
30,P6,TRMT11,0.0,shap_tree
30,P6,METTL22,0.0,shap_tree
30,P6,ROGDI,0.0,shap_tree
30,P6,WIPI1,0.0,shap_tree
30,P6,SLC46A1,0.0,shap_tree
30,P6,SPAG5,0.0,shap_tree
30,P6,IL4R,0.0008500586845912039,shap_tree
30,P6,FAM76B,0.0004934775060974061,shap_tree
30,P6,PIK3C3,0.0,shap_tree
30,P6,SLC1A3,9.849589696386829e-05,shap_tree
30,P6,TNS1,0.006086434703320265,shap_tree
30,P6,REXO1,0.0,shap_tree
30,P6,CEACAM1,0.0,shap_tree
30,P6,SESN1,0.00034516194136813283,shap_tree
30,P6,HSP90AA1,0.02162209339439869,shap_tree
30,P6,CXCL2,0.0,shap_tree
30,P6,COBLL1,0.0,shap_tree
30,P6,ULK2,0.0,shap_tree
30,P6,FCN1,0.0,shap_tree
30,P6,ERGIC2,2.0234236217220314e-05,shap_tree
30,P6,RFX2,0.0,shap_tree
30,P6,DOCK9,0.0007605828577652574,shap_tree
30,P6,OAS1,0.013299473561346531,shap_tree
30,P6,LYZ,0.0010854733409360051,shap_tree
30,P6,ITGA6,0.0,shap_tree
30,P6,HDAC6,0.0,shap_tree
30,P6,HOOK2,0.0,shap_tree
30,P6,BLNK,0.0,shap_tree
30,P6,ACOT7,0.0,shap_tree
30,P6,TRMT2A,0.0,shap_tree
30,P6,LGALS1,0.12833021581172943,shap_tree
30,P6,GZMB,0.0743018314242363,shap_tree
30,P6,AP4S1,0.0,shap_tree
30,P6,CDKN3,0.0,shap_tree
30,P6,CGRRF1,0.0,shap_tree
30,P6,PIGH,0.0,shap_tree
30,P6,TIMM9,0.0,shap_tree
30,P6,LGMN,0.0,shap_tree
30,P6,TCL1A,0.0,shap_tree
30,P6,PLTP,0.0,shap_tree
30,P6,MMP9,0.0,shap_tree
30,P6,NDUFAF5,0.0,shap_tree
30,P6,CST3,0.0,shap_tree
30,P6,ALG13,0.0,shap_tree
30,P6,WDR13,0.0025324856396764517,shap_tree
30,P6,TIMP1,0.0,shap_tree
30,P6,KIAA0226L,0.0,shap_tree
30,P6,ACP5,0.0,shap_tree
30,P6,DNAJA3,0.0,shap_tree
30,P6,FAH,0.0,shap_tree
30,P6,DTWD1,0.0,shap_tree
30,P6,DMXL2,0.0,shap_tree
30,P6,IL7,0.0,shap_tree
30,P6,INTS10,0.0,shap_tree
30,P6,ASAH1,0.00014308883692137897,shap_tree
30,P6,SARS2,0.0,shap_tree
30,P6,FCER2,0.0,shap_tree
30,P6,IL4I1,0.0,shap_tree
30,P6,ZNF419,0.0,shap_tree
30,P6,EBI3,0.0,shap_tree
30,P6,CD79A,0.04590092971920967,shap_tree
30,P6,ATP1A3,0.0,shap_tree
30,P6,LILRB5,0.0,shap_tree
30,P6,PON2,0.0,shap_tree
30,P6,CPVL,0.0019689963664859533,shap_tree
30,P6,EPHB6,0.0,shap_tree
30,P6,HSPB1,0.04775596782565117,shap_tree
30,P6,SNX8,0.0,shap_tree
30,P6,RBM28,7.262982398970053e-05,shap_tree
30,P6,TESK1,0.0,shap_tree
30,P6,RASSF4,0.00023032788885757327,shap_tree
30,P6,NSMCE4A,0.00010540476796450093,shap_tree
30,P6,TUBD1,0.0,shap_tree
30,P6,GALK1,0.0,shap_tree
30,P6,CPD,0.00030269872513599694,shap_tree
30,P6,LGALS3BP,0.0012128816451877356,shap_tree
30,P6,CCL2,0.0,shap_tree
30,P6,DHRS7B,0.0,shap_tree
30,P6,TMEM97,0.0,shap_tree
30,P6,RAB34,0.0,shap_tree
30,P6,SC5D,0.0,shap_tree
30,P6,CRTAM,0.0034988196566700935,shap_tree
30,P6,MS4A6A,0.0,shap_tree
30,P6,MS4A4A,0.0,shap_tree
30,P6,CD81,0.0,shap_tree
30,P6,PRR4,0.000150754873175174,shap_tree
30,P6,GTF2H3,7.695137901464477e-05,shap_tree
30,P6,IFNG,0.008271160535514355,shap_tree
30,P6,NOP2,0.0,shap_tree
30,P6,KLRB1,0.0,shap_tree
30,P6,ADTRP,0.0,shap_tree
30,P6,SOD2,0.0,shap_tree
30,P6,CD83,0.018526099622249603,shap_tree
30,P6,APBB3,0.0,shap_tree
30,P6,TRAPPC13,0.0,shap_tree
30,P6,TFDP2,0.0,shap_tree
30,P6,PFKFB4,0.0,shap_tree
30,P6,C3orf14,0.0,shap_tree
30,P6,CISH,0.0,shap_tree
30,P6,GTF3C2,0.0,shap_tree
30,P6,FN1,0.0,shap_tree
30,P6,EHBP1,0.0,shap_tree
30,P6,CEP104,0.0,shap_tree
30,P6,AMPD2,0.0008829293656162918,shap_tree
30,P6,MECR,0.0,shap_tree
30,P6,ZBTB17,2.8927661333000287e-05,shap_tree
30,P6,CDC20,0.0,shap_tree
30,P6,RCOR3,0.0,shap_tree
30,P6,CTSD,0.020280752331018448,shap_tree
30,P6,MYB,0.0,shap_tree
30,P6,SGK1,0.0,shap_tree
30,P6,ARMC2,0.0,shap_tree
30,P6,SPP1,0.0,shap_tree
30,P6,C2orf43,0.0,shap_tree
30,P6,CSF3R,0.003468498820438981,shap_tree
30,P6,NPC2,0.0010453959694132209,shap_tree
30,P6,COQ6,0.0,shap_tree
30,P6,BCL11A,0.0,shap_tree
30,P6,HSPH1,0.012675048783421516,shap_tree
30,P6,TGFBI,0.0028701459523290396,shap_tree
30,P6,CLU,0.0,shap_tree
30,P6,EPHX2,0.0,shap_tree
30,P6,SEC22A,0.000992359360679984,shap_tree
30,P6,ZRANB3,0.00013799956650473177,shap_tree
30,P6,LY9,0.01072702370584011,shap_tree
30,P6,EEPD1,0.0,shap_tree
30,P6,PLAU,0.0,shap_tree
30,P6,MMP19,0.0,shap_tree
30,P6,TUBA1B,0.0035422141663730145,shap_tree
30,P6,G0S2,0.005099204834550619,shap_tree
30,P6,SLC12A4,0.0,shap_tree
30,P6,F13A1,0.0,shap_tree
30,P6,TREM1,0.0,shap_tree
30,P6,MT2A,0.18292014300823212,shap_tree
30,P6,GPR18,0.0,shap_tree
30,P6,PTGER2,0.021001243963837624,shap_tree
30,P6,MSTO1,0.0,shap_tree
30,P6,IL1B,0.0,shap_tree
30,P6,VASP,0.00036459590774029493,shap_tree
30,P6,CCR7,0.08579430729150772,shap_tree
30,P6,NSRP1,0.0,shap_tree
30,P6,IFI6,0.24660207331180573,shap_tree
30,P6,CFP,0.0,shap_tree
30,P6,RAB3IP,0.0,shap_tree
30,P6,GFER,0.0,shap_tree
30,P6,PTPN12,0.0,shap_tree
30,P6,VPREB3,0.0,shap_tree
30,P6,APOBEC3A,0.0,shap_tree
30,P6,SERGEF,0.0,shap_tree
30,P6,CD68,0.0,shap_tree
30,P6,CCL4,0.012915734201669693,shap_tree
30,P6,PARP2,6.288063013926148e-05,shap_tree
30,P6,ERMARD,0.0,shap_tree
30,P6,SAT1,0.05996018275618553,shap_tree
30,P6,APOE,0.0,shap_tree
30,P6,APOC1,0.0002113951777573675,shap_tree
30,P6,FCHO1,0.0,shap_tree
30,P6,PGPEP1,0.0,shap_tree
30,P6,ULBP2,3.546297375578433e-05,shap_tree
30,P6,ACSS2,0.0,shap_tree
30,P6,NINJ1,0.0,shap_tree
30,P6,LGALS3,0.0093553327023983,shap_tree
30,P6,FCRLA,0.0,shap_tree
30,P6,IGJ,0.03391548991203308,shap_tree
30,P6,DPH2,2.6122703275177628e-05,shap_tree
30,P6,MORC4,0.00015690099098719656,shap_tree
30,P6,TBC1D8B,0.0,shap_tree
30,P6,SLC2A11,0.0,shap_tree
30,P6,ACTR3B,0.0,shap_tree
30,P6,E2F5,0.0,shap_tree
30,P6,HSD17B4,0.0001682651782175526,shap_tree
30,P6,EIF2S1,8.9486718934495e-05,shap_tree
30,P6,GSTM1,0.0,shap_tree
30,P6,RSAD2,0.0,shap_tree
30,P6,KLRC1,0.0012454777024686337,shap_tree
30,P6,CARS2,0.0,shap_tree
30,P6,SLC37A2,0.0,shap_tree
30,P6,CTSL,0.0,shap_tree
30,P6,CD36,0.0,shap_tree
30,P6,HILPDA,0.0,shap_tree
30,P6,KIAA1009,0.0,shap_tree
30,P6,TROAP,0.0,shap_tree
30,P6,FHOD1,0.0,shap_tree
30,P6,GLUL,0.0,shap_tree
30,P6,CKAP4,0.0,shap_tree
30,P6,LMO7,0.00018463800370227545,shap_tree
30,P6,GPNMB,0.0005089862388558686,shap_tree
30,P6,IL10,0.0,shap_tree
30,P6,IL1RN,0.0,shap_tree
30,P6,TXN,0.08202852308750153,shap_tree
30,P6,IL11RA,0.0,shap_tree
30,P6,IRF4,0.0002327312104171142,shap_tree
30,P6,IER3,0.0,shap_tree
30,P6,FGFBP2,0.0036294397432357073,shap_tree
30,P6,SLCO2B1,0.0,shap_tree
30,P6,C11orf1,0.0,shap_tree
30,P6,SPTBN5,0.0,shap_tree
30,P6,IFI44L,0.053633689880371094,shap_tree
30,P6,IFI44,0.0077210464514791965,shap_tree
30,P6,DNAJC13,0.0,shap_tree
30,P6,ITGAV,0.0,shap_tree
30,P6,TMOD3,4.359142258181237e-05,shap_tree
30,P6,SPPL2A,0.0,shap_tree
30,P6,ARHGAP24,0.0007449076510965824,shap_tree
30,P6,CASP6,0.0,shap_tree
30,P6,LEF1,0.0016016357112675905,shap_tree
30,P6,CLSTN3,0.0,shap_tree
30,P6,TMEM19,0.0,shap_tree
30,P6,GPR84,0.0,shap_tree
30,P6,SLC38A6,0.0,shap_tree
30,P6,WARS,0.11216972023248672,shap_tree
30,P6,BCL2A1,0.0,shap_tree
30,P6,NEIL1,0.0,shap_tree
30,P6,DNAJA4,0.0007871769485063851,shap_tree
30,P6,TPM1,0.0,shap_tree
30,P6,IGF1R,0.00579129159450531,shap_tree
30,P6,ZFHX3,0.0,shap_tree
30,P6,GCSH,0.0,shap_tree
30,P6,IRF8,0.0019803906325250864,shap_tree
30,P6,SCRN2,0.0001673231163294986,shap_tree
30,P6,PELP1,0.0,shap_tree
30,P6,TP53,0.0,shap_tree
30,P6,IFITM3,0.02868964523077011,shap_tree
30,P6,DOPEY2,0.0,shap_tree
30,P6,SLC2A5,0.0,shap_tree
30,P6,XCL2,0.010162481106817722,shap_tree
30,P6,PPOX,0.0,shap_tree
30,P6,FCGR2A,0.0,shap_tree
30,P6,FCRL5,0.0,shap_tree
30,P6,RRNAD1,0.0,shap_tree
30,P6,TAF1A,0.00028108651167713106,shap_tree
30,P6,S100A8,0.0,shap_tree
30,P6,SLC27A3,0.0,shap_tree
30,P6,AFF3,0.0,shap_tree
30,P6,FANCD2,0.0,shap_tree
30,P6,AMT,0.000310112489387393,shap_tree
30,P6,EAF2,0.0,shap_tree
30,P6,PLAC8,0.0005688610253855586,shap_tree
30,P6,PLK2,0.0,shap_tree
30,P6,PIK3R1,6.188607949297875e-05,shap_tree
30,P6,SSBP2,8.515802619513124e-05,shap_tree
30,P6,POMZP3,0.0,shap_tree
30,P6,NOM1,5.692304330295883e-05,shap_tree
30,P6,CXorf57,0.0,shap_tree
30,P6,TATDN1,0.00038659083656966686,shap_tree
30,P6,PLIN2,0.04504326730966568,shap_tree
30,P6,GSN,0.0,shap_tree
30,P6,MRRF,0.0,shap_tree
30,P6,FUOM,0.0,shap_tree
30,P6,FADS1,0.002236606553196907,shap_tree
30,P6,FCGR1A,0.0,shap_tree
30,P6,PRSS23,0.0005659201997332275,shap_tree
30,P6,CACNA2D4,0.0,shap_tree
30,P6,RASGRP3,6.600548658752814e-05,shap_tree
30,P6,FARP1,0.0,shap_tree
30,P6,BANK1,1.4996534446254373e-05,shap_tree
30,P6,DAB2,0.0,shap_tree
30,P6,OBSCN,0.0016825058264657855,shap_tree
30,P6,LY96,0.0,shap_tree
30,P6,PPP4R1,0.0,shap_tree
30,P6,VSIG4,0.0,shap_tree
30,P6,ADAMTSL3,0.0,shap_tree
30,P6,CXCL13,0.0013082344084978104,shap_tree
30,P6,FAM122B,0.0,shap_tree
30,P6,MS4A1,0.014012020081281662,shap_tree
30,P6,WDYHV1,0.0,shap_tree
30,P6,MALSU1,0.0,shap_tree
30,P6,VPS8,0.0020304040517657995,shap_tree
30,P6,B3GNT7,0.0,shap_tree
30,P6,AHCYL2,0.0,shap_tree
30,P6,CD1C,0.0012613243889063597,shap_tree
30,P6,FCER1G,0.00013480962661560625,shap_tree
30,P6,C1QC,0.0,shap_tree
30,P6,HLCS,0.0,shap_tree
30,P6,IL6R,0.001967282500118017,shap_tree
30,P6,LMNA,0.0033494255039840937,shap_tree
30,P6,PAQR4,0.0,shap_tree
30,P6,C1orf123,0.0,shap_tree
30,P6,VCAM1,0.049675144255161285,shap_tree
30,P6,NLRP3,0.0,shap_tree
30,P6,FCGR3B,0.0037219782825559378,shap_tree
30,P6,ATF3,0.0012335368664935231,shap_tree
30,P6,CTSS,9.518030856270343e-05,shap_tree
30,P6,S100A9,0.0002147584455087781,shap_tree
30,P6,ANKZF1,9.15902346605435e-05,shap_tree
30,P6,FCRL1,0.0006416658288799226,shap_tree
30,P6,SMIM14,0.0,shap_tree
30,P6,ABHD6,0.0,shap_tree
30,P6,CXCL3,0.0,shap_tree
30,P6,RCHY1,0.0,shap_tree
30,P6,CCDC51,0.0,shap_tree
30,P6,ITGA2,0.0005603322642855346,shap_tree
30,P6,SAP30L,0.0,shap_tree
30,P6,CTSB,0.024963514879345894,shap_tree
30,P6,PHAX,0.0,shap_tree
30,P6,FBP1,0.0009041375014930964,shap_tree
30,P6,DPCD,0.0,shap_tree
30,P6,FAM227B,0.0,shap_tree
30,P6,PLD4,0.00023986749874893576,shap_tree
30,P6,ZNF143,0.0,shap_tree
30,P6,CLEC4E,0.0,shap_tree
30,P6,CATSPER2,0.0,shap_tree
30,P6,ANPEP,0.0,shap_tree
30,P6,C15orf48,0.0,shap_tree
30,P6,MS4A7,0.0,shap_tree
30,P6,EVA1C,0.0,shap_tree
30,P6,MEI1,0.0005088725010864437,shap_tree
30,P6,ACSF2,0.0,shap_tree
30,P6,FBXO22,0.0,shap_tree
30,P6,POP5,0.00013831190881319344,shap_tree
30,P6,TRIM68,0.0,shap_tree
30,P6,SPATA33,0.0,shap_tree
30,P6,NFKBID,0.0,shap_tree
30,P6,CHAF1A,0.0,shap_tree
30,P6,ZNF558,0.0,shap_tree
30,P6,TK1,0.0,shap_tree
30,P6,VPS37C,0.0,shap_tree
30,P6,TRANK1,0.00033033190993592143,shap_tree
30,P6,NAALADL1,0.0,shap_tree
30,P6,SMIM4,0.0,shap_tree
30,P6,CX3CR1,0.00014745745284017175,shap_tree
30,P6,LDLRAD4,0.002527235308662057,shap_tree
30,P6,TMEM208,0.0,shap_tree
30,P6,PKIG,0.0,shap_tree
30,P6,CCDC126,0.0,shap_tree
30,P6,PTK2,0.0,shap_tree
30,P6,IL8,0.0,shap_tree
30,P6,GPR183,0.024740559980273247,shap_tree
30,P6,CLIC3,0.014710799790918827,shap_tree
30,P6,LRRC45,0.0,shap_tree
30,P6,MT1E,0.0114736994728446,shap_tree
30,P6,GLB1,0.00453907111659646,shap_tree
30,P6,CD14,0.0,shap_tree
30,P6,MZB1,0.0,shap_tree
30,P6,GTSF1,0.0,shap_tree
30,P6,LILRA3,0.0,shap_tree
30,P6,HDAC3,0.00021581781038548797,shap_tree
30,P6,METTL18,0.0,shap_tree
30,P6,NINJ2,0.0,shap_tree
30,P6,RRM2,0.0,shap_tree
30,P6,ATPAF2,0.0,shap_tree
30,P6,NME6,0.0,shap_tree
30,P6,HINFP,0.0,shap_tree
30,P6,CLEC12A,0.0,shap_tree
30,P6,RAPH1,0.0,shap_tree
30,P6,C1QB,0.0,shap_tree
30,P6,C1QA,0.00034240868990309536,shap_tree
30,P6,OLR1,0.0,shap_tree
30,P6,TLR6,0.0,shap_tree
30,P6,UBE2C,0.0010304468451067805,shap_tree
30,P6,ATG13,0.0,shap_tree
30,P6,MCTP1,4.4286975025897846e-05,shap_tree
30,P6,RMDN1,0.0,shap_tree
30,P6,METRNL,0.0004147834551986307,shap_tree
30,P6,TYMS,0.0,shap_tree
30,P6,DEAF1,0.0,shap_tree
30,P6,CD19,0.010485316626727581,shap_tree
30,P6,CD163,0.0,shap_tree
30,P6,GEN1,7.28297745808959e-05,shap_tree
30,P6,THBD,0.0038859890773892403,shap_tree
30,P6,CPNE7,0.0,shap_tree
30,P6,EFCAB13,0.0,shap_tree
30,P6,DPY19L3,0.0005668631638400257,shap_tree
30,P6,AURKB,0.0,shap_tree
30,P6,APOBEC3B,0.0,shap_tree
30,P6,HARBI1,0.0,shap_tree
30,P6,ZNF571,0.0,shap_tree
30,P6,EIF2S3L,0.0,shap_tree
30,P6,HIST1H2BC,0.0,shap_tree
30,P6,SLC36A4,0.0,shap_tree
30,P6,ZNF678,0.0,shap_tree
30,P6,UBA7,0.0,shap_tree
30,P6,CEP97,0.0,shap_tree
30,P6,CNOT10,0.0,shap_tree
30,P6,AFMID,0.0,shap_tree
30,P6,CEP57L1,0.0,shap_tree
30,P6,CCDC159,8.469579188385978e-05,shap_tree
30,P6,TREX2,0.0,shap_tree
30,P6,IQGAP3,0.0,shap_tree
30,P6,TTC32,0.0,shap_tree
30,P6,CLECL1,0.0,shap_tree
30,P6,TNFAIP2,0.0,shap_tree
30,P6,IRF7,0.0,shap_tree
30,P6,IFIT1,0.0,shap_tree
30,P6,CD300E,0.0,shap_tree
30,P6,TNFRSF4,0.010908860713243484,shap_tree
30,P6,TNFRSF18,0.0077720871195197105,shap_tree
30,P6,GPR141,0.0,shap_tree
30,P6,LILRA5,0.0001969425065908581,shap_tree
30,P6,CMC1,0.0023689086083322763,shap_tree
30,P6,MT1X,0.0,shap_tree
30,P6,SESTD1,0.0,shap_tree
30,P6,MAGEH1,0.0,shap_tree
30,P6,ISG15,0.10521924495697021,shap_tree
30,P6,FANCM,0.0,shap_tree
30,P6,ARHGAP11B,0.0,shap_tree
30,P6,ZNF559,0.0,shap_tree
30,P6,FAM26F,0.0,shap_tree
30,P6,FBF1,0.0,shap_tree
30,P6,KIR2DL4,0.00607512891292572,shap_tree
30,P6,TUBB,0.0,shap_tree
30,P6,ANAPC7,0.00012352921476121992,shap_tree
30,P6,C1orf186,0.00012688330025412142,shap_tree
30,P6,FAM72A,0.0,shap_tree
30,P6,TCF4,0.00027185317594558,shap_tree
30,P6,HLA-DQA1,0.003742542350664735,shap_tree
30,P6,PGAP1,0.000516669184435159,shap_tree
30,P6,SULT1A2,0.0008275932632386684,shap_tree
30,P6,HIST1H4J,0.0,shap_tree
30,P6,SERPINA1,0.0016879647737368941,shap_tree
30,P6,CCL4L2,0.010669895447790623,shap_tree
30,P6,ZNF165,0.0011456108186393976,shap_tree
30,P6,BLM,0.0,shap_tree
30,P6,PIGN,0.0,shap_tree
30,P6,PSAP,0.003907321486622095,shap_tree
30,P6,ZNF780A,0.0,shap_tree
30,P6,FAM212B,0.0,shap_tree
30,P6,ZNF677,0.0,shap_tree
30,P6,MPZL1,0.0,shap_tree
30,P6,FCGR1B,0.0,shap_tree
30,P6,HIBCH,0.0002808380522765219,shap_tree
30,P6,SPRED2,0.0,shap_tree
30,P6,HLA-DRB5,0.11023867130279541,shap_tree
30,P6,HIST1H4E,0.001583616598509252,shap_tree
30,P6,ZNF789,0.0,shap_tree
30,P6,FAM19A2,0.0001499013160355389,shap_tree
30,P6,FAM169A,0.0,shap_tree
30,P6,GK,0.007271775510162115,shap_tree
30,P6,OPA1,0.0010275898966938257,shap_tree
30,P6,PRC1,0.0,shap_tree
30,P6,TGM2,0.0,shap_tree
30,P6,ZNF525,0.0,shap_tree
30,P6,FCGR3A,0.015789972618222237,shap_tree
30,P6,HIST2H2AA4,0.024152375757694244,shap_tree
30,P6,C10orf128,0.0,shap_tree
30,P6,HLA-DRA,0.03947477415204048,shap_tree
30,P6,NEU1,0.00016195885837078094,shap_tree
30,P6,HSPA1B,0.006734486203640699,shap_tree
30,P6,HSPA1A,0.018928933888673782,shap_tree
30,P6,AIF1,0.0,shap_tree
30,P6,NCR3,0.0,shap_tree
30,P6,LST1,0.0,shap_tree
30,P6,CCL4L1,0.10142719000577927,shap_tree
30,P6,CCL3L1,0.00692462595179677,shap_tree
30,P6,CRYZL1,0.0,shap_tree
30,P6,KLRC2,0.0,shap_tree
30,P6,AL136115.1,0.0,shap_tree
30,P6,AL590867.1,0.0002641389437485486,shap_tree
30,P6,FAM24B,0.0,shap_tree
30,P6,GSTM2,0.0006870736251585186,shap_tree
30,P6,TREX1,0.0,shap_tree
30,P6,ITGA1,0.00020898769435007125,shap_tree
30,P6,MYL5,0.0,shap_tree
30,P6,IFI30,0.0,shap_tree
30,P6,FANCG,0.0,shap_tree
30,P6,SLC26A6,0.0,shap_tree
30,P6,ERCC6,0.0,shap_tree
30,P6,KIAA0125,0.0,shap_tree
30,P6,PGAM4,0.004359585698693991,shap_tree
30,P6,LTB,0.0013258146354928613,shap_tree
30,P6,YAE1D1,0.0,shap_tree
30,P6,KIR2DL3,0.0,shap_tree
30,P6,ZNF585B,0.0,shap_tree
30,P6,ZNF674,0.0,shap_tree
30,P6,ZNF345,0.0,shap_tree
30,P6,IGLL5,0.0,shap_tree
30,P6,HIST1H3G,0.0,shap_tree
30,P6,CCL3L3,0.0007632997003383934,shap_tree
30,P6,PMF1-BGLAP,0.0,shap_tree
30,P6,MYO15B,0.00025178297073580325,shap_tree
30,P6,AARSD1,0.0,shap_tree
30,P6,AL022328.1,0.0,shap_tree
30,P6,SPIB,0.0,shap_tree
31,P7,FGR,0.0010097847552970052,shap_tree
31,P7,TMEM176A,0.00019946131214965135,shap_tree
31,P7,NDUFAF7,0.0037229841109365225,shap_tree
31,P7,FKBP4,0.0030182909686118364,shap_tree
31,P7,GCFC2,0.0009970921091735363,shap_tree
31,P7,CCL3,0.08717101812362671,shap_tree
31,P7,CD79B,0.017514456063508987,shap_tree
31,P7,DYRK4,3.6282348446547985e-05,shap_tree
31,P7,CD9,0.004280445631593466,shap_tree
31,P7,PLAUR,0.000978385447524488,shap_tree
31,P7,TYROBP,0.0017824479145929217,shap_tree
31,P7,BRCA1,8.500674448441714e-05,shap_tree
31,P7,CD22,0.0031827478669583797,shap_tree
31,P7,SLC11A1,0.001012470223940909,shap_tree
31,P7,MARCO,0.009544127620756626,shap_tree
31,P7,CD74,0.11177703738212585,shap_tree
31,P7,PLEKHB1,0.0002557337284088135,shap_tree
31,P7,ZNF839,0.0006064659683033824,shap_tree
31,P7,NUP160,0.0064609963446855545,shap_tree
31,P7,GRN,0.006663425359874964,shap_tree
31,P7,APBA2,0.015477501787245274,shap_tree
31,P7,STAP1,0.0009495487902313471,shap_tree
31,P7,VCAN,0.009604116901755333,shap_tree
31,P7,CAPG,0.005049315746873617,shap_tree
31,P7,ADAM28,0.012287456542253494,shap_tree
31,P7,TNFRSF9,0.017012881115078926,shap_tree
31,P7,SLC4A8,0.00040497363079339266,shap_tree
31,P7,LPAR2,0.0017084552673622966,shap_tree
31,P7,ADAT1,0.0020595956593751907,shap_tree
31,P7,SLC9A7,0.00044609938049688935,shap_tree
31,P7,ROGDI,0.00045339082134887576,shap_tree
31,P7,IFT80,0.003903967561200261,shap_tree
31,P7,WIPI1,0.002476853085681796,shap_tree
31,P7,TFRC,0.009123277850449085,shap_tree
31,P7,LLGL2,0.0019232956692576408,shap_tree
31,P7,MAP3K13,0.000858093670103699,shap_tree
31,P7,MGLL,0.00016558851348236203,shap_tree
31,P7,TXK,0.014769556932151318,shap_tree
31,P7,FSCN1,0.0009050671360455453,shap_tree
31,P7,SLC46A1,0.00021314906189218163,shap_tree
31,P7,SPAG5,0.00016547685663681477,shap_tree
31,P7,GTF3C1,0.006980647332966328,shap_tree
31,P7,IL4R,0.028274985030293465,shap_tree
31,P7,FAM76B,0.004118914250284433,shap_tree
31,P7,PIK3C3,0.006913337856531143,shap_tree
31,P7,SLC1A3,0.00026661009178496897,shap_tree
31,P7,HSP90AA1,0.06293337792158127,shap_tree
31,P7,COBLL1,0.0004746217164210975,shap_tree
31,P7,NFE2L1,0.002687347587198019,shap_tree
31,P7,P2RX5,0.001697303494438529,shap_tree
31,P7,FCN1,3.977230880991556e-05,shap_tree
31,P7,SCAMP1,0.0015836800448596478,shap_tree
31,P7,DDHD2,0.0034468781668692827,shap_tree
31,P7,OAS1,0.008051264099776745,shap_tree
31,P7,LYZ,0.0025200059171766043,shap_tree
31,P7,WDR7,0.004421605262905359,shap_tree
31,P7,ITGA6,0.0017398666823282838,shap_tree
31,P7,CD200,0.0012398482067510486,shap_tree
31,P7,RNF31,0.0022995967883616686,shap_tree
31,P7,CAPN3,0.0009665006655268371,shap_tree
31,P7,HDAC6,0.0016591295134276152,shap_tree
31,P7,BLNK,0.0004136845818720758,shap_tree
31,P7,GADD45B,0.04678717255592346,shap_tree
31,P7,TRMT2A,0.01575935073196888,shap_tree
31,P7,CYP2D6,0.0006170017295517027,shap_tree
31,P7,BIK,0.00016918392793741077,shap_tree
31,P7,MCAT,0.0001939862413564697,shap_tree
31,P7,GZMB,0.12702009081840515,shap_tree
31,P7,PRMT5,0.0027294016908854246,shap_tree
31,P7,CDKL1,0.0005510919145308435,shap_tree
31,P7,CDKN3,0.0007035896414890885,shap_tree
31,P7,CGRRF1,0.0017505589639768004,shap_tree
31,P7,LGMN,0.0008959050755947828,shap_tree
31,P7,TCL1A,0.00493793748319149,shap_tree
31,P7,PLTP,0.0013642185367643833,shap_tree
31,P7,MMP9,1.6563459212193266e-05,shap_tree
31,P7,CDK5RAP1,0.002718924777582288,shap_tree
31,P7,CST3,0.0009954349370673299,shap_tree
31,P7,ALG13,0.010731123387813568,shap_tree
31,P7,TIMP1,0.01434612087905407,shap_tree
31,P7,KIAA0226L,0.007006899453699589,shap_tree
31,P7,ACP5,0.0251137837767601,shap_tree
31,P7,RGCC,0.01821650192141533,shap_tree
31,P7,DNAJA3,0.0024682481307536364,shap_tree
31,P7,FAH,0.0005408322322182357,shap_tree
31,P7,PPP2CB,5.662773401127197e-05,shap_tree
31,P7,SARS2,0.0005349420243874192,shap_tree
31,P7,ERCC2,0.00025016805739142,shap_tree
31,P7,DOT1L,0.009271440096199512,shap_tree
31,P7,FCER2,0.0017482966650277376,shap_tree
31,P7,IL4I1,0.0012937845895066857,shap_tree
31,P7,PDCD5,0.008128986693918705,shap_tree
31,P7,ANKRD27,0.006374624092131853,shap_tree
31,P7,EBI3,0.002191085135564208,shap_tree
31,P7,CD79A,0.02112691104412079,shap_tree
31,P7,LILRB5,0.0015913627576082945,shap_tree
31,P7,DFNA5,0.0001607024169061333,shap_tree
31,P7,CPVL,0.00046077027218416333,shap_tree
31,P7,ABHD11,0.000552371668163687,shap_tree
31,P7,STX1A,0.0010195585200563073,shap_tree
31,P7,EPHB6,0.008314928971230984,shap_tree
31,P7,HSPB1,0.06747829169034958,shap_tree
31,P7,TMEM176B,0.0024570373352617025,shap_tree
31,P7,RASSF4,0.0050284103490412235,shap_tree
31,P7,RAD51C,0.0016857307637110353,shap_tree
31,P7,GALK1,0.0011715538566932082,shap_tree
31,P7,NUP88,0.009168833494186401,shap_tree
31,P7,LGALS3BP,0.013559723272919655,shap_tree
31,P7,CCL2,0.0,shap_tree
31,P7,KAT2A,0.00019181346578989178,shap_tree
31,P7,TMEM97,0.0005844417028129101,shap_tree
31,P7,RAB34,0.00022900202020537108,shap_tree
31,P7,SLC2A9,0.0,shap_tree
31,P7,SC5D,0.001653194078244269,shap_tree
31,P7,CRTAM,0.017460569739341736,shap_tree
31,P7,VWA5A,0.001927330857142806,shap_tree
31,P7,MS4A4A,4.50205261586234e-05,shap_tree
31,P7,ACCS,0.006042146123945713,shap_tree
31,P7,CD81,0.00420405762270093,shap_tree
31,P7,DDX55,0.0008610696531832218,shap_tree
31,P7,IFNG,0.09257230907678604,shap_tree
31,P7,GNPTAB,0.005468303803354502,shap_tree
31,P7,CLEC4A,9.348628373118117e-05,shap_tree
31,P7,CD83,0.02872062660753727,shap_tree
31,P7,APBB3,0.009836784563958645,shap_tree
31,P7,TFDP2,0.0027021390851587057,shap_tree
31,P7,PFKFB4,6.545911310240626e-05,shap_tree
31,P7,C3orf14,0.00015918297867756337,shap_tree
31,P7,CISH,0.02776888571679592,shap_tree
31,P7,DNAJC27,0.0028722069691866636,shap_tree
31,P7,GTF3C2,0.0064782933332026005,shap_tree
31,P7,FN1,0.00016372512618545443,shap_tree
31,P7,STK25,0.006813008803874254,shap_tree
31,P7,EPHA4,0.0006747138104401529,shap_tree
31,P7,RALGPS2,0.001404024544171989,shap_tree
31,P7,CEP104,0.0010568100260570645,shap_tree
31,P7,AMPD2,0.01189079973846674,shap_tree
31,P7,ZBTB17,0.001166825881227851,shap_tree
31,P7,TTF2,0.001355866901576519,shap_tree
31,P7,GBP1,0.13878728449344635,shap_tree
31,P7,CD160,0.0033415257930755615,shap_tree
31,P7,ID3,0.002882829401642084,shap_tree
31,P7,CDC20,0.00014563683362212032,shap_tree
31,P7,STMN1,0.001606371020898223,shap_tree
31,P7,CTSD,0.05329569801688194,shap_tree
31,P7,C1orf54,0.0003396960673853755,shap_tree
31,P7,LRMP,0.011693735606968403,shap_tree
31,P7,MYB,0.0003791546623688191,shap_tree
31,P7,SGK1,0.003150760428979993,shap_tree
31,P7,SPP1,0.0004103131068404764,shap_tree
31,P7,CSF3R,0.003896842012181878,shap_tree
31,P7,COQ6,0.0029990270268172026,shap_tree
31,P7,BCL11A,0.004625712521374226,shap_tree
31,P7,IFIT3,0.0019950452260673046,shap_tree
31,P7,HSPH1,0.061656225472688675,shap_tree
31,P7,TGFBI,0.003506209934130311,shap_tree
31,P7,EGR1,0.030244722962379456,shap_tree
31,P7,ZRANB3,0.000458916969364509,shap_tree
31,P7,LY9,0.034893713891506195,shap_tree
31,P7,PMS2,0.00029270013328641653,shap_tree
31,P7,PLAU,5.388046338339336e-05,shap_tree
31,P7,EGR2,0.0028242110274732113,shap_tree
31,P7,MMP19,0.00321598956361413,shap_tree
31,P7,NR4A1,0.040212713181972504,shap_tree
31,P7,TUBA1B,0.035147812217473984,shap_tree
31,P7,ATPAF1,0.0010384917259216309,shap_tree
31,P7,G0S2,0.007834414020180702,shap_tree
31,P7,F13A1,3.9561335142934695e-05,shap_tree
31,P7,TREM1,0.0003050380328204483,shap_tree
31,P7,BBS2,0.001990637741982937,shap_tree
31,P7,MT2A,0.15158630907535553,shap_tree
31,P7,GPR18,0.011338924989104271,shap_tree
31,P7,PTGER2,0.07525695860385895,shap_tree
31,P7,NUP85,0.00812150165438652,shap_tree
31,P7,IL1B,0.0,shap_tree
31,P7,VASP,0.0035429266281425953,shap_tree
31,P7,CCR7,0.12723921239376068,shap_tree
31,P7,AHDC1,0.00031459753517992795,shap_tree
31,P7,IFI6,0.2816590666770935,shap_tree
31,P7,CFP,0.0011271975236013532,shap_tree
31,P7,L3HYPDH,0.0066344826482236385,shap_tree
31,P7,RAB3IP,0.0005803062813356519,shap_tree
31,P7,PTPN12,0.00018893982633017004,shap_tree
31,P7,CASD1,0.0027553087566047907,shap_tree
31,P7,VPREB3,0.0019643926061689854,shap_tree
31,P7,APOBEC3A,0.0021395187359303236,shap_tree
31,P7,TMOD2,0.000712357577867806,shap_tree
31,P7,CD68,0.001559671014547348,shap_tree
31,P7,CCL4,0.015666674822568893,shap_tree
31,P7,DTD2,0.0,shap_tree
31,P7,ERMARD,0.000982977100647986,shap_tree
31,P7,SAT1,0.12714901566505432,shap_tree
31,P7,LDLR,0.005014388356357813,shap_tree
31,P7,APOE,6.801920244470239e-05,shap_tree
31,P7,APOC1,0.0033724408131092787,shap_tree
31,P7,ANGPTL6,0.0010388765949755907,shap_tree
31,P7,DKC1,0.0040377783589065075,shap_tree
31,P7,NAPSA,0.0004075055185239762,shap_tree
31,P7,ACAP3,0.00035391372512094676,shap_tree
31,P7,NINJ1,0.004747356288135052,shap_tree
31,P7,LGALS3,0.020628156140446663,shap_tree
31,P7,DNAJB1,0.05926116183400154,shap_tree
31,P7,FCRLA,0.00017221445159520954,shap_tree
31,P7,PTCD3,0.004144780803471804,shap_tree
31,P7,SERPINF1,0.00035198614932596684,shap_tree
31,P7,DPH2,0.0005873501067981124,shap_tree
31,P7,MUTYH,0.0026699735317379236,shap_tree
31,P7,MORC4,0.0017471370520070195,shap_tree
31,P7,BTBD2,0.0006207806873135269,shap_tree
31,P7,SUV420H2,0.0002962196012958884,shap_tree
31,P7,PDZD2,0.00012971065007150173,shap_tree
31,P7,MORC2,0.0003338790556881577,shap_tree
31,P7,SLC2A11,0.0006001278525218368,shap_tree
31,P7,ACTR3B,0.0018384623108431697,shap_tree
31,P7,SBF2,0.005778311751782894,shap_tree
31,P7,HSD17B4,0.0004538721696007997,shap_tree
31,P7,RSAD2,0.003505583154037595,shap_tree
31,P7,TMEM241,0.0003651655570138246,shap_tree
31,P7,SLC37A2,0.0003504199266899377,shap_tree
31,P7,APC,0.004591198638081551,shap_tree
31,P7,NREP,0.0006879684515297413,shap_tree
31,P7,CTSL,0.0011311531998217106,shap_tree
31,P7,CD36,0.000585714471526444,shap_tree
31,P7,MTO1,0.0026679150760173798,shap_tree
31,P7,KIAA1009,0.0,shap_tree
31,P7,CPM,0.0009929378284141421,shap_tree
31,P7,GLUL,0.0027190844994038343,shap_tree
31,P7,GPNMB,3.34089454554487e-05,shap_tree
31,P7,IL10,0.00010740424477262422,shap_tree
31,P7,IL1RN,0.001167678739875555,shap_tree
31,P7,TXN,0.05257825180888176,shap_tree
31,P7,CD72,0.008148524910211563,shap_tree
31,P7,IRF4,0.004866885486990213,shap_tree
31,P7,TUBB2B,0.017828552052378654,shap_tree
31,P7,IER3,0.00018338153313379735,shap_tree
31,P7,FGFBP2,0.014703831635415554,shap_tree
31,P7,SLCO2B1,0.0,shap_tree
31,P7,C11orf1,0.0003762426204048097,shap_tree
31,P7,IFI44L,0.08785292506217957,shap_tree
31,P7,IFI44,0.01682417467236519,shap_tree
31,P7,CENPO,0.0010579917579889297,shap_tree
31,P7,DNAJC13,0.002624507760629058,shap_tree
31,P7,CARF,0.00023311999393627048,shap_tree
31,P7,WDR12,0.0010688855545595288,shap_tree
31,P7,SPPL2A,0.006073376629501581,shap_tree
31,P7,ARHGAP24,0.011927435174584389,shap_tree
31,P7,CASP6,0.0004108638677280396,shap_tree
31,P7,LEF1,0.012054547667503357,shap_tree
31,P7,C1RL,0.001983104506507516,shap_tree
31,P7,CLSTN3,0.01232853066176176,shap_tree
31,P7,TMEM19,0.0013778104912489653,shap_tree
31,P7,GPR84,0.0,shap_tree
31,P7,SMARCC2,0.014863726682960987,shap_tree
31,P7,LMBR1L,0.003219370264559984,shap_tree
31,P7,SLC38A6,0.00043484842171892524,shap_tree
31,P7,WARS,0.12624645233154297,shap_tree
31,P7,TCF12,0.004640787839889526,shap_tree
31,P7,HMG20A,0.0017361752688884735,shap_tree
31,P7,TPM1,0.0003044179466087371,shap_tree
31,P7,MFGE8,0.0006895033875480294,shap_tree
31,P7,IRF8,0.0120657654479146,shap_tree
31,P7,PELP1,0.0008083519642241299,shap_tree
31,P7,TP53,0.0077249472960829735,shap_tree
31,P7,TBCD,0.016951048746705055,shap_tree
31,P7,SMAD4,0.006311263423413038,shap_tree
31,P7,ZFP14,0.00027552086976356804,shap_tree
31,P7,IFITM3,0.07358669489622116,shap_tree
31,P7,MAP3K6,0.0006435925024561584,shap_tree
31,P7,GPN2,0.003068955847993493,shap_tree
31,P7,ADC,0.0005034152418375015,shap_tree
31,P7,FCGR2A,0.0008294541039504111,shap_tree
31,P7,ABL2,0.001863008481450379,shap_tree
31,P7,TAF1A,0.0010247331811115146,shap_tree
31,P7,S100A8,0.005977145861834288,shap_tree
31,P7,ARL8A,0.0008824473479762673,shap_tree
31,P7,AFF3,0.0023720094468444586,shap_tree
31,P7,EIF2B5,0.0023614896927028894,shap_tree
31,P7,PLAC8,0.016466252505779266,shap_tree
31,P7,FBXL17,0.0006865044124424458,shap_tree
31,P7,MMS22L,0.006844047922641039,shap_tree
31,P7,NOM1,0.0005147663759998977,shap_tree
31,P7,PLIN2,0.07531259208917618,shap_tree
31,P7,FBXO10,0.0012089130468666553,shap_tree
31,P7,GSN,0.000892986950930208,shap_tree
31,P7,ADM,0.0,shap_tree
31,P7,FADS1,0.008952312171459198,shap_tree
31,P7,FCGR1A,0.00014052740880288184,shap_tree
31,P7,TMCO3,0.0004093119641765952,shap_tree
31,P7,CACNA2D4,0.0006258526118472219,shap_tree
31,P7,PTPRO,0.00027800616226159036,shap_tree
31,P7,ANKAR,0.0010320980800315738,shap_tree
31,P7,RASGRP3,0.0007069470593705773,shap_tree
31,P7,BANK1,0.0035069449804723263,shap_tree
31,P7,DAB2,0.0001963546237675473,shap_tree
31,P7,DGKE,0.001606480567716062,shap_tree
31,P7,NEIL2,0.0014462482649832964,shap_tree
31,P7,OBSCN,0.01099005900323391,shap_tree
31,P7,LY96,0.003160299966111779,shap_tree
31,P7,PPP4R1,0.0024301146622747183,shap_tree
31,P7,CDK19,0.0006639300845563412,shap_tree
31,P7,SLC25A28,0.001745479297824204,shap_tree
31,P7,VSIG4,0.00011054951755795628,shap_tree
31,P7,MS4A1,0.029249019920825958,shap_tree
31,P7,WDYHV1,0.00022910830739419907,shap_tree
31,P7,MALSU1,0.0024191420525312424,shap_tree
31,P7,B3GNT7,0.004135520663112402,shap_tree
31,P7,CCNB2,0.0008766415994614363,shap_tree
31,P7,MYO1E,0.00027731750742532313,shap_tree
31,P7,HIST1H2BD,0.008967850357294083,shap_tree
31,P7,CD1C,0.0017241908935829997,shap_tree
31,P7,FCER1G,0.005439277738332748,shap_tree
31,P7,C1QC,0.0,shap_tree
31,P7,ZNF362,0.0032103657722473145,shap_tree
31,P7,IL6R,0.0036577244754880667,shap_tree
31,P7,LMNA,0.01849840208888054,shap_tree
31,P7,CLPB,8.740725752431899e-05,shap_tree
31,P7,CYB561A3,0.002009070012718439,shap_tree
31,P7,VCAM1,0.03425867110490799,shap_tree
31,P7,FCGR3B,0.043529946357011795,shap_tree
31,P7,ATF3,0.08336169272661209,shap_tree
31,P7,CTSS,0.00763829005882144,shap_tree
31,P7,S100A9,0.00036875862861052155,shap_tree
31,P7,ANKZF1,0.0029225624166429043,shap_tree
31,P7,FCRL1,0.0019474446307867765,shap_tree
31,P7,PTPN13,0.008531784638762474,shap_tree
31,P7,CXCL3,0.0,shap_tree
31,P7,RCHY1,0.0029377753380686045,shap_tree
31,P7,GNL3,0.02197311259806156,shap_tree
31,P7,PIGX,0.0005900973337702453,shap_tree
31,P7,ITGA2,0.0003216539043933153,shap_tree
31,P7,SAP30L,0.0003477742720860988,shap_tree
31,P7,CTSB,0.07680955529212952,shap_tree
31,P7,LETM2,0.007405146956443787,shap_tree
31,P7,FBP1,0.00033511730725876987,shap_tree
31,P7,IFI27,0.0031941942870616913,shap_tree
31,P7,CUL5,0.00356402643956244,shap_tree
31,P7,TAF10,0.013749158941209316,shap_tree
31,P7,TRIM66,0.0011798436753451824,shap_tree
31,P7,CLEC4E,0.0,shap_tree
31,P7,CATSPER2,0.00012716550554614514,shap_tree
31,P7,ANPEP,0.0005346449324861169,shap_tree
31,P7,PLK1,0.00047866199747659266,shap_tree
31,P7,XRCC6BP1,0.001222509192302823,shap_tree
31,P7,C15orf48,0.00039044665754772723,shap_tree
31,P7,MS4A7,0.00043407693738117814,shap_tree
31,P7,GNGT2,0.0017840806394815445,shap_tree
31,P7,ACSF2,0.00029407296096906066,shap_tree
31,P7,FBXO22,0.0026752387639135122,shap_tree
31,P7,POP5,0.0029285261407494545,shap_tree
31,P7,TRIM68,0.00011443580297054723,shap_tree
31,P7,SPATA33,0.0001501339575042948,shap_tree
31,P7,SGK494,0.005730112083256245,shap_tree
31,P7,ZNF528,0.0008567595505155623,shap_tree
31,P7,AXL,0.0009984434582293034,shap_tree
31,P7,NFKBID,0.01923663355410099,shap_tree
31,P7,LAIR2,0.0016566833946853876,shap_tree
31,P7,GNG4,0.004121560137718916,shap_tree
31,P7,KCTD6,0.00013360977754928172,shap_tree
31,P7,CX3CR1,0.017098041251301765,shap_tree
31,P7,LDLRAD4,0.023372948169708252,shap_tree
31,P7,TMEM208,0.005535488948225975,shap_tree
31,P7,PKIG,0.00047680133138783276,shap_tree
31,P7,PPIP5K1,0.0022710622288286686,shap_tree
31,P7,CCDC126,0.00542423315346241,shap_tree
31,P7,PTK2,0.0035608443431556225,shap_tree
31,P7,RNASE6,0.00041921695810742676,shap_tree
31,P7,IL8,0.0003302813565824181,shap_tree
31,P7,GPR183,0.08387290686368942,shap_tree
31,P7,CLIC3,0.01928059197962284,shap_tree
31,P7,MT1E,0.003947868011891842,shap_tree
31,P7,GLB1,0.008096625097095966,shap_tree
31,P7,CD14,0.0007172316545620561,shap_tree
31,P7,MZB1,0.0010848685633391142,shap_tree
31,P7,GTSF1,0.0025244145654141903,shap_tree
31,P7,KBTBD2,0.0031911879777908325,shap_tree
31,P7,LILRA3,0.0006091566174291074,shap_tree
31,P7,HDAC3,0.005009743385016918,shap_tree
31,P7,METTL18,7.302639278350398e-05,shap_tree
31,P7,RRM2,0.0012593448627740145,shap_tree
31,P7,LGALS9C,0.0026448986027389765,shap_tree
31,P7,ATPAF2,0.0013258432736620307,shap_tree
31,P7,NME6,0.008491954766213894,shap_tree
31,P7,HINFP,0.0017132610082626343,shap_tree
31,P7,CLEC12A,0.00034435000270605087,shap_tree
31,P7,HSPA6,0.003428378840908408,shap_tree
31,P7,C1QB,0.0004037648322992027,shap_tree
31,P7,C1QA,0.0015612387796863914,shap_tree
31,P7,OLR1,0.00022658680973108858,shap_tree
31,P7,C11orf80,0.00010336620471207425,shap_tree
31,P7,UBE2C,0.0011136643588542938,shap_tree
31,P7,APITD1,0.0,shap_tree
31,P7,MCTP1,0.006179266143590212,shap_tree
31,P7,ERCC4,0.0008997654658742249,shap_tree
31,P7,ZNF683,0.03969556838274002,shap_tree
31,P7,RMDN1,0.0036354216281324625,shap_tree
31,P7,METRNL,0.001572915818542242,shap_tree
31,P7,SLC38A9,0.0007557215285487473,shap_tree
31,P7,CD19,0.005643186159431934,shap_tree
31,P7,CD163,0.00010635459329932928,shap_tree
31,P7,GEN1,0.00021084454783704132,shap_tree
31,P7,ZFAND2A,0.004302280023694038,shap_tree
31,P7,THBD,0.000479226466268301,shap_tree
31,P7,CPNE7,0.0009553286363370717,shap_tree
31,P7,CTC1,0.017452940344810486,shap_tree
31,P7,AURKB,5.7552791986381635e-05,shap_tree
31,P7,APOBEC3B,0.008224965073168278,shap_tree
31,P7,CCDC66,0.0028540990315377712,shap_tree
31,P7,ZNF571,0.008273009210824966,shap_tree
31,P7,EIF2S3L,0.00347248837351799,shap_tree
31,P7,HIST1H2BC,0.000854492885991931,shap_tree
31,P7,UBA7,0.011437860317528248,shap_tree
31,P7,CEP97,0.007487080059945583,shap_tree
31,P7,CADM1,0.04848691076040268,shap_tree
31,P7,AP2A2,0.006148204673081636,shap_tree
31,P7,AFMID,0.0015758874360471964,shap_tree
31,P7,CCDC159,0.005961662158370018,shap_tree
31,P7,IQGAP3,0.0032980679534375668,shap_tree
31,P7,LRTOMT,0.0007870219415053725,shap_tree
31,P7,KNTC1,0.0038261059671640396,shap_tree
31,P7,PTP4A3,0.0003498947189655155,shap_tree
31,P7,TMED9,0.012053188867866993,shap_tree
31,P7,TNFAIP2,0.00040692355833016336,shap_tree
31,P7,IRF7,0.0186912901699543,shap_tree
31,P7,IFIT1,0.00027455229428596795,shap_tree
31,P7,CD300E,0.0017546499148011208,shap_tree
31,P7,TNFRSF4,0.01982864923775196,shap_tree
31,P7,TNFRSF18,0.020153963938355446,shap_tree
31,P7,ZDHHC17,0.0044556548818945885,shap_tree
31,P7,GPR141,0.0002672742702998221,shap_tree
31,P7,LILRA5,0.0006397440447472036,shap_tree
31,P7,MT1X,0.00391525961458683,shap_tree
31,P7,USP7,0.011144498363137245,shap_tree
31,P7,MAGEH1,0.0018082387978211045,shap_tree
31,P7,ISG15,0.06132251024246216,shap_tree
31,P7,FANCA,0.0060615744441747665,shap_tree
31,P7,ARHGAP11B,0.0013446810189634562,shap_tree
31,P7,FAM26F,0.0012579514877870679,shap_tree
31,P7,FBF1,0.0,shap_tree
31,P7,KIR2DL4,0.008308774791657925,shap_tree
31,P7,TUBB,0.008541797287762165,shap_tree
31,P7,C1orf186,0.0001587028382346034,shap_tree
31,P7,TCF4,0.002739939372986555,shap_tree
31,P7,ZFP62,0.0011870104353874922,shap_tree
31,P7,HLA-DQA1,0.03520232439041138,shap_tree
31,P7,ZNF682,0.0006264326511882246,shap_tree
31,P7,HIST1H4J,0.00097768718842417,shap_tree
31,P7,SERPINA1,0.0016039476031437516,shap_tree
31,P7,CCL4L2,0.016240913420915604,shap_tree
31,P7,ZNF165,0.0012239547213539481,shap_tree
31,P7,PSAP,0.02043086849153042,shap_tree
31,P7,CFD,0.0,shap_tree
31,P7,ZNF780A,0.002641673432663083,shap_tree
31,P7,HIST1H2BF,0.0006400670972652733,shap_tree
31,P7,FAM212B,0.0001268366031581536,shap_tree
31,P7,ZNF677,0.0001298707938985899,shap_tree
31,P7,FCGR1B,0.00014557795657310635,shap_tree
31,P7,ZNF649,0.0008077197126112878,shap_tree
31,P7,SDAD1,0.0043396842665970325,shap_tree
31,P7,SPRED2,0.00013935744937043637,shap_tree
31,P7,HIST1H4E,0.0004551849269773811,shap_tree
31,P7,ZNF789,0.001973044825717807,shap_tree
31,P7,FAM19A2,3.742089756997302e-05,shap_tree
31,P7,GK,0.03591087833046913,shap_tree
31,P7,OPA1,0.003316457150503993,shap_tree
31,P7,TGM2,0.004345376044511795,shap_tree
31,P7,ZNF525,0.0003122762427665293,shap_tree
31,P7,FCGR3A,0.030179519206285477,shap_tree
31,P7,HIST2H2AA4,0.0663718581199646,shap_tree
31,P7,C10orf128,0.004399219527840614,shap_tree
31,P7,CXorf65,0.0005474960780702531,shap_tree
31,P7,HLA-DRA,0.03574387729167938,shap_tree
31,P7,NEU1,0.006094146054238081,shap_tree
31,P7,HSPA1B,0.04588180407881737,shap_tree
31,P7,HSPA1A,0.07782409340143204,shap_tree
31,P7,AIF1,0.0014774779556319118,shap_tree
31,P7,LST1,0.003609060076996684,shap_tree
31,P7,TCTN1,9.981545736081898e-05,shap_tree
31,P7,CCL4L1,0.11105585843324661,shap_tree
31,P7,CCL3L1,0.01495746336877346,shap_tree
31,P7,GSTM2,0.0010801870375871658,shap_tree
31,P7,TREX1,0.0033640488982200623,shap_tree
31,P7,PPM1N,0.00032720723538659513,shap_tree
31,P7,DNASE1,0.0027930361684411764,shap_tree
31,P7,IFI30,0.009038539603352547,shap_tree
31,P7,FANCG,0.0015398034593090415,shap_tree
31,P7,SLC26A6,0.0009160485933534801,shap_tree
31,P7,PGAM4,0.004187238402664661,shap_tree
31,P7,LTB,0.01291660312563181,shap_tree
31,P7,ZNF688,0.0006119981408119202,shap_tree
31,P7,HLA-DOB,0.0008573141531087458,shap_tree
31,P7,INSL3,0.00039919750997796655,shap_tree
31,P7,CHCHD10,0.00018444278975948691,shap_tree
31,P7,ZNF674,0.0024557311553508043,shap_tree
31,P7,CSNK2A3,0.00018243776867166162,shap_tree
31,P7,HIST1H3G,9.41006001085043e-05,shap_tree
31,P7,CCL3L3,0.024384979158639908,shap_tree
31,P7,PMF1-BGLAP,0.0013112700544297695,shap_tree
31,P7,MYO15B,0.006082156673073769,shap_tree
31,P7,LIN37,0.0007219461840577424,shap_tree
31,P7,AL022328.1,0.00028187280986458063,shap_tree
32,P8,FGR,0.0,shap_tree
32,P8,TMEM176A,0.0,shap_tree
32,P8,ST7,0.0,shap_tree
32,P8,BZRAP1,0.0,shap_tree
32,P8,GCFC2,0.0,shap_tree
32,P8,CCL3,0.0001506465341662988,shap_tree
32,P8,CD79B,0.0,shap_tree
32,P8,CD9,0.0,shap_tree
32,P8,MKS1,0.0,shap_tree
32,P8,PLAUR,0.0,shap_tree
32,P8,RABGAP1,0.0,shap_tree
32,P8,TYROBP,0.0009094579145312309,shap_tree
32,P8,BRCA1,0.0,shap_tree
32,P8,CD22,0.0,shap_tree
32,P8,EXTL3,0.0,shap_tree
32,P8,SLC11A1,2.245686664537061e-05,shap_tree
32,P8,PHLDB1,0.0,shap_tree
32,P8,MARCO,0.0,shap_tree
32,P8,CD74,0.0004828907549381256,shap_tree
32,P8,PLEKHB1,0.0,shap_tree
32,P8,NUP160,0.0,shap_tree
32,P8,GRN,0.0,shap_tree
32,P8,STAP1,0.0,shap_tree
32,P8,METTL1,0.0,shap_tree
32,P8,VCAN,0.0,shap_tree
32,P8,CAPG,0.0,shap_tree
32,P8,ADAM28,0.0,shap_tree
32,P8,TNFRSF9,0.0,shap_tree
32,P8,RRP12,0.0,shap_tree
32,P8,ST3GAL6,0.0,shap_tree
32,P8,LPAR2,4.718147465609945e-06,shap_tree
32,P8,CHI3L2,0.0,shap_tree
32,P8,ZNRD1,0.0,shap_tree
32,P8,DDX3Y,0.0010551611194387078,shap_tree
32,P8,ROGDI,0.0,shap_tree
32,P8,LLGL2,0.0,shap_tree
32,P8,MGLL,0.0,shap_tree
32,P8,FSCN1,0.0,shap_tree
32,P8,SLC46A1,0.0,shap_tree
32,P8,SPAG5,0.0,shap_tree
32,P8,IL4R,0.0,shap_tree
32,P8,FAM76B,0.0,shap_tree
32,P8,SLC1A3,0.0,shap_tree
32,P8,TNS1,0.0,shap_tree
32,P8,REXO1,6.01116189500317e-05,shap_tree
32,P8,OPHN1,0.0,shap_tree
32,P8,HSP90AA1,0.0002369081776123494,shap_tree
32,P8,COBLL1,0.0,shap_tree
32,P8,KAT6A,2.1987390937283635e-05,shap_tree
32,P8,P2RX5,0.0,shap_tree
32,P8,FCN1,0.0,shap_tree
32,P8,SCAMP1,0.0,shap_tree
32,P8,OAS1,0.0,shap_tree
32,P8,LYZ,0.0,shap_tree
32,P8,WDR7,0.0,shap_tree
32,P8,ITGA6,0.0,shap_tree
32,P8,CD200,0.0,shap_tree
32,P8,RNF31,0.0,shap_tree
32,P8,CAPN3,0.0,shap_tree
32,P8,HDAC6,0.0,shap_tree
32,P8,BLNK,0.0,shap_tree
32,P8,ACOT7,0.0,shap_tree
32,P8,LGALS2,0.0,shap_tree
32,P8,RHBDD3,0.0,shap_tree
32,P8,HMOX1,0.0,shap_tree
32,P8,GZMB,0.01501625869423151,shap_tree
32,P8,PRMT5,0.0,shap_tree
32,P8,AP4S1,0.0,shap_tree
32,P8,CDKN3,0.0,shap_tree
32,P8,CGRRF1,0.0,shap_tree
32,P8,TIMM9,0.0,shap_tree
32,P8,LGMN,0.0,shap_tree
32,P8,TCL1A,0.0,shap_tree
32,P8,PLTP,0.0,shap_tree
32,P8,NDUFAF5,0.0,shap_tree
32,P8,CST3,0.0008025395800359547,shap_tree
32,P8,ALG13,0.0,shap_tree
32,P8,WDR13,0.0,shap_tree
32,P8,TIMP1,0.0,shap_tree
32,P8,GLA,2.997401452375925e-06,shap_tree
32,P8,KIAA0226L,0.0,shap_tree
32,P8,ACP5,0.0,shap_tree
32,P8,TSC22D1,0.0,shap_tree
32,P8,MTFMT,0.0,shap_tree
32,P8,GABPB1,0.0,shap_tree
32,P8,BMF,0.0,shap_tree
32,P8,ZC2HC1A,0.0,shap_tree
32,P8,IL7,0.0,shap_tree
32,P8,ASAH1,0.0,shap_tree
32,P8,SARS2,0.0,shap_tree
32,P8,ERCC2,0.0,shap_tree
32,P8,DOT1L,0.0,shap_tree
32,P8,FCER2,0.0,shap_tree
32,P8,IL4I1,0.0,shap_tree
32,P8,ZNF419,0.0,shap_tree
32,P8,PDCD5,0.0,shap_tree
32,P8,CD79A,0.00010761551675386727,shap_tree
32,P8,LILRB5,0.0,shap_tree
32,P8,PON2,0.0,shap_tree
32,P8,DFNA5,0.0,shap_tree
32,P8,CAV1,0.0,shap_tree
32,P8,IQCE,0.0,shap_tree
32,P8,CPVL,0.0,shap_tree
32,P8,ABHD11,0.0,shap_tree
32,P8,HSPB1,6.317261431831867e-05,shap_tree
32,P8,SNX8,0.0,shap_tree
32,P8,RBM28,0.0,shap_tree
32,P8,CEP41,0.0,shap_tree
32,P8,RASSF4,0.0,shap_tree
32,P8,MAPK8,0.0,shap_tree
32,P8,GALK1,0.0,shap_tree
32,P8,ENO3,0.0,shap_tree
32,P8,LGALS3BP,0.0,shap_tree
32,P8,CCL2,0.0,shap_tree
32,P8,DHX58,0.0,shap_tree
32,P8,TMEM97,0.0,shap_tree
32,P8,RAB34,0.0,shap_tree
32,P8,ZBTB16,0.0,shap_tree
32,P8,MS4A6A,0.0,shap_tree
32,P8,MS4A4A,0.0,shap_tree
32,P8,CD81,0.0,shap_tree
32,P8,PRR4,0.0,shap_tree
32,P8,IFNG,0.0,shap_tree
32,P8,CLEC4A,0.0,shap_tree
32,P8,CD83,0.0,shap_tree
32,P8,APBB3,3.0031054848222993e-05,shap_tree
32,P8,TRAPPC13,0.0,shap_tree
32,P8,PFKFB4,0.0,shap_tree
32,P8,CISH,0.0,shap_tree
32,P8,FAHD2A,0.0,shap_tree
32,P8,EPB41L5,0.0,shap_tree
32,P8,GTF3C2,0.0,shap_tree
32,P8,FN1,0.0,shap_tree
32,P8,EHBP1,0.0,shap_tree
32,P8,GNLY,4.722927405964583e-05,shap_tree
32,P8,STK25,0.0,shap_tree
32,P8,EPHA4,0.0,shap_tree
32,P8,KIAA1324,0.0,shap_tree
32,P8,GBP1,0.001208712812513113,shap_tree
32,P8,ID3,0.0,shap_tree
32,P8,CDC20,0.0,shap_tree
32,P8,RCOR3,0.0,shap_tree
32,P8,STMN1,0.0,shap_tree
32,P8,NENF,0.0,shap_tree
32,P8,CTSD,4.163537232670933e-05,shap_tree
32,P8,STK11,0.0,shap_tree
32,P8,C1orf54,0.0,shap_tree
32,P8,LRMP,0.0,shap_tree
32,P8,SGK1,0.0,shap_tree
32,P8,SPP1,0.0,shap_tree
32,P8,CSF3R,0.0,shap_tree
32,P8,MLH3,0.0,shap_tree
32,P8,IFIT3,0.0,shap_tree
32,P8,PYROXD2,0.0,shap_tree
32,P8,HSPH1,0.0002838836517184973,shap_tree
32,P8,TGFBI,7.968421414261684e-05,shap_tree
32,P8,EGR1,0.0,shap_tree
32,P8,CLU,0.0,shap_tree
32,P8,LY9,0.0,shap_tree
32,P8,EGR2,0.0,shap_tree
32,P8,NR4A1,0.0,shap_tree
32,P8,TUBA1B,0.00026339085889048874,shap_tree
32,P8,ATPAF1,0.0,shap_tree
32,P8,NDUFAF4,0.0,shap_tree
32,P8,METTL8,0.0,shap_tree
32,P8,G0S2,0.0,shap_tree
32,P8,F13A1,0.0,shap_tree
32,P8,TREM1,0.0,shap_tree
32,P8,SOX4,0.0,shap_tree
32,P8,MT2A,0.01629960536956787,shap_tree
32,P8,GPR18,0.0,shap_tree
32,P8,NUP85,0.0,shap_tree
32,P8,IL1B,0.0,shap_tree
32,P8,CCR7,0.005830890964716673,shap_tree
32,P8,NSRP1,0.0,shap_tree
32,P8,IFI6,0.03883704915642738,shap_tree
32,P8,CFP,0.0,shap_tree
32,P8,RAB3IP,0.0,shap_tree
32,P8,GFER,0.0,shap_tree
32,P8,VPREB3,0.0,shap_tree
32,P8,APOBEC3A,0.0,shap_tree
32,P8,SPECC1,0.0,shap_tree
32,P8,CHN1,0.0,shap_tree
32,P8,TMOD2,0.0,shap_tree
32,P8,SERGEF,0.0,shap_tree
32,P8,CD68,0.0,shap_tree
32,P8,CCL4,0.00024550268426537514,shap_tree
32,P8,DTD2,0.0,shap_tree
32,P8,PARP2,0.0,shap_tree
32,P8,SAT1,0.0,shap_tree
32,P8,APOE,0.0,shap_tree
32,P8,APOC1,0.0,shap_tree
32,P8,TRPM4,0.0,shap_tree
32,P8,DKC1,0.0,shap_tree
32,P8,ACSS2,0.0,shap_tree
32,P8,NAPSA,0.0,shap_tree
32,P8,ACAP3,0.0,shap_tree
32,P8,LGALS3,0.0005217678262852132,shap_tree
32,P8,DNAJB1,0.000299626961350441,shap_tree
32,P8,IGJ,0.0,shap_tree
32,P8,CLEC10A,0.0,shap_tree
32,P8,MYH10,0.0,shap_tree
32,P8,MORC4,0.0,shap_tree
32,P8,PDE6B,0.0,shap_tree
32,P8,KRBA1,0.0,shap_tree
32,P8,ACTR3B,0.0,shap_tree
32,P8,HSD17B4,0.0,shap_tree
32,P8,RSAD2,0.0,shap_tree
32,P8,CARS2,0.0,shap_tree
32,P8,SLC37A2,0.0,shap_tree
32,P8,NREP,0.0,shap_tree
32,P8,USP30,0.0,shap_tree
32,P8,CD36,0.0,shap_tree
32,P8,LACE1,0.0,shap_tree
32,P8,GLUL,0.0,shap_tree
32,P8,MFSD9,0.0,shap_tree
32,P8,GPNMB,0.0,shap_tree
32,P8,IL10,0.0,shap_tree
32,P8,IL1RN,1.853398498496972e-05,shap_tree
32,P8,TXN,8.20691857370548e-05,shap_tree
32,P8,CD72,0.0,shap_tree
32,P8,IRF4,0.0,shap_tree
32,P8,TUBB2B,0.0,shap_tree
32,P8,IER3,0.0,shap_tree
32,P8,SLCO2B1,0.0,shap_tree
32,P8,C11orf1,0.0,shap_tree
32,P8,THBS1,0.0,shap_tree
32,P8,SPTBN5,0.0,shap_tree
32,P8,IFI44L,0.0007845530635677278,shap_tree
32,P8,IFI44,0.0,shap_tree
32,P8,CENPO,0.0,shap_tree
32,P8,WDR12,0.0,shap_tree
32,P8,SPPL2A,0.0,shap_tree
32,P8,ARHGAP24,4.028016519441735e-06,shap_tree
32,P8,CASP6,0.0,shap_tree
32,P8,LEF1,0.0,shap_tree
32,P8,C1RL,0.0,shap_tree
32,P8,CLSTN3,0.0,shap_tree
32,P8,GPR84,0.0,shap_tree
32,P8,LMBR1L,0.0,shap_tree
32,P8,WARS,0.012530000880360603,shap_tree
32,P8,TCF12,1.2655473256018013e-05,shap_tree
32,P8,HMG20A,0.0,shap_tree
32,P8,NEIL1,0.0,shap_tree
32,P8,BBS4,0.0,shap_tree
32,P8,IGSF6,6.894549005664885e-05,shap_tree
32,P8,GCSH,0.0,shap_tree
32,P8,IRF8,0.0,shap_tree
32,P8,SCRN2,0.0,shap_tree
32,P8,PELP1,0.0,shap_tree
32,P8,TP53,0.0,shap_tree
32,P8,SMAD4,0.0,shap_tree
32,P8,IFITM3,0.0,shap_tree
32,P8,MMEL1,0.0,shap_tree
32,P8,MAP3K6,0.0,shap_tree
32,P8,GPN2,0.0,shap_tree
32,P8,ADC,0.0,shap_tree
32,P8,XCL1,0.0,shap_tree
32,P8,FCGR2A,9.152576967608184e-05,shap_tree
32,P8,RRNAD1,0.0,shap_tree
32,P8,ABL2,0.0,shap_tree
32,P8,LYPLAL1,0.0,shap_tree
32,P8,TAF1A,0.0,shap_tree
32,P8,S100A8,0.0,shap_tree
32,P8,CEP170,0.0,shap_tree
32,P8,SFXN5,0.0,shap_tree
32,P8,AFF3,0.0,shap_tree
32,P8,FANCD2,0.0,shap_tree
32,P8,AMT,0.0,shap_tree
32,P8,EAF2,0.0,shap_tree
32,P8,PLAC8,0.0,shap_tree
32,P8,PIK3R1,0.0,shap_tree
32,P8,SSBP2,0.0,shap_tree
32,P8,FBXL17,0.0,shap_tree
32,P8,MMS22L,0.0,shap_tree
32,P8,NOM1,0.0,shap_tree
32,P8,SLC39A4,0.0,shap_tree
32,P8,PLIN2,0.0,shap_tree
32,P8,FBXO10,0.0,shap_tree
32,P8,GSN,0.0,shap_tree
32,P8,MRRF,0.0,shap_tree
32,P8,FUOM,0.0,shap_tree
32,P8,ADM,0.0,shap_tree
32,P8,IMMP1L,0.0,shap_tree
32,P8,FCGR1A,0.0,shap_tree
32,P8,RGS18,0.0,shap_tree
32,P8,CACNA2D4,0.0,shap_tree
32,P8,ANK3,0.0,shap_tree
32,P8,ANKAR,0.0,shap_tree
32,P8,RASGRP3,0.0,shap_tree
32,P8,BANK1,0.0,shap_tree
32,P8,DAB2,0.0,shap_tree
32,P8,LY96,0.0,shap_tree
32,P8,PPP4R1,0.0,shap_tree
32,P8,CDK19,0.0,shap_tree
32,P8,SLC25A28,0.0,shap_tree
32,P8,RBM45,0.0,shap_tree
32,P8,VSIG4,0.0,shap_tree
32,P8,MS4A1,0.000582219276111573,shap_tree
32,P8,MALSU1,0.0,shap_tree
32,P8,GALK2,0.0,shap_tree
32,P8,CCNB2,0.0,shap_tree
32,P8,MYO1E,0.0,shap_tree
32,P8,APPL1,0.0,shap_tree
32,P8,HIST1H2BD,0.0,shap_tree
32,P8,FCER1G,0.00030499487183988094,shap_tree
32,P8,C1QC,0.0,shap_tree
32,P8,ZNF362,0.0,shap_tree
32,P8,IL6R,0.0,shap_tree
32,P8,LMNA,0.00021264994575176388,shap_tree
32,P8,CYB561A3,0.0,shap_tree
32,P8,C1orf123,0.0,shap_tree
32,P8,VCAM1,0.0,shap_tree
32,P8,FCGR3B,0.0,shap_tree
32,P8,ATF3,0.0,shap_tree
32,P8,CTSS,0.0,shap_tree
32,P8,S100A9,0.0,shap_tree
32,P8,RNF25,0.0,shap_tree
32,P8,FCRL1,0.0,shap_tree
32,P8,CXCL3,0.0,shap_tree
32,P8,GNL3,0.0,shap_tree
32,P8,SLC9B2,0.0,shap_tree
32,P8,PGRMC2,0.0,shap_tree
32,P8,CCDC51,0.0,shap_tree
32,P8,CTSB,0.0,shap_tree
32,P8,FBP1,6.157795723993331e-05,shap_tree
32,P8,FRS2,0.0,shap_tree
32,P8,STXBP4,0.0,shap_tree
32,P8,ZNF143,0.0,shap_tree
32,P8,WEE1,0.0,shap_tree
32,P8,CLEC4E,0.0,shap_tree
32,P8,ATF7IP2,0.0,shap_tree
32,P8,CATSPER2,0.0,shap_tree
32,P8,ANPEP,0.0,shap_tree
32,P8,C15orf48,1.8442309738020413e-05,shap_tree
32,P8,MS4A7,0.0,shap_tree
32,P8,DIS3L,0.0,shap_tree
32,P8,MEI1,0.0,shap_tree
32,P8,GNGT2,0.0,shap_tree
32,P8,ACSF2,0.0,shap_tree
32,P8,TRIM68,0.0,shap_tree
32,P8,SPATA33,0.0,shap_tree
32,P8,RHEBL1,0.0,shap_tree
32,P8,NFKBID,0.0,shap_tree
32,P8,SRR,0.0,shap_tree
32,P8,ZNF558,0.0,shap_tree
32,P8,GHDC,0.0,shap_tree
32,P8,ECI1,0.0,shap_tree
32,P8,TRAPPC11,0.0,shap_tree
32,P8,SLC20A2,0.0,shap_tree
32,P8,TMEM208,0.0,shap_tree
32,P8,PPIP5K1,0.0,shap_tree
32,P8,PTK2,0.0,shap_tree
32,P8,RNASE6,0.0,shap_tree
32,P8,IL8,0.0,shap_tree
32,P8,GPR183,0.0016920211492106318,shap_tree
32,P8,LRRC45,0.0,shap_tree
32,P8,MT1E,0.0,shap_tree
32,P8,DUS1L,0.0,shap_tree
32,P8,GLB1,2.071857852570247e-05,shap_tree
32,P8,CD14,0.0,shap_tree
32,P8,BFSP2,0.0,shap_tree
32,P8,KBTBD2,0.0,shap_tree
32,P8,LILRA3,0.0,shap_tree
32,P8,ZNF561,0.0,shap_tree
32,P8,HDAC3,0.0,shap_tree
32,P8,METTL18,0.0,shap_tree
32,P8,NINJ2,0.0,shap_tree
32,P8,RRM2,0.0,shap_tree
32,P8,LGALS9C,0.0,shap_tree
32,P8,HINFP,0.0,shap_tree
32,P8,ALG14,0.0,shap_tree
32,P8,FUT10,0.0,shap_tree
32,P8,ZNF621,0.0,shap_tree
32,P8,HSPA6,0.0,shap_tree
32,P8,RAPH1,0.0,shap_tree
32,P8,SLC2A14,0.0,shap_tree
32,P8,MZT2A,0.0,shap_tree
32,P8,C1QB,0.0,shap_tree
32,P8,C1QA,0.0,shap_tree
32,P8,TLR6,0.0,shap_tree
32,P8,UBE2C,0.0,shap_tree
32,P8,ATG13,0.0,shap_tree
32,P8,MCTP1,0.0,shap_tree
32,P8,RMDN1,0.0,shap_tree
32,P8,METRNL,0.0,shap_tree
32,P8,TYMS,0.0,shap_tree
32,P8,SLC38A9,0.0,shap_tree
32,P8,CD19,0.0,shap_tree
32,P8,CD163,0.0,shap_tree
32,P8,THBD,0.0,shap_tree
32,P8,CTC1,0.0,shap_tree
32,P8,AURKB,0.0,shap_tree
32,P8,C12orf42,0.0,shap_tree
32,P8,APOBEC3B,0.0,shap_tree
32,P8,ZNF816,0.0,shap_tree
32,P8,CCDC66,0.0,shap_tree
32,P8,EIF2S3L,0.0,shap_tree
32,P8,ZFP82,0.0,shap_tree
32,P8,FCRL6,0.0,shap_tree
32,P8,ZNF322,0.0,shap_tree
32,P8,TMEM45A,0.0,shap_tree
32,P8,UBA7,5.2148614486213773e-05,shap_tree
32,P8,CEP97,0.0,shap_tree
32,P8,CADM1,0.0,shap_tree
32,P8,NEB,0.0,shap_tree
32,P8,CEP57L1,0.0,shap_tree
32,P8,ABHD16B,0.0,shap_tree
32,P8,SERHL2,0.0,shap_tree
32,P8,COA3,0.0,shap_tree
32,P8,SS18L1,0.0,shap_tree
32,P8,GSTT1,0.0,shap_tree
32,P8,TMED9,0.0,shap_tree
32,P8,TNFAIP2,0.0,shap_tree
32,P8,IRF7,0.0,shap_tree
32,P8,IFIT1,0.0,shap_tree
32,P8,PTCH1,0.0,shap_tree
32,P8,CD300E,0.0,shap_tree
32,P8,ZDHHC17,0.0,shap_tree
32,P8,GPR141,0.0,shap_tree
32,P8,PLCD1,0.0,shap_tree
32,P8,ENTPD5,0.0,shap_tree
32,P8,LILRA5,0.0,shap_tree
32,P8,MT1X,0.0,shap_tree
32,P8,MAGEH1,0.0,shap_tree
32,P8,ISG15,0.0006125361542217433,shap_tree
32,P8,FANCA,2.1641119019477628e-05,shap_tree
32,P8,FANCM,0.0,shap_tree
32,P8,ARHGAP11B,0.0,shap_tree
32,P8,TPRG1,0.0,shap_tree
32,P8,FAM26F,0.0,shap_tree
32,P8,KIR2DL4,0.0,shap_tree
32,P8,ZNF573,0.0,shap_tree
32,P8,TUBB,0.0,shap_tree
32,P8,ANAPC7,0.0,shap_tree
32,P8,C1orf186,0.0,shap_tree
32,P8,TCF4,0.0,shap_tree
32,P8,ZFP62,0.0,shap_tree
32,P8,NF1,0.0,shap_tree
32,P8,HIST1H4J,0.0,shap_tree
32,P8,SERPINA1,0.0,shap_tree
32,P8,CCL4L2,0.0,shap_tree
32,P8,ZNF165,0.0,shap_tree
32,P8,NMB,0.0,shap_tree
32,P8,PSAP,0.0,shap_tree
32,P8,CFD,0.0,shap_tree
32,P8,HIST1H2BF,0.0,shap_tree
32,P8,FAM212B,0.0,shap_tree
32,P8,ZNF677,0.0,shap_tree
32,P8,FCGR1B,0.0,shap_tree
32,P8,HIST1H3A,0.0,shap_tree
32,P8,SPRED2,0.0,shap_tree
32,P8,HLA-DRB5,0.014003027230501175,shap_tree
32,P8,HIST1H4E,0.0,shap_tree
32,P8,FAM169A,0.0,shap_tree
32,P8,TMEM184B,0.0,shap_tree
32,P8,GK,0.0,shap_tree
32,P8,OPA1,0.0,shap_tree
32,P8,TGM2,0.0,shap_tree
32,P8,FCGR3A,1.4282815754995681e-05,shap_tree
32,P8,HIST2H2AA4,2.0545221559586935e-06,shap_tree
32,P8,C10orf128,0.0,shap_tree
32,P8,HLA-DRA,0.0009980875765904784,shap_tree
32,P8,HSPA1B,0.0004330275405663997,shap_tree
32,P8,HSPA1A,0.00010772158566396683,shap_tree
32,P8,AIF1,1.1322899808874354e-05,shap_tree
32,P8,NCR3,0.0,shap_tree
32,P8,LST1,0.00010178629599977285,shap_tree
32,P8,CCL4L1,0.004006825853139162,shap_tree
32,P8,CCL3L1,0.0,shap_tree
32,P8,CRYZL1,0.0,shap_tree
32,P8,RAB12,0.0,shap_tree
32,P8,AL590867.1,0.0,shap_tree
32,P8,GSTM2,0.0,shap_tree
32,P8,TREX1,0.0,shap_tree
32,P8,PPM1N,0.0,shap_tree
32,P8,ITGA1,0.0,shap_tree
32,P8,IFI30,0.0,shap_tree
32,P8,FANCG,0.0,shap_tree
32,P8,ERCC6,0.0,shap_tree
32,P8,PGAM4,0.0,shap_tree
32,P8,LTB,0.0,shap_tree
32,P8,ACAD11,2.3802078430890106e-05,shap_tree
32,P8,PPIL3,0.0,shap_tree
32,P8,YAE1D1,0.0,shap_tree
32,P8,KIR2DL3,0.0,shap_tree
32,P8,ZNF585B,0.0,shap_tree
32,P8,CHCHD10,0.0,shap_tree
32,P8,ZNF345,0.0,shap_tree
32,P8,CSNK2A3,0.0,shap_tree
32,P8,IGLL5,0.0,shap_tree
32,P8,HIST1H3G,0.0,shap_tree
32,P8,CCL3L3,0.0,shap_tree
32,P8,FNTB,0.0,shap_tree
32,P8,PMF1-BGLAP,0.0,shap_tree
32,P8,AARSD1,0.0,shap_tree
32,P8,AL161784.1,0.0,shap_tree
32,P8,AL022328.1,0.0,shap_tree
32,P8,AC018867.2,0.0,shap_tree
32,P8,SPIB,0.0,shap_tree
