fold,held_patient,feature,importance,method,role,ligand,receptor,ligand_receptor_pair
1,P1,CCC_Sender_ICAM1_to_ITGAL,0.0004352032025693752,shap_tree,Sender,ICAM1,ITGAL,ICAM1 → ITGAL
1,P1,CCC_Receiver_ICAM1_to_ITGAL,0.009599373153273793,shap_tree,Receiver,ICAM1,ITGAL,ICAM1 → ITGAL
1,P1,CCC_Sender_CCL2_to_CCR2,0.0,shap_tree,Sender,CCL2,CCR2,CCL2 → CCR2
1,P1,CCC_Receiver_CCL2_to_CCR2,0.0,shap_tree,Receiver,CCL2,CCR2,CCL2 → CCR2
1,P1,CCC_Sender_CCL3_to_CCR1,0.00639876268419097,shap_tree,Sender,CCL3,CCR1,CCL3 → CCR1
1,P1,CCC_Receiver_CCL3_to_CCR1,0.00013078810578019885,shap_tree,Receiver,CCL3,CCR1,CCL3 → CCR1
1,P1,CCC_Sender_CCL3_to_CCR5,0.003305694281178938,shap_tree,Sender,CCL3,CCR5,CCL3 → CCR5
1,P1,CCC_Receiver_CCL3_to_CCR5,0.0011697442533851693,shap_tree,Receiver,CCL3,CCR5,CCL3 → CCR5
1,P1,CCC_Sender_CCL3L1_to_CCR1,4.893064797670327e-05,shap_tree,Sender,CCL3L1,CCR1,CCL3L1 → CCR1
1,P1,CCC_Receiver_CCL3L1_to_CCR1,0.0001123245513934909,shap_tree,Receiver,CCL3L1,CCR1,CCL3L1 → CCR1
1,P1,CCC_Sender_CCL4_to_CCR5,0.006281027292035852,shap_tree,Sender,CCL4,CCR5,CCL4 → CCR5
1,P1,CCC_Receiver_CCL4_to_CCR5,0.0019116534640164096,shap_tree,Receiver,CCL4,CCR5,CCL4 → CCR5
1,P1,CCC_Sender_CCL5_to_CCR1,0.05057279278567457,shap_tree,Sender,CCL5,CCR1,CCL5 → CCR1
1,P1,CCC_Receiver_CCL5_to_CCR1,5.950445142287767e-05,shap_tree,Receiver,CCL5,CCR1,CCL5 → CCR1
1,P1,CCC_Sender_CCL5_to_CCR4,0.010233878794326974,shap_tree,Sender,CCL5,CCR4,CCL5 → CCR4
1,P1,CCC_Receiver_CCL5_to_CCR4,0.0,shap_tree,Receiver,CCL5,CCR4,CCL5 → CCR4
1,P1,CCC_Sender_CCL5_to_CCR5,0.011057704335435866,shap_tree,Sender,CCL5,CCR5,CCL5 → CCR5
1,P1,CCC_Receiver_CCL5_to_CCR5,0.0004996140912985147,shap_tree,Receiver,CCL5,CCR5,CCL5 → CCR5
1,P1,CCC_Sender_CXCL13_to_CXCR5,0.0001194049733123737,shap_tree,Sender,CXCL13,CXCR5,CXCL13 → CXCR5
1,P1,CCC_Receiver_CXCL13_to_CXCR5,7.049921209979003e-05,shap_tree,Receiver,CXCL13,CXCR5,CXCL13 → CXCR5
1,P1,CCC_Sender_CXCL16_to_CXCR6,4.5441846746480455e-05,shap_tree,Sender,CXCL16,CXCR6,CXCL16 → CXCR6
1,P1,CCC_Receiver_CXCL16_to_CXCR6,0.0003212251631900841,shap_tree,Receiver,CXCL16,CXCR6,CXCL16 → CXCR6
1,P1,CCC_Sender_CXCL2_to_DPP4,0.0,shap_tree,Sender,CXCL2,DPP4,CXCL2 → DPP4
1,P1,CCC_Receiver_CXCL2_to_DPP4,0.0,shap_tree,Receiver,CXCL2,DPP4,CXCL2 → DPP4
1,P1,CCC_Sender_CSF1_to_CSF1R,0.00032274707117254753,shap_tree,Sender,CSF1,CSF1R,CSF1 → CSF1R
1,P1,CCC_Receiver_CSF1_to_CSF1R,0.0004739492097153365,shap_tree,Receiver,CSF1,CSF1R,CSF1 → CSF1R
1,P1,CCC_Sender_LGALS9_to_HAVCR2,0.005406412446312992,shap_tree,Sender,LGALS9,HAVCR2,LGALS9 → HAVCR2
1,P1,CCC_Receiver_LGALS9_to_HAVCR2,0.00404563327286602,shap_tree,Receiver,LGALS9,HAVCR2,LGALS9 → HAVCR2
1,P1,CCC_Sender_LGALS9_to_P4HB,0.0036703376575833832,shap_tree,Sender,LGALS9,P4HB,LGALS9 → P4HB
1,P1,CCC_Receiver_LGALS9_to_P4HB,0.006868500929180691,shap_tree,Receiver,LGALS9,P4HB,LGALS9 → P4HB
1,P1,CCC_Sender_HLA-B_to_KIR3DL2,0.014980378109295712,shap_tree,Sender,HLA-B,KIR3DL2,HLA-B → KIR3DL2
1,P1,CCC_Receiver_HLA-B_to_KIR3DL2,0.0,shap_tree,Receiver,HLA-B,KIR3DL2,HLA-B → KIR3DL2
1,P1,CCC_Sender_HLA-C_to_KIR2DL3,0.020961915678008005,shap_tree,Sender,HLA-C,KIR2DL3,HLA-C → KIR2DL3
1,P1,CCC_Receiver_HLA-C_to_KIR2DL3,0.0,shap_tree,Receiver,HLA-C,KIR2DL3,HLA-C → KIR2DL3
1,P1,CCC_Sender_HLA-E_to_KLRC1,0.012033161412762512,shap_tree,Sender,HLA-E,KLRC1,HLA-E → KLRC1
1,P1,CCC_Receiver_HLA-E_to_KLRC1,7.794707485537115e-06,shap_tree,Receiver,HLA-E,KLRC1,HLA-E → KLRC1
1,P1,CCC_Sender_HLA-E_to_KLRC2,0.043166269917060934,shap_tree,Sender,HLA-E,KLRC2,HLA-E → KLRC2
1,P1,CCC_Receiver_HLA-E_to_KLRC2,2.068268156720465e-06,shap_tree,Receiver,HLA-E,KLRC2,HLA-E → KLRC2
1,P1,CCC_Sender_HLA-E_to_KLRK1,0.010475354395105097,shap_tree,Sender,HLA-E,KLRK1,HLA-E → KLRK1
1,P1,CCC_Receiver_HLA-E_to_KLRK1,5.38262652343547e-05,shap_tree,Receiver,HLA-E,KLRK1,HLA-E → KLRK1
1,P1,CCC_Sender_HLA-F_to_KIR3DL2,0.004305758829844633,shap_tree,Sender,HLA-F,KIR3DL2,HLA-F → KIR3DL2
1,P1,CCC_Receiver_HLA-F_to_KIR3DL2,3.5081129006577767e-06,shap_tree,Receiver,HLA-F,KIR3DL2,HLA-F → KIR3DL2
1,P1,CCC_Sender_HLA-F_to_LILRB1,0.0014976608027689835,shap_tree,Sender,HLA-F,LILRB1,HLA-F → LILRB1
1,P1,CCC_Receiver_HLA-F_to_LILRB1,3.9916213125728026e-05,shap_tree,Receiver,HLA-F,LILRB1,HLA-F → LILRB1
1,P1,CCC_Sender_HLA-F_to_LILRB2,0.005660522193011454,shap_tree,Sender,HLA-F,LILRB2,HLA-F → LILRB2
1,P1,CCC_Receiver_HLA-F_to_LILRB2,1.2921974117212538e-05,shap_tree,Receiver,HLA-F,LILRB2,HLA-F → LILRB2
1,P1,CCC_Sender_HLA-G_to_LILRB1,0.0008725606564982182,shap_tree,Sender,HLA-G,LILRB1,HLA-G → LILRB1
1,P1,CCC_Receiver_HLA-G_to_LILRB1,2.5399455792043057e-05,shap_tree,Receiver,HLA-G,LILRB1,HLA-G → LILRB1
1,P1,CCC_Sender_HLA-G_to_LILRB2,0.010295052953824144,shap_tree,Sender,HLA-G,LILRB2,HLA-G → LILRB2
1,P1,CCC_Receiver_HLA-G_to_LILRB2,2.412076811506545e-05,shap_tree,Receiver,HLA-G,LILRB2,HLA-G → LILRB2
1,P1,CCC_Sender_LTB_to_LTBR,0.0006456958872955149,shap_tree,Sender,LTB,LTBR,LTB → LTBR
1,P1,CCC_Receiver_LTB_to_LTBR,5.0947539435974614e-05,shap_tree,Receiver,LTB,LTBR,LTB → LTBR
1,P1,CCC_Sender_PVR_to_CD226,5.259846119618491e-06,shap_tree,Sender,PVR,CD226,PVR → CD226
1,P1,CCC_Receiver_PVR_to_CD226,0.0,shap_tree,Receiver,PVR,CD226,PVR → CD226
1,P1,CCC_Sender_PVR_to_CD96,1.7078521420024005e-06,shap_tree,Sender,PVR,CD96,PVR → CD96
1,P1,CCC_Receiver_PVR_to_CD96,0.009070899108575092,shap_tree,Receiver,PVR,CD96,PVR → CD96
1,P1,CCC_Sender_PVR_to_TIGIT,0.0,shap_tree,Sender,PVR,TIGIT,PVR → TIGIT
1,P1,CCC_Receiver_PVR_to_TIGIT,0.002793372548633121,shap_tree,Receiver,PVR,TIGIT,PVR → TIGIT
1,P1,CCC_Sender_SELPLG_to_SELL,0.0009351673604016209,shap_tree,Sender,SELPLG,SELL,SELPLG → SELL
1,P1,CCC_Receiver_SELPLG_to_SELL,0.0001365694511647553,shap_tree,Receiver,SELPLG,SELL,SELPLG → SELL
1,P1,CCC_Sender_TGFB1_to_TGFBR3,0.0002553499013902767,shap_tree,Sender,TGFB1,TGFBR3,TGFB1 → TGFBR3
1,P1,CCC_Receiver_TGFB1_to_TGFBR3,9.328126160842799e-05,shap_tree,Receiver,TGFB1,TGFBR3,TGFB1 → TGFBR3
1,P1,CCC_Sender_BTLA_to_TNFRSF14,2.3015126413763866e-06,shap_tree,Sender,BTLA,TNFRSF14,BTLA → TNFRSF14
1,P1,CCC_Receiver_BTLA_to_TNFRSF14,0.0006560457114361204,shap_tree,Receiver,BTLA,TNFRSF14,BTLA → TNFRSF14
1,P1,CCC_Sender_FASLG_to_FAS,0.0,shap_tree,Sender,FASLG,FAS,FASLG → FAS
1,P1,CCC_Receiver_FASLG_to_FAS,5.0148694927466274e-05,shap_tree,Receiver,FASLG,FAS,FASLG → FAS
1,P1,CCC_Sender_LTA_to_TNFRSF14,0.0,shap_tree,Sender,LTA,TNFRSF14,LTA → TNFRSF14
1,P1,CCC_Receiver_LTA_to_TNFRSF14,0.0007563051927682979,shap_tree,Receiver,LTA,TNFRSF14,LTA → TNFRSF14
1,P1,CCC_Sender_LTA_to_TNFRSF1A,0.0,shap_tree,Sender,LTA,TNFRSF1A,LTA → TNFRSF1A
1,P1,CCC_Receiver_LTA_to_TNFRSF1A,1.4133136065725066e-05,shap_tree,Receiver,LTA,TNFRSF1A,LTA → TNFRSF1A
1,P1,CCC_Sender_LTA_to_TNFRSF1B,1.2918934653358809e-05,shap_tree,Sender,LTA,TNFRSF1B,LTA → TNFRSF1B
1,P1,CCC_Receiver_LTA_to_TNFRSF1B,0.0020382692934277835,shap_tree,Receiver,LTA,TNFRSF1B,LTA → TNFRSF1B
1,P1,CCC_Sender_TNF_to_TNFRSF1A,0.00038248069872321095,shap_tree,Sender,TNF,TNFRSF1A,TNF → TNFRSF1A
1,P1,CCC_Receiver_TNF_to_TNFRSF1A,0.00030495004628793715,shap_tree,Receiver,TNF,TNFRSF1A,TNF → TNFRSF1A
1,P1,CCC_Sender_TNF_to_TNFRSF1B,1.6141989140675594e-06,shap_tree,Sender,TNF,TNFRSF1B,TNF → TNFRSF1B
1,P1,CCC_Receiver_TNF_to_TNFRSF1B,0.004874911800504321,shap_tree,Receiver,TNF,TNFRSF1B,TNF → TNFRSF1B
1,P1,CCC_Sender_TNFSF10_to_TNFRSF10A,1.4164093011825633e-05,shap_tree,Sender,TNFSF10,TNFRSF10A,TNFSF10 → TNFRSF10A
1,P1,CCC_Receiver_TNFSF10_to_TNFRSF10A,0.0,shap_tree,Receiver,TNFSF10,TNFRSF10A,TNFSF10 → TNFRSF10A
1,P1,CCC_Sender_TNFSF10_to_TNFRSF10B,3.285618073436428e-05,shap_tree,Sender,TNFSF10,TNFRSF10B,TNFSF10 → TNFRSF10B
1,P1,CCC_Receiver_TNFSF10_to_TNFRSF10B,0.0,shap_tree,Receiver,TNFSF10,TNFRSF10B,TNFSF10 → TNFRSF10B
1,P1,CCC_Sender_TNFSF10_to_TNFRSF10D,8.566336778743306e-06,shap_tree,Sender,TNFSF10,TNFRSF10D,TNFSF10 → TNFRSF10D
1,P1,CCC_Receiver_TNFSF10_to_TNFRSF10D,0.0,shap_tree,Receiver,TNFSF10,TNFRSF10D,TNFSF10 → TNFRSF10D
1,P1,CCC_Sender_TNFSF12_to_TNFRSF12A,0.0,shap_tree,Sender,TNFSF12,TNFRSF12A,TNFSF12 → TNFRSF12A
1,P1,CCC_Receiver_TNFSF12_to_TNFRSF12A,0.0,shap_tree,Receiver,TNFSF12,TNFRSF12A,TNFSF12 → TNFRSF12A
1,P1,CCC_Sender_TNFSF12_to_TNFRSF25,8.604206951960727e-07,shap_tree,Sender,TNFSF12,TNFRSF25,TNFSF12 → TNFRSF25
1,P1,CCC_Receiver_TNFSF12_to_TNFRSF25,0.00011163541563829845,shap_tree,Receiver,TNFSF12,TNFRSF25,TNFSF12 → TNFRSF25
1,P1,CCC_Sender_TNFSF14_to_LTBR,0.0,shap_tree,Sender,TNFSF14,LTBR,TNFSF14 → LTBR
1,P1,CCC_Receiver_TNFSF14_to_LTBR,0.0003669988704775833,shap_tree,Receiver,TNFSF14,LTBR,TNFSF14 → LTBR
1,P1,CCC_Sender_TNFSF14_to_TNFRSF14,4.908029572396609e-06,shap_tree,Sender,TNFSF14,TNFRSF14,TNFSF14 → TNFRSF14
1,P1,CCC_Receiver_TNFSF14_to_TNFRSF14,0.0017213533990524887,shap_tree,Receiver,TNFSF14,TNFRSF14,TNFSF14 → TNFRSF14
1,P1,CCC_Sender_TNFSF4_to_TNFRSF4,0.0,shap_tree,Sender,TNFSF4,TNFRSF4,TNFSF4 → TNFRSF4
1,P1,CCC_Receiver_TNFSF4_to_TNFRSF4,0.0,shap_tree,Receiver,TNFSF4,TNFRSF4,TNFSF4 → TNFRSF4
1,P1,CCC_Sender_TNFSF9_to_TNFRSF9,0.00019637638550016974,shap_tree,Sender,TNFSF9,TNFRSF9,TNFSF9 → TNFRSF9
1,P1,CCC_Receiver_TNFSF9_to_TNFRSF9,7.280730366890989e-05,shap_tree,Receiver,TNFSF9,TNFRSF9,TNFSF9 → TNFRSF9
1,P1,CCC_Sender_VEGFA_to_NRP1,0.0,shap_tree,Sender,VEGFA,NRP1,VEGFA → NRP1
1,P1,CCC_Receiver_VEGFA_to_NRP1,8.80495170843719e-05,shap_tree,Receiver,VEGFA,NRP1,VEGFA → NRP1
1,P1,CCC_Sender_VEGFA_to_NRP2,0.0,shap_tree,Sender,VEGFA,NRP2,VEGFA → NRP2
1,P1,CCC_Receiver_VEGFA_to_NRP2,0.0,shap_tree,Receiver,VEGFA,NRP2,VEGFA → NRP2
1,P1,CCC_Sender_VEGFB_to_NRP1,0.0,shap_tree,Sender,VEGFB,NRP1,VEGFB → NRP1
1,P1,CCC_Receiver_VEGFB_to_NRP1,6.0739269109122196e-05,shap_tree,Receiver,VEGFB,NRP1,VEGFB → NRP1
1,P1,CCC_Sender_CD274_to_PDCD1,0.00022890585281552334,shap_tree,Sender,CD274,PDCD1,CD274 → PDCD1
1,P1,CCC_Receiver_CD274_to_PDCD1,0.010755585692302823,shap_tree,Receiver,CD274,PDCD1,CD274 → PDCD1
1,P1,CCC_Sender_CD86_to_CTLA4,0.00022140213762359158,shap_tree,Sender,CD86,CTLA4,CD86 → CTLA4
1,P1,CCC_Receiver_CD86_to_CTLA4,0.0018950271675810945,shap_tree,Receiver,CD86,CTLA4,CD86 → CTLA4
1,P1,CCC_Sender_CD86_to_CD28,0.0,shap_tree,Sender,CD86,CD28,CD86 → CD28
1,P1,CCC_Receiver_CD86_to_CD28,4.618122613945272e-05,shap_tree,Receiver,CD86,CD28,CD86 → CD28
1,P1,CCC_Sender_ICOSLG_to_ICOS,0.0,shap_tree,Sender,ICOSLG,ICOS,ICOSLG → ICOS
1,P1,CCC_Receiver_ICOSLG_to_ICOS,4.461350056040333e-05,shap_tree,Receiver,ICOSLG,ICOS,ICOSLG → ICOS
1,P1,CCC_Sender_CD40LG_to_CD40,5.167820911062243e-07,shap_tree,Sender,CD40LG,CD40,CD40LG → CD40
1,P1,CCC_Receiver_CD40LG_to_CD40,0.0,shap_tree,Receiver,CD40LG,CD40,CD40LG → CD40
2,P10,CCC_Sender_ICAM1_to_ITGAL,0.00031258370432600796,shap_tree,Sender,ICAM1,ITGAL,ICAM1 → ITGAL
2,P10,CCC_Receiver_ICAM1_to_ITGAL,0.004082433263625393,shap_tree,Receiver,ICAM1,ITGAL,ICAM1 → ITGAL
2,P10,CCC_Sender_CCL2_to_CCR2,2.69283701306596e-05,shap_tree,Sender,CCL2,CCR2,CCL2 → CCR2
2,P10,CCC_Receiver_CCL2_to_CCR2,0.00013265896784914473,shap_tree,Receiver,CCL2,CCR2,CCL2 → CCR2
2,P10,CCC_Sender_CCL3_to_CCR1,0.012034754415084298,shap_tree,Sender,CCL3,CCR1,CCL3 → CCR1
2,P10,CCC_Receiver_CCL3_to_CCR1,9.706513190529577e-05,shap_tree,Receiver,CCL3,CCR1,CCL3 → CCR1
2,P10,CCC_Sender_CCL3_to_CCR5,0.004517349979899749,shap_tree,Sender,CCL3,CCR5,CCL3 → CCR5
2,P10,CCC_Receiver_CCL3_to_CCR5,0.006640011450767662,shap_tree,Receiver,CCL3,CCR5,CCL3 → CCR5
2,P10,CCC_Sender_CCL3L1_to_CCR1,0.0005277833717828352,shap_tree,Sender,CCL3L1,CCR1,CCL3L1 → CCR1
2,P10,CCC_Receiver_CCL3L1_to_CCR1,0.0008854949996203551,shap_tree,Receiver,CCL3L1,CCR1,CCL3L1 → CCR1
2,P10,CCC_Sender_CCL4_to_CCR5,0.01373847070581791,shap_tree,Sender,CCL4,CCR5,CCL4 → CCR5
2,P10,CCC_Receiver_CCL4_to_CCR5,0.004596868920992366,shap_tree,Receiver,CCL4,CCR5,CCL4 → CCR5
2,P10,CCC_Sender_CCL5_to_CCR1,0.08276752495766668,shap_tree,Sender,CCL5,CCR1,CCL5 → CCR1
2,P10,CCC_Receiver_CCL5_to_CCR1,0.00013663365864118932,shap_tree,Receiver,CCL5,CCR1,CCL5 → CCR1
2,P10,CCC_Sender_CCL5_to_CCR4,0.010403031283738609,shap_tree,Sender,CCL5,CCR4,CCL5 → CCR4
2,P10,CCC_Receiver_CCL5_to_CCR4,7.417865095104408e-05,shap_tree,Receiver,CCL5,CCR4,CCL5 → CCR4
2,P10,CCC_Sender_CCL5_to_CCR5,0.03549313507394718,shap_tree,Sender,CCL5,CCR5,CCL5 → CCR5
2,P10,CCC_Receiver_CCL5_to_CCR5,0.0014728236049081375,shap_tree,Receiver,CCL5,CCR5,CCL5 → CCR5
2,P10,CCC_Sender_CXCL13_to_CXCR5,0.0006816298658025178,shap_tree,Sender,CXCL13,CXCR5,CXCL13 → CXCR5
2,P10,CCC_Receiver_CXCL13_to_CXCR5,0.0002538516017498119,shap_tree,Receiver,CXCL13,CXCR5,CXCL13 → CXCR5
2,P10,CCC_Sender_CXCL16_to_CXCR6,0.00035261134188694076,shap_tree,Sender,CXCL16,CXCR6,CXCL16 → CXCR6
2,P10,CCC_Receiver_CXCL16_to_CXCR6,0.0007094947949044314,shap_tree,Receiver,CXCL16,CXCR6,CXCL16 → CXCR6
2,P10,CCC_Sender_CXCL2_to_DPP4,5.6838868807261763e-05,shap_tree,Sender,CXCL2,DPP4,CXCL2 → DPP4
2,P10,CCC_Receiver_CXCL2_to_DPP4,0.00012501644469898462,shap_tree,Receiver,CXCL2,DPP4,CXCL2 → DPP4
2,P10,CCC_Sender_CSF1_to_CSF1R,0.00023088505123090644,shap_tree,Sender,CSF1,CSF1R,CSF1 → CSF1R
2,P10,CCC_Receiver_CSF1_to_CSF1R,0.0009551068561996042,shap_tree,Receiver,CSF1,CSF1R,CSF1 → CSF1R
2,P10,CCC_Sender_LGALS9_to_HAVCR2,0.013242079589086972,shap_tree,Sender,LGALS9,HAVCR2,LGALS9 → HAVCR2
2,P10,CCC_Receiver_LGALS9_to_HAVCR2,0.0067583903622526025,shap_tree,Receiver,LGALS9,HAVCR2,LGALS9 → HAVCR2
2,P10,CCC_Sender_LGALS9_to_P4HB,0.005359776235980381,shap_tree,Sender,LGALS9,P4HB,LGALS9 → P4HB
2,P10,CCC_Receiver_LGALS9_to_P4HB,0.032462976972908425,shap_tree,Receiver,LGALS9,P4HB,LGALS9 → P4HB
2,P10,CCC_Sender_HLA-B_to_KIR3DL2,0.09063051584265844,shap_tree,Sender,HLA-B,KIR3DL2,HLA-B → KIR3DL2
2,P10,CCC_Receiver_HLA-B_to_KIR3DL2,7.549459465088626e-05,shap_tree,Receiver,HLA-B,KIR3DL2,HLA-B → KIR3DL2
2,P10,CCC_Sender_HLA-C_to_KIR2DL3,0.01582269253595215,shap_tree,Sender,HLA-C,KIR2DL3,HLA-C → KIR2DL3
2,P10,CCC_Receiver_HLA-C_to_KIR2DL3,1.6827930834116837e-05,shap_tree,Receiver,HLA-C,KIR2DL3,HLA-C → KIR2DL3
2,P10,CCC_Sender_HLA-E_to_KLRC1,0.02865674174507581,shap_tree,Sender,HLA-E,KLRC1,HLA-E → KLRC1
2,P10,CCC_Receiver_HLA-E_to_KLRC1,0.00014618472677754748,shap_tree,Receiver,HLA-E,KLRC1,HLA-E → KLRC1
2,P10,CCC_Sender_HLA-E_to_KLRC2,0.04881434299966919,shap_tree,Sender,HLA-E,KLRC2,HLA-E → KLRC2
2,P10,CCC_Receiver_HLA-E_to_KLRC2,0.00014271908674544625,shap_tree,Receiver,HLA-E,KLRC2,HLA-E → KLRC2
2,P10,CCC_Sender_HLA-E_to_KLRK1,0.026474737321005137,shap_tree,Sender,HLA-E,KLRK1,HLA-E → KLRK1
2,P10,CCC_Receiver_HLA-E_to_KLRK1,0.0013083998640822142,shap_tree,Receiver,HLA-E,KLRK1,HLA-E → KLRK1
2,P10,CCC_Sender_HLA-F_to_KIR3DL2,0.029458753695272056,shap_tree,Sender,HLA-F,KIR3DL2,HLA-F → KIR3DL2
2,P10,CCC_Receiver_HLA-F_to_KIR3DL2,0.00013227659815011502,shap_tree,Receiver,HLA-F,KIR3DL2,HLA-F → KIR3DL2
2,P10,CCC_Sender_HLA-F_to_LILRB1,0.0032195900676171576,shap_tree,Sender,HLA-F,LILRB1,HLA-F → LILRB1
2,P10,CCC_Receiver_HLA-F_to_LILRB1,0.00018218664773574547,shap_tree,Receiver,HLA-F,LILRB1,HLA-F → LILRB1
2,P10,CCC_Sender_HLA-F_to_LILRB2,0.014900753853720673,shap_tree,Sender,HLA-F,LILRB2,HLA-F → LILRB2
2,P10,CCC_Receiver_HLA-F_to_LILRB2,0.000304738628603477,shap_tree,Receiver,HLA-F,LILRB2,HLA-F → LILRB2
2,P10,CCC_Sender_HLA-G_to_LILRB1,0.00595668732478417,shap_tree,Sender,HLA-G,LILRB1,HLA-G → LILRB1
2,P10,CCC_Receiver_HLA-G_to_LILRB1,0.0002555663020583098,shap_tree,Receiver,HLA-G,LILRB1,HLA-G → LILRB1
2,P10,CCC_Sender_HLA-G_to_LILRB2,0.008324951201195523,shap_tree,Sender,HLA-G,LILRB2,HLA-G → LILRB2
2,P10,CCC_Receiver_HLA-G_to_LILRB2,9.566926547008322e-05,shap_tree,Receiver,HLA-G,LILRB2,HLA-G → LILRB2
2,P10,CCC_Sender_LTB_to_LTBR,0.004015830401537489,shap_tree,Sender,LTB,LTBR,LTB → LTBR
2,P10,CCC_Receiver_LTB_to_LTBR,0.0001872159983185845,shap_tree,Receiver,LTB,LTBR,LTB → LTBR
2,P10,CCC_Sender_PVR_to_CD226,1.3090524358782213e-05,shap_tree,Sender,PVR,CD226,PVR → CD226
2,P10,CCC_Receiver_PVR_to_CD226,0.00010005926731642042,shap_tree,Receiver,PVR,CD226,PVR → CD226
2,P10,CCC_Sender_PVR_to_CD96,1.0679853958834944e-05,shap_tree,Sender,PVR,CD96,PVR → CD96
2,P10,CCC_Receiver_PVR_to_CD96,0.002923927875957788,shap_tree,Receiver,PVR,CD96,PVR → CD96
2,P10,CCC_Sender_PVR_to_TIGIT,1.1830471829094579e-05,shap_tree,Sender,PVR,TIGIT,PVR → TIGIT
2,P10,CCC_Receiver_PVR_to_TIGIT,0.0022260267334625414,shap_tree,Receiver,PVR,TIGIT,PVR → TIGIT
2,P10,CCC_Sender_SELPLG_to_SELL,0.0023261114681251286,shap_tree,Sender,SELPLG,SELL,SELPLG → SELL
2,P10,CCC_Receiver_SELPLG_to_SELL,0.0022110233670362494,shap_tree,Receiver,SELPLG,SELL,SELPLG → SELL
2,P10,CCC_Sender_TGFB1_to_TGFBR3,0.00015997112012876503,shap_tree,Sender,TGFB1,TGFBR3,TGFB1 → TGFBR3
2,P10,CCC_Receiver_TGFB1_to_TGFBR3,0.00019543925730647677,shap_tree,Receiver,TGFB1,TGFBR3,TGFB1 → TGFBR3
2,P10,CCC_Sender_BTLA_to_TNFRSF14,0.00020368049490436635,shap_tree,Sender,BTLA,TNFRSF14,BTLA → TNFRSF14
2,P10,CCC_Receiver_BTLA_to_TNFRSF14,0.0017512698544855016,shap_tree,Receiver,BTLA,TNFRSF14,BTLA → TNFRSF14
2,P10,CCC_Sender_FASLG_to_FAS,0.00027218838835867966,shap_tree,Sender,FASLG,FAS,FASLG → FAS
2,P10,CCC_Receiver_FASLG_to_FAS,0.0013379891561320582,shap_tree,Receiver,FASLG,FAS,FASLG → FAS
2,P10,CCC_Sender_LTA_to_TNFRSF14,0.00012714662105449287,shap_tree,Sender,LTA,TNFRSF14,LTA → TNFRSF14
2,P10,CCC_Receiver_LTA_to_TNFRSF14,0.003190751233981971,shap_tree,Receiver,LTA,TNFRSF14,LTA → TNFRSF14
2,P10,CCC_Sender_LTA_to_TNFRSF1A,0.00017640444502077906,shap_tree,Sender,LTA,TNFRSF1A,LTA → TNFRSF1A
2,P10,CCC_Receiver_LTA_to_TNFRSF1A,0.0003957064590752693,shap_tree,Receiver,LTA,TNFRSF1A,LTA → TNFRSF1A
2,P10,CCC_Sender_LTA_to_TNFRSF1B,0.00017059464769025154,shap_tree,Sender,LTA,TNFRSF1B,LTA → TNFRSF1B
2,P10,CCC_Receiver_LTA_to_TNFRSF1B,0.004133399731749879,shap_tree,Receiver,LTA,TNFRSF1B,LTA → TNFRSF1B
2,P10,CCC_Sender_TNF_to_TNFRSF1A,0.002100497088289151,shap_tree,Sender,TNF,TNFRSF1A,TNF → TNFRSF1A
2,P10,CCC_Receiver_TNF_to_TNFRSF1A,0.0004093170954890913,shap_tree,Receiver,TNF,TNFRSF1A,TNF → TNFRSF1A
2,P10,CCC_Sender_TNF_to_TNFRSF1B,0.00043263402268069737,shap_tree,Sender,TNF,TNFRSF1B,TNF → TNFRSF1B
2,P10,CCC_Receiver_TNF_to_TNFRSF1B,0.0029827218336968544,shap_tree,Receiver,TNF,TNFRSF1B,TNF → TNFRSF1B
2,P10,CCC_Sender_TNFSF10_to_TNFRSF10A,0.0002640833152074804,shap_tree,Sender,TNFSF10,TNFRSF10A,TNFSF10 → TNFRSF10A
2,P10,CCC_Receiver_TNFSF10_to_TNFRSF10A,0.00011731649019615095,shap_tree,Receiver,TNFSF10,TNFRSF10A,TNFSF10 → TNFRSF10A
2,P10,CCC_Sender_TNFSF10_to_TNFRSF10B,0.0006271075049089921,shap_tree,Sender,TNFSF10,TNFRSF10B,TNFSF10 → TNFRSF10B
2,P10,CCC_Receiver_TNFSF10_to_TNFRSF10B,0.0003469014642125491,shap_tree,Receiver,TNFSF10,TNFRSF10B,TNFSF10 → TNFRSF10B
2,P10,CCC_Sender_TNFSF10_to_TNFRSF10D,0.00047715262017441215,shap_tree,Sender,TNFSF10,TNFRSF10D,TNFSF10 → TNFRSF10D
2,P10,CCC_Receiver_TNFSF10_to_TNFRSF10D,7.951462359486686e-05,shap_tree,Receiver,TNFSF10,TNFRSF10D,TNFSF10 → TNFRSF10D
2,P10,CCC_Sender_TNFSF12_to_TNFRSF12A,6.0529926142301666e-05,shap_tree,Sender,TNFSF12,TNFRSF12A,TNFSF12 → TNFRSF12A
2,P10,CCC_Receiver_TNFSF12_to_TNFRSF12A,2.753564470774206e-05,shap_tree,Receiver,TNFSF12,TNFRSF12A,TNFSF12 → TNFRSF12A
2,P10,CCC_Sender_TNFSF12_to_TNFRSF25,0.00019838700175034223,shap_tree,Sender,TNFSF12,TNFRSF25,TNFSF12 → TNFRSF25
2,P10,CCC_Receiver_TNFSF12_to_TNFRSF25,0.0008877575914724145,shap_tree,Receiver,TNFSF12,TNFRSF25,TNFSF12 → TNFRSF25
2,P10,CCC_Sender_TNFSF14_to_LTBR,0.0005801905394634196,shap_tree,Sender,TNFSF14,LTBR,TNFSF14 → LTBR
2,P10,CCC_Receiver_TNFSF14_to_LTBR,0.0004657001382463441,shap_tree,Receiver,TNFSF14,LTBR,TNFSF14 → LTBR
2,P10,CCC_Sender_TNFSF14_to_TNFRSF14,0.00012719435306989284,shap_tree,Sender,TNFSF14,TNFRSF14,TNFSF14 → TNFRSF14
2,P10,CCC_Receiver_TNFSF14_to_TNFRSF14,0.005172099070254558,shap_tree,Receiver,TNFSF14,TNFRSF14,TNFSF14 → TNFRSF14
2,P10,CCC_Sender_TNFSF4_to_TNFRSF4,1.758044281832154e-05,shap_tree,Sender,TNFSF4,TNFRSF4,TNFSF4 → TNFRSF4
2,P10,CCC_Receiver_TNFSF4_to_TNFRSF4,0.00038010102072153764,shap_tree,Receiver,TNFSF4,TNFRSF4,TNFSF4 → TNFRSF4
2,P10,CCC_Sender_TNFSF9_to_TNFRSF9,0.00025211621964204374,shap_tree,Sender,TNFSF9,TNFRSF9,TNFSF9 → TNFRSF9
2,P10,CCC_Receiver_TNFSF9_to_TNFRSF9,0.00029720223307035055,shap_tree,Receiver,TNFSF9,TNFRSF9,TNFSF9 → TNFRSF9
2,P10,CCC_Sender_VEGFA_to_NRP1,0.00014818413028326903,shap_tree,Sender,VEGFA,NRP1,VEGFA → NRP1
2,P10,CCC_Receiver_VEGFA_to_NRP1,0.000451947316156565,shap_tree,Receiver,VEGFA,NRP1,VEGFA → NRP1
2,P10,CCC_Sender_VEGFA_to_NRP2,0.00010623351004505098,shap_tree,Sender,VEGFA,NRP2,VEGFA → NRP2
2,P10,CCC_Receiver_VEGFA_to_NRP2,2.0063698159766115e-05,shap_tree,Receiver,VEGFA,NRP2,VEGFA → NRP2
2,P10,CCC_Sender_VEGFB_to_NRP1,0.00029307590500344985,shap_tree,Sender,VEGFB,NRP1,VEGFB → NRP1
2,P10,CCC_Receiver_VEGFB_to_NRP1,0.0002149853915599715,shap_tree,Receiver,VEGFB,NRP1,VEGFB → NRP1
2,P10,CCC_Sender_CD274_to_PDCD1,4.300361676906283e-05,shap_tree,Sender,CD274,PDCD1,CD274 → PDCD1
2,P10,CCC_Receiver_CD274_to_PDCD1,0.00227803817505304,shap_tree,Receiver,CD274,PDCD1,CD274 → PDCD1
2,P10,CCC_Sender_CD86_to_CTLA4,0.00037687678504029693,shap_tree,Sender,CD86,CTLA4,CD86 → CTLA4
2,P10,CCC_Receiver_CD86_to_CTLA4,0.0028952618624701215,shap_tree,Receiver,CD86,CTLA4,CD86 → CTLA4
2,P10,CCC_Sender_CD86_to_CD28,6.422586224471497e-05,shap_tree,Sender,CD86,CD28,CD86 → CD28
2,P10,CCC_Receiver_CD86_to_CD28,0.0020557506510805908,shap_tree,Receiver,CD86,CD28,CD86 → CD28
2,P10,CCC_Sender_ICOSLG_to_ICOS,8.675075400812061e-05,shap_tree,Sender,ICOSLG,ICOS,ICOSLG → ICOS
2,P10,CCC_Receiver_ICOSLG_to_ICOS,0.0009485938898238814,shap_tree,Receiver,ICOSLG,ICOS,ICOSLG → ICOS
2,P10,CCC_Sender_CD40LG_to_CD40,9.70234381881809e-05,shap_tree,Sender,CD40LG,CD40,CD40LG → CD40
2,P10,CCC_Receiver_CD40LG_to_CD40,0.00022931710878635282,shap_tree,Receiver,CD40LG,CD40,CD40LG → CD40
3,P11,CCC_Sender_ICAM1_to_ITGAL,0.00013070462681557854,shap_tree,Sender,ICAM1,ITGAL,ICAM1 → ITGAL
3,P11,CCC_Receiver_ICAM1_to_ITGAL,0.007197999962437251,shap_tree,Receiver,ICAM1,ITGAL,ICAM1 → ITGAL
3,P11,CCC_Sender_CCL2_to_CCR2,0.0,shap_tree,Sender,CCL2,CCR2,CCL2 → CCR2
3,P11,CCC_Receiver_CCL2_to_CCR2,0.0006881514448732513,shap_tree,Receiver,CCL2,CCR2,CCL2 → CCR2
3,P11,CCC_Sender_CCL3_to_CCR1,0.01436488434057498,shap_tree,Sender,CCL3,CCR1,CCL3 → CCR1
3,P11,CCC_Receiver_CCL3_to_CCR1,5.129521851431171e-05,shap_tree,Receiver,CCL3,CCR1,CCL3 → CCR1
3,P11,CCC_Sender_CCL3_to_CCR5,0.00665471771587265,shap_tree,Sender,CCL3,CCR5,CCL3 → CCR5
3,P11,CCC_Receiver_CCL3_to_CCR5,0.0065739236481693174,shap_tree,Receiver,CCL3,CCR5,CCL3 → CCR5
3,P11,CCC_Sender_CCL3L1_to_CCR1,0.0003764256344853013,shap_tree,Sender,CCL3L1,CCR1,CCL3L1 → CCR1
3,P11,CCC_Receiver_CCL3L1_to_CCR1,0.0016097792737512291,shap_tree,Receiver,CCL3L1,CCR1,CCL3L1 → CCR1
3,P11,CCC_Sender_CCL4_to_CCR5,0.008248573326933495,shap_tree,Sender,CCL4,CCR5,CCL4 → CCR5
3,P11,CCC_Receiver_CCL4_to_CCR5,0.004597756125938511,shap_tree,Receiver,CCL4,CCR5,CCL4 → CCR5
3,P11,CCC_Sender_CCL5_to_CCR1,0.13203519716859802,shap_tree,Sender,CCL5,CCR1,CCL5 → CCR1
3,P11,CCC_Receiver_CCL5_to_CCR1,0.00012039465435689659,shap_tree,Receiver,CCL5,CCR1,CCL5 → CCR1
3,P11,CCC_Sender_CCL5_to_CCR4,0.01948035997070564,shap_tree,Sender,CCL5,CCR4,CCL5 → CCR4
3,P11,CCC_Receiver_CCL5_to_CCR4,3.84554234223066e-05,shap_tree,Receiver,CCL5,CCR4,CCL5 → CCR4
3,P11,CCC_Sender_CCL5_to_CCR5,0.026456588370246753,shap_tree,Sender,CCL5,CCR5,CCL5 → CCR5
3,P11,CCC_Receiver_CCL5_to_CCR5,0.0017860122558607772,shap_tree,Receiver,CCL5,CCR5,CCL5 → CCR5
3,P11,CCC_Sender_CXCL13_to_CXCR5,0.0001548362190802263,shap_tree,Sender,CXCL13,CXCR5,CXCL13 → CXCR5
3,P11,CCC_Receiver_CXCL13_to_CXCR5,2.911830064252102e-05,shap_tree,Receiver,CXCL13,CXCR5,CXCL13 → CXCR5
3,P11,CCC_Sender_CXCL16_to_CXCR6,0.00041155228233099076,shap_tree,Sender,CXCL16,CXCR6,CXCL16 → CXCR6
3,P11,CCC_Receiver_CXCL16_to_CXCR6,0.0004965545326686572,shap_tree,Receiver,CXCL16,CXCR6,CXCL16 → CXCR6
3,P11,CCC_Sender_CXCL2_to_DPP4,0.00011397351497172134,shap_tree,Sender,CXCL2,DPP4,CXCL2 → DPP4
3,P11,CCC_Receiver_CXCL2_to_DPP4,1.6717187505982793e-05,shap_tree,Receiver,CXCL2,DPP4,CXCL2 → DPP4
3,P11,CCC_Sender_CSF1_to_CSF1R,0.0004160681992240333,shap_tree,Sender,CSF1,CSF1R,CSF1 → CSF1R
3,P11,CCC_Receiver_CSF1_to_CSF1R,0.001206692264314884,shap_tree,Receiver,CSF1,CSF1R,CSF1 → CSF1R
3,P11,CCC_Sender_LGALS9_to_HAVCR2,0.007248250885198502,shap_tree,Sender,LGALS9,HAVCR2,LGALS9 → HAVCR2
3,P11,CCC_Receiver_LGALS9_to_HAVCR2,0.004534105341719178,shap_tree,Receiver,LGALS9,HAVCR2,LGALS9 → HAVCR2
3,P11,CCC_Sender_LGALS9_to_P4HB,0.0029538908955416216,shap_tree,Sender,LGALS9,P4HB,LGALS9 → P4HB
3,P11,CCC_Receiver_LGALS9_to_P4HB,0.010723204281661373,shap_tree,Receiver,LGALS9,P4HB,LGALS9 → P4HB
3,P11,CCC_Sender_HLA-B_to_KIR3DL2,0.013681998176936801,shap_tree,Sender,HLA-B,KIR3DL2,HLA-B → KIR3DL2
3,P11,CCC_Receiver_HLA-B_to_KIR3DL2,9.112519505221077e-06,shap_tree,Receiver,HLA-B,KIR3DL2,HLA-B → KIR3DL2
3,P11,CCC_Sender_HLA-C_to_KIR2DL3,0.019288381019336016,shap_tree,Sender,HLA-C,KIR2DL3,HLA-C → KIR2DL3
3,P11,CCC_Receiver_HLA-C_to_KIR2DL3,5.269498810439397e-06,shap_tree,Receiver,HLA-C,KIR2DL3,HLA-C → KIR2DL3
3,P11,CCC_Sender_HLA-E_to_KLRC1,0.00994295816304948,shap_tree,Sender,HLA-E,KLRC1,HLA-E → KLRC1
3,P11,CCC_Receiver_HLA-E_to_KLRC1,1.8085933908453156e-05,shap_tree,Receiver,HLA-E,KLRC1,HLA-E → KLRC1
3,P11,CCC_Sender_HLA-E_to_KLRC2,0.028297648380903078,shap_tree,Sender,HLA-E,KLRC2,HLA-E → KLRC2
3,P11,CCC_Receiver_HLA-E_to_KLRC2,5.98476838141146e-05,shap_tree,Receiver,HLA-E,KLRC2,HLA-E → KLRC2
3,P11,CCC_Sender_HLA-E_to_KLRK1,0.00564341298211092,shap_tree,Sender,HLA-E,KLRK1,HLA-E → KLRK1
3,P11,CCC_Receiver_HLA-E_to_KLRK1,0.0003002191303218745,shap_tree,Receiver,HLA-E,KLRK1,HLA-E → KLRK1
3,P11,CCC_Sender_HLA-F_to_KIR3DL2,0.006127696170564622,shap_tree,Sender,HLA-F,KIR3DL2,HLA-F → KIR3DL2
3,P11,CCC_Receiver_HLA-F_to_KIR3DL2,4.658264719133226e-05,shap_tree,Receiver,HLA-F,KIR3DL2,HLA-F → KIR3DL2
3,P11,CCC_Sender_HLA-F_to_LILRB1,0.0019863664790830274,shap_tree,Sender,HLA-F,LILRB1,HLA-F → LILRB1
3,P11,CCC_Receiver_HLA-F_to_LILRB1,0.00029168897486118604,shap_tree,Receiver,HLA-F,LILRB1,HLA-F → LILRB1
3,P11,CCC_Sender_HLA-F_to_LILRB2,0.04553089674831148,shap_tree,Sender,HLA-F,LILRB2,HLA-F → LILRB2
3,P11,CCC_Receiver_HLA-F_to_LILRB2,0.00023910040935348471,shap_tree,Receiver,HLA-F,LILRB2,HLA-F → LILRB2
3,P11,CCC_Sender_HLA-G_to_LILRB1,0.00485856615615112,shap_tree,Sender,HLA-G,LILRB1,HLA-G → LILRB1
3,P11,CCC_Receiver_HLA-G_to_LILRB1,5.69057726931626e-05,shap_tree,Receiver,HLA-G,LILRB1,HLA-G → LILRB1
3,P11,CCC_Sender_HLA-G_to_LILRB2,0.03105592442634896,shap_tree,Sender,HLA-G,LILRB2,HLA-G → LILRB2
3,P11,CCC_Receiver_HLA-G_to_LILRB2,0.00039997681667131404,shap_tree,Receiver,HLA-G,LILRB2,HLA-G → LILRB2
3,P11,CCC_Sender_LTB_to_LTBR,0.0006402216402386776,shap_tree,Sender,LTB,LTBR,LTB → LTBR
3,P11,CCC_Receiver_LTB_to_LTBR,5.614670704803651e-05,shap_tree,Receiver,LTB,LTBR,LTB → LTBR
3,P11,CCC_Sender_PVR_to_CD226,5.810213100613504e-06,shap_tree,Sender,PVR,CD226,PVR → CD226
3,P11,CCC_Receiver_PVR_to_CD226,2.5313333676096387e-05,shap_tree,Receiver,PVR,CD226,PVR → CD226
3,P11,CCC_Sender_PVR_to_CD96,5.810668715927974e-06,shap_tree,Sender,PVR,CD96,PVR → CD96
3,P11,CCC_Receiver_PVR_to_CD96,0.0037350211061427884,shap_tree,Receiver,PVR,CD96,PVR → CD96
3,P11,CCC_Sender_PVR_to_TIGIT,1.0621898407649427e-06,shap_tree,Sender,PVR,TIGIT,PVR → TIGIT
3,P11,CCC_Receiver_PVR_to_TIGIT,0.0035034387805743684,shap_tree,Receiver,PVR,TIGIT,PVR → TIGIT
3,P11,CCC_Sender_SELPLG_to_SELL,0.0009943079257833292,shap_tree,Sender,SELPLG,SELL,SELPLG → SELL
3,P11,CCC_Receiver_SELPLG_to_SELL,0.0004796842716996023,shap_tree,Receiver,SELPLG,SELL,SELPLG → SELL
3,P11,CCC_Sender_TGFB1_to_TGFBR3,4.605386938912157e-05,shap_tree,Sender,TGFB1,TGFBR3,TGFB1 → TGFBR3
3,P11,CCC_Receiver_TGFB1_to_TGFBR3,0.00026235710198641227,shap_tree,Receiver,TGFB1,TGFBR3,TGFB1 → TGFBR3
3,P11,CCC_Sender_BTLA_to_TNFRSF14,3.7828904609734157e-06,shap_tree,Sender,BTLA,TNFRSF14,BTLA → TNFRSF14
3,P11,CCC_Receiver_BTLA_to_TNFRSF14,0.0034115644510929323,shap_tree,Receiver,BTLA,TNFRSF14,BTLA → TNFRSF14
3,P11,CCC_Sender_FASLG_to_FAS,6.24352143183561e-06,shap_tree,Sender,FASLG,FAS,FASLG → FAS
3,P11,CCC_Receiver_FASLG_to_FAS,0.00019997481729737876,shap_tree,Receiver,FASLG,FAS,FASLG → FAS
3,P11,CCC_Sender_LTA_to_TNFRSF14,7.575640599872839e-06,shap_tree,Sender,LTA,TNFRSF14,LTA → TNFRSF14
3,P11,CCC_Receiver_LTA_to_TNFRSF14,0.0008484004148328064,shap_tree,Receiver,LTA,TNFRSF14,LTA → TNFRSF14
3,P11,CCC_Sender_LTA_to_TNFRSF1A,2.8355165685139503e-05,shap_tree,Sender,LTA,TNFRSF1A,LTA → TNFRSF1A
3,P11,CCC_Receiver_LTA_to_TNFRSF1A,0.00017102475173976005,shap_tree,Receiver,LTA,TNFRSF1A,LTA → TNFRSF1A
3,P11,CCC_Sender_LTA_to_TNFRSF1B,2.4628123482308964e-06,shap_tree,Sender,LTA,TNFRSF1B,LTA → TNFRSF1B
3,P11,CCC_Receiver_LTA_to_TNFRSF1B,0.003000411803778092,shap_tree,Receiver,LTA,TNFRSF1B,LTA → TNFRSF1B
3,P11,CCC_Sender_TNF_to_TNFRSF1A,0.0007522729636360987,shap_tree,Sender,TNF,TNFRSF1A,TNF → TNFRSF1A
3,P11,CCC_Receiver_TNF_to_TNFRSF1A,0.0014223340666344383,shap_tree,Receiver,TNF,TNFRSF1A,TNF → TNFRSF1A
3,P11,CCC_Sender_TNF_to_TNFRSF1B,0.00017503852650144875,shap_tree,Sender,TNF,TNFRSF1B,TNF → TNFRSF1B
3,P11,CCC_Receiver_TNF_to_TNFRSF1B,0.0027845358850503363,shap_tree,Receiver,TNF,TNFRSF1B,TNF → TNFRSF1B
3,P11,CCC_Sender_TNFSF10_to_TNFRSF10A,0.00011660317108933352,shap_tree,Sender,TNFSF10,TNFRSF10A,TNFSF10 → TNFRSF10A
3,P11,CCC_Receiver_TNFSF10_to_TNFRSF10A,4.554979615072186e-05,shap_tree,Receiver,TNFSF10,TNFRSF10A,TNFSF10 → TNFRSF10A
3,P11,CCC_Sender_TNFSF10_to_TNFRSF10B,0.0001229568965020789,shap_tree,Sender,TNFSF10,TNFRSF10B,TNFSF10 → TNFRSF10B
3,P11,CCC_Receiver_TNFSF10_to_TNFRSF10B,0.00022685689289586299,shap_tree,Receiver,TNFSF10,TNFRSF10B,TNFSF10 → TNFRSF10B
3,P11,CCC_Sender_TNFSF10_to_TNFRSF10D,4.444690209069418e-05,shap_tree,Sender,TNFSF10,TNFRSF10D,TNFSF10 → TNFRSF10D
3,P11,CCC_Receiver_TNFSF10_to_TNFRSF10D,2.9894310366683594e-06,shap_tree,Receiver,TNFSF10,TNFRSF10D,TNFSF10 → TNFRSF10D
3,P11,CCC_Sender_TNFSF12_to_TNFRSF12A,3.420676508239115e-05,shap_tree,Sender,TNFSF12,TNFRSF12A,TNFSF12 → TNFRSF12A
3,P11,CCC_Receiver_TNFSF12_to_TNFRSF12A,6.249591578239678e-06,shap_tree,Receiver,TNFSF12,TNFRSF12A,TNFSF12 → TNFRSF12A
3,P11,CCC_Sender_TNFSF12_to_TNFRSF25,0.00011372217950884544,shap_tree,Sender,TNFSF12,TNFRSF25,TNFSF12 → TNFRSF25
3,P11,CCC_Receiver_TNFSF12_to_TNFRSF25,3.585275773045518e-05,shap_tree,Receiver,TNFSF12,TNFRSF25,TNFSF12 → TNFRSF25
3,P11,CCC_Sender_TNFSF14_to_LTBR,0.00016365951666954116,shap_tree,Sender,TNFSF14,LTBR,TNFSF14 → LTBR
3,P11,CCC_Receiver_TNFSF14_to_LTBR,0.00038628097403038133,shap_tree,Receiver,TNFSF14,LTBR,TNFSF14 → LTBR
3,P11,CCC_Sender_TNFSF14_to_TNFRSF14,8.610489487015957e-06,shap_tree,Sender,TNFSF14,TNFRSF14,TNFSF14 → TNFRSF14
3,P11,CCC_Receiver_TNFSF14_to_TNFRSF14,0.0032690982975490204,shap_tree,Receiver,TNFSF14,TNFRSF14,TNFSF14 → TNFRSF14
3,P11,CCC_Sender_TNFSF4_to_TNFRSF4,1.1766084839905953e-06,shap_tree,Sender,TNFSF4,TNFRSF4,TNFSF4 → TNFRSF4
3,P11,CCC_Receiver_TNFSF4_to_TNFRSF4,0.00028722748577067865,shap_tree,Receiver,TNFSF4,TNFRSF4,TNFSF4 → TNFRSF4
3,P11,CCC_Sender_TNFSF9_to_TNFRSF9,0.0002282376789632937,shap_tree,Sender,TNFSF9,TNFRSF9,TNFSF9 → TNFRSF9
3,P11,CCC_Receiver_TNFSF9_to_TNFRSF9,0.00017097751379920566,shap_tree,Receiver,TNFSF9,TNFRSF9,TNFSF9 → TNFRSF9
3,P11,CCC_Sender_VEGFA_to_NRP1,7.388518129463323e-06,shap_tree,Sender,VEGFA,NRP1,VEGFA → NRP1
3,P11,CCC_Receiver_VEGFA_to_NRP1,0.0006488622782454405,shap_tree,Receiver,VEGFA,NRP1,VEGFA → NRP1
3,P11,CCC_Sender_VEGFA_to_NRP2,6.3321491726506526e-06,shap_tree,Sender,VEGFA,NRP2,VEGFA → NRP2
3,P11,CCC_Receiver_VEGFA_to_NRP2,2.7683036661371048e-05,shap_tree,Receiver,VEGFA,NRP2,VEGFA → NRP2
3,P11,CCC_Sender_VEGFB_to_NRP1,7.030386602237559e-06,shap_tree,Sender,VEGFB,NRP1,VEGFB → NRP1
3,P11,CCC_Receiver_VEGFB_to_NRP1,9.910966849113681e-06,shap_tree,Receiver,VEGFB,NRP1,VEGFB → NRP1
3,P11,CCC_Sender_CD274_to_PDCD1,9.858654782491768e-05,shap_tree,Sender,CD274,PDCD1,CD274 → PDCD1
3,P11,CCC_Receiver_CD274_to_PDCD1,0.0022570165912423963,shap_tree,Receiver,CD274,PDCD1,CD274 → PDCD1
3,P11,CCC_Sender_CD86_to_CTLA4,2.3609175899516968e-05,shap_tree,Sender,CD86,CTLA4,CD86 → CTLA4
3,P11,CCC_Receiver_CD86_to_CTLA4,0.0032018217098822867,shap_tree,Receiver,CD86,CTLA4,CD86 → CTLA4
3,P11,CCC_Sender_CD86_to_CD28,4.017239783973818e-05,shap_tree,Sender,CD86,CD28,CD86 → CD28
3,P11,CCC_Receiver_CD86_to_CD28,0.0004411250896121092,shap_tree,Receiver,CD86,CD28,CD86 → CD28
3,P11,CCC_Sender_ICOSLG_to_ICOS,2.2098603482923843e-06,shap_tree,Sender,ICOSLG,ICOS,ICOSLG → ICOS
3,P11,CCC_Receiver_ICOSLG_to_ICOS,0.0005327699644670427,shap_tree,Receiver,ICOSLG,ICOS,ICOSLG → ICOS
3,P11,CCC_Sender_CD40LG_to_CD40,2.4736427595465015e-06,shap_tree,Sender,CD40LG,CD40,CD40LG → CD40
3,P11,CCC_Receiver_CD40LG_to_CD40,8.355964477938558e-06,shap_tree,Receiver,CD40LG,CD40,CD40LG → CD40
4,P12,CCC_Sender_ICAM1_to_ITGAL,0.0002953691033727137,shap_tree,Sender,ICAM1,ITGAL,ICAM1 → ITGAL
4,P12,CCC_Receiver_ICAM1_to_ITGAL,0.004936756786658785,shap_tree,Receiver,ICAM1,ITGAL,ICAM1 → ITGAL
4,P12,CCC_Sender_CCL2_to_CCR2,1.0395656832078634e-05,shap_tree,Sender,CCL2,CCR2,CCL2 → CCR2
4,P12,CCC_Receiver_CCL2_to_CCR2,0.00010419347408340477,shap_tree,Receiver,CCL2,CCR2,CCL2 → CCR2
4,P12,CCC_Sender_CCL3_to_CCR1,0.0117840813342344,shap_tree,Sender,CCL3,CCR1,CCL3 → CCR1
4,P12,CCC_Receiver_CCL3_to_CCR1,0.0007604948355163436,shap_tree,Receiver,CCL3,CCR1,CCL3 → CCR1
4,P12,CCC_Sender_CCL3_to_CCR5,0.006058874357168915,shap_tree,Sender,CCL3,CCR5,CCL3 → CCR5
4,P12,CCC_Receiver_CCL3_to_CCR5,0.007969725491984757,shap_tree,Receiver,CCL3,CCR5,CCL3 → CCR5
4,P12,CCC_Sender_CCL3L1_to_CCR1,0.0006684118646984742,shap_tree,Sender,CCL3L1,CCR1,CCL3L1 → CCR1
4,P12,CCC_Receiver_CCL3L1_to_CCR1,0.001369043669072193,shap_tree,Receiver,CCL3L1,CCR1,CCL3L1 → CCR1
4,P12,CCC_Sender_CCL4_to_CCR5,0.007724912617044176,shap_tree,Sender,CCL4,CCR5,CCL4 → CCR5
4,P12,CCC_Receiver_CCL4_to_CCR5,0.004598672044638089,shap_tree,Receiver,CCL4,CCR5,CCL4 → CCR5
4,P12,CCC_Sender_CCL5_to_CCR1,0.07208007826173946,shap_tree,Sender,CCL5,CCR1,CCL5 → CCR1
4,P12,CCC_Receiver_CCL5_to_CCR1,0.00018365110338353977,shap_tree,Receiver,CCL5,CCR1,CCL5 → CCR1
4,P12,CCC_Sender_CCL5_to_CCR4,0.015322390039925334,shap_tree,Sender,CCL5,CCR4,CCL5 → CCR4
4,P12,CCC_Receiver_CCL5_to_CCR4,5.717201085317441e-05,shap_tree,Receiver,CCL5,CCR4,CCL5 → CCR4
4,P12,CCC_Sender_CCL5_to_CCR5,0.020655746105097843,shap_tree,Sender,CCL5,CCR5,CCL5 → CCR5
4,P12,CCC_Receiver_CCL5_to_CCR5,0.001139193594808023,shap_tree,Receiver,CCL5,CCR5,CCL5 → CCR5
4,P12,CCC_Sender_CXCL13_to_CXCR5,0.0005676658677961648,shap_tree,Sender,CXCL13,CXCR5,CXCL13 → CXCR5
4,P12,CCC_Receiver_CXCL13_to_CXCR5,0.000139646652235647,shap_tree,Receiver,CXCL13,CXCR5,CXCL13 → CXCR5
4,P12,CCC_Sender_CXCL16_to_CXCR6,0.0008389785993819672,shap_tree,Sender,CXCL16,CXCR6,CXCL16 → CXCR6
4,P12,CCC_Receiver_CXCL16_to_CXCR6,0.0007154730650919269,shap_tree,Receiver,CXCL16,CXCR6,CXCL16 → CXCR6
4,P12,CCC_Sender_CXCL2_to_DPP4,0.00034208343803160765,shap_tree,Sender,CXCL2,DPP4,CXCL2 → DPP4
4,P12,CCC_Receiver_CXCL2_to_DPP4,8.645562103765947e-05,shap_tree,Receiver,CXCL2,DPP4,CXCL2 → DPP4
4,P12,CCC_Sender_CSF1_to_CSF1R,0.0001174929034629802,shap_tree,Sender,CSF1,CSF1R,CSF1 → CSF1R
4,P12,CCC_Receiver_CSF1_to_CSF1R,0.0012951879028774975,shap_tree,Receiver,CSF1,CSF1R,CSF1 → CSF1R
4,P12,CCC_Sender_LGALS9_to_HAVCR2,0.009600429727414312,shap_tree,Sender,LGALS9,HAVCR2,LGALS9 → HAVCR2
4,P12,CCC_Receiver_LGALS9_to_HAVCR2,0.00846404730017668,shap_tree,Receiver,LGALS9,HAVCR2,LGALS9 → HAVCR2
4,P12,CCC_Sender_LGALS9_to_P4HB,0.005104575794529398,shap_tree,Sender,LGALS9,P4HB,LGALS9 → P4HB
4,P12,CCC_Receiver_LGALS9_to_P4HB,0.02614237461270494,shap_tree,Receiver,LGALS9,P4HB,LGALS9 → P4HB
4,P12,CCC_Sender_HLA-B_to_KIR3DL2,0.03909103928990492,shap_tree,Sender,HLA-B,KIR3DL2,HLA-B → KIR3DL2
4,P12,CCC_Receiver_HLA-B_to_KIR3DL2,2.0547978584872425e-05,shap_tree,Receiver,HLA-B,KIR3DL2,HLA-B → KIR3DL2
4,P12,CCC_Sender_HLA-C_to_KIR2DL3,0.02767694555694725,shap_tree,Sender,HLA-C,KIR2DL3,HLA-C → KIR2DL3
4,P12,CCC_Receiver_HLA-C_to_KIR2DL3,4.991747187176494e-05,shap_tree,Receiver,HLA-C,KIR2DL3,HLA-C → KIR2DL3
4,P12,CCC_Sender_HLA-E_to_KLRC1,0.013782805310086571,shap_tree,Sender,HLA-E,KLRC1,HLA-E → KLRC1
4,P12,CCC_Receiver_HLA-E_to_KLRC1,0.00011464924567827733,shap_tree,Receiver,HLA-E,KLRC1,HLA-E → KLRC1
4,P12,CCC_Sender_HLA-E_to_KLRC2,0.021772227310203042,shap_tree,Sender,HLA-E,KLRC2,HLA-E → KLRC2
4,P12,CCC_Receiver_HLA-E_to_KLRC2,5.533050863132458e-05,shap_tree,Receiver,HLA-E,KLRC2,HLA-E → KLRC2
4,P12,CCC_Sender_HLA-E_to_KLRK1,0.0109779513481399,shap_tree,Sender,HLA-E,KLRK1,HLA-E → KLRK1
4,P12,CCC_Receiver_HLA-E_to_KLRK1,0.0011656867363381098,shap_tree,Receiver,HLA-E,KLRK1,HLA-E → KLRK1
4,P12,CCC_Sender_HLA-F_to_KIR3DL2,0.01150218818255917,shap_tree,Sender,HLA-F,KIR3DL2,HLA-F → KIR3DL2
4,P12,CCC_Receiver_HLA-F_to_KIR3DL2,3.4971674108440815e-05,shap_tree,Receiver,HLA-F,KIR3DL2,HLA-F → KIR3DL2
4,P12,CCC_Sender_HLA-F_to_LILRB1,0.00936807104449689,shap_tree,Sender,HLA-F,LILRB1,HLA-F → LILRB1
4,P12,CCC_Receiver_HLA-F_to_LILRB1,8.504165891683288e-05,shap_tree,Receiver,HLA-F,LILRB1,HLA-F → LILRB1
4,P12,CCC_Sender_HLA-F_to_LILRB2,0.03595680483832252,shap_tree,Sender,HLA-F,LILRB2,HLA-F → LILRB2
4,P12,CCC_Receiver_HLA-F_to_LILRB2,0.0005415353757095543,shap_tree,Receiver,HLA-F,LILRB2,HLA-F → LILRB2
4,P12,CCC_Sender_HLA-G_to_LILRB1,0.006826275276718425,shap_tree,Sender,HLA-G,LILRB1,HLA-G → LILRB1
4,P12,CCC_Receiver_HLA-G_to_LILRB1,0.00015715823084325357,shap_tree,Receiver,HLA-G,LILRB1,HLA-G → LILRB1
4,P12,CCC_Sender_HLA-G_to_LILRB2,0.020765113155400212,shap_tree,Sender,HLA-G,LILRB2,HLA-G → LILRB2
4,P12,CCC_Receiver_HLA-G_to_LILRB2,0.0005013432709409308,shap_tree,Receiver,HLA-G,LILRB2,HLA-G → LILRB2
4,P12,CCC_Sender_LTB_to_LTBR,0.0031623064844381343,shap_tree,Sender,LTB,LTBR,LTB → LTBR
4,P12,CCC_Receiver_LTB_to_LTBR,5.159317250790455e-05,shap_tree,Receiver,LTB,LTBR,LTB → LTBR
4,P12,CCC_Sender_PVR_to_CD226,7.184986351089131e-06,shap_tree,Sender,PVR,CD226,PVR → CD226
4,P12,CCC_Receiver_PVR_to_CD226,1.5113232701202946e-05,shap_tree,Receiver,PVR,CD226,PVR → CD226
4,P12,CCC_Sender_PVR_to_CD96,0.0,shap_tree,Sender,PVR,CD96,PVR → CD96
4,P12,CCC_Receiver_PVR_to_CD96,0.008032824607796347,shap_tree,Receiver,PVR,CD96,PVR → CD96
4,P12,CCC_Sender_PVR_to_TIGIT,2.696156177561348e-06,shap_tree,Sender,PVR,TIGIT,PVR → TIGIT
4,P12,CCC_Receiver_PVR_to_TIGIT,0.007477803849561908,shap_tree,Receiver,PVR,TIGIT,PVR → TIGIT
4,P12,CCC_Sender_SELPLG_to_SELL,0.0027749096610466856,shap_tree,Sender,SELPLG,SELL,SELPLG → SELL
4,P12,CCC_Receiver_SELPLG_to_SELL,0.0007050741796981196,shap_tree,Receiver,SELPLG,SELL,SELPLG → SELL
4,P12,CCC_Sender_TGFB1_to_TGFBR3,0.00012915354811853322,shap_tree,Sender,TGFB1,TGFBR3,TGFB1 → TGFBR3
4,P12,CCC_Receiver_TGFB1_to_TGFBR3,0.000349660715842114,shap_tree,Receiver,TGFB1,TGFBR3,TGFB1 → TGFBR3
4,P12,CCC_Sender_BTLA_to_TNFRSF14,3.1546932642141046e-05,shap_tree,Sender,BTLA,TNFRSF14,BTLA → TNFRSF14
4,P12,CCC_Receiver_BTLA_to_TNFRSF14,0.0032246249651460388,shap_tree,Receiver,BTLA,TNFRSF14,BTLA → TNFRSF14
4,P12,CCC_Sender_FASLG_to_FAS,0.00010291449589937778,shap_tree,Sender,FASLG,FAS,FASLG → FAS
4,P12,CCC_Receiver_FASLG_to_FAS,0.0011669704138684866,shap_tree,Receiver,FASLG,FAS,FASLG → FAS
4,P12,CCC_Sender_LTA_to_TNFRSF14,4.2791224608109934e-05,shap_tree,Sender,LTA,TNFRSF14,LTA → TNFRSF14
4,P12,CCC_Receiver_LTA_to_TNFRSF14,0.0011412248123039849,shap_tree,Receiver,LTA,TNFRSF14,LTA → TNFRSF14
4,P12,CCC_Sender_LTA_to_TNFRSF1A,2.83891501431778e-05,shap_tree,Sender,LTA,TNFRSF1A,LTA → TNFRSF1A
4,P12,CCC_Receiver_LTA_to_TNFRSF1A,0.00010926411267771751,shap_tree,Receiver,LTA,TNFRSF1A,LTA → TNFRSF1A
4,P12,CCC_Sender_LTA_to_TNFRSF1B,4.346774990661824e-05,shap_tree,Sender,LTA,TNFRSF1B,LTA → TNFRSF1B
4,P12,CCC_Receiver_LTA_to_TNFRSF1B,0.0040078104080797355,shap_tree,Receiver,LTA,TNFRSF1B,LTA → TNFRSF1B
4,P12,CCC_Sender_TNF_to_TNFRSF1A,0.0010144949245749798,shap_tree,Sender,TNF,TNFRSF1A,TNF → TNFRSF1A
4,P12,CCC_Receiver_TNF_to_TNFRSF1A,0.0007941816261154639,shap_tree,Receiver,TNF,TNFRSF1A,TNF → TNFRSF1A
4,P12,CCC_Sender_TNF_to_TNFRSF1B,0.00019432051866919483,shap_tree,Sender,TNF,TNFRSF1B,TNF → TNFRSF1B
4,P12,CCC_Receiver_TNF_to_TNFRSF1B,0.0025291405303989795,shap_tree,Receiver,TNF,TNFRSF1B,TNF → TNFRSF1B
4,P12,CCC_Sender_TNFSF10_to_TNFRSF10A,0.0001144052930966436,shap_tree,Sender,TNFSF10,TNFRSF10A,TNFSF10 → TNFRSF10A
4,P12,CCC_Receiver_TNFSF10_to_TNFRSF10A,3.181355738355172e-05,shap_tree,Receiver,TNFSF10,TNFRSF10A,TNFSF10 → TNFRSF10A
4,P12,CCC_Sender_TNFSF10_to_TNFRSF10B,0.0002219509636884578,shap_tree,Sender,TNFSF10,TNFRSF10B,TNFSF10 → TNFRSF10B
4,P12,CCC_Receiver_TNFSF10_to_TNFRSF10B,3.721144676712437e-05,shap_tree,Receiver,TNFSF10,TNFRSF10B,TNFSF10 → TNFRSF10B
4,P12,CCC_Sender_TNFSF10_to_TNFRSF10D,0.0001005318581714505,shap_tree,Sender,TNFSF10,TNFRSF10D,TNFSF10 → TNFRSF10D
4,P12,CCC_Receiver_TNFSF10_to_TNFRSF10D,4.3640255442539205e-06,shap_tree,Receiver,TNFSF10,TNFRSF10D,TNFSF10 → TNFRSF10D
4,P12,CCC_Sender_TNFSF12_to_TNFRSF12A,1.480537194926177e-05,shap_tree,Sender,TNFSF12,TNFRSF12A,TNFSF12 → TNFRSF12A
4,P12,CCC_Receiver_TNFSF12_to_TNFRSF12A,0.0,shap_tree,Receiver,TNFSF12,TNFRSF12A,TNFSF12 → TNFRSF12A
4,P12,CCC_Sender_TNFSF12_to_TNFRSF25,7.661846488649186e-05,shap_tree,Sender,TNFSF12,TNFRSF25,TNFSF12 → TNFRSF25
4,P12,CCC_Receiver_TNFSF12_to_TNFRSF25,0.0003055144080735036,shap_tree,Receiver,TNFSF12,TNFRSF25,TNFSF12 → TNFRSF25
4,P12,CCC_Sender_TNFSF14_to_LTBR,4.0328478703861196e-05,shap_tree,Sender,TNFSF14,LTBR,TNFSF14 → LTBR
4,P12,CCC_Receiver_TNFSF14_to_LTBR,0.0008811800208476654,shap_tree,Receiver,TNFSF14,LTBR,TNFSF14 → LTBR
4,P12,CCC_Sender_TNFSF14_to_TNFRSF14,6.381299066705417e-05,shap_tree,Sender,TNFSF14,TNFRSF14,TNFSF14 → TNFRSF14
4,P12,CCC_Receiver_TNFSF14_to_TNFRSF14,0.002836536957702504,shap_tree,Receiver,TNFSF14,TNFRSF14,TNFSF14 → TNFRSF14
4,P12,CCC_Sender_TNFSF4_to_TNFRSF4,8.52477377896796e-06,shap_tree,Sender,TNFSF4,TNFRSF4,TNFSF4 → TNFRSF4
4,P12,CCC_Receiver_TNFSF4_to_TNFRSF4,0.0008327506230676556,shap_tree,Receiver,TNFSF4,TNFRSF4,TNFSF4 → TNFRSF4
4,P12,CCC_Sender_TNFSF9_to_TNFRSF9,0.00010848122552911873,shap_tree,Sender,TNFSF9,TNFRSF9,TNFSF9 → TNFRSF9
4,P12,CCC_Receiver_TNFSF9_to_TNFRSF9,0.0003533831725441694,shap_tree,Receiver,TNFSF9,TNFRSF9,TNFSF9 → TNFRSF9
4,P12,CCC_Sender_VEGFA_to_NRP1,3.5918334887812655e-05,shap_tree,Sender,VEGFA,NRP1,VEGFA → NRP1
4,P12,CCC_Receiver_VEGFA_to_NRP1,0.0004407371729971386,shap_tree,Receiver,VEGFA,NRP1,VEGFA → NRP1
4,P12,CCC_Sender_VEGFA_to_NRP2,1.4710422068590096e-05,shap_tree,Sender,VEGFA,NRP2,VEGFA → NRP2
4,P12,CCC_Receiver_VEGFA_to_NRP2,5.70435468305477e-05,shap_tree,Receiver,VEGFA,NRP2,VEGFA → NRP2
4,P12,CCC_Sender_VEGFB_to_NRP1,1.787932319103461e-05,shap_tree,Sender,VEGFB,NRP1,VEGFB → NRP1
4,P12,CCC_Receiver_VEGFB_to_NRP1,0.00010111161118409318,shap_tree,Receiver,VEGFB,NRP1,VEGFB → NRP1
4,P12,CCC_Sender_CD274_to_PDCD1,2.5753080931304222e-05,shap_tree,Sender,CD274,PDCD1,CD274 → PDCD1
4,P12,CCC_Receiver_CD274_to_PDCD1,0.0037472885590598124,shap_tree,Receiver,CD274,PDCD1,CD274 → PDCD1
4,P12,CCC_Sender_CD86_to_CTLA4,0.000518869314705075,shap_tree,Sender,CD86,CTLA4,CD86 → CTLA4
4,P12,CCC_Receiver_CD86_to_CTLA4,0.0027718707265784953,shap_tree,Receiver,CD86,CTLA4,CD86 → CTLA4
4,P12,CCC_Sender_CD86_to_CD28,0.00017606341388396682,shap_tree,Sender,CD86,CD28,CD86 → CD28
4,P12,CCC_Receiver_CD86_to_CD28,0.0008204096566763054,shap_tree,Receiver,CD86,CD28,CD86 → CD28
4,P12,CCC_Sender_ICOSLG_to_ICOS,2.6183895969916243e-05,shap_tree,Sender,ICOSLG,ICOS,ICOSLG → ICOS
4,P12,CCC_Receiver_ICOSLG_to_ICOS,0.0005948858048912382,shap_tree,Receiver,ICOSLG,ICOS,ICOSLG → ICOS
4,P12,CCC_Sender_CD40LG_to_CD40,1.1744579596981054e-05,shap_tree,Sender,CD40LG,CD40,CD40LG → CD40
4,P12,CCC_Receiver_CD40LG_to_CD40,1.5084674938800641e-05,shap_tree,Receiver,CD40LG,CD40,CD40LG → CD40
5,P13,CCC_Sender_ICAM1_to_ITGAL,5.170674982117345e-05,shap_tree,Sender,ICAM1,ITGAL,ICAM1 → ITGAL
5,P13,CCC_Receiver_ICAM1_to_ITGAL,0.005731167481101463,shap_tree,Receiver,ICAM1,ITGAL,ICAM1 → ITGAL
5,P13,CCC_Sender_CCL2_to_CCR2,1.9319030109866174e-06,shap_tree,Sender,CCL2,CCR2,CCL2 → CCR2
5,P13,CCC_Receiver_CCL2_to_CCR2,0.00011414688925162707,shap_tree,Receiver,CCL2,CCR2,CCL2 → CCR2
5,P13,CCC_Sender_CCL3_to_CCR1,0.0094325412127935,shap_tree,Sender,CCL3,CCR1,CCL3 → CCR1
5,P13,CCC_Receiver_CCL3_to_CCR1,0.00013373575186065675,shap_tree,Receiver,CCL3,CCR1,CCL3 → CCR1
5,P13,CCC_Sender_CCL3_to_CCR5,0.006219052862445578,shap_tree,Sender,CCL3,CCR5,CCL3 → CCR5
5,P13,CCC_Receiver_CCL3_to_CCR5,0.00555557002168067,shap_tree,Receiver,CCL3,CCR5,CCL3 → CCR5
5,P13,CCC_Sender_CCL3L1_to_CCR1,0.00033166855478523465,shap_tree,Sender,CCL3L1,CCR1,CCL3L1 → CCR1
5,P13,CCC_Receiver_CCL3L1_to_CCR1,0.0006474163133186919,shap_tree,Receiver,CCL3L1,CCR1,CCL3L1 → CCR1
5,P13,CCC_Sender_CCL4_to_CCR5,0.008412990015397517,shap_tree,Sender,CCL4,CCR5,CCL4 → CCR5
5,P13,CCC_Receiver_CCL4_to_CCR5,0.0019023276355572512,shap_tree,Receiver,CCL4,CCR5,CCL4 → CCR5
5,P13,CCC_Sender_CCL5_to_CCR1,0.07830860433786074,shap_tree,Sender,CCL5,CCR1,CCL5 → CCR1
5,P13,CCC_Receiver_CCL5_to_CCR1,6.83124795111973e-05,shap_tree,Receiver,CCL5,CCR1,CCL5 → CCR1
5,P13,CCC_Sender_CCL5_to_CCR4,0.01892700705584767,shap_tree,Sender,CCL5,CCR4,CCL5 → CCR4
5,P13,CCC_Receiver_CCL5_to_CCR4,1.5097024268589791e-06,shap_tree,Receiver,CCL5,CCR4,CCL5 → CCR4
5,P13,CCC_Sender_CCL5_to_CCR5,0.0225250177082438,shap_tree,Sender,CCL5,CCR5,CCL5 → CCR5
5,P13,CCC_Receiver_CCL5_to_CCR5,0.000571077726339441,shap_tree,Receiver,CCL5,CCR5,CCL5 → CCR5
5,P13,CCC_Sender_CXCL13_to_CXCR5,0.0023007499553278524,shap_tree,Sender,CXCL13,CXCR5,CXCL13 → CXCR5
5,P13,CCC_Receiver_CXCL13_to_CXCR5,0.0004667537703515237,shap_tree,Receiver,CXCL13,CXCR5,CXCL13 → CXCR5
5,P13,CCC_Sender_CXCL16_to_CXCR6,0.00022142637577678912,shap_tree,Sender,CXCL16,CXCR6,CXCL16 → CXCR6
5,P13,CCC_Receiver_CXCL16_to_CXCR6,0.00011038212866327883,shap_tree,Receiver,CXCL16,CXCR6,CXCL16 → CXCR6
5,P13,CCC_Sender_CXCL2_to_DPP4,0.00013950827462492173,shap_tree,Sender,CXCL2,DPP4,CXCL2 → DPP4
5,P13,CCC_Receiver_CXCL2_to_DPP4,6.444031015649167e-06,shap_tree,Receiver,CXCL2,DPP4,CXCL2 → DPP4
5,P13,CCC_Sender_CSF1_to_CSF1R,8.09380228273886e-05,shap_tree,Sender,CSF1,CSF1R,CSF1 → CSF1R
5,P13,CCC_Receiver_CSF1_to_CSF1R,0.0006152270813320773,shap_tree,Receiver,CSF1,CSF1R,CSF1 → CSF1R
5,P13,CCC_Sender_LGALS9_to_HAVCR2,0.012281844419976722,shap_tree,Sender,LGALS9,HAVCR2,LGALS9 → HAVCR2
5,P13,CCC_Receiver_LGALS9_to_HAVCR2,0.016709552348014793,shap_tree,Receiver,LGALS9,HAVCR2,LGALS9 → HAVCR2
5,P13,CCC_Sender_LGALS9_to_P4HB,0.003183957654363938,shap_tree,Sender,LGALS9,P4HB,LGALS9 → P4HB
5,P13,CCC_Receiver_LGALS9_to_P4HB,0.031525375924622276,shap_tree,Receiver,LGALS9,P4HB,LGALS9 → P4HB
5,P13,CCC_Sender_HLA-B_to_KIR3DL2,0.10474067980167429,shap_tree,Sender,HLA-B,KIR3DL2,HLA-B → KIR3DL2
5,P13,CCC_Receiver_HLA-B_to_KIR3DL2,7.412896668783042e-05,shap_tree,Receiver,HLA-B,KIR3DL2,HLA-B → KIR3DL2
5,P13,CCC_Sender_HLA-C_to_KIR2DL3,0.007663342024074237,shap_tree,Sender,HLA-C,KIR2DL3,HLA-C → KIR2DL3
5,P13,CCC_Receiver_HLA-C_to_KIR2DL3,0.0,shap_tree,Receiver,HLA-C,KIR2DL3,HLA-C → KIR2DL3
5,P13,CCC_Sender_HLA-E_to_KLRC1,0.015298873101870518,shap_tree,Sender,HLA-E,KLRC1,HLA-E → KLRC1
5,P13,CCC_Receiver_HLA-E_to_KLRC1,0.0001988073326796707,shap_tree,Receiver,HLA-E,KLRC1,HLA-E → KLRC1
5,P13,CCC_Sender_HLA-E_to_KLRC2,0.023961324113502405,shap_tree,Sender,HLA-E,KLRC2,HLA-E → KLRC2
5,P13,CCC_Receiver_HLA-E_to_KLRC2,6.303147081921275e-05,shap_tree,Receiver,HLA-E,KLRC2,HLA-E → KLRC2
5,P13,CCC_Sender_HLA-E_to_KLRK1,0.016566982521128815,shap_tree,Sender,HLA-E,KLRK1,HLA-E → KLRK1
5,P13,CCC_Receiver_HLA-E_to_KLRK1,0.001762737749178146,shap_tree,Receiver,HLA-E,KLRK1,HLA-E → KLRK1
5,P13,CCC_Sender_HLA-F_to_KIR3DL2,0.02714269255503715,shap_tree,Sender,HLA-F,KIR3DL2,HLA-F → KIR3DL2
5,P13,CCC_Receiver_HLA-F_to_KIR3DL2,5.849686037116812e-05,shap_tree,Receiver,HLA-F,KIR3DL2,HLA-F → KIR3DL2
5,P13,CCC_Sender_HLA-F_to_LILRB1,0.008573610397155453,shap_tree,Sender,HLA-F,LILRB1,HLA-F → LILRB1
5,P13,CCC_Receiver_HLA-F_to_LILRB1,3.980124255775801e-05,shap_tree,Receiver,HLA-F,LILRB1,HLA-F → LILRB1
5,P13,CCC_Sender_HLA-F_to_LILRB2,0.03262337204934435,shap_tree,Sender,HLA-F,LILRB2,HLA-F → LILRB2
5,P13,CCC_Receiver_HLA-F_to_LILRB2,0.0005338275990216627,shap_tree,Receiver,HLA-F,LILRB2,HLA-F → LILRB2
5,P13,CCC_Sender_HLA-G_to_LILRB1,0.013102844851233015,shap_tree,Sender,HLA-G,LILRB1,HLA-G → LILRB1
5,P13,CCC_Receiver_HLA-G_to_LILRB1,0.00028234065673473936,shap_tree,Receiver,HLA-G,LILRB1,HLA-G → LILRB1
5,P13,CCC_Sender_HLA-G_to_LILRB2,0.01957536285865725,shap_tree,Sender,HLA-G,LILRB2,HLA-G → LILRB2
5,P13,CCC_Receiver_HLA-G_to_LILRB2,0.00038628524475047465,shap_tree,Receiver,HLA-G,LILRB2,HLA-G → LILRB2
5,P13,CCC_Sender_LTB_to_LTBR,0.0007155719109912665,shap_tree,Sender,LTB,LTBR,LTB → LTBR
5,P13,CCC_Receiver_LTB_to_LTBR,6.234257188458857e-05,shap_tree,Receiver,LTB,LTBR,LTB → LTBR
5,P13,CCC_Sender_PVR_to_CD226,7.552932025312643e-07,shap_tree,Sender,PVR,CD226,PVR → CD226
5,P13,CCC_Receiver_PVR_to_CD226,0.0001655798574871843,shap_tree,Receiver,PVR,CD226,PVR → CD226
5,P13,CCC_Sender_PVR_to_CD96,1.2922077891073438e-05,shap_tree,Sender,PVR,CD96,PVR → CD96
5,P13,CCC_Receiver_PVR_to_CD96,0.003853759753870406,shap_tree,Receiver,PVR,CD96,PVR → CD96
5,P13,CCC_Sender_PVR_to_TIGIT,4.3527218996443167e-07,shap_tree,Sender,PVR,TIGIT,PVR → TIGIT
5,P13,CCC_Receiver_PVR_to_TIGIT,0.002375010681577714,shap_tree,Receiver,PVR,TIGIT,PVR → TIGIT
5,P13,CCC_Sender_SELPLG_to_SELL,0.0062035516939318485,shap_tree,Sender,SELPLG,SELL,SELPLG → SELL
5,P13,CCC_Receiver_SELPLG_to_SELL,0.0011364464585928253,shap_tree,Receiver,SELPLG,SELL,SELPLG → SELL
5,P13,CCC_Sender_TGFB1_to_TGFBR3,5.64723691123416e-05,shap_tree,Sender,TGFB1,TGFBR3,TGFB1 → TGFBR3
5,P13,CCC_Receiver_TGFB1_to_TGFBR3,4.4432783272970576e-05,shap_tree,Receiver,TGFB1,TGFBR3,TGFB1 → TGFBR3
5,P13,CCC_Sender_BTLA_to_TNFRSF14,1.784435668771535e-05,shap_tree,Sender,BTLA,TNFRSF14,BTLA → TNFRSF14
5,P13,CCC_Receiver_BTLA_to_TNFRSF14,0.001852260943845735,shap_tree,Receiver,BTLA,TNFRSF14,BTLA → TNFRSF14
5,P13,CCC_Sender_FASLG_to_FAS,1.4237816683945464e-05,shap_tree,Sender,FASLG,FAS,FASLG → FAS
5,P13,CCC_Receiver_FASLG_to_FAS,0.0004309781609296981,shap_tree,Receiver,FASLG,FAS,FASLG → FAS
5,P13,CCC_Sender_LTA_to_TNFRSF14,0.0001180115223740891,shap_tree,Sender,LTA,TNFRSF14,LTA → TNFRSF14
5,P13,CCC_Receiver_LTA_to_TNFRSF14,0.0003837256942161265,shap_tree,Receiver,LTA,TNFRSF14,LTA → TNFRSF14
5,P13,CCC_Sender_LTA_to_TNFRSF1A,1.9833564874624233e-05,shap_tree,Sender,LTA,TNFRSF1A,LTA → TNFRSF1A
5,P13,CCC_Receiver_LTA_to_TNFRSF1A,6.826405047493621e-05,shap_tree,Receiver,LTA,TNFRSF1A,LTA → TNFRSF1A
5,P13,CCC_Sender_LTA_to_TNFRSF1B,3.5954155058893445e-06,shap_tree,Sender,LTA,TNFRSF1B,LTA → TNFRSF1B
5,P13,CCC_Receiver_LTA_to_TNFRSF1B,0.0010428665970833883,shap_tree,Receiver,LTA,TNFRSF1B,LTA → TNFRSF1B
5,P13,CCC_Sender_TNF_to_TNFRSF1A,0.0007935953542299152,shap_tree,Sender,TNF,TNFRSF1A,TNF → TNFRSF1A
5,P13,CCC_Receiver_TNF_to_TNFRSF1A,0.0003387817366173242,shap_tree,Receiver,TNF,TNFRSF1A,TNF → TNFRSF1A
5,P13,CCC_Sender_TNF_to_TNFRSF1B,0.00012214672012990645,shap_tree,Sender,TNF,TNFRSF1B,TNF → TNFRSF1B
5,P13,CCC_Receiver_TNF_to_TNFRSF1B,0.002158631729352784,shap_tree,Receiver,TNF,TNFRSF1B,TNF → TNFRSF1B
5,P13,CCC_Sender_TNFSF10_to_TNFRSF10A,4.888986758026227e-05,shap_tree,Sender,TNFSF10,TNFRSF10A,TNFSF10 → TNFRSF10A
5,P13,CCC_Receiver_TNFSF10_to_TNFRSF10A,5.202891386203045e-05,shap_tree,Receiver,TNFSF10,TNFRSF10A,TNFSF10 → TNFRSF10A
5,P13,CCC_Sender_TNFSF10_to_TNFRSF10B,7.896153982738733e-05,shap_tree,Sender,TNFSF10,TNFRSF10B,TNFSF10 → TNFRSF10B
5,P13,CCC_Receiver_TNFSF10_to_TNFRSF10B,1.831778772578371e-05,shap_tree,Receiver,TNFSF10,TNFRSF10B,TNFSF10 → TNFRSF10B
5,P13,CCC_Sender_TNFSF10_to_TNFRSF10D,0.0001844733142095833,shap_tree,Sender,TNFSF10,TNFRSF10D,TNFSF10 → TNFRSF10D
5,P13,CCC_Receiver_TNFSF10_to_TNFRSF10D,5.2414971698349686e-06,shap_tree,Receiver,TNFSF10,TNFRSF10D,TNFSF10 → TNFRSF10D
5,P13,CCC_Sender_TNFSF12_to_TNFRSF12A,4.5732474674988963e-07,shap_tree,Sender,TNFSF12,TNFRSF12A,TNFSF12 → TNFRSF12A
5,P13,CCC_Receiver_TNFSF12_to_TNFRSF12A,0.0,shap_tree,Receiver,TNFSF12,TNFRSF12A,TNFSF12 → TNFRSF12A
5,P13,CCC_Sender_TNFSF12_to_TNFRSF25,7.935666286405815e-05,shap_tree,Sender,TNFSF12,TNFRSF25,TNFSF12 → TNFRSF25
5,P13,CCC_Receiver_TNFSF12_to_TNFRSF25,9.446053351680422e-05,shap_tree,Receiver,TNFSF12,TNFRSF25,TNFSF12 → TNFRSF25
5,P13,CCC_Sender_TNFSF14_to_LTBR,4.1895956547074755e-05,shap_tree,Sender,TNFSF14,LTBR,TNFSF14 → LTBR
5,P13,CCC_Receiver_TNFSF14_to_LTBR,0.00021474182800387533,shap_tree,Receiver,TNFSF14,LTBR,TNFSF14 → LTBR
5,P13,CCC_Sender_TNFSF14_to_TNFRSF14,4.040034397483016e-05,shap_tree,Sender,TNFSF14,TNFRSF14,TNFSF14 → TNFRSF14
5,P13,CCC_Receiver_TNFSF14_to_TNFRSF14,0.003332284088128643,shap_tree,Receiver,TNFSF14,TNFRSF14,TNFSF14 → TNFRSF14
5,P13,CCC_Sender_TNFSF4_to_TNFRSF4,0.0,shap_tree,Sender,TNFSF4,TNFRSF4,TNFSF4 → TNFRSF4
5,P13,CCC_Receiver_TNFSF4_to_TNFRSF4,0.00044156554264511834,shap_tree,Receiver,TNFSF4,TNFRSF4,TNFSF4 → TNFRSF4
5,P13,CCC_Sender_TNFSF9_to_TNFRSF9,0.00011613370411105647,shap_tree,Sender,TNFSF9,TNFRSF9,TNFSF9 → TNFRSF9
5,P13,CCC_Receiver_TNFSF9_to_TNFRSF9,0.00016787893264176218,shap_tree,Receiver,TNFSF9,TNFRSF9,TNFSF9 → TNFRSF9
5,P13,CCC_Sender_VEGFA_to_NRP1,2.7464147051943095e-05,shap_tree,Sender,VEGFA,NRP1,VEGFA → NRP1
5,P13,CCC_Receiver_VEGFA_to_NRP1,0.0002616964209910463,shap_tree,Receiver,VEGFA,NRP1,VEGFA → NRP1
5,P13,CCC_Sender_VEGFA_to_NRP2,3.6887241053012804e-05,shap_tree,Sender,VEGFA,NRP2,VEGFA → NRP2
5,P13,CCC_Receiver_VEGFA_to_NRP2,2.6432185587604905e-07,shap_tree,Receiver,VEGFA,NRP2,VEGFA → NRP2
5,P13,CCC_Sender_VEGFB_to_NRP1,2.158732730872058e-05,shap_tree,Sender,VEGFB,NRP1,VEGFB → NRP1
5,P13,CCC_Receiver_VEGFB_to_NRP1,0.0001240285598819373,shap_tree,Receiver,VEGFB,NRP1,VEGFB → NRP1
5,P13,CCC_Sender_CD274_to_PDCD1,3.753507196057965e-05,shap_tree,Sender,CD274,PDCD1,CD274 → PDCD1
5,P13,CCC_Receiver_CD274_to_PDCD1,0.0021206882160829726,shap_tree,Receiver,CD274,PDCD1,CD274 → PDCD1
5,P13,CCC_Sender_CD86_to_CTLA4,0.00042005199017626374,shap_tree,Sender,CD86,CTLA4,CD86 → CTLA4
5,P13,CCC_Receiver_CD86_to_CTLA4,0.0019653128732693786,shap_tree,Receiver,CD86,CTLA4,CD86 → CTLA4
5,P13,CCC_Sender_CD86_to_CD28,1.62918985676564e-05,shap_tree,Sender,CD86,CD28,CD86 → CD28
5,P13,CCC_Receiver_CD86_to_CD28,0.0007699166967549344,shap_tree,Receiver,CD86,CD28,CD86 → CD28
5,P13,CCC_Sender_ICOSLG_to_ICOS,4.561453652147727e-06,shap_tree,Sender,ICOSLG,ICOS,ICOSLG → ICOS
5,P13,CCC_Receiver_ICOSLG_to_ICOS,0.0003325724655760429,shap_tree,Receiver,ICOSLG,ICOS,ICOSLG → ICOS
5,P13,CCC_Sender_CD40LG_to_CD40,0.00011934113619066429,shap_tree,Sender,CD40LG,CD40,CD40LG → CD40
5,P13,CCC_Receiver_CD40LG_to_CD40,4.906358367666561e-05,shap_tree,Receiver,CD40LG,CD40,CD40LG → CD40
6,P14,CCC_Sender_ICAM1_to_ITGAL,0.0002228745720931075,shap_tree,Sender,ICAM1,ITGAL,ICAM1 → ITGAL
6,P14,CCC_Receiver_ICAM1_to_ITGAL,0.0031889793184403064,shap_tree,Receiver,ICAM1,ITGAL,ICAM1 → ITGAL
6,P14,CCC_Sender_CCL2_to_CCR2,0.00015777444344032028,shap_tree,Sender,CCL2,CCR2,CCL2 → CCR2
6,P14,CCC_Receiver_CCL2_to_CCR2,1.3630460147061809e-06,shap_tree,Receiver,CCL2,CCR2,CCL2 → CCR2
6,P14,CCC_Sender_CCL3_to_CCR1,0.007659215685606348,shap_tree,Sender,CCL3,CCR1,CCL3 → CCR1
6,P14,CCC_Receiver_CCL3_to_CCR1,6.582753295273784e-05,shap_tree,Receiver,CCL3,CCR1,CCL3 → CCR1
6,P14,CCC_Sender_CCL3_to_CCR5,0.0057607461603730765,shap_tree,Sender,CCL3,CCR5,CCL3 → CCR5
6,P14,CCC_Receiver_CCL3_to_CCR5,0.0018376412811935354,shap_tree,Receiver,CCL3,CCR5,CCL3 → CCR5
6,P14,CCC_Sender_CCL3L1_to_CCR1,0.00020615948194446914,shap_tree,Sender,CCL3L1,CCR1,CCL3L1 → CCR1
6,P14,CCC_Receiver_CCL3L1_to_CCR1,0.00029411775440806644,shap_tree,Receiver,CCL3L1,CCR1,CCL3L1 → CCR1
6,P14,CCC_Sender_CCL4_to_CCR5,0.0055423637755663,shap_tree,Sender,CCL4,CCR5,CCL4 → CCR5
6,P14,CCC_Receiver_CCL4_to_CCR5,0.0009935587818339913,shap_tree,Receiver,CCL4,CCR5,CCL4 → CCR5
6,P14,CCC_Sender_CCL5_to_CCR1,0.06249520288329692,shap_tree,Sender,CCL5,CCR1,CCL5 → CCR1
6,P14,CCC_Receiver_CCL5_to_CCR1,0.0,shap_tree,Receiver,CCL5,CCR1,CCL5 → CCR1
6,P14,CCC_Sender_CCL5_to_CCR4,0.007226456175425997,shap_tree,Sender,CCL5,CCR4,CCL5 → CCR4
6,P14,CCC_Receiver_CCL5_to_CCR4,0.0,shap_tree,Receiver,CCL5,CCR4,CCL5 → CCR4
6,P14,CCC_Sender_CCL5_to_CCR5,0.016318134385261557,shap_tree,Sender,CCL5,CCR5,CCL5 → CCR5
6,P14,CCC_Receiver_CCL5_to_CCR5,0.00027400836380209995,shap_tree,Receiver,CCL5,CCR5,CCL5 → CCR5
6,P14,CCC_Sender_CXCL13_to_CXCR5,0.00028337628103080996,shap_tree,Sender,CXCL13,CXCR5,CXCL13 → CXCR5
6,P14,CCC_Receiver_CXCL13_to_CXCR5,5.019308391406474e-05,shap_tree,Receiver,CXCL13,CXCR5,CXCL13 → CXCR5
6,P14,CCC_Sender_CXCL16_to_CXCR6,0.0001533358068291128,shap_tree,Sender,CXCL16,CXCR6,CXCL16 → CXCR6
6,P14,CCC_Receiver_CXCL16_to_CXCR6,0.0004139543802820636,shap_tree,Receiver,CXCL16,CXCR6,CXCL16 → CXCR6
6,P14,CCC_Sender_CXCL2_to_DPP4,0.00017211402041687523,shap_tree,Sender,CXCL2,DPP4,CXCL2 → DPP4
6,P14,CCC_Receiver_CXCL2_to_DPP4,3.540227348545981e-06,shap_tree,Receiver,CXCL2,DPP4,CXCL2 → DPP4
6,P14,CCC_Sender_CSF1_to_CSF1R,2.397658840350654e-05,shap_tree,Sender,CSF1,CSF1R,CSF1 → CSF1R
6,P14,CCC_Receiver_CSF1_to_CSF1R,0.001090931693993747,shap_tree,Receiver,CSF1,CSF1R,CSF1 → CSF1R
6,P14,CCC_Sender_LGALS9_to_HAVCR2,0.0038336161675789644,shap_tree,Sender,LGALS9,HAVCR2,LGALS9 → HAVCR2
6,P14,CCC_Receiver_LGALS9_to_HAVCR2,0.008417549738712133,shap_tree,Receiver,LGALS9,HAVCR2,LGALS9 → HAVCR2
6,P14,CCC_Sender_LGALS9_to_P4HB,0.004258875559283642,shap_tree,Sender,LGALS9,P4HB,LGALS9 → P4HB
6,P14,CCC_Receiver_LGALS9_to_P4HB,0.023629535467182987,shap_tree,Receiver,LGALS9,P4HB,LGALS9 → P4HB
6,P14,CCC_Sender_HLA-B_to_KIR3DL2,0.008349361465937611,shap_tree,Sender,HLA-B,KIR3DL2,HLA-B → KIR3DL2
6,P14,CCC_Receiver_HLA-B_to_KIR3DL2,0.0,shap_tree,Receiver,HLA-B,KIR3DL2,HLA-B → KIR3DL2
6,P14,CCC_Sender_HLA-C_to_KIR2DL3,0.013878270327124194,shap_tree,Sender,HLA-C,KIR2DL3,HLA-C → KIR2DL3
6,P14,CCC_Receiver_HLA-C_to_KIR2DL3,0.0,shap_tree,Receiver,HLA-C,KIR2DL3,HLA-C → KIR2DL3
6,P14,CCC_Sender_HLA-E_to_KLRC1,0.006491266853530386,shap_tree,Sender,HLA-E,KLRC1,HLA-E → KLRC1
6,P14,CCC_Receiver_HLA-E_to_KLRC1,5.213595469869061e-06,shap_tree,Receiver,HLA-E,KLRC1,HLA-E → KLRC1
6,P14,CCC_Sender_HLA-E_to_KLRC2,0.016941764388027684,shap_tree,Sender,HLA-E,KLRC2,HLA-E → KLRC2
6,P14,CCC_Receiver_HLA-E_to_KLRC2,2.5232874424914778e-06,shap_tree,Receiver,HLA-E,KLRC2,HLA-E → KLRC2
6,P14,CCC_Sender_HLA-E_to_KLRK1,0.00687105558316148,shap_tree,Sender,HLA-E,KLRK1,HLA-E → KLRK1
6,P14,CCC_Receiver_HLA-E_to_KLRK1,1.5863991362012423e-05,shap_tree,Receiver,HLA-E,KLRK1,HLA-E → KLRK1
6,P14,CCC_Sender_HLA-F_to_KIR3DL2,0.0019835178689607065,shap_tree,Sender,HLA-F,KIR3DL2,HLA-F → KIR3DL2
6,P14,CCC_Receiver_HLA-F_to_KIR3DL2,0.0,shap_tree,Receiver,HLA-F,KIR3DL2,HLA-F → KIR3DL2
6,P14,CCC_Sender_HLA-F_to_LILRB1,0.009916752735085434,shap_tree,Sender,HLA-F,LILRB1,HLA-F → LILRB1
6,P14,CCC_Receiver_HLA-F_to_LILRB1,6.096301957272091e-05,shap_tree,Receiver,HLA-F,LILRB1,HLA-F → LILRB1
6,P14,CCC_Sender_HLA-F_to_LILRB2,0.048193768188488285,shap_tree,Sender,HLA-F,LILRB2,HLA-F → LILRB2
6,P14,CCC_Receiver_HLA-F_to_LILRB2,0.00010040765003918065,shap_tree,Receiver,HLA-F,LILRB2,HLA-F → LILRB2
6,P14,CCC_Sender_HLA-G_to_LILRB1,0.00495490707264588,shap_tree,Sender,HLA-G,LILRB1,HLA-G → LILRB1
6,P14,CCC_Receiver_HLA-G_to_LILRB1,0.00022494466247422202,shap_tree,Receiver,HLA-G,LILRB1,HLA-G → LILRB1
6,P14,CCC_Sender_HLA-G_to_LILRB2,0.03242824896091111,shap_tree,Sender,HLA-G,LILRB2,HLA-G → LILRB2
6,P14,CCC_Receiver_HLA-G_to_LILRB2,0.0005086031166277331,shap_tree,Receiver,HLA-G,LILRB2,HLA-G → LILRB2
6,P14,CCC_Sender_LTB_to_LTBR,0.008735800258831762,shap_tree,Sender,LTB,LTBR,LTB → LTBR
6,P14,CCC_Receiver_LTB_to_LTBR,0.00014474326952977943,shap_tree,Receiver,LTB,LTBR,LTB → LTBR
6,P14,CCC_Sender_PVR_to_CD226,0.0,shap_tree,Sender,PVR,CD226,PVR → CD226
6,P14,CCC_Receiver_PVR_to_CD226,7.183614887197434e-07,shap_tree,Receiver,PVR,CD226,PVR → CD226
6,P14,CCC_Sender_PVR_to_CD96,0.0,shap_tree,Sender,PVR,CD96,PVR → CD96
6,P14,CCC_Receiver_PVR_to_CD96,0.0032483498355800598,shap_tree,Receiver,PVR,CD96,PVR → CD96
6,P14,CCC_Sender_PVR_to_TIGIT,0.0,shap_tree,Sender,PVR,TIGIT,PVR → TIGIT
6,P14,CCC_Receiver_PVR_to_TIGIT,0.0030115025632020433,shap_tree,Receiver,PVR,TIGIT,PVR → TIGIT
6,P14,CCC_Sender_SELPLG_to_SELL,0.0014354115217775259,shap_tree,Sender,SELPLG,SELL,SELPLG → SELL
6,P14,CCC_Receiver_SELPLG_to_SELL,2.479233682008165e-06,shap_tree,Receiver,SELPLG,SELL,SELPLG → SELL
6,P14,CCC_Sender_TGFB1_to_TGFBR3,1.1749545902742036e-05,shap_tree,Sender,TGFB1,TGFBR3,TGFB1 → TGFBR3
6,P14,CCC_Receiver_TGFB1_to_TGFBR3,3.2646505891507554e-06,shap_tree,Receiver,TGFB1,TGFBR3,TGFB1 → TGFBR3
6,P14,CCC_Sender_BTLA_to_TNFRSF14,8.472416982336238e-07,shap_tree,Sender,BTLA,TNFRSF14,BTLA → TNFRSF14
6,P14,CCC_Receiver_BTLA_to_TNFRSF14,0.0001291185193287454,shap_tree,Receiver,BTLA,TNFRSF14,BTLA → TNFRSF14
6,P14,CCC_Sender_FASLG_to_FAS,0.0,shap_tree,Sender,FASLG,FAS,FASLG → FAS
6,P14,CCC_Receiver_FASLG_to_FAS,0.0,shap_tree,Receiver,FASLG,FAS,FASLG → FAS
6,P14,CCC_Sender_LTA_to_TNFRSF14,4.053466983530025e-06,shap_tree,Sender,LTA,TNFRSF14,LTA → TNFRSF14
6,P14,CCC_Receiver_LTA_to_TNFRSF14,2.8893981361568254e-05,shap_tree,Receiver,LTA,TNFRSF14,LTA → TNFRSF14
6,P14,CCC_Sender_LTA_to_TNFRSF1A,7.1737805161603305e-06,shap_tree,Sender,LTA,TNFRSF1A,LTA → TNFRSF1A
6,P14,CCC_Receiver_LTA_to_TNFRSF1A,3.6799489732705125e-06,shap_tree,Receiver,LTA,TNFRSF1A,LTA → TNFRSF1A
6,P14,CCC_Sender_LTA_to_TNFRSF1B,0.0,shap_tree,Sender,LTA,TNFRSF1B,LTA → TNFRSF1B
6,P14,CCC_Receiver_LTA_to_TNFRSF1B,0.001033541186915442,shap_tree,Receiver,LTA,TNFRSF1B,LTA → TNFRSF1B
6,P14,CCC_Sender_TNF_to_TNFRSF1A,0.0005745933888608272,shap_tree,Sender,TNF,TNFRSF1A,TNF → TNFRSF1A
6,P14,CCC_Receiver_TNF_to_TNFRSF1A,0.0004629183400950501,shap_tree,Receiver,TNF,TNFRSF1A,TNF → TNFRSF1A
6,P14,CCC_Sender_TNF_to_TNFRSF1B,8.424119701343578e-05,shap_tree,Sender,TNF,TNFRSF1B,TNF → TNFRSF1B
6,P14,CCC_Receiver_TNF_to_TNFRSF1B,0.002567127586289391,shap_tree,Receiver,TNF,TNFRSF1B,TNF → TNFRSF1B
6,P14,CCC_Sender_TNFSF10_to_TNFRSF10A,0.00014438790874774432,shap_tree,Sender,TNFSF10,TNFRSF10A,TNFSF10 → TNFRSF10A
6,P14,CCC_Receiver_TNFSF10_to_TNFRSF10A,0.0,shap_tree,Receiver,TNFSF10,TNFRSF10A,TNFSF10 → TNFRSF10A
6,P14,CCC_Sender_TNFSF10_to_TNFRSF10B,2.6239663254816714e-05,shap_tree,Sender,TNFSF10,TNFRSF10B,TNFSF10 → TNFRSF10B
6,P14,CCC_Receiver_TNFSF10_to_TNFRSF10B,0.0,shap_tree,Receiver,TNFSF10,TNFRSF10B,TNFSF10 → TNFRSF10B
6,P14,CCC_Sender_TNFSF10_to_TNFRSF10D,0.0,shap_tree,Sender,TNFSF10,TNFRSF10D,TNFSF10 → TNFRSF10D
6,P14,CCC_Receiver_TNFSF10_to_TNFRSF10D,0.0,shap_tree,Receiver,TNFSF10,TNFRSF10D,TNFSF10 → TNFRSF10D
6,P14,CCC_Sender_TNFSF12_to_TNFRSF12A,0.0,shap_tree,Sender,TNFSF12,TNFRSF12A,TNFSF12 → TNFRSF12A
6,P14,CCC_Receiver_TNFSF12_to_TNFRSF12A,0.0,shap_tree,Receiver,TNFSF12,TNFRSF12A,TNFSF12 → TNFRSF12A
6,P14,CCC_Sender_TNFSF12_to_TNFRSF25,3.498473270712114e-05,shap_tree,Sender,TNFSF12,TNFRSF25,TNFSF12 → TNFRSF25
6,P14,CCC_Receiver_TNFSF12_to_TNFRSF25,5.55311253265622e-05,shap_tree,Receiver,TNFSF12,TNFRSF25,TNFSF12 → TNFRSF25
6,P14,CCC_Sender_TNFSF14_to_LTBR,0.0,shap_tree,Sender,TNFSF14,LTBR,TNFSF14 → LTBR
6,P14,CCC_Receiver_TNFSF14_to_LTBR,9.661013525620307e-06,shap_tree,Receiver,TNFSF14,LTBR,TNFSF14 → LTBR
6,P14,CCC_Sender_TNFSF14_to_TNFRSF14,0.0,shap_tree,Sender,TNFSF14,TNFRSF14,TNFSF14 → TNFRSF14
6,P14,CCC_Receiver_TNFSF14_to_TNFRSF14,0.0032789596962803876,shap_tree,Receiver,TNFSF14,TNFRSF14,TNFSF14 → TNFRSF14
6,P14,CCC_Sender_TNFSF4_to_TNFRSF4,3.0515074774697325e-06,shap_tree,Sender,TNFSF4,TNFRSF4,TNFSF4 → TNFRSF4
6,P14,CCC_Receiver_TNFSF4_to_TNFRSF4,5.5219965305222076e-05,shap_tree,Receiver,TNFSF4,TNFRSF4,TNFSF4 → TNFRSF4
6,P14,CCC_Sender_TNFSF9_to_TNFRSF9,9.608461300420939e-05,shap_tree,Sender,TNFSF9,TNFRSF9,TNFSF9 → TNFRSF9
6,P14,CCC_Receiver_TNFSF9_to_TNFRSF9,9.093623824805922e-05,shap_tree,Receiver,TNFSF9,TNFRSF9,TNFSF9 → TNFRSF9
6,P14,CCC_Sender_VEGFA_to_NRP1,0.0,shap_tree,Sender,VEGFA,NRP1,VEGFA → NRP1
6,P14,CCC_Receiver_VEGFA_to_NRP1,0.00019238920038821015,shap_tree,Receiver,VEGFA,NRP1,VEGFA → NRP1
6,P14,CCC_Sender_VEGFA_to_NRP2,0.0,shap_tree,Sender,VEGFA,NRP2,VEGFA → NRP2
6,P14,CCC_Receiver_VEGFA_to_NRP2,0.0,shap_tree,Receiver,VEGFA,NRP2,VEGFA → NRP2
6,P14,CCC_Sender_VEGFB_to_NRP1,1.8941304824264709e-07,shap_tree,Sender,VEGFB,NRP1,VEGFB → NRP1
6,P14,CCC_Receiver_VEGFB_to_NRP1,9.910159522400915e-05,shap_tree,Receiver,VEGFB,NRP1,VEGFB → NRP1
6,P14,CCC_Sender_CD274_to_PDCD1,0.0,shap_tree,Sender,CD274,PDCD1,CD274 → PDCD1
6,P14,CCC_Receiver_CD274_to_PDCD1,0.0015823101152139282,shap_tree,Receiver,CD274,PDCD1,CD274 → PDCD1
6,P14,CCC_Sender_CD86_to_CTLA4,0.0,shap_tree,Sender,CD86,CTLA4,CD86 → CTLA4
6,P14,CCC_Receiver_CD86_to_CTLA4,0.0014202476668445957,shap_tree,Receiver,CD86,CTLA4,CD86 → CTLA4
6,P14,CCC_Sender_CD86_to_CD28,0.00016564854068667275,shap_tree,Sender,CD86,CD28,CD86 → CD28
6,P14,CCC_Receiver_CD86_to_CD28,0.000588838538076723,shap_tree,Receiver,CD86,CD28,CD86 → CD28
6,P14,CCC_Sender_ICOSLG_to_ICOS,0.0,shap_tree,Sender,ICOSLG,ICOS,ICOSLG → ICOS
6,P14,CCC_Receiver_ICOSLG_to_ICOS,0.0002739159927078343,shap_tree,Receiver,ICOSLG,ICOS,ICOSLG → ICOS
6,P14,CCC_Sender_CD40LG_to_CD40,0.0,shap_tree,Sender,CD40LG,CD40,CD40LG → CD40
6,P14,CCC_Receiver_CD40LG_to_CD40,6.662123488738698e-05,shap_tree,Receiver,CD40LG,CD40,CD40LG → CD40
7,P15,CCC_Sender_ICAM1_to_ITGAL,2.393392155272614e-05,shap_tree,Sender,ICAM1,ITGAL,ICAM1 → ITGAL
7,P15,CCC_Receiver_ICAM1_to_ITGAL,0.004140146973571807,shap_tree,Receiver,ICAM1,ITGAL,ICAM1 → ITGAL
7,P15,CCC_Sender_CCL2_to_CCR2,0.0,shap_tree,Sender,CCL2,CCR2,CCL2 → CCR2
7,P15,CCC_Receiver_CCL2_to_CCR2,0.0,shap_tree,Receiver,CCL2,CCR2,CCL2 → CCR2
7,P15,CCC_Sender_CCL3_to_CCR1,0.010513254390951653,shap_tree,Sender,CCL3,CCR1,CCL3 → CCR1
7,P15,CCC_Receiver_CCL3_to_CCR1,1.5011463891880668e-05,shap_tree,Receiver,CCL3,CCR1,CCL3 → CCR1
7,P15,CCC_Sender_CCL3_to_CCR5,0.0030794164387013627,shap_tree,Sender,CCL3,CCR5,CCL3 → CCR5
7,P15,CCC_Receiver_CCL3_to_CCR5,0.0013461635278968788,shap_tree,Receiver,CCL3,CCR5,CCL3 → CCR5
7,P15,CCC_Sender_CCL3L1_to_CCR1,0.0004732444579443195,shap_tree,Sender,CCL3L1,CCR1,CCL3L1 → CCR1
7,P15,CCC_Receiver_CCL3L1_to_CCR1,0.0003083457722026673,shap_tree,Receiver,CCL3L1,CCR1,CCL3L1 → CCR1
7,P15,CCC_Sender_CCL4_to_CCR5,0.005176315829246363,shap_tree,Sender,CCL4,CCR5,CCL4 → CCR5
7,P15,CCC_Receiver_CCL4_to_CCR5,0.0017354838880799261,shap_tree,Receiver,CCL4,CCR5,CCL4 → CCR5
7,P15,CCC_Sender_CCL5_to_CCR1,0.0833979508467175,shap_tree,Sender,CCL5,CCR1,CCL5 → CCR1
7,P15,CCC_Receiver_CCL5_to_CCR1,0.0,shap_tree,Receiver,CCL5,CCR1,CCL5 → CCR1
7,P15,CCC_Sender_CCL5_to_CCR4,0.006677458379954666,shap_tree,Sender,CCL5,CCR4,CCL5 → CCR4
7,P15,CCC_Receiver_CCL5_to_CCR4,0.0,shap_tree,Receiver,CCL5,CCR4,CCL5 → CCR4
7,P15,CCC_Sender_CCL5_to_CCR5,0.014083535323175245,shap_tree,Sender,CCL5,CCR5,CCL5 → CCR5
7,P15,CCC_Receiver_CCL5_to_CCR5,0.0005780057496138408,shap_tree,Receiver,CCL5,CCR5,CCL5 → CCR5
7,P15,CCC_Sender_CXCL13_to_CXCR5,0.0001865007042290938,shap_tree,Sender,CXCL13,CXCR5,CXCL13 → CXCR5
7,P15,CCC_Receiver_CXCL13_to_CXCR5,2.5425553976672425e-05,shap_tree,Receiver,CXCL13,CXCR5,CXCL13 → CXCR5
7,P15,CCC_Sender_CXCL16_to_CXCR6,7.32004728691487e-05,shap_tree,Sender,CXCL16,CXCR6,CXCL16 → CXCR6
7,P15,CCC_Receiver_CXCL16_to_CXCR6,0.0012202494358520544,shap_tree,Receiver,CXCL16,CXCR6,CXCL16 → CXCR6
7,P15,CCC_Sender_CXCL2_to_DPP4,0.00028087693247258363,shap_tree,Sender,CXCL2,DPP4,CXCL2 → DPP4
7,P15,CCC_Receiver_CXCL2_to_DPP4,1.6128735969860996e-06,shap_tree,Receiver,CXCL2,DPP4,CXCL2 → DPP4
7,P15,CCC_Sender_CSF1_to_CSF1R,6.216451994543212e-05,shap_tree,Sender,CSF1,CSF1R,CSF1 → CSF1R
7,P15,CCC_Receiver_CSF1_to_CSF1R,0.0011742484559476463,shap_tree,Receiver,CSF1,CSF1R,CSF1 → CSF1R
7,P15,CCC_Sender_LGALS9_to_HAVCR2,0.0043125348761562845,shap_tree,Sender,LGALS9,HAVCR2,LGALS9 → HAVCR2
7,P15,CCC_Receiver_LGALS9_to_HAVCR2,0.004871838586428888,shap_tree,Receiver,LGALS9,HAVCR2,LGALS9 → HAVCR2
7,P15,CCC_Sender_LGALS9_to_P4HB,0.0026900421089340234,shap_tree,Sender,LGALS9,P4HB,LGALS9 → P4HB
7,P15,CCC_Receiver_LGALS9_to_P4HB,0.01077390216548605,shap_tree,Receiver,LGALS9,P4HB,LGALS9 → P4HB
7,P15,CCC_Sender_HLA-B_to_KIR3DL2,0.009692417783635686,shap_tree,Sender,HLA-B,KIR3DL2,HLA-B → KIR3DL2
7,P15,CCC_Receiver_HLA-B_to_KIR3DL2,1.9860854587876208e-07,shap_tree,Receiver,HLA-B,KIR3DL2,HLA-B → KIR3DL2
7,P15,CCC_Sender_HLA-C_to_KIR2DL3,0.013736611649071296,shap_tree,Sender,HLA-C,KIR2DL3,HLA-C → KIR2DL3
7,P15,CCC_Receiver_HLA-C_to_KIR2DL3,0.0,shap_tree,Receiver,HLA-C,KIR2DL3,HLA-C → KIR2DL3
7,P15,CCC_Sender_HLA-E_to_KLRC1,0.0065865573424128175,shap_tree,Sender,HLA-E,KLRC1,HLA-E → KLRC1
7,P15,CCC_Receiver_HLA-E_to_KLRC1,1.4563781238382089e-05,shap_tree,Receiver,HLA-E,KLRC1,HLA-E → KLRC1
7,P15,CCC_Sender_HLA-E_to_KLRC2,0.022598998883438737,shap_tree,Sender,HLA-E,KLRC2,HLA-E → KLRC2
7,P15,CCC_Receiver_HLA-E_to_KLRC2,0.0,shap_tree,Receiver,HLA-E,KLRC2,HLA-E → KLRC2
7,P15,CCC_Sender_HLA-E_to_KLRK1,0.010753385895996418,shap_tree,Sender,HLA-E,KLRK1,HLA-E → KLRK1
7,P15,CCC_Receiver_HLA-E_to_KLRK1,0.0,shap_tree,Receiver,HLA-E,KLRK1,HLA-E → KLRK1
7,P15,CCC_Sender_HLA-F_to_KIR3DL2,0.002481597150169899,shap_tree,Sender,HLA-F,KIR3DL2,HLA-F → KIR3DL2
7,P15,CCC_Receiver_HLA-F_to_KIR3DL2,0.0,shap_tree,Receiver,HLA-F,KIR3DL2,HLA-F → KIR3DL2
7,P15,CCC_Sender_HLA-F_to_LILRB1,0.005156728384023926,shap_tree,Sender,HLA-F,LILRB1,HLA-F → LILRB1
7,P15,CCC_Receiver_HLA-F_to_LILRB1,5.724407234917704e-06,shap_tree,Receiver,HLA-F,LILRB1,HLA-F → LILRB1
7,P15,CCC_Sender_HLA-F_to_LILRB2,0.047839982991719904,shap_tree,Sender,HLA-F,LILRB2,HLA-F → LILRB2
7,P15,CCC_Receiver_HLA-F_to_LILRB2,2.244153802235868e-05,shap_tree,Receiver,HLA-F,LILRB2,HLA-F → LILRB2
7,P15,CCC_Sender_HLA-G_to_LILRB1,0.0036208258537559625,shap_tree,Sender,HLA-G,LILRB1,HLA-G → LILRB1
7,P15,CCC_Receiver_HLA-G_to_LILRB1,1.9680002509419543e-05,shap_tree,Receiver,HLA-G,LILRB1,HLA-G → LILRB1
7,P15,CCC_Sender_HLA-G_to_LILRB2,0.03506973907952022,shap_tree,Sender,HLA-G,LILRB2,HLA-G → LILRB2
7,P15,CCC_Receiver_HLA-G_to_LILRB2,2.765092181559689e-05,shap_tree,Receiver,HLA-G,LILRB2,HLA-G → LILRB2
7,P15,CCC_Sender_LTB_to_LTBR,0.001000008916918059,shap_tree,Sender,LTB,LTBR,LTB → LTBR
7,P15,CCC_Receiver_LTB_to_LTBR,0.00010586955811846606,shap_tree,Receiver,LTB,LTBR,LTB → LTBR
7,P15,CCC_Sender_PVR_to_CD226,0.0,shap_tree,Sender,PVR,CD226,PVR → CD226
7,P15,CCC_Receiver_PVR_to_CD226,8.87974458575366e-06,shap_tree,Receiver,PVR,CD226,PVR → CD226
7,P15,CCC_Sender_PVR_to_CD96,0.0,shap_tree,Sender,PVR,CD96,PVR → CD96
7,P15,CCC_Receiver_PVR_to_CD96,0.003661071242949718,shap_tree,Receiver,PVR,CD96,PVR → CD96
7,P15,CCC_Sender_PVR_to_TIGIT,0.0,shap_tree,Sender,PVR,TIGIT,PVR → TIGIT
7,P15,CCC_Receiver_PVR_to_TIGIT,0.0029859583369368924,shap_tree,Receiver,PVR,TIGIT,PVR → TIGIT
7,P15,CCC_Sender_SELPLG_to_SELL,0.0008520037951563275,shap_tree,Sender,SELPLG,SELL,SELPLG → SELL
7,P15,CCC_Receiver_SELPLG_to_SELL,2.637123460508945e-05,shap_tree,Receiver,SELPLG,SELL,SELPLG → SELL
7,P15,CCC_Sender_TGFB1_to_TGFBR3,1.4314893457430372e-05,shap_tree,Sender,TGFB1,TGFBR3,TGFB1 → TGFBR3
7,P15,CCC_Receiver_TGFB1_to_TGFBR3,3.7077237817203245e-05,shap_tree,Receiver,TGFB1,TGFBR3,TGFB1 → TGFBR3
7,P15,CCC_Sender_BTLA_to_TNFRSF14,1.8544019524198255e-05,shap_tree,Sender,BTLA,TNFRSF14,BTLA → TNFRSF14
7,P15,CCC_Receiver_BTLA_to_TNFRSF14,0.0002893021052575693,shap_tree,Receiver,BTLA,TNFRSF14,BTLA → TNFRSF14
7,P15,CCC_Sender_FASLG_to_FAS,1.522532117785318e-05,shap_tree,Sender,FASLG,FAS,FASLG → FAS
7,P15,CCC_Receiver_FASLG_to_FAS,0.0,shap_tree,Receiver,FASLG,FAS,FASLG → FAS
7,P15,CCC_Sender_LTA_to_TNFRSF14,2.8259606330792657e-06,shap_tree,Sender,LTA,TNFRSF14,LTA → TNFRSF14
7,P15,CCC_Receiver_LTA_to_TNFRSF14,4.883398251137188e-05,shap_tree,Receiver,LTA,TNFRSF14,LTA → TNFRSF14
7,P15,CCC_Sender_LTA_to_TNFRSF1A,4.491846354211164e-06,shap_tree,Sender,LTA,TNFRSF1A,LTA → TNFRSF1A
7,P15,CCC_Receiver_LTA_to_TNFRSF1A,0.00010817763685872651,shap_tree,Receiver,LTA,TNFRSF1A,LTA → TNFRSF1A
7,P15,CCC_Sender_LTA_to_TNFRSF1B,2.666591486370998e-06,shap_tree,Sender,LTA,TNFRSF1B,LTA → TNFRSF1B
7,P15,CCC_Receiver_LTA_to_TNFRSF1B,0.0015553032902502941,shap_tree,Receiver,LTA,TNFRSF1B,LTA → TNFRSF1B
7,P15,CCC_Sender_TNF_to_TNFRSF1A,0.0003026315951928403,shap_tree,Sender,TNF,TNFRSF1A,TNF → TNFRSF1A
7,P15,CCC_Receiver_TNF_to_TNFRSF1A,0.00040664283189555415,shap_tree,Receiver,TNF,TNFRSF1A,TNF → TNFRSF1A
7,P15,CCC_Sender_TNF_to_TNFRSF1B,1.3651347666581806e-21,shap_tree,Sender,TNF,TNFRSF1B,TNF → TNFRSF1B
7,P15,CCC_Receiver_TNF_to_TNFRSF1B,0.0019370532925275193,shap_tree,Receiver,TNF,TNFRSF1B,TNF → TNFRSF1B
7,P15,CCC_Sender_TNFSF10_to_TNFRSF10A,1.1882337606087371e-06,shap_tree,Sender,TNFSF10,TNFRSF10A,TNFSF10 → TNFRSF10A
7,P15,CCC_Receiver_TNFSF10_to_TNFRSF10A,0.0,shap_tree,Receiver,TNFSF10,TNFRSF10A,TNFSF10 → TNFRSF10A
7,P15,CCC_Sender_TNFSF10_to_TNFRSF10B,0.00030134848303599917,shap_tree,Sender,TNFSF10,TNFRSF10B,TNFSF10 → TNFRSF10B
7,P15,CCC_Receiver_TNFSF10_to_TNFRSF10B,0.0,shap_tree,Receiver,TNFSF10,TNFRSF10B,TNFSF10 → TNFRSF10B
7,P15,CCC_Sender_TNFSF10_to_TNFRSF10D,0.0,shap_tree,Sender,TNFSF10,TNFRSF10D,TNFSF10 → TNFRSF10D
7,P15,CCC_Receiver_TNFSF10_to_TNFRSF10D,0.0,shap_tree,Receiver,TNFSF10,TNFRSF10D,TNFSF10 → TNFRSF10D
7,P15,CCC_Sender_TNFSF12_to_TNFRSF12A,0.0,shap_tree,Sender,TNFSF12,TNFRSF12A,TNFSF12 → TNFRSF12A
7,P15,CCC_Receiver_TNFSF12_to_TNFRSF12A,0.0,shap_tree,Receiver,TNFSF12,TNFRSF12A,TNFSF12 → TNFRSF12A
7,P15,CCC_Sender_TNFSF12_to_TNFRSF25,4.657242850336766e-06,shap_tree,Sender,TNFSF12,TNFRSF25,TNFSF12 → TNFRSF25
7,P15,CCC_Receiver_TNFSF12_to_TNFRSF25,1.4964516990233619e-05,shap_tree,Receiver,TNFSF12,TNFRSF25,TNFSF12 → TNFRSF25
7,P15,CCC_Sender_TNFSF14_to_LTBR,7.997123267998053e-06,shap_tree,Sender,TNFSF14,LTBR,TNFSF14 → LTBR
7,P15,CCC_Receiver_TNFSF14_to_LTBR,0.0002136779545866002,shap_tree,Receiver,TNFSF14,LTBR,TNFSF14 → LTBR
7,P15,CCC_Sender_TNFSF14_to_TNFRSF14,0.0,shap_tree,Sender,TNFSF14,TNFRSF14,TNFSF14 → TNFRSF14
7,P15,CCC_Receiver_TNFSF14_to_TNFRSF14,0.0018850074069072117,shap_tree,Receiver,TNFSF14,TNFRSF14,TNFSF14 → TNFRSF14
7,P15,CCC_Sender_TNFSF4_to_TNFRSF4,0.0,shap_tree,Sender,TNFSF4,TNFRSF4,TNFSF4 → TNFRSF4
7,P15,CCC_Receiver_TNFSF4_to_TNFRSF4,7.565832672103166e-05,shap_tree,Receiver,TNFSF4,TNFRSF4,TNFSF4 → TNFRSF4
7,P15,CCC_Sender_TNFSF9_to_TNFRSF9,2.761390894058323e-05,shap_tree,Sender,TNFSF9,TNFRSF9,TNFSF9 → TNFRSF9
7,P15,CCC_Receiver_TNFSF9_to_TNFRSF9,9.460453239837315e-05,shap_tree,Receiver,TNFSF9,TNFRSF9,TNFSF9 → TNFRSF9
7,P15,CCC_Sender_VEGFA_to_NRP1,0.0,shap_tree,Sender,VEGFA,NRP1,VEGFA → NRP1
7,P15,CCC_Receiver_VEGFA_to_NRP1,0.00011571078518114654,shap_tree,Receiver,VEGFA,NRP1,VEGFA → NRP1
7,P15,CCC_Sender_VEGFA_to_NRP2,0.0,shap_tree,Sender,VEGFA,NRP2,VEGFA → NRP2
7,P15,CCC_Receiver_VEGFA_to_NRP2,0.0,shap_tree,Receiver,VEGFA,NRP2,VEGFA → NRP2
7,P15,CCC_Sender_VEGFB_to_NRP1,0.0,shap_tree,Sender,VEGFB,NRP1,VEGFB → NRP1
7,P15,CCC_Receiver_VEGFB_to_NRP1,0.00029223363395441824,shap_tree,Receiver,VEGFB,NRP1,VEGFB → NRP1
7,P15,CCC_Sender_CD274_to_PDCD1,0.0,shap_tree,Sender,CD274,PDCD1,CD274 → PDCD1
7,P15,CCC_Receiver_CD274_to_PDCD1,0.002466017513299567,shap_tree,Receiver,CD274,PDCD1,CD274 → PDCD1
7,P15,CCC_Sender_CD86_to_CTLA4,0.0002394138981122971,shap_tree,Sender,CD86,CTLA4,CD86 → CTLA4
7,P15,CCC_Receiver_CD86_to_CTLA4,0.0012773234983887293,shap_tree,Receiver,CD86,CTLA4,CD86 → CTLA4
7,P15,CCC_Sender_CD86_to_CD28,1.3973515977223764e-06,shap_tree,Sender,CD86,CD28,CD86 → CD28
7,P15,CCC_Receiver_CD86_to_CD28,0.000300247648249342,shap_tree,Receiver,CD86,CD28,CD86 → CD28
7,P15,CCC_Sender_ICOSLG_to_ICOS,0.0,shap_tree,Sender,ICOSLG,ICOS,ICOSLG → ICOS
7,P15,CCC_Receiver_ICOSLG_to_ICOS,0.00021407646628850417,shap_tree,Receiver,ICOSLG,ICOS,ICOSLG → ICOS
7,P15,CCC_Sender_CD40LG_to_CD40,0.0,shap_tree,Sender,CD40LG,CD40,CD40LG → CD40
7,P15,CCC_Receiver_CD40LG_to_CD40,5.500732536330635e-05,shap_tree,Receiver,CD40LG,CD40,CD40LG → CD40
8,P16,CCC_Sender_ICAM1_to_ITGAL,0.0001613929783663684,shap_tree,Sender,ICAM1,ITGAL,ICAM1 → ITGAL
8,P16,CCC_Receiver_ICAM1_to_ITGAL,0.003659256602894813,shap_tree,Receiver,ICAM1,ITGAL,ICAM1 → ITGAL
8,P16,CCC_Sender_CCL2_to_CCR2,2.3621100801556907e-05,shap_tree,Sender,CCL2,CCR2,CCL2 → CCR2
8,P16,CCC_Receiver_CCL2_to_CCR2,0.0,shap_tree,Receiver,CCL2,CCR2,CCL2 → CCR2
8,P16,CCC_Sender_CCL3_to_CCR1,0.00548853528831088,shap_tree,Sender,CCL3,CCR1,CCL3 → CCR1
8,P16,CCC_Receiver_CCL3_to_CCR1,7.660354413293907e-06,shap_tree,Receiver,CCL3,CCR1,CCL3 → CCR1
8,P16,CCC_Sender_CCL3_to_CCR5,0.00555882334682211,shap_tree,Sender,CCL3,CCR5,CCL3 → CCR5
8,P16,CCC_Receiver_CCL3_to_CCR5,0.0015706498391525785,shap_tree,Receiver,CCL3,CCR5,CCL3 → CCR5
8,P16,CCC_Sender_CCL3L1_to_CCR1,0.0003605924513438436,shap_tree,Sender,CCL3L1,CCR1,CCL3L1 → CCR1
8,P16,CCC_Receiver_CCL3L1_to_CCR1,0.00031087527043921823,shap_tree,Receiver,CCL3L1,CCR1,CCL3L1 → CCR1
8,P16,CCC_Sender_CCL4_to_CCR5,0.010184746144236848,shap_tree,Sender,CCL4,CCR5,CCL4 → CCR5
8,P16,CCC_Receiver_CCL4_to_CCR5,0.002628157632740317,shap_tree,Receiver,CCL4,CCR5,CCL4 → CCR5
8,P16,CCC_Sender_CCL5_to_CCR1,0.051044969260108694,shap_tree,Sender,CCL5,CCR1,CCL5 → CCR1
8,P16,CCC_Receiver_CCL5_to_CCR1,0.0,shap_tree,Receiver,CCL5,CCR1,CCL5 → CCR1
8,P16,CCC_Sender_CCL5_to_CCR4,0.003931554181219025,shap_tree,Sender,CCL5,CCR4,CCL5 → CCR4
8,P16,CCC_Receiver_CCL5_to_CCR4,1.3846132681328629e-05,shap_tree,Receiver,CCL5,CCR4,CCL5 → CCR4
8,P16,CCC_Sender_CCL5_to_CCR5,0.016991701789220374,shap_tree,Sender,CCL5,CCR5,CCL5 → CCR5
8,P16,CCC_Receiver_CCL5_to_CCR5,0.0004049641556278899,shap_tree,Receiver,CCL5,CCR5,CCL5 → CCR5
8,P16,CCC_Sender_CXCL13_to_CXCR5,2.2787685896803324e-05,shap_tree,Sender,CXCL13,CXCR5,CXCL13 → CXCR5
8,P16,CCC_Receiver_CXCL13_to_CXCR5,5.1447219349232744e-05,shap_tree,Receiver,CXCL13,CXCR5,CXCL13 → CXCR5
8,P16,CCC_Sender_CXCL16_to_CXCR6,5.28360888644394e-05,shap_tree,Sender,CXCL16,CXCR6,CXCL16 → CXCR6
8,P16,CCC_Receiver_CXCL16_to_CXCR6,0.0003617017055187333,shap_tree,Receiver,CXCL16,CXCR6,CXCL16 → CXCR6
8,P16,CCC_Sender_CXCL2_to_DPP4,0.00012461465653955105,shap_tree,Sender,CXCL2,DPP4,CXCL2 → DPP4
8,P16,CCC_Receiver_CXCL2_to_DPP4,4.6985592147230713e-07,shap_tree,Receiver,CXCL2,DPP4,CXCL2 → DPP4
8,P16,CCC_Sender_CSF1_to_CSF1R,3.586978353760758e-05,shap_tree,Sender,CSF1,CSF1R,CSF1 → CSF1R
8,P16,CCC_Receiver_CSF1_to_CSF1R,0.00039401527959345906,shap_tree,Receiver,CSF1,CSF1R,CSF1 → CSF1R
8,P16,CCC_Sender_LGALS9_to_HAVCR2,0.007627537518279455,shap_tree,Sender,LGALS9,HAVCR2,LGALS9 → HAVCR2
8,P16,CCC_Receiver_LGALS9_to_HAVCR2,0.00971083168210843,shap_tree,Receiver,LGALS9,HAVCR2,LGALS9 → HAVCR2
8,P16,CCC_Sender_LGALS9_to_P4HB,0.0039432016418585155,shap_tree,Sender,LGALS9,P4HB,LGALS9 → P4HB
8,P16,CCC_Receiver_LGALS9_to_P4HB,0.02147832155501313,shap_tree,Receiver,LGALS9,P4HB,LGALS9 → P4HB
8,P16,CCC_Sender_HLA-B_to_KIR3DL2,0.01049152962425234,shap_tree,Sender,HLA-B,KIR3DL2,HLA-B → KIR3DL2
8,P16,CCC_Receiver_HLA-B_to_KIR3DL2,1.9954012284732538e-07,shap_tree,Receiver,HLA-B,KIR3DL2,HLA-B → KIR3DL2
8,P16,CCC_Sender_HLA-C_to_KIR2DL3,0.006324546687163772,shap_tree,Sender,HLA-C,KIR2DL3,HLA-C → KIR2DL3
8,P16,CCC_Receiver_HLA-C_to_KIR2DL3,6.16798594147638e-07,shap_tree,Receiver,HLA-C,KIR2DL3,HLA-C → KIR2DL3
8,P16,CCC_Sender_HLA-E_to_KLRC1,0.009045529124385296,shap_tree,Sender,HLA-E,KLRC1,HLA-E → KLRC1
8,P16,CCC_Receiver_HLA-E_to_KLRC1,3.5878366941349134e-06,shap_tree,Receiver,HLA-E,KLRC1,HLA-E → KLRC1
8,P16,CCC_Sender_HLA-E_to_KLRC2,0.019319017092347048,shap_tree,Sender,HLA-E,KLRC2,HLA-E → KLRC2
8,P16,CCC_Receiver_HLA-E_to_KLRC2,2.037811247339115e-06,shap_tree,Receiver,HLA-E,KLRC2,HLA-E → KLRC2
8,P16,CCC_Sender_HLA-E_to_KLRK1,0.006575913365738032,shap_tree,Sender,HLA-E,KLRK1,HLA-E → KLRK1
8,P16,CCC_Receiver_HLA-E_to_KLRK1,1.493965259188254e-06,shap_tree,Receiver,HLA-E,KLRK1,HLA-E → KLRK1
8,P16,CCC_Sender_HLA-F_to_KIR3DL2,0.00293530984697324,shap_tree,Sender,HLA-F,KIR3DL2,HLA-F → KIR3DL2
8,P16,CCC_Receiver_HLA-F_to_KIR3DL2,9.028295885359795e-07,shap_tree,Receiver,HLA-F,KIR3DL2,HLA-F → KIR3DL2
8,P16,CCC_Sender_HLA-F_to_LILRB1,0.003179925079837075,shap_tree,Sender,HLA-F,LILRB1,HLA-F → LILRB1
8,P16,CCC_Receiver_HLA-F_to_LILRB1,5.462610179538408e-05,shap_tree,Receiver,HLA-F,LILRB1,HLA-F → LILRB1
8,P16,CCC_Sender_HLA-F_to_LILRB2,0.018977049298188903,shap_tree,Sender,HLA-F,LILRB2,HLA-F → LILRB2
8,P16,CCC_Receiver_HLA-F_to_LILRB2,0.00019989590356569095,shap_tree,Receiver,HLA-F,LILRB2,HLA-F → LILRB2
8,P16,CCC_Sender_HLA-G_to_LILRB1,0.0023013632359469515,shap_tree,Sender,HLA-G,LILRB1,HLA-G → LILRB1
8,P16,CCC_Receiver_HLA-G_to_LILRB1,7.346158955459279e-05,shap_tree,Receiver,HLA-G,LILRB1,HLA-G → LILRB1
8,P16,CCC_Sender_HLA-G_to_LILRB2,0.019470986014577175,shap_tree,Sender,HLA-G,LILRB2,HLA-G → LILRB2
8,P16,CCC_Receiver_HLA-G_to_LILRB2,0.0003113634773412664,shap_tree,Receiver,HLA-G,LILRB2,HLA-G → LILRB2
8,P16,CCC_Sender_LTB_to_LTBR,0.0008193360811898103,shap_tree,Sender,LTB,LTBR,LTB → LTBR
8,P16,CCC_Receiver_LTB_to_LTBR,7.753169278738952e-05,shap_tree,Receiver,LTB,LTBR,LTB → LTBR
8,P16,CCC_Sender_PVR_to_CD226,0.0,shap_tree,Sender,PVR,CD226,PVR → CD226
8,P16,CCC_Receiver_PVR_to_CD226,6.346448318511145e-06,shap_tree,Receiver,PVR,CD226,PVR → CD226
8,P16,CCC_Sender_PVR_to_CD96,0.0,shap_tree,Sender,PVR,CD96,PVR → CD96
8,P16,CCC_Receiver_PVR_to_CD96,0.002625800101569419,shap_tree,Receiver,PVR,CD96,PVR → CD96
8,P16,CCC_Sender_PVR_to_TIGIT,0.0,shap_tree,Sender,PVR,TIGIT,PVR → TIGIT
8,P16,CCC_Receiver_PVR_to_TIGIT,0.0015201039441425424,shap_tree,Receiver,PVR,TIGIT,PVR → TIGIT
8,P16,CCC_Sender_SELPLG_to_SELL,0.010152699500806417,shap_tree,Sender,SELPLG,SELL,SELPLG → SELL
8,P16,CCC_Receiver_SELPLG_to_SELL,7.100638293538373e-06,shap_tree,Receiver,SELPLG,SELL,SELPLG → SELL
8,P16,CCC_Sender_TGFB1_to_TGFBR3,4.1935824000888224e-05,shap_tree,Sender,TGFB1,TGFBR3,TGFB1 → TGFBR3
8,P16,CCC_Receiver_TGFB1_to_TGFBR3,0.00014592953780138211,shap_tree,Receiver,TGFB1,TGFBR3,TGFB1 → TGFBR3
8,P16,CCC_Sender_BTLA_to_TNFRSF14,1.092725915459882e-06,shap_tree,Sender,BTLA,TNFRSF14,BTLA → TNFRSF14
8,P16,CCC_Receiver_BTLA_to_TNFRSF14,0.000627684078408767,shap_tree,Receiver,BTLA,TNFRSF14,BTLA → TNFRSF14
8,P16,CCC_Sender_FASLG_to_FAS,0.0,shap_tree,Sender,FASLG,FAS,FASLG → FAS
8,P16,CCC_Receiver_FASLG_to_FAS,0.0,shap_tree,Receiver,FASLG,FAS,FASLG → FAS
8,P16,CCC_Sender_LTA_to_TNFRSF14,1.243200443866792e-06,shap_tree,Sender,LTA,TNFRSF14,LTA → TNFRSF14
8,P16,CCC_Receiver_LTA_to_TNFRSF14,1.4666231784844795e-05,shap_tree,Receiver,LTA,TNFRSF14,LTA → TNFRSF14
8,P16,CCC_Sender_LTA_to_TNFRSF1A,0.0,shap_tree,Sender,LTA,TNFRSF1A,LTA → TNFRSF1A
8,P16,CCC_Receiver_LTA_to_TNFRSF1A,5.534873582974784e-07,shap_tree,Receiver,LTA,TNFRSF1A,LTA → TNFRSF1A
8,P16,CCC_Sender_LTA_to_TNFRSF1B,7.237456007064213e-06,shap_tree,Sender,LTA,TNFRSF1B,LTA → TNFRSF1B
8,P16,CCC_Receiver_LTA_to_TNFRSF1B,0.000747299250565573,shap_tree,Receiver,LTA,TNFRSF1B,LTA → TNFRSF1B
8,P16,CCC_Sender_TNF_to_TNFRSF1A,1.0716353674109912e-05,shap_tree,Sender,TNF,TNFRSF1A,TNF → TNFRSF1A
8,P16,CCC_Receiver_TNF_to_TNFRSF1A,0.0002548691531532581,shap_tree,Receiver,TNF,TNFRSF1A,TNF → TNFRSF1A
8,P16,CCC_Sender_TNF_to_TNFRSF1B,0.0,shap_tree,Sender,TNF,TNFRSF1B,TNF → TNFRSF1B
8,P16,CCC_Receiver_TNF_to_TNFRSF1B,0.001960791793315144,shap_tree,Receiver,TNF,TNFRSF1B,TNF → TNFRSF1B
8,P16,CCC_Sender_TNFSF10_to_TNFRSF10A,1.6778109195450795e-05,shap_tree,Sender,TNFSF10,TNFRSF10A,TNFSF10 → TNFRSF10A
8,P16,CCC_Receiver_TNFSF10_to_TNFRSF10A,0.0,shap_tree,Receiver,TNFSF10,TNFRSF10A,TNFSF10 → TNFRSF10A
8,P16,CCC_Sender_TNFSF10_to_TNFRSF10B,8.93863091862203e-05,shap_tree,Sender,TNFSF10,TNFRSF10B,TNFSF10 → TNFRSF10B
8,P16,CCC_Receiver_TNFSF10_to_TNFRSF10B,0.0,shap_tree,Receiver,TNFSF10,TNFRSF10B,TNFSF10 → TNFRSF10B
8,P16,CCC_Sender_TNFSF10_to_TNFRSF10D,0.0,shap_tree,Sender,TNFSF10,TNFRSF10D,TNFSF10 → TNFRSF10D
8,P16,CCC_Receiver_TNFSF10_to_TNFRSF10D,0.0,shap_tree,Receiver,TNFSF10,TNFRSF10D,TNFSF10 → TNFRSF10D
8,P16,CCC_Sender_TNFSF12_to_TNFRSF12A,0.0,shap_tree,Sender,TNFSF12,TNFRSF12A,TNFSF12 → TNFRSF12A
8,P16,CCC_Receiver_TNFSF12_to_TNFRSF12A,0.0,shap_tree,Receiver,TNFSF12,TNFRSF12A,TNFSF12 → TNFRSF12A
8,P16,CCC_Sender_TNFSF12_to_TNFRSF25,3.164671734002761e-06,shap_tree,Sender,TNFSF12,TNFRSF25,TNFSF12 → TNFRSF25
8,P16,CCC_Receiver_TNFSF12_to_TNFRSF25,1.1341819059336949e-05,shap_tree,Receiver,TNFSF12,TNFRSF25,TNFSF12 → TNFRSF25
8,P16,CCC_Sender_TNFSF14_to_LTBR,0.0,shap_tree,Sender,TNFSF14,LTBR,TNFSF14 → LTBR
8,P16,CCC_Receiver_TNFSF14_to_LTBR,0.0004941402651382972,shap_tree,Receiver,TNFSF14,LTBR,TNFSF14 → LTBR
8,P16,CCC_Sender_TNFSF14_to_TNFRSF14,2.8228095759327955e-06,shap_tree,Sender,TNFSF14,TNFRSF14,TNFSF14 → TNFRSF14
8,P16,CCC_Receiver_TNFSF14_to_TNFRSF14,0.0004912277852116241,shap_tree,Receiver,TNFSF14,TNFRSF14,TNFSF14 → TNFRSF14
8,P16,CCC_Sender_TNFSF4_to_TNFRSF4,0.0,shap_tree,Sender,TNFSF4,TNFRSF4,TNFSF4 → TNFRSF4
8,P16,CCC_Receiver_TNFSF4_to_TNFRSF4,0.00019667042131358764,shap_tree,Receiver,TNFSF4,TNFRSF4,TNFSF4 → TNFRSF4
8,P16,CCC_Sender_TNFSF9_to_TNFRSF9,3.361873973061261e-05,shap_tree,Sender,TNFSF9,TNFRSF9,TNFSF9 → TNFRSF9
8,P16,CCC_Receiver_TNFSF9_to_TNFRSF9,0.00015344845209424487,shap_tree,Receiver,TNFSF9,TNFRSF9,TNFSF9 → TNFRSF9
8,P16,CCC_Sender_VEGFA_to_NRP1,0.0,shap_tree,Sender,VEGFA,NRP1,VEGFA → NRP1
8,P16,CCC_Receiver_VEGFA_to_NRP1,7.204157462391073e-05,shap_tree,Receiver,VEGFA,NRP1,VEGFA → NRP1
8,P16,CCC_Sender_VEGFA_to_NRP2,0.0,shap_tree,Sender,VEGFA,NRP2,VEGFA → NRP2
8,P16,CCC_Receiver_VEGFA_to_NRP2,0.0,shap_tree,Receiver,VEGFA,NRP2,VEGFA → NRP2
8,P16,CCC_Sender_VEGFB_to_NRP1,0.0,shap_tree,Sender,VEGFB,NRP1,VEGFB → NRP1
8,P16,CCC_Receiver_VEGFB_to_NRP1,0.00018739360201198413,shap_tree,Receiver,VEGFB,NRP1,VEGFB → NRP1
8,P16,CCC_Sender_CD274_to_PDCD1,0.0,shap_tree,Sender,CD274,PDCD1,CD274 → PDCD1
8,P16,CCC_Receiver_CD274_to_PDCD1,0.0013967731303763137,shap_tree,Receiver,CD274,PDCD1,CD274 → PDCD1
8,P16,CCC_Sender_CD86_to_CTLA4,0.0002983216210833037,shap_tree,Sender,CD86,CTLA4,CD86 → CTLA4
8,P16,CCC_Receiver_CD86_to_CTLA4,0.0017815851602233897,shap_tree,Receiver,CD86,CTLA4,CD86 → CTLA4
8,P16,CCC_Sender_CD86_to_CD28,1.3808913820386006e-06,shap_tree,Sender,CD86,CD28,CD86 → CD28
8,P16,CCC_Receiver_CD86_to_CD28,5.8761513130123795e-05,shap_tree,Receiver,CD86,CD28,CD86 → CD28
8,P16,CCC_Sender_ICOSLG_to_ICOS,0.0,shap_tree,Sender,ICOSLG,ICOS,ICOSLG → ICOS
8,P16,CCC_Receiver_ICOSLG_to_ICOS,0.00023836545920417798,shap_tree,Receiver,ICOSLG,ICOS,ICOSLG → ICOS
8,P16,CCC_Sender_CD40LG_to_CD40,0.0,shap_tree,Sender,CD40LG,CD40,CD40LG → CD40
8,P16,CCC_Receiver_CD40LG_to_CD40,1.890615310565549e-05,shap_tree,Receiver,CD40LG,CD40,CD40LG → CD40
9,P17,CCC_Sender_ICAM1_to_ITGAL,5.154780977103778e-05,shap_tree,Sender,ICAM1,ITGAL,ICAM1 → ITGAL
9,P17,CCC_Receiver_ICAM1_to_ITGAL,0.006750051460168188,shap_tree,Receiver,ICAM1,ITGAL,ICAM1 → ITGAL
9,P17,CCC_Sender_CCL2_to_CCR2,1.0676252649477425e-06,shap_tree,Sender,CCL2,CCR2,CCL2 → CCR2
9,P17,CCC_Receiver_CCL2_to_CCR2,4.4932863370828344e-05,shap_tree,Receiver,CCL2,CCR2,CCL2 → CCR2
9,P17,CCC_Sender_CCL3_to_CCR1,0.007291702510281109,shap_tree,Sender,CCL3,CCR1,CCL3 → CCR1
9,P17,CCC_Receiver_CCL3_to_CCR1,0.00010226554961410829,shap_tree,Receiver,CCL3,CCR1,CCL3 → CCR1
9,P17,CCC_Sender_CCL3_to_CCR5,0.00319233284939254,shap_tree,Sender,CCL3,CCR5,CCL3 → CCR5
9,P17,CCC_Receiver_CCL3_to_CCR5,0.002601243301845158,shap_tree,Receiver,CCL3,CCR5,CCL3 → CCR5
9,P17,CCC_Sender_CCL3L1_to_CCR1,0.0004325677724663658,shap_tree,Sender,CCL3L1,CCR1,CCL3L1 → CCR1
9,P17,CCC_Receiver_CCL3L1_to_CCR1,0.00038610829289296116,shap_tree,Receiver,CCL3L1,CCR1,CCL3L1 → CCR1
9,P17,CCC_Sender_CCL4_to_CCR5,0.005557222197802316,shap_tree,Sender,CCL4,CCR5,CCL4 → CCR5
9,P17,CCC_Receiver_CCL4_to_CCR5,0.0025639160143959296,shap_tree,Receiver,CCL4,CCR5,CCL4 → CCR5
9,P17,CCC_Sender_CCL5_to_CCR1,0.04811391394808935,shap_tree,Sender,CCL5,CCR1,CCL5 → CCR1
9,P17,CCC_Receiver_CCL5_to_CCR1,1.1733099995640971e-05,shap_tree,Receiver,CCL5,CCR1,CCL5 → CCR1
9,P17,CCC_Sender_CCL5_to_CCR4,0.010732089429978539,shap_tree,Sender,CCL5,CCR4,CCL5 → CCR4
9,P17,CCC_Receiver_CCL5_to_CCR4,7.87129817165522e-06,shap_tree,Receiver,CCL5,CCR4,CCL5 → CCR4
9,P17,CCC_Sender_CCL5_to_CCR5,0.019634950108417027,shap_tree,Sender,CCL5,CCR5,CCL5 → CCR5
9,P17,CCC_Receiver_CCL5_to_CCR5,0.0004468568255408925,shap_tree,Receiver,CCL5,CCR5,CCL5 → CCR5
9,P17,CCC_Sender_CXCL13_to_CXCR5,0.0004141735980587996,shap_tree,Sender,CXCL13,CXCR5,CXCL13 → CXCR5
9,P17,CCC_Receiver_CXCL13_to_CXCR5,8.775356184527195e-05,shap_tree,Receiver,CXCL13,CXCR5,CXCL13 → CXCR5
9,P17,CCC_Sender_CXCL16_to_CXCR6,0.00031486967736373917,shap_tree,Sender,CXCL16,CXCR6,CXCL16 → CXCR6
9,P17,CCC_Receiver_CXCL16_to_CXCR6,0.0009706875381035376,shap_tree,Receiver,CXCL16,CXCR6,CXCL16 → CXCR6
9,P17,CCC_Sender_CXCL2_to_DPP4,0.00015663021934215945,shap_tree,Sender,CXCL2,DPP4,CXCL2 → DPP4
9,P17,CCC_Receiver_CXCL2_to_DPP4,3.401342949049388e-05,shap_tree,Receiver,CXCL2,DPP4,CXCL2 → DPP4
9,P17,CCC_Sender_CSF1_to_CSF1R,8.554050366424076e-05,shap_tree,Sender,CSF1,CSF1R,CSF1 → CSF1R
9,P17,CCC_Receiver_CSF1_to_CSF1R,0.0005006543828449403,shap_tree,Receiver,CSF1,CSF1R,CSF1 → CSF1R
9,P17,CCC_Sender_LGALS9_to_HAVCR2,0.005347505059709582,shap_tree,Sender,LGALS9,HAVCR2,LGALS9 → HAVCR2
9,P17,CCC_Receiver_LGALS9_to_HAVCR2,0.004497494917180076,shap_tree,Receiver,LGALS9,HAVCR2,LGALS9 → HAVCR2
9,P17,CCC_Sender_LGALS9_to_P4HB,0.0015581207689741913,shap_tree,Sender,LGALS9,P4HB,LGALS9 → P4HB
9,P17,CCC_Receiver_LGALS9_to_P4HB,0.010622970576556945,shap_tree,Receiver,LGALS9,P4HB,LGALS9 → P4HB
9,P17,CCC_Sender_HLA-B_to_KIR3DL2,0.014498136336586092,shap_tree,Sender,HLA-B,KIR3DL2,HLA-B → KIR3DL2
9,P17,CCC_Receiver_HLA-B_to_KIR3DL2,1.217293344085339e-05,shap_tree,Receiver,HLA-B,KIR3DL2,HLA-B → KIR3DL2
9,P17,CCC_Sender_HLA-C_to_KIR2DL3,0.016115633776905006,shap_tree,Sender,HLA-C,KIR2DL3,HLA-C → KIR2DL3
9,P17,CCC_Receiver_HLA-C_to_KIR2DL3,1.08338422284067e-06,shap_tree,Receiver,HLA-C,KIR2DL3,HLA-C → KIR2DL3
9,P17,CCC_Sender_HLA-E_to_KLRC1,0.021645732517080712,shap_tree,Sender,HLA-E,KLRC1,HLA-E → KLRC1
9,P17,CCC_Receiver_HLA-E_to_KLRC1,1.8859496486490666e-05,shap_tree,Receiver,HLA-E,KLRC1,HLA-E → KLRC1
9,P17,CCC_Sender_HLA-E_to_KLRC2,0.023828149810590754,shap_tree,Sender,HLA-E,KLRC2,HLA-E → KLRC2
9,P17,CCC_Receiver_HLA-E_to_KLRC2,2.1115529140997125e-05,shap_tree,Receiver,HLA-E,KLRC2,HLA-E → KLRC2
9,P17,CCC_Sender_HLA-E_to_KLRK1,0.03961463539965418,shap_tree,Sender,HLA-E,KLRK1,HLA-E → KLRK1
9,P17,CCC_Receiver_HLA-E_to_KLRK1,0.00028920486535837387,shap_tree,Receiver,HLA-E,KLRK1,HLA-E → KLRK1
9,P17,CCC_Sender_HLA-F_to_KIR3DL2,0.004665045833928575,shap_tree,Sender,HLA-F,KIR3DL2,HLA-F → KIR3DL2
9,P17,CCC_Receiver_HLA-F_to_KIR3DL2,5.357581363877485e-06,shap_tree,Receiver,HLA-F,KIR3DL2,HLA-F → KIR3DL2
9,P17,CCC_Sender_HLA-F_to_LILRB1,0.003576021748333774,shap_tree,Sender,HLA-F,LILRB1,HLA-F → LILRB1
9,P17,CCC_Receiver_HLA-F_to_LILRB1,5.778468629742258e-05,shap_tree,Receiver,HLA-F,LILRB1,HLA-F → LILRB1
9,P17,CCC_Sender_HLA-F_to_LILRB2,0.03747336113186746,shap_tree,Sender,HLA-F,LILRB2,HLA-F → LILRB2
9,P17,CCC_Receiver_HLA-F_to_LILRB2,6.184648327054006e-05,shap_tree,Receiver,HLA-F,LILRB2,HLA-F → LILRB2
9,P17,CCC_Sender_HLA-G_to_LILRB1,0.0026959854786752476,shap_tree,Sender,HLA-G,LILRB1,HLA-G → LILRB1
9,P17,CCC_Receiver_HLA-G_to_LILRB1,5.521110177403326e-05,shap_tree,Receiver,HLA-G,LILRB1,HLA-G → LILRB1
9,P17,CCC_Sender_HLA-G_to_LILRB2,0.023921745871634273,shap_tree,Sender,HLA-G,LILRB2,HLA-G → LILRB2
9,P17,CCC_Receiver_HLA-G_to_LILRB2,0.0003569824634065888,shap_tree,Receiver,HLA-G,LILRB2,HLA-G → LILRB2
9,P17,CCC_Sender_LTB_to_LTBR,0.0014805850455035998,shap_tree,Sender,LTB,LTBR,LTB → LTBR
9,P17,CCC_Receiver_LTB_to_LTBR,0.00021940830243192405,shap_tree,Receiver,LTB,LTBR,LTB → LTBR
9,P17,CCC_Sender_PVR_to_CD226,0.0,shap_tree,Sender,PVR,CD226,PVR → CD226
9,P17,CCC_Receiver_PVR_to_CD226,2.079286399853283e-06,shap_tree,Receiver,PVR,CD226,PVR → CD226
9,P17,CCC_Sender_PVR_to_CD96,3.143374044573029e-06,shap_tree,Sender,PVR,CD96,PVR → CD96
9,P17,CCC_Receiver_PVR_to_CD96,0.0010991832293859754,shap_tree,Receiver,PVR,CD96,PVR → CD96
9,P17,CCC_Sender_PVR_to_TIGIT,1.098941914618092e-06,shap_tree,Sender,PVR,TIGIT,PVR → TIGIT
9,P17,CCC_Receiver_PVR_to_TIGIT,0.0017072061419107353,shap_tree,Receiver,PVR,TIGIT,PVR → TIGIT
9,P17,CCC_Sender_SELPLG_to_SELL,0.0027675627503415843,shap_tree,Sender,SELPLG,SELL,SELPLG → SELL
9,P17,CCC_Receiver_SELPLG_to_SELL,0.0003719212285119472,shap_tree,Receiver,SELPLG,SELL,SELPLG → SELL
9,P17,CCC_Sender_TGFB1_to_TGFBR3,8.275264742616655e-06,shap_tree,Sender,TGFB1,TGFBR3,TGFB1 → TGFBR3
9,P17,CCC_Receiver_TGFB1_to_TGFBR3,4.2163074577120374e-05,shap_tree,Receiver,TGFB1,TGFBR3,TGFB1 → TGFBR3
9,P17,CCC_Sender_BTLA_to_TNFRSF14,7.112583062866465e-07,shap_tree,Sender,BTLA,TNFRSF14,BTLA → TNFRSF14
9,P17,CCC_Receiver_BTLA_to_TNFRSF14,0.0006668466057420877,shap_tree,Receiver,BTLA,TNFRSF14,BTLA → TNFRSF14
9,P17,CCC_Sender_FASLG_to_FAS,1.1262437732475941e-05,shap_tree,Sender,FASLG,FAS,FASLG → FAS
9,P17,CCC_Receiver_FASLG_to_FAS,6.094376539424093e-05,shap_tree,Receiver,FASLG,FAS,FASLG → FAS
9,P17,CCC_Sender_LTA_to_TNFRSF14,7.328453516976767e-06,shap_tree,Sender,LTA,TNFRSF14,LTA → TNFRSF14
9,P17,CCC_Receiver_LTA_to_TNFRSF14,0.00011753138155609313,shap_tree,Receiver,LTA,TNFRSF14,LTA → TNFRSF14
9,P17,CCC_Sender_LTA_to_TNFRSF1A,8.415373631242939e-06,shap_tree,Sender,LTA,TNFRSF1A,LTA → TNFRSF1A
9,P17,CCC_Receiver_LTA_to_TNFRSF1A,1.6468055371176406e-05,shap_tree,Receiver,LTA,TNFRSF1A,LTA → TNFRSF1A
9,P17,CCC_Sender_LTA_to_TNFRSF1B,2.3439581768747624e-05,shap_tree,Sender,LTA,TNFRSF1B,LTA → TNFRSF1B
9,P17,CCC_Receiver_LTA_to_TNFRSF1B,0.0005284884107286932,shap_tree,Receiver,LTA,TNFRSF1B,LTA → TNFRSF1B
9,P17,CCC_Sender_TNF_to_TNFRSF1A,0.00021814009472072876,shap_tree,Sender,TNF,TNFRSF1A,TNF → TNFRSF1A
9,P17,CCC_Receiver_TNF_to_TNFRSF1A,0.0005567595456254428,shap_tree,Receiver,TNF,TNFRSF1A,TNF → TNFRSF1A
9,P17,CCC_Sender_TNF_to_TNFRSF1B,2.8105576376738746e-06,shap_tree,Sender,TNF,TNFRSF1B,TNF → TNFRSF1B
9,P17,CCC_Receiver_TNF_to_TNFRSF1B,0.0018423256991924593,shap_tree,Receiver,TNF,TNFRSF1B,TNF → TNFRSF1B
9,P17,CCC_Sender_TNFSF10_to_TNFRSF10A,2.4737937379966122e-05,shap_tree,Sender,TNFSF10,TNFRSF10A,TNFSF10 → TNFRSF10A
9,P17,CCC_Receiver_TNFSF10_to_TNFRSF10A,3.4023054504988856e-06,shap_tree,Receiver,TNFSF10,TNFRSF10A,TNFSF10 → TNFRSF10A
9,P17,CCC_Sender_TNFSF10_to_TNFRSF10B,0.00016016883546375192,shap_tree,Sender,TNFSF10,TNFRSF10B,TNFSF10 → TNFRSF10B
9,P17,CCC_Receiver_TNFSF10_to_TNFRSF10B,3.836720417509735e-06,shap_tree,Receiver,TNFSF10,TNFRSF10B,TNFSF10 → TNFRSF10B
9,P17,CCC_Sender_TNFSF10_to_TNFRSF10D,1.600555199417373e-05,shap_tree,Sender,TNFSF10,TNFRSF10D,TNFSF10 → TNFRSF10D
9,P17,CCC_Receiver_TNFSF10_to_TNFRSF10D,3.5376721578094346e-06,shap_tree,Receiver,TNFSF10,TNFRSF10D,TNFSF10 → TNFRSF10D
9,P17,CCC_Sender_TNFSF12_to_TNFRSF12A,1.9650599355147418e-05,shap_tree,Sender,TNFSF12,TNFRSF12A,TNFSF12 → TNFRSF12A
9,P17,CCC_Receiver_TNFSF12_to_TNFRSF12A,4.584905709369532e-06,shap_tree,Receiver,TNFSF12,TNFRSF12A,TNFSF12 → TNFRSF12A
9,P17,CCC_Sender_TNFSF12_to_TNFRSF25,8.162849728837697e-06,shap_tree,Sender,TNFSF12,TNFRSF25,TNFSF12 → TNFRSF25
9,P17,CCC_Receiver_TNFSF12_to_TNFRSF25,1.579007042814868e-05,shap_tree,Receiver,TNFSF12,TNFRSF25,TNFSF12 → TNFRSF25
9,P17,CCC_Sender_TNFSF14_to_LTBR,1.1659374494347105e-05,shap_tree,Sender,TNFSF14,LTBR,TNFSF14 → LTBR
9,P17,CCC_Receiver_TNFSF14_to_LTBR,0.0002167309174588016,shap_tree,Receiver,TNFSF14,LTBR,TNFSF14 → LTBR
9,P17,CCC_Sender_TNFSF14_to_TNFRSF14,6.003061965159566e-06,shap_tree,Sender,TNFSF14,TNFRSF14,TNFSF14 → TNFRSF14
9,P17,CCC_Receiver_TNFSF14_to_TNFRSF14,0.0006110438441254263,shap_tree,Receiver,TNFSF14,TNFRSF14,TNFSF14 → TNFRSF14
9,P17,CCC_Sender_TNFSF4_to_TNFRSF4,8.721776452677603e-08,shap_tree,Sender,TNFSF4,TNFRSF4,TNFSF4 → TNFRSF4
9,P17,CCC_Receiver_TNFSF4_to_TNFRSF4,0.00030941802545876677,shap_tree,Receiver,TNFSF4,TNFRSF4,TNFSF4 → TNFRSF4
9,P17,CCC_Sender_TNFSF9_to_TNFRSF9,8.897623693632279e-05,shap_tree,Sender,TNFSF9,TNFRSF9,TNFSF9 → TNFRSF9
9,P17,CCC_Receiver_TNFSF9_to_TNFRSF9,0.001216214724415936,shap_tree,Receiver,TNFSF9,TNFRSF9,TNFSF9 → TNFRSF9
9,P17,CCC_Sender_VEGFA_to_NRP1,6.459457123704525e-05,shap_tree,Sender,VEGFA,NRP1,VEGFA → NRP1
9,P17,CCC_Receiver_VEGFA_to_NRP1,0.0001655289928622018,shap_tree,Receiver,VEGFA,NRP1,VEGFA → NRP1
9,P17,CCC_Sender_VEGFA_to_NRP2,7.368436386082603e-05,shap_tree,Sender,VEGFA,NRP2,VEGFA → NRP2
9,P17,CCC_Receiver_VEGFA_to_NRP2,1.6277376410495901e-06,shap_tree,Receiver,VEGFA,NRP2,VEGFA → NRP2
9,P17,CCC_Sender_VEGFB_to_NRP1,1.1943907188706052e-05,shap_tree,Sender,VEGFB,NRP1,VEGFB → NRP1
9,P17,CCC_Receiver_VEGFB_to_NRP1,0.00015599136628099676,shap_tree,Receiver,VEGFB,NRP1,VEGFB → NRP1
9,P17,CCC_Sender_CD274_to_PDCD1,7.385925133937966e-08,shap_tree,Sender,CD274,PDCD1,CD274 → PDCD1
9,P17,CCC_Receiver_CD274_to_PDCD1,0.001699834755529816,shap_tree,Receiver,CD274,PDCD1,CD274 → PDCD1
9,P17,CCC_Sender_CD86_to_CTLA4,0.0005734414574343542,shap_tree,Sender,CD86,CTLA4,CD86 → CTLA4
9,P17,CCC_Receiver_CD86_to_CTLA4,0.0023349356420848417,shap_tree,Receiver,CD86,CTLA4,CD86 → CTLA4
9,P17,CCC_Sender_CD86_to_CD28,0.00014829265711840142,shap_tree,Sender,CD86,CD28,CD86 → CD28
9,P17,CCC_Receiver_CD86_to_CD28,0.0005522807894475967,shap_tree,Receiver,CD86,CD28,CD86 → CD28
9,P17,CCC_Sender_ICOSLG_to_ICOS,5.411039566162361e-06,shap_tree,Sender,ICOSLG,ICOS,ICOSLG → ICOS
9,P17,CCC_Receiver_ICOSLG_to_ICOS,8.429363239995177e-05,shap_tree,Receiver,ICOSLG,ICOS,ICOSLG → ICOS
9,P17,CCC_Sender_CD40LG_to_CD40,1.2181172247529097e-05,shap_tree,Sender,CD40LG,CD40,CD40LG → CD40
9,P17,CCC_Receiver_CD40LG_to_CD40,3.462229625664233e-05,shap_tree,Receiver,CD40LG,CD40,CD40LG → CD40
10,P18,CCC_Sender_ICAM1_to_ITGAL,0.0005941469478668739,shap_tree,Sender,ICAM1,ITGAL,ICAM1 → ITGAL
10,P18,CCC_Receiver_ICAM1_to_ITGAL,0.0038885195681465238,shap_tree,Receiver,ICAM1,ITGAL,ICAM1 → ITGAL
10,P18,CCC_Sender_CCL2_to_CCR2,7.107603496292429e-07,shap_tree,Sender,CCL2,CCR2,CCL2 → CCR2
10,P18,CCC_Receiver_CCL2_to_CCR2,0.00013625346857921555,shap_tree,Receiver,CCL2,CCR2,CCL2 → CCR2
10,P18,CCC_Sender_CCL3_to_CCR1,0.0061639650197997786,shap_tree,Sender,CCL3,CCR1,CCL3 → CCR1
10,P18,CCC_Receiver_CCL3_to_CCR1,0.00012575200145227723,shap_tree,Receiver,CCL3,CCR1,CCL3 → CCR1
10,P18,CCC_Sender_CCL3_to_CCR5,0.004142445915642414,shap_tree,Sender,CCL3,CCR5,CCL3 → CCR5
10,P18,CCC_Receiver_CCL3_to_CCR5,0.0019477095506343707,shap_tree,Receiver,CCL3,CCR5,CCL3 → CCR5
10,P18,CCC_Sender_CCL3L1_to_CCR1,0.0007987631568170256,shap_tree,Sender,CCL3L1,CCR1,CCL3L1 → CCR1
10,P18,CCC_Receiver_CCL3L1_to_CCR1,0.000315455601148042,shap_tree,Receiver,CCL3L1,CCR1,CCL3L1 → CCR1
10,P18,CCC_Sender_CCL4_to_CCR5,0.00667466606723621,shap_tree,Sender,CCL4,CCR5,CCL4 → CCR5
10,P18,CCC_Receiver_CCL4_to_CCR5,0.0021049963310456046,shap_tree,Receiver,CCL4,CCR5,CCL4 → CCR5
10,P18,CCC_Sender_CCL5_to_CCR1,0.059562694307375645,shap_tree,Sender,CCL5,CCR1,CCL5 → CCR1
10,P18,CCC_Receiver_CCL5_to_CCR1,1.1630604016982615e-05,shap_tree,Receiver,CCL5,CCR1,CCL5 → CCR1
10,P18,CCC_Sender_CCL5_to_CCR4,0.006561458190736777,shap_tree,Sender,CCL5,CCR4,CCL5 → CCR4
10,P18,CCC_Receiver_CCL5_to_CCR4,2.804144865435014e-05,shap_tree,Receiver,CCL5,CCR4,CCL5 → CCR4
10,P18,CCC_Sender_CCL5_to_CCR5,0.021475408168103387,shap_tree,Sender,CCL5,CCR5,CCL5 → CCR5
10,P18,CCC_Receiver_CCL5_to_CCR5,0.0005053556074257102,shap_tree,Receiver,CCL5,CCR5,CCL5 → CCR5
10,P18,CCC_Sender_CXCL13_to_CXCR5,0.0004992873553929456,shap_tree,Sender,CXCL13,CXCR5,CXCL13 → CXCR5
10,P18,CCC_Receiver_CXCL13_to_CXCR5,0.00023385260518296637,shap_tree,Receiver,CXCL13,CXCR5,CXCL13 → CXCR5
10,P18,CCC_Sender_CXCL16_to_CXCR6,0.00044272138577639215,shap_tree,Sender,CXCL16,CXCR6,CXCL16 → CXCR6
10,P18,CCC_Receiver_CXCL16_to_CXCR6,0.0006197362431709021,shap_tree,Receiver,CXCL16,CXCR6,CXCL16 → CXCR6
10,P18,CCC_Sender_CXCL2_to_DPP4,0.00011832467317410556,shap_tree,Sender,CXCL2,DPP4,CXCL2 → DPP4
10,P18,CCC_Receiver_CXCL2_to_DPP4,2.052150226472337e-05,shap_tree,Receiver,CXCL2,DPP4,CXCL2 → DPP4
10,P18,CCC_Sender_CSF1_to_CSF1R,6.368971190879881e-06,shap_tree,Sender,CSF1,CSF1R,CSF1 → CSF1R
10,P18,CCC_Receiver_CSF1_to_CSF1R,0.000658763964733853,shap_tree,Receiver,CSF1,CSF1R,CSF1 → CSF1R
10,P18,CCC_Sender_LGALS9_to_HAVCR2,0.007711624980322742,shap_tree,Sender,LGALS9,HAVCR2,LGALS9 → HAVCR2
10,P18,CCC_Receiver_LGALS9_to_HAVCR2,0.006825193396761336,shap_tree,Receiver,LGALS9,HAVCR2,LGALS9 → HAVCR2
10,P18,CCC_Sender_LGALS9_to_P4HB,0.0030673217893137997,shap_tree,Sender,LGALS9,P4HB,LGALS9 → P4HB
10,P18,CCC_Receiver_LGALS9_to_P4HB,0.022299461625083786,shap_tree,Receiver,LGALS9,P4HB,LGALS9 → P4HB
10,P18,CCC_Sender_HLA-B_to_KIR3DL2,0.025766414334788417,shap_tree,Sender,HLA-B,KIR3DL2,HLA-B → KIR3DL2
10,P18,CCC_Receiver_HLA-B_to_KIR3DL2,2.7360793286567846e-06,shap_tree,Receiver,HLA-B,KIR3DL2,HLA-B → KIR3DL2
10,P18,CCC_Sender_HLA-C_to_KIR2DL3,0.009733401772846253,shap_tree,Sender,HLA-C,KIR2DL3,HLA-C → KIR2DL3
10,P18,CCC_Receiver_HLA-C_to_KIR2DL3,3.1289368385047336e-06,shap_tree,Receiver,HLA-C,KIR2DL3,HLA-C → KIR2DL3
10,P18,CCC_Sender_HLA-E_to_KLRC1,0.010345587064585956,shap_tree,Sender,HLA-E,KLRC1,HLA-E → KLRC1
10,P18,CCC_Receiver_HLA-E_to_KLRC1,5.511601067589819e-06,shap_tree,Receiver,HLA-E,KLRC1,HLA-E → KLRC1
10,P18,CCC_Sender_HLA-E_to_KLRC2,0.04042377043833704,shap_tree,Sender,HLA-E,KLRC2,HLA-E → KLRC2
10,P18,CCC_Receiver_HLA-E_to_KLRC2,5.321110025110598e-06,shap_tree,Receiver,HLA-E,KLRC2,HLA-E → KLRC2
10,P18,CCC_Sender_HLA-E_to_KLRK1,0.02196049821315421,shap_tree,Sender,HLA-E,KLRK1,HLA-E → KLRK1
10,P18,CCC_Receiver_HLA-E_to_KLRK1,0.0001355119545778769,shap_tree,Receiver,HLA-E,KLRK1,HLA-E → KLRK1
10,P18,CCC_Sender_HLA-F_to_KIR3DL2,0.00840942605515027,shap_tree,Sender,HLA-F,KIR3DL2,HLA-F → KIR3DL2
10,P18,CCC_Receiver_HLA-F_to_KIR3DL2,3.3053709199322036e-06,shap_tree,Receiver,HLA-F,KIR3DL2,HLA-F → KIR3DL2
10,P18,CCC_Sender_HLA-F_to_LILRB1,0.007439151866134101,shap_tree,Sender,HLA-F,LILRB1,HLA-F → LILRB1
10,P18,CCC_Receiver_HLA-F_to_LILRB1,3.9063435741978675e-05,shap_tree,Receiver,HLA-F,LILRB1,HLA-F → LILRB1
10,P18,CCC_Sender_HLA-F_to_LILRB2,0.0512979600387645,shap_tree,Sender,HLA-F,LILRB2,HLA-F → LILRB2
10,P18,CCC_Receiver_HLA-F_to_LILRB2,0.0001851109663181378,shap_tree,Receiver,HLA-F,LILRB2,HLA-F → LILRB2
10,P18,CCC_Sender_HLA-G_to_LILRB1,0.007309547923104552,shap_tree,Sender,HLA-G,LILRB1,HLA-G → LILRB1
10,P18,CCC_Receiver_HLA-G_to_LILRB1,0.00013693105737381687,shap_tree,Receiver,HLA-G,LILRB1,HLA-G → LILRB1
10,P18,CCC_Sender_HLA-G_to_LILRB2,0.027512233732175016,shap_tree,Sender,HLA-G,LILRB2,HLA-G → LILRB2
10,P18,CCC_Receiver_HLA-G_to_LILRB2,0.0009083301984125915,shap_tree,Receiver,HLA-G,LILRB2,HLA-G → LILRB2
10,P18,CCC_Sender_LTB_to_LTBR,0.0019187239907871463,shap_tree,Sender,LTB,LTBR,LTB → LTBR
10,P18,CCC_Receiver_LTB_to_LTBR,3.219144157010877e-05,shap_tree,Receiver,LTB,LTBR,LTB → LTBR
10,P18,CCC_Sender_PVR_to_CD226,2.876115010776053e-06,shap_tree,Sender,PVR,CD226,PVR → CD226
10,P18,CCC_Receiver_PVR_to_CD226,1.1079051661712765e-05,shap_tree,Receiver,PVR,CD226,PVR → CD226
10,P18,CCC_Sender_PVR_to_CD96,7.043336510266831e-07,shap_tree,Sender,PVR,CD96,PVR → CD96
10,P18,CCC_Receiver_PVR_to_CD96,0.0053360462282121875,shap_tree,Receiver,PVR,CD96,PVR → CD96
10,P18,CCC_Sender_PVR_to_TIGIT,7.4212048265639e-07,shap_tree,Sender,PVR,TIGIT,PVR → TIGIT
10,P18,CCC_Receiver_PVR_to_TIGIT,0.0033874495707352267,shap_tree,Receiver,PVR,TIGIT,PVR → TIGIT
10,P18,CCC_Sender_SELPLG_to_SELL,0.008479512454558557,shap_tree,Sender,SELPLG,SELL,SELPLG → SELL
10,P18,CCC_Receiver_SELPLG_to_SELL,0.0011366044562572226,shap_tree,Receiver,SELPLG,SELL,SELPLG → SELL
10,P18,CCC_Sender_TGFB1_to_TGFBR3,5.8906190021403765e-05,shap_tree,Sender,TGFB1,TGFBR3,TGFB1 → TGFBR3
10,P18,CCC_Receiver_TGFB1_to_TGFBR3,0.00012902447099002955,shap_tree,Receiver,TGFB1,TGFBR3,TGFB1 → TGFBR3
10,P18,CCC_Sender_BTLA_to_TNFRSF14,2.235794256059619e-05,shap_tree,Sender,BTLA,TNFRSF14,BTLA → TNFRSF14
10,P18,CCC_Receiver_BTLA_to_TNFRSF14,0.0018518480385618808,shap_tree,Receiver,BTLA,TNFRSF14,BTLA → TNFRSF14
10,P18,CCC_Sender_FASLG_to_FAS,9.083846427179593e-06,shap_tree,Sender,FASLG,FAS,FASLG → FAS
10,P18,CCC_Receiver_FASLG_to_FAS,0.0004013271786390095,shap_tree,Receiver,FASLG,FAS,FASLG → FAS
10,P18,CCC_Sender_LTA_to_TNFRSF14,6.931652804764226e-05,shap_tree,Sender,LTA,TNFRSF14,LTA → TNFRSF14
10,P18,CCC_Receiver_LTA_to_TNFRSF14,0.0008268551352891056,shap_tree,Receiver,LTA,TNFRSF14,LTA → TNFRSF14
10,P18,CCC_Sender_LTA_to_TNFRSF1A,2.1245458255043162e-05,shap_tree,Sender,LTA,TNFRSF1A,LTA → TNFRSF1A
10,P18,CCC_Receiver_LTA_to_TNFRSF1A,1.7515253286907142e-05,shap_tree,Receiver,LTA,TNFRSF1A,LTA → TNFRSF1A
10,P18,CCC_Sender_LTA_to_TNFRSF1B,1.2085190070961144e-05,shap_tree,Sender,LTA,TNFRSF1B,LTA → TNFRSF1B
10,P18,CCC_Receiver_LTA_to_TNFRSF1B,0.0022123607710131128,shap_tree,Receiver,LTA,TNFRSF1B,LTA → TNFRSF1B
10,P18,CCC_Sender_TNF_to_TNFRSF1A,0.0010083658897291038,shap_tree,Sender,TNF,TNFRSF1A,TNF → TNFRSF1A
10,P18,CCC_Receiver_TNF_to_TNFRSF1A,0.0007120089893094656,shap_tree,Receiver,TNF,TNFRSF1A,TNF → TNFRSF1A
10,P18,CCC_Sender_TNF_to_TNFRSF1B,0.0002183215071632948,shap_tree,Sender,TNF,TNFRSF1B,TNF → TNFRSF1B
10,P18,CCC_Receiver_TNF_to_TNFRSF1B,0.004229340543129506,shap_tree,Receiver,TNF,TNFRSF1B,TNF → TNFRSF1B
10,P18,CCC_Sender_TNFSF10_to_TNFRSF10A,4.945612531911737e-05,shap_tree,Sender,TNFSF10,TNFRSF10A,TNFSF10 → TNFRSF10A
10,P18,CCC_Receiver_TNFSF10_to_TNFRSF10A,1.6254573248202678e-05,shap_tree,Receiver,TNFSF10,TNFRSF10A,TNFSF10 → TNFRSF10A
10,P18,CCC_Sender_TNFSF10_to_TNFRSF10B,5.266680201015351e-05,shap_tree,Sender,TNFSF10,TNFRSF10B,TNFSF10 → TNFRSF10B
10,P18,CCC_Receiver_TNFSF10_to_TNFRSF10B,1.334952490127061e-05,shap_tree,Receiver,TNFSF10,TNFRSF10B,TNFSF10 → TNFRSF10B
10,P18,CCC_Sender_TNFSF10_to_TNFRSF10D,6.566415454010521e-05,shap_tree,Sender,TNFSF10,TNFRSF10D,TNFSF10 → TNFRSF10D
10,P18,CCC_Receiver_TNFSF10_to_TNFRSF10D,4.318837289641198e-06,shap_tree,Receiver,TNFSF10,TNFRSF10D,TNFSF10 → TNFRSF10D
10,P18,CCC_Sender_TNFSF12_to_TNFRSF12A,8.01174952870806e-07,shap_tree,Sender,TNFSF12,TNFRSF12A,TNFSF12 → TNFRSF12A
10,P18,CCC_Receiver_TNFSF12_to_TNFRSF12A,2.2198393768696555e-06,shap_tree,Receiver,TNFSF12,TNFRSF12A,TNFSF12 → TNFRSF12A
10,P18,CCC_Sender_TNFSF12_to_TNFRSF25,2.062754951025321e-05,shap_tree,Sender,TNFSF12,TNFRSF25,TNFSF12 → TNFRSF25
10,P18,CCC_Receiver_TNFSF12_to_TNFRSF25,0.00013855385961771411,shap_tree,Receiver,TNFSF12,TNFRSF25,TNFSF12 → TNFRSF25
10,P18,CCC_Sender_TNFSF14_to_LTBR,7.335335680609078e-06,shap_tree,Sender,TNFSF14,LTBR,TNFSF14 → LTBR
10,P18,CCC_Receiver_TNFSF14_to_LTBR,0.0004018507730700891,shap_tree,Receiver,TNFSF14,LTBR,TNFSF14 → LTBR
10,P18,CCC_Sender_TNFSF14_to_TNFRSF14,1.4138258115591896e-05,shap_tree,Sender,TNFSF14,TNFRSF14,TNFSF14 → TNFRSF14
10,P18,CCC_Receiver_TNFSF14_to_TNFRSF14,0.0018064653911232483,shap_tree,Receiver,TNFSF14,TNFRSF14,TNFSF14 → TNFRSF14
10,P18,CCC_Sender_TNFSF4_to_TNFRSF4,2.511119714390496e-05,shap_tree,Sender,TNFSF4,TNFRSF4,TNFSF4 → TNFRSF4
10,P18,CCC_Receiver_TNFSF4_to_TNFRSF4,0.0003129394455323164,shap_tree,Receiver,TNFSF4,TNFRSF4,TNFSF4 → TNFRSF4
10,P18,CCC_Sender_TNFSF9_to_TNFRSF9,0.00016935664870698647,shap_tree,Sender,TNFSF9,TNFRSF9,TNFSF9 → TNFRSF9
10,P18,CCC_Receiver_TNFSF9_to_TNFRSF9,0.0001607899861912224,shap_tree,Receiver,TNFSF9,TNFRSF9,TNFSF9 → TNFRSF9
10,P18,CCC_Sender_VEGFA_to_NRP1,8.35395252157375e-05,shap_tree,Sender,VEGFA,NRP1,VEGFA → NRP1
10,P18,CCC_Receiver_VEGFA_to_NRP1,0.00021489268183257174,shap_tree,Receiver,VEGFA,NRP1,VEGFA → NRP1
10,P18,CCC_Sender_VEGFA_to_NRP2,4.410290796536671e-05,shap_tree,Sender,VEGFA,NRP2,VEGFA → NRP2
10,P18,CCC_Receiver_VEGFA_to_NRP2,2.9426245958412585e-07,shap_tree,Receiver,VEGFA,NRP2,VEGFA → NRP2
10,P18,CCC_Sender_VEGFB_to_NRP1,5.864364682745e-05,shap_tree,Sender,VEGFB,NRP1,VEGFB → NRP1
10,P18,CCC_Receiver_VEGFB_to_NRP1,6.18144861351126e-05,shap_tree,Receiver,VEGFB,NRP1,VEGFB → NRP1
10,P18,CCC_Sender_CD274_to_PDCD1,9.889109659193957e-21,shap_tree,Sender,CD274,PDCD1,CD274 → PDCD1
10,P18,CCC_Receiver_CD274_to_PDCD1,0.0028403757270625387,shap_tree,Receiver,CD274,PDCD1,CD274 → PDCD1
10,P18,CCC_Sender_CD86_to_CTLA4,0.0006293966340721891,shap_tree,Sender,CD86,CTLA4,CD86 → CTLA4
10,P18,CCC_Receiver_CD86_to_CTLA4,0.0024422109391064985,shap_tree,Receiver,CD86,CTLA4,CD86 → CTLA4
10,P18,CCC_Sender_CD86_to_CD28,0.00012766616802679194,shap_tree,Sender,CD86,CD28,CD86 → CD28
10,P18,CCC_Receiver_CD86_to_CD28,0.0008063780974910398,shap_tree,Receiver,CD86,CD28,CD86 → CD28
10,P18,CCC_Sender_ICOSLG_to_ICOS,1.18798092734983e-05,shap_tree,Sender,ICOSLG,ICOS,ICOSLG → ICOS
10,P18,CCC_Receiver_ICOSLG_to_ICOS,0.00043894770347057587,shap_tree,Receiver,ICOSLG,ICOS,ICOSLG → ICOS
10,P18,CCC_Sender_CD40LG_to_CD40,1.3706790854325869e-05,shap_tree,Sender,CD40LG,CD40,CD40LG → CD40
10,P18,CCC_Receiver_CD40LG_to_CD40,6.927584157129014e-05,shap_tree,Receiver,CD40LG,CD40,CD40LG → CD40
11,P19,CCC_Sender_ICAM1_to_ITGAL,9.134517237928001e-05,shap_tree,Sender,ICAM1,ITGAL,ICAM1 → ITGAL
11,P19,CCC_Receiver_ICAM1_to_ITGAL,0.006861887855953007,shap_tree,Receiver,ICAM1,ITGAL,ICAM1 → ITGAL
11,P19,CCC_Sender_CCL2_to_CCR2,2.1953757629562624e-05,shap_tree,Sender,CCL2,CCR2,CCL2 → CCR2
11,P19,CCC_Receiver_CCL2_to_CCR2,1.8265127701643464e-06,shap_tree,Receiver,CCL2,CCR2,CCL2 → CCR2
11,P19,CCC_Sender_CCL3_to_CCR1,0.0050707782857806775,shap_tree,Sender,CCL3,CCR1,CCL3 → CCR1
11,P19,CCC_Receiver_CCL3_to_CCR1,4.312519548813241e-06,shap_tree,Receiver,CCL3,CCR1,CCL3 → CCR1
11,P19,CCC_Sender_CCL3_to_CCR5,0.002995324626650547,shap_tree,Sender,CCL3,CCR5,CCL3 → CCR5
11,P19,CCC_Receiver_CCL3_to_CCR5,0.0014941893935482627,shap_tree,Receiver,CCL3,CCR5,CCL3 → CCR5
11,P19,CCC_Sender_CCL3L1_to_CCR1,0.00029239810915062184,shap_tree,Sender,CCL3L1,CCR1,CCL3L1 → CCR1
11,P19,CCC_Receiver_CCL3L1_to_CCR1,0.0003647595212332876,shap_tree,Receiver,CCL3L1,CCR1,CCL3L1 → CCR1
11,P19,CCC_Sender_CCL4_to_CCR5,0.004784500651744624,shap_tree,Sender,CCL4,CCR5,CCL4 → CCR5
11,P19,CCC_Receiver_CCL4_to_CCR5,0.0012319538916395283,shap_tree,Receiver,CCL4,CCR5,CCL4 → CCR5
11,P19,CCC_Sender_CCL5_to_CCR1,0.037661145090238414,shap_tree,Sender,CCL5,CCR1,CCL5 → CCR1
11,P19,CCC_Receiver_CCL5_to_CCR1,0.0,shap_tree,Receiver,CCL5,CCR1,CCL5 → CCR1
11,P19,CCC_Sender_CCL5_to_CCR4,0.003813698990651468,shap_tree,Sender,CCL5,CCR4,CCL5 → CCR4
11,P19,CCC_Receiver_CCL5_to_CCR4,0.0,shap_tree,Receiver,CCL5,CCR4,CCL5 → CCR4
11,P19,CCC_Sender_CCL5_to_CCR5,0.008730506300319203,shap_tree,Sender,CCL5,CCR5,CCL5 → CCR5
11,P19,CCC_Receiver_CCL5_to_CCR5,0.00036144267416164774,shap_tree,Receiver,CCL5,CCR5,CCL5 → CCR5
11,P19,CCC_Sender_CXCL13_to_CXCR5,0.0001322810394522157,shap_tree,Sender,CXCL13,CXCR5,CXCL13 → CXCR5
11,P19,CCC_Receiver_CXCL13_to_CXCR5,1.5216089554577778e-05,shap_tree,Receiver,CXCL13,CXCR5,CXCL13 → CXCR5
11,P19,CCC_Sender_CXCL16_to_CXCR6,0.00031510041478501267,shap_tree,Sender,CXCL16,CXCR6,CXCL16 → CXCR6
11,P19,CCC_Receiver_CXCL16_to_CXCR6,0.0005283631826607102,shap_tree,Receiver,CXCL16,CXCR6,CXCL16 → CXCR6
11,P19,CCC_Sender_CXCL2_to_DPP4,0.0,shap_tree,Sender,CXCL2,DPP4,CXCL2 → DPP4
11,P19,CCC_Receiver_CXCL2_to_DPP4,5.618350931237931e-07,shap_tree,Receiver,CXCL2,DPP4,CXCL2 → DPP4
11,P19,CCC_Sender_CSF1_to_CSF1R,0.00010007588534306482,shap_tree,Sender,CSF1,CSF1R,CSF1 → CSF1R
11,P19,CCC_Receiver_CSF1_to_CSF1R,0.00047006650396021497,shap_tree,Receiver,CSF1,CSF1R,CSF1 → CSF1R
11,P19,CCC_Sender_LGALS9_to_HAVCR2,0.004470030618679231,shap_tree,Sender,LGALS9,HAVCR2,LGALS9 → HAVCR2
11,P19,CCC_Receiver_LGALS9_to_HAVCR2,0.004127106429940857,shap_tree,Receiver,LGALS9,HAVCR2,LGALS9 → HAVCR2
11,P19,CCC_Sender_LGALS9_to_P4HB,0.0018339443309947508,shap_tree,Sender,LGALS9,P4HB,LGALS9 → P4HB
11,P19,CCC_Receiver_LGALS9_to_P4HB,0.009978972064777401,shap_tree,Receiver,LGALS9,P4HB,LGALS9 → P4HB
11,P19,CCC_Sender_HLA-B_to_KIR3DL2,0.01281615459839287,shap_tree,Sender,HLA-B,KIR3DL2,HLA-B → KIR3DL2
11,P19,CCC_Receiver_HLA-B_to_KIR3DL2,6.539079053542677e-07,shap_tree,Receiver,HLA-B,KIR3DL2,HLA-B → KIR3DL2
11,P19,CCC_Sender_HLA-C_to_KIR2DL3,0.05217879120955421,shap_tree,Sender,HLA-C,KIR2DL3,HLA-C → KIR2DL3
11,P19,CCC_Receiver_HLA-C_to_KIR2DL3,0.0,shap_tree,Receiver,HLA-C,KIR2DL3,HLA-C → KIR2DL3
11,P19,CCC_Sender_HLA-E_to_KLRC1,0.012426107628394033,shap_tree,Sender,HLA-E,KLRC1,HLA-E → KLRC1
11,P19,CCC_Receiver_HLA-E_to_KLRC1,4.7598180814548884e-06,shap_tree,Receiver,HLA-E,KLRC1,HLA-E → KLRC1
11,P19,CCC_Sender_HLA-E_to_KLRC2,0.012785951184505843,shap_tree,Sender,HLA-E,KLRC2,HLA-E → KLRC2
11,P19,CCC_Receiver_HLA-E_to_KLRC2,1.6507183740238415e-06,shap_tree,Receiver,HLA-E,KLRC2,HLA-E → KLRC2
11,P19,CCC_Sender_HLA-E_to_KLRK1,0.0040095502031291365,shap_tree,Sender,HLA-E,KLRK1,HLA-E → KLRK1
11,P19,CCC_Receiver_HLA-E_to_KLRK1,0.00045067108568222437,shap_tree,Receiver,HLA-E,KLRK1,HLA-E → KLRK1
11,P19,CCC_Sender_HLA-F_to_KIR3DL2,0.004137873257879907,shap_tree,Sender,HLA-F,KIR3DL2,HLA-F → KIR3DL2
11,P19,CCC_Receiver_HLA-F_to_KIR3DL2,2.3956715575328633e-07,shap_tree,Receiver,HLA-F,KIR3DL2,HLA-F → KIR3DL2
11,P19,CCC_Sender_HLA-F_to_LILRB1,0.003344951577481663,shap_tree,Sender,HLA-F,LILRB1,HLA-F → LILRB1
11,P19,CCC_Receiver_HLA-F_to_LILRB1,2.861673881758974e-06,shap_tree,Receiver,HLA-F,LILRB1,HLA-F → LILRB1
11,P19,CCC_Sender_HLA-F_to_LILRB2,0.03262402676182066,shap_tree,Sender,HLA-F,LILRB2,HLA-F → LILRB2
11,P19,CCC_Receiver_HLA-F_to_LILRB2,0.0005485388805325083,shap_tree,Receiver,HLA-F,LILRB2,HLA-F → LILRB2
11,P19,CCC_Sender_HLA-G_to_LILRB1,0.0025435139925170133,shap_tree,Sender,HLA-G,LILRB1,HLA-G → LILRB1
11,P19,CCC_Receiver_HLA-G_to_LILRB1,2.9580053946223754e-05,shap_tree,Receiver,HLA-G,LILRB1,HLA-G → LILRB1
11,P19,CCC_Sender_HLA-G_to_LILRB2,0.019659960741312824,shap_tree,Sender,HLA-G,LILRB2,HLA-G → LILRB2
11,P19,CCC_Receiver_HLA-G_to_LILRB2,0.00029476753816792784,shap_tree,Receiver,HLA-G,LILRB2,HLA-G → LILRB2
11,P19,CCC_Sender_LTB_to_LTBR,0.0044624462245149215,shap_tree,Sender,LTB,LTBR,LTB → LTBR
11,P19,CCC_Receiver_LTB_to_LTBR,0.00021318052662901109,shap_tree,Receiver,LTB,LTBR,LTB → LTBR
11,P19,CCC_Sender_PVR_to_CD226,0.0,shap_tree,Sender,PVR,CD226,PVR → CD226
11,P19,CCC_Receiver_PVR_to_CD226,0.0,shap_tree,Receiver,PVR,CD226,PVR → CD226
11,P19,CCC_Sender_PVR_to_CD96,0.0,shap_tree,Sender,PVR,CD96,PVR → CD96
11,P19,CCC_Receiver_PVR_to_CD96,0.0017106802292624075,shap_tree,Receiver,PVR,CD96,PVR → CD96
11,P19,CCC_Sender_PVR_to_TIGIT,0.0,shap_tree,Sender,PVR,TIGIT,PVR → TIGIT
11,P19,CCC_Receiver_PVR_to_TIGIT,0.0015554219220287988,shap_tree,Receiver,PVR,TIGIT,PVR → TIGIT
11,P19,CCC_Sender_SELPLG_to_SELL,0.0030605296991763637,shap_tree,Sender,SELPLG,SELL,SELPLG → SELL
11,P19,CCC_Receiver_SELPLG_to_SELL,0.00013383856497208062,shap_tree,Receiver,SELPLG,SELL,SELPLG → SELL
11,P19,CCC_Sender_TGFB1_to_TGFBR3,2.5177985196935308e-06,shap_tree,Sender,TGFB1,TGFBR3,TGFB1 → TGFBR3
11,P19,CCC_Receiver_TGFB1_to_TGFBR3,0.0,shap_tree,Receiver,TGFB1,TGFBR3,TGFB1 → TGFBR3
11,P19,CCC_Sender_BTLA_to_TNFRSF14,2.88691481198503e-07,shap_tree,Sender,BTLA,TNFRSF14,BTLA → TNFRSF14
11,P19,CCC_Receiver_BTLA_to_TNFRSF14,0.00016008776268327615,shap_tree,Receiver,BTLA,TNFRSF14,BTLA → TNFRSF14
11,P19,CCC_Sender_FASLG_to_FAS,6.311202959387743e-06,shap_tree,Sender,FASLG,FAS,FASLG → FAS
11,P19,CCC_Receiver_FASLG_to_FAS,0.0,shap_tree,Receiver,FASLG,FAS,FASLG → FAS
11,P19,CCC_Sender_LTA_to_TNFRSF14,1.2809712629864315e-06,shap_tree,Sender,LTA,TNFRSF14,LTA → TNFRSF14
11,P19,CCC_Receiver_LTA_to_TNFRSF14,0.0001155718171250549,shap_tree,Receiver,LTA,TNFRSF14,LTA → TNFRSF14
11,P19,CCC_Sender_LTA_to_TNFRSF1A,0.0,shap_tree,Sender,LTA,TNFRSF1A,LTA → TNFRSF1A
11,P19,CCC_Receiver_LTA_to_TNFRSF1A,2.2627335013447877e-07,shap_tree,Receiver,LTA,TNFRSF1A,LTA → TNFRSF1A
11,P19,CCC_Sender_LTA_to_TNFRSF1B,4.086423169038562e-06,shap_tree,Sender,LTA,TNFRSF1B,LTA → TNFRSF1B
11,P19,CCC_Receiver_LTA_to_TNFRSF1B,0.001142345267818692,shap_tree,Receiver,LTA,TNFRSF1B,LTA → TNFRSF1B
11,P19,CCC_Sender_TNF_to_TNFRSF1A,0.00015921883192803948,shap_tree,Sender,TNF,TNFRSF1A,TNF → TNFRSF1A
11,P19,CCC_Receiver_TNF_to_TNFRSF1A,0.00021438419639017794,shap_tree,Receiver,TNF,TNFRSF1A,TNF → TNFRSF1A
11,P19,CCC_Sender_TNF_to_TNFRSF1B,8.234321658355855e-05,shap_tree,Sender,TNF,TNFRSF1B,TNF → TNFRSF1B
11,P19,CCC_Receiver_TNF_to_TNFRSF1B,0.0031080266256798134,shap_tree,Receiver,TNF,TNFRSF1B,TNF → TNFRSF1B
11,P19,CCC_Sender_TNFSF10_to_TNFRSF10A,5.828122506027222e-05,shap_tree,Sender,TNFSF10,TNFRSF10A,TNFSF10 → TNFRSF10A
11,P19,CCC_Receiver_TNFSF10_to_TNFRSF10A,8.185438782600729e-07,shap_tree,Receiver,TNFSF10,TNFRSF10A,TNFSF10 → TNFRSF10A
11,P19,CCC_Sender_TNFSF10_to_TNFRSF10B,9.943547982041242e-05,shap_tree,Sender,TNFSF10,TNFRSF10B,TNFSF10 → TNFRSF10B
11,P19,CCC_Receiver_TNFSF10_to_TNFRSF10B,0.0,shap_tree,Receiver,TNFSF10,TNFRSF10B,TNFSF10 → TNFRSF10B
11,P19,CCC_Sender_TNFSF10_to_TNFRSF10D,0.0,shap_tree,Sender,TNFSF10,TNFRSF10D,TNFSF10 → TNFRSF10D
11,P19,CCC_Receiver_TNFSF10_to_TNFRSF10D,0.0,shap_tree,Receiver,TNFSF10,TNFRSF10D,TNFSF10 → TNFRSF10D
11,P19,CCC_Sender_TNFSF12_to_TNFRSF12A,0.0,shap_tree,Sender,TNFSF12,TNFRSF12A,TNFSF12 → TNFRSF12A
11,P19,CCC_Receiver_TNFSF12_to_TNFRSF12A,0.0,shap_tree,Receiver,TNFSF12,TNFRSF12A,TNFSF12 → TNFRSF12A
11,P19,CCC_Sender_TNFSF12_to_TNFRSF25,4.208897954420523e-06,shap_tree,Sender,TNFSF12,TNFRSF25,TNFSF12 → TNFRSF25
11,P19,CCC_Receiver_TNFSF12_to_TNFRSF25,0.0,shap_tree,Receiver,TNFSF12,TNFRSF25,TNFSF12 → TNFRSF25
11,P19,CCC_Sender_TNFSF14_to_LTBR,0.0,shap_tree,Sender,TNFSF14,LTBR,TNFSF14 → LTBR
11,P19,CCC_Receiver_TNFSF14_to_LTBR,0.0004646476816486436,shap_tree,Receiver,TNFSF14,LTBR,TNFSF14 → LTBR
11,P19,CCC_Sender_TNFSF14_to_TNFRSF14,2.4588069088640414e-07,shap_tree,Sender,TNFSF14,TNFRSF14,TNFSF14 → TNFRSF14
11,P19,CCC_Receiver_TNFSF14_to_TNFRSF14,0.0014445284752951984,shap_tree,Receiver,TNFSF14,TNFRSF14,TNFSF14 → TNFRSF14
11,P19,CCC_Sender_TNFSF4_to_TNFRSF4,6.610187648805625e-07,shap_tree,Sender,TNFSF4,TNFRSF4,TNFSF4 → TNFRSF4
11,P19,CCC_Receiver_TNFSF4_to_TNFRSF4,0.0,shap_tree,Receiver,TNFSF4,TNFRSF4,TNFSF4 → TNFRSF4
11,P19,CCC_Sender_TNFSF9_to_TNFRSF9,5.230740066829832e-06,shap_tree,Sender,TNFSF9,TNFRSF9,TNFSF9 → TNFRSF9
11,P19,CCC_Receiver_TNFSF9_to_TNFRSF9,3.516860236608806e-05,shap_tree,Receiver,TNFSF9,TNFRSF9,TNFSF9 → TNFRSF9
11,P19,CCC_Sender_VEGFA_to_NRP1,0.0,shap_tree,Sender,VEGFA,NRP1,VEGFA → NRP1
11,P19,CCC_Receiver_VEGFA_to_NRP1,0.0003808553441580557,shap_tree,Receiver,VEGFA,NRP1,VEGFA → NRP1
11,P19,CCC_Sender_VEGFA_to_NRP2,5.263355191309601e-05,shap_tree,Sender,VEGFA,NRP2,VEGFA → NRP2
11,P19,CCC_Receiver_VEGFA_to_NRP2,0.0,shap_tree,Receiver,VEGFA,NRP2,VEGFA → NRP2
11,P19,CCC_Sender_VEGFB_to_NRP1,2.0773520237758067e-05,shap_tree,Sender,VEGFB,NRP1,VEGFB → NRP1
11,P19,CCC_Receiver_VEGFB_to_NRP1,0.00019603195804913243,shap_tree,Receiver,VEGFB,NRP1,VEGFB → NRP1
11,P19,CCC_Sender_CD274_to_PDCD1,0.0,shap_tree,Sender,CD274,PDCD1,CD274 → PDCD1
11,P19,CCC_Receiver_CD274_to_PDCD1,0.0008795634973689415,shap_tree,Receiver,CD274,PDCD1,CD274 → PDCD1
11,P19,CCC_Sender_CD86_to_CTLA4,0.0003444530503673358,shap_tree,Sender,CD86,CTLA4,CD86 → CTLA4
11,P19,CCC_Receiver_CD86_to_CTLA4,0.0009065216995002525,shap_tree,Receiver,CD86,CTLA4,CD86 → CTLA4
11,P19,CCC_Sender_CD86_to_CD28,7.194671388842098e-06,shap_tree,Sender,CD86,CD28,CD86 → CD28
11,P19,CCC_Receiver_CD86_to_CD28,0.0005638619284191738,shap_tree,Receiver,CD86,CD28,CD86 → CD28
11,P19,CCC_Sender_ICOSLG_to_ICOS,0.0,shap_tree,Sender,ICOSLG,ICOS,ICOSLG → ICOS
11,P19,CCC_Receiver_ICOSLG_to_ICOS,0.0001728053060749585,shap_tree,Receiver,ICOSLG,ICOS,ICOSLG → ICOS
11,P19,CCC_Sender_CD40LG_to_CD40,0.0,shap_tree,Sender,CD40LG,CD40,CD40LG → CD40
11,P19,CCC_Receiver_CD40LG_to_CD40,4.158293262397682e-06,shap_tree,Receiver,CD40LG,CD40,CD40LG → CD40
12,P2,CCC_Sender_ICAM1_to_ITGAL,0.00012535935460936665,shap_tree,Sender,ICAM1,ITGAL,ICAM1 → ITGAL
12,P2,CCC_Receiver_ICAM1_to_ITGAL,0.006665359334541827,shap_tree,Receiver,ICAM1,ITGAL,ICAM1 → ITGAL
12,P2,CCC_Sender_CCL2_to_CCR2,2.435439483640796e-05,shap_tree,Sender,CCL2,CCR2,CCL2 → CCR2
12,P2,CCC_Receiver_CCL2_to_CCR2,0.00014338558033881528,shap_tree,Receiver,CCL2,CCR2,CCL2 → CCR2
12,P2,CCC_Sender_CCL3_to_CCR1,0.01029253728426772,shap_tree,Sender,CCL3,CCR1,CCL3 → CCR1
12,P2,CCC_Receiver_CCL3_to_CCR1,7.34819263486469e-05,shap_tree,Receiver,CCL3,CCR1,CCL3 → CCR1
12,P2,CCC_Sender_CCL3_to_CCR5,0.008911948610931482,shap_tree,Sender,CCL3,CCR5,CCL3 → CCR5
12,P2,CCC_Receiver_CCL3_to_CCR5,0.006779366716438935,shap_tree,Receiver,CCL3,CCR5,CCL3 → CCR5
12,P2,CCC_Sender_CCL3L1_to_CCR1,0.0007481637725136411,shap_tree,Sender,CCL3L1,CCR1,CCL3L1 → CCR1
12,P2,CCC_Receiver_CCL3L1_to_CCR1,0.0006057934863097598,shap_tree,Receiver,CCL3L1,CCR1,CCL3L1 → CCR1
12,P2,CCC_Sender_CCL4_to_CCR5,0.01110484249601906,shap_tree,Sender,CCL4,CCR5,CCL4 → CCR5
12,P2,CCC_Receiver_CCL4_to_CCR5,0.0030206792537835828,shap_tree,Receiver,CCL4,CCR5,CCL4 → CCR5
12,P2,CCC_Sender_CCL5_to_CCR1,0.1056633460047757,shap_tree,Sender,CCL5,CCR1,CCL5 → CCR1
12,P2,CCC_Receiver_CCL5_to_CCR1,0.00010246558110753774,shap_tree,Receiver,CCL5,CCR1,CCL5 → CCR1
12,P2,CCC_Sender_CCL5_to_CCR4,0.007345957429452447,shap_tree,Sender,CCL5,CCR4,CCL5 → CCR4
12,P2,CCC_Receiver_CCL5_to_CCR4,0.0,shap_tree,Receiver,CCL5,CCR4,CCL5 → CCR4
12,P2,CCC_Sender_CCL5_to_CCR5,0.04314623431242059,shap_tree,Sender,CCL5,CCR5,CCL5 → CCR5
12,P2,CCC_Receiver_CCL5_to_CCR5,0.0014966150888383052,shap_tree,Receiver,CCL5,CCR5,CCL5 → CCR5
12,P2,CCC_Sender_CXCL13_to_CXCR5,0.0003846248071837973,shap_tree,Sender,CXCL13,CXCR5,CXCL13 → CXCR5
12,P2,CCC_Receiver_CXCL13_to_CXCR5,7.550939726868931e-05,shap_tree,Receiver,CXCL13,CXCR5,CXCL13 → CXCR5
12,P2,CCC_Sender_CXCL16_to_CXCR6,0.0004283665801138085,shap_tree,Sender,CXCL16,CXCR6,CXCL16 → CXCR6
12,P2,CCC_Receiver_CXCL16_to_CXCR6,0.0009226348829316655,shap_tree,Receiver,CXCL16,CXCR6,CXCL16 → CXCR6
12,P2,CCC_Sender_CXCL2_to_DPP4,6.969414952026419e-05,shap_tree,Sender,CXCL2,DPP4,CXCL2 → DPP4
12,P2,CCC_Receiver_CXCL2_to_DPP4,5.6273320605961995e-06,shap_tree,Receiver,CXCL2,DPP4,CXCL2 → DPP4
12,P2,CCC_Sender_CSF1_to_CSF1R,0.0001760706038605671,shap_tree,Sender,CSF1,CSF1R,CSF1 → CSF1R
12,P2,CCC_Receiver_CSF1_to_CSF1R,0.0011439988705117215,shap_tree,Receiver,CSF1,CSF1R,CSF1 → CSF1R
12,P2,CCC_Sender_LGALS9_to_HAVCR2,0.011438680020337403,shap_tree,Sender,LGALS9,HAVCR2,LGALS9 → HAVCR2
12,P2,CCC_Receiver_LGALS9_to_HAVCR2,0.006645938892047817,shap_tree,Receiver,LGALS9,HAVCR2,LGALS9 → HAVCR2
12,P2,CCC_Sender_LGALS9_to_P4HB,0.003922043007711745,shap_tree,Sender,LGALS9,P4HB,LGALS9 → P4HB
12,P2,CCC_Receiver_LGALS9_to_P4HB,0.012300376450774902,shap_tree,Receiver,LGALS9,P4HB,LGALS9 → P4HB
12,P2,CCC_Sender_HLA-B_to_KIR3DL2,0.017109831472614353,shap_tree,Sender,HLA-B,KIR3DL2,HLA-B → KIR3DL2
12,P2,CCC_Receiver_HLA-B_to_KIR3DL2,8.923730881917838e-06,shap_tree,Receiver,HLA-B,KIR3DL2,HLA-B → KIR3DL2
12,P2,CCC_Sender_HLA-C_to_KIR2DL3,0.0353769421060865,shap_tree,Sender,HLA-C,KIR2DL3,HLA-C → KIR2DL3
12,P2,CCC_Receiver_HLA-C_to_KIR2DL3,0.0,shap_tree,Receiver,HLA-C,KIR2DL3,HLA-C → KIR2DL3
12,P2,CCC_Sender_HLA-E_to_KLRC1,0.01954269656664599,shap_tree,Sender,HLA-E,KLRC1,HLA-E → KLRC1
12,P2,CCC_Receiver_HLA-E_to_KLRC1,2.2245467139347862e-05,shap_tree,Receiver,HLA-E,KLRC1,HLA-E → KLRC1
12,P2,CCC_Sender_HLA-E_to_KLRC2,0.012131626404823287,shap_tree,Sender,HLA-E,KLRC2,HLA-E → KLRC2
12,P2,CCC_Receiver_HLA-E_to_KLRC2,8.236652451640443e-05,shap_tree,Receiver,HLA-E,KLRC2,HLA-E → KLRC2
12,P2,CCC_Sender_HLA-E_to_KLRK1,0.014643243124330425,shap_tree,Sender,HLA-E,KLRK1,HLA-E → KLRK1
12,P2,CCC_Receiver_HLA-E_to_KLRK1,0.0003041920819687209,shap_tree,Receiver,HLA-E,KLRK1,HLA-E → KLRK1
12,P2,CCC_Sender_HLA-F_to_KIR3DL2,0.0061116030077625946,shap_tree,Sender,HLA-F,KIR3DL2,HLA-F → KIR3DL2
12,P2,CCC_Receiver_HLA-F_to_KIR3DL2,1.5943604964502738e-05,shap_tree,Receiver,HLA-F,KIR3DL2,HLA-F → KIR3DL2
12,P2,CCC_Sender_HLA-F_to_LILRB1,0.0018320992250714682,shap_tree,Sender,HLA-F,LILRB1,HLA-F → LILRB1
12,P2,CCC_Receiver_HLA-F_to_LILRB1,3.199186914250189e-05,shap_tree,Receiver,HLA-F,LILRB1,HLA-F → LILRB1
12,P2,CCC_Sender_HLA-F_to_LILRB2,0.032235646536286126,shap_tree,Sender,HLA-F,LILRB2,HLA-F → LILRB2
12,P2,CCC_Receiver_HLA-F_to_LILRB2,0.0010477392661108818,shap_tree,Receiver,HLA-F,LILRB2,HLA-F → LILRB2
12,P2,CCC_Sender_HLA-G_to_LILRB1,0.0027802587773746172,shap_tree,Sender,HLA-G,LILRB1,HLA-G → LILRB1
12,P2,CCC_Receiver_HLA-G_to_LILRB1,2.8764893131029262e-05,shap_tree,Receiver,HLA-G,LILRB1,HLA-G → LILRB1
12,P2,CCC_Sender_HLA-G_to_LILRB2,0.016524000589601767,shap_tree,Sender,HLA-G,LILRB2,HLA-G → LILRB2
12,P2,CCC_Receiver_HLA-G_to_LILRB2,0.0005761775037784174,shap_tree,Receiver,HLA-G,LILRB2,HLA-G → LILRB2
12,P2,CCC_Sender_LTB_to_LTBR,0.0005670211012463016,shap_tree,Sender,LTB,LTBR,LTB → LTBR
12,P2,CCC_Receiver_LTB_to_LTBR,0.00014855440097383602,shap_tree,Receiver,LTB,LTBR,LTB → LTBR
12,P2,CCC_Sender_PVR_to_CD226,4.217150304806167e-06,shap_tree,Sender,PVR,CD226,PVR → CD226
12,P2,CCC_Receiver_PVR_to_CD226,0.0,shap_tree,Receiver,PVR,CD226,PVR → CD226
12,P2,CCC_Sender_PVR_to_CD96,2.169349914485803e-05,shap_tree,Sender,PVR,CD96,PVR → CD96
12,P2,CCC_Receiver_PVR_to_CD96,0.005262455726307166,shap_tree,Receiver,PVR,CD96,PVR → CD96
12,P2,CCC_Sender_PVR_to_TIGIT,2.82833434742383e-05,shap_tree,Sender,PVR,TIGIT,PVR → TIGIT
12,P2,CCC_Receiver_PVR_to_TIGIT,0.008093920197555868,shap_tree,Receiver,PVR,TIGIT,PVR → TIGIT
12,P2,CCC_Sender_SELPLG_to_SELL,0.001792497255900813,shap_tree,Sender,SELPLG,SELL,SELPLG → SELL
12,P2,CCC_Receiver_SELPLG_to_SELL,0.00034229489353671173,shap_tree,Receiver,SELPLG,SELL,SELPLG → SELL
12,P2,CCC_Sender_TGFB1_to_TGFBR3,7.034659811611278e-05,shap_tree,Sender,TGFB1,TGFBR3,TGFB1 → TGFBR3
12,P2,CCC_Receiver_TGFB1_to_TGFBR3,7.012399033888939e-05,shap_tree,Receiver,TGFB1,TGFBR3,TGFB1 → TGFBR3
12,P2,CCC_Sender_BTLA_to_TNFRSF14,2.46131244188962e-05,shap_tree,Sender,BTLA,TNFRSF14,BTLA → TNFRSF14
12,P2,CCC_Receiver_BTLA_to_TNFRSF14,0.002130588247230497,shap_tree,Receiver,BTLA,TNFRSF14,BTLA → TNFRSF14
12,P2,CCC_Sender_FASLG_to_FAS,4.652597120352762e-06,shap_tree,Sender,FASLG,FAS,FASLG → FAS
12,P2,CCC_Receiver_FASLG_to_FAS,0.0017065089119029041,shap_tree,Receiver,FASLG,FAS,FASLG → FAS
12,P2,CCC_Sender_LTA_to_TNFRSF14,4.882376753946322e-05,shap_tree,Sender,LTA,TNFRSF14,LTA → TNFRSF14
12,P2,CCC_Receiver_LTA_to_TNFRSF14,0.0006927080801836514,shap_tree,Receiver,LTA,TNFRSF14,LTA → TNFRSF14
12,P2,CCC_Sender_LTA_to_TNFRSF1A,1.1227870558471371e-05,shap_tree,Sender,LTA,TNFRSF1A,LTA → TNFRSF1A
12,P2,CCC_Receiver_LTA_to_TNFRSF1A,0.00011724755533607296,shap_tree,Receiver,LTA,TNFRSF1A,LTA → TNFRSF1A
12,P2,CCC_Sender_LTA_to_TNFRSF1B,0.00011972130799176709,shap_tree,Sender,LTA,TNFRSF1B,LTA → TNFRSF1B
12,P2,CCC_Receiver_LTA_to_TNFRSF1B,0.0020379427965326897,shap_tree,Receiver,LTA,TNFRSF1B,LTA → TNFRSF1B
12,P2,CCC_Sender_TNF_to_TNFRSF1A,0.0016915611696880076,shap_tree,Sender,TNF,TNFRSF1A,TNF → TNFRSF1A
12,P2,CCC_Receiver_TNF_to_TNFRSF1A,0.0008050332952289803,shap_tree,Receiver,TNF,TNFRSF1A,TNF → TNFRSF1A
12,P2,CCC_Sender_TNF_to_TNFRSF1B,0.00022426224720585003,shap_tree,Sender,TNF,TNFRSF1B,TNF → TNFRSF1B
12,P2,CCC_Receiver_TNF_to_TNFRSF1B,0.004439390808457382,shap_tree,Receiver,TNF,TNFRSF1B,TNF → TNFRSF1B
12,P2,CCC_Sender_TNFSF10_to_TNFRSF10A,5.390520552417287e-05,shap_tree,Sender,TNFSF10,TNFRSF10A,TNFSF10 → TNFRSF10A
12,P2,CCC_Receiver_TNFSF10_to_TNFRSF10A,7.462005561725848e-05,shap_tree,Receiver,TNFSF10,TNFRSF10A,TNFSF10 → TNFRSF10A
12,P2,CCC_Sender_TNFSF10_to_TNFRSF10B,0.00011936751300029402,shap_tree,Sender,TNFSF10,TNFRSF10B,TNFSF10 → TNFRSF10B
12,P2,CCC_Receiver_TNFSF10_to_TNFRSF10B,8.222683500712568e-06,shap_tree,Receiver,TNFSF10,TNFRSF10B,TNFSF10 → TNFRSF10B
12,P2,CCC_Sender_TNFSF10_to_TNFRSF10D,0.0002130846443272978,shap_tree,Sender,TNFSF10,TNFRSF10D,TNFSF10 → TNFRSF10D
12,P2,CCC_Receiver_TNFSF10_to_TNFRSF10D,3.1039882782434784e-05,shap_tree,Receiver,TNFSF10,TNFRSF10D,TNFSF10 → TNFRSF10D
12,P2,CCC_Sender_TNFSF12_to_TNFRSF12A,6.5297653211674e-05,shap_tree,Sender,TNFSF12,TNFRSF12A,TNFSF12 → TNFRSF12A
12,P2,CCC_Receiver_TNFSF12_to_TNFRSF12A,3.4791238433451984e-05,shap_tree,Receiver,TNFSF12,TNFRSF12A,TNFSF12 → TNFRSF12A
12,P2,CCC_Sender_TNFSF12_to_TNFRSF25,0.000140798487416243,shap_tree,Sender,TNFSF12,TNFRSF25,TNFSF12 → TNFRSF25
12,P2,CCC_Receiver_TNFSF12_to_TNFRSF25,0.0003866006943813996,shap_tree,Receiver,TNFSF12,TNFRSF25,TNFSF12 → TNFRSF25
12,P2,CCC_Sender_TNFSF14_to_LTBR,5.479116976698267e-05,shap_tree,Sender,TNFSF14,LTBR,TNFSF14 → LTBR
12,P2,CCC_Receiver_TNFSF14_to_LTBR,0.00041795804177716475,shap_tree,Receiver,TNFSF14,LTBR,TNFSF14 → LTBR
12,P2,CCC_Sender_TNFSF14_to_TNFRSF14,0.0001755193510506459,shap_tree,Sender,TNFSF14,TNFRSF14,TNFSF14 → TNFRSF14
12,P2,CCC_Receiver_TNFSF14_to_TNFRSF14,0.0019348684822187807,shap_tree,Receiver,TNFSF14,TNFRSF14,TNFSF14 → TNFRSF14
12,P2,CCC_Sender_TNFSF4_to_TNFRSF4,4.245353970059438e-06,shap_tree,Sender,TNFSF4,TNFRSF4,TNFSF4 → TNFRSF4
12,P2,CCC_Receiver_TNFSF4_to_TNFRSF4,0.0019305545120197238,shap_tree,Receiver,TNFSF4,TNFRSF4,TNFSF4 → TNFRSF4
12,P2,CCC_Sender_TNFSF9_to_TNFRSF9,0.0006706466193696129,shap_tree,Sender,TNFSF9,TNFRSF9,TNFSF9 → TNFRSF9
12,P2,CCC_Receiver_TNFSF9_to_TNFRSF9,0.00024001214245168484,shap_tree,Receiver,TNFSF9,TNFRSF9,TNFSF9 → TNFRSF9
12,P2,CCC_Sender_VEGFA_to_NRP1,0.00018051642816069893,shap_tree,Sender,VEGFA,NRP1,VEGFA → NRP1
12,P2,CCC_Receiver_VEGFA_to_NRP1,0.00016941062658254555,shap_tree,Receiver,VEGFA,NRP1,VEGFA → NRP1
12,P2,CCC_Sender_VEGFA_to_NRP2,1.683094910676022e-05,shap_tree,Sender,VEGFA,NRP2,VEGFA → NRP2
12,P2,CCC_Receiver_VEGFA_to_NRP2,2.333473973915156e-06,shap_tree,Receiver,VEGFA,NRP2,VEGFA → NRP2
12,P2,CCC_Sender_VEGFB_to_NRP1,3.364190031698853e-05,shap_tree,Sender,VEGFB,NRP1,VEGFB → NRP1
12,P2,CCC_Receiver_VEGFB_to_NRP1,8.929057171254236e-05,shap_tree,Receiver,VEGFB,NRP1,VEGFB → NRP1
12,P2,CCC_Sender_CD274_to_PDCD1,8.76440046635133e-06,shap_tree,Sender,CD274,PDCD1,CD274 → PDCD1
12,P2,CCC_Receiver_CD274_to_PDCD1,0.005357776186259709,shap_tree,Receiver,CD274,PDCD1,CD274 → PDCD1
12,P2,CCC_Sender_CD86_to_CTLA4,0.000233440415161668,shap_tree,Sender,CD86,CTLA4,CD86 → CTLA4
12,P2,CCC_Receiver_CD86_to_CTLA4,0.010372494182513913,shap_tree,Receiver,CD86,CTLA4,CD86 → CTLA4
12,P2,CCC_Sender_CD86_to_CD28,3.7267117189623525e-05,shap_tree,Sender,CD86,CD28,CD86 → CD28
12,P2,CCC_Receiver_CD86_to_CD28,0.0019486860394200608,shap_tree,Receiver,CD86,CD28,CD86 → CD28
12,P2,CCC_Sender_ICOSLG_to_ICOS,3.229348758769673e-05,shap_tree,Sender,ICOSLG,ICOS,ICOSLG → ICOS
12,P2,CCC_Receiver_ICOSLG_to_ICOS,0.0006078562152070945,shap_tree,Receiver,ICOSLG,ICOS,ICOSLG → ICOS
12,P2,CCC_Sender_CD40LG_to_CD40,8.898678653169806e-06,shap_tree,Sender,CD40LG,CD40,CD40LG → CD40
12,P2,CCC_Receiver_CD40LG_to_CD40,3.9593800222161015e-05,shap_tree,Receiver,CD40LG,CD40,CD40LG → CD40
13,P20,CCC_Sender_ICAM1_to_ITGAL,0.00017042598093152626,shap_tree,Sender,ICAM1,ITGAL,ICAM1 → ITGAL
13,P20,CCC_Receiver_ICAM1_to_ITGAL,0.004273035593643168,shap_tree,Receiver,ICAM1,ITGAL,ICAM1 → ITGAL
13,P20,CCC_Sender_CCL2_to_CCR2,1.5019739431570552e-05,shap_tree,Sender,CCL2,CCR2,CCL2 → CCR2
13,P20,CCC_Receiver_CCL2_to_CCR2,6.891632531835906e-05,shap_tree,Receiver,CCL2,CCR2,CCL2 → CCR2
13,P20,CCC_Sender_CCL3_to_CCR1,0.005630769424062943,shap_tree,Sender,CCL3,CCR1,CCL3 → CCR1
13,P20,CCC_Receiver_CCL3_to_CCR1,0.0001333665754540232,shap_tree,Receiver,CCL3,CCR1,CCL3 → CCR1
13,P20,CCC_Sender_CCL3_to_CCR5,0.0049112217114452295,shap_tree,Sender,CCL3,CCR5,CCL3 → CCR5
13,P20,CCC_Receiver_CCL3_to_CCR5,0.0037273536061994896,shap_tree,Receiver,CCL3,CCR5,CCL3 → CCR5
13,P20,CCC_Sender_CCL3L1_to_CCR1,0.0007146652944948875,shap_tree,Sender,CCL3L1,CCR1,CCL3L1 → CCR1
13,P20,CCC_Receiver_CCL3L1_to_CCR1,0.0003457213571412129,shap_tree,Receiver,CCL3L1,CCR1,CCL3L1 → CCR1
13,P20,CCC_Sender_CCL4_to_CCR5,0.006205531163569582,shap_tree,Sender,CCL4,CCR5,CCL4 → CCR5
13,P20,CCC_Receiver_CCL4_to_CCR5,0.002537867453920728,shap_tree,Receiver,CCL4,CCR5,CCL4 → CCR5
13,P20,CCC_Sender_CCL5_to_CCR1,0.08420966057479351,shap_tree,Sender,CCL5,CCR1,CCL5 → CCR1
13,P20,CCC_Receiver_CCL5_to_CCR1,0.00031745194019093537,shap_tree,Receiver,CCL5,CCR1,CCL5 → CCR1
13,P20,CCC_Sender_CCL5_to_CCR4,0.008713757376940792,shap_tree,Sender,CCL5,CCR4,CCL5 → CCR4
13,P20,CCC_Receiver_CCL5_to_CCR4,8.712715970067062e-05,shap_tree,Receiver,CCL5,CCR4,CCL5 → CCR4
13,P20,CCC_Sender_CCL5_to_CCR5,0.026376506118042143,shap_tree,Sender,CCL5,CCR5,CCL5 → CCR5
13,P20,CCC_Receiver_CCL5_to_CCR5,0.0010235893043202783,shap_tree,Receiver,CCL5,CCR5,CCL5 → CCR5
13,P20,CCC_Sender_CXCL13_to_CXCR5,0.00013312266614720638,shap_tree,Sender,CXCL13,CXCR5,CXCL13 → CXCR5
13,P20,CCC_Receiver_CXCL13_to_CXCR5,3.946820925920011e-05,shap_tree,Receiver,CXCL13,CXCR5,CXCL13 → CXCR5
13,P20,CCC_Sender_CXCL16_to_CXCR6,0.00021131910074075774,shap_tree,Sender,CXCL16,CXCR6,CXCL16 → CXCR6
13,P20,CCC_Receiver_CXCL16_to_CXCR6,0.0005730659706623817,shap_tree,Receiver,CXCL16,CXCR6,CXCL16 → CXCR6
13,P20,CCC_Sender_CXCL2_to_DPP4,9.758070086595121e-06,shap_tree,Sender,CXCL2,DPP4,CXCL2 → DPP4
13,P20,CCC_Receiver_CXCL2_to_DPP4,3.394152827489441e-05,shap_tree,Receiver,CXCL2,DPP4,CXCL2 → DPP4
13,P20,CCC_Sender_CSF1_to_CSF1R,0.00013304287465146794,shap_tree,Sender,CSF1,CSF1R,CSF1 → CSF1R
13,P20,CCC_Receiver_CSF1_to_CSF1R,0.0005616340668638913,shap_tree,Receiver,CSF1,CSF1R,CSF1 → CSF1R
13,P20,CCC_Sender_LGALS9_to_HAVCR2,0.011049482430877122,shap_tree,Sender,LGALS9,HAVCR2,LGALS9 → HAVCR2
13,P20,CCC_Receiver_LGALS9_to_HAVCR2,0.008384256429211576,shap_tree,Receiver,LGALS9,HAVCR2,LGALS9 → HAVCR2
13,P20,CCC_Sender_LGALS9_to_P4HB,0.00343843790173669,shap_tree,Sender,LGALS9,P4HB,LGALS9 → P4HB
13,P20,CCC_Receiver_LGALS9_to_P4HB,0.0238511477670143,shap_tree,Receiver,LGALS9,P4HB,LGALS9 → P4HB
13,P20,CCC_Sender_HLA-B_to_KIR3DL2,0.0654977475225008,shap_tree,Sender,HLA-B,KIR3DL2,HLA-B → KIR3DL2
13,P20,CCC_Receiver_HLA-B_to_KIR3DL2,6.0603771748634226e-05,shap_tree,Receiver,HLA-B,KIR3DL2,HLA-B → KIR3DL2
13,P20,CCC_Sender_HLA-C_to_KIR2DL3,0.028502702676043247,shap_tree,Sender,HLA-C,KIR2DL3,HLA-C → KIR2DL3
13,P20,CCC_Receiver_HLA-C_to_KIR2DL3,4.872431444475854e-05,shap_tree,Receiver,HLA-C,KIR2DL3,HLA-C → KIR2DL3
13,P20,CCC_Sender_HLA-E_to_KLRC1,0.012260421820815201,shap_tree,Sender,HLA-E,KLRC1,HLA-E → KLRC1
13,P20,CCC_Receiver_HLA-E_to_KLRC1,0.00018047530791853847,shap_tree,Receiver,HLA-E,KLRC1,HLA-E → KLRC1
13,P20,CCC_Sender_HLA-E_to_KLRC2,0.0246078860209222,shap_tree,Sender,HLA-E,KLRC2,HLA-E → KLRC2
13,P20,CCC_Receiver_HLA-E_to_KLRC2,0.00012632161734405547,shap_tree,Receiver,HLA-E,KLRC2,HLA-E → KLRC2
13,P20,CCC_Sender_HLA-E_to_KLRK1,0.0159594716118641,shap_tree,Sender,HLA-E,KLRK1,HLA-E → KLRK1
13,P20,CCC_Receiver_HLA-E_to_KLRK1,0.0004155758963684496,shap_tree,Receiver,HLA-E,KLRK1,HLA-E → KLRK1
13,P20,CCC_Sender_HLA-F_to_KIR3DL2,0.02066441605459662,shap_tree,Sender,HLA-F,KIR3DL2,HLA-F → KIR3DL2
13,P20,CCC_Receiver_HLA-F_to_KIR3DL2,3.159931156321149e-05,shap_tree,Receiver,HLA-F,KIR3DL2,HLA-F → KIR3DL2
13,P20,CCC_Sender_HLA-F_to_LILRB1,0.004893581003920862,shap_tree,Sender,HLA-F,LILRB1,HLA-F → LILRB1
13,P20,CCC_Receiver_HLA-F_to_LILRB1,0.00018285677610762173,shap_tree,Receiver,HLA-F,LILRB1,HLA-F → LILRB1
13,P20,CCC_Sender_HLA-F_to_LILRB2,0.03603568895015748,shap_tree,Sender,HLA-F,LILRB2,HLA-F → LILRB2
13,P20,CCC_Receiver_HLA-F_to_LILRB2,0.00023164154826858297,shap_tree,Receiver,HLA-F,LILRB2,HLA-F → LILRB2
13,P20,CCC_Sender_HLA-G_to_LILRB1,0.006442590005992949,shap_tree,Sender,HLA-G,LILRB1,HLA-G → LILRB1
13,P20,CCC_Receiver_HLA-G_to_LILRB1,0.0001163489033094196,shap_tree,Receiver,HLA-G,LILRB1,HLA-G → LILRB1
13,P20,CCC_Sender_HLA-G_to_LILRB2,0.02137246064099942,shap_tree,Sender,HLA-G,LILRB2,HLA-G → LILRB2
13,P20,CCC_Receiver_HLA-G_to_LILRB2,0.0005761213257951928,shap_tree,Receiver,HLA-G,LILRB2,HLA-G → LILRB2
13,P20,CCC_Sender_LTB_to_LTBR,0.0007088822451385432,shap_tree,Sender,LTB,LTBR,LTB → LTBR
13,P20,CCC_Receiver_LTB_to_LTBR,1.7400667964546948e-05,shap_tree,Receiver,LTB,LTBR,LTB → LTBR
13,P20,CCC_Sender_PVR_to_CD226,0.0,shap_tree,Sender,PVR,CD226,PVR → CD226
13,P20,CCC_Receiver_PVR_to_CD226,6.783368864407868e-05,shap_tree,Receiver,PVR,CD226,PVR → CD226
13,P20,CCC_Sender_PVR_to_CD96,1.2505061827561438e-05,shap_tree,Sender,PVR,CD96,PVR → CD96
13,P20,CCC_Receiver_PVR_to_CD96,0.009216639419307641,shap_tree,Receiver,PVR,CD96,PVR → CD96
13,P20,CCC_Sender_PVR_to_TIGIT,0.0,shap_tree,Sender,PVR,TIGIT,PVR → TIGIT
13,P20,CCC_Receiver_PVR_to_TIGIT,0.006008020956082658,shap_tree,Receiver,PVR,TIGIT,PVR → TIGIT
13,P20,CCC_Sender_SELPLG_to_SELL,0.0022876835333165008,shap_tree,Sender,SELPLG,SELL,SELPLG → SELL
13,P20,CCC_Receiver_SELPLG_to_SELL,0.0006650362207607195,shap_tree,Receiver,SELPLG,SELL,SELPLG → SELL
13,P20,CCC_Sender_TGFB1_to_TGFBR3,4.075409226467262e-05,shap_tree,Sender,TGFB1,TGFBR3,TGFB1 → TGFBR3
13,P20,CCC_Receiver_TGFB1_to_TGFBR3,7.909923255176628e-05,shap_tree,Receiver,TGFB1,TGFBR3,TGFB1 → TGFBR3
13,P20,CCC_Sender_BTLA_to_TNFRSF14,9.136584037146167e-06,shap_tree,Sender,BTLA,TNFRSF14,BTLA → TNFRSF14
13,P20,CCC_Receiver_BTLA_to_TNFRSF14,0.00324046371998707,shap_tree,Receiver,BTLA,TNFRSF14,BTLA → TNFRSF14
13,P20,CCC_Sender_FASLG_to_FAS,0.00020283839516010044,shap_tree,Sender,FASLG,FAS,FASLG → FAS
13,P20,CCC_Receiver_FASLG_to_FAS,0.000587113858621874,shap_tree,Receiver,FASLG,FAS,FASLG → FAS
13,P20,CCC_Sender_LTA_to_TNFRSF14,2.413452964096154e-05,shap_tree,Sender,LTA,TNFRSF14,LTA → TNFRSF14
13,P20,CCC_Receiver_LTA_to_TNFRSF14,0.0010512755466345215,shap_tree,Receiver,LTA,TNFRSF14,LTA → TNFRSF14
13,P20,CCC_Sender_LTA_to_TNFRSF1A,4.233085846584941e-05,shap_tree,Sender,LTA,TNFRSF1A,LTA → TNFRSF1A
13,P20,CCC_Receiver_LTA_to_TNFRSF1A,0.0002805464036999621,shap_tree,Receiver,LTA,TNFRSF1A,LTA → TNFRSF1A
13,P20,CCC_Sender_LTA_to_TNFRSF1B,2.5532399732446693e-05,shap_tree,Sender,LTA,TNFRSF1B,LTA → TNFRSF1B
13,P20,CCC_Receiver_LTA_to_TNFRSF1B,0.0023774863819223365,shap_tree,Receiver,LTA,TNFRSF1B,LTA → TNFRSF1B
13,P20,CCC_Sender_TNF_to_TNFRSF1A,0.0008339783988745041,shap_tree,Sender,TNF,TNFRSF1A,TNF → TNFRSF1A
13,P20,CCC_Receiver_TNF_to_TNFRSF1A,0.0003007023677539933,shap_tree,Receiver,TNF,TNFRSF1A,TNF → TNFRSF1A
13,P20,CCC_Sender_TNF_to_TNFRSF1B,9.637418243379673e-05,shap_tree,Sender,TNF,TNFRSF1B,TNF → TNFRSF1B
13,P20,CCC_Receiver_TNF_to_TNFRSF1B,0.001879898869976067,shap_tree,Receiver,TNF,TNFRSF1B,TNF → TNFRSF1B
13,P20,CCC_Sender_TNFSF10_to_TNFRSF10A,7.584882482018375e-05,shap_tree,Sender,TNFSF10,TNFRSF10A,TNFSF10 → TNFRSF10A
13,P20,CCC_Receiver_TNFSF10_to_TNFRSF10A,4.796753850788644e-05,shap_tree,Receiver,TNFSF10,TNFRSF10A,TNFSF10 → TNFRSF10A
13,P20,CCC_Sender_TNFSF10_to_TNFRSF10B,0.00013255563097797597,shap_tree,Sender,TNFSF10,TNFRSF10B,TNFSF10 → TNFRSF10B
13,P20,CCC_Receiver_TNFSF10_to_TNFRSF10B,1.3670007710029177e-05,shap_tree,Receiver,TNFSF10,TNFRSF10B,TNFSF10 → TNFRSF10B
13,P20,CCC_Sender_TNFSF10_to_TNFRSF10D,7.129460467748716e-05,shap_tree,Sender,TNFSF10,TNFRSF10D,TNFSF10 → TNFRSF10D
13,P20,CCC_Receiver_TNFSF10_to_TNFRSF10D,6.416051343345101e-06,shap_tree,Receiver,TNFSF10,TNFRSF10D,TNFSF10 → TNFRSF10D
13,P20,CCC_Sender_TNFSF12_to_TNFRSF12A,8.670372813356633e-06,shap_tree,Sender,TNFSF12,TNFRSF12A,TNFSF12 → TNFRSF12A
13,P20,CCC_Receiver_TNFSF12_to_TNFRSF12A,0.0,shap_tree,Receiver,TNFSF12,TNFRSF12A,TNFSF12 → TNFRSF12A
13,P20,CCC_Sender_TNFSF12_to_TNFRSF25,0.00029402162973801455,shap_tree,Sender,TNFSF12,TNFRSF25,TNFSF12 → TNFRSF25
13,P20,CCC_Receiver_TNFSF12_to_TNFRSF25,0.0002534423247864074,shap_tree,Receiver,TNFSF12,TNFRSF25,TNFSF12 → TNFRSF25
13,P20,CCC_Sender_TNFSF14_to_LTBR,0.00012689199847589652,shap_tree,Sender,TNFSF14,LTBR,TNFSF14 → LTBR
13,P20,CCC_Receiver_TNFSF14_to_LTBR,0.0004412632918629826,shap_tree,Receiver,TNFSF14,LTBR,TNFSF14 → LTBR
13,P20,CCC_Sender_TNFSF14_to_TNFRSF14,0.00012857268469465845,shap_tree,Sender,TNFSF14,TNFRSF14,TNFSF14 → TNFRSF14
13,P20,CCC_Receiver_TNFSF14_to_TNFRSF14,0.0010871863426893044,shap_tree,Receiver,TNFSF14,TNFRSF14,TNFSF14 → TNFRSF14
13,P20,CCC_Sender_TNFSF4_to_TNFRSF4,2.2578756988335452e-05,shap_tree,Sender,TNFSF4,TNFRSF4,TNFSF4 → TNFRSF4
13,P20,CCC_Receiver_TNFSF4_to_TNFRSF4,0.00044289439091771236,shap_tree,Receiver,TNFSF4,TNFRSF4,TNFSF4 → TNFRSF4
13,P20,CCC_Sender_TNFSF9_to_TNFRSF9,0.00013625685483569655,shap_tree,Sender,TNFSF9,TNFRSF9,TNFSF9 → TNFRSF9
13,P20,CCC_Receiver_TNFSF9_to_TNFRSF9,0.0009220459330027327,shap_tree,Receiver,TNFSF9,TNFRSF9,TNFSF9 → TNFRSF9
13,P20,CCC_Sender_VEGFA_to_NRP1,3.2654790283480434e-06,shap_tree,Sender,VEGFA,NRP1,VEGFA → NRP1
13,P20,CCC_Receiver_VEGFA_to_NRP1,0.00015355064574136605,shap_tree,Receiver,VEGFA,NRP1,VEGFA → NRP1
13,P20,CCC_Sender_VEGFA_to_NRP2,2.5940015572741934e-05,shap_tree,Sender,VEGFA,NRP2,VEGFA → NRP2
13,P20,CCC_Receiver_VEGFA_to_NRP2,1.4178759644227852e-05,shap_tree,Receiver,VEGFA,NRP2,VEGFA → NRP2
13,P20,CCC_Sender_VEGFB_to_NRP1,0.0,shap_tree,Sender,VEGFB,NRP1,VEGFB → NRP1
13,P20,CCC_Receiver_VEGFB_to_NRP1,0.0002372714876679194,shap_tree,Receiver,VEGFB,NRP1,VEGFB → NRP1
13,P20,CCC_Sender_CD274_to_PDCD1,0.00012885531369381882,shap_tree,Sender,CD274,PDCD1,CD274 → PDCD1
13,P20,CCC_Receiver_CD274_to_PDCD1,0.005071787524096598,shap_tree,Receiver,CD274,PDCD1,CD274 → PDCD1
13,P20,CCC_Sender_CD86_to_CTLA4,0.0002336699878716624,shap_tree,Sender,CD86,CTLA4,CD86 → CTLA4
13,P20,CCC_Receiver_CD86_to_CTLA4,0.003786281333850922,shap_tree,Receiver,CD86,CTLA4,CD86 → CTLA4
13,P20,CCC_Sender_CD86_to_CD28,1.7963493174540977e-05,shap_tree,Sender,CD86,CD28,CD86 → CD28
13,P20,CCC_Receiver_CD86_to_CD28,0.0011855062494779867,shap_tree,Receiver,CD86,CD28,CD86 → CD28
13,P20,CCC_Sender_ICOSLG_to_ICOS,1.0932962892683317e-05,shap_tree,Sender,ICOSLG,ICOS,ICOSLG → ICOS
13,P20,CCC_Receiver_ICOSLG_to_ICOS,0.0007919348544506351,shap_tree,Receiver,ICOSLG,ICOS,ICOSLG → ICOS
13,P20,CCC_Sender_CD40LG_to_CD40,1.3945141474095788e-05,shap_tree,Sender,CD40LG,CD40,CD40LG → CD40
13,P20,CCC_Receiver_CD40LG_to_CD40,5.261513416799183e-05,shap_tree,Receiver,CD40LG,CD40,CD40LG → CD40
14,P21,CCC_Sender_ICAM1_to_ITGAL,7.813551522831015e-05,shap_tree,Sender,ICAM1,ITGAL,ICAM1 → ITGAL
14,P21,CCC_Receiver_ICAM1_to_ITGAL,0.0036163167863811885,shap_tree,Receiver,ICAM1,ITGAL,ICAM1 → ITGAL
14,P21,CCC_Sender_CCL2_to_CCR2,4.181688858149132e-05,shap_tree,Sender,CCL2,CCR2,CCL2 → CCR2
14,P21,CCC_Receiver_CCL2_to_CCR2,9.404710078029966e-05,shap_tree,Receiver,CCL2,CCR2,CCL2 → CCR2
14,P21,CCC_Sender_CCL3_to_CCR1,0.005644569824037721,shap_tree,Sender,CCL3,CCR1,CCL3 → CCR1
14,P21,CCC_Receiver_CCL3_to_CCR1,0.00013811004114842564,shap_tree,Receiver,CCL3,CCR1,CCL3 → CCR1
14,P21,CCC_Sender_CCL3_to_CCR5,0.0034444066356798687,shap_tree,Sender,CCL3,CCR5,CCL3 → CCR5
14,P21,CCC_Receiver_CCL3_to_CCR5,0.0025338136845001716,shap_tree,Receiver,CCL3,CCR5,CCL3 → CCR5
14,P21,CCC_Sender_CCL3L1_to_CCR1,0.00042923587034296646,shap_tree,Sender,CCL3L1,CCR1,CCL3L1 → CCR1
14,P21,CCC_Receiver_CCL3L1_to_CCR1,0.0004917349078313689,shap_tree,Receiver,CCL3L1,CCR1,CCL3L1 → CCR1
14,P21,CCC_Sender_CCL4_to_CCR5,0.00692382284292057,shap_tree,Sender,CCL4,CCR5,CCL4 → CCR5
14,P21,CCC_Receiver_CCL4_to_CCR5,0.0016538863103060175,shap_tree,Receiver,CCL4,CCR5,CCL4 → CCR5
14,P21,CCC_Sender_CCL5_to_CCR1,0.050573668123631406,shap_tree,Sender,CCL5,CCR1,CCL5 → CCR1
14,P21,CCC_Receiver_CCL5_to_CCR1,8.093641997608936e-06,shap_tree,Receiver,CCL5,CCR1,CCL5 → CCR1
14,P21,CCC_Sender_CCL5_to_CCR4,0.009295130425973446,shap_tree,Sender,CCL5,CCR4,CCL5 → CCR4
14,P21,CCC_Receiver_CCL5_to_CCR4,1.570132453685064e-05,shap_tree,Receiver,CCL5,CCR4,CCL5 → CCR4
14,P21,CCC_Sender_CCL5_to_CCR5,0.018102730430856178,shap_tree,Sender,CCL5,CCR5,CCL5 → CCR5
14,P21,CCC_Receiver_CCL5_to_CCR5,0.0007471379840073852,shap_tree,Receiver,CCL5,CCR5,CCL5 → CCR5
14,P21,CCC_Sender_CXCL13_to_CXCR5,0.0001459191569877456,shap_tree,Sender,CXCL13,CXCR5,CXCL13 → CXCR5
14,P21,CCC_Receiver_CXCL13_to_CXCR5,6.0916902775368754e-05,shap_tree,Receiver,CXCL13,CXCR5,CXCL13 → CXCR5
14,P21,CCC_Sender_CXCL16_to_CXCR6,0.00020531716787598145,shap_tree,Sender,CXCL16,CXCR6,CXCL16 → CXCR6
14,P21,CCC_Receiver_CXCL16_to_CXCR6,0.0005248145637687495,shap_tree,Receiver,CXCL16,CXCR6,CXCL16 → CXCR6
14,P21,CCC_Sender_CXCL2_to_DPP4,0.00010665345153012264,shap_tree,Sender,CXCL2,DPP4,CXCL2 → DPP4
14,P21,CCC_Receiver_CXCL2_to_DPP4,2.4380635506428016e-06,shap_tree,Receiver,CXCL2,DPP4,CXCL2 → DPP4
14,P21,CCC_Sender_CSF1_to_CSF1R,8.748523842319702e-06,shap_tree,Sender,CSF1,CSF1R,CSF1 → CSF1R
14,P21,CCC_Receiver_CSF1_to_CSF1R,0.0006905016492728969,shap_tree,Receiver,CSF1,CSF1R,CSF1 → CSF1R
14,P21,CCC_Sender_LGALS9_to_HAVCR2,0.005446833840459857,shap_tree,Sender,LGALS9,HAVCR2,LGALS9 → HAVCR2
14,P21,CCC_Receiver_LGALS9_to_HAVCR2,0.004581611659993478,shap_tree,Receiver,LGALS9,HAVCR2,LGALS9 → HAVCR2
14,P21,CCC_Sender_LGALS9_to_P4HB,0.004287455825292961,shap_tree,Sender,LGALS9,P4HB,LGALS9 → P4HB
14,P21,CCC_Receiver_LGALS9_to_P4HB,0.011294003459762609,shap_tree,Receiver,LGALS9,P4HB,LGALS9 → P4HB
14,P21,CCC_Sender_HLA-B_to_KIR3DL2,0.018328315527237016,shap_tree,Sender,HLA-B,KIR3DL2,HLA-B → KIR3DL2
14,P21,CCC_Receiver_HLA-B_to_KIR3DL2,4.635238048653906e-06,shap_tree,Receiver,HLA-B,KIR3DL2,HLA-B → KIR3DL2
14,P21,CCC_Sender_HLA-C_to_KIR2DL3,0.031011555918939077,shap_tree,Sender,HLA-C,KIR2DL3,HLA-C → KIR2DL3
14,P21,CCC_Receiver_HLA-C_to_KIR2DL3,1.178771892192424e-05,shap_tree,Receiver,HLA-C,KIR2DL3,HLA-C → KIR2DL3
14,P21,CCC_Sender_HLA-E_to_KLRC1,0.02002350249162418,shap_tree,Sender,HLA-E,KLRC1,HLA-E → KLRC1
14,P21,CCC_Receiver_HLA-E_to_KLRC1,3.6691133458479005e-06,shap_tree,Receiver,HLA-E,KLRC1,HLA-E → KLRC1
14,P21,CCC_Sender_HLA-E_to_KLRC2,0.023508338827624667,shap_tree,Sender,HLA-E,KLRC2,HLA-E → KLRC2
14,P21,CCC_Receiver_HLA-E_to_KLRC2,1.1604795873920796e-05,shap_tree,Receiver,HLA-E,KLRC2,HLA-E → KLRC2
14,P21,CCC_Sender_HLA-E_to_KLRK1,0.009747800840049059,shap_tree,Sender,HLA-E,KLRK1,HLA-E → KLRK1
14,P21,CCC_Receiver_HLA-E_to_KLRK1,0.0001815421261932426,shap_tree,Receiver,HLA-E,KLRK1,HLA-E → KLRK1
14,P21,CCC_Sender_HLA-F_to_KIR3DL2,0.004397668964930292,shap_tree,Sender,HLA-F,KIR3DL2,HLA-F → KIR3DL2
14,P21,CCC_Receiver_HLA-F_to_KIR3DL2,9.617655085266183e-07,shap_tree,Receiver,HLA-F,KIR3DL2,HLA-F → KIR3DL2
14,P21,CCC_Sender_HLA-F_to_LILRB1,0.003089788730373013,shap_tree,Sender,HLA-F,LILRB1,HLA-F → LILRB1
14,P21,CCC_Receiver_HLA-F_to_LILRB1,6.513517661744935e-05,shap_tree,Receiver,HLA-F,LILRB1,HLA-F → LILRB1
14,P21,CCC_Sender_HLA-F_to_LILRB2,0.039348024978999876,shap_tree,Sender,HLA-F,LILRB2,HLA-F → LILRB2
14,P21,CCC_Receiver_HLA-F_to_LILRB2,0.000403688830709373,shap_tree,Receiver,HLA-F,LILRB2,HLA-F → LILRB2
14,P21,CCC_Sender_HLA-G_to_LILRB1,0.0026088761629632137,shap_tree,Sender,HLA-G,LILRB1,HLA-G → LILRB1
14,P21,CCC_Receiver_HLA-G_to_LILRB1,1.514301510197899e-05,shap_tree,Receiver,HLA-G,LILRB1,HLA-G → LILRB1
14,P21,CCC_Sender_HLA-G_to_LILRB2,0.02478986659442201,shap_tree,Sender,HLA-G,LILRB2,HLA-G → LILRB2
14,P21,CCC_Receiver_HLA-G_to_LILRB2,0.0006035111481367508,shap_tree,Receiver,HLA-G,LILRB2,HLA-G → LILRB2
14,P21,CCC_Sender_LTB_to_LTBR,0.001226028584635606,shap_tree,Sender,LTB,LTBR,LTB → LTBR
14,P21,CCC_Receiver_LTB_to_LTBR,9.778612700633109e-05,shap_tree,Receiver,LTB,LTBR,LTB → LTBR
14,P21,CCC_Sender_PVR_to_CD226,0.0,shap_tree,Sender,PVR,CD226,PVR → CD226
14,P21,CCC_Receiver_PVR_to_CD226,6.76279110187259e-06,shap_tree,Receiver,PVR,CD226,PVR → CD226
14,P21,CCC_Sender_PVR_to_CD96,2.7328409515176632e-06,shap_tree,Sender,PVR,CD96,PVR → CD96
14,P21,CCC_Receiver_PVR_to_CD96,0.0020505354852733922,shap_tree,Receiver,PVR,CD96,PVR → CD96
14,P21,CCC_Sender_PVR_to_TIGIT,7.525896968225838e-07,shap_tree,Sender,PVR,TIGIT,PVR → TIGIT
14,P21,CCC_Receiver_PVR_to_TIGIT,0.001999555109480978,shap_tree,Receiver,PVR,TIGIT,PVR → TIGIT
14,P21,CCC_Sender_SELPLG_to_SELL,0.002299631077346258,shap_tree,Sender,SELPLG,SELL,SELPLG → SELL
14,P21,CCC_Receiver_SELPLG_to_SELL,0.00013096686217574946,shap_tree,Receiver,SELPLG,SELL,SELPLG → SELL
14,P21,CCC_Sender_TGFB1_to_TGFBR3,3.0555904669331236e-05,shap_tree,Sender,TGFB1,TGFBR3,TGFB1 → TGFBR3
14,P21,CCC_Receiver_TGFB1_to_TGFBR3,4.1379566063609016e-05,shap_tree,Receiver,TGFB1,TGFBR3,TGFB1 → TGFBR3
14,P21,CCC_Sender_BTLA_to_TNFRSF14,3.2527137032896925e-06,shap_tree,Sender,BTLA,TNFRSF14,BTLA → TNFRSF14
14,P21,CCC_Receiver_BTLA_to_TNFRSF14,0.0004864759398595484,shap_tree,Receiver,BTLA,TNFRSF14,BTLA → TNFRSF14
14,P21,CCC_Sender_FASLG_to_FAS,5.8362632714752894e-06,shap_tree,Sender,FASLG,FAS,FASLG → FAS
14,P21,CCC_Receiver_FASLG_to_FAS,0.00012997607649995618,shap_tree,Receiver,FASLG,FAS,FASLG → FAS
14,P21,CCC_Sender_LTA_to_TNFRSF14,3.5125795379199958e-06,shap_tree,Sender,LTA,TNFRSF14,LTA → TNFRSF14
14,P21,CCC_Receiver_LTA_to_TNFRSF14,0.00020236681611659395,shap_tree,Receiver,LTA,TNFRSF14,LTA → TNFRSF14
14,P21,CCC_Sender_LTA_to_TNFRSF1A,1.254999508766877e-06,shap_tree,Sender,LTA,TNFRSF1A,LTA → TNFRSF1A
14,P21,CCC_Receiver_LTA_to_TNFRSF1A,2.483325572182282e-05,shap_tree,Receiver,LTA,TNFRSF1A,LTA → TNFRSF1A
14,P21,CCC_Sender_LTA_to_TNFRSF1B,5.69654508293395e-05,shap_tree,Sender,LTA,TNFRSF1B,LTA → TNFRSF1B
14,P21,CCC_Receiver_LTA_to_TNFRSF1B,0.00047827362803736905,shap_tree,Receiver,LTA,TNFRSF1B,LTA → TNFRSF1B
14,P21,CCC_Sender_TNF_to_TNFRSF1A,0.0006648527843811172,shap_tree,Sender,TNF,TNFRSF1A,TNF → TNFRSF1A
14,P21,CCC_Receiver_TNF_to_TNFRSF1A,0.0006025309812239594,shap_tree,Receiver,TNF,TNFRSF1A,TNF → TNFRSF1A
14,P21,CCC_Sender_TNF_to_TNFRSF1B,7.789120484318857e-05,shap_tree,Sender,TNF,TNFRSF1B,TNF → TNFRSF1B
14,P21,CCC_Receiver_TNF_to_TNFRSF1B,0.003813768648608269,shap_tree,Receiver,TNF,TNFRSF1B,TNF → TNFRSF1B
14,P21,CCC_Sender_TNFSF10_to_TNFRSF10A,1.3123723994855417e-05,shap_tree,Sender,TNFSF10,TNFRSF10A,TNFSF10 → TNFRSF10A
14,P21,CCC_Receiver_TNFSF10_to_TNFRSF10A,1.5589499982820693e-06,shap_tree,Receiver,TNFSF10,TNFRSF10A,TNFSF10 → TNFRSF10A
14,P21,CCC_Sender_TNFSF10_to_TNFRSF10B,2.8314961869620957e-05,shap_tree,Sender,TNFSF10,TNFRSF10B,TNFSF10 → TNFRSF10B
14,P21,CCC_Receiver_TNFSF10_to_TNFRSF10B,4.961816405922385e-07,shap_tree,Receiver,TNFSF10,TNFRSF10B,TNFSF10 → TNFRSF10B
14,P21,CCC_Sender_TNFSF10_to_TNFRSF10D,3.615523971313341e-05,shap_tree,Sender,TNFSF10,TNFRSF10D,TNFSF10 → TNFRSF10D
14,P21,CCC_Receiver_TNFSF10_to_TNFRSF10D,0.0,shap_tree,Receiver,TNFSF10,TNFRSF10D,TNFSF10 → TNFRSF10D
14,P21,CCC_Sender_TNFSF12_to_TNFRSF12A,7.63473089874076e-06,shap_tree,Sender,TNFSF12,TNFRSF12A,TNFSF12 → TNFRSF12A
14,P21,CCC_Receiver_TNFSF12_to_TNFRSF12A,3.4562210873309214e-06,shap_tree,Receiver,TNFSF12,TNFRSF12A,TNFSF12 → TNFRSF12A
14,P21,CCC_Sender_TNFSF12_to_TNFRSF25,1.1432606131777206e-05,shap_tree,Sender,TNFSF12,TNFRSF25,TNFSF12 → TNFRSF25
14,P21,CCC_Receiver_TNFSF12_to_TNFRSF25,0.00013508875812604627,shap_tree,Receiver,TNFSF12,TNFRSF25,TNFSF12 → TNFRSF25
14,P21,CCC_Sender_TNFSF14_to_LTBR,3.7720016458664228e-06,shap_tree,Sender,TNFSF14,LTBR,TNFSF14 → LTBR
14,P21,CCC_Receiver_TNFSF14_to_LTBR,0.0004108755095430425,shap_tree,Receiver,TNFSF14,LTBR,TNFSF14 → LTBR
14,P21,CCC_Sender_TNFSF14_to_TNFRSF14,3.2096615052065134e-06,shap_tree,Sender,TNFSF14,TNFRSF14,TNFSF14 → TNFRSF14
14,P21,CCC_Receiver_TNFSF14_to_TNFRSF14,0.001759122318624318,shap_tree,Receiver,TNFSF14,TNFRSF14,TNFSF14 → TNFRSF14
14,P21,CCC_Sender_TNFSF4_to_TNFRSF4,5.241125594157615e-05,shap_tree,Sender,TNFSF4,TNFRSF4,TNFSF4 → TNFRSF4
14,P21,CCC_Receiver_TNFSF4_to_TNFRSF4,0.00028221321799072466,shap_tree,Receiver,TNFSF4,TNFRSF4,TNFSF4 → TNFRSF4
14,P21,CCC_Sender_TNFSF9_to_TNFRSF9,0.00013370519869003455,shap_tree,Sender,TNFSF9,TNFRSF9,TNFSF9 → TNFRSF9
14,P21,CCC_Receiver_TNFSF9_to_TNFRSF9,3.376375823240038e-05,shap_tree,Receiver,TNFSF9,TNFRSF9,TNFSF9 → TNFRSF9
14,P21,CCC_Sender_VEGFA_to_NRP1,6.75673668353721e-05,shap_tree,Sender,VEGFA,NRP1,VEGFA → NRP1
14,P21,CCC_Receiver_VEGFA_to_NRP1,0.0004167493113218261,shap_tree,Receiver,VEGFA,NRP1,VEGFA → NRP1
14,P21,CCC_Sender_VEGFA_to_NRP2,0.0002104113096595923,shap_tree,Sender,VEGFA,NRP2,VEGFA → NRP2
14,P21,CCC_Receiver_VEGFA_to_NRP2,0.0,shap_tree,Receiver,VEGFA,NRP2,VEGFA → NRP2
14,P21,CCC_Sender_VEGFB_to_NRP1,1.0284711893561231e-06,shap_tree,Sender,VEGFB,NRP1,VEGFB → NRP1
14,P21,CCC_Receiver_VEGFB_to_NRP1,0.00011431590777401135,shap_tree,Receiver,VEGFB,NRP1,VEGFB → NRP1
14,P21,CCC_Sender_CD274_to_PDCD1,6.130364058567255e-07,shap_tree,Sender,CD274,PDCD1,CD274 → PDCD1
14,P21,CCC_Receiver_CD274_to_PDCD1,0.0018318329771333556,shap_tree,Receiver,CD274,PDCD1,CD274 → PDCD1
14,P21,CCC_Sender_CD86_to_CTLA4,0.0002889526226496999,shap_tree,Sender,CD86,CTLA4,CD86 → CTLA4
14,P21,CCC_Receiver_CD86_to_CTLA4,0.001971555785033739,shap_tree,Receiver,CD86,CTLA4,CD86 → CTLA4
14,P21,CCC_Sender_CD86_to_CD28,8.889536220374196e-05,shap_tree,Sender,CD86,CD28,CD86 → CD28
14,P21,CCC_Receiver_CD86_to_CD28,0.0005654386826196168,shap_tree,Receiver,CD86,CD28,CD86 → CD28
14,P21,CCC_Sender_ICOSLG_to_ICOS,6.567946697121813e-05,shap_tree,Sender,ICOSLG,ICOS,ICOSLG → ICOS
14,P21,CCC_Receiver_ICOSLG_to_ICOS,0.00020869029377782104,shap_tree,Receiver,ICOSLG,ICOS,ICOSLG → ICOS
14,P21,CCC_Sender_CD40LG_to_CD40,4.148583360496236e-06,shap_tree,Sender,CD40LG,CD40,CD40LG → CD40
14,P21,CCC_Receiver_CD40LG_to_CD40,1.4625003877356733e-05,shap_tree,Receiver,CD40LG,CD40,CD40LG → CD40
15,P22,CCC_Sender_ICAM1_to_ITGAL,0.0003178086096135017,shap_tree,Sender,ICAM1,ITGAL,ICAM1 → ITGAL
15,P22,CCC_Receiver_ICAM1_to_ITGAL,0.004431123517237994,shap_tree,Receiver,ICAM1,ITGAL,ICAM1 → ITGAL
15,P22,CCC_Sender_CCL2_to_CCR2,1.4881554682702625e-05,shap_tree,Sender,CCL2,CCR2,CCL2 → CCR2
15,P22,CCC_Receiver_CCL2_to_CCR2,4.053403121874019e-05,shap_tree,Receiver,CCL2,CCR2,CCL2 → CCR2
15,P22,CCC_Sender_CCL3_to_CCR1,0.009475320314983554,shap_tree,Sender,CCL3,CCR1,CCL3 → CCR1
15,P22,CCC_Receiver_CCL3_to_CCR1,0.0002535675190873017,shap_tree,Receiver,CCL3,CCR1,CCL3 → CCR1
15,P22,CCC_Sender_CCL3_to_CCR5,0.005475963221532634,shap_tree,Sender,CCL3,CCR5,CCL3 → CCR5
15,P22,CCC_Receiver_CCL3_to_CCR5,0.0023857972128256163,shap_tree,Receiver,CCL3,CCR5,CCL3 → CCR5
15,P22,CCC_Sender_CCL3L1_to_CCR1,0.0002870648475885826,shap_tree,Sender,CCL3L1,CCR1,CCL3L1 → CCR1
15,P22,CCC_Receiver_CCL3L1_to_CCR1,0.0006393751173907781,shap_tree,Receiver,CCL3L1,CCR1,CCL3L1 → CCR1
15,P22,CCC_Sender_CCL4_to_CCR5,0.005606336953603909,shap_tree,Sender,CCL4,CCR5,CCL4 → CCR5
15,P22,CCC_Receiver_CCL4_to_CCR5,0.005312977405758483,shap_tree,Receiver,CCL4,CCR5,CCL4 → CCR5
15,P22,CCC_Sender_CCL5_to_CCR1,0.1073221641211394,shap_tree,Sender,CCL5,CCR1,CCL5 → CCR1
15,P22,CCC_Receiver_CCL5_to_CCR1,1.2848873620387637e-05,shap_tree,Receiver,CCL5,CCR1,CCL5 → CCR1
15,P22,CCC_Sender_CCL5_to_CCR4,0.010559422865164134,shap_tree,Sender,CCL5,CCR4,CCL5 → CCR4
15,P22,CCC_Receiver_CCL5_to_CCR4,3.2950928783970406e-06,shap_tree,Receiver,CCL5,CCR4,CCL5 → CCR4
15,P22,CCC_Sender_CCL5_to_CCR5,0.042455798349902645,shap_tree,Sender,CCL5,CCR5,CCL5 → CCR5
15,P22,CCC_Receiver_CCL5_to_CCR5,0.0009819057860345837,shap_tree,Receiver,CCL5,CCR5,CCL5 → CCR5
15,P22,CCC_Sender_CXCL13_to_CXCR5,0.00010799355658141723,shap_tree,Sender,CXCL13,CXCR5,CXCL13 → CXCR5
15,P22,CCC_Receiver_CXCL13_to_CXCR5,3.420104034255412e-05,shap_tree,Receiver,CXCL13,CXCR5,CXCL13 → CXCR5
15,P22,CCC_Sender_CXCL16_to_CXCR6,0.00013545861155249376,shap_tree,Sender,CXCL16,CXCR6,CXCL16 → CXCR6
15,P22,CCC_Receiver_CXCL16_to_CXCR6,0.000982254910769374,shap_tree,Receiver,CXCL16,CXCR6,CXCL16 → CXCR6
15,P22,CCC_Sender_CXCL2_to_DPP4,0.00014556098208660327,shap_tree,Sender,CXCL2,DPP4,CXCL2 → DPP4
15,P22,CCC_Receiver_CXCL2_to_DPP4,0.0,shap_tree,Receiver,CXCL2,DPP4,CXCL2 → DPP4
15,P22,CCC_Sender_CSF1_to_CSF1R,0.00017915101149085087,shap_tree,Sender,CSF1,CSF1R,CSF1 → CSF1R
15,P22,CCC_Receiver_CSF1_to_CSF1R,0.0008353645308746038,shap_tree,Receiver,CSF1,CSF1R,CSF1 → CSF1R
15,P22,CCC_Sender_LGALS9_to_HAVCR2,0.00423711812774202,shap_tree,Sender,LGALS9,HAVCR2,LGALS9 → HAVCR2
15,P22,CCC_Receiver_LGALS9_to_HAVCR2,0.0036930756140290755,shap_tree,Receiver,LGALS9,HAVCR2,LGALS9 → HAVCR2
15,P22,CCC_Sender_LGALS9_to_P4HB,0.003014481725200158,shap_tree,Sender,LGALS9,P4HB,LGALS9 → P4HB
15,P22,CCC_Receiver_LGALS9_to_P4HB,0.007484248861410972,shap_tree,Receiver,LGALS9,P4HB,LGALS9 → P4HB
15,P22,CCC_Sender_HLA-B_to_KIR3DL2,0.011487940707321164,shap_tree,Sender,HLA-B,KIR3DL2,HLA-B → KIR3DL2
15,P22,CCC_Receiver_HLA-B_to_KIR3DL2,1.7134860577280376e-06,shap_tree,Receiver,HLA-B,KIR3DL2,HLA-B → KIR3DL2
15,P22,CCC_Sender_HLA-C_to_KIR2DL3,0.03407090983873435,shap_tree,Sender,HLA-C,KIR2DL3,HLA-C → KIR2DL3
15,P22,CCC_Receiver_HLA-C_to_KIR2DL3,1.5405216516288315e-06,shap_tree,Receiver,HLA-C,KIR2DL3,HLA-C → KIR2DL3
15,P22,CCC_Sender_HLA-E_to_KLRC1,0.01819930329094281,shap_tree,Sender,HLA-E,KLRC1,HLA-E → KLRC1
15,P22,CCC_Receiver_HLA-E_to_KLRC1,1.843957729584242e-05,shap_tree,Receiver,HLA-E,KLRC1,HLA-E → KLRC1
15,P22,CCC_Sender_HLA-E_to_KLRC2,0.03323231574355695,shap_tree,Sender,HLA-E,KLRC2,HLA-E → KLRC2
15,P22,CCC_Receiver_HLA-E_to_KLRC2,2.3063340515583872e-05,shap_tree,Receiver,HLA-E,KLRC2,HLA-E → KLRC2
15,P22,CCC_Sender_HLA-E_to_KLRK1,0.020868977240524295,shap_tree,Sender,HLA-E,KLRK1,HLA-E → KLRK1
15,P22,CCC_Receiver_HLA-E_to_KLRK1,0.0003465947733422918,shap_tree,Receiver,HLA-E,KLRK1,HLA-E → KLRK1
15,P22,CCC_Sender_HLA-F_to_KIR3DL2,0.00465892710583795,shap_tree,Sender,HLA-F,KIR3DL2,HLA-F → KIR3DL2
15,P22,CCC_Receiver_HLA-F_to_KIR3DL2,1.4703642141380572e-06,shap_tree,Receiver,HLA-F,KIR3DL2,HLA-F → KIR3DL2
15,P22,CCC_Sender_HLA-F_to_LILRB1,0.004667145626370766,shap_tree,Sender,HLA-F,LILRB1,HLA-F → LILRB1
15,P22,CCC_Receiver_HLA-F_to_LILRB1,9.879105417450468e-06,shap_tree,Receiver,HLA-F,LILRB1,HLA-F → LILRB1
15,P22,CCC_Sender_HLA-F_to_LILRB2,0.025749797685479487,shap_tree,Sender,HLA-F,LILRB2,HLA-F → LILRB2
15,P22,CCC_Receiver_HLA-F_to_LILRB2,0.0001728346523142081,shap_tree,Receiver,HLA-F,LILRB2,HLA-F → LILRB2
15,P22,CCC_Sender_HLA-G_to_LILRB1,0.0017057215938989922,shap_tree,Sender,HLA-G,LILRB1,HLA-G → LILRB1
15,P22,CCC_Receiver_HLA-G_to_LILRB1,5.8513659527534853e-05,shap_tree,Receiver,HLA-G,LILRB1,HLA-G → LILRB1
15,P22,CCC_Sender_HLA-G_to_LILRB2,0.022161364662747898,shap_tree,Sender,HLA-G,LILRB2,HLA-G → LILRB2
15,P22,CCC_Receiver_HLA-G_to_LILRB2,0.00040755444264564856,shap_tree,Receiver,HLA-G,LILRB2,HLA-G → LILRB2
15,P22,CCC_Sender_LTB_to_LTBR,0.0015292316894617288,shap_tree,Sender,LTB,LTBR,LTB → LTBR
15,P22,CCC_Receiver_LTB_to_LTBR,8.779791814901783e-05,shap_tree,Receiver,LTB,LTBR,LTB → LTBR
15,P22,CCC_Sender_PVR_to_CD226,0.0,shap_tree,Sender,PVR,CD226,PVR → CD226
15,P22,CCC_Receiver_PVR_to_CD226,4.010128414683923e-06,shap_tree,Receiver,PVR,CD226,PVR → CD226
15,P22,CCC_Sender_PVR_to_CD96,9.829075076768629e-08,shap_tree,Sender,PVR,CD96,PVR → CD96
15,P22,CCC_Receiver_PVR_to_CD96,0.003378070475969992,shap_tree,Receiver,PVR,CD96,PVR → CD96
15,P22,CCC_Sender_PVR_to_TIGIT,1.2583722703475023e-06,shap_tree,Sender,PVR,TIGIT,PVR → TIGIT
15,P22,CCC_Receiver_PVR_to_TIGIT,0.003279762590010768,shap_tree,Receiver,PVR,TIGIT,PVR → TIGIT
15,P22,CCC_Sender_SELPLG_to_SELL,0.0010142687773834317,shap_tree,Sender,SELPLG,SELL,SELPLG → SELL
15,P22,CCC_Receiver_SELPLG_to_SELL,0.0006914105612157916,shap_tree,Receiver,SELPLG,SELL,SELPLG → SELL
15,P22,CCC_Sender_TGFB1_to_TGFBR3,0.00016211344744276185,shap_tree,Sender,TGFB1,TGFBR3,TGFB1 → TGFBR3
15,P22,CCC_Receiver_TGFB1_to_TGFBR3,0.000165583934548586,shap_tree,Receiver,TGFB1,TGFBR3,TGFB1 → TGFBR3
15,P22,CCC_Sender_BTLA_to_TNFRSF14,2.4002838339336233e-05,shap_tree,Sender,BTLA,TNFRSF14,BTLA → TNFRSF14
15,P22,CCC_Receiver_BTLA_to_TNFRSF14,0.0008757963663682543,shap_tree,Receiver,BTLA,TNFRSF14,BTLA → TNFRSF14
15,P22,CCC_Sender_FASLG_to_FAS,4.4313387015915466e-06,shap_tree,Sender,FASLG,FAS,FASLG → FAS
15,P22,CCC_Receiver_FASLG_to_FAS,0.00044499038393975546,shap_tree,Receiver,FASLG,FAS,FASLG → FAS
15,P22,CCC_Sender_LTA_to_TNFRSF14,1.2118518066251504e-05,shap_tree,Sender,LTA,TNFRSF14,LTA → TNFRSF14
15,P22,CCC_Receiver_LTA_to_TNFRSF14,0.00045973251877928973,shap_tree,Receiver,LTA,TNFRSF14,LTA → TNFRSF14
15,P22,CCC_Sender_LTA_to_TNFRSF1A,1.1024811122144668e-05,shap_tree,Sender,LTA,TNFRSF1A,LTA → TNFRSF1A
15,P22,CCC_Receiver_LTA_to_TNFRSF1A,2.8510058305221558e-05,shap_tree,Receiver,LTA,TNFRSF1A,LTA → TNFRSF1A
15,P22,CCC_Sender_LTA_to_TNFRSF1B,1.0309388353299752e-05,shap_tree,Sender,LTA,TNFRSF1B,LTA → TNFRSF1B
15,P22,CCC_Receiver_LTA_to_TNFRSF1B,0.0023591664791418696,shap_tree,Receiver,LTA,TNFRSF1B,LTA → TNFRSF1B
15,P22,CCC_Sender_TNF_to_TNFRSF1A,0.001573360760247741,shap_tree,Sender,TNF,TNFRSF1A,TNF → TNFRSF1A
15,P22,CCC_Receiver_TNF_to_TNFRSF1A,0.0008191948425009334,shap_tree,Receiver,TNF,TNFRSF1A,TNF → TNFRSF1A
15,P22,CCC_Sender_TNF_to_TNFRSF1B,9.19614322310392e-05,shap_tree,Sender,TNF,TNFRSF1B,TNF → TNFRSF1B
15,P22,CCC_Receiver_TNF_to_TNFRSF1B,0.003953403133080877,shap_tree,Receiver,TNF,TNFRSF1B,TNF → TNFRSF1B
15,P22,CCC_Sender_TNFSF10_to_TNFRSF10A,0.00012143388981438246,shap_tree,Sender,TNFSF10,TNFRSF10A,TNFSF10 → TNFRSF10A
15,P22,CCC_Receiver_TNFSF10_to_TNFRSF10A,5.4543517057739516e-05,shap_tree,Receiver,TNFSF10,TNFRSF10A,TNFSF10 → TNFRSF10A
15,P22,CCC_Sender_TNFSF10_to_TNFRSF10B,2.4268925567276768e-05,shap_tree,Sender,TNFSF10,TNFRSF10B,TNFSF10 → TNFRSF10B
15,P22,CCC_Receiver_TNFSF10_to_TNFRSF10B,2.327895081830045e-05,shap_tree,Receiver,TNFSF10,TNFRSF10B,TNFSF10 → TNFRSF10B
15,P22,CCC_Sender_TNFSF10_to_TNFRSF10D,9.527197438442214e-05,shap_tree,Sender,TNFSF10,TNFRSF10D,TNFSF10 → TNFRSF10D
15,P22,CCC_Receiver_TNFSF10_to_TNFRSF10D,0.0,shap_tree,Receiver,TNFSF10,TNFRSF10D,TNFSF10 → TNFRSF10D
15,P22,CCC_Sender_TNFSF12_to_TNFRSF12A,5.559434113647073e-06,shap_tree,Sender,TNFSF12,TNFRSF12A,TNFSF12 → TNFRSF12A
15,P22,CCC_Receiver_TNFSF12_to_TNFRSF12A,3.1369633557518797e-06,shap_tree,Receiver,TNFSF12,TNFRSF12A,TNFSF12 → TNFRSF12A
15,P22,CCC_Sender_TNFSF12_to_TNFRSF25,2.77886421714858e-05,shap_tree,Sender,TNFSF12,TNFRSF25,TNFSF12 → TNFRSF25
15,P22,CCC_Receiver_TNFSF12_to_TNFRSF25,0.0004273854522646552,shap_tree,Receiver,TNFSF12,TNFRSF25,TNFSF12 → TNFRSF25
15,P22,CCC_Sender_TNFSF14_to_LTBR,1.548474839781085e-05,shap_tree,Sender,TNFSF14,LTBR,TNFSF14 → LTBR
15,P22,CCC_Receiver_TNFSF14_to_LTBR,0.0005636212995583371,shap_tree,Receiver,TNFSF14,LTBR,TNFSF14 → LTBR
15,P22,CCC_Sender_TNFSF14_to_TNFRSF14,6.643449085270483e-05,shap_tree,Sender,TNFSF14,TNFRSF14,TNFSF14 → TNFRSF14
15,P22,CCC_Receiver_TNFSF14_to_TNFRSF14,0.005594403589551903,shap_tree,Receiver,TNFSF14,TNFRSF14,TNFSF14 → TNFRSF14
15,P22,CCC_Sender_TNFSF4_to_TNFRSF4,7.350710199924158e-06,shap_tree,Sender,TNFSF4,TNFRSF4,TNFSF4 → TNFRSF4
15,P22,CCC_Receiver_TNFSF4_to_TNFRSF4,0.0003319564101615028,shap_tree,Receiver,TNFSF4,TNFRSF4,TNFSF4 → TNFRSF4
15,P22,CCC_Sender_TNFSF9_to_TNFRSF9,6.47713933238444e-05,shap_tree,Sender,TNFSF9,TNFRSF9,TNFSF9 → TNFRSF9
15,P22,CCC_Receiver_TNFSF9_to_TNFRSF9,4.3925144225540714e-05,shap_tree,Receiver,TNFSF9,TNFRSF9,TNFSF9 → TNFRSF9
15,P22,CCC_Sender_VEGFA_to_NRP1,2.5167991094204618e-05,shap_tree,Sender,VEGFA,NRP1,VEGFA → NRP1
15,P22,CCC_Receiver_VEGFA_to_NRP1,0.0003401555399777036,shap_tree,Receiver,VEGFA,NRP1,VEGFA → NRP1
15,P22,CCC_Sender_VEGFA_to_NRP2,1.4039963919620018e-05,shap_tree,Sender,VEGFA,NRP2,VEGFA → NRP2
15,P22,CCC_Receiver_VEGFA_to_NRP2,3.736497493531934e-06,shap_tree,Receiver,VEGFA,NRP2,VEGFA → NRP2
15,P22,CCC_Sender_VEGFB_to_NRP1,3.3145858011318913e-07,shap_tree,Sender,VEGFB,NRP1,VEGFB → NRP1
15,P22,CCC_Receiver_VEGFB_to_NRP1,5.315207629255386e-05,shap_tree,Receiver,VEGFB,NRP1,VEGFB → NRP1
15,P22,CCC_Sender_CD274_to_PDCD1,2.3621819653518436e-06,shap_tree,Sender,CD274,PDCD1,CD274 → PDCD1
15,P22,CCC_Receiver_CD274_to_PDCD1,0.0025471613657434278,shap_tree,Receiver,CD274,PDCD1,CD274 → PDCD1
15,P22,CCC_Sender_CD86_to_CTLA4,0.0001501510191681074,shap_tree,Sender,CD86,CTLA4,CD86 → CTLA4
15,P22,CCC_Receiver_CD86_to_CTLA4,0.0016368711984897349,shap_tree,Receiver,CD86,CTLA4,CD86 → CTLA4
15,P22,CCC_Sender_CD86_to_CD28,3.4735641286481266e-05,shap_tree,Sender,CD86,CD28,CD86 → CD28
15,P22,CCC_Receiver_CD86_to_CD28,0.00020012509992579626,shap_tree,Receiver,CD86,CD28,CD86 → CD28
15,P22,CCC_Sender_ICOSLG_to_ICOS,3.65052361487179e-06,shap_tree,Sender,ICOSLG,ICOS,ICOSLG → ICOS
15,P22,CCC_Receiver_ICOSLG_to_ICOS,0.00024166182720966595,shap_tree,Receiver,ICOSLG,ICOS,ICOSLG → ICOS
15,P22,CCC_Sender_CD40LG_to_CD40,1.3385671339782166e-05,shap_tree,Sender,CD40LG,CD40,CD40LG → CD40
15,P22,CCC_Receiver_CD40LG_to_CD40,7.774023439240644e-05,shap_tree,Receiver,CD40LG,CD40,CD40LG → CD40
16,P23,CCC_Sender_ICAM1_to_ITGAL,0.0004489777033893889,shap_tree,Sender,ICAM1,ITGAL,ICAM1 → ITGAL
16,P23,CCC_Receiver_ICAM1_to_ITGAL,0.006885041533989861,shap_tree,Receiver,ICAM1,ITGAL,ICAM1 → ITGAL
16,P23,CCC_Sender_CCL2_to_CCR2,2.634175411338499e-05,shap_tree,Sender,CCL2,CCR2,CCL2 → CCR2
16,P23,CCC_Receiver_CCL2_to_CCR2,6.0206784672271175e-05,shap_tree,Receiver,CCL2,CCR2,CCL2 → CCR2
16,P23,CCC_Sender_CCL3_to_CCR1,0.010546188173126657,shap_tree,Sender,CCL3,CCR1,CCL3 → CCR1
16,P23,CCC_Receiver_CCL3_to_CCR1,0.00022032242057579818,shap_tree,Receiver,CCL3,CCR1,CCL3 → CCR1
16,P23,CCC_Sender_CCL3_to_CCR5,0.009864679264829791,shap_tree,Sender,CCL3,CCR5,CCL3 → CCR5
16,P23,CCC_Receiver_CCL3_to_CCR5,0.007377914915245289,shap_tree,Receiver,CCL3,CCR5,CCL3 → CCR5
16,P23,CCC_Sender_CCL3L1_to_CCR1,0.0002885716897934245,shap_tree,Sender,CCL3L1,CCR1,CCL3L1 → CCR1
16,P23,CCC_Receiver_CCL3L1_to_CCR1,0.00039743532282454126,shap_tree,Receiver,CCL3L1,CCR1,CCL3L1 → CCR1
16,P23,CCC_Sender_CCL4_to_CCR5,0.007073913047878953,shap_tree,Sender,CCL4,CCR5,CCL4 → CCR5
16,P23,CCC_Receiver_CCL4_to_CCR5,0.0022808223057859656,shap_tree,Receiver,CCL4,CCR5,CCL4 → CCR5
16,P23,CCC_Sender_CCL5_to_CCR1,0.10822301375489725,shap_tree,Sender,CCL5,CCR1,CCL5 → CCR1
16,P23,CCC_Receiver_CCL5_to_CCR1,0.0001411451042560415,shap_tree,Receiver,CCL5,CCR1,CCL5 → CCR1
16,P23,CCC_Sender_CCL5_to_CCR4,0.010184568363311459,shap_tree,Sender,CCL5,CCR4,CCL5 → CCR4
16,P23,CCC_Receiver_CCL5_to_CCR4,9.090979439508309e-06,shap_tree,Receiver,CCL5,CCR4,CCL5 → CCR4
16,P23,CCC_Sender_CCL5_to_CCR5,0.029154798094837286,shap_tree,Sender,CCL5,CCR5,CCL5 → CCR5
16,P23,CCC_Receiver_CCL5_to_CCR5,0.0009204365342395138,shap_tree,Receiver,CCL5,CCR5,CCL5 → CCR5
16,P23,CCC_Sender_CXCL13_to_CXCR5,0.00023276445890148354,shap_tree,Sender,CXCL13,CXCR5,CXCL13 → CXCR5
16,P23,CCC_Receiver_CXCL13_to_CXCR5,0.00012048660636415169,shap_tree,Receiver,CXCL13,CXCR5,CXCL13 → CXCR5
16,P23,CCC_Sender_CXCL16_to_CXCR6,0.00011571469908168467,shap_tree,Sender,CXCL16,CXCR6,CXCL16 → CXCR6
16,P23,CCC_Receiver_CXCL16_to_CXCR6,0.0004445324790932755,shap_tree,Receiver,CXCL16,CXCR6,CXCL16 → CXCR6
16,P23,CCC_Sender_CXCL2_to_DPP4,9.93397338402072e-05,shap_tree,Sender,CXCL2,DPP4,CXCL2 → DPP4
16,P23,CCC_Receiver_CXCL2_to_DPP4,3.4965031170718995e-05,shap_tree,Receiver,CXCL2,DPP4,CXCL2 → DPP4
16,P23,CCC_Sender_CSF1_to_CSF1R,0.00037563917762075994,shap_tree,Sender,CSF1,CSF1R,CSF1 → CSF1R
16,P23,CCC_Receiver_CSF1_to_CSF1R,0.001032741751459642,shap_tree,Receiver,CSF1,CSF1R,CSF1 → CSF1R
16,P23,CCC_Sender_LGALS9_to_HAVCR2,0.011706047932412233,shap_tree,Sender,LGALS9,HAVCR2,LGALS9 → HAVCR2
16,P23,CCC_Receiver_LGALS9_to_HAVCR2,0.009614046158288581,shap_tree,Receiver,LGALS9,HAVCR2,LGALS9 → HAVCR2
16,P23,CCC_Sender_LGALS9_to_P4HB,0.0047986338775903355,shap_tree,Sender,LGALS9,P4HB,LGALS9 → P4HB
16,P23,CCC_Receiver_LGALS9_to_P4HB,0.04141243429746248,shap_tree,Receiver,LGALS9,P4HB,LGALS9 → P4HB
16,P23,CCC_Sender_HLA-B_to_KIR3DL2,0.017081499357003347,shap_tree,Sender,HLA-B,KIR3DL2,HLA-B → KIR3DL2
16,P23,CCC_Receiver_HLA-B_to_KIR3DL2,1.3453489991411928e-05,shap_tree,Receiver,HLA-B,KIR3DL2,HLA-B → KIR3DL2
16,P23,CCC_Sender_HLA-C_to_KIR2DL3,0.019067244698586703,shap_tree,Sender,HLA-C,KIR2DL3,HLA-C → KIR2DL3
16,P23,CCC_Receiver_HLA-C_to_KIR2DL3,7.038438035018583e-06,shap_tree,Receiver,HLA-C,KIR2DL3,HLA-C → KIR2DL3
16,P23,CCC_Sender_HLA-E_to_KLRC1,0.011579548975500929,shap_tree,Sender,HLA-E,KLRC1,HLA-E → KLRC1
16,P23,CCC_Receiver_HLA-E_to_KLRC1,9.39725014685664e-05,shap_tree,Receiver,HLA-E,KLRC1,HLA-E → KLRC1
16,P23,CCC_Sender_HLA-E_to_KLRC2,0.01883599093309841,shap_tree,Sender,HLA-E,KLRC2,HLA-E → KLRC2
16,P23,CCC_Receiver_HLA-E_to_KLRC2,4.788073768564407e-05,shap_tree,Receiver,HLA-E,KLRC2,HLA-E → KLRC2
16,P23,CCC_Sender_HLA-E_to_KLRK1,0.018046644164917604,shap_tree,Sender,HLA-E,KLRK1,HLA-E → KLRK1
16,P23,CCC_Receiver_HLA-E_to_KLRK1,0.0004016342775646209,shap_tree,Receiver,HLA-E,KLRK1,HLA-E → KLRK1
16,P23,CCC_Sender_HLA-F_to_KIR3DL2,0.0043991490904736604,shap_tree,Sender,HLA-F,KIR3DL2,HLA-F → KIR3DL2
16,P23,CCC_Receiver_HLA-F_to_KIR3DL2,4.066700126882337e-05,shap_tree,Receiver,HLA-F,KIR3DL2,HLA-F → KIR3DL2
16,P23,CCC_Sender_HLA-F_to_LILRB1,0.005159555394912683,shap_tree,Sender,HLA-F,LILRB1,HLA-F → LILRB1
16,P23,CCC_Receiver_HLA-F_to_LILRB1,6.611326023776995e-05,shap_tree,Receiver,HLA-F,LILRB1,HLA-F → LILRB1
16,P23,CCC_Sender_HLA-F_to_LILRB2,0.0482117070140546,shap_tree,Sender,HLA-F,LILRB2,HLA-F → LILRB2
16,P23,CCC_Receiver_HLA-F_to_LILRB2,0.0005131145344304621,shap_tree,Receiver,HLA-F,LILRB2,HLA-F → LILRB2
16,P23,CCC_Sender_HLA-G_to_LILRB1,0.0032791485549504376,shap_tree,Sender,HLA-G,LILRB1,HLA-G → LILRB1
16,P23,CCC_Receiver_HLA-G_to_LILRB1,0.00022168318895746266,shap_tree,Receiver,HLA-G,LILRB1,HLA-G → LILRB1
16,P23,CCC_Sender_HLA-G_to_LILRB2,0.020753245434640792,shap_tree,Sender,HLA-G,LILRB2,HLA-G → LILRB2
16,P23,CCC_Receiver_HLA-G_to_LILRB2,0.0010656642407839657,shap_tree,Receiver,HLA-G,LILRB2,HLA-G → LILRB2
16,P23,CCC_Sender_LTB_to_LTBR,0.000793145032177734,shap_tree,Sender,LTB,LTBR,LTB → LTBR
16,P23,CCC_Receiver_LTB_to_LTBR,0.00012795793791060752,shap_tree,Receiver,LTB,LTBR,LTB → LTBR
16,P23,CCC_Sender_PVR_to_CD226,0.0,shap_tree,Sender,PVR,CD226,PVR → CD226
16,P23,CCC_Receiver_PVR_to_CD226,1.3213576384934143e-05,shap_tree,Receiver,PVR,CD226,PVR → CD226
16,P23,CCC_Sender_PVR_to_CD96,0.0,shap_tree,Sender,PVR,CD96,PVR → CD96
16,P23,CCC_Receiver_PVR_to_CD96,0.004156901535380226,shap_tree,Receiver,PVR,CD96,PVR → CD96
16,P23,CCC_Sender_PVR_to_TIGIT,0.0,shap_tree,Sender,PVR,TIGIT,PVR → TIGIT
16,P23,CCC_Receiver_PVR_to_TIGIT,0.003166946924058159,shap_tree,Receiver,PVR,TIGIT,PVR → TIGIT
16,P23,CCC_Sender_SELPLG_to_SELL,0.0017620925288190322,shap_tree,Sender,SELPLG,SELL,SELPLG → SELL
16,P23,CCC_Receiver_SELPLG_to_SELL,0.0011161866200821474,shap_tree,Receiver,SELPLG,SELL,SELPLG → SELL
16,P23,CCC_Sender_TGFB1_to_TGFBR3,4.414847372502505e-05,shap_tree,Sender,TGFB1,TGFBR3,TGFB1 → TGFBR3
16,P23,CCC_Receiver_TGFB1_to_TGFBR3,5.017718882622814e-05,shap_tree,Receiver,TGFB1,TGFBR3,TGFB1 → TGFBR3
16,P23,CCC_Sender_BTLA_to_TNFRSF14,2.2660930275181818e-05,shap_tree,Sender,BTLA,TNFRSF14,BTLA → TNFRSF14
16,P23,CCC_Receiver_BTLA_to_TNFRSF14,0.004667858968943798,shap_tree,Receiver,BTLA,TNFRSF14,BTLA → TNFRSF14
16,P23,CCC_Sender_FASLG_to_FAS,6.226932936321081e-05,shap_tree,Sender,FASLG,FAS,FASLG → FAS
16,P23,CCC_Receiver_FASLG_to_FAS,0.00010180406029538181,shap_tree,Receiver,FASLG,FAS,FASLG → FAS
16,P23,CCC_Sender_LTA_to_TNFRSF14,6.467264571542828e-05,shap_tree,Sender,LTA,TNFRSF14,LTA → TNFRSF14
16,P23,CCC_Receiver_LTA_to_TNFRSF14,0.0012329372662856612,shap_tree,Receiver,LTA,TNFRSF14,LTA → TNFRSF14
16,P23,CCC_Sender_LTA_to_TNFRSF1A,6.967494137593494e-05,shap_tree,Sender,LTA,TNFRSF1A,LTA → TNFRSF1A
16,P23,CCC_Receiver_LTA_to_TNFRSF1A,0.00027503353468097245,shap_tree,Receiver,LTA,TNFRSF1A,LTA → TNFRSF1A
16,P23,CCC_Sender_LTA_to_TNFRSF1B,2.7790314460467356e-05,shap_tree,Sender,LTA,TNFRSF1B,LTA → TNFRSF1B
16,P23,CCC_Receiver_LTA_to_TNFRSF1B,0.0025445498996150037,shap_tree,Receiver,LTA,TNFRSF1B,LTA → TNFRSF1B
16,P23,CCC_Sender_TNF_to_TNFRSF1A,0.001080572843423607,shap_tree,Sender,TNF,TNFRSF1A,TNF → TNFRSF1A
16,P23,CCC_Receiver_TNF_to_TNFRSF1A,0.00033714571871891404,shap_tree,Receiver,TNF,TNFRSF1A,TNF → TNFRSF1A
16,P23,CCC_Sender_TNF_to_TNFRSF1B,0.0002379458874840355,shap_tree,Sender,TNF,TNFRSF1B,TNF → TNFRSF1B
16,P23,CCC_Receiver_TNF_to_TNFRSF1B,0.0017815786620417966,shap_tree,Receiver,TNF,TNFRSF1B,TNF → TNFRSF1B
16,P23,CCC_Sender_TNFSF10_to_TNFRSF10A,0.00029764357870348427,shap_tree,Sender,TNFSF10,TNFRSF10A,TNFSF10 → TNFRSF10A
16,P23,CCC_Receiver_TNFSF10_to_TNFRSF10A,9.214292155730708e-05,shap_tree,Receiver,TNFSF10,TNFRSF10A,TNFSF10 → TNFRSF10A
16,P23,CCC_Sender_TNFSF10_to_TNFRSF10B,0.00019470501087161748,shap_tree,Sender,TNFSF10,TNFRSF10B,TNFSF10 → TNFRSF10B
16,P23,CCC_Receiver_TNFSF10_to_TNFRSF10B,6.20061436092808e-05,shap_tree,Receiver,TNFSF10,TNFRSF10B,TNFSF10 → TNFRSF10B
16,P23,CCC_Sender_TNFSF10_to_TNFRSF10D,0.0002446036402626761,shap_tree,Sender,TNFSF10,TNFRSF10D,TNFSF10 → TNFRSF10D
16,P23,CCC_Receiver_TNFSF10_to_TNFRSF10D,0.0,shap_tree,Receiver,TNFSF10,TNFRSF10D,TNFSF10 → TNFRSF10D
16,P23,CCC_Sender_TNFSF12_to_TNFRSF12A,5.775097543586943e-05,shap_tree,Sender,TNFSF12,TNFRSF12A,TNFSF12 → TNFRSF12A
16,P23,CCC_Receiver_TNFSF12_to_TNFRSF12A,1.8252580694412386e-05,shap_tree,Receiver,TNFSF12,TNFRSF12A,TNFSF12 → TNFRSF12A
16,P23,CCC_Sender_TNFSF12_to_TNFRSF25,0.00021358121122304872,shap_tree,Sender,TNFSF12,TNFRSF25,TNFSF12 → TNFRSF25
16,P23,CCC_Receiver_TNFSF12_to_TNFRSF25,0.00025790666656565404,shap_tree,Receiver,TNFSF12,TNFRSF25,TNFSF12 → TNFRSF25
16,P23,CCC_Sender_TNFSF14_to_LTBR,9.64803241790623e-05,shap_tree,Sender,TNFSF14,LTBR,TNFSF14 → LTBR
16,P23,CCC_Receiver_TNFSF14_to_LTBR,0.0005858444285615852,shap_tree,Receiver,TNFSF14,LTBR,TNFSF14 → LTBR
16,P23,CCC_Sender_TNFSF14_to_TNFRSF14,7.164579397245998e-06,shap_tree,Sender,TNFSF14,TNFRSF14,TNFSF14 → TNFRSF14
16,P23,CCC_Receiver_TNFSF14_to_TNFRSF14,0.0020009959243416017,shap_tree,Receiver,TNFSF14,TNFRSF14,TNFSF14 → TNFRSF14
16,P23,CCC_Sender_TNFSF4_to_TNFRSF4,5.621504064799868e-06,shap_tree,Sender,TNFSF4,TNFRSF4,TNFSF4 → TNFRSF4
16,P23,CCC_Receiver_TNFSF4_to_TNFRSF4,0.0003727634539243641,shap_tree,Receiver,TNFSF4,TNFRSF4,TNFSF4 → TNFRSF4
16,P23,CCC_Sender_TNFSF9_to_TNFRSF9,0.00016956189479132218,shap_tree,Sender,TNFSF9,TNFRSF9,TNFSF9 → TNFRSF9
16,P23,CCC_Receiver_TNFSF9_to_TNFRSF9,0.0001894453474341641,shap_tree,Receiver,TNFSF9,TNFRSF9,TNFSF9 → TNFRSF9
16,P23,CCC_Sender_VEGFA_to_NRP1,0.00020138328259772313,shap_tree,Sender,VEGFA,NRP1,VEGFA → NRP1
16,P23,CCC_Receiver_VEGFA_to_NRP1,0.0003062290252417564,shap_tree,Receiver,VEGFA,NRP1,VEGFA → NRP1
16,P23,CCC_Sender_VEGFA_to_NRP2,5.030834010202528e-05,shap_tree,Sender,VEGFA,NRP2,VEGFA → NRP2
16,P23,CCC_Receiver_VEGFA_to_NRP2,8.2734768460709e-06,shap_tree,Receiver,VEGFA,NRP2,VEGFA → NRP2
16,P23,CCC_Sender_VEGFB_to_NRP1,7.984673899039228e-06,shap_tree,Sender,VEGFB,NRP1,VEGFB → NRP1
16,P23,CCC_Receiver_VEGFB_to_NRP1,0.00019093995164215315,shap_tree,Receiver,VEGFB,NRP1,VEGFB → NRP1
16,P23,CCC_Sender_CD274_to_PDCD1,1.348390659035035e-05,shap_tree,Sender,CD274,PDCD1,CD274 → PDCD1
16,P23,CCC_Receiver_CD274_to_PDCD1,0.005213627454507247,shap_tree,Receiver,CD274,PDCD1,CD274 → PDCD1
16,P23,CCC_Sender_CD86_to_CTLA4,0.0005393003927560176,shap_tree,Sender,CD86,CTLA4,CD86 → CTLA4
16,P23,CCC_Receiver_CD86_to_CTLA4,0.004522007759176061,shap_tree,Receiver,CD86,CTLA4,CD86 → CTLA4
16,P23,CCC_Sender_CD86_to_CD28,9.205772571444546e-05,shap_tree,Sender,CD86,CD28,CD86 → CD28
16,P23,CCC_Receiver_CD86_to_CD28,0.0029435649240280946,shap_tree,Receiver,CD86,CD28,CD86 → CD28
16,P23,CCC_Sender_ICOSLG_to_ICOS,1.2962841706298043e-06,shap_tree,Sender,ICOSLG,ICOS,ICOSLG → ICOS
16,P23,CCC_Receiver_ICOSLG_to_ICOS,0.0003387222383700069,shap_tree,Receiver,ICOSLG,ICOS,ICOSLG → ICOS
16,P23,CCC_Sender_CD40LG_to_CD40,1.9538582964780817e-05,shap_tree,Sender,CD40LG,CD40,CD40LG → CD40
16,P23,CCC_Receiver_CD40LG_to_CD40,1.252281525782152e-05,shap_tree,Receiver,CD40LG,CD40,CD40LG → CD40
17,P24,CCC_Sender_ICAM1_to_ITGAL,0.0001320816424391645,shap_tree,Sender,ICAM1,ITGAL,ICAM1 → ITGAL
17,P24,CCC_Receiver_ICAM1_to_ITGAL,0.002993817958988792,shap_tree,Receiver,ICAM1,ITGAL,ICAM1 → ITGAL
17,P24,CCC_Sender_CCL2_to_CCR2,3.331075239236684e-05,shap_tree,Sender,CCL2,CCR2,CCL2 → CCR2
17,P24,CCC_Receiver_CCL2_to_CCR2,5.957178195768717e-06,shap_tree,Receiver,CCL2,CCR2,CCL2 → CCR2
17,P24,CCC_Sender_CCL3_to_CCR1,0.006547228009929107,shap_tree,Sender,CCL3,CCR1,CCL3 → CCR1
17,P24,CCC_Receiver_CCL3_to_CCR1,8.451464045727201e-05,shap_tree,Receiver,CCL3,CCR1,CCL3 → CCR1
17,P24,CCC_Sender_CCL3_to_CCR5,0.003848789088845071,shap_tree,Sender,CCL3,CCR5,CCL3 → CCR5
17,P24,CCC_Receiver_CCL3_to_CCR5,0.002349256870180954,shap_tree,Receiver,CCL3,CCR5,CCL3 → CCR5
17,P24,CCC_Sender_CCL3L1_to_CCR1,9.655305037361229e-05,shap_tree,Sender,CCL3L1,CCR1,CCL3L1 → CCR1
17,P24,CCC_Receiver_CCL3L1_to_CCR1,0.00043291852804921743,shap_tree,Receiver,CCL3L1,CCR1,CCL3L1 → CCR1
17,P24,CCC_Sender_CCL4_to_CCR5,0.006227332864765262,shap_tree,Sender,CCL4,CCR5,CCL4 → CCR5
17,P24,CCC_Receiver_CCL4_to_CCR5,0.0027469193798502433,shap_tree,Receiver,CCL4,CCR5,CCL4 → CCR5
17,P24,CCC_Sender_CCL5_to_CCR1,0.05315744040464974,shap_tree,Sender,CCL5,CCR1,CCL5 → CCR1
17,P24,CCC_Receiver_CCL5_to_CCR1,6.833545731693516e-06,shap_tree,Receiver,CCL5,CCR1,CCL5 → CCR1
17,P24,CCC_Sender_CCL5_to_CCR4,0.009518189917148666,shap_tree,Sender,CCL5,CCR4,CCL5 → CCR4
17,P24,CCC_Receiver_CCL5_to_CCR4,1.0574032522364179e-06,shap_tree,Receiver,CCL5,CCR4,CCL5 → CCR4
17,P24,CCC_Sender_CCL5_to_CCR5,0.01791831145110191,shap_tree,Sender,CCL5,CCR5,CCL5 → CCR5
17,P24,CCC_Receiver_CCL5_to_CCR5,0.0026401913905120117,shap_tree,Receiver,CCL5,CCR5,CCL5 → CCR5
17,P24,CCC_Sender_CXCL13_to_CXCR5,0.0003502514136458289,shap_tree,Sender,CXCL13,CXCR5,CXCL13 → CXCR5
17,P24,CCC_Receiver_CXCL13_to_CXCR5,4.231118323460758e-06,shap_tree,Receiver,CXCL13,CXCR5,CXCL13 → CXCR5
17,P24,CCC_Sender_CXCL16_to_CXCR6,0.00016255352841114008,shap_tree,Sender,CXCL16,CXCR6,CXCL16 → CXCR6
17,P24,CCC_Receiver_CXCL16_to_CXCR6,0.00033530593641353654,shap_tree,Receiver,CXCL16,CXCR6,CXCL16 → CXCR6
17,P24,CCC_Sender_CXCL2_to_DPP4,4.8595156970009404e-05,shap_tree,Sender,CXCL2,DPP4,CXCL2 → DPP4
17,P24,CCC_Receiver_CXCL2_to_DPP4,1.0899926074137886e-06,shap_tree,Receiver,CXCL2,DPP4,CXCL2 → DPP4
17,P24,CCC_Sender_CSF1_to_CSF1R,1.801455473483485e-05,shap_tree,Sender,CSF1,CSF1R,CSF1 → CSF1R
17,P24,CCC_Receiver_CSF1_to_CSF1R,0.0008921941502303708,shap_tree,Receiver,CSF1,CSF1R,CSF1 → CSF1R
17,P24,CCC_Sender_LGALS9_to_HAVCR2,0.0059581660859238566,shap_tree,Sender,LGALS9,HAVCR2,LGALS9 → HAVCR2
17,P24,CCC_Receiver_LGALS9_to_HAVCR2,0.0035115711810942596,shap_tree,Receiver,LGALS9,HAVCR2,LGALS9 → HAVCR2
17,P24,CCC_Sender_LGALS9_to_P4HB,0.0032590397473424007,shap_tree,Sender,LGALS9,P4HB,LGALS9 → P4HB
17,P24,CCC_Receiver_LGALS9_to_P4HB,0.008661729970080391,shap_tree,Receiver,LGALS9,P4HB,LGALS9 → P4HB
17,P24,CCC_Sender_HLA-B_to_KIR3DL2,0.016487492581846827,shap_tree,Sender,HLA-B,KIR3DL2,HLA-B → KIR3DL2
17,P24,CCC_Receiver_HLA-B_to_KIR3DL2,8.470112295405334e-06,shap_tree,Receiver,HLA-B,KIR3DL2,HLA-B → KIR3DL2
17,P24,CCC_Sender_HLA-C_to_KIR2DL3,0.01999187264985065,shap_tree,Sender,HLA-C,KIR2DL3,HLA-C → KIR2DL3
17,P24,CCC_Receiver_HLA-C_to_KIR2DL3,1.1528276046656273e-06,shap_tree,Receiver,HLA-C,KIR2DL3,HLA-C → KIR2DL3
17,P24,CCC_Sender_HLA-E_to_KLRC1,0.020750555003440006,shap_tree,Sender,HLA-E,KLRC1,HLA-E → KLRC1
17,P24,CCC_Receiver_HLA-E_to_KLRC1,4.517155868191582e-05,shap_tree,Receiver,HLA-E,KLRC1,HLA-E → KLRC1
17,P24,CCC_Sender_HLA-E_to_KLRC2,0.02079795509217837,shap_tree,Sender,HLA-E,KLRC2,HLA-E → KLRC2
17,P24,CCC_Receiver_HLA-E_to_KLRC2,9.276642943425096e-07,shap_tree,Receiver,HLA-E,KLRC2,HLA-E → KLRC2
17,P24,CCC_Sender_HLA-E_to_KLRK1,0.022430140672299752,shap_tree,Sender,HLA-E,KLRK1,HLA-E → KLRK1
17,P24,CCC_Receiver_HLA-E_to_KLRK1,0.0009462219622558184,shap_tree,Receiver,HLA-E,KLRK1,HLA-E → KLRK1
17,P24,CCC_Sender_HLA-F_to_KIR3DL2,0.004528604821783206,shap_tree,Sender,HLA-F,KIR3DL2,HLA-F → KIR3DL2
17,P24,CCC_Receiver_HLA-F_to_KIR3DL2,7.697927332712402e-06,shap_tree,Receiver,HLA-F,KIR3DL2,HLA-F → KIR3DL2
17,P24,CCC_Sender_HLA-F_to_LILRB1,0.00320353361493759,shap_tree,Sender,HLA-F,LILRB1,HLA-F → LILRB1
17,P24,CCC_Receiver_HLA-F_to_LILRB1,4.603265525701824e-05,shap_tree,Receiver,HLA-F,LILRB1,HLA-F → LILRB1
17,P24,CCC_Sender_HLA-F_to_LILRB2,0.034430828576990445,shap_tree,Sender,HLA-F,LILRB2,HLA-F → LILRB2
17,P24,CCC_Receiver_HLA-F_to_LILRB2,0.00016609071785986417,shap_tree,Receiver,HLA-F,LILRB2,HLA-F → LILRB2
17,P24,CCC_Sender_HLA-G_to_LILRB1,0.001361902729944794,shap_tree,Sender,HLA-G,LILRB1,HLA-G → LILRB1
17,P24,CCC_Receiver_HLA-G_to_LILRB1,1.1502998375099104e-05,shap_tree,Receiver,HLA-G,LILRB1,HLA-G → LILRB1
17,P24,CCC_Sender_HLA-G_to_LILRB2,0.02490714999586581,shap_tree,Sender,HLA-G,LILRB2,HLA-G → LILRB2
17,P24,CCC_Receiver_HLA-G_to_LILRB2,0.0004374845749057483,shap_tree,Receiver,HLA-G,LILRB2,HLA-G → LILRB2
17,P24,CCC_Sender_LTB_to_LTBR,0.001058571052581477,shap_tree,Sender,LTB,LTBR,LTB → LTBR
17,P24,CCC_Receiver_LTB_to_LTBR,0.00017119787141391376,shap_tree,Receiver,LTB,LTBR,LTB → LTBR
17,P24,CCC_Sender_PVR_to_CD226,0.0,shap_tree,Sender,PVR,CD226,PVR → CD226
17,P24,CCC_Receiver_PVR_to_CD226,1.4843152651964895e-06,shap_tree,Receiver,PVR,CD226,PVR → CD226
17,P24,CCC_Sender_PVR_to_CD96,4.890465427686105e-06,shap_tree,Sender,PVR,CD96,PVR → CD96
17,P24,CCC_Receiver_PVR_to_CD96,0.001472877934515647,shap_tree,Receiver,PVR,CD96,PVR → CD96
17,P24,CCC_Sender_PVR_to_TIGIT,0.0,shap_tree,Sender,PVR,TIGIT,PVR → TIGIT
17,P24,CCC_Receiver_PVR_to_TIGIT,0.0024884156533703603,shap_tree,Receiver,PVR,TIGIT,PVR → TIGIT
17,P24,CCC_Sender_SELPLG_to_SELL,0.0024619350282914913,shap_tree,Sender,SELPLG,SELL,SELPLG → SELL
17,P24,CCC_Receiver_SELPLG_to_SELL,0.0011679273623294898,shap_tree,Receiver,SELPLG,SELL,SELPLG → SELL
17,P24,CCC_Sender_TGFB1_to_TGFBR3,4.9872794689311155e-05,shap_tree,Sender,TGFB1,TGFBR3,TGFB1 → TGFBR3
17,P24,CCC_Receiver_TGFB1_to_TGFBR3,4.514221755554684e-05,shap_tree,Receiver,TGFB1,TGFBR3,TGFB1 → TGFBR3
17,P24,CCC_Sender_BTLA_to_TNFRSF14,3.7174168182436787e-06,shap_tree,Sender,BTLA,TNFRSF14,BTLA → TNFRSF14
17,P24,CCC_Receiver_BTLA_to_TNFRSF14,0.0005480175275686376,shap_tree,Receiver,BTLA,TNFRSF14,BTLA → TNFRSF14
17,P24,CCC_Sender_FASLG_to_FAS,5.046443221904048e-06,shap_tree,Sender,FASLG,FAS,FASLG → FAS
17,P24,CCC_Receiver_FASLG_to_FAS,0.00021474844681306337,shap_tree,Receiver,FASLG,FAS,FASLG → FAS
17,P24,CCC_Sender_LTA_to_TNFRSF14,4.50216253010908e-06,shap_tree,Sender,LTA,TNFRSF14,LTA → TNFRSF14
17,P24,CCC_Receiver_LTA_to_TNFRSF14,0.0007891389196329478,shap_tree,Receiver,LTA,TNFRSF14,LTA → TNFRSF14
17,P24,CCC_Sender_LTA_to_TNFRSF1A,0.0003414429954871637,shap_tree,Sender,LTA,TNFRSF1A,LTA → TNFRSF1A
17,P24,CCC_Receiver_LTA_to_TNFRSF1A,2.515996019734795e-05,shap_tree,Receiver,LTA,TNFRSF1A,LTA → TNFRSF1A
17,P24,CCC_Sender_LTA_to_TNFRSF1B,1.3784742519990911e-05,shap_tree,Sender,LTA,TNFRSF1B,LTA → TNFRSF1B
17,P24,CCC_Receiver_LTA_to_TNFRSF1B,0.00218441170018426,shap_tree,Receiver,LTA,TNFRSF1B,LTA → TNFRSF1B
17,P24,CCC_Sender_TNF_to_TNFRSF1A,0.0031494920738065063,shap_tree,Sender,TNF,TNFRSF1A,TNF → TNFRSF1A
17,P24,CCC_Receiver_TNF_to_TNFRSF1A,0.003138017671977169,shap_tree,Receiver,TNF,TNFRSF1A,TNF → TNFRSF1A
17,P24,CCC_Sender_TNF_to_TNFRSF1B,0.00034411795096057825,shap_tree,Sender,TNF,TNFRSF1B,TNF → TNFRSF1B
17,P24,CCC_Receiver_TNF_to_TNFRSF1B,0.0024124359115974894,shap_tree,Receiver,TNF,TNFRSF1B,TNF → TNFRSF1B
17,P24,CCC_Sender_TNFSF10_to_TNFRSF10A,2.169627527378812e-05,shap_tree,Sender,TNFSF10,TNFRSF10A,TNFSF10 → TNFRSF10A
17,P24,CCC_Receiver_TNFSF10_to_TNFRSF10A,7.228253172971622e-06,shap_tree,Receiver,TNFSF10,TNFRSF10A,TNFSF10 → TNFRSF10A
17,P24,CCC_Sender_TNFSF10_to_TNFRSF10B,0.00018407712923462904,shap_tree,Sender,TNFSF10,TNFRSF10B,TNFSF10 → TNFRSF10B
17,P24,CCC_Receiver_TNFSF10_to_TNFRSF10B,9.162768725221267e-06,shap_tree,Receiver,TNFSF10,TNFRSF10B,TNFSF10 → TNFRSF10B
17,P24,CCC_Sender_TNFSF10_to_TNFRSF10D,1.381227605442116e-05,shap_tree,Sender,TNFSF10,TNFRSF10D,TNFSF10 → TNFRSF10D
17,P24,CCC_Receiver_TNFSF10_to_TNFRSF10D,5.537902763139548e-07,shap_tree,Receiver,TNFSF10,TNFRSF10D,TNFSF10 → TNFRSF10D
17,P24,CCC_Sender_TNFSF12_to_TNFRSF12A,2.067125916339621e-06,shap_tree,Sender,TNFSF12,TNFRSF12A,TNFSF12 → TNFRSF12A
17,P24,CCC_Receiver_TNFSF12_to_TNFRSF12A,5.515738346488712e-06,shap_tree,Receiver,TNFSF12,TNFRSF12A,TNFSF12 → TNFRSF12A
17,P24,CCC_Sender_TNFSF12_to_TNFRSF25,2.7976251474791404e-05,shap_tree,Sender,TNFSF12,TNFRSF25,TNFSF12 → TNFRSF25
17,P24,CCC_Receiver_TNFSF12_to_TNFRSF25,0.00021285230611475022,shap_tree,Receiver,TNFSF12,TNFRSF25,TNFSF12 → TNFRSF25
17,P24,CCC_Sender_TNFSF14_to_LTBR,3.5155480253784874e-06,shap_tree,Sender,TNFSF14,LTBR,TNFSF14 → LTBR
17,P24,CCC_Receiver_TNFSF14_to_LTBR,0.0006989895945073587,shap_tree,Receiver,TNFSF14,LTBR,TNFSF14 → LTBR
17,P24,CCC_Sender_TNFSF14_to_TNFRSF14,1.3097792158518123e-05,shap_tree,Sender,TNFSF14,TNFRSF14,TNFSF14 → TNFRSF14
17,P24,CCC_Receiver_TNFSF14_to_TNFRSF14,0.001667118146914426,shap_tree,Receiver,TNFSF14,TNFRSF14,TNFSF14 → TNFRSF14
17,P24,CCC_Sender_TNFSF4_to_TNFRSF4,9.361651024023817e-07,shap_tree,Sender,TNFSF4,TNFRSF4,TNFSF4 → TNFRSF4
17,P24,CCC_Receiver_TNFSF4_to_TNFRSF4,0.0002698546368771695,shap_tree,Receiver,TNFSF4,TNFRSF4,TNFSF4 → TNFRSF4
17,P24,CCC_Sender_TNFSF9_to_TNFRSF9,0.0001017300378127408,shap_tree,Sender,TNFSF9,TNFRSF9,TNFSF9 → TNFRSF9
17,P24,CCC_Receiver_TNFSF9_to_TNFRSF9,0.00014620150832917177,shap_tree,Receiver,TNFSF9,TNFRSF9,TNFSF9 → TNFRSF9
17,P24,CCC_Sender_VEGFA_to_NRP1,9.403025036793167e-05,shap_tree,Sender,VEGFA,NRP1,VEGFA → NRP1
17,P24,CCC_Receiver_VEGFA_to_NRP1,0.00024028298185443196,shap_tree,Receiver,VEGFA,NRP1,VEGFA → NRP1
17,P24,CCC_Sender_VEGFA_to_NRP2,8.61707006499827e-05,shap_tree,Sender,VEGFA,NRP2,VEGFA → NRP2
17,P24,CCC_Receiver_VEGFA_to_NRP2,6.772519300117859e-07,shap_tree,Receiver,VEGFA,NRP2,VEGFA → NRP2
17,P24,CCC_Sender_VEGFB_to_NRP1,7.413056078318193e-07,shap_tree,Sender,VEGFB,NRP1,VEGFB → NRP1
17,P24,CCC_Receiver_VEGFB_to_NRP1,3.020265562296742e-05,shap_tree,Receiver,VEGFB,NRP1,VEGFB → NRP1
17,P24,CCC_Sender_CD274_to_PDCD1,1.1541192043639077e-06,shap_tree,Sender,CD274,PDCD1,CD274 → PDCD1
17,P24,CCC_Receiver_CD274_to_PDCD1,0.0012341571575379053,shap_tree,Receiver,CD274,PDCD1,CD274 → PDCD1
17,P24,CCC_Sender_CD86_to_CTLA4,0.0002579846352810287,shap_tree,Sender,CD86,CTLA4,CD86 → CTLA4
17,P24,CCC_Receiver_CD86_to_CTLA4,0.001713091115957233,shap_tree,Receiver,CD86,CTLA4,CD86 → CTLA4
17,P24,CCC_Sender_CD86_to_CD28,5.406147341582717e-05,shap_tree,Sender,CD86,CD28,CD86 → CD28
17,P24,CCC_Receiver_CD86_to_CD28,0.00040416163375542937,shap_tree,Receiver,CD86,CD28,CD86 → CD28
17,P24,CCC_Sender_ICOSLG_to_ICOS,5.511126892606829e-06,shap_tree,Sender,ICOSLG,ICOS,ICOSLG → ICOS
17,P24,CCC_Receiver_ICOSLG_to_ICOS,0.00011122131532875657,shap_tree,Receiver,ICOSLG,ICOS,ICOSLG → ICOS
17,P24,CCC_Sender_CD40LG_to_CD40,2.2144726097981344e-06,shap_tree,Sender,CD40LG,CD40,CD40LG → CD40
17,P24,CCC_Receiver_CD40LG_to_CD40,3.43241363210008e-05,shap_tree,Receiver,CD40LG,CD40,CD40LG → CD40
18,P25,CCC_Sender_ICAM1_to_ITGAL,0.00013856047970637846,shap_tree,Sender,ICAM1,ITGAL,ICAM1 → ITGAL
18,P25,CCC_Receiver_ICAM1_to_ITGAL,0.00486351038960459,shap_tree,Receiver,ICAM1,ITGAL,ICAM1 → ITGAL
18,P25,CCC_Sender_CCL2_to_CCR2,2.795301391631091e-06,shap_tree,Sender,CCL2,CCR2,CCL2 → CCR2
18,P25,CCC_Receiver_CCL2_to_CCR2,0.00011442797171604966,shap_tree,Receiver,CCL2,CCR2,CCL2 → CCR2
18,P25,CCC_Sender_CCL3_to_CCR1,0.005201140801010678,shap_tree,Sender,CCL3,CCR1,CCL3 → CCR1
18,P25,CCC_Receiver_CCL3_to_CCR1,3.0425213468995692e-05,shap_tree,Receiver,CCL3,CCR1,CCL3 → CCR1
18,P25,CCC_Sender_CCL3_to_CCR5,0.0032639647532752914,shap_tree,Sender,CCL3,CCR5,CCL3 → CCR5
18,P25,CCC_Receiver_CCL3_to_CCR5,0.004454544928332221,shap_tree,Receiver,CCL3,CCR5,CCL3 → CCR5
18,P25,CCC_Sender_CCL3L1_to_CCR1,4.956490394560042e-05,shap_tree,Sender,CCL3L1,CCR1,CCL3L1 → CCR1
18,P25,CCC_Receiver_CCL3L1_to_CCR1,0.000403408332753926,shap_tree,Receiver,CCL3L1,CCR1,CCL3L1 → CCR1
18,P25,CCC_Sender_CCL4_to_CCR5,0.0058269600324467935,shap_tree,Sender,CCL4,CCR5,CCL4 → CCR5
18,P25,CCC_Receiver_CCL4_to_CCR5,0.005122165897165097,shap_tree,Receiver,CCL4,CCR5,CCL4 → CCR5
18,P25,CCC_Sender_CCL5_to_CCR1,0.052041821343105116,shap_tree,Sender,CCL5,CCR1,CCL5 → CCR1
18,P25,CCC_Receiver_CCL5_to_CCR1,4.992455367381256e-05,shap_tree,Receiver,CCL5,CCR1,CCL5 → CCR1
18,P25,CCC_Sender_CCL5_to_CCR4,0.006562572974390701,shap_tree,Sender,CCL5,CCR4,CCL5 → CCR4
18,P25,CCC_Receiver_CCL5_to_CCR4,4.295146823226723e-06,shap_tree,Receiver,CCL5,CCR4,CCL5 → CCR4
18,P25,CCC_Sender_CCL5_to_CCR5,0.02086753944687,shap_tree,Sender,CCL5,CCR5,CCL5 → CCR5
18,P25,CCC_Receiver_CCL5_to_CCR5,0.000711818926036467,shap_tree,Receiver,CCL5,CCR5,CCL5 → CCR5
18,P25,CCC_Sender_CXCL13_to_CXCR5,0.0005661289775479543,shap_tree,Sender,CXCL13,CXCR5,CXCL13 → CXCR5
18,P25,CCC_Receiver_CXCL13_to_CXCR5,6.552779167279967e-05,shap_tree,Receiver,CXCL13,CXCR5,CXCL13 → CXCR5
18,P25,CCC_Sender_CXCL16_to_CXCR6,3.930578686588731e-05,shap_tree,Sender,CXCL16,CXCR6,CXCL16 → CXCR6
18,P25,CCC_Receiver_CXCL16_to_CXCR6,0.00019813381209067243,shap_tree,Receiver,CXCL16,CXCR6,CXCL16 → CXCR6
18,P25,CCC_Sender_CXCL2_to_DPP4,3.5207890244362715e-05,shap_tree,Sender,CXCL2,DPP4,CXCL2 → DPP4
18,P25,CCC_Receiver_CXCL2_to_DPP4,2.3148297921319783e-07,shap_tree,Receiver,CXCL2,DPP4,CXCL2 → DPP4
18,P25,CCC_Sender_CSF1_to_CSF1R,2.588284758209404e-05,shap_tree,Sender,CSF1,CSF1R,CSF1 → CSF1R
18,P25,CCC_Receiver_CSF1_to_CSF1R,0.0005212000502471032,shap_tree,Receiver,CSF1,CSF1R,CSF1 → CSF1R
18,P25,CCC_Sender_LGALS9_to_HAVCR2,0.006822734957634792,shap_tree,Sender,LGALS9,HAVCR2,LGALS9 → HAVCR2
18,P25,CCC_Receiver_LGALS9_to_HAVCR2,0.0029912580810174606,shap_tree,Receiver,LGALS9,HAVCR2,LGALS9 → HAVCR2
18,P25,CCC_Sender_LGALS9_to_P4HB,0.002672727932793664,shap_tree,Sender,LGALS9,P4HB,LGALS9 → P4HB
18,P25,CCC_Receiver_LGALS9_to_P4HB,0.010090513461152216,shap_tree,Receiver,LGALS9,P4HB,LGALS9 → P4HB
18,P25,CCC_Sender_HLA-B_to_KIR3DL2,0.15164346675508714,shap_tree,Sender,HLA-B,KIR3DL2,HLA-B → KIR3DL2
18,P25,CCC_Receiver_HLA-B_to_KIR3DL2,1.6378523085438372e-05,shap_tree,Receiver,HLA-B,KIR3DL2,HLA-B → KIR3DL2
18,P25,CCC_Sender_HLA-C_to_KIR2DL3,0.03307159742394206,shap_tree,Sender,HLA-C,KIR2DL3,HLA-C → KIR2DL3
18,P25,CCC_Receiver_HLA-C_to_KIR2DL3,4.617733952521998e-05,shap_tree,Receiver,HLA-C,KIR2DL3,HLA-C → KIR2DL3
18,P25,CCC_Sender_HLA-E_to_KLRC1,0.013127384428045927,shap_tree,Sender,HLA-E,KLRC1,HLA-E → KLRC1
18,P25,CCC_Receiver_HLA-E_to_KLRC1,0.00011073403586605431,shap_tree,Receiver,HLA-E,KLRC1,HLA-E → KLRC1
18,P25,CCC_Sender_HLA-E_to_KLRC2,0.01660455396068255,shap_tree,Sender,HLA-E,KLRC2,HLA-E → KLRC2
18,P25,CCC_Receiver_HLA-E_to_KLRC2,3.4919467102705475e-05,shap_tree,Receiver,HLA-E,KLRC2,HLA-E → KLRC2
18,P25,CCC_Sender_HLA-E_to_KLRK1,0.007765891578018609,shap_tree,Sender,HLA-E,KLRK1,HLA-E → KLRK1
18,P25,CCC_Receiver_HLA-E_to_KLRK1,0.000970718485227775,shap_tree,Receiver,HLA-E,KLRK1,HLA-E → KLRK1
18,P25,CCC_Sender_HLA-F_to_KIR3DL2,0.032793755577169625,shap_tree,Sender,HLA-F,KIR3DL2,HLA-F → KIR3DL2
18,P25,CCC_Receiver_HLA-F_to_KIR3DL2,7.72287212254482e-06,shap_tree,Receiver,HLA-F,KIR3DL2,HLA-F → KIR3DL2
18,P25,CCC_Sender_HLA-F_to_LILRB1,0.001486774543728505,shap_tree,Sender,HLA-F,LILRB1,HLA-F → LILRB1
18,P25,CCC_Receiver_HLA-F_to_LILRB1,7.419881141548015e-05,shap_tree,Receiver,HLA-F,LILRB1,HLA-F → LILRB1
18,P25,CCC_Sender_HLA-F_to_LILRB2,0.042155325897741465,shap_tree,Sender,HLA-F,LILRB2,HLA-F → LILRB2
18,P25,CCC_Receiver_HLA-F_to_LILRB2,0.00042241738489845915,shap_tree,Receiver,HLA-F,LILRB2,HLA-F → LILRB2
18,P25,CCC_Sender_HLA-G_to_LILRB1,0.0016671933106178526,shap_tree,Sender,HLA-G,LILRB1,HLA-G → LILRB1
18,P25,CCC_Receiver_HLA-G_to_LILRB1,1.5633067946472915e-05,shap_tree,Receiver,HLA-G,LILRB1,HLA-G → LILRB1
18,P25,CCC_Sender_HLA-G_to_LILRB2,0.01816899823170103,shap_tree,Sender,HLA-G,LILRB2,HLA-G → LILRB2
18,P25,CCC_Receiver_HLA-G_to_LILRB2,0.00015102362937557078,shap_tree,Receiver,HLA-G,LILRB2,HLA-G → LILRB2
18,P25,CCC_Sender_LTB_to_LTBR,0.0008917381304515659,shap_tree,Sender,LTB,LTBR,LTB → LTBR
18,P25,CCC_Receiver_LTB_to_LTBR,5.744505832417111e-05,shap_tree,Receiver,LTB,LTBR,LTB → LTBR
18,P25,CCC_Sender_PVR_to_CD226,0.0,shap_tree,Sender,PVR,CD226,PVR → CD226
18,P25,CCC_Receiver_PVR_to_CD226,4.2203907475509267e-07,shap_tree,Receiver,PVR,CD226,PVR → CD226
18,P25,CCC_Sender_PVR_to_CD96,5.552897923331813e-06,shap_tree,Sender,PVR,CD96,PVR → CD96
18,P25,CCC_Receiver_PVR_to_CD96,0.0030457001064661256,shap_tree,Receiver,PVR,CD96,PVR → CD96
18,P25,CCC_Sender_PVR_to_TIGIT,4.5817250678038015e-07,shap_tree,Sender,PVR,TIGIT,PVR → TIGIT
18,P25,CCC_Receiver_PVR_to_TIGIT,0.003046061540020157,shap_tree,Receiver,PVR,TIGIT,PVR → TIGIT
18,P25,CCC_Sender_SELPLG_to_SELL,0.0007376640365071659,shap_tree,Sender,SELPLG,SELL,SELPLG → SELL
18,P25,CCC_Receiver_SELPLG_to_SELL,0.0013107404594129568,shap_tree,Receiver,SELPLG,SELL,SELPLG → SELL
18,P25,CCC_Sender_TGFB1_to_TGFBR3,4.301669702615216e-05,shap_tree,Sender,TGFB1,TGFBR3,TGFB1 → TGFBR3
18,P25,CCC_Receiver_TGFB1_to_TGFBR3,0.00019362390947255767,shap_tree,Receiver,TGFB1,TGFBR3,TGFB1 → TGFBR3
18,P25,CCC_Sender_BTLA_to_TNFRSF14,8.101671761613454e-06,shap_tree,Sender,BTLA,TNFRSF14,BTLA → TNFRSF14
18,P25,CCC_Receiver_BTLA_to_TNFRSF14,0.0006414615635931314,shap_tree,Receiver,BTLA,TNFRSF14,BTLA → TNFRSF14
18,P25,CCC_Sender_FASLG_to_FAS,1.2994379818900994e-05,shap_tree,Sender,FASLG,FAS,FASLG → FAS
18,P25,CCC_Receiver_FASLG_to_FAS,8.075360969499961e-05,shap_tree,Receiver,FASLG,FAS,FASLG → FAS
18,P25,CCC_Sender_LTA_to_TNFRSF14,0.00023797262624788808,shap_tree,Sender,LTA,TNFRSF14,LTA → TNFRSF14
18,P25,CCC_Receiver_LTA_to_TNFRSF14,0.00033215990465807534,shap_tree,Receiver,LTA,TNFRSF14,LTA → TNFRSF14
18,P25,CCC_Sender_LTA_to_TNFRSF1A,4.6290160302182504e-05,shap_tree,Sender,LTA,TNFRSF1A,LTA → TNFRSF1A
18,P25,CCC_Receiver_LTA_to_TNFRSF1A,0.00012756407620065333,shap_tree,Receiver,LTA,TNFRSF1A,LTA → TNFRSF1A
18,P25,CCC_Sender_LTA_to_TNFRSF1B,6.625870335284388e-05,shap_tree,Sender,LTA,TNFRSF1B,LTA → TNFRSF1B
18,P25,CCC_Receiver_LTA_to_TNFRSF1B,0.0005346913110417861,shap_tree,Receiver,LTA,TNFRSF1B,LTA → TNFRSF1B
18,P25,CCC_Sender_TNF_to_TNFRSF1A,0.00033256720191809864,shap_tree,Sender,TNF,TNFRSF1A,TNF → TNFRSF1A
18,P25,CCC_Receiver_TNF_to_TNFRSF1A,7.052159996006746e-05,shap_tree,Receiver,TNF,TNFRSF1A,TNF → TNFRSF1A
18,P25,CCC_Sender_TNF_to_TNFRSF1B,8.666802863240357e-06,shap_tree,Sender,TNF,TNFRSF1B,TNF → TNFRSF1B
18,P25,CCC_Receiver_TNF_to_TNFRSF1B,0.0017810744831527415,shap_tree,Receiver,TNF,TNFRSF1B,TNF → TNFRSF1B
18,P25,CCC_Sender_TNFSF10_to_TNFRSF10A,0.00011990872666961011,shap_tree,Sender,TNFSF10,TNFRSF10A,TNFSF10 → TNFRSF10A
18,P25,CCC_Receiver_TNFSF10_to_TNFRSF10A,0.0,shap_tree,Receiver,TNFSF10,TNFRSF10A,TNFSF10 → TNFRSF10A
18,P25,CCC_Sender_TNFSF10_to_TNFRSF10B,5.5963737680249906e-05,shap_tree,Sender,TNFSF10,TNFRSF10B,TNFSF10 → TNFRSF10B
18,P25,CCC_Receiver_TNFSF10_to_TNFRSF10B,1.5820428085299784e-05,shap_tree,Receiver,TNFSF10,TNFRSF10B,TNFSF10 → TNFRSF10B
18,P25,CCC_Sender_TNFSF10_to_TNFRSF10D,6.593002310925346e-05,shap_tree,Sender,TNFSF10,TNFRSF10D,TNFSF10 → TNFRSF10D
18,P25,CCC_Receiver_TNFSF10_to_TNFRSF10D,5.660470775517409e-07,shap_tree,Receiver,TNFSF10,TNFRSF10D,TNFSF10 → TNFRSF10D
18,P25,CCC_Sender_TNFSF12_to_TNFRSF12A,7.2237898088958335e-06,shap_tree,Sender,TNFSF12,TNFRSF12A,TNFSF12 → TNFRSF12A
18,P25,CCC_Receiver_TNFSF12_to_TNFRSF12A,2.3648235730563447e-06,shap_tree,Receiver,TNFSF12,TNFRSF12A,TNFSF12 → TNFRSF12A
18,P25,CCC_Sender_TNFSF12_to_TNFRSF25,3.6412720461698306e-05,shap_tree,Sender,TNFSF12,TNFRSF25,TNFSF12 → TNFRSF25
18,P25,CCC_Receiver_TNFSF12_to_TNFRSF25,8.427423188069225e-05,shap_tree,Receiver,TNFSF12,TNFRSF25,TNFSF12 → TNFRSF25
18,P25,CCC_Sender_TNFSF14_to_LTBR,9.217486934221147e-05,shap_tree,Sender,TNFSF14,LTBR,TNFSF14 → LTBR
18,P25,CCC_Receiver_TNFSF14_to_LTBR,0.0005258099353023089,shap_tree,Receiver,TNFSF14,LTBR,TNFSF14 → LTBR
18,P25,CCC_Sender_TNFSF14_to_TNFRSF14,4.002446465383582e-06,shap_tree,Sender,TNFSF14,TNFRSF14,TNFSF14 → TNFRSF14
18,P25,CCC_Receiver_TNFSF14_to_TNFRSF14,0.000803641129699063,shap_tree,Receiver,TNFSF14,TNFRSF14,TNFSF14 → TNFRSF14
18,P25,CCC_Sender_TNFSF4_to_TNFRSF4,9.757231767297863e-05,shap_tree,Sender,TNFSF4,TNFRSF4,TNFSF4 → TNFRSF4
18,P25,CCC_Receiver_TNFSF4_to_TNFRSF4,0.00013555614011815894,shap_tree,Receiver,TNFSF4,TNFRSF4,TNFSF4 → TNFRSF4
18,P25,CCC_Sender_TNFSF9_to_TNFRSF9,7.736178521423065e-05,shap_tree,Sender,TNFSF9,TNFRSF9,TNFSF9 → TNFRSF9
18,P25,CCC_Receiver_TNFSF9_to_TNFRSF9,0.0004952427754278287,shap_tree,Receiver,TNFSF9,TNFRSF9,TNFSF9 → TNFRSF9
18,P25,CCC_Sender_VEGFA_to_NRP1,4.771592066598761e-05,shap_tree,Sender,VEGFA,NRP1,VEGFA → NRP1
18,P25,CCC_Receiver_VEGFA_to_NRP1,0.00011910983548259417,shap_tree,Receiver,VEGFA,NRP1,VEGFA → NRP1
18,P25,CCC_Sender_VEGFA_to_NRP2,2.4930960065482145e-05,shap_tree,Sender,VEGFA,NRP2,VEGFA → NRP2
18,P25,CCC_Receiver_VEGFA_to_NRP2,2.1936541765977602e-07,shap_tree,Receiver,VEGFA,NRP2,VEGFA → NRP2
18,P25,CCC_Sender_VEGFB_to_NRP1,3.1605163821694375e-06,shap_tree,Sender,VEGFB,NRP1,VEGFB → NRP1
18,P25,CCC_Receiver_VEGFB_to_NRP1,0.0001596114650986602,shap_tree,Receiver,VEGFB,NRP1,VEGFB → NRP1
18,P25,CCC_Sender_CD274_to_PDCD1,2.7213005325808883e-06,shap_tree,Sender,CD274,PDCD1,CD274 → PDCD1
18,P25,CCC_Receiver_CD274_to_PDCD1,0.0027893714263291917,shap_tree,Receiver,CD274,PDCD1,CD274 → PDCD1
18,P25,CCC_Sender_CD86_to_CTLA4,7.309317491298876e-05,shap_tree,Sender,CD86,CTLA4,CD86 → CTLA4
18,P25,CCC_Receiver_CD86_to_CTLA4,0.002139293777163869,shap_tree,Receiver,CD86,CTLA4,CD86 → CTLA4
18,P25,CCC_Sender_CD86_to_CD28,0.00026611621944642257,shap_tree,Sender,CD86,CD28,CD86 → CD28
18,P25,CCC_Receiver_CD86_to_CD28,0.0007766911766815285,shap_tree,Receiver,CD86,CD28,CD86 → CD28
18,P25,CCC_Sender_ICOSLG_to_ICOS,6.168224242659408e-05,shap_tree,Sender,ICOSLG,ICOS,ICOSLG → ICOS
18,P25,CCC_Receiver_ICOSLG_to_ICOS,0.00015342959089097806,shap_tree,Receiver,ICOSLG,ICOS,ICOSLG → ICOS
18,P25,CCC_Sender_CD40LG_to_CD40,3.024597131908768e-06,shap_tree,Sender,CD40LG,CD40,CD40LG → CD40
18,P25,CCC_Receiver_CD40LG_to_CD40,1.3824628605161203e-05,shap_tree,Receiver,CD40LG,CD40,CD40LG → CD40
19,P26,CCC_Sender_ICAM1_to_ITGAL,1.855745500863112e-05,shap_tree,Sender,ICAM1,ITGAL,ICAM1 → ITGAL
19,P26,CCC_Receiver_ICAM1_to_ITGAL,0.012500510375917023,shap_tree,Receiver,ICAM1,ITGAL,ICAM1 → ITGAL
19,P26,CCC_Sender_CCL2_to_CCR2,6.276627305528577e-05,shap_tree,Sender,CCL2,CCR2,CCL2 → CCR2
19,P26,CCC_Receiver_CCL2_to_CCR2,0.00018233955677630253,shap_tree,Receiver,CCL2,CCR2,CCL2 → CCR2
19,P26,CCC_Sender_CCL3_to_CCR1,0.004794331518968052,shap_tree,Sender,CCL3,CCR1,CCL3 → CCR1
19,P26,CCC_Receiver_CCL3_to_CCR1,3.787879487777758e-05,shap_tree,Receiver,CCL3,CCR1,CCL3 → CCR1
19,P26,CCC_Sender_CCL3_to_CCR5,0.00399374934343753,shap_tree,Sender,CCL3,CCR5,CCL3 → CCR5
19,P26,CCC_Receiver_CCL3_to_CCR5,0.00360790449061178,shap_tree,Receiver,CCL3,CCR5,CCL3 → CCR5
19,P26,CCC_Sender_CCL3L1_to_CCR1,0.0005376252404790606,shap_tree,Sender,CCL3L1,CCR1,CCL3L1 → CCR1
19,P26,CCC_Receiver_CCL3L1_to_CCR1,0.0005955965929028272,shap_tree,Receiver,CCL3L1,CCR1,CCL3L1 → CCR1
19,P26,CCC_Sender_CCL4_to_CCR5,0.004813655373418109,shap_tree,Sender,CCL4,CCR5,CCL4 → CCR5
19,P26,CCC_Receiver_CCL4_to_CCR5,0.0007029755491359377,shap_tree,Receiver,CCL4,CCR5,CCL4 → CCR5
19,P26,CCC_Sender_CCL5_to_CCR1,0.05211199198054178,shap_tree,Sender,CCL5,CCR1,CCL5 → CCR1
19,P26,CCC_Receiver_CCL5_to_CCR1,2.2347614032909376e-05,shap_tree,Receiver,CCL5,CCR1,CCL5 → CCR1
19,P26,CCC_Sender_CCL5_to_CCR4,0.00787523392870994,shap_tree,Sender,CCL5,CCR4,CCL5 → CCR4
19,P26,CCC_Receiver_CCL5_to_CCR4,1.159057427220522e-05,shap_tree,Receiver,CCL5,CCR4,CCL5 → CCR4
19,P26,CCC_Sender_CCL5_to_CCR5,0.013287192076775912,shap_tree,Sender,CCL5,CCR5,CCL5 → CCR5
19,P26,CCC_Receiver_CCL5_to_CCR5,0.0006703117697201494,shap_tree,Receiver,CCL5,CCR5,CCL5 → CCR5
19,P26,CCC_Sender_CXCL13_to_CXCR5,0.001085062064712719,shap_tree,Sender,CXCL13,CXCR5,CXCL13 → CXCR5
19,P26,CCC_Receiver_CXCL13_to_CXCR5,4.218514814657233e-05,shap_tree,Receiver,CXCL13,CXCR5,CXCL13 → CXCR5
19,P26,CCC_Sender_CXCL16_to_CXCR6,0.00021120685060785493,shap_tree,Sender,CXCL16,CXCR6,CXCL16 → CXCR6
19,P26,CCC_Receiver_CXCL16_to_CXCR6,0.0005372664337238445,shap_tree,Receiver,CXCL16,CXCR6,CXCL16 → CXCR6
19,P26,CCC_Sender_CXCL2_to_DPP4,0.0007246579818874476,shap_tree,Sender,CXCL2,DPP4,CXCL2 → DPP4
19,P26,CCC_Receiver_CXCL2_to_DPP4,0.00042006581435976204,shap_tree,Receiver,CXCL2,DPP4,CXCL2 → DPP4
19,P26,CCC_Sender_CSF1_to_CSF1R,0.00026427008811523423,shap_tree,Sender,CSF1,CSF1R,CSF1 → CSF1R
19,P26,CCC_Receiver_CSF1_to_CSF1R,0.0011861386515536595,shap_tree,Receiver,CSF1,CSF1R,CSF1 → CSF1R
19,P26,CCC_Sender_LGALS9_to_HAVCR2,0.007778808847408385,shap_tree,Sender,LGALS9,HAVCR2,LGALS9 → HAVCR2
19,P26,CCC_Receiver_LGALS9_to_HAVCR2,0.005409906148183825,shap_tree,Receiver,LGALS9,HAVCR2,LGALS9 → HAVCR2
19,P26,CCC_Sender_LGALS9_to_P4HB,0.002187947067049161,shap_tree,Sender,LGALS9,P4HB,LGALS9 → P4HB
19,P26,CCC_Receiver_LGALS9_to_P4HB,0.016869183338698638,shap_tree,Receiver,LGALS9,P4HB,LGALS9 → P4HB
19,P26,CCC_Sender_HLA-B_to_KIR3DL2,0.017702961804379132,shap_tree,Sender,HLA-B,KIR3DL2,HLA-B → KIR3DL2
19,P26,CCC_Receiver_HLA-B_to_KIR3DL2,2.158482383616898e-06,shap_tree,Receiver,HLA-B,KIR3DL2,HLA-B → KIR3DL2
19,P26,CCC_Sender_HLA-C_to_KIR2DL3,0.037194688285955506,shap_tree,Sender,HLA-C,KIR2DL3,HLA-C → KIR2DL3
19,P26,CCC_Receiver_HLA-C_to_KIR2DL3,0.0,shap_tree,Receiver,HLA-C,KIR2DL3,HLA-C → KIR2DL3
19,P26,CCC_Sender_HLA-E_to_KLRC1,0.02835050607454919,shap_tree,Sender,HLA-E,KLRC1,HLA-E → KLRC1
19,P26,CCC_Receiver_HLA-E_to_KLRC1,1.6438990592495676e-05,shap_tree,Receiver,HLA-E,KLRC1,HLA-E → KLRC1
19,P26,CCC_Sender_HLA-E_to_KLRC2,0.02279791185725421,shap_tree,Sender,HLA-E,KLRC2,HLA-E → KLRC2
19,P26,CCC_Receiver_HLA-E_to_KLRC2,2.2144216934188884e-05,shap_tree,Receiver,HLA-E,KLRC2,HLA-E → KLRC2
19,P26,CCC_Sender_HLA-E_to_KLRK1,0.009177819501794552,shap_tree,Sender,HLA-E,KLRK1,HLA-E → KLRK1
19,P26,CCC_Receiver_HLA-E_to_KLRK1,0.0003221661970651506,shap_tree,Receiver,HLA-E,KLRK1,HLA-E → KLRK1
19,P26,CCC_Sender_HLA-F_to_KIR3DL2,0.005319242291675241,shap_tree,Sender,HLA-F,KIR3DL2,HLA-F → KIR3DL2
19,P26,CCC_Receiver_HLA-F_to_KIR3DL2,4.165974143638966e-06,shap_tree,Receiver,HLA-F,KIR3DL2,HLA-F → KIR3DL2
19,P26,CCC_Sender_HLA-F_to_LILRB1,0.004196105753886831,shap_tree,Sender,HLA-F,LILRB1,HLA-F → LILRB1
19,P26,CCC_Receiver_HLA-F_to_LILRB1,0.00022296849762385126,shap_tree,Receiver,HLA-F,LILRB1,HLA-F → LILRB1
19,P26,CCC_Sender_HLA-F_to_LILRB2,0.029336885509775475,shap_tree,Sender,HLA-F,LILRB2,HLA-F → LILRB2
19,P26,CCC_Receiver_HLA-F_to_LILRB2,0.0007008479409565693,shap_tree,Receiver,HLA-F,LILRB2,HLA-F → LILRB2
19,P26,CCC_Sender_HLA-G_to_LILRB1,0.003324459028634832,shap_tree,Sender,HLA-G,LILRB1,HLA-G → LILRB1
19,P26,CCC_Receiver_HLA-G_to_LILRB1,2.046350401464929e-05,shap_tree,Receiver,HLA-G,LILRB1,HLA-G → LILRB1
19,P26,CCC_Sender_HLA-G_to_LILRB2,0.009364663911658714,shap_tree,Sender,HLA-G,LILRB2,HLA-G → LILRB2
19,P26,CCC_Receiver_HLA-G_to_LILRB2,0.0006899403615605929,shap_tree,Receiver,HLA-G,LILRB2,HLA-G → LILRB2
19,P26,CCC_Sender_LTB_to_LTBR,0.0012561831195587153,shap_tree,Sender,LTB,LTBR,LTB → LTBR
19,P26,CCC_Receiver_LTB_to_LTBR,0.00018174111127276086,shap_tree,Receiver,LTB,LTBR,LTB → LTBR
19,P26,CCC_Sender_PVR_to_CD226,0.0,shap_tree,Sender,PVR,CD226,PVR → CD226
19,P26,CCC_Receiver_PVR_to_CD226,3.0000816999371846e-05,shap_tree,Receiver,PVR,CD226,PVR → CD226
19,P26,CCC_Sender_PVR_to_CD96,0.0,shap_tree,Sender,PVR,CD96,PVR → CD96
19,P26,CCC_Receiver_PVR_to_CD96,0.0033860798077280678,shap_tree,Receiver,PVR,CD96,PVR → CD96
19,P26,CCC_Sender_PVR_to_TIGIT,0.0,shap_tree,Sender,PVR,TIGIT,PVR → TIGIT
19,P26,CCC_Receiver_PVR_to_TIGIT,0.002114773679833524,shap_tree,Receiver,PVR,TIGIT,PVR → TIGIT
19,P26,CCC_Sender_SELPLG_to_SELL,0.0028702430493283662,shap_tree,Sender,SELPLG,SELL,SELPLG → SELL
19,P26,CCC_Receiver_SELPLG_to_SELL,0.00039444546085810645,shap_tree,Receiver,SELPLG,SELL,SELPLG → SELL
19,P26,CCC_Sender_TGFB1_to_TGFBR3,3.9102193059150805e-06,shap_tree,Sender,TGFB1,TGFBR3,TGFB1 → TGFBR3
19,P26,CCC_Receiver_TGFB1_to_TGFBR3,5.893107734583522e-05,shap_tree,Receiver,TGFB1,TGFBR3,TGFB1 → TGFBR3
19,P26,CCC_Sender_BTLA_to_TNFRSF14,1.0998953424250554e-05,shap_tree,Sender,BTLA,TNFRSF14,BTLA → TNFRSF14
19,P26,CCC_Receiver_BTLA_to_TNFRSF14,0.005787437710213957,shap_tree,Receiver,BTLA,TNFRSF14,BTLA → TNFRSF14
19,P26,CCC_Sender_FASLG_to_FAS,2.9485561253074072e-05,shap_tree,Sender,FASLG,FAS,FASLG → FAS
19,P26,CCC_Receiver_FASLG_to_FAS,0.00029863618586960445,shap_tree,Receiver,FASLG,FAS,FASLG → FAS
19,P26,CCC_Sender_LTA_to_TNFRSF14,6.149069967437978e-05,shap_tree,Sender,LTA,TNFRSF14,LTA → TNFRSF14
19,P26,CCC_Receiver_LTA_to_TNFRSF14,0.0004899317753888951,shap_tree,Receiver,LTA,TNFRSF14,LTA → TNFRSF14
19,P26,CCC_Sender_LTA_to_TNFRSF1A,5.994813195889383e-05,shap_tree,Sender,LTA,TNFRSF1A,LTA → TNFRSF1A
19,P26,CCC_Receiver_LTA_to_TNFRSF1A,5.2014218886437364e-05,shap_tree,Receiver,LTA,TNFRSF1A,LTA → TNFRSF1A
19,P26,CCC_Sender_LTA_to_TNFRSF1B,2.0428944148880556e-05,shap_tree,Sender,LTA,TNFRSF1B,LTA → TNFRSF1B
19,P26,CCC_Receiver_LTA_to_TNFRSF1B,0.002618988549282776,shap_tree,Receiver,LTA,TNFRSF1B,LTA → TNFRSF1B
19,P26,CCC_Sender_TNF_to_TNFRSF1A,0.0008654050873881401,shap_tree,Sender,TNF,TNFRSF1A,TNF → TNFRSF1A
19,P26,CCC_Receiver_TNF_to_TNFRSF1A,0.0011486631453712112,shap_tree,Receiver,TNF,TNFRSF1A,TNF → TNFRSF1A
19,P26,CCC_Sender_TNF_to_TNFRSF1B,0.00016363822806462168,shap_tree,Sender,TNF,TNFRSF1B,TNF → TNFRSF1B
19,P26,CCC_Receiver_TNF_to_TNFRSF1B,0.0030763705977274367,shap_tree,Receiver,TNF,TNFRSF1B,TNF → TNFRSF1B
19,P26,CCC_Sender_TNFSF10_to_TNFRSF10A,9.926197502687174e-05,shap_tree,Sender,TNFSF10,TNFRSF10A,TNFSF10 → TNFRSF10A
19,P26,CCC_Receiver_TNFSF10_to_TNFRSF10A,1.213117146188419e-05,shap_tree,Receiver,TNFSF10,TNFRSF10A,TNFSF10 → TNFRSF10A
19,P26,CCC_Sender_TNFSF10_to_TNFRSF10B,0.00019112272850169162,shap_tree,Sender,TNFSF10,TNFRSF10B,TNFSF10 → TNFRSF10B
19,P26,CCC_Receiver_TNFSF10_to_TNFRSF10B,5.994543310919587e-06,shap_tree,Receiver,TNFSF10,TNFRSF10B,TNFSF10 → TNFRSF10B
19,P26,CCC_Sender_TNFSF10_to_TNFRSF10D,0.00018779419767848437,shap_tree,Sender,TNFSF10,TNFRSF10D,TNFSF10 → TNFRSF10D
19,P26,CCC_Receiver_TNFSF10_to_TNFRSF10D,7.081103779014866e-06,shap_tree,Receiver,TNFSF10,TNFRSF10D,TNFSF10 → TNFRSF10D
19,P26,CCC_Sender_TNFSF12_to_TNFRSF12A,2.6335862268488226e-06,shap_tree,Sender,TNFSF12,TNFRSF12A,TNFSF12 → TNFRSF12A
19,P26,CCC_Receiver_TNFSF12_to_TNFRSF12A,3.1700236973826353e-06,shap_tree,Receiver,TNFSF12,TNFRSF12A,TNFSF12 → TNFRSF12A
19,P26,CCC_Sender_TNFSF12_to_TNFRSF25,2.28045688899982e-05,shap_tree,Sender,TNFSF12,TNFRSF25,TNFSF12 → TNFRSF25
19,P26,CCC_Receiver_TNFSF12_to_TNFRSF25,4.9261046218192307e-05,shap_tree,Receiver,TNFSF12,TNFRSF25,TNFSF12 → TNFRSF25
19,P26,CCC_Sender_TNFSF14_to_LTBR,9.162125290160758e-06,shap_tree,Sender,TNFSF14,LTBR,TNFSF14 → LTBR
19,P26,CCC_Receiver_TNFSF14_to_LTBR,0.00013853323205122091,shap_tree,Receiver,TNFSF14,LTBR,TNFSF14 → LTBR
19,P26,CCC_Sender_TNFSF14_to_TNFRSF14,7.292374379965128e-06,shap_tree,Sender,TNFSF14,TNFRSF14,TNFSF14 → TNFRSF14
19,P26,CCC_Receiver_TNFSF14_to_TNFRSF14,0.0005946552992802021,shap_tree,Receiver,TNFSF14,TNFRSF14,TNFSF14 → TNFRSF14
19,P26,CCC_Sender_TNFSF4_to_TNFRSF4,1.0464022370422216e-06,shap_tree,Sender,TNFSF4,TNFRSF4,TNFSF4 → TNFRSF4
19,P26,CCC_Receiver_TNFSF4_to_TNFRSF4,0.0002598977197715097,shap_tree,Receiver,TNFSF4,TNFRSF4,TNFSF4 → TNFRSF4
19,P26,CCC_Sender_TNFSF9_to_TNFRSF9,8.326821046324764e-05,shap_tree,Sender,TNFSF9,TNFRSF9,TNFSF9 → TNFRSF9
19,P26,CCC_Receiver_TNFSF9_to_TNFRSF9,4.107753652974764e-05,shap_tree,Receiver,TNFSF9,TNFRSF9,TNFSF9 → TNFRSF9
19,P26,CCC_Sender_VEGFA_to_NRP1,0.00020925241713262553,shap_tree,Sender,VEGFA,NRP1,VEGFA → NRP1
19,P26,CCC_Receiver_VEGFA_to_NRP1,0.00029976068043106207,shap_tree,Receiver,VEGFA,NRP1,VEGFA → NRP1
19,P26,CCC_Sender_VEGFA_to_NRP2,1.3205976434300072e-05,shap_tree,Sender,VEGFA,NRP2,VEGFA → NRP2
19,P26,CCC_Receiver_VEGFA_to_NRP2,0.00010395410844604982,shap_tree,Receiver,VEGFA,NRP2,VEGFA → NRP2
19,P26,CCC_Sender_VEGFB_to_NRP1,3.104362192284687e-05,shap_tree,Sender,VEGFB,NRP1,VEGFB → NRP1
19,P26,CCC_Receiver_VEGFB_to_NRP1,2.087346118595508e-05,shap_tree,Receiver,VEGFB,NRP1,VEGFB → NRP1
19,P26,CCC_Sender_CD274_to_PDCD1,1.1149155846326273e-05,shap_tree,Sender,CD274,PDCD1,CD274 → PDCD1
19,P26,CCC_Receiver_CD274_to_PDCD1,0.001701920184268674,shap_tree,Receiver,CD274,PDCD1,CD274 → PDCD1
19,P26,CCC_Sender_CD86_to_CTLA4,0.0003578344428076179,shap_tree,Sender,CD86,CTLA4,CD86 → CTLA4
19,P26,CCC_Receiver_CD86_to_CTLA4,0.0030903219567449012,shap_tree,Receiver,CD86,CTLA4,CD86 → CTLA4
19,P26,CCC_Sender_CD86_to_CD28,3.357326003313253e-05,shap_tree,Sender,CD86,CD28,CD86 → CD28
19,P26,CCC_Receiver_CD86_to_CD28,0.001401639032105751,shap_tree,Receiver,CD86,CD28,CD86 → CD28
19,P26,CCC_Sender_ICOSLG_to_ICOS,7.010001015620606e-06,shap_tree,Sender,ICOSLG,ICOS,ICOSLG → ICOS
19,P26,CCC_Receiver_ICOSLG_to_ICOS,0.0008402567412733121,shap_tree,Receiver,ICOSLG,ICOS,ICOSLG → ICOS
19,P26,CCC_Sender_CD40LG_to_CD40,9.385663610625357e-05,shap_tree,Sender,CD40LG,CD40,CD40LG → CD40
19,P26,CCC_Receiver_CD40LG_to_CD40,5.509818550411022e-06,shap_tree,Receiver,CD40LG,CD40,CD40LG → CD40
20,P27,CCC_Sender_ICAM1_to_ITGAL,0.00013672975874609575,shap_tree,Sender,ICAM1,ITGAL,ICAM1 → ITGAL
20,P27,CCC_Receiver_ICAM1_to_ITGAL,0.0026413808861591743,shap_tree,Receiver,ICAM1,ITGAL,ICAM1 → ITGAL
20,P27,CCC_Sender_CCL2_to_CCR2,3.336092824355293e-05,shap_tree,Sender,CCL2,CCR2,CCL2 → CCR2
20,P27,CCC_Receiver_CCL2_to_CCR2,0.0001028428996968362,shap_tree,Receiver,CCL2,CCR2,CCL2 → CCR2
20,P27,CCC_Sender_CCL3_to_CCR1,0.009171120954398536,shap_tree,Sender,CCL3,CCR1,CCL3 → CCR1
20,P27,CCC_Receiver_CCL3_to_CCR1,0.0002717389801772911,shap_tree,Receiver,CCL3,CCR1,CCL3 → CCR1
20,P27,CCC_Sender_CCL3_to_CCR5,0.00797391091974381,shap_tree,Sender,CCL3,CCR5,CCL3 → CCR5
20,P27,CCC_Receiver_CCL3_to_CCR5,0.009275917324196494,shap_tree,Receiver,CCL3,CCR5,CCL3 → CCR5
20,P27,CCC_Sender_CCL3L1_to_CCR1,0.0005198659855985686,shap_tree,Sender,CCL3L1,CCR1,CCL3L1 → CCR1
20,P27,CCC_Receiver_CCL3L1_to_CCR1,0.0007276637200674386,shap_tree,Receiver,CCL3L1,CCR1,CCL3L1 → CCR1
20,P27,CCC_Sender_CCL4_to_CCR5,0.014276509052747957,shap_tree,Sender,CCL4,CCR5,CCL4 → CCR5
20,P27,CCC_Receiver_CCL4_to_CCR5,0.002817976445991674,shap_tree,Receiver,CCL4,CCR5,CCL4 → CCR5
20,P27,CCC_Sender_CCL5_to_CCR1,0.08424495086647278,shap_tree,Sender,CCL5,CCR1,CCL5 → CCR1
20,P27,CCC_Receiver_CCL5_to_CCR1,0.0003090682641856868,shap_tree,Receiver,CCL5,CCR1,CCL5 → CCR1
20,P27,CCC_Sender_CCL5_to_CCR4,0.013029640440918581,shap_tree,Sender,CCL5,CCR4,CCL5 → CCR4
20,P27,CCC_Receiver_CCL5_to_CCR4,2.465808429546577e-05,shap_tree,Receiver,CCL5,CCR4,CCL5 → CCR4
20,P27,CCC_Sender_CCL5_to_CCR5,0.042632794316905434,shap_tree,Sender,CCL5,CCR5,CCL5 → CCR5
20,P27,CCC_Receiver_CCL5_to_CCR5,0.0019347989542512593,shap_tree,Receiver,CCL5,CCR5,CCL5 → CCR5
20,P27,CCC_Sender_CXCL13_to_CXCR5,0.0006450633367821846,shap_tree,Sender,CXCL13,CXCR5,CXCL13 → CXCR5
20,P27,CCC_Receiver_CXCL13_to_CXCR5,4.3020084280696224e-05,shap_tree,Receiver,CXCL13,CXCR5,CXCL13 → CXCR5
20,P27,CCC_Sender_CXCL16_to_CXCR6,5.2059193718537445e-05,shap_tree,Sender,CXCL16,CXCR6,CXCL16 → CXCR6
20,P27,CCC_Receiver_CXCL16_to_CXCR6,0.0002969055278591427,shap_tree,Receiver,CXCL16,CXCR6,CXCL16 → CXCR6
20,P27,CCC_Sender_CXCL2_to_DPP4,0.00012858510811845637,shap_tree,Sender,CXCL2,DPP4,CXCL2 → DPP4
20,P27,CCC_Receiver_CXCL2_to_DPP4,1.377477365240229e-05,shap_tree,Receiver,CXCL2,DPP4,CXCL2 → DPP4
20,P27,CCC_Sender_CSF1_to_CSF1R,0.00022137498131907985,shap_tree,Sender,CSF1,CSF1R,CSF1 → CSF1R
20,P27,CCC_Receiver_CSF1_to_CSF1R,0.0010499250247266978,shap_tree,Receiver,CSF1,CSF1R,CSF1 → CSF1R
20,P27,CCC_Sender_LGALS9_to_HAVCR2,0.014070983177223292,shap_tree,Sender,LGALS9,HAVCR2,LGALS9 → HAVCR2
20,P27,CCC_Receiver_LGALS9_to_HAVCR2,0.013538623120408546,shap_tree,Receiver,LGALS9,HAVCR2,LGALS9 → HAVCR2
20,P27,CCC_Sender_LGALS9_to_P4HB,0.0032445288692758596,shap_tree,Sender,LGALS9,P4HB,LGALS9 → P4HB
20,P27,CCC_Receiver_LGALS9_to_P4HB,0.028986496092134106,shap_tree,Receiver,LGALS9,P4HB,LGALS9 → P4HB
20,P27,CCC_Sender_HLA-B_to_KIR3DL2,0.002986291562256724,shap_tree,Sender,HLA-B,KIR3DL2,HLA-B → KIR3DL2
20,P27,CCC_Receiver_HLA-B_to_KIR3DL2,3.6253919221929124e-05,shap_tree,Receiver,HLA-B,KIR3DL2,HLA-B → KIR3DL2
20,P27,CCC_Sender_HLA-C_to_KIR2DL3,0.04111900578020433,shap_tree,Sender,HLA-C,KIR2DL3,HLA-C → KIR2DL3
20,P27,CCC_Receiver_HLA-C_to_KIR2DL3,2.3814500968739676e-05,shap_tree,Receiver,HLA-C,KIR2DL3,HLA-C → KIR2DL3
20,P27,CCC_Sender_HLA-E_to_KLRC1,0.02100084533791275,shap_tree,Sender,HLA-E,KLRC1,HLA-E → KLRC1
20,P27,CCC_Receiver_HLA-E_to_KLRC1,6.677794946776445e-05,shap_tree,Receiver,HLA-E,KLRC1,HLA-E → KLRC1
20,P27,CCC_Sender_HLA-E_to_KLRC2,0.02037029050290429,shap_tree,Sender,HLA-E,KLRC2,HLA-E → KLRC2
20,P27,CCC_Receiver_HLA-E_to_KLRC2,1.833698090346599e-05,shap_tree,Receiver,HLA-E,KLRC2,HLA-E → KLRC2
20,P27,CCC_Sender_HLA-E_to_KLRK1,0.017942095345099326,shap_tree,Sender,HLA-E,KLRK1,HLA-E → KLRK1
20,P27,CCC_Receiver_HLA-E_to_KLRK1,0.00020119906968727317,shap_tree,Receiver,HLA-E,KLRK1,HLA-E → KLRK1
20,P27,CCC_Sender_HLA-F_to_KIR3DL2,0.005123860476182114,shap_tree,Sender,HLA-F,KIR3DL2,HLA-F → KIR3DL2
20,P27,CCC_Receiver_HLA-F_to_KIR3DL2,1.6409931334857096e-05,shap_tree,Receiver,HLA-F,KIR3DL2,HLA-F → KIR3DL2
20,P27,CCC_Sender_HLA-F_to_LILRB1,0.001242231332796478,shap_tree,Sender,HLA-F,LILRB1,HLA-F → LILRB1
20,P27,CCC_Receiver_HLA-F_to_LILRB1,0.00040378753048042897,shap_tree,Receiver,HLA-F,LILRB1,HLA-F → LILRB1
20,P27,CCC_Sender_HLA-F_to_LILRB2,0.006320942481404797,shap_tree,Sender,HLA-F,LILRB2,HLA-F → LILRB2
20,P27,CCC_Receiver_HLA-F_to_LILRB2,7.163559761304111e-05,shap_tree,Receiver,HLA-F,LILRB2,HLA-F → LILRB2
20,P27,CCC_Sender_HLA-G_to_LILRB1,0.003592009509893756,shap_tree,Sender,HLA-G,LILRB1,HLA-G → LILRB1
20,P27,CCC_Receiver_HLA-G_to_LILRB1,6.307552246342712e-05,shap_tree,Receiver,HLA-G,LILRB1,HLA-G → LILRB1
20,P27,CCC_Sender_HLA-G_to_LILRB2,0.004493738369216424,shap_tree,Sender,HLA-G,LILRB2,HLA-G → LILRB2
20,P27,CCC_Receiver_HLA-G_to_LILRB2,0.00020349715193917985,shap_tree,Receiver,HLA-G,LILRB2,HLA-G → LILRB2
20,P27,CCC_Sender_LTB_to_LTBR,0.000603771750393058,shap_tree,Sender,LTB,LTBR,LTB → LTBR
20,P27,CCC_Receiver_LTB_to_LTBR,6.752769793330533e-05,shap_tree,Receiver,LTB,LTBR,LTB → LTBR
20,P27,CCC_Sender_PVR_to_CD226,1.0373000685760692e-05,shap_tree,Sender,PVR,CD226,PVR → CD226
20,P27,CCC_Receiver_PVR_to_CD226,6.231216289912501e-06,shap_tree,Receiver,PVR,CD226,PVR → CD226
20,P27,CCC_Sender_PVR_to_CD96,7.319423814563103e-06,shap_tree,Sender,PVR,CD96,PVR → CD96
20,P27,CCC_Receiver_PVR_to_CD96,0.009079118498446814,shap_tree,Receiver,PVR,CD96,PVR → CD96
20,P27,CCC_Sender_PVR_to_TIGIT,0.0,shap_tree,Sender,PVR,TIGIT,PVR → TIGIT
20,P27,CCC_Receiver_PVR_to_TIGIT,0.010177182937487067,shap_tree,Receiver,PVR,TIGIT,PVR → TIGIT
20,P27,CCC_Sender_SELPLG_to_SELL,0.0023920681154217084,shap_tree,Sender,SELPLG,SELL,SELPLG → SELL
20,P27,CCC_Receiver_SELPLG_to_SELL,0.000502133301727874,shap_tree,Receiver,SELPLG,SELL,SELPLG → SELL
20,P27,CCC_Sender_TGFB1_to_TGFBR3,6.512516444288944e-05,shap_tree,Sender,TGFB1,TGFBR3,TGFB1 → TGFBR3
20,P27,CCC_Receiver_TGFB1_to_TGFBR3,0.00022138731243513603,shap_tree,Receiver,TGFB1,TGFBR3,TGFB1 → TGFBR3
20,P27,CCC_Sender_BTLA_to_TNFRSF14,3.6524992480373126e-06,shap_tree,Sender,BTLA,TNFRSF14,BTLA → TNFRSF14
20,P27,CCC_Receiver_BTLA_to_TNFRSF14,0.003108735738880805,shap_tree,Receiver,BTLA,TNFRSF14,BTLA → TNFRSF14
20,P27,CCC_Sender_FASLG_to_FAS,0.00010149144339082973,shap_tree,Sender,FASLG,FAS,FASLG → FAS
20,P27,CCC_Receiver_FASLG_to_FAS,0.0004979614323544528,shap_tree,Receiver,FASLG,FAS,FASLG → FAS
20,P27,CCC_Sender_LTA_to_TNFRSF14,4.9626149227783256e-05,shap_tree,Sender,LTA,TNFRSF14,LTA → TNFRSF14
20,P27,CCC_Receiver_LTA_to_TNFRSF14,0.0008858005434115273,shap_tree,Receiver,LTA,TNFRSF14,LTA → TNFRSF14
20,P27,CCC_Sender_LTA_to_TNFRSF1A,7.88142013646181e-05,shap_tree,Sender,LTA,TNFRSF1A,LTA → TNFRSF1A
20,P27,CCC_Receiver_LTA_to_TNFRSF1A,0.00029777129882832656,shap_tree,Receiver,LTA,TNFRSF1A,LTA → TNFRSF1A
20,P27,CCC_Sender_LTA_to_TNFRSF1B,5.999297938458339e-05,shap_tree,Sender,LTA,TNFRSF1B,LTA → TNFRSF1B
20,P27,CCC_Receiver_LTA_to_TNFRSF1B,0.0017147791907697056,shap_tree,Receiver,LTA,TNFRSF1B,LTA → TNFRSF1B
20,P27,CCC_Sender_TNF_to_TNFRSF1A,0.001198922010920885,shap_tree,Sender,TNF,TNFRSF1A,TNF → TNFRSF1A
20,P27,CCC_Receiver_TNF_to_TNFRSF1A,0.00016446977444759342,shap_tree,Receiver,TNF,TNFRSF1A,TNF → TNFRSF1A
20,P27,CCC_Sender_TNF_to_TNFRSF1B,8.451001881412557e-05,shap_tree,Sender,TNF,TNFRSF1B,TNF → TNFRSF1B
20,P27,CCC_Receiver_TNF_to_TNFRSF1B,0.0017433419153199063,shap_tree,Receiver,TNF,TNFRSF1B,TNF → TNFRSF1B
20,P27,CCC_Sender_TNFSF10_to_TNFRSF10A,0.00017972912699035096,shap_tree,Sender,TNFSF10,TNFRSF10A,TNFSF10 → TNFRSF10A
20,P27,CCC_Receiver_TNFSF10_to_TNFRSF10A,3.263742694628754e-05,shap_tree,Receiver,TNFSF10,TNFRSF10A,TNFSF10 → TNFRSF10A
20,P27,CCC_Sender_TNFSF10_to_TNFRSF10B,0.0002810372043013223,shap_tree,Sender,TNFSF10,TNFRSF10B,TNFSF10 → TNFRSF10B
20,P27,CCC_Receiver_TNFSF10_to_TNFRSF10B,1.5035008331129287e-05,shap_tree,Receiver,TNFSF10,TNFRSF10B,TNFSF10 → TNFRSF10B
20,P27,CCC_Sender_TNFSF10_to_TNFRSF10D,0.0001552068977524685,shap_tree,Sender,TNFSF10,TNFRSF10D,TNFSF10 → TNFRSF10D
20,P27,CCC_Receiver_TNFSF10_to_TNFRSF10D,6.001554813465732e-06,shap_tree,Receiver,TNFSF10,TNFRSF10D,TNFSF10 → TNFRSF10D
20,P27,CCC_Sender_TNFSF12_to_TNFRSF12A,1.3664937007132815e-05,shap_tree,Sender,TNFSF12,TNFRSF12A,TNFSF12 → TNFRSF12A
20,P27,CCC_Receiver_TNFSF12_to_TNFRSF12A,8.475984786610457e-05,shap_tree,Receiver,TNFSF12,TNFRSF12A,TNFSF12 → TNFRSF12A
20,P27,CCC_Sender_TNFSF12_to_TNFRSF25,8.711352481298904e-05,shap_tree,Sender,TNFSF12,TNFRSF25,TNFSF12 → TNFRSF25
20,P27,CCC_Receiver_TNFSF12_to_TNFRSF25,0.0012481496834013262,shap_tree,Receiver,TNFSF12,TNFRSF25,TNFSF12 → TNFRSF25
20,P27,CCC_Sender_TNFSF14_to_LTBR,0.00027751344374445016,shap_tree,Sender,TNFSF14,LTBR,TNFSF14 → LTBR
20,P27,CCC_Receiver_TNFSF14_to_LTBR,0.0003112271071145736,shap_tree,Receiver,TNFSF14,LTBR,TNFSF14 → LTBR
20,P27,CCC_Sender_TNFSF14_to_TNFRSF14,0.0002039885902744963,shap_tree,Sender,TNFSF14,TNFRSF14,TNFSF14 → TNFRSF14
20,P27,CCC_Receiver_TNFSF14_to_TNFRSF14,0.003568965538351913,shap_tree,Receiver,TNFSF14,TNFRSF14,TNFSF14 → TNFRSF14
20,P27,CCC_Sender_TNFSF4_to_TNFRSF4,5.7382874270888495e-06,shap_tree,Sender,TNFSF4,TNFRSF4,TNFSF4 → TNFRSF4
20,P27,CCC_Receiver_TNFSF4_to_TNFRSF4,0.001142083259590939,shap_tree,Receiver,TNFSF4,TNFRSF4,TNFSF4 → TNFRSF4
20,P27,CCC_Sender_TNFSF9_to_TNFRSF9,0.00017082066507735841,shap_tree,Sender,TNFSF9,TNFRSF9,TNFSF9 → TNFRSF9
20,P27,CCC_Receiver_TNFSF9_to_TNFRSF9,0.00027769571156179506,shap_tree,Receiver,TNFSF9,TNFRSF9,TNFSF9 → TNFRSF9
20,P27,CCC_Sender_VEGFA_to_NRP1,1.920242753841629e-05,shap_tree,Sender,VEGFA,NRP1,VEGFA → NRP1
20,P27,CCC_Receiver_VEGFA_to_NRP1,0.00025510988910372576,shap_tree,Receiver,VEGFA,NRP1,VEGFA → NRP1
20,P27,CCC_Sender_VEGFA_to_NRP2,8.081078798738146e-05,shap_tree,Sender,VEGFA,NRP2,VEGFA → NRP2
20,P27,CCC_Receiver_VEGFA_to_NRP2,2.9638576026839895e-06,shap_tree,Receiver,VEGFA,NRP2,VEGFA → NRP2
20,P27,CCC_Sender_VEGFB_to_NRP1,8.184913941256334e-06,shap_tree,Sender,VEGFB,NRP1,VEGFB → NRP1
20,P27,CCC_Receiver_VEGFB_to_NRP1,0.00011536528741939639,shap_tree,Receiver,VEGFB,NRP1,VEGFB → NRP1
20,P27,CCC_Sender_CD274_to_PDCD1,5.220517584393368e-06,shap_tree,Sender,CD274,PDCD1,CD274 → PDCD1
20,P27,CCC_Receiver_CD274_to_PDCD1,0.0033182953676637304,shap_tree,Receiver,CD274,PDCD1,CD274 → PDCD1
20,P27,CCC_Sender_CD86_to_CTLA4,9.337889683397877e-05,shap_tree,Sender,CD86,CTLA4,CD86 → CTLA4
20,P27,CCC_Receiver_CD86_to_CTLA4,0.002737595921392028,shap_tree,Receiver,CD86,CTLA4,CD86 → CTLA4
20,P27,CCC_Sender_CD86_to_CD28,0.00011304131846234293,shap_tree,Sender,CD86,CD28,CD86 → CD28
20,P27,CCC_Receiver_CD86_to_CD28,0.0009795146125966552,shap_tree,Receiver,CD86,CD28,CD86 → CD28
20,P27,CCC_Sender_ICOSLG_to_ICOS,4.871294300834846e-06,shap_tree,Sender,ICOSLG,ICOS,ICOSLG → ICOS
20,P27,CCC_Receiver_ICOSLG_to_ICOS,0.0005569819296123417,shap_tree,Receiver,ICOSLG,ICOS,ICOSLG → ICOS
20,P27,CCC_Sender_CD40LG_to_CD40,1.3402764470601874e-05,shap_tree,Sender,CD40LG,CD40,CD40LG → CD40
20,P27,CCC_Receiver_CD40LG_to_CD40,8.569728163599395e-05,shap_tree,Receiver,CD40LG,CD40,CD40LG → CD40
21,P28,CCC_Sender_ICAM1_to_ITGAL,0.0003936518713695158,shap_tree,Sender,ICAM1,ITGAL,ICAM1 → ITGAL
21,P28,CCC_Receiver_ICAM1_to_ITGAL,0.009776943704413383,shap_tree,Receiver,ICAM1,ITGAL,ICAM1 → ITGAL
21,P28,CCC_Sender_CCL2_to_CCR2,0.0004346080054466295,shap_tree,Sender,CCL2,CCR2,CCL2 → CCR2
21,P28,CCC_Receiver_CCL2_to_CCR2,0.0011779479260393927,shap_tree,Receiver,CCL2,CCR2,CCL2 → CCR2
21,P28,CCC_Sender_CCL3_to_CCR1,0.008063699791412028,shap_tree,Sender,CCL3,CCR1,CCL3 → CCR1
21,P28,CCC_Receiver_CCL3_to_CCR1,0.00018314579620357788,shap_tree,Receiver,CCL3,CCR1,CCL3 → CCR1
21,P28,CCC_Sender_CCL3_to_CCR5,0.004756411339498468,shap_tree,Sender,CCL3,CCR5,CCL3 → CCR5
21,P28,CCC_Receiver_CCL3_to_CCR5,0.004557787417420044,shap_tree,Receiver,CCL3,CCR5,CCL3 → CCR5
21,P28,CCC_Sender_CCL3L1_to_CCR1,0.0010847904304902623,shap_tree,Sender,CCL3L1,CCR1,CCL3L1 → CCR1
21,P28,CCC_Receiver_CCL3L1_to_CCR1,0.001225103916675215,shap_tree,Receiver,CCL3L1,CCR1,CCL3L1 → CCR1
21,P28,CCC_Sender_CCL4_to_CCR5,0.014069571965319832,shap_tree,Sender,CCL4,CCR5,CCL4 → CCR5
21,P28,CCC_Receiver_CCL4_to_CCR5,0.004186980528535218,shap_tree,Receiver,CCL4,CCR5,CCL4 → CCR5
21,P28,CCC_Sender_CCL5_to_CCR1,0.04354478327982464,shap_tree,Sender,CCL5,CCR1,CCL5 → CCR1
21,P28,CCC_Receiver_CCL5_to_CCR1,0.00011809623537572404,shap_tree,Receiver,CCL5,CCR1,CCL5 → CCR1
21,P28,CCC_Sender_CCL5_to_CCR4,0.009139592567661774,shap_tree,Sender,CCL5,CCR4,CCL5 → CCR4
21,P28,CCC_Receiver_CCL5_to_CCR4,5.2035847830705644e-05,shap_tree,Receiver,CCL5,CCR4,CCL5 → CCR4
21,P28,CCC_Sender_CCL5_to_CCR5,0.0256219731742192,shap_tree,Sender,CCL5,CCR5,CCL5 → CCR5
21,P28,CCC_Receiver_CCL5_to_CCR5,0.0004042044633113273,shap_tree,Receiver,CCL5,CCR5,CCL5 → CCR5
21,P28,CCC_Sender_CXCL13_to_CXCR5,0.0006347068739991144,shap_tree,Sender,CXCL13,CXCR5,CXCL13 → CXCR5
21,P28,CCC_Receiver_CXCL13_to_CXCR5,0.00034576962166551567,shap_tree,Receiver,CXCL13,CXCR5,CXCL13 → CXCR5
21,P28,CCC_Sender_CXCL16_to_CXCR6,0.0015142782115811677,shap_tree,Sender,CXCL16,CXCR6,CXCL16 → CXCR6
21,P28,CCC_Receiver_CXCL16_to_CXCR6,0.0010122902694753957,shap_tree,Receiver,CXCL16,CXCR6,CXCL16 → CXCR6
21,P28,CCC_Sender_CXCL2_to_DPP4,0.0005967434976759926,shap_tree,Sender,CXCL2,DPP4,CXCL2 → DPP4
21,P28,CCC_Receiver_CXCL2_to_DPP4,4.923386541667319e-05,shap_tree,Receiver,CXCL2,DPP4,CXCL2 → DPP4
21,P28,CCC_Sender_CSF1_to_CSF1R,0.00015427379111570655,shap_tree,Sender,CSF1,CSF1R,CSF1 → CSF1R
21,P28,CCC_Receiver_CSF1_to_CSF1R,0.0015998496638175497,shap_tree,Receiver,CSF1,CSF1R,CSF1 → CSF1R
21,P28,CCC_Sender_LGALS9_to_HAVCR2,0.009677116819044986,shap_tree,Sender,LGALS9,HAVCR2,LGALS9 → HAVCR2
21,P28,CCC_Receiver_LGALS9_to_HAVCR2,0.006762884717919338,shap_tree,Receiver,LGALS9,HAVCR2,LGALS9 → HAVCR2
21,P28,CCC_Sender_LGALS9_to_P4HB,0.010736961859857942,shap_tree,Sender,LGALS9,P4HB,LGALS9 → P4HB
21,P28,CCC_Receiver_LGALS9_to_P4HB,0.030564926035705996,shap_tree,Receiver,LGALS9,P4HB,LGALS9 → P4HB
21,P28,CCC_Sender_HLA-B_to_KIR3DL2,0.01104764831511391,shap_tree,Sender,HLA-B,KIR3DL2,HLA-B → KIR3DL2
21,P28,CCC_Receiver_HLA-B_to_KIR3DL2,6.744393259753875e-06,shap_tree,Receiver,HLA-B,KIR3DL2,HLA-B → KIR3DL2
21,P28,CCC_Sender_HLA-C_to_KIR2DL3,0.06721043872134305,shap_tree,Sender,HLA-C,KIR2DL3,HLA-C → KIR2DL3
21,P28,CCC_Receiver_HLA-C_to_KIR2DL3,1.2775123728544561e-05,shap_tree,Receiver,HLA-C,KIR2DL3,HLA-C → KIR2DL3
21,P28,CCC_Sender_HLA-E_to_KLRC1,0.02294872132405041,shap_tree,Sender,HLA-E,KLRC1,HLA-E → KLRC1
21,P28,CCC_Receiver_HLA-E_to_KLRC1,0.00010035967539324312,shap_tree,Receiver,HLA-E,KLRC1,HLA-E → KLRC1
21,P28,CCC_Sender_HLA-E_to_KLRC2,0.020307174149708507,shap_tree,Sender,HLA-E,KLRC2,HLA-E → KLRC2
21,P28,CCC_Receiver_HLA-E_to_KLRC2,7.090098436747466e-05,shap_tree,Receiver,HLA-E,KLRC2,HLA-E → KLRC2
21,P28,CCC_Sender_HLA-E_to_KLRK1,0.011206280258421323,shap_tree,Sender,HLA-E,KLRK1,HLA-E → KLRK1
21,P28,CCC_Receiver_HLA-E_to_KLRK1,0.0010960216308483419,shap_tree,Receiver,HLA-E,KLRK1,HLA-E → KLRK1
21,P28,CCC_Sender_HLA-F_to_KIR3DL2,0.0035335147563524192,shap_tree,Sender,HLA-F,KIR3DL2,HLA-F → KIR3DL2
21,P28,CCC_Receiver_HLA-F_to_KIR3DL2,7.962043571030536e-06,shap_tree,Receiver,HLA-F,KIR3DL2,HLA-F → KIR3DL2
21,P28,CCC_Sender_HLA-F_to_LILRB1,0.014893396381431676,shap_tree,Sender,HLA-F,LILRB1,HLA-F → LILRB1
21,P28,CCC_Receiver_HLA-F_to_LILRB1,0.0001657154911590417,shap_tree,Receiver,HLA-F,LILRB1,HLA-F → LILRB1
21,P28,CCC_Sender_HLA-F_to_LILRB2,0.06873035885801743,shap_tree,Sender,HLA-F,LILRB2,HLA-F → LILRB2
21,P28,CCC_Receiver_HLA-F_to_LILRB2,0.001100714815551921,shap_tree,Receiver,HLA-F,LILRB2,HLA-F → LILRB2
21,P28,CCC_Sender_HLA-G_to_LILRB1,0.006312756939152311,shap_tree,Sender,HLA-G,LILRB1,HLA-G → LILRB1
21,P28,CCC_Receiver_HLA-G_to_LILRB1,9.880386388694658e-05,shap_tree,Receiver,HLA-G,LILRB1,HLA-G → LILRB1
21,P28,CCC_Sender_HLA-G_to_LILRB2,0.047831439136906254,shap_tree,Sender,HLA-G,LILRB2,HLA-G → LILRB2
21,P28,CCC_Receiver_HLA-G_to_LILRB2,0.00034968667286365475,shap_tree,Receiver,HLA-G,LILRB2,HLA-G → LILRB2
21,P28,CCC_Sender_LTB_to_LTBR,0.00345782064599668,shap_tree,Sender,LTB,LTBR,LTB → LTBR
21,P28,CCC_Receiver_LTB_to_LTBR,0.0004554374648405367,shap_tree,Receiver,LTB,LTBR,LTB → LTBR
21,P28,CCC_Sender_PVR_to_CD226,5.579977887111943e-05,shap_tree,Sender,PVR,CD226,PVR → CD226
21,P28,CCC_Receiver_PVR_to_CD226,0.00046350920869851623,shap_tree,Receiver,PVR,CD226,PVR → CD226
21,P28,CCC_Sender_PVR_to_CD96,1.7415370733092478e-05,shap_tree,Sender,PVR,CD96,PVR → CD96
21,P28,CCC_Receiver_PVR_to_CD96,0.011558910938227307,shap_tree,Receiver,PVR,CD96,PVR → CD96
21,P28,CCC_Sender_PVR_to_TIGIT,5.064476387405342e-06,shap_tree,Sender,PVR,TIGIT,PVR → TIGIT
21,P28,CCC_Receiver_PVR_to_TIGIT,0.008113200924104697,shap_tree,Receiver,PVR,TIGIT,PVR → TIGIT
21,P28,CCC_Sender_SELPLG_to_SELL,0.002658818437671099,shap_tree,Sender,SELPLG,SELL,SELPLG → SELL
21,P28,CCC_Receiver_SELPLG_to_SELL,0.002112644401378409,shap_tree,Receiver,SELPLG,SELL,SELPLG → SELL
21,P28,CCC_Sender_TGFB1_to_TGFBR3,9.536512960177111e-05,shap_tree,Sender,TGFB1,TGFBR3,TGFB1 → TGFBR3
21,P28,CCC_Receiver_TGFB1_to_TGFBR3,0.0004810627230582588,shap_tree,Receiver,TGFB1,TGFBR3,TGFB1 → TGFBR3
21,P28,CCC_Sender_BTLA_to_TNFRSF14,3.7997190660505456e-06,shap_tree,Sender,BTLA,TNFRSF14,BTLA → TNFRSF14
21,P28,CCC_Receiver_BTLA_to_TNFRSF14,0.0013181902538264186,shap_tree,Receiver,BTLA,TNFRSF14,BTLA → TNFRSF14
21,P28,CCC_Sender_FASLG_to_FAS,0.00027664856954401617,shap_tree,Sender,FASLG,FAS,FASLG → FAS
21,P28,CCC_Receiver_FASLG_to_FAS,0.0003742107498929297,shap_tree,Receiver,FASLG,FAS,FASLG → FAS
21,P28,CCC_Sender_LTA_to_TNFRSF14,6.701476284996041e-05,shap_tree,Sender,LTA,TNFRSF14,LTA → TNFRSF14
21,P28,CCC_Receiver_LTA_to_TNFRSF14,0.003401272253160752,shap_tree,Receiver,LTA,TNFRSF14,LTA → TNFRSF14
21,P28,CCC_Sender_LTA_to_TNFRSF1A,7.606367652038043e-05,shap_tree,Sender,LTA,TNFRSF1A,LTA → TNFRSF1A
21,P28,CCC_Receiver_LTA_to_TNFRSF1A,0.001686649660747741,shap_tree,Receiver,LTA,TNFRSF1A,LTA → TNFRSF1A
21,P28,CCC_Sender_LTA_to_TNFRSF1B,2.8422323726489713e-05,shap_tree,Sender,LTA,TNFRSF1B,LTA → TNFRSF1B
21,P28,CCC_Receiver_LTA_to_TNFRSF1B,0.005628944030945707,shap_tree,Receiver,LTA,TNFRSF1B,LTA → TNFRSF1B
21,P28,CCC_Sender_TNF_to_TNFRSF1A,0.001574525221255134,shap_tree,Sender,TNF,TNFRSF1A,TNF → TNFRSF1A
21,P28,CCC_Receiver_TNF_to_TNFRSF1A,0.0015415465046747995,shap_tree,Receiver,TNF,TNFRSF1A,TNF → TNFRSF1A
21,P28,CCC_Sender_TNF_to_TNFRSF1B,0.0010159060342450391,shap_tree,Sender,TNF,TNFRSF1B,TNF → TNFRSF1B
21,P28,CCC_Receiver_TNF_to_TNFRSF1B,0.006838625586858216,shap_tree,Receiver,TNF,TNFRSF1B,TNF → TNFRSF1B
21,P28,CCC_Sender_TNFSF10_to_TNFRSF10A,0.00021213932571888513,shap_tree,Sender,TNFSF10,TNFRSF10A,TNFSF10 → TNFRSF10A
21,P28,CCC_Receiver_TNFSF10_to_TNFRSF10A,4.085844694430513e-05,shap_tree,Receiver,TNFSF10,TNFRSF10A,TNFSF10 → TNFRSF10A
21,P28,CCC_Sender_TNFSF10_to_TNFRSF10B,0.0010407389178614741,shap_tree,Sender,TNFSF10,TNFRSF10B,TNFSF10 → TNFRSF10B
21,P28,CCC_Receiver_TNFSF10_to_TNFRSF10B,0.00010778145704425303,shap_tree,Receiver,TNFSF10,TNFRSF10B,TNFSF10 → TNFRSF10B
21,P28,CCC_Sender_TNFSF10_to_TNFRSF10D,0.0013132373793567275,shap_tree,Sender,TNFSF10,TNFRSF10D,TNFSF10 → TNFRSF10D
21,P28,CCC_Receiver_TNFSF10_to_TNFRSF10D,4.521166159215712e-05,shap_tree,Receiver,TNFSF10,TNFRSF10D,TNFSF10 → TNFRSF10D
21,P28,CCC_Sender_TNFSF12_to_TNFRSF12A,7.026834492157156e-05,shap_tree,Sender,TNFSF12,TNFRSF12A,TNFSF12 → TNFRSF12A
21,P28,CCC_Receiver_TNFSF12_to_TNFRSF12A,0.00023697121187596056,shap_tree,Receiver,TNFSF12,TNFRSF12A,TNFSF12 → TNFRSF12A
21,P28,CCC_Sender_TNFSF12_to_TNFRSF25,9.260446043610882e-05,shap_tree,Sender,TNFSF12,TNFRSF25,TNFSF12 → TNFRSF25
21,P28,CCC_Receiver_TNFSF12_to_TNFRSF25,0.00029554038542065465,shap_tree,Receiver,TNFSF12,TNFRSF25,TNFSF12 → TNFRSF25
21,P28,CCC_Sender_TNFSF14_to_LTBR,0.00013256667337476735,shap_tree,Sender,TNFSF14,LTBR,TNFSF14 → LTBR
21,P28,CCC_Receiver_TNFSF14_to_LTBR,0.0011547425824968377,shap_tree,Receiver,TNFSF14,LTBR,TNFSF14 → LTBR
21,P28,CCC_Sender_TNFSF14_to_TNFRSF14,5.4514096667124047e-05,shap_tree,Sender,TNFSF14,TNFRSF14,TNFSF14 → TNFRSF14
21,P28,CCC_Receiver_TNFSF14_to_TNFRSF14,0.007755921814072003,shap_tree,Receiver,TNFSF14,TNFRSF14,TNFSF14 → TNFRSF14
21,P28,CCC_Sender_TNFSF4_to_TNFRSF4,1.1772169738534333e-05,shap_tree,Sender,TNFSF4,TNFRSF4,TNFSF4 → TNFRSF4
21,P28,CCC_Receiver_TNFSF4_to_TNFRSF4,0.000515822397600004,shap_tree,Receiver,TNFSF4,TNFRSF4,TNFSF4 → TNFRSF4
21,P28,CCC_Sender_TNFSF9_to_TNFRSF9,0.0002422663593453768,shap_tree,Sender,TNFSF9,TNFRSF9,TNFSF9 → TNFRSF9
21,P28,CCC_Receiver_TNFSF9_to_TNFRSF9,0.00032122087323251884,shap_tree,Receiver,TNFSF9,TNFRSF9,TNFSF9 → TNFRSF9
21,P28,CCC_Sender_VEGFA_to_NRP1,0.0010549744181369222,shap_tree,Sender,VEGFA,NRP1,VEGFA → NRP1
21,P28,CCC_Receiver_VEGFA_to_NRP1,0.000638997408525453,shap_tree,Receiver,VEGFA,NRP1,VEGFA → NRP1
21,P28,CCC_Sender_VEGFA_to_NRP2,0.0003299060081134484,shap_tree,Sender,VEGFA,NRP2,VEGFA → NRP2
21,P28,CCC_Receiver_VEGFA_to_NRP2,0.0008028032328219891,shap_tree,Receiver,VEGFA,NRP2,VEGFA → NRP2
21,P28,CCC_Sender_VEGFB_to_NRP1,0.0009183690063698328,shap_tree,Sender,VEGFB,NRP1,VEGFB → NRP1
21,P28,CCC_Receiver_VEGFB_to_NRP1,9.670982606568509e-05,shap_tree,Receiver,VEGFB,NRP1,VEGFB → NRP1
21,P28,CCC_Sender_CD274_to_PDCD1,2.6860098637598903e-05,shap_tree,Sender,CD274,PDCD1,CD274 → PDCD1
21,P28,CCC_Receiver_CD274_to_PDCD1,0.004360157752007989,shap_tree,Receiver,CD274,PDCD1,CD274 → PDCD1
21,P28,CCC_Sender_CD86_to_CTLA4,0.00033909121526048085,shap_tree,Sender,CD86,CTLA4,CD86 → CTLA4
21,P28,CCC_Receiver_CD86_to_CTLA4,0.0025926959866818234,shap_tree,Receiver,CD86,CTLA4,CD86 → CTLA4
21,P28,CCC_Sender_CD86_to_CD28,0.00017002716833599762,shap_tree,Sender,CD86,CD28,CD86 → CD28
21,P28,CCC_Receiver_CD86_to_CD28,0.0004773352696436872,shap_tree,Receiver,CD86,CD28,CD86 → CD28
21,P28,CCC_Sender_ICOSLG_to_ICOS,0.0002565283367015685,shap_tree,Sender,ICOSLG,ICOS,ICOSLG → ICOS
21,P28,CCC_Receiver_ICOSLG_to_ICOS,0.0005991669636094059,shap_tree,Receiver,ICOSLG,ICOS,ICOSLG → ICOS
21,P28,CCC_Sender_CD40LG_to_CD40,1.716506708101152e-05,shap_tree,Sender,CD40LG,CD40,CD40LG → CD40
21,P28,CCC_Receiver_CD40LG_to_CD40,0.0003307117608288004,shap_tree,Receiver,CD40LG,CD40,CD40LG → CD40
22,P29,CCC_Sender_ICAM1_to_ITGAL,3.89399173583625e-05,shap_tree,Sender,ICAM1,ITGAL,ICAM1 → ITGAL
22,P29,CCC_Receiver_ICAM1_to_ITGAL,0.003864358527850022,shap_tree,Receiver,ICAM1,ITGAL,ICAM1 → ITGAL
22,P29,CCC_Sender_CCL2_to_CCR2,0.00012138891165647092,shap_tree,Sender,CCL2,CCR2,CCL2 → CCR2
22,P29,CCC_Receiver_CCL2_to_CCR2,1.7709508318450303e-05,shap_tree,Receiver,CCL2,CCR2,CCL2 → CCR2
22,P29,CCC_Sender_CCL3_to_CCR1,0.01676767362063944,shap_tree,Sender,CCL3,CCR1,CCL3 → CCR1
22,P29,CCC_Receiver_CCL3_to_CCR1,0.0,shap_tree,Receiver,CCL3,CCR1,CCL3 → CCR1
22,P29,CCC_Sender_CCL3_to_CCR5,0.006987085997470633,shap_tree,Sender,CCL3,CCR5,CCL3 → CCR5
22,P29,CCC_Receiver_CCL3_to_CCR5,0.007508994532876108,shap_tree,Receiver,CCL3,CCR5,CCL3 → CCR5
22,P29,CCC_Sender_CCL3L1_to_CCR1,0.0,shap_tree,Sender,CCL3L1,CCR1,CCL3L1 → CCR1
22,P29,CCC_Receiver_CCL3L1_to_CCR1,0.00067133870438141,shap_tree,Receiver,CCL3L1,CCR1,CCL3L1 → CCR1
22,P29,CCC_Sender_CCL4_to_CCR5,0.021024733502461094,shap_tree,Sender,CCL4,CCR5,CCL4 → CCR5
22,P29,CCC_Receiver_CCL4_to_CCR5,0.006556766317670301,shap_tree,Receiver,CCL4,CCR5,CCL4 → CCR5
22,P29,CCC_Sender_CCL5_to_CCR1,0.08146839554418822,shap_tree,Sender,CCL5,CCR1,CCL5 → CCR1
22,P29,CCC_Receiver_CCL5_to_CCR1,0.00034397549685773746,shap_tree,Receiver,CCL5,CCR1,CCL5 → CCR1
22,P29,CCC_Sender_CCL5_to_CCR4,0.006972749198462804,shap_tree,Sender,CCL5,CCR4,CCL5 → CCR4
22,P29,CCC_Receiver_CCL5_to_CCR4,0.0,shap_tree,Receiver,CCL5,CCR4,CCL5 → CCR4
22,P29,CCC_Sender_CCL5_to_CCR5,0.026630794269098132,shap_tree,Sender,CCL5,CCR5,CCL5 → CCR5
22,P29,CCC_Receiver_CCL5_to_CCR5,0.00031768748813756876,shap_tree,Receiver,CCL5,CCR5,CCL5 → CCR5
22,P29,CCC_Sender_CXCL13_to_CXCR5,0.00017798286429660535,shap_tree,Sender,CXCL13,CXCR5,CXCL13 → CXCR5
22,P29,CCC_Receiver_CXCL13_to_CXCR5,3.261501915268312e-05,shap_tree,Receiver,CXCL13,CXCR5,CXCL13 → CXCR5
22,P29,CCC_Sender_CXCL16_to_CXCR6,5.452387675254634e-05,shap_tree,Sender,CXCL16,CXCR6,CXCL16 → CXCR6
22,P29,CCC_Receiver_CXCL16_to_CXCR6,0.0003655744792679901,shap_tree,Receiver,CXCL16,CXCR6,CXCL16 → CXCR6
22,P29,CCC_Sender_CXCL2_to_DPP4,0.0,shap_tree,Sender,CXCL2,DPP4,CXCL2 → DPP4
22,P29,CCC_Receiver_CXCL2_to_DPP4,0.0,shap_tree,Receiver,CXCL2,DPP4,CXCL2 → DPP4
22,P29,CCC_Sender_CSF1_to_CSF1R,0.00035344444620670886,shap_tree,Sender,CSF1,CSF1R,CSF1 → CSF1R
22,P29,CCC_Receiver_CSF1_to_CSF1R,0.0007772905117069007,shap_tree,Receiver,CSF1,CSF1R,CSF1 → CSF1R
22,P29,CCC_Sender_LGALS9_to_HAVCR2,0.010376221581667516,shap_tree,Sender,LGALS9,HAVCR2,LGALS9 → HAVCR2
22,P29,CCC_Receiver_LGALS9_to_HAVCR2,0.012824101279535144,shap_tree,Receiver,LGALS9,HAVCR2,LGALS9 → HAVCR2
22,P29,CCC_Sender_LGALS9_to_P4HB,0.0030686047739681126,shap_tree,Sender,LGALS9,P4HB,LGALS9 → P4HB
22,P29,CCC_Receiver_LGALS9_to_P4HB,0.030048830371983738,shap_tree,Receiver,LGALS9,P4HB,LGALS9 → P4HB
22,P29,CCC_Sender_HLA-B_to_KIR3DL2,0.006723472947550468,shap_tree,Sender,HLA-B,KIR3DL2,HLA-B → KIR3DL2
22,P29,CCC_Receiver_HLA-B_to_KIR3DL2,0.0,shap_tree,Receiver,HLA-B,KIR3DL2,HLA-B → KIR3DL2
22,P29,CCC_Sender_HLA-C_to_KIR2DL3,0.00348375094707821,shap_tree,Sender,HLA-C,KIR2DL3,HLA-C → KIR2DL3
22,P29,CCC_Receiver_HLA-C_to_KIR2DL3,0.0,shap_tree,Receiver,HLA-C,KIR2DL3,HLA-C → KIR2DL3
22,P29,CCC_Sender_HLA-E_to_KLRC1,0.007607245552867904,shap_tree,Sender,HLA-E,KLRC1,HLA-E → KLRC1
22,P29,CCC_Receiver_HLA-E_to_KLRC1,2.2264197635255308e-05,shap_tree,Receiver,HLA-E,KLRC1,HLA-E → KLRC1
22,P29,CCC_Sender_HLA-E_to_KLRC2,0.010539376259628782,shap_tree,Sender,HLA-E,KLRC2,HLA-E → KLRC2
22,P29,CCC_Receiver_HLA-E_to_KLRC2,0.0,shap_tree,Receiver,HLA-E,KLRC2,HLA-E → KLRC2
22,P29,CCC_Sender_HLA-E_to_KLRK1,0.0035827334487740278,shap_tree,Sender,HLA-E,KLRK1,HLA-E → KLRK1
22,P29,CCC_Receiver_HLA-E_to_KLRK1,0.0002796870971652209,shap_tree,Receiver,HLA-E,KLRK1,HLA-E → KLRK1
22,P29,CCC_Sender_HLA-F_to_KIR3DL2,0.0009103036937448759,shap_tree,Sender,HLA-F,KIR3DL2,HLA-F → KIR3DL2
22,P29,CCC_Receiver_HLA-F_to_KIR3DL2,8.971909645749779e-07,shap_tree,Receiver,HLA-F,KIR3DL2,HLA-F → KIR3DL2
22,P29,CCC_Sender_HLA-F_to_LILRB1,0.0018577384849086124,shap_tree,Sender,HLA-F,LILRB1,HLA-F → LILRB1
22,P29,CCC_Receiver_HLA-F_to_LILRB1,2.2372734763671485e-05,shap_tree,Receiver,HLA-F,LILRB1,HLA-F → LILRB1
22,P29,CCC_Sender_HLA-F_to_LILRB2,0.03926818526560652,shap_tree,Sender,HLA-F,LILRB2,HLA-F → LILRB2
22,P29,CCC_Receiver_HLA-F_to_LILRB2,0.00020982690615891855,shap_tree,Receiver,HLA-F,LILRB2,HLA-F → LILRB2
22,P29,CCC_Sender_HLA-G_to_LILRB1,0.00114538904266036,shap_tree,Sender,HLA-G,LILRB1,HLA-G → LILRB1
22,P29,CCC_Receiver_HLA-G_to_LILRB1,1.0795711777991653e-05,shap_tree,Receiver,HLA-G,LILRB1,HLA-G → LILRB1
22,P29,CCC_Sender_HLA-G_to_LILRB2,0.019095744918389793,shap_tree,Sender,HLA-G,LILRB2,HLA-G → LILRB2
22,P29,CCC_Receiver_HLA-G_to_LILRB2,0.0002644207522974979,shap_tree,Receiver,HLA-G,LILRB2,HLA-G → LILRB2
22,P29,CCC_Sender_LTB_to_LTBR,0.0019072542287368866,shap_tree,Sender,LTB,LTBR,LTB → LTBR
22,P29,CCC_Receiver_LTB_to_LTBR,7.187199885079875e-05,shap_tree,Receiver,LTB,LTBR,LTB → LTBR
22,P29,CCC_Sender_PVR_to_CD226,0.0,shap_tree,Sender,PVR,CD226,PVR → CD226
22,P29,CCC_Receiver_PVR_to_CD226,0.0,shap_tree,Receiver,PVR,CD226,PVR → CD226
22,P29,CCC_Sender_PVR_to_CD96,0.0,shap_tree,Sender,PVR,CD96,PVR → CD96
22,P29,CCC_Receiver_PVR_to_CD96,0.001448850004390181,shap_tree,Receiver,PVR,CD96,PVR → CD96
22,P29,CCC_Sender_PVR_to_TIGIT,0.0,shap_tree,Sender,PVR,TIGIT,PVR → TIGIT
22,P29,CCC_Receiver_PVR_to_TIGIT,0.0009670529679530505,shap_tree,Receiver,PVR,TIGIT,PVR → TIGIT
22,P29,CCC_Sender_SELPLG_to_SELL,0.001409662140642296,shap_tree,Sender,SELPLG,SELL,SELPLG → SELL
22,P29,CCC_Receiver_SELPLG_to_SELL,1.2604509881003211e-05,shap_tree,Receiver,SELPLG,SELL,SELPLG → SELL
22,P29,CCC_Sender_TGFB1_to_TGFBR3,4.473249096389976e-05,shap_tree,Sender,TGFB1,TGFBR3,TGFB1 → TGFBR3
22,P29,CCC_Receiver_TGFB1_to_TGFBR3,4.944495697592479e-05,shap_tree,Receiver,TGFB1,TGFBR3,TGFB1 → TGFBR3
22,P29,CCC_Sender_BTLA_to_TNFRSF14,0.0,shap_tree,Sender,BTLA,TNFRSF14,BTLA → TNFRSF14
22,P29,CCC_Receiver_BTLA_to_TNFRSF14,9.128612480796865e-05,shap_tree,Receiver,BTLA,TNFRSF14,BTLA → TNFRSF14
22,P29,CCC_Sender_FASLG_to_FAS,0.0,shap_tree,Sender,FASLG,FAS,FASLG → FAS
22,P29,CCC_Receiver_FASLG_to_FAS,7.020521548698251e-07,shap_tree,Receiver,FASLG,FAS,FASLG → FAS
22,P29,CCC_Sender_LTA_to_TNFRSF14,8.869856462677031e-07,shap_tree,Sender,LTA,TNFRSF14,LTA → TNFRSF14
22,P29,CCC_Receiver_LTA_to_TNFRSF14,0.00011259822374838082,shap_tree,Receiver,LTA,TNFRSF14,LTA → TNFRSF14
22,P29,CCC_Sender_LTA_to_TNFRSF1A,6.001684770232339e-06,shap_tree,Sender,LTA,TNFRSF1A,LTA → TNFRSF1A
22,P29,CCC_Receiver_LTA_to_TNFRSF1A,6.350082552734768e-05,shap_tree,Receiver,LTA,TNFRSF1A,LTA → TNFRSF1A
22,P29,CCC_Sender_LTA_to_TNFRSF1B,0.0,shap_tree,Sender,LTA,TNFRSF1B,LTA → TNFRSF1B
22,P29,CCC_Receiver_LTA_to_TNFRSF1B,0.0014755884643928004,shap_tree,Receiver,LTA,TNFRSF1B,LTA → TNFRSF1B
22,P29,CCC_Sender_TNF_to_TNFRSF1A,0.0004110660490099863,shap_tree,Sender,TNF,TNFRSF1A,TNF → TNFRSF1A
22,P29,CCC_Receiver_TNF_to_TNFRSF1A,0.00012093167400736436,shap_tree,Receiver,TNF,TNFRSF1A,TNF → TNFRSF1A
22,P29,CCC_Sender_TNF_to_TNFRSF1B,0.0,shap_tree,Sender,TNF,TNFRSF1B,TNF → TNFRSF1B
22,P29,CCC_Receiver_TNF_to_TNFRSF1B,0.0021976176578962702,shap_tree,Receiver,TNF,TNFRSF1B,TNF → TNFRSF1B
22,P29,CCC_Sender_TNFSF10_to_TNFRSF10A,3.876684987911677e-05,shap_tree,Sender,TNFSF10,TNFRSF10A,TNFSF10 → TNFRSF10A
22,P29,CCC_Receiver_TNFSF10_to_TNFRSF10A,2.078893945074479e-05,shap_tree,Receiver,TNFSF10,TNFRSF10A,TNFSF10 → TNFRSF10A
22,P29,CCC_Sender_TNFSF10_to_TNFRSF10B,0.0003662493031924823,shap_tree,Sender,TNFSF10,TNFRSF10B,TNFSF10 → TNFRSF10B
22,P29,CCC_Receiver_TNFSF10_to_TNFRSF10B,0.0,shap_tree,Receiver,TNFSF10,TNFRSF10B,TNFSF10 → TNFRSF10B
22,P29,CCC_Sender_TNFSF10_to_TNFRSF10D,0.0,shap_tree,Sender,TNFSF10,TNFRSF10D,TNFSF10 → TNFRSF10D
22,P29,CCC_Receiver_TNFSF10_to_TNFRSF10D,8.991639550606758e-06,shap_tree,Receiver,TNFSF10,TNFRSF10D,TNFSF10 → TNFRSF10D
22,P29,CCC_Sender_TNFSF12_to_TNFRSF12A,0.0,shap_tree,Sender,TNFSF12,TNFRSF12A,TNFSF12 → TNFRSF12A
22,P29,CCC_Receiver_TNFSF12_to_TNFRSF12A,0.0,shap_tree,Receiver,TNFSF12,TNFRSF12A,TNFSF12 → TNFRSF12A
22,P29,CCC_Sender_TNFSF12_to_TNFRSF25,4.6335798639419716e-05,shap_tree,Sender,TNFSF12,TNFRSF25,TNFSF12 → TNFRSF25
22,P29,CCC_Receiver_TNFSF12_to_TNFRSF25,0.0,shap_tree,Receiver,TNFSF12,TNFRSF25,TNFSF12 → TNFRSF25
22,P29,CCC_Sender_TNFSF14_to_LTBR,2.4190568007880125e-05,shap_tree,Sender,TNFSF14,LTBR,TNFSF14 → LTBR
22,P29,CCC_Receiver_TNFSF14_to_LTBR,0.0008397070414825355,shap_tree,Receiver,TNFSF14,LTBR,TNFSF14 → LTBR
22,P29,CCC_Sender_TNFSF14_to_TNFRSF14,0.0,shap_tree,Sender,TNFSF14,TNFRSF14,TNFSF14 → TNFRSF14
22,P29,CCC_Receiver_TNFSF14_to_TNFRSF14,0.0015286381516888994,shap_tree,Receiver,TNFSF14,TNFRSF14,TNFSF14 → TNFRSF14
22,P29,CCC_Sender_TNFSF4_to_TNFRSF4,0.0,shap_tree,Sender,TNFSF4,TNFRSF4,TNFSF4 → TNFRSF4
22,P29,CCC_Receiver_TNFSF4_to_TNFRSF4,3.2694236980172054e-05,shap_tree,Receiver,TNFSF4,TNFRSF4,TNFSF4 → TNFRSF4
22,P29,CCC_Sender_TNFSF9_to_TNFRSF9,8.420143868703813e-05,shap_tree,Sender,TNFSF9,TNFRSF9,TNFSF9 → TNFRSF9
22,P29,CCC_Receiver_TNFSF9_to_TNFRSF9,7.22558264046407e-05,shap_tree,Receiver,TNFSF9,TNFRSF9,TNFSF9 → TNFRSF9
22,P29,CCC_Sender_VEGFA_to_NRP1,0.0,shap_tree,Sender,VEGFA,NRP1,VEGFA → NRP1
22,P29,CCC_Receiver_VEGFA_to_NRP1,0.0,shap_tree,Receiver,VEGFA,NRP1,VEGFA → NRP1
22,P29,CCC_Sender_VEGFA_to_NRP2,0.0,shap_tree,Sender,VEGFA,NRP2,VEGFA → NRP2
22,P29,CCC_Receiver_VEGFA_to_NRP2,0.0,shap_tree,Receiver,VEGFA,NRP2,VEGFA → NRP2
22,P29,CCC_Sender_VEGFB_to_NRP1,0.0,shap_tree,Sender,VEGFB,NRP1,VEGFB → NRP1
22,P29,CCC_Receiver_VEGFB_to_NRP1,3.120351738217521e-05,shap_tree,Receiver,VEGFB,NRP1,VEGFB → NRP1
22,P29,CCC_Sender_CD274_to_PDCD1,0.0,shap_tree,Sender,CD274,PDCD1,CD274 → PDCD1
22,P29,CCC_Receiver_CD274_to_PDCD1,0.004069175214575532,shap_tree,Receiver,CD274,PDCD1,CD274 → PDCD1
22,P29,CCC_Sender_CD86_to_CTLA4,0.0003150657172889767,shap_tree,Sender,CD86,CTLA4,CD86 → CTLA4
22,P29,CCC_Receiver_CD86_to_CTLA4,0.006963305588294587,shap_tree,Receiver,CD86,CTLA4,CD86 → CTLA4
22,P29,CCC_Sender_CD86_to_CD28,0.0,shap_tree,Sender,CD86,CD28,CD86 → CD28
22,P29,CCC_Receiver_CD86_to_CD28,0.0019161657609534943,shap_tree,Receiver,CD86,CD28,CD86 → CD28
22,P29,CCC_Sender_ICOSLG_to_ICOS,6.121865427948894e-06,shap_tree,Sender,ICOSLG,ICOS,ICOSLG → ICOS
22,P29,CCC_Receiver_ICOSLG_to_ICOS,0.0002699325220377321,shap_tree,Receiver,ICOSLG,ICOS,ICOSLG → ICOS
22,P29,CCC_Sender_CD40LG_to_CD40,1.0915249485216899e-05,shap_tree,Sender,CD40LG,CD40,CD40LG → CD40
22,P29,CCC_Receiver_CD40LG_to_CD40,1.5787431062903427e-05,shap_tree,Receiver,CD40LG,CD40,CD40LG → CD40
23,P3,CCC_Sender_ICAM1_to_ITGAL,0.0002578263541402999,shap_tree,Sender,ICAM1,ITGAL,ICAM1 → ITGAL
23,P3,CCC_Receiver_ICAM1_to_ITGAL,0.005461041226047225,shap_tree,Receiver,ICAM1,ITGAL,ICAM1 → ITGAL
23,P3,CCC_Sender_CCL2_to_CCR2,1.320930713182614e-05,shap_tree,Sender,CCL2,CCR2,CCL2 → CCR2
23,P3,CCC_Receiver_CCL2_to_CCR2,0.000206630276566112,shap_tree,Receiver,CCL2,CCR2,CCL2 → CCR2
23,P3,CCC_Sender_CCL3_to_CCR1,0.007335694754548,shap_tree,Sender,CCL3,CCR1,CCL3 → CCR1
23,P3,CCC_Receiver_CCL3_to_CCR1,5.446590627187863e-05,shap_tree,Receiver,CCL3,CCR1,CCL3 → CCR1
23,P3,CCC_Sender_CCL3_to_CCR5,0.005077694817355826,shap_tree,Sender,CCL3,CCR5,CCL3 → CCR5
23,P3,CCC_Receiver_CCL3_to_CCR5,0.005692988192635889,shap_tree,Receiver,CCL3,CCR5,CCL3 → CCR5
23,P3,CCC_Sender_CCL3L1_to_CCR1,0.0002167893475285334,shap_tree,Sender,CCL3L1,CCR1,CCL3L1 → CCR1
23,P3,CCC_Receiver_CCL3L1_to_CCR1,0.0004304042239295064,shap_tree,Receiver,CCL3L1,CCR1,CCL3L1 → CCR1
23,P3,CCC_Sender_CCL4_to_CCR5,0.005882505694904895,shap_tree,Sender,CCL4,CCR5,CCL4 → CCR5
23,P3,CCC_Receiver_CCL4_to_CCR5,0.0032044635609706123,shap_tree,Receiver,CCL4,CCR5,CCL4 → CCR5
23,P3,CCC_Sender_CCL5_to_CCR1,0.09251125685498286,shap_tree,Sender,CCL5,CCR1,CCL5 → CCR1
23,P3,CCC_Receiver_CCL5_to_CCR1,1.1881941440947042e-05,shap_tree,Receiver,CCL5,CCR1,CCL5 → CCR1
23,P3,CCC_Sender_CCL5_to_CCR4,0.012613998160371731,shap_tree,Sender,CCL5,CCR4,CCL5 → CCR4
23,P3,CCC_Receiver_CCL5_to_CCR4,1.905028557096018e-05,shap_tree,Receiver,CCL5,CCR4,CCL5 → CCR4
23,P3,CCC_Sender_CCL5_to_CCR5,0.024570161529455098,shap_tree,Sender,CCL5,CCR5,CCL5 → CCR5
23,P3,CCC_Receiver_CCL5_to_CCR5,0.0008542148766047616,shap_tree,Receiver,CCL5,CCR5,CCL5 → CCR5
23,P3,CCC_Sender_CXCL13_to_CXCR5,0.0003314871658677757,shap_tree,Sender,CXCL13,CXCR5,CXCL13 → CXCR5
23,P3,CCC_Receiver_CXCL13_to_CXCR5,6.271674749816623e-05,shap_tree,Receiver,CXCL13,CXCR5,CXCL13 → CXCR5
23,P3,CCC_Sender_CXCL16_to_CXCR6,0.00016246434564768587,shap_tree,Sender,CXCL16,CXCR6,CXCL16 → CXCR6
23,P3,CCC_Receiver_CXCL16_to_CXCR6,0.00027693712866541463,shap_tree,Receiver,CXCL16,CXCR6,CXCL16 → CXCR6
23,P3,CCC_Sender_CXCL2_to_DPP4,2.9054793814989948e-05,shap_tree,Sender,CXCL2,DPP4,CXCL2 → DPP4
23,P3,CCC_Receiver_CXCL2_to_DPP4,4.090874991027414e-05,shap_tree,Receiver,CXCL2,DPP4,CXCL2 → DPP4
23,P3,CCC_Sender_CSF1_to_CSF1R,0.00030283257152457783,shap_tree,Sender,CSF1,CSF1R,CSF1 → CSF1R
23,P3,CCC_Receiver_CSF1_to_CSF1R,0.0011244722107047987,shap_tree,Receiver,CSF1,CSF1R,CSF1 → CSF1R
23,P3,CCC_Sender_LGALS9_to_HAVCR2,0.00893713270724032,shap_tree,Sender,LGALS9,HAVCR2,LGALS9 → HAVCR2
23,P3,CCC_Receiver_LGALS9_to_HAVCR2,0.007874875625704436,shap_tree,Receiver,LGALS9,HAVCR2,LGALS9 → HAVCR2
23,P3,CCC_Sender_LGALS9_to_P4HB,0.003079529449248013,shap_tree,Sender,LGALS9,P4HB,LGALS9 → P4HB
23,P3,CCC_Receiver_LGALS9_to_P4HB,0.018980729047860655,shap_tree,Receiver,LGALS9,P4HB,LGALS9 → P4HB
23,P3,CCC_Sender_HLA-B_to_KIR3DL2,0.020938347344279046,shap_tree,Sender,HLA-B,KIR3DL2,HLA-B → KIR3DL2
23,P3,CCC_Receiver_HLA-B_to_KIR3DL2,4.876972880880621e-06,shap_tree,Receiver,HLA-B,KIR3DL2,HLA-B → KIR3DL2
23,P3,CCC_Sender_HLA-C_to_KIR2DL3,0.0086825172756281,shap_tree,Sender,HLA-C,KIR2DL3,HLA-C → KIR2DL3
23,P3,CCC_Receiver_HLA-C_to_KIR2DL3,7.395643184324985e-06,shap_tree,Receiver,HLA-C,KIR2DL3,HLA-C → KIR2DL3
23,P3,CCC_Sender_HLA-E_to_KLRC1,0.011600352196497049,shap_tree,Sender,HLA-E,KLRC1,HLA-E → KLRC1
23,P3,CCC_Receiver_HLA-E_to_KLRC1,5.933705885558025e-05,shap_tree,Receiver,HLA-E,KLRC1,HLA-E → KLRC1
23,P3,CCC_Sender_HLA-E_to_KLRC2,0.03154193114945111,shap_tree,Sender,HLA-E,KLRC2,HLA-E → KLRC2
23,P3,CCC_Receiver_HLA-E_to_KLRC2,6.996677310276058e-06,shap_tree,Receiver,HLA-E,KLRC2,HLA-E → KLRC2
23,P3,CCC_Sender_HLA-E_to_KLRK1,0.01444609478333027,shap_tree,Sender,HLA-E,KLRK1,HLA-E → KLRK1
23,P3,CCC_Receiver_HLA-E_to_KLRK1,0.0006801128803283532,shap_tree,Receiver,HLA-E,KLRK1,HLA-E → KLRK1
23,P3,CCC_Sender_HLA-F_to_KIR3DL2,0.00782541164167508,shap_tree,Sender,HLA-F,KIR3DL2,HLA-F → KIR3DL2
23,P3,CCC_Receiver_HLA-F_to_KIR3DL2,3.598500575266562e-06,shap_tree,Receiver,HLA-F,KIR3DL2,HLA-F → KIR3DL2
23,P3,CCC_Sender_HLA-F_to_LILRB1,0.004629955148081395,shap_tree,Sender,HLA-F,LILRB1,HLA-F → LILRB1
23,P3,CCC_Receiver_HLA-F_to_LILRB1,1.5309687497607826e-05,shap_tree,Receiver,HLA-F,LILRB1,HLA-F → LILRB1
23,P3,CCC_Sender_HLA-F_to_LILRB2,0.04939560302759113,shap_tree,Sender,HLA-F,LILRB2,HLA-F → LILRB2
23,P3,CCC_Receiver_HLA-F_to_LILRB2,0.00024205093963680305,shap_tree,Receiver,HLA-F,LILRB2,HLA-F → LILRB2
23,P3,CCC_Sender_HLA-G_to_LILRB1,0.005090182918729492,shap_tree,Sender,HLA-G,LILRB1,HLA-G → LILRB1
23,P3,CCC_Receiver_HLA-G_to_LILRB1,6.453593223479732e-05,shap_tree,Receiver,HLA-G,LILRB1,HLA-G → LILRB1
23,P3,CCC_Sender_HLA-G_to_LILRB2,0.027128916237621058,shap_tree,Sender,HLA-G,LILRB2,HLA-G → LILRB2
23,P3,CCC_Receiver_HLA-G_to_LILRB2,0.0005123088286188404,shap_tree,Receiver,HLA-G,LILRB2,HLA-G → LILRB2
23,P3,CCC_Sender_LTB_to_LTBR,0.0010378898878632336,shap_tree,Sender,LTB,LTBR,LTB → LTBR
23,P3,CCC_Receiver_LTB_to_LTBR,8.099382809541804e-05,shap_tree,Receiver,LTB,LTBR,LTB → LTBR
23,P3,CCC_Sender_PVR_to_CD226,0.0,shap_tree,Sender,PVR,CD226,PVR → CD226
23,P3,CCC_Receiver_PVR_to_CD226,4.70066268713367e-05,shap_tree,Receiver,PVR,CD226,PVR → CD226
23,P3,CCC_Sender_PVR_to_CD96,1.926280113356618e-06,shap_tree,Sender,PVR,CD96,PVR → CD96
23,P3,CCC_Receiver_PVR_to_CD96,0.00837709248131606,shap_tree,Receiver,PVR,CD96,PVR → CD96
23,P3,CCC_Sender_PVR_to_TIGIT,0.0,shap_tree,Sender,PVR,TIGIT,PVR → TIGIT
23,P3,CCC_Receiver_PVR_to_TIGIT,0.004333984702606966,shap_tree,Receiver,PVR,TIGIT,PVR → TIGIT
23,P3,CCC_Sender_SELPLG_to_SELL,0.0009109026814620188,shap_tree,Sender,SELPLG,SELL,SELPLG → SELL
23,P3,CCC_Receiver_SELPLG_to_SELL,0.0006562908803896432,shap_tree,Receiver,SELPLG,SELL,SELPLG → SELL
23,P3,CCC_Sender_TGFB1_to_TGFBR3,0.0001209594753998127,shap_tree,Sender,TGFB1,TGFBR3,TGFB1 → TGFBR3
23,P3,CCC_Receiver_TGFB1_to_TGFBR3,0.0011702986645862712,shap_tree,Receiver,TGFB1,TGFBR3,TGFB1 → TGFBR3
23,P3,CCC_Sender_BTLA_to_TNFRSF14,1.2793551914733736e-05,shap_tree,Sender,BTLA,TNFRSF14,BTLA → TNFRSF14
23,P3,CCC_Receiver_BTLA_to_TNFRSF14,0.0026867116605504855,shap_tree,Receiver,BTLA,TNFRSF14,BTLA → TNFRSF14
23,P3,CCC_Sender_FASLG_to_FAS,4.678135025564743e-06,shap_tree,Sender,FASLG,FAS,FASLG → FAS
23,P3,CCC_Receiver_FASLG_to_FAS,0.0003781642162356289,shap_tree,Receiver,FASLG,FAS,FASLG → FAS
23,P3,CCC_Sender_LTA_to_TNFRSF14,2.314998320476745e-05,shap_tree,Sender,LTA,TNFRSF14,LTA → TNFRSF14
23,P3,CCC_Receiver_LTA_to_TNFRSF14,0.00033698750432275675,shap_tree,Receiver,LTA,TNFRSF14,LTA → TNFRSF14
23,P3,CCC_Sender_LTA_to_TNFRSF1A,8.252210037260897e-05,shap_tree,Sender,LTA,TNFRSF1A,LTA → TNFRSF1A
23,P3,CCC_Receiver_LTA_to_TNFRSF1A,9.865143191166767e-05,shap_tree,Receiver,LTA,TNFRSF1A,LTA → TNFRSF1A
23,P3,CCC_Sender_LTA_to_TNFRSF1B,3.819887322639054e-05,shap_tree,Sender,LTA,TNFRSF1B,LTA → TNFRSF1B
23,P3,CCC_Receiver_LTA_to_TNFRSF1B,0.0030991718857401995,shap_tree,Receiver,LTA,TNFRSF1B,LTA → TNFRSF1B
23,P3,CCC_Sender_TNF_to_TNFRSF1A,0.00044983807682537455,shap_tree,Sender,TNF,TNFRSF1A,TNF → TNFRSF1A
23,P3,CCC_Receiver_TNF_to_TNFRSF1A,0.0014076384353445379,shap_tree,Receiver,TNF,TNFRSF1A,TNF → TNFRSF1A
23,P3,CCC_Sender_TNF_to_TNFRSF1B,8.823702809996688e-05,shap_tree,Sender,TNF,TNFRSF1B,TNF → TNFRSF1B
23,P3,CCC_Receiver_TNF_to_TNFRSF1B,0.003285786316138158,shap_tree,Receiver,TNF,TNFRSF1B,TNF → TNFRSF1B
23,P3,CCC_Sender_TNFSF10_to_TNFRSF10A,6.413539004695384e-05,shap_tree,Sender,TNFSF10,TNFRSF10A,TNFSF10 → TNFRSF10A
23,P3,CCC_Receiver_TNFSF10_to_TNFRSF10A,3.27827438164616e-05,shap_tree,Receiver,TNFSF10,TNFRSF10A,TNFSF10 → TNFRSF10A
23,P3,CCC_Sender_TNFSF10_to_TNFRSF10B,0.0006382812129697582,shap_tree,Sender,TNFSF10,TNFRSF10B,TNFSF10 → TNFRSF10B
23,P3,CCC_Receiver_TNFSF10_to_TNFRSF10B,1.4215035844647094e-05,shap_tree,Receiver,TNFSF10,TNFRSF10B,TNFSF10 → TNFRSF10B
23,P3,CCC_Sender_TNFSF10_to_TNFRSF10D,4.5880625478364646e-05,shap_tree,Sender,TNFSF10,TNFRSF10D,TNFSF10 → TNFRSF10D
23,P3,CCC_Receiver_TNFSF10_to_TNFRSF10D,3.1457022621623806e-05,shap_tree,Receiver,TNFSF10,TNFRSF10D,TNFSF10 → TNFRSF10D
23,P3,CCC_Sender_TNFSF12_to_TNFRSF12A,2.303247252015912e-05,shap_tree,Sender,TNFSF12,TNFRSF12A,TNFSF12 → TNFRSF12A
23,P3,CCC_Receiver_TNFSF12_to_TNFRSF12A,1.6734861565937388e-05,shap_tree,Receiver,TNFSF12,TNFRSF12A,TNFSF12 → TNFRSF12A
23,P3,CCC_Sender_TNFSF12_to_TNFRSF25,0.00015570054635730208,shap_tree,Sender,TNFSF12,TNFRSF25,TNFSF12 → TNFRSF25
23,P3,CCC_Receiver_TNFSF12_to_TNFRSF25,0.00017086663133951172,shap_tree,Receiver,TNFSF12,TNFRSF25,TNFSF12 → TNFRSF25
23,P3,CCC_Sender_TNFSF14_to_LTBR,0.0001891758206512103,shap_tree,Sender,TNFSF14,LTBR,TNFSF14 → LTBR
23,P3,CCC_Receiver_TNFSF14_to_LTBR,0.00033183478324441814,shap_tree,Receiver,TNFSF14,LTBR,TNFSF14 → LTBR
23,P3,CCC_Sender_TNFSF14_to_TNFRSF14,7.155572411178315e-05,shap_tree,Sender,TNFSF14,TNFRSF14,TNFSF14 → TNFRSF14
23,P3,CCC_Receiver_TNFSF14_to_TNFRSF14,0.0015359286015556668,shap_tree,Receiver,TNFSF14,TNFRSF14,TNFSF14 → TNFRSF14
23,P3,CCC_Sender_TNFSF4_to_TNFRSF4,5.150673650688152e-06,shap_tree,Sender,TNFSF4,TNFRSF4,TNFSF4 → TNFRSF4
23,P3,CCC_Receiver_TNFSF4_to_TNFRSF4,0.0009060486142764486,shap_tree,Receiver,TNFSF4,TNFRSF4,TNFSF4 → TNFRSF4
23,P3,CCC_Sender_TNFSF9_to_TNFRSF9,0.0001731634918909915,shap_tree,Sender,TNFSF9,TNFRSF9,TNFSF9 → TNFRSF9
23,P3,CCC_Receiver_TNFSF9_to_TNFRSF9,0.0007850819326732748,shap_tree,Receiver,TNFSF9,TNFRSF9,TNFSF9 → TNFRSF9
23,P3,CCC_Sender_VEGFA_to_NRP1,1.8272817624265602e-05,shap_tree,Sender,VEGFA,NRP1,VEGFA → NRP1
23,P3,CCC_Receiver_VEGFA_to_NRP1,0.00043939876593794607,shap_tree,Receiver,VEGFA,NRP1,VEGFA → NRP1
23,P3,CCC_Sender_VEGFA_to_NRP2,1.7026329200367388e-05,shap_tree,Sender,VEGFA,NRP2,VEGFA → NRP2
23,P3,CCC_Receiver_VEGFA_to_NRP2,6.485290077692242e-05,shap_tree,Receiver,VEGFA,NRP2,VEGFA → NRP2
23,P3,CCC_Sender_VEGFB_to_NRP1,5.171808758419203e-06,shap_tree,Sender,VEGFB,NRP1,VEGFB → NRP1
23,P3,CCC_Receiver_VEGFB_to_NRP1,0.00023474004431978067,shap_tree,Receiver,VEGFB,NRP1,VEGFB → NRP1
23,P3,CCC_Sender_CD274_to_PDCD1,7.0540276843555656e-06,shap_tree,Sender,CD274,PDCD1,CD274 → PDCD1
23,P3,CCC_Receiver_CD274_to_PDCD1,0.0028740410554532283,shap_tree,Receiver,CD274,PDCD1,CD274 → PDCD1
23,P3,CCC_Sender_CD86_to_CTLA4,9.736260208009765e-06,shap_tree,Sender,CD86,CTLA4,CD86 → CTLA4
23,P3,CCC_Receiver_CD86_to_CTLA4,0.0035894906979076786,shap_tree,Receiver,CD86,CTLA4,CD86 → CTLA4
23,P3,CCC_Sender_CD86_to_CD28,0.0003405137765440545,shap_tree,Sender,CD86,CD28,CD86 → CD28
23,P3,CCC_Receiver_CD86_to_CD28,0.0017426047039784372,shap_tree,Receiver,CD86,CD28,CD86 → CD28
23,P3,CCC_Sender_ICOSLG_to_ICOS,4.4799964764840715e-06,shap_tree,Sender,ICOSLG,ICOS,ICOSLG → ICOS
23,P3,CCC_Receiver_ICOSLG_to_ICOS,0.0005273617360667595,shap_tree,Receiver,ICOSLG,ICOS,ICOSLG → ICOS
23,P3,CCC_Sender_CD40LG_to_CD40,3.3323162111865394e-05,shap_tree,Sender,CD40LG,CD40,CD40LG → CD40
23,P3,CCC_Receiver_CD40LG_to_CD40,2.6155972147445185e-05,shap_tree,Receiver,CD40LG,CD40,CD40LG → CD40
24,P30,CCC_Sender_ICAM1_to_ITGAL,0.0003612983428827017,shap_tree,Sender,ICAM1,ITGAL,ICAM1 → ITGAL
24,P30,CCC_Receiver_ICAM1_to_ITGAL,0.004318175515692186,shap_tree,Receiver,ICAM1,ITGAL,ICAM1 → ITGAL
24,P30,CCC_Sender_CCL2_to_CCR2,1.28218115953944e-05,shap_tree,Sender,CCL2,CCR2,CCL2 → CCR2
24,P30,CCC_Receiver_CCL2_to_CCR2,0.0001944008310891944,shap_tree,Receiver,CCL2,CCR2,CCL2 → CCR2
24,P30,CCC_Sender_CCL3_to_CCR1,0.01296474121655751,shap_tree,Sender,CCL3,CCR1,CCL3 → CCR1
24,P30,CCC_Receiver_CCL3_to_CCR1,0.0002166859145934888,shap_tree,Receiver,CCL3,CCR1,CCL3 → CCR1
24,P30,CCC_Sender_CCL3_to_CCR5,0.004785375615922102,shap_tree,Sender,CCL3,CCR5,CCL3 → CCR5
24,P30,CCC_Receiver_CCL3_to_CCR5,0.004210666269724331,shap_tree,Receiver,CCL3,CCR5,CCL3 → CCR5
24,P30,CCC_Sender_CCL3L1_to_CCR1,0.00018220400917053523,shap_tree,Sender,CCL3L1,CCR1,CCL3L1 → CCR1
24,P30,CCC_Receiver_CCL3L1_to_CCR1,0.0006433901858863881,shap_tree,Receiver,CCL3L1,CCR1,CCL3L1 → CCR1
24,P30,CCC_Sender_CCL4_to_CCR5,0.005605087110995477,shap_tree,Sender,CCL4,CCR5,CCL4 → CCR5
24,P30,CCC_Receiver_CCL4_to_CCR5,0.004517450032932536,shap_tree,Receiver,CCL4,CCR5,CCL4 → CCR5
24,P30,CCC_Sender_CCL5_to_CCR1,0.07707927630685835,shap_tree,Sender,CCL5,CCR1,CCL5 → CCR1
24,P30,CCC_Receiver_CCL5_to_CCR1,0.00016132534085903236,shap_tree,Receiver,CCL5,CCR1,CCL5 → CCR1
24,P30,CCC_Sender_CCL5_to_CCR4,0.014739608983057892,shap_tree,Sender,CCL5,CCR4,CCL5 → CCR4
24,P30,CCC_Receiver_CCL5_to_CCR4,1.98429623224265e-05,shap_tree,Receiver,CCL5,CCR4,CCL5 → CCR4
24,P30,CCC_Sender_CCL5_to_CCR5,0.02058626968713081,shap_tree,Sender,CCL5,CCR5,CCL5 → CCR5
24,P30,CCC_Receiver_CCL5_to_CCR5,0.0003322729008532031,shap_tree,Receiver,CCL5,CCR5,CCL5 → CCR5
24,P30,CCC_Sender_CXCL13_to_CXCR5,0.0002336621659161966,shap_tree,Sender,CXCL13,CXCR5,CXCL13 → CXCR5
24,P30,CCC_Receiver_CXCL13_to_CXCR5,4.7482214625938004e-05,shap_tree,Receiver,CXCL13,CXCR5,CXCL13 → CXCR5
24,P30,CCC_Sender_CXCL16_to_CXCR6,0.00010609593897622903,shap_tree,Sender,CXCL16,CXCR6,CXCL16 → CXCR6
24,P30,CCC_Receiver_CXCL16_to_CXCR6,0.0009048461554871842,shap_tree,Receiver,CXCL16,CXCR6,CXCL16 → CXCR6
24,P30,CCC_Sender_CXCL2_to_DPP4,1.5070943177464401e-05,shap_tree,Sender,CXCL2,DPP4,CXCL2 → DPP4
24,P30,CCC_Receiver_CXCL2_to_DPP4,6.642745107458656e-06,shap_tree,Receiver,CXCL2,DPP4,CXCL2 → DPP4
24,P30,CCC_Sender_CSF1_to_CSF1R,0.00023334773213549325,shap_tree,Sender,CSF1,CSF1R,CSF1 → CSF1R
24,P30,CCC_Receiver_CSF1_to_CSF1R,0.0018793240610497463,shap_tree,Receiver,CSF1,CSF1R,CSF1 → CSF1R
24,P30,CCC_Sender_LGALS9_to_HAVCR2,0.009162185876252928,shap_tree,Sender,LGALS9,HAVCR2,LGALS9 → HAVCR2
24,P30,CCC_Receiver_LGALS9_to_HAVCR2,0.010735873137320405,shap_tree,Receiver,LGALS9,HAVCR2,LGALS9 → HAVCR2
24,P30,CCC_Sender_LGALS9_to_P4HB,0.006036872923553737,shap_tree,Sender,LGALS9,P4HB,LGALS9 → P4HB
24,P30,CCC_Receiver_LGALS9_to_P4HB,0.036399411278674965,shap_tree,Receiver,LGALS9,P4HB,LGALS9 → P4HB
24,P30,CCC_Sender_HLA-B_to_KIR3DL2,0.011073837515517625,shap_tree,Sender,HLA-B,KIR3DL2,HLA-B → KIR3DL2
24,P30,CCC_Receiver_HLA-B_to_KIR3DL2,7.65242198214568e-06,shap_tree,Receiver,HLA-B,KIR3DL2,HLA-B → KIR3DL2
24,P30,CCC_Sender_HLA-C_to_KIR2DL3,0.016516929442082624,shap_tree,Sender,HLA-C,KIR2DL3,HLA-C → KIR2DL3
24,P30,CCC_Receiver_HLA-C_to_KIR2DL3,2.6809294060793075e-06,shap_tree,Receiver,HLA-C,KIR2DL3,HLA-C → KIR2DL3
24,P30,CCC_Sender_HLA-E_to_KLRC1,0.011270434126913925,shap_tree,Sender,HLA-E,KLRC1,HLA-E → KLRC1
24,P30,CCC_Receiver_HLA-E_to_KLRC1,3.767163325731106e-05,shap_tree,Receiver,HLA-E,KLRC1,HLA-E → KLRC1
24,P30,CCC_Sender_HLA-E_to_KLRC2,0.021934901986615355,shap_tree,Sender,HLA-E,KLRC2,HLA-E → KLRC2
24,P30,CCC_Receiver_HLA-E_to_KLRC2,4.129787030255212e-06,shap_tree,Receiver,HLA-E,KLRC2,HLA-E → KLRC2
24,P30,CCC_Sender_HLA-E_to_KLRK1,0.006851295877464214,shap_tree,Sender,HLA-E,KLRK1,HLA-E → KLRK1
24,P30,CCC_Receiver_HLA-E_to_KLRK1,0.00025572979343503816,shap_tree,Receiver,HLA-E,KLRK1,HLA-E → KLRK1
24,P30,CCC_Sender_HLA-F_to_KIR3DL2,0.0029454448655722378,shap_tree,Sender,HLA-F,KIR3DL2,HLA-F → KIR3DL2
24,P30,CCC_Receiver_HLA-F_to_KIR3DL2,1.4286700647517115e-06,shap_tree,Receiver,HLA-F,KIR3DL2,HLA-F → KIR3DL2
24,P30,CCC_Sender_HLA-F_to_LILRB1,0.0051244390635772534,shap_tree,Sender,HLA-F,LILRB1,HLA-F → LILRB1
24,P30,CCC_Receiver_HLA-F_to_LILRB1,1.023926234207003e-05,shap_tree,Receiver,HLA-F,LILRB1,HLA-F → LILRB1
24,P30,CCC_Sender_HLA-F_to_LILRB2,0.06209323053716768,shap_tree,Sender,HLA-F,LILRB2,HLA-F → LILRB2
24,P30,CCC_Receiver_HLA-F_to_LILRB2,0.0005473900375436643,shap_tree,Receiver,HLA-F,LILRB2,HLA-F → LILRB2
24,P30,CCC_Sender_HLA-G_to_LILRB1,0.003471615696967274,shap_tree,Sender,HLA-G,LILRB1,HLA-G → LILRB1
24,P30,CCC_Receiver_HLA-G_to_LILRB1,5.499812100093558e-05,shap_tree,Receiver,HLA-G,LILRB1,HLA-G → LILRB1
24,P30,CCC_Sender_HLA-G_to_LILRB2,0.042696159947480314,shap_tree,Sender,HLA-G,LILRB2,HLA-G → LILRB2
24,P30,CCC_Receiver_HLA-G_to_LILRB2,0.0013280104467882524,shap_tree,Receiver,HLA-G,LILRB2,HLA-G → LILRB2
24,P30,CCC_Sender_LTB_to_LTBR,0.0068351704175860905,shap_tree,Sender,LTB,LTBR,LTB → LTBR
24,P30,CCC_Receiver_LTB_to_LTBR,0.00045116589551560477,shap_tree,Receiver,LTB,LTBR,LTB → LTBR
24,P30,CCC_Sender_PVR_to_CD226,0.0,shap_tree,Sender,PVR,CD226,PVR → CD226
24,P30,CCC_Receiver_PVR_to_CD226,1.301140945748957e-06,shap_tree,Receiver,PVR,CD226,PVR → CD226
24,P30,CCC_Sender_PVR_to_CD96,1.3948870941438151e-05,shap_tree,Sender,PVR,CD96,PVR → CD96
24,P30,CCC_Receiver_PVR_to_CD96,0.006947988136179167,shap_tree,Receiver,PVR,CD96,PVR → CD96
24,P30,CCC_Sender_PVR_to_TIGIT,0.0,shap_tree,Sender,PVR,TIGIT,PVR → TIGIT
24,P30,CCC_Receiver_PVR_to_TIGIT,0.007016332681667251,shap_tree,Receiver,PVR,TIGIT,PVR → TIGIT
24,P30,CCC_Sender_SELPLG_to_SELL,0.002726417604317504,shap_tree,Sender,SELPLG,SELL,SELPLG → SELL
24,P30,CCC_Receiver_SELPLG_to_SELL,0.00044865288286266515,shap_tree,Receiver,SELPLG,SELL,SELPLG → SELL
24,P30,CCC_Sender_TGFB1_to_TGFBR3,1.8302228618820508e-05,shap_tree,Sender,TGFB1,TGFBR3,TGFB1 → TGFBR3
24,P30,CCC_Receiver_TGFB1_to_TGFBR3,5.1527155895538676e-05,shap_tree,Receiver,TGFB1,TGFBR3,TGFB1 → TGFBR3
24,P30,CCC_Sender_BTLA_to_TNFRSF14,0.00012446853652495546,shap_tree,Sender,BTLA,TNFRSF14,BTLA → TNFRSF14
24,P30,CCC_Receiver_BTLA_to_TNFRSF14,0.0029859558115336686,shap_tree,Receiver,BTLA,TNFRSF14,BTLA → TNFRSF14
24,P30,CCC_Sender_FASLG_to_FAS,5.033173851561058e-05,shap_tree,Sender,FASLG,FAS,FASLG → FAS
24,P30,CCC_Receiver_FASLG_to_FAS,0.00025143224034796305,shap_tree,Receiver,FASLG,FAS,FASLG → FAS
24,P30,CCC_Sender_LTA_to_TNFRSF14,4.7378634966053504e-05,shap_tree,Sender,LTA,TNFRSF14,LTA → TNFRSF14
24,P30,CCC_Receiver_LTA_to_TNFRSF14,0.0014102694032074904,shap_tree,Receiver,LTA,TNFRSF14,LTA → TNFRSF14
24,P30,CCC_Sender_LTA_to_TNFRSF1A,1.2760034535205331e-05,shap_tree,Sender,LTA,TNFRSF1A,LTA → TNFRSF1A
24,P30,CCC_Receiver_LTA_to_TNFRSF1A,6.348847879267195e-05,shap_tree,Receiver,LTA,TNFRSF1A,LTA → TNFRSF1A
24,P30,CCC_Sender_LTA_to_TNFRSF1B,0.00011000003878167075,shap_tree,Sender,LTA,TNFRSF1B,LTA → TNFRSF1B
24,P30,CCC_Receiver_LTA_to_TNFRSF1B,0.0015109789508203093,shap_tree,Receiver,LTA,TNFRSF1B,LTA → TNFRSF1B
24,P30,CCC_Sender_TNF_to_TNFRSF1A,0.001032382179419605,shap_tree,Sender,TNF,TNFRSF1A,TNF → TNFRSF1A
24,P30,CCC_Receiver_TNF_to_TNFRSF1A,0.0001980757909313533,shap_tree,Receiver,TNF,TNFRSF1A,TNF → TNFRSF1A
24,P30,CCC_Sender_TNF_to_TNFRSF1B,2.8567331075196954e-05,shap_tree,Sender,TNF,TNFRSF1B,TNF → TNFRSF1B
24,P30,CCC_Receiver_TNF_to_TNFRSF1B,0.006611887350633992,shap_tree,Receiver,TNF,TNFRSF1B,TNF → TNFRSF1B
24,P30,CCC_Sender_TNFSF10_to_TNFRSF10A,7.186208562730601e-05,shap_tree,Sender,TNFSF10,TNFRSF10A,TNFSF10 → TNFRSF10A
24,P30,CCC_Receiver_TNFSF10_to_TNFRSF10A,7.804018265196178e-06,shap_tree,Receiver,TNFSF10,TNFRSF10A,TNFSF10 → TNFRSF10A
24,P30,CCC_Sender_TNFSF10_to_TNFRSF10B,4.251467778886223e-05,shap_tree,Sender,TNFSF10,TNFRSF10B,TNFSF10 → TNFRSF10B
24,P30,CCC_Receiver_TNFSF10_to_TNFRSF10B,9.788331909989256e-06,shap_tree,Receiver,TNFSF10,TNFRSF10B,TNFSF10 → TNFRSF10B
24,P30,CCC_Sender_TNFSF10_to_TNFRSF10D,0.00030622377553929896,shap_tree,Sender,TNFSF10,TNFRSF10D,TNFSF10 → TNFRSF10D
24,P30,CCC_Receiver_TNFSF10_to_TNFRSF10D,2.8565645116947606e-06,shap_tree,Receiver,TNFSF10,TNFRSF10D,TNFSF10 → TNFRSF10D
24,P30,CCC_Sender_TNFSF12_to_TNFRSF12A,3.0867123154217834e-06,shap_tree,Sender,TNFSF12,TNFRSF12A,TNFSF12 → TNFRSF12A
24,P30,CCC_Receiver_TNFSF12_to_TNFRSF12A,4.058291435741743e-06,shap_tree,Receiver,TNFSF12,TNFRSF12A,TNFSF12 → TNFRSF12A
24,P30,CCC_Sender_TNFSF12_to_TNFRSF25,2.9442522522279036e-05,shap_tree,Sender,TNFSF12,TNFRSF25,TNFSF12 → TNFRSF25
24,P30,CCC_Receiver_TNFSF12_to_TNFRSF25,0.00015317055462270526,shap_tree,Receiver,TNFSF12,TNFRSF25,TNFSF12 → TNFRSF25
24,P30,CCC_Sender_TNFSF14_to_LTBR,6.857464933535645e-05,shap_tree,Sender,TNFSF14,LTBR,TNFSF14 → LTBR
24,P30,CCC_Receiver_TNFSF14_to_LTBR,0.0010542204784198457,shap_tree,Receiver,TNFSF14,LTBR,TNFSF14 → LTBR
24,P30,CCC_Sender_TNFSF14_to_TNFRSF14,4.283823355263709e-06,shap_tree,Sender,TNFSF14,TNFRSF14,TNFSF14 → TNFRSF14
24,P30,CCC_Receiver_TNFSF14_to_TNFRSF14,0.001902989521805221,shap_tree,Receiver,TNFSF14,TNFRSF14,TNFSF14 → TNFRSF14
24,P30,CCC_Sender_TNFSF4_to_TNFRSF4,2.31777378420798e-06,shap_tree,Sender,TNFSF4,TNFRSF4,TNFSF4 → TNFRSF4
24,P30,CCC_Receiver_TNFSF4_to_TNFRSF4,0.0004085578995831156,shap_tree,Receiver,TNFSF4,TNFRSF4,TNFSF4 → TNFRSF4
24,P30,CCC_Sender_TNFSF9_to_TNFRSF9,0.0001434326265251137,shap_tree,Sender,TNFSF9,TNFRSF9,TNFSF9 → TNFRSF9
24,P30,CCC_Receiver_TNFSF9_to_TNFRSF9,0.0002980429080284282,shap_tree,Receiver,TNFSF9,TNFRSF9,TNFSF9 → TNFRSF9
24,P30,CCC_Sender_VEGFA_to_NRP1,5.474333424435842e-05,shap_tree,Sender,VEGFA,NRP1,VEGFA → NRP1
24,P30,CCC_Receiver_VEGFA_to_NRP1,0.0002273373773547507,shap_tree,Receiver,VEGFA,NRP1,VEGFA → NRP1
24,P30,CCC_Sender_VEGFA_to_NRP2,0.00023556156884375448,shap_tree,Sender,VEGFA,NRP2,VEGFA → NRP2
24,P30,CCC_Receiver_VEGFA_to_NRP2,4.708728934286114e-06,shap_tree,Receiver,VEGFA,NRP2,VEGFA → NRP2
24,P30,CCC_Sender_VEGFB_to_NRP1,8.96909624033752e-06,shap_tree,Sender,VEGFB,NRP1,VEGFB → NRP1
24,P30,CCC_Receiver_VEGFB_to_NRP1,0.0001302072232455864,shap_tree,Receiver,VEGFB,NRP1,VEGFB → NRP1
24,P30,CCC_Sender_CD274_to_PDCD1,8.729184850454124e-06,shap_tree,Sender,CD274,PDCD1,CD274 → PDCD1
24,P30,CCC_Receiver_CD274_to_PDCD1,0.002189893431728479,shap_tree,Receiver,CD274,PDCD1,CD274 → PDCD1
24,P30,CCC_Sender_CD86_to_CTLA4,0.0008752153072906434,shap_tree,Sender,CD86,CTLA4,CD86 → CTLA4
24,P30,CCC_Receiver_CD86_to_CTLA4,0.008917728166576964,shap_tree,Receiver,CD86,CTLA4,CD86 → CTLA4
24,P30,CCC_Sender_CD86_to_CD28,0.00035831576347673875,shap_tree,Sender,CD86,CD28,CD86 → CD28
24,P30,CCC_Receiver_CD86_to_CD28,0.001013605962374692,shap_tree,Receiver,CD86,CD28,CD86 → CD28
24,P30,CCC_Sender_ICOSLG_to_ICOS,1.4777650908930944e-05,shap_tree,Sender,ICOSLG,ICOS,ICOSLG → ICOS
24,P30,CCC_Receiver_ICOSLG_to_ICOS,0.0003439118183938084,shap_tree,Receiver,ICOSLG,ICOS,ICOSLG → ICOS
24,P30,CCC_Sender_CD40LG_to_CD40,2.24817737102881e-05,shap_tree,Sender,CD40LG,CD40,CD40LG → CD40
24,P30,CCC_Receiver_CD40LG_to_CD40,9.152862950847053e-05,shap_tree,Receiver,CD40LG,CD40,CD40LG → CD40
25,P31,CCC_Sender_ICAM1_to_ITGAL,0.00014172841535716138,shap_tree,Sender,ICAM1,ITGAL,ICAM1 → ITGAL
25,P31,CCC_Receiver_ICAM1_to_ITGAL,0.005531924054359688,shap_tree,Receiver,ICAM1,ITGAL,ICAM1 → ITGAL
25,P31,CCC_Sender_CCL2_to_CCR2,2.098073405588028e-06,shap_tree,Sender,CCL2,CCR2,CCL2 → CCR2
25,P31,CCC_Receiver_CCL2_to_CCR2,0.0001066541173772807,shap_tree,Receiver,CCL2,CCR2,CCL2 → CCR2
25,P31,CCC_Sender_CCL3_to_CCR1,0.004476336034246331,shap_tree,Sender,CCL3,CCR1,CCL3 → CCR1
25,P31,CCC_Receiver_CCL3_to_CCR1,6.728778173212435e-05,shap_tree,Receiver,CCL3,CCR1,CCL3 → CCR1
25,P31,CCC_Sender_CCL3_to_CCR5,0.004444108961369286,shap_tree,Sender,CCL3,CCR5,CCL3 → CCR5
25,P31,CCC_Receiver_CCL3_to_CCR5,0.004758939812632583,shap_tree,Receiver,CCL3,CCR5,CCL3 → CCR5
25,P31,CCC_Sender_CCL3L1_to_CCR1,0.0003270394299458721,shap_tree,Sender,CCL3L1,CCR1,CCL3L1 → CCR1
25,P31,CCC_Receiver_CCL3L1_to_CCR1,0.00021743981548189207,shap_tree,Receiver,CCL3L1,CCR1,CCL3L1 → CCR1
25,P31,CCC_Sender_CCL4_to_CCR5,0.00665002878863736,shap_tree,Sender,CCL4,CCR5,CCL4 → CCR5
25,P31,CCC_Receiver_CCL4_to_CCR5,0.0022619657905485354,shap_tree,Receiver,CCL4,CCR5,CCL4 → CCR5
25,P31,CCC_Sender_CCL5_to_CCR1,0.06519248437137379,shap_tree,Sender,CCL5,CCR1,CCL5 → CCR1
25,P31,CCC_Receiver_CCL5_to_CCR1,0.00010623390525188383,shap_tree,Receiver,CCL5,CCR1,CCL5 → CCR1
25,P31,CCC_Sender_CCL5_to_CCR4,0.004472228553557531,shap_tree,Sender,CCL5,CCR4,CCL5 → CCR4
25,P31,CCC_Receiver_CCL5_to_CCR4,3.993510881125131e-05,shap_tree,Receiver,CCL5,CCR4,CCL5 → CCR4
25,P31,CCC_Sender_CCL5_to_CCR5,0.017821812016395072,shap_tree,Sender,CCL5,CCR5,CCL5 → CCR5
25,P31,CCC_Receiver_CCL5_to_CCR5,0.0008173435701106554,shap_tree,Receiver,CCL5,CCR5,CCL5 → CCR5
25,P31,CCC_Sender_CXCL13_to_CXCR5,0.0001222980120781515,shap_tree,Sender,CXCL13,CXCR5,CXCL13 → CXCR5
25,P31,CCC_Receiver_CXCL13_to_CXCR5,7.171514679930007e-05,shap_tree,Receiver,CXCL13,CXCR5,CXCL13 → CXCR5
25,P31,CCC_Sender_CXCL16_to_CXCR6,3.3716283423662713e-05,shap_tree,Sender,CXCL16,CXCR6,CXCL16 → CXCR6
25,P31,CCC_Receiver_CXCL16_to_CXCR6,0.00025432480517191753,shap_tree,Receiver,CXCL16,CXCR6,CXCL16 → CXCR6
25,P31,CCC_Sender_CXCL2_to_DPP4,6.613544433889437e-06,shap_tree,Sender,CXCL2,DPP4,CXCL2 → DPP4
25,P31,CCC_Receiver_CXCL2_to_DPP4,1.7040872402263677e-05,shap_tree,Receiver,CXCL2,DPP4,CXCL2 → DPP4
25,P31,CCC_Sender_CSF1_to_CSF1R,8.643983123651566e-05,shap_tree,Sender,CSF1,CSF1R,CSF1 → CSF1R
25,P31,CCC_Receiver_CSF1_to_CSF1R,0.0007933070401225999,shap_tree,Receiver,CSF1,CSF1R,CSF1 → CSF1R
25,P31,CCC_Sender_LGALS9_to_HAVCR2,0.015853143693355966,shap_tree,Sender,LGALS9,HAVCR2,LGALS9 → HAVCR2
25,P31,CCC_Receiver_LGALS9_to_HAVCR2,0.007538446387500442,shap_tree,Receiver,LGALS9,HAVCR2,LGALS9 → HAVCR2
25,P31,CCC_Sender_LGALS9_to_P4HB,0.0030438081920135603,shap_tree,Sender,LGALS9,P4HB,LGALS9 → P4HB
25,P31,CCC_Receiver_LGALS9_to_P4HB,0.011736461874107464,shap_tree,Receiver,LGALS9,P4HB,LGALS9 → P4HB
25,P31,CCC_Sender_HLA-B_to_KIR3DL2,0.08659729485709447,shap_tree,Sender,HLA-B,KIR3DL2,HLA-B → KIR3DL2
25,P31,CCC_Receiver_HLA-B_to_KIR3DL2,1.0883993027743521e-05,shap_tree,Receiver,HLA-B,KIR3DL2,HLA-B → KIR3DL2
25,P31,CCC_Sender_HLA-C_to_KIR2DL3,0.031925657632439444,shap_tree,Sender,HLA-C,KIR2DL3,HLA-C → KIR2DL3
25,P31,CCC_Receiver_HLA-C_to_KIR2DL3,0.00011127563379185833,shap_tree,Receiver,HLA-C,KIR2DL3,HLA-C → KIR2DL3
25,P31,CCC_Sender_HLA-E_to_KLRC1,0.01528502095958384,shap_tree,Sender,HLA-E,KLRC1,HLA-E → KLRC1
25,P31,CCC_Receiver_HLA-E_to_KLRC1,7.193340326615863e-05,shap_tree,Receiver,HLA-E,KLRC1,HLA-E → KLRC1
25,P31,CCC_Sender_HLA-E_to_KLRC2,0.02981416431966981,shap_tree,Sender,HLA-E,KLRC2,HLA-E → KLRC2
25,P31,CCC_Receiver_HLA-E_to_KLRC2,8.426210031810827e-05,shap_tree,Receiver,HLA-E,KLRC2,HLA-E → KLRC2
25,P31,CCC_Sender_HLA-E_to_KLRK1,0.02086787409782054,shap_tree,Sender,HLA-E,KLRK1,HLA-E → KLRK1
25,P31,CCC_Receiver_HLA-E_to_KLRK1,0.001826523031509334,shap_tree,Receiver,HLA-E,KLRK1,HLA-E → KLRK1
25,P31,CCC_Sender_HLA-F_to_KIR3DL2,0.018263354434107395,shap_tree,Sender,HLA-F,KIR3DL2,HLA-F → KIR3DL2
25,P31,CCC_Receiver_HLA-F_to_KIR3DL2,2.4678829498571024e-05,shap_tree,Receiver,HLA-F,KIR3DL2,HLA-F → KIR3DL2
25,P31,CCC_Sender_HLA-F_to_LILRB1,0.0058061858338696705,shap_tree,Sender,HLA-F,LILRB1,HLA-F → LILRB1
25,P31,CCC_Receiver_HLA-F_to_LILRB1,7.185467108682044e-06,shap_tree,Receiver,HLA-F,LILRB1,HLA-F → LILRB1
25,P31,CCC_Sender_HLA-F_to_LILRB2,0.03461798489723415,shap_tree,Sender,HLA-F,LILRB2,HLA-F → LILRB2
25,P31,CCC_Receiver_HLA-F_to_LILRB2,0.0006124412125419186,shap_tree,Receiver,HLA-F,LILRB2,HLA-F → LILRB2
25,P31,CCC_Sender_HLA-G_to_LILRB1,0.002043754603167723,shap_tree,Sender,HLA-G,LILRB1,HLA-G → LILRB1
25,P31,CCC_Receiver_HLA-G_to_LILRB1,2.3339722749870316e-05,shap_tree,Receiver,HLA-G,LILRB1,HLA-G → LILRB1
25,P31,CCC_Sender_HLA-G_to_LILRB2,0.0225170950658267,shap_tree,Sender,HLA-G,LILRB2,HLA-G → LILRB2
25,P31,CCC_Receiver_HLA-G_to_LILRB2,0.00025954643832345597,shap_tree,Receiver,HLA-G,LILRB2,HLA-G → LILRB2
25,P31,CCC_Sender_LTB_to_LTBR,0.0008138784191844239,shap_tree,Sender,LTB,LTBR,LTB → LTBR
25,P31,CCC_Receiver_LTB_to_LTBR,6.168481137335956e-05,shap_tree,Receiver,LTB,LTBR,LTB → LTBR
25,P31,CCC_Sender_PVR_to_CD226,8.16329181912504e-06,shap_tree,Sender,PVR,CD226,PVR → CD226
25,P31,CCC_Receiver_PVR_to_CD226,3.4536183769776356e-05,shap_tree,Receiver,PVR,CD226,PVR → CD226
25,P31,CCC_Sender_PVR_to_CD96,7.583095860795525e-06,shap_tree,Sender,PVR,CD96,PVR → CD96
25,P31,CCC_Receiver_PVR_to_CD96,0.005603446242261917,shap_tree,Receiver,PVR,CD96,PVR → CD96
25,P31,CCC_Sender_PVR_to_TIGIT,0.0,shap_tree,Sender,PVR,TIGIT,PVR → TIGIT
25,P31,CCC_Receiver_PVR_to_TIGIT,0.00878242100331698,shap_tree,Receiver,PVR,TIGIT,PVR → TIGIT
25,P31,CCC_Sender_SELPLG_to_SELL,0.001290471521558049,shap_tree,Sender,SELPLG,SELL,SELPLG → SELL
25,P31,CCC_Receiver_SELPLG_to_SELL,0.0015137662619696228,shap_tree,Receiver,SELPLG,SELL,SELPLG → SELL
25,P31,CCC_Sender_TGFB1_to_TGFBR3,4.3962659553581574e-05,shap_tree,Sender,TGFB1,TGFBR3,TGFB1 → TGFBR3
25,P31,CCC_Receiver_TGFB1_to_TGFBR3,4.645385590713556e-05,shap_tree,Receiver,TGFB1,TGFBR3,TGFB1 → TGFBR3
25,P31,CCC_Sender_BTLA_to_TNFRSF14,3.94352957446934e-06,shap_tree,Sender,BTLA,TNFRSF14,BTLA → TNFRSF14
25,P31,CCC_Receiver_BTLA_to_TNFRSF14,0.0006126213815908474,shap_tree,Receiver,BTLA,TNFRSF14,BTLA → TNFRSF14
25,P31,CCC_Sender_FASLG_to_FAS,1.959229528598181e-05,shap_tree,Sender,FASLG,FAS,FASLG → FAS
25,P31,CCC_Receiver_FASLG_to_FAS,0.0012666868545749197,shap_tree,Receiver,FASLG,FAS,FASLG → FAS
25,P31,CCC_Sender_LTA_to_TNFRSF14,3.7660238383748327e-06,shap_tree,Sender,LTA,TNFRSF14,LTA → TNFRSF14
25,P31,CCC_Receiver_LTA_to_TNFRSF14,0.0008392067208610439,shap_tree,Receiver,LTA,TNFRSF14,LTA → TNFRSF14
25,P31,CCC_Sender_LTA_to_TNFRSF1A,6.6867350153073285e-06,shap_tree,Sender,LTA,TNFRSF1A,LTA → TNFRSF1A
25,P31,CCC_Receiver_LTA_to_TNFRSF1A,4.650808962566778e-05,shap_tree,Receiver,LTA,TNFRSF1A,LTA → TNFRSF1A
25,P31,CCC_Sender_LTA_to_TNFRSF1B,5.533538635905876e-06,shap_tree,Sender,LTA,TNFRSF1B,LTA → TNFRSF1B
25,P31,CCC_Receiver_LTA_to_TNFRSF1B,0.0006661720189384451,shap_tree,Receiver,LTA,TNFRSF1B,LTA → TNFRSF1B
25,P31,CCC_Sender_TNF_to_TNFRSF1A,0.0004585759884028983,shap_tree,Sender,TNF,TNFRSF1A,TNF → TNFRSF1A
25,P31,CCC_Receiver_TNF_to_TNFRSF1A,0.0002608038772145407,shap_tree,Receiver,TNF,TNFRSF1A,TNF → TNFRSF1A
25,P31,CCC_Sender_TNF_to_TNFRSF1B,0.00012063678925549756,shap_tree,Sender,TNF,TNFRSF1B,TNF → TNFRSF1B
25,P31,CCC_Receiver_TNF_to_TNFRSF1B,0.0025493965812849145,shap_tree,Receiver,TNF,TNFRSF1B,TNF → TNFRSF1B
25,P31,CCC_Sender_TNFSF10_to_TNFRSF10A,5.204381072718661e-06,shap_tree,Sender,TNFSF10,TNFRSF10A,TNFSF10 → TNFRSF10A
25,P31,CCC_Receiver_TNFSF10_to_TNFRSF10A,7.534380602190809e-06,shap_tree,Receiver,TNFSF10,TNFRSF10A,TNFSF10 → TNFRSF10A
25,P31,CCC_Sender_TNFSF10_to_TNFRSF10B,5.879316065693222e-05,shap_tree,Sender,TNFSF10,TNFRSF10B,TNFSF10 → TNFRSF10B
25,P31,CCC_Receiver_TNFSF10_to_TNFRSF10B,1.7958764353447604e-05,shap_tree,Receiver,TNFSF10,TNFRSF10B,TNFSF10 → TNFRSF10B
25,P31,CCC_Sender_TNFSF10_to_TNFRSF10D,8.291895358145786e-05,shap_tree,Sender,TNFSF10,TNFRSF10D,TNFSF10 → TNFRSF10D
25,P31,CCC_Receiver_TNFSF10_to_TNFRSF10D,3.927627272258708e-07,shap_tree,Receiver,TNFSF10,TNFRSF10D,TNFSF10 → TNFRSF10D
25,P31,CCC_Sender_TNFSF12_to_TNFRSF12A,9.759136117010883e-07,shap_tree,Sender,TNFSF12,TNFRSF12A,TNFSF12 → TNFRSF12A
25,P31,CCC_Receiver_TNFSF12_to_TNFRSF12A,1.2587255634057614e-06,shap_tree,Receiver,TNFSF12,TNFRSF12A,TNFSF12 → TNFRSF12A
25,P31,CCC_Sender_TNFSF12_to_TNFRSF25,3.444871748882343e-05,shap_tree,Sender,TNFSF12,TNFRSF25,TNFSF12 → TNFRSF25
25,P31,CCC_Receiver_TNFSF12_to_TNFRSF25,0.0001664139580680271,shap_tree,Receiver,TNFSF12,TNFRSF25,TNFSF12 → TNFRSF25
25,P31,CCC_Sender_TNFSF14_to_LTBR,4.4026370402765305e-06,shap_tree,Sender,TNFSF14,LTBR,TNFSF14 → LTBR
25,P31,CCC_Receiver_TNFSF14_to_LTBR,9.104664256072146e-05,shap_tree,Receiver,TNFSF14,LTBR,TNFSF14 → LTBR
25,P31,CCC_Sender_TNFSF14_to_TNFRSF14,9.92580479679678e-06,shap_tree,Sender,TNFSF14,TNFRSF14,TNFSF14 → TNFRSF14
25,P31,CCC_Receiver_TNFSF14_to_TNFRSF14,0.003108546027939057,shap_tree,Receiver,TNFSF14,TNFRSF14,TNFSF14 → TNFRSF14
25,P31,CCC_Sender_TNFSF4_to_TNFRSF4,2.9794347270169886e-06,shap_tree,Sender,TNFSF4,TNFRSF4,TNFSF4 → TNFRSF4
25,P31,CCC_Receiver_TNFSF4_to_TNFRSF4,0.002948859496163551,shap_tree,Receiver,TNFSF4,TNFRSF4,TNFSF4 → TNFRSF4
25,P31,CCC_Sender_TNFSF9_to_TNFRSF9,0.0003764733156742118,shap_tree,Sender,TNFSF9,TNFRSF9,TNFSF9 → TNFRSF9
25,P31,CCC_Receiver_TNFSF9_to_TNFRSF9,8.049032805140802e-05,shap_tree,Receiver,TNFSF9,TNFRSF9,TNFSF9 → TNFRSF9
25,P31,CCC_Sender_VEGFA_to_NRP1,6.217799546354307e-05,shap_tree,Sender,VEGFA,NRP1,VEGFA → NRP1
25,P31,CCC_Receiver_VEGFA_to_NRP1,0.00031493969757195894,shap_tree,Receiver,VEGFA,NRP1,VEGFA → NRP1
25,P31,CCC_Sender_VEGFA_to_NRP2,7.619426330180244e-05,shap_tree,Sender,VEGFA,NRP2,VEGFA → NRP2
25,P31,CCC_Receiver_VEGFA_to_NRP2,7.681253171529027e-05,shap_tree,Receiver,VEGFA,NRP2,VEGFA → NRP2
25,P31,CCC_Sender_VEGFB_to_NRP1,2.9864003296935154e-07,shap_tree,Sender,VEGFB,NRP1,VEGFB → NRP1
25,P31,CCC_Receiver_VEGFB_to_NRP1,3.2105558701565066e-05,shap_tree,Receiver,VEGFB,NRP1,VEGFB → NRP1
25,P31,CCC_Sender_CD274_to_PDCD1,1.949465420104469e-05,shap_tree,Sender,CD274,PDCD1,CD274 → PDCD1
25,P31,CCC_Receiver_CD274_to_PDCD1,0.0031310698328585527,shap_tree,Receiver,CD274,PDCD1,CD274 → PDCD1
25,P31,CCC_Sender_CD86_to_CTLA4,0.0003250341424847233,shap_tree,Sender,CD86,CTLA4,CD86 → CTLA4
25,P31,CCC_Receiver_CD86_to_CTLA4,0.0021137354268393163,shap_tree,Receiver,CD86,CTLA4,CD86 → CTLA4
25,P31,CCC_Sender_CD86_to_CD28,2.2401820383498206e-05,shap_tree,Sender,CD86,CD28,CD86 → CD28
25,P31,CCC_Receiver_CD86_to_CD28,0.0016447092062746723,shap_tree,Receiver,CD86,CD28,CD86 → CD28
25,P31,CCC_Sender_ICOSLG_to_ICOS,0.0,shap_tree,Sender,ICOSLG,ICOS,ICOSLG → ICOS
25,P31,CCC_Receiver_ICOSLG_to_ICOS,0.0005406213497685717,shap_tree,Receiver,ICOSLG,ICOS,ICOSLG → ICOS
25,P31,CCC_Sender_CD40LG_to_CD40,1.2292056148494017e-05,shap_tree,Sender,CD40LG,CD40,CD40LG → CD40
25,P31,CCC_Receiver_CD40LG_to_CD40,6.785215705124845e-06,shap_tree,Receiver,CD40LG,CD40,CD40LG → CD40
26,P33,CCC_Sender_ICAM1_to_ITGAL,7.420702550302776e-06,shap_tree,Sender,ICAM1,ITGAL,ICAM1 → ITGAL
26,P33,CCC_Receiver_ICAM1_to_ITGAL,0.0028750576947318947,shap_tree,Receiver,ICAM1,ITGAL,ICAM1 → ITGAL
26,P33,CCC_Sender_CCL2_to_CCR2,2.11859006559826e-05,shap_tree,Sender,CCL2,CCR2,CCL2 → CCR2
26,P33,CCC_Receiver_CCL2_to_CCR2,0.0,shap_tree,Receiver,CCL2,CCR2,CCL2 → CCR2
26,P33,CCC_Sender_CCL3_to_CCR1,0.006617411584964407,shap_tree,Sender,CCL3,CCR1,CCL3 → CCR1
26,P33,CCC_Receiver_CCL3_to_CCR1,4.287099319419797e-06,shap_tree,Receiver,CCL3,CCR1,CCL3 → CCR1
26,P33,CCC_Sender_CCL3_to_CCR5,0.002756867654656294,shap_tree,Sender,CCL3,CCR5,CCL3 → CCR5
26,P33,CCC_Receiver_CCL3_to_CCR5,0.0015761171431229637,shap_tree,Receiver,CCL3,CCR5,CCL3 → CCR5
26,P33,CCC_Sender_CCL3L1_to_CCR1,0.0003580053546669015,shap_tree,Sender,CCL3L1,CCR1,CCL3L1 → CCR1
26,P33,CCC_Receiver_CCL3L1_to_CCR1,0.00038254607195374206,shap_tree,Receiver,CCL3L1,CCR1,CCL3L1 → CCR1
26,P33,CCC_Sender_CCL4_to_CCR5,0.004909393210655463,shap_tree,Sender,CCL4,CCR5,CCL4 → CCR5
26,P33,CCC_Receiver_CCL4_to_CCR5,0.0012058667180673839,shap_tree,Receiver,CCL4,CCR5,CCL4 → CCR5
26,P33,CCC_Sender_CCL5_to_CCR1,0.03934017289138475,shap_tree,Sender,CCL5,CCR1,CCL5 → CCR1
26,P33,CCC_Receiver_CCL5_to_CCR1,0.00015342157227401167,shap_tree,Receiver,CCL5,CCR1,CCL5 → CCR1
26,P33,CCC_Sender_CCL5_to_CCR4,0.004202622046098723,shap_tree,Sender,CCL5,CCR4,CCL5 → CCR4
26,P33,CCC_Receiver_CCL5_to_CCR4,0.0,shap_tree,Receiver,CCL5,CCR4,CCL5 → CCR4
26,P33,CCC_Sender_CCL5_to_CCR5,0.012049251984740937,shap_tree,Sender,CCL5,CCR5,CCL5 → CCR5
26,P33,CCC_Receiver_CCL5_to_CCR5,0.0005749565243063227,shap_tree,Receiver,CCL5,CCR5,CCL5 → CCR5
26,P33,CCC_Sender_CXCL13_to_CXCR5,0.00020710204452897995,shap_tree,Sender,CXCL13,CXCR5,CXCL13 → CXCR5
26,P33,CCC_Receiver_CXCL13_to_CXCR5,1.793517205278368e-05,shap_tree,Receiver,CXCL13,CXCR5,CXCL13 → CXCR5
26,P33,CCC_Sender_CXCL16_to_CXCR6,0.0003746256390395665,shap_tree,Sender,CXCL16,CXCR6,CXCL16 → CXCR6
26,P33,CCC_Receiver_CXCL16_to_CXCR6,0.0003196445975200142,shap_tree,Receiver,CXCL16,CXCR6,CXCL16 → CXCR6
26,P33,CCC_Sender_CXCL2_to_DPP4,0.0,shap_tree,Sender,CXCL2,DPP4,CXCL2 → DPP4
26,P33,CCC_Receiver_CXCL2_to_DPP4,0.0,shap_tree,Receiver,CXCL2,DPP4,CXCL2 → DPP4
26,P33,CCC_Sender_CSF1_to_CSF1R,8.078275817031844e-05,shap_tree,Sender,CSF1,CSF1R,CSF1 → CSF1R
26,P33,CCC_Receiver_CSF1_to_CSF1R,0.000824845842197935,shap_tree,Receiver,CSF1,CSF1R,CSF1 → CSF1R
26,P33,CCC_Sender_LGALS9_to_HAVCR2,0.005286851763665993,shap_tree,Sender,LGALS9,HAVCR2,LGALS9 → HAVCR2
26,P33,CCC_Receiver_LGALS9_to_HAVCR2,0.0048117798218555,shap_tree,Receiver,LGALS9,HAVCR2,LGALS9 → HAVCR2
26,P33,CCC_Sender_LGALS9_to_P4HB,0.0018784971573211722,shap_tree,Sender,LGALS9,P4HB,LGALS9 → P4HB
26,P33,CCC_Receiver_LGALS9_to_P4HB,0.010186434537302067,shap_tree,Receiver,LGALS9,P4HB,LGALS9 → P4HB
26,P33,CCC_Sender_HLA-B_to_KIR3DL2,0.013177535462756804,shap_tree,Sender,HLA-B,KIR3DL2,HLA-B → KIR3DL2
26,P33,CCC_Receiver_HLA-B_to_KIR3DL2,2.3701248747043095e-07,shap_tree,Receiver,HLA-B,KIR3DL2,HLA-B → KIR3DL2
26,P33,CCC_Sender_HLA-C_to_KIR2DL3,0.046534576309267314,shap_tree,Sender,HLA-C,KIR2DL3,HLA-C → KIR2DL3
26,P33,CCC_Receiver_HLA-C_to_KIR2DL3,0.0,shap_tree,Receiver,HLA-C,KIR2DL3,HLA-C → KIR2DL3
26,P33,CCC_Sender_HLA-E_to_KLRC1,0.018356795225145835,shap_tree,Sender,HLA-E,KLRC1,HLA-E → KLRC1
26,P33,CCC_Receiver_HLA-E_to_KLRC1,8.35818975529853e-06,shap_tree,Receiver,HLA-E,KLRC1,HLA-E → KLRC1
26,P33,CCC_Sender_HLA-E_to_KLRC2,0.017004111526555128,shap_tree,Sender,HLA-E,KLRC2,HLA-E → KLRC2
26,P33,CCC_Receiver_HLA-E_to_KLRC2,1.1619769889679374e-06,shap_tree,Receiver,HLA-E,KLRC2,HLA-E → KLRC2
26,P33,CCC_Sender_HLA-E_to_KLRK1,0.005348925375256718,shap_tree,Sender,HLA-E,KLRK1,HLA-E → KLRK1
26,P33,CCC_Receiver_HLA-E_to_KLRK1,1.1565323486864513e-06,shap_tree,Receiver,HLA-E,KLRK1,HLA-E → KLRK1
26,P33,CCC_Sender_HLA-F_to_KIR3DL2,0.0039908152034323525,shap_tree,Sender,HLA-F,KIR3DL2,HLA-F → KIR3DL2
26,P33,CCC_Receiver_HLA-F_to_KIR3DL2,9.398297375677105e-07,shap_tree,Receiver,HLA-F,KIR3DL2,HLA-F → KIR3DL2
26,P33,CCC_Sender_HLA-F_to_LILRB1,0.0037826709318745455,shap_tree,Sender,HLA-F,LILRB1,HLA-F → LILRB1
26,P33,CCC_Receiver_HLA-F_to_LILRB1,0.0,shap_tree,Receiver,HLA-F,LILRB1,HLA-F → LILRB1
26,P33,CCC_Sender_HLA-F_to_LILRB2,0.02822106372549354,shap_tree,Sender,HLA-F,LILRB2,HLA-F → LILRB2
26,P33,CCC_Receiver_HLA-F_to_LILRB2,0.00014098257094332457,shap_tree,Receiver,HLA-F,LILRB2,HLA-F → LILRB2
26,P33,CCC_Sender_HLA-G_to_LILRB1,0.0026968719765494797,shap_tree,Sender,HLA-G,LILRB1,HLA-G → LILRB1
26,P33,CCC_Receiver_HLA-G_to_LILRB1,2.7311542689538132e-06,shap_tree,Receiver,HLA-G,LILRB1,HLA-G → LILRB1
26,P33,CCC_Sender_HLA-G_to_LILRB2,0.018895261795712034,shap_tree,Sender,HLA-G,LILRB2,HLA-G → LILRB2
26,P33,CCC_Receiver_HLA-G_to_LILRB2,0.00017231650017713188,shap_tree,Receiver,HLA-G,LILRB2,HLA-G → LILRB2
26,P33,CCC_Sender_LTB_to_LTBR,0.001209147885267336,shap_tree,Sender,LTB,LTBR,LTB → LTBR
26,P33,CCC_Receiver_LTB_to_LTBR,0.00036668184502721313,shap_tree,Receiver,LTB,LTBR,LTB → LTBR
26,P33,CCC_Sender_PVR_to_CD226,0.0,shap_tree,Sender,PVR,CD226,PVR → CD226
26,P33,CCC_Receiver_PVR_to_CD226,0.0,shap_tree,Receiver,PVR,CD226,PVR → CD226
26,P33,CCC_Sender_PVR_to_CD96,0.0,shap_tree,Sender,PVR,CD96,PVR → CD96
26,P33,CCC_Receiver_PVR_to_CD96,0.0017158117142688657,shap_tree,Receiver,PVR,CD96,PVR → CD96
26,P33,CCC_Sender_PVR_to_TIGIT,0.0,shap_tree,Sender,PVR,TIGIT,PVR → TIGIT
26,P33,CCC_Receiver_PVR_to_TIGIT,0.0010919879604133452,shap_tree,Receiver,PVR,TIGIT,PVR → TIGIT
26,P33,CCC_Sender_SELPLG_to_SELL,0.002232048047923302,shap_tree,Sender,SELPLG,SELL,SELPLG → SELL
26,P33,CCC_Receiver_SELPLG_to_SELL,0.00010277202749653578,shap_tree,Receiver,SELPLG,SELL,SELPLG → SELL
26,P33,CCC_Sender_TGFB1_to_TGFBR3,8.268107368533117e-07,shap_tree,Sender,TGFB1,TGFBR3,TGFB1 → TGFBR3
26,P33,CCC_Receiver_TGFB1_to_TGFBR3,2.9989147862413204e-06,shap_tree,Receiver,TGFB1,TGFBR3,TGFB1 → TGFBR3
26,P33,CCC_Sender_BTLA_to_TNFRSF14,2.8895118893665615e-07,shap_tree,Sender,BTLA,TNFRSF14,BTLA → TNFRSF14
26,P33,CCC_Receiver_BTLA_to_TNFRSF14,0.00026449605769281593,shap_tree,Receiver,BTLA,TNFRSF14,BTLA → TNFRSF14
26,P33,CCC_Sender_FASLG_to_FAS,9.539738979928037e-07,shap_tree,Sender,FASLG,FAS,FASLG → FAS
26,P33,CCC_Receiver_FASLG_to_FAS,0.0,shap_tree,Receiver,FASLG,FAS,FASLG → FAS
26,P33,CCC_Sender_LTA_to_TNFRSF14,1.6170955585158726e-06,shap_tree,Sender,LTA,TNFRSF14,LTA → TNFRSF14
26,P33,CCC_Receiver_LTA_to_TNFRSF14,2.9758294652509174e-05,shap_tree,Receiver,LTA,TNFRSF14,LTA → TNFRSF14
26,P33,CCC_Sender_LTA_to_TNFRSF1A,0.0,shap_tree,Sender,LTA,TNFRSF1A,LTA → TNFRSF1A
26,P33,CCC_Receiver_LTA_to_TNFRSF1A,1.2168342567441671e-05,shap_tree,Receiver,LTA,TNFRSF1A,LTA → TNFRSF1A
26,P33,CCC_Sender_LTA_to_TNFRSF1B,2.137508056925544e-06,shap_tree,Sender,LTA,TNFRSF1B,LTA → TNFRSF1B
26,P33,CCC_Receiver_LTA_to_TNFRSF1B,0.0010568388824029886,shap_tree,Receiver,LTA,TNFRSF1B,LTA → TNFRSF1B
26,P33,CCC_Sender_TNF_to_TNFRSF1A,3.616888736873027e-05,shap_tree,Sender,TNF,TNFRSF1A,TNF → TNFRSF1A
26,P33,CCC_Receiver_TNF_to_TNFRSF1A,0.0003483922164987857,shap_tree,Receiver,TNF,TNFRSF1A,TNF → TNFRSF1A
26,P33,CCC_Sender_TNF_to_TNFRSF1B,1.6326129305495503e-05,shap_tree,Sender,TNF,TNFRSF1B,TNF → TNFRSF1B
26,P33,CCC_Receiver_TNF_to_TNFRSF1B,0.0022083348714010626,shap_tree,Receiver,TNF,TNFRSF1B,TNF → TNFRSF1B
26,P33,CCC_Sender_TNFSF10_to_TNFRSF10A,1.7074256197060602e-05,shap_tree,Sender,TNFSF10,TNFRSF10A,TNFSF10 → TNFRSF10A
26,P33,CCC_Receiver_TNFSF10_to_TNFRSF10A,0.0,shap_tree,Receiver,TNFSF10,TNFRSF10A,TNFSF10 → TNFRSF10A
26,P33,CCC_Sender_TNFSF10_to_TNFRSF10B,5.470411531377292e-05,shap_tree,Sender,TNFSF10,TNFRSF10B,TNFSF10 → TNFRSF10B
26,P33,CCC_Receiver_TNFSF10_to_TNFRSF10B,0.0,shap_tree,Receiver,TNFSF10,TNFRSF10B,TNFSF10 → TNFRSF10B
26,P33,CCC_Sender_TNFSF10_to_TNFRSF10D,0.0,shap_tree,Sender,TNFSF10,TNFRSF10D,TNFSF10 → TNFRSF10D
26,P33,CCC_Receiver_TNFSF10_to_TNFRSF10D,0.0,shap_tree,Receiver,TNFSF10,TNFRSF10D,TNFSF10 → TNFRSF10D
26,P33,CCC_Sender_TNFSF12_to_TNFRSF12A,1.6006811851363679e-06,shap_tree,Sender,TNFSF12,TNFRSF12A,TNFSF12 → TNFRSF12A
26,P33,CCC_Receiver_TNFSF12_to_TNFRSF12A,0.0,shap_tree,Receiver,TNFSF12,TNFRSF12A,TNFSF12 → TNFRSF12A
26,P33,CCC_Sender_TNFSF12_to_TNFRSF25,2.4904100543140287e-06,shap_tree,Sender,TNFSF12,TNFRSF25,TNFSF12 → TNFRSF25
26,P33,CCC_Receiver_TNFSF12_to_TNFRSF25,5.223571811556351e-06,shap_tree,Receiver,TNFSF12,TNFRSF25,TNFSF12 → TNFRSF25
26,P33,CCC_Sender_TNFSF14_to_LTBR,0.0,shap_tree,Sender,TNFSF14,LTBR,TNFSF14 → LTBR
26,P33,CCC_Receiver_TNFSF14_to_LTBR,0.00023749989269972584,shap_tree,Receiver,TNFSF14,LTBR,TNFSF14 → LTBR
26,P33,CCC_Sender_TNFSF14_to_TNFRSF14,1.86343591074271e-06,shap_tree,Sender,TNFSF14,TNFRSF14,TNFSF14 → TNFRSF14
26,P33,CCC_Receiver_TNFSF14_to_TNFRSF14,0.0007398777768493018,shap_tree,Receiver,TNFSF14,TNFRSF14,TNFSF14 → TNFRSF14
26,P33,CCC_Sender_TNFSF4_to_TNFRSF4,0.0,shap_tree,Sender,TNFSF4,TNFRSF4,TNFSF4 → TNFRSF4
26,P33,CCC_Receiver_TNFSF4_to_TNFRSF4,0.0,shap_tree,Receiver,TNFSF4,TNFRSF4,TNFSF4 → TNFRSF4
26,P33,CCC_Sender_TNFSF9_to_TNFRSF9,4.3160962382649665e-06,shap_tree,Sender,TNFSF9,TNFRSF9,TNFSF9 → TNFRSF9
26,P33,CCC_Receiver_TNFSF9_to_TNFRSF9,4.657653335964141e-05,shap_tree,Receiver,TNFSF9,TNFRSF9,TNFSF9 → TNFRSF9
26,P33,CCC_Sender_VEGFA_to_NRP1,0.0,shap_tree,Sender,VEGFA,NRP1,VEGFA → NRP1
26,P33,CCC_Receiver_VEGFA_to_NRP1,0.00019625843058225428,shap_tree,Receiver,VEGFA,NRP1,VEGFA → NRP1
26,P33,CCC_Sender_VEGFA_to_NRP2,0.0,shap_tree,Sender,VEGFA,NRP2,VEGFA → NRP2
26,P33,CCC_Receiver_VEGFA_to_NRP2,0.0,shap_tree,Receiver,VEGFA,NRP2,VEGFA → NRP2
26,P33,CCC_Sender_VEGFB_to_NRP1,0.0,shap_tree,Sender,VEGFB,NRP1,VEGFB → NRP1
26,P33,CCC_Receiver_VEGFB_to_NRP1,0.00011333810017320101,shap_tree,Receiver,VEGFB,NRP1,VEGFB → NRP1
26,P33,CCC_Sender_CD274_to_PDCD1,0.0,shap_tree,Sender,CD274,PDCD1,CD274 → PDCD1
26,P33,CCC_Receiver_CD274_to_PDCD1,0.0012457441111926515,shap_tree,Receiver,CD274,PDCD1,CD274 → PDCD1
26,P33,CCC_Sender_CD86_to_CTLA4,0.0002005645508019766,shap_tree,Sender,CD86,CTLA4,CD86 → CTLA4
26,P33,CCC_Receiver_CD86_to_CTLA4,0.0006669711015025542,shap_tree,Receiver,CD86,CTLA4,CD86 → CTLA4
26,P33,CCC_Sender_CD86_to_CD28,8.566113299134162e-07,shap_tree,Sender,CD86,CD28,CD86 → CD28
26,P33,CCC_Receiver_CD86_to_CD28,0.00022933111126019538,shap_tree,Receiver,CD86,CD28,CD86 → CD28
26,P33,CCC_Sender_ICOSLG_to_ICOS,0.0,shap_tree,Sender,ICOSLG,ICOS,ICOSLG → ICOS
26,P33,CCC_Receiver_ICOSLG_to_ICOS,5.4113451159215816e-05,shap_tree,Receiver,ICOSLG,ICOS,ICOSLG → ICOS
26,P33,CCC_Sender_CD40LG_to_CD40,0.0,shap_tree,Sender,CD40LG,CD40,CD40LG → CD40
26,P33,CCC_Receiver_CD40LG_to_CD40,2.2043757125825782e-05,shap_tree,Receiver,CD40LG,CD40,CD40LG → CD40
27,P35,CCC_Sender_ICAM1_to_ITGAL,8.478399662404709e-05,shap_tree,Sender,ICAM1,ITGAL,ICAM1 → ITGAL
27,P35,CCC_Receiver_ICAM1_to_ITGAL,0.007900213280854653,shap_tree,Receiver,ICAM1,ITGAL,ICAM1 → ITGAL
27,P35,CCC_Sender_CCL2_to_CCR2,1.9118261188287643e-06,shap_tree,Sender,CCL2,CCR2,CCL2 → CCR2
27,P35,CCC_Receiver_CCL2_to_CCR2,4.849396804275749e-05,shap_tree,Receiver,CCL2,CCR2,CCL2 → CCR2
27,P35,CCC_Sender_CCL3_to_CCR1,0.005835992979433413,shap_tree,Sender,CCL3,CCR1,CCL3 → CCR1
27,P35,CCC_Receiver_CCL3_to_CCR1,2.437438107916848e-05,shap_tree,Receiver,CCL3,CCR1,CCL3 → CCR1
27,P35,CCC_Sender_CCL3_to_CCR5,0.002856364188705719,shap_tree,Sender,CCL3,CCR5,CCL3 → CCR5
27,P35,CCC_Receiver_CCL3_to_CCR5,0.002662356293496662,shap_tree,Receiver,CCL3,CCR5,CCL3 → CCR5
27,P35,CCC_Sender_CCL3L1_to_CCR1,0.0004327845544552426,shap_tree,Sender,CCL3L1,CCR1,CCL3L1 → CCR1
27,P35,CCC_Receiver_CCL3L1_to_CCR1,0.0004641550497388165,shap_tree,Receiver,CCL3L1,CCR1,CCL3L1 → CCR1
27,P35,CCC_Sender_CCL4_to_CCR5,0.0064768419044324305,shap_tree,Sender,CCL4,CCR5,CCL4 → CCR5
27,P35,CCC_Receiver_CCL4_to_CCR5,0.002145445812290935,shap_tree,Receiver,CCL4,CCR5,CCL4 → CCR5
27,P35,CCC_Sender_CCL5_to_CCR1,0.044977203598282695,shap_tree,Sender,CCL5,CCR1,CCL5 → CCR1
27,P35,CCC_Receiver_CCL5_to_CCR1,1.861271053326232e-05,shap_tree,Receiver,CCL5,CCR1,CCL5 → CCR1
27,P35,CCC_Sender_CCL5_to_CCR4,0.006952667192482432,shap_tree,Sender,CCL5,CCR4,CCL5 → CCR4
27,P35,CCC_Receiver_CCL5_to_CCR4,8.3634415440103e-07,shap_tree,Receiver,CCL5,CCR4,CCL5 → CCR4
27,P35,CCC_Sender_CCL5_to_CCR5,0.019192725585297804,shap_tree,Sender,CCL5,CCR5,CCL5 → CCR5
27,P35,CCC_Receiver_CCL5_to_CCR5,0.00011053193384731322,shap_tree,Receiver,CCL5,CCR5,CCL5 → CCR5
27,P35,CCC_Sender_CXCL13_to_CXCR5,0.00011748975068030162,shap_tree,Sender,CXCL13,CXCR5,CXCL13 → CXCR5
27,P35,CCC_Receiver_CXCL13_to_CXCR5,2.072995317719445e-05,shap_tree,Receiver,CXCL13,CXCR5,CXCL13 → CXCR5
27,P35,CCC_Sender_CXCL16_to_CXCR6,7.95820821314092e-05,shap_tree,Sender,CXCL16,CXCR6,CXCL16 → CXCR6
27,P35,CCC_Receiver_CXCL16_to_CXCR6,0.000540073511279276,shap_tree,Receiver,CXCL16,CXCR6,CXCL16 → CXCR6
27,P35,CCC_Sender_CXCL2_to_DPP4,7.528634478990411e-06,shap_tree,Sender,CXCL2,DPP4,CXCL2 → DPP4
27,P35,CCC_Receiver_CXCL2_to_DPP4,2.2415168893421986e-06,shap_tree,Receiver,CXCL2,DPP4,CXCL2 → DPP4
27,P35,CCC_Sender_CSF1_to_CSF1R,8.226797570376053e-05,shap_tree,Sender,CSF1,CSF1R,CSF1 → CSF1R
27,P35,CCC_Receiver_CSF1_to_CSF1R,0.0012100964208447453,shap_tree,Receiver,CSF1,CSF1R,CSF1 → CSF1R
27,P35,CCC_Sender_LGALS9_to_HAVCR2,0.00546089782465863,shap_tree,Sender,LGALS9,HAVCR2,LGALS9 → HAVCR2
27,P35,CCC_Receiver_LGALS9_to_HAVCR2,0.0042499521862458915,shap_tree,Receiver,LGALS9,HAVCR2,LGALS9 → HAVCR2
27,P35,CCC_Sender_LGALS9_to_P4HB,0.0022298801171514123,shap_tree,Sender,LGALS9,P4HB,LGALS9 → P4HB
27,P35,CCC_Receiver_LGALS9_to_P4HB,0.008141830889130418,shap_tree,Receiver,LGALS9,P4HB,LGALS9 → P4HB
27,P35,CCC_Sender_HLA-B_to_KIR3DL2,0.01618948295759728,shap_tree,Sender,HLA-B,KIR3DL2,HLA-B → KIR3DL2
27,P35,CCC_Receiver_HLA-B_to_KIR3DL2,3.4637581429284262e-06,shap_tree,Receiver,HLA-B,KIR3DL2,HLA-B → KIR3DL2
27,P35,CCC_Sender_HLA-C_to_KIR2DL3,0.08728977431317575,shap_tree,Sender,HLA-C,KIR2DL3,HLA-C → KIR2DL3
27,P35,CCC_Receiver_HLA-C_to_KIR2DL3,5.94117037505022e-06,shap_tree,Receiver,HLA-C,KIR2DL3,HLA-C → KIR2DL3
27,P35,CCC_Sender_HLA-E_to_KLRC1,0.018909107262432567,shap_tree,Sender,HLA-E,KLRC1,HLA-E → KLRC1
27,P35,CCC_Receiver_HLA-E_to_KLRC1,2.275141843989097e-05,shap_tree,Receiver,HLA-E,KLRC1,HLA-E → KLRC1
27,P35,CCC_Sender_HLA-E_to_KLRC2,0.026065243867789998,shap_tree,Sender,HLA-E,KLRC2,HLA-E → KLRC2
27,P35,CCC_Receiver_HLA-E_to_KLRC2,3.5272764867201535e-06,shap_tree,Receiver,HLA-E,KLRC2,HLA-E → KLRC2
27,P35,CCC_Sender_HLA-E_to_KLRK1,0.008661539761623257,shap_tree,Sender,HLA-E,KLRK1,HLA-E → KLRK1
27,P35,CCC_Receiver_HLA-E_to_KLRK1,0.0002610248920210194,shap_tree,Receiver,HLA-E,KLRK1,HLA-E → KLRK1
27,P35,CCC_Sender_HLA-F_to_KIR3DL2,0.004809586482684234,shap_tree,Sender,HLA-F,KIR3DL2,HLA-F → KIR3DL2
27,P35,CCC_Receiver_HLA-F_to_KIR3DL2,5.536439642347049e-05,shap_tree,Receiver,HLA-F,KIR3DL2,HLA-F → KIR3DL2
27,P35,CCC_Sender_HLA-F_to_LILRB1,0.0023581289271767504,shap_tree,Sender,HLA-F,LILRB1,HLA-F → LILRB1
27,P35,CCC_Receiver_HLA-F_to_LILRB1,6.546821323744355e-05,shap_tree,Receiver,HLA-F,LILRB1,HLA-F → LILRB1
27,P35,CCC_Sender_HLA-F_to_LILRB2,0.0327746113608555,shap_tree,Sender,HLA-F,LILRB2,HLA-F → LILRB2
27,P35,CCC_Receiver_HLA-F_to_LILRB2,0.00028890534073199503,shap_tree,Receiver,HLA-F,LILRB2,HLA-F → LILRB2
27,P35,CCC_Sender_HLA-G_to_LILRB1,0.002810448238995863,shap_tree,Sender,HLA-G,LILRB1,HLA-G → LILRB1
27,P35,CCC_Receiver_HLA-G_to_LILRB1,3.365237628305935e-05,shap_tree,Receiver,HLA-G,LILRB1,HLA-G → LILRB1
27,P35,CCC_Sender_HLA-G_to_LILRB2,0.014490705513944583,shap_tree,Sender,HLA-G,LILRB2,HLA-G → LILRB2
27,P35,CCC_Receiver_HLA-G_to_LILRB2,0.0005283607707390631,shap_tree,Receiver,HLA-G,LILRB2,HLA-G → LILRB2
27,P35,CCC_Sender_LTB_to_LTBR,0.001613909122870771,shap_tree,Sender,LTB,LTBR,LTB → LTBR
27,P35,CCC_Receiver_LTB_to_LTBR,7.127092309225712e-05,shap_tree,Receiver,LTB,LTBR,LTB → LTBR
27,P35,CCC_Sender_PVR_to_CD226,0.0,shap_tree,Sender,PVR,CD226,PVR → CD226
27,P35,CCC_Receiver_PVR_to_CD226,3.5525180249466847e-06,shap_tree,Receiver,PVR,CD226,PVR → CD226
27,P35,CCC_Sender_PVR_to_CD96,2.0447550698576495e-06,shap_tree,Sender,PVR,CD96,PVR → CD96
27,P35,CCC_Receiver_PVR_to_CD96,0.00201828757095685,shap_tree,Receiver,PVR,CD96,PVR → CD96
27,P35,CCC_Sender_PVR_to_TIGIT,0.0,shap_tree,Sender,PVR,TIGIT,PVR → TIGIT
27,P35,CCC_Receiver_PVR_to_TIGIT,0.0016949318541656599,shap_tree,Receiver,PVR,TIGIT,PVR → TIGIT
27,P35,CCC_Sender_SELPLG_to_SELL,0.005489070783740463,shap_tree,Sender,SELPLG,SELL,SELPLG → SELL
27,P35,CCC_Receiver_SELPLG_to_SELL,0.0003812853465215652,shap_tree,Receiver,SELPLG,SELL,SELPLG → SELL
27,P35,CCC_Sender_TGFB1_to_TGFBR3,4.300140748536598e-05,shap_tree,Sender,TGFB1,TGFBR3,TGFB1 → TGFBR3
27,P35,CCC_Receiver_TGFB1_to_TGFBR3,3.931539547171952e-05,shap_tree,Receiver,TGFB1,TGFBR3,TGFB1 → TGFBR3
27,P35,CCC_Sender_BTLA_to_TNFRSF14,2.7354968100460764e-06,shap_tree,Sender,BTLA,TNFRSF14,BTLA → TNFRSF14
27,P35,CCC_Receiver_BTLA_to_TNFRSF14,0.0010035616584121514,shap_tree,Receiver,BTLA,TNFRSF14,BTLA → TNFRSF14
27,P35,CCC_Sender_FASLG_to_FAS,0.00024475020117712033,shap_tree,Sender,FASLG,FAS,FASLG → FAS
27,P35,CCC_Receiver_FASLG_to_FAS,0.00011323210948089987,shap_tree,Receiver,FASLG,FAS,FASLG → FAS
27,P35,CCC_Sender_LTA_to_TNFRSF14,2.596331347592551e-06,shap_tree,Sender,LTA,TNFRSF14,LTA → TNFRSF14
27,P35,CCC_Receiver_LTA_to_TNFRSF14,0.0005832318094970854,shap_tree,Receiver,LTA,TNFRSF14,LTA → TNFRSF14
27,P35,CCC_Sender_LTA_to_TNFRSF1A,7.4311621120233585e-06,shap_tree,Sender,LTA,TNFRSF1A,LTA → TNFRSF1A
27,P35,CCC_Receiver_LTA_to_TNFRSF1A,2.8316196361295443e-05,shap_tree,Receiver,LTA,TNFRSF1A,LTA → TNFRSF1A
27,P35,CCC_Sender_LTA_to_TNFRSF1B,5.175833065408234e-06,shap_tree,Sender,LTA,TNFRSF1B,LTA → TNFRSF1B
27,P35,CCC_Receiver_LTA_to_TNFRSF1B,0.0017296841761759068,shap_tree,Receiver,LTA,TNFRSF1B,LTA → TNFRSF1B
27,P35,CCC_Sender_TNF_to_TNFRSF1A,0.00032891244615171084,shap_tree,Sender,TNF,TNFRSF1A,TNF → TNFRSF1A
27,P35,CCC_Receiver_TNF_to_TNFRSF1A,2.707621565402434e-05,shap_tree,Receiver,TNF,TNFRSF1A,TNF → TNFRSF1A
27,P35,CCC_Sender_TNF_to_TNFRSF1B,1.0550690663013808e-05,shap_tree,Sender,TNF,TNFRSF1B,TNF → TNFRSF1B
27,P35,CCC_Receiver_TNF_to_TNFRSF1B,0.003937726249573193,shap_tree,Receiver,TNF,TNFRSF1B,TNF → TNFRSF1B
27,P35,CCC_Sender_TNFSF10_to_TNFRSF10A,1.314397120142013e-05,shap_tree,Sender,TNFSF10,TNFRSF10A,TNFSF10 → TNFRSF10A
27,P35,CCC_Receiver_TNFSF10_to_TNFRSF10A,4.420467828408816e-06,shap_tree,Receiver,TNFSF10,TNFRSF10A,TNFSF10 → TNFRSF10A
27,P35,CCC_Sender_TNFSF10_to_TNFRSF10B,0.00017476235062653312,shap_tree,Sender,TNFSF10,TNFRSF10B,TNFSF10 → TNFRSF10B
27,P35,CCC_Receiver_TNFSF10_to_TNFRSF10B,1.171442755815957e-05,shap_tree,Receiver,TNFSF10,TNFRSF10B,TNFSF10 → TNFRSF10B
27,P35,CCC_Sender_TNFSF10_to_TNFRSF10D,4.214277622500016e-05,shap_tree,Sender,TNFSF10,TNFRSF10D,TNFSF10 → TNFRSF10D
27,P35,CCC_Receiver_TNFSF10_to_TNFRSF10D,6.003991806476098e-07,shap_tree,Receiver,TNFSF10,TNFRSF10D,TNFSF10 → TNFRSF10D
27,P35,CCC_Sender_TNFSF12_to_TNFRSF12A,2.934627388851979e-06,shap_tree,Sender,TNFSF12,TNFRSF12A,TNFSF12 → TNFRSF12A
27,P35,CCC_Receiver_TNFSF12_to_TNFRSF12A,6.620136749314106e-06,shap_tree,Receiver,TNFSF12,TNFRSF12A,TNFSF12 → TNFRSF12A
27,P35,CCC_Sender_TNFSF12_to_TNFRSF25,6.753774918331934e-06,shap_tree,Sender,TNFSF12,TNFRSF25,TNFSF12 → TNFRSF25
27,P35,CCC_Receiver_TNFSF12_to_TNFRSF25,0.0001368957702908719,shap_tree,Receiver,TNFSF12,TNFRSF25,TNFSF12 → TNFRSF25
27,P35,CCC_Sender_TNFSF14_to_LTBR,2.0583537289178117e-05,shap_tree,Sender,TNFSF14,LTBR,TNFSF14 → LTBR
27,P35,CCC_Receiver_TNFSF14_to_LTBR,0.0009887478784584296,shap_tree,Receiver,TNFSF14,LTBR,TNFSF14 → LTBR
27,P35,CCC_Sender_TNFSF14_to_TNFRSF14,3.530847533859012e-06,shap_tree,Sender,TNFSF14,TNFRSF14,TNFSF14 → TNFRSF14
27,P35,CCC_Receiver_TNFSF14_to_TNFRSF14,0.0008064455152442638,shap_tree,Receiver,TNFSF14,TNFRSF14,TNFSF14 → TNFRSF14
27,P35,CCC_Sender_TNFSF4_to_TNFRSF4,1.6177093659438905e-06,shap_tree,Sender,TNFSF4,TNFRSF4,TNFSF4 → TNFRSF4
27,P35,CCC_Receiver_TNFSF4_to_TNFRSF4,8.50905180275299e-05,shap_tree,Receiver,TNFSF4,TNFRSF4,TNFSF4 → TNFRSF4
27,P35,CCC_Sender_TNFSF9_to_TNFRSF9,4.301514899844277e-05,shap_tree,Sender,TNFSF9,TNFRSF9,TNFSF9 → TNFRSF9
27,P35,CCC_Receiver_TNFSF9_to_TNFRSF9,0.00021678100254987644,shap_tree,Receiver,TNFSF9,TNFRSF9,TNFSF9 → TNFRSF9
27,P35,CCC_Sender_VEGFA_to_NRP1,0.00011993979686258353,shap_tree,Sender,VEGFA,NRP1,VEGFA → NRP1
27,P35,CCC_Receiver_VEGFA_to_NRP1,0.00017375843607699302,shap_tree,Receiver,VEGFA,NRP1,VEGFA → NRP1
27,P35,CCC_Sender_VEGFA_to_NRP2,1.731908367854861e-05,shap_tree,Sender,VEGFA,NRP2,VEGFA → NRP2
27,P35,CCC_Receiver_VEGFA_to_NRP2,2.2359645379028014e-07,shap_tree,Receiver,VEGFA,NRP2,VEGFA → NRP2
27,P35,CCC_Sender_VEGFB_to_NRP1,2.53826926193803e-06,shap_tree,Sender,VEGFB,NRP1,VEGFB → NRP1
27,P35,CCC_Receiver_VEGFB_to_NRP1,0.00020677224726243257,shap_tree,Receiver,VEGFB,NRP1,VEGFB → NRP1
27,P35,CCC_Sender_CD274_to_PDCD1,1.8595935563733961e-06,shap_tree,Sender,CD274,PDCD1,CD274 → PDCD1
27,P35,CCC_Receiver_CD274_to_PDCD1,0.001482893428150892,shap_tree,Receiver,CD274,PDCD1,CD274 → PDCD1
27,P35,CCC_Sender_CD86_to_CTLA4,0.0002037382782991616,shap_tree,Sender,CD86,CTLA4,CD86 → CTLA4
27,P35,CCC_Receiver_CD86_to_CTLA4,0.004462475481777312,shap_tree,Receiver,CD86,CTLA4,CD86 → CTLA4
27,P35,CCC_Sender_CD86_to_CD28,0.00020708785484930406,shap_tree,Sender,CD86,CD28,CD86 → CD28
27,P35,CCC_Receiver_CD86_to_CD28,0.0004377294856465453,shap_tree,Receiver,CD86,CD28,CD86 → CD28
27,P35,CCC_Sender_ICOSLG_to_ICOS,7.629996259995976e-06,shap_tree,Sender,ICOSLG,ICOS,ICOSLG → ICOS
27,P35,CCC_Receiver_ICOSLG_to_ICOS,0.0014681875583347464,shap_tree,Receiver,ICOSLG,ICOS,ICOSLG → ICOS
27,P35,CCC_Sender_CD40LG_to_CD40,1.590751738067014e-05,shap_tree,Sender,CD40LG,CD40,CD40LG → CD40
27,P35,CCC_Receiver_CD40LG_to_CD40,2.116832609726712e-05,shap_tree,Receiver,CD40LG,CD40,CD40LG → CD40
28,P4,CCC_Sender_ICAM1_to_ITGAL,0.00016866279698968023,shap_tree,Sender,ICAM1,ITGAL,ICAM1 → ITGAL
28,P4,CCC_Receiver_ICAM1_to_ITGAL,0.005911947087661676,shap_tree,Receiver,ICAM1,ITGAL,ICAM1 → ITGAL
28,P4,CCC_Sender_CCL2_to_CCR2,0.0,shap_tree,Sender,CCL2,CCR2,CCL2 → CCR2
28,P4,CCC_Receiver_CCL2_to_CCR2,0.0,shap_tree,Receiver,CCL2,CCR2,CCL2 → CCR2
28,P4,CCC_Sender_CCL3_to_CCR1,0.007534783173319258,shap_tree,Sender,CCL3,CCR1,CCL3 → CCR1
28,P4,CCC_Receiver_CCL3_to_CCR1,0.0,shap_tree,Receiver,CCL3,CCR1,CCL3 → CCR1
28,P4,CCC_Sender_CCL3_to_CCR5,0.005841295130013393,shap_tree,Sender,CCL3,CCR5,CCL3 → CCR5
28,P4,CCC_Receiver_CCL3_to_CCR5,0.0018657600817024932,shap_tree,Receiver,CCL3,CCR5,CCL3 → CCR5
28,P4,CCC_Sender_CCL3L1_to_CCR1,0.0008138492602203052,shap_tree,Sender,CCL3L1,CCR1,CCL3L1 → CCR1
28,P4,CCC_Receiver_CCL3L1_to_CCR1,0.0006684286789309004,shap_tree,Receiver,CCL3L1,CCR1,CCL3L1 → CCR1
28,P4,CCC_Sender_CCL4_to_CCR5,0.00585924406914725,shap_tree,Sender,CCL4,CCR5,CCL4 → CCR5
28,P4,CCC_Receiver_CCL4_to_CCR5,0.0015669056279763326,shap_tree,Receiver,CCL4,CCR5,CCL4 → CCR5
28,P4,CCC_Sender_CCL5_to_CCR1,0.04367670670158984,shap_tree,Sender,CCL5,CCR1,CCL5 → CCR1
28,P4,CCC_Receiver_CCL5_to_CCR1,0.0,shap_tree,Receiver,CCL5,CCR1,CCL5 → CCR1
28,P4,CCC_Sender_CCL5_to_CCR4,0.006157796470313604,shap_tree,Sender,CCL5,CCR4,CCL5 → CCR4
28,P4,CCC_Receiver_CCL5_to_CCR4,6.148276287297658e-06,shap_tree,Receiver,CCL5,CCR4,CCL5 → CCR4
28,P4,CCC_Sender_CCL5_to_CCR5,0.011453522540538476,shap_tree,Sender,CCL5,CCR5,CCL5 → CCR5
28,P4,CCC_Receiver_CCL5_to_CCR5,0.00045817450590345367,shap_tree,Receiver,CCL5,CCR5,CCL5 → CCR5
28,P4,CCC_Sender_CXCL13_to_CXCR5,0.0002429061607972821,shap_tree,Sender,CXCL13,CXCR5,CXCL13 → CXCR5
28,P4,CCC_Receiver_CXCL13_to_CXCR5,1.5043535104962444e-05,shap_tree,Receiver,CXCL13,CXCR5,CXCL13 → CXCR5
28,P4,CCC_Sender_CXCL16_to_CXCR6,0.0001623029859136848,shap_tree,Sender,CXCL16,CXCR6,CXCL16 → CXCR6
28,P4,CCC_Receiver_CXCL16_to_CXCR6,0.0003544784034132,shap_tree,Receiver,CXCL16,CXCR6,CXCL16 → CXCR6
28,P4,CCC_Sender_CXCL2_to_DPP4,0.0,shap_tree,Sender,CXCL2,DPP4,CXCL2 → DPP4
28,P4,CCC_Receiver_CXCL2_to_DPP4,1.7873942174229768e-06,shap_tree,Receiver,CXCL2,DPP4,CXCL2 → DPP4
28,P4,CCC_Sender_CSF1_to_CSF1R,4.3906455513555345e-05,shap_tree,Sender,CSF1,CSF1R,CSF1 → CSF1R
28,P4,CCC_Receiver_CSF1_to_CSF1R,0.0004681133241086233,shap_tree,Receiver,CSF1,CSF1R,CSF1 → CSF1R
28,P4,CCC_Sender_LGALS9_to_HAVCR2,0.006297915336320871,shap_tree,Sender,LGALS9,HAVCR2,LGALS9 → HAVCR2
28,P4,CCC_Receiver_LGALS9_to_HAVCR2,0.008881972988457918,shap_tree,Receiver,LGALS9,HAVCR2,LGALS9 → HAVCR2
28,P4,CCC_Sender_LGALS9_to_P4HB,0.0049687244929683475,shap_tree,Sender,LGALS9,P4HB,LGALS9 → P4HB
28,P4,CCC_Receiver_LGALS9_to_P4HB,0.024871972562948742,shap_tree,Receiver,LGALS9,P4HB,LGALS9 → P4HB
28,P4,CCC_Sender_HLA-B_to_KIR3DL2,0.008203906056289054,shap_tree,Sender,HLA-B,KIR3DL2,HLA-B → KIR3DL2
28,P4,CCC_Receiver_HLA-B_to_KIR3DL2,2.4359979959683847e-07,shap_tree,Receiver,HLA-B,KIR3DL2,HLA-B → KIR3DL2
28,P4,CCC_Sender_HLA-C_to_KIR2DL3,0.014739545127542471,shap_tree,Sender,HLA-C,KIR2DL3,HLA-C → KIR2DL3
28,P4,CCC_Receiver_HLA-C_to_KIR2DL3,7.404199060191656e-06,shap_tree,Receiver,HLA-C,KIR2DL3,HLA-C → KIR2DL3
28,P4,CCC_Sender_HLA-E_to_KLRC1,0.009871634523950207,shap_tree,Sender,HLA-E,KLRC1,HLA-E → KLRC1
28,P4,CCC_Receiver_HLA-E_to_KLRC1,8.489213621477424e-07,shap_tree,Receiver,HLA-E,KLRC1,HLA-E → KLRC1
28,P4,CCC_Sender_HLA-E_to_KLRC2,0.011843076134870833,shap_tree,Sender,HLA-E,KLRC2,HLA-E → KLRC2
28,P4,CCC_Receiver_HLA-E_to_KLRC2,0.0,shap_tree,Receiver,HLA-E,KLRC2,HLA-E → KLRC2
28,P4,CCC_Sender_HLA-E_to_KLRK1,0.004811251249557411,shap_tree,Sender,HLA-E,KLRK1,HLA-E → KLRK1
28,P4,CCC_Receiver_HLA-E_to_KLRK1,1.7647006929379544e-05,shap_tree,Receiver,HLA-E,KLRK1,HLA-E → KLRK1
28,P4,CCC_Sender_HLA-F_to_KIR3DL2,0.0024989724325494376,shap_tree,Sender,HLA-F,KIR3DL2,HLA-F → KIR3DL2
28,P4,CCC_Receiver_HLA-F_to_KIR3DL2,5.619950598842135e-06,shap_tree,Receiver,HLA-F,KIR3DL2,HLA-F → KIR3DL2
28,P4,CCC_Sender_HLA-F_to_LILRB1,0.022827027012036934,shap_tree,Sender,HLA-F,LILRB1,HLA-F → LILRB1
28,P4,CCC_Receiver_HLA-F_to_LILRB1,0.00011666478992379436,shap_tree,Receiver,HLA-F,LILRB1,HLA-F → LILRB1
28,P4,CCC_Sender_HLA-F_to_LILRB2,0.028464481428572174,shap_tree,Sender,HLA-F,LILRB2,HLA-F → LILRB2
28,P4,CCC_Receiver_HLA-F_to_LILRB2,0.0004655945901125411,shap_tree,Receiver,HLA-F,LILRB2,HLA-F → LILRB2
28,P4,CCC_Sender_HLA-G_to_LILRB1,0.007829194637650755,shap_tree,Sender,HLA-G,LILRB1,HLA-G → LILRB1
28,P4,CCC_Receiver_HLA-G_to_LILRB1,0.00021690367434986624,shap_tree,Receiver,HLA-G,LILRB1,HLA-G → LILRB1
28,P4,CCC_Sender_HLA-G_to_LILRB2,0.02089540232230685,shap_tree,Sender,HLA-G,LILRB2,HLA-G → LILRB2
28,P4,CCC_Receiver_HLA-G_to_LILRB2,0.0005247640036405974,shap_tree,Receiver,HLA-G,LILRB2,HLA-G → LILRB2
28,P4,CCC_Sender_LTB_to_LTBR,0.0024118581025941955,shap_tree,Sender,LTB,LTBR,LTB → LTBR
28,P4,CCC_Receiver_LTB_to_LTBR,3.707628291008098e-05,shap_tree,Receiver,LTB,LTBR,LTB → LTBR
28,P4,CCC_Sender_PVR_to_CD226,0.0,shap_tree,Sender,PVR,CD226,PVR → CD226
28,P4,CCC_Receiver_PVR_to_CD226,0.0,shap_tree,Receiver,PVR,CD226,PVR → CD226
28,P4,CCC_Sender_PVR_to_CD96,0.0,shap_tree,Sender,PVR,CD96,PVR → CD96
28,P4,CCC_Receiver_PVR_to_CD96,0.0023063156035482806,shap_tree,Receiver,PVR,CD96,PVR → CD96
28,P4,CCC_Sender_PVR_to_TIGIT,0.0,shap_tree,Sender,PVR,TIGIT,PVR → TIGIT
28,P4,CCC_Receiver_PVR_to_TIGIT,0.002005599382783664,shap_tree,Receiver,PVR,TIGIT,PVR → TIGIT
28,P4,CCC_Sender_SELPLG_to_SELL,0.002515386862642082,shap_tree,Sender,SELPLG,SELL,SELPLG → SELL
28,P4,CCC_Receiver_SELPLG_to_SELL,0.0,shap_tree,Receiver,SELPLG,SELL,SELPLG → SELL
28,P4,CCC_Sender_TGFB1_to_TGFBR3,1.4717421123539426e-06,shap_tree,Sender,TGFB1,TGFBR3,TGFB1 → TGFBR3
28,P4,CCC_Receiver_TGFB1_to_TGFBR3,7.53359848205693e-05,shap_tree,Receiver,TGFB1,TGFBR3,TGFB1 → TGFBR3
28,P4,CCC_Sender_BTLA_to_TNFRSF14,0.0,shap_tree,Sender,BTLA,TNFRSF14,BTLA → TNFRSF14
28,P4,CCC_Receiver_BTLA_to_TNFRSF14,0.0005052911577751723,shap_tree,Receiver,BTLA,TNFRSF14,BTLA → TNFRSF14
28,P4,CCC_Sender_FASLG_to_FAS,4.934388417498039e-06,shap_tree,Sender,FASLG,FAS,FASLG → FAS
28,P4,CCC_Receiver_FASLG_to_FAS,0.0,shap_tree,Receiver,FASLG,FAS,FASLG → FAS
28,P4,CCC_Sender_LTA_to_TNFRSF14,0.0,shap_tree,Sender,LTA,TNFRSF14,LTA → TNFRSF14
28,P4,CCC_Receiver_LTA_to_TNFRSF14,0.00035856557610426074,shap_tree,Receiver,LTA,TNFRSF14,LTA → TNFRSF14
28,P4,CCC_Sender_LTA_to_TNFRSF1A,0.0,shap_tree,Sender,LTA,TNFRSF1A,LTA → TNFRSF1A
28,P4,CCC_Receiver_LTA_to_TNFRSF1A,1.8132035879764914e-05,shap_tree,Receiver,LTA,TNFRSF1A,LTA → TNFRSF1A
28,P4,CCC_Sender_LTA_to_TNFRSF1B,1.9227387631880633e-06,shap_tree,Sender,LTA,TNFRSF1B,LTA → TNFRSF1B
28,P4,CCC_Receiver_LTA_to_TNFRSF1B,0.001196579136130564,shap_tree,Receiver,LTA,TNFRSF1B,LTA → TNFRSF1B
28,P4,CCC_Sender_TNF_to_TNFRSF1A,7.087887642634459e-05,shap_tree,Sender,TNF,TNFRSF1A,TNF → TNFRSF1A
28,P4,CCC_Receiver_TNF_to_TNFRSF1A,0.0007053420604547005,shap_tree,Receiver,TNF,TNFRSF1A,TNF → TNFRSF1A
28,P4,CCC_Sender_TNF_to_TNFRSF1B,6.013933925505532e-22,shap_tree,Sender,TNF,TNFRSF1B,TNF → TNFRSF1B
28,P4,CCC_Receiver_TNF_to_TNFRSF1B,0.002553569695773806,shap_tree,Receiver,TNF,TNFRSF1B,TNF → TNFRSF1B
28,P4,CCC_Sender_TNFSF10_to_TNFRSF10A,0.00013060042060275432,shap_tree,Sender,TNFSF10,TNFRSF10A,TNFSF10 → TNFRSF10A
28,P4,CCC_Receiver_TNFSF10_to_TNFRSF10A,0.0,shap_tree,Receiver,TNFSF10,TNFRSF10A,TNFSF10 → TNFRSF10A
28,P4,CCC_Sender_TNFSF10_to_TNFRSF10B,0.00014351197912053473,shap_tree,Sender,TNFSF10,TNFRSF10B,TNFSF10 → TNFRSF10B
28,P4,CCC_Receiver_TNFSF10_to_TNFRSF10B,4.911116121500953e-06,shap_tree,Receiver,TNFSF10,TNFRSF10B,TNFSF10 → TNFRSF10B
28,P4,CCC_Sender_TNFSF10_to_TNFRSF10D,0.0,shap_tree,Sender,TNFSF10,TNFRSF10D,TNFSF10 → TNFRSF10D
28,P4,CCC_Receiver_TNFSF10_to_TNFRSF10D,0.0,shap_tree,Receiver,TNFSF10,TNFRSF10D,TNFSF10 → TNFRSF10D
28,P4,CCC_Sender_TNFSF12_to_TNFRSF12A,0.0,shap_tree,Sender,TNFSF12,TNFRSF12A,TNFSF12 → TNFRSF12A
28,P4,CCC_Receiver_TNFSF12_to_TNFRSF12A,0.0,shap_tree,Receiver,TNFSF12,TNFRSF12A,TNFSF12 → TNFRSF12A
28,P4,CCC_Sender_TNFSF12_to_TNFRSF25,1.8697425470212065e-05,shap_tree,Sender,TNFSF12,TNFRSF25,TNFSF12 → TNFRSF25
28,P4,CCC_Receiver_TNFSF12_to_TNFRSF25,0.00014115705995665725,shap_tree,Receiver,TNFSF12,TNFRSF25,TNFSF12 → TNFRSF25
28,P4,CCC_Sender_TNFSF14_to_LTBR,3.844375529804779e-05,shap_tree,Sender,TNFSF14,LTBR,TNFSF14 → LTBR
28,P4,CCC_Receiver_TNFSF14_to_LTBR,0.00046725384822026854,shap_tree,Receiver,TNFSF14,LTBR,TNFSF14 → LTBR
28,P4,CCC_Sender_TNFSF14_to_TNFRSF14,2.876127269190846e-05,shap_tree,Sender,TNFSF14,TNFRSF14,TNFSF14 → TNFRSF14
28,P4,CCC_Receiver_TNFSF14_to_TNFRSF14,0.0005122871611524236,shap_tree,Receiver,TNFSF14,TNFRSF14,TNFSF14 → TNFRSF14
28,P4,CCC_Sender_TNFSF4_to_TNFRSF4,0.0,shap_tree,Sender,TNFSF4,TNFRSF4,TNFSF4 → TNFRSF4
28,P4,CCC_Receiver_TNFSF4_to_TNFRSF4,9.504307883868595e-05,shap_tree,Receiver,TNFSF4,TNFRSF4,TNFSF4 → TNFRSF4
28,P4,CCC_Sender_TNFSF9_to_TNFRSF9,2.7400085596618913e-05,shap_tree,Sender,TNFSF9,TNFRSF9,TNFSF9 → TNFRSF9
28,P4,CCC_Receiver_TNFSF9_to_TNFRSF9,2.6289630215558242e-05,shap_tree,Receiver,TNFSF9,TNFRSF9,TNFSF9 → TNFRSF9
28,P4,CCC_Sender_VEGFA_to_NRP1,0.0,shap_tree,Sender,VEGFA,NRP1,VEGFA → NRP1
28,P4,CCC_Receiver_VEGFA_to_NRP1,3.932801812048268e-05,shap_tree,Receiver,VEGFA,NRP1,VEGFA → NRP1
28,P4,CCC_Sender_VEGFA_to_NRP2,0.0,shap_tree,Sender,VEGFA,NRP2,VEGFA → NRP2
28,P4,CCC_Receiver_VEGFA_to_NRP2,0.0,shap_tree,Receiver,VEGFA,NRP2,VEGFA → NRP2
28,P4,CCC_Sender_VEGFB_to_NRP1,6.192564752846065e-06,shap_tree,Sender,VEGFB,NRP1,VEGFB → NRP1
28,P4,CCC_Receiver_VEGFB_to_NRP1,0.00026611324022410916,shap_tree,Receiver,VEGFB,NRP1,VEGFB → NRP1
28,P4,CCC_Sender_CD274_to_PDCD1,1.5380412518036645e-05,shap_tree,Sender,CD274,PDCD1,CD274 → PDCD1
28,P4,CCC_Receiver_CD274_to_PDCD1,0.0016901736886532662,shap_tree,Receiver,CD274,PDCD1,CD274 → PDCD1
28,P4,CCC_Sender_CD86_to_CTLA4,0.0003902384696875861,shap_tree,Sender,CD86,CTLA4,CD86 → CTLA4
28,P4,CCC_Receiver_CD86_to_CTLA4,0.0027034280659384807,shap_tree,Receiver,CD86,CTLA4,CD86 → CTLA4
28,P4,CCC_Sender_CD86_to_CD28,1.4638712264500956e-06,shap_tree,Sender,CD86,CD28,CD86 → CD28
28,P4,CCC_Receiver_CD86_to_CD28,0.0011696938755193112,shap_tree,Receiver,CD86,CD28,CD86 → CD28
28,P4,CCC_Sender_ICOSLG_to_ICOS,0.0,shap_tree,Sender,ICOSLG,ICOS,ICOSLG → ICOS
28,P4,CCC_Receiver_ICOSLG_to_ICOS,0.00018910596156234034,shap_tree,Receiver,ICOSLG,ICOS,ICOSLG → ICOS
28,P4,CCC_Sender_CD40LG_to_CD40,0.0,shap_tree,Sender,CD40LG,CD40,CD40LG → CD40
28,P4,CCC_Receiver_CD40LG_to_CD40,3.0202327938146493e-05,shap_tree,Receiver,CD40LG,CD40,CD40LG → CD40
29,P5,CCC_Sender_ICAM1_to_ITGAL,9.728942008365709e-05,shap_tree,Sender,ICAM1,ITGAL,ICAM1 → ITGAL
29,P5,CCC_Receiver_ICAM1_to_ITGAL,0.0026458366144497597,shap_tree,Receiver,ICAM1,ITGAL,ICAM1 → ITGAL
29,P5,CCC_Sender_CCL2_to_CCR2,1.1546381352241932e-06,shap_tree,Sender,CCL2,CCR2,CCL2 → CCR2
29,P5,CCC_Receiver_CCL2_to_CCR2,5.39696783048757e-05,shap_tree,Receiver,CCL2,CCR2,CCL2 → CCR2
29,P5,CCC_Sender_CCL3_to_CCR1,0.005797582765448519,shap_tree,Sender,CCL3,CCR1,CCL3 → CCR1
29,P5,CCC_Receiver_CCL3_to_CCR1,6.752095079910696e-05,shap_tree,Receiver,CCL3,CCR1,CCL3 → CCR1
29,P5,CCC_Sender_CCL3_to_CCR5,0.0030280453765690425,shap_tree,Sender,CCL3,CCR5,CCL3 → CCR5
29,P5,CCC_Receiver_CCL3_to_CCR5,0.002213732043491881,shap_tree,Receiver,CCL3,CCR5,CCL3 → CCR5
29,P5,CCC_Sender_CCL3L1_to_CCR1,0.0001282009324820782,shap_tree,Sender,CCL3L1,CCR1,CCL3L1 → CCR1
29,P5,CCC_Receiver_CCL3L1_to_CCR1,0.00021244515720860637,shap_tree,Receiver,CCL3L1,CCR1,CCL3L1 → CCR1
29,P5,CCC_Sender_CCL4_to_CCR5,0.010627618391691183,shap_tree,Sender,CCL4,CCR5,CCL4 → CCR5
29,P5,CCC_Receiver_CCL4_to_CCR5,0.008909105799385704,shap_tree,Receiver,CCL4,CCR5,CCL4 → CCR5
29,P5,CCC_Sender_CCL5_to_CCR1,0.06645203900607793,shap_tree,Sender,CCL5,CCR1,CCL5 → CCR1
29,P5,CCC_Receiver_CCL5_to_CCR1,1.834906848597942e-05,shap_tree,Receiver,CCL5,CCR1,CCL5 → CCR1
29,P5,CCC_Sender_CCL5_to_CCR4,0.013234620560650143,shap_tree,Sender,CCL5,CCR4,CCL5 → CCR4
29,P5,CCC_Receiver_CCL5_to_CCR4,9.006907649864964e-05,shap_tree,Receiver,CCL5,CCR4,CCL5 → CCR4
29,P5,CCC_Sender_CCL5_to_CCR5,0.026557028677767488,shap_tree,Sender,CCL5,CCR5,CCL5 → CCR5
29,P5,CCC_Receiver_CCL5_to_CCR5,0.0012275802369714163,shap_tree,Receiver,CCL5,CCR5,CCL5 → CCR5
29,P5,CCC_Sender_CXCL13_to_CXCR5,0.0011859734933507538,shap_tree,Sender,CXCL13,CXCR5,CXCL13 → CXCR5
29,P5,CCC_Receiver_CXCL13_to_CXCR5,4.439701999834678e-06,shap_tree,Receiver,CXCL13,CXCR5,CXCL13 → CXCR5
29,P5,CCC_Sender_CXCL16_to_CXCR6,0.00021810779946566393,shap_tree,Sender,CXCL16,CXCR6,CXCL16 → CXCR6
29,P5,CCC_Receiver_CXCL16_to_CXCR6,0.0009814268875367796,shap_tree,Receiver,CXCL16,CXCR6,CXCL16 → CXCR6
29,P5,CCC_Sender_CXCL2_to_DPP4,2.7522760046247203e-06,shap_tree,Sender,CXCL2,DPP4,CXCL2 → DPP4
29,P5,CCC_Receiver_CXCL2_to_DPP4,2.1357794284758753e-05,shap_tree,Receiver,CXCL2,DPP4,CXCL2 → DPP4
29,P5,CCC_Sender_CSF1_to_CSF1R,4.039964041864245e-05,shap_tree,Sender,CSF1,CSF1R,CSF1 → CSF1R
29,P5,CCC_Receiver_CSF1_to_CSF1R,0.0007841599467986514,shap_tree,Receiver,CSF1,CSF1R,CSF1 → CSF1R
29,P5,CCC_Sender_LGALS9_to_HAVCR2,0.006794663592312243,shap_tree,Sender,LGALS9,HAVCR2,LGALS9 → HAVCR2
29,P5,CCC_Receiver_LGALS9_to_HAVCR2,0.0028219214109601863,shap_tree,Receiver,LGALS9,HAVCR2,LGALS9 → HAVCR2
29,P5,CCC_Sender_LGALS9_to_P4HB,0.0028071763841867456,shap_tree,Sender,LGALS9,P4HB,LGALS9 → P4HB
29,P5,CCC_Receiver_LGALS9_to_P4HB,0.012135449138108307,shap_tree,Receiver,LGALS9,P4HB,LGALS9 → P4HB
29,P5,CCC_Sender_HLA-B_to_KIR3DL2,0.012552215420289323,shap_tree,Sender,HLA-B,KIR3DL2,HLA-B → KIR3DL2
29,P5,CCC_Receiver_HLA-B_to_KIR3DL2,1.352318735058967e-05,shap_tree,Receiver,HLA-B,KIR3DL2,HLA-B → KIR3DL2
29,P5,CCC_Sender_HLA-C_to_KIR2DL3,0.043958733357282016,shap_tree,Sender,HLA-C,KIR2DL3,HLA-C → KIR2DL3
29,P5,CCC_Receiver_HLA-C_to_KIR2DL3,1.3053038605441749e-06,shap_tree,Receiver,HLA-C,KIR2DL3,HLA-C → KIR2DL3
29,P5,CCC_Sender_HLA-E_to_KLRC1,0.015608607523722845,shap_tree,Sender,HLA-E,KLRC1,HLA-E → KLRC1
29,P5,CCC_Receiver_HLA-E_to_KLRC1,5.5989853568968635e-05,shap_tree,Receiver,HLA-E,KLRC1,HLA-E → KLRC1
29,P5,CCC_Sender_HLA-E_to_KLRC2,0.03124613803498336,shap_tree,Sender,HLA-E,KLRC2,HLA-E → KLRC2
29,P5,CCC_Receiver_HLA-E_to_KLRC2,2.3523334099604456e-05,shap_tree,Receiver,HLA-E,KLRC2,HLA-E → KLRC2
29,P5,CCC_Sender_HLA-E_to_KLRK1,0.026178662335416655,shap_tree,Sender,HLA-E,KLRK1,HLA-E → KLRK1
29,P5,CCC_Receiver_HLA-E_to_KLRK1,0.0007198857570228255,shap_tree,Receiver,HLA-E,KLRK1,HLA-E → KLRK1
29,P5,CCC_Sender_HLA-F_to_KIR3DL2,0.002899679929713473,shap_tree,Sender,HLA-F,KIR3DL2,HLA-F → KIR3DL2
29,P5,CCC_Receiver_HLA-F_to_KIR3DL2,3.790217038573972e-06,shap_tree,Receiver,HLA-F,KIR3DL2,HLA-F → KIR3DL2
29,P5,CCC_Sender_HLA-F_to_LILRB1,0.003997314847718322,shap_tree,Sender,HLA-F,LILRB1,HLA-F → LILRB1
29,P5,CCC_Receiver_HLA-F_to_LILRB1,6.653876487274943e-05,shap_tree,Receiver,HLA-F,LILRB1,HLA-F → LILRB1
29,P5,CCC_Sender_HLA-F_to_LILRB2,0.02942126556912017,shap_tree,Sender,HLA-F,LILRB2,HLA-F → LILRB2
29,P5,CCC_Receiver_HLA-F_to_LILRB2,0.00016348786824149669,shap_tree,Receiver,HLA-F,LILRB2,HLA-F → LILRB2
29,P5,CCC_Sender_HLA-G_to_LILRB1,0.0022378105498428447,shap_tree,Sender,HLA-G,LILRB1,HLA-G → LILRB1
29,P5,CCC_Receiver_HLA-G_to_LILRB1,3.5657165037757936e-05,shap_tree,Receiver,HLA-G,LILRB1,HLA-G → LILRB1
29,P5,CCC_Sender_HLA-G_to_LILRB2,0.026423945638506495,shap_tree,Sender,HLA-G,LILRB2,HLA-G → LILRB2
29,P5,CCC_Receiver_HLA-G_to_LILRB2,0.0005168352062123891,shap_tree,Receiver,HLA-G,LILRB2,HLA-G → LILRB2
29,P5,CCC_Sender_LTB_to_LTBR,0.003235534798601467,shap_tree,Sender,LTB,LTBR,LTB → LTBR
29,P5,CCC_Receiver_LTB_to_LTBR,7.54798133538671e-05,shap_tree,Receiver,LTB,LTBR,LTB → LTBR
29,P5,CCC_Sender_PVR_to_CD226,0.0,shap_tree,Sender,PVR,CD226,PVR → CD226
29,P5,CCC_Receiver_PVR_to_CD226,9.922878768046456e-05,shap_tree,Receiver,PVR,CD226,PVR → CD226
29,P5,CCC_Sender_PVR_to_CD96,1.1745455947919267e-05,shap_tree,Sender,PVR,CD96,PVR → CD96
29,P5,CCC_Receiver_PVR_to_CD96,0.010267684223320452,shap_tree,Receiver,PVR,CD96,PVR → CD96
29,P5,CCC_Sender_PVR_to_TIGIT,3.16163052955184e-06,shap_tree,Sender,PVR,TIGIT,PVR → TIGIT
29,P5,CCC_Receiver_PVR_to_TIGIT,0.009473604170236873,shap_tree,Receiver,PVR,TIGIT,PVR → TIGIT
29,P5,CCC_Sender_SELPLG_to_SELL,0.0011930945028245487,shap_tree,Sender,SELPLG,SELL,SELPLG → SELL
29,P5,CCC_Receiver_SELPLG_to_SELL,0.0002759988602497105,shap_tree,Receiver,SELPLG,SELL,SELPLG → SELL
29,P5,CCC_Sender_TGFB1_to_TGFBR3,2.168421269413921e-05,shap_tree,Sender,TGFB1,TGFBR3,TGFB1 → TGFBR3
29,P5,CCC_Receiver_TGFB1_to_TGFBR3,0.00016656951591830844,shap_tree,Receiver,TGFB1,TGFBR3,TGFB1 → TGFBR3
29,P5,CCC_Sender_BTLA_to_TNFRSF14,4.452506736581961e-06,shap_tree,Sender,BTLA,TNFRSF14,BTLA → TNFRSF14
29,P5,CCC_Receiver_BTLA_to_TNFRSF14,0.0012811984806573036,shap_tree,Receiver,BTLA,TNFRSF14,BTLA → TNFRSF14
29,P5,CCC_Sender_FASLG_to_FAS,2.9856609698450394e-05,shap_tree,Sender,FASLG,FAS,FASLG → FAS
29,P5,CCC_Receiver_FASLG_to_FAS,0.0005326300206746989,shap_tree,Receiver,FASLG,FAS,FASLG → FAS
29,P5,CCC_Sender_LTA_to_TNFRSF14,5.169421697685688e-06,shap_tree,Sender,LTA,TNFRSF14,LTA → TNFRSF14
29,P5,CCC_Receiver_LTA_to_TNFRSF14,0.0005778120402935127,shap_tree,Receiver,LTA,TNFRSF14,LTA → TNFRSF14
29,P5,CCC_Sender_LTA_to_TNFRSF1A,3.822693482034379e-05,shap_tree,Sender,LTA,TNFRSF1A,LTA → TNFRSF1A
29,P5,CCC_Receiver_LTA_to_TNFRSF1A,3.385722709725271e-05,shap_tree,Receiver,LTA,TNFRSF1A,LTA → TNFRSF1A
29,P5,CCC_Sender_LTA_to_TNFRSF1B,2.7355182827238048e-05,shap_tree,Sender,LTA,TNFRSF1B,LTA → TNFRSF1B
29,P5,CCC_Receiver_LTA_to_TNFRSF1B,0.0010837950720727306,shap_tree,Receiver,LTA,TNFRSF1B,LTA → TNFRSF1B
29,P5,CCC_Sender_TNF_to_TNFRSF1A,0.00021535235368079072,shap_tree,Sender,TNF,TNFRSF1A,TNF → TNFRSF1A
29,P5,CCC_Receiver_TNF_to_TNFRSF1A,0.0002860404614170812,shap_tree,Receiver,TNF,TNFRSF1A,TNF → TNFRSF1A
29,P5,CCC_Sender_TNF_to_TNFRSF1B,5.813659236508458e-05,shap_tree,Sender,TNF,TNFRSF1B,TNF → TNFRSF1B
29,P5,CCC_Receiver_TNF_to_TNFRSF1B,0.0031564021494494185,shap_tree,Receiver,TNF,TNFRSF1B,TNF → TNFRSF1B
29,P5,CCC_Sender_TNFSF10_to_TNFRSF10A,2.359523439102415e-05,shap_tree,Sender,TNFSF10,TNFRSF10A,TNFSF10 → TNFRSF10A
29,P5,CCC_Receiver_TNFSF10_to_TNFRSF10A,5.421582707157306e-06,shap_tree,Receiver,TNFSF10,TNFRSF10A,TNFSF10 → TNFRSF10A
29,P5,CCC_Sender_TNFSF10_to_TNFRSF10B,0.00013907439324111398,shap_tree,Sender,TNFSF10,TNFRSF10B,TNFSF10 → TNFRSF10B
29,P5,CCC_Receiver_TNFSF10_to_TNFRSF10B,2.078069116223141e-05,shap_tree,Receiver,TNFSF10,TNFRSF10B,TNFSF10 → TNFRSF10B
29,P5,CCC_Sender_TNFSF10_to_TNFRSF10D,0.0003584825094799687,shap_tree,Sender,TNFSF10,TNFRSF10D,TNFSF10 → TNFRSF10D
29,P5,CCC_Receiver_TNFSF10_to_TNFRSF10D,1.66134132489096e-05,shap_tree,Receiver,TNFSF10,TNFRSF10D,TNFSF10 → TNFRSF10D
29,P5,CCC_Sender_TNFSF12_to_TNFRSF12A,0.0,shap_tree,Sender,TNFSF12,TNFRSF12A,TNFSF12 → TNFRSF12A
29,P5,CCC_Receiver_TNFSF12_to_TNFRSF12A,6.883088184403101e-06,shap_tree,Receiver,TNFSF12,TNFRSF12A,TNFSF12 → TNFRSF12A
29,P5,CCC_Sender_TNFSF12_to_TNFRSF25,3.448607047078525e-05,shap_tree,Sender,TNFSF12,TNFRSF25,TNFSF12 → TNFRSF25
29,P5,CCC_Receiver_TNFSF12_to_TNFRSF25,0.00028072268008330235,shap_tree,Receiver,TNFSF12,TNFRSF25,TNFSF12 → TNFRSF25
29,P5,CCC_Sender_TNFSF14_to_LTBR,7.212029746214471e-05,shap_tree,Sender,TNFSF14,LTBR,TNFSF14 → LTBR
29,P5,CCC_Receiver_TNFSF14_to_LTBR,0.00029815513719192604,shap_tree,Receiver,TNFSF14,LTBR,TNFSF14 → LTBR
29,P5,CCC_Sender_TNFSF14_to_TNFRSF14,4.561466700147133e-05,shap_tree,Sender,TNFSF14,TNFRSF14,TNFSF14 → TNFRSF14
29,P5,CCC_Receiver_TNFSF14_to_TNFRSF14,0.002151803732276557,shap_tree,Receiver,TNFSF14,TNFRSF14,TNFSF14 → TNFRSF14
29,P5,CCC_Sender_TNFSF4_to_TNFRSF4,4.464816803022748e-06,shap_tree,Sender,TNFSF4,TNFRSF4,TNFSF4 → TNFRSF4
29,P5,CCC_Receiver_TNFSF4_to_TNFRSF4,0.0012782090015669614,shap_tree,Receiver,TNFSF4,TNFRSF4,TNFSF4 → TNFRSF4
29,P5,CCC_Sender_TNFSF9_to_TNFRSF9,0.00022691190908679447,shap_tree,Sender,TNFSF9,TNFRSF9,TNFSF9 → TNFRSF9
29,P5,CCC_Receiver_TNFSF9_to_TNFRSF9,0.0005513874240499801,shap_tree,Receiver,TNFSF9,TNFRSF9,TNFSF9 → TNFRSF9
29,P5,CCC_Sender_VEGFA_to_NRP1,1.5442447654968543e-05,shap_tree,Sender,VEGFA,NRP1,VEGFA → NRP1
29,P5,CCC_Receiver_VEGFA_to_NRP1,0.0001385173532062965,shap_tree,Receiver,VEGFA,NRP1,VEGFA → NRP1
29,P5,CCC_Sender_VEGFA_to_NRP2,2.5900562521968963e-05,shap_tree,Sender,VEGFA,NRP2,VEGFA → NRP2
29,P5,CCC_Receiver_VEGFA_to_NRP2,2.0591368283223203e-05,shap_tree,Receiver,VEGFA,NRP2,VEGFA → NRP2
29,P5,CCC_Sender_VEGFB_to_NRP1,3.308239747971367e-05,shap_tree,Sender,VEGFB,NRP1,VEGFB → NRP1
29,P5,CCC_Receiver_VEGFB_to_NRP1,0.0006683956745408043,shap_tree,Receiver,VEGFB,NRP1,VEGFB → NRP1
29,P5,CCC_Sender_CD274_to_PDCD1,7.546940299178255e-05,shap_tree,Sender,CD274,PDCD1,CD274 → PDCD1
29,P5,CCC_Receiver_CD274_to_PDCD1,0.005353422739484402,shap_tree,Receiver,CD274,PDCD1,CD274 → PDCD1
29,P5,CCC_Sender_CD86_to_CTLA4,0.00027208610910229317,shap_tree,Sender,CD86,CTLA4,CD86 → CTLA4
29,P5,CCC_Receiver_CD86_to_CTLA4,0.003568904254596544,shap_tree,Receiver,CD86,CTLA4,CD86 → CTLA4
29,P5,CCC_Sender_CD86_to_CD28,0.00019109088844752016,shap_tree,Sender,CD86,CD28,CD86 → CD28
29,P5,CCC_Receiver_CD86_to_CD28,0.0006629453450751777,shap_tree,Receiver,CD86,CD28,CD86 → CD28
29,P5,CCC_Sender_ICOSLG_to_ICOS,1.1437169225127954e-05,shap_tree,Sender,ICOSLG,ICOS,ICOSLG → ICOS
29,P5,CCC_Receiver_ICOSLG_to_ICOS,0.00045461376912730853,shap_tree,Receiver,ICOSLG,ICOS,ICOSLG → ICOS
29,P5,CCC_Sender_CD40LG_to_CD40,1.1176909142299978e-05,shap_tree,Sender,CD40LG,CD40,CD40LG → CD40
29,P5,CCC_Receiver_CD40LG_to_CD40,7.6850221389639e-06,shap_tree,Receiver,CD40LG,CD40,CD40LG → CD40
30,P6,CCC_Sender_ICAM1_to_ITGAL,0.00023157595097053323,shap_tree,Sender,ICAM1,ITGAL,ICAM1 → ITGAL
30,P6,CCC_Receiver_ICAM1_to_ITGAL,0.005890216290009669,shap_tree,Receiver,ICAM1,ITGAL,ICAM1 → ITGAL
30,P6,CCC_Sender_CCL2_to_CCR2,0.0,shap_tree,Sender,CCL2,CCR2,CCL2 → CCR2
30,P6,CCC_Receiver_CCL2_to_CCR2,1.9766456885352197e-05,shap_tree,Receiver,CCL2,CCR2,CCL2 → CCR2
30,P6,CCC_Sender_CCL3_to_CCR1,0.008466399381761724,shap_tree,Sender,CCL3,CCR1,CCL3 → CCR1
30,P6,CCC_Receiver_CCL3_to_CCR1,0.0001978631851265412,shap_tree,Receiver,CCL3,CCR1,CCL3 → CCR1
30,P6,CCC_Sender_CCL3_to_CCR5,0.007065708413891794,shap_tree,Sender,CCL3,CCR5,CCL3 → CCR5
30,P6,CCC_Receiver_CCL3_to_CCR5,0.0029891117524230527,shap_tree,Receiver,CCL3,CCR5,CCL3 → CCR5
30,P6,CCC_Sender_CCL3L1_to_CCR1,0.000464004865215223,shap_tree,Sender,CCL3L1,CCR1,CCL3L1 → CCR1
30,P6,CCC_Receiver_CCL3L1_to_CCR1,0.0006921386996834248,shap_tree,Receiver,CCL3L1,CCR1,CCL3L1 → CCR1
30,P6,CCC_Sender_CCL4_to_CCR5,0.008477281644494475,shap_tree,Sender,CCL4,CCR5,CCL4 → CCR5
30,P6,CCC_Receiver_CCL4_to_CCR5,0.002940540495702975,shap_tree,Receiver,CCL4,CCR5,CCL4 → CCR5
30,P6,CCC_Sender_CCL5_to_CCR1,0.048505128788720604,shap_tree,Sender,CCL5,CCR1,CCL5 → CCR1
30,P6,CCC_Receiver_CCL5_to_CCR1,0.0005322131973287157,shap_tree,Receiver,CCL5,CCR1,CCL5 → CCR1
30,P6,CCC_Sender_CCL5_to_CCR4,0.006727046431703516,shap_tree,Sender,CCL5,CCR4,CCL5 → CCR4
30,P6,CCC_Receiver_CCL5_to_CCR4,0.0,shap_tree,Receiver,CCL5,CCR4,CCL5 → CCR4
30,P6,CCC_Sender_CCL5_to_CCR5,0.014973529695858776,shap_tree,Sender,CCL5,CCR5,CCL5 → CCR5
30,P6,CCC_Receiver_CCL5_to_CCR5,0.0003246423410816645,shap_tree,Receiver,CCL5,CCR5,CCL5 → CCR5
30,P6,CCC_Sender_CXCL13_to_CXCR5,0.00033654475998378834,shap_tree,Sender,CXCL13,CXCR5,CXCL13 → CXCR5
30,P6,CCC_Receiver_CXCL13_to_CXCR5,1.7699651975763167e-05,shap_tree,Receiver,CXCL13,CXCR5,CXCL13 → CXCR5
30,P6,CCC_Sender_CXCL16_to_CXCR6,0.00012623725001520653,shap_tree,Sender,CXCL16,CXCR6,CXCL16 → CXCR6
30,P6,CCC_Receiver_CXCL16_to_CXCR6,0.0004066718559383705,shap_tree,Receiver,CXCL16,CXCR6,CXCL16 → CXCR6
30,P6,CCC_Sender_CXCL2_to_DPP4,4.896939396752784e-06,shap_tree,Sender,CXCL2,DPP4,CXCL2 → DPP4
30,P6,CCC_Receiver_CXCL2_to_DPP4,0.0,shap_tree,Receiver,CXCL2,DPP4,CXCL2 → DPP4
30,P6,CCC_Sender_CSF1_to_CSF1R,9.859085089690407e-05,shap_tree,Sender,CSF1,CSF1R,CSF1 → CSF1R
30,P6,CCC_Receiver_CSF1_to_CSF1R,0.001328721055503842,shap_tree,Receiver,CSF1,CSF1R,CSF1 → CSF1R
30,P6,CCC_Sender_LGALS9_to_HAVCR2,0.008533925795842107,shap_tree,Sender,LGALS9,HAVCR2,LGALS9 → HAVCR2
30,P6,CCC_Receiver_LGALS9_to_HAVCR2,0.00938285714326357,shap_tree,Receiver,LGALS9,HAVCR2,LGALS9 → HAVCR2
30,P6,CCC_Sender_LGALS9_to_P4HB,0.005637325373755589,shap_tree,Sender,LGALS9,P4HB,LGALS9 → P4HB
30,P6,CCC_Receiver_LGALS9_to_P4HB,0.027674615514850207,shap_tree,Receiver,LGALS9,P4HB,LGALS9 → P4HB
30,P6,CCC_Sender_HLA-B_to_KIR3DL2,0.03809643851637399,shap_tree,Sender,HLA-B,KIR3DL2,HLA-B → KIR3DL2
30,P6,CCC_Receiver_HLA-B_to_KIR3DL2,5.772788356528373e-07,shap_tree,Receiver,HLA-B,KIR3DL2,HLA-B → KIR3DL2
30,P6,CCC_Sender_HLA-C_to_KIR2DL3,0.03085921844529577,shap_tree,Sender,HLA-C,KIR2DL3,HLA-C → KIR2DL3
30,P6,CCC_Receiver_HLA-C_to_KIR2DL3,0.0,shap_tree,Receiver,HLA-C,KIR2DL3,HLA-C → KIR2DL3
30,P6,CCC_Sender_HLA-E_to_KLRC1,0.011657892094591778,shap_tree,Sender,HLA-E,KLRC1,HLA-E → KLRC1
30,P6,CCC_Receiver_HLA-E_to_KLRC1,2.6985108624707865e-05,shap_tree,Receiver,HLA-E,KLRC1,HLA-E → KLRC1
30,P6,CCC_Sender_HLA-E_to_KLRC2,0.019510140508777588,shap_tree,Sender,HLA-E,KLRC2,HLA-E → KLRC2
30,P6,CCC_Receiver_HLA-E_to_KLRC2,9.221394825702907e-06,shap_tree,Receiver,HLA-E,KLRC2,HLA-E → KLRC2
30,P6,CCC_Sender_HLA-E_to_KLRK1,0.007076199049818676,shap_tree,Sender,HLA-E,KLRK1,HLA-E → KLRK1
30,P6,CCC_Receiver_HLA-E_to_KLRK1,1.1436138695949293e-05,shap_tree,Receiver,HLA-E,KLRK1,HLA-E → KLRK1
30,P6,CCC_Sender_HLA-F_to_KIR3DL2,0.007995653536425017,shap_tree,Sender,HLA-F,KIR3DL2,HLA-F → KIR3DL2
30,P6,CCC_Receiver_HLA-F_to_KIR3DL2,1.831583555838425e-05,shap_tree,Receiver,HLA-F,KIR3DL2,HLA-F → KIR3DL2
30,P6,CCC_Sender_HLA-F_to_LILRB1,0.012249235627115017,shap_tree,Sender,HLA-F,LILRB1,HLA-F → LILRB1
30,P6,CCC_Receiver_HLA-F_to_LILRB1,0.00023265168673454933,shap_tree,Receiver,HLA-F,LILRB1,HLA-F → LILRB1
30,P6,CCC_Sender_HLA-F_to_LILRB2,0.04172085865089226,shap_tree,Sender,HLA-F,LILRB2,HLA-F → LILRB2
30,P6,CCC_Receiver_HLA-F_to_LILRB2,0.0002060502857622512,shap_tree,Receiver,HLA-F,LILRB2,HLA-F → LILRB2
30,P6,CCC_Sender_HLA-G_to_LILRB1,0.008944519568037618,shap_tree,Sender,HLA-G,LILRB1,HLA-G → LILRB1
30,P6,CCC_Receiver_HLA-G_to_LILRB1,0.00022596789630483709,shap_tree,Receiver,HLA-G,LILRB1,HLA-G → LILRB1
30,P6,CCC_Sender_HLA-G_to_LILRB2,0.03521691280239041,shap_tree,Sender,HLA-G,LILRB2,HLA-G → LILRB2
30,P6,CCC_Receiver_HLA-G_to_LILRB2,6.0282743658384685e-05,shap_tree,Receiver,HLA-G,LILRB2,HLA-G → LILRB2
30,P6,CCC_Sender_LTB_to_LTBR,0.0036585896558913446,shap_tree,Sender,LTB,LTBR,LTB → LTBR
30,P6,CCC_Receiver_LTB_to_LTBR,0.0005273327748389916,shap_tree,Receiver,LTB,LTBR,LTB → LTBR
30,P6,CCC_Sender_PVR_to_CD226,0.0,shap_tree,Sender,PVR,CD226,PVR → CD226
30,P6,CCC_Receiver_PVR_to_CD226,0.0,shap_tree,Receiver,PVR,CD226,PVR → CD226
30,P6,CCC_Sender_PVR_to_CD96,0.0,shap_tree,Sender,PVR,CD96,PVR → CD96
30,P6,CCC_Receiver_PVR_to_CD96,0.004250559949433704,shap_tree,Receiver,PVR,CD96,PVR → CD96
30,P6,CCC_Sender_PVR_to_TIGIT,0.0,shap_tree,Sender,PVR,TIGIT,PVR → TIGIT
30,P6,CCC_Receiver_PVR_to_TIGIT,0.004859828969206241,shap_tree,Receiver,PVR,TIGIT,PVR → TIGIT
30,P6,CCC_Sender_SELPLG_to_SELL,0.0011966280635238185,shap_tree,Sender,SELPLG,SELL,SELPLG → SELL
30,P6,CCC_Receiver_SELPLG_to_SELL,7.183832503591321e-05,shap_tree,Receiver,SELPLG,SELL,SELPLG → SELL
30,P6,CCC_Sender_TGFB1_to_TGFBR3,6.921567535060013e-07,shap_tree,Sender,TGFB1,TGFBR3,TGFB1 → TGFBR3
30,P6,CCC_Receiver_TGFB1_to_TGFBR3,5.791221159448419e-06,shap_tree,Receiver,TGFB1,TGFBR3,TGFB1 → TGFBR3
30,P6,CCC_Sender_BTLA_to_TNFRSF14,0.00011358043725340874,shap_tree,Sender,BTLA,TNFRSF14,BTLA → TNFRSF14
30,P6,CCC_Receiver_BTLA_to_TNFRSF14,0.00012019131017132927,shap_tree,Receiver,BTLA,TNFRSF14,BTLA → TNFRSF14
30,P6,CCC_Sender_FASLG_to_FAS,0.0,shap_tree,Sender,FASLG,FAS,FASLG → FAS
30,P6,CCC_Receiver_FASLG_to_FAS,0.0,shap_tree,Receiver,FASLG,FAS,FASLG → FAS
30,P6,CCC_Sender_LTA_to_TNFRSF14,9.102099595312929e-06,shap_tree,Sender,LTA,TNFRSF14,LTA → TNFRSF14
30,P6,CCC_Receiver_LTA_to_TNFRSF14,0.00020302915269679227,shap_tree,Receiver,LTA,TNFRSF14,LTA → TNFRSF14
30,P6,CCC_Sender_LTA_to_TNFRSF1A,1.4648940154219793e-05,shap_tree,Sender,LTA,TNFRSF1A,LTA → TNFRSF1A
30,P6,CCC_Receiver_LTA_to_TNFRSF1A,0.0,shap_tree,Receiver,LTA,TNFRSF1A,LTA → TNFRSF1A
30,P6,CCC_Sender_LTA_to_TNFRSF1B,1.0112758966467096e-05,shap_tree,Sender,LTA,TNFRSF1B,LTA → TNFRSF1B
30,P6,CCC_Receiver_LTA_to_TNFRSF1B,0.0010073679983771877,shap_tree,Receiver,LTA,TNFRSF1B,LTA → TNFRSF1B
30,P6,CCC_Sender_TNF_to_TNFRSF1A,0.00013026685019510624,shap_tree,Sender,TNF,TNFRSF1A,TNF → TNFRSF1A
30,P6,CCC_Receiver_TNF_to_TNFRSF1A,0.000710731597590548,shap_tree,Receiver,TNF,TNFRSF1A,TNF → TNFRSF1A
30,P6,CCC_Sender_TNF_to_TNFRSF1B,0.0,shap_tree,Sender,TNF,TNFRSF1B,TNF → TNFRSF1B
30,P6,CCC_Receiver_TNF_to_TNFRSF1B,0.0018661717224611196,shap_tree,Receiver,TNF,TNFRSF1B,TNF → TNFRSF1B
30,P6,CCC_Sender_TNFSF10_to_TNFRSF10A,1.35250547470011e-05,shap_tree,Sender,TNFSF10,TNFRSF10A,TNFSF10 → TNFRSF10A
30,P6,CCC_Receiver_TNFSF10_to_TNFRSF10A,3.80162647361946e-06,shap_tree,Receiver,TNFSF10,TNFRSF10A,TNFSF10 → TNFRSF10A
30,P6,CCC_Sender_TNFSF10_to_TNFRSF10B,8.248637848614128e-05,shap_tree,Sender,TNFSF10,TNFRSF10B,TNFSF10 → TNFRSF10B
30,P6,CCC_Receiver_TNFSF10_to_TNFRSF10B,0.0,shap_tree,Receiver,TNFSF10,TNFRSF10B,TNFSF10 → TNFRSF10B
30,P6,CCC_Sender_TNFSF10_to_TNFRSF10D,0.00011350171588833816,shap_tree,Sender,TNFSF10,TNFRSF10D,TNFSF10 → TNFRSF10D
30,P6,CCC_Receiver_TNFSF10_to_TNFRSF10D,0.0,shap_tree,Receiver,TNFSF10,TNFRSF10D,TNFSF10 → TNFRSF10D
30,P6,CCC_Sender_TNFSF12_to_TNFRSF12A,0.0,shap_tree,Sender,TNFSF12,TNFRSF12A,TNFSF12 → TNFRSF12A
30,P6,CCC_Receiver_TNFSF12_to_TNFRSF12A,0.0,shap_tree,Receiver,TNFSF12,TNFRSF12A,TNFSF12 → TNFRSF12A
30,P6,CCC_Sender_TNFSF12_to_TNFRSF25,6.864552228455527e-06,shap_tree,Sender,TNFSF12,TNFRSF25,TNFSF12 → TNFRSF25
30,P6,CCC_Receiver_TNFSF12_to_TNFRSF25,3.339787055243772e-05,shap_tree,Receiver,TNFSF12,TNFRSF25,TNFSF12 → TNFRSF25
30,P6,CCC_Sender_TNFSF14_to_LTBR,0.0,shap_tree,Sender,TNFSF14,LTBR,TNFSF14 → LTBR
30,P6,CCC_Receiver_TNFSF14_to_LTBR,7.267201579656425e-05,shap_tree,Receiver,TNFSF14,LTBR,TNFSF14 → LTBR
30,P6,CCC_Sender_TNFSF14_to_TNFRSF14,0.0,shap_tree,Sender,TNFSF14,TNFRSF14,TNFSF14 → TNFRSF14
30,P6,CCC_Receiver_TNFSF14_to_TNFRSF14,0.0008671583384104157,shap_tree,Receiver,TNFSF14,TNFRSF14,TNFSF14 → TNFRSF14
30,P6,CCC_Sender_TNFSF4_to_TNFRSF4,6.932645097325985e-06,shap_tree,Sender,TNFSF4,TNFRSF4,TNFSF4 → TNFRSF4
30,P6,CCC_Receiver_TNFSF4_to_TNFRSF4,0.00010764338677462117,shap_tree,Receiver,TNFSF4,TNFRSF4,TNFSF4 → TNFRSF4
30,P6,CCC_Sender_TNFSF9_to_TNFRSF9,7.944021041671023e-05,shap_tree,Sender,TNFSF9,TNFRSF9,TNFSF9 → TNFRSF9
30,P6,CCC_Receiver_TNFSF9_to_TNFRSF9,0.0002568485975782352,shap_tree,Receiver,TNFSF9,TNFRSF9,TNFSF9 → TNFRSF9
30,P6,CCC_Sender_VEGFA_to_NRP1,0.0,shap_tree,Sender,VEGFA,NRP1,VEGFA → NRP1
30,P6,CCC_Receiver_VEGFA_to_NRP1,0.0005545220906443682,shap_tree,Receiver,VEGFA,NRP1,VEGFA → NRP1
30,P6,CCC_Sender_VEGFA_to_NRP2,0.0,shap_tree,Sender,VEGFA,NRP2,VEGFA → NRP2
30,P6,CCC_Receiver_VEGFA_to_NRP2,0.0,shap_tree,Receiver,VEGFA,NRP2,VEGFA → NRP2
30,P6,CCC_Sender_VEGFB_to_NRP1,0.0,shap_tree,Sender,VEGFB,NRP1,VEGFB → NRP1
30,P6,CCC_Receiver_VEGFB_to_NRP1,0.00029790786712216436,shap_tree,Receiver,VEGFB,NRP1,VEGFB → NRP1
30,P6,CCC_Sender_CD274_to_PDCD1,0.0,shap_tree,Sender,CD274,PDCD1,CD274 → PDCD1
30,P6,CCC_Receiver_CD274_to_PDCD1,0.002032545472546791,shap_tree,Receiver,CD274,PDCD1,CD274 → PDCD1
30,P6,CCC_Sender_CD86_to_CTLA4,0.00046746094013401437,shap_tree,Sender,CD86,CTLA4,CD86 → CTLA4
30,P6,CCC_Receiver_CD86_to_CTLA4,0.003442555811227422,shap_tree,Receiver,CD86,CTLA4,CD86 → CTLA4
30,P6,CCC_Sender_CD86_to_CD28,1.1819440179520595e-05,shap_tree,Sender,CD86,CD28,CD86 → CD28
30,P6,CCC_Receiver_CD86_to_CD28,0.00038511905719524627,shap_tree,Receiver,CD86,CD28,CD86 → CD28
30,P6,CCC_Sender_ICOSLG_to_ICOS,0.0,shap_tree,Sender,ICOSLG,ICOS,ICOSLG → ICOS
30,P6,CCC_Receiver_ICOSLG_to_ICOS,0.00030518002620647406,shap_tree,Receiver,ICOSLG,ICOS,ICOSLG → ICOS
30,P6,CCC_Sender_CD40LG_to_CD40,0.0,shap_tree,Sender,CD40LG,CD40,CD40LG → CD40
30,P6,CCC_Receiver_CD40LG_to_CD40,0.0003291661682807238,shap_tree,Receiver,CD40LG,CD40,CD40LG → CD40
31,P7,CCC_Sender_ICAM1_to_ITGAL,0.0011870580403072343,shap_tree,Sender,ICAM1,ITGAL,ICAM1 → ITGAL
31,P7,CCC_Receiver_ICAM1_to_ITGAL,0.006555848937824659,shap_tree,Receiver,ICAM1,ITGAL,ICAM1 → ITGAL
31,P7,CCC_Sender_CCL2_to_CCR2,2.7005098331178025e-05,shap_tree,Sender,CCL2,CCR2,CCL2 → CCR2
31,P7,CCC_Receiver_CCL2_to_CCR2,0.0005599940459694876,shap_tree,Receiver,CCL2,CCR2,CCL2 → CCR2
31,P7,CCC_Sender_CCL3_to_CCR1,0.010603815426156661,shap_tree,Sender,CCL3,CCR1,CCL3 → CCR1
31,P7,CCC_Receiver_CCL3_to_CCR1,0.00051128271752126,shap_tree,Receiver,CCL3,CCR1,CCL3 → CCR1
31,P7,CCC_Sender_CCL3_to_CCR5,0.0051344634276102264,shap_tree,Sender,CCL3,CCR5,CCL3 → CCR5
31,P7,CCC_Receiver_CCL3_to_CCR5,0.003408172630368246,shap_tree,Receiver,CCL3,CCR5,CCL3 → CCR5
31,P7,CCC_Sender_CCL3L1_to_CCR1,0.0005566599681593343,shap_tree,Sender,CCL3L1,CCR1,CCL3L1 → CCR1
31,P7,CCC_Receiver_CCL3L1_to_CCR1,0.0004381922568944771,shap_tree,Receiver,CCL3L1,CCR1,CCL3L1 → CCR1
31,P7,CCC_Sender_CCL4_to_CCR5,0.009174510584235534,shap_tree,Sender,CCL4,CCR5,CCL4 → CCR5
31,P7,CCC_Receiver_CCL4_to_CCR5,0.0030113358603243517,shap_tree,Receiver,CCL4,CCR5,CCL4 → CCR5
31,P7,CCC_Sender_CCL5_to_CCR1,0.07059553234733146,shap_tree,Sender,CCL5,CCR1,CCL5 → CCR1
31,P7,CCC_Receiver_CCL5_to_CCR1,0.0001741445800387405,shap_tree,Receiver,CCL5,CCR1,CCL5 → CCR1
31,P7,CCC_Sender_CCL5_to_CCR4,0.004080698623929762,shap_tree,Sender,CCL5,CCR4,CCL5 → CCR4
31,P7,CCC_Receiver_CCL5_to_CCR4,0.00017212874424773762,shap_tree,Receiver,CCL5,CCR4,CCL5 → CCR4
31,P7,CCC_Sender_CCL5_to_CCR5,0.01982953835129136,shap_tree,Sender,CCL5,CCR5,CCL5 → CCR5
31,P7,CCC_Receiver_CCL5_to_CCR5,0.0011151971484215518,shap_tree,Receiver,CCL5,CCR5,CCL5 → CCR5
31,P7,CCC_Sender_CXCL13_to_CXCR5,0.0007660834664696596,shap_tree,Sender,CXCL13,CXCR5,CXCL13 → CXCR5
31,P7,CCC_Receiver_CXCL13_to_CXCR5,0.0003455156437500011,shap_tree,Receiver,CXCL13,CXCR5,CXCL13 → CXCR5
31,P7,CCC_Sender_CXCL16_to_CXCR6,0.00038475343756804706,shap_tree,Sender,CXCL16,CXCR6,CXCL16 → CXCR6
31,P7,CCC_Receiver_CXCL16_to_CXCR6,0.0002797722366838067,shap_tree,Receiver,CXCL16,CXCR6,CXCL16 → CXCR6
31,P7,CCC_Sender_CXCL2_to_DPP4,0.00015004294187722617,shap_tree,Sender,CXCL2,DPP4,CXCL2 → DPP4
31,P7,CCC_Receiver_CXCL2_to_DPP4,0.00025130107042466247,shap_tree,Receiver,CXCL2,DPP4,CXCL2 → DPP4
31,P7,CCC_Sender_CSF1_to_CSF1R,0.00020267199065768303,shap_tree,Sender,CSF1,CSF1R,CSF1 → CSF1R
31,P7,CCC_Receiver_CSF1_to_CSF1R,0.0012640486773362076,shap_tree,Receiver,CSF1,CSF1R,CSF1 → CSF1R
31,P7,CCC_Sender_LGALS9_to_HAVCR2,0.015697877961957662,shap_tree,Sender,LGALS9,HAVCR2,LGALS9 → HAVCR2
31,P7,CCC_Receiver_LGALS9_to_HAVCR2,0.010349947770805655,shap_tree,Receiver,LGALS9,HAVCR2,LGALS9 → HAVCR2
31,P7,CCC_Sender_LGALS9_to_P4HB,0.002178944728795777,shap_tree,Sender,LGALS9,P4HB,LGALS9 → P4HB
31,P7,CCC_Receiver_LGALS9_to_P4HB,0.010188740423384999,shap_tree,Receiver,LGALS9,P4HB,LGALS9 → P4HB
31,P7,CCC_Sender_HLA-B_to_KIR3DL2,0.01248021221583224,shap_tree,Sender,HLA-B,KIR3DL2,HLA-B → KIR3DL2
31,P7,CCC_Receiver_HLA-B_to_KIR3DL2,0.0001264454982447241,shap_tree,Receiver,HLA-B,KIR3DL2,HLA-B → KIR3DL2
31,P7,CCC_Sender_HLA-C_to_KIR2DL3,0.031093664826439073,shap_tree,Sender,HLA-C,KIR2DL3,HLA-C → KIR2DL3
31,P7,CCC_Receiver_HLA-C_to_KIR2DL3,2.8174419119176253e-05,shap_tree,Receiver,HLA-C,KIR2DL3,HLA-C → KIR2DL3
31,P7,CCC_Sender_HLA-E_to_KLRC1,0.023143629203954772,shap_tree,Sender,HLA-E,KLRC1,HLA-E → KLRC1
31,P7,CCC_Receiver_HLA-E_to_KLRC1,7.827392542437156e-05,shap_tree,Receiver,HLA-E,KLRC1,HLA-E → KLRC1
31,P7,CCC_Sender_HLA-E_to_KLRC2,0.01547651711719772,shap_tree,Sender,HLA-E,KLRC2,HLA-E → KLRC2
31,P7,CCC_Receiver_HLA-E_to_KLRC2,5.743167402984267e-05,shap_tree,Receiver,HLA-E,KLRC2,HLA-E → KLRC2
31,P7,CCC_Sender_HLA-E_to_KLRK1,0.02786442730104012,shap_tree,Sender,HLA-E,KLRK1,HLA-E → KLRK1
31,P7,CCC_Receiver_HLA-E_to_KLRK1,0.0016422400713179705,shap_tree,Receiver,HLA-E,KLRK1,HLA-E → KLRK1
31,P7,CCC_Sender_HLA-F_to_KIR3DL2,0.011741614557950633,shap_tree,Sender,HLA-F,KIR3DL2,HLA-F → KIR3DL2
31,P7,CCC_Receiver_HLA-F_to_KIR3DL2,7.635935315875451e-05,shap_tree,Receiver,HLA-F,KIR3DL2,HLA-F → KIR3DL2
31,P7,CCC_Sender_HLA-F_to_LILRB1,0.008196060552566714,shap_tree,Sender,HLA-F,LILRB1,HLA-F → LILRB1
31,P7,CCC_Receiver_HLA-F_to_LILRB1,0.0001571409607292898,shap_tree,Receiver,HLA-F,LILRB1,HLA-F → LILRB1
31,P7,CCC_Sender_HLA-F_to_LILRB2,0.07675951726370822,shap_tree,Sender,HLA-F,LILRB2,HLA-F → LILRB2
31,P7,CCC_Receiver_HLA-F_to_LILRB2,0.00032517709882418886,shap_tree,Receiver,HLA-F,LILRB2,HLA-F → LILRB2
31,P7,CCC_Sender_HLA-G_to_LILRB1,0.006133184217444672,shap_tree,Sender,HLA-G,LILRB1,HLA-G → LILRB1
31,P7,CCC_Receiver_HLA-G_to_LILRB1,0.00010553061251680774,shap_tree,Receiver,HLA-G,LILRB1,HLA-G → LILRB1
31,P7,CCC_Sender_HLA-G_to_LILRB2,0.039932419506533506,shap_tree,Sender,HLA-G,LILRB2,HLA-G → LILRB2
31,P7,CCC_Receiver_HLA-G_to_LILRB2,0.0009980178880455112,shap_tree,Receiver,HLA-G,LILRB2,HLA-G → LILRB2
31,P7,CCC_Sender_LTB_to_LTBR,0.004581206784148218,shap_tree,Sender,LTB,LTBR,LTB → LTBR
31,P7,CCC_Receiver_LTB_to_LTBR,0.00010868202036308725,shap_tree,Receiver,LTB,LTBR,LTB → LTBR
31,P7,CCC_Sender_PVR_to_CD226,4.1125386969084804e-05,shap_tree,Sender,PVR,CD226,PVR → CD226
31,P7,CCC_Receiver_PVR_to_CD226,0.00028946759612305436,shap_tree,Receiver,PVR,CD226,PVR → CD226
31,P7,CCC_Sender_PVR_to_CD96,1.1802413172543682e-05,shap_tree,Sender,PVR,CD96,PVR → CD96
31,P7,CCC_Receiver_PVR_to_CD96,0.016693419599609922,shap_tree,Receiver,PVR,CD96,PVR → CD96
31,P7,CCC_Sender_PVR_to_TIGIT,4.666442346120314e-06,shap_tree,Sender,PVR,TIGIT,PVR → TIGIT
31,P7,CCC_Receiver_PVR_to_TIGIT,0.008056042942220168,shap_tree,Receiver,PVR,TIGIT,PVR → TIGIT
31,P7,CCC_Sender_SELPLG_to_SELL,0.005497966098568754,shap_tree,Sender,SELPLG,SELL,SELPLG → SELL
31,P7,CCC_Receiver_SELPLG_to_SELL,0.002530617645319124,shap_tree,Receiver,SELPLG,SELL,SELPLG → SELL
31,P7,CCC_Sender_TGFB1_to_TGFBR3,0.0005712658672146945,shap_tree,Sender,TGFB1,TGFBR3,TGFB1 → TGFBR3
31,P7,CCC_Receiver_TGFB1_to_TGFBR3,0.0004128264297117182,shap_tree,Receiver,TGFB1,TGFBR3,TGFB1 → TGFBR3
31,P7,CCC_Sender_BTLA_to_TNFRSF14,0.0012743582039402982,shap_tree,Sender,BTLA,TNFRSF14,BTLA → TNFRSF14
31,P7,CCC_Receiver_BTLA_to_TNFRSF14,0.0046432684319920444,shap_tree,Receiver,BTLA,TNFRSF14,BTLA → TNFRSF14
31,P7,CCC_Sender_FASLG_to_FAS,0.00010534486459599763,shap_tree,Sender,FASLG,FAS,FASLG → FAS
31,P7,CCC_Receiver_FASLG_to_FAS,0.0007097560871701227,shap_tree,Receiver,FASLG,FAS,FASLG → FAS
31,P7,CCC_Sender_LTA_to_TNFRSF14,0.00020865905703841767,shap_tree,Sender,LTA,TNFRSF14,LTA → TNFRSF14
31,P7,CCC_Receiver_LTA_to_TNFRSF14,0.0042290698303782195,shap_tree,Receiver,LTA,TNFRSF14,LTA → TNFRSF14
31,P7,CCC_Sender_LTA_to_TNFRSF1A,0.00017590069453627964,shap_tree,Sender,LTA,TNFRSF1A,LTA → TNFRSF1A
31,P7,CCC_Receiver_LTA_to_TNFRSF1A,0.0004120232358882053,shap_tree,Receiver,LTA,TNFRSF1A,LTA → TNFRSF1A
31,P7,CCC_Sender_LTA_to_TNFRSF1B,6.970757380262426e-05,shap_tree,Sender,LTA,TNFRSF1B,LTA → TNFRSF1B
31,P7,CCC_Receiver_LTA_to_TNFRSF1B,0.002454822107917596,shap_tree,Receiver,LTA,TNFRSF1B,LTA → TNFRSF1B
31,P7,CCC_Sender_TNF_to_TNFRSF1A,0.0033814204755207157,shap_tree,Sender,TNF,TNFRSF1A,TNF → TNFRSF1A
31,P7,CCC_Receiver_TNF_to_TNFRSF1A,0.003775717497729972,shap_tree,Receiver,TNF,TNFRSF1A,TNF → TNFRSF1A
31,P7,CCC_Sender_TNF_to_TNFRSF1B,0.0009057530950769201,shap_tree,Sender,TNF,TNFRSF1B,TNF → TNFRSF1B
31,P7,CCC_Receiver_TNF_to_TNFRSF1B,0.007916564648890899,shap_tree,Receiver,TNF,TNFRSF1B,TNF → TNFRSF1B
31,P7,CCC_Sender_TNFSF10_to_TNFRSF10A,0.00019841612636442463,shap_tree,Sender,TNFSF10,TNFRSF10A,TNFSF10 → TNFRSF10A
31,P7,CCC_Receiver_TNFSF10_to_TNFRSF10A,0.00014091795868131086,shap_tree,Receiver,TNFSF10,TNFRSF10A,TNFSF10 → TNFRSF10A
31,P7,CCC_Sender_TNFSF10_to_TNFRSF10B,0.0004960882492491879,shap_tree,Sender,TNFSF10,TNFRSF10B,TNFSF10 → TNFRSF10B
31,P7,CCC_Receiver_TNFSF10_to_TNFRSF10B,0.00022155943169346954,shap_tree,Receiver,TNFSF10,TNFRSF10B,TNFSF10 → TNFRSF10B
31,P7,CCC_Sender_TNFSF10_to_TNFRSF10D,0.0003221015004994424,shap_tree,Sender,TNFSF10,TNFRSF10D,TNFSF10 → TNFRSF10D
31,P7,CCC_Receiver_TNFSF10_to_TNFRSF10D,3.147204996508744e-05,shap_tree,Receiver,TNFSF10,TNFRSF10D,TNFSF10 → TNFRSF10D
31,P7,CCC_Sender_TNFSF12_to_TNFRSF12A,2.223433761213597e-05,shap_tree,Sender,TNFSF12,TNFRSF12A,TNFSF12 → TNFRSF12A
31,P7,CCC_Receiver_TNFSF12_to_TNFRSF12A,1.866076343088316e-05,shap_tree,Receiver,TNFSF12,TNFRSF12A,TNFSF12 → TNFRSF12A
31,P7,CCC_Sender_TNFSF12_to_TNFRSF25,8.244407007377979e-05,shap_tree,Sender,TNFSF12,TNFRSF25,TNFSF12 → TNFRSF25
31,P7,CCC_Receiver_TNFSF12_to_TNFRSF25,0.0011123239008336107,shap_tree,Receiver,TNFSF12,TNFRSF25,TNFSF12 → TNFRSF25
31,P7,CCC_Sender_TNFSF14_to_LTBR,9.346700604513242e-05,shap_tree,Sender,TNFSF14,LTBR,TNFSF14 → LTBR
31,P7,CCC_Receiver_TNFSF14_to_LTBR,0.0005850731249587442,shap_tree,Receiver,TNFSF14,LTBR,TNFSF14 → LTBR
31,P7,CCC_Sender_TNFSF14_to_TNFRSF14,0.00027015950165894655,shap_tree,Sender,TNFSF14,TNFRSF14,TNFSF14 → TNFRSF14
31,P7,CCC_Receiver_TNFSF14_to_TNFRSF14,0.005051320229644747,shap_tree,Receiver,TNFSF14,TNFRSF14,TNFSF14 → TNFRSF14
31,P7,CCC_Sender_TNFSF4_to_TNFRSF4,8.049883469384867e-05,shap_tree,Sender,TNFSF4,TNFRSF4,TNFSF4 → TNFRSF4
31,P7,CCC_Receiver_TNFSF4_to_TNFRSF4,0.0005095195403697315,shap_tree,Receiver,TNFSF4,TNFRSF4,TNFSF4 → TNFRSF4
31,P7,CCC_Sender_TNFSF9_to_TNFRSF9,0.00039015369926110563,shap_tree,Sender,TNFSF9,TNFRSF9,TNFSF9 → TNFRSF9
31,P7,CCC_Receiver_TNFSF9_to_TNFRSF9,0.0006913466285178774,shap_tree,Receiver,TNFSF9,TNFRSF9,TNFSF9 → TNFRSF9
31,P7,CCC_Sender_VEGFA_to_NRP1,0.0002505097557642279,shap_tree,Sender,VEGFA,NRP1,VEGFA → NRP1
31,P7,CCC_Receiver_VEGFA_to_NRP1,0.00030770565634631727,shap_tree,Receiver,VEGFA,NRP1,VEGFA → NRP1
31,P7,CCC_Sender_VEGFA_to_NRP2,0.00034742588784692836,shap_tree,Sender,VEGFA,NRP2,VEGFA → NRP2
31,P7,CCC_Receiver_VEGFA_to_NRP2,3.9619146349284804e-05,shap_tree,Receiver,VEGFA,NRP2,VEGFA → NRP2
31,P7,CCC_Sender_VEGFB_to_NRP1,8.46895550129624e-05,shap_tree,Sender,VEGFB,NRP1,VEGFB → NRP1
31,P7,CCC_Receiver_VEGFB_to_NRP1,0.0003384186836706665,shap_tree,Receiver,VEGFB,NRP1,VEGFB → NRP1
31,P7,CCC_Sender_CD274_to_PDCD1,0.00016265463022413132,shap_tree,Sender,CD274,PDCD1,CD274 → PDCD1
31,P7,CCC_Receiver_CD274_to_PDCD1,0.006213655936420986,shap_tree,Receiver,CD274,PDCD1,CD274 → PDCD1
31,P7,CCC_Sender_CD86_to_CTLA4,0.0003880274826311272,shap_tree,Sender,CD86,CTLA4,CD86 → CTLA4
31,P7,CCC_Receiver_CD86_to_CTLA4,0.002269341454635741,shap_tree,Receiver,CD86,CTLA4,CD86 → CTLA4
31,P7,CCC_Sender_CD86_to_CD28,0.0004911905711323683,shap_tree,Sender,CD86,CD28,CD86 → CD28
31,P7,CCC_Receiver_CD86_to_CD28,0.0007357227457083191,shap_tree,Receiver,CD86,CD28,CD86 → CD28
31,P7,CCC_Sender_ICOSLG_to_ICOS,9.226383612146568e-05,shap_tree,Sender,ICOSLG,ICOS,ICOSLG → ICOS
31,P7,CCC_Receiver_ICOSLG_to_ICOS,0.0008412258947097237,shap_tree,Receiver,ICOSLG,ICOS,ICOSLG → ICOS
31,P7,CCC_Sender_CD40LG_to_CD40,8.633748063847072e-05,shap_tree,Sender,CD40LG,CD40,CD40LG → CD40
31,P7,CCC_Receiver_CD40LG_to_CD40,0.00022643897464539675,shap_tree,Receiver,CD40LG,CD40,CD40LG → CD40
32,P8,CCC_Sender_ICAM1_to_ITGAL,0.00012004439175727085,shap_tree,Sender,ICAM1,ITGAL,ICAM1 → ITGAL
32,P8,CCC_Receiver_ICAM1_to_ITGAL,0.005316932677120732,shap_tree,Receiver,ICAM1,ITGAL,ICAM1 → ITGAL
32,P8,CCC_Sender_CCL2_to_CCR2,2.804951113758492e-06,shap_tree,Sender,CCL2,CCR2,CCL2 → CCR2
32,P8,CCC_Receiver_CCL2_to_CCR2,7.702406635361187e-05,shap_tree,Receiver,CCL2,CCR2,CCL2 → CCR2
32,P8,CCC_Sender_CCL3_to_CCR1,0.004602278584383066,shap_tree,Sender,CCL3,CCR1,CCL3 → CCR1
32,P8,CCC_Receiver_CCL3_to_CCR1,0.00011579705721161391,shap_tree,Receiver,CCL3,CCR1,CCL3 → CCR1
32,P8,CCC_Sender_CCL3_to_CCR5,0.0032019268930568792,shap_tree,Sender,CCL3,CCR5,CCL3 → CCR5
32,P8,CCC_Receiver_CCL3_to_CCR5,0.002560519400743537,shap_tree,Receiver,CCL3,CCR5,CCL3 → CCR5
32,P8,CCC_Sender_CCL3L1_to_CCR1,0.0005005833759541148,shap_tree,Sender,CCL3L1,CCR1,CCL3L1 → CCR1
32,P8,CCC_Receiver_CCL3L1_to_CCR1,0.0004887694032846551,shap_tree,Receiver,CCL3L1,CCR1,CCL3L1 → CCR1
32,P8,CCC_Sender_CCL4_to_CCR5,0.0054463563668739135,shap_tree,Sender,CCL4,CCR5,CCL4 → CCR5
32,P8,CCC_Receiver_CCL4_to_CCR5,0.0011486056812890647,shap_tree,Receiver,CCL4,CCR5,CCL4 → CCR5
32,P8,CCC_Sender_CCL5_to_CCR1,0.03610492950036671,shap_tree,Sender,CCL5,CCR1,CCL5 → CCR1
32,P8,CCC_Receiver_CCL5_to_CCR1,0.0001794626534593362,shap_tree,Receiver,CCL5,CCR1,CCL5 → CCR1
32,P8,CCC_Sender_CCL5_to_CCR4,0.005044628649997588,shap_tree,Sender,CCL5,CCR4,CCL5 → CCR4
32,P8,CCC_Receiver_CCL5_to_CCR4,7.809143732705418e-06,shap_tree,Receiver,CCL5,CCR4,CCL5 → CCR4
32,P8,CCC_Sender_CCL5_to_CCR5,0.008356473054364533,shap_tree,Sender,CCL5,CCR5,CCL5 → CCR5
32,P8,CCC_Receiver_CCL5_to_CCR5,0.0003031737262200883,shap_tree,Receiver,CCL5,CCR5,CCL5 → CCR5
32,P8,CCC_Sender_CXCL13_to_CXCR5,0.00045612752300379,shap_tree,Sender,CXCL13,CXCR5,CXCL13 → CXCR5
32,P8,CCC_Receiver_CXCL13_to_CXCR5,0.00019949690809987442,shap_tree,Receiver,CXCL13,CXCR5,CXCL13 → CXCR5
32,P8,CCC_Sender_CXCL16_to_CXCR6,4.1818697434969394e-05,shap_tree,Sender,CXCL16,CXCR6,CXCL16 → CXCR6
32,P8,CCC_Receiver_CXCL16_to_CXCR6,0.00023893861898255681,shap_tree,Receiver,CXCL16,CXCR6,CXCL16 → CXCR6
32,P8,CCC_Sender_CXCL2_to_DPP4,0.0001736550359510761,shap_tree,Sender,CXCL2,DPP4,CXCL2 → DPP4
32,P8,CCC_Receiver_CXCL2_to_DPP4,3.3393627745829073e-06,shap_tree,Receiver,CXCL2,DPP4,CXCL2 → DPP4
32,P8,CCC_Sender_CSF1_to_CSF1R,0.0002478923823012368,shap_tree,Sender,CSF1,CSF1R,CSF1 → CSF1R
32,P8,CCC_Receiver_CSF1_to_CSF1R,0.001074771057332972,shap_tree,Receiver,CSF1,CSF1R,CSF1 → CSF1R
32,P8,CCC_Sender_LGALS9_to_HAVCR2,0.008838087408527413,shap_tree,Sender,LGALS9,HAVCR2,LGALS9 → HAVCR2
32,P8,CCC_Receiver_LGALS9_to_HAVCR2,0.00960140119278379,shap_tree,Receiver,LGALS9,HAVCR2,LGALS9 → HAVCR2
32,P8,CCC_Sender_LGALS9_to_P4HB,0.0008204027453827851,shap_tree,Sender,LGALS9,P4HB,LGALS9 → P4HB
32,P8,CCC_Receiver_LGALS9_to_P4HB,0.01138982535622742,shap_tree,Receiver,LGALS9,P4HB,LGALS9 → P4HB
32,P8,CCC_Sender_HLA-B_to_KIR3DL2,0.0814467561661095,shap_tree,Sender,HLA-B,KIR3DL2,HLA-B → KIR3DL2
32,P8,CCC_Receiver_HLA-B_to_KIR3DL2,3.2524929458980746e-06,shap_tree,Receiver,HLA-B,KIR3DL2,HLA-B → KIR3DL2
32,P8,CCC_Sender_HLA-C_to_KIR2DL3,0.02002480645134726,shap_tree,Sender,HLA-C,KIR2DL3,HLA-C → KIR2DL3
32,P8,CCC_Receiver_HLA-C_to_KIR2DL3,1.162304419421706e-05,shap_tree,Receiver,HLA-C,KIR2DL3,HLA-C → KIR2DL3
32,P8,CCC_Sender_HLA-E_to_KLRC1,0.02414362005779378,shap_tree,Sender,HLA-E,KLRC1,HLA-E → KLRC1
32,P8,CCC_Receiver_HLA-E_to_KLRC1,0.00016218021323618101,shap_tree,Receiver,HLA-E,KLRC1,HLA-E → KLRC1
32,P8,CCC_Sender_HLA-E_to_KLRC2,0.05113898755579154,shap_tree,Sender,HLA-E,KLRC2,HLA-E → KLRC2
32,P8,CCC_Receiver_HLA-E_to_KLRC2,5.709237248405717e-06,shap_tree,Receiver,HLA-E,KLRC2,HLA-E → KLRC2
32,P8,CCC_Sender_HLA-E_to_KLRK1,0.01718357990897594,shap_tree,Sender,HLA-E,KLRK1,HLA-E → KLRK1
32,P8,CCC_Receiver_HLA-E_to_KLRK1,0.00031611817677547306,shap_tree,Receiver,HLA-E,KLRK1,HLA-E → KLRK1
32,P8,CCC_Sender_HLA-F_to_KIR3DL2,0.025273708125590492,shap_tree,Sender,HLA-F,KIR3DL2,HLA-F → KIR3DL2
32,P8,CCC_Receiver_HLA-F_to_KIR3DL2,2.3617667980485416e-05,shap_tree,Receiver,HLA-F,KIR3DL2,HLA-F → KIR3DL2
32,P8,CCC_Sender_HLA-F_to_LILRB1,0.0024313309347952956,shap_tree,Sender,HLA-F,LILRB1,HLA-F → LILRB1
32,P8,CCC_Receiver_HLA-F_to_LILRB1,4.0850875799307605e-05,shap_tree,Receiver,HLA-F,LILRB1,HLA-F → LILRB1
32,P8,CCC_Sender_HLA-F_to_LILRB2,0.07770877042111288,shap_tree,Sender,HLA-F,LILRB2,HLA-F → LILRB2
32,P8,CCC_Receiver_HLA-F_to_LILRB2,0.0006544894505130749,shap_tree,Receiver,HLA-F,LILRB2,HLA-F → LILRB2
32,P8,CCC_Sender_HLA-G_to_LILRB1,0.004234606683885322,shap_tree,Sender,HLA-G,LILRB1,HLA-G → LILRB1
32,P8,CCC_Receiver_HLA-G_to_LILRB1,6.525760997094901e-05,shap_tree,Receiver,HLA-G,LILRB1,HLA-G → LILRB1
32,P8,CCC_Sender_HLA-G_to_LILRB2,0.04882878202854831,shap_tree,Sender,HLA-G,LILRB2,HLA-G → LILRB2
32,P8,CCC_Receiver_HLA-G_to_LILRB2,0.0008305519466720696,shap_tree,Receiver,HLA-G,LILRB2,HLA-G → LILRB2
32,P8,CCC_Sender_LTB_to_LTBR,0.0034703745990645133,shap_tree,Sender,LTB,LTBR,LTB → LTBR
32,P8,CCC_Receiver_LTB_to_LTBR,0.00013238644572144965,shap_tree,Receiver,LTB,LTBR,LTB → LTBR
32,P8,CCC_Sender_PVR_to_CD226,1.8676803166741905e-06,shap_tree,Sender,PVR,CD226,PVR → CD226
32,P8,CCC_Receiver_PVR_to_CD226,2.720565578346313e-05,shap_tree,Receiver,PVR,CD226,PVR → CD226
32,P8,CCC_Sender_PVR_to_CD96,0.0,shap_tree,Sender,PVR,CD96,PVR → CD96
32,P8,CCC_Receiver_PVR_to_CD96,0.0016244262380975666,shap_tree,Receiver,PVR,CD96,PVR → CD96
32,P8,CCC_Sender_PVR_to_TIGIT,0.0,shap_tree,Sender,PVR,TIGIT,PVR → TIGIT
32,P8,CCC_Receiver_PVR_to_TIGIT,0.0011206621786685285,shap_tree,Receiver,PVR,TIGIT,PVR → TIGIT
32,P8,CCC_Sender_SELPLG_to_SELL,0.004033319971910362,shap_tree,Sender,SELPLG,SELL,SELPLG → SELL
32,P8,CCC_Receiver_SELPLG_to_SELL,0.0006655194037823135,shap_tree,Receiver,SELPLG,SELL,SELPLG → SELL
32,P8,CCC_Sender_TGFB1_to_TGFBR3,8.78558141566823e-05,shap_tree,Sender,TGFB1,TGFBR3,TGFB1 → TGFBR3
32,P8,CCC_Receiver_TGFB1_to_TGFBR3,0.00015196500366160138,shap_tree,Receiver,TGFB1,TGFBR3,TGFB1 → TGFBR3
32,P8,CCC_Sender_BTLA_to_TNFRSF14,7.82864862357838e-06,shap_tree,Sender,BTLA,TNFRSF14,BTLA → TNFRSF14
32,P8,CCC_Receiver_BTLA_to_TNFRSF14,0.0024969445074907895,shap_tree,Receiver,BTLA,TNFRSF14,BTLA → TNFRSF14
32,P8,CCC_Sender_FASLG_to_FAS,1.3338057691178057e-06,shap_tree,Sender,FASLG,FAS,FASLG → FAS
32,P8,CCC_Receiver_FASLG_to_FAS,0.00011566999562509957,shap_tree,Receiver,FASLG,FAS,FASLG → FAS
32,P8,CCC_Sender_LTA_to_TNFRSF14,4.617152111907317e-07,shap_tree,Sender,LTA,TNFRSF14,LTA → TNFRSF14
32,P8,CCC_Receiver_LTA_to_TNFRSF14,0.000565181687040291,shap_tree,Receiver,LTA,TNFRSF14,LTA → TNFRSF14
32,P8,CCC_Sender_LTA_to_TNFRSF1A,4.0716145974740977e-05,shap_tree,Sender,LTA,TNFRSF1A,LTA → TNFRSF1A
32,P8,CCC_Receiver_LTA_to_TNFRSF1A,5.199042698901028e-05,shap_tree,Receiver,LTA,TNFRSF1A,LTA → TNFRSF1A
32,P8,CCC_Sender_LTA_to_TNFRSF1B,2.78988235058953e-05,shap_tree,Sender,LTA,TNFRSF1B,LTA → TNFRSF1B
32,P8,CCC_Receiver_LTA_to_TNFRSF1B,0.0007353204253587155,shap_tree,Receiver,LTA,TNFRSF1B,LTA → TNFRSF1B
32,P8,CCC_Sender_TNF_to_TNFRSF1A,0.0004392358378056918,shap_tree,Sender,TNF,TNFRSF1A,TNF → TNFRSF1A
32,P8,CCC_Receiver_TNF_to_TNFRSF1A,0.00015505088719042803,shap_tree,Receiver,TNF,TNFRSF1A,TNF → TNFRSF1A
32,P8,CCC_Sender_TNF_to_TNFRSF1B,0.00015179476832530514,shap_tree,Sender,TNF,TNFRSF1B,TNF → TNFRSF1B
32,P8,CCC_Receiver_TNF_to_TNFRSF1B,0.0003103609184861164,shap_tree,Receiver,TNF,TNFRSF1B,TNF → TNFRSF1B
32,P8,CCC_Sender_TNFSF10_to_TNFRSF10A,0.0001420662120406237,shap_tree,Sender,TNFSF10,TNFRSF10A,TNFSF10 → TNFRSF10A
32,P8,CCC_Receiver_TNFSF10_to_TNFRSF10A,2.8631382988731746e-05,shap_tree,Receiver,TNFSF10,TNFRSF10A,TNFSF10 → TNFRSF10A
32,P8,CCC_Sender_TNFSF10_to_TNFRSF10B,0.0004499432544065652,shap_tree,Sender,TNFSF10,TNFRSF10B,TNFSF10 → TNFRSF10B
32,P8,CCC_Receiver_TNFSF10_to_TNFRSF10B,9.851254479366757e-05,shap_tree,Receiver,TNFSF10,TNFRSF10B,TNFSF10 → TNFRSF10B
32,P8,CCC_Sender_TNFSF10_to_TNFRSF10D,0.0003059941717145186,shap_tree,Sender,TNFSF10,TNFRSF10D,TNFSF10 → TNFRSF10D
32,P8,CCC_Receiver_TNFSF10_to_TNFRSF10D,2.572808756882e-06,shap_tree,Receiver,TNFSF10,TNFRSF10D,TNFSF10 → TNFRSF10D
32,P8,CCC_Sender_TNFSF12_to_TNFRSF12A,4.555382883229553e-07,shap_tree,Sender,TNFSF12,TNFRSF12A,TNFSF12 → TNFRSF12A
32,P8,CCC_Receiver_TNFSF12_to_TNFRSF12A,7.695582104576391e-05,shap_tree,Receiver,TNFSF12,TNFRSF12A,TNFSF12 → TNFRSF12A
32,P8,CCC_Sender_TNFSF12_to_TNFRSF25,5.2144843351066215e-05,shap_tree,Sender,TNFSF12,TNFRSF25,TNFSF12 → TNFRSF25
32,P8,CCC_Receiver_TNFSF12_to_TNFRSF25,0.0001941644790921579,shap_tree,Receiver,TNFSF12,TNFRSF25,TNFSF12 → TNFRSF25
32,P8,CCC_Sender_TNFSF14_to_LTBR,9.835298374098967e-05,shap_tree,Sender,TNFSF14,LTBR,TNFSF14 → LTBR
32,P8,CCC_Receiver_TNFSF14_to_LTBR,0.00025128176542706907,shap_tree,Receiver,TNFSF14,LTBR,TNFSF14 → LTBR
32,P8,CCC_Sender_TNFSF14_to_TNFRSF14,0.00015438233194656954,shap_tree,Sender,TNFSF14,TNFRSF14,TNFSF14 → TNFRSF14
32,P8,CCC_Receiver_TNFSF14_to_TNFRSF14,0.0021792779419973598,shap_tree,Receiver,TNFSF14,TNFRSF14,TNFSF14 → TNFRSF14
32,P8,CCC_Sender_TNFSF4_to_TNFRSF4,3.922358365428914e-06,shap_tree,Sender,TNFSF4,TNFRSF4,TNFSF4 → TNFRSF4
32,P8,CCC_Receiver_TNFSF4_to_TNFRSF4,0.00010922749704488602,shap_tree,Receiver,TNFSF4,TNFRSF4,TNFSF4 → TNFRSF4
32,P8,CCC_Sender_TNFSF9_to_TNFRSF9,0.00013283277109954166,shap_tree,Sender,TNFSF9,TNFRSF9,TNFSF9 → TNFRSF9
32,P8,CCC_Receiver_TNFSF9_to_TNFRSF9,9.334608002859272e-05,shap_tree,Receiver,TNFSF9,TNFRSF9,TNFSF9 → TNFRSF9
32,P8,CCC_Sender_VEGFA_to_NRP1,3.7127948511586154e-05,shap_tree,Sender,VEGFA,NRP1,VEGFA → NRP1
32,P8,CCC_Receiver_VEGFA_to_NRP1,0.000294013485304774,shap_tree,Receiver,VEGFA,NRP1,VEGFA → NRP1
32,P8,CCC_Sender_VEGFA_to_NRP2,1.2948359969253124e-05,shap_tree,Sender,VEGFA,NRP2,VEGFA → NRP2
32,P8,CCC_Receiver_VEGFA_to_NRP2,1.3360155082510336e-06,shap_tree,Receiver,VEGFA,NRP2,VEGFA → NRP2
32,P8,CCC_Sender_VEGFB_to_NRP1,4.474147490484221e-06,shap_tree,Sender,VEGFB,NRP1,VEGFB → NRP1
32,P8,CCC_Receiver_VEGFB_to_NRP1,0.00022699027484706356,shap_tree,Receiver,VEGFB,NRP1,VEGFB → NRP1
32,P8,CCC_Sender_CD274_to_PDCD1,3.2181618555229897e-06,shap_tree,Sender,CD274,PDCD1,CD274 → PDCD1
32,P8,CCC_Receiver_CD274_to_PDCD1,0.0014611035246472656,shap_tree,Receiver,CD274,PDCD1,CD274 → PDCD1
32,P8,CCC_Sender_CD86_to_CTLA4,6.552817371495628e-05,shap_tree,Sender,CD86,CTLA4,CD86 → CTLA4
32,P8,CCC_Receiver_CD86_to_CTLA4,0.0015713117587743976,shap_tree,Receiver,CD86,CTLA4,CD86 → CTLA4
32,P8,CCC_Sender_CD86_to_CD28,1.498727787889275e-05,shap_tree,Sender,CD86,CD28,CD86 → CD28
32,P8,CCC_Receiver_CD86_to_CD28,0.0010968235759311344,shap_tree,Receiver,CD86,CD28,CD86 → CD28
32,P8,CCC_Sender_ICOSLG_to_ICOS,4.258256255379581e-05,shap_tree,Sender,ICOSLG,ICOS,ICOSLG → ICOS
32,P8,CCC_Receiver_ICOSLG_to_ICOS,0.001864937236840996,shap_tree,Receiver,ICOSLG,ICOS,ICOSLG → ICOS
32,P8,CCC_Sender_CD40LG_to_CD40,4.5353702069232304e-05,shap_tree,Sender,CD40LG,CD40,CD40LG → CD40
32,P8,CCC_Receiver_CD40LG_to_CD40,1.504301824442545e-05,shap_tree,Receiver,CD40LG,CD40,CD40LG → CD40
