feature,overall_mean_importance,overall_std_importance,conditional_mean_importance,n_folds_selected,selection_frequency,overall_sem_importance,cv_importance_all_folds,feature_type
IFI6,0.1271457817638293,0.09135015094073987,0.1271457817638293,32,1.0,0.016148577798152958,0.718467806587724,Gene
MT2A,0.06317524249607231,0.05941956114749201,0.06317524249607231,32,1.0,0.010503993655630078,0.940551374237878,Gene
WARS,0.05528050073189661,0.05215678761833524,0.05528050073189661,32,1.0,0.009220104552457852,0.943493400526327,Gene
CCL4L1,0.03988624372141203,0.03581306474200909,0.03988624372141203,32,1.0,0.00633091523353687,0.8978801060372515,Gene
CCR7,0.0378935718908906,0.041733768167577054,0.0378935718908906,32,1.0,0.007377557618940252,1.1013416282778457,Gene
GZMB,0.02927970733435359,0.040203245857871,0.04073698411736151,23,0.71875,0.00710699694295264,1.373075399927271,Gene
ISG15,0.024814360131131252,0.03410929877596254,0.024814360131131252,32,1.0,0.006029729116500279,1.37457901778294,Gene
GBP1,0.023494931811001152,0.037316970142655496,0.02425283283716248,31,0.96875,0.006596770660301906,1.5882987208833856,Gene
SAT1,0.021216810355412008,0.04420151163009506,0.02190122359268336,31,0.96875,0.007813797153084065,2.0833250092571096,Gene
IFI44L,0.017366631522918397,0.0305161344840468,0.018524406957779623,30,0.9375,0.005394541407317534,1.7571706086914591,Gene
CD74,0.017019418806285103,0.03318361089750657,0.01815404672670411,30,0.9375,0.005866089072470678,1.949749945941291,Gene
TXN,0.016415462943996317,0.02856206420461262,0.016415462943996317,32,1.0,0.005049107320941784,1.739948748448713,Gene
HLA-DRB5,0.015120610209123697,0.03847011117754839,0.04032162722432986,12,0.375,0.006800619121661216,2.5442168434667884,Gene
LGALS1,0.014712854870595038,0.03677951755795496,0.0784685593098402,6,0.1875,0.0065017615684999095,2.4998219503586707,Gene
HSPB1,0.01446021420957777,0.027148232336758484,0.01446021420957777,32,1.0,0.0047991747956374585,1.8774433036252507,Gene
CCL3,0.014321493736360935,0.021978086131185934,0.014321493736360935,32,1.0,0.0038852134352158965,1.5346224727512625,Gene
HLA-DRA,0.013429784892309726,0.014906918971734698,0.013863003759803589,31,0.96875,0.0026351958728780002,1.1099894072220635,Gene
IFITM3,0.01321083571156123,0.023512912090585016,0.01321083571156123,32,1.0,0.004156534896173956,1.7798201873033743,Gene
GPR183,0.01241284380354557,0.026347403384928875,0.013240366723781942,30,0.9375,0.0046576069000351505,2.12259203466357,Gene
VCAM1,0.011562799334569718,0.020319557193077584,0.011562799334569718,32,1.0,0.003592024170483262,1.7573216143540147,Gene
HSPA1A,0.01036153857194222,0.020197446973292975,0.01036153857194222,32,1.0,0.003570437929367793,1.9492710308472136,Gene
CTSB,0.010163601157159974,0.020361594526054533,0.010163601157159974,32,1.0,0.0035994553912860115,2.0033838608188947,Gene
CTSD,0.009613972352781275,0.016600330150579965,0.009613972352781275,32,1.0,0.0029345515048526485,1.72668794348858,Gene
PLIN2,0.009606681244122228,0.021618771741772586,0.010247126660397043,30,0.9375,0.003821695024882876,2.250389202306453,Gene
IFNG,0.009351726463137311,0.018356619194450044,0.009351726463137311,32,1.0,0.0032450224780136913,1.9629123314083523,Gene
HSP90AA1,0.008910304742499875,0.019031874380523377,0.009504325058666533,30,0.9375,0.0033643918582896507,2.1359397832653473,Gene
HIST2H2AA4,0.008890534984736576,0.01877185107665045,0.00981024550039898,29,0.90625,0.0033184257979308814,2.111442237039536,Gene
NR4A1,0.008770220571477694,0.025714351118227313,0.012202046012490704,23,0.71875,0.004545698012377603,2.9320073433335216,Gene
MS4A1,0.008608568052125065,0.019187418468620987,0.008608568052125065,32,1.0,0.003391888428156475,2.228874576171177,Gene
ATF3,0.007481505257146637,0.01951583806197969,0.007722844136409431,31,0.96875,0.0034499453585410916,2.6085443224593567,Gene
HSPH1,0.007175384947004204,0.018473938493585095,0.007917666148418432,29,0.90625,0.003265761796009303,2.5746268151506144,Gene
PTGER2,0.007131347064444071,0.019733808964350983,0.009128124242488411,25,0.78125,0.003488477534333115,2.767192339122166,Gene
HSPA1B,0.006702228277845279,0.012938543427298502,0.006702228277845279,32,1.0,0.002287232949029851,1.930483846703317,Gene
CADM1,0.006033396750524389,0.01552858581901118,0.007150692445065943,27,0.84375,0.0027450920837150156,2.57377170126621,Gene
LGALS3,0.006003575937029382,0.00919638369472636,0.006003575937029382,32,1.0,0.0016257063182336013,1.531817668533865,Gene
GK,0.005938470663295448,0.01283609097852553,0.0063343687075151445,30,0.9375,0.002269121743710717,2.1615145895833003,Gene
LY9,0.005825903746199401,0.012549032641186396,0.005825903746199401,32,1.0,0.0022183765194785576,2.154006174470855,Gene
FCGR3B,0.005745865945584683,0.01784118391629347,0.0061289236752903285,30,0.9375,0.0031539055329018696,3.1050470173261244,Gene
TUBA1B,0.00570510816623937,0.015053729617419555,0.00570510816623937,32,1.0,0.0026611485736565345,2.6386405268355335,Gene
CLIC3,0.005577855107731011,0.0146258755768421,0.007760494062930103,23,0.71875,0.002585513950293939,2.622132575041321,Gene
CCL4L2,0.0055582356744707795,0.010659555447704168,0.0055582356744707795,32,1.0,0.0018843609853764053,1.9177947953275847,Gene
CCL4,0.005350123515199812,0.00862797026904669,0.005350123515199812,32,1.0,0.0015252240712797086,1.6126674916073336,Gene
DNAJB1,0.0052229488223929366,0.014024792960385644,0.009831433077445528,17,0.53125,0.0024792565517565107,2.6852250399727393,Gene
HLA-DQA1,0.005112254364803448,0.01658263813467696,0.007790101889224302,21,0.65625,0.00293142396874818,3.2437036484029718,Gene
EGR1,0.005010333556468183,0.016215122056344136,0.016033067380698186,10,0.3125,0.002866455690952123,3.236335839439457,Gene
LMNA,0.004984292006014357,0.019328526494588084,0.0066457226746858096,24,0.75,0.0034168330386667705,3.8778880674055776,Gene
CD83,0.004711116581518127,0.010816691608903636,0.004863088084147743,31,0.96875,0.0019121389966648469,2.2959931943390854,Gene
TGFBI,0.004702625736854316,0.003209945255357095,0.004702625736854316,32,1.0,0.0005674435143251464,0.6825857371980221,Gene
ANXA1,0.004373554598714691,0.017110316331536413,0.02332562452647835,6,0.1875,0.003024705176569082,3.912221957070075,Gene
CD79B,0.004144245448372885,0.013844022981636742,0.0042779307854171715,31,0.96875,0.0024473006323044366,3.340541276837786,Gene
ZNF683,0.0041254534430663625,0.01384719799822011,0.007765559422242565,17,0.53125,0.0024478619012435563,3.3565275161432386,Gene
CD79A,0.004011712591704963,0.009691693746436043,0.004011712591704963,32,1.0,0.0017132655923220454,2.4158494719875003,Gene
FCGR3A,0.003987305654078455,0.008022394934406369,0.003987305654078455,32,1.0,0.0014181724648688377,2.0119839386279765,Gene
CRTAM,0.003907575303884414,0.010306060022050085,0.004168080324143375,30,0.9375,0.0018218712322267984,2.637456535208704,Gene
PSAP,0.003864678097826868,0.011869218356353765,0.004122323304348659,30,0.9375,0.0020982011967903987,3.0712049117435933,Gene
LDLRAD4,0.0037963154329077042,0.010872366121088821,0.0071460055207674435,17,0.53125,0.0019219809529411962,2.8639259074321366,Gene
CCL3L1,0.0037912155145392035,0.009482274220469225,0.0037912155145392035,32,1.0,0.0016762451005910431,2.5011171704971593,Gene
IFI44,0.0032961542249694276,0.008427031104218469,0.0032961542249694276,32,1.0,0.0014897027097657096,2.55662524537869,Gene
KIR2DL4,0.003203838167095796,0.008861959777475696,0.003307187785389209,31,0.96875,0.001566587963313873,2.7660447610900567,Gene
PIK3R1,0.003181715163265153,0.017604219032779485,0.0072724918017489214,14,0.4375,0.0031120156638929143,5.532933694389415,Gene
LEF1,0.0031559795858804307,0.008814374858954048,0.0031559795858804307,32,1.0,0.0015581760586716564,2.7929125075424346,Gene
TNFRSF18,0.0027571406714059776,0.007664525634402066,0.0036761875618746367,24,0.75,0.0013549095126659564,2.779881967536177,Gene
PLAC8,0.0026017375481046656,0.006612138302016472,0.00277518671797831,30,0.9375,0.0011688719578747877,2.541431708526225,Gene
OAS1,0.002570243308895215,0.005292791385408802,0.002570243308895215,32,1.0,0.0009356421700070763,2.059256945477212,Gene
IRF7,0.002552361617105703,0.006494129191819858,0.00281639902577181,29,0.90625,0.0011480106973593338,2.5443609354947103,Gene
GLB1,0.0023827696912235297,0.005732317497980998,0.0027231653613983197,28,0.875,0.0010133401436841667,2.405737121424231,Gene
TAF10,0.002370312562675281,0.00639482270714242,0.0030340000802243595,25,0.78125,0.00113045562517653,2.6978816244912567,Gene
PDCD5,0.002304908407268158,0.005778888897812377,0.0024585689677527017,30,0.9375,0.0010215728818416961,2.5072097787441705,Gene
ACP5,0.0022190312669181367,0.006233191273621314,0.0022190312669181367,32,1.0,0.0011018829545026108,2.8089695564669417,Gene
GNL3,0.002204228799740804,0.007127380165679633,0.002612419318211323,27,0.84375,0.0012599547118116417,3.2335028770687257,Gene
TXK,0.0022027395524446547,0.0071330111817048784,0.007048766567822895,10,0.3125,0.001260950144215747,3.2382453812065464,Gene
CCL3L3,0.0021992135030473037,0.00603456033058503,0.0021992135030473037,32,1.0,0.0010667696328090022,2.743962931394947,Gene
MT1E,0.00219583989111527,0.005518106195415662,0.00219583989111527,32,1.0,0.0009754725775214786,2.5129820337734228,Gene
XCL2,0.002189936172214857,0.00777221168976491,0.004122232794757378,17,0.53125,0.0013739458976625308,3.5490585471741185,Gene
UBA7,0.0021567524596548537,0.005665185352966642,0.0025561510632946417,27,0.84375,0.0010014727449403542,2.626720246733018,Gene
TUBB,0.0021237133816427445,0.004748642051107933,0.0021237133816427445,32,1.0,0.0008394492489415038,2.23600891351673,Gene
IFI30,0.0021216660683194277,0.003726341209692809,0.0021216660683194277,32,1.0,0.000658730284597167,1.7563278525939028,Gene
TIMP1,0.002109210061789213,0.005091578430009257,0.002327404206112235,29,0.90625,0.0009000724087006751,2.4139740854877885,Gene
TFRC,0.002044682182145152,0.005402806752256511,0.0028447752099410814,23,0.71875,0.0009550903229902615,2.642369948462223,Gene
IRF8,0.002031268818427634,0.004796211908695467,0.002031268818427634,32,1.0,0.0008478584911615597,2.3611901414447556,Gene
WEE1,0.002030815396892649,0.006543076571446858,0.003822711335327339,17,0.53125,0.0011566634533732246,3.221896279424718,Gene
SPON2,0.001976736893425368,0.008486183002892764,0.0052712983824676485,12,0.375,0.001500159386933873,4.2930260628603785,Gene
TNFRSF4,0.0019176652838837072,0.006191483227034407,0.0034091827269043685,18,0.5625,0.0010945099438596994,3.228656887658335,Gene
SPPL2A,0.001886640317675159,0.005350615590771014,0.001886640317675159,32,1.0,0.0009458641419391623,2.8360549388472687,Gene
IGF1R,0.0018818037935943721,0.007439034634856058,0.004014514759667994,15,0.46875,0.0013150479589470777,3.953140417815292,Gene
CMC1,0.0018714166642581631,0.005440484167576381,0.002138761902009329,28,0.875,0.0009617508119578271,2.907147441552259,Gene
SEL1L,0.0018183854637463526,0.0058165906161393634,0.0038792223226588856,15,0.46875,0.0010282376670145456,3.1987665608344975,Gene
CISH,0.001814959076739342,0.006184810894562045,0.0026399404752572245,22,0.6875,0.0010933304309753147,3.4076861422536004,Gene
G0S2,0.001797994415177584,0.004428371478265502,0.001983993837437334,29,0.90625,0.0007828328754736581,2.462950630371186,Gene
IRF4,0.0017940242508416304,0.005494367443253539,0.0028704388013466088,20,0.625,0.0009712761193637926,3.0625937417936058,Gene
IL4R,0.0017914805220300423,0.006173001858083897,0.0035829610440600845,16,0.5,0.0010912428685320703,3.4457543814592357,Gene
TUBB2B,0.0017737152429759817,0.00747537254060062,0.009459814629205235,6,0.1875,0.001321471653838602,4.214527991572234,Gene
ADAM28,0.0017316929213322396,0.004381564772451283,0.0017316929213322396,32,1.0,0.0007745585407020985,2.530220409447896,Gene
TNFRSF9,0.0017267701085472709,0.004766597102234515,0.0017267701085472709,32,1.0,0.0008426232835435432,2.7604121003951394,Gene
IGJ,0.0016903042529179402,0.0063477205586651405,0.002351727656233656,23,0.71875,0.0011221290630273452,3.7553715833745263,Gene
TMEM208,0.001668190153306881,0.005371607478164667,0.001668190153306881,32,1.0,0.0009495750184206513,3.220021091430399,Gene
RGCC,0.0016622473643792546,0.006716958847677107,0.004432659638344679,12,0.375,0.001187401787535865,4.040890057410602,Gene
USP7,0.001653332172310229,0.005268498690849633,0.003527108634261822,15,0.46875,0.0009313477877430558,3.1865941878381707,Gene
LTB,0.0016525928829196346,0.004539567226949142,0.002299259663192535,23,0.71875,0.0008024896924569873,2.7469362078633015,Gene
FCER1G,0.001582556056860085,0.0018351754505760989,0.001582556056860085,32,1.0,0.0003244162514423593,1.159627453713855,Gene
CTSS,0.0015771327057905182,0.004331812289802339,0.001628007954364406,31,0.96875,0.000765763461236615,2.7466377901478314,Gene
GADD45B,0.0015723291546514417,0.008255300849563111,0.0031446583093028835,16,0.5,0.0014593448028652855,5.250364292451963,Gene
TP53,0.0015643926097652638,0.00391707889968808,0.0019254062889418632,26,0.8125,0.0006924482631030453,2.5038975991300774,Gene
GNG4,0.0015417481706094804,0.005259463499012094,0.00448508558722758,11,0.34375,0.0009297505763886444,3.4113635412539094,Gene
ARHGAP24,0.00154145809982964,0.004180952521970127,0.00154145809982964,32,1.0,0.0007390949700260185,2.712336146167191,Gene
GRN,0.0015321798854515123,0.0035717607916904088,0.0015816050430467225,31,0.96875,0.0006314040691451298,2.3311628259875374,Gene
VPS8,0.0015168423672662357,0.005299014552426153,0.0026966086529177525,18,0.5625,0.0009367422809066826,3.4934510446042095,Gene
PON2,0.00149209912707704,0.00441640474249021,0.0017052561452309029,28,0.875,0.0007807174354698137,2.959860147590705,Gene
NINJ1,0.0014432544354576748,0.0038055141458679252,0.0017105237753572442,27,0.84375,0.0006727262146111355,2.636759016549391,Gene
CLSTN3,0.0014301192546426478,0.004285327659482918,0.0015780626258125768,29,0.90625,0.0007575460619066619,2.9964827377656125,Gene
CXCL13,0.0014205824601276618,0.004595081602930734,0.0018941099468368823,24,0.75,0.0008123033403844681,3.2346461623338594,Gene
KBTBD2,0.0014168360449389183,0.0048145564706225975,0.002518819635446966,18,0.5625,0.0008511013821957023,3.398104168665584,Gene
TCF12,0.00138864859854948,0.004834811579030593,0.002221837757679168,20,0.625,0.000854682013322943,3.4816666967300582,Gene
CX3CR1,0.0013798219874843198,0.003662536339507082,0.0021025858856903923,21,0.65625,0.0006474510705019032,2.6543542375234854,Gene
RSAD2,0.0013732643481034756,0.0036338614833730147,0.001690171505358124,26,0.8125,0.0006423820241964163,2.646148564470854,Gene
TBCD,0.0013671420313130511,0.005466014314386247,0.006249792143145376,7,0.21875,0.0009662639469413131,3.9981320076426115,Gene
GTF3C1,0.0013061637246494229,0.003880362291722843,0.0024586611287518547,17,0.53125,0.0006859576224844486,2.970808497046831,Gene
FADS1,0.0012815385592723771,0.003911858276085344,0.0016403693558686427,25,0.78125,0.000691525378515166,3.052470210733566,Gene
GLA,0.0012472947574337923,0.004798283753817735,0.0015351320091492827,26,0.8125,0.0008482247450954407,3.846952554895536,Gene
KIAA0226L,0.0012112334259324342,0.0032919256528706844,0.0012919823209945965,30,0.9375,0.0005819357380767034,2.717829265929057,Gene
VPREB3,0.001209315336566874,0.0037276448974335754,0.0013344169231082749,29,0.90625,0.0006589607462076783,3.082442424004965,Gene
CD19,0.0011849109461792295,0.002723019999324627,0.0012231338799269466,31,0.96875,0.0004813664767072579,2.298079875205021,Gene
VASP,0.001182467467032211,0.0035245657218359906,0.0015766232893762815,24,0.75,0.0006230610806619718,2.980687266333036,Gene
NEU1,0.0011789632849570353,0.0027260122118559927,0.001640296744288049,23,0.71875,0.00048189543015017793,2.312211284811415,Gene
APBB3,0.001173748951813991,0.0032070481781908892,0.0017072712026385323,22,0.6875,0.0005669313785976852,2.732311857006986,Gene
AMPD2,0.0011613776100318773,0.003744570890083293,0.0017697182629057178,21,0.65625,0.0006619528672529106,3.224249251697312,Gene
ALG13,0.001153207342127871,0.004046221169802857,0.0018451317474045936,20,0.625,0.0007152776068370412,3.508667541378001,Gene
GPR18,0.0011528643877340983,0.0037492641611951453,0.0016039852351083107,23,0.71875,0.000662782528210195,3.2521293927416313,Gene
RAB12,0.0011423043111804532,0.004286560904189685,0.002030763219876361,18,0.5625,0.0007577640708304161,3.7525560065163095,Gene
SMARCC2,0.0011219097509638232,0.004453085775435954,0.004487639003855293,8,0.25,0.0007872017872540295,3.969201418929059,Gene
NFKBID,0.0011199604504099625,0.004213556299282439,0.0021081608478305176,17,0.53125,0.0007448585580334767,3.7622366912510734,Gene
RCOR3,0.0011088449267049327,0.003980150831890968,0.0020872375090916382,17,0.53125,0.0007035979108438454,3.5894566823861194,Gene
XCL1,0.0011025301428730927,0.005012958851004657,0.0025200688979956404,14,0.4375,0.0008861742993386291,4.546777141114115,Gene
GPN2,0.0010780011413178414,0.004315229295044109,0.0015680016600986785,22,0.6875,0.0007628319742251336,4.002991397364201,Gene
CD9,0.0010778115142642264,0.0035800551011192835,0.0013265372483252018,26,0.8125,0.0006328703097557341,3.3215966370179544,Gene
FANCA,0.001075870239802157,0.00475568497872691,0.0018119919828246853,19,0.59375,0.0008406942744111999,4.420314646496252,Gene
ZNRD1,0.0010732765084071616,0.003239619036985876,0.001431035344542882,24,0.75,0.0005726891473784364,3.018438409495947,Gene
CTC1,0.001064163909063609,0.004166938007942006,0.004864749298576498,7,0.21875,0.000736617530549939,3.915691908409696,Gene
ANKZF1,0.0010553211003809793,0.003035074155482861,0.0016885137606095669,20,0.625,0.0005365303791864911,2.8759722082569703,Gene
BANK1,0.0010461188810140243,0.003156925259491143,0.0010798646513693153,31,0.96875,0.0005580708146713221,3.0177500060328435,Gene
NUP88,0.0010357574460897467,0.0032083201148219373,0.0014410538380379085,23,0.71875,0.0005671562273519487,3.0975593049648626,Gene
MCTP1,0.0010292094323389733,0.0030651719998065407,0.0013173880733938859,25,0.78125,0.000541850976641584,2.9781810227298973,Gene
LETM2,0.0010250965684583946,0.004625708880299807,0.0021868726793779084,15,0.46875,0.0008177175292637064,4.512461579357584,Gene
TMED9,0.001021243440149533,0.0028398190702553588,0.0012103625957327797,27,0.84375,0.0005020138304801102,2.7807464494847043,Gene
MMS22L,0.0010168264672074656,0.002881928489383739,0.0017125498395073105,19,0.59375,0.0005094577944344862,2.8342382720410955,Gene
TREX1,0.0010076929754916364,0.002978284116738478,0.0010401992005074957,31,0.96875,0.0005264912238114912,2.9555471648350267,Gene
ZNF141,0.0010026192248915322,0.00414534047110519,0.003208381519652903,10,0.3125,0.0007327995893613794,4.134511256308348,Gene
HDAC3,0.0010000552578048882,0.0038369942276351428,0.0015238937261788774,21,0.65625,0.0006782911594336122,3.8367822154720814,Gene
CSF3R,0.0009993148084959103,0.002039548957564028,0.0010315507700602944,31,0.96875,0.0003605447246138695,2.0409473973810077,Gene
PIK3C3,0.0009992398990448237,0.003367869925331942,0.0014534398531561071,22,0.6875,0.0005953609155891119,3.3704317937577337,Gene
TRMT2A,0.0009986925487410758,0.0033520127818373415,0.0018798918564537897,17,0.53125,0.0005925577421652919,3.3564011126975926,Gene
KAT6A,0.0009931977561734584,0.004063338535338576,0.0012712931279020268,25,0.78125,0.0007183035581486302,4.0911676552649485,Gene
GLUL,0.0009804855616550867,0.0030206761403454713,0.0009804855616550867,32,1.0,0.0005339851456516725,3.0807961468055547,Gene
PKD1,0.0009754843927964885,0.003382476329027384,0.0020810333712991754,15,0.46875,0.0005979429873645607,3.467483799849022,Gene
CD22,0.0009369135480490343,0.0036625268135711355,0.0009369135480490343,32,1.0,0.0006474493865384269,3.909140625832271,Gene
LRMP,0.0009368933250275546,0.003661553471980861,0.0018737866500551092,16,0.5,0.0006472773224287034,3.908186102055079,Gene
PLEKHG3,0.0009334401584695229,0.005175735804417669,0.0027154622791840666,11,0.34375,0.0009149494712334359,5.544796586536252,Gene
ITGA1,0.000931856464944758,0.004789141655887922,0.001987960458548817,15,0.46875,0.0008466086352353302,5.139355508116618,Gene
SEC22A,0.000930183906405091,0.0032536543084768456,0.0015666255265769952,19,0.59375,0.000575170256290201,3.4978613219092756,Gene
BZRAP1,0.0009214062652773691,0.0036861367964458372,0.0016380555827153228,18,0.5625,0.000651623081287027,4.000555385127761,Gene
PGAM4,0.0009202799785548166,0.002699037046629942,0.0015499452270396911,19,0.59375,0.00047712684958643595,2.932843384106257,Gene
TNS1,0.0009193487694822977,0.002362766541420005,0.0009806386874477843,30,0.9375,0.0004176820609496927,2.5700437307927464,Gene
RRM2,0.0009056618290230745,0.0022792266964331525,0.0009056618290230745,32,1.0,0.0004029141632273237,2.516642110103861,Gene
DOT1L,0.0009045473828379613,0.0028507168843322456,0.001447275812540738,20,0.625,0.0005039403100385794,3.151539585895764,Gene
METRNL,0.0008884575224286095,0.0024738853296556807,0.0009171174425069518,31,0.96875,0.0004373252731193623,2.78447226480033,Gene
OBSCN,0.0008825820286162411,0.0031196253748738815,0.0016613308773952775,17,0.53125,0.0005514770643337367,3.5346577130796506,Gene
ATF7IP2,0.0008808177386754323,0.0037559422793583723,0.004026595376801977,7,0.21875,0.0006639630638698908,4.264153768072987,Gene
MT1X,0.0008792876285781404,0.0024312812782534875,0.0009076517456290481,31,0.96875,0.0004297938697062346,2.7650579847063375,Gene
NUP85,0.0008552529203598169,0.002702951496092648,0.00152044963619523,18,0.5625,0.0004778188330263588,3.1604118872291935,Gene
BCS1L,0.000849484108755405,0.0033880810977974154,0.0015990289105984096,17,0.53125,0.0005989337798656286,3.9883984442762044,Gene
ACCS,0.0008299060476915088,0.002926180107571519,0.0017704662350752187,15,0.46875,0.0005172804492592505,3.525917320052153,Gene
DDHD2,0.0008253439904706283,0.0028236334413164615,0.002031615976543085,13,0.40625,0.0004991525884849943,3.421159509147655,Gene
CEP95,0.0008245607314592007,0.002826571375104096,0.0021988286172245353,12,0.375,0.0004996719467109727,3.4279723339504615,Gene
CPT1B,0.0008178565185517073,0.002706577296524013,0.0026171408593654633,10,0.3125,0.00047845979004442065,3.3093546791274924,Gene
BCL11A,0.0008126186988732798,0.0018236344784565454,0.0010834915984977063,24,0.75,0.000322376076530554,2.2441453549925314,Gene
SESN1,0.000806479936187543,0.004378572612675391,0.0018433827112858125,14,0.4375,0.0007740295965851168,5.429239360093858,Gene
FCRL5,0.0008019738920097552,0.004526922519697995,0.001425731363572898,18,0.5625,0.0008002544028961361,5.644725551293794,Gene
CD81,0.0007862897437860283,0.0021495342887530608,0.0008676300621087209,29,0.90625,0.0003799875679925729,2.733768697532458,Gene
GMPR2,0.0007822024376196168,0.0032454896059417294,0.0027811642226475263,9,0.28125,0.0005737269271579631,4.149168360838072,Gene
ZNF571,0.0007821294566667802,0.00217001786923026,0.0013904523674076092,18,0.5625,0.0003836085876571749,2.774499605830315,Gene
STMN1,0.0007811579084204823,0.0029809975251542426,0.0009258167803502012,27,0.84375,0.0005269708911842201,3.816126666606861,Gene
C9orf114,0.0007777279116751856,0.0030668734675308395,0.0031109116467007425,8,0.25,0.0005421517564830393,3.9433758535487726,Gene
WDR43,0.0007695049280300736,0.00435297722213225,0.00820805256565412,3,0.09375,0.0007695049280300735,5.65685424949238,Gene
L3HYPDH,0.0007610476671615629,0.0032895833204386027,0.0018733481037823086,13,0.40625,0.0005815216682900739,4.3224405807688475,Gene
CHN1,0.0007511845812473439,0.0023046539291888875,0.003433986657130715,7,0.21875,0.0004074091054044209,3.068026137280406,Gene
CYB561A3,0.0007384068986056036,0.002800921695462786,0.0011814510377689657,20,0.625,0.0004951376811085644,3.7931954600532634,Gene
TYROBP,0.0007344101246076207,0.0010929272315718275,0.0007581007737885116,31,0.96875,0.00019320406419696983,1.48817015854153,Gene
WDR13,0.0007260228995349394,0.0026042544432811994,0.0009680305327132525,24,0.75,0.0004603714941948333,3.587014190529498,Gene
GSTM1,0.0007211821503005922,0.004079622311585959,0.011538914404809475,2,0.0625,0.0007211821503005924,5.656854249492382,Gene
GNPTAB,0.0007196377947309429,0.0031903931017163247,0.0011514204715695087,20,0.625,0.0005639871492185989,4.433331774784208,Gene
CCDC159,0.0007113649091365915,0.002634300353724422,0.0012646487273539403,18,0.5625,0.0004656829109501649,3.7031632006163546,Gene
TSC22D1,0.0007106852950755638,0.0027317778974876947,0.0011969436548641074,19,0.59375,0.0004829146690022695,3.843864388944811,Gene
CAPG,0.0007077148805478828,0.0021431663422723825,0.000984646790327489,23,0.71875,0.00037886186345789273,3.028290631127092,Gene
RASSF4,0.0007011748470304724,0.0019109057202679673,0.0007737101760336247,29,0.90625,0.00033780359825241084,2.725291314086344,Gene
NCR3,0.0006998121168670934,0.0027618166043663086,0.0013996242337341869,16,0.5,0.0004882248123352552,3.9465115533157107,Gene
GALK1,0.0006929163934010774,0.002354564941036018,0.0007152685351236928,31,0.96875,0.00041623220913766795,3.398050563472723,Gene
CST3,0.0006893007186334899,0.000946007874749935,0.0006893007186334899,32,1.0,0.00016723214582288828,1.3724167829468632,Gene
CUL5,0.0006820726607088545,0.0030452605536008684,0.0012839014789813733,17,0.53125,0.0005383310969827685,4.464715753943333,Gene
TNFSF8,0.0006803873088472301,0.002948826542798169,0.004354478776622273,5,0.15625,0.0005212838112388671,4.334041074038141,Gene
NSRP1,0.0006765507287980199,0.0021354424841754927,0.0012027568511964798,18,0.5625,0.0003774964653485844,3.156367132985553,Gene
PIGL,0.000674093462748715,0.003769442395529488,0.0019609991643598982,11,0.34375,0.0006663495697927413,5.5918690861635625,Gene
CD40LG,0.0006727126092087587,0.003054635722191173,0.0023918670549644755,9,0.28125,0.0005399884083040113,4.540773697974862,Gene
IFI27,0.0006686972150404813,0.002279601584408244,0.0010189671848235906,21,0.65625,0.0004029804346846668,3.40901910929933,Gene
APBA2,0.0006685031764845917,0.0028914726321947353,0.002376900183056326,9,0.28125,0.0005111449764600533,4.325293781549266,Gene
ZNF585B,0.0006674315942731823,0.0021571425586844974,0.0007910300376571049,27,0.84375,0.000381332532807977,3.2320054627224772,Gene
UBE2H,0.0006660936873004175,0.0033770760172445523,0.002131499799361336,10,0.3125,0.0005969883380940202,5.069971509460416,Gene
WDR7,0.0006620109191288748,0.0018912004046275964,0.0011769083006735552,18,0.5625,0.000334320157673729,2.856751074613972,Gene
STAG3,0.000649546391667144,0.002861275230188334,0.0010939728701762426,19,0.59375,0.0005058067795268177,4.405035986489748,Gene
FGFBP2,0.0006488725775852799,0.0026520760336201155,0.004152784496545792,5,0.15625,0.00046882523689877645,4.087206217728563,Gene
ULBP2,0.0006461532320543029,0.0029481519306275164,0.001590531032749053,13,0.40625,0.0005211645555287322,4.562620419392645,Gene
TRAPPC11,0.0006359714636552383,0.002559018986449811,0.0016959239030806355,12,0.375,0.00045237491962594675,4.023795300093939,Gene
IQGAP3,0.0006337756115044613,0.0021339089992908943,0.0006993386057980262,29,0.90625,0.0003772253809583977,3.3669787233140847,Gene
GABPB1,0.0006292244470387232,0.00299065208336947,0.001184422488543479,17,0.53125,0.000528677592080057,4.752917814055343,Gene
SC5D,0.0006040052257390016,0.0022168492165408004,0.0012080104514780032,16,0.5,0.00039188727847102125,3.6702484052658333,Gene
THBD,0.0006033369449198744,0.0013012081634195321,0.0006033369449198744,32,1.0,0.0002300232790223111,2.156685703363214,Gene
OPA1,0.0006007572799262562,0.0015280505825826917,0.0007689693183056079,25,0.78125,0.00027012373223506895,2.5435406838020542,Gene
GTF3C2,0.0005950779928838301,0.0018494673042378858,0.0007934373238451068,24,0.75,0.0003269427181023531,3.107941020092361,Gene
GNLY,0.0005947554548271228,0.0016445652734370388,0.001359441039604852,14,0.4375,0.0002907208142378097,2.765111711190717,Gene
S100A8,0.0005926241267495413,0.0016707112443858645,0.0005926241267495413,32,1.0,0.000295342812577465,2.8191752056222836,Gene
AREG,0.0005889401472813915,0.002432898815920506,0.002692297816143504,7,0.21875,0.0004300798126695279,4.130978041064135,Gene
ZNF165,0.0005832677247212814,0.0024686249981811887,0.0006221522397027001,30,0.9375,0.00043639536910513677,4.23240459492395,Gene
MEI1,0.0005799944216065001,0.0017690941365088421,0.0008838010234003811,21,0.65625,0.0003127346151206905,3.05019164082425,Gene
CEP97,0.000579097809236373,0.002274649074657062,0.0016846481723239942,11,0.34375,0.00040210494637742843,3.9279186320123136,Gene
STK25,0.0005785436369301067,0.0023464373609463534,0.0010890233165743186,17,0.53125,0.00041479544238865823,4.055765565752518,Gene
C10orf128,0.0005762745317925422,0.0016768878465781975,0.00122938566782409,15,0.46875,0.0002964346919011876,2.9098767237936416,Gene
SLC2A14,0.0005748390578332874,0.0027835905912977875,0.0010820499912155997,17,0.53125,0.0004920739457884342,4.842382495354158,Gene
FBP1,0.0005733826247933393,0.000628887881555778,0.0005918788384963503,31,0.96875,0.00011117272141353323,1.096803171847846,Gene
BCL2A1,0.0005699567287424934,0.002980325843803394,0.001302758237125699,14,0.4375,0.0005268521535747247,5.229038791030584,Gene
MAN2C1,0.0005692814011126757,0.0032203419130412154,0.01821700483560562,1,0.03125,0.0005692814011126756,5.65685424949238,Gene
SOD2,0.0005674311567815948,0.0030824889393135987,0.0015131497514175862,12,0.375,0.0005449122079802934,5.432357568796761,Gene
CD72,0.0005634740669790972,0.0022238363764474174,0.0022538962679163888,8,0.25,0.00039312244550882214,3.946652573329366,Gene
BAP1,0.0005582132750845403,0.002605365802537405,0.0016238931638822992,11,0.34375,0.00046056795661143264,4.667330425172758,Gene
NSMAF,0.000557382395314221,0.0031111146940875516,0.0013720182038503901,13,0.40625,0.0005499725743096048,5.581652237749059,Gene
CCDC126,0.0005511284156227703,0.0017397265186780235,0.0013566237923022038,13,0.40625,0.0003075431046918238,3.1566627111979844,Gene
ZDHHC17,0.0005497204996913752,0.0018021925977709343,0.0009258450521117897,19,0.59375,0.0003185856517220069,3.2783798289907757,Gene
POP5,0.0005394460482364138,0.0020170689586983086,0.0006165097694130443,28,0.875,0.0003565707847041155,3.739148642005293,Gene
NFE2L1,0.0005317349179323472,0.001455988420376473,0.0006806206949534043,25,0.78125,0.00025738482134432343,2.73818470684244,Gene
APOC1,0.0005307105679932533,0.0014164409081588193,0.0007719426443538231,22,0.6875,0.0002503937428272832,2.6689517669013627,Gene
VCAN,0.0005290018377515082,0.0018186212843737937,0.0005460664131628471,31,0.96875,0.0003214898606477245,3.4378354753997424,Gene
FCRL1,0.0005264744109396702,0.0010524668688341426,0.0005264744109396702,32,1.0,0.00018605161498169872,1.9990845651086109,Gene
ALKBH3,0.0005230100126141224,0.0019510215121645578,0.0010460200252282448,16,0.5,0.0003448951353730977,3.730371245500465,Gene
DUSP6,0.0005219437550607609,0.0020112271701277404,0.0011134800107962899,15,0.46875,0.0003555380926259888,3.8533408066039763,Gene
GEM,0.0005216610428320223,0.0017016534792088872,0.0008785870195065639,19,0.59375,0.00030081267859457145,3.261990717134745,Gene
APPL1,0.0005180277989182969,0.0029251834335600846,0.00276281492756425,6,0.1875,0.0005171042605212211,5.646769226802524,Gene
TPRG1,0.0005130366911600959,0.002394517255047537,0.0014924703742839154,11,0.34375,0.00042329484717807775,4.667341140129713,Gene
DNAJC13,0.0005064746995344649,0.0015465430058722656,0.0006233534763501106,26,0.8125,0.0002733927617122264,3.0535444461367915,Gene
PTK2,0.0005028829370470334,0.0016783300097368671,0.0008046126992752534,20,0.625,0.00029668963273845575,3.3374168938643014,Gene
FAHD2A,0.0004983970492844492,0.0022376469541390263,0.0012268235059309518,13,0.40625,0.00039556383379328223,4.489687403550294,Gene
APOBEC3A,0.0004975315553714665,0.0014133348441144162,0.0005896670285884047,27,0.84375,0.0002498446630901339,2.8406938793242844,Gene
NCF1,0.00048679989700417536,0.002204131820369846,0.0009735997940083507,16,0.5,0.00038963913920314185,4.52779845257638,Gene
CXCL2,0.000485680910571773,0.0020059401565290036,0.0005180596379432245,30,0.9375,0.00035460347183401575,4.130160590762131,Gene
ACOT7,0.00048241965935957865,0.0015615475677394697,0.0005513367535538041,28,0.875,0.00027604521857348466,3.2369069905079204,Gene
LGALS3BP,0.0004789507271709681,0.0023967709655848108,0.0009579014543419362,16,0.5,0.0004236932506790122,5.0042119775908604,Gene
PRMT7,0.00047770006625569295,0.002661284028973418,0.0015286402120182174,10,0.3125,0.00047045299588764004,5.5710355031622365,Gene
IFIT2,0.0004774569329413225,0.0023459523250261914,0.000954913865882645,16,0.5,0.0004147096993415919,4.913432318542747,Gene
TGM2,0.00047096915730904243,0.001685859568832527,0.0005581856679218281,27,0.84375,0.0002980206833124272,3.5795540804942623,Gene
FARP1,0.00046745700058181683,0.002123766508355235,0.000747931200930907,20,0.625,0.0003754324249287158,4.5432339353393045,Gene
LAIR2,0.00046398822127180495,0.0018806993356637876,0.0014847623080697758,10,0.3125,0.00033246381340522476,4.053334221521264,Gene
ATG13,0.00045893340869440635,0.002439769189842743,0.0007729404778011054,19,0.59375,0.0004312943346669532,5.316172550574394,Gene
LYZ,0.000454728050286235,0.0014828587541124087,0.000454728050286235,32,1.0,0.00026213487014367984,3.2609792890036196,Gene
B3GNT7,0.0004545383818594928,0.0018807543976552819,0.0007655383273423036,19,0.59375,0.0003324735470821176,4.1377240574519005,Gene
RBM28,0.0004516890612364932,0.0017558096292415598,0.0010324321399691274,14,0.4375,0.0003103862238273362,3.887208657289713,Gene
TFDP2,0.0004516857724183865,0.0016991055834298051,0.0012044953931156972,12,0.375,0.0003003622699987851,3.761698258354619,Gene
TNPO2,0.0004496129626545553,0.0025257066179848937,0.0017984518506182212,8,0.25,0.00044648606921621474,5.617512900590977,Gene
HIST1H4C,0.0004391283728182316,0.0024840852018494877,0.01405210793018341,1,0.03125,0.0004391283728182316,5.656854249492381,Gene
FKBP4,0.0004325408520031715,0.0017505215610182148,0.0006291503301864312,22,0.6875,0.0003094514166023101,4.047066428318265,Gene
PPOX,0.00042990857778768543,0.0014145744859571639,0.0008092396758356432,17,0.53125,0.0002500638028784463,3.290407679782945,Gene
TCF4,0.0004297361109593112,0.0014009549117565557,0.0007639753083721087,18,0.5625,0.00024765617955991545,3.260035347341808,Gene
ZFAND2A,0.0004270583675634043,0.001797792452520247,0.002277644627004823,6,0.1875,0.0003178078085857652,4.209711339406863,Gene
RMDN1,0.00042652762812167566,0.0013462983070986784,0.00080287553528786,17,0.53125,0.00023799416561236112,3.1564152433160073,Gene
FCRL6,0.00042354042074066456,0.002377839716065745,0.0007972525566883097,17,0.53125,0.00042034664695119573,5.614197841867153,Gene
CD68,0.0004222036895082937,0.001061219838530007,0.0004222036895082937,32,1.0,0.0001875989360385652,2.5135257339080184,Gene
GNGT2,0.00042073954523136337,0.001457867603967868,0.0005853767585827665,23,0.71875,0.00025771701720946587,3.4650120733628476,Gene
AFF3,0.00041618743372051625,0.0014032467652908029,0.0004439332626352173,30,0.9375,0.00024806132585380357,3.3716701937548885,Gene
NF1,0.00041505687016751835,0.002159548788437105,0.0007812835203153287,17,0.53125,0.0003817578981517674,5.203019016563932,Gene
DNASE1,0.00041221998988305586,0.0013499556749795997,0.0008244399797661117,16,0.5,0.00023864070301983444,3.274842822063465,Gene
MMP19,0.0004118575170650729,0.0012075913353306123,0.0005069015594647051,26,0.8125,0.00021347400552859848,2.9320609319844335,Gene
TNFAIP2,0.00040928499282699704,0.0015912988812915414,0.0004224877345310937,31,0.96875,0.0002813045574639539,3.8879971393531556,Gene
SLC12A6,0.00040876045818549755,0.0016630930362290187,0.0006884386664176801,19,0.59375,0.0002939960909154159,4.068625041696912,Gene
ADAT1,0.00040799264530733126,0.0017532386752700628,0.0008159852906146625,16,0.5,0.00030993173908049515,4.297231078637188,Gene
FGR,0.0003997695699382575,0.001208687534431894,0.0003997695699382575,32,1.0,0.00021366778798311023,3.023460576598089,Gene
DDX3Y,0.0003986851115769241,0.0010095103098294663,0.0021263205950769284,6,0.1875,0.00017845789643953702,2.532099344860253,Gene
SARS2,0.00039561379383812323,0.0014854354338121201,0.0005063856561127977,25,0.78125,0.00026259036706583274,3.7547614793733124,Gene
CTLA4,0.0003924230295524467,0.0016254681790938096,0.0041858456485594315,3,0.09375,0.00028734489301004555,4.142132486331485,Gene
PITPNA,0.0003850820443460634,0.0013131827527224531,0.0015403281773842536,8,0.25,0.00023214010734681594,3.410137584972228,Gene
PTCD3,0.00038089777558525384,0.0013147073983678286,0.0007617955511705077,16,0.5,0.0002324096291655038,3.451601670153535,Gene
TMOD3,0.00037924821532442365,0.0020355560283706288,0.0006742190494656421,18,0.5625,0.00035983886778650695,5.367345042426463,Gene
SGK1,0.00037801191145092616,0.0011699097513964655,0.0006048190583214819,20,0.625,0.00020681277964717715,3.094901816469199,Gene
ERGIC2,0.0003758812202647732,0.0020080168194017236,0.001002349920706062,12,0.375,0.0003549705774339004,5.342157871008462,Gene
C1orf228,0.00037276343209668994,0.0021086684049115246,0.011928429827094078,1,0.03125,0.0003727634320966899,5.65685424949238,Gene
MARCO,0.00037266542255043333,0.0016942127474660052,0.00037266542255043333,32,1.0,0.000299497330626476,4.546203229350383,Gene
TTC32,0.0003694027387979304,0.0016147498698957392,0.0007388054775958608,16,0.5,0.0002854501457308431,4.371244986299452,Gene
FGFR1,0.00036897003883495927,0.0020872097321189076,0.011807041242718697,1,0.03125,0.0003689700388349592,5.65685424949238,Gene
NDUFAF6,0.00036797842720659446,0.0016610178010764583,0.0008410935479007874,14,0.4375,0.0002936292377031829,4.513899941596065,Gene
EPHB6,0.0003644399365789752,0.0015169961993918401,0.0008970829208097852,13,0.40625,0.00026816957490604753,4.16254105856783,Gene
SIKE1,0.0003612601347384725,0.00199797065192726,0.0008257374508307944,14,0.4375,0.00035319464914736816,5.530559449560227,Gene
LGALS9C,0.0003609976768643719,0.0009989268267697456,0.0004443048330638423,26,0.8125,0.00017658698327951167,2.767128130702752,Gene
P2RX5,0.0003541019032127224,0.0012280870649621798,0.0010301146275279198,11,0.34375,0.00021709717288056034,3.4681741437137137,Gene
TRANK1,0.00035402372400028526,0.001817590259596826,0.0007552506112006085,15,0.46875,0.0003213075994948832,5.1340916904070575,Gene
SMIM14,0.00035121725575315565,0.001161723891575726,0.0003746317394700327,30,0.9375,0.00020536571039990532,3.307707330849982,Gene
MSTO1,0.00035109269194322223,0.001974436519759114,0.0006608803613048889,17,0.53125,0.0003490343630360091,5.623690168060846,Gene
APOBEC3B,0.0003469876422741436,0.0015062481298347315,0.0006531532089866232,17,0.53125,0.00026626956668892346,4.340927302087301,Gene
CTD-3214H19.4,0.0003469750809017569,0.0019627874608670664,0.01110320258885622,1,0.03125,0.00034697508090175694,5.6568542494923815,Gene
NOP2,0.0003432458964880425,0.0013474296259254753,0.0012204298541797067,9,0.28125,0.00023819415641588914,3.925552030517618,Gene
COA3,0.0003378297811806874,0.001696268324665155,0.00043242211991127987,25,0.78125,0.0002998607087706688,5.021073982100797,Gene
RCHY1,0.00033293193523320497,0.001115531924828783,0.00040976238182548305,26,0.8125,0.00019720004716912857,3.3506305847391875,Gene
RALGPS2,0.0003319723238064398,0.0016188554962850408,0.0015175877659722964,7,0.21875,0.0002861759247960665,4.876477284982746,Gene
NUP160,0.0003282653455300988,0.0012809534020451416,0.00045671700247665916,23,0.71875,0.00022644270924252437,3.9021889440586426,Gene
FHOD1,0.0003242551563289453,0.0017618057424743149,0.00069174433350175,15,0.46875,0.00031144619690924705,5.433393141440211,Gene
SLC12A4,0.0003230828733649105,0.0018276327251325031,0.0011487391052974595,9,0.28125,0.0003230828733649106,5.656854249492382,Gene
TIMM9,0.0003229498855574775,0.0012443428460176572,0.0004697452880836036,22,0.6875,0.00021997081613501333,3.8530524445601433,Gene
BBS4,0.00032145471777766943,0.0013188667115908092,0.000935140997171402,11,0.34375,0.00023314489881176594,4.102807140951618,Gene
BTLA,0.00031564370320324997,0.0017807887918348895,0.0011222887225004444,9,0.28125,0.00031480195764186237,5.641768784749684,Gene
GSTM2,0.00031493390815739986,0.0014759522280471521,0.0014396978658623993,7,0.21875,0.0002609139572898837,4.686545938106768,Gene
SLC38A6,0.0003129465512330398,0.0015235441990623171,0.0004354038973677076,23,0.71875,0.0002693271086485979,4.868384690802327,Gene
MS4A6A,0.00030950470055479684,0.0008878231465692463,0.00033013834725844997,30,0.9375,0.000156946441858373,2.8685287977138816,Gene
DNAJA3,0.00030671680453053796,0.0009874228940271452,0.00046737798785605785,21,0.65625,0.00017455335606636,3.219330924950457,Gene
AMT,0.0003048237955383115,0.0015246091317931692,0.0008128634547688307,12,0.375,0.00026951536393747115,5.00160799159641,Gene
IFIT3,0.0003035362869781011,0.0007673932285790975,0.00031332778010642696,31,0.96875,0.00013565723894122953,2.528176239549447,Gene
SBF2,0.0003032186947891091,0.0012087767826946196,0.000746384479480884,13,0.40625,0.0002136835649960558,3.9864850138456434,Gene
DAG1,0.0003024865613454608,0.0016732166717797457,0.0006453046642036497,15,0.46875,0.00029578571375246096,5.531540523113737,Gene
PTPRK,0.0002959882630193533,0.0014940240743615437,0.0007893020347182755,12,0.375,0.00026410863855925055,5.047578775999831,Gene
CDK5RAP1,0.00029534208442782983,0.001269002768676047,0.0011813683377113193,8,0.25,0.00022433011576883412,4.296721786651243,Gene
HIST1H2BD,0.00029376847228945735,0.0015845277598640324,0.0009400591113262636,10,0.3125,0.00028010758099454667,5.3937978691694255,Gene
WIPI1,0.0002913777243520599,0.0008015516109168352,0.0005827554487041198,16,0.5,0.0001416956448875738,2.7509021586988336,Gene
ACAD10,0.00029037978794121955,0.001562146831813656,0.0005807595758824391,16,0.5,0.0002761511544961293,5.379667926921537,Gene
MAP2K4,0.0002880894071779494,0.0013942527945389504,0.0009218861029694381,10,0.3125,0.00024647140142669647,4.839653106987502,Gene
ACVR1,0.0002839113003574312,0.0016060448459058415,0.0018170323222875596,5,0.15625,0.00028391130035743106,5.656854249492378,Gene
IMMP1L,0.0002818587137980444,0.0013051076088108587,0.0006012985894358281,15,0.46875,0.00023071261009207953,4.630361045874871,Gene
EAF2,0.0002814601478746681,0.0010743556839518948,0.00040939657872679,22,0.6875,0.00018992104738217402,3.8170792279633727,Gene
PRMT5,0.0002795705811990956,0.0007741581767850608,0.00044731292991855297,20,0.625,0.00013685312412893262,2.7690974260047256,Gene
RNF207,0.0002759030612686786,0.001183624554813927,0.0007357414967164763,12,0.375,0.00020923723727195905,4.290001529418681,Gene
EXTL3,0.00027542898897081614,0.0015580616466929513,0.0012591039495808737,7,0.21875,0.00027542898897081614,5.656854249492381,Gene
CACNA2D4,0.00027504118978072256,0.0008521987263966159,0.0003385122335762739,26,0.8125,0.00015064887458839658,3.0984403720622136,Gene
AXL,0.0002738389769803007,0.0009839722573118123,0.0006740651741053555,13,0.40625,0.00017394336391115422,3.593251290091538,Gene
CLEC12A,0.00027298549530385685,0.0008070740236189998,0.000291184528324114,30,0.9375,0.00014267187875512664,2.9564721844311013,Gene
BCL3,0.00026962209189562714,0.0014743673822464958,0.0007189922450550057,12,0.375,0.0002606337934866889,5.468273656215215,Gene
EIF2S3L,0.00026831947660355127,0.0009649711392351316,0.0004770124028507578,18,0.5625,0.0001705844090506174,3.5963514518213695,Gene
IFT80,0.00026753408681656765,0.0010310682785579165,0.0005707393852086777,15,0.46875,0.00018226884290866073,3.853969753263102,Gene
AARSD1,0.00026750678080134094,0.001513246869744092,0.0010700271232053638,8,0.25,0.0002675067808013409,5.65685424949238,Gene
CYB561,0.0002667097814992303,0.0009860261978712405,0.0010668391259969212,8,0.25,0.00017430645273558567,3.697000508674955,Gene
PTPN13,0.0002666182699613273,0.001508220693423041,0.0021329461596906185,4,0.125,0.0002666182699613273,5.65685424949238,Gene
TMEM184B,0.00026644622146498875,0.0013944255499864315,0.000426313954343982,20,0.625,0.0002465019405637967,5.2334221229317,Gene
NME6,0.0002658216583029116,0.0015011000741340388,0.0008506293065693171,10,0.3125,0.000265359510414952,5.647019447992048,Gene
SCAMP1,0.0002636545355017006,0.0011866636191645412,0.0007030787613378683,12,0.375,0.00020977447302465444,4.500827633806766,Gene
DYNC1LI2,0.0002594526586676693,0.0013033569589744574,0.0006918737564471181,12,0.375,0.0002304031359993789,5.023486618589313,Gene
GTF2H3,0.0002591560735929477,0.0011045537338930567,0.0004878231973514309,17,0.53125,0.0001952593588551754,4.262117875840184,Gene
RNASE6,0.0002572438408972033,0.0008969911809495793,0.00030488158921150024,27,0.84375,0.00015856713667849423,3.4869296688351974,Gene
TRIM68,0.00025503224020262394,0.0009876622240225657,0.0004080515843241983,20,0.625,0.0001745956640320358,3.8726955589531147,Gene
RRP12,0.0002522699690814534,0.0013985943913331243,0.0008969598900673898,9,0.28125,0.00024723889456028104,5.54403838247407,Gene
PLTP,0.00025205765639313427,0.0007465069049919058,0.00026018854853484825,31,0.96875,0.00013196502368058958,2.961651376411987,Gene
ZNF558,0.0002506874256624769,0.0014015624296268888,0.0007292725110181146,11,0.34375,0.0002477635745613666,5.590876470660873,Gene
APC,0.0002505180938214835,0.0009472280618061235,0.000501036187642967,16,0.5,0.00016744784645832502,3.781076437860445,Gene
IL1RN,0.000249769656988974,0.0007698463652480893,0.000249769656988974,32,1.0,0.0001360908963346849,3.08222533725173,Gene
KIR2DL3,0.00024919451148264216,0.0011426210950733085,0.0006134018744188114,13,0.40625,0.0002019887811632838,4.585257870548641,Gene
ZNF780A,0.00024844213319852315,0.0009600349625055085,0.0007227407511229765,11,0.34375,0.00016971180804095448,3.8642196077843667,Gene
OXLD1,0.0002484292662536802,0.0014016625171311096,0.0007949736520117767,10,0.3125,0.0002477812676996032,5.642099009783415,Gene
RAB34,0.00024678219010887403,0.0008404544347973825,0.0002547429059188377,31,0.96875,0.00014857275753088405,3.4056527111076993,Gene
PRR4,0.00024653725222378853,0.0012324727462313216,0.0004640701218330137,17,0.53125,0.0002178724591219436,4.999133944725614,Gene
TMEM176B,0.0002449270140765236,0.0006791436388792004,0.000279916587516027,28,0.875,0.0001200567681127976,2.7728408866610876,Gene
ZNF143,0.00024424525750532666,0.001034559272868359,0.0007815848240170453,10,0.3125,0.0001828859693461601,4.235739450727294,Gene
HSPA6,0.000243835548282334,0.000748589101910793,0.00027866919803695315,28,0.875,0.0001323331075708673,3.0700572873156764,Gene
SDAD1,0.00024215097005253483,0.0009562309822690552,0.0019372077604202786,4,0.125,0.00016903935298578056,3.948904198325533,Gene
FAM169A,0.00024124919966084235,0.001216131633905988,0.0005146649592764637,15,0.46875,0.0002149837312876,5.040976863822445,Gene
AP2A2,0.00024066937056588245,0.001102371149326433,0.0006417849881756865,12,0.375,0.00019487352876828223,4.580438078740321,Gene
MRRF,0.00024026199525906122,0.000753659438174328,0.00038441919241449796,20,0.625,0.00013322942485957773,3.1368233555277802,Gene
HSPD1,0.0002402011825779482,0.001184212887960809,0.0025621459474981143,3,0.09375,0.00020934124086139833,4.930087667559745,Gene
ERC1,0.00023883221729192883,0.0013510390433035357,0.0019106577383354306,4,0.125,0.0002388322172919289,5.656854249492382,Gene
ZNF362,0.0002373894218976602,0.000688397107339774,0.0004747788437953204,16,0.5,0.00012169256568728945,2.8998642898104596,Gene
ICA1L,0.00023670136579312384,0.0013389851269474827,0.0018936109263449907,4,0.125,0.0002367013657931238,5.656854249492379,Gene
CXorf65,0.00023588688598152885,0.001237845717094222,0.0006862163955826294,11,0.34375,0.00021882227515501222,5.247624139610506,Gene
UBE2C,0.00023546643478766782,0.0006290585486031117,0.0003139552463835571,24,0.75,0.00011120289137015691,2.671542333285702,Gene
FAM76B,0.00023466472475774935,0.0008758526470033905,0.0005006180794831987,15,0.46875,0.00015483033650407122,3.7323575066834462,Gene
CPVL,0.0002327070529046793,0.0006221214699575807,0.0002327070529046793,32,1.0,0.00010997657753218706,2.673410462606013,Gene
TBCA,0.00023250134836416692,0.001315226240506546,0.0037200215738266706,2,0.0625,0.00023250134836416692,5.656854249492381,Gene
LST1,0.00022987394151741114,0.0007195993541885842,0.00023728922995345665,31,0.96875,0.00012720839577105202,3.1304085597456908,Gene
BBS2,0.0002286739097598911,0.0006560327018695499,0.00048783767415443434,15,0.46875,0.00011597129304302284,2.8688568038146016,Gene
MYO15B,0.0002268877568667449,0.0010743586087332098,0.0006050340183113198,12,0.375,0.00018992156441534932,4.7351986884166655,Gene
C5orf42,0.00022620845265919343,0.0011516953500178154,0.0006032225404245158,12,0.375,0.0002035928979646529,5.0913011272525885,Gene
ZNF268,0.00022601494092100438,0.0008835702696722349,0.000723247810947214,10,0.3125,0.00015619463233501593,3.9093445153303206,Gene
MPP6,0.00022464640002795022,0.0012693874601397823,0.0008985856001118009,8,0.25,0.00022439812025450208,5.650602279768768,Gene
MUTYH,0.00022083772120140566,0.0008368018231247398,0.0004416754424028113,16,0.5,0.00014792706091019234,3.789215984354277,Gene
ZNF789,0.00021724005029000182,0.0008020174690685132,0.0005793068007733382,12,0.375,0.00014177799775210446,3.691849030590217,Gene
ZBTB17,0.00021718398745917966,0.0006260427557993354,0.0005346067383610576,13,0.40625,0.00011066976948460595,2.8825456384854427,Gene
EGR2,0.00021711519433509352,0.0006379697832365239,0.0003859825677068329,18,0.5625,0.00011277818997966446,2.938393073733418,Gene
LMBR1L,0.00021649487860031513,0.0007673088899603214,0.0005329104704007757,13,0.40625,0.0001356423298389164,3.5442357570818053,Gene
SCRN2,0.0002135318744294068,0.0007803140556116554,0.0004019423518671187,17,0.53125,0.00013794134004454456,3.6543212000399765,Gene
ANKRD27,0.00021197341527567914,0.0011262705135697076,0.0008478936611027166,8,0.25,0.00019909837939889892,5.313263043410193,Gene
ANGPTL6,0.00020934210624545813,0.0008928331619804338,0.0009569924856935229,7,0.21875,0.000157832095826148,4.264947831056824,Gene
NDUFAF7,0.00020890566656106557,0.0007753049789155852,0.00037138785166411655,18,0.5625,0.00013705585201972587,3.7112683043901753,Gene
CTSL,0.00020741430932957883,0.000522242098390719,0.00021410509350150073,31,0.96875,9.232023229829239e-05,2.517869186936773,Gene
MALSU1,0.00020739309169925946,0.0008339947794855324,0.000603325357670573,11,0.34375,0.00014743084101209982,4.021323818707074,Gene
C2orf43,0.00020717353109489522,0.0008659202926311301,0.00041434706218979045,16,0.5,0.00015307452772162793,4.17968592828829,Gene
CDKN3,0.00020670608684980607,0.0007718773921540491,0.0002645837911677518,25,0.78125,0.000136449934559179,3.734178339484023,Gene
TMEM19,0.00020455754748027744,0.0006698739489528568,0.0003445179747036252,19,0.59375,0.00011841810296119404,3.2747456997031272,Gene
ITGAV,0.00020288341105612062,0.0008436971055740992,0.0003416983765155716,19,0.59375,0.000149145986154727,4.158531745805081,Gene
SMAD4,0.00019781018481523915,0.0011155807059512377,0.0006329925914087652,10,0.3125,0.000197208670534749,5.639652513308274,Gene
TTBK2,0.00019656193035189062,0.0011119221909995178,0.0062899817712605,1,0.03125,0.00019656193035189062,5.656854249492381,Gene
HSD17B4,0.00019641932694014486,0.0005553715650462378,0.0002618924359201931,24,0.75,9.817674993059512e-05,2.827479218557128,Gene
TCL1A,0.00019361970551390328,0.0008902675571707299,0.00020652768588149683,30,0.9375,0.00015737855668645137,4.598021440058447,Gene
FAM122B,0.00019196388782116713,0.0007991533899594504,0.00038392777564233427,16,0.5,0.00014127169531213618,4.163040241735148,Gene
RNF31,0.00019109761399249692,0.0007685333022189637,0.0005095936373133251,12,0.375,0.00013585877739167988,4.021679214943723,Gene
DKC1,0.00019068158397494983,0.0007580177881210811,0.00032114793090517866,19,0.59375,0.000133999879560111,3.975306751283665,Gene
PPIL3,0.000190478651855841,0.0008580059567160195,0.00033862871441038404,18,0.5625,0.00015167545757308718,4.504473064862826,Gene
ZNF525,0.0001899639567000122,0.0008379662754340846,0.000467603585723107,13,0.40625,0.00014813290894126886,4.411185626952309,Gene
KNTC1,0.00018990285045106248,0.0007585054340730923,0.0003574641890843529,17,0.53125,0.00013408608399998232,3.994176139386372,Gene
FAIM,0.00018976867800191144,0.0009225526786271572,0.0005060498080050971,12,0.375,0.00016308581376476913,4.861459163549976,Gene
ATPAF2,0.0001896325120895881,0.0006540060482454173,0.000288963827946039,21,0.65625,0.00011561302791283772,3.44880759653938,Gene
CKAP4,0.00018871574934564705,0.0010539649705001964,0.0006709893310067451,9,0.28125,0.00018631644444344207,5.584933817949558,Gene
S100A9,0.00018762707155417502,0.00034749780199146824,0.00018762707155417502,32,1.0,6.142951305889684e-05,1.8520664374977067,Gene
HIST1H3G,0.00018739447978077806,0.0007119580563934633,0.0002067801156201689,29,0.90625,0.00012585759239905307,3.7992477538630904,Gene
HIST1H2BC,0.00018478053050330345,0.0006796854486731314,0.0003695610610066069,16,0.5,0.00012015254745764806,3.6783390913632004,Gene
DGAT1,0.00018301362149486522,0.0010338140772359992,0.0011712871775671374,5,0.15625,0.00018275423612492203,5.648836784889286,Gene
CCDC66,0.00018290748266736045,0.0006722386778760711,0.0007316299306694418,8,0.25,0.00011883613192551223,3.6752934766404226,Gene
IL6R,0.00018284889964093054,0.0007232135055271873,0.0005851164788509777,10,0.3125,0.0001278472935009922,3.9552521614699216,Gene
SLC25A30,0.00018211157171776904,0.0010286443987005418,0.0011655140589937219,5,0.15625,0.00018184035743767793,5.648429635732888,Gene
CLUAP1,0.00018022728266942067,0.0006826147545621273,0.0005767273045421461,10,0.3125,0.00012067038047221775,3.7875217583688685,Gene
ZNF674,0.0001800680689925116,0.0006598818294443872,0.00032012101154224284,18,0.5625,0.00011665172909547772,3.664624345318155,Gene
NPC2,0.0001800363413622108,0.00040269216092529665,0.0003388919366818086,17,0.53125,7.118658943023542e-05,2.2367270845341714,Gene
ABHD6,0.00017937981174043216,0.0008861615928268823,0.0003587596234808643,16,0.5,0.00015665271787874017,4.940141168779818,Gene
SGK494,0.00017906600260175765,0.0010129502777573662,0.0019100373610854149,3,0.09375,0.00017906600260175762,5.65685424949238,Gene
HIST1H4E,0.00017882539549418652,0.0006849873243901458,0.00035765079098837305,16,0.5,0.00012108979552577536,3.8304812495852367,Gene
C1RL,0.00017727963122204926,0.0006198121925408984,0.0003545592624440985,16,0.5,0.00010956835110194283,3.4962403084230296,Gene
TTC37,0.00017611465625577694,0.0006993587866037539,0.00043351300001422013,13,0.40625,0.0001236303351224775,3.97104250987523,Gene
CD163,0.00017604704500229218,0.0004342188694498437,0.00017604704500229218,32,1.0,7.675977677678516e-05,2.466493370815682,Gene
CAPN3,0.00017604010474769893,0.0008005046521671389,0.0005633283351926365,10,0.3125,0.0001415105669796906,4.547285706938337,Gene
HDAC6,0.0001749021019321617,0.0005409768584354808,0.0001998881164938991,28,0.875,9.563210126618085e-05,3.093026627234625,Gene
CLDN11,0.00017387142622737883,0.0009737237873186121,0.0006182095154751247,9,0.28125,0.00017213167325390953,5.600251912842961,Gene
AAAS,0.00017223204136485037,0.0006699671845289392,0.00029007501703553747,19,0.59375,0.00011843458483821796,3.889910258392072,Gene
SLC26A6,0.00017187004129759487,0.0006768572029966147,0.00023912353571839284,23,0.71875,0.00011965257953346645,3.938191891305996,Gene
CARS2,0.00017172510241891814,0.0006667771577819571,0.0004227079444157985,13,0.40625,0.0001178706624519786,3.882817062792454,Gene
HMG20A,0.00017150588121239707,0.0006290200969129387,0.00036587921325311373,15,0.46875,0.00011119609400743957,3.667629893892355,Gene
C1orf123,0.00017003817603722382,0.0005758714821831819,0.00023657485361700705,23,0.71875,0.00010180065753591899,3.3867187687141227,Gene
ARHGAP11B,0.0001696210759618566,0.0005411503770458726,0.00023599454046867007,23,0.71875,9.566277531269838e-05,3.1903486873739872,Gene
FCER2,0.00016754250395933923,0.0004991026803402147,0.0001729471008612534,31,0.96875,8.822972244423688e-05,2.978961568231913,Gene
SERPINH1,0.00016741763025152068,0.000791541475939265,0.0005952626853387402,9,0.28125,0.00013992608630676568,4.72794576503137,Gene
BTK,0.00016644438437651843,0.0009415516230644515,0.00532622030004859,1,0.03125,0.00016644438437651843,5.656854249492381,Gene
CSNK2A3,0.00016504462606903303,0.000698517310217684,0.00037724485958636123,14,0.4375,0.00012348158170777789,4.232293573287966,Gene
LY96,0.0001649294774868082,0.0005922486816468178,0.00018849083141349508,28,0.875,0.00010469576473531441,3.5909207418315416,Gene
NOM1,0.00016341953403298248,0.0007426024167146023,0.00040226346838887996,13,0.40625,0.00013127480114610341,4.544147192126524,Gene
SLC11A1,0.00016237001602004142,0.00036538843211586595,0.00017319468375471086,30,0.9375,6.459215952906232e-05,2.2503442511871516,Gene
LDLR,0.000161994174419533,0.0008855765350589943,0.0003702723986732183,14,0.4375,0.00015654929329997528,5.466718406586186,Gene
PAX5,0.00016050889098551124,0.0009079754020526985,0.00513628451153636,1,0.03125,0.00016050889098551124,5.656854249492381,Gene
CTNND1,0.00016002970787809545,0.0007198259092590827,0.0006401188315123818,8,0.25,0.00012724844542771744,4.498076755894717,Gene
MYO1E,0.00015822090691486324,0.0005183779327156203,0.00020252276085102493,25,0.78125,9.163713786016975e-05,3.276292260128134,Gene
FANCG,0.00015770790524705092,0.000600069294791417,0.00020186611871622517,25,0.78125,0.0001060782668822101,3.8049411274051406,Gene
HLA-DOB,0.0001573828618859352,0.0004570719618738935,0.0002518125790174963,20,0.625,8.079967093281729e-05,2.90420415791626,Gene
SOX4,0.00015691094122871618,0.0008833228441008582,0.0004184291766099098,12,0.375,0.0001561508932601761,5.62945347968636,Gene
CASD1,0.00015660258941352367,0.0006194785953401388,0.0010022565722465516,5,0.15625,0.00010950937889123232,3.955736604739964,Gene
LPAR2,0.0001550016547184896,0.0006243970204889857,0.00045091390463560606,11,0.34375,0.00011037884183510935,4.0283248693247895,Gene
BLM,0.00015374933491330012,0.000860004071467055,0.000546664301913956,9,0.28125,0.00015202867769559868,5.593546612426095,Gene
CENPO,0.00015372321165507685,0.0004586919863591487,0.0003783955979201892,13,0.40625,8.108605350762035e-05,2.9838824040988605,Gene
GSN,0.0001523566574381796,0.00027759890267766747,0.00016251376793405826,30,0.9375,4.9073016633330776e-05,1.8220332957245815,Gene
ZNF678,0.00015121966134756804,0.0006681153047302762,0.0004032524302601814,12,0.375,0.00011810721564732373,4.418177496077438,Gene
ULK2,0.00015109846572158858,0.0007723587082557318,0.00048351509030908346,10,0.3125,0.00013653502002902756,5.111625088760773,Gene
RASGRP3,0.00015074494342570688,0.0004418643580103604,0.00028375518762486,17,0.53125,7.811132097844154e-05,2.931205173247677,Gene
IL8,0.0001507096347239667,0.0005616035240568257,0.0001507096347239667,32,1.0,9.927841504971096e-05,3.7263943017673333,Gene
RHBDD1,0.0001493355655668438,0.000838500470848157,0.0011946845245347504,4,0.125,0.0001482273422412112,5.614874579042174,Gene
BIK,0.00014765113473913516,0.0008049236469469868,0.0006749766159503322,7,0.21875,0.00014229174227340519,5.451523609141898,Gene
HIBCH,0.00014690438739961564,0.00051720243328317,0.00020438871290381306,23,0.71875,9.14293369551781e-05,3.5206738371690265,Gene
FCHO1,0.0001460029661117801,0.0007402932747188162,0.00042473590141608753,11,0.34375,0.00013086659865511766,5.070398872253366,Gene
MZT2A,0.00014552150118873897,0.0005853834541167868,0.0004656688038039647,10,0.3125,0.00010348215250009603,4.022659533710789,Gene
FCGR2A,0.00014499473608253766,0.0002852176025321786,0.00014499473608253766,32,1.0,5.041982521606822e-05,1.9670893595048833,Gene
ADTRP,0.00014477023569270386,0.0008145999047031959,0.00042114977656059307,11,0.34375,0.0001440022791423863,5.626846573851714,Gene
MTO1,0.00014364544847467187,0.0005677457556334817,0.00045966543511895,10,0.3125,0.00010036421844957885,3.952410338525894,Gene
GGT1,0.0001424020681639604,0.0005205820508824698,0.00032549044151762373,14,0.4375,9.202677458574868e-05,3.655719734934443,Gene
CFP,0.00014238596162385875,0.000399649111807154,0.0001687537322949437,27,0.84375,7.064864926350482e-05,2.8068013675597303,Gene
PMS2,0.0001423224643986032,0.000615933859038346,0.0003503322200581002,13,0.40625,0.00010888275212210339,4.3277346386674225,Gene
ANAPC7,0.0001408062101404539,0.0005318089465109531,0.0002816124202809078,16,0.5,9.401142809339222e-05,3.7768855931885015,Gene
XRRA1,0.00014079872812544636,0.0007644023389341443,0.0006436513285734691,7,0.21875,0.00013512851935379777,5.4290429261057715,Gene
FBXO22,0.0001401154077029787,0.0005138920191589329,0.00026374664979384225,17,0.53125,9.084413288623216e-05,3.667633899680028,Gene
AL590867.1,0.00013955819368760558,0.0007402414760100252,0.0004059874725457617,11,0.34375,0.00013085744185055697,5.3041778232456975,Gene
SLCO2B1,0.00013951148959989723,0.000783523613554961,0.00016534695063691524,27,0.84375,0.0001385087150911252,5.616194162946836,Gene
FSCN1,0.00013905492573229594,0.0006399958374770509,0.0003422890479564208,13,0.40625,0.00011313634915279655,4.602467939245463,Gene
AFMID,0.0001386324713745779,0.0003933373022391093,0.000164305151258759,27,0.84375,6.953286842672418e-05,2.837266755321211,Gene
SERPINA1,0.00013846866137257052,0.0004067982715754951,0.00013846866137257052,32,1.0,7.191245410149984e-05,2.9378363850932585,Gene
USP30,0.00013784625124912964,0.0005679083299942775,0.0004901200044413498,9,0.28125,0.00010039295780782029,4.119867786378146,Gene
BAG3,0.00013726774818678678,0.0002818190462276704,0.00029283786279847844,15,0.46875,4.9819039663777706e-05,2.0530608970446997,Gene
CLU,0.00013694874360226095,0.000774699082209092,0.00033710459963633464,13,0.40625,0.0001369487436022609,5.656854249492378,Gene
CPNE7,0.00013437162515117507,0.0005749732400996772,0.0002866594669891735,15,0.46875,0.00010164186926882067,4.278978091191518,Gene
ABL2,0.00013221948492514457,0.00041117101754700654,0.0002488837363296839,17,0.53125,7.268545368371531e-05,3.109761150406758,Gene
ZNF419,0.00013201330334311479,0.0007311116878792355,0.00026402660668622957,16,0.5,0.00012924350807603748,5.5381667556565,Gene
C1QA,0.0001319204031915433,0.00048362541238924683,0.00014071509673764618,30,0.9375,8.549370216364423e-05,3.6660395260242007,Gene
TATDN1,0.00013152509359315445,0.0006753312894292004,0.00042088029949809423,10,0.3125,0.00011938283357571064,5.134619341296174,Gene
IL1B,0.00013125847442552185,0.0004822723619060621,0.00014483693729712757,29,0.90625,8.525451437065732e-05,3.6742188572343273,Gene
ZNF250,0.00013117373009663424,0.0005075211819307161,0.0004663954847880329,9,0.28125,8.97179173347552e-05,3.869076388670436,Gene
BMI1,0.00013083075031516955,0.000484893932684284,0.00029904171500610185,14,0.4375,8.571794698931762e-05,3.706268836005151,Gene
PLAUR,0.0001306563495369062,0.000310747993542592,0.0001348710704897096,31,0.96875,5.493300336852007e-05,2.3783612097230358,Gene
TLR6,0.00012950335076311603,0.0005135762373719128,0.0004144107224419713,10,0.3125,9.078831002548788e-05,3.96573705889149,Gene
CYB5D1,0.00012929750664625317,0.0007314171499206264,0.004137520212680101,1,0.03125,0.00012929750664625314,5.65685424949238,Gene
PELP1,0.00012839452145385621,0.0005958170825550028,0.0003735113351384908,11,0.34375,0.00010532657485535685,4.640517958308165,Gene
SKIV2L2,0.00012723100371658802,0.0007197272440413617,0.0008142784237861634,5,0.15625,0.00012723100371658802,5.65685424949238,Gene
CD36,0.0001271277653422942,0.00039994140426709426,0.00016950368712305894,24,0.75,7.070031975863318e-05,3.1459799768386048,Gene
MED24,0.00012658212384053513,0.0007146206271078787,0.002025313981448562,2,0.0625,0.00012632827285094102,5.645509851044522,Gene
PABPC4,0.0001245240513796375,0.0005709521449663493,0.0002656513096098934,15,0.46875,0.00010093103335967757,4.585075241614832,Gene
CGRRF1,0.00012436508586688433,0.00043053942867343786,0.00039796827477402987,10,0.3125,7.610933739579244e-05,3.4618995007511266,Gene
LILRA5,0.00012338882516171878,0.000454479165965558,0.00012338882516171878,32,1.0,8.03413250405631e-05,3.6833089655396085,Gene
PMF1-BGLAP,0.00012133053407126226,0.0003550014607179965,0.0002283868876635525,17,0.53125,6.275598505120627e-05,2.9259037177689335,Gene
ZNF707,0.00012131546827731654,0.0006862639222536962,0.00038820949848741295,10,0.3125,0.00012131546827731654,5.656854249492381,Gene
CCR8,0.00012130319117886756,0.0005698356118091184,0.0003528820107021602,11,0.34375,0.00010073365631795318,4.69761435186703,Gene
MYH10,0.00011988770887683131,0.0006670099066512737,0.0003197005570048835,12,0.375,0.00011791180702793041,5.563622100214941,Gene
PHAX,0.0001198162525497537,0.000668243859718199,0.0005477314402274455,7,0.21875,0.00011812994117325261,5.577238859483698,Gene
ASAH1,0.00011927324189286992,0.0006399816095640205,0.00031806197838098643,12,0.375,0.00011313383398935009,5.365676319411573,Gene
ID3,0.00011820470878021183,0.000525299606582206,0.0003438682437242526,11,0.34375,9.286072849222586e-05,4.443982071466719,Gene
CD14,0.00011770336542227255,0.000373475199486677,0.00011770336542227255,32,1.0,6.602171154050697e-05,3.1730205686710615,Gene
MAP3K13,0.0001175110483870867,0.0003854004945386343,0.00020890853046593192,18,0.5625,6.812982579022933e-05,3.2796958228906927,Gene
AGPAT4,0.00011739510341612913,0.0006625927775837977,0.00034151302811964837,11,0.34375,0.0001171309615486833,5.644126188424678,Gene
ARIH1,0.00011712724407431097,0.0005323820762447181,0.00019726693738831322,19,0.59375,9.411274407370343e-05,4.545330853229588,Gene
INTS4,0.00011668396791719715,0.0006490096989588042,0.0012446289911167696,3,0.09375,0.00011472978979740256,5.562115434910161,Gene
IER3,0.00011627035401140517,0.0004668058383005509,0.00012829832166775742,29,0.90625,8.252039343994763e-05,4.0148311430681725,Gene
CD1C,0.00011525730923978017,0.0003858882501282273,0.00030735282463941377,12,0.375,6.821604961147003e-05,3.3480588144343124,Gene
PAQR4,0.00011362890375465895,0.0005645165557930528,0.00019137499579732035,19,0.59375,9.97933711733354e-05,4.96807182978659,Gene
FAH,0.00011361310544799608,0.0005114321740422204,0.00016525542610617612,22,0.6875,9.040928959555815e-05,4.501524467846866,Gene
CD160,0.00011312970613630569,0.0005911554188958665,0.00045251882454522274,8,0.25,0.00010450250135911031,5.225465875281296,Gene
ASTL,0.00011258129234192893,0.0006368559619977846,0.0036026013549417257,1,0.03125,0.00011258129234192892,5.65685424949238,Gene
GPNMB,0.0001124446400488921,0.0003973270008820459,0.00011994094938548491,30,0.9375,7.0238154168052e-05,3.53353437486468,Gene
TTF2,0.00011238839829275094,0.0003373708534680974,0.0001712585116841919,21,0.65625,5.963930456549618e-05,3.0018298916344452,Gene
FAM24B,0.00011238340994168539,0.000624782943692986,0.0007192538236267864,5,0.15625,0.00011044706406375081,5.559387671340277,Gene
FAM84B,0.00011100862322166449,0.0006197560448166308,0.000296022995257772,12,0.375,0.00010955842549279837,5.5829540699652505,Gene
HIST1H4J,0.00011093666371664312,0.00042989073210802144,0.00025356951706661287,14,0.4375,7.599466296070786e-05,3.875100599798619,Gene
TRMT11,0.00011057838128181174,0.0004755039120367408,0.0007077016402035951,5,0.15625,8.405801017047774e-05,4.300152584300427,Gene
MTFMT,0.00011006924377809923,0.000594860069255338,0.00035222158008991756,10,0.3125,0.0001051573972068872,5.404416791075464,Gene
EVA1C,0.0001099846776924096,0.0006221672913833569,0.0004399387107696384,8,0.25,0.00010998467769240956,5.656854249492379,Gene
COQ6,0.0001084276871097245,0.0005315778588100764,0.0003154259988646531,11,0.34375,9.397057717330753e-05,4.90260258223659,Gene
GZF1,0.00010813551517685482,0.0006086720920685196,0.0002883613738049462,12,0.375,0.00010759904095516318,5.6287898667985345,Gene
RP11-96O20.4,0.00010747277264400168,0.0005551635245184465,0.00026454836343138875,13,0.40625,9.813997321360441e-05,5.165620192543079,Gene
TYMS,0.00010739312068608342,0.00042036474082311856,0.0002454699901396192,14,0.4375,7.431068970193816e-05,3.914261343162474,Gene
ZNF682,0.00010736753230844442,0.0003560607856930087,0.0006871522067740443,5,0.15625,6.294324901953412e-05,3.3162798663391153,Gene
CCDC51,0.00010679274055291899,0.0004339145293521013,0.00042717096221167594,8,0.25,7.670597654006e-05,4.063146306626374,Gene
GORASP1,0.00010644970942053078,0.00039250827277593646,0.0003406390701456985,10,0.3125,6.938631533792095e-05,3.687264858801334,Gene
TRAPPC13,0.00010533598262085775,0.0004244312104965598,0.0002106719652417155,16,0.5,7.50295467723331e-05,4.029308883216489,Gene
CNOT10,0.00010438820027047768,0.0005905088342969132,0.001670211204327643,2,0.0625,0.00010438820027047767,5.65685424949238,Gene
AL161784.1,0.00010393548257070506,0.0005693568230210416,0.00017504923380329274,19,0.59375,0.00010064901761825189,5.477983157808697,Gene
ZNF85,0.00010333301179343835,0.0005845397868765577,0.0011022187924633424,3,0.09375,0.0001033330117934383,5.656854249492378,Gene
OPHN1,0.00010202324514096972,0.0005750949401927936,0.00021764958963406875,15,0.46875,0.00010166338300909908,5.636901074830164,Gene
EIF2B5,0.00010131386795819708,0.00042197600966361936,0.0002493879826663313,13,0.40625,7.459552448279633e-05,4.165037009915859,Gene
FANCD2,0.00010054159628225534,0.0005067673690519423,0.00021448873873547807,15,0.46875,8.958466078517353e-05,5.0403752057931275,Gene
CEP104,9.99418897276172e-05,0.0003252064524323664,0.0001599070235641875,20,0.625,5.7488921950136666e-05,3.253955406673697,Gene
METTL8,9.988939059724089e-05,0.0005528660789814411,0.00021309736660744724,15,0.46875,9.773383838394859e-05,5.534782779991374,Gene
GSTT1,9.954637789633125e-05,0.0005631193508244357,0.000398185511585325,8,0.25,9.954637789633124e-05,5.65685424949238,Gene
CAV1,9.853931533143623e-05,0.000488389790261633,0.0003503620100673288,9,0.28125,8.633593313906909e-05,4.956293725189156,Gene
LRRC45,9.767484039713281e-05,0.0003113111692245057,0.00016450499435306578,19,0.59375,5.50325597044402e-05,3.1872196356682663,Gene
CD200,9.636622957032159e-05,0.00037913958158185805,0.0002202656675893065,14,0.4375,6.702304228819051e-05,3.9343614798707827,Gene
ABHD11,9.615091022396882e-05,0.0003475267777909513,0.00016193837511405276,19,0.59375,6.143463530497303e-05,3.614388849584896,Gene
MAGEH1,9.526768511136652e-05,0.00038086263915856406,0.0003048565923563729,10,0.3125,6.732763871240644e-05,3.9978156151620694,Gene
CPM,9.495776052403926e-05,0.0003965123898327036,0.00025322069473077136,12,0.375,7.009414991879714e-05,4.1756712420816156,Gene
PIGH,9.402255139434601e-05,0.0003645787535959477,0.00020058144297460483,15,0.46875,6.44490272360585e-05,3.8775671175614517,Gene
HOOK2,9.322486537044483e-05,0.00039366706774954284,0.00017548209952083734,17,0.53125,6.959116328388144e-05,4.222768959603641,Gene
PPP4R1,9.303981356367785e-05,0.0004318728111995559,0.00014886370170188456,20,0.625,7.634504835232587e-05,4.641806498289849,Gene
PRKAB2,9.281274833483621e-05,0.0005250281898249855,0.002970007946714759,1,0.03125,9.281274833483628e-05,5.656854249492384,Gene
SPECC1,9.264083330506878e-05,0.0003554979531445813,0.00024704222214685007,12,0.375,6.284375334161773e-05,3.8373786208713914,Gene
BLNK,9.22951605772937e-05,0.00030172741491644523,0.00015544448097228413,19,0.59375,5.3338375289326366e-05,3.269157483763842,Gene
TREM1,9.074972006573034e-05,0.00026163698578969384,9.074972006573034e-05,32,1.0,4.625132171527522e-05,2.883061078317258,Gene
CEP170,9.059566946234554e-05,0.0005124864977836764,0.0014495307113975286,2,0.0625,9.059566946234553e-05,5.65685424949238,Gene
DNAJC27,9.048651770626748e-05,0.0005076228191351031,0.00041365265237150846,7,0.21875,8.973588442386592e-05,5.609927666604667,Gene
ZNF528,9.016070050549274e-05,0.0003797067307339825,0.00048085706936262795,6,0.1875,6.712330104104336e-05,4.211443884143847,Gene
KLRC1,8.99957970119658e-05,0.0003265985768680973,0.0002879865504382906,10,0.3125,5.773501710732687e-05,3.6290425521168825,Gene
FAM26F,8.989484741661613e-05,0.0002830417146977001,0.00010273696847613272,28,0.875,5.0035178955352955e-05,3.148586630176345,Gene
ZFP62,8.96565967849483e-05,0.0003013485101904202,0.00026081919064712235,11,0.34375,5.327139376402738e-05,3.3611415221708603,Gene
ERCC6L2,8.887867823048623e-05,0.0005025931257496147,0.0009480392344585198,3,0.09375,8.884675184882393e-05,5.654822233587408,Gene
CEACAM1,8.728296387516821e-05,0.000472936800454174,0.00021485037261579867,13,0.40625,8.360420466845386e-05,5.418431953463068,Gene
ZNF573,8.684345812071115e-05,0.00034196529540011405,0.00023158255498856306,12,0.375,6.045149482697038e-05,3.937720846224102,Gene
FBXO10,8.665161158205592e-05,0.00033537441804103077,0.00019806082647327066,14,0.4375,5.928638130832621e-05,3.8703771564992,Gene
AIF1,8.474191287888289e-05,0.00028071865194656315,8.474191287888289e-05,32,1.0,4.962451559924025e-05,3.312630579248068,Gene
LILRB5,8.442803328811976e-05,0.00030212676917587273,9.64891809007083e-05,28,0.875,5.3408971815560595e-05,3.578512460959887,Gene
ZSWIM8,8.436439293291187e-05,0.00046493665281136534,0.00134983028692659,2,0.0625,8.218996500627298e-05,5.511053142776617,Gene
MGLL,8.426353885937488e-05,0.00044700115667387004,0.000192602374535714,14,0.4375,7.901938727058096e-05,5.304799237305451,Gene
STX1A,8.296953238229321e-05,0.00024200934624802304,0.00020423269509487558,13,0.40625,4.278161246062506e-05,2.9168459710358814,Gene
HMOX1,8.189411516656975e-05,0.00026922370438941026,9.705969204926785e-05,27,0.84375,4.759247675747862e-05,3.287460934669344,Gene
SLC36A4,8.179153120657645e-05,0.0004332540577449032,0.00023793899987367695,11,0.34375,7.658922055200227e-05,5.297052779836788,Gene
FCRLA,8.1120666749257e-05,0.0003664111173501948,9.270933342772228e-05,28,0.875,6.477294644511563e-05,4.516865208748433,Gene
MBD5,8.108337340217986e-05,0.0004515471603121961,0.0003706668498385365,7,0.21875,7.982301477057072e-05,5.568924199446993,Gene
SLC38A9,8.089151846846221e-05,0.000288499215530495,0.0001438071439439328,18,0.5625,5.099993791715308e-05,3.5664952394604184,Gene
CLPB,8.083973493455687e-05,0.00023911565374053068,0.00023517013799143817,11,0.34375,4.227007506194592e-05,2.957897547958374,Gene
PPIP5K1,8.066774125836673e-05,0.0004015221972740484,0.00021511397668897794,12,0.375,7.097976712235057e-05,4.977481593144312,Gene
SERGEF,8.050847674745398e-05,0.0004447665938953293,0.00014312618088436265,18,0.5625,7.862436864715767e-05,5.524469122556026,Gene
GTSF1,7.909808289241482e-05,0.0004462204969789785,0.0003163923315696593,8,0.25,7.888138482956676e-05,5.641356663294923,Gene
HIST1H3A,7.840300785488807e-05,0.000442841905204779,0.0003136120314195523,8,0.25,7.828412854096736e-05,5.648276989888084,Gene
CATSPER2,7.832510208061194e-05,0.00041978949403814416,0.00016709355110530548,15,0.46875,7.420899947631037e-05,5.359578001010432,Gene
OLR1,7.812026603915001e-05,0.00025475519033512544,8.332828377509335e-05,30,0.9375,4.50347806571092e-05,3.261064039483106,Gene
MCEE,7.70484236198854e-05,0.0004210682325845955,0.0003522213651194761,7,0.21875,7.443505065070046e-05,5.464981797186597,Gene
STAP1,7.598805930708608e-05,0.00025118248442714686,0.00010572251729681541,23,0.71875,4.4403209513429976e-05,3.3055520395916136,Gene
STK11,7.590659548561973e-05,0.0004292565229799674,0.0006072527638849579,4,0.125,7.58825495669235e-05,5.655062254258113,Gene
GDAP1,7.583727943938356e-05,0.00031378275384484546,0.00026964366022891935,9,0.28125,5.5469478265769856e-05,4.137579250791172,Gene
TMEM138,7.576781490570283e-05,0.0003869084981885814,0.0002204154615438628,11,0.34375,6.839640569196223e-05,5.106501997848428,Gene
FAR2,7.566300494943334e-05,0.00037555879378457004,0.0001729440113129905,14,0.4375,6.639004245482742e-05,4.963572277304626,Gene
DDX55,7.528049150096194e-05,0.0003043362621819478,0.0001853058252331371,13,0.40625,5.3799558687455576e-05,4.042697598195928,Gene
FAM19A2,7.52387099396401e-05,0.0003436394133548747,0.00018520297831296024,13,0.40625,6.074743986654973e-05,4.567321976022154,Gene
HNRNPUL2,7.49971181974729e-05,0.0002941067887590084,0.00023999077823191328,10,0.3125,5.199122618112357e-05,3.9215745328320977,Gene
DTWD1,7.468740329841239e-05,0.00031271618971765374,0.0002655552117276885,9,0.28125,5.528093458404296e-05,4.187000429887767,Gene
ANKRD28,7.321315206354484e-05,0.0004141561303693955,0.0007809402886778116,3,0.09375,7.321315206354484e-05,5.656854249492381,Gene
RNF121,7.286113045879006e-05,0.0002735289407589194,0.00014572226091758012,16,0.5,4.835354221535133e-05,3.7541133253981855,Gene
PIGX,7.246348794964774e-05,0.00023136991712877913,0.00016563082959919484,14,0.4375,4.090080934108231e-05,3.192917201136519,Gene
CD300E,7.17813252579802e-05,0.00031108305565283545,7.17813252579802e-05,32,1.0,5.499223454108802e-05,4.333760271697564,Gene
RAB3IP,7.14683515710135e-05,0.0003047084257007105,0.0002286987250272432,10,0.3125,5.386534852441242e-05,4.263543498662361,Gene
SERPINF1,7.121724490843917e-05,0.00023321845501753953,0.00016278227407643238,14,0.4375,4.1227587760188e-05,3.27474694250498,Gene
NDUFAF5,7.110509758945227e-05,0.0003989325035491728,0.00012640906238124848,18,0.5625,7.052196962383662e-05,5.6104627807774845,Gene
TM7SF3,7.103965401711321e-05,0.0003987160584839322,0.00028415861606845283,8,0.25,7.048370718049012e-05,5.612584464275162,Gene
IL4I1,6.929372092123742e-05,0.0002571350824681939,7.919282390998563e-05,28,0.875,4.545549012355551e-05,3.71079917559148,Gene
CRYZL1,6.927940512468922e-05,0.00038122979471364485,0.0002216940963990055,10,0.3125,6.739254325809343e-05,5.502786780970574,Gene
NEIL2,6.885175930904097e-05,0.0002841682266180057,0.0002754070372361639,8,0.25,5.0234320009836854e-05,4.127247138922293,Gene
LYPLAL1,6.874193697825604e-05,0.00038621818201803104,0.00019997654393674483,11,0.34375,6.827437388062251e-05,5.6183779363126884,Gene
PGPEP1,6.86216759753222e-05,0.00036489695477410887,0.0002744867039012888,8,0.25,6.450527778877333e-05,5.317517381903255,Gene
EBI3,6.848856514629631e-05,0.0003873296711542402,0.00013697713029259262,16,0.5,6.847085925697968e-05,5.65539182091021,Gene
CDKL1,6.763444338275804e-05,0.00029692668434769297,0.0001967547443862052,11,0.34375,5.248971800437279e-05,4.390169704913815,Gene
VSIG4,6.749530814009752e-05,0.00028972168676408944,6.749530814009752e-05,32,1.0,5.121604234192311e-05,4.292471502800237,Gene
RAD51C,6.695959858404876e-05,0.0003054216661705393,0.0001428471436459707,15,0.46875,5.399143281762057e-05,4.561282812757145,Gene
SFXN5,6.628242227613157e-05,0.00037139290963406524,0.0001928215920760191,11,0.34375,6.565361122171254e-05,5.603188551058801,Gene
CASP6,6.622127325783822e-05,0.00020868405423202647,8.476322977003292e-05,25,0.78125,3.6890477468241784e-05,3.151314433648794,Gene
PLD4,6.504435270926479e-05,0.00028666724267961273,0.00020814192866964732,10,0.3125,5.067608781070096e-05,4.407257982271848,Gene
MORC4,6.465321700943605e-05,0.000308751185556928,0.00020689029443019536,10,0.3125,5.4580014251672456e-05,4.775496098080722,Gene
TMEM176A,6.427549644172359e-05,0.00021006945012045668,0.00012855099288344718,16,0.5,3.713538317507603e-05,3.2682664740041254,Gene
FAM206A,6.390997340588456e-05,0.00035783558810343745,0.0001704265957490255,12,0.375,6.325699272445421e-05,5.599057064706734,Gene
JSRP1,6.358396785799414e-05,0.000359685238777081,0.0006782289904852709,3,0.09375,6.358396785799413e-05,5.65685424949238,Gene
GBA2,6.33642848697491e-05,0.00035844252413148593,0.0005069142789579928,4,0.125,6.33642848697491e-05,5.656854249492381,Gene
ITGA6,6.258140999459982e-05,0.00030876188624432446,0.00014304322284479959,14,0.4375,5.45819058838278e-05,4.93376365714623,Gene
TSEN2,6.240020593395457e-05,0.00026776727299083607,0.0002218673988762829,9,0.28125,4.733501362791241e-05,4.2911280336838225,Gene
SLC27A3,6.235476853788668e-05,0.00032510321434361304,8.675446057445104e-05,23,0.71875,5.747067186197811e-05,5.213766676819283,Gene
NLRP3,6.165365152099866e-05,0.0003292325056216709,9.864584243359786e-05,20,0.625,5.82006343280304e-05,5.340032544699114,Gene
VWA5A,6.13775523561344e-05,0.0003405430293173116,0.00028058309648518583,7,0.21875,6.020007132902007e-05,5.548331861481862,Gene
FAM173A,6.096087713558518e-05,0.0003380996051170074,0.0003251246780564543,6,0.1875,5.9768130873682464e-05,5.5461735625133555,Gene
TTLL4,6.0712520962624694e-05,0.00031464950769909735,0.0002775429529719986,7,0.21875,5.5622700147760126e-05,5.1826131201634515,Gene
MAML3,6.0596416975755574e-05,0.00031699831036622873,0.0002154539270249087,9,0.28125,5.603791372115954e-05,5.231304525695945,Gene
HINFP,6.0596271374890875e-05,0.0003030581766016083,0.0001292720455997672,15,0.46875,5.357362294225688e-05,5.001267730264766,Gene
LLGL2,6.0557271424954706e-05,0.0003399162561241952,0.00016148605713321254,12,0.375,6.008927243524043e-05,5.613136921887815,Gene
PTPN12,6.0427007419150414e-05,0.0002636934993363194,0.00012891094916085423,15,0.46875,4.6614865383880445e-05,4.363835155813957,Gene
MDP1,6.039320397732695e-05,0.00029271623515970534,0.0002147313919193847,9,0.28125,5.174540871120594e-05,4.846840635737723,Gene
SLC25A28,5.940718801866751e-05,0.00030827478011472443,0.00023762875207467005,8,0.25,5.449579687197837e-05,5.189183167832406,Gene
GAS6,5.8735920902108774e-05,0.0003322605437529424,0.0004698873672168702,4,0.125,5.873592090210878e-05,5.656854249492381,Gene
METTL22,5.8381937378726434e-05,0.00028481625595651913,0.00023352774951490574,8,0.25,5.0348876494754515e-05,4.878499562440047,Gene
PLA2G12A,5.817502096761018e-05,0.00022893690227759103,0.00037232013419270517,5,0.15625,4.047070901608164e-05,3.935312759148898,Gene
ZNF829,5.784447216683475e-05,0.0003130664121361052,0.000617007703112904,3,0.09375,5.534284574579561e-05,5.412209678967431,Gene
ACTR3B,5.7799144158821036e-05,0.0003249367891137725,0.0001681429648256612,11,0.34375,5.744125175983291e-05,5.6218269983532645,Gene
ITGA2,5.778211854590154e-05,0.00015796275639230097,0.00012326851956458995,15,0.46875,2.7924134054978668e-05,2.733765399529561,Gene
EEPD1,5.7619525630769886e-05,0.00032570290081761113,0.0002048694244649596,9,0.28125,5.757668245506558e-05,5.652648078096634,Gene
ENTHD2,5.7328620613361636e-05,0.0003164246926741157,0.00016677416905705203,11,0.34375,5.5936511481184115e-05,5.519489031633291,Gene
ERMARD,5.732077408993064e-05,0.00022464641059609603,0.00014109729006752156,13,0.40625,3.9712250075429245e-05,3.919109854372308,Gene
CXorf57,5.6315032519016484e-05,0.00027222759003328866,0.0001201387360405685,15,0.46875,4.8123493734652446e-05,4.834012835584579,Gene
LRTOMT,5.573802287273111e-05,0.0002139065017888105,0.0001372012870713381,13,0.40625,3.781368448869006e-05,3.8377124046403996,Gene
SPIB,5.56409213468001e-05,0.00029477449211608837,7.122037932390413e-05,25,0.78125,5.210926057402664e-05,5.297800341565351,Gene
IL10,5.5417959615056134e-05,0.00025937139203286173,9.333551093062085e-05,19,0.59375,4.585081753805775e-05,4.680276824237225,Gene
MZB1,5.532815053399531e-05,0.0002228971376907638,0.00011065630106799063,16,0.5,3.940301939205266e-05,4.0286388671858635,Gene
DPH5,5.531466376851313e-05,0.0003129069907981557,0.0002950115400987367,6,0.1875,5.531466376851313e-05,5.656854249492381,Gene
FAM227B,5.5305206188904776e-05,0.0003122651869305339,0.00012641189986035379,14,0.4375,5.520120780176635e-05,5.646216847360384,Gene
DIS3L,5.510857714341455e-05,0.0003062735502059235,0.00014695620571577214,12,0.375,5.414202606217175e-05,5.557638503510574,Gene
KIF9,5.4907041246110566e-05,0.000302469592835033,0.00025100361712507687,7,0.21875,5.346957504909645e-05,5.508757819953719,Gene
SPDL1,5.4282214861700595e-05,0.0001959004091145157,0.00019300343061937988,9,0.28125,3.463062693052325e-05,3.608924389206074,Gene
TAF1A,5.3990125536529376e-05,0.00019704535264799332,0.00011517893447792934,15,0.46875,3.483302626467267e-05,3.649655389570704,Gene
PGAP1,5.242862380328006e-05,0.00015836963012022507,0.0003355431923409924,5,0.15625,2.799605984800411e-05,3.020671126414672,Gene
EPN2,5.219518541821344e-05,0.00021767451323711335,0.000334049186676566,5,0.15625,3.8479781100360934e-05,4.170394481655699,Gene
MFGE8,5.201148977995729e-05,0.00020295515972509803,9.790398076227254e-05,17,0.53125,3.587774242960392e-05,3.902121638578927,Gene
C5orf63,5.19811618957533e-05,0.0002524652851765234,0.0004158492951660264,4,0.125,4.462997879062881e-05,4.856861139095643,Gene
KIAA1324,5.18993612814711e-05,0.00020783725857549258,0.0001383982967505896,12,0.375,3.674078373048818e-05,4.004620739902897,Gene
DNAJA4,5.1248386910174304e-05,0.00019237152812874426,0.0002733247301875963,6,0.1875,3.4006803011763434e-05,3.753708940457458,Gene
SLC20A2,5.0775848649209365e-05,0.00016369106246372122,0.0001249867043672846,13,0.40625,2.8936765071932e-05,3.2237976679542917,Gene
RP11-706O15.1,5.0288635975448415e-05,0.00028447548411889066,0.0002298909073163356,7,0.21875,5.0288635975448394e-05,5.656854249492379,Gene
SPAG5,5.025951097348269e-05,0.00024191891935818565,8.935024173063589e-05,18,0.5625,4.276562709387365e-05,4.813395806533493,Gene
DGKE,5.020251774112694e-05,0.00028398832581911056,0.0005354935225720207,3,0.09375,5.020251774112694e-05,5.656854249492381,Gene
SMAD5,4.961324970054193e-05,0.0002752919447634935,0.00031752479808346836,5,0.15625,4.866520023707468e-05,5.548758576088324,Gene
MYL5,4.961032737682558e-05,0.00027831413604800716,9.33841456504952e-05,17,0.53125,4.91994532249053e-05,5.610004020614784,Gene
DTX3,4.936808176125851e-05,0.0001802747704817357,0.00014361623785093386,11,0.34375,3.186837817112094e-05,3.6516462469320796,Gene
GCFC2,4.9184338422492146e-05,0.000200763662543864,0.00022484268993139267,7,0.21875,3.5490336800153475e-05,4.081861604385313,Gene
ZNF322,4.90987296188905e-05,0.00019207444824659477,0.0003142318695608992,5,0.15625,3.395428621195793e-05,3.9120044395750524,Gene
ARL8A,4.85173768538516e-05,0.0001928088690535138,0.0002587593432205419,6,0.1875,3.408411469516217e-05,3.974016765875657,Gene
DYRK4,4.8336625413369916e-05,0.00022006071465750183,7.365581015370654e-05,21,0.65625,3.890160590176935e-05,4.552670211781748,Gene
TM7SF2,4.8315513181407255e-05,0.0002608317467820738,0.00017178849131167025,9,0.28125,4.6108974224584204e-05,5.398509290437318,Gene
PAN2,4.7896796104396344e-05,0.000253413224182326,0.00038317436883517075,4,0.125,4.479755231541737e-05,5.2908178582547345,Gene
BOLA1,4.725238856551073e-05,0.0002649306896106686,0.00013746149400875848,11,0.34375,4.6833571792033044e-05,5.606715293204038,Gene
LILRA3,4.617453579669473e-05,0.00012956190960403924,4.766403695142681e-05,31,0.96875,2.2903526216123655e-05,2.8059168840266624,Gene
E2F5,4.6028751057747286e-05,0.00023540852941470413,0.00016365778153865703,9,0.28125,4.161474187457253e-05,5.114380121228199,Gene
C11orf80,4.56542109077418e-05,0.00024009266367657875,0.0002921869498095475,5,0.15625,4.244278764971247e-05,5.258937979713611,Gene
ZNF720,4.555959822027944e-05,0.0002577240067975532,0.0003644767857622355,4,0.125,4.5559598220279434e-05,5.65685424949238,Gene
ANPEP,4.4806916349671155e-05,0.00010970768207431616,4.6252300748047645e-05,31,0.96875,1.9393761485751698e-05,2.448454189932696,Gene
ROGDI,4.443933669051603e-05,0.0001679738327732661,6.18286423520223e-05,23,0.71875,2.9693859053967896e-05,3.7798456341296838,Gene
RBM45,4.44271831554488e-05,0.000250193706380492,0.0001777087326217952,8,0.25,4.4228416597960465e-05,5.631545567610599,Gene
BSCL2,4.377870032712394e-05,0.00020634161701359773,7.373254791936663e-05,19,0.59375,3.647638915782811e-05,4.713287865372165,Gene
POMZP3,4.367804922367213e-05,0.00020907801275465456,0.00019967108216535832,7,0.21875,3.696012015395592e-05,4.786798322516218,Gene
PLK1,4.3629105675790925e-05,0.00013989618514196036,7.348059903291102e-05,19,0.59375,2.4730385294002224e-05,3.2064875723452304,Gene
CHAF1A,4.3223595923791436e-05,0.0002189505403896782,8.644719184758287e-05,16,0.5,3.8705352963500126e-05,5.065532742248358,Gene
SSBP2,4.24653267003805e-05,0.00022305916838844837,0.00010453003495478278,13,0.40625,3.9431662643325955e-05,5.252736425702565,Gene
LEAP2,4.241210285726993e-05,0.0002232388687991439,0.00012338066285751253,11,0.34375,3.946342948807216e-05,5.263565203319745,Gene
C15orf48,4.2049087966233856e-05,0.00016781383461999825,4.2049087966233856e-05,32,1.0,2.966557510917964e-05,3.9909030786768946,Gene
RABGAP1,4.200701272338847e-05,0.00018020366777872772,0.0002688448814296862,5,0.15625,3.185580887025653e-05,4.28984724444342,Gene
CBY1,4.149053010849002e-05,0.00023359166096110397,0.00022128282724528012,6,0.1875,4.129356187355638e-05,5.6299994324079545,Gene
PKIG,4.128887002252668e-05,0.00012934366664293494,6.606219203604269e-05,20,0.625,2.2864945946687886e-05,3.1326521305225037,Gene
AGER,4.11992632507463e-05,0.00017003471801620263,0.00021972940400398025,6,0.1875,3.0058175536599822e-05,4.12713006495626,Gene
AHDC1,4.11561489528367e-05,0.00018382855091045422,0.0001463329740545305,9,0.28125,3.2496603731119665e-05,4.466612051606538,Gene
LGALS2,4.0867951582868045e-05,9.623026474426197e-05,5.6859758723990325e-05,23,0.71875,1.7011268189011096e-05,2.3546632756754553,Gene
EPHA4,3.9949503729985736e-05,0.00012957339691355602,8.52256079573029e-05,15,0.46875,2.290555690473788e-05,3.2434294500709755,Gene
SNX8,3.946612454797105e-05,0.00016621011432328933,7.016199919639298e-05,18,0.5625,2.9382074734947297e-05,4.21146277287148,Gene
PDCD11,3.9160441076546704e-05,0.00022009221160701844,0.0002506268228898989,5,0.15625,3.890717382841682e-05,5.620268964203069,Gene
ALG14,3.9102451204087174e-05,0.00020872075578079984,9.625218757929151e-05,13,0.40625,3.689696544674621e-05,5.337792116699409,Gene
XRCC6BP1,3.9070668435670086e-05,0.00021598594005730966,0.00020837689832357378,6,0.1875,3.818128071386871e-05,5.528084077008583,Gene
CEP57L1,3.855107141070846e-05,0.00020702346183084277,0.00015420428564283384,8,0.25,3.6596923431325824e-05,5.3701091631226925,Gene
APITD1,3.845917518674469e-05,0.00012484753837172638,6.837186699865722e-05,18,0.5625,2.2070135249273854e-05,3.246235463072444,Gene
SRR,3.8400943957128675e-05,0.0002169856867577319,0.00017554717237544537,7,0.21875,3.8358012631703064e-05,5.650530023428008,Gene
EFCAB13,3.821104634482708e-05,0.00018015048290436763,9.405796023342051e-05,13,0.40625,3.1846407023927386e-05,4.714617895533132,Gene
TMCO3,3.814130832324736e-05,0.00015852602193767667,0.00011095653330399232,11,0.34375,2.802370627666464e-05,4.156281703662852,Gene
FCN1,3.784960977704088e-05,0.00017428562116328575,4.037291709551028e-05,30,0.9375,3.080963614696725e-05,4.604687398098496,Gene
ENO3,3.783356991959863e-05,0.00021317447305105577,0.00013451935971412846,9,0.28125,3.7684278867567615e-05,5.634532334751383,Gene
PKD2,3.781146006076597e-05,0.00021389391852425537,0.001209966721944511,1,0.03125,3.781146006076597e-05,5.656854249492381,Gene
FGGY,3.7680027276110195e-05,0.00015762502811301506,0.00017225155326221802,7,0.21875,2.7864431565858282e-05,4.183251433391401,Gene
RECQL5,3.7335743844124636e-05,0.0002109403588921874,0.00014934297537649854,8,0.25,3.728933954964744e-05,5.649823391033956,Gene
CXCL3,3.702049338016877e-05,0.00019583677526381743,3.702049338016877e-05,32,1.0,3.4619377948687804e-05,5.2899558429095315,Gene
ZNF621,3.6949515816786516e-05,0.00020744694783992652,9.853204217809737e-05,12,0.375,3.6671785888516016e-05,5.614334674060368,Gene
TRIM66,3.692231440233229e-05,0.00020855944747440083,0.0001969190101457722,6,0.1875,3.68684498974171e-05,5.648601688447425,Gene
SUV420H2,3.661124253540038e-05,0.00015792208457508666,0.0001673656801618303,7,0.21875,2.7916944225539813e-05,4.31348606708411,Gene
FN1,3.6534228689433235e-05,0.00013739113410427987,3.7712752195543984e-05,31,0.96875,2.4287550650011658e-05,3.7606140606443788,Gene
ADC,3.616821216212429e-05,0.00012334629842488168,8.90294453221521e-05,13,0.40625,2.180475101262335e-05,3.410350997499709,Gene
STXBP4,3.591561701643542e-05,0.00014365132689072508,6.0489460238207025e-05,19,0.59375,2.5394206842719288e-05,3.999689795806334,Gene
HLCS,3.58254241348277e-05,0.00020193340505088154,0.00012737928581272071,9,0.28125,3.569712001489204e-05,5.636594958120033,Gene
IFIT1,3.569360907818009e-05,0.00012481681564844167,4.966067350007665e-05,23,0.71875,2.206470418778107e-05,3.496895351071226,Gene
NAPSA,3.5681630187411884e-05,0.00014589700639964912,7.136326037482377e-05,16,0.5,2.579119064500225e-05,4.088854843048066,Gene
NDUFAF4,3.5671283825422506e-05,0.00019709109183028062,0.0001037710074921382,11,0.34375,3.4841111886162994e-05,5.525203208128329,Gene
ERCC4,3.5520505441866135e-05,0.0001624070877035909,0.00010333237946724694,11,0.34375,2.870978825699187e-05,4.572206551773058,Gene
PBX2,3.548623192273226e-05,0.00019702069939282426,0.00022711188430548645,5,0.15625,3.482866814369558e-05,5.552032118310483,Gene
WDR12,3.5475741128720983e-05,0.0001887748414900577,7.568158107460477e-05,15,0.46875,3.3370992633758854e-05,5.32123742827818,Gene
CLEC4A,3.492696805551532e-05,0.00011386460005183088,6.209238765424945e-05,18,0.5625,2.012860770843593e-05,3.260076851527641,Gene
ZNF81,3.492025759399553e-05,0.00019063202712593414,0.00012416091588976188,9,0.28125,3.369929977302147e-05,5.459067036169657,Gene
KIR3DL2,3.4918210886303314e-05,0.0001966299312893536,0.00012415363870685623,9,0.28125,3.4759589449736705e-05,5.631157103942052,Gene
AAMDC,3.4535754821263254e-05,0.00019536373142009,0.00012279379492004713,9,0.28125,3.453575482126325e-05,5.65685424949238,Gene
MS4A7,3.450334563126489e-05,0.00011800625454995161,3.8072657248292294e-05,29,0.90625,2.0860755703674165e-05,3.4201394789675503,Gene
ITSN1,3.406366931812954e-05,0.0001740618794829714,0.00018167290303002423,6,0.1875,3.077008383212117e-05,5.1098981104284995,Gene
ANK3,3.3539337294996585e-05,0.00012713483873917606,8.943823278665756e-05,12,0.375,2.247447664938239e-05,3.790618688167762,Gene
ATPAF1,3.2821154846374156e-05,0.0001835223248561677,0.00015003956501199615,7,0.21875,3.244247010122916e-05,5.591586454382238,Gene
ATP1A3,3.267869732059836e-05,0.00018479786156523466,0.00014938833060844963,7,0.21875,3.266795526538757e-05,5.654994743280389,Gene
SLC1A3,3.255064158125265e-05,9.078339296631175e-05,4.006232810000326e-05,26,0.8125,1.604838819640054e-05,2.7889893580038656,Gene
ANKAR,3.225306500098668e-05,0.00018245088780998546,0.0001474425828616534,7,0.21875,3.225306500098668e-05,5.65685424949238,Gene
LGMN,3.209465024767155e-05,0.00015837522254080408,4.6683127632976806e-05,22,0.6875,2.7997048457632777e-05,4.934629956040543,Gene
ACSL6,3.15747493004892e-05,0.0001786137547571289,0.0002020783955231309,5,0.15625,3.15747493004892e-05,5.656854249492381,Gene
TMEM241,3.135143373356186e-05,0.00012543986468286297,0.00012540573493424745,8,0.25,2.2174844737093827e-05,4.001088618431475,Gene
PLK2,2.9942222681711428e-05,0.00016937878961628642,0.00019163022516295315,5,0.15625,2.9942222681711424e-05,5.656854249492381,Gene
CCNB2,2.97135511146962e-05,0.00015493749149419448,3.803334542681114e-05,25,0.78125,2.7389337723894482e-05,5.21437141242815,Gene
PRPF19,2.9465854311183648e-05,0.00014228854106128496,0.00011786341724473459,8,0.25,2.5153298067393776e-05,4.828929769305209,Gene
ZNF2,2.9260648879869677e-05,0.0001515010872110563,0.00010403786268398107,9,0.28125,2.6781861531018106e-05,5.177639355608544,Gene
C1QB,2.9226570921636608e-05,0.00010503191551427063,3.0169363532011984e-05,31,0.96875,1.8567194925288327e-05,3.593713261671586,Gene
EXOC6B,2.9171163362207153e-05,0.00013859794156347962,0.00010371969195451432,9,0.28125,2.450088608450832e-05,4.75119692151328,Gene
MMEL1,2.8513448452116563e-05,0.0001585917439826845,0.00010138115005197,9,0.28125,2.803532440258926e-05,5.561998025212982,Gene
SERHL2,2.8491654873619154e-05,0.00016053145856371884,0.0001013036617728681,9,0.28125,2.837822073604321e-05,5.634332553717591,Gene
NMB,2.777185272151428e-05,0.00015150358735308172,9.874436523205077e-05,9,0.28125,2.6782303497863135e-05,5.45529276970834,Gene
PTGR2,2.738177503047723e-05,0.00011013751344867429,0.00012517382871075306,7,0.21875,1.9469745655645542e-05,4.0222926865072095,Gene
ACAP3,2.706827854126459e-05,0.00010839452441032156,8.661849133204669e-05,10,0.3125,1.916162581350728e-05,4.00448533308382,Gene
HARBI1,2.693714720614082e-05,0.0001490605223972445,8.619887105965063e-05,10,0.3125,2.635042654857521e-05,5.533641749682513,Gene
C6orf203,2.685890270015534e-05,0.0001474850937395173,6.611422203115161e-05,13,0.40625,2.6071927476786576e-05,5.49110644563541,Gene
SLC2A5,2.6691783538979053e-05,0.00015092810697998568,6.570285178825613e-05,13,0.40625,2.668057197929914e-05,5.65447815653006,Gene
FBXL17,2.6304583556679972e-05,0.00012299593048289102,0.00010521833422671989,8,0.25,2.1742814125700356e-05,4.675836445685017,Gene
SULT1A2,2.6092577826375418e-05,0.0001462629747322816,9.277361004933482e-05,9,0.28125,2.5855885317428243e-05,5.605539464346568,Gene
C1orf109,2.5807294605328934e-05,0.00012747498967252333,0.00027527780912350863,3,0.09375,2.2534607407281588e-05,4.939494496497943,Gene
SLC9B2,2.5409094405404176e-05,0.00012955722993143414,9.03434467747704e-05,9,0.28125,2.2902698959065456e-05,5.098852712510645,Gene
CCNB1,2.5338616264747316e-05,0.0001132322174656147,5.067723252949463e-05,16,0.5,2.0016817204681494e-05,4.468760893748982,Gene
ZNF649,2.5241241019102745e-05,0.00014278602152137276,0.00020192992815282196,4,0.125,2.5241241019102748e-05,5.6568542494923815,Gene
HIST1H2BG,2.4817753001116216e-05,0.00014039041152721655,0.00013236134933928648,6,0.1875,2.4817753001116216e-05,5.656854249492381,Gene
DOCK9,2.4525367820160682e-05,0.00013434883156692465,0.00019620294256128545,4,0.125,2.3749742461365428e-05,5.477953788586419,Gene
PRC1,2.417076075289515e-05,0.00012831661339338332,3.683163543298308e-05,21,0.65625,2.2683386867338477e-05,5.308753609586479,Gene
NREP,2.4102323187946695e-05,0.00012171058076386747,4.059338642180496e-05,19,0.59375,2.1515594250070914e-05,5.049744782475309,Gene
ADAMTSL3,2.377059809077764e-05,0.00012534412234342844,6.338826157540704e-05,12,0.375,2.215791972272862e-05,5.273073982604528,Gene
CDK19,2.3475079387935693e-05,0.00011788254124719163,8.346694893488247e-05,9,0.28125,2.0838886074848022e-05,5.021603518315418,Gene
PARP2,2.290009256000758e-05,0.00011376396159817172,4.07112756622357e-05,18,0.5625,2.01108171751783e-05,4.967838505458603,Gene
LIN37,2.256081825180445e-05,0.00012762326059974523,0.0007219461840577424,1,0.03125,2.2560818251804445e-05,5.65685424949238,Gene
TMEM97,2.245941686851438e-05,0.00010344639635203749,6.53364854356782e-05,11,0.34375,1.828691208745926e-05,4.605925298846824,Gene
OSM,2.244204489443291e-05,0.00012088029748435191,5.129610261584665e-05,14,0.4375,2.1368819515758097e-05,5.386331684700359,Gene
NINJ2,2.2367152268998325e-05,0.0001265277203619263,8.94686090759933e-05,8,0.25,2.2367152268998325e-05,5.656854249492381,Gene
YAE1D1,2.2344929050177598e-05,0.00012564318036900718,0.00010214824708652616,7,0.21875,2.221078621219237e-05,5.622894576521762,Gene
TMOD2,2.230925161583741e-05,0.00012591973877426594,7.138960517067971e-05,10,0.3125,2.225967529313052e-05,5.644283409528408,Gene
SPP1,2.211576104649282e-05,8.817408539188882e-05,2.359014511625901e-05,30,0.9375,1.558712342638157e-05,3.9869342595321497,Gene
RFX2,2.202483116775511e-05,0.00010078964385541899,7.831051081868484e-05,9,0.28125,1.781726016088595e-05,4.576182359253563,Gene
IL7,2.194475686678743e-05,8.670925223381344e-05,4.130777763159987e-05,17,0.53125,1.5328175061536068e-05,3.95125144289225,Gene
LPP,2.1875490574529977e-05,0.00010277798690929364,0.0001750039245962398,4,0.125,1.8168752875065933e-05,4.698316893014499,Gene
ST7,2.1713081252983102e-05,5.9549586068049466e-05,3.3086600004545676e-05,21,0.65625,1.0526979031392432e-05,2.742567274272421,Gene
SLC2A9,2.1169010052446424e-05,0.00010277856131334503,4.516055477855237e-05,15,0.46875,1.8168854416315903e-05,4.855142543685801,Gene
WDYHV1,2.0880689930891094e-05,8.098111565562367e-05,3.037191262675068e-05,22,0.6875,1.4315574007035896e-05,3.8782777735624254,Gene
MAP3K6,2.0679971157733235e-05,0.0001137138705505851,7.352878633860705e-05,9,0.28125,2.010196224532199e-05,5.498744156036311,Gene
WDR3,2.0579257977715315e-05,0.0001064068532030452,5.065663502206847e-05,13,0.40625,1.881025186614869e-05,5.170587458414201,Gene
CYP2D6,2.0422826082722167e-05,0.00010905437267108135,0.00013070608692942188,5,0.15625,1.927827160844163e-05,5.3398277118631485,Gene
DPH2,2.040559903804251e-05,0.0001036631099311447,6.529791692173603e-05,10,0.3125,1.832522199779974e-05,5.080130690497436,Gene
COBLL1,2.0361450861372532e-05,8.60853861235192e-05,3.429296987178532e-05,19,0.59375,1.5217890072250685e-05,4.227861104280676,Gene
HIST1H2BF,2.029771636458122e-05,0.0001131005165856919,4.33017949111066e-05,15,0.46875,1.9993535558361083e-05,5.572080846643823,Gene
TAPT1,1.994219184009438e-05,0.0001127307027676814,7.090557098700224e-05,9,0.28125,1.992816109373815e-05,5.652874251316392,Gene
NR1H3,1.956679456149857e-05,0.00010718544669077859,2.8460792089452465e-05,22,0.6875,1.894788904988968e-05,5.477925694670836,Gene
C3orf14,1.9563925599541676e-05,8.538585602738248e-05,2.9811696151682554e-05,21,0.65625,1.5094229453595098e-05,4.364454137434606,Gene
NLE1,1.952567117768922e-05,8.286775707489079e-05,6.942460863178389e-05,9,0.28125,1.4649088242343694e-05,4.244041411983762,Gene
BTBD2,1.9399396478547715e-05,0.00010973955840726016,0.0006207806873135269,1,0.03125,1.9399396478547715e-05,5.656854249492381,Gene
FUT10,1.9321685570616864e-05,0.00010105777163072361,4.1219595883982646e-05,15,0.46875,1.786465890292154e-05,5.2302772064775525,Gene
ZNF510,1.9303886801935732e-05,0.00010919927408725002,6.863604196243816e-05,9,0.28125,1.930388680193573e-05,5.65685424949238,Gene
PTPRM,1.9276911492838167e-05,7.870676386407615e-05,3.8553822985676334e-05,16,0.5,1.3913521613384139e-05,4.082955088179846,Gene
C1orf54,1.915027517518375e-05,6.726702942086138e-05,2.664386111329913e-05,23,0.71875,1.189124316344152e-05,3.5125881380561386,Gene
ZNF688,1.9124941900372505e-05,0.00010818700886041708,0.0006119981408119202,1,0.03125,1.9124941900372502e-05,5.65685424949238,Gene
ZNF839,1.89520615094807e-05,0.00010720904968654687,8.663799547191177e-05,7,0.21875,1.8952061509480697e-05,5.65685424949238,Gene
SLC2A11,1.87539953913074e-05,0.00010608861852427777,7.50159815652296e-05,8,0.25,1.8753995391307395e-05,5.65685424949238,Gene
C11orf1,1.875226995906587e-05,7.625386737749099e-05,3.0003631934505393e-05,20,0.625,1.3479906678580884e-05,4.066380632528475,Gene
ZRANB3,1.8653641745913774e-05,8.395736204993174e-05,7.46145669836551e-05,8,0.25,1.4841705009010207e-05,4.500856357891791,Gene
PRSS23,1.8312164058897906e-05,9.998995239191173e-05,4.507609614497946e-05,13,0.40625,1.7675893346710208e-05,5.460302347134471,Gene
SLC37A3,1.8300272927262995e-05,9.633203830623679e-05,9.76014556120693e-05,6,0.1875,1.7029259382965572e-05,5.263967301969867,Gene
CCND1,1.8272240708938625e-05,9.812302541129385e-05,0.000146177925671509,4,0.125,1.734586416471645e-05,5.370059806802616,Gene
FCGR1B,1.8150381748682776e-05,5.437796984201964e-05,2.074329342706603e-05,28,0.875,9.612757805612414e-06,2.995968382095655,Gene
TESK1,1.789147427189164e-05,0.0001012094622646338,0.00011450543534010648,5,0.15625,1.7891474271891635e-05,5.65685424949238,Gene
DPY19L3,1.7805395819081582e-05,0.00010019235939656114,8.139609517294437e-05,7,0.21875,1.771167418809702e-05,5.627078466247157,Gene
EHBP1,1.7793404300192606e-05,9.740856233558975e-05,5.17626306914694e-05,11,0.34375,1.721956374328201e-05,5.474419660915329,Gene
ANKRD37,1.748562425518685e-05,9.403874537433224e-05,0.0002797699880829896,2,0.0625,1.662385863711635e-05,5.378060514278582,Gene
STX2,1.7388957985531306e-05,6.912048435516923e-05,6.182740617077798e-05,9,0.28125,1.2218890801609706e-05,3.974964136015612,Gene
MPP5,1.7354386626422524e-05,9.765827976647834e-05,5.5534037204552075e-05,10,0.3125,1.7263707965472458e-05,5.6272965371067025,Gene
CACYBP,1.6903586583794095e-05,9.562112559819813e-05,0.000540914770681411,1,0.03125,1.6903586583794115e-05,5.656854249492387,Gene
GPR141,1.6711327544882693e-05,5.309666854605233e-05,2.5464880068392675e-05,21,0.65625,9.386253596832015e-06,3.1772860895370023,Gene
DTD2,1.666442858549999e-05,6.596041848165791e-05,6.665771434199996e-05,8,0.25,1.1660264799570695e-05,3.9581566294479016,Gene
SLC37A2,1.6585338130425953e-05,6.673706308926823e-05,1.712034903785905e-05,31,0.96875,1.1797557466724001e-05,4.023859059396473,Gene
C9orf91,1.658373978674632e-05,8.86722144833959e-05,4.824360665235293e-05,11,0.34375,1.5675181041009307e-05,5.346937157942051,Gene
DDX51,1.650598642299883e-05,9.337195943900447e-05,0.00013204789138399065,4,0.125,1.650598642299883e-05,5.65685424949238,Gene
RBM43,1.6433012206107378e-05,9.295915493007867e-05,0.0005258563905954361,1,0.03125,1.6433012206107375e-05,5.65685424949238,Gene
CSNK1A1L,1.6413021597827537e-05,9.13794577886938e-05,6.565208639131015e-05,8,0.25,1.6153758565883816e-05,5.567497565517673,Gene
PTPRO,1.6403053647806587e-05,6.237574684017554e-05,2.624488583649054e-05,20,0.625,1.1026578393065872e-05,3.802691143945409,Gene
SLC9A7,1.6136633576024906e-05,7.943559507662331e-05,5.737469715919966e-05,9,0.28125,1.4042361986567268e-05,4.922686922422605,Gene
GCSH,1.598838591121421e-05,8.880125971585972e-05,8.527139152647578e-05,6,0.1875,1.5697993230748047e-05,5.554110352914034,Gene
BRCA1,1.5693377301673195e-05,7.221563267508085e-05,5.579867485039358e-05,9,0.28125,1.276604089305662e-05,4.601662936338207,Gene
INSL3,1.557433289178789e-05,7.198213475381012e-05,4.153155437810104e-05,12,0.375,1.2724763902175747e-05,4.6218438538555455,Gene
KIAA0753,1.556682946102228e-05,8.80592853877071e-05,0.0002490692713763565,2,0.0625,1.5566829461022284e-05,5.656854249492382,Gene
FSIP2,1.5561070654257492e-05,7.767839801401316e-05,7.113632299089139e-05,7,0.21875,1.3731730496854087e-05,4.9918414831411635,Gene
PPM1N,1.5456975688721286e-05,6.411866729292094e-05,4.1218601836590096e-05,12,0.375,1.1334686110867121e-05,4.148202635765761,Gene
EZH1,1.5066386925610686e-05,4.5505901997856146e-05,6.887491165993456e-05,7,0.21875,8.044382971673635e-06,3.02035930860787,Gene
ZBED2,1.4974164002978796e-05,8.091613945089916e-05,4.7917324809532144e-05,10,0.3125,1.430408772829178e-05,5.403716657223908,Gene
MMP9,1.4627227260533004e-05,7.82244968745962e-05,1.8722850893482245e-05,25,0.78125,1.3828268048733216e-05,5.347869112942583,Gene
ACSF2,1.4173524647276281e-05,5.729872979754389e-05,5.039475430142678e-05,9,0.28125,1.0129080098304744e-05,4.042659198998533,Gene
IDNK,1.4158923452356476e-05,7.643563023082056e-05,5.034283894171191e-05,9,0.28125,1.3512038115120171e-05,5.3984069119392935,Gene
GEN1,1.3945249065727694e-05,4.750780963020874e-05,3.4326766931022015e-05,13,0.40625,8.398273587210041e-06,3.406737979816044,Gene
ZNF93,1.3860820974542776e-05,7.400314300964172e-05,0.0001478487570617896,3,0.09375,1.3082031062808876e-05,5.339015859562593,Gene
TCTN1,1.3691405939653123e-05,5.9307917361204476e-05,3.3701922312992305e-05,13,0.40625,1.0484257636039764e-05,4.331762393330006,Gene
SLC46A1,1.3616174783237511e-05,5.10370241363908e-05,2.7232349566475023e-05,16,0.5,9.022156464605858e-06,3.7482644684629816,Gene
CHI3L2,1.3557453257817542e-05,5.729750336176683e-05,3.943986402274194e-05,11,0.34375,1.0128863293041081e-05,4.226273347372801,Gene
ARHGAP21,1.3358587580114545e-05,7.281708600360523e-05,4.7497200284851715e-05,9,0.28125,1.2872363824848324e-05,5.450956964342547,Gene
SLC4A8,1.3283407625408472e-05,7.152450455018591e-05,6.072414914472445e-05,7,0.21875,1.2643865547111132e-05,5.384499713264388,Gene
C1orf186,1.2743802429326934e-05,4.040316237518825e-05,5.0975209717307735e-05,8,0.25,7.142337524219196e-06,3.1704165690931974,Gene
NEIL1,1.2605289668954356e-05,4.622698384672279e-05,2.372760408273761e-05,17,0.53125,8.171853437954669e-06,3.6672686674210673,Gene
GPR84,1.2246874239174588e-05,6.799477253047027e-05,1.26419346985028e-05,31,0.96875,1.2019891185383078e-05,5.552010349953015,Gene
THBS1,1.215757856698474e-05,6.877364998018511e-05,7.780850282870233e-05,5,0.15625,1.215757856698474e-05,5.656854249492381,Gene
SENP2,1.2149763108482148e-05,6.652871984944421e-05,0.00019439620973571436,2,0.0625,1.1760727237300517e-05,5.475721563904265,Gene
GALK2,1.2072700116050328e-05,6.236596971502783e-05,3.8632640371361046e-05,10,0.3125,1.1024850025192757e-05,5.16586754541463,Gene
METTL18,1.2020847634630627e-05,5.6176213166292186e-05,3.205559369234834e-05,12,0.375,9.930645317816554e-06,4.673232277269302,Gene
MYB,1.2009133115498116e-05,6.700256037485403e-05,5.4898894242277106e-05,7,0.21875,1.1844491199480086e-05,5.579300331710487,Gene
METTL1,1.1467168306467102e-05,5.804242070514528e-05,2.4463292387129817e-05,15,0.46875,1.0260547319272674e-05,5.061617581073723,Gene
AURKB,1.1397014864300559e-05,5.3281255730149554e-05,1.5856716332939907e-05,23,0.71875,9.418884309230835e-06,4.675018534637969,Gene
AUTS2,1.129686620515713e-05,5.299342465470064e-05,0.00018074985928251408,2,0.0625,9.368002482909299e-06,4.690984534322325,Gene
CHCHD10,1.1186784831807017e-05,4.404128987972193e-05,1.7046529267515454e-05,21,0.65625,7.78547368153846e-06,3.9369032784559135,Gene
SAP30L,1.1025083736626584e-05,6.145613440130064e-05,2.940022329767089e-05,12,0.375,1.0864012345167885e-05,5.574210216393764,Gene
TNF,1.099859657927027e-05,4.538656231113155e-05,8.798877263416216e-05,4,0.125,8.023286496236725e-06,4.12657760324389,Gene
PTP4A3,1.0951516001611594e-05,6.18501515264698e-05,4.380606400644638e-05,8,0.25,1.093366539044557e-05,5.647633762975656,Gene
FBF1,1.0890504199778661e-05,6.160599496163254e-05,4.9785162056131025e-05,7,0.21875,1.0890504199778661e-05,5.656854249492381,Gene
EGLN3,1.0775870293855405e-05,4.553125937986888e-05,2.46305606716695e-05,14,0.4375,8.04886556586722e-06,4.225297645409821,Gene
RHEBL1,1.0635871404929276e-05,5.783758418533656e-05,3.781643166197076e-05,9,0.28125,1.0224336996224824e-05,5.4379732495196675,Gene
KIAA1009,1.0568586485959486e-05,4.205841221455207e-05,3.0744978868245774e-05,11,0.34375,7.434947120712222e-06,3.979568343451346,Gene
MORC2,1.0503719721555171e-05,5.9010589870109984e-05,6.722380621795309e-05,5,0.15625,1.0431697064743238e-05,5.618065926588998,Gene
DLEC1,1.0495164325163842e-05,3.4789894625538935e-05,2.0990328650327683e-05,16,0.5,6.150042601621001e-06,3.3148499201793893,Gene
IGSF6,1.0396705832249609e-05,3.046757465988544e-05,4.7527798090283924e-05,7,0.21875,5.385957162078103e-06,2.9305027141748954,Gene
WDR74,1.0330798431823496e-05,5.843982100970996e-05,0.00011019518327278395,3,0.09375,1.0330798431823496e-05,5.65685424949238,Gene
SSX2IP,9.932648936228361e-06,5.618754734361937e-05,7.946119148982689e-05,4,0.125,9.93264893622836e-06,5.65685424949238,Gene
MPZL1,9.728575889766944e-06,4.7129872991440383e-05,2.3947263728657093e-05,13,0.40625,8.331463197177053e-06,4.844478115344117,Gene
NR3C1,9.678381502453703e-06,5.4749193530363705e-05,5.161803467975309e-05,6,0.1875,9.678381502453707e-06,5.656854249492383,Gene
TPM1,9.513060831523035e-06,5.38139985904806e-05,1.691210814492984e-05,18,0.5625,9.513060831523035e-06,5.656854249492381,Gene
RP11-849H4.2,9.470857193605298e-06,3.892111680886113e-05,3.788342877442119e-05,8,0.25,6.880346406724855e-06,4.109566432396488,Gene
CPD,9.470268647504554e-06,5.350812087443097e-05,5.050809945335762e-05,6,0.1875,9.458988779714898e-06,5.650116471461508,Gene
DAB2,9.178175547575051e-06,3.696833184712779e-05,9.474245726529085e-06,31,0.96875,6.535139534564666e-06,4.02785190319171,Gene
AL022328.1,8.873383589680373e-06,4.981768445570518e-05,1.6702839698221878e-05,17,0.53125,8.806605625410197e-06,5.614282753835019,Gene
LY6G5C,8.673869480446683e-06,4.836008507761373e-05,2.135106333648414e-05,13,0.40625,8.548936024284757e-06,5.575376155547512,Gene
SPRED2,8.64846644788031e-06,3.097808131886877e-05,1.4565838228008943e-05,19,0.59375,5.476202842180103e-06,3.5819161125914203,Gene
ZFP14,8.610027180111501e-06,4.8705668842058644e-05,3.936012425193829e-05,7,0.21875,8.610027180111501e-06,5.656854249492381,Gene
TCTEX1D2,8.47474927923031e-06,4.487177986079127e-05,4.519866282256165e-05,6,0.1875,7.932284955868866e-06,5.294761931277641,Gene
MKS1,8.287444671850608e-06,4.2041678224198624e-05,3.314977868740243e-05,8,0.25,7.431988941198414e-06,5.0729362172393975,Gene
DROSHA,8.219812116294634e-06,4.649827910009027e-05,0.0002630339877214283,1,0.03125,8.219812116294635e-06,5.656854249492382,Gene
PLEKHB1,7.991679012775421e-06,4.520776338399771e-05,4.262228806813558e-05,6,0.1875,7.99167901277542e-06,5.65685424949238,Gene
IGLL5,7.849911362711737e-06,1.9416723954181656e-05,1.0466548483615648e-05,24,0.75,3.4324242941072807e-06,2.4734959488095654,Gene
FCGR1A,7.832326669898748e-06,2.7893823541210587e-05,7.832326669898748e-06,32,1.0,4.93097794480274e-06,3.561371316190414,Gene
ERCC2,7.817751793481875e-06,4.4223882454434626e-05,8.338935246380667e-05,3,0.09375,7.817751793481875e-06,5.656854249492381,Gene
CCL2,7.708624252700247e-06,4.360656386162741e-05,7.957289551174448e-06,31,0.96875,7.708624252700245e-06,5.65685424949238,Gene
FNTB,7.681968781980686e-06,4.345577774881523e-05,4.097050017056366e-05,6,0.1875,7.681968781980683e-06,5.656854249492378,Gene
FMR1,7.617174340168731e-06,2.1533908771807747e-05,1.624997192569329e-05,15,0.46875,3.806693229499434e-06,2.82702059978461,Gene
CARF,7.373521590636756e-06,4.119706906432531e-05,3.370752727148231e-05,7,0.21875,7.28268172509874e-06,5.58716327848545,Gene
SULT1B1,7.091614634191501e-06,2.8971840049683506e-05,3.2418809756304e-05,7,0.21875,5.121546140645802e-06,4.085365822051119,Gene
ARMC2,6.966985175438367e-06,3.885114488144707e-05,2.2294352561402775e-05,10,0.3125,6.867977000633061e-06,5.576464410806289,Gene
SMIM4,6.890052702601679e-06,2.68261576048927e-05,1.8373473873604478e-05,12,0.375,4.7422394888996745e-06,3.8934618881453784,Gene
MS4A4A,6.852354985653619e-06,1.7520757025171518e-05,7.309178651363861e-06,30,0.9375,3.0972615260051554e-06,2.5568957040103317,Gene
PRKCZ,6.596698682415081e-06,3.661017813378225e-05,5.277358945932065e-05,4,0.125,6.471826304711222e-06,5.549772681201061,Gene
CLMN,6.4095696643562405e-06,2.3356690246797864e-05,1.2819139328712481e-05,16,0.5,4.128918514896116e-06,3.644034072472125,Gene
GAPT,6.318924704373785e-06,2.4416203780738426e-05,2.246728783777346e-05,9,0.28125,4.31621581604819e-06,3.863980807341826,Gene
VPS37C,6.292071702773683e-06,3.357280560267271e-05,8.053851779550314e-06,25,0.78125,5.934889626276897e-06,5.335731566420815,Gene
LMO7,6.242282694302048e-06,3.266286336433062e-05,3.3292174369610926e-05,6,0.1875,5.7740330444719576e-06,5.232519090195204,Gene
DCP2,6.145945363300598e-06,3.386564289046418e-05,2.458378145320239e-05,8,0.25,5.986656434272303e-06,5.510241450027647,Gene
DHX58,6.066514899316644e-06,3.3347569361719024e-05,3.235474612968877e-05,6,0.1875,5.895073107940067e-06,5.496989608560168,Gene
MCAT,6.062070042389678e-06,3.4292246680012506e-05,1.7635112850588154e-05,11,0.34375,6.062070042389678e-06,5.656854249492381,Gene
OXSM,6.015107516077478e-06,1.4183327753661552e-05,2.7497634359211327e-05,7,0.21875,2.5072818086013614e-06,2.3579508289339217,Gene
KAT2A,5.994170805934118e-06,3.3908150595731585e-05,4.7953366447472945e-05,4,0.125,5.994170805934118e-06,5.656854249492381,Gene
DMXL2,5.6443748235324165e-06,2.563948913443691e-05,2.0068888261448592e-05,9,0.28125,4.532464158279785e-06,4.542485206251941,Gene
QTRTD1,5.423408280691433e-06,3.0532895453131076e-05,2.4792723568875124e-05,7,0.21875,5.397504356042222e-06,5.629835312571824,Gene
FRS2,5.420176847792391e-06,2.91643192683228e-05,3.46891318258713e-05,5,0.15625,5.155571980830135e-06,5.380695148388243,Gene
STK36,5.370175308883063e-06,2.978555807424191e-05,1.9093956653806446e-05,9,0.28125,5.265392523930544e-06,5.54647778909046,Gene
CDC20,5.270481153729634e-06,2.5934810628740412e-05,7.027308204972845e-06,24,0.75,4.584670116092823e-06,4.920767169499839,Gene
ZNF181,5.235450785789908e-06,2.835834835396932e-05,2.3933489306468152e-05,7,0.21875,5.013095106085518e-06,5.416601074914069,Gene
TOMM40L,5.155675523837999e-06,2.4617107676224624e-05,1.8331290751423996e-05,9,0.28125,4.351730942764461e-06,4.774758916150546,Gene
SPTBN5,5.108864570502192e-06,2.8900102255726386e-05,2.3354809465152876e-05,7,0.21875,5.108864570502191e-06,5.65685424949238,Gene
REXO1,5.108691219390948e-06,1.7579595531041828e-05,1.486164718368276e-05,11,0.34375,3.1076628026291006e-06,3.4411153025485937,Gene
DFNA5,5.0219505283166654e-06,2.8408442186848633e-05,1.3391868075511107e-05,12,0.375,5.0219505283166654e-06,5.656854249492381,Gene
PIGN,4.946879926137626e-06,2.575051848230807e-05,2.638335960606734e-05,6,0.1875,4.55209155947739e-06,5.2054060067743135,Gene
TBC1D8B,4.9068098064708465e-06,2.2990316999135565e-05,1.74464348674519e-05,9,0.28125,4.064152262929279e-06,4.685389877719965,Gene
KRBA1,4.888912144451751e-06,2.4000345294554353e-05,1.9555648577807005e-05,8,0.25,4.242701727149507e-06,4.9091381856373655,Gene
ADM,4.740320318052937e-06,2.4877475537622395e-05,9.480640636105875e-06,16,0.5,4.397757912863811e-06,5.2480579092681845,Gene
CLYBL,4.72679903396056e-06,2.6738813201756287e-05,3.0251513817347585e-05,5,0.15625,4.726799033960562e-06,5.656854249492383,Gene
SPATA33,4.714248062143156e-06,2.6536374389782375e-05,1.371417618078009e-05,11,0.34375,4.691012569780037e-06,5.628972858445342,Gene
LTA,4.706072559201857e-06,2.6621566554940516e-05,5.019810729815314e-05,3,0.09375,4.706072559201859e-06,5.656854249492382,Gene
MLH3,4.4811727306637295e-06,1.737183628237907e-05,1.5933058597915482e-05,9,0.28125,3.070935809233186e-06,3.8766272416832366,Gene
PAFAH1B1,4.469345185498241e-06,1.4788326384514906e-05,1.5891005103993746e-05,9,0.28125,2.6142314672226073e-06,3.308835135961043,Gene
FBXW4,4.411344491472846e-06,1.749551883610387e-05,2.8232604745426215e-05,5,0.15625,3.0928000023465047e-06,3.9660286948622594,Gene
ZNF345,4.2613323785190005e-06,1.7261517310049963e-05,6.818131805630401e-06,20,0.625,3.051433985876325e-06,4.05073244158652,Gene
ZNF561,4.215625665437983e-06,1.823073413002401e-05,1.1241668441167954e-05,12,0.375,3.2227689323372528e-06,4.324561898246705,Gene
USP54,4.193255374929095e-06,2.2833556680106996e-05,1.916916742824729e-05,7,0.21875,4.036440691777762e-06,5.445305529595392,Gene
KCTD6,4.175305548415054e-06,2.3619094934480807e-05,4.453659251642724e-05,3,0.09375,4.175305548415053e-06,5.65685424949238,Gene
ZNF677,4.058462309330935e-06,2.295812976094336e-05,1.0822566158215826e-05,12,0.375,4.058462309330935e-06,5.6568542494923815,Gene
PDZD2,4.053457814734429e-06,2.2929820064418553e-05,1.4412294452389082e-05,9,0.28125,4.053457814734429e-06,5.656854249492381,Gene
CTSK,4.013996658613905e-06,2.2706594055728284e-05,1.2844789307564496e-05,10,0.3125,4.0139966586139045e-06,5.65685424949238,Gene
FAM212B,3.9636438486923e-06,2.2421755548949368e-05,1.409295590646151e-05,9,0.28125,3.963643848692299e-06,5.65685424949238,Gene
CCDC142,3.894500572698689e-06,2.0779017888268244e-05,1.7803431189479723e-05,7,0.21875,3.6732461137977624e-06,5.335476911708207,Gene
CRLS1,3.8138694051781385e-06,1.2433743076407973e-05,1.3560424551744492e-05,9,0.28125,2.1979960112148406e-06,3.260138655908491,Gene
NSMCE4A,3.8019934862632e-06,1.865010307134119e-05,4.055459718680746e-05,3,0.09375,3.2969035878933527e-06,4.905348506967458,Gene
MECR,3.7882011838519247e-06,2.142930196480482e-05,1.0101869823605133e-05,12,0.375,3.7882011838519235e-06,5.656854249492379,Gene
FCGR2B,3.743378250931073e-06,1.1343529046091637e-05,1.3309789336643815e-05,9,0.28125,2.005271577769491e-06,3.0302919677620643,Gene
PLAU,3.718710559041938e-06,1.2892728637311155e-05,4.407360662568223e-06,27,0.84375,2.2791339618601782e-06,3.4669890093927465,Gene
S1PR5,3.4966493842603086e-06,1.0241317940540661e-05,1.5984682899475695e-05,7,0.21875,1.8104263410109371e-06,2.928894726088512,Gene
NT5C3B,3.3821374927356374e-06,1.913225884814909e-05,2.70570999418851e-05,4,0.125,3.3821374927356365e-06,5.656854249492379,Gene
THBS3,3.2697917049517855e-06,1.8496735101111442e-05,2.6158333639614284e-05,4,0.125,3.269791704951785e-06,5.65685424949238,Gene
C1QC,3.2376856307081425e-06,1.5196411945453575e-05,3.837257043802243e-06,27,0.84375,2.6863714840836192e-06,4.693603295305059,Gene
KLRC2,3.071121227549156e-06,1.2832465132420024e-05,1.63793132135955e-05,6,0.1875,2.2684807786185313e-06,4.178430020055152,Gene
PLCD1,2.9713940534747962e-06,7.228167324146484e-06,1.358351567302764e-05,7,0.21875,1.27777153261375e-06,2.4325845694191077,Gene
SH2D1B,2.940018049457649e-06,1.6266732457336052e-05,2.352014439566119e-05,4,0.125,2.8755792070824084e-06,5.5328682285936335,Gene
ASB1,2.921643499576021e-06,1.652731144607839e-05,4.6746295993216336e-05,2,0.0625,2.9216434995760184e-06,5.656854249492375,Gene
CLEC4E,2.8738267268124673e-06,1.3363918075686406e-05,2.8738267268124673e-06,32,1.0,2.3624292736348336e-06,4.650217061106229,Gene
EIF2S1,2.796459966702969e-06,1.581916644617901e-05,8.9486718934495e-05,1,0.03125,2.796459966702969e-06,5.656854249492381,Gene
DPY19L4,2.743601783095073e-06,1.4426047984763754e-05,1.0974407132380293e-05,8,0.25,2.5501890889372445e-06,5.258069182507108,Gene
SYNGAP1,2.6417829701586015e-06,9.60186536729852e-06,1.2076722149296465e-05,7,0.21875,1.6973860283142608e-06,3.634615513749816,Gene
WDR90,2.453500536958586e-06,9.007006489030544e-06,1.1216002454667822e-05,7,0.21875,1.5922288416461835e-06,3.6710839689466015,Gene
TMSB15B,2.3317498829555916e-06,1.2272105510136662e-05,1.0659428036368418e-05,7,0.21875,2.1694222564136072e-06,5.2630454063028616,Gene
CDKL3,2.3041697119197124e-06,9.21852551228786e-06,8.192603420158977e-06,9,0.28125,1.6296204755699842e-06,4.000801444702383,Gene
PFKFB4,2.2824030221357816e-06,1.1569143327448858e-05,3.6518448354172506e-06,20,0.625,2.0451549248395463e-06,5.0688433266369035,Gene
CEP41,2.2728198700860958e-06,1.187275462457677e-05,1.212170597379251e-05,6,0.1875,2.098826326600544e-06,5.223799202409746,Gene
CDK16,2.2525066469825106e-06,1.2742101797992862e-05,3.604010635172017e-05,2,0.0625,2.252506646982513e-06,5.656854249492387,Gene
PACS1,2.1824712348461617e-06,1.2345921679234391e-05,2.327969317169239e-05,3,0.09375,2.1824712348461613e-06,5.65685424949238,Gene
KLRB1,2.1412717359226008e-06,1.1385667056530269e-05,1.7130173887380806e-05,4,0.125,2.012720596001208e-06,5.31724529190807,Gene
APOE,2.1339248030827207e-06,1.2022782866394862e-05,2.6263689884095024e-06,26,0.8125,2.125347823390311e-06,5.6341174014316024,Gene
EPB41L5,2.1269484733466015e-06,7.139276682699064e-06,8.507793893386406e-06,8,0.25,1.2620577387758768e-06,3.3565818693604372,Gene
DPH6,2.1151827667154066e-06,1.0619344431219754e-05,1.1280974755815501e-05,6,0.1875,1.8772526147677721e-06,5.020532787202197,Gene
IL11RA,2.054383969607443e-06,8.218857713250554e-06,6.574028702743817e-06,10,0.3125,1.4529025056617068e-06,4.0006434215026685,Gene
GHDC,2.0423858586582355e-06,1.1553479123653984e-05,1.089272457951059e-05,6,0.1875,2.0423858586582355e-06,5.656854249492381,Gene
GTF2IRD2,1.9834711793009774e-06,8.855018790366709e-06,1.057851295627188e-05,6,0.1875,1.5653609585506497e-06,4.464405070653675,Gene
RAPH1,1.9182196382416805e-06,8.866315350284685e-06,4.092201894915585e-06,15,0.46875,1.5673579270811699e-06,4.622158575340161,Gene
LILRA4,1.914480563414145e-06,7.2652800585972955e-06,6.8070420032502925e-06,9,0.28125,1.2843321991633862e-06,3.7949092811059546,Gene
ZNF737,1.8942924953080365e-06,1.0715736551864793e-05,2.0205786616619054e-05,3,0.09375,1.8942924953080367e-06,5.6568542494923815,Gene
KBTBD8,1.7995613177390624e-06,7.5457576118211945e-06,1.4396490541912499e-05,4,0.125,1.3339140941271936e-06,4.193109474758856,Gene
CFD,1.776673535403006e-06,5.417211421005028e-06,2.2741421253158478e-06,25,0.78125,9.576367327284672e-07,3.049075315784581,Gene
PPP2CB,1.769616687852249e-06,1.0010463680649626e-05,3.775182267418131e-06,15,0.46875,1.7696166878522488e-06,5.656854249492381,Gene
CLEC10A,1.749887161395236e-06,7.316700641148188e-06,2.7998194582323775e-06,20,0.625,1.293422159816961e-06,4.181241398053558,Gene
MAPK8,1.6265402553727881e-06,7.539057227790139e-06,7.435612595989889e-06,7,0.21875,1.3327296223809652e-06,4.635026525096519,Gene
MFSD2B,1.4929466942703584e-06,8.445381851748876e-06,1.5924764738883823e-05,3,0.09375,1.492946694270358e-06,5.656854249492379,Gene
NAALADL1,1.4790366691386225e-06,5.5719990308258565e-06,2.958073338277245e-06,16,0.5,9.849995748654585e-07,3.76731635333351,Gene
NDRG2,1.4711754374729935e-06,8.322225025217909e-06,5.230845999903977e-06,9,0.28125,1.4711754374729922e-06,5.656854249492376,Gene
CCDC180,1.4709752065300563e-06,6.902604981113372e-06,1.569040220298727e-05,3,0.09375,1.2202196974993265e-06,4.692536591011761,Gene
ZNF681,1.4312015670370215e-06,6.111900279859585e-06,9.159690029036937e-06,5,0.15625,1.0804415334561675e-06,4.270467850669623,Gene
IGFBP7,1.417204352094359e-06,7.428987182047138e-06,3.4885030205399603e-06,13,0.40625,1.3132718034433678e-06,5.242001388909444,Gene
TUBD1,1.4007430308993207e-06,7.923799166789657e-06,1.1205944247194566e-05,4,0.125,1.4007430308993203e-06,5.656854249492379,Gene
MIPOL1,1.3865603136764548e-06,5.192424216535271e-06,7.394988339607759e-06,6,0.1875,9.17899593577334e-07,3.744823910881738,Gene
TSPAN32,1.3737060555740754e-06,4.602169049804186e-06,6.279799111195773e-06,7,0.21875,8.135562358208474e-07,3.3501847292075357,Gene
ZNF559,1.273471230689438e-06,6.774425603575485e-06,5.093884922757752e-06,8,0.25,1.197560570732999e-06,5.319653432538019,Gene
F13A1,1.2408713612188649e-06,6.992734338068499e-06,1.5272262907309107e-06,26,0.8125,1.2361524673710648e-06,5.6353418707316925,Gene
GRASP,1.225574415286701e-06,6.500287531683319e-06,4.902297661146804e-06,8,0.25,1.14909934832891e-06,5.3038701286553005,Gene
TROAP,1.086587637644243e-06,5.790327902051479e-06,1.7385402202307887e-06,20,0.625,1.023595031208569e-06,5.328910160072406,Gene
RRNAD1,1.0156016898577036e-06,5.276617954618372e-06,1.8055141153025843e-06,18,0.5625,9.327830843603353e-07,5.19555846284352,Gene
DEAF1,1.0108316104151527e-06,3.479376642219851e-06,5.391101922214148e-06,6,0.1875,6.150727045039341e-07,3.44209322934693,Gene
PABPC1L,1.0108267929354042e-06,4.321588701466401e-06,2.4881890287640718e-06,13,0.40625,7.639561690765145e-07,4.275300903843936,Gene
RNF25,9.604219570746864e-07,4.2694844475072156e-06,3.8416878282987454e-06,8,0.25,7.547453512507131e-07,4.4454256965464225,Gene
ZNF816,9.575981394505106e-07,3.7753794913296603e-06,3.4047933847129266e-06,9,0.28125,6.673991099679553e-07,3.9425509885556482,Gene
ERCC6,9.475998581365275e-07,5.360434284317992e-06,4.331885065766983e-06,7,0.21875,9.475998581365274e-07,5.656854249492381,Gene
FAM200B,8.534772177881678e-07,4.82799622628993e-06,2.731127096922137e-05,1,0.03125,8.534772177881676e-07,5.65685424949238,Gene
TMPRSS3,8.420169592682214e-07,4.763167214181093e-06,1.6840339185364428e-06,16,0.5,8.420169592682218e-07,5.656854249492383,Gene
PCCA,8.229918364577316e-07,3.4316075808153974e-06,4.389289794441235e-06,6,0.1875,6.066282476914327e-07,4.169673900515832,Gene
PDSS1,8.165376357283094e-07,4.619034394540147e-06,4.354867390550983e-06,6,0.1875,8.165376357283092e-07,5.656854249492379,Gene
LILRB4,7.92088428624993e-07,4.4807287934410355e-06,2.5346829715999775e-05,1,0.03125,7.920884286249933e-07,5.656854249492383,Gene
ACAD11,7.438149509653158e-07,4.207652766204113e-06,4.7604156861780215e-06,5,0.15625,7.438149509653158e-07,5.656854249492381,Gene
QSER1,7.118795082305951e-07,2.5838067892911207e-06,2.531127140375449e-06,9,0.28125,4.567568254958981e-07,3.629556349659896,Gene
PLA2G6,6.76736192417593e-07,3.828198005862756e-06,3.609259692893829e-06,6,0.1875,6.767361924175933e-07,5.656854249492383,Gene
CRYGS,6.603348197131709e-07,3.7354178309822367e-06,4.226142846164294e-06,5,0.15625,6.603348197131711e-07,5.656854249492382,Gene
EIF5A2,6.196795183655013e-07,2.2243809507307137e-06,2.203304954188449e-06,9,0.28125,3.932187135509668e-07,3.5895666789147005,Gene
SLC25A14,6.166051278455598e-07,1.9453573429197767e-06,2.1923737878953234e-06,9,0.28125,3.438938422524045e-07,3.1549483698212573,Gene
CLECL1,6.091213613501623e-07,3.1703795492154704e-06,1.6243236302670994e-06,12,0.375,5.604492195463521e-07,5.204840529952999,Gene
PLXDC1,6.032285568835505e-07,3.4123760254218714e-06,9.651656910136808e-06,2,0.0625,6.032285568835509e-07,5.656854249492385,Gene
ZC4H2,5.721700517824502e-07,2.7205632786261833e-06,3.0515736095064008e-06,6,0.1875,4.809321857409203e-07,4.754815933044662,Gene
ZFP82,5.442940960165288e-07,3.0789923700247153e-06,5.805803690842974e-06,3,0.09375,5.442940960165289e-07,5.6568542494923815,Gene
AC018867.2,5.101696842757519e-07,2.012287289520298e-06,2.0406787371030077e-06,8,0.25,3.5572549702882505e-07,3.9443490108138928,Gene
ZNF780B,5.064311778824049e-07,1.798626896007858e-06,1.8006441880263285e-06,9,0.28125,3.1795531874791684e-07,3.5515722067678572,Gene
LRRC27,4.853584982811299e-07,2.74560228352885e-06,5.177157314998719e-06,3,0.09375,4.853584982811299e-07,5.6568542494923815,Gene
SLC39A4,4.687525958502192e-07,2.0944394797707538e-06,2.142869009601002e-06,7,0.21875,3.702480897326812e-07,4.468112813267473,Gene
ZBTB16,4.5812357285512917e-07,2.4016499350622993e-06,2.9319908662728265e-06,5,0.15625,4.245557387796958e-07,5.242362710337468,Gene
C2CD2,4.446328887297568e-07,2.5152234460749974e-06,2.032607491336031e-06,7,0.21875,4.4463288872975676e-07,5.65685424949238,Gene
DUS1L,4.4128722365144313e-07,2.2987339084407115e-06,1.5690212396495756e-06,9,0.28125,4.0636258370047083e-07,5.20915581788155,Gene
KIAA0125,4.084537295057089e-07,2.310563215475379e-06,1.0054245649371296e-06,13,0.40625,4.084537295057086e-07,5.656854249492376,Gene
ZNF420,3.934465446775448e-07,1.9657886534281706e-06,1.5737861787101792e-06,8,0.25,3.475056218046578e-07,4.996329692104077,Gene
KRT8,3.906669689968112e-07,2.209946103705919e-06,2.5002686015795915e-06,5,0.15625,3.906669689968111e-07,5.656854249492379,Gene
KMO,3.8485930531351187e-07,2.1770929967194265e-06,4.105165923344127e-06,3,0.09375,3.848593053135121e-07,5.656854249492384,Gene
SUSD1,3.7637252603417437e-07,1.5406949528732597e-06,3.010980208273395e-06,4,0.125,2.723589622291425e-07,4.093537243824661,Gene
FANCM,3.7569282085314626e-07,2.1252395301468993e-06,1.7174528953286687e-06,7,0.21875,3.756928208531461e-07,5.656854249492379,Gene
DNAJC18,3.3884829875319156e-07,1.695710456396378e-06,1.3553931950127662e-06,8,0.25,2.9976209066170356e-07,5.004335163068031,Gene
C1orf112,2.9695286940523147e-07,1.2384845158759192e-06,3.1674972736558025e-06,3,0.09375,2.189351998926002e-07,4.170643369624569,Gene
WBP5,2.898630029335436e-07,1.2438975288541779e-06,6.625440067052426e-07,14,0.4375,2.1989209443849458e-07,4.29132906326567,Gene
CENPJ,2.75512213931961e-07,1.1749040388973977e-06,1.2594844065461075e-06,7,0.21875,2.0769565328695326e-07,4.264435402444792,Gene
ST3GAL6,2.6948299591822433e-07,1.066302542988211e-06,4.790808816323988e-07,18,0.5625,1.8849743973585604e-07,3.956845363674763,Gene
SDC4,2.636232636632485e-07,1.4912783793184982e-06,4.217972218611976e-06,2,0.0625,2.636232636632486e-07,5.656854249492383,Gene
IL2RA,2.5516131074709847e-07,1.0045681740897584e-06,1.6330323887814303e-06,5,0.15625,1.775842420157641e-07,3.936992528955261,Gene
NUDT17,2.2837271274056548e-07,9.202944601780182e-07,9.134908509622619e-07,8,0.25,1.6268661337007243e-07,4.029791690671404,Gene
UBE3D,2.1655699811162776e-07,1.225031375025074e-06,6.929823939572088e-06,1,0.03125,2.165569981116276e-07,5.656854249492376,Gene
PHLDB1,2.1612617473465434e-07,9.045415218932474e-07,1.1526729319181566e-06,6,0.1875,1.599018609988788e-07,4.18524745095676,Gene
CHPT1,2.1422756901756657e-07,1.2118541341554435e-06,1.7138205521405325e-06,4,0.125,2.1422756901756654e-07,5.65685424949238,Gene
KLHL5,2.0378656984121335e-07,1.1527909235957428e-06,8.151462793648534e-07,8,0.25,2.0378656984121322e-07,5.656854249492377,Gene
ZNF519,1.961489175528186e-07,1.1095858377919924e-06,1.0461275602816993e-06,6,0.1875,1.961489175528186e-07,5.656854249492381,Gene
FUOM,1.957211566150363e-07,1.1071660565133308e-06,1.5657692529202905e-06,4,0.125,1.9572115661503612e-07,5.656854249492375,Gene
LRRC23,1.9498941128404113e-07,1.1030266798281456e-06,3.119830580544658e-06,2,0.0625,1.9498941128404113e-07,5.656854249492381,Gene
GFER,1.8796386314079427e-07,1.0632841779590058e-06,8.592633743579167e-07,7,0.21875,1.8796386314079417e-07,5.656854249492378,Gene
ZNF80,1.6387266343897977e-07,8.914728205923592e-07,1.0487850460094704e-06,5,0.15625,1.575916191710889e-07,5.440033754771498,Gene
WDR65,1.3919112262783528e-07,5.493628188995509e-07,7.423526540151215e-07,6,0.1875,9.711454364390741e-08,3.9468236804757972,Gene
RGS18,1.3023019107549771e-07,7.366932097976338e-07,5.209207643019909e-07,8,0.25,1.302301910754977e-07,5.65685424949238,Gene
C17orf67,1.2294342432994654e-07,5.027817856918393e-07,4.917736973197862e-07,8,0.25,8.888010252994526e-08,4.089537837684677,Gene
PDE6B,1.1019195511607904e-07,6.233398295582655e-07,1.1753808545715099e-06,3,0.09375,1.1019195511607907e-07,5.6568542494923815,Gene
HILPDA,1.0386678184204357e-07,5.875592462442621e-07,1.9551394229090554e-07,17,0.53125,1.0386678184204357e-07,5.656854249492381,Gene
BMF,1.0252222182316473e-07,5.799532661877698e-07,1.093570366113757e-06,3,0.09375,1.0252222182316471e-07,5.65685424949238,Gene
CR2,1.0127235583468064e-07,5.728829564595177e-07,1.6203576933548902e-06,2,0.0625,1.0127235583468064e-07,5.656854249492381,Gene
WDR27,8.707676357744276e-08,4.925805600751005e-07,9.288188114927228e-07,3,0.09375,8.707676357744277e-08,5.6568542494923815,Gene
CCDC122,8.493896430650238e-08,4.185125504670016e-07,4.530078096346794e-07,6,0.1875,7.39832656117235e-08,4.927215134820792,Gene
LACE1,8.302063037035623e-08,4.696356057060858e-07,4.4277669530856656e-07,6,0.1875,8.302063037035623e-08,5.656854249492381,Gene
DOPEY2,8.11055258509441e-08,4.5880213856722724e-07,5.190753654460423e-07,5,0.15625,8.110552585094409e-08,5.65685424949238,Gene
PGM3,5.981835471402519e-08,3.383837140616759e-07,2.734553358355437e-07,7,0.21875,5.981835471402518e-08,5.65685424949238,Gene
ACSS2,5.969404526240396e-08,3.3768051361202016e-07,9.551047241984634e-08,20,0.625,5.969404526240392e-08,5.656854249492377,Gene
NIPAL2,4.7854822327053625e-08,2.707077550394961e-07,1.914192893082145e-07,8,0.25,4.785482232705362e-08,5.65685424949238,Gene
AHCYL2,4.522606289469877e-08,2.558372460736865e-07,3.6180850315759017e-07,4,0.125,4.5226062894698784e-08,5.6568542494923815,Gene
FBXO18,3.515784996466209e-08,1.9888283297561426e-07,1.6072159983845529e-07,7,0.21875,3.5157849964662085e-08,5.65685424949238,Gene
TRIO,3.366288936490491e-08,1.9042605875405434e-07,1.7953540994615955e-07,6,0.1875,3.366288936490493e-08,5.656854249492384,Gene
POLI,3.121485292467696e-08,1.7657787341423852e-07,9.988752935896628e-07,1,0.03125,3.121485292467696e-08,5.656854249492381,Gene
SESTD1,3.1003786205019424e-08,1.753838997442173e-07,1.417315940800888e-07,7,0.21875,3.100378620501941e-08,5.656854249492378,Gene
TNFAIP1,2.84852337273378e-08,1.611368154582745e-07,1.139409349093512e-07,8,0.25,2.84852337273378e-08,5.656854249492381,Gene
DHRS12,2.8425029441336847e-08,1.6079624858717235e-07,4.5480047106138954e-07,2,0.0625,2.8425029441336843e-08,5.65685424949238,Gene
AP4S1,2.8214211411636825e-08,1.5960368171999422e-07,1.504757941953964e-07,6,0.1875,2.8214211411636828e-08,5.6568542494923815,Gene
SAMD12,2.252552810944053e-08,1.2742362940794877e-07,3.6040844975104847e-07,2,0.0625,2.2525528109440536e-08,5.656854249492382,Gene
SS18L1,2.0665309463652193e-08,1.16900643656536e-07,9.446998611955288e-08,7,0.21875,2.066530946365219e-08,5.65685424949238,Gene
IQCE,1.8159679981977206e-08,1.0272666287546947e-07,1.4527743985581765e-07,4,0.125,1.8159679981977206e-08,5.656854249492381,Gene
RHBDD3,1.719964792812334e-08,6.867026308273161e-08,4.2337594899995914e-08,13,0.40625,1.2139302172915937e-08,3.9925388804295276,Gene
FAM58A,1.608339594838526e-08,9.098142671689172e-08,2.5733433517416415e-07,2,0.0625,1.6083395948385263e-08,5.656854249492382,Gene
MFSD9,1.2587939579589147e-08,7.12081395031522e-08,6.713567775780878e-08,6,0.1875,1.2587939579589147e-08,5.656854249492381,Gene
ZNF566,1.2044312214243291e-08,6.813291873135513e-08,1.284726636185951e-07,3,0.09375,1.2044312214243288e-08,5.656854249492379,Gene
ECI1,9.158519276297739e-09,5.180840868718274e-08,3.6634077105190954e-08,8,0.25,9.158519276297739e-09,5.656854249492381,Gene
HIST1H2BN,0.0,0.0,0.0,11,0.34375,0.0,,Gene
ARHGAP22,0.0,0.0,0.0,10,0.3125,0.0,,Gene
MOSPD1,0.0,0.0,0.0,10,0.3125,0.0,,Gene
NENF,0.0,0.0,0.0,10,0.3125,0.0,,Gene
ALYREF,0.0,0.0,0.0,9,0.28125,0.0,,Gene
MCU,0.0,0.0,0.0,8,0.25,0.0,,Gene
PTCH1,0.0,0.0,0.0,8,0.25,0.0,,Gene
SPRY1,0.0,0.0,0.0,8,0.25,0.0,,Gene
TRPM4,0.0,0.0,0.0,8,0.25,0.0,,Gene
ZC2HC1A,0.0,0.0,0.0,8,0.25,0.0,,Gene
ZFHX3,0.0,0.0,0.0,8,0.25,0.0,,Gene
ENTPD5,0.0,0.0,0.0,7,0.21875,0.0,,Gene
PUS7,0.0,0.0,0.0,7,0.21875,0.0,,Gene
DPCD,0.0,0.0,0.0,6,0.1875,0.0,,Gene
HSBP1L1,0.0,0.0,0.0,6,0.1875,0.0,,Gene
PGRMC2,0.0,0.0,0.0,6,0.1875,0.0,,Gene
TAF4B,0.0,0.0,0.0,6,0.1875,0.0,,Gene
ZNF577,0.0,0.0,0.0,6,0.1875,0.0,,Gene
SMPD3,0.0,0.0,0.0,5,0.15625,0.0,,Gene
TREX2,0.0,0.0,0.0,5,0.15625,0.0,,Gene
ZNF383,0.0,0.0,0.0,5,0.15625,0.0,,Gene
BFSP2,0.0,0.0,0.0,4,0.125,0.0,,Gene
DHRS7B,0.0,0.0,0.0,4,0.125,0.0,,Gene
EPHX2,0.0,0.0,0.0,4,0.125,0.0,,Gene
MDGA1,0.0,0.0,0.0,4,0.125,0.0,,Gene
PYROXD2,0.0,0.0,0.0,4,0.125,0.0,,Gene
TMEM143,0.0,0.0,0.0,4,0.125,0.0,,Gene
ZNF717,0.0,0.0,0.0,4,0.125,0.0,,Gene
AKAP1,0.0,0.0,0.0,3,0.09375,0.0,,Gene
CLEC5A,0.0,0.0,0.0,3,0.09375,0.0,,Gene
COQ10A,0.0,0.0,0.0,3,0.09375,0.0,,Gene
CXorf23,0.0,0.0,0.0,3,0.09375,0.0,,Gene
DGCR6,0.0,0.0,0.0,3,0.09375,0.0,,Gene
GINS4,0.0,0.0,0.0,3,0.09375,0.0,,Gene
NETO2,0.0,0.0,0.0,3,0.09375,0.0,,Gene
PIK3R3,0.0,0.0,0.0,3,0.09375,0.0,,Gene
PRICKLE3,0.0,0.0,0.0,3,0.09375,0.0,,Gene
RASD1,0.0,0.0,0.0,3,0.09375,0.0,,Gene
TMEM45A,0.0,0.0,0.0,3,0.09375,0.0,,Gene
ABHD16B,0.0,0.0,0.0,2,0.0625,0.0,,Gene
AP3M2,0.0,0.0,0.0,2,0.0625,0.0,,Gene
C19orf47,0.0,0.0,0.0,2,0.0625,0.0,,Gene
CD3EAP,0.0,0.0,0.0,2,0.0625,0.0,,Gene
HHEX,0.0,0.0,0.0,2,0.0625,0.0,,Gene
HPGD,0.0,0.0,0.0,2,0.0625,0.0,,Gene
LAMP3,0.0,0.0,0.0,2,0.0625,0.0,,Gene
NOL9,0.0,0.0,0.0,2,0.0625,0.0,,Gene
TMEM155,0.0,0.0,0.0,2,0.0625,0.0,,Gene
TMEM55A,0.0,0.0,0.0,2,0.0625,0.0,,Gene
ZNF224,0.0,0.0,0.0,2,0.0625,0.0,,Gene
ZNF527,0.0,0.0,0.0,2,0.0625,0.0,,Gene
ABCC3,0.0,0.0,0.0,1,0.03125,0.0,,Gene
ADAL,0.0,0.0,0.0,1,0.03125,0.0,,Gene
AKAP8L,0.0,0.0,0.0,1,0.03125,0.0,,Gene
AL136115.1,0.0,0.0,0.0,1,0.03125,0.0,,Gene
AQP9,0.0,0.0,0.0,1,0.03125,0.0,,Gene
B3GALNT2,0.0,0.0,0.0,1,0.03125,0.0,,Gene
C12orf42,0.0,0.0,0.0,1,0.03125,0.0,,Gene
C2,0.0,0.0,0.0,1,0.03125,0.0,,Gene
CCDC138,0.0,0.0,0.0,1,0.03125,0.0,,Gene
CCDC30,0.0,0.0,0.0,1,0.03125,0.0,,Gene
CCR2,0.0,0.0,0.0,1,0.03125,0.0,,Gene
CSF1R,0.0,0.0,0.0,1,0.03125,0.0,,Gene
CXCR6,0.0,0.0,0.0,1,0.03125,0.0,,Gene
EPAS1,0.0,0.0,0.0,1,0.03125,0.0,,Gene
FADS3,0.0,0.0,0.0,1,0.03125,0.0,,Gene
FAM72A,0.0,0.0,0.0,1,0.03125,0.0,,Gene
FTL,0.0,0.0,0.0,1,0.03125,0.0,,Gene
GALE,0.0,0.0,0.0,1,0.03125,0.0,,Gene
GATSL3,0.0,0.0,0.0,1,0.03125,0.0,,Gene
GLUD2,0.0,0.0,0.0,1,0.03125,0.0,,Gene
H3F3C,0.0,0.0,0.0,1,0.03125,0.0,,Gene
HAUS2,0.0,0.0,0.0,1,0.03125,0.0,,Gene
HIST1H3D,0.0,0.0,0.0,1,0.03125,0.0,,Gene
ICAM1,0.0,0.0,0.0,1,0.03125,0.0,,Gene
INO80B,0.0,0.0,0.0,1,0.03125,0.0,,Gene
INTS10,0.0,0.0,0.0,1,0.03125,0.0,,Gene
IRAK3,0.0,0.0,0.0,1,0.03125,0.0,,Gene
MAP4K5,0.0,0.0,0.0,1,0.03125,0.0,,Gene
MYOF,0.0,0.0,0.0,1,0.03125,0.0,,Gene
NACC1,0.0,0.0,0.0,1,0.03125,0.0,,Gene
NEB,0.0,0.0,0.0,1,0.03125,0.0,,Gene
PITPNM2,0.0,0.0,0.0,1,0.03125,0.0,,Gene
POT1,0.0,0.0,0.0,1,0.03125,0.0,,Gene
PPFIBP2,0.0,0.0,0.0,1,0.03125,0.0,,Gene
SLC35E1,0.0,0.0,0.0,1,0.03125,0.0,,Gene
STPG1,0.0,0.0,0.0,1,0.03125,0.0,,Gene
TK1,0.0,0.0,0.0,1,0.03125,0.0,,Gene
TLR4,0.0,0.0,0.0,1,0.03125,0.0,,Gene
ZNF585A,0.0,0.0,0.0,1,0.03125,0.0,,Gene
ZNF84,0.0,0.0,0.0,1,0.03125,0.0,,Gene
